Image_ID,PredictionString
1,0.358980 1036.61 57.32 115.63 79.83 0 0.321801 679.26 447.90 100.81 67.94 0 0.314765 860.30 143.79 82.91 44.95 0 0.286374 1080.59 96.36 74.78 44.55 0 0.283801 1267.97 209.61 72.93 63.43 0 0.269098 1262.73 202.81 81.60 46.53 0 0.263491 1160.34 702.76 44.70 38.15 0 0.263002 1803.94 716.15 46.85 36.40 0 0.262437 1092.67 920.07 56.92 40.31 0 0.261956 538.80 528.18 37.17 39.46 0 0.257688 583.98 199.32 94.56 50.20 0 0.257376 1074.74 26.66 44.11 52.14 0 0.255270 1080.81 46.46 59.09 44.80 0
2,0.669039 759.37 688.70 44.91 42.68 0 0.648674 673.67 670.96 63.38 55.52 0 0.610541 759.53 681.00 44.92 40.08 0 0.559739 644.24 509.84 78.86 66.04 0 0.549950 333.43 685.86 74.77 51.02 0 0.515978 326.93 681.02 55.47 60.03 0 0.503128 643.97 669.46 73.64 57.64 0 0.486234 678.50 684.08 59.70 43.72 0 0.477538 252.34 413.61 49.86 35.89 0 0.475633 360.62 693.71 56.25 48.21 0 0.404188 716.67 385.93 73.85 39.96 0 0.403016 714.89 397.15 72.48 55.06 0 0.402144 354.97 678.32 55.92 40.95 0 0.398668 696.56 431.34 66.30 35.54 0 0.387902 272.09 368.42 58.50 31.07 0 0.381645 330.70 679.70 72.30 39.73 0 0.366327 405.50 403.53 70.56 51.75 0 0.363171 760.79 688.90 53.82 50.00 0 0.342692 642.15 509.92 80.22 45.99 0 0.341531 323.16 566.80 48.48 48.39 0 0.341310 1077.95 735.33 65.85 32.71 0 0.332282 263.59 382.63 57.81 47.01 0 0.329052 314.96 568.02 38.87 45.09 0 0.328532 756.74 295.13 39.97 34.43 0 0.325972 701.11 671.09 43.77 55.51 0 0.318317 326.08 561.12 65.94 53.29 0 0.310997 325.08 676.01 56.06 47.06 0 0.303523 321.89 248.19 52.95 30.65 0 0.294852 251.31 434.94 47.12 40.56 0 0.293413 765.15 684.08 48.78 36.55 0 0.291161 634.63 685.22 48.56 50.20 0 0.291006 319.54 560.19 52.45 38.80 0 0.285418 799.22 198.19 46.45 42.76 0 0.284536 1762.14 774.91 39.12 34.31 0 0.280285 681.87 363.95 97.35 55.36 0 0.269922 1077.70 741.55 39.23 28.36 0 0.264896 995.32 734.19 43.67 33.64 0 0.263708 486.05 181.32 37.52 34.74 0 0.252856 502.37 558.03 61.21 42.19 0 0.252003 702.16 688.24 41.36 44.18 0 0.250695 1477.85 945.14 43.69 36.49 0
3,
4,0.449211 1095.53 70.62 36.43 27.79 0 0.401193 1098.28 74.69 33.06 33.21 0 0.356217 917.85 70.01 41.73 25.33 0 0.297283 1100.70 72.39 39.37 27.25 0 0.285237 1076.00 62.89 30.23 36.71 0 0.283143 1074.93 62.00 52.77 27.15 0 0.254477 908.79 66.00 29.81 27.95 0
5,0.377282 546.88 275.58 27.71 22.32 0 0.365122 1239.16 674.11 40.79 28.16 0 0.318558 1249.57 675.90 34.54 22.24 0 0.292631 827.43 220.01 37.13 28.39 0 0.291318 497.00 674.28 30.72 27.78 0
6,0.362269 781.83 526.97 25.52 26.04 0 0.360240 1259.64 674.24 35.39 25.45 0 0.345730 547.46 273.42 23.51 23.57 0 0.327439 871.67 23.77 33.61 29.33 0 0.313778 321.30 670.03 42.85 28.86 0 0.259282 604.62 651.79 36.72 28.65 0 0.253726 982.17 91.40 31.78 24.16 0
7,0.387526 838.07 912.67 60.48 33.07 0 0.313653 1142.65 485.27 58.42 41.55 0 0.294656 1525.37 509.07 39.41 33.98 0 0.294251 1589.55 386.66 61.40 42.14 0 0.287975 1233.12 485.17 38.29 34.30 0 0.287190 829.87 970.44 66.78 35.19 0 0.284648 158.58 877.82 78.89 52.49 0 0.284178 830.47 935.21 71.91 46.81 0 0.264324 170.45 857.99 67.68 56.39 0 0.262764 973.00 657.62 31.56 33.54 0
8,0.417156 1494.49 522.51 65.40 44.57 0 0.400994 1673.48 1039.29 71.19 40.71 0 0.381334 1493.49 500.94 77.22 64.86 0 0.360196 927.42 449.39 45.53 34.49 0 0.340016 833.74 437.42 67.46 38.20 3 0.324245 956.58 440.10 69.55 39.86 0 0.312736 1690.87 658.30 46.50 37.63 0 0.312058 595.30 561.49 65.56 37.58 0 0.307940 1695.35 666.04 45.72 47.16 0 0.306997 1623.07 1036.66 62.42 41.88 0 0.285498 1345.67 623.72 56.73 30.05 0 0.282353 938.30 437.20 71.67 51.77 0 0.273380 812.15 624.62 44.77 33.48 0 0.271254 923.83 439.78 46.50 38.13 0 0.268598 1298.14 600.09 66.12 47.32 0 0.258066 588.74 562.33 71.27 57.79 0 0.252557 815.24 420.43 76.26 54.84 3
9,0.582687 383.05 857.31 58.29 52.30 0 0.517996 87.93 809.12 65.09 43.28 0 0.500692 649.35 339.62 61.56 32.96 0 0.483743 81.61 797.32 60.51 64.31 0 0.421048 854.40 432.30 46.96 28.46 0 0.418323 323.17 482.56 38.61 44.15 0 0.416407 76.18 691.06 53.92 47.55 0 0.408257 329.39 878.27 74.78 56.29 0 0.387725 378.16 880.99 70.20 41.05 0 0.385335 345.42 874.23 91.00 61.09 0 0.372034 251.11 464.18 54.60 36.33 0 0.366423 351.37 850.06 89.63 42.88 0 0.361807 287.75 730.05 74.43 59.60 0 0.359236 62.17 690.23 49.34 50.53 0 0.354226 259.98 466.36 68.29 60.16 0 0.319522 336.47 865.11 74.22 50.35 0 0.316695 322.10 864.98 68.03 65.68 0 0.312867 320.08 882.07 66.82 55.06 0 0.303497 252.25 461.08 73.91 38.55 0 0.295215 339.35 891.53 94.99 50.77 0 0.293698 847.75 415.31 51.11 41.54 0 0.293692 352.75 857.34 87.10 52.46 0 0.280848 280.56 466.27 75.83 61.32 0 0.277705 436.10 1029.41 43.52 46.66 0 0.275417 249.71 737.96 48.05 50.63 0 0.274428 475.07 391.92 54.49 38.50 0 0.272053 276.60 466.31 74.20 41.51 0 0.271420 248.30 723.09 50.91 45.74 0 0.267343 495.49 997.34 48.01 57.09 0 0.265925 1057.44 902.25 79.42 54.26 0 0.265795 151.58 534.57 36.55 39.31 0 0.259732 74.65 798.25 67.14 43.03 0 0.259679 66.00 672.45 47.77 52.70 0 0.259075 312.21 762.73 78.63 56.31 0 0.256478 330.48 843.81 100.38 59.70 0 0.255965 842.01 392.51 47.32 63.93 0 0.254501 1113.71 367.00 43.29 35.09 0 0.252912 329.42 891.36 58.76 54.72 0 0.250455 233.18 719.69 58.07 59.48 0
10,0.413219 1076.84 62.96 28.92 36.77 0 0.397220 1095.81 71.39 36.99 28.02 0 0.384134 1098.80 76.05 33.42 28.97 0 0.334723 717.10 538.42 27.20 24.65 0 0.309600 919.37 69.54 44.99 25.79 0 0.278745 1105.57 73.98 34.72 26.00 0
11,0.259393 1285.30 395.00 34.22 30.24 0
12,0.336355 574.38 656.21 43.29 22.87 0 0.323974 1266.20 523.65 30.26 29.18 0 0.319366 1250.73 678.95 35.32 24.99 0 0.307694 785.54 541.56 21.13 24.45 0 0.305859 589.47 190.98 34.54 24.60 0 0.291532 1112.28 390.34 30.10 25.11 0 0.273718 830.28 235.15 32.90 20.95 0
13,0.445905 1093.16 69.08 39.71 29.17 0 0.369824 1087.55 60.27 41.60 25.88 0 0.318883 919.90 72.46 44.77 25.68 0 0.318493 901.45 677.06 24.59 24.43 0 0.288460 649.83 83.56 30.24 21.10 0 0.280434 413.77 171.02 30.47 24.45 0 0.278340 1074.12 52.49 32.76 33.22 0 0.266867 914.06 63.04 41.61 26.94 0
14,0.434249 477.96 120.17 29.45 22.64 0 0.303008 465.76 114.42 36.91 29.14 0 0.274962 154.59 95.35 31.99 32.78 0 0.254765 567.00 155.16 23.24 24.95 0 0.254186 598.86 350.60 29.15 26.95 0
15,0.774888 783.36 714.54 41.75 50.00 0 0.674906 671.87 706.74 73.00 59.12 0 0.484100 822.50 238.24 48.40 41.51 0 0.477499 345.10 587.14 53.06 45.53 0 0.474473 597.24 305.80 65.87 49.58 0 0.449660 704.16 706.20 48.88 60.31 0 0.434655 702.01 703.87 52.07 45.49 0 0.430087 536.54 595.22 50.59 49.12 0 0.413633 567.99 313.80 46.31 42.34 0 0.388200 671.06 549.38 74.15 52.40 0 0.381729 539.67 576.51 50.51 46.63 0 0.378953 782.84 705.19 39.68 35.46 0 0.372678 510.98 711.98 56.86 56.29 0 0.357945 1674.41 679.17 41.19 38.33 0 0.352829 579.78 313.41 50.98 38.59 0 0.348754 1865.40 486.76 30.65 33.66 0 0.344841 680.32 548.16 84.70 57.95 0 0.332579 708.53 334.11 48.63 46.29 0 0.320780 785.36 338.11 35.70 36.41 0 0.318020 348.67 590.20 86.42 42.36 0 0.304525 298.31 430.72 41.13 35.41 0 0.299452 672.50 552.97 103.11 61.46 0 0.289521 740.84 415.48 71.02 39.64 0 0.288853 759.53 700.98 57.44 65.29 0 0.282187 347.43 596.18 54.20 48.65 0 0.280499 310.94 385.83 51.07 42.77 0 0.272375 707.24 545.51 88.72 56.80 0 0.271943 1692.70 821.00 48.78 36.32 0 0.271060 299.89 417.45 44.75 37.22 0 0.270720 819.86 225.63 49.81 44.48 0 0.270717 541.32 313.06 54.57 49.09 0 0.264966 640.72 322.71 46.27 42.12 0 0.258805 707.53 326.24 47.98 35.28 0 0.256932 636.34 549.65 106.79 65.94 0 0.255854 740.53 449.59 69.03 51.70 0 0.252206 1668.18 543.36 40.87 31.94 0
16,0.575774 1215.92 581.55 65.38 48.38 0 0.518711 464.13 843.46 69.44 46.88 0 0.473960 245.57 12.96 57.25 52.51 0 0.436583 1238.59 604.62 66.95 48.42 0 0.429828 1554.59 725.57 63.07 45.62 0 0.409281 451.43 878.01 70.17 44.19 0 0.407308 983.26 426.90 57.59 40.85 0 0.401669 480.99 830.50 88.93 49.78 0 0.387941 1334.44 698.55 66.53 43.56 0 0.373933 230.25 0.00 61.19 48.85 0 0.367638 48.40 15.37 67.87 63.69 0 0.357642 231.60 0.00 65.32 39.51 0 0.356207 1192.72 559.62 72.23 46.03 0 0.350740 57.22 18.58 93.88 65.43 0 0.349731 1513.47 697.96 77.44 43.52 0 0.347634 1265.15 628.86 66.86 54.29 0 0.345089 456.61 851.29 70.90 57.79 0 0.341155 1533.53 534.41 51.41 38.44 0 0.337767 1470.81 626.46 62.17 33.70 0 0.331980 614.13 350.79 44.66 47.90 0 0.331239 469.37 849.01 65.64 54.17 0 0.329010 159.78 939.14 64.12 39.47 0 0.324039 1033.57 406.37 57.21 40.70 0 0.321967 113.33 109.75 80.30 53.41 0 0.302175 341.19 758.93 54.98 49.45 0 0.277437 154.84 937.84 49.63 34.99 0 0.276032 193.69 999.83 75.43 54.49 0 0.275162 1565.09 740.19 53.98 34.85 0 0.273268 27.44 13.05 78.68 64.84 0 0.268721 343.69 745.24 72.58 50.42 0 0.267895 1422.56 553.78 58.32 38.03 0 0.267381 992.02 414.23 54.32 42.95 0 0.265520 1530.94 705.89 77.79 58.33 0 0.265273 1317.74 697.75 62.85 41.46 0 0.263568 1413.75 815.49 64.80 42.20 0 0.259193 157.39 130.12 82.39 54.30 0 0.256342 389.44 937.76 62.12 36.42 0 0.253597 44.20 30.10 118.50 69.19 0 0.251445 122.44 105.69 97.75 60.76 0 0.250985 24.43 6.17 69.20 50.65 0
17,0.491563 964.97 801.39 53.57 44.85 0 0.449991 993.85 802.47 44.70 43.04 0 0.446607 893.68 997.59 54.24 58.64 0 0.417930 927.14 771.43 63.57 49.89 0 0.417636 855.81 987.78 77.54 66.59 0 0.405024 1111.78 690.06 47.48 49.48 0 0.391687 679.97 649.90 49.53 44.58 0 0.389943 1206.45 313.84 54.44 31.64 0 0.382185 998.41 813.99 42.15 30.71 0 0.378280 1115.92 721.27 43.58 31.93 0 0.372210 888.84 990.99 52.63 45.63 0 0.360954 1076.65 697.97 61.74 43.50 0 0.359532 1176.22 145.34 61.23 29.44 0 0.343405 1191.17 1006.78 38.57 36.69 0 0.334599 978.08 814.07 42.72 28.94 0 0.318172 1081.48 712.40 63.11 40.93 0 0.309042 916.33 762.64 35.17 40.81 0 0.308938 831.00 971.20 69.12 47.25 0 0.306210 1208.80 302.18 59.65 37.77 0 0.302688 914.53 748.24 38.67 46.22 0 0.291729 977.29 895.37 69.07 38.25 0 0.285022 1191.79 316.01 64.20 40.31 0 0.283221 976.32 895.92 68.89 61.53 0 0.280302 1169.25 997.10 47.92 50.67 0 0.273640 920.74 764.79 60.99 46.59 0 0.266015 748.37 670.47 60.74 49.64 0 0.265031 869.52 1015.85 67.44 46.07 0 0.260935 927.42 758.23 61.69 30.48 0 0.253446 1056.94 698.03 38.43 43.76 0 0.252143 835.03 985.10 75.92 47.13 0
18,0.294664 593.20 204.43 31.96 26.52 0
19,0.497740 1571.38 599.40 47.60 31.40 0 0.457527 1594.58 295.40 43.78 46.31 0 0.409632 1129.89 381.76 56.62 43.93 0 0.396754 1553.26 273.43 61.78 44.84 0 0.377391 1568.53 585.04 48.13 35.51 0 0.374531 1139.49 246.95 35.47 34.95 0 0.354297 922.22 391.74 50.29 38.12 0 0.353586 1674.11 700.49 49.08 33.29 0 0.351733 1665.86 600.22 45.10 26.21 0 0.338124 935.99 393.56 53.52 38.84 0 0.335269 1596.50 311.51 42.72 41.77 0 0.322798 1562.98 400.01 66.19 55.92 0 0.318873 901.86 390.82 46.96 42.55 0 0.300318 1106.96 382.90 65.42 45.36 0 0.296120 816.58 404.78 60.88 45.81 0 0.289454 1582.80 436.89 61.86 39.36 0 0.288660 1562.83 292.14 59.19 45.01 0 0.287991 1547.63 273.68 46.69 42.23 0 0.287910 837.57 402.29 54.39 48.22 0 0.283710 1553.71 591.15 53.75 45.17 0 0.279570 1659.22 559.65 58.51 36.50 0 0.272571 1550.03 281.58 45.61 50.42 0 0.270556 1086.23 246.83 47.49 41.08 0 0.270177 655.11 289.91 61.41 30.92 0 0.263895 413.47 1017.88 65.58 31.20 0 0.263677 834.31 624.48 49.81 40.01 0 0.259553 1718.67 147.84 48.71 32.46 0 0.256697 1563.05 619.98 66.99 46.00 0 0.250973 1001.92 240.55 34.36 45.52 0
20,0.342025 1151.87 255.30 26.33 25.63 0 0.318332 1286.25 608.29 30.43 26.22 0 0.258397 845.17 307.79 30.66 24.25 0
21,0.379189 1288.67 339.93 34.03 27.84 0 0.276471 568.89 521.46 37.64 24.28 0 0.276335 1292.16 501.60 30.32 32.02 0 0.253723 925.18 568.12 26.66 32.79 0
22,0.519311 700.26 295.25 63.18 51.32 0 0.370886 805.04 416.26 45.13 36.52 0 0.368906 455.21 431.68 55.97 46.68 0 0.328102 1588.94 247.76 45.74 34.64 0 0.326112 728.99 296.35 92.90 41.92 0 0.293668 778.86 413.51 64.19 40.81 0 0.289188 1361.54 4.71 42.56 43.21 0 0.272934 1090.51 445.22 59.29 34.15 0 0.261753 808.05 413.09 54.13 40.40 0 0.261276 1789.81 583.08 43.00 35.99 0 0.258101 1665.91 458.84 56.18 32.74 0
23,0.502804 350.39 618.92 83.87 62.04 0 0.501100 335.43 619.40 60.35 52.49 0 0.426513 374.79 759.69 76.70 56.89 0 0.402650 455.27 932.51 65.87 48.32 0 0.398551 1186.02 674.32 42.32 40.14 0 0.398527 334.52 635.32 66.72 57.90 0 0.396281 298.09 663.32 51.06 50.56 0 0.396018 378.13 388.55 59.77 42.35 0 0.390630 255.35 1004.25 78.16 54.72 0 0.383901 382.47 663.44 72.38 51.02 0 0.382411 364.20 375.46 64.22 56.51 0 0.377561 1365.17 637.18 64.40 35.87 0 0.373588 402.36 648.72 64.26 40.83 0 0.361665 309.17 626.26 75.18 50.91 0 0.360151 1183.36 585.37 63.21 31.43 0 0.327634 1313.45 50.59 31.62 36.32 0 0.320123 414.63 915.55 109.00 66.60 0 0.315614 1159.57 530.88 55.16 33.03 0 0.308687 408.75 605.34 53.14 39.00 0 0.307909 427.93 751.05 72.54 59.73 0 0.307381 424.02 935.30 86.02 50.95 0 0.301808 370.01 640.17 89.87 57.29 0 0.298306 1074.91 408.78 71.36 42.53 0 0.296966 314.56 656.62 71.68 48.33 0 0.290555 342.27 389.88 64.45 52.19 0 0.288142 950.18 174.76 56.44 37.31 0 0.282175 1214.27 886.39 42.05 41.83 0 0.277125 226.16 436.31 47.06 37.42 0 0.275674 379.90 749.20 82.79 59.33 0 0.274652 1205.06 581.25 43.77 39.30 0 0.273777 299.44 526.11 44.82 48.00 0 0.271889 353.86 639.11 85.04 59.39 0 0.270020 127.74 463.47 46.17 39.99 0 0.265643 15.93 972.42 52.69 60.46 0 0.263550 1167.76 672.21 49.87 40.74 0 0.261360 413.55 936.12 67.42 52.79 0 0.260495 385.79 749.10 105.79 68.64 0 0.256976 1159.90 663.52 60.32 39.61 0 0.256598 1185.17 661.01 43.85 35.27 0 0.256006 224.55 874.51 70.62 61.89 0
24,0.643310 757.81 667.38 46.64 47.55 0 0.637244 752.82 657.30 50.56 37.40 0 0.631599 804.15 191.15 41.96 46.24 0 0.603573 680.00 655.41 60.86 41.67 0 0.593282 651.17 363.68 64.15 67.52 0 0.561631 683.93 657.21 50.04 56.81 0 0.546405 662.60 363.51 75.80 42.55 0 0.519652 701.77 374.97 56.52 58.49 0 0.505086 671.93 391.46 75.69 57.67 0 0.492364 758.47 293.66 37.40 33.18 0 0.430448 618.70 281.60 45.49 42.93 0 0.399928 467.79 268.72 42.11 39.94 0 0.382596 704.30 657.49 42.45 61.45 0 0.376438 629.49 368.77 72.05 38.34 0 0.372943 727.70 379.70 60.03 48.35 0 0.371696 667.66 364.84 65.37 61.95 0 0.358998 703.59 404.28 53.32 49.42 0 0.346393 642.64 385.03 86.94 62.44 0 0.335220 191.42 536.52 52.23 35.93 0 0.330998 639.72 655.57 85.04 47.63 0 0.322588 720.38 402.43 69.10 51.10 0 0.319938 1186.07 191.45 41.44 31.08 0 0.310465 329.46 662.42 52.84 58.83 0 0.306941 191.46 70.57 42.87 44.99 0 0.295313 630.79 654.72 55.92 48.13 0 0.293073 337.18 664.91 64.37 54.53 0 0.290349 1501.72 557.64 64.90 40.65 0 0.289545 1540.63 1040.53 44.90 35.63 0 0.286368 1764.78 767.43 42.21 32.14 0 0.282956 703.14 650.28 42.52 44.81 0 0.277285 544.92 172.24 46.36 43.35 0 0.276188 261.46 386.37 56.26 37.77 0 0.275207 1409.32 936.93 30.79 33.04 0 0.274212 554.26 264.98 58.51 47.70 0 0.273331 628.46 399.39 59.07 47.55 0 0.272995 684.61 280.96 44.02 49.65 0 0.272913 635.37 662.95 43.03 56.34 0 0.267949 542.83 268.64 40.45 47.49 0 0.267498 631.19 373.57 57.29 56.07 0 0.266683 577.09 213.19 65.64 35.38 0 0.264507 333.26 660.40 68.99 34.70 0 0.262611 1718.11 767.06 41.84 29.08 0 0.261842 281.44 344.90 53.58 34.34 0 0.257867 427.01 685.70 39.65 59.61 0 0.254791 270.96 366.22 51.04 35.25 0 0.253658 646.78 364.74 67.45 37.62 0
25,0.341848 1214.41 315.68 36.12 29.03 0 0.303724 89.43 296.34 35.68 32.48 0 0.262057 1290.30 663.80 47.42 23.86 0 0.257196 65.37 537.92 33.55 30.92 0
26,0.278048 87.06 559.06 43.55 25.39 0
27,0.393915 685.21 457.82 57.28 38.18 0 0.379498 680.09 476.27 51.75 44.49 0 0.366158 656.03 499.73 58.87 46.08 0 0.285813 525.00 313.84 66.60 33.39 0 0.282151 678.15 501.81 47.19 44.56 0 0.275054 260.93 1029.85 54.42 50.15 0 0.270109 446.87 428.19 46.91 43.62 0 0.268941 13.43 220.18 31.11 29.69 0 0.260837 425.83 1057.13 35.08 22.87 0
28,0.305248 396.42 490.17 26.32 21.43 0
29,0.486914 444.14 277.04 31.67 25.30 0 0.348886 486.23 150.97 35.94 26.63 0 0.320877 437.95 272.39 32.31 31.39 0 0.319068 398.52 609.53 44.55 25.99 0 0.317002 470.53 149.60 44.94 25.10 0 0.301170 816.05 544.41 27.19 25.34 0 0.282279 108.91 107.05 33.14 26.14 0 0.279849 350.22 207.01 42.08 24.67 0 0.266695 439.81 279.38 26.95 27.38 0 0.257800 126.29 116.63 30.31 32.41 0
30,0.367526 242.21 193.68 29.72 25.62 0 0.295599 614.53 623.72 32.82 20.90 0
31,0.621769 60.88 991.61 51.93 62.80 0 0.413926 830.26 530.88 70.91 55.25 0 0.394724 1163.37 804.47 39.69 37.39 0 0.375113 862.00 575.91 63.12 46.27 0 0.350486 75.75 717.61 54.54 42.32 0 0.349114 957.72 962.12 71.20 42.40 0 0.342019 871.57 581.22 68.99 49.84 0 0.304104 62.07 994.25 74.92 59.93 0 0.274301 1630.02 381.95 56.22 51.24 0 0.271637 235.56 574.43 42.87 29.70 0 0.259870 1108.71 797.62 51.82 43.41 0 0.259607 58.89 1010.88 57.81 63.48 0 0.258155 74.83 706.08 54.15 41.77 0 0.257452 1237.65 722.56 43.71 34.46 0 0.256887 1430.39 541.52 68.08 55.14 0 0.256575 1772.35 550.25 50.78 37.75 0 0.254001 1470.22 364.51 50.97 32.50 0 0.253398 80.73 980.70 76.53 58.08 0
32,0.554332 624.20 694.03 58.03 39.27 0 0.430274 1312.16 257.38 54.67 54.80 0 0.382649 729.66 23.89 47.91 45.48 0 0.354985 547.60 634.79 74.21 50.30 0 0.342870 302.51 672.39 45.82 31.65 0 0.327970 329.18 675.99 67.76 51.41 0 0.327865 1118.46 312.07 60.03 35.86 0 0.321693 368.85 705.17 45.78 38.48 0 0.314530 790.26 993.64 62.38 44.21 0 0.288271 562.32 794.12 40.16 47.69 0 0.286356 344.35 694.89 61.71 48.15 0 0.286214 889.43 714.71 55.06 37.43 0 0.282185 294.82 666.07 40.38 41.64 0 0.278135 1021.88 891.85 48.72 31.80 0 0.260698 609.26 688.19 67.35 40.92 0 0.259622 798.19 998.96 62.83 58.63 0 0.256338 1111.31 987.93 45.62 31.91 0 0.254599 825.27 1022.27 53.46 47.16 0 0.253690 304.53 673.60 68.16 42.44 0 0.250896 915.89 669.19 54.69 45.99 0
33,0.343017 815.32 184.91 34.38 28.43 0 0.317383 1233.57 626.51 31.84 24.19 0 0.275922 741.38 102.12 32.02 25.32 0 0.273523 1223.43 623.82 36.85 30.61 0
34,0.347054 363.18 19.59 32.93 23.09 0
35,0.605449 421.28 235.48 37.45 48.09 0 0.404854 64.55 315.34 45.92 39.36 0 0.358540 143.79 335.95 42.41 37.35 0 0.349847 592.23 411.87 54.69 40.22 0 0.344014 108.16 326.62 48.35 46.66 0 0.304180 362.75 383.11 60.80 38.93 0 0.298525 264.00 1034.22 71.03 40.22 0 0.291299 255.77 1029.92 50.58 45.94 0 0.288946 275.99 1018.74 71.98 44.70 0 0.283105 1214.00 552.37 44.34 30.89 0 0.276580 730.06 282.74 54.32 44.09 0 0.271298 1503.95 600.60 39.37 34.61 0 0.255277 123.35 1000.70 59.93 59.99 0
36,0.471753 624.27 1029.49 52.78 49.85 0 0.427968 970.05 345.46 45.65 43.53 0 0.421352 1598.68 352.14 37.74 31.16 0 0.420904 446.64 850.60 48.74 38.09 0 0.381813 973.77 351.84 45.68 44.50 0 0.346680 947.76 342.55 57.68 42.79 0 0.330508 1021.55 210.63 45.04 49.06 0 0.327232 1022.19 345.62 36.11 36.77 0 0.322398 1097.64 332.31 37.65 51.51 0 0.318043 945.41 206.62 48.78 49.29 0 0.308784 678.44 241.25 53.92 38.31 0 0.308131 45.62 758.91 53.14 31.26 0 0.300025 1148.19 552.52 52.82 33.81 0 0.299140 593.06 622.62 44.75 47.95 0 0.296712 1073.02 329.56 38.17 53.22 0 0.292963 1598.97 373.03 47.07 58.91 0 0.286075 1115.69 337.79 56.68 46.05 0 0.278423 1312.09 266.91 30.62 38.53 0 0.277531 1602.05 357.92 36.16 29.77 0 0.274838 586.80 480.90 46.87 33.44 0 0.273990 631.04 1043.57 49.00 32.62 0 0.264790 1124.09 328.47 61.96 41.78 0 0.263140 638.40 345.26 43.73 37.35 0 0.262729 437.93 855.96 42.49 55.39 0 0.262046 1145.32 338.82 55.07 40.62 0 0.258858 588.29 466.17 74.24 37.12 0 0.250418 922.22 354.27 51.54 45.58 0
37,0.267645 1218.34 46.62 29.19 34.70 0
38,0.587009 110.25 419.66 43.41 34.80 0 0.555050 424.64 901.35 73.03 46.89 0 0.532527 5.48 929.10 57.14 50.90 0 0.515620 407.42 899.90 78.04 58.61 0 0.466647 427.51 885.93 74.11 51.08 0 0.444099 162.43 407.91 39.38 45.57 0 0.440264 537.55 861.55 49.40 49.31 0 0.425517 7.02 916.52 89.82 54.32 0 0.425441 1159.21 500.08 69.34 36.43 0 0.418482 1163.60 495.24 69.93 34.08 0 0.403480 225.71 393.86 40.26 38.22 0 0.388949 389.28 726.77 103.78 62.39 0 0.381219 1103.88 411.91 64.91 35.85 0 0.374068 115.09 422.13 38.41 50.59 0 0.373984 1078.23 370.09 64.29 30.20 0 0.333655 377.39 733.30 82.38 57.51 0 0.333191 1090.81 379.59 60.37 44.74 0 0.325508 1153.98 485.17 63.59 43.52 0 0.321925 99.37 420.99 36.91 55.85 0 0.320722 556.95 277.40 53.84 31.60 0 0.319887 1166.21 503.51 70.54 36.11 0 0.316470 299.59 484.61 40.07 39.74 0 0.314273 10.66 925.04 83.45 53.12 0 0.312910 126.76 423.56 44.16 47.84 0 0.309185 208.88 402.76 42.42 41.19 0 0.305165 340.59 355.09 52.45 50.35 0 0.304917 249.85 995.76 55.51 48.93 0 0.303934 331.97 349.34 45.38 56.80 0 0.299590 57.31 570.17 47.80 45.55 0 0.293953 38.11 917.80 68.76 47.09 0 0.287693 1142.51 465.67 73.28 42.94 0 0.287636 206.15 393.37 52.05 39.15 0 0.278398 118.02 414.23 46.70 41.60 0 0.277078 51.54 560.00 53.10 40.49 0 0.276834 449.72 884.18 60.81 54.34 0 0.274013 545.64 868.13 53.13 43.38 0 0.270446 1114.83 617.94 41.78 46.28 0 0.270221 184.41 407.61 35.80 44.08 0 0.264744 97.45 411.75 51.16 51.44 0 0.256583 1095.70 388.41 66.69 42.11 0
39,0.627782 334.97 652.59 64.66 42.96 0 0.500182 736.40 605.03 56.79 38.10 0 0.494609 682.35 376.73 60.83 37.68 0 0.482934 696.56 756.97 53.09 61.85 0 0.480753 705.96 368.77 45.49 41.36 0 0.446471 256.09 529.29 59.06 43.25 0 0.405191 669.01 364.95 77.41 46.65 0 0.398634 351.95 646.50 61.52 49.94 0 0.393177 486.21 755.52 82.25 61.91 0 0.386105 693.84 600.17 75.33 50.87 0 0.369430 1787.77 888.90 44.55 34.97 0 0.366345 708.72 602.43 90.11 43.73 0 0.357749 709.71 455.16 75.86 45.94 0 0.343557 565.73 264.66 48.28 45.71 0 0.342263 761.20 765.98 52.62 52.97 0 0.334394 331.62 638.06 66.99 47.53 0 0.334013 205.23 631.00 46.93 37.95 0 0.327911 330.87 645.11 57.26 53.96 0 0.322495 318.99 629.52 78.58 59.85 0 0.316971 718.98 368.50 66.93 44.01 0 0.315656 275.02 488.58 51.17 31.00 0 0.312371 343.15 661.76 55.47 35.59 0 0.300667 665.56 751.88 84.28 49.96 0 0.292425 674.46 605.22 79.47 50.15 0 0.286041 1496.28 810.71 50.89 30.43 0 0.286017 627.69 359.75 64.20 47.99 0 0.284400 667.06 768.04 84.11 56.37 0 0.281841 822.15 270.72 44.27 41.28 0 0.277365 510.94 262.74 47.86 40.33 0 0.272601 642.11 367.12 72.74 42.05 0 0.261420 781.20 781.73 42.74 43.97 0 0.261103 709.54 601.28 87.10 61.79 0 0.259381 1000.71 265.78 55.68 30.76 0 0.257165 1793.16 889.33 55.79 40.03 0 0.256128 1515.84 675.74 65.65 32.49 0 0.255869 995.61 265.81 49.49 25.20 0 0.255726 1741.05 886.97 43.63 32.95 0 0.254474 674.67 479.82 86.53 57.82 0
40,0.607831 499.72 215.31 58.27 37.26 0 0.418668 1453.26 602.87 48.01 35.50 0 0.395849 783.02 591.12 44.34 41.94 0 0.367633 678.00 436.73 51.87 63.84 0 0.359163 490.20 216.14 43.43 31.09 0 0.312907 355.99 470.56 62.13 54.57 0 0.307860 648.33 442.01 66.32 56.17 0 0.299789 796.31 122.15 61.56 44.23 0 0.299565 612.40 125.05 37.66 42.64 0 0.290316 1095.71 629.35 49.76 36.30 0 0.288608 1802.44 26.14 47.44 33.62 0 0.286969 705.07 592.75 52.66 41.95 0 0.276753 493.14 115.31 44.65 37.30 0 0.272464 562.71 218.06 46.18 41.83 0 0.272258 697.88 222.34 54.43 40.15 0 0.267244 750.13 327.98 52.68 52.74 0 0.255792 1016.44 632.55 42.38 34.35 0 0.254721 540.41 306.69 76.81 48.98 0
41,
42,0.289632 594.30 205.46 31.60 25.89 0
43,0.785984 553.65 478.61 60.63 47.34 0 0.678345 738.21 348.48 71.89 35.74 0 0.551027 406.39 382.28 58.83 46.28 0 0.550116 750.38 348.92 60.08 50.90 0 0.531293 727.00 476.87 51.90 34.98 0 0.527962 509.28 149.72 46.35 41.57 0 0.511357 716.97 467.06 63.98 38.04 0 0.507922 394.46 374.83 52.33 39.28 0 0.435764 724.21 232.51 59.08 54.42 0 0.434963 734.10 326.16 83.07 39.62 0 0.431460 703.17 317.99 104.42 57.23 0 0.425888 809.12 474.76 38.76 38.98 0 0.412314 398.85 372.23 72.69 38.96 0 0.403678 731.16 262.36 55.73 33.68 0 0.398860 804.96 467.28 40.32 34.06 0 0.398356 436.81 371.84 49.36 54.42 0 0.396634 710.47 462.15 57.75 49.28 0 0.390419 573.08 479.79 57.98 44.63 0 0.378812 741.79 230.20 64.96 57.55 0 0.371088 382.83 364.92 49.02 51.05 0 0.367806 686.28 465.05 49.46 55.67 0 0.361781 766.82 355.90 47.32 45.61 0 0.359334 708.37 339.59 57.41 54.33 0 0.355974 701.34 221.72 65.87 48.28 0 0.348425 736.38 224.03 70.70 33.20 0 0.342882 710.54 345.67 92.10 40.25 0 0.325751 396.33 384.12 48.73 43.21 0 0.307416 1620.51 297.76 35.04 31.11 0 0.296909 514.82 238.82 43.72 49.27 0 0.290452 694.44 465.28 72.47 37.70 0 0.287991 1618.00 1038.50 41.36 34.13 0 0.286811 751.66 473.32 37.88 45.53 0 0.278408 560.63 362.09 53.35 45.09 0 0.277865 562.15 389.99 54.04 33.25 0 0.273421 684.35 337.60 61.66 46.78 0 0.273230 749.02 462.06 41.54 43.40 0 0.272316 387.55 378.66 41.29 49.66 0 0.271736 707.68 236.39 47.54 47.71 0 0.270968 713.82 255.94 46.10 41.71 0 0.270891 1664.82 532.46 49.40 27.78 0 0.268449 686.53 459.78 58.10 43.70 0 0.264182 548.23 358.98 46.65 51.72 0 0.262841 1327.31 333.87 43.10 35.61 0 0.262823 1673.86 976.02 65.90 49.50 0 0.260045 559.46 224.92 57.21 39.88 0 0.256078 740.64 262.78 64.62 41.99 0 0.253798 400.16 400.63 44.81 33.32 0
44,0.262013 96.97 323.44 45.46 24.00 0 0.255442 83.27 439.50 52.88 30.13 0
45,0.555070 1099.17 74.38 31.48 34.33 0 0.440851 1096.14 70.28 35.09 27.94 0 0.408332 1077.61 62.06 28.01 37.66 0 0.349792 1102.83 72.68 37.18 26.14 0 0.293377 716.42 535.98 28.91 29.15 0 0.292613 1082.37 67.32 44.95 32.09 0
46,0.772990 1164.59 96.53 48.78 34.22 0 0.655916 1080.07 85.25 69.84 47.71 0 0.588173 1144.29 92.42 43.38 36.39 0 0.506414 1116.39 88.00 37.32 42.97 0 0.505168 1142.22 223.01 48.93 42.56 0 0.456731 1072.99 91.20 38.56 43.59 0 0.400436 1636.04 239.06 46.25 34.87 0 0.376812 1154.16 223.77 71.26 38.14 0 0.371501 1157.47 90.08 59.93 38.50 0 0.364791 1175.23 97.72 60.09 36.86 0 0.363338 1190.75 96.59 56.39 36.64 0 0.361103 709.12 1036.36 49.28 35.52 0 0.344542 1000.73 236.66 38.31 36.58 0 0.325115 1053.76 227.21 63.49 38.26 0 0.313622 919.67 229.34 47.30 56.32 0 0.313394 986.20 81.29 64.00 39.37 0 0.304603 712.99 888.67 64.99 34.38 0 0.303203 518.24 799.11 55.71 25.75 0 0.294358 518.62 749.21 63.51 26.47 0 0.294267 325.88 578.20 81.80 39.04 0 0.292984 1172.39 222.41 56.81 37.46 0 0.291736 1621.00 229.28 50.13 47.54 0 0.289457 367.85 579.69 45.77 38.45 0 0.285358 1788.33 6.18 42.55 31.42 0 0.284355 1600.56 415.53 66.41 64.17 0 0.284218 1043.80 230.11 44.98 40.51 0 0.274373 133.20 603.81 57.77 35.08 0 0.271837 1617.08 427.31 57.57 46.48 0 0.266914 894.00 233.12 54.66 54.11 0 0.266068 110.72 604.54 57.85 36.57 0 0.265155 518.48 686.92 50.53 37.44 0 0.259533 698.30 577.31 54.57 35.39 0 0.259502 690.14 477.66 56.74 40.50 0 0.259230 992.91 231.62 56.34 39.23 0 0.258349 706.45 1019.17 55.31 34.81 0 0.255280 114.78 608.28 69.61 29.18 0 0.254848 695.30 461.11 54.54 38.83 0 0.252827 1001.90 79.65 60.18 60.54 0
47,0.250022 131.90 22.12 42.24 23.36 0
48,0.347515 99.49 471.93 36.47 21.52 0 0.341683 1281.24 222.31 28.93 25.82 0 0.266488 98.54 459.74 40.66 24.76 0
49,0.611710 829.52 238.40 35.35 25.96 0 0.511236 830.37 246.07 35.92 26.68 0 0.396233 569.54 676.16 52.17 21.54 0 0.393050 829.88 227.67 36.05 26.30 0 0.378357 582.38 675.82 48.08 26.56 0 0.378295 749.70 141.23 29.78 29.78 0 0.347210 599.45 677.18 39.05 27.99 0 0.342814 563.98 676.50 40.89 24.22 0 0.329875 826.58 229.96 35.20 38.41 0 0.299170 609.00 145.59 46.26 32.82 0 0.288951 746.32 138.61 31.91 25.86 0 0.282023 582.16 205.35 31.25 20.99 0 0.272378 585.06 203.59 38.60 22.98 0 0.271918 874.61 47.40 32.03 23.74 0 0.267348 817.97 219.40 44.78 41.43 0 0.265658 547.41 294.47 25.24 24.42 0 0.262248 615.72 141.60 43.93 26.37 0 0.256709 757.94 144.07 34.55 32.55 0
50,0.536908 381.10 615.55 43.06 36.13 0 0.449457 453.31 157.17 35.11 25.88 0 0.415113 376.74 610.88 41.00 39.01 0 0.400566 320.52 215.84 36.47 24.59 0 0.357911 371.43 613.05 31.42 37.44 0 0.346322 647.79 404.99 26.25 22.96 0 0.340944 379.30 610.90 41.61 25.15 0 0.340094 414.67 155.78 36.92 30.08 0 0.328888 431.67 156.72 32.82 37.04 0 0.320557 410.85 288.37 35.31 23.86 0 0.300180 438.41 156.11 39.74 25.41 0 0.289779 458.44 159.10 30.36 34.31 0 0.277158 309.76 213.35 38.81 28.15 0 0.268845 639.54 402.42 28.31 29.90 0 0.257068 804.45 122.54 25.43 27.70 0 0.252072 317.48 212.19 38.79 23.60 0
51,0.357751 549.89 294.03 24.27 25.66 0 0.310945 829.60 239.01 36.36 25.00 0 0.310243 616.81 140.71 43.32 26.70 0 0.291794 610.08 142.92 45.32 37.20 0 0.274313 984.79 105.20 31.28 25.77 0 0.255935 599.67 676.57 39.48 28.06 0 0.254558 587.38 203.96 36.28 23.32 0 0.252752 584.12 204.43 31.30 23.52 0
52,0.311560 1072.52 172.03 24.43 25.28 0 0.302460 1264.84 459.01 33.49 28.03 0 0.266188 434.95 33.80 28.58 25.53 0
53,0.355603 1278.90 114.60 39.67 29.86 0 0.288520 1137.82 642.02 24.97 25.89 0 0.256957 1292.21 107.89 33.88 27.32 0
54,0.664766 331.95 628.66 66.60 66.23 0 0.596845 401.91 650.77 57.46 36.43 0 0.533307 226.12 456.79 46.39 37.09 0 0.516404 300.13 645.96 49.48 47.26 0 0.510346 336.67 408.55 58.03 46.86 0 0.502466 369.94 633.24 60.99 61.10 0 0.470527 306.98 646.32 64.86 45.07 0 0.465721 444.43 939.52 59.03 57.65 0 0.422644 367.27 625.68 50.97 37.58 0 0.406404 332.67 423.63 40.86 43.91 0 0.394485 311.77 636.40 66.38 45.12 0 0.392841 369.68 658.40 66.32 55.09 0 0.384723 200.22 456.93 62.87 40.98 0 0.382032 387.52 415.58 49.32 37.80 0 0.373582 278.74 641.44 68.31 54.61 0 0.358984 391.08 639.27 60.86 49.95 0 0.355399 138.94 596.02 66.01 50.78 0 0.353364 926.58 387.65 47.80 33.19 0 0.347630 328.56 406.91 49.45 46.78 0 0.341788 352.07 405.66 77.49 51.48 0 0.337770 1138.82 676.13 39.59 44.46 0 0.337005 336.15 629.27 69.33 41.93 0 0.330210 390.42 662.50 65.61 54.51 0 0.321533 340.10 422.53 54.06 38.02 0 0.321021 1189.33 676.50 42.36 31.61 0 0.313150 299.13 655.06 53.89 54.01 0 0.311622 361.21 614.67 75.04 44.75 0 0.303439 387.56 621.54 65.64 45.85 0 0.298970 183.24 460.05 35.80 41.50 0 0.298086 1176.14 553.70 62.23 42.21 0 0.292187 211.21 908.29 74.86 50.39 0 0.290188 462.70 935.44 45.55 47.85 0 0.278649 247.99 1030.18 49.69 45.15 0 0.277858 298.50 638.17 63.86 46.65 0 0.271089 370.87 536.86 53.64 36.57 0 0.268494 229.88 448.40 58.92 35.91 0 0.265471 200.91 464.80 54.89 52.90 0 0.262634 1215.48 921.15 42.15 39.59 0 0.255305 216.15 449.62 55.62 35.36 0 0.254042 328.34 395.84 65.60 38.72 0 0.251046 191.62 446.14 79.16 41.17 0
55,0.420872 82.60 487.57 41.41 28.54 0 0.296412 67.74 474.96 50.02 28.17 0 0.285911 163.00 626.14 29.00 25.91 0
56,0.576321 1216.17 529.49 78.06 46.92 0 0.517588 1258.29 902.57 40.86 52.68 0 0.478179 1426.46 365.77 44.43 39.58 0 0.444326 1435.23 363.43 62.31 39.51 0 0.436490 1401.29 212.65 50.55 35.78 0 0.420846 1374.68 362.19 52.36 55.39 0 0.401676 1220.04 567.73 87.90 58.16 0 0.384249 1346.55 360.41 54.22 49.16 0 0.372986 1394.22 203.83 52.11 35.30 0 0.351840 1336.39 1035.90 45.71 42.56 0 0.346329 1408.87 363.07 53.18 45.20 0 0.344302 1315.73 379.88 35.36 40.26 0 0.337333 1252.68 383.28 46.22 40.42 0 0.321891 968.31 393.93 47.82 34.95 0 0.310207 1399.42 978.20 48.72 45.73 0 0.310034 1388.11 204.25 39.94 50.54 0 0.302658 1226.23 601.58 76.88 43.91 0 0.300190 971.77 155.12 36.28 34.65 0 0.293881 1216.93 547.07 78.42 50.86 0 0.293659 1077.76 434.62 42.47 42.86 0 0.291897 988.90 393.18 42.33 37.06 0 0.285836 1247.49 372.03 43.04 53.57 0 0.285576 1351.95 1037.95 54.62 39.00 0 0.282630 1278.28 218.90 52.58 36.80 0 0.277684 1288.43 377.25 40.80 43.77 0 0.270239 1238.17 531.52 62.37 43.52 0 0.269629 1354.87 997.15 53.99 47.03 0 0.269090 1575.37 339.93 41.98 43.49 0 0.268941 1421.58 202.38 40.04 39.02 0 0.267849 1477.93 359.65 43.92 34.72 0 0.264989 1644.21 33.09 57.99 36.91 0 0.263582 1471.43 963.89 43.39 37.33 0 0.262133 1303.78 727.42 51.32 34.88 0 0.256118 1325.29 367.63 60.42 49.49 0 0.256067 1243.64 366.48 42.14 41.83 0 0.251780 1024.03 748.99 56.92 38.05 0
57,0.347434 1235.73 91.92 37.15 26.05 0 0.277940 844.79 426.45 30.82 24.89 0 0.270875 70.33 674.74 39.22 28.68 0 0.266810 528.25 35.94 26.55 26.81 0
58,0.250519 1229.73 149.14 35.83 29.48 0
59,0.398265 825.14 298.48 31.93 36.90 0 0.361548 1303.68 386.48 31.81 32.49 0 0.334858 245.65 677.04 22.67 23.46 0 0.324006 831.89 305.36 38.74 28.83 0 0.300322 570.93 405.92 29.84 30.95 0 0.295939 160.71 573.16 32.38 23.09 0 0.265435 616.91 288.94 25.13 24.83 0 0.264718 574.09 410.77 38.14 24.95 0 0.259019 1186.25 50.38 30.40 27.55 0 0.250120 158.81 574.30 42.89 23.90 0
60,0.264790 575.13 238.43 34.00 21.51 0
61,0.519173 548.04 290.44 27.03 22.82 0 0.329126 733.68 127.92 38.50 26.42 0 0.278213 1051.64 687.48 34.84 29.85 0 0.274568 572.10 673.12 47.82 23.02 0 0.273185 829.52 238.39 33.75 24.52 0 0.263542 870.66 39.96 34.12 28.10 0 0.262517 564.28 672.62 39.06 27.43 0
62,0.280238 1053.75 340.02 46.27 29.82 0
63,0.431722 1128.29 135.30 37.86 21.92 0 0.369182 1120.92 133.00 32.67 22.65 0 0.347530 1116.79 127.34 37.79 27.40 0 0.323896 259.31 504.16 35.41 27.75 0 0.271264 445.86 22.90 39.09 40.60 0 0.262400 1017.49 73.30 30.97 27.42 0
64,0.317735 612.74 624.97 34.57 21.27 0 0.303139 1105.06 237.33 28.45 27.11 0 0.270855 344.60 255.26 27.81 22.60 0 0.263276 81.28 605.00 35.11 25.02 0 0.261107 346.44 607.11 31.42 22.36 0
65,0.535237 788.78 580.87 28.14 35.47 0 0.379573 787.77 576.40 30.20 29.92 0 0.357975 869.42 324.27 26.31 25.20 0 0.315363 794.11 586.91 29.22 29.47 0 0.298274 1236.18 10.11 34.26 30.80 0 0.286490 850.09 255.27 25.69 25.96 0 0.262297 793.74 580.17 29.49 25.39 0 0.252583 872.57 322.79 34.76 28.50 0
66,0.315087 592.72 204.82 32.69 25.98 0 0.280701 831.71 228.60 39.73 26.61 0 0.260244 733.34 128.90 34.97 27.69 0
67,0.392540 1094.16 69.92 44.79 26.91 0 0.356439 919.06 437.65 28.16 24.60 0 0.323214 1107.68 70.30 34.87 25.93 0 0.260589 924.45 71.37 44.32 21.87 0
68,0.822578 712.19 532.75 84.91 44.76 0 0.615843 711.86 426.79 70.17 42.82 0 0.585883 711.20 516.72 81.29 44.88 0 0.560950 696.71 394.27 68.76 61.07 0 0.535349 715.40 538.01 83.48 49.62 0 0.524017 687.98 517.07 94.76 63.97 0 0.490527 732.30 535.53 61.63 39.97 0 0.478006 705.83 416.00 68.45 52.87 0 0.444717 672.64 669.58 76.37 52.41 0 0.433854 725.63 423.89 72.79 46.06 0 0.406236 336.20 552.90 48.03 47.23 0 0.356131 695.47 674.88 58.34 46.60 0 0.343999 1531.80 661.30 58.62 30.84 0 0.342098 710.80 402.89 66.14 50.80 0 0.332867 342.25 561.80 34.38 47.91 0 0.329985 1487.42 484.20 58.80 39.08 0 0.320630 351.52 555.36 68.83 40.62 0 0.314842 715.70 445.54 68.06 37.27 0 0.305185 1544.09 672.67 43.99 26.37 0 0.303956 735.59 392.32 79.29 31.58 0 0.300818 1792.94 52.14 41.23 33.60 0 0.297946 988.57 194.73 49.15 27.88 0 0.293528 1421.59 194.45 60.89 39.94 0 0.289462 710.19 391.84 69.60 41.01 0 0.281388 1511.96 582.73 61.77 40.23 0 0.276024 357.20 674.14 75.26 45.77 0 0.273767 757.14 317.45 47.51 39.24 0 0.272102 681.45 519.48 66.22 59.28 0 0.268632 734.31 397.58 69.05 47.95 0 0.267471 1789.63 898.06 40.97 36.09 0 0.264708 488.70 294.00 50.21 37.20 0 0.260841 1809.56 128.98 40.79 28.79 0 0.259695 1508.12 716.08 57.60 33.34 0 0.259136 1498.42 711.16 48.95 33.00 0 0.252634 392.38 552.55 40.16 38.24 0 0.251883 694.09 393.36 73.55 46.43 0 0.251506 675.59 676.21 67.22 59.69 0
69,0.567546 346.84 559.13 66.62 41.07 0 0.558092 723.24 520.88 67.34 54.16 0 0.514351 696.86 393.75 67.63 59.49 0 0.509473 332.81 563.38 72.14 36.58 0 0.486434 206.52 555.96 45.26 40.01 0 0.468203 333.60 553.80 51.03 47.92 0 0.450894 687.73 289.19 50.90 53.40 0 0.447465 732.73 530.36 63.11 44.18 0 0.435917 682.42 671.00 69.35 52.16 0 0.403680 693.00 509.56 89.56 68.64 0 0.394262 686.29 381.51 85.66 49.00 0 0.379458 647.03 655.67 85.32 66.45 0 0.369715 712.25 426.67 81.28 32.33 0 0.362404 1711.28 781.24 49.53 32.21 0 0.353855 702.35 296.04 59.86 39.82 0 0.351988 1512.56 582.15 57.37 33.54 0 0.348770 707.90 386.60 65.23 43.32 0 0.348441 229.57 506.86 48.46 31.34 0 0.342491 520.98 695.42 68.06 47.78 0 0.341880 659.95 657.07 90.96 64.20 0 0.341703 660.52 379.63 70.71 54.01 0 0.337779 339.26 558.54 40.73 50.48 0 0.335832 744.94 400.96 61.54 54.13 0 0.334458 733.89 391.32 74.74 40.54 0 0.321211 541.00 280.18 56.01 57.27 0 0.302838 344.73 565.28 71.83 44.89 0 0.296360 710.23 400.04 72.42 52.79 0 0.287238 360.79 687.11 71.19 53.60 0 0.286512 639.79 200.55 39.75 39.67 0 0.284257 1599.41 100.84 36.92 27.93 0 0.283517 439.89 407.60 52.86 48.16 0 0.278359 217.81 535.20 55.77 39.22 0 0.269925 715.68 516.75 76.76 38.56 0 0.267239 782.50 680.38 40.13 49.89 0 0.266409 672.85 380.28 79.67 50.15 0 0.262538 509.01 283.34 46.89 54.57 0 0.261291 711.41 425.33 51.00 37.29 0 0.261078 568.74 192.70 44.46 40.51 0 0.254409 563.18 289.94 47.58 45.90 0 0.253657 1130.75 205.87 60.89 34.83 0 0.253564 382.86 553.84 51.17 49.80 0 0.250879 637.37 310.14 44.45 33.62 0
70,0.687878 566.31 269.92 47.33 41.63 0 0.591762 487.66 787.35 62.49 55.34 0 0.534032 674.57 789.09 55.20 52.71 0 0.487971 524.79 267.88 65.18 43.48 0 0.455976 497.61 270.20 51.46 40.20 0 0.445632 512.05 270.16 40.30 39.98 0 0.445155 760.40 795.50 49.46 45.26 0 0.443148 712.67 632.08 84.88 40.97 0 0.435085 653.97 617.76 105.47 60.61 0 0.390739 460.21 482.89 111.93 72.76 0 0.387605 778.00 807.55 40.55 39.59 0 0.386302 496.12 793.25 64.23 48.81 0 0.370832 1092.92 855.70 52.95 34.70 0 0.359842 296.01 462.12 50.10 34.62 0 0.357980 1430.37 268.47 60.30 43.66 0 0.356315 698.99 784.29 43.95 57.55 0 0.353642 514.38 278.72 39.10 43.03 0 0.341983 657.26 795.35 65.40 54.87 0 0.339282 287.86 483.53 45.02 40.03 0 0.336109 1502.28 576.48 64.11 40.65 0 0.334768 1473.35 830.20 53.55 37.69 0 0.326655 273.87 508.04 49.15 31.53 0 0.325481 673.60 618.12 111.98 62.46 0 0.321712 1521.62 838.86 44.91 32.81 0 0.321151 576.15 275.62 51.02 38.32 0 0.317199 659.38 287.02 48.86 40.19 0 0.303296 1811.31 1042.43 44.32 32.52 0 0.299705 1458.46 345.13 66.46 31.89 0 0.294503 589.34 276.92 73.52 47.79 0 0.293867 486.44 798.01 64.31 58.91 0 0.288833 1495.95 832.10 57.31 35.23 0 0.279272 611.78 285.56 49.69 40.25 0 0.278398 571.93 270.06 38.07 55.95 0 0.277206 1522.23 498.69 50.71 44.15 0 0.276851 506.84 778.36 55.76 40.08 0 0.265012 675.83 379.10 64.36 52.21 0 0.260083 817.31 291.67 50.51 44.57 0 0.256823 342.31 369.00 41.07 38.18 0 0.255949 1448.28 383.90 65.07 47.25 0 0.255571 274.87 489.52 55.32 38.15 0 0.253664 1505.86 532.15 61.68 43.42 0
71,0.511150 778.55 181.41 41.93 32.55 0 0.492023 735.02 285.93 82.30 38.08 0 0.490489 1600.37 848.88 31.17 33.31 0 0.471546 689.17 505.16 72.84 42.64 0 0.414048 400.94 523.78 68.87 49.52 0 0.389690 543.21 512.12 79.93 56.14 0 0.376931 541.02 164.01 36.19 46.35 0 0.363657 740.38 271.14 69.04 43.10 0 0.350393 1104.41 548.06 60.92 30.51 0 0.327102 1484.82 393.95 67.52 34.84 0 0.321818 393.68 511.95 60.10 39.08 0 0.306131 665.63 262.36 39.22 42.26 0 0.306102 558.72 405.93 55.30 40.01 0 0.305424 737.12 366.05 70.54 32.77 0 0.301382 590.87 77.20 34.52 36.70 0 0.297109 738.11 249.36 75.24 37.38 0 0.296923 698.37 248.65 74.37 63.71 0 0.288768 759.46 286.67 55.98 38.13 0 0.275569 754.97 364.07 61.95 33.79 0 0.274382 677.95 244.21 65.72 45.94 0 0.270659 709.93 364.34 84.40 38.93 0 0.270606 727.00 505.53 41.89 42.58 0 0.256850 540.28 491.84 74.17 41.14 0 0.256137 318.66 248.71 55.27 35.99 0
72,0.566151 489.92 218.12 49.53 38.07 0 0.363630 590.02 1012.69 35.06 30.89 0 0.352804 500.05 218.53 67.62 44.26 0 0.312538 378.24 987.01 52.95 38.56 0 0.281614 559.69 236.79 53.86 45.03 0 0.272960 68.38 918.43 68.45 51.07 0 0.261830 35.01 22.25 44.31 36.62 0 0.259706 521.88 30.58 46.09 39.09 0 0.257307 12.82 895.13 65.61 49.76 0
73,0.600854 168.64 790.39 66.30 46.48 0 0.595609 285.26 463.30 61.53 40.14 0 0.534993 556.55 678.17 73.20 63.88 0 0.525343 577.88 687.37 69.62 52.41 0 0.519427 594.82 695.22 51.77 42.96 0 0.501026 203.39 907.67 75.27 56.44 0 0.480743 661.63 854.74 46.45 41.04 0 0.476061 550.94 847.80 75.90 38.40 0 0.454391 487.04 342.96 42.50 39.09 0 0.453112 191.95 925.63 42.45 54.13 0 0.449649 176.72 780.35 76.97 42.08 0 0.435141 659.24 847.17 46.47 40.02 0 0.433651 557.47 847.27 56.94 61.60 0 0.410188 197.51 929.77 54.50 46.69 0 0.406528 179.69 786.31 68.36 50.53 0 0.401268 204.13 924.34 77.26 57.09 0 0.396045 814.83 291.87 51.78 30.70 0 0.377460 63.79 682.95 52.06 38.28 0 0.359299 284.13 464.84 41.01 51.35 0 0.358544 134.24 459.16 46.72 33.01 0 0.357472 584.09 845.41 50.17 58.16 0 0.339511 235.86 910.82 54.47 53.71 0 0.338124 579.65 844.96 53.68 33.13 0 0.334297 1860.84 958.63 47.03 47.59 0 0.332911 164.02 789.12 49.11 47.09 0 0.326077 1318.37 488.29 62.16 33.94 0 0.314267 292.47 473.06 52.13 42.04 0 0.308726 414.88 343.69 47.61 42.91 0 0.308466 316.44 457.14 43.08 46.27 0 0.308031 1145.01 350.06 41.08 37.58 0 0.305167 204.12 901.23 81.11 40.34 0 0.299459 275.77 461.90 47.73 40.21 0 0.295819 35.96 759.30 58.57 31.90 0 0.295534 1341.04 1015.25 37.52 44.12 0 0.293705 1593.78 796.15 41.48 35.39 0 0.291441 243.99 935.61 45.98 46.41 0 0.286766 543.84 681.01 89.44 48.45 0 0.283723 162.90 784.22 73.48 39.97 0 0.283565 35.80 769.72 52.68 37.81 0 0.282039 351.37 448.13 41.41 50.96 0 0.276590 84.67 603.29 56.93 42.75 0 0.274566 132.30 442.90 54.94 38.99 0 0.273721 299.55 350.70 42.97 38.93 0 0.268720 591.28 683.18 59.96 34.30 0 0.268353 1834.44 964.13 46.57 46.57 0 0.263476 633.53 317.28 46.62 41.98 0 0.261290 445.59 341.58 37.08 43.81 0 0.260141 806.36 291.62 51.54 29.07 0 0.257727 587.62 540.38 53.32 50.04 0 0.254576 1424.52 121.37 49.86 27.94 0 0.254181 604.42 841.02 44.12 44.11 0 0.251487 447.31 356.20 37.79 42.96 0 0.251230 382.32 453.07 37.26 35.60 0 0.250487 62.25 697.13 45.78 28.81 0
74,0.524425 611.16 296.01 46.11 41.28 0 0.514368 1839.93 554.75 39.88 34.40 0 0.503014 648.79 298.91 45.00 36.46 0 0.459564 1453.08 832.59 46.88 34.17 0 0.411192 633.94 299.60 54.55 36.11 0 0.394330 757.16 818.61 41.36 43.73 0 0.393423 505.61 394.13 75.97 57.06 0 0.371180 1495.62 832.10 46.30 45.37 0 0.344363 561.00 292.83 46.45 38.11 0 0.342496 738.98 800.19 50.79 63.73 0 0.341981 648.45 795.09 79.65 68.51 0 0.331706 1762.84 910.19 48.85 37.22 0 0.326435 1430.93 823.37 47.68 45.31 0 0.325561 659.33 306.74 40.73 35.99 0 0.304361 1802.04 212.50 46.44 40.71 0 0.295177 646.72 647.06 62.80 51.55 0 0.289718 615.79 305.31 41.93 38.15 0 0.288689 1476.57 833.04 46.57 35.47 0 0.285330 1649.86 290.91 32.78 31.11 0 0.284600 583.44 291.72 45.74 44.89 0 0.275996 1491.53 826.77 51.52 35.29 0 0.275605 1348.83 1040.22 52.66 31.09 0 0.274781 639.24 796.52 54.02 50.92 0 0.272487 665.97 802.42 62.99 59.19 0 0.258191 669.01 799.70 58.25 40.08 0 0.258086 278.35 456.25 47.61 36.82 0 0.256560 248.72 514.82 54.52 35.94 0 0.252401 1778.75 913.08 45.26 37.42 0
75,0.444385 975.68 238.58 39.57 31.48 0 0.304577 1126.36 371.69 35.90 29.21 0 0.263862 936.43 210.21 42.94 28.27 0
76,0.386059 1198.78 282.48 34.06 26.24 0 0.314647 60.13 287.48 33.53 28.75 0 0.296495 6.01 434.15 31.12 30.87 0 0.260717 147.82 51.60 36.45 27.83 0 0.250721 565.60 32.07 35.20 31.07 0
77,0.328286 477.49 300.99 30.06 24.17 0 0.266916 1183.87 102.09 28.79 27.40 0
78,0.388483 832.74 238.05 33.96 29.42 0 0.363313 832.41 228.94 39.28 27.71 0 0.271880 833.24 246.78 34.14 25.77 0 0.268507 734.75 128.30 32.28 27.84 0 0.253973 580.47 679.52 55.28 25.86 0 0.251293 872.98 46.02 33.73 29.61 0
79,0.654671 1096.75 70.19 32.63 27.67 0 0.488180 1096.15 76.19 31.10 32.01 0 0.463806 1070.92 61.32 38.22 38.37 0 0.386591 999.75 0.79 42.06 29.27 0 0.357377 1086.69 75.22 34.36 28.18 0 0.349921 1081.21 67.77 45.99 31.46 0 0.312714 1090.28 62.15 36.39 26.03 0 0.312033 1072.80 62.27 55.09 27.80 0 0.280273 802.28 204.49 30.36 28.12 0
80,0.354889 243.20 241.59 25.48 26.31 0 0.275265 410.20 374.41 26.48 23.54 0
81,0.366108 215.75 377.18 29.97 27.06 0 0.306333 222.94 378.75 29.28 25.10 0 0.281718 1298.09 144.78 36.12 33.28 0 0.279226 731.02 607.31 27.91 28.30 0 0.254141 669.53 437.46 23.77 26.31 0
82,0.516376 1099.62 74.26 31.24 32.78 0 0.468489 1097.03 70.32 34.23 27.58 0 0.397367 1076.95 63.26 27.80 35.75 0 0.359273 1102.95 72.34 37.29 25.99 0 0.337804 716.54 537.43 28.32 27.13 0 0.287736 1081.93 67.47 46.42 31.87 0
83,0.370086 139.55 475.00 28.42 24.52 0 0.356338 263.32 505.71 29.31 27.50 0 0.334066 132.26 474.16 28.78 25.95 0 0.264029 448.18 69.87 26.48 24.61 0
84,0.379655 363.15 19.52 33.65 23.08 0
85,0.499691 1279.95 110.72 36.91 33.05 0 0.343427 1292.36 106.98 31.98 25.17 0 0.304058 745.08 608.77 28.89 27.62 0 0.299300 64.50 601.12 26.60 28.70 0 0.255987 739.15 604.72 29.63 32.41 0
86,0.435565 1292.31 538.95 32.11 33.35 0 0.337529 282.01 120.96 27.48 28.39 0 0.306553 569.22 607.14 32.40 27.17 0 0.288061 1283.27 386.91 31.90 25.09 0 0.257061 576.09 607.61 35.70 23.60 0 0.251492 818.54 489.62 27.90 24.67 0
87,0.528479 1595.12 1007.31 50.05 29.29 0 0.449150 1642.26 1002.99 47.14 37.32 0 0.444473 166.75 517.16 56.39 32.39 0 0.435268 1632.08 993.08 55.99 36.73 0 0.401036 1601.90 990.17 84.94 41.53 0 0.395805 249.03 426.57 45.56 53.89 0 0.385979 168.13 492.95 55.71 29.86 0 0.381355 271.24 337.72 48.75 28.78 0 0.369688 1600.40 997.04 81.79 42.64 0 0.362753 1401.99 867.60 70.60 42.53 0 0.358299 1126.20 590.26 76.44 52.83 0 0.356442 307.71 748.80 59.39 36.92 0 0.348856 1407.55 889.85 70.29 32.87 0 0.344394 409.69 9.41 63.11 31.81 0 0.332491 304.19 820.89 46.43 30.98 0 0.330721 1398.77 860.31 56.35 47.46 0 0.317015 305.23 769.68 59.43 39.36 0 0.313836 166.26 530.39 50.44 30.87 0 0.301556 1595.62 992.45 48.96 41.38 0 0.296854 161.72 524.09 51.35 47.10 0 0.289312 156.81 582.32 48.18 34.77 0 0.281722 256.39 446.98 41.12 39.70 0 0.275474 271.73 428.97 53.09 48.07 0 0.267295 1165.93 869.52 45.43 37.90 0 0.261610 157.33 556.34 52.59 38.25 0 0.261582 1410.63 943.13 70.66 27.01 0 0.260751 294.38 650.94 52.54 40.28 0 0.260669 1424.82 1035.18 55.61 36.28 0 0.255309 265.62 293.15 49.21 34.98 0 0.252728 263.02 323.91 56.20 32.91 0
88,0.359214 1.17 242.18 23.95 26.81 0 0.323994 309.80 574.68 27.87 22.08 0 0.254214 1248.95 137.12 32.18 25.56 0
89,0.299693 182.11 655.72 25.28 21.70 0
90,0.400648 246.79 623.18 24.24 22.14 0 0.365803 328.44 490.35 25.32 24.90 0
91,0.407095 517.20 630.22 68.74 46.98 0 0.372887 545.79 468.02 66.82 48.90 0 0.369801 560.57 504.19 59.86 37.84 0 0.330381 770.17 645.91 46.40 44.29 0 0.325495 546.54 490.23 74.39 46.91 0 0.315328 1693.49 770.30 46.02 43.34 0 0.314389 610.51 999.01 50.82 33.78 0 0.310036 564.19 493.01 68.76 46.08 0 0.300233 571.17 507.16 62.22 39.09 0 0.280741 784.03 821.34 61.48 45.81 0 0.279634 750.31 805.79 59.50 52.58 0 0.265301 1110.83 126.90 59.78 35.03 0 0.258779 804.77 826.60 68.25 51.89 0 0.258751 758.80 579.65 40.92 28.24 0 0.256259 946.71 653.69 36.97 41.79 0 0.255801 586.40 508.95 56.39 45.61 0 0.250813 844.50 844.23 57.96 47.61 0
92,0.281377 83.76 542.47 42.14 18.82 0 0.259804 365.29 357.28 35.29 23.10 0
93,0.554408 710.37 408.27 72.86 56.36 0 0.544062 708.88 428.58 86.78 41.74 0 0.447049 1713.18 771.18 44.99 36.56 0 0.433635 665.87 657.97 75.67 63.97 0 0.395863 1687.09 772.82 59.44 35.10 0 0.394059 731.30 407.40 64.34 49.72 0 0.388785 773.08 675.27 47.76 44.49 0 0.386483 710.94 386.75 69.51 45.61 0 0.379779 700.77 420.75 75.57 51.33 0 0.379243 540.23 266.95 51.70 50.23 0 0.379036 761.72 659.12 52.16 62.52 0 0.371609 663.53 512.40 85.14 63.09 0 0.345396 1783.22 32.10 45.02 36.40 0 0.329538 681.06 512.80 93.05 55.53 0 0.328118 690.60 397.42 79.54 65.66 0 0.319985 690.77 386.16 68.65 46.12 0 0.309783 717.79 524.14 57.77 46.72 0 0.304216 1713.18 103.26 41.97 32.25 0 0.303795 1092.70 728.86 62.68 39.27 0 0.293633 336.76 692.49 59.32 40.24 0 0.286877 682.08 382.14 59.86 50.83 0 0.282249 1644.14 204.67 36.70 31.23 0 0.265035 1762.64 781.36 49.06 35.14 0 0.251503 577.02 192.86 61.79 37.56 0 0.250629 553.00 241.54 78.64 60.43 0
94,0.297104 1259.89 679.64 44.36 26.57 0 0.255747 774.72 288.35 32.72 24.37 0
95,0.262993 697.30 640.36 45.08 29.82 0 0.258774 564.12 326.99 40.18 24.74 0
96,0.715099 1051.81 527.75 73.33 43.13 0 0.556664 1116.60 652.03 68.85 39.39 0 0.493308 1042.76 528.86 56.07 46.34 0 0.452556 1077.20 527.51 67.09 47.22 0 0.451564 1094.24 526.15 66.59 48.07 0 0.324262 1051.55 514.55 83.73 55.32 0 0.278699 1452.18 517.59 84.87 52.94 0 0.270201 1827.91 705.80 60.73 45.66 0 0.268984 926.77 410.45 49.06 35.49 0 0.260122 1442.40 515.06 75.09 60.62 0
97,0.373271 979.21 609.67 68.04 37.30 0 0.360270 968.94 863.58 49.91 44.54 0 0.359954 982.95 852.99 69.09 56.93 0 0.349088 987.38 620.59 55.92 37.70 0 0.325219 983.15 609.97 41.00 51.33 0 0.317578 1101.91 1005.86 55.66 37.75 0 0.313967 1097.79 990.04 63.21 25.05 0 0.298820 997.26 605.20 74.30 41.56 0
98,0.601163 0.00 998.56 71.19 52.80 0 0.450457 1748.87 650.97 67.20 46.63 0 0.428000 0.00 989.62 100.43 62.13 0 0.417424 0.45 973.90 99.38 62.65 0 0.414621 6.54 966.78 93.27 55.03 0 0.412338 0.00 971.99 65.65 46.39 0 0.403345 65.24 408.76 75.26 46.21 0 0.390202 1360.55 577.32 78.02 40.00 0 0.326997 0.00 982.40 67.35 53.20 0 0.291789 903.28 677.74 44.98 30.92 0 0.282156 1239.75 378.40 52.15 50.28 0 0.281993 1239.75 368.82 52.88 40.68 0 0.274541 3.67 697.64 78.93 51.42 0 0.261467 44.75 321.58 64.40 38.21 0 0.257936 1692.76 607.52 58.77 56.53 0 0.257357 1.45 988.03 62.96 73.86 0
99,0.271016 1269.92 508.77 51.86 41.81 0
100,0.642607 1277.47 405.19 100.23 54.52 0 0.448203 1236.34 426.89 138.67 69.82 0 0.447045 759.31 601.70 133.54 76.40 0 0.427604 1259.12 404.31 101.04 58.97 0 0.278059 1282.38 413.56 105.83 54.30 0 0.269124 1260.95 415.96 104.77 58.21 0
101,0.568683 668.58 556.61 82.32 40.61 0 0.365648 1695.38 287.68 43.91 27.72 0 0.319709 17.90 357.79 66.74 42.11 0 0.289441 886.20 381.55 58.86 38.06 0
102,0.530116 1761.34 683.01 88.71 53.69 0 0.493559 1407.77 649.47 76.97 42.14 0 0.463305 1779.04 668.63 101.78 56.57 0 0.427678 1847.22 787.34 70.47 37.63 0 0.401815 1736.68 665.41 61.41 51.42 0 0.394842 1840.01 774.53 79.99 32.50 0 0.394796 1779.21 686.97 93.55 55.64 0 0.373833 1419.40 660.50 69.19 49.84 0 0.371867 1683.79 580.70 64.69 45.52 0 0.367552 225.13 897.06 54.88 39.91 0 0.360291 1839.09 749.02 80.91 38.46 0 0.342928 1429.07 650.89 66.16 38.96 0 0.333210 226.95 904.92 60.94 42.19 0 0.331117 1407.01 290.43 70.24 44.17 0 0.326523 1689.31 581.10 80.95 44.46 0 0.318941 1752.65 663.13 101.79 61.59 0 0.317307 1421.33 321.71 74.10 53.70 0 0.308827 1390.83 281.13 71.50 50.49 0 0.302676 1843.00 726.07 71.51 26.72 0 0.290832 1381.14 616.82 68.60 55.10 0 0.288119 1404.55 641.81 60.45 43.91 0 0.287114 1832.43 768.98 70.69 41.40 0 0.284533 1259.30 411.53 64.97 42.50 0 0.274030 1430.39 665.62 76.31 52.36 0 0.270548 1432.44 702.17 78.74 37.14 0 0.259952 1741.78 675.34 91.45 57.62 0 0.256132 1412.05 313.71 77.67 44.07 0 0.253937 1249.45 375.90 55.74 35.45 0 0.252079 736.95 287.57 83.16 44.81 0 0.250538 1720.65 650.59 78.77 51.79 0
103,0.694338 1340.43 556.16 57.06 40.24 0 0.601576 1346.55 572.32 51.21 29.74 0 0.324744 1486.27 217.62 68.70 48.41 0 0.319568 1340.19 536.68 52.87 32.27 0 0.307931 1334.07 468.71 59.70 48.50 0 0.303304 1327.24 368.74 61.35 37.14 0 0.287377 1467.63 355.53 98.15 62.13 0 0.287211 1536.60 479.34 72.48 46.32 0 0.279484 1321.81 345.40 67.03 35.15 0 0.276616 1334.62 449.71 64.32 29.76 0 0.269393 1331.38 461.49 55.31 28.82 0 0.260365 1521.62 243.95 36.79 36.81 0 0.260335 1337.02 565.96 51.85 37.45 0 0.258625 1332.90 386.43 58.22 30.25 0
104,0.422203 1204.99 499.86 44.91 39.85 0 0.288249 1199.70 485.60 54.87 41.69 0
105,0.401863 1840.09 247.13 32.38 35.46 0
106,0.324056 813.15 257.70 76.20 46.26 0 0.323963 685.73 265.39 45.53 44.40 0 0.293894 807.06 252.56 82.20 43.12 0 0.278818 504.59 224.18 73.71 41.54 0 0.250410 440.44 167.78 48.41 42.57 0
107,0.337902 1306.98 720.14 70.71 45.45 0
108,0.264188 1092.01 619.42 48.86 35.44 0
109,0.577879 454.79 309.90 64.63 45.23 0 0.488078 472.11 307.93 62.34 42.28 0 0.437092 436.42 325.95 62.42 45.67 0 0.415943 749.22 358.00 61.49 41.05 0 0.411442 832.24 352.03 50.49 43.75 0 0.384456 1599.43 341.07 44.37 44.32 0 0.378522 801.59 352.01 43.67 47.73 0 0.366881 420.69 334.74 49.34 50.00 0 0.365885 1548.15 827.26 85.88 41.69 0 0.363670 1215.38 978.72 82.12 52.15 0 0.355276 893.00 359.22 59.58 40.28 0 0.347212 855.57 340.63 67.83 45.94 0 0.346380 455.28 320.71 58.23 44.61 0 0.340708 851.66 354.49 45.42 40.80 0 0.302469 854.57 342.78 70.18 61.46 0 0.278001 442.06 302.21 70.00 55.04 0 0.274400 1269.44 246.54 60.13 34.08 0 0.261788 760.60 356.52 77.92 41.43 0 0.256317 850.54 342.52 46.92 41.56 0 0.255484 423.29 313.19 58.37 58.45 0
110,0.392926 102.67 142.85 31.30 39.87 0 0.380585 1053.52 224.23 36.14 41.91 0 0.362212 83.74 471.73 37.88 25.99 0 0.356105 333.19 151.21 30.28 31.85 0 0.333739 107.76 150.80 33.00 30.80 0 0.320372 108.86 165.99 32.73 25.15 0 0.304117 1058.16 236.55 38.16 31.10 0 0.285416 359.54 624.93 30.81 19.62 0 0.274712 74.99 471.51 39.93 27.75 0 0.267726 1059.43 250.24 36.34 22.08 0 0.263286 67.17 677.99 37.85 25.60 0
111,0.679099 1602.96 202.59 78.05 61.96 0 0.678181 1404.81 407.45 71.84 37.85 0 0.642527 1619.93 1011.24 62.75 62.72 0 0.582519 1596.56 197.58 77.84 44.93 0 0.575856 1590.11 195.66 77.26 63.99 0 0.520655 1616.65 1010.66 79.15 52.61 0 0.452837 1078.90 220.65 65.23 66.31 0 0.414267 1616.56 997.83 74.10 51.03 0 0.390420 1617.99 196.44 79.63 44.01 0 0.374679 1510.74 698.89 69.39 44.22 0 0.367955 1581.96 193.92 72.39 41.90 0 0.355080 1422.04 390.08 72.62 48.99 0 0.349226 1476.73 619.39 63.32 50.85 0 0.331253 1405.94 397.53 67.63 38.16 0 0.329445 1621.07 983.00 85.37 51.44 0 0.329237 989.19 234.32 65.61 44.94 0 0.307747 1403.84 418.21 86.90 58.01 0 0.300398 1070.24 225.84 46.35 60.81 0 0.291046 1410.28 453.00 80.90 40.74 0 0.288258 1423.45 427.12 70.43 48.53 0 0.284258 1613.74 207.01 83.57 60.46 0 0.275816 1541.97 815.82 78.99 51.11 0 0.275210 1404.82 406.69 51.82 43.48 0 0.274851 1582.94 912.75 64.89 41.36 0 0.273090 1103.06 225.11 55.92 60.37 0 0.271940 1599.10 170.50 80.55 45.16 0 0.266887 1619.91 967.10 79.72 58.88 0 0.263559 1395.30 400.20 52.22 52.30 0 0.260158 1653.62 212.20 63.50 49.96 0 0.256668 1585.65 192.03 59.43 62.89 0
112,
113,0.321432 703.85 1025.43 56.90 33.68 0 0.320473 185.38 950.01 41.40 46.74 0 0.292672 708.63 1032.83 49.28 32.52 0
114,0.635413 749.81 723.78 68.22 45.63 0 0.598622 685.56 15.30 52.82 52.80 0 0.597372 660.73 740.05 46.58 49.31 0 0.551574 689.07 743.35 39.36 36.78 0 0.507784 745.32 539.91 65.28 59.73 0 0.489345 773.92 726.57 54.80 38.97 0 0.474080 657.09 732.77 47.88 44.06 0 0.435824 1000.99 699.37 37.05 44.78 0 0.425322 709.99 736.49 42.58 44.54 0 0.415406 690.55 558.86 106.53 80.26 0 0.410615 709.42 724.44 43.23 44.29 0 0.403114 698.46 590.12 57.88 56.19 0 0.368936 1020.32 700.96 54.90 44.43 0 0.347725 43.94 750.72 38.77 38.44 0 0.342545 49.96 753.55 43.16 34.12 0 0.341938 730.55 722.85 47.06 45.88 0 0.341046 723.82 585.85 70.45 62.00 0 0.339560 1427.48 78.69 41.84 29.59 0 0.336353 1035.85 708.03 60.41 40.21 0 0.335069 1030.08 709.54 41.92 38.88 0 0.317922 588.39 749.22 42.34 49.41 0 0.310608 688.30 5.86 54.80 41.85 0 0.283498 1499.44 286.29 84.09 55.88 0 0.281176 1058.03 711.31 47.71 42.77 0 0.277506 1052.15 702.52 54.75 40.68 0 0.276460 695.73 22.87 50.83 46.69 0 0.273544 931.62 711.52 43.34 45.84 0 0.270814 672.82 8.96 46.44 64.26 0 0.265954 1765.26 299.16 41.03 29.46 0 0.263779 637.14 746.35 38.27 44.25 0 0.262945 779.30 727.10 71.16 40.08 0 0.259509 617.33 744.33 44.24 48.27 0 0.257263 742.53 588.51 64.04 58.57 0 0.255769 773.23 549.45 50.04 41.81 0 0.252792 1009.38 711.36 30.05 37.50 0 0.252464 705.09 24.16 71.49 59.09 0
115,0.417896 489.62 411.97 130.07 79.39 0 0.386194 516.03 450.11 91.20 51.84 0 0.377268 272.09 459.32 94.39 50.11 0 0.323806 991.46 412.26 74.57 62.47 0 0.316290 523.75 416.08 101.32 73.13 0 0.305792 535.72 449.13 89.61 53.52 0 0.304713 492.47 452.67 56.74 47.61 0 0.287825 497.61 451.28 84.15 49.14 0 0.275055 988.00 421.71 58.92 55.61 0 0.259831 988.45 413.80 67.71 44.62 0
116,0.257961 683.56 0.00 37.01 20.32 0
117,0.251650 348.40 1012.28 45.32 38.26 0
118,0.695293 945.84 555.17 50.07 50.06 0 0.692461 954.06 563.49 39.58 45.61 0 0.583783 903.05 556.73 73.79 44.79 0 0.581757 1500.19 255.35 56.96 48.70 0 0.516983 976.12 569.61 44.23 36.92 0 0.497212 982.40 561.93 66.78 38.68 0 0.491852 967.39 560.64 55.52 43.10 0 0.491064 1503.08 242.30 64.01 45.75 0 0.470784 1011.75 565.79 47.33 51.17 0 0.454339 913.82 559.50 62.46 49.68 0 0.403548 898.62 554.48 44.57 41.99 0 0.371706 879.69 402.45 40.62 48.87 0 0.365772 899.67 564.78 45.73 45.51 0 0.351726 588.98 428.47 42.90 52.21 0 0.350873 685.77 557.37 39.74 43.88 0 0.338011 586.79 407.14 46.75 48.63 0 0.333432 573.07 568.28 38.64 53.38 0 0.331223 1503.63 224.29 59.19 33.21 0 0.327069 770.99 573.14 44.72 44.65 0 0.316874 775.75 450.90 49.47 47.15 0 0.308867 588.52 575.79 43.60 37.97 0 0.302398 719.89 558.89 63.22 48.03 0 0.299103 890.53 561.25 38.16 52.97 0 0.297544 884.49 552.49 53.36 47.40 0 0.288799 1498.88 230.49 59.02 58.50 0 0.277396 1138.08 0.47 46.44 41.88 0 0.274165 923.03 2.50 35.33 41.29 0 0.270013 606.33 571.04 44.55 44.93 0 0.262742 1489.46 222.08 67.67 72.37 0 0.262532 971.82 433.06 48.96 46.01 0 0.262457 597.04 562.81 59.53 43.37 0 0.260068 1857.15 935.31 53.15 38.58 0 0.251741 1169.98 119.37 62.53 37.79 0
119,0.397072 1814.23 347.20 84.54 60.56 0 0.336935 1101.40 397.72 78.36 37.06 0 0.268567 1043.55 267.25 53.55 44.76 0 0.259000 251.98 433.74 118.13 63.42 0
120,0.277562 1383.22 1038.26 58.00 35.81 0 0.272627 491.08 97.35 44.10 38.37 0 0.260659 0.00 679.09 47.45 35.60 0 0.260100 1380.04 1038.21 46.37 31.69 0
121,0.326105 337.72 648.99 53.02 29.94 0 0.269119 779.75 608.81 42.26 32.97 0
122,0.407821 1369.90 648.97 69.96 47.79 0 0.285613 400.49 953.61 52.57 54.19 0
123,0.513396 107.29 208.75 39.55 50.49 0 0.430680 88.98 204.33 43.40 55.39 0 0.416062 967.92 792.55 59.07 42.06 0 0.414441 951.57 790.66 50.25 42.66 0 0.389251 56.59 378.01 49.89 48.66 0 0.377438 1041.95 1028.72 41.69 46.14 0 0.376747 959.27 1017.75 72.57 45.25 0 0.376006 1018.81 792.49 49.04 38.60 0 0.363612 1016.80 1017.14 54.24 59.78 0 0.358898 946.06 1018.80 66.55 61.20 0 0.350661 967.32 1017.72 60.30 62.28 0 0.344254 864.30 244.81 61.21 36.94 0 0.338080 989.91 1019.18 54.50 60.64 0 0.315464 1014.74 1017.54 61.10 34.67 0 0.311657 846.98 1040.22 40.62 36.78 0 0.306049 858.02 97.87 44.04 40.94 0 0.300111 988.18 794.83 66.56 41.14 0 0.266227 107.72 198.77 34.34 34.71 0 0.262707 936.07 1028.36 36.47 51.64 0 0.262559 908.43 200.32 62.81 36.42 0 0.261808 877.03 794.44 42.47 36.66 0 0.259514 832.96 531.50 45.57 34.19 0 0.258321 957.14 780.24 77.75 55.04 0 0.251848 50.75 124.94 51.80 38.77 0 0.251012 882.98 201.66 61.80 34.81 0
124,0.436793 685.45 550.66 81.95 46.53 0 0.381417 525.91 1017.81 71.48 55.96 0 0.360860 730.99 460.69 64.95 38.01 0 0.308185 507.73 1000.51 94.04 79.49 0 0.285675 1107.84 497.11 42.95 55.93 0 0.282846 514.88 991.49 86.69 64.54 0 0.261914 599.83 815.43 67.45 52.95 0
125,0.279878 1251.43 661.40 27.39 25.43 0 0.274571 688.68 615.78 25.44 34.73 0 0.263620 21.50 86.22 41.21 25.26 0
126,0.284625 758.20 353.00 34.75 23.33 0 0.258335 1162.24 691.35 31.39 27.17 0
127,0.454462 1402.99 1014.37 46.05 42.87 0 0.391477 1400.26 1029.02 52.83 39.32 0 0.388268 1329.59 1016.22 51.86 35.83 0 0.346026 1374.57 1011.01 55.69 48.43 0 0.337194 1309.21 867.28 42.93 44.34 0 0.300985 1425.51 1020.94 44.90 47.37 0 0.299287 1073.78 408.75 58.40 41.91 0 0.285201 1209.45 1007.06 48.55 35.31 0 0.276302 1424.84 1017.59 46.04 34.07 0 0.269120 1235.45 1010.09 42.74 29.76 0 0.259682 972.96 522.60 37.99 43.82 0
128,0.350865 29.96 657.76 26.59 23.33 0 0.287415 515.02 77.02 31.48 35.52 0 0.270608 60.64 34.44 35.83 19.59 0
129,0.394722 1231.21 403.61 108.53 62.32 0 0.375712 632.55 647.93 68.65 59.85 0 0.311068 634.27 646.96 99.59 60.65 0 0.307503 1211.66 427.72 139.24 67.19 0 0.301794 630.21 652.27 93.68 64.89 0 0.293823 651.28 637.94 83.92 46.08 0 0.280974 640.90 624.62 98.09 60.08 0 0.277865 1223.32 409.22 124.74 68.20 0 0.260595 638.61 645.58 85.16 51.90 0 0.259121 630.71 665.90 82.01 68.39 0
130,0.312800 594.40 206.85 30.83 25.33 0 0.251835 1120.90 409.70 36.84 25.09 0
131,0.415422 1237.31 1038.28 55.64 32.48 0 0.319942 1257.96 1036.43 51.09 36.91 0 0.297985 764.32 146.45 64.85 38.62 0 0.295341 1269.51 1035.12 65.77 35.28 0 0.267715 608.85 937.53 48.16 48.45 0
132,0.694759 423.72 111.51 71.87 36.78 0 0.622229 424.22 105.90 82.90 60.80 0 0.555058 415.31 107.88 64.50 40.59 0 0.505493 522.10 170.14 119.85 68.20 0 0.469961 422.06 126.36 54.02 54.55 0 0.428919 414.09 118.24 113.90 66.99 0 0.401122 1645.06 551.41 70.03 48.26 0 0.391699 421.30 116.23 47.12 47.75 0 0.381406 441.14 114.40 75.65 60.11 0 0.370171 402.31 115.97 57.09 55.81 0 0.363380 11.61 686.56 108.60 67.50 0 0.359877 1635.44 552.92 60.61 35.32 0 0.351181 546.98 172.39 107.69 70.47 0 0.329300 226.66 330.26 90.85 60.82 0 0.311176 538.02 168.26 85.53 51.26 0 0.308586 487.16 173.66 78.09 55.79 0 0.268918 528.11 160.16 70.05 62.18 0 0.254390 525.07 175.05 74.49 62.47 0
133,0.344015 1049.18 702.32 60.78 44.38 0 0.303137 1063.64 709.60 50.11 32.99 0
134,0.637666 664.89 413.37 41.61 43.06 0 0.444354 613.09 424.39 38.27 40.24 0 0.429087 1637.52 724.24 44.98 34.26 0 0.423627 599.93 421.65 39.40 42.32 0 0.413546 728.40 318.95 60.49 34.70 0 0.372469 472.17 274.02 66.78 66.23 0 0.340729 446.34 301.52 47.27 55.89 0 0.315922 747.58 315.51 43.05 36.73 0 0.304781 429.80 300.17 45.62 58.07 0 0.302758 923.87 24.99 50.38 32.83 0 0.296542 1224.11 119.88 53.39 44.82 0 0.292477 595.17 414.94 48.69 40.44 0 0.289950 1573.70 723.00 49.24 40.17 0 0.287418 609.30 417.67 41.61 36.99 0 0.286210 1596.24 724.16 47.37 36.70 0 0.284843 1225.25 140.56 52.86 31.23 0 0.279901 1615.71 723.92 50.94 35.22 0 0.267998 679.10 417.18 51.48 38.57 0 0.261317 1447.40 730.13 55.32 32.06 0 0.258415 720.34 292.93 60.70 46.66 0 0.256218 711.13 265.36 61.63 40.50 0
135,0.417335 1301.51 290.86 27.22 24.98 0 0.352199 832.28 366.33 44.81 30.17 0 0.348688 313.58 608.44 25.81 25.27 0 0.322378 1170.37 110.24 29.58 24.46 0 0.317030 635.32 301.16 24.66 26.81 0 0.283468 746.62 18.49 32.92 21.79 0 0.278887 1289.36 287.84 32.83 27.63 0 0.274691 821.93 366.04 32.36 26.76 0 0.267905 576.35 472.89 33.94 22.64 0 0.260223 826.73 362.16 37.47 25.00 0 0.256404 844.42 86.63 29.23 27.47 0 0.254973 828.32 367.73 36.23 24.52 0
136,0.540141 378.01 72.41 35.90 37.59 0 0.518527 600.79 296.83 37.84 53.50 0 0.504898 320.26 64.28 42.43 33.02 0 0.472875 324.55 70.94 40.00 31.26 0 0.466030 931.34 814.02 40.48 31.69 0 0.445985 712.17 300.76 36.53 33.39 0 0.385490 329.00 67.18 71.82 43.26 0 0.367382 366.18 504.24 63.72 46.23 0 0.366695 429.28 307.85 42.94 50.38 0 0.355626 1035.15 480.09 56.02 37.70 0 0.350710 313.70 49.80 49.84 50.22 0 0.347710 940.34 807.27 43.02 33.65 0 0.338289 1047.75 267.38 41.71 31.61 0 0.336500 878.76 10.46 52.15 41.50 0 0.335002 931.19 805.78 44.22 36.09 0 0.332989 1213.45 385.09 46.36 37.24 0 0.318211 393.29 74.02 36.50 39.08 0 0.312957 896.05 100.57 53.80 27.72 0 0.299454 1272.18 702.76 54.12 44.78 0 0.297298 758.96 802.43 51.10 37.25 0 0.291153 387.04 510.41 47.11 38.77 0 0.289746 1228.63 388.58 56.69 35.68 0 0.281899 597.01 294.93 40.92 40.58 0 0.280014 1052.05 267.35 51.29 35.44 0 0.279650 1263.25 720.14 60.81 31.81 0 0.279588 880.41 25.44 61.87 42.15 0 0.276214 1060.02 79.55 43.96 30.60 0 0.274300 1008.58 478.41 45.41 38.63 0 0.272889 922.83 383.22 41.78 36.94 0 0.254388 491.05 185.19 50.98 36.61 0 0.251594 1256.63 684.41 63.22 61.10 0 0.251106 1302.72 463.38 38.44 36.59 0
137,0.505762 829.88 520.00 62.71 52.75 0 0.386461 830.52 527.10 72.06 41.45 0 0.373790 826.48 531.22 80.46 49.72 0 0.251895 998.30 807.14 86.11 56.27 0
138,0.355936 1082.61 555.17 30.46 24.97 0 0.324320 551.24 285.01 26.43 21.72 0 0.323085 737.81 126.00 37.41 22.53 0 0.291320 870.75 36.12 37.46 27.33 0 0.289927 1081.10 543.51 29.48 21.62 0 0.279225 583.15 192.65 27.59 24.22 0 0.276898 829.11 237.02 33.95 25.44 0 0.263900 555.38 286.34 33.27 23.17 0
139,0.567588 502.28 123.47 57.74 41.76 0 0.550121 566.11 122.26 37.17 37.39 0 0.432286 1566.39 962.48 44.87 31.08 0 0.415228 898.01 426.10 60.13 45.47 0 0.385511 672.40 211.95 58.46 48.09 0 0.350627 543.47 129.50 44.44 43.78 0 0.347483 688.30 0.00 29.22 20.95 0 0.344285 853.87 297.81 70.39 58.72 0 0.325801 332.58 33.08 43.44 38.21 0 0.318355 907.02 434.94 58.87 40.46 0 0.311202 588.50 542.86 36.03 34.10 0 0.293580 230.32 34.45 36.16 36.88 0 0.292777 578.16 548.50 41.84 37.42 0 0.290684 345.72 35.49 36.12 33.78 0 0.270042 756.45 573.80 44.67 37.54 0 0.265132 43.77 61.71 43.77 54.43 0 0.261583 230.31 44.52 38.00 39.80 0 0.253656 931.93 186.86 45.93 43.42 0
140,0.596929 813.55 1016.95 74.22 30.58 0 0.582291 580.44 1007.21 61.26 39.81 0 0.482155 827.77 827.78 66.52 32.49 0 0.465878 585.97 864.57 46.91 31.45 0 0.411853 825.63 1011.67 63.22 37.53 0 0.405805 679.10 695.65 54.53 44.17 0 0.391975 700.56 696.40 47.68 44.82 0 0.369838 825.93 847.06 63.01 35.77 0 0.369803 826.38 705.90 65.03 48.72 0 0.359671 1788.23 8.54 40.80 32.35 0 0.338005 823.97 1024.32 58.32 44.66 0 0.336033 1868.14 22.92 38.51 34.32 0 0.328118 832.43 725.95 67.43 34.45 0 0.306837 676.01 902.06 57.14 31.31 0 0.303429 369.97 0.00 56.68 42.04 0 0.300490 382.23 0.41 52.86 44.14 0 0.284900 689.25 468.67 37.08 35.31 0 0.283947 589.76 819.56 46.84 32.17 0 0.278570 609.97 823.98 85.29 66.08 0 0.275670 1291.37 0.00 39.81 23.69 0 0.266838 592.77 839.88 57.46 47.51 0 0.262276 369.62 6.01 62.19 63.02 0 0.259887 829.60 858.22 62.63 42.89 0
141,0.418759 1122.10 719.29 57.74 31.63 0 0.366999 1105.16 714.22 44.41 37.93 0 0.309766 1120.04 712.88 57.70 33.11 0 0.302350 1113.81 719.24 54.68 28.47 0 0.267499 1101.53 703.47 50.05 43.83 0 0.255732 1691.41 868.74 36.62 36.02 0
142,0.314181 765.22 630.95 62.41 37.58 0 0.312924 833.10 848.44 65.58 37.17 0 0.281153 1090.25 76.34 41.43 38.30 0 0.268683 1664.92 301.23 41.54 35.20 0 0.263582 1076.61 74.24 40.93 39.64 0
143,0.493313 464.82 868.18 44.06 41.36 0 0.483040 583.40 127.86 46.95 38.03 0 0.479078 641.47 716.19 70.12 49.75 0 0.389587 947.61 908.42 54.43 47.81 0 0.292237 1189.25 741.28 38.59 47.26 0 0.288105 913.53 596.08 54.45 52.74 0 0.273064 635.44 716.86 53.89 51.36 0 0.272505 601.24 720.71 86.65 65.19 0
144,0.303274 882.60 368.35 57.32 35.93 0 0.281996 391.14 410.79 47.95 33.95 0
145,0.287697 845.18 630.55 71.42 35.07 0 0.258509 645.61 347.78 91.31 73.09 0
146,0.477236 1171.38 624.13 67.79 43.87 0 0.471255 1135.31 608.51 95.53 63.58 0 0.360028 1109.66 601.83 73.51 67.76 0 0.324179 703.77 471.82 94.98 66.08 0 0.319575 1116.33 601.85 89.54 69.74 0 0.262563 1120.14 609.18 87.15 49.57 0
147,
148,0.489389 435.23 748.12 98.69 57.78 0 0.426238 56.57 903.99 49.26 48.57 0 0.406940 1216.73 720.42 35.74 35.90 0 0.395173 102.54 1014.40 68.57 47.84 0 0.387122 138.89 1007.69 61.99 46.92 0 0.384913 442.20 733.68 99.84 63.44 0 0.380869 413.73 744.23 100.06 65.09 0 0.366403 648.96 316.10 67.47 29.84 0 0.350551 467.90 730.56 90.44 62.17 0 0.342264 1179.95 892.08 52.83 34.50 0 0.336110 62.47 887.76 65.80 50.65 0 0.323833 484.33 370.22 51.87 40.09 0 0.323531 1397.40 1034.53 62.22 43.62 0 0.322207 1175.90 717.24 69.16 42.73 0 0.316795 117.00 1013.21 78.01 61.18 0 0.311271 584.41 908.99 40.20 34.06 0 0.297764 1287.52 173.18 43.92 38.18 0 0.283683 659.07 315.00 63.01 34.04 0 0.283425 1122.16 290.63 62.59 42.58 0 0.281956 1379.04 929.96 49.94 31.16 0 0.281105 481.28 921.10 64.71 52.07 0 0.278379 1714.79 845.10 39.70 37.82 0 0.268706 1256.66 583.28 53.46 36.43 0 0.266850 449.12 372.55 77.23 48.70 0 0.266264 1476.68 718.22 44.89 33.26 0 0.263453 103.05 1019.61 61.43 58.20 0 0.259020 444.69 378.14 44.65 47.36 0 0.258537 1096.56 269.16 82.15 28.16 0
149,0.442836 1260.37 316.40 71.48 31.11 0 0.433064 1378.14 19.76 53.26 29.93 0 0.428681 877.77 774.29 37.85 42.55 0 0.399758 1481.39 112.73 44.97 36.94 0 0.395470 1265.90 364.14 68.12 27.33 0 0.368899 1450.58 463.53 44.56 33.89 0 0.367588 1384.05 24.20 56.97 30.50 0 0.367244 921.49 762.74 39.73 40.80 0 0.357839 1179.79 654.78 60.43 32.21 0 0.354846 1141.36 219.38 59.63 30.67 0 0.352608 922.54 747.62 44.93 41.11 0 0.335438 1183.12 798.86 70.68 34.56 0 0.331325 1732.40 240.68 65.23 29.16 0 0.316442 1138.96 183.92 59.39 57.32 0 0.311676 1750.60 236.12 54.59 30.69 0 0.301888 726.60 256.74 50.35 30.45 0 0.291157 729.77 348.78 49.68 34.08 0 0.276088 1154.12 217.70 53.82 29.97 0 0.274414 747.62 351.41 48.56 41.17 0 0.265914 877.95 789.23 39.04 38.83 0 0.265008 882.55 762.18 80.50 46.68 0 0.261208 718.55 341.56 52.06 43.85 0 0.261066 1266.93 333.59 66.20 45.02 0 0.254517 711.56 142.35 61.35 53.77 0
150,
151,0.476547 495.69 739.89 77.34 53.72 0 0.462748 719.18 940.04 60.00 40.06 0 0.451238 513.78 737.03 92.83 56.09 0 0.421141 494.92 716.18 85.28 61.11 0 0.416393 545.73 567.22 67.97 55.10 0 0.372603 533.93 695.32 62.13 31.30 0 0.369405 647.76 541.30 66.42 45.31 0 0.368982 810.16 586.16 77.51 38.93 0 0.363684 828.35 596.86 60.14 45.38 0 0.361967 778.04 728.26 63.34 34.35 0 0.359447 832.87 582.92 58.58 41.33 0 0.344589 508.40 698.51 106.88 71.86 0 0.329508 547.62 557.67 72.35 43.57 0 0.317739 816.10 562.92 75.96 39.89 0 0.314704 1860.00 2.48 37.32 31.34 0 0.311918 718.30 919.56 66.19 36.70 0 0.311074 639.87 542.27 61.67 51.45 0 0.306395 1844.45 0.00 39.36 34.62 0 0.293408 1152.61 1016.55 46.78 35.12 0 0.286440 656.20 547.04 54.13 44.29 0 0.279923 588.48 745.41 75.27 33.74 0 0.264680 771.38 746.44 55.62 33.10 0 0.263483 561.44 562.23 69.23 60.50 0 0.261487 731.85 893.78 69.50 29.98 0 0.260689 580.97 529.96 106.28 64.64 0 0.255940 731.57 838.24 72.56 37.20 0 0.250188 731.16 864.18 69.17 32.82 0
152,0.409537 707.10 609.93 46.19 34.70 0 0.377346 755.76 126.86 34.94 35.51 0 0.326359 669.63 1030.11 48.47 48.08 0 0.293335 742.59 122.08 45.55 42.38 0 0.268405 679.74 1035.89 45.42 40.00 0
153,
154,0.351260 915.16 530.21 62.57 32.89 0 0.340254 1020.57 539.47 45.73 35.34 0 0.296008 998.58 537.51 46.20 36.09 0 0.252776 945.04 530.28 44.38 34.66 0
155,0.407602 1140.86 688.04 49.80 33.51 0 0.316305 60.23 636.15 49.51 34.78 0 0.306647 871.52 314.29 60.92 37.85 0 0.295322 1814.88 937.34 44.74 34.78 0
156,0.636031 852.10 556.54 62.87 35.18 0 0.480214 850.77 562.53 64.31 53.98 0 0.475403 840.32 559.18 63.38 56.96 0 0.397549 837.21 558.46 68.87 33.55 0 0.393220 640.09 632.73 67.51 34.01 0 0.392202 1431.56 0.14 48.47 38.18 0 0.391587 830.71 553.76 64.81 47.06 0 0.380408 577.02 820.65 59.69 40.16 0 0.379700 573.41 831.09 63.89 47.19 0 0.366146 1446.24 1.18 45.83 40.06 0 0.360323 522.61 745.13 65.94 43.73 0 0.357748 566.06 823.71 58.07 62.12 0 0.345601 631.22 697.04 58.59 32.44 0 0.323143 601.87 518.70 55.25 52.39 0 0.303854 502.62 832.79 58.17 48.63 0 0.298121 700.76 986.72 60.10 36.06 0 0.286113 748.64 858.04 58.14 40.46 0 0.279703 752.37 825.68 67.70 37.34 0 0.277646 685.11 502.29 50.16 44.35 0 0.260859 565.58 820.74 59.98 40.85 0 0.256727 748.37 847.17 61.64 34.46 0 0.255798 491.44 832.34 61.17 37.66 0 0.254933 790.18 676.84 66.68 36.36 0 0.252082 299.86 120.23 69.95 45.74 0 0.251768 693.74 501.92 59.73 37.13 0 0.250343 759.51 840.27 57.81 42.99 0
157,0.319338 1860.69 29.20 48.94 37.28 0 0.317235 1245.93 501.95 64.63 50.98 0 0.309526 619.40 459.07 58.10 45.78 0 0.299372 1109.71 481.96 110.18 75.00 0 0.285368 64.33 821.97 30.77 32.77 0 0.250146 1128.19 480.27 123.77 74.73 0
158,0.387519 1231.83 514.94 61.93 41.89 0 0.373860 1244.47 509.12 64.91 44.68 0 0.334084 900.30 375.47 51.60 36.51 0 0.315262 919.09 379.68 52.97 42.83 0 0.305409 1118.37 488.99 82.89 61.29 0
159,0.616838 1331.03 684.37 34.33 33.46 0 0.580290 1236.49 324.16 47.68 31.86 0 0.354071 1649.60 529.64 88.36 69.23 0 0.299683 633.26 687.62 36.51 31.86 0 0.298021 1826.36 503.20 59.95 32.28 0 0.257285 1648.63 520.44 80.91 56.56 0 0.254759 1319.26 678.31 46.12 41.19 0
160,0.727013 319.47 561.06 53.39 39.20 0 0.702706 756.40 677.04 46.84 42.12 0 0.476814 680.07 512.96 91.08 63.36 0 0.461311 731.85 424.37 57.90 39.32 0 0.396725 745.25 411.05 49.73 43.71 0 0.386338 326.70 563.48 68.50 45.18 0 0.375842 656.49 515.77 96.24 61.83 0 0.372883 671.23 659.38 69.74 59.18 0 0.352278 352.26 656.49 75.34 41.55 0 0.342591 312.26 550.48 48.79 52.25 0 0.338289 364.49 555.00 43.18 44.68 0 0.319402 1137.08 198.04 55.13 33.74 0 0.300275 329.84 687.59 49.72 46.10 0 0.300229 1471.04 507.99 70.00 40.53 0 0.295106 332.52 656.60 83.92 50.50 0 0.290801 1077.69 730.48 62.32 34.18 0 0.289406 761.44 680.85 44.42 45.56 0 0.285888 319.32 561.67 34.03 47.08 0 0.285076 356.29 661.69 60.82 58.28 0 0.280303 755.33 293.19 42.00 36.45 0 0.275623 338.06 690.34 64.43 41.04 0 0.274362 273.89 390.62 49.00 37.69 0 0.265973 1762.61 775.36 40.44 34.95 0 0.262211 556.17 281.29 58.12 43.28 0 0.254226 714.52 392.29 77.70 35.66 0 0.252927 568.89 257.81 78.24 55.15 0 0.251416 492.08 287.63 36.18 43.94 0 0.250735 763.89 677.92 51.67 41.33 0
161,
162,0.583535 1013.28 595.52 50.16 40.10 0 0.494119 660.85 601.15 42.04 40.36 0 0.492297 904.53 585.02 41.79 48.03 0 0.472811 884.08 584.18 49.28 39.21 0 0.442491 634.67 600.78 49.61 38.09 0 0.433118 727.50 585.24 66.47 45.81 0 0.413882 974.86 580.40 50.66 47.93 0 0.390709 705.69 450.16 81.52 53.34 0 0.384728 986.78 586.51 71.77 37.79 0 0.383971 947.50 579.79 43.34 46.39 0 0.379502 589.94 597.46 44.84 39.75 0 0.377982 680.73 595.86 44.80 45.48 0 0.356780 1505.59 258.62 76.72 49.04 0 0.341622 589.52 480.22 42.67 43.75 0 0.338167 1006.38 586.66 55.54 36.06 0 0.336504 994.76 591.92 63.21 41.47 0 0.334046 737.72 586.15 86.89 46.18 0 0.321436 773.08 597.84 58.98 41.28 0 0.316980 570.64 592.55 39.72 52.02 0 0.315215 607.42 598.90 49.87 39.16 0 0.312450 1526.01 264.36 55.34 44.96 0 0.307982 760.45 589.77 76.50 42.92 0 0.297212 540.89 486.08 42.29 37.36 0 0.295783 913.39 581.84 42.52 39.96 0 0.290450 980.86 586.36 47.16 47.32 0 0.283940 661.35 464.67 40.93 49.39 0 0.277052 562.01 586.53 50.79 39.06 0 0.270279 632.18 481.41 44.60 39.95 0 0.263338 564.64 626.02 43.47 45.25 0 0.259299 955.52 587.85 38.47 45.22 0 0.258085 611.61 477.09 52.99 47.62 0 0.256329 1502.62 246.73 71.01 41.54 0 0.255237 1216.48 460.95 31.04 34.69 0 0.251623 592.33 455.18 43.82 53.42 0
163,0.584579 1548.88 938.77 81.00 48.26 0 0.451728 691.53 426.74 59.88 33.71 0 0.447741 1563.56 934.54 89.85 56.39 0 0.433971 1546.48 930.51 69.19 52.70 0 0.432844 1505.92 837.71 74.22 59.68 0 0.428049 1789.73 789.89 71.99 51.90 0 0.378887 696.00 414.14 57.98 40.84 0 0.373331 1537.99 911.68 63.96 52.38 0 0.340625 755.72 666.58 42.21 37.36 0 0.338271 1546.26 917.33 79.61 52.54 0 0.323091 1491.68 830.43 66.02 63.50 0 0.320244 1555.50 917.68 89.92 62.45 0 0.318025 1324.10 903.08 93.57 58.07 0 0.315552 1599.94 940.64 66.80 46.68 0 0.314377 250.93 1023.06 50.98 55.83 0 0.308294 1313.63 890.22 42.13 38.81 0 0.303756 689.45 410.47 47.04 48.24 0 0.296218 1508.53 825.04 67.10 46.18 0 0.294905 1321.76 889.42 53.61 44.50 0 0.293654 1761.78 124.28 53.70 40.09 0 0.292551 1622.33 122.15 47.52 39.14 0 0.280839 1240.84 930.55 74.06 57.73 0 0.279338 1550.76 942.29 93.13 57.20 0 0.271739 1505.75 856.99 73.45 61.11 0 0.271466 1079.68 982.80 56.72 33.46 0 0.270061 1054.72 1003.66 95.65 65.22 0 0.266224 283.20 1011.68 80.79 50.07 0 0.265621 1048.76 374.84 42.14 36.49 0 0.264548 1327.76 877.82 91.61 59.74 0 0.263936 171.48 230.27 34.47 41.17 0
164,0.556009 367.55 101.31 42.62 41.50 0 0.537484 369.80 114.75 40.67 36.05 0 0.527552 426.04 106.98 30.68 40.33 0 0.430056 352.55 541.12 37.79 50.15 0 0.398936 428.24 117.84 31.21 33.06 0 0.377708 369.54 109.44 73.64 35.88 0 0.370211 411.61 546.31 60.81 46.12 0 0.353771 550.03 211.12 51.32 47.29 0 0.346502 641.04 341.36 41.07 41.66 0 0.341775 1094.55 299.32 36.90 34.01 0 0.330087 946.60 131.83 44.99 28.95 0 0.328096 916.58 433.91 54.96 43.81 0 0.315571 361.59 109.73 40.31 42.59 0 0.312452 1307.62 503.59 48.53 42.85 0 0.300326 424.91 550.05 59.55 39.73 0 0.296699 1304.87 751.63 57.97 32.58 0 0.292467 931.30 76.47 56.32 26.32 0 0.287627 537.60 214.65 51.58 40.13 0 0.285800 1283.58 502.46 51.51 46.41 0 0.281537 397.30 533.42 51.99 52.84 0 0.278097 498.58 217.82 42.78 39.20 0 0.272605 1348.06 504.34 43.76 34.28 0 0.264545 405.39 538.74 72.14 39.86 0 0.264266 422.61 965.66 33.94 33.88 0 0.259227 1204.64 408.57 53.70 41.01 0 0.252682 459.98 346.47 41.80 53.10 0 0.251758 1040.13 508.25 62.08 34.99 0 0.251237 349.18 533.66 38.16 41.17 0
165,0.358641 569.47 618.01 54.76 44.10 0 0.335020 539.82 634.10 47.19 37.56 0 0.298802 591.08 374.94 39.42 38.06 0 0.268273 771.07 863.14 55.67 36.02 0 0.265388 1152.25 1027.97 39.20 41.29 0 0.254221 539.93 647.21 45.50 40.40 0
166,0.485115 988.52 140.70 61.84 46.62 0 0.458674 369.67 604.59 50.59 38.12 0 0.444114 1661.32 685.12 47.92 36.55 0 0.372307 1008.36 167.38 61.46 36.68 0 0.336923 592.73 704.95 48.31 54.55 0 0.332063 1001.25 147.55 60.45 45.40 0 0.331044 206.87 916.75 40.29 44.74 0 0.321331 344.12 697.03 49.54 36.46 0 0.305993 453.56 779.55 62.85 54.92 0 0.301876 436.63 788.32 59.66 43.66 0 0.300596 364.45 607.08 63.11 60.01 0 0.297118 600.00 718.82 61.19 35.77 0 0.286970 126.20 268.40 54.05 42.35 0 0.275730 369.43 690.89 55.72 41.74 0 0.274797 689.80 657.81 66.86 52.98 0 0.261024 1667.64 694.00 44.02 31.94 0
167,0.305930 495.64 288.58 81.15 48.00 0 0.277445 1849.68 962.07 49.10 32.77 0
168,0.469272 923.11 528.64 71.91 44.05 0 0.360042 917.46 533.29 62.39 47.99 0 0.260167 926.82 518.28 87.33 58.24 0
169,0.389415 927.54 519.85 85.38 48.13 0 0.351413 1199.68 457.29 52.72 43.82 3 0.314467 458.60 430.68 57.61 36.04 0 0.281470 932.08 510.16 88.17 50.69 0 0.279278 1449.50 658.57 64.38 38.32 0 0.277641 297.68 699.39 42.71 35.94 0 0.275125 968.41 503.03 85.24 55.34 0 0.274101 1186.96 441.45 75.21 53.62 0 0.267645 279.19 702.51 45.91 55.83 0 0.255354 91.69 764.86 59.95 42.96 0 0.254641 71.38 774.76 66.02 41.43 0 0.251269 425.93 1024.58 56.78 55.42 0 0.250156 1468.63 666.08 50.70 36.20 0
170,0.407791 555.12 562.29 53.13 32.72 0 0.339193 601.48 283.45 42.55 43.41 0 0.291962 556.64 571.66 51.08 43.17 0 0.262384 545.65 554.55 61.04 47.45 0 0.260158 499.49 860.20 55.00 55.36 0
171,0.270047 879.32 552.36 82.81 43.28 0
172,0.292213 1678.43 526.04 38.76 37.58 0 0.280010 1690.98 527.29 46.09 36.56 0
173,0.458676 75.59 278.93 45.76 38.21 0 0.296005 228.54 341.18 27.23 24.02 0 0.293748 1200.08 302.84 35.98 26.07 0 0.257783 64.78 281.94 34.77 38.33 0
174,0.265296 771.97 1021.40 46.67 34.86 0
175,0.392649 656.99 817.62 49.53 37.42 0 0.318895 656.09 799.34 50.31 35.72 0 0.277892 849.10 414.83 37.99 35.74 0 0.266290 707.73 292.68 40.02 35.96 0 0.257478 835.38 410.78 39.99 40.10 0
176,0.318597 1561.21 398.07 72.37 50.92 0 0.259655 1557.08 383.63 69.15 58.82 0
177,0.385698 1069.41 723.96 75.21 34.98 0 0.380698 1077.66 770.67 68.56 33.84 0 0.319406 1094.84 867.35 78.93 36.09 0 0.283891 638.45 891.81 66.68 36.77 0 0.277592 683.55 582.19 50.41 30.99 0 0.271818 691.43 533.68 64.55 33.90 0 0.263779 616.44 896.10 49.29 41.46 0 0.258002 756.48 53.97 36.49 31.51 0
178,0.495383 63.45 991.56 35.58 31.53 0
179,0.277489 925.63 488.80 40.97 35.38 0
180,0.555805 1110.71 919.42 86.51 57.24 0 0.550586 1145.33 939.13 68.04 46.52 0 0.513204 1112.24 927.80 92.89 67.09 0 0.510168 1130.82 512.42 48.54 42.08 0 0.483285 1083.16 499.26 67.44 50.80 0 0.478601 1092.37 495.65 69.54 44.90 0 0.475533 1097.34 505.95 70.02 45.82 0 0.427907 1103.40 916.25 61.65 50.78 0 0.422866 736.92 564.36 90.53 63.48 0 0.405711 1214.60 535.19 49.73 49.42 0 0.395998 1101.22 922.91 43.72 56.28 0 0.368216 1106.42 923.69 68.32 64.26 0 0.361875 590.06 884.24 90.53 53.38 0 0.357473 1267.64 565.16 61.52 40.31 0 0.354326 1227.04 548.71 70.52 53.66 0 0.350606 1073.17 497.77 54.97 53.55 0 0.332811 1097.04 915.12 43.25 43.98 0 0.324045 592.25 864.45 93.73 53.98 0 0.323833 841.24 413.44 56.24 40.09 0 0.318992 805.28 408.65 51.27 39.35 0 0.311808 1074.85 496.67 68.33 35.17 0 0.308764 609.96 888.54 83.22 48.40 0 0.307311 1238.65 558.82 74.86 47.90 0 0.305098 822.89 410.60 49.09 39.70 0 0.304251 794.32 523.58 54.82 46.37 0 0.302474 999.67 767.37 82.79 51.79 0 0.298616 1040.06 605.52 96.69 68.48 0 0.295285 1073.42 1034.80 59.39 42.58 0 0.293818 999.65 741.16 73.22 43.05 0 0.293189 1070.89 614.79 80.69 59.56 0 0.292667 1217.58 539.82 70.05 47.08 0 0.274949 788.93 577.45 54.43 44.16 0 0.257258 1034.20 600.90 58.71 38.02 0 0.257016 907.40 1001.97 70.69 56.82 0 0.251944 735.22 729.07 69.23 32.72 0
181,0.445876 884.21 501.72 60.84 45.33 0 0.387122 1242.25 500.57 70.93 48.25 0 0.341266 749.47 468.55 58.41 60.56 0 0.323610 445.61 380.35 42.83 50.12 0 0.313030 779.30 492.98 42.90 56.18 0 0.309266 877.98 494.79 68.19 44.44 0 0.303490 768.06 468.10 56.75 58.68 0 0.292592 743.30 496.74 63.39 53.93 0
182,0.320681 923.79 1031.51 50.66 39.68 0 0.307833 1693.83 103.28 39.17 38.03 0 0.303303 916.96 986.27 69.17 46.46 0 0.297251 925.18 1033.43 71.17 35.75 0 0.285416 922.96 1004.31 54.53 46.89 0
183,0.311637 1140.25 531.90 50.91 35.67 0 0.304484 1062.37 530.26 62.24 29.20 0 0.275456 1180.94 531.80 49.13 37.88 0 0.261568 301.57 122.54 42.56 33.95 0
184,0.375834 734.68 536.77 74.37 33.64 0 0.328059 1171.09 552.55 72.36 38.32 0 0.320554 901.76 539.40 45.68 33.38 0 0.275919 1160.70 551.09 61.77 37.05 0 0.273687 1275.88 557.02 55.47 32.39 0
185,0.467890 11.84 146.04 108.17 73.25 0 0.466944 36.18 139.59 97.05 66.38 0 0.403920 32.81 141.77 82.25 55.77 0 0.379925 1696.13 556.72 60.33 34.61 0 0.350197 172.29 170.30 72.16 42.95 0 0.335557 135.18 169.42 101.02 72.46 0 0.309054 148.68 169.63 114.57 74.39 0 0.286859 196.83 204.41 105.39 50.64 0 0.265141 1748.04 864.81 75.66 48.18 0 0.259281 41.76 151.53 110.71 68.05 0
186,0.514347 848.47 311.07 59.80 37.10 0 0.502191 862.38 311.89 49.92 42.18 0 0.499034 721.68 555.95 66.97 43.90 0 0.452366 694.56 322.48 59.00 38.78 0 0.416240 683.36 427.07 43.66 40.98 0 0.407697 856.71 307.35 56.64 35.92 0 0.382069 636.63 432.96 42.47 30.45 0 0.374284 657.78 432.83 53.10 31.81 0 0.372010 943.88 529.92 43.33 46.50 0 0.363668 709.10 554.79 52.01 43.15 0 0.350979 838.51 307.19 75.78 30.70 0 0.350318 925.27 535.19 56.33 57.60 0 0.344802 745.48 555.01 64.35 42.85 0 0.334791 609.21 579.99 37.11 40.13 0 0.326399 582.84 580.06 47.51 40.03 0 0.311515 835.03 306.63 86.35 66.10 0 0.306108 942.78 541.58 44.55 49.24 0 0.296822 719.72 321.73 68.29 43.25 0 0.295141 707.93 555.19 52.89 63.31 0 0.288759 938.86 515.93 48.21 42.45 0 0.283014 747.08 323.70 54.09 45.43 0 0.280099 689.05 559.86 44.55 55.64 0 0.276693 838.38 311.69 42.44 39.59 0 0.275059 730.19 324.32 55.22 59.99 0 0.274884 769.85 555.31 50.05 41.92 0 0.271885 665.40 574.11 31.36 47.86 0
187,0.489603 878.86 409.54 62.14 41.08 0 0.480696 861.59 407.75 84.33 38.19 0 0.418170 853.98 382.00 82.12 54.74 0 0.292217 849.85 609.49 68.51 53.54 0 0.255614 819.18 578.62 50.63 47.25 0
188,0.278415 401.61 85.91 33.17 34.38 0
189,0.759011 357.81 158.13 74.03 56.76 0 0.480231 348.08 150.83 88.79 54.73 0 0.456099 689.79 422.38 75.52 47.91 0 0.438216 370.42 153.51 85.35 63.56 0 0.367611 679.69 433.61 99.95 64.78 0 0.363007 382.89 148.89 96.27 59.82 0 0.360038 556.83 316.90 109.40 69.13 0 0.337890 361.79 148.74 103.91 58.36 0 0.311060 670.69 416.67 89.25 60.52 0 0.279243 702.16 409.90 80.06 45.42 0
190,
191,0.597811 1096.84 402.27 94.85 56.91 0 0.595718 1117.31 410.98 83.46 42.45 0 0.561210 667.52 186.53 69.35 33.16 0 0.556245 676.34 189.96 53.84 40.84 0 0.555499 612.44 361.91 91.03 67.65 0 0.554647 0.00 289.46 47.62 42.27 0 0.530072 299.75 241.36 77.76 50.39 0 0.495327 1092.13 410.10 100.58 67.51 0 0.494521 1103.57 361.45 61.34 37.51 0 0.488593 272.94 241.30 69.76 64.63 0 0.486200 1055.45 425.93 69.72 58.03 0 0.483683 259.69 247.46 46.80 56.06 0 0.464895 1068.08 360.45 51.74 39.09 0 0.448004 1064.01 389.20 118.96 77.67 0 0.441946 289.30 242.78 72.68 57.20 0 0.405549 284.40 232.78 76.31 47.38 0 0.404157 284.11 240.56 69.00 50.86 0 0.374401 1111.52 412.28 88.63 62.02 0 0.373491 149.97 494.16 94.25 58.02 0 0.372123 1057.82 368.84 73.13 61.41 0 0.372013 421.63 235.06 50.68 51.19 0 0.367378 647.69 193.23 40.39 47.76 0 0.364286 151.58 480.98 87.19 62.66 0 0.363322 1089.76 365.88 91.44 76.62 0 0.362093 647.94 361.26 96.73 65.05 0 0.361101 651.35 183.55 77.43 39.75 0 0.345450 120.99 265.11 59.01 44.92 0 0.328498 730.77 649.24 132.72 80.95 0 0.325576 1065.80 359.94 108.17 69.95 0 0.320548 396.64 236.84 55.44 50.74 0 0.315353 1855.44 916.84 62.19 33.19 0 0.313832 604.76 370.41 71.43 60.94 0 0.306735 856.27 951.54 84.44 60.04 0 0.289980 1086.26 361.10 53.09 39.76 0 0.288368 656.30 192.90 63.38 44.48 0 0.279292 1160.82 593.46 146.97 79.75 0 0.275049 1224.88 586.38 105.13 58.89 0 0.269730 1037.45 397.42 104.04 56.51 0 0.268825 630.38 362.99 92.49 64.84 0 0.261354 693.30 190.44 48.17 42.47 0 0.257968 827.48 955.47 89.28 66.28 0 0.254581 240.81 256.97 33.55 49.21 0
192,0.343529 59.89 25.12 41.62 38.99 0
193,0.296734 499.95 527.43 61.96 44.66 0 0.254139 824.31 461.41 41.78 34.05 0
194,0.418812 101.63 291.74 43.23 19.61 0 0.386102 1140.29 271.79 26.42 25.33 0 0.296249 1147.86 273.48 29.05 23.61 0 0.261957 563.60 103.77 26.31 25.99 0 0.261710 1249.93 512.90 29.36 25.79 0 0.260899 84.16 592.54 45.47 17.27 0
195,0.342738 1270.27 273.75 26.86 22.26 0 0.284172 1118.20 21.71 24.84 23.85 0
196,0.383172 1740.52 46.82 40.46 29.74 0 0.301285 114.94 652.39 39.93 35.05 0 0.260283 461.88 798.28 50.36 31.24 0
197,0.640327 466.28 152.85 41.24 26.73 0 0.458732 453.38 153.89 47.84 23.33 0 0.413808 465.92 145.05 41.41 25.31 0 0.364071 397.03 617.16 43.06 29.23 0 0.328947 446.88 141.16 42.73 33.91 0 0.328609 387.05 604.42 34.91 31.67 0 0.324451 451.46 150.83 36.59 31.28 0 0.319580 388.75 609.68 43.17 23.17 0 0.301637 392.41 614.20 41.67 29.37 0 0.298132 665.66 405.58 29.15 26.51 0 0.272600 466.27 391.48 29.14 25.96 0 0.267930 456.30 157.35 44.36 32.45 0 0.251074 388.65 601.74 43.11 23.12 0
198,0.396751 926.87 825.19 45.25 37.10 0 0.336352 399.58 779.78 76.20 39.38 0 0.315899 402.68 790.29 67.68 43.82 0 0.294672 1200.90 842.72 48.89 34.01 0 0.294380 936.80 823.38 50.29 34.83 0 0.293258 1812.80 1036.47 33.76 29.30 0 0.291074 1164.14 898.32 50.35 38.02 0 0.285220 1641.42 291.03 56.32 49.15 0 0.281467 421.17 776.05 62.33 38.35 0 0.278511 691.96 740.31 63.84 47.73 0 0.251086 1287.52 605.39 37.29 33.85 3
199,0.526775 1057.70 482.36 65.60 56.52 0 0.503689 1058.69 482.68 60.04 38.95 0 0.326845 1420.92 839.16 55.42 43.09 0
200,0.589857 1097.91 76.07 33.70 33.24 0 0.445011 1095.73 70.39 36.34 28.78 0 0.276882 1102.20 72.25 37.97 27.70 0 0.270975 1076.08 61.79 49.87 26.33 0 0.264361 1076.90 61.42 29.35 37.87 0 0.252129 917.38 68.96 42.84 25.47 0
201,0.699055 1079.80 329.67 65.51 52.17 0 0.661101 951.51 477.57 45.94 39.28 0 0.619520 926.74 476.69 36.71 44.77 0 0.614336 1048.64 325.81 50.17 54.43 0 0.611334 706.75 333.11 47.36 33.68 0 0.610611 864.90 476.53 60.91 48.95 0 0.582818 850.74 477.94 48.39 45.93 0 0.560261 968.33 478.02 50.16 46.04 0 0.539106 891.69 478.65 46.54 45.15 0 0.493037 1096.55 480.94 41.70 51.65 0 0.467123 1092.83 324.98 85.22 59.78 0 0.465329 705.33 320.94 44.46 39.44 0 0.463967 1056.35 323.36 79.32 57.39 0 0.449617 7.47 797.40 44.61 32.73 0 0.447422 916.66 470.56 65.96 44.60 0 0.445538 996.08 479.65 44.77 38.74 0 0.442619 1127.45 343.22 62.21 43.50 0 0.430550 690.80 331.95 45.96 33.33 0 0.425168 1043.35 477.53 32.36 45.62 0 0.422533 1021.20 471.32 54.21 36.93 0 0.394100 1158.47 352.23 52.31 41.86 0 0.390338 959.07 471.67 59.43 38.75 0 0.388853 1048.08 313.88 42.45 49.89 0 0.379789 1022.46 479.48 43.90 34.19 0 0.355115 946.23 467.12 59.53 43.29 0 0.353519 1157.37 486.69 53.87 38.18 0 0.350992 715.14 314.46 49.29 44.56 0 0.325116 830.44 472.29 52.64 51.94 0 0.322191 683.36 321.18 63.15 41.03 0 0.311110 843.60 702.75 56.85 37.07 0 0.304260 1185.32 486.05 36.17 39.44 0 0.301996 1148.44 349.10 62.86 36.50 0 0.301131 1043.63 470.17 29.87 35.10 0 0.298717 764.10 299.35 32.35 54.74 0 0.298397 1602.88 422.99 50.06 49.11 0 0.293625 204.16 793.28 51.52 28.91 0 0.287464 705.63 330.05 64.11 37.99 0 0.279881 1094.39 468.48 42.09 47.52 0 0.278901 1650.10 671.21 42.08 40.26 0 0.275224 1624.00 552.73 43.39 42.40 0 0.274128 1077.10 319.08 61.86 44.64 0 0.273578 671.23 321.97 42.08 43.04 0 0.271673 1027.72 322.72 46.98 51.63 0 0.271444 979.39 472.74 74.25 46.39 0 0.269107 1058.60 335.50 73.87 54.17 0 0.255158 1059.07 465.66 72.48 58.70 0 0.252943 1622.60 538.43 45.67 34.43 0
202,0.274315 476.29 211.95 104.64 59.55 0
203,
204,0.809264 677.31 607.56 55.26 59.09 0 0.723127 671.73 459.98 64.84 40.87 0 0.643744 709.50 464.28 82.43 42.51 0 0.635720 650.81 604.10 75.97 65.64 0 0.626808 684.32 461.06 85.73 46.36 0 0.547908 433.60 358.68 52.87 48.70 0 0.547162 760.23 623.88 47.53 46.34 0 0.539727 521.92 522.06 63.21 44.62 0 0.532893 332.45 503.47 48.99 52.07 0 0.531595 516.36 527.70 50.31 38.76 0 0.514814 515.32 508.12 51.34 47.54 0 0.487965 350.75 502.60 68.30 53.91 0 0.486612 546.02 236.66 43.55 44.23 0 0.460019 350.18 619.93 72.03 52.54 0 0.450686 699.06 606.77 47.09 60.98 0 0.436238 523.25 509.78 64.14 40.73 0 0.427646 713.35 474.50 66.77 45.91 0 0.424776 557.95 240.51 54.02 38.90 0 0.413233 668.57 608.84 71.53 41.49 0 0.391994 648.59 457.61 78.25 67.50 0 0.379595 667.50 447.53 81.30 48.77 0 0.362045 794.73 145.69 56.80 47.04 0 0.361644 686.89 444.86 81.91 50.56 0 0.357440 679.53 457.92 60.14 66.84 0 0.348677 275.61 334.37 58.22 40.46 0 0.345175 349.52 629.88 53.83 53.85 0 0.330866 684.37 330.46 83.58 53.07 0 0.323300 353.50 635.82 72.94 51.41 0 0.305241 1781.56 706.15 44.52 36.22 0 0.304390 338.89 508.85 42.68 53.95 0 0.301608 1411.93 123.45 67.82 29.31 0 0.300060 776.78 626.28 41.54 43.73 0 0.297208 333.22 511.22 71.60 45.85 0 0.294392 270.37 338.20 54.88 43.61 0 0.291125 696.18 238.82 63.22 44.53 0 0.289130 488.13 238.96 45.81 45.65 0 0.287705 801.69 166.63 51.49 32.27 0 0.286695 473.63 611.29 64.78 69.71 0 0.278731 432.95 337.96 54.40 51.32 0 0.278051 419.31 361.69 56.59 46.41 0 0.277644 561.11 221.29 45.53 43.11 0 0.277530 377.92 509.48 58.23 48.14 0 0.269900 282.29 316.01 53.01 34.01 0 0.261075 644.40 607.58 85.05 47.62 0 0.260734 334.71 171.75 56.22 31.58 0 0.255870 470.22 239.20 42.89 46.53 0 0.253181 1861.92 369.97 38.34 35.77 0 0.250011 696.17 609.12 50.54 43.42 0
205,0.271658 180.55 676.91 26.20 27.89 0
206,
207,0.308336 1688.86 316.78 43.60 31.85 0 0.274846 535.79 513.47 45.69 35.26 0 0.262845 1268.43 245.38 39.47 42.73 0 0.251146 47.81 0.00 65.15 24.81 0
208,0.374380 1269.09 647.72 27.27 25.01 0 0.329325 494.04 99.60 39.35 21.79 0 0.296418 483.32 100.81 27.82 22.15 0 0.255687 971.37 153.92 20.61 25.97 0
209,0.455314 598.00 451.34 73.23 52.34 0 0.406898 1124.15 493.15 51.01 68.42 0 0.354474 622.08 305.47 54.54 42.47 0 0.341797 1256.34 508.91 56.87 45.80 0 0.316598 1207.41 503.40 53.00 54.68 0 0.280117 1226.43 521.18 60.27 35.54 0 0.268835 627.30 288.12 54.08 47.19 0 0.259805 1267.38 513.92 65.73 40.07 0
210,0.583119 1031.02 402.76 29.41 37.43 0 0.484612 1070.48 390.91 51.29 47.33 0 0.477133 963.20 405.91 46.86 39.06 0 0.448048 947.27 393.48 57.84 37.82 0 0.414829 601.77 421.25 54.49 52.96 0 0.362894 600.17 419.77 58.08 40.43 0 0.361929 848.91 180.86 48.79 58.63 0 0.358943 896.33 171.18 56.98 66.24 0 0.348882 1082.87 385.54 51.69 39.28 0 0.343133 952.59 390.40 50.39 58.50 0 0.331932 877.96 172.99 44.16 37.00 0 0.318103 1038.37 237.98 56.38 34.89 0 0.315951 663.34 283.59 39.40 47.80 0 0.311936 590.53 280.22 50.56 51.99 0 0.310430 771.21 404.91 70.10 49.39 0 0.310023 1046.86 387.74 41.47 43.46 0 0.305992 1075.34 234.49 66.44 41.04 0 0.304024 1087.40 393.11 46.30 49.25 0 0.296940 1050.78 396.62 42.41 42.83 0 0.287851 999.40 171.23 45.11 41.50 0 0.277612 748.97 264.18 63.78 48.21 0 0.272429 1059.21 376.91 69.28 37.61 0 0.269384 979.45 390.09 62.12 48.34 0 0.268418 888.91 264.08 62.18 38.97 0 0.264178 633.28 419.88 46.19 38.28 0 0.260862 749.30 186.71 63.33 54.74 0 0.256266 558.60 428.48 58.31 48.22 0 0.253854 908.99 243.97 74.92 46.65 0 0.253196 1013.30 170.90 59.23 41.47 0
211,0.334976 601.44 498.63 68.96 46.55 0 0.279342 546.71 365.16 65.14 37.12 0 0.271286 1734.75 10.03 39.44 34.90 0
212,0.476371 428.65 621.01 40.93 33.19 0 0.355428 1271.90 611.05 26.37 25.34 0 0.298005 79.43 690.93 30.92 28.40 0 0.291684 125.38 695.73 24.99 24.27 0 0.271155 743.48 94.24 35.22 23.31 0
213,0.253039 485.64 721.18 65.77 42.19 0
214,
215,0.439475 1050.34 931.47 84.29 50.61 0 0.368719 913.42 915.11 74.88 41.89 0 0.310560 1120.48 558.26 79.15 66.91 0 0.282316 1765.20 952.14 88.53 67.28 0 0.276026 1837.92 1003.82 77.67 42.06 0
216,
217,0.574127 1084.23 459.24 56.42 39.23 0 0.441522 1092.46 696.62 39.55 45.04 0 0.406779 1065.79 683.38 55.14 58.85 0 0.394237 1095.27 457.32 59.76 40.35 0 0.361471 1020.87 681.95 50.12 37.78 0 0.350520 38.66 47.49 42.01 40.27 0 0.324155 1077.58 449.82 65.17 39.27 0 0.317017 1039.56 686.68 52.82 57.80 0 0.316239 968.23 459.67 59.23 36.13 0 0.311716 939.21 459.17 61.46 38.82 0 0.309464 80.52 51.29 52.71 47.12 0 0.304093 1084.13 465.02 56.04 45.50 0 0.300400 997.96 457.49 40.13 38.05 0 0.273059 99.80 46.90 60.72 48.03 0 0.264146 1060.62 682.62 58.84 32.53 0 0.259737 1021.75 687.62 45.96 53.80 0 0.250820 1091.76 678.34 36.65 30.68 0
218,0.317026 1069.55 423.07 44.79 28.47 0 0.274604 51.69 63.60 27.88 36.27 0
219,0.441306 1325.39 1024.16 91.23 50.64 0 0.431023 1283.82 999.78 108.54 65.19 0 0.409568 1309.14 1024.11 89.01 51.25 0 0.397334 1310.02 1000.17 113.14 60.33 0 0.311846 825.85 728.14 94.05 66.81 0 0.278520 461.73 435.43 98.27 61.83 0 0.268624 1301.03 1007.21 100.83 62.38 0
220,0.681630 1626.16 399.09 78.62 50.07 0 0.629544 1456.30 528.02 71.02 30.80 0 0.618146 1659.25 456.95 57.51 32.78 0 0.510648 1650.54 499.10 84.58 47.86 0 0.488073 1618.43 492.25 98.53 45.88 0 0.476787 1611.73 552.48 69.86 30.37 0 0.457511 1623.10 451.58 86.07 41.87 0 0.448990 1616.14 522.57 64.50 53.69 0 0.436113 1628.54 521.17 78.03 55.71 0 0.421938 1655.20 472.74 69.47 53.08 0 0.380565 1661.21 437.85 53.15 39.65 0 0.370478 1688.74 527.85 49.28 35.02 0 0.344226 1455.09 514.06 67.38 36.45 0 0.340301 1615.80 484.44 60.51 45.68 0 0.337055 1593.62 436.60 55.12 36.83 0 0.331142 1593.00 402.73 87.40 57.22 0 0.324933 1627.63 385.46 79.77 32.09 0 0.322185 1636.14 551.48 59.08 28.61 0 0.322086 1660.74 521.59 67.77 48.70 0 0.321783 1620.82 422.90 92.42 54.88 0 0.314068 108.61 578.77 43.01 39.50 0 0.305443 1457.12 522.96 52.35 38.58 0 0.304428 1615.72 505.17 51.78 29.26 0 0.296651 1660.59 409.70 52.04 31.33 0 0.293797 1589.61 386.67 57.83 38.22 0 0.291929 1436.32 322.82 64.52 28.72 0 0.290342 108.16 595.72 46.04 49.69 0 0.289452 1597.70 455.31 54.59 33.54 0 0.285002 78.89 579.85 53.80 37.63 0 0.283434 1453.75 507.41 58.49 45.25 0 0.277462 1598.08 379.28 85.44 52.02 0 0.272979 1591.86 411.12 54.74 41.54 0 0.269751 1621.55 471.35 92.63 54.23 0 0.268756 1449.74 360.96 59.54 38.98 0 0.266457 84.63 589.45 50.78 55.62 0 0.255266 1439.91 338.93 59.33 33.31 0
221,0.692131 346.28 357.59 42.78 33.97 0 0.594655 338.08 348.93 46.15 46.63 0 0.568763 342.31 350.65 46.44 33.82 0 0.428847 328.85 343.57 63.06 43.54 0 0.417358 449.39 601.85 52.98 42.14 0 0.398664 463.15 605.81 52.50 37.10 0 0.375531 1287.40 746.65 59.40 42.13 0 0.353768 881.76 664.54 49.05 39.44 0 0.347155 1071.85 555.50 34.19 35.00 0 0.338541 391.85 794.12 55.49 40.62 0 0.335180 883.83 675.08 57.17 41.28 0 0.333889 854.36 772.68 48.89 39.91 0 0.326772 735.28 585.06 32.26 33.51 0 0.319214 953.80 670.94 28.95 46.97 0 0.315264 522.75 460.64 53.62 37.95 0 0.310695 494.37 459.09 56.16 38.30 0 0.296397 1306.91 746.07 59.15 39.54 0 0.292651 1072.04 363.31 48.32 28.94 0 0.282201 326.50 793.35 49.65 35.64 0 0.280194 905.91 363.92 59.36 47.39 0 0.273351 1159.65 656.61 54.88 39.51 0 0.272428 321.12 780.35 57.76 44.14 0 0.270739 918.22 670.02 51.46 44.45 0 0.261279 1219.35 868.86 43.92 44.71 0 0.253148 916.70 370.95 47.58 35.36 0
222,
223,
224,0.511773 922.04 891.19 44.80 37.20 0 0.440699 1171.83 1002.10 68.61 52.32 0 0.428821 1198.13 1009.66 65.02 40.55 0 0.403763 1047.79 1040.36 64.85 38.41 0 0.393223 1021.53 1040.45 48.08 38.86 0 0.343445 1024.76 1037.44 77.31 42.56 0 0.330686 1453.92 50.05 39.95 36.83 0 0.312440 1227.90 1011.59 41.24 36.75 0 0.307873 1595.77 313.43 44.42 36.13 0 0.280832 928.95 485.32 44.56 39.94 0 0.279778 1021.23 1042.77 82.55 37.13 0 0.257342 1831.96 283.69 51.69 51.37 0
225,0.317344 820.29 221.84 62.60 40.68 0 0.293298 979.05 756.16 43.03 50.41 0 0.286142 663.84 704.22 75.96 35.36 0
226,0.447455 1118.08 539.49 44.73 34.32 0 0.423388 1281.64 553.57 49.95 31.40 0 0.317436 1102.26 532.87 43.02 38.66 0 0.315625 1126.26 537.39 49.13 37.15 0 0.258076 1261.86 552.93 43.87 29.30 0 0.253541 238.96 247.63 60.37 31.73 0
227,0.299741 1699.56 280.13 32.51 41.74 0
228,
229,0.376871 1383.76 1035.47 49.48 40.94 0 0.302034 1370.11 291.03 58.17 46.29 0
230,0.343309 490.04 348.59 39.41 32.81 0
231,0.728723 598.34 814.29 66.43 33.53 0 0.697078 917.73 497.36 93.76 54.59 0 0.641136 927.76 695.49 87.93 50.02 0 0.622009 904.76 507.07 89.39 58.97 0 0.545553 589.48 802.56 79.08 38.73 0 0.508376 1020.42 104.94 86.11 45.61 0 0.505859 586.71 766.43 81.80 43.09 0 0.490291 901.66 501.21 82.47 51.59 0 0.479167 585.32 226.19 96.25 57.67 0 0.469888 579.90 798.49 76.06 43.68 0 0.447958 898.53 508.56 61.60 62.54 0 0.421127 896.09 37.26 84.84 53.76 0 0.409575 1020.60 103.36 54.85 46.12 0 0.371760 1123.91 623.44 58.30 43.80 0 0.365130 1064.86 588.40 114.48 70.14 0 0.353650 1093.14 688.15 88.21 43.30 0 0.349831 612.40 23.66 75.86 53.43 0 0.343082 1074.21 554.41 66.91 42.08 0 0.333522 591.25 212.61 87.03 54.94 0 0.333460 636.71 74.91 81.92 39.84 0 0.329250 577.54 752.81 70.17 36.99 0 0.312195 918.42 696.15 108.30 65.11 0 0.309631 878.23 128.24 100.63 70.79 0 0.307885 895.33 141.38 91.76 59.01 0 0.307424 610.09 811.69 63.07 40.28 0 0.304409 1091.98 605.71 93.35 43.46 0 0.297434 906.92 19.58 70.80 53.14 0 0.274064 1095.40 618.64 88.05 53.53 0 0.271339 971.44 848.76 54.52 51.65 0 0.267160 880.57 121.73 58.91 43.34 0 0.266877 893.82 117.86 91.97 48.18 0 0.264920 1046.37 223.61 88.63 37.43 0 0.264637 1120.43 606.84 65.05 40.42 0 0.252081 969.77 843.62 85.16 56.15 0 0.251441 878.72 7.07 83.33 51.81 0 0.251204 633.72 114.62 81.08 42.00 0
232,0.466546 657.04 513.68 48.77 34.21 0 0.451979 681.23 360.29 44.58 46.12 0 0.418208 640.06 514.64 50.80 41.30 0 0.401150 1413.39 189.24 61.54 46.99 0 0.396225 509.34 511.19 47.47 43.94 0 0.393885 648.45 379.63 61.07 45.41 0 0.367710 805.62 510.32 42.45 38.75 0 0.367312 649.01 359.65 59.31 47.88 0 0.355425 670.67 508.24 54.38 37.67 0 0.354222 633.33 508.70 65.40 43.31 0 0.349788 654.54 396.66 57.87 52.48 0 0.341100 540.14 511.56 52.47 44.40 0 0.341031 563.63 510.45 49.68 42.81 0 0.334386 618.12 375.05 50.84 59.03 0 0.320638 659.76 511.69 52.42 44.33 0 0.316197 809.67 513.84 37.80 44.61 0 0.309171 1408.55 171.32 53.64 37.81 0 0.288451 851.74 504.19 40.49 47.19 0 0.274422 680.79 376.63 49.23 45.80 0 0.268273 788.77 507.61 43.82 43.12 0 0.267875 705.06 507.06 43.97 35.30 0 0.257896 603.21 502.41 66.56 52.79 0 0.252662 918.60 511.44 45.97 37.51 0 0.252035 1408.80 174.88 54.53 64.89 0 0.250083 490.28 516.39 46.14 36.70 0
233,
234,0.662332 879.13 914.83 74.46 40.04 0 0.381321 874.88 913.94 65.07 48.02 0 0.374461 1405.68 334.45 44.33 30.64 0 0.368395 880.84 867.42 63.35 33.99 0 0.346133 728.75 770.52 43.00 32.71 0 0.303592 877.05 922.97 75.82 53.34 0 0.275818 1389.70 326.69 50.14 46.74 0 0.269942 1820.32 384.70 32.90 39.24 0 0.269738 1456.29 417.39 46.05 52.56 0 0.253646 1428.85 507.97 45.83 41.27 0
235,
236,0.300925 6.24 471.93 132.75 65.93 0
237,0.693429 879.81 518.31 83.72 31.12 0 0.638169 881.02 529.39 74.43 37.65 0 0.634043 923.71 724.25 68.62 30.67 0 0.619588 684.73 406.28 71.72 37.16 0 0.610773 690.53 390.81 63.05 41.11 0 0.607187 640.78 839.50 84.07 33.12 0 0.598953 924.54 816.43 74.76 33.49 0 0.532522 1421.05 798.33 43.91 41.24 0 0.528662 961.95 962.30 60.75 32.40 0 0.513457 952.88 915.00 70.83 35.96 0 0.512319 637.23 839.41 47.61 32.71 0 0.503368 1425.71 807.67 43.58 43.10 0 0.483761 922.55 704.23 66.51 33.94 0 0.477320 1389.14 793.79 45.03 42.42 0 0.455497 879.59 529.41 49.46 41.11 0 0.437927 926.60 848.74 80.51 22.22 0 0.431747 926.91 795.46 70.86 36.25 0 0.412491 917.11 794.65 66.20 40.17 0 0.400851 742.64 869.38 74.69 34.12 0 0.398090 665.38 818.01 63.50 51.04 0 0.390808 921.23 679.89 68.12 41.16 0 0.388838 911.10 708.98 73.96 28.54 0 0.364702 971.60 932.28 59.74 50.01 0 0.354151 759.37 986.39 79.13 37.77 0 0.349537 639.76 533.25 66.39 48.38 0 0.342177 621.81 534.69 69.97 39.04 0 0.338715 917.84 718.47 67.92 39.29 0 0.336996 717.79 386.81 50.25 46.45 0 0.334916 738.11 745.73 70.46 29.25 0 0.334322 737.79 767.89 73.58 37.49 0 0.333111 928.80 772.38 68.45 28.71 0 0.329258 627.76 546.94 64.08 41.83 0 0.327659 932.75 872.76 81.03 28.88 0 0.325506 633.82 821.54 58.16 43.69 0 0.315670 638.88 643.35 65.28 56.12 0 0.314284 641.89 747.16 80.61 44.44 0 0.311761 943.19 914.66 71.02 43.30 0 0.310740 676.47 386.68 64.04 45.02 0 0.303013 880.25 487.92 75.78 31.56 0 0.294819 682.62 431.05 79.54 40.55 0 0.293798 621.25 606.35 67.72 33.19 0 0.292295 726.89 742.04 66.57 44.59 0 0.290822 884.94 391.15 59.25 36.34 0 0.286415 882.88 456.04 67.48 31.59 0 0.285624 645.21 541.34 62.65 60.08 0 0.283566 910.55 681.71 67.90 37.97 0 0.279994 736.21 794.95 78.27 29.97 0 0.274152 952.11 898.68 68.02 34.00 0 0.273435 637.19 828.26 83.09 39.06 0 0.268771 925.45 748.25 72.83 30.15 0 0.268509 1105.92 314.33 60.59 32.81 0 0.260968 1405.04 805.53 47.49 40.66 0 0.258503 668.47 744.40 61.21 47.41 0 0.257494 620.04 645.99 68.07 46.24 0 0.250050 717.32 624.43 80.41 41.14 0
238,0.483681 1072.42 62.65 36.15 36.09 0 0.467984 1093.11 69.05 34.75 27.56 0 0.466245 1072.45 63.48 51.88 24.66 0 0.339449 1080.27 68.15 40.62 27.81 0 0.323724 1066.09 57.81 43.10 31.48 0 0.300782 911.38 69.26 40.20 24.00 0 0.290102 906.40 64.29 35.20 33.03 0 0.261058 908.80 63.92 44.37 23.94 0 0.260485 1088.46 62.45 35.92 23.90 0 0.250858 996.89 1.83 34.88 27.02 0
239,
240,0.430607 808.76 219.79 37.97 32.39 0 0.322624 954.52 705.70 38.09 35.65 0
241,0.621823 496.77 568.61 80.49 50.66 0 0.535191 458.73 574.41 105.91 68.05 0 0.527005 478.15 569.87 81.50 59.36 0 0.421179 490.46 555.22 120.71 60.21 0 0.354777 459.42 575.74 79.64 74.47 0 0.346618 502.57 552.89 78.12 48.58 0 0.267198 467.37 574.68 113.91 57.56 0 0.255081 1141.33 455.83 120.67 59.15 0
242,0.308314 732.58 772.78 40.35 34.66 0
243,0.281844 636.36 1.61 40.98 47.25 0
244,0.713836 951.95 973.32 45.78 37.22 0 0.387386 493.97 803.81 34.06 31.22 0 0.365885 934.63 960.66 51.14 52.31 0 0.330343 1019.34 73.42 46.44 30.23 0 0.307646 953.70 977.39 58.16 32.19 0 0.283032 957.39 984.01 55.89 31.15 0 0.272396 1075.67 990.11 43.45 39.57 0 0.261963 846.13 934.54 48.53 40.12 0 0.259045 840.78 917.50 52.81 40.81 0
245,0.787664 1046.41 544.25 83.92 53.07 0 0.644930 1067.83 354.96 82.65 60.50 0 0.579550 1166.64 674.22 65.39 43.45 0 0.519149 862.71 903.74 64.18 45.36 0 0.513422 1144.19 272.21 58.89 44.97 0 0.507550 155.98 172.10 36.64 38.89 0 0.503671 1130.57 660.12 73.38 57.80 0 0.448520 1042.15 957.19 97.20 56.25 0 0.420361 1084.10 759.22 107.23 67.64 0 0.411739 1145.50 662.98 74.89 59.71 0 0.410290 1122.48 267.42 61.95 43.66 0 0.401856 834.07 174.65 66.73 42.78 0 0.401397 1050.23 939.06 76.25 37.72 0 0.393713 1173.00 719.97 62.55 42.41 0 0.387873 831.60 289.30 62.79 41.46 0 0.384427 1140.38 656.94 82.08 54.64 0 0.381819 845.70 902.09 65.13 40.64 0 0.378866 1264.19 319.38 70.34 49.55 0 0.376432 1118.32 255.31 63.02 48.71 0 0.370525 965.60 648.12 53.07 31.52 0 0.369551 971.53 663.19 87.25 61.62 0 0.363678 848.88 898.85 64.62 57.87 0 0.354348 1006.29 550.62 79.66 45.24 0 0.353003 1024.40 526.31 72.42 54.66 0 0.351823 633.38 617.27 99.43 61.06 0 0.348247 950.90 665.27 78.88 55.27 0 0.333698 1104.06 264.65 75.35 44.52 0 0.333291 648.34 573.78 66.29 41.35 0 0.320941 860.19 897.54 70.33 38.90 0 0.319039 1069.57 763.80 90.15 65.62 0 0.318035 1288.60 325.09 70.46 39.44 0 0.317266 834.23 1010.52 75.63 58.85 0 0.313924 1243.90 311.89 81.38 51.15 0 0.310549 758.50 459.24 77.43 43.80 0 0.308479 1243.03 308.55 46.39 46.29 0 0.305773 860.28 177.50 59.77 41.60 0 0.304162 1027.04 542.71 81.52 55.25 0 0.303995 1096.10 262.09 53.37 51.01 0 0.302871 811.53 1027.25 78.71 50.24 0 0.296090 1066.19 556.13 63.96 38.75 0 0.295223 157.11 178.36 38.56 47.14 0 0.294442 991.71 592.41 91.75 48.76 0 0.292805 882.61 892.09 61.64 42.06 0 0.291015 838.97 1026.92 69.06 51.12 0 0.290489 1125.40 654.33 63.89 46.05 0 0.288674 814.11 1013.84 82.17 50.47 0 0.283525 1174.39 742.96 61.61 35.45 0 0.281469 880.69 908.30 64.68 44.09 0 0.277167 132.18 169.31 50.83 41.97 0 0.276144 781.40 328.63 70.04 48.36 0 0.269687 634.98 204.92 87.61 64.64 0 0.268308 1033.70 565.80 61.98 40.13 0 0.266173 798.34 1033.07 70.28 45.30 0 0.262829 874.83 919.58 78.54 59.74 0 0.262349 629.44 628.55 105.15 60.73 0 0.254110 1240.71 299.52 40.00 44.26 0 0.252916 1124.60 658.84 46.89 56.28 0 0.251625 760.73 325.91 85.14 54.76 0
246,0.271887 363.48 470.30 102.29 63.40 0
247,0.347296 1238.76 290.81 46.22 32.83 0 0.284793 1837.88 8.57 47.50 39.25 0 0.279756 119.69 257.83 39.92 42.37 0 0.278462 145.74 261.25 48.53 43.29 0 0.253187 132.77 252.06 43.33 36.96 0
248,0.326827 895.37 0.00 51.75 38.08 0 0.274620 687.35 676.29 54.89 37.95 0
249,0.606239 1065.33 763.90 70.32 45.53 0 0.495390 942.38 934.59 46.18 38.62 0 0.439567 1068.59 746.99 65.96 40.63 0 0.433839 1209.35 977.79 86.60 50.20 0 0.395584 941.85 914.35 48.99 42.25 0 0.392668 1078.57 1013.83 59.39 39.25 0 0.342531 1225.54 864.26 65.76 36.45 0 0.341084 1210.57 910.09 79.11 41.06 0 0.333399 1043.57 189.52 49.43 36.58 0 0.311742 1221.07 874.83 72.70 55.49 0 0.309620 1241.50 981.99 59.36 42.29 0 0.307602 1173.69 572.51 63.98 31.28 0 0.305309 937.91 899.97 55.01 33.96 0 0.302193 1084.89 1035.42 56.91 42.49 0 0.300186 1046.30 174.85 44.62 39.25 0 0.281337 1053.86 787.76 75.32 38.90 0 0.280968 1049.13 1004.59 53.03 49.57 0 0.278408 1053.22 744.38 53.80 53.10 0 0.275968 1046.48 583.55 72.07 34.42 0 0.271979 1051.68 987.35 49.21 38.98 0 0.268848 958.20 183.32 39.01 42.18 0 0.264949 1165.92 565.84 79.33 34.06 0 0.260780 928.39 900.75 57.44 62.06 0 0.260060 1103.76 1037.89 52.13 38.33 0 0.256652 935.22 925.72 42.60 49.03 0 0.255749 1055.57 591.87 67.70 42.45 0 0.254681 1188.54 650.00 72.40 41.01 0 0.253431 1056.72 1005.24 76.36 50.98 0 0.252101 1033.01 166.32 46.25 57.50 0
250,0.696820 665.14 292.41 42.48 34.97 0 0.566938 416.72 314.72 41.32 43.46 0 0.432544 282.41 64.13 46.37 44.94 0 0.404279 1141.38 369.89 44.14 37.80 0 0.403786 666.84 294.90 53.73 34.83 0 0.369872 322.78 487.96 56.94 50.79 0 0.353130 336.40 495.81 69.65 37.35 0 0.349418 379.95 310.01 42.23 48.16 0 0.327648 1069.14 580.74 40.11 30.30 0 0.319838 758.67 219.57 30.55 34.94 0 0.315616 1192.69 379.72 43.37 41.54 0 0.312516 282.18 57.84 45.80 38.34 0 0.295167 550.42 289.78 54.68 48.67 0 0.295009 455.04 174.87 59.25 53.20 0 0.289136 1173.79 585.46 63.02 37.96 0 0.283976 558.62 312.65 48.62 32.84 0 0.280680 350.85 177.61 35.63 34.24 0 0.279908 853.59 10.04 45.43 39.14 0 0.279024 343.35 500.74 56.78 44.69 0 0.278256 1207.69 697.53 56.24 46.33 0 0.268625 256.70 490.19 42.86 35.43 0 0.268486 1226.12 469.26 70.02 35.00 0 0.266378 1212.01 715.32 53.24 34.68 0 0.264807 859.04 98.47 46.38 30.39 0 0.263362 261.96 491.72 39.21 56.18 0 0.258785 1142.99 371.01 38.12 54.81 0 0.254430 264.25 521.17 38.56 39.95 0 0.253772 1214.12 699.91 65.80 46.89 0 0.252355 285.82 66.76 57.15 44.37 0
251,0.465216 1007.28 443.15 54.44 54.15 0 0.461154 1010.74 769.28 69.44 41.65 0 0.442898 148.02 618.53 77.09 46.52 0 0.437533 157.11 619.46 85.76 49.38 0 0.374088 1032.90 769.03 55.49 37.95 0 0.331447 998.56 767.82 53.73 44.78 0 0.324073 154.25 611.62 94.90 51.39 0 0.291436 997.22 433.46 54.47 42.03 0
252,0.638528 423.21 510.13 119.35 60.93 0 0.511940 1118.03 477.52 131.26 66.28 0 0.473379 1131.72 450.84 109.83 65.15 0 0.449136 449.44 504.42 88.09 57.07 0 0.410356 467.69 501.08 91.02 47.19 0 0.403559 1098.12 473.09 129.53 72.72 0 0.361183 1093.14 455.24 145.95 84.99 0 0.335373 404.78 519.32 158.97 67.17 0 0.335297 1057.91 483.89 118.01 70.51 0 0.334398 1089.21 448.48 113.32 65.58 0 0.330479 1142.81 447.62 125.18 61.28 0 0.324607 1122.07 459.03 124.15 72.49 0 0.323452 1137.37 472.50 133.45 66.42 0 0.323426 1047.80 465.93 133.87 70.27 0 0.309191 1526.02 444.37 93.18 53.25 0 0.272666 446.54 498.92 166.64 79.85 0 0.266586 1063.35 491.62 74.20 61.68 0
253,0.425603 837.33 803.21 61.89 48.74 0 0.409015 1252.71 512.39 70.43 47.19 0 0.381271 1226.79 522.69 58.16 38.22 0
254,0.318056 475.41 516.26 67.90 60.20 0
255,0.439005 899.15 442.09 56.38 52.07 0 0.420868 824.26 412.47 51.36 40.69 0 0.405825 818.23 438.49 68.78 60.26 0 0.399955 694.63 472.45 57.10 52.34 0 0.346068 577.40 551.30 58.84 42.70 0 0.342628 897.97 421.99 54.70 42.34 0 0.339867 902.99 428.94 51.49 49.48 0 0.334455 797.97 551.95 43.97 39.49 0 0.328012 561.72 854.55 48.37 52.80 0 0.305894 913.70 447.76 44.95 48.96 0 0.302409 874.84 426.92 56.24 57.80 0 0.291218 984.37 604.60 48.82 41.35 0 0.288778 555.58 558.79 55.91 59.35 0 0.286761 828.05 417.30 48.29 57.09 0 0.271240 678.67 494.65 50.72 47.40 0 0.252995 590.22 626.67 85.37 65.69 0 0.250371 555.12 555.35 51.18 43.32 0
256,0.644237 141.32 797.23 111.19 71.55 0 0.382610 153.61 825.96 94.90 59.85 0 0.361775 1670.60 571.05 82.62 50.02 0 0.357817 110.21 800.67 131.67 81.80 0 0.330261 1831.15 513.83 63.53 43.57 0 0.328153 166.11 377.71 64.66 48.70 0 0.323752 77.19 597.27 78.09 53.88 0 0.314684 1676.01 581.75 87.73 62.16 0 0.299150 177.40 367.58 87.09 53.51 0 0.287682 1514.49 750.55 53.65 43.82 0 0.283903 1571.36 476.36 80.28 59.11 0 0.281568 1529.58 765.80 66.20 41.41 0 0.278975 1836.89 522.05 56.33 44.56 0 0.275474 150.03 380.24 62.96 37.12 0 0.267592 1839.46 529.32 72.56 40.09 0 0.263002 160.29 360.55 77.39 49.07 0 0.259601 1519.10 770.27 51.07 34.24 0 0.251049 179.89 180.59 55.00 37.09 0
257,0.351046 1094.00 925.71 41.65 35.09 0 0.255355 1383.60 386.49 86.88 55.56 0 0.253000 1838.51 499.27 81.49 46.70 0
258,0.441776 830.30 536.33 42.56 31.88 0 0.279404 871.00 533.24 52.12 32.19 0
259,0.811945 593.13 0.00 69.56 46.47 0 0.775200 577.82 835.88 61.70 49.07 0 0.758692 614.06 93.88 90.34 46.29 0 0.657270 614.31 0.00 68.98 40.83 0 0.596299 921.80 539.32 89.78 59.03 0 0.560691 887.24 531.35 85.56 69.14 0 0.497876 597.07 91.10 91.32 55.22 0 0.493729 1046.03 571.56 90.11 48.41 0 0.477060 1061.78 396.18 102.63 55.51 0 0.471268 882.06 65.71 84.93 50.02 0 0.447109 1019.81 122.99 78.02 48.45 0 0.438034 576.22 4.90 103.50 53.50 0 0.437899 898.29 524.47 96.05 68.30 0 0.436745 1020.25 273.52 101.34 61.23 0 0.421593 1091.39 389.94 73.99 47.79 0 0.384027 590.91 0.00 76.60 30.27 0 0.378885 1068.76 572.58 71.13 46.13 0 0.372482 577.90 818.48 75.86 46.77 0 0.370700 629.24 832.81 60.18 49.32 0 0.354960 1060.79 413.62 104.18 57.58 0 0.348906 879.38 163.75 88.43 61.78 0 0.346028 1063.30 384.43 100.89 58.13 0 0.345019 582.98 0.00 67.82 49.09 0 0.331655 917.05 68.64 63.20 45.00 0 0.326550 571.91 0.00 84.98 30.97 0 0.321300 657.88 839.31 40.44 43.56 0 0.316010 600.92 304.22 100.71 55.66 0 0.314907 1015.42 221.97 69.49 56.02 0 0.308850 890.81 179.83 99.48 59.85 0 0.308000 1091.48 404.42 73.54 42.57 0 0.300611 596.96 140.43 81.53 48.02 0 0.298845 1017.71 254.12 96.01 46.01 0 0.280982 1046.81 238.25 80.37 40.94 0 0.271977 587.08 193.22 84.54 52.96 0 0.271456 598.47 6.63 91.35 58.14 0 0.267796 917.58 525.98 90.34 63.87 0 0.264488 883.36 409.88 76.61 46.64 0 0.264201 585.22 43.82 108.36 52.29 0 0.259685 569.70 0.00 103.51 64.70 0 0.256826 899.33 65.59 83.50 50.18 0 0.254725 951.10 715.04 82.61 46.43 0 0.254650 881.53 413.20 90.51 66.53 0 0.252552 570.31 839.08 55.27 47.32 0 0.252459 877.49 178.93 70.58 63.60 0
260,0.373454 1623.64 1032.84 46.13 45.35 0 0.362919 466.31 605.99 49.28 40.19 0 0.342555 900.14 1043.15 36.10 34.72 0 0.293492 466.83 574.28 52.75 40.53 0 0.285915 398.42 454.25 41.03 47.50 0
261,0.251640 1283.25 450.15 49.74 53.68 0
262,0.548779 829.38 238.41 35.41 24.14 0 0.426092 830.56 246.54 35.29 26.56 0 0.417508 744.75 138.23 33.64 25.79 0 0.398347 582.08 673.98 46.23 26.62 0 0.377831 873.01 39.24 36.04 29.80 0 0.337648 568.18 674.96 53.79 21.60 0 0.315264 547.03 293.41 25.21 23.77 0 0.308295 749.14 141.70 30.91 28.94 0 0.307760 828.75 228.17 37.18 25.71 0 0.296326 743.20 129.44 31.56 26.47 0 0.288935 735.26 126.26 36.16 30.18 0 0.274157 562.33 676.32 43.85 24.13 0 0.272603 876.88 45.02 28.57 26.18 0 0.269070 758.27 145.04 33.85 31.21 0 0.263095 817.18 218.77 45.90 41.82 0 0.257234 312.65 694.26 33.46 25.74 0 0.255864 596.75 673.98 40.75 30.64 0 0.253285 750.78 139.65 37.94 27.58 0
263,0.409764 1790.31 937.27 38.18 29.26 0 0.339341 1069.84 433.83 52.76 31.57 0 0.277269 708.18 358.25 85.03 51.32 0
264,0.717682 743.39 833.00 72.20 54.33 0 0.417851 543.39 722.31 71.45 46.50 0 0.405359 660.80 912.38 75.45 39.36 0 0.381881 777.63 914.66 61.06 35.44 0 0.367946 715.61 408.68 73.82 44.24 0 0.360150 734.60 840.43 71.45 63.27 0 0.357601 556.63 741.67 89.78 56.46 0 0.344364 547.19 737.40 80.17 53.64 0 0.334968 762.11 860.30 72.77 35.97 0 0.334788 760.17 517.30 83.00 35.06 0 0.330283 524.87 477.01 62.52 51.93 0 0.313087 735.76 831.51 59.05 58.41 0 0.305772 777.58 520.46 66.61 53.24 0 0.302019 739.15 822.11 71.19 38.85 0 0.294503 759.75 821.93 64.97 44.76 0 0.284870 881.25 675.72 76.46 42.85 0 0.275238 697.32 395.00 79.67 44.40 0 0.275088 1365.35 553.74 39.06 43.73 0 0.269147 901.43 697.60 67.45 41.35 0 0.266640 781.10 912.02 82.83 42.85 0 0.266112 891.51 688.67 74.17 47.68 0 0.265619 541.52 739.15 55.92 51.82 0 0.261942 484.73 616.02 71.10 51.37 0 0.260599 767.90 524.88 69.59 45.33 0 0.258995 743.22 854.38 77.37 44.62 0 0.258816 1065.21 963.72 63.61 29.63 0 0.256854 923.57 766.14 64.68 46.14 0
265,0.550566 821.53 437.46 59.79 36.02 3 0.380920 836.93 435.15 63.60 34.31 3 0.344245 1315.05 619.23 69.15 51.45 0 0.334969 1767.37 549.31 84.07 38.26 0 0.319854 1505.28 661.40 76.49 34.63 0 0.316649 1506.89 1030.84 67.62 46.56 0 0.295621 1243.61 673.62 62.49 45.60 0 0.291376 1539.25 659.61 54.33 40.65 0 0.286632 805.76 437.28 53.99 35.85 3 0.263273 1740.90 517.49 98.23 68.15 0 0.261147 1226.99 718.21 67.81 52.15 0 0.254535 1244.77 681.10 108.72 68.67 0 0.253611 1749.29 545.68 79.83 49.79 0 0.253278 1407.42 774.48 68.66 35.63 0 0.251771 1328.63 747.51 53.76 41.51 0
266,0.670145 729.61 557.69 53.40 42.99 0 0.530046 585.12 430.96 45.29 47.09 0 0.384916 559.69 442.40 61.49 50.67 0 0.378276 766.47 558.41 64.92 40.80 0 0.363243 706.86 555.70 52.47 42.35 0 0.359422 582.65 453.11 42.64 38.27 0 0.356591 614.73 558.02 38.06 37.29 0 0.354716 891.30 562.74 52.59 36.95 0 0.323749 562.68 562.25 42.20 37.08 0 0.319691 743.29 560.47 65.14 39.63 0 0.319217 654.58 554.68 56.00 41.14 0 0.312487 581.72 562.95 47.95 36.09 0 0.310443 565.80 567.69 40.06 47.73 0 0.302732 951.67 558.05 37.90 41.89 0 0.297235 999.07 554.09 56.12 37.79 0 0.289118 1717.35 628.70 43.69 30.48 0 0.286313 1837.56 920.54 52.57 39.22 0 0.283970 878.43 559.68 51.74 40.00 0 0.280289 638.03 555.38 40.35 41.66 0 0.271192 969.59 423.28 63.36 52.37 0 0.258463 739.92 556.02 44.03 50.03 0 0.255710 991.26 555.70 53.57 38.61 0 0.254537 548.94 407.70 82.27 67.96 0 0.250414 681.02 553.01 42.38 42.90 0
267,0.254948 492.27 12.61 97.63 70.85 0
268,0.317603 535.35 288.97 47.82 38.56 0 0.308934 737.63 115.26 69.17 45.92 0 0.306432 768.07 115.97 44.76 46.16 0 0.260192 729.77 119.76 52.99 47.42 0 0.250434 732.10 138.29 66.85 37.29 0
269,0.326912 1280.63 765.81 51.14 47.30 0 0.303036 1331.26 905.21 85.47 45.14 0 0.295073 876.01 1036.49 47.96 36.02 0 0.279231 1298.74 772.32 52.00 37.63 0 0.265393 1331.86 915.00 64.64 58.80 0 0.261509 1850.21 1008.63 61.74 45.29 0
270,0.367505 423.07 923.85 35.04 34.95 0 0.341678 588.47 902.53 61.26 53.48 0 0.328482 609.77 935.62 55.53 29.28 0 0.294637 424.05 931.49 37.07 36.91 0 0.289180 854.94 56.18 34.35 31.72 0
271,0.583632 1188.79 358.59 132.56 74.70 0 0.526181 1396.12 363.18 100.74 65.46 0 0.402155 1302.95 212.91 53.46 49.59 0 0.366688 1393.63 368.11 74.34 55.91 0 0.331883 1410.53 360.75 82.03 47.53 0 0.303604 1178.11 363.84 105.16 65.41 0 0.294787 1164.35 375.88 58.71 49.40 0 0.294746 1167.21 373.69 78.93 54.52 0 0.289863 1378.06 372.46 62.70 53.49 0 0.255881 1148.86 373.42 57.57 47.12 0
272,0.337256 431.19 965.13 45.42 40.70 0 0.256275 1649.16 942.25 33.23 35.58 0 0.253712 934.72 601.18 46.68 40.37 0
273,
274,0.437205 1081.51 533.76 65.35 34.94 0 0.426240 1115.88 534.31 53.26 35.56 0 0.374859 1068.79 530.40 44.73 29.37 0 0.338127 1137.34 533.72 46.49 37.85 0 0.299513 1210.45 541.52 38.65 32.45 0
275,
276,0.320957 567.34 102.35 35.23 33.47 0
277,0.445552 885.26 650.96 59.34 34.03 0 0.441382 837.77 749.88 65.39 34.57 0 0.364016 832.13 761.25 73.69 49.07 0 0.358781 845.59 743.20 70.79 35.82 0 0.357057 942.53 464.10 65.66 34.34 0 0.353414 829.82 792.98 72.38 41.23 0 0.334507 872.81 670.24 64.39 45.68 0 0.277929 822.57 796.06 59.83 40.54 0 0.274572 1247.50 939.20 47.25 35.53 0 0.274421 852.83 712.64 75.95 51.33 0 0.273482 834.99 810.90 64.43 44.29 0 0.268518 856.70 702.50 82.10 30.36 0 0.257857 885.15 642.66 65.12 31.00 0
278,0.275631 1502.55 129.64 35.68 33.86 0 0.258030 355.83 388.68 73.52 42.89 0
279,0.830392 586.15 215.83 87.11 40.10 0 0.737771 589.94 335.47 88.86 42.89 0 0.735419 870.71 424.60 102.71 51.54 0 0.720236 1001.34 179.34 55.86 57.02 0 0.659803 901.32 385.04 78.86 41.42 0 0.622420 1011.47 869.80 73.67 36.91 0 0.610245 857.98 140.44 86.08 56.92 0 0.589899 883.43 1021.34 84.74 43.79 0 0.523848 575.06 387.11 83.45 44.00 0 0.512323 578.05 333.98 79.65 46.71 0 0.505267 894.88 428.68 86.40 39.92 0 0.504658 873.61 142.88 80.79 55.15 0 0.501633 877.74 681.22 76.29 42.29 0 0.501070 1008.44 375.79 77.78 59.92 0 0.498941 875.93 383.99 94.68 47.34 0 0.491984 546.51 827.63 73.56 59.60 0 0.475200 547.30 815.38 72.09 50.92 0 0.473384 1019.19 367.69 93.00 58.90 0 0.466521 876.32 693.92 81.95 47.42 0 0.451552 1020.68 495.91 85.22 43.56 0 0.450842 1003.96 378.14 53.10 51.36 0 0.446180 590.96 53.78 69.11 42.07 0 0.444623 563.94 501.37 85.68 51.71 0 0.439799 585.14 383.39 94.57 39.60 0 0.439081 862.65 789.46 77.51 58.66 0 0.429113 1010.58 868.56 75.00 59.91 0 0.420577 1048.08 379.19 74.21 51.49 0 0.412678 1020.57 477.10 91.81 49.38 0 0.408213 873.54 768.61 94.03 57.09 0 0.406627 1002.33 370.07 85.51 52.13 0 0.404452 1008.42 158.70 71.19 46.41 0 0.399587 558.49 192.35 99.18 53.94 0 0.395234 575.70 53.68 74.25 41.52 0 0.392394 562.22 209.12 97.27 54.73 0 0.391109 870.31 403.60 71.62 49.30 0 0.390753 861.03 680.77 75.80 42.81 0 0.387994 869.73 384.35 75.03 52.29 0 0.384412 893.98 359.61 83.19 55.93 0 0.381403 878.97 1030.71 45.85 35.54 0 0.376504 1019.14 32.99 71.71 41.19 0 0.372237 856.05 122.29 82.80 49.51 0 0.368992 1005.04 188.62 76.68 46.89 0 0.365438 1030.95 428.57 82.54 40.33 0 0.365050 547.03 475.57 88.20 62.03 0 0.364673 1004.58 154.24 73.24 39.86 0 0.361926 1023.25 837.49 85.64 55.60 0 0.361713 875.12 394.95 94.99 47.17 0 0.361225 874.45 469.10 96.11 59.91 0 0.356079 550.77 502.83 84.11 45.73 0 0.353882 583.29 187.71 89.69 50.03 0 0.351998 881.46 612.25 89.69 57.70 0 0.351913 877.58 41.85 65.52 53.48 0 0.349744 583.95 339.81 99.02 57.87 0 0.345117 1019.29 546.23 94.01 43.49 0 0.343551 874.23 808.02 56.22 45.96 0 0.343035 1040.01 482.87 71.90 37.95 0 0.335320 1048.48 429.00 75.26 38.96 0 0.334790 590.02 165.76 84.65 36.30 0 0.334469 892.26 807.53 61.23 45.43 0 0.328920 904.83 616.42 77.39 48.08 0 0.327140 593.69 58.76 68.13 54.42 0 0.326053 1033.78 741.25 79.71 54.00 0 0.325301 1049.00 748.05 87.48 37.65 0 0.324447 1025.03 818.51 72.44 37.92 0 0.306924 1009.67 28.05 82.89 63.16 0 0.304003 609.80 313.18 78.42 42.87 0 0.303389 586.51 263.51 88.69 46.13 0 0.295286 997.86 34.29 84.71 40.68 0 0.294477 1018.82 869.78 89.15 50.66 0 0.292090 989.41 535.12 115.79 65.33 0 0.291777 896.24 394.09 85.08 45.68 0 0.291773 1002.66 492.28 87.71 54.54 0 0.290813 864.25 685.06 80.45 54.56 0 0.285706 1062.82 384.14 66.60 44.34 0 0.285081 1004.00 481.99 87.95 52.86 0 0.283611 1034.14 454.39 72.67 33.33 0 0.283346 870.55 159.04 88.23 50.27 0 0.283130 857.23 160.63 88.26 45.41 0 0.283072 590.14 316.04 84.66 52.63 0 0.282932 589.41 143.75 83.59 48.70 0 0.281501 870.12 306.56 96.04 54.72 0 0.277269 858.62 730.39 102.79 64.64 0 0.276010 1047.66 933.81 93.23 48.75 0 0.275150 616.01 54.32 57.97 41.56 0 0.273422 1019.20 152.84 78.50 37.89 0 0.272850 1035.11 687.77 101.66 45.42 0 0.271978 610.10 385.28 75.52 34.35 0 0.270991 1052.51 873.27 73.24 45.29 0 0.267901 565.02 252.81 108.84 63.36 0 0.264318 870.09 440.09 101.89 56.50 0 0.262508 1046.28 866.51 77.72 38.84 0 0.262128 911.00 1022.54 69.08 49.65 0 0.259411 912.32 936.21 65.59 40.82 0 0.259110 597.14 828.51 61.48 51.22 0 0.259075 852.15 424.77 77.59 55.53 0 0.258272 856.62 40.01 74.50 35.93 0 0.258064 582.17 545.20 93.21 53.33 0 0.257933 904.72 1004.74 78.58 56.83 0 0.257738 1022.76 624.82 82.29 41.29 0 0.256638 560.81 808.47 94.58 57.90 0 0.256171 1052.68 751.17 76.11 51.04 0 0.254970 1022.08 863.58 86.64 45.93 0 0.254552 896.57 326.97 82.44 44.31 0 0.251677 843.80 42.04 68.76 36.32 0 0.250721 1047.12 397.52 77.51 53.47 0
280,0.304493 1002.08 431.07 47.36 37.79 0 0.300593 1723.05 846.72 29.98 37.55 0 0.292999 252.92 937.07 47.40 36.32 0 0.263855 639.20 937.86 40.72 35.02 0 0.258256 982.83 547.70 40.31 42.27 0
281,0.313954 746.10 676.82 26.02 25.38 0 0.310648 280.23 167.01 33.15 31.62 0 0.288922 129.34 507.37 25.26 27.36 0 0.283971 1067.59 370.02 38.94 32.90 0 0.274127 764.44 76.42 28.40 27.95 0 0.272511 16.60 655.15 38.71 24.38 0 0.256015 289.05 600.71 49.57 31.79 0
282,0.656235 850.06 244.14 36.06 36.28 0 0.541528 87.69 500.97 43.70 46.59 0 0.528174 494.62 280.66 36.62 32.14 0 0.470628 99.49 496.87 58.38 55.32 0 0.420202 840.01 240.39 38.51 40.90 0 0.394510 375.76 271.98 51.98 37.74 0 0.372870 85.29 493.57 44.09 41.66 0 0.353115 632.40 468.05 45.35 47.82 0 0.338383 485.36 278.93 40.38 45.44 0 0.335475 154.52 498.22 50.72 45.36 0 0.310276 855.99 795.39 67.59 39.87 0 0.309984 91.09 46.86 51.48 47.66 0 0.303228 1016.30 556.05 49.60 42.41 0 0.282038 89.52 33.86 51.18 45.23 0 0.280933 582.64 794.52 45.52 36.77 0 0.275913 984.52 349.20 63.92 35.62 0 0.263648 377.53 278.42 48.61 48.84 0 0.261408 103.50 68.74 47.55 33.39 0 0.259567 757.98 362.56 38.98 38.32 0 0.253114 570.97 191.83 38.46 41.56 0
283,0.308164 140.94 436.35 82.44 43.51 0
284,0.806618 876.27 624.08 76.28 47.18 0 0.686735 873.27 614.43 68.09 57.23 0 0.684009 879.95 629.11 79.02 60.19 0 0.654726 892.20 624.39 69.14 45.56 0 0.637014 876.55 615.04 74.31 40.65 0 0.507163 741.34 480.64 65.74 42.17 0 0.446378 884.88 951.08 81.22 57.45 0 0.398682 438.14 595.42 66.98 52.98 0 0.381996 746.64 486.07 70.94 62.90 0 0.379219 495.41 628.14 75.14 49.31 0 0.367949 738.93 773.50 67.68 42.01 0 0.362438 494.46 506.80 81.08 52.85 0 0.361065 925.69 715.21 83.04 50.94 0 0.359137 732.84 474.95 67.99 49.96 0 0.349192 866.31 607.40 66.49 52.10 0 0.345084 555.30 753.18 76.35 57.95 0 0.344851 755.04 481.28 64.47 43.51 0 0.329463 436.40 579.20 60.00 44.36 0 0.329042 1052.36 821.55 61.31 44.28 0 0.325787 1025.47 805.30 86.05 57.72 0 0.310400 587.30 598.40 65.37 57.73 0 0.293517 502.58 667.99 69.05 47.65 0 0.279398 462.77 464.94 53.19 38.65 0 0.277749 678.44 402.89 70.74 52.11 0 0.277362 608.96 764.74 50.24 53.71 0 0.273662 652.32 862.65 70.17 41.29 0 0.268395 543.87 749.78 89.56 48.03 0 0.267027 899.30 646.47 73.52 41.24 0 0.266336 617.53 766.18 68.22 41.24 0 0.264981 761.34 500.77 60.39 49.37 0 0.255561 568.58 755.10 88.75 58.78 0 0.250379 602.18 603.59 65.46 42.69 0
285,0.559729 840.35 585.58 67.60 53.54 0 0.455071 831.81 582.89 75.86 42.10 0 0.440407 814.48 576.20 84.87 49.38 0 0.418307 527.46 463.46 62.97 49.39 0 0.272229 506.10 460.18 72.76 49.27 0
286,
287,0.372927 731.12 319.01 48.38 39.52 0 0.343805 976.15 865.05 40.44 28.07 3 0.312488 1784.78 793.52 40.64 33.01 0 0.305194 117.84 431.62 45.64 36.64 0
288,0.708598 1432.89 878.77 59.39 56.31 0 0.647776 1140.63 696.65 62.87 42.66 0 0.612287 996.89 525.01 43.60 36.46 0 0.564803 1119.53 700.17 74.52 37.66 0 0.546476 1111.23 685.29 67.46 39.51 0 0.512168 1379.59 652.95 56.27 63.30 0 0.504678 1486.11 647.51 44.21 51.37 0 0.496327 1397.22 668.55 53.91 48.44 0 0.474835 1813.01 886.01 45.69 40.13 0 0.453103 1790.78 888.25 42.29 35.89 0 0.446665 1765.92 1035.15 44.92 40.72 0 0.444020 1693.28 1035.89 45.47 39.70 0 0.440989 1428.40 668.82 37.66 48.45 0 0.440009 1505.57 652.51 67.85 42.42 0 0.430827 1118.32 693.86 54.61 42.27 0 0.429434 1358.93 652.32 53.17 59.55 0 0.419852 1636.98 779.49 48.17 38.31 0 0.415237 1628.55 773.35 48.62 61.83 0 0.412736 1870.40 1029.17 39.40 46.66 0 0.399096 1495.99 649.63 59.49 44.30 0 0.395844 1400.61 1039.30 51.81 36.89 0 0.385445 1809.00 648.87 57.21 47.74 0 0.382936 1851.49 449.72 51.65 35.86 0 0.376620 1509.97 906.00 32.76 37.01 0 0.373261 1694.04 889.18 43.55 42.65 0 0.372779 772.35 885.09 38.55 37.04 0 0.360935 1073.76 32.37 38.25 31.08 0 0.358173 1843.56 767.28 67.29 48.12 0 0.356496 1531.63 655.25 60.44 42.76 0 0.350733 1383.00 660.18 62.14 39.18 0 0.347887 1538.78 666.44 58.38 48.55 0 0.346336 1738.68 1024.93 58.00 52.72 0 0.342223 1499.99 652.86 54.84 55.52 0 0.336111 1373.80 654.76 56.30 33.31 0 0.333970 1812.91 447.96 43.01 53.30 0 0.333017 1548.58 911.09 42.82 34.96 0 0.329131 1419.02 876.33 68.16 39.65 0 0.326299 1868.57 1017.60 47.93 41.53 0 0.321890 1701.06 1027.59 62.54 51.59 0 0.317967 1834.41 881.58 49.19 49.51 0 0.312143 1426.10 883.29 51.89 46.80 0 0.309332 1825.05 446.37 74.60 41.54 0 0.306755 1627.25 901.60 42.50 49.85 0 0.306367 1307.75 915.10 46.20 38.28 0 0.304071 1821.19 661.09 67.83 45.19 0 0.302929 1841.48 451.03 49.02 46.36 0 0.302827 1642.68 787.04 47.41 43.76 0 0.299457 1625.28 888.30 46.12 44.73 0 0.299263 1104.06 671.08 58.28 58.85 0 0.297744 1071.03 295.69 63.96 32.97 0 0.292843 1860.43 457.41 47.56 42.00 0 0.287215 875.83 875.78 81.83 46.21 0 0.286366 1178.20 243.64 77.11 40.92 0 0.281318 1066.04 129.87 56.12 34.85 0 0.280877 1546.93 1032.60 53.62 36.08 0 0.280714 787.08 884.85 63.31 37.43 0 0.272582 1469.32 888.20 46.88 52.85 0 0.268486 1665.31 671.43 52.06 36.47 0 0.268438 993.22 514.92 57.37 36.08 0 0.267736 1137.18 682.16 62.19 41.56 0 0.265147 1390.20 1034.88 47.27 41.81 0 0.264954 1360.00 905.63 34.45 50.14 0 0.264931 1426.05 474.53 51.31 40.54 0 0.262598 1737.52 893.10 44.99 40.29 0 0.262281 1121.52 658.83 74.80 36.94 0 0.262210 1352.59 652.36 62.07 40.48 0 0.261477 782.21 885.51 45.75 35.38 0 0.255220 1510.97 657.75 72.77 55.27 0 0.254355 1434.47 467.03 51.82 36.50 0 0.254302 1326.93 663.75 48.51 51.18 0 0.254186 1825.12 757.14 71.66 39.44 0 0.253789 1544.68 906.41 43.36 34.32 0 0.253323 816.27 881.00 50.13 41.78 0
289,0.336146 1217.55 507.21 80.25 40.61 0
290,0.434278 1268.51 98.35 48.81 40.52 0 0.264557 1807.17 394.90 44.96 37.51 0 0.264468 1716.10 294.36 44.57 35.20 0
291,0.659178 729.37 865.94 69.94 45.34 0 0.575456 723.25 881.07 67.90 37.24 0 0.523999 724.00 871.04 64.22 41.82 0 0.414394 527.14 834.99 72.16 48.91 0 0.410090 708.29 876.05 70.20 52.64 0 0.402496 732.98 848.51 77.86 45.68 0 0.356531 748.93 499.68 50.12 46.23 0 0.339371 704.48 552.61 56.61 37.71 0 0.322996 1571.47 144.23 50.61 37.14 0 0.320932 712.25 553.78 59.17 37.64 0 0.318074 725.06 846.45 62.21 54.82 0 0.309253 808.21 716.02 63.40 45.34 0 0.290789 716.00 503.93 45.20 56.37 0 0.286450 711.81 859.15 66.76 60.47 0 0.279652 802.54 708.77 60.00 52.67 0 0.272098 1301.23 8.47 48.59 48.23 0 0.257656 642.51 1034.08 59.29 40.21 0 0.255029 644.12 505.22 54.85 46.86 0
292,0.500244 1740.63 224.15 54.73 33.38 0 0.352347 1526.29 980.37 59.50 49.76 0 0.332543 1537.11 1016.31 55.89 32.40 0 0.288473 1735.22 204.17 61.32 35.42 0 0.286854 1523.07 947.06 57.70 34.78 0
293,0.262743 467.78 578.79 50.36 38.56 0 0.260802 982.37 266.59 43.62 37.90 0
294,0.318222 1491.27 252.97 87.76 67.43 0 0.276251 997.55 614.83 55.94 51.87 0 0.275810 1490.75 263.81 51.87 48.47 0
295,
296,0.559109 676.92 289.00 51.11 41.97 0 0.556249 1487.18 796.39 56.38 37.89 0 0.493545 1475.95 570.08 57.75 42.34 0 0.480454 1488.98 575.72 55.04 36.62 0 0.460303 1624.01 580.51 43.97 30.61 0 0.429919 1494.25 798.35 53.66 58.04 0 0.390649 1465.47 567.49 69.79 36.66 0 0.375881 1584.47 810.06 48.52 52.08 0 0.352378 410.81 244.91 57.06 34.25 0 0.349626 1572.82 814.60 46.35 37.39 0 0.334090 681.99 260.51 43.84 43.48 0 0.319877 682.60 305.97 45.69 44.20 0 0.319563 1483.98 569.48 62.14 35.20 0 0.305869 1471.21 803.39 56.68 51.67 0 0.296224 1470.64 796.18 65.17 40.12 0 0.289374 639.57 332.20 42.94 40.07 0 0.288849 1458.23 560.91 50.33 56.47 0 0.288616 395.88 417.70 47.59 34.44 0 0.283844 646.51 292.81 72.15 42.78 0 0.277896 398.33 426.94 41.96 36.09 0 0.274358 416.75 220.06 49.20 30.59 0
297,
298,0.347120 1859.72 362.71 58.89 40.29 0 0.315785 1008.89 97.51 61.96 31.83 0 0.304905 1004.13 83.33 65.15 30.81 0 0.296277 1499.41 572.49 42.84 33.96 0 0.294448 1227.66 722.16 59.46 24.34 0 0.275718 1220.64 684.70 61.86 35.08 0 0.262027 1860.91 367.72 55.90 43.41 0 0.257960 1496.29 565.60 46.25 35.49 0 0.252349 1246.90 78.94 56.90 36.09 0
299,0.442516 1418.87 274.24 52.13 39.43 0 0.423997 1399.98 278.94 60.37 33.04 0 0.413913 1387.35 371.79 43.70 42.70 0 0.395392 1163.65 149.86 64.04 38.14 0 0.336404 1379.26 135.34 39.73 44.77 0 0.332510 1273.00 467.85 74.84 38.47 0 0.318135 1380.82 373.71 50.23 30.50 0 0.313241 1357.72 279.78 40.08 47.10 0 0.311428 1161.87 156.02 58.69 43.37 0 0.306619 1398.74 383.48 50.14 31.70 0 0.304796 1384.57 373.38 58.28 34.65 0 0.303645 1458.86 126.74 46.00 40.84 0 0.301682 906.59 273.06 47.45 40.01 0 0.297619 1520.05 8.12 39.80 35.90 0 0.290621 1814.15 246.26 32.20 35.29 0 0.285296 1347.35 272.04 58.02 55.96 0 0.273355 1314.64 270.78 62.32 46.85 0 0.271288 1583.47 267.08 65.91 40.28 0 0.271201 1421.39 279.37 54.87 42.33 0 0.270204 1284.44 465.51 70.44 36.09 0 0.266990 1672.03 123.03 62.71 44.06 0 0.265545 1151.27 316.07 46.84 45.01 0 0.262053 1375.20 272.96 75.35 43.65 0 0.259086 1449.20 280.33 47.20 42.46 0 0.254965 1638.21 266.86 53.84 36.57 0
300,0.343492 1090.15 847.34 45.84 33.55 0
301,0.266930 1144.19 794.41 49.90 33.10 0
302,0.395274 841.60 527.53 59.53 34.95 0 0.320982 825.64 117.22 47.01 47.96 0 0.311034 863.17 513.54 62.09 33.10 0 0.305788 858.59 525.16 61.03 42.13 0 0.275020 1246.41 234.45 72.56 45.57 0 0.271413 847.67 516.64 61.70 37.32 0 0.268021 373.16 14.38 44.47 33.56 0
303,
304,0.458818 447.74 973.85 35.18 33.90 0 0.281329 449.04 981.32 34.18 36.18 0 0.280938 1787.04 892.30 37.95 30.17 0 0.265325 1817.38 0.00 32.39 35.72 0
305,0.508091 757.39 937.91 48.67 40.13 0 0.407411 756.94 915.83 49.37 29.83 0 0.296625 755.94 897.18 51.68 31.62 0 0.293532 569.55 430.03 42.69 42.61 0 0.276523 519.74 698.72 78.20 42.98 0 0.265886 567.19 417.33 48.67 38.60 0 0.254937 617.39 171.55 35.79 35.22 0
306,0.355470 448.05 1016.59 52.25 60.03 0 0.349906 971.50 433.64 55.02 46.79 0 0.341090 276.57 73.55 46.18 30.26 0 0.315674 290.49 72.36 45.90 34.90 0 0.308876 815.73 712.02 38.85 49.08 0 0.306478 485.84 1035.86 55.08 41.56 0 0.278327 442.09 1015.41 51.40 37.23 0 0.273270 460.14 1020.53 53.22 39.80 0
307,0.384503 701.74 482.64 59.37 41.08 0 0.351355 790.69 711.90 66.76 54.76 0 0.256460 720.46 480.11 54.62 38.69 0
308,0.798875 1019.85 524.28 40.83 42.68 0 0.647286 749.61 522.48 53.85 47.76 0 0.602291 700.83 528.16 58.05 46.68 0 0.598123 879.36 519.44 47.91 47.51 0 0.506598 1017.23 512.79 43.24 38.93 0 0.461792 876.95 512.44 53.60 39.80 0 0.438893 742.82 519.31 63.01 37.15 0 0.431713 690.67 526.16 41.49 46.88 0 0.418066 838.13 359.01 71.08 44.60 0 0.417329 560.57 530.52 40.07 45.75 0 0.403589 646.05 354.85 80.13 56.06 0 0.393611 887.34 509.69 47.83 43.26 0 0.388771 1789.30 492.95 43.48 29.92 0 0.364199 1857.15 893.44 50.65 35.96 0 0.363894 777.89 526.90 42.75 40.10 0 0.354756 859.89 511.95 53.37 45.97 0 0.351275 684.97 512.43 54.78 56.27 0 0.350672 1022.56 331.83 63.84 50.61 0 0.336927 521.47 522.01 41.46 55.19 0 0.333712 615.47 523.36 36.36 49.22 0 0.333510 1055.41 737.33 54.27 34.73 0 0.330480 639.80 270.37 66.31 39.50 0 0.325827 889.36 521.02 50.96 44.25 0 0.324508 916.45 506.42 49.97 51.07 0 0.323953 806.55 265.92 35.90 41.13 0 0.323725 1001.76 512.95 51.13 48.68 0 0.322612 864.12 524.33 38.49 41.04 0 0.320136 718.78 523.79 64.93 48.98 0 0.319910 538.52 529.80 50.37 45.59 0 0.314165 991.67 505.36 69.30 50.37 0 0.304739 715.71 518.40 79.30 41.01 0 0.299456 847.11 266.85 44.34 46.86 0 0.295846 1832.42 172.36 50.81 36.28 0 0.295653 958.89 515.81 31.70 42.60 0 0.294666 893.43 273.02 56.77 60.27 0 0.291513 878.07 357.81 40.82 46.51 0 0.291013 665.45 356.40 68.95 51.60 0 0.290951 588.49 524.17 44.92 49.72 0 0.289323 483.90 523.14 60.30 56.84 0 0.286826 1654.58 46.99 75.64 34.31 0 0.286341 703.69 275.67 49.31 45.25 0 0.281485 861.65 265.85 68.51 55.52 0 0.275115 698.74 519.81 69.39 45.31 0 0.272341 903.01 264.25 113.58 76.91 0 0.269197 486.20 382.13 59.98 41.53 0 0.263956 814.78 265.25 73.32 42.99 0 0.257795 958.41 266.11 64.63 42.74 0 0.251044 810.13 342.62 84.92 54.89 0
309,0.347418 786.47 626.78 28.79 34.11 0 0.269697 1247.34 746.27 61.67 36.26 0
310,0.681082 1204.87 565.51 106.75 57.59 0 0.576785 1188.66 583.46 96.08 60.65 0 0.533293 969.74 227.88 75.67 60.82 0 0.463593 1192.14 568.99 95.06 56.21 0 0.417877 1208.35 554.24 99.63 54.18 0 0.414847 1189.65 575.26 130.56 61.54 0 0.399181 1029.65 742.54 74.89 40.75 0 0.344994 1070.51 411.97 77.49 46.95 0 0.304930 1087.50 416.12 80.88 49.87 0 0.288565 1068.71 410.77 57.64 45.68 0 0.288209 1109.99 438.19 90.28 52.11 0 0.268156 1177.86 565.72 86.19 60.73 0 0.265568 1095.78 444.14 89.61 50.02 0 0.265358 1234.58 575.79 80.92 40.52 0 0.265174 953.07 227.42 87.32 53.07 0 0.258483 970.45 246.80 76.77 48.87 0 0.255976 1231.44 556.84 85.87 45.97 0
311,0.315687 1815.71 678.98 46.28 33.72 0 0.286316 1825.95 680.54 47.71 32.91 0
312,0.298753 610.69 406.56 53.81 42.89 0 0.283014 85.49 846.59 38.16 39.58 0 0.272538 445.53 417.00 50.88 50.60 0 0.268137 218.28 838.34 35.23 34.65 0 0.255052 951.78 526.44 71.30 52.55 0
313,0.322865 611.40 764.69 87.58 56.09 0 0.286981 853.40 971.93 89.39 61.86 0 0.279182 369.34 950.66 75.15 59.47 0
314,0.676816 929.51 165.56 63.71 38.81 0 0.573181 914.02 142.46 64.00 46.23 0 0.475121 301.61 718.01 74.14 49.31 0 0.441165 921.38 159.51 62.45 40.64 0 0.428598 905.41 137.22 56.37 55.48 0 0.416396 925.38 147.67 64.71 47.48 0 0.358996 134.47 785.02 68.29 62.91 0 0.323667 904.56 129.61 54.97 43.62 0 0.311781 1682.13 740.87 62.78 37.65 0 0.287747 605.62 553.77 54.24 35.55 0 0.275722 1698.58 731.91 58.97 36.59 0 0.269368 582.46 175.31 57.58 36.90 0 0.267280 280.12 718.39 75.31 61.78 0 0.263398 1674.00 741.69 49.53 40.06 0
315,
316,0.353255 833.24 545.19 28.96 28.94 0 0.315735 480.68 338.30 24.20 25.02 0 0.307714 737.06 215.18 29.87 31.14 0 0.279969 464.05 38.35 23.49 23.56 0 0.277478 832.24 554.08 30.91 30.37 0 0.266276 822.13 551.78 34.38 34.13 0 0.261296 746.48 221.37 27.00 24.43 0
317,0.313662 419.69 905.85 54.71 56.44 0 0.283971 410.65 901.67 67.37 40.26 0 0.276509 808.14 814.13 66.05 36.24 0 0.275494 513.74 939.41 46.37 41.57 0
318,0.409601 1234.74 1030.83 59.10 44.51 0 0.264743 1249.75 1033.53 64.71 34.91 0
319,0.525340 755.00 481.88 42.91 40.50 0 0.452597 768.17 169.53 40.30 41.02 0 0.427381 749.27 468.56 48.64 33.42 0 0.399431 734.32 683.24 50.94 37.85 0 0.327193 738.10 685.92 45.85 44.62 0 0.302859 776.42 173.44 38.23 35.64 0 0.251036 740.63 695.41 53.65 40.39 0
320,
321,0.318616 1379.33 893.20 40.89 34.20 0 0.299807 356.48 391.18 121.62 69.57 0 0.269452 378.11 386.61 109.65 77.02 0 0.265576 1570.10 341.51 96.21 63.69 0
322,0.518856 591.53 212.14 51.66 47.80 0 0.460214 990.78 308.64 42.15 53.24 0 0.430333 729.41 123.46 48.33 45.11 0 0.408788 942.70 184.62 39.90 52.95 0 0.401327 777.57 121.91 45.48 39.28 0 0.392247 658.58 209.52 47.79 47.09 0 0.383089 802.14 121.90 47.25 38.30 0 0.347617 952.58 317.82 47.14 53.78 0 0.312643 967.25 324.92 48.15 45.80 0 0.311336 600.80 341.07 62.17 43.45 0 0.309998 307.72 346.55 35.31 36.89 0 0.308039 879.62 117.27 38.23 43.74 0 0.298439 79.76 364.79 42.08 29.54 0 0.297772 634.56 343.01 43.82 39.57 0 0.289963 601.58 211.24 61.41 50.68 0 0.288287 960.48 317.60 52.00 39.97 0 0.260525 1043.50 309.48 58.61 49.18 0 0.256399 1025.78 306.35 43.38 55.16 0 0.254468 613.49 193.59 70.70 59.38 0 0.252269 791.01 334.76 57.55 48.99 0
323,0.299004 778.94 594.16 45.34 42.92 0 0.281262 1335.19 874.99 41.67 36.95 0
324,0.266214 157.82 219.24 47.79 34.14 0
325,0.506505 1208.30 796.91 58.17 31.90 0 0.498477 1173.81 751.92 63.79 37.92 0 0.498099 324.91 935.27 74.38 53.40 0 0.389235 284.51 936.75 88.83 55.18 0 0.381060 1607.99 561.76 61.50 59.60 0 0.358181 12.55 815.90 37.01 37.26 0 0.323680 1038.28 938.92 74.14 38.16 0 0.317255 262.67 939.03 118.20 67.10 0 0.300982 1192.85 752.10 61.89 40.47 0 0.300629 1230.48 658.91 63.20 42.58 0 0.293847 55.07 618.19 50.87 54.04 0 0.292494 1233.05 671.70 47.76 34.01 0 0.291349 10.57 904.07 83.16 54.41 0 0.289550 1195.79 774.13 61.95 46.11 0 0.282203 876.25 600.17 48.28 35.51 0 0.282061 1591.31 579.29 40.33 43.72 0 0.280102 1165.66 732.63 48.88 35.33 0 0.279160 966.31 502.69 59.29 44.31 0 0.278808 1178.61 766.66 65.37 43.28 0
326,0.660976 338.81 601.39 60.02 31.78 0 0.370131 349.72 600.73 73.10 33.03 0 0.301273 1052.55 466.05 67.52 35.29 0 0.279415 125.39 731.66 45.97 36.64 0 0.274698 70.45 714.44 61.98 51.66 0 0.258675 322.66 601.58 66.92 38.18 0 0.252894 383.00 603.28 58.11 40.35 0
327,0.599821 1322.18 725.33 63.63 35.67 0 0.368482 987.03 388.62 53.28 30.75 0 0.344584 1312.22 716.83 64.96 57.71 0 0.298208 1313.09 377.47 82.20 51.92 0 0.270468 1117.37 486.76 43.94 34.47 0 0.270137 159.53 288.64 83.43 42.68 0 0.253435 1096.27 673.53 35.08 29.31 0
328,0.252910 135.80 486.84 43.70 36.74 0
329,0.661703 1238.36 610.11 38.41 34.91 0 0.473059 1657.81 129.35 50.88 35.24 0 0.463089 1649.41 124.88 41.28 38.72 0
330,0.393895 1129.06 474.89 34.00 26.88 0
331,0.485033 1654.36 874.29 114.91 70.09 0 0.447745 1784.09 914.52 45.60 34.91 0 0.371623 1645.16 855.97 89.84 72.36 0 0.365251 1260.45 611.88 46.89 40.27 0 0.361652 1663.07 845.91 108.49 79.64 0 0.338078 1489.15 885.07 60.25 50.98 0 0.337725 367.62 540.27 38.69 31.65 0 0.335647 1269.19 619.32 60.44 42.06 0 0.332217 1481.00 859.96 67.36 61.65 0 0.326227 1010.06 748.35 62.06 38.76 0 0.325134 1256.69 644.23 52.04 31.13 0 0.308480 277.00 537.05 58.95 39.93 0 0.305497 1245.30 625.67 43.60 44.81 0 0.289582 1259.38 625.79 47.51 39.26 0 0.287675 642.73 793.02 75.16 38.81 0 0.286882 1267.84 704.31 59.11 36.99 0 0.279481 293.28 540.31 52.88 43.28 0 0.276217 174.91 546.14 66.69 39.30 0 0.276082 1006.99 671.52 52.71 46.04 0 0.274444 548.13 767.73 70.99 62.30 0 0.269646 46.54 553.12 59.82 40.99 3 0.264026 1461.36 849.93 79.83 65.75 0 0.261764 662.60 788.12 72.23 42.57 0 0.250996 1208.38 647.29 53.77 52.76 0
332,0.369581 861.20 418.02 78.17 40.58 0 0.367257 874.07 427.74 59.86 45.60 0 0.300115 863.98 418.04 68.14 57.80 0 0.290766 875.43 415.49 58.79 40.29 0 0.270307 839.56 24.24 52.53 47.89 0 0.258563 934.87 336.60 61.91 48.24 0
333,0.678827 124.04 794.07 50.03 39.21 0 0.534223 503.15 57.48 63.55 38.21 0 0.448491 591.50 319.13 66.49 34.75 0 0.403277 784.34 522.55 42.94 36.45 0 0.356271 1085.29 672.89 46.45 25.67 0 0.350919 728.41 247.84 67.70 35.97 0 0.346578 105.76 775.25 66.59 45.58 0 0.345114 852.79 753.53 44.95 39.52 0 0.341385 528.81 134.94 56.75 27.44 0 0.337261 511.90 73.03 57.20 26.69 0 0.337257 1146.83 669.44 47.26 37.51 0 0.298235 1205.15 655.37 46.42 38.77 0 0.298017 118.21 784.61 50.52 43.63 0 0.293785 1008.83 505.57 53.45 37.17 0 0.287143 1608.92 271.26 54.08 39.89 0 0.282957 830.20 752.92 55.27 41.82 0 0.281068 600.78 339.46 60.93 31.96 0 0.275366 897.83 761.47 50.10 51.09 0 0.274990 591.47 311.51 53.97 44.28 0 0.272730 1322.98 388.61 60.82 37.54 0 0.270920 799.51 523.36 46.62 35.68 0 0.262951 517.16 70.74 65.48 36.56 0 0.262000 743.99 265.54 59.64 36.42 0 0.256460 1080.75 660.20 52.24 38.33 0
334,0.368007 137.99 563.20 61.90 27.64 0 0.312234 142.03 582.48 62.21 31.27 0 0.277154 128.50 517.96 56.73 30.10 0
335,0.458457 478.76 121.72 27.75 24.06 0 0.372348 1235.73 106.74 40.96 28.81 0 0.261527 1267.20 175.43 27.12 22.51 0 0.251677 1245.64 107.93 36.04 25.19 0
336,0.301334 708.68 500.18 87.34 52.03 0 0.257933 307.36 417.39 89.18 66.65 0
337,0.331501 115.29 547.65 60.08 38.85 0 0.283844 424.92 489.72 51.00 39.86 0 0.251262 454.45 498.31 55.70 41.55 0 0.250106 436.47 494.02 59.05 42.35 0
338,0.655875 1190.35 167.93 44.93 42.19 0 0.606488 1115.58 170.03 46.53 38.19 0 0.528891 1066.96 168.31 53.26 41.75 0 0.444278 1092.73 169.22 47.11 38.79 0 0.440376 1188.21 157.95 45.08 41.54 0 0.425642 732.91 776.84 50.00 36.08 0 0.369381 1080.27 161.89 61.07 43.36 0 0.351801 640.80 1006.94 41.39 32.48 0 0.344935 1044.47 167.99 42.96 41.55 0 0.341733 1122.23 29.49 32.56 41.05 0 0.340760 638.78 995.31 38.47 36.92 0 0.331618 1170.17 158.21 47.56 48.20 0 0.331425 1139.31 165.26 32.99 45.90 0 0.330190 574.45 889.77 52.01 42.37 0 0.316077 991.12 168.82 49.87 39.18 0 0.304415 1060.21 27.10 43.26 44.67 0 0.299181 1206.58 167.07 56.42 38.20 0 0.287046 1045.11 32.96 54.16 52.40 0 0.268790 1489.56 797.59 61.97 35.76 0 0.266604 735.17 788.44 66.89 38.62 0 0.264768 1015.01 167.28 49.02 40.08 0 0.263469 173.88 498.39 53.60 29.36 0 0.262094 181.18 499.47 63.52 37.55 0
339,0.648761 1567.45 241.59 52.75 32.28 0 0.532799 1565.77 289.75 52.82 29.34 0 0.506034 1237.40 870.81 75.64 36.52 0 0.452803 1766.78 157.76 42.11 37.86 0 0.446562 1562.33 236.06 59.62 28.02 0 0.445082 1224.08 851.90 67.40 37.95 0 0.426111 1602.58 430.66 67.12 41.02 0 0.382635 1225.11 870.42 67.45 33.95 0 0.372009 1475.76 150.62 38.12 33.08 0 0.363561 1273.30 873.49 49.44 37.62 0 0.362675 1557.94 257.40 52.02 58.86 0 0.345198 1259.99 76.86 53.89 41.81 0 0.334179 1582.79 408.36 47.42 48.64 0 0.331560 1557.43 291.74 46.37 32.53 0 0.330601 1568.12 268.99 63.55 38.36 0 0.317456 1424.27 863.65 50.32 35.42 0 0.303846 1245.51 513.35 33.27 35.06 0 0.301973 1222.36 858.44 51.29 46.79 0 0.293529 1690.84 1037.58 51.29 32.72 0 0.291513 1417.33 833.08 53.66 31.76 0 0.290362 1270.82 747.58 53.68 38.63 0 0.288257 1693.68 141.48 51.79 43.50 0 0.286454 1579.28 425.16 46.39 55.96 0 0.273744 1570.31 239.78 60.33 40.75 0 0.265710 1661.94 908.12 55.40 41.42 0 0.254586 1239.77 609.94 46.91 36.50 0 0.251571 1767.67 790.22 40.47 40.67 0
340,0.782171 828.08 537.64 81.81 36.95 0 0.587977 829.38 539.10 74.73 55.51 0 0.563142 739.72 792.46 62.70 35.09 0 0.538558 828.57 548.26 50.44 44.44 0 0.500174 827.85 534.38 54.55 41.49 0 0.482993 730.88 786.97 58.23 36.91 0 0.478932 554.16 514.27 104.05 64.89 0 0.419608 733.63 821.25 84.93 37.07 0 0.404779 977.93 912.76 77.82 36.48 0 0.383995 693.01 656.17 66.38 38.72 0 0.374561 719.81 1012.85 53.66 48.48 0 0.363420 854.73 545.40 58.04 49.72 0 0.362558 828.27 515.92 73.22 37.35 0 0.362352 711.04 1029.11 62.51 41.58 0 0.345804 926.79 818.15 72.63 40.53 0 0.339116 805.87 396.25 59.98 33.25 0 0.335800 838.04 568.25 67.14 34.22 0 0.328498 977.10 896.05 70.52 38.91 0 0.326769 600.97 453.02 60.42 42.23 0 0.323929 933.56 840.38 71.69 37.28 0 0.314953 639.47 890.67 79.86 41.81 0 0.313660 1419.68 693.50 46.86 43.63 0 0.312384 574.73 618.66 68.65 37.24 0 0.305068 563.59 583.20 76.89 59.84 0 0.301701 617.13 596.72 83.28 53.75 0 0.299858 593.95 439.24 68.15 41.76 0 0.287955 649.81 602.59 77.07 50.74 0 0.278068 698.01 667.88 61.07 39.32 0 0.274282 671.30 652.93 60.91 56.59 0 0.274044 587.94 439.25 49.63 41.59 0 0.255420 804.40 411.33 65.97 41.76 0 0.255048 546.69 552.26 64.02 50.70 0
341,0.426738 1594.04 775.53 37.24 33.11 0 0.364975 981.57 318.66 67.13 54.56 0 0.296565 902.27 769.83 61.54 39.12 0
342,0.945117 924.35 721.13 65.72 38.84 0 0.894718 920.59 720.31 61.81 33.46 0 0.838105 918.06 736.32 66.43 47.24 0 0.821307 925.49 708.72 70.32 33.21 0 0.774605 918.80 705.92 60.99 40.50 0 0.721790 977.48 511.11 75.32 37.67 0 0.649470 723.24 501.21 51.61 40.80 0 0.643069 971.82 548.31 74.10 41.57 0 0.628618 743.37 362.83 64.77 42.73 0 0.625679 927.19 683.21 74.18 33.72 0 0.620270 909.75 768.28 69.34 28.15 0 0.578382 971.62 530.28 76.58 43.21 0 0.569111 687.36 579.20 67.77 37.52 0 0.529075 739.29 477.60 72.60 49.63 0 0.521649 790.58 557.43 71.25 37.11 0 0.501383 689.75 892.17 62.79 37.71 0 0.499297 682.78 619.99 72.61 45.95 0 0.496548 741.14 431.34 64.49 43.53 0 0.490729 759.54 378.80 68.91 46.39 0 0.479709 821.81 348.10 76.43 65.51 0 0.475010 731.51 702.62 55.68 31.66 0 0.466541 911.69 714.20 58.48 53.47 0 0.463321 850.55 331.50 55.21 52.64 0 0.459315 695.20 506.16 70.41 40.02 0 0.455001 679.22 599.89 59.41 33.70 0 0.450274 787.04 495.59 78.69 38.88 0 0.443981 689.69 527.92 68.36 36.28 0 0.439467 737.04 699.93 70.49 32.07 0 0.430083 759.42 361.24 68.23 45.09 0 0.423537 740.45 406.78 72.62 42.46 0 0.419650 684.92 761.14 86.99 51.83 0 0.413081 687.27 556.13 69.18 37.30 0 0.410396 674.94 688.08 70.27 55.69 0 0.405056 658.64 966.90 58.31 32.13 0 0.403045 908.78 698.55 57.41 53.07 0 0.385668 793.81 523.96 70.27 38.34 0 0.385630 781.84 517.63 64.57 52.29 0 0.384684 741.70 380.55 72.64 47.83 0 0.379861 732.98 708.31 71.52 47.80 0 0.375615 853.76 911.09 58.90 43.64 0 0.369671 959.53 536.41 70.41 39.10 0 0.368202 674.55 964.78 48.74 33.55 0 0.362710 781.67 554.87 60.80 46.91 0 0.360602 706.08 763.96 75.64 44.15 0 0.358949 756.81 399.41 81.46 49.26 0 0.352890 896.54 766.84 69.01 35.74 0 0.352373 856.24 325.38 66.64 34.62 0 0.352164 872.78 889.56 64.43 42.83 0 0.350757 723.58 482.82 59.47 45.52 0 0.349101 843.21 383.98 56.60 40.65 0 0.348958 903.60 787.68 61.05 44.00 0 0.345095 886.25 792.17 68.62 44.38 0 0.343937 845.58 358.34 64.59 41.01 0 0.343627 730.78 433.61 55.45 47.38 0 0.339695 823.91 380.96 64.09 51.71 0 0.334993 728.34 711.01 55.41 51.47 0 0.334388 679.03 578.68 60.38 41.39 0 0.328420 714.43 738.99 67.52 34.30 0 0.323275 739.27 450.93 69.55 43.61 0 0.322436 958.13 529.38 53.50 49.99 0 0.317611 804.68 335.36 37.19 59.01 0 0.314766 828.81 403.98 54.52 40.60 0 0.310399 644.68 693.31 61.85 48.25 0 0.309697 690.73 869.63 65.81 33.91 0 0.308556 669.92 641.15 65.49 44.07 0 0.307833 703.00 510.36 77.66 57.71 0 0.298424 759.82 574.43 48.33 45.17 0 0.298363 757.43 421.25 78.29 50.73 0 0.298175 695.83 549.19 85.80 53.61 0 0.296257 969.20 561.80 72.86 46.17 0 0.294782 842.90 1009.84 58.79 39.73 0 0.291724 672.29 621.48 71.53 49.12 0 0.288668 644.40 957.04 48.82 41.90 0 0.288445 922.73 683.79 55.63 51.75 0 0.283421 688.30 506.33 49.97 48.15 0 0.280960 688.25 597.41 65.12 39.53 0 0.277517 851.73 1006.21 68.71 46.60 0 0.277108 796.69 356.29 47.92 55.04 0 0.272547 697.15 816.48 67.08 33.31 0 0.271833 1024.95 426.95 59.02 47.52 0 0.269881 759.02 346.04 67.89 40.82 0 0.267743 728.60 456.30 59.74 35.63 0 0.265923 648.53 642.62 75.76 52.53 0 0.264383 782.62 501.24 56.48 41.79 0 0.262995 862.98 891.85 61.48 39.97 0 0.260463 639.89 672.59 78.81 48.20 0 0.259868 594.56 826.49 59.84 41.22 0 0.252893 743.48 507.42 86.93 59.60 0 0.252574 709.14 572.92 67.68 52.61 0 0.251904 745.19 350.58 62.08 38.79 0
343,0.442720 419.02 299.70 44.89 47.15 0 0.414322 467.79 188.85 37.76 45.87 0 0.401730 217.99 172.32 59.74 44.26 0 0.311736 306.33 164.63 34.13 50.65 0 0.297142 367.70 299.19 54.64 39.46 0 0.283095 84.46 195.64 45.17 43.20 0 0.256906 411.75 297.05 49.91 34.78 0 0.253489 275.50 168.66 43.89 49.33 0
344,0.326275 1093.68 67.64 43.70 24.64 0 0.257491 325.36 626.20 39.52 28.84 0
345,0.570938 880.41 227.50 81.48 66.38 0 0.570210 897.34 240.28 69.24 51.13 0 0.539792 614.74 130.38 80.72 65.50 0 0.508834 1598.39 345.79 61.47 46.54 0 0.455941 1062.62 210.67 66.54 37.88 0 0.449736 1035.13 206.32 69.97 53.43 0 0.439984 1597.86 354.62 64.32 53.21 0 0.432235 39.75 404.59 59.56 56.62 0 0.424502 1073.14 206.61 71.77 41.88 0 0.404728 637.38 130.15 92.26 73.97 0 0.399424 877.78 225.56 74.43 45.43 0 0.396754 1080.51 215.71 63.81 29.82 0 0.368163 634.61 150.87 104.05 68.73 0 0.359319 1321.32 164.65 68.03 50.07 0 0.332212 660.72 874.47 50.23 37.05 0 0.328305 436.31 542.69 95.12 64.72 0 0.319758 614.11 140.61 40.82 49.92 0 0.315750 906.10 222.43 57.69 55.17 0 0.305267 873.20 222.29 46.82 39.66 0 0.304637 1573.39 339.66 82.94 58.97 0 0.304229 1188.90 695.97 85.92 56.24 0 0.303384 1096.15 216.08 51.93 37.38 0 0.302281 1683.92 790.78 76.93 54.82 0 0.302004 1555.18 330.70 85.84 65.39 0 0.292428 440.56 574.33 92.76 58.79 0 0.276067 365.79 833.28 92.15 71.64 0 0.272930 698.94 856.25 50.86 45.30 0 0.259179 1053.54 195.30 80.47 58.80 0 0.257720 613.53 154.29 96.52 64.71 0 0.254322 442.46 214.19 54.08 43.15 0 0.252331 224.80 80.86 46.57 37.33 0 0.251129 760.66 309.38 89.10 61.35 0
346,0.476212 1194.42 495.08 84.97 58.27 0 0.453600 1188.73 499.76 47.81 52.74 0 0.430556 1221.40 501.09 76.25 52.72 0 0.357237 41.30 825.15 42.72 30.23 0 0.350781 705.52 384.92 58.30 39.68 0 0.333284 686.59 385.30 42.23 39.95 0 0.310030 1237.44 505.86 71.86 46.76 0 0.281577 740.84 382.66 58.85 45.53 0 0.265920 726.25 384.34 48.08 40.72 0 0.264652 1350.41 635.10 53.22 32.36 0 0.263250 840.43 800.59 49.57 35.70 0 0.251023 661.18 387.14 44.78 40.94 0
347,0.363629 1045.56 918.57 40.78 31.15 0
348,0.313509 1353.83 76.69 43.24 37.83 0 0.284637 927.88 773.87 45.80 36.83 0 0.258800 1252.78 1038.26 58.06 35.24 0
349,0.298270 307.84 598.17 44.80 39.15 0
350,0.579654 183.47 450.93 91.89 50.55 0 0.533845 202.38 452.77 88.77 48.26 0 0.408481 220.42 450.38 96.01 49.14 0 0.333276 161.77 451.44 90.86 49.58 0 0.274122 192.79 434.09 105.45 58.16 0
351,0.395895 1187.60 509.26 36.01 27.84 0
352,0.503400 1339.02 797.54 60.64 24.54 0 0.334414 1814.51 699.09 71.26 41.31 0 0.312097 1859.77 670.61 43.02 39.02 0 0.301013 1348.76 866.62 63.19 32.04 0 0.265390 1801.27 673.62 64.47 50.90 0 0.258430 1811.46 722.83 66.65 38.99 0
353,0.333579 1026.65 501.18 62.23 45.88 0
354,0.257043 167.48 971.41 66.33 38.18 0
355,
356,
357,0.287863 423.97 662.64 42.90 34.19 0 0.286573 951.71 946.12 32.60 32.66 0 0.281630 828.75 655.27 37.29 34.98 0
358,0.461483 778.77 342.83 35.58 34.27 0 0.370187 1789.93 707.66 47.44 30.73 0 0.332836 1517.70 575.49 49.69 30.05 0 0.322417 879.33 841.22 36.56 38.03 0 0.295924 1806.66 705.79 51.88 32.35 0
359,0.366686 642.02 479.70 80.39 45.41 0 0.363725 656.46 474.37 73.24 50.26 0
360,0.311755 1381.54 366.08 89.18 51.15 0 0.308772 1348.34 357.81 108.71 58.87 0 0.265900 1332.59 361.37 96.12 54.39 0 0.256825 704.32 356.14 135.10 87.44 0 0.250079 0.23 408.56 155.72 81.90 0
361,0.376418 828.46 727.87 44.50 39.11 0 0.343337 836.22 359.85 36.08 37.03 0 0.324737 828.92 743.86 45.13 41.19 0 0.317118 829.05 947.13 40.27 31.34 0 0.276642 814.95 716.15 55.44 57.99 0
362,0.255602 346.75 147.79 56.89 28.29 0
363,0.352526 891.31 414.01 56.24 39.06 0 0.307869 1114.12 845.34 40.77 37.04 0 0.298725 874.67 403.59 68.30 41.66 0 0.281431 1290.99 533.54 56.07 46.67 0 0.273414 1269.09 534.01 62.48 36.93 0
364,0.472329 136.82 781.99 136.00 84.50 0 0.419973 1842.36 514.11 63.11 35.19 0 0.304536 93.19 578.25 82.39 67.67 0 0.292935 193.65 775.76 75.16 67.91 0 0.261495 189.19 794.83 81.56 64.34 0
365,0.540372 832.78 548.74 42.09 47.98 0 0.302240 421.56 458.80 50.19 42.75 0 0.295023 859.95 516.97 69.38 55.78 0 0.291643 302.12 448.67 89.67 67.73 0 0.252367 979.07 529.26 64.90 52.36 0 0.250730 839.80 520.38 65.12 58.33 0
366,0.385744 539.85 23.07 47.03 45.86 0 0.350039 584.29 674.79 47.61 28.38 0 0.294804 585.19 685.09 49.31 41.75 0 0.269889 609.05 25.09 47.84 44.39 0
367,0.420571 1684.45 255.62 57.65 46.48 0 0.395695 1658.14 459.79 61.23 30.11 0 0.349149 835.80 129.79 67.13 36.58 3 0.321071 752.00 291.74 57.07 37.28 0 0.319838 1649.91 318.91 64.44 38.56 0 0.312700 739.21 289.50 45.72 37.86 0 0.311471 773.03 286.13 51.97 39.26 0 0.300197 814.55 261.89 67.07 42.43 0 0.275030 46.28 1018.85 68.74 44.28 0 0.266099 1129.93 321.13 60.00 58.48 0 0.264603 1220.54 329.82 66.07 56.06 0
368,0.393261 1093.29 818.86 39.06 27.70 0 0.288524 1269.78 39.96 68.08 50.16 0 0.255914 1786.83 722.75 47.61 32.77 0 0.254696 1337.60 657.23 32.57 38.07 0
369,0.310450 1043.57 367.23 46.70 36.18 0
370,0.366921 274.21 339.95 35.58 20.77 0 0.364053 1068.04 421.66 47.14 28.70 0 0.258877 1068.09 409.20 45.39 26.16 0 0.257336 273.88 320.91 35.04 25.81 0 0.253557 51.74 64.67 28.05 35.54 0 0.252629 1069.96 443.59 51.33 23.20 0 0.251495 271.13 307.98 34.20 45.01 0
371,0.444285 1122.37 386.46 39.91 26.06 0 0.442058 1110.43 377.91 44.89 29.00 0 0.412590 1053.68 324.83 45.90 29.80 0 0.333400 888.86 173.04 40.96 27.11 0 0.297037 1124.75 376.57 38.94 29.43 0 0.265221 973.45 249.68 50.46 39.01 0
372,0.401352 24.56 416.02 107.41 68.55 0 0.336358 689.49 283.87 74.79 34.73 0 0.331728 484.95 289.48 56.06 37.58 0 0.314949 495.17 288.58 87.12 42.16 0 0.307918 676.78 287.71 71.23 32.27 0 0.287481 82.50 436.53 98.15 58.74 0 0.265706 533.34 288.50 66.74 40.28 0 0.261486 109.34 432.66 80.76 50.09 0
373,0.286623 484.01 453.40 86.99 60.05 0 0.284333 1841.33 119.99 44.43 37.11 0 0.263674 504.89 470.33 70.96 47.96 0
374,0.436308 1360.23 536.51 44.50 38.39 0 0.279001 1302.91 532.11 40.32 36.07 0
375,0.335629 1096.41 461.81 145.44 81.02 0 0.303386 1110.65 480.39 107.26 73.01 0 0.298504 477.75 569.83 129.21 69.16 0 0.283239 429.24 511.99 102.72 55.91 0 0.281974 432.86 513.01 69.95 62.30 0 0.271935 569.75 560.26 116.35 60.25 0 0.256535 1138.96 482.58 93.58 61.76 0
376,0.427210 1203.09 613.74 66.17 49.76 0 0.416865 1222.81 624.43 48.24 42.78 0 0.388457 1642.27 219.47 44.15 31.25 0 0.378673 1218.42 613.05 53.95 37.52 0 0.330127 1200.87 612.71 62.05 36.67 0 0.311352 1035.98 609.36 47.38 36.44 0 0.294776 1014.77 608.66 62.17 45.10 0 0.280092 570.86 456.45 76.06 51.34 0 0.256396 1034.34 615.55 44.22 42.08 0 0.251436 1857.33 112.00 50.73 48.02 0
377,0.277809 1622.30 585.30 55.51 38.58 0
378,0.467746 1246.87 482.21 81.66 38.46 0 0.428161 227.96 1005.00 58.13 33.05 0 0.267045 1171.07 475.63 84.98 49.69 0 0.253153 1265.17 382.06 91.40 57.32 0
379,0.406046 15.35 1003.11 64.59 52.48 0 0.347328 1051.00 171.23 36.48 37.19 0 0.316701 1100.96 849.37 50.20 36.93 0 0.304856 720.74 599.86 67.78 47.20 0 0.280019 10.07 1005.43 56.35 49.74 0 0.254758 624.23 805.06 51.68 37.25 0
380,0.258240 1696.92 855.13 44.86 36.97 0
381,0.481210 1443.69 770.62 66.15 36.55 0 0.432137 1339.18 744.50 77.55 49.99 0 0.429625 868.47 628.14 62.72 25.53 0 0.378573 1378.38 747.35 85.21 51.32 0 0.340989 1354.21 744.33 89.61 49.76 0 0.332398 881.13 577.09 69.72 49.30 0 0.314417 763.38 430.88 73.79 44.46 0 0.304631 793.88 430.74 55.12 35.02 0 0.279952 785.11 485.15 64.11 33.45 0 0.274873 883.79 561.73 79.27 39.01 0 0.271873 741.69 428.98 79.64 48.67 0 0.271503 880.32 603.13 66.63 42.01 0 0.262992 777.93 445.28 72.65 47.29 0
382,0.723652 776.12 120.01 49.55 39.14 0 0.528653 503.88 119.67 57.29 43.06 0 0.470323 706.02 230.24 46.62 47.34 0 0.390336 758.24 115.96 51.85 43.05 0 0.380645 729.27 27.45 38.99 36.21 0 0.355287 615.72 484.35 30.90 38.00 0 0.353089 728.10 111.21 61.11 45.97 0 0.350845 663.17 223.24 40.15 42.20 0 0.344268 711.05 119.35 28.26 41.31 0 0.342117 773.33 109.98 46.36 32.32 0 0.340278 500.72 114.44 62.88 31.08 0 0.337361 712.15 23.94 48.31 43.28 0 0.334200 318.85 134.94 43.41 47.53 0 0.332154 701.37 222.10 46.07 37.12 0 0.331265 594.19 220.80 42.49 37.73 0 0.319170 684.19 19.16 52.56 48.71 0 0.281983 681.83 118.71 55.35 38.70 0 0.272480 737.13 318.00 55.71 35.47 0 0.264039 612.51 227.33 37.81 34.68 0 0.264039 1271.10 990.00 39.94 41.59 0 0.254726 733.28 320.81 52.65 47.12 0 0.252581 397.33 29.39 50.03 50.53 0
383,0.360586 854.77 322.68 38.80 22.83 0 0.257776 761.50 594.75 41.53 25.86 0 0.252948 765.71 601.58 36.19 22.24 0
384,0.372068 237.75 338.46 77.72 43.78 0 0.328864 1231.95 609.23 50.47 41.39 0 0.312618 258.27 339.22 63.04 41.73 0 0.264091 227.93 329.52 95.05 50.10 0
385,0.309461 1529.75 874.16 44.57 37.59 0
386,0.318755 364.13 634.98 59.87 43.48 0
387,0.301710 971.06 74.32 40.61 39.09 0
388,
389,
390,0.448746 1022.67 563.58 46.07 36.74 0 0.411345 830.17 554.54 41.42 35.45 0 0.343430 872.12 555.38 44.14 34.74 0 0.287108 1114.47 564.39 56.25 37.97 0 0.267402 844.36 556.49 70.25 33.95 0 0.260620 1081.65 561.94 60.99 41.14 0
391,0.427427 1520.82 783.76 51.59 33.99 0 0.354109 1809.36 790.14 41.50 34.95 0 0.294481 1775.59 785.95 61.47 31.86 0 0.262404 1771.59 783.82 43.16 36.42 0 0.258789 1534.70 783.88 53.02 33.20 0 0.257114 1123.99 781.85 61.29 35.48 0
392,0.315001 1618.75 989.55 56.56 33.34 0 0.264412 1759.89 61.03 52.20 36.48 0 0.256396 1764.84 93.47 59.07 37.70 0 0.254605 1805.70 177.33 48.15 30.67 0
393,0.766553 798.17 631.35 100.73 66.57 0 0.708381 803.31 604.61 74.72 55.93 0 0.685844 799.97 611.80 87.11 72.32 0 0.517113 791.52 605.27 67.75 52.11 0 0.465402 812.94 626.13 85.77 62.02 0 0.447776 809.20 631.83 122.20 67.82 0 0.381093 830.32 650.13 119.24 65.25 0 0.325802 869.35 649.85 81.30 55.56 0 0.325298 1593.54 670.94 45.40 41.50 0 0.298265 1570.69 669.81 63.76 42.58 0 0.281389 782.91 606.13 91.27 70.40 0 0.252275 1551.66 665.26 61.55 45.37 0
394,0.325951 294.15 603.30 59.25 46.90 0 0.297614 707.81 516.49 37.96 32.57 0
395,
396,0.379862 1114.08 408.60 106.62 59.44 0 0.255540 1170.78 377.56 120.51 66.33 0
397,0.386953 1652.52 272.52 42.70 38.98 0 0.370192 1237.10 769.35 36.63 31.51 0 0.316122 1366.20 336.35 49.16 41.06 0 0.308715 1653.90 275.58 38.95 46.54 0 0.281529 1657.30 276.55 52.30 34.96 0 0.264502 1377.40 340.44 51.37 31.42 0
398,0.618719 1321.03 338.82 115.24 72.45 0 0.511605 1531.48 340.35 60.84 57.90 0 0.504163 1540.98 353.40 47.39 53.54 0 0.483188 1508.16 343.90 83.80 62.42 0 0.424654 1473.73 349.74 59.66 57.67 0 0.422726 1309.68 343.86 82.93 64.66 0 0.376621 1292.84 355.19 69.00 52.65 0 0.303391 1603.86 349.47 81.67 56.30 0 0.301172 1355.84 345.10 94.58 66.67 0 0.299352 1635.85 330.87 103.94 65.00 0 0.277739 401.15 716.00 60.52 34.15 0 0.256013 1283.00 353.27 63.17 54.11 0 0.250691 1490.44 349.87 59.57 57.70 0
399,0.326663 1221.02 62.30 32.19 30.00 0 0.264325 207.92 0.00 37.49 19.00 0
400,0.317060 1402.06 626.11 53.05 33.65 0 0.260973 1091.92 611.90 47.78 35.36 0
401,0.352610 728.51 94.70 33.95 33.10 0 0.350549 847.83 3.42 33.28 21.58 0 0.312012 1299.66 152.62 28.35 24.30 0 0.309426 40.47 685.57 33.54 31.11 0 0.295490 590.59 107.52 42.37 25.34 0 0.290063 543.63 238.92 27.79 19.90 0 0.269910 499.47 622.95 29.45 25.45 0 0.266395 1217.56 611.28 38.15 24.72 0 0.265617 1288.24 152.43 31.37 24.81 0
402,0.488705 335.04 351.23 47.70 46.70 0 0.466019 1292.80 1006.43 60.28 33.12 0 0.428622 317.80 783.73 48.49 39.61 0 0.380721 1292.42 995.74 57.42 39.23 0 0.362964 939.54 670.42 52.98 45.65 0 0.350533 343.51 348.98 44.62 35.26 0 0.345515 311.60 787.00 51.84 47.74 0 0.340515 893.92 678.05 60.65 38.89 0 0.334597 1070.50 366.73 48.99 32.68 0 0.330135 321.88 791.97 45.58 42.67 0 0.329984 1156.72 656.72 55.10 42.79 0 0.327461 461.70 599.25 47.55 42.25 0 0.321443 732.58 585.69 34.80 33.91 0 0.319516 614.01 586.30 42.92 38.69 0 0.319190 1279.96 978.64 64.12 54.64 0 0.310149 396.34 786.91 50.89 42.09 0 0.306242 306.85 778.61 52.77 44.59 0 0.295881 889.19 672.33 38.83 47.30 0 0.293475 1170.33 656.81 75.31 40.85 0 0.287604 448.71 598.64 42.36 42.94 0 0.285836 408.35 789.44 50.09 39.40 0 0.281742 860.94 767.58 41.10 39.32 0 0.280129 1205.10 657.94 53.51 36.83 0 0.279996 1213.12 751.73 39.63 34.58 0 0.271322 381.93 783.45 37.57 46.16 0 0.267865 809.33 510.19 29.85 36.03 0
403,0.553941 295.21 271.57 50.57 34.88 0 0.296099 663.82 343.50 42.14 37.16 0 0.285667 618.43 654.60 60.18 37.93 0
404,0.416571 1462.05 1031.11 52.88 43.78 0 0.414416 1448.33 1014.99 54.15 32.68 0 0.405372 118.11 697.93 58.62 34.37 0 0.404979 1648.59 107.11 63.77 33.02 0 0.389689 1638.69 79.07 54.35 29.56 0 0.382307 1832.94 271.18 52.62 37.47 0 0.351005 1451.19 1033.31 53.60 39.83 0 0.349452 328.82 722.62 46.97 35.87 0 0.334630 1832.91 125.38 47.19 39.81 0 0.286978 1655.59 126.27 55.92 30.15 0 0.275866 1822.40 263.86 48.31 47.42 0 0.273981 1767.42 98.53 48.94 39.87 0 0.266537 1445.73 995.63 59.83 32.23 0 0.260542 90.40 697.25 50.24 31.55 0 0.255812 351.94 720.99 46.41 35.07 0 0.255548 1689.78 263.79 52.42 34.14 0
405,0.618591 1043.35 470.71 86.06 62.49 0 0.610066 1020.13 503.29 48.43 36.82 0 0.573173 1025.72 479.21 70.57 49.76 0 0.496055 1107.60 364.45 70.71 45.01 0 0.473392 1124.61 365.43 64.60 49.15 0 0.453028 1151.57 409.79 62.39 41.85 0 0.417070 1041.68 218.65 51.61 35.34 0 0.392222 915.45 456.51 46.48 42.44 0 0.372956 1126.41 419.42 68.07 49.59 0 0.362389 1024.48 498.65 70.02 49.64 0 0.357403 1020.62 486.13 48.69 43.64 0 0.351757 1088.91 506.81 55.00 39.80 0 0.345339 1702.91 701.29 66.77 53.13 0 0.341595 1053.05 501.35 70.50 51.59 0 0.339107 1084.82 478.38 67.98 47.31 0 0.330405 1118.92 384.33 78.16 54.78 0 0.317053 969.50 359.61 46.01 41.87 0 0.316167 1084.79 432.63 63.77 48.19 0 0.310083 1109.21 394.07 66.53 57.11 0 0.308805 1101.73 502.59 67.82 42.10 0 0.306410 1026.51 514.30 82.70 49.19 0 0.303665 1238.95 274.67 41.26 34.33 0 0.293564 1785.21 636.46 49.74 37.03 0 0.292712 110.89 1036.96 39.80 39.30 0 0.278162 1644.03 678.22 46.50 42.61 0 0.277548 1158.64 266.39 49.41 42.71 0 0.277470 1141.33 393.75 73.03 46.27 0 0.268236 1038.48 236.59 51.84 39.80 0 0.266748 1133.01 366.74 77.98 51.34 0 0.254205 1663.26 681.90 50.36 37.27 0
406,0.521454 626.86 447.00 68.61 56.00 0 0.496378 603.36 441.56 78.97 62.91 0 0.467641 482.63 977.57 48.69 41.44 0 0.443532 1016.93 449.71 50.27 52.49 0 0.418707 839.38 447.44 64.20 50.72 0 0.388713 558.61 222.61 61.06 65.38 0 0.388334 622.83 128.25 64.61 63.08 0 0.387226 1007.74 421.87 63.21 39.08 0 0.374067 636.60 447.98 74.81 53.99 0 0.365116 1012.10 432.97 57.64 50.71 0 0.357946 1066.51 766.58 57.18 32.03 0 0.356194 843.19 412.82 50.06 41.63 0 0.352608 637.76 436.55 74.01 52.59 0 0.349234 1032.51 219.99 75.83 57.86 0 0.343758 1076.42 766.84 56.81 34.74 0 0.321120 1008.34 216.44 77.41 61.58 0 0.306865 350.41 447.18 42.09 55.32 0 0.296448 567.70 104.19 59.56 51.67 0 0.282895 826.18 447.55 61.42 51.16 0 0.279333 826.40 424.24 61.76 60.00 0 0.270824 484.63 963.69 48.23 34.38 0 0.258031 579.99 223.01 59.49 64.55 0 0.254043 711.45 118.38 42.08 48.56 0 0.252082 980.85 443.45 79.37 59.53 0
407,0.261023 677.74 951.86 93.81 58.50 0
408,0.655220 1056.28 1002.70 46.07 39.18 0 0.497373 1020.87 1011.67 51.37 38.07 0 0.442266 1031.92 1005.13 66.48 38.73 0 0.412469 1621.45 434.84 43.54 39.73 0 0.343941 911.60 616.15 49.18 53.95 0 0.319236 904.68 1041.23 30.30 34.05 0 0.318470 1673.79 368.16 44.03 37.33 0 0.303927 1671.43 409.28 42.12 38.48 0
409,0.292695 958.81 546.04 69.69 45.24 0 0.289093 988.74 548.29 46.66 40.31 0 0.277927 475.59 533.17 73.26 36.86 0 0.264062 463.63 530.82 62.81 37.25 0 0.259129 943.51 549.01 58.35 39.01 0
410,0.360434 1683.85 859.42 57.73 32.90 0 0.288638 1859.43 889.24 50.71 30.90 0
411,
412,0.542115 730.35 629.01 69.05 64.36 0 0.457601 734.99 645.58 64.87 47.89 0 0.338706 1864.65 941.38 51.31 34.91 0 0.326037 1867.78 960.71 47.79 33.19 0 0.310283 12.67 1005.93 68.05 42.86 0 0.276761 970.83 102.43 37.64 36.93 0 0.270745 713.58 604.45 82.07 42.23 0
413,0.610164 643.96 551.19 46.07 37.04 0 0.430062 663.76 535.91 68.65 42.60 0 0.386463 642.15 551.03 77.93 35.11 0 0.342832 660.19 539.93 68.66 50.15 0 0.251221 687.73 537.69 61.35 54.18 0
414,0.269511 89.01 53.67 86.65 65.85 0
415,0.427485 157.54 204.64 32.24 23.69 0 0.317038 154.78 194.98 26.20 36.35 0
416,0.492829 1165.44 576.73 48.62 33.06 0 0.400027 1253.70 582.74 60.71 31.83 0 0.391204 995.85 564.19 44.05 35.72 0 0.353028 1239.15 581.57 49.73 36.83 0 0.339085 1326.47 587.05 53.70 32.06 0 0.287587 831.05 558.29 48.51 39.95 0 0.278630 1276.58 582.22 53.98 36.14 0 0.273943 1135.56 570.81 62.97 42.04 0
417,0.259165 971.33 604.51 51.50 34.32 0 0.250303 873.69 532.44 76.56 47.01 0
418,0.691985 999.27 699.01 35.41 46.16 0 0.688910 773.82 727.53 54.50 36.89 0 0.562631 933.05 703.01 42.42 51.23 0 0.540693 737.86 539.59 77.00 58.49 0 0.507881 1039.77 705.41 50.17 43.19 0 0.506979 684.18 22.90 52.47 45.87 0 0.497978 674.60 13.26 62.73 37.99 0 0.488102 965.86 699.90 53.88 44.57 0 0.480309 751.15 720.27 70.93 48.29 0 0.452283 925.59 702.08 51.60 36.46 0 0.426818 1007.05 705.05 30.51 45.84 0 0.413947 779.54 726.57 52.09 47.48 0 0.411007 594.12 618.67 37.05 41.86 0 0.399252 932.04 698.47 54.48 42.71 0 0.334503 852.78 575.71 55.83 46.74 0 0.309102 911.11 697.21 45.84 40.74 0 0.299402 782.25 728.72 63.01 36.97 0 0.296016 1051.40 698.51 53.03 42.59 0 0.294793 1015.56 699.31 70.00 45.31 0 0.294330 943.41 709.44 45.80 40.49 0 0.293609 665.78 11.00 43.62 60.82 0 0.280817 1022.97 700.59 54.86 50.07 0 0.277825 590.40 739.26 37.50 54.25 0 0.275257 973.36 707.77 46.14 42.26 0 0.266694 730.68 719.88 43.38 49.63 0 0.266591 592.67 599.17 42.18 50.06 0 0.261549 736.31 561.75 85.67 67.00 0 0.259847 727.04 593.01 62.32 50.74 0 0.251850 42.44 750.69 38.51 36.65 0 0.251584 46.68 751.63 46.58 35.64 0
419,0.262128 1299.39 560.07 34.02 25.41 0
420,
421,0.428423 114.41 983.07 44.77 37.07 0 0.330916 880.15 758.90 69.74 55.38 0 0.321699 879.34 756.84 69.91 36.07 0 0.272085 880.96 775.25 50.11 54.77 0 0.256932 631.30 1042.97 55.46 34.40 0
422,0.382520 190.00 413.33 74.91 45.20 0 0.324736 195.01 411.24 91.87 63.89 0 0.310888 877.43 418.85 68.98 62.03 0 0.300162 532.62 161.62 33.76 48.64 0 0.298805 550.53 169.22 51.04 65.22 0 0.293078 336.21 363.34 70.24 36.64 0 0.278218 192.40 414.13 70.32 59.87 0 0.276886 322.67 380.53 159.10 97.02 0 0.265405 593.46 215.53 67.10 38.04 0
423,0.460871 973.97 819.85 73.76 35.71 0 0.381984 1274.98 47.00 49.79 37.24 0 0.369366 1478.38 1035.50 34.85 39.53 0 0.335182 1286.24 454.18 59.62 49.78 0 0.318537 1221.52 152.25 65.83 31.77 0 0.312936 1407.34 601.69 34.29 32.07 0 0.281785 1311.26 577.28 46.26 34.04 0 0.277658 1222.89 137.84 69.59 37.77 0 0.268650 1349.24 595.19 54.51 51.34 0 0.268388 1301.90 43.59 53.94 51.63 0 0.266211 986.47 818.06 72.67 44.33 0 0.262450 1266.06 311.81 74.97 38.91 0 0.255501 1289.91 34.86 80.36 56.71 0 0.253674 1344.73 622.13 57.61 36.66 0 0.251257 1577.85 676.20 37.91 31.67 0
424,0.376663 737.32 423.04 91.54 55.37 0 0.355386 697.15 421.97 113.10 63.14 0 0.312910 703.83 425.67 137.77 69.76 0 0.303825 1208.82 467.78 105.19 71.56 0 0.288220 1063.48 453.59 100.15 68.26 0 0.276667 1226.98 472.67 102.88 61.50 0 0.263451 179.77 454.43 74.34 41.49 0 0.261763 750.39 419.75 101.16 60.10 0
425,0.798166 1157.15 405.59 68.64 45.00 0 0.727017 1113.87 392.26 94.12 62.99 0 0.673222 1108.95 408.10 53.72 39.28 0 0.638217 1148.80 385.83 70.63 41.97 0 0.612585 975.28 321.48 65.15 37.26 0 0.608168 1166.12 510.42 68.97 33.91 0 0.557145 974.00 338.37 58.52 34.12 0 0.552510 1122.09 358.29 82.08 49.01 0 0.545138 1118.69 387.52 85.14 43.60 0 0.533878 1111.51 546.75 45.23 50.91 0 0.480340 938.58 551.26 66.11 32.34 0 0.467954 1169.07 455.87 58.59 33.97 0 0.452777 1155.60 423.13 68.04 42.69 0 0.440504 1149.67 451.47 73.64 43.83 0 0.428290 974.39 359.54 58.40 39.92 0 0.426144 951.56 532.52 58.56 38.48 0 0.424148 1148.01 479.16 71.69 35.14 0 0.424137 1107.17 418.57 101.50 57.62 0 0.413542 1102.46 458.81 67.12 38.76 0 0.407697 1289.21 294.89 28.88 31.02 0 0.401195 1115.27 517.61 100.38 52.71 0 0.388328 977.26 299.08 68.66 26.33 0 0.380500 1092.60 552.78 53.98 46.09 0 0.376459 1105.67 428.57 67.46 43.11 0 0.372968 971.24 296.72 65.21 47.92 0 0.371586 1111.56 572.52 52.19 35.05 0 0.371235 939.04 537.10 71.04 36.86 0 0.367162 1114.19 291.23 75.77 41.84 0 0.366747 1179.52 431.18 48.57 31.52 0 0.359251 1173.21 335.80 62.03 44.38 0 0.351388 1170.36 322.50 68.44 34.65 0 0.350678 1149.57 523.62 77.91 47.29 0 0.347584 1164.43 535.27 60.41 51.84 0 0.344535 972.54 417.49 52.28 30.54 0 0.344100 1096.54 461.27 49.92 37.16 0 0.337202 1113.85 448.67 94.77 47.80 0 0.331016 954.15 514.01 62.96 24.76 0 0.323602 1095.74 565.76 53.73 43.48 0 0.312335 1120.35 308.73 79.05 51.52 0 0.301867 1111.16 478.18 63.52 29.19 0 0.297514 1143.14 200.94 76.05 46.99 0 0.294200 1111.87 531.24 50.63 35.66 0 0.291508 942.88 514.72 65.92 35.58 0 0.286534 972.84 334.02 62.11 46.95 0 0.285532 1145.64 502.99 84.66 49.18 0 0.285445 1112.30 337.62 60.66 35.93 0 0.283743 1119.31 539.67 84.76 55.64 0 0.281674 1169.36 387.84 66.82 35.15 0 0.278537 1168.42 360.31 67.81 26.35 0 0.263436 1112.32 391.44 52.66 40.90 0 0.258867 986.73 189.35 59.55 47.65 0
426,0.407581 668.91 87.16 80.90 51.56 0 0.275805 684.19 96.17 69.17 43.33 0 0.256541 577.70 964.83 51.78 40.41 0
427,0.563076 1074.00 579.39 64.45 35.23 0 0.537692 208.66 552.37 60.45 40.14 0 0.503294 277.14 556.28 43.74 43.25 0 0.326069 618.67 586.42 34.63 52.09 0 0.306452 21.38 532.34 86.80 61.45 0 0.298692 503.89 777.34 54.17 36.67 0 0.293261 196.63 547.48 46.10 50.35 0 0.292520 1162.16 768.03 60.76 40.19 0 0.284325 1073.86 600.96 64.90 32.34 0 0.275064 226.34 551.72 75.95 49.85 0 0.270738 47.06 517.31 73.95 68.57 0 0.267296 563.96 571.77 45.96 47.49 0 0.261699 1076.35 773.19 64.97 36.45 0 0.260510 1118.42 764.82 37.05 43.62 0 0.253465 67.67 534.10 67.36 48.33 0 0.250306 473.92 775.65 50.29 38.63 0
428,0.504894 130.57 437.26 48.34 40.29 0 0.490860 829.40 194.73 34.62 30.13 0 0.460822 808.77 1.08 57.37 31.38 0 0.419072 71.72 438.25 37.07 56.39 0 0.399484 551.35 143.12 36.62 45.59 0 0.380176 715.86 732.62 36.62 35.26 0 0.357837 717.43 741.91 34.14 31.27 0 0.335309 78.80 10.87 47.11 36.21 0 0.331000 71.37 437.79 53.78 39.45 0 0.318533 680.09 6.85 38.73 32.94 0 0.307009 276.81 115.29 35.77 37.80 0 0.304750 101.95 436.80 66.61 57.50 0 0.294941 71.96 4.87 49.14 43.05 0 0.291637 1047.26 627.29 61.73 39.94 0 0.290245 130.92 445.09 49.63 46.38 0 0.283954 668.78 5.84 40.21 37.27 0 0.283917 185.90 250.26 69.27 33.80 0 0.274457 904.79 748.74 28.71 35.95 0 0.273324 84.33 21.21 41.41 31.11 0 0.267692 367.60 225.70 39.78 35.82 0 0.263028 223.96 245.61 39.81 39.45 0 0.260295 199.38 250.70 56.08 44.93 0 0.256444 1034.47 621.96 65.35 43.51 0 0.255127 68.10 436.35 43.25 40.86 0
429,
430,0.826169 1142.06 472.93 64.96 46.47 0 0.623104 1466.22 563.61 62.64 40.16 0 0.573291 320.80 30.44 101.14 70.20 0 0.556166 1145.13 463.40 63.35 45.34 0 0.524983 1312.25 700.04 80.93 37.22 0 0.511278 1126.53 478.57 60.57 35.37 0 0.505297 1563.43 746.37 54.17 40.90 0 0.504016 265.64 794.93 57.84 34.96 0 0.479724 249.66 1004.40 53.28 46.62 0 0.475877 260.61 776.71 64.18 36.14 0 0.458689 1189.89 464.71 42.26 56.61 0 0.443298 70.50 216.67 62.10 32.38 0 0.434262 489.09 728.25 55.40 56.77 0 0.432472 1627.86 984.46 62.27 27.91 0 0.425892 615.93 0.72 51.94 42.69 0 0.410308 1127.94 466.66 59.95 41.50 0 0.404046 305.85 60.29 39.38 55.68 0 0.400474 400.39 785.62 48.65 48.17 0 0.386974 306.95 55.42 85.11 62.26 0 0.374094 512.75 726.88 52.64 59.01 0 0.371747 1615.61 957.21 68.73 47.16 0 0.361693 273.45 792.38 65.24 45.53 0 0.346282 64.91 202.67 69.69 41.73 0 0.342283 1473.91 565.12 56.52 55.87 0 0.331062 1520.93 742.42 68.58 48.69 0 0.324540 1542.05 734.92 73.79 55.36 0 0.318868 186.67 107.72 90.38 56.91 0 0.318095 1599.45 894.71 70.27 34.03 0 0.316170 19.19 895.51 58.26 38.22 0 0.311999 1119.14 478.60 56.63 40.34 0 0.306330 273.40 808.56 53.54 36.12 0 0.303906 251.50 754.12 61.36 28.32 0 0.302790 246.45 990.66 54.34 40.01 0 0.302200 414.23 787.64 54.43 49.38 0 0.302198 1193.93 451.02 41.85 54.81 0 0.299584 196.35 895.60 61.09 38.39 0 0.296908 1553.92 726.15 60.23 41.91 0 0.294593 1463.59 988.63 55.59 40.17 0 0.293038 1534.87 722.55 81.73 47.26 0 0.292660 1143.50 487.65 64.70 46.13 0 0.291672 252.18 1018.31 53.21 46.45 0 0.288355 301.34 14.30 90.95 69.03 0 0.286200 184.21 86.35 85.48 56.40 0 0.283401 1620.26 968.26 65.97 39.40 0 0.282790 109.62 459.86 37.89 32.46 0 0.280888 1436.79 980.48 44.25 44.90 0 0.280616 628.28 1.50 65.20 39.79 0 0.280592 1574.95 841.10 68.11 38.68 0 0.280454 204.01 113.16 86.44 50.37 0 0.279170 1252.72 479.03 58.41 46.31 0 0.272110 1621.16 976.72 66.23 41.63 0 0.266131 1603.75 921.31 64.98 35.23 0 0.262743 65.82 209.79 59.46 45.15 0 0.262412 302.18 44.63 41.30 47.71 0 0.258464 6.76 492.24 42.96 36.41 0 0.256820 254.13 699.23 65.44 38.73 0 0.255841 254.95 752.38 68.35 26.19 0 0.252271 816.90 601.84 61.05 60.00 0
431,0.434513 830.25 237.50 35.46 27.55 0 0.351280 985.07 105.49 30.91 26.07 0 0.277654 550.73 300.20 22.88 25.05 0 0.265399 551.35 294.16 23.41 26.81 0 0.260977 994.00 108.71 36.60 23.81 0 0.256477 831.47 226.77 34.41 25.93 0 0.253322 738.43 132.15 29.97 28.51 0 0.253185 829.43 243.88 37.55 29.30 0 0.251416 611.29 145.16 43.14 34.56 0 0.250245 587.31 203.92 37.10 24.81 0
432,0.407758 973.29 873.18 35.83 37.66 0 0.403511 1053.75 889.30 72.12 42.29 0 0.302388 1102.64 896.50 54.02 33.48 0 0.301627 930.89 876.79 84.09 35.85 0 0.294949 1012.64 219.53 46.52 26.23 0 0.288225 1046.34 886.06 48.65 41.27 0 0.286388 1077.08 895.26 65.38 39.67 0 0.276888 996.37 176.64 54.71 30.28 0 0.258584 1104.11 965.37 69.82 37.33 0 0.258408 1026.26 883.28 44.93 38.60 0
433,
434,0.300959 558.40 723.99 44.21 36.96 0
435,0.678560 674.47 6.69 57.38 32.22 0 0.607103 711.43 707.48 35.62 33.45 0 0.604029 658.80 0.00 56.27 30.37 0 0.523461 664.65 0.94 58.66 35.75 0 0.437522 691.06 3.21 53.89 39.60 0 0.427644 1305.76 254.32 60.87 35.05 0 0.407881 488.02 84.06 60.28 45.76 0 0.366739 994.38 536.79 62.97 40.84 0 0.354739 986.52 386.60 49.06 45.12 0 0.345953 1009.55 414.44 58.15 41.68 0 0.329482 667.68 0.00 64.08 33.69 0 0.318825 1024.43 889.49 58.59 37.76 0 0.318372 948.98 370.25 61.28 59.52 0 0.311394 1007.42 857.04 52.65 63.77 0 0.296000 482.62 80.20 59.62 38.64 0 0.287665 1011.30 161.23 46.71 31.62 0 0.282606 1000.73 168.69 46.00 34.09 0 0.276358 1141.48 536.38 68.84 42.08 0 0.267492 900.11 173.68 36.50 33.76 0 0.262356 1125.17 629.04 55.94 37.74 0 0.262346 975.81 399.78 52.40 38.51 0 0.252866 502.84 80.66 51.38 38.07 0 0.252087 1016.02 874.30 60.38 39.88 0
436,0.396261 590.07 369.45 88.62 46.45 0 0.386236 619.09 1022.27 89.54 57.73 0 0.370401 787.68 837.95 80.75 48.29 0 0.318386 586.48 363.12 87.07 65.12 0 0.281509 503.90 606.61 117.64 74.19 0 0.256853 758.82 360.26 79.99 43.86 0
437,0.336307 753.24 343.78 57.66 41.45 0 0.332290 1209.70 474.83 83.94 58.63 0 0.308331 1188.57 462.32 59.31 54.93 0 0.280652 1153.60 471.11 64.58 42.99 0 0.273936 1258.87 506.64 78.56 53.05 0
438,0.608906 1217.63 523.86 82.76 51.20 0 0.394655 595.97 864.11 41.49 32.85 0 0.357380 1593.11 774.39 60.64 37.60 0 0.330677 1597.54 779.25 51.01 40.37 0 0.321023 596.48 848.00 45.00 46.97 0 0.316436 713.07 732.99 42.90 49.38 0 0.315774 626.67 740.58 31.51 34.91 0 0.284407 654.86 721.41 45.68 43.57 0 0.282192 529.23 1028.39 49.30 46.15 0 0.278293 65.86 602.94 47.43 41.43 0 0.258172 73.63 259.71 56.64 40.26 0 0.256738 1791.92 462.59 75.00 39.52 0
439,0.435146 1804.25 729.26 47.80 33.28 0 0.337624 1789.66 727.09 44.36 35.37 0 0.288610 321.64 905.91 61.08 52.25 0 0.273584 326.47 936.79 47.86 37.36 0 0.272262 843.02 999.15 59.21 34.61 0 0.268959 876.70 1004.30 44.85 39.15 0 0.250261 831.64 996.62 51.65 36.76 0
440,0.346011 566.08 172.49 38.07 26.66 0 0.268373 1236.32 601.32 62.12 42.80 0
441,
442,0.540735 688.43 433.39 42.90 42.15 0 0.466213 370.57 314.52 46.66 37.04 0 0.357477 816.97 411.04 64.01 45.40 0 0.333530 391.49 313.37 49.01 38.82 0 0.325103 712.88 393.28 65.60 57.82 0 0.324747 419.07 310.91 43.18 42.24 0 0.316539 702.54 397.48 57.32 55.20 0 0.283565 720.04 378.94 59.40 53.08 0 0.281009 694.36 429.04 65.80 43.22 0 0.264926 778.87 402.42 57.21 60.76 0 0.261037 814.05 417.19 65.37 50.92 0 0.250640 325.63 310.78 39.05 34.83 0
443,
444,0.752491 614.15 497.84 82.63 50.56 0 0.646737 566.93 621.24 76.68 44.20 0 0.589615 727.89 353.06 55.70 52.05 0 0.560711 843.76 552.30 72.70 41.14 0 0.507476 582.76 528.21 56.84 40.73 0 0.474083 747.46 867.15 67.81 38.13 0 0.472081 854.09 554.17 71.47 32.34 0 0.467427 636.77 451.91 72.77 46.53 0 0.452998 594.56 478.13 80.57 56.42 0 0.445885 610.87 718.71 64.08 34.18 0 0.443697 789.63 725.75 76.40 30.21 0 0.439547 577.76 550.69 66.57 34.95 0 0.432548 609.58 714.33 61.88 50.01 0 0.431620 636.54 431.83 68.65 44.62 0 0.422305 726.46 381.44 58.10 44.99 0 0.416647 619.86 452.17 79.81 47.27 0 0.414732 804.77 720.28 60.20 39.79 0 0.412617 538.47 679.54 107.31 66.42 0 0.402646 790.79 741.05 76.85 38.87 0 0.382990 1208.22 1033.37 41.50 28.28 0 0.374174 735.12 915.05 74.57 33.00 0 0.363953 640.32 380.67 73.55 53.68 0 0.363133 588.58 522.40 72.75 47.67 0 0.359378 580.24 739.46 73.05 41.36 0 0.357913 847.04 540.87 71.88 36.81 0 0.342534 612.90 701.07 73.53 38.00 0 0.341608 591.54 508.15 70.45 45.33 0 0.338056 734.76 913.86 58.70 45.55 0 0.336858 531.25 698.57 54.18 47.20 0 0.335758 780.90 764.85 83.37 33.08 0 0.334528 571.92 602.84 81.09 35.22 0 0.333353 607.64 465.82 97.77 55.42 0 0.332462 859.44 563.51 64.42 40.95 0 0.327540 602.58 744.09 59.73 31.05 0 0.323270 596.57 769.39 69.02 40.39 0 0.322223 743.01 895.79 69.46 37.36 0 0.320641 603.09 702.02 66.42 39.14 0 0.319242 702.79 367.51 73.22 67.02 0 0.316640 564.96 641.08 76.08 52.79 0 0.310242 575.89 705.74 89.60 64.31 0 0.305672 876.97 536.04 60.26 38.99 0 0.304653 735.17 349.24 61.47 30.31 0 0.293814 627.82 431.92 65.35 49.08 0 0.293164 578.56 838.49 59.69 31.90 0 0.290139 679.63 505.70 57.30 36.99 0 0.285241 842.36 549.76 44.30 43.55 0 0.280632 880.52 447.83 79.88 42.42 0 0.279217 684.73 507.34 83.82 32.41 0 0.272741 592.96 790.86 63.97 32.56 0 0.271300 852.29 557.80 64.39 49.10 0 0.267184 673.64 372.05 60.65 63.62 0 0.265968 589.17 574.26 72.41 45.31 0 0.263051 557.07 638.53 63.18 52.81 0 0.262482 736.26 358.32 65.86 48.93 0 0.261271 1207.54 1014.21 44.09 43.52 0
445,0.406925 0.00 427.75 80.94 52.16 0 0.315912 609.20 422.58 86.03 45.12 0 0.314360 604.33 422.93 68.07 44.65 0 0.272544 629.76 407.24 90.86 65.86 0 0.265172 7.12 421.41 97.59 57.51 0 0.260809 853.14 413.53 97.90 67.22 0 0.251559 874.82 413.11 90.70 51.10 0
446,0.787757 517.39 783.00 93.80 55.21 0 0.708037 499.37 770.31 67.83 48.68 0 0.689541 1013.36 779.13 68.11 55.79 0 0.600691 548.73 793.34 62.79 50.13 0 0.588683 560.11 644.11 59.37 54.13 0 0.572149 628.16 710.38 62.48 49.98 0 0.557005 391.06 651.72 51.67 42.70 0 0.540486 450.20 559.93 64.00 45.51 0 0.516621 538.25 779.11 68.76 56.60 0 0.512980 494.04 769.02 75.16 68.64 0 0.506227 601.96 696.30 68.48 42.91 0 0.473114 612.47 702.07 65.70 52.93 0 0.443769 472.79 582.18 64.55 44.76 0 0.441689 812.18 884.10 65.05 44.62 0 0.439132 401.53 523.08 59.22 57.40 0 0.435832 451.21 576.77 73.87 47.46 0 0.430967 1014.21 765.73 81.57 55.59 0 0.427472 1009.51 774.60 100.96 63.43 0 0.422522 1038.65 782.83 84.36 62.38 0 0.385449 499.66 749.36 56.98 45.27 0 0.376966 424.95 607.68 93.57 61.75 0 0.363667 555.78 635.06 72.04 49.57 0 0.362602 425.18 531.79 74.50 58.58 0 0.362596 567.61 645.39 68.71 52.82 0 0.361034 505.77 769.56 100.52 58.59 0 0.360546 1330.45 367.53 37.53 36.83 0 0.356856 505.83 771.66 83.34 67.57 0 0.356228 806.29 872.59 74.97 47.91 0 0.354813 428.33 544.32 81.74 65.28 0 0.343154 1019.17 752.90 71.74 45.82 0 0.333542 1286.12 368.36 48.74 36.52 0 0.332994 396.29 516.96 63.36 43.76 0 0.332784 640.96 715.49 65.24 51.26 0 0.328990 564.01 657.11 84.18 61.95 0 0.321807 390.16 654.70 69.89 66.88 0 0.321069 621.59 683.77 55.35 42.89 0 0.309247 898.76 957.76 88.04 61.84 0 0.305711 483.70 602.67 54.41 37.82 0 0.303270 393.11 666.31 89.85 67.84 0 0.298962 842.85 617.62 74.74 53.33 0 0.297087 622.34 701.06 59.15 44.73 0 0.295513 637.84 862.67 83.45 46.23 0 0.295177 491.85 600.98 59.88 41.66 0 0.290989 1011.89 761.36 64.89 57.50 0 0.289796 979.28 746.53 70.84 42.73 0 0.280304 495.45 757.48 68.39 59.32 0 0.271351 793.41 877.04 77.02 50.12 0 0.270723 735.32 810.71 85.47 58.84 0 0.267510 525.63 796.51 78.24 48.88 0 0.265975 922.29 702.68 81.20 50.08 0 0.265861 586.23 686.24 63.91 44.04 0 0.262468 742.53 834.21 86.14 54.57 0 0.260568 404.25 537.00 81.84 59.52 0 0.255834 678.78 496.84 66.40 49.10 0 0.253682 780.56 863.19 84.28 52.25 0 0.253092 555.52 656.99 72.39 59.98 0 0.252948 550.12 685.26 105.12 75.21 0 0.251742 1332.84 371.59 39.42 46.94 0
447,0.432264 1065.87 800.86 63.42 37.60 0 0.350782 1082.56 800.58 52.28 48.68 0 0.282246 616.17 891.62 43.83 39.79 0 0.265608 1053.52 796.04 54.38 43.32 0
448,0.651584 893.96 393.82 49.12 32.77 0 0.628975 831.35 387.06 70.05 42.70 0 0.523293 865.84 387.32 68.25 41.62 0 0.451237 897.28 654.49 39.08 31.41 0 0.431237 828.22 404.33 45.59 43.99 0 0.422571 874.62 390.80 54.52 48.39 0 0.371394 843.28 653.91 57.02 38.93 0 0.369304 899.07 397.43 44.30 46.03 0 0.358244 685.76 214.88 63.14 33.16 0 0.352697 830.64 650.77 53.77 35.43 0 0.351441 691.31 192.98 43.50 43.81 0 0.338160 60.69 530.72 47.65 39.52 0 0.328683 828.39 392.80 46.08 35.57 0 0.315718 816.97 402.11 41.79 51.55 0 0.307831 816.99 548.09 50.13 56.63 0 0.302226 860.39 655.01 75.37 34.47 0 0.297840 689.12 177.58 51.62 42.58 0 0.281933 828.85 391.82 67.90 50.47 0 0.267290 694.18 181.88 51.92 34.64 0 0.258915 859.68 519.37 65.50 46.32 0 0.250714 684.92 268.27 57.05 35.43 0
449,0.601477 848.42 436.13 53.95 43.53 0 0.513730 851.63 457.82 51.53 29.60 0 0.409540 850.52 412.72 51.97 37.16 0 0.328934 853.70 552.82 47.17 37.32 0 0.320944 876.85 553.50 38.26 38.11 0 0.285664 276.42 500.35 49.46 39.40 0 0.275845 740.72 550.30 40.77 42.60 0 0.274853 781.76 550.10 42.00 41.90 0 0.260480 851.53 454.82 58.44 37.61 0 0.255355 275.36 491.86 50.31 38.37 0
450,0.346688 791.75 378.40 73.77 50.18 0
451,0.307868 808.35 1011.38 44.26 38.22 0 0.298249 139.96 1032.78 39.72 43.17 0
452,0.506570 1103.29 748.11 51.49 33.28 0 0.482305 1079.07 745.95 65.04 29.19 0 0.279930 664.51 746.59 46.10 32.69 0 0.256317 1073.62 745.09 47.65 31.16 0
453,0.343855 216.43 511.15 55.07 33.54 0 0.299387 218.79 531.50 54.59 26.78 0 0.296368 209.22 492.23 56.33 33.44 0
454,0.632732 977.82 54.87 40.06 36.01 0 0.540594 982.06 55.62 50.54 35.97 0 0.274951 1616.48 893.97 54.34 44.74 0
455,0.722185 913.29 553.36 51.99 37.22 0 0.624098 844.17 722.14 61.11 36.96 0 0.537115 625.29 505.32 58.21 40.71 0 0.513378 840.57 735.19 66.46 50.79 0 0.505690 756.99 351.00 55.88 52.99 0 0.487130 621.41 519.95 63.00 47.04 0 0.452248 708.93 561.88 54.61 43.36 0 0.439822 599.49 642.63 61.81 48.24 0 0.436277 892.55 543.20 73.25 55.20 0 0.426963 773.79 350.28 59.19 47.40 0 0.419423 851.21 704.51 66.90 34.18 0 0.403081 632.22 494.51 78.12 50.01 0 0.386373 910.79 558.29 49.47 48.43 0 0.379501 601.86 624.36 63.93 48.89 0 0.374403 609.26 615.16 79.28 55.02 0 0.367581 777.83 340.98 51.26 41.16 0 0.359055 620.54 508.86 91.94 64.75 0 0.342912 570.43 960.10 48.04 40.77 0 0.341118 640.75 765.83 68.23 35.22 0 0.339562 847.54 703.17 56.37 41.54 0 0.338272 788.55 871.76 69.21 29.96 0 0.337169 607.44 602.89 57.76 38.19 0 0.334067 893.60 540.03 70.74 36.79 0 0.330344 716.62 337.80 74.21 59.70 0 0.324744 786.42 910.16 65.76 40.82 0 0.321138 857.09 675.55 65.30 36.40 0 0.320325 611.42 643.18 74.64 47.34 0 0.315045 616.03 522.38 50.17 51.67 0 0.310982 661.35 487.05 85.24 58.60 0 0.300723 681.62 697.92 56.80 41.07 0 0.298639 601.27 969.94 52.73 34.73 0 0.290553 618.21 554.16 67.55 37.97 0 0.288441 784.50 892.05 73.63 40.98 0 0.287012 929.75 431.75 75.42 48.60 0 0.275045 750.81 384.98 58.47 42.72 0 0.272451 619.88 504.72 47.53 52.76 0 0.270953 583.77 969.73 59.47 33.68 0 0.269225 705.06 576.92 57.25 40.12 0 0.265413 595.06 656.67 88.18 51.97 0 0.261277 666.27 74.51 40.18 38.88 0 0.258164 892.95 558.51 62.32 48.18 0 0.254484 645.65 705.01 81.93 58.22 0 0.252485 827.57 733.07 72.54 57.09 0
456,0.436298 811.25 676.28 55.75 41.25 0 0.426195 548.48 558.60 69.65 44.14 0 0.422415 545.82 590.01 89.09 62.70 0 0.352038 1292.28 217.74 58.65 42.66 0 0.350276 801.29 678.04 46.07 41.40 0 0.345670 805.14 687.51 45.40 50.59 0 0.341696 439.33 173.78 52.17 38.59 0 0.311194 430.43 37.58 50.44 60.89 0 0.296842 916.00 664.22 45.92 44.07 0 0.293261 140.61 849.34 34.97 38.85 0 0.285661 785.64 676.10 52.38 43.60 0 0.276297 1285.19 206.41 58.29 53.54 0 0.253143 1708.72 440.30 46.45 35.03 0 0.250396 811.29 687.67 61.79 47.67 0
457,
458,
459,0.541662 1064.16 891.58 56.19 29.52 0 0.526818 942.99 821.32 40.35 40.07 0 0.504572 942.26 1006.08 39.46 34.24 0 0.475553 945.69 837.35 37.53 30.41 0 0.453306 1081.27 1014.36 56.19 59.32 0 0.444632 1056.95 1013.68 76.61 60.32 0 0.433196 935.68 789.70 49.83 54.06 0 0.421869 943.26 665.78 43.84 43.57 0 0.413574 1048.90 1020.53 55.72 56.25 0 0.411233 1057.72 1002.99 73.20 53.96 0 0.408237 1071.78 1011.25 70.46 42.36 0 0.375236 1059.97 878.92 66.30 33.07 0 0.367596 940.27 990.46 42.45 39.43 0 0.355053 1078.40 891.42 51.24 31.27 0 0.349762 940.62 655.10 43.15 35.62 0 0.341330 944.85 799.38 39.50 42.33 0 0.319153 1076.51 995.08 63.43 32.60 0 0.311107 1034.63 1021.92 40.04 52.99 0 0.309475 1049.00 1000.96 57.65 58.15 0 0.303385 1024.52 318.52 50.64 42.81 0 0.302685 927.21 1001.69 47.88 42.12 0 0.273383 935.35 809.93 50.34 53.26 0 0.268157 1191.52 1040.85 62.54 36.68 0 0.260243 929.69 987.81 47.05 44.01 0 0.259907 1049.57 795.65 67.94 25.18 0 0.255126 1191.17 1040.61 40.61 35.11 0
460,0.416119 869.61 488.41 53.64 36.41 0 0.303993 858.98 468.89 60.27 61.96 0
461,0.310819 678.04 622.79 60.51 40.73 0 0.263862 734.23 515.83 42.71 34.66 0
462,0.307374 635.85 654.60 44.31 36.76 0 0.261207 1039.21 559.87 67.07 36.64 0 0.259085 979.41 1013.87 37.06 41.06 0
463,0.476556 499.12 446.96 79.05 53.57 0 0.402993 500.28 427.24 92.78 66.44 0 0.367364 493.52 439.40 80.35 53.21 0 0.308022 510.37 446.22 81.19 57.70 0
464,0.852023 872.56 259.01 91.50 50.70 0 0.819796 868.28 308.18 102.83 50.23 0 0.692891 562.04 131.47 93.97 50.86 0 0.662308 444.60 4.84 66.11 42.87 0 0.655252 1004.38 266.21 68.83 50.04 0 0.646735 873.77 193.53 83.84 43.40 0 0.637937 591.07 120.37 73.86 42.56 0 0.628593 861.98 267.39 72.61 40.49 0 0.606333 572.67 237.50 77.61 34.22 0 0.591136 561.57 158.75 101.48 54.73 0 0.586256 993.32 385.15 52.81 38.88 0 0.568470 1027.04 542.54 83.48 52.65 0 0.559975 887.64 690.75 67.09 53.19 0 0.559720 435.84 13.46 54.83 38.48 0 0.559396 871.74 236.93 91.13 44.04 0 0.555109 844.79 41.29 99.95 55.89 0 0.549397 884.11 557.85 72.45 43.82 0 0.547332 862.62 320.27 106.79 52.65 0 0.523095 587.67 215.72 87.07 49.01 0 0.514006 866.97 276.51 92.18 47.38 0 0.509447 849.98 145.84 88.28 48.96 0 0.508736 900.68 683.03 84.27 60.40 0 0.507497 852.65 384.11 59.96 43.74 0 0.500140 586.74 195.10 88.69 38.96 0 0.497534 862.96 279.70 75.52 49.38 0 0.489079 851.34 21.57 93.40 66.23 0 0.482247 1022.85 267.16 80.13 53.83 0 0.473776 855.96 192.90 87.16 41.60 0 0.469388 863.79 240.27 77.73 51.77 0 0.458312 881.09 25.90 71.07 53.96 0 0.453714 1033.49 541.51 97.54 48.53 0 0.441613 871.62 208.87 90.45 46.59 0 0.440365 849.40 300.31 82.49 63.14 0 0.439908 1022.15 517.16 90.42 62.46 0 0.433516 1047.10 613.82 84.18 53.41 0 0.417261 1056.85 271.87 59.43 42.00 0 0.412209 879.67 565.75 78.37 53.85 0 0.412088 862.52 347.16 104.67 58.06 0 0.404184 1010.74 264.34 48.63 61.27 0 0.404097 550.28 369.90 111.98 65.29 0 0.402836 1065.94 881.40 82.08 50.77 0 0.399245 894.94 310.85 82.36 44.69 0 0.396203 1037.26 517.05 94.85 59.69 0 0.394302 557.38 113.61 103.22 55.26 0 0.390578 974.61 380.52 60.47 44.79 0 0.377664 999.30 367.62 89.82 46.50 0 0.375142 872.08 92.46 88.75 43.94 0 0.370196 871.83 377.21 92.61 43.11 0 0.366804 897.56 492.49 86.18 52.27 0 0.361499 864.62 214.09 78.45 37.68 0 0.357610 853.69 329.93 95.52 46.72 0 0.354033 975.06 45.64 55.28 68.92 0 0.350447 873.21 42.25 88.35 50.35 0 0.349836 437.88 6.85 51.00 38.87 0 0.349305 1022.90 292.55 94.45 56.33 0 0.347138 879.43 280.20 96.10 42.94 0 0.341882 1058.77 275.72 60.29 57.04 0 0.335272 992.99 368.81 57.68 50.19 0 0.334342 592.88 67.11 76.58 38.82 0 0.328865 552.10 90.69 109.29 62.03 0 0.325189 989.09 389.25 101.84 57.98 0 0.323907 898.63 672.83 78.81 41.06 0 0.323435 587.72 133.79 71.52 40.82 0 0.322922 851.33 263.07 79.95 55.99 0 0.321938 835.73 92.60 101.57 60.90 0 0.319049 1057.84 303.25 63.65 44.59 0 0.316612 1023.47 504.89 82.27 40.57 0 0.313241 592.50 50.58 72.96 35.78 0 0.309868 564.71 524.57 85.06 44.19 0 0.303343 853.62 383.83 86.11 38.22 0 0.302193 1068.89 547.88 75.27 43.63 0 0.299423 1029.45 619.03 86.19 55.00 0 0.290919 883.27 1036.91 50.88 40.07 0 0.290637 1021.48 269.61 86.58 66.24 0 0.289198 854.46 669.43 88.81 63.01 0 0.289095 564.52 247.01 94.73 62.18 0 0.287080 567.51 282.73 90.15 37.40 0 0.280117 993.83 376.72 98.39 49.47 0 0.277785 1044.67 875.02 95.65 58.38 0 0.277106 582.11 249.24 94.39 63.45 0 0.275222 599.86 649.11 70.23 47.47 0 0.272706 495.48 9.84 33.84 38.15 0 0.270906 851.85 563.46 63.92 57.77 0 0.267848 543.17 129.58 100.88 60.91 0 0.263773 1021.87 384.79 80.20 39.23 0 0.261851 1012.82 268.62 74.73 61.58 0 0.257898 849.04 90.09 99.72 53.11 0 0.257865 851.12 193.86 68.62 44.44 0 0.257333 902.49 377.60 73.19 45.86 0 0.256007 862.42 560.06 73.45 42.49 0 0.255828 423.14 1.99 62.01 45.79 0 0.255250 855.14 582.14 96.58 50.12 0 0.254979 569.63 216.85 88.98 52.14 0 0.251483 588.74 98.20 76.77 40.54 0
465,0.601309 849.02 44.19 78.16 49.77 0 0.562712 1041.74 531.06 87.93 54.28 0 0.534771 1042.82 546.40 92.26 50.92 0 0.533028 1027.26 546.96 85.77 51.96 0 0.528108 1018.33 384.47 89.65 43.75 0 0.525421 1019.61 624.66 99.15 50.16 0 0.521818 876.12 195.08 80.59 43.38 0 0.500670 1041.93 624.18 88.92 44.89 0 0.498784 1006.56 265.33 75.49 49.99 0 0.493404 548.17 380.49 83.70 60.37 0 0.474063 999.99 266.25 48.56 48.34 0 0.446974 877.42 570.25 72.95 54.93 0 0.444703 595.61 122.43 68.59 37.45 0 0.438998 1051.75 270.40 67.47 40.63 0 0.424117 542.15 938.42 71.03 44.77 0 0.412182 1020.82 263.84 81.91 53.38 0 0.378439 572.35 337.42 74.67 45.85 0 0.374257 579.40 168.43 90.88 45.67 0 0.371276 836.20 57.68 80.00 53.63 0 0.369067 858.19 196.27 84.01 41.43 0 0.362861 556.90 340.32 69.72 46.13 0 0.353628 870.63 262.60 99.53 51.96 0 0.353571 868.83 311.26 96.99 53.39 0 0.346116 1065.59 553.91 71.14 43.34 0 0.343265 634.36 648.85 41.62 33.81 0 0.341239 606.64 939.31 51.70 34.12 0 0.338666 886.83 559.76 60.16 48.36 0 0.336988 829.09 27.34 89.04 62.81 0 0.332870 852.25 564.43 93.99 56.52 0 0.328938 900.44 697.01 77.87 46.24 0 0.328634 565.31 528.29 86.13 45.02 0 0.326513 542.32 391.98 96.58 60.56 0 0.317942 553.90 716.09 82.07 49.47 0 0.317121 1041.02 507.54 79.34 43.89 0 0.316653 1053.98 307.22 76.32 43.53 0 0.316501 569.31 231.09 93.61 51.79 0 0.303460 1064.36 534.90 73.67 53.58 0 0.298133 1055.38 275.61 66.79 58.34 0 0.297689 878.20 96.06 79.39 41.68 0 0.294703 881.02 691.65 80.46 58.51 0 0.292717 554.94 936.62 100.06 45.89 0 0.287965 1023.23 292.70 93.40 62.50 0 0.287509 1005.03 424.62 87.45 53.13 0 0.285476 1017.86 628.95 67.77 46.35 0 0.284596 589.69 338.99 81.11 34.60 0 0.274278 1058.50 881.30 84.99 53.89 0 0.273316 1010.02 268.90 77.88 60.42 0 0.268635 877.68 147.73 79.18 40.52 0 0.268566 888.88 894.30 79.19 38.12 0 0.267847 618.40 289.93 70.56 34.96 0 0.267558 995.38 370.37 52.06 46.13 0 0.265853 558.54 372.56 87.62 62.60 0 0.265231 858.26 27.37 70.83 56.30 0 0.264165 856.86 55.97 96.41 53.82 0 0.262774 990.99 90.81 68.90 41.75 0 0.262130 551.69 705.83 72.90 44.60 0 0.261007 909.82 889.45 71.54 42.97 0 0.260001 609.21 639.48 57.52 50.17 0 0.259395 867.26 212.63 73.16 32.59 0 0.257191 562.05 950.17 88.77 48.32 0 0.254802 570.22 352.03 74.23 46.58 0 0.254268 567.52 392.70 103.23 62.42 0 0.254010 1004.74 394.38 80.61 49.58 0 0.251285 408.85 0.00 58.53 56.54 0
466,0.550039 344.76 424.23 48.44 50.78 0 0.430915 1766.27 391.88 50.05 39.66 0 0.374329 477.12 309.23 62.76 38.62 0 0.353427 1181.37 242.43 56.80 36.47 0 0.352001 1195.87 197.78 58.18 29.01 0 0.347004 319.48 414.14 61.78 43.98 0 0.342433 327.85 415.89 52.39 59.52 0 0.333150 1198.00 216.62 52.30 37.34 0 0.332656 1785.34 397.80 50.81 33.73 0 0.329668 276.12 421.17 43.95 49.02 0 0.281806 1199.05 170.17 55.59 38.71 0 0.269639 826.19 337.52 47.59 35.05 0 0.257432 348.04 311.92 40.23 31.62 0 0.257222 617.69 304.21 42.64 42.13 0
467,
468,0.517567 593.55 570.20 71.55 41.42 0 0.299682 1662.33 563.97 47.85 35.01 0
469,0.275227 602.74 489.30 100.34 66.19 0
470,0.405741 77.38 404.05 141.90 79.05 0 0.375692 120.92 399.43 77.55 42.30 0 0.336539 976.52 145.75 31.11 39.17 0 0.311360 1685.23 407.96 56.92 31.60 0 0.283343 424.78 417.31 116.48 58.61 0 0.281677 1689.89 448.83 89.25 55.46 0 0.253384 1658.54 416.44 112.70 71.23 0
471,0.689812 397.28 730.63 90.65 58.89 0 0.642167 410.76 896.85 79.03 66.76 0 0.637329 391.12 367.90 47.54 38.98 0 0.593615 336.03 342.62 66.73 64.97 0 0.566281 371.67 728.93 101.00 55.36 0 0.552973 365.34 740.59 62.80 54.47 0 0.535123 425.81 893.02 79.81 64.84 0 0.499893 362.81 749.20 68.17 53.26 0 0.458056 356.31 347.75 75.65 61.24 0 0.443690 234.94 411.80 54.52 41.68 0 0.440374 1105.68 434.06 67.17 43.00 0 0.436996 1160.26 313.56 43.82 40.27 0 0.422725 423.72 733.10 72.59 54.50 0 0.410408 1133.15 471.79 73.44 50.78 0 0.405485 1145.95 487.75 68.34 46.18 0 0.398031 155.65 553.52 35.11 43.68 0 0.392200 728.06 246.41 55.90 34.08 0 0.384605 14.95 942.62 84.02 43.38 0 0.368181 389.43 747.30 91.14 49.65 0 0.366645 901.26 294.58 41.59 36.10 0 0.359474 402.39 922.35 50.53 58.83 0 0.358068 1083.29 621.66 61.50 41.98 0 0.357241 423.01 728.11 68.82 40.89 0 0.348463 328.89 349.80 45.03 56.61 0 0.345619 547.95 292.03 66.77 30.06 0 0.342567 455.13 885.93 67.40 44.10 0 0.340500 157.71 569.43 34.56 34.79 0 0.328216 14.77 954.44 49.66 47.25 0 0.306495 432.51 889.65 70.63 47.08 0 0.304388 15.21 949.16 71.26 48.02 0 0.303800 1119.25 439.81 65.08 42.12 0 0.302768 228.41 412.13 44.75 38.96 0 0.301829 224.05 838.46 51.68 42.91 0 0.300551 542.04 293.62 56.25 31.17 0 0.297857 13.05 940.90 49.72 49.77 0 0.295945 400.36 625.50 75.43 44.65 0 0.291336 51.51 941.15 48.92 39.97 0 0.280763 379.04 353.97 55.48 40.85 0 0.280735 1073.50 624.94 42.54 39.72 0 0.280569 262.85 978.59 65.09 53.28 0 0.279689 1093.03 410.36 59.12 42.82 0 0.278786 1123.37 461.48 66.75 35.89 0 0.274223 157.41 429.74 44.05 43.40 0 0.269765 256.11 993.74 72.92 55.60 0 0.269270 1140.13 310.46 53.83 38.69 0 0.266632 144.02 546.01 43.76 52.95 0 0.264143 711.74 244.88 58.52 41.77 0 0.261876 1119.41 415.27 58.86 43.53 0 0.261038 1164.23 104.19 39.59 28.41 0 0.258775 249.86 997.77 53.88 52.47 0 0.256336 1260.48 386.54 42.72 38.42 0 0.254514 79.60 566.92 48.33 54.79 0 0.251730 367.31 737.70 100.94 62.29 0 0.251608 1139.17 464.74 65.45 41.92 0
472,0.564513 995.87 487.09 34.69 36.01 0 0.303527 748.91 819.67 65.13 44.12 0 0.252258 703.40 1024.96 59.42 45.73 0
473,0.316110 945.93 980.10 71.11 40.42 0 0.310478 895.24 719.56 68.61 48.30 0 0.304095 941.10 961.73 66.55 43.38 0
474,0.635347 992.13 853.75 57.38 51.48 0 0.507297 1006.91 747.72 68.17 46.44 0 0.507164 1025.07 683.66 81.27 61.40 0 0.507154 1237.54 628.73 76.71 56.07 0 0.493318 736.61 608.40 89.82 60.54 0 0.472384 1004.57 863.27 70.86 41.98 0 0.458390 86.87 418.70 50.98 37.01 0 0.456334 1208.15 605.84 76.22 57.22 0 0.439634 103.02 426.80 52.90 32.38 0 0.426110 1212.95 605.54 40.64 45.77 0 0.400520 843.49 462.49 55.95 40.23 0 0.391088 1213.36 611.70 90.96 65.53 0 0.378715 1176.71 755.34 72.20 39.97 0 0.378643 590.21 906.24 85.25 58.53 0 0.376757 1005.24 791.92 69.23 41.07 0 0.359298 1101.21 1012.13 73.04 50.15 0 0.340811 1265.66 644.69 76.54 43.91 0 0.330698 1118.88 993.28 64.52 59.77 0 0.325388 1034.97 683.29 92.62 62.12 0 0.323901 981.27 817.67 73.19 55.86 0 0.311684 99.44 418.54 55.20 37.02 0 0.310085 771.35 597.52 61.76 44.03 0 0.307626 898.68 994.73 85.19 63.07 0 0.303393 126.11 424.62 48.53 38.57 0 0.301471 1195.11 597.96 49.00 55.98 0 0.294623 1213.56 610.52 48.32 61.26 0 0.291354 995.42 809.54 85.87 54.60 0 0.285351 971.76 843.44 60.98 43.99 0
475,0.258477 1637.79 941.61 42.90 36.35 0
476,0.270209 22.69 572.60 81.60 57.45 0 0.262513 12.32 315.06 74.54 51.95 0
477,0.486191 1473.19 442.11 103.31 66.41 0 0.359412 1358.37 477.39 51.60 34.30 0 0.357482 1294.40 480.54 62.15 32.97 0 0.337484 1463.48 435.31 93.67 73.27 0 0.309863 181.96 424.31 85.56 53.35 0 0.300252 1476.00 417.61 107.82 71.61 0 0.277807 1283.32 481.20 53.92 29.44 0
478,0.568377 131.02 1005.31 78.94 44.46 0 0.550287 119.23 997.80 84.80 60.02 0 0.509929 351.10 973.27 58.60 34.57 0 0.486016 359.69 979.14 53.12 40.55 0 0.485062 349.01 968.19 55.07 49.12 0 0.350766 327.63 1035.03 65.42 37.74 0 0.323897 442.28 335.76 47.35 44.08 0 0.315534 826.78 223.41 48.64 33.14 0 0.309196 458.09 173.68 62.01 44.44 0 0.300891 1150.80 530.84 63.13 31.16 0 0.300824 338.56 969.14 48.63 57.09 0 0.296379 405.58 136.87 66.62 56.13 0 0.295172 129.13 988.50 96.88 59.67 0 0.287227 1866.28 243.09 31.80 33.29 0 0.281719 877.00 485.61 53.07 36.97 0 0.280393 424.21 324.94 56.14 48.10 0 0.270396 876.18 440.24 58.00 33.85 0 0.262417 319.15 1015.55 70.85 50.34 0 0.257072 653.94 408.32 43.24 37.69 0
479,0.653049 1131.42 378.14 112.62 60.19 0 0.332166 1180.09 383.53 92.84 53.54 0 0.302282 1166.72 390.51 111.52 52.97 0 0.299395 1110.99 386.46 120.13 71.60 0 0.281184 1205.71 386.24 90.32 49.69 0 0.254321 939.83 271.13 110.96 62.17 0 0.253888 930.44 280.16 83.11 45.18 0 0.251036 1151.48 376.20 112.01 61.01 0
480,0.349600 1068.30 420.42 45.75 30.60 0 0.337150 1067.54 409.41 46.00 26.25 0 0.291294 51.88 64.41 28.03 35.60 0 0.260692 271.14 340.42 37.94 20.82 0 0.257711 294.65 671.92 27.12 28.97 0
481,0.452312 618.29 554.48 69.66 37.28 0 0.326990 620.23 544.51 70.42 42.53 0 0.316598 604.27 552.93 77.38 46.61 0
482,0.597046 903.24 719.53 72.10 38.72 0 0.472609 902.02 704.50 68.63 38.56 0 0.440678 605.31 511.40 64.04 35.48 0 0.440046 1426.00 687.63 40.54 41.82 0 0.439950 783.19 412.70 67.38 44.97 0 0.437133 641.86 906.92 79.41 45.38 0 0.425098 634.45 892.38 59.83 43.56 0 0.420186 927.69 818.15 77.04 44.85 0 0.417467 636.53 623.80 66.78 48.63 0 0.410714 927.04 798.14 75.88 34.57 0 0.408163 810.52 541.15 86.66 37.79 0 0.367432 932.58 838.88 74.54 34.10 0 0.357077 903.06 702.89 67.69 59.46 0 0.346051 910.84 739.08 78.67 45.62 0 0.344882 814.68 551.03 68.92 41.56 0 0.321338 1422.98 678.87 41.58 39.31 0 0.316814 638.17 830.67 73.02 48.66 0 0.312898 19.00 0.00 60.84 31.72 0 0.312110 654.95 628.57 55.93 40.04 0 0.309565 637.14 834.09 49.71 44.67 0 0.307737 562.38 624.43 53.15 31.86 0 0.305088 638.17 904.41 57.86 48.33 0 0.304254 826.16 546.49 65.27 48.93 0 0.294889 637.24 860.90 81.13 36.57 0 0.288042 923.17 722.86 66.63 39.04 0 0.286471 784.51 430.00 68.15 40.57 0 0.283068 983.14 910.78 68.72 32.60 0 0.268424 825.28 561.20 56.80 51.59 0 0.261321 610.64 522.77 56.27 50.41 0
483,0.388128 1546.58 800.31 42.34 33.15 0 0.296987 413.01 592.74 49.35 50.74 0 0.286724 351.53 580.62 69.40 47.58 0 0.259852 734.88 484.51 42.71 33.00 0
484,0.376024 994.47 440.68 66.26 61.03 0 0.351548 454.65 442.62 113.39 58.74 0 0.331126 189.54 624.80 65.36 30.53 0 0.294442 318.76 860.98 48.40 40.76 0 0.294013 169.41 624.72 63.52 36.70 0 0.290869 1282.84 437.99 48.98 37.78 0 0.285494 471.02 415.36 122.02 66.08 0 0.279340 1187.59 682.09 55.94 29.95 0 0.277682 211.77 626.14 56.44 36.59 0 0.250953 850.98 294.27 53.37 62.23 0
485,0.266596 31.62 504.02 140.01 76.99 0
486,0.397540 1791.22 898.79 41.27 35.57 0 0.388072 1817.14 0.00 39.95 25.25 0 0.348897 1036.59 171.42 50.10 29.55 0 0.341569 459.64 989.54 45.08 37.32 0 0.304226 903.84 414.51 56.57 42.82 0 0.301982 451.49 987.07 38.33 40.73 0
487,0.376412 638.49 690.16 63.42 53.03 0 0.306312 321.98 7.03 40.75 30.31 0 0.303758 1102.93 744.64 70.35 38.01 0
488,0.318645 1485.80 458.75 60.60 37.56 0
489,0.265529 1597.71 602.71 46.63 43.78 0 0.256177 924.81 1039.79 36.04 32.53 0
490,0.326040 1176.05 410.23 123.72 69.04 0 0.313854 1230.97 406.77 98.39 50.46 0
491,0.490305 924.62 985.57 64.13 41.38 0 0.405574 928.32 972.99 62.43 36.61 0 0.315675 925.52 998.67 66.57 38.94 0
492,0.716951 493.65 555.54 37.52 37.72 0 0.409161 349.31 300.12 50.29 36.92 0 0.397256 1166.90 699.41 42.39 37.52 0 0.344347 1234.30 700.78 43.39 36.59 0 0.324559 1094.28 493.04 36.90 37.34 0 0.314030 925.15 336.90 48.36 33.13 0 0.308338 638.84 549.42 38.55 41.94 0 0.305981 1182.34 698.70 53.12 40.20 0 0.290974 351.66 308.07 49.03 34.61 0 0.283491 877.26 722.36 41.86 37.54 0 0.283396 1320.14 960.17 49.14 27.55 0 0.282409 1283.50 918.46 65.88 68.20 0 0.274612 329.65 729.97 43.94 41.69 0 0.269111 1305.88 960.38 55.44 25.66 0 0.261618 1090.74 300.33 45.77 33.95 0 0.261321 353.59 310.53 61.32 41.69 0 0.261153 539.61 420.06 44.99 44.87 0 0.259144 830.87 440.72 30.08 36.59 0 0.251672 976.37 1043.52 36.65 35.37 0 0.251528 342.55 302.31 42.47 45.40 0
493,
494,0.518678 1422.88 669.73 51.15 35.53 0 0.496501 1501.88 672.39 45.32 27.81 0 0.473467 1407.96 664.79 50.00 38.90 0 0.412420 1482.97 669.78 41.61 32.55 0 0.405253 1439.34 665.30 48.08 39.64 0 0.386942 1240.75 653.61 45.77 34.96 0 0.379129 1025.75 648.06 71.73 34.86 0 0.317228 1162.92 650.48 43.93 34.69 0 0.275679 1061.65 648.26 48.21 38.01 0 0.272324 1508.98 672.62 55.43 30.58 0 0.265082 1415.87 667.09 62.13 32.39 0 0.262252 1740.31 249.86 47.63 36.38 0
495,0.251323 619.53 723.76 67.97 42.22 0
496,0.754424 1253.69 396.89 63.29 54.25 0 0.566886 1431.69 703.56 73.35 33.28 0 0.550866 1257.60 408.10 66.52 45.28 0 0.545154 687.02 774.86 48.71 40.79 0 0.517422 692.93 780.01 50.42 35.42 0 0.498759 1411.16 650.82 72.77 40.10 0 0.487557 1376.56 603.71 76.46 51.75 0 0.419820 562.27 840.41 47.79 31.15 0 0.414111 560.70 831.25 46.52 34.70 0 0.390500 1428.41 650.90 67.44 37.81 0 0.367034 1438.74 712.09 64.46 48.56 0 0.361367 254.91 889.06 50.57 37.13 0 0.360482 1369.41 594.99 63.10 52.37 0 0.326393 1362.80 586.96 53.03 59.50 0 0.315805 1247.20 390.45 64.80 36.56 0 0.308662 1766.30 671.56 79.65 53.43 0 0.303980 1421.99 699.83 73.38 43.18 0 0.301758 1410.98 607.18 61.53 49.71 0 0.297980 1784.83 718.78 54.97 37.00 0 0.297000 1383.28 628.66 84.18 44.15 0 0.291762 77.72 330.18 92.07 58.30 0 0.281803 1259.94 431.20 73.29 37.49 0 0.277922 1249.68 387.93 55.91 68.09 0 0.273348 1775.71 693.59 68.13 54.77 0 0.272792 1357.09 579.77 59.06 44.82 0 0.270028 1430.44 676.82 67.03 40.43 0 0.257396 1407.53 633.91 70.14 44.52 0 0.251192 1835.96 771.51 81.23 38.93 0
497,
498,0.444865 1303.90 553.58 57.49 28.96 0 0.400330 1121.35 534.11 46.28 39.56 0 0.330214 1016.18 532.08 58.72 33.94 0 0.315012 1322.43 555.80 70.33 27.88 0 0.254091 1348.89 556.89 52.42 31.37 0
499,0.406805 492.79 647.90 47.85 31.09 0 0.380735 443.40 0.00 44.52 31.92 0 0.354583 680.55 642.21 52.77 42.28 0 0.343029 438.48 0.00 47.76 22.77 0 0.339111 136.01 455.24 40.80 33.61 0 0.305988 264.85 751.23 38.09 42.23 0 0.259837 426.05 0.00 57.10 23.64 0
500,0.350823 1196.76 409.75 39.42 36.99 0
501,0.323885 699.91 215.75 59.90 35.03 0 0.300638 728.10 168.38 60.28 43.44 0 0.268003 297.69 163.00 88.43 49.17 0 0.259055 723.34 189.57 56.36 50.37 0 0.256875 683.23 223.97 92.24 60.90 0 0.252880 687.54 261.02 83.54 50.13 0 0.251598 133.60 225.96 41.92 35.00 0
502,
503,0.350315 1515.57 609.07 57.84 36.14 0 0.332948 772.38 372.93 43.15 34.66 0 0.281567 757.95 372.37 46.86 35.64 0
504,0.420195 1453.23 507.48 45.31 31.32 0 0.280711 1379.49 505.35 43.81 27.34 0 0.256880 1227.01 489.54 51.66 35.32 0
505,0.340513 1077.96 412.54 122.09 65.22 0 0.255328 559.39 708.13 94.03 53.67 0
506,0.476151 693.59 239.33 53.04 38.74 0 0.384183 686.47 224.55 47.63 37.51 0 0.314081 387.78 438.99 56.69 30.80 0 0.310486 681.79 268.73 58.39 36.58 0 0.292323 1268.06 480.30 78.12 37.18 0 0.257527 926.48 444.02 50.30 35.89 0 0.255070 941.93 263.82 56.15 49.34 0
507,0.326533 132.52 599.91 49.45 36.26 0 0.303105 665.94 282.24 81.40 48.75 0 0.300006 265.18 528.55 62.28 38.14 0 0.295046 259.63 516.32 75.61 51.26 0 0.254487 138.17 599.68 65.14 36.67 0 0.251234 305.52 529.67 56.86 43.92 0
508,0.579292 438.24 527.79 112.35 66.99 0 0.489684 313.45 467.36 86.44 58.34 0 0.482467 1733.79 958.63 95.01 59.41 0 0.469716 502.29 581.94 109.29 53.19 0 0.433367 481.60 588.90 109.34 55.49 0 0.383254 501.97 570.07 113.89 56.95 0 0.348214 458.09 572.11 119.18 66.54 0 0.344219 477.94 572.05 118.14 63.98 0 0.329949 363.79 456.60 97.57 55.84 0 0.284553 1736.04 964.65 132.97 70.87 0 0.273476 336.67 456.23 106.77 55.66 0 0.264602 1711.10 958.96 115.75 75.19 0 0.258324 327.17 458.89 77.91 50.01 0 0.256678 271.56 478.81 111.86 70.52 0 0.255121 300.28 475.15 87.45 52.14 0 0.254271 309.56 464.72 166.74 91.16 0 0.251845 442.57 554.94 125.88 77.52 0
509,0.367553 1199.33 554.15 63.68 34.32 0 0.290149 230.68 121.34 36.96 38.01 0 0.282199 1020.76 541.09 48.15 42.18 0 0.278957 1261.06 555.79 48.85 34.28 0 0.271855 1182.97 554.47 64.63 34.14 0
510,0.434399 1169.24 913.85 50.09 32.77 0 0.281252 1179.45 914.83 61.30 31.37 0
511,0.611591 1295.43 341.17 59.90 28.88 0 0.572664 1294.06 469.54 65.44 32.01 0 0.521507 1304.35 474.72 54.40 34.23 0 0.449810 1467.82 589.60 67.94 50.68 0 0.415146 1462.19 571.89 74.10 47.63 0 0.401188 1462.73 583.14 55.19 56.38 0 0.397276 1298.30 364.04 58.55 39.47 0 0.360828 1270.91 200.07 61.25 43.07 0 0.360405 1310.25 464.09 56.10 36.24 0 0.333250 1462.90 564.88 93.47 59.96 0 0.328480 1474.38 209.89 47.06 53.66 0 0.326344 1319.05 572.39 52.15 32.42 0 0.294243 1484.67 446.67 85.34 55.38 0 0.268680 1299.48 388.10 57.85 28.66 0 0.268192 1515.23 435.31 56.44 30.40 0 0.268064 1457.15 560.08 66.26 60.03 0 0.260255 1298.34 335.62 63.92 42.38 0 0.257426 1299.66 560.48 61.94 36.68 0 0.253007 1296.42 449.68 68.17 34.11 0 0.250970 1512.21 564.73 70.54 49.02 0
512,0.531041 1403.11 952.86 54.40 47.89 0 0.470286 611.15 341.51 48.64 32.17 0 0.460160 774.14 199.59 54.21 28.00 0 0.435860 1723.29 25.94 44.72 44.01 0 0.416359 1373.81 957.69 72.15 45.01 0 0.400353 1351.24 840.25 39.24 36.79 0 0.389164 624.18 607.59 55.22 24.42 0 0.375230 612.50 317.95 48.77 40.94 0 0.369624 653.05 839.40 50.31 45.79 0 0.365972 1333.16 841.78 51.34 37.80 0 0.364391 1397.96 951.30 68.79 34.68 0 0.357740 1407.63 948.88 62.20 33.29 0 0.354990 1405.19 946.93 68.74 56.81 0 0.342386 611.92 360.59 51.93 27.09 0 0.336027 711.64 843.53 47.52 38.30 0 0.331197 778.14 487.33 69.75 37.23 0 0.316548 684.98 841.16 43.93 45.92 0 0.314428 734.69 0.00 71.83 43.72 0 0.301557 763.82 99.44 64.01 37.81 0 0.285824 215.87 226.23 71.22 28.81 0 0.274364 855.55 1033.40 51.37 40.47 0 0.271623 633.66 485.36 48.59 26.15 0 0.271031 734.59 0.00 74.02 32.19 0 0.269642 1611.43 793.56 57.30 41.21 0 0.262208 17.82 958.79 48.99 44.16 0 0.253945 733.08 1.05 48.68 37.01 0
513,0.454506 1168.12 724.38 54.20 35.69 0 0.367648 1029.55 286.04 60.82 32.21 0 0.285508 1177.60 726.68 64.09 29.76 0 0.271585 1030.56 278.74 58.51 33.88 0
514,0.584314 1144.90 804.48 79.73 50.34 0 0.453664 1455.02 1035.90 44.68 39.24 0 0.378230 1147.98 802.47 37.88 50.69 0 0.343629 1322.99 370.06 77.69 64.95 0 0.335182 998.43 764.69 52.88 43.36 0 0.320496 1418.98 649.16 70.17 35.36 0 0.320488 1478.62 89.99 43.72 34.76 0 0.313197 1013.96 764.89 57.62 33.13 0 0.310285 1155.61 793.08 74.16 46.03 0 0.307880 1143.95 816.55 40.66 43.30 0 0.307218 1172.75 810.08 50.80 43.15 0 0.299854 1390.52 493.07 71.98 33.01 0 0.299314 1269.67 338.69 42.91 42.91 0 0.298780 1358.88 380.37 48.08 47.31 0 0.294018 1381.85 504.79 48.85 30.14 0 0.292972 1412.29 79.78 62.87 45.56 0 0.290135 1038.29 753.09 48.82 35.33 0 0.287231 1469.43 1036.75 51.65 37.98 0 0.285554 1247.41 99.94 40.50 39.92 0 0.270339 1403.63 75.18 38.58 42.87 0 0.264121 397.16 801.08 43.79 30.89 0 0.255943 1060.06 39.71 58.57 47.87 0 0.252573 1342.70 189.11 61.49 44.09 0
515,0.430994 341.83 675.03 29.94 25.71 0 0.348606 365.62 151.68 25.45 24.53 0 0.321799 321.08 673.60 48.23 26.54 0 0.267244 412.95 673.18 31.34 27.34 0 0.266744 1196.20 266.51 32.46 33.12 0 0.262597 1187.20 259.12 33.42 27.24 0 0.259845 1191.04 278.43 29.35 31.51 0 0.252417 135.26 23.33 27.65 41.50 0
516,0.553550 1129.80 552.02 59.10 39.69 0 0.398233 1138.94 339.64 61.18 36.20 0 0.376083 1133.04 323.24 71.63 36.62 0 0.341987 1305.44 421.63 93.71 63.83 0 0.335051 60.09 153.14 35.52 37.74 0 0.322070 1147.96 444.19 55.74 29.59 0 0.312752 1142.98 321.33 63.75 31.65 0 0.312487 1283.30 432.42 77.55 46.10 0 0.308933 1138.30 365.77 57.30 37.23 0 0.305549 1130.12 539.20 67.16 36.74 0 0.297248 1143.24 387.73 51.44 23.79 0 0.293076 1325.77 323.62 69.38 55.17 0 0.290201 932.82 564.24 64.57 34.89 0 0.284772 1317.77 380.98 74.53 47.26 0 0.281583 1340.50 456.12 68.56 38.64 0 0.273110 1299.24 529.69 50.13 32.34 0 0.265538 852.50 234.79 39.69 33.25 0 0.264278 1136.54 546.55 61.96 44.68 0 0.262020 1294.95 405.88 61.10 39.44 0 0.259100 940.17 573.80 60.23 27.91 0 0.256582 1279.93 455.44 64.98 45.33 0 0.251970 1141.57 184.07 50.64 51.99 0
517,0.406898 867.80 938.58 112.29 74.95 0 0.386600 1024.23 506.22 37.81 41.84 0 0.338321 688.49 712.60 71.17 53.75 0 0.314839 856.16 953.32 67.19 50.98 0 0.300990 123.90 471.16 66.68 55.09 0 0.268841 1210.20 983.63 46.83 38.98 0 0.261221 795.71 949.13 108.97 66.96 0 0.261039 677.79 700.02 66.98 57.13 0 0.253030 683.39 708.65 59.34 57.48 0
518,0.287907 101.62 444.56 56.67 33.86 0
519,0.520312 711.97 688.17 35.31 33.28 0 0.503811 1025.94 596.76 58.58 38.65 0 0.487168 1024.84 607.30 73.84 24.19 0 0.472848 611.26 377.17 42.24 42.47 0 0.457428 923.72 358.48 45.46 37.90 0 0.456260 1016.08 563.07 54.68 27.04 0 0.439334 907.06 360.73 45.38 31.22 0 0.425514 809.74 147.86 36.33 28.97 0 0.411053 1020.96 566.19 54.71 56.41 0 0.407204 1023.64 557.20 58.84 33.65 0 0.403973 995.11 471.86 51.56 42.13 0 0.398345 1025.89 576.89 67.54 53.97 0 0.388178 71.36 405.13 73.99 48.73 0 0.386282 62.94 409.89 35.07 41.77 0 0.384871 1068.22 354.19 42.42 34.58 0 0.357448 921.81 350.12 47.98 30.82 0 0.343469 1038.99 585.46 69.48 51.60 0 0.339000 574.00 385.55 38.10 38.14 0 0.336758 123.69 405.33 50.55 42.96 0 0.335497 894.82 267.41 43.49 43.99 0 0.324384 710.82 696.12 38.77 33.05 0 0.319568 196.70 220.56 55.27 34.80 0 0.316571 611.61 373.29 40.14 33.14 0 0.310428 182.02 219.50 49.75 39.94 0 0.307053 66.00 422.90 36.46 43.64 0 0.295449 1049.26 343.23 50.96 40.16 0 0.290507 254.24 80.44 45.48 50.02 0 0.287310 544.93 106.57 31.08 35.09 0 0.285345 171.08 212.96 44.79 48.64 0 0.283415 973.69 351.38 45.17 47.18 0 0.283288 1065.98 345.25 40.14 37.00 0 0.277011 946.56 353.07 46.35 43.10 0 0.269584 863.24 266.74 38.33 43.18 0 0.265075 1050.25 352.39 45.16 35.32 0 0.264013 112.46 404.82 47.31 44.03 0 0.257405 116.89 398.75 57.05 35.19 0 0.253213 826.02 709.71 54.73 40.67 0
520,0.425320 538.99 453.29 31.91 25.10 0 0.417590 423.89 609.20 44.91 28.48 0 0.333484 1285.35 442.30 33.76 24.26 0 0.329635 141.90 691.42 27.45 28.58 0 0.286246 125.97 688.84 31.52 28.11 0 0.261702 208.26 506.48 38.44 23.61 0
521,0.719451 1609.38 323.20 56.97 33.75 0 0.604945 1615.21 333.21 52.11 30.74 0 0.491489 1563.52 149.45 72.46 37.02 0 0.434533 1602.79 309.62 59.79 50.33 0 0.410411 1321.18 1038.90 53.49 37.44 0 0.408809 1567.20 174.64 70.56 38.38 0 0.406302 1312.39 1036.81 50.49 38.00 0 0.384915 709.58 1043.09 34.80 35.53 0 0.382679 1760.90 358.92 53.48 39.24 0 0.329964 1595.67 293.71 64.32 42.61 0 0.316236 1608.88 325.19 46.43 42.16 0 0.309577 660.86 893.75 50.09 32.10 0 0.307723 444.62 1031.50 52.51 35.49 0 0.298828 1606.58 295.56 56.21 33.32 0 0.289588 1705.54 169.05 71.59 45.77 0 0.275539 1604.42 271.93 57.12 26.45 0 0.271499 164.20 840.49 42.92 38.06 0 0.265874 464.26 1035.37 45.92 35.28 0 0.264944 1757.97 339.26 54.10 44.75 0 0.250860 1592.40 272.54 65.43 33.41 0 0.250401 330.06 519.02 77.50 59.87 0
522,0.358685 1403.82 721.36 77.33 38.30 0 0.343224 1696.81 341.68 67.72 33.36 0 0.294684 754.03 493.58 53.68 32.56 0 0.270773 1686.90 338.48 67.90 33.76 0 0.260066 1697.08 145.43 35.31 33.02 0 0.254533 1105.95 913.77 57.01 45.86 0
523,0.422513 546.66 1044.07 50.08 35.10 0 0.398211 1520.93 347.25 63.33 26.19 0 0.370408 1538.61 431.16 57.21 31.59 0 0.318659 1676.21 282.76 80.17 54.02 0 0.298127 1538.32 417.95 53.03 35.29 0 0.273189 1507.55 246.94 53.69 31.05 0 0.263800 1511.29 267.72 53.74 40.12 0 0.261816 1500.90 243.53 62.84 40.57 0 0.260587 1510.53 292.10 61.23 24.73 0 0.257883 514.21 1044.38 58.60 35.62 0 0.253076 1661.02 147.66 51.50 37.45 0
524,0.595819 1186.37 504.03 50.57 42.16 0 0.556928 1331.41 351.86 43.61 48.67 0 0.532397 288.88 524.49 41.49 49.11 0 0.521683 1199.16 509.05 50.31 38.53 0 0.514023 351.79 523.96 36.82 45.03 0 0.506428 1611.29 302.02 61.56 34.37 0 0.485285 1314.49 347.66 45.06 49.77 0 0.468906 1312.12 337.40 48.41 45.65 0 0.467924 1299.15 331.71 42.25 53.45 0 0.452106 1327.98 340.59 39.96 42.61 0 0.435089 1833.13 323.16 48.14 38.22 0 0.423926 1632.72 307.07 58.11 49.43 0 0.416086 399.00 526.77 42.07 37.40 0 0.411901 347.75 510.80 38.09 47.16 0 0.402777 259.01 897.41 35.80 37.79 0 0.391024 1421.80 335.66 45.34 43.39 0 0.379176 400.27 510.36 42.18 44.50 0 0.362664 300.41 527.00 44.91 45.12 0 0.347984 659.88 832.32 42.34 38.03 0 0.344107 1349.11 336.81 58.35 46.39 0 0.333728 377.81 528.17 41.98 33.19 0 0.322261 36.46 536.69 60.50 58.77 0 0.314839 952.46 101.94 42.61 35.21 0 0.309146 320.90 522.11 46.41 50.61 0 0.299658 645.79 810.15 49.51 52.87 0 0.294219 51.79 540.82 67.22 53.77 0 0.288850 1619.59 302.92 53.67 56.02 0 0.286467 298.63 516.68 45.34 36.91 0 0.285249 1649.97 585.91 36.04 36.35 0 0.284376 1175.32 493.15 57.87 40.21 0 0.282113 1653.38 614.46 39.80 49.90 0 0.278008 801.26 274.27 44.27 31.97 0 0.276104 1660.09 313.02 42.84 42.80 0 0.275807 46.20 540.13 69.86 38.43 0 0.275041 1213.74 121.28 55.21 40.49 0 0.271031 657.29 822.27 47.18 39.51 0 0.270962 1624.98 301.75 62.34 34.77 0 0.270712 1171.32 491.68 53.81 54.44 0 0.269640 1804.17 314.23 72.97 46.81 0 0.269206 1204.52 103.55 62.64 39.25 0 0.256366 1355.32 350.67 49.80 42.97 0 0.255120 1198.05 91.78 47.04 56.09 0 0.251098 408.02 518.25 53.25 47.09 0
525,0.644836 447.74 149.21 39.93 30.11 0 0.528061 1047.23 311.11 55.33 43.00 0 0.435926 109.18 360.98 46.52 36.09 0 0.431838 527.17 65.87 37.47 43.30 0 0.367570 525.44 55.54 41.12 42.54 0 0.360792 1038.68 312.82 53.42 38.40 0 0.343714 528.02 587.76 46.73 34.13 0 0.338506 472.82 673.88 32.13 35.51 0 0.283738 694.40 669.70 30.91 33.91 0 0.278807 803.63 110.94 36.13 34.17 0 0.273174 691.76 660.35 34.24 35.62 0 0.264980 1035.54 305.02 56.82 34.80 0 0.261627 973.02 417.37 66.64 40.79 0 0.255796 450.37 148.96 53.68 34.91 0 0.253951 942.51 316.25 44.70 39.83 0
526,0.367117 1499.02 974.19 41.27 33.05 0 0.303288 190.69 290.55 70.36 45.73 0 0.257814 1486.90 977.46 36.92 36.80 0
527,0.304542 685.06 353.66 87.27 51.76 0 0.274849 1694.94 696.74 42.30 28.39 0 0.267671 1504.32 1041.82 36.43 35.18 0
528,0.593528 666.86 278.48 28.65 22.84 0 0.335317 1166.34 631.66 33.72 34.23 0 0.270214 666.43 278.11 40.67 23.50 0
529,0.540975 136.03 159.20 42.57 52.20 0 0.383378 866.87 4.88 45.45 36.17 0 0.359778 112.67 153.78 44.35 58.12 0 0.351550 958.54 505.36 42.64 39.13 0 0.308147 344.66 259.24 45.36 44.01 0 0.290622 858.93 2.65 49.77 41.61 0 0.269211 207.31 140.01 41.65 46.84 0 0.268192 868.73 17.26 43.76 38.61 0 0.258783 84.53 167.28 39.70 39.53 0 0.255012 1091.22 510.51 59.50 38.12 0
530,0.609388 672.99 424.95 66.77 60.61 0 0.520264 361.21 383.89 65.29 42.81 0 0.472082 622.41 425.60 38.46 50.28 0 0.410665 347.53 384.48 48.93 38.93 0 0.404413 1213.42 9.01 31.80 33.56 0 0.373321 1076.97 488.39 70.25 60.04 0 0.349901 1147.62 660.06 57.76 35.83 0 0.324579 642.98 420.34 83.01 64.81 0 0.310436 1075.88 488.72 77.64 43.15 0 0.306760 353.38 375.35 76.26 41.41 0 0.303504 493.32 404.06 82.89 49.58 0 0.302886 1149.39 661.18 63.80 56.14 0 0.297689 280.80 370.11 37.56 52.17 0 0.284774 1099.06 485.76 67.24 62.33 0 0.275417 1065.62 485.59 57.79 45.67 0 0.267324 884.84 744.73 115.51 72.38 0
531,0.375291 640.93 0.00 40.86 33.19 0 0.335009 424.27 2.05 42.06 38.67 0 0.299656 117.67 279.82 41.10 49.01 0
532,0.365148 581.22 802.98 108.24 70.98 0 0.291834 583.09 793.73 132.60 74.92 0
533,0.492976 1518.54 1034.54 42.34 37.00 0 0.366364 430.28 301.24 36.90 37.99 0 0.361450 1483.77 821.46 45.64 37.75 0 0.277669 376.33 416.77 47.21 37.46 0 0.250904 428.75 308.72 36.07 37.67 0
534,0.401183 562.00 593.17 34.14 25.92 0 0.387398 1275.36 409.41 38.81 23.80 0 0.305182 554.19 594.02 28.86 36.79 0 0.278730 570.14 592.09 33.71 27.68 0 0.255431 818.67 491.23 29.90 25.23 0 0.255256 1266.68 407.89 41.39 24.70 0 0.251843 554.40 591.41 30.97 30.49 0
535,0.385314 1130.14 0.00 58.93 25.40 0 0.265610 630.24 353.78 68.42 54.29 0
536,0.290523 1110.12 1042.54 40.07 35.14 0
537,0.283003 692.37 156.00 67.90 37.89 0 0.269881 1618.94 703.56 38.23 33.59 0
538,0.430417 1172.33 695.18 60.02 46.72 0 0.421548 1165.26 685.79 47.29 52.08 0 0.410073 1160.94 678.28 49.07 40.02 0 0.403156 462.41 144.80 55.28 32.65 0 0.381021 619.72 749.16 67.67 53.69 0 0.375730 1253.66 802.65 76.31 61.12 0 0.365648 960.59 891.00 66.81 48.18 0 0.345258 1164.30 682.51 60.79 40.75 0 0.329013 1261.92 817.65 80.20 50.42 0 0.312393 897.97 901.72 94.12 71.01 0 0.310063 934.88 882.47 77.25 61.20 0 0.299110 609.24 749.25 60.90 51.81 0 0.299092 460.57 122.11 55.42 43.31 0 0.282138 621.20 761.50 68.72 50.99 0 0.278331 779.72 972.15 89.68 64.35 0 0.269146 1073.23 773.00 72.75 52.64 0 0.252611 944.07 582.78 41.19 34.64 0
539,0.586278 557.06 577.17 96.43 61.64 0 0.490200 1522.13 334.02 99.64 52.25 0 0.485734 573.03 574.22 78.53 37.48 0 0.298706 706.47 557.14 100.48 60.26 0 0.284328 590.18 569.54 77.12 43.56 0 0.263061 1509.94 342.58 79.93 59.58 0 0.262433 1178.93 414.62 126.15 72.18 0 0.262396 595.26 553.26 80.49 46.88 0 0.256840 1405.06 1028.88 45.51 35.78 0
540,0.318391 210.15 558.38 60.95 33.73 0 0.302822 1257.88 853.34 88.01 59.72 0 0.277539 1791.71 1036.12 38.66 30.15 0 0.273553 1266.10 839.70 112.83 69.98 0 0.258685 1252.62 857.60 65.59 52.35 0
541,0.624668 1188.65 558.84 49.17 39.16 0 0.308770 1101.99 560.47 70.87 36.04 0 0.286800 968.18 552.74 44.76 32.27 0 0.271322 1093.40 561.13 52.46 35.14 0 0.267011 1158.75 557.62 61.59 41.04 0 0.252205 929.11 544.88 81.96 36.65 0
542,0.457107 590.90 1010.21 46.38 38.51 0 0.331972 363.80 1055.35 52.59 24.65 0 0.292424 1616.07 437.42 41.92 42.47 0 0.282509 357.66 1048.02 57.53 31.98 0
543,0.302003 1166.28 3.40 49.03 34.61 0 0.298938 491.75 1042.50 45.01 33.28 0 0.258231 304.43 180.03 41.73 35.52 0
544,0.270004 531.73 581.86 51.66 40.52 0
545,0.547436 311.84 809.36 39.26 40.93 0 0.498091 326.26 350.48 53.41 35.11 0 0.430664 1296.08 1008.11 50.67 30.13 0 0.421214 515.04 467.52 46.67 48.64 0 0.420853 392.50 784.79 51.80 51.02 0 0.393471 310.22 795.11 41.66 46.41 0 0.385349 1305.10 758.91 51.15 40.21 0 0.382121 900.72 295.41 44.40 33.97 0 0.378822 373.44 776.21 50.62 59.99 0 0.375643 433.41 600.50 39.89 47.16 0 0.358250 327.54 359.38 47.13 28.90 0 0.344182 382.24 781.08 63.08 35.80 0 0.342979 1066.03 366.85 46.25 30.96 0 0.314840 463.31 606.37 46.36 37.51 0 0.312478 903.42 393.46 58.33 30.92 0 0.307143 617.51 587.67 32.79 35.00 0 0.303681 913.84 388.40 47.35 32.00 0 0.295748 317.03 801.23 54.30 40.11 0 0.293142 339.06 793.25 54.16 44.54 0 0.289517 1252.12 871.87 50.04 35.05 0 0.272962 808.51 504.29 32.00 40.61 0 0.265723 848.32 779.60 44.68 34.48 0 0.257168 617.84 596.99 34.49 42.88 0 0.255175 901.22 309.03 45.39 48.14 0 0.253366 1238.46 769.66 32.44 31.45 0
546,0.455679 749.98 428.15 57.72 43.24 0 0.440869 1354.82 821.45 37.22 36.37 0 0.428240 776.21 651.86 53.87 27.08 0 0.404723 938.98 745.20 60.08 28.62 0 0.389250 748.48 611.84 78.51 64.10 0 0.352270 912.12 556.86 71.21 40.76 0 0.335763 742.83 560.44 70.34 50.19 0 0.319880 934.88 797.11 65.09 37.59 0 0.317564 941.81 725.98 55.17 36.31 0 0.312134 697.17 674.35 56.39 35.19 0 0.302286 746.45 462.49 68.11 32.97 0 0.302052 770.35 773.34 68.57 33.04 0 0.296012 931.49 452.05 52.10 47.66 0 0.295574 715.17 564.97 77.93 59.73 0 0.289790 769.53 433.75 49.64 44.95 0 0.278004 763.96 586.40 66.97 25.00 0 0.273774 929.61 439.53 52.48 37.77 0 0.272625 678.50 625.54 56.68 37.96 0 0.272391 919.92 571.53 68.05 42.28 0 0.269175 755.20 577.96 59.22 39.00 0 0.268642 703.47 740.66 81.15 47.26 0 0.266451 769.19 815.67 63.80 38.74 0 0.253218 929.34 535.54 59.69 30.46 0 0.252486 739.95 415.41 62.29 34.28 0 0.251079 688.15 600.59 75.17 45.79 0 0.251067 720.36 1015.56 64.56 28.12 0
547,0.311899 1041.15 559.98 49.21 59.74 0 0.256889 96.03 55.95 73.75 59.79 0
548,0.521777 869.73 178.72 48.02 42.17 0 0.521676 423.57 107.44 31.47 32.70 0 0.481639 1018.00 264.81 43.22 34.31 0 0.481603 941.20 381.31 52.76 52.04 0 0.452449 63.65 319.02 51.86 41.91 0 0.378895 76.62 331.57 40.95 37.34 0 0.351498 68.64 324.57 40.54 45.40 0 0.340689 933.51 368.49 55.58 40.85 0 0.331362 634.22 195.03 39.63 48.09 0 0.320010 979.95 487.26 48.82 60.82 0 0.316731 984.81 496.06 65.82 54.10 0 0.311127 906.27 382.54 43.35 46.32 0 0.308802 874.27 273.59 58.53 35.85 0 0.303600 131.40 133.28 55.39 46.66 0 0.298311 596.92 200.66 67.56 44.37 0 0.296105 542.91 298.19 50.72 47.66 0 0.293445 876.32 184.38 38.59 46.17 0 0.289199 16.85 320.45 87.25 44.46 0 0.287181 593.28 203.42 50.66 49.33 0 0.283910 301.54 110.16 42.21 36.24 0 0.278855 686.96 192.53 37.43 39.34 0 0.277677 971.24 486.81 59.52 34.50 0 0.271928 1014.83 255.81 44.39 35.25 0 0.269751 845.54 175.69 56.82 52.11 0 0.268117 916.51 271.38 41.85 39.26 0 0.258809 923.94 179.29 47.87 38.12 0 0.257359 979.74 485.07 61.51 30.76 0 0.253640 122.83 124.70 46.09 60.49 0
549,0.333090 1497.38 581.75 38.13 33.15 0 0.269615 1693.06 538.79 33.66 34.19 0
550,0.462120 998.82 404.12 46.78 30.80 0 0.412664 967.44 397.56 59.59 35.84 0 0.405873 1013.36 558.83 47.50 36.60 0 0.398980 990.95 399.69 56.29 32.83 0 0.340100 829.22 893.16 42.35 40.70 0 0.306220 272.84 67.05 53.04 49.62 0 0.306011 1019.09 406.22 40.24 31.37 0 0.292010 1014.16 572.96 54.96 50.02 0
