Image_ID,PredictionString
1,0.832668 771.19 370.79 78.11 136.72 0 0.765647 1144.40 208.59 85.19 89.07 0 0.739948 1105.02 22.79 27.63 38.71 3 0.739888 26.40 552.84 72.29 52.59 3 0.730349 93.48 366.19 39.29 55.91 3 0.725465 770.46 83.48 27.33 42.22 3 0.725150 1065.99 233.90 92.57 89.97 0 0.721486 721.56 91.07 25.18 40.90 3 0.715351 747.33 90.18 24.83 41.27 3 0.714410 3.12 212.21 68.34 46.14 3 0.705113 220.39 408.34 59.12 42.87 3 0.699064 1458.43 173.46 98.44 83.52 0 0.695816 1073.89 24.85 26.65 40.12 3 0.692865 693.80 96.11 26.81 42.35 3 0.675145 847.20 97.61 74.96 93.17 0 0.672403 1259.32 194.06 97.08 80.15 0 0.667386 1067.17 55.76 83.03 88.48 0 0.665074 1667.95 131.61 89.66 76.11 0 0.664494 1740.72 210.62 112.78 81.44 0 0.662249 991.06 342.62 97.63 120.34 0 0.662058 865.60 258.43 89.22 103.18 0 0.659160 103.37 1.85 131.73 57.74 0 0.644506 683.03 379.27 84.49 138.12 0 0.631243 531.75 153.07 64.29 97.48 0 0.625382 907.65 676.28 49.29 67.39 3 0.615351 646.51 647.77 86.86 167.97 0 0.613847 1184.53 44.30 84.43 83.25 0 0.610183 655.91 300.78 73.43 80.06 0 0.609026 519.17 371.50 43.09 44.25 3 0.605719 1261.68 32.88 78.26 69.25 0 0.603929 1269.42 286.73 103.92 120.25 0 0.603444 40.98 511.12 69.66 43.36 3 0.598685 1852.88 308.51 66.34 91.24 0 0.598481 953.86 253.11 70.17 88.47 0 0.588904 893.53 787.19 114.38 188.43 0 0.583852 830.81 70.12 24.24 39.36 3 0.579171 1019.16 75.26 78.81 80.29 0 0.574255 1123.54 21.25 29.44 42.19 3 0.565585 766.03 785.32 131.49 195.19 1 0.557005 596.46 156.84 65.06 90.51 0 0.555346 0.00 19.92 82.26 55.62 0 0.553623 1027.61 35.20 27.03 41.27 3 0.551687 233.02 358.06 28.49 37.89 2 0.520847 1077.40 734.04 118.57 176.38 0 0.520397 1386.17 181.04 101.18 88.75 0 0.517484 749.81 86.19 24.87 42.16 3 0.507989 1669.49 615.17 155.05 151.47 0 0.503370 591.34 331.03 43.66 45.57 3 0.497286 907.68 90.29 70.68 85.01 0 0.495706 488.03 94.32 120.96 63.05 3 0.493868 541.63 524.29 30.80 54.03 3 0.487153 593.18 396.08 82.98 145.66 1 0.486411 471.13 656.42 44.72 64.85 3 0.484452 450.80 162.28 68.31 99.36 0 0.482496 811.47 75.18 25.36 41.72 3 0.473523 1163.92 703.83 141.43 178.65 0 0.471868 1513.91 625.01 138.41 165.41 0 0.465016 1611.24 630.12 122.60 139.79 0 0.463423 388.79 149.97 33.85 39.79 3 0.463036 780.81 79.70 27.19 47.44 3 0.459918 293.92 546.24 139.11 209.47 1 0.454258 996.79 40.49 26.16 44.16 3 0.453668 1258.79 687.98 141.97 192.18 0 0.450261 786.60 79.63 25.68 42.31 3 0.434667 488.17 93.76 119.81 65.26 0 0.427171 1265.54 689.79 120.89 156.51 0 0.414699 315.97 837.42 37.61 75.16 3 0.413126 305.95 664.10 128.60 153.22 1 0.406525 1429.24 639.27 142.18 187.18 0 0.406249 225.21 741.84 33.91 44.10 3 0.406245 1510.86 103.88 38.10 39.23 3 0.402983 434.71 305.36 46.92 59.49 3 0.401335 1646.66 595.88 156.78 144.34 0 0.397648 1144.18 20.73 26.85 40.82 3 0.396025 486.05 682.62 32.95 50.92 3 0.390581 264.75 284.40 30.29 44.61 3 0.390167 37.05 527.14 69.62 55.64 3 0.388896 1127.84 17.70 29.08 41.14 3 0.379488 1487.44 481.26 155.97 124.11 1 0.379070 992.64 42.00 27.00 44.98 3 0.367327 478.78 670.63 40.70 64.04 3 0.364080 4.66 225.32 59.91 50.58 3 0.363854 221.51 396.72 61.87 48.09 3 0.363379 1357.99 674.69 119.39 162.91 0 0.359015 569.04 306.70 25.90 40.44 2 0.356551 1697.17 625.92 144.58 147.08 0 0.355537 211.59 440.55 57.56 58.41 3 0.351448 697.95 90.55 25.45 44.82 3 0.339391 1362.82 671.35 151.52 170.81 0 0.338293 1402.00 182.00 103.65 85.33 0 0.338233 1047.19 29.10 26.61 42.44 3 0.337846 1021.67 36.77 27.01 43.61 3 0.337143 286.44 520.63 155.74 194.08 1 0.332508 1626.66 994.98 161.21 85.02 0 0.324247 1108.32 19.22 26.95 38.97 3 0.317866 1282.93 715.44 116.68 162.69 0 0.317450 89.54 10.24 123.99 57.52 0 0.310224 1176.84 692.01 193.74 203.08 0 0.305677 801.80 845.27 112.53 149.02 0 0.301617 890.86 778.02 101.71 168.02 0 0.300591 1544.95 479.06 159.59 112.35 0 0.299520 244.29 704.19 39.52 39.73 3 0.292717 567.26 307.59 27.95 41.62 3 0.286685 1404.70 178.39 137.70 89.35 0 0.280550 600.15 412.38 77.98 127.97 0 0.270585 252.15 247.65 49.49 32.52 3 0.269538 362.97 128.00 33.98 59.03 2 0.268840 193.92 615.77 36.48 53.81 3 0.267000 438.43 292.70 46.25 56.75 3 0.266426 871.22 254.27 79.43 87.11 0 0.263732 1457.34 0.00 24.28 25.71 3 0.262651 1071.82 724.27 102.45 139.25 0 0.262625 1513.62 633.15 189.73 153.52 0 0.258776 429.21 275.70 43.27 36.07 3 0.255568 1542.58 359.81 19.08 34.75 2 0.251984 1167.51 700.51 112.36 147.86 0
2,0.757595 1439.84 334.22 27.92 39.52 0 0.719221 644.44 514.63 28.21 42.47 0 0.718451 673.59 376.48 25.33 39.33 0 0.710821 1316.45 369.81 29.61 56.60 0 0.701743 548.49 286.21 31.13 50.87 0 0.689691 1339.26 538.74 31.04 58.37 0 0.684227 1460.74 418.66 30.22 40.70 0 0.679837 661.70 185.34 29.31 45.70 0 0.670211 523.69 512.01 28.95 47.47 0 0.652243 501.11 371.41 30.04 41.05 0 0.651886 604.99 567.40 30.00 51.08 0 0.646017 1478.88 512.07 28.81 46.33 0 0.642655 766.95 667.64 34.44 60.73 0 0.642189 355.03 207.57 34.54 45.57 0 0.639713 763.04 191.91 29.00 44.78 0 0.630530 1490.30 562.75 43.11 56.84 0 0.626584 810.97 184.38 33.17 59.82 0 0.609818 1393.91 107.13 24.62 29.27 0 0.609051 1779.26 105.33 25.32 26.51 0 0.609051 696.88 379.81 25.90 39.73 0 0.603279 530.75 371.25 28.82 42.04 0 0.599166 765.70 302.13 27.95 45.30 0 0.598671 363.69 677.74 37.04 57.63 0 0.585018 675.24 517.82 27.56 47.18 0 0.578191 643.94 375.31 28.00 39.14 0 0.562452 334.27 254.56 33.98 45.44 0 0.560956 972.89 187.23 46.75 24.97 0 0.559230 312.31 304.47 34.51 43.30 0 0.558351 1339.51 503.69 26.91 36.65 0 0.552899 722.68 380.65 28.81 41.25 0 0.551828 630.85 422.77 30.37 51.39 0 0.550697 692.87 423.26 25.57 41.73 0 0.547927 246.76 444.11 37.74 50.79 0 0.540156 265.41 390.45 46.24 51.65 0 0.539245 501.11 672.35 31.84 55.14 0 0.535393 468.84 673.16 32.83 54.25 0 0.534983 543.34 562.47 30.05 54.67 0 0.534674 329.86 674.62 36.78 55.38 0 0.531638 1138.66 198.55 52.56 23.48 0 0.523298 322.00 556.88 36.04 53.49 0 0.522567 533.11 672.15 32.04 54.87 0 0.517972 1432.08 290.74 27.42 40.83 0 0.512994 735.66 516.11 29.45 49.37 0 0.512340 662.47 670.21 30.86 59.23 0 0.506911 195.57 557.09 34.40 48.23 0 0.497768 604.03 290.98 28.55 45.91 0 0.496754 1774.40 31.36 24.43 23.84 0 0.496241 293.28 343.27 39.89 48.21 0 0.494394 631.44 294.52 30.37 46.60 0 0.493436 600.00 419.77 30.59 53.68 0 0.490475 695.90 668.15 34.90 57.54 0 0.490251 713.15 295.09 27.93 46.75 0 0.489663 814.04 137.25 25.20 26.34 0 0.489004 1335.64 474.66 27.36 47.32 0 0.486651 1653.11 9.43 27.26 31.72 0 0.486063 1806.67 106.89 26.30 26.98 0 0.480111 1422.24 245.53 28.22 36.20 0 0.477286 1797.85 36.86 32.34 21.78 0 0.472710 671.57 379.50 25.33 42.22 0 0.472615 217.88 505.23 36.01 46.52 0 0.470781 1725.46 97.23 23.56 26.92 0 0.470627 411.17 290.25 18.59 27.65 3 0.462605 1576.81 953.94 35.12 60.43 0 0.459867 986.44 732.67 71.98 36.53 0 0.450195 355.69 555.63 34.71 53.73 0 0.447662 617.30 514.27 27.37 42.45 0 0.446705 485.75 177.42 31.18 45.52 0 0.445974 518.93 416.04 30.62 44.92 0 0.445425 1698.21 773.41 59.13 26.16 0 0.445299 468.54 296.65 30.34 37.19 0 0.440625 1672.58 772.86 59.77 28.41 0 0.435237 508.78 560.51 33.46 55.26 0 0.435013 615.42 186.25 31.08 37.92 0 0.433398 461.04 415.61 28.53 44.07 0 0.431739 1629.66 911.87 72.29 62.82 0 0.428299 1652.95 491.88 35.49 47.00 1 0.426724 1816.33 107.68 36.42 25.82 0 0.420322 1623.27 194.44 50.39 31.30 0 0.411517 763.61 169.47 35.01 32.09 0 0.410323 1698.14 91.28 22.42 28.98 0 0.404545 1674.04 88.61 23.33 28.94 0 0.400207 1411.03 197.39 29.46 30.13 0 0.398436 1582.08 81.60 21.69 26.98 0 0.386632 1470.33 469.63 30.36 50.85 0 0.382288 631.92 670.68 32.99 55.36 0 0.381510 745.07 412.40 34.28 67.02 0 0.379455 490.63 293.73 30.87 40.43 0 0.368168 1144.64 201.37 67.59 24.46 0 0.364197 747.09 380.54 32.14 43.16 0 0.358230 714.52 424.57 29.35 52.06 0 0.355279 584.06 379.20 24.73 37.84 0 0.342038 706.49 517.73 28.07 49.41 0 0.338032 1744.38 26.67 28.03 27.53 0 0.337068 1717.54 134.24 29.29 26.78 0 0.330203 1779.31 897.37 61.79 34.60 0 0.327652 1653.40 488.51 34.21 48.09 0 0.325728 415.37 78.23 25.78 39.05 0 0.324416 1516.71 0.00 29.35 19.99 0 0.318208 1632.89 85.94 21.46 25.26 0 0.313475 1555.58 0.00 31.95 21.34 0 0.313207 1760.81 779.28 41.32 27.61 0 0.308987 1325.67 439.25 26.93 40.85 0 0.307357 1135.32 200.16 49.55 24.71 0 0.306893 1835.67 107.82 28.52 24.17 0 0.304509 1651.49 87.07 21.98 28.70 0 0.304497 564.32 185.10 28.25 40.87 0 0.302648 1749.67 895.64 50.12 35.53 0 0.301337 138.42 655.96 27.56 37.31 0 0.300440 1655.95 20.10 25.93 32.79 0 0.298613 1424.20 99.93 22.87 28.85 0 0.294782 598.79 381.88 24.99 37.35 0 0.292164 613.36 262.58 29.98 45.06 0 0.291359 748.37 377.68 35.73 54.18 0 0.288903 1078.84 196.21 43.98 24.10 0 0.288316 1304.41 287.11 25.23 42.48 0 0.284298 1406.02 172.05 30.50 30.08 0 0.282520 1850.10 441.78 36.47 24.52 0 0.282481 1812.31 39.02 28.64 20.22 0 0.267167 1733.69 29.96 29.55 23.79 0 0.263450 1603.38 84.84 23.57 25.23 0 0.261520 1446.83 374.28 31.62 38.58 0 0.260693 1384.71 69.64 26.82 26.61 0 0.258440 682.78 292.44 27.88 46.94 0 0.254235 1554.73 0.86 32.82 26.10 0 0.252811 1488.74 558.89 43.31 62.75 1 0.252805 1791.12 899.89 52.13 33.86 0 0.252187 771.41 671.45 38.93 63.02 0
3,0.592171 100.41 16.29 55.22 30.83 0 0.502668 0.21 193.87 21.96 34.13 0 0.478962 510.68 66.79 39.36 47.61 0 0.399615 167.33 680.65 19.94 16.41 3 0.361606 557.90 225.99 39.62 26.42 0 0.354170 207.11 647.07 14.79 14.83 3 0.353899 789.19 495.31 15.01 13.82 2 0.299535 467.59 269.45 32.30 28.80 0 0.257660 238.96 493.62 14.61 14.10 3
4,0.523927 1099.73 65.42 27.81 41.09 0 0.515454 1003.30 0.00 27.44 37.43 0 0.485796 1069.88 43.94 30.57 47.42 0 0.347173 890.22 333.16 23.46 23.99 3 0.331725 400.50 164.18 66.92 37.82 0 0.329745 916.86 58.61 54.85 29.82 0 0.303691 987.03 102.35 15.88 20.42 3 0.301081 1302.28 626.19 40.80 54.25 0 0.283579 891.25 329.65 20.49 22.79 3 0.272367 983.10 0.00 30.39 24.18 0 0.265911 1313.10 0.00 27.81 16.00 0
5,0.634170 1121.89 237.68 23.82 40.39 0 0.574166 1115.74 281.19 23.57 34.99 0 0.571959 568.60 647.53 64.22 33.18 0 0.541933 1067.37 675.36 31.80 44.19 0 0.505675 834.34 194.25 42.09 28.72 0 0.500638 1127.62 185.34 23.25 35.06 0 0.485363 1111.03 324.46 24.20 38.74 0 0.481185 1083.59 528.50 28.27 48.66 0 0.459786 1234.36 572.66 39.11 84.40 1 0.375262 1238.89 556.20 34.97 61.29 1 0.362401 1106.41 367.50 33.46 54.10 0 0.349935 734.20 72.35 15.95 14.15 3 0.345991 827.53 214.24 35.73 35.83 0 0.342864 868.07 32.41 36.61 24.31 0 0.317108 1054.88 448.75 31.72 61.87 1
6,0.609471 1118.80 234.04 25.20 37.89 0 0.548192 1123.50 179.62 25.24 37.85 0 0.529358 1107.47 317.95 25.17 38.62 0 0.519012 832.27 193.75 41.64 25.43 0 0.498077 571.66 640.75 61.32 33.58 0 0.488008 1105.23 363.41 31.23 51.77 0 0.470720 1114.91 275.10 22.40 36.00 0 0.467531 1234.37 549.01 38.46 77.66 1 0.463556 1081.73 522.86 28.63 48.97 0 0.444430 1062.63 668.94 34.02 51.06 0 0.436493 1232.22 544.31 44.50 109.70 1 0.414016 1103.12 363.23 31.97 52.43 1 0.405065 828.56 220.37 33.44 26.98 0 0.355353 741.87 123.17 33.78 35.42 0 0.326117 734.83 111.60 34.47 31.94 0 0.274440 867.54 31.08 35.20 19.35 0
7,0.870055 1703.22 367.55 29.46 41.59 3 0.828736 615.32 970.63 37.62 73.73 3 0.815068 836.69 907.81 34.54 66.00 3 0.802910 796.28 912.18 38.71 66.42 3 0.770964 570.70 989.87 40.28 82.31 3 0.769732 1037.99 822.79 43.55 71.10 3 0.764758 866.75 564.79 29.04 52.81 3 0.758709 1724.14 364.71 29.05 38.82 3 0.740414 914.51 556.91 30.63 50.31 3 0.732180 1155.43 680.85 51.35 39.80 3 0.723218 1046.85 526.06 30.83 42.30 3 0.712282 695.10 952.17 39.64 79.43 3 0.708615 1634.15 392.99 30.28 46.46 3 0.690410 659.42 967.54 35.78 72.39 3 0.689957 1074.45 815.47 37.32 61.95 3 0.684243 1297.49 477.96 22.87 33.77 3 0.671412 964.18 652.71 31.86 44.04 3 0.671054 1680.64 374.23 31.44 43.29 3 0.667424 1098.68 803.81 41.61 63.09 3 0.655628 693.74 652.27 51.38 48.77 3 0.653666 882.98 562.58 28.78 49.81 3 0.653004 1217.57 760.56 37.07 64.59 3 0.651112 1220.67 755.78 36.17 59.91 3 0.650150 1596.34 382.62 45.04 53.33 3 0.646808 1158.22 783.29 37.77 60.51 3 0.611670 925.39 952.23 114.04 124.76 0 0.595926 756.08 923.35 38.56 73.47 3 0.591864 1192.17 774.64 38.33 65.09 3 0.579452 1248.63 750.33 35.91 61.86 3 0.564555 505.11 668.67 73.21 38.05 3 0.562663 711.49 620.40 43.74 44.13 3 0.552315 1525.05 503.45 43.43 49.91 3 0.543454 833.75 573.38 32.74 53.36 3 0.536266 1742.47 362.24 26.60 36.01 3 0.531407 1673.41 380.45 32.11 42.08 3 0.528084 1148.28 785.87 40.33 65.66 3 0.527120 487.94 673.89 70.35 42.16 3 0.519691 1649.83 370.37 26.81 39.04 3 0.511412 1163.50 780.74 35.74 57.24 3 0.511245 1142.40 790.41 39.26 66.61 3 0.509476 1141.74 593.26 42.35 39.96 3 0.507891 780.50 591.25 29.54 51.13 3 0.502736 1299.30 473.22 24.02 35.28 2 0.501123 874.40 897.22 32.14 65.31 3 0.500854 602.35 975.24 44.06 85.06 3 0.490123 737.31 680.06 37.15 41.27 3 0.486952 1005.11 537.15 29.72 42.80 3 0.484742 1163.49 856.88 145.23 168.92 0 0.482873 1413.31 779.74 156.47 116.03 0 0.480494 153.22 829.57 191.66 97.88 0 0.479550 1642.31 383.61 31.06 46.80 3 0.479492 723.55 614.45 39.51 46.13 3 0.478456 1324.19 804.51 143.83 151.01 0 0.473182 649.34 967.13 39.26 71.55 3 0.471834 1147.69 588.98 34.65 39.00 3 0.465156 1154.10 781.30 35.86 59.13 3 0.461202 1023.11 533.25 29.74 43.88 3 0.457605 587.05 661.13 58.88 36.18 3 0.441571 711.14 941.44 45.10 76.34 3 0.437821 696.10 944.85 49.64 77.73 3 0.434330 1119.82 796.88 35.44 64.78 3 0.422530 822.13 977.59 103.34 102.41 0 0.413496 947.27 544.95 31.78 51.53 3 0.401155 1081.88 807.61 37.82 58.62 3 0.396805 1362.30 435.96 27.56 43.79 3 0.396539 1701.16 374.31 28.55 42.36 3 0.393833 488.66 690.29 51.72 36.76 3 0.390496 1094.28 892.78 126.83 146.01 0 0.384580 868.85 889.36 35.02 67.67 3 0.383340 1715.49 368.70 31.10 44.61 3 0.378635 644.03 609.24 26.35 40.42 3 0.371335 1105.93 797.64 41.00 71.01 3 0.361352 967.40 660.46 36.39 42.28 3 0.358446 1165.98 844.39 113.34 151.04 0 0.357709 1626.57 376.59 32.85 39.08 3 0.352623 1710.53 347.29 29.25 30.45 3 0.351122 934.84 549.46 35.15 50.79 3 0.349701 1131.90 477.62 93.00 61.51 1 0.342781 999.47 540.83 31.05 43.66 3 0.340051 838.59 569.59 31.72 55.23 3 0.334073 706.45 667.14 50.45 48.49 3 0.319313 1603.12 371.26 36.99 48.84 3 0.316257 841.91 908.39 45.34 65.23 3 0.305054 486.16 677.74 60.37 45.08 3 0.300543 1526.42 407.79 36.64 40.40 3 0.293769 1586.98 385.50 45.04 55.76 3 0.290914 597.73 611.61 34.69 35.04 3 0.289715 986.41 541.49 33.28 47.99 3 0.289308 859.26 897.56 39.71 70.80 3 0.286682 699.23 624.61 43.20 51.56 3 0.284195 640.83 615.00 26.10 38.98 3 0.281486 1743.57 350.82 28.54 33.22 3 0.281437 1364.78 365.79 35.30 32.47 3 0.277917 839.22 901.03 35.02 65.29 3 0.277148 757.99 595.20 30.59 50.56 3 0.269291 1586.70 364.25 31.75 43.68 3 0.266005 716.45 607.82 39.87 49.64 3 0.258809 733.86 596.11 34.16 52.06 3 0.256915 1723.60 346.25 34.84 33.33 3 0.253838 1380.55 372.30 36.34 40.23 3 0.250687 1210.01 765.85 38.63 69.14 3
8,0.908357 503.45 550.70 168.04 81.21 1 0.874262 536.62 1009.52 73.55 54.76 3 0.791200 1287.18 599.62 125.75 69.72 0 0.787864 1447.14 851.36 25.41 37.80 2 0.755416 1899.54 660.24 19.72 44.29 3 0.752975 796.03 434.22 109.16 43.29 0 0.750620 1841.91 482.39 25.07 37.91 3 0.749166 1575.35 843.76 58.18 48.03 3 0.742402 1864.54 655.24 35.91 47.18 3 0.709925 840.71 964.48 62.13 48.02 3 0.689861 1333.04 675.37 70.61 106.72 0 0.688745 920.80 439.87 111.35 43.68 0 0.680862 1590.43 645.36 25.92 41.97 3 0.678879 1605.50 646.64 27.72 42.18 3 0.669942 1843.53 458.49 25.00 33.50 3 0.668847 1726.36 477.86 23.52 37.16 3 0.663472 1699.25 650.37 29.89 39.90 3 0.661826 766.46 910.65 66.78 39.59 3 0.655814 1756.48 477.56 23.63 38.67 3 0.651213 1498.07 891.75 98.30 121.91 0 0.648770 1508.87 643.63 29.79 43.75 3 0.644371 1783.59 472.81 26.08 41.57 3 0.643066 1782.39 692.69 83.45 114.05 0 0.640257 548.13 416.08 95.85 41.26 0 0.626767 1407.14 695.81 78.78 104.71 0 0.624217 1692.60 695.42 102.66 109.38 0 0.618363 667.67 423.26 108.88 42.03 0 0.615816 1538.68 642.59 27.08 43.59 3 0.614112 843.93 1012.72 48.86 42.56 3 0.610343 1176.63 734.83 17.19 33.81 2 0.609936 1632.49 646.89 26.50 42.75 3 0.607938 582.61 666.43 25.05 49.26 3 0.607391 1496.07 518.91 115.84 50.42 0 0.600963 1252.19 663.56 69.60 115.90 0 0.600761 1626.92 474.99 22.78 37.29 3 0.599027 1670.56 648.18 25.88 42.27 3 0.587684 625.48 667.64 26.90 53.37 3 0.586986 1564.41 645.12 25.64 43.24 3 0.577826 818.35 1017.59 55.94 42.32 3 0.569536 1801.27 471.99 26.00 45.60 3 0.568317 1686.03 475.75 23.30 37.50 3 0.541891 1658.73 467.74 25.02 41.39 3 0.512305 1722.91 650.35 27.16 40.10 3 0.501354 1759.88 908.65 146.15 143.75 0 0.500177 1656.78 473.06 24.14 39.76 3 0.496890 880.79 1017.80 32.00 41.61 3 0.486887 1608.42 643.09 27.17 41.70 3 0.475764 1704.87 478.01 21.42 37.11 3 0.472011 1360.71 858.12 24.20 34.05 2 0.469111 544.05 999.55 65.06 58.74 2 0.460868 1007.30 570.14 36.58 36.32 3 0.453813 966.28 578.00 18.44 31.65 2 0.451732 1644.73 647.28 28.05 44.87 3 0.444411 1568.18 840.61 55.43 46.25 3 0.435711 1606.10 469.68 21.70 35.82 3 0.408540 1871.35 482.18 22.21 38.28 3 0.398029 1632.00 471.60 23.10 38.21 3 0.396269 1602.83 475.42 21.84 35.87 3 0.392250 1035.23 896.31 40.46 44.86 3 0.390965 1008.32 567.35 32.16 31.39 2 0.383527 1117.11 1036.82 27.89 43.18 3 0.370829 1187.57 1036.67 28.42 43.33 3 0.370684 1824.13 478.68 23.47 39.38 3 0.368156 1560.82 641.25 26.93 42.21 3 0.346743 1529.89 466.24 23.87 32.54 3 0.331376 1873.23 923.76 46.77 102.06 0 0.331064 1040.20 889.82 36.68 46.50 3 0.328630 1141.57 882.18 26.59 45.64 2 0.327935 1059.77 746.97 32.33 47.65 3 0.327744 1750.68 906.83 124.56 127.47 0 0.313471 1021.90 1002.75 33.83 60.39 3 0.311669 1019.00 887.32 44.95 46.10 3 0.293240 844.62 974.65 62.79 47.71 3 0.282882 1455.68 461.52 26.81 33.38 3 0.276870 669.64 629.35 33.99 40.11 3 0.270945 1582.03 471.91 22.30 33.13 3 0.270053 1172.75 736.24 20.70 37.84 2 0.268960 1558.74 1031.32 104.56 48.68 0 0.267079 449.46 401.37 28.77 31.07 3 0.263916 1196.83 655.30 25.15 35.82 2 0.253286 1175.41 1034.12 30.72 45.88 3
9,0.752553 112.82 847.85 37.97 62.67 0 0.711535 258.17 465.81 49.35 27.01 0 0.667619 231.44 633.19 37.85 62.43 0 0.655310 145.38 672.54 33.62 58.09 0 0.651251 315.42 461.51 47.63 69.85 1 0.641488 1066.71 536.46 33.56 38.96 0 0.620839 98.22 549.00 36.15 52.51 0 0.610770 899.51 8.28 34.14 29.42 0 0.596192 96.43 799.69 34.56 51.09 0 0.589502 502.37 994.73 40.61 63.71 0 0.584236 332.50 877.81 36.12 59.95 0 0.578151 288.90 720.21 35.69 52.34 0 0.578140 181.06 1004.37 38.82 74.95 0 0.577018 288.78 971.01 38.57 61.06 0 0.575808 396.88 851.87 37.37 62.23 0 0.574662 651.88 340.62 73.59 31.58 0 0.564471 174.87 668.37 36.97 53.45 0 0.559385 256.63 733.42 34.30 50.02 0 0.558329 82.16 696.43 36.70 59.54 0 0.555012 169.93 952.13 35.11 54.33 0 0.544532 817.60 890.51 78.40 47.21 1 0.540909 1043.48 493.60 31.15 45.34 0 0.538009 361.83 747.25 47.21 71.00 1 0.537231 66.84 808.36 33.16 52.27 0 0.536980 269.40 497.76 35.07 45.00 0 0.534795 212.68 816.74 39.46 60.90 0 0.534410 38.90 569.39 32.93 51.18 0 0.524539 17.36 726.14 29.57 56.70 0 0.522893 326.32 610.63 35.79 54.37 0 0.517922 243.69 806.53 39.49 57.90 0 0.517161 1108.21 49.94 19.69 30.01 0 0.512750 1114.15 373.43 41.68 27.88 0 0.508811 306.00 771.72 31.99 47.33 0 0.508788 814.17 125.70 27.51 35.00 0 0.505091 1084.06 51.05 22.33 31.41 0 0.502275 302.28 893.49 32.60 53.36 0 0.501368 1406.01 756.03 47.69 40.58 0 0.499109 482.85 397.98 56.34 28.04 0 0.497294 216.55 998.26 43.83 70.24 0 0.492233 931.53 554.67 41.59 51.70 0 0.487081 875.55 456.36 36.39 49.88 0 0.483147 1312.87 829.93 63.22 42.19 0 0.481670 351.28 696.78 32.19 51.41 0 0.481053 21.04 728.65 30.92 57.51 0 0.480930 428.95 1027.90 39.38 52.10 0 0.480363 0.00 736.12 22.15 55.05 0 0.475742 1557.60 563.23 47.01 32.83 0 0.464160 1095.66 578.58 38.09 41.60 0 0.463507 234.66 809.21 41.11 59.17 0 0.460597 840.97 167.36 25.57 29.88 0 0.459867 1740.78 462.06 60.60 37.98 0 0.459722 263.08 631.61 37.52 55.57 0 0.458345 162.83 769.71 34.92 53.70 0 0.454145 1059.56 32.35 31.48 29.17 0 0.452165 135.27 626.13 30.90 49.00 0 0.451642 269.95 906.74 33.43 49.91 0 0.448460 719.38 0.00 25.91 10.19 3 0.446006 229.42 745.68 31.61 51.97 0 0.439848 1696.60 484.57 43.45 38.21 0 0.436109 935.91 562.64 38.71 49.99 0 0.435912 396.73 1035.15 44.19 44.85 0 0.434989 1528.04 753.55 53.42 57.02 0 0.430983 880.53 223.11 39.34 32.24 0 0.428943 155.85 527.60 32.58 53.99 0 0.428084 138.50 633.24 32.32 48.03 0 0.421469 969.14 379.04 32.45 34.43 0 0.415154 1171.52 36.68 24.96 28.09 0 0.412399 70.83 650.83 31.75 44.55 0 0.409875 1065.46 34.68 32.52 31.30 0 0.401951 1018.58 0.00 34.65 21.61 0 0.401389 333.20 761.41 35.66 59.00 0 0.396330 1016.41 449.65 32.29 41.32 0 0.394384 834.46 33.79 47.68 31.50 0 0.385944 1362.73 660.80 37.30 30.05 0 0.384064 833.06 380.84 34.19 39.77 0 0.381816 1519.17 28.03 40.82 31.10 0 0.380834 320.19 706.40 31.60 50.45 0 0.380115 1311.13 681.55 43.42 32.35 0 0.379909 1008.54 441.14 38.46 42.81 0 0.368482 1019.79 0.00 34.36 28.29 0 0.368130 1089.91 154.12 31.99 37.76 0 0.359592 990.59 415.49 38.27 35.22 0 0.357463 903.77 22.30 28.88 32.04 0 0.356940 338.35 774.45 30.98 50.86 0 0.347522 1395.43 761.28 44.22 39.72 0 0.346226 980.75 79.98 31.64 29.07 0 0.345706 369.65 865.62 35.34 59.22 0 0.342124 1573.54 729.87 47.57 59.10 0 0.337201 768.70 175.18 27.68 34.08 0 0.337072 1085.60 157.04 30.53 37.07 0 0.336705 1504.54 768.37 50.02 53.04 0 0.336538 1325.64 1030.87 45.80 49.13 0 0.334103 1061.99 54.54 22.82 33.34 0 0.333622 1068.60 0.00 47.50 15.32 0 0.332325 324.62 703.71 30.35 49.54 0 0.327831 43.73 887.91 38.27 50.16 0 0.320913 1313.66 355.71 23.72 36.34 0 0.319136 1610.63 531.99 51.41 37.75 0 0.318489 1467.61 605.12 46.23 34.99 0 0.312986 1430.47 798.21 41.02 35.72 0 0.311729 1042.76 583.44 33.22 32.37 0 0.309036 1147.04 36.99 22.26 32.11 0 0.304479 1652.94 511.09 39.58 34.87 0 0.297366 586.82 363.36 49.56 27.53 0 0.297254 1410.72 751.36 52.41 40.49 0 0.295716 748.17 934.54 56.93 43.17 0 0.295223 1038.57 580.56 35.57 31.72 0 0.288584 956.37 0.00 47.75 19.57 0 0.285716 808.22 96.66 26.09 33.58 0 0.283033 824.49 883.84 73.04 45.47 1 0.282660 1658.99 505.26 37.01 35.31 0 0.282325 1317.77 676.44 43.70 32.82 0 0.282139 927.37 267.41 44.44 29.37 0 0.277434 889.60 250.17 31.53 29.51 0 0.277385 1452.35 9.59 41.59 41.60 0 0.275106 158.54 670.42 40.13 58.91 0 0.275039 995.70 75.92 30.99 29.54 0 0.267143 940.83 341.12 34.95 32.68 0 0.264528 1107.54 44.19 20.95 31.86 0 0.262695 1059.34 534.45 36.09 40.86 0 0.260689 902.05 221.46 31.27 32.38 0 0.260629 1289.45 886.41 36.62 52.04 0 0.258132 360.92 870.80 36.50 57.07 0 0.257875 1037.04 64.85 24.30 29.26 0 0.256449 0.00 869.55 18.47 41.95 0 0.253743 355.41 1055.52 48.63 24.48 0 0.251528 434.40 1035.17 41.31 44.83 0
10,0.567165 1005.32 0.00 29.31 42.37 0 0.469418 1100.85 65.79 27.12 42.38 0 0.451174 1072.67 45.24 27.60 41.53 0 0.396276 754.46 648.16 12.72 14.35 2 0.325354 710.30 600.11 12.73 15.49 2 0.320187 620.02 267.36 13.45 20.30 2 0.312044 919.03 58.56 58.34 30.26 1 0.288787 620.75 264.43 13.40 20.12 2 0.279703 654.00 519.19 13.72 16.96 2 0.270981 1072.57 48.77 30.27 46.67 0 0.255351 1311.92 0.00 29.03 14.76 0
11,0.445760 84.17 682.63 92.80 37.37 1 0.418273 554.07 572.39 51.65 33.96 1 0.312105 733.60 119.12 19.45 40.90 3 0.299263 1060.94 326.19 17.66 15.25 3 0.284597 888.10 693.99 15.63 23.53 3 0.280622 423.03 106.09 27.33 27.83 0 0.274751 608.40 376.75 16.83 26.04 3 0.274067 835.64 520.57 14.65 21.79 3 0.266048 352.68 85.46 22.35 46.43 0 0.251725 923.06 591.74 22.35 46.38 1
12,0.625344 1128.77 187.60 23.30 35.73 0 0.598763 1124.60 241.52 23.90 41.31 0 0.582889 1233.97 593.61 36.33 71.53 1 0.546126 1084.60 534.61 28.05 48.74 0 0.531800 1115.39 285.03 26.02 38.21 0 0.505797 1240.39 559.53 36.29 62.28 1 0.504697 1106.19 372.94 31.22 49.84 0 0.482695 566.75 649.18 66.72 36.31 0 0.460351 867.15 39.79 37.07 19.54 0 0.455392 986.98 42.19 14.43 16.20 3 0.455283 833.77 198.01 42.14 28.95 0 0.427065 1068.29 681.18 32.12 38.20 0 0.417882 830.56 228.90 36.59 24.57 0 0.402785 1112.24 327.40 27.06 40.32 0 0.330549 735.51 77.35 14.65 13.12 3 0.291310 734.98 118.03 35.16 32.93 0 0.253100 1239.03 575.87 38.44 93.06 1
13,0.537500 1007.10 0.00 28.21 40.63 0 0.503843 1103.51 65.82 26.30 40.94 0 0.490225 1073.40 45.78 29.62 44.58 0 0.379366 919.62 59.28 59.03 28.73 1 0.347541 622.95 268.94 10.72 18.97 2 0.325727 659.39 518.24 11.99 15.37 2 0.314478 751.94 640.52 14.15 18.20 2 0.287929 893.62 335.56 21.98 21.48 3 0.284905 705.56 594.74 16.88 14.94 3 0.284240 265.55 555.58 14.65 20.61 2 0.282664 1199.19 526.05 44.21 39.69 0 0.261110 623.26 265.82 10.96 18.16 2 0.250204 988.54 0.00 26.47 19.62 0
14,0.543767 1251.92 69.34 32.98 46.71 0 0.384845 1235.49 86.54 37.89 48.44 0 0.371319 0.00 660.31 50.89 59.69 0 0.351241 1239.58 76.15 38.48 54.72 0 0.316989 575.40 376.45 15.90 23.16 3 0.314495 135.88 85.84 56.02 52.56 0 0.292282 994.39 581.47 15.39 21.42 2 0.273223 562.46 0.00 36.06 25.91 0
15,0.690042 628.13 602.01 30.57 50.52 0 0.687884 1510.47 606.69 39.75 55.37 0 0.684608 518.00 214.70 30.52 44.35 0 0.673410 593.95 220.30 24.27 39.96 0 0.668541 698.22 550.55 29.78 48.22 0 0.667524 788.67 226.37 31.44 47.49 0 0.663099 995.18 230.37 50.53 24.66 0 0.661931 708.73 329.25 28.44 49.87 0 0.652473 1335.85 403.16 30.73 57.32 0 0.649633 719.04 706.04 32.95 56.61 0 0.648054 525.47 707.17 30.11 57.14 0 0.646559 687.74 706.90 32.25 53.20 0 0.641676 1463.71 376.28 29.62 42.84 0 0.641127 1470.53 421.03 29.34 35.51 0 0.629619 545.68 447.59 31.47 49.00 0 0.628049 759.53 552.30 29.11 50.95 0 0.627629 1452.33 181.17 31.37 44.61 0 0.622267 786.97 704.27 32.06 55.45 0 0.620312 351.93 588.19 35.49 51.82 0 0.607492 555.97 706.91 30.67 55.74 0 0.605114 530.63 403.35 26.84 37.92 0 0.602872 629.50 457.41 29.75 48.80 0 0.597726 551.32 544.34 30.48 44.55 0 0.589905 689.99 225.06 28.51 40.91 0 0.588154 1826.97 153.47 25.86 28.77 0 0.585315 1482.47 460.35 28.56 42.44 0 0.583337 1101.09 766.93 81.49 40.39 1 0.582580 494.63 707.15 30.76 51.46 0 0.573839 695.24 412.23 27.00 41.34 0 0.568802 791.07 336.13 28.37 46.64 0 0.568685 1675.95 533.09 35.03 48.72 0 0.567357 347.43 335.99 30.85 44.36 0 0.558867 737.04 332.02 27.36 46.93 0 0.555959 1501.61 560.82 29.23 41.96 0 0.552452 671.38 549.90 25.54 45.74 0 0.548099 390.81 701.45 36.13 61.00 0 0.543930 382.08 591.02 32.82 49.39 0 0.537870 495.07 328.05 27.19 42.83 0 0.529978 668.62 409.89 27.43 41.63 0 0.523331 659.82 458.00 28.41 47.02 0 0.521457 1695.41 820.69 74.31 30.14 0 0.519056 328.18 381.21 32.96 43.31 0 0.515343 578.97 325.47 28.30 47.76 0 0.513582 1417.64 152.74 26.04 28.60 0 0.512957 721.95 414.30 27.69 40.78 0 0.511217 1503.59 400.28 28.24 37.11 0 0.509040 1795.52 78.89 21.90 23.40 0 0.505086 569.15 598.29 32.99 51.93 0 0.504655 482.99 449.97 31.23 44.92 0 0.504341 364.55 289.17 32.40 43.55 0 0.502687 280.33 480.83 32.22 41.75 0 0.501528 1453.51 335.00 25.41 38.08 0 0.498913 343.41 339.18 33.09 46.78 0 0.495857 1535.63 42.24 29.18 28.68 0 0.495278 223.81 587.24 37.24 49.46 0 0.494565 1490.24 510.34 29.30 47.08 0 0.494265 555.13 405.33 30.96 43.66 0 0.490585 1678.16 62.77 23.99 33.95 0 0.489633 355.39 706.54 36.50 57.45 0 0.485168 771.31 443.31 34.12 71.02 0 0.476845 629.14 325.56 28.67 48.04 0 0.465873 536.43 599.29 30.89 53.19 0 0.456248 1773.41 177.66 34.90 21.76 0 0.453550 641.40 224.87 26.83 35.52 0 0.453080 1688.57 134.88 21.02 28.18 0 0.447685 1362.44 583.69 30.16 55.64 0 0.442429 835.98 224.65 32.72 60.56 0 0.442290 1664.09 132.47 19.85 28.08 0 0.439615 744.19 459.03 27.14 55.55 0 0.436168 1648.84 959.08 75.06 66.52 0 0.435829 1822.27 83.20 20.80 22.43 0 0.432858 1596.68 996.35 37.67 65.11 0 0.429374 297.49 429.79 41.41 41.70 0 0.426160 718.38 458.71 24.82 41.37 0 0.425463 644.09 547.94 28.09 41.22 0 0.425205 655.60 329.61 31.37 49.55 0 0.422987 248.83 532.50 35.74 53.40 0 0.416097 749.82 414.97 25.17 41.52 0 0.409739 1635.77 130.69 21.25 28.38 0 0.407975 1854.36 156.20 24.73 25.73 0 0.406182 1355.04 528.47 32.54 59.34 0 0.404164 647.45 457.38 27.92 47.19 0 0.391418 1346.88 478.34 26.39 41.43 0 0.390443 1430.44 248.51 33.74 38.20 0 0.386712 1099.69 235.36 48.48 25.11 0 0.380067 1599.98 125.34 25.44 30.11 0 0.376746 390.37 242.20 31.02 42.74 0 0.375758 448.81 120.46 24.01 33.13 0 0.370752 1752.58 80.11 30.27 21.93 0 0.370035 1746.05 140.32 24.33 26.61 0 0.352869 541.43 597.77 31.13 51.62 0 0.351234 330.22 375.09 34.45 43.04 0 0.349661 1460.44 36.92 41.22 33.08 0 0.342417 1686.53 664.46 16.67 26.75 2 0.337276 446.97 452.04 36.77 46.16 0 0.336998 1676.71 68.57 23.64 31.95 0 0.336081 1161.24 244.57 53.25 23.30 0 0.332050 1485.60 461.69 29.22 50.20 0 0.328453 1666.15 242.52 39.93 27.87 0 0.328349 351.49 322.96 34.98 47.87 0 0.325780 1333.21 391.25 28.65 57.02 0 0.324809 1798.68 148.39 23.75 25.79 0 0.323394 1718.15 136.41 25.19 29.49 0 0.321201 655.37 707.45 28.75 49.04 0 0.321025 1440.74 279.16 31.05 44.56 0 0.320197 1554.34 17.73 39.47 22.43 0 0.312131 639.36 290.42 26.66 39.26 0 0.311816 488.39 447.57 32.23 40.85 0 0.311311 1496.48 558.26 29.01 46.05 0 0.308789 459.03 770.35 18.36 26.12 3 0.299420 576.06 768.82 19.90 28.10 3 0.296296 1326.06 330.47 22.45 45.39 0 0.294883 730.05 551.10 29.47 49.72 0 0.294415 513.78 216.57 30.98 46.26 0 0.292227 775.56 415.89 29.20 46.67 0 0.291301 1729.04 76.32 26.21 24.22 0 0.290264 662.42 707.17 32.40 50.13 0 0.279278 1427.87 218.71 30.14 34.77 0 0.277700 1437.88 268.89 34.77 43.26 0 0.274488 1460.48 226.53 28.42 33.71 0 0.273201 409.49 770.01 26.14 28.38 3 0.269613 560.51 708.34 32.32 51.83 0 0.266139 431.11 770.93 21.46 26.15 3 0.265290 1591.28 483.38 13.43 26.22 2 0.264645 1500.89 40.94 27.16 31.04 0 0.262231 292.35 432.12 40.96 42.77 0 0.258312 524.83 769.48 20.56 28.44 3 0.253552 1863.25 489.09 33.17 41.89 0
16,0.623921 8.12 0.00 59.90 38.86 0 0.600018 306.41 75.07 61.25 56.11 0 0.579784 1284.64 661.80 59.02 38.85 0 0.566861 1403.28 569.16 51.07 46.99 0 0.560476 1380.69 775.33 57.42 41.09 0 0.553598 1260.02 627.46 55.53 40.65 0 0.551052 40.32 199.53 57.42 57.01 0 0.548303 643.30 699.21 54.58 53.26 0 0.547346 58.83 35.77 65.38 53.82 0 0.547131 103.86 94.74 52.89 50.59 0 0.543324 587.34 1000.80 69.70 64.11 0 0.541052 1434.16 540.23 58.88 56.11 0 0.538188 1174.31 154.78 25.02 20.80 3 0.531107 352.99 743.06 56.78 55.16 0 0.526133 245.09 6.88 52.88 46.02 0 0.510058 899.09 797.26 63.26 56.96 0 0.509438 324.25 97.09 72.05 67.33 0 0.506703 1241.20 603.24 53.21 43.30 0 0.501186 133.33 47.36 57.22 41.52 0 0.499518 1405.15 811.68 59.49 38.50 0 0.491542 476.50 206.98 60.68 55.45 0 0.489848 1460.43 624.03 57.49 50.11 0 0.483667 89.34 86.20 56.83 51.06 0 0.480612 1477.55 645.23 64.47 64.64 1 0.478329 1547.20 725.01 55.21 50.83 0 0.477526 1016.98 382.90 52.77 48.01 0 0.474914 1350.95 451.96 47.12 45.52 0 0.473681 1565.29 733.51 49.44 49.75 0 0.469235 137.35 129.87 60.01 54.82 0 0.468889 0.77 144.54 50.10 40.06 0 0.461529 420.40 882.89 55.95 49.02 0 0.460539 1530.96 692.51 45.74 43.48 0 0.458912 5.33 275.30 74.13 68.42 0 0.457066 180.30 180.14 65.15 55.14 0 0.448406 1200.09 562.22 50.42 48.03 0 0.448166 1525.63 532.62 53.90 47.58 0 0.445188 1215.47 580.43 49.99 42.23 0 0.438412 1304.33 405.36 48.57 49.03 0 0.433259 1384.20 488.14 55.90 54.94 0 0.430026 80.92 7.10 77.14 44.95 0 0.425487 1248.71 607.14 51.52 42.75 0 0.424013 286.78 791.18 63.30 49.87 0 0.423060 64.07 241.25 79.25 66.09 0 0.415380 472.60 831.93 66.25 55.39 0 0.413937 961.14 427.82 55.08 45.33 0 0.412214 46.93 211.15 66.08 52.90 0 0.411049 1163.15 911.66 64.66 44.93 0 0.406872 403.68 697.59 56.64 49.31 0 0.401099 1047.20 722.76 56.50 55.16 0 0.398937 94.84 81.45 55.36 50.07 0 0.392174 599.85 336.22 54.33 64.11 0 0.381422 41.96 240.39 96.63 76.31 0 0.380811 0.15 256.48 55.54 60.05 0 0.378819 1225.63 583.47 48.27 42.82 0 0.374460 470.45 633.07 60.92 55.46 0 0.368662 357.03 929.56 74.78 76.72 0 0.366793 356.03 749.27 58.33 56.78 0 0.361178 533.54 593.72 59.68 47.61 0 0.360245 149.26 143.89 57.22 51.90 0 0.355548 1334.68 719.44 56.50 32.49 0 0.355181 4.29 265.85 65.92 68.57 0 0.354164 1258.35 729.34 33.90 60.76 0 0.353501 171.22 176.48 59.04 58.31 0 0.350377 1446.21 841.37 51.18 32.28 0 0.350014 558.73 286.42 51.68 50.81 0 0.346376 2.34 253.46 42.90 53.76 0 0.337953 252.93 8.91 49.98 48.58 0 0.335570 0.00 205.40 30.60 43.06 0 0.329142 538.14 783.79 61.74 41.93 0 0.326002 158.19 151.11 62.17 56.86 0 0.322642 1307.66 685.02 54.58 40.12 0 0.315694 531.90 786.79 62.89 46.58 0 0.303554 819.21 952.36 22.74 30.37 3 0.298022 97.96 11.90 64.08 38.89 0 0.296571 1204.28 558.82 49.13 41.61 0 0.294223 76.31 0.00 74.46 33.82 0 0.285626 1519.60 674.59 58.89 58.52 1 0.280995 1473.21 480.56 47.81 52.92 1 0.280794 1439.19 451.21 29.87 30.93 3 0.278439 26.30 177.76 56.18 40.40 0 0.277815 124.76 38.77 61.35 47.61 0 0.267999 8.93 172.46 64.16 46.58 0 0.267441 1203.40 344.72 57.88 69.73 1 0.265376 1205.11 346.53 56.90 62.17 0 0.256003 642.80 279.85 39.55 41.37 0 0.255898 362.50 938.48 83.17 90.33 0 0.254930 20.14 269.06 81.91 68.45 0 0.253511 68.90 14.72 89.93 57.75 0 0.251958 0.00 163.15 49.88 49.58 0 0.251081 1327.92 719.27 52.35 36.81 0 0.250945 57.98 219.31 65.36 56.27 0 0.250596 12.82 0.00 60.64 30.67 0
17,0.673840 686.79 654.91 42.96 42.66 0 0.633934 643.17 628.24 43.57 35.35 0 0.585047 0.15 798.22 56.16 56.35 0 0.577990 689.94 423.04 29.94 41.07 0 0.560346 382.33 612.31 49.04 43.06 0 0.553770 566.12 737.44 62.57 55.38 0 0.552054 108.47 702.97 52.55 45.18 0 0.550879 163.24 654.79 55.39 50.43 0 0.539480 955.26 895.29 50.04 35.03 0 0.517206 334.39 153.25 40.63 32.41 0 0.516475 1117.92 464.51 41.27 42.53 0 0.504794 621.45 158.22 32.44 30.64 0 0.502043 470.32 674.61 46.41 44.65 0 0.491939 518.27 548.96 44.70 37.66 0 0.484168 503.69 160.63 30.84 35.59 0 0.471079 587.28 693.72 51.06 40.32 0 0.466877 279.31 394.30 43.65 28.63 0 0.463316 270.81 200.49 43.12 30.95 0 0.458914 542.18 262.17 34.71 40.07 0 0.450061 534.45 717.14 53.86 51.49 0 0.441915 781.63 8.85 39.05 24.88 0 0.433779 1079.88 692.49 36.17 46.20 0 0.430453 855.36 5.56 54.72 33.12 0 0.417694 499.83 165.10 31.62 37.15 0 0.414645 1169.01 393.33 40.42 32.16 0 0.404839 1113.66 470.92 39.07 40.97 0 0.395286 1131.40 985.05 88.31 60.04 0 0.394544 1186.86 362.16 39.33 35.27 0 0.392705 396.84 205.94 43.39 35.17 0 0.392493 910.45 29.66 37.77 28.20 0 0.385353 829.07 733.25 32.73 26.78 3 0.382943 548.46 132.95 31.40 35.51 0 0.382257 473.59 522.81 48.40 36.88 0 0.378109 217.39 238.59 51.58 47.41 0 0.375445 446.50 106.90 43.86 32.50 0 0.373500 412.72 225.81 42.16 34.78 0 0.371345 543.11 141.83 27.34 31.92 0 0.370600 446.16 84.28 33.13 29.28 0 0.368140 835.67 386.68 29.21 36.64 0 0.362987 1144.58 427.89 42.83 37.17 0 0.360801 260.71 436.09 35.26 26.17 0 0.360690 299.72 181.79 36.95 29.22 0 0.346021 545.92 730.77 77.73 55.77 0 0.345663 391.55 145.38 40.04 29.51 0 0.345213 1148.56 423.99 41.45 35.89 0 0.341995 561.68 124.37 33.46 32.81 0 0.338859 971.65 670.80 39.65 45.40 0 0.338754 847.52 1043.45 20.87 24.27 3 0.333699 432.71 641.08 40.50 40.83 0 0.324706 215.96 332.05 28.17 29.33 0 0.320661 375.32 131.86 41.84 28.61 0 0.319012 974.90 798.37 37.36 49.98 0 0.317992 464.40 188.80 32.33 36.20 0 0.317526 1093.86 506.51 32.43 31.42 0 0.315279 810.43 0.00 35.17 18.33 0 0.315230 586.30 589.91 44.38 38.50 0 0.313336 1218.60 313.72 39.36 46.34 0 0.311923 1153.60 415.24 40.05 38.67 0 0.309283 237.72 364.45 36.43 26.12 0 0.309051 642.40 31.61 33.84 21.71 0 0.304133 481.03 85.08 32.48 24.22 0 0.302186 823.77 712.61 25.32 31.01 3 0.301695 1422.83 36.27 30.81 36.94 0 0.296698 450.47 196.25 37.41 36.05 0 0.293488 438.81 648.01 37.54 38.16 0 0.291860 45.93 247.31 42.40 29.26 0 0.287794 1068.07 540.64 39.91 31.73 0 0.276588 998.66 636.22 41.59 34.00 0 0.272728 287.43 217.07 36.80 30.75 0 0.271088 1004.80 80.30 37.06 22.65 0 0.268294 30.44 221.68 43.42 34.90 1 0.267751 796.24 712.20 23.48 31.50 3 0.259424 829.00 772.22 44.20 28.37 0 0.257906 1109.39 729.01 32.88 52.31 0 0.255561 497.07 79.28 36.14 26.04 0 0.253723 824.97 724.51 31.38 29.86 3 0.252859 403.61 232.40 44.02 39.01 0 0.252074 734.83 688.36 43.71 36.49 0 0.251786 1449.78 0.00 31.74 27.54 0 0.251774 967.36 683.06 34.54 44.17 0 0.250904 6.49 795.43 60.52 51.63 0
18,0.691278 1120.66 346.91 25.59 42.30 0 0.649567 1133.26 259.23 23.99 41.96 0 0.588380 568.81 676.87 65.35 36.25 0 0.569879 1124.24 303.38 24.71 36.17 0 0.533638 1138.76 202.87 23.37 35.25 0 0.512335 1093.42 558.18 26.91 52.00 0 0.489942 839.00 212.94 43.58 29.01 0 0.470161 1251.58 611.31 35.71 77.80 1 0.459632 1116.42 390.05 32.24 53.54 0 0.445566 1249.72 583.41 40.39 107.14 1 0.443867 867.00 137.97 27.13 25.85 0 0.440484 745.80 136.61 41.31 35.85 0 0.431934 836.56 242.57 36.49 29.24 0 0.398983 874.47 48.35 38.32 24.43 0 0.362200 995.64 58.69 9.39 14.86 3 0.277978 837.65 214.03 40.28 35.14 0 0.277589 1251.33 585.44 36.48 73.89 1 0.271015 740.67 133.60 41.12 41.04 0 0.252186 850.50 163.88 22.61 21.97 0
19,0.779334 598.86 940.30 33.37 67.64 0 0.708577 591.53 865.47 31.26 63.18 0 0.682418 427.99 902.62 29.89 62.54 0 0.671155 1079.50 385.99 31.32 50.08 0 0.655226 1010.19 249.50 27.96 52.20 0 0.626713 696.12 375.38 52.22 30.36 0 0.625700 570.27 511.14 27.54 55.24 0 0.599769 793.32 405.09 28.12 50.68 0 0.577588 1657.10 496.54 32.93 59.71 0 0.575082 139.13 791.43 64.62 35.43 0 0.562823 1149.92 378.28 35.70 48.31 0 0.555227 1690.01 703.14 32.17 53.47 0 0.554804 1626.90 498.01 35.98 60.56 0 0.551193 745.48 249.96 44.00 28.58 0 0.549540 1754.86 151.48 49.27 26.39 0 0.544670 220.38 782.68 66.55 32.16 0 0.542041 1654.15 842.68 38.06 63.87 0 0.535530 1581.13 582.15 33.61 60.75 0 0.527588 806.33 244.83 47.15 25.81 0 0.526825 1646.52 571.42 37.62 53.73 0 0.515695 1664.28 634.80 39.60 56.93 0 0.511558 1551.47 462.59 31.67 54.83 0 0.507613 1703.08 760.79 40.91 62.84 0 0.501038 923.06 233.66 46.67 26.02 0 0.500074 573.60 654.23 36.93 73.99 1 0.499466 1510.62 343.38 36.51 58.00 0 0.499284 759.94 282.82 25.82 37.64 0 0.495393 907.05 394.18 32.51 50.08 0 0.493045 1588.01 382.80 38.83 61.40 0 0.492981 938.66 388.18 31.34 53.78 0 0.490861 1012.12 388.91 31.55 48.43 0 0.486286 821.78 404.58 25.37 49.18 0 0.485994 938.41 263.76 27.80 44.92 0 0.479017 1564.75 520.84 31.00 53.16 0 0.466463 856.68 236.30 55.69 27.50 0 0.441720 0.00 815.88 65.27 33.36 0 0.435155 1681.73 565.10 36.65 56.48 0 0.432987 1605.43 645.88 31.80 47.77 0 0.432902 1704.48 152.16 47.30 27.00 0 0.422864 846.16 770.21 29.56 60.60 0 0.419216 1639.95 156.57 49.62 26.61 0 0.419074 1743.20 771.57 39.43 64.27 0 0.413872 1694.25 153.32 52.28 27.82 0 0.410959 875.71 395.24 31.88 51.37 0 0.409127 977.99 388.50 32.90 48.69 0 0.402809 1616.78 706.62 36.29 62.60 0 0.396208 205.93 713.83 41.05 25.98 0 0.395291 1538.38 732.01 32.89 60.73 0 0.384479 839.28 622.96 59.86 32.35 0 0.381321 1617.56 451.77 30.40 52.79 0 0.379928 1526.33 399.70 38.58 57.28 0 0.374536 1683.66 697.36 34.75 57.49 0 0.370211 564.58 439.04 29.80 59.33 0 0.360340 931.08 463.14 56.47 34.85 0 0.359932 845.57 404.75 27.15 48.60 0 0.356675 858.97 239.22 57.04 29.43 0 0.348744 428.26 964.71 38.43 68.67 1 0.345534 999.99 221.89 40.73 26.03 0 0.338896 44.58 82.37 57.32 36.42 0 0.333733 1148.84 925.59 35.95 23.81 0 0.331484 1503.13 288.62 32.87 52.75 0 0.331122 1797.03 74.60 38.15 28.70 0 0.330905 1057.35 244.69 29.80 47.50 0 0.319209 1141.64 247.63 31.71 34.55 0 0.318116 1604.90 303.89 32.52 57.28 0 0.316401 1110.02 388.86 31.35 52.70 0 0.311570 642.93 284.65 67.45 37.55 0 0.304613 1543.62 735.65 32.01 57.88 0 0.297947 1113.75 383.02 31.51 53.31 0 0.296610 33.29 85.68 52.16 34.80 0 0.277790 1032.23 247.41 27.73 46.56 0 0.276857 1559.06 280.93 38.51 50.98 0 0.276144 969.66 167.29 43.82 29.83 0 0.271406 625.73 405.85 34.48 51.42 0 0.270648 1629.84 772.29 43.45 66.53 0 0.270475 590.34 857.99 38.52 59.56 0 0.266477 790.15 406.94 26.97 54.89 0 0.259720 1841.82 72.52 44.15 30.93 0
20,0.458635 992.06 275.74 20.69 18.43 3 0.457537 1073.35 248.08 15.52 15.39 3 0.402827 66.06 564.75 41.85 69.63 1 0.394503 71.39 559.37 46.53 47.47 1 0.387924 116.17 78.65 27.35 80.28 1 0.362193 676.67 257.12 15.67 24.72 2 0.337235 83.00 680.12 26.11 38.81 0 0.312809 922.89 642.40 15.91 24.98 3 0.310294 944.30 440.48 19.41 18.93 3 0.308232 63.36 604.89 40.22 54.89 1 0.305330 77.47 580.97 39.29 41.69 1 0.299083 56.42 667.63 36.84 52.19 1 0.296015 974.85 96.16 24.32 58.64 1 0.294911 82.95 541.68 37.74 32.43 0 0.292261 819.66 688.56 18.76 31.44 3 0.288370 123.93 3.25 25.57 60.25 1 0.285127 988.45 582.74 17.31 28.35 0 0.274995 952.64 638.95 19.17 28.56 3 0.272380 186.75 629.94 18.47 22.87 3 0.250931 74.87 640.88 34.48 29.61 0
21,0.508228 738.33 49.56 21.17 38.76 3 0.453535 741.20 53.80 23.38 42.39 3 0.412385 1024.44 701.78 18.16 18.22 3 0.406001 722.16 52.15 21.48 39.33 3 0.384515 1174.38 276.59 15.60 23.14 3 0.383524 711.05 53.86 20.30 37.42 3 0.366500 757.97 58.41 22.24 39.59 3 0.347146 312.45 14.08 22.33 49.58 0 0.325046 1274.56 324.13 37.20 30.68 3 0.322637 363.38 21.84 20.07 43.22 0 0.316627 505.87 240.20 15.21 26.30 3 0.295707 336.01 21.73 20.84 45.57 3 0.289802 80.40 439.23 28.62 86.68 1 0.280759 610.44 274.22 19.94 36.85 3 0.277143 1256.15 288.82 19.11 20.87 3 0.275831 1118.94 275.78 20.59 20.63 3 0.270905 1278.76 308.67 29.39 24.57 3 0.252552 802.20 194.00 16.36 22.29 3
22,0.717048 818.68 407.97 25.22 46.10 0 0.678632 650.97 113.43 23.94 46.39 0 0.660601 747.61 118.00 21.75 42.54 0 0.649587 786.74 26.75 30.28 49.82 0 0.647535 907.22 490.45 28.25 19.02 3 0.642443 695.27 31.43 24.71 40.43 0 0.622506 724.14 117.15 22.00 44.61 0 0.618551 795.25 118.20 22.81 44.08 0 0.610223 1288.67 162.49 24.70 45.51 0 0.596846 1278.04 103.64 21.52 47.01 0 0.594274 1385.19 105.07 28.08 32.60 0 0.588920 675.65 121.69 22.22 41.38 0 0.588281 465.19 420.38 31.47 53.05 0 0.586302 434.10 425.55 28.62 47.95 0 0.578802 685.25 216.45 25.65 45.68 0 0.576890 529.77 218.43 24.53 40.54 0 0.576389 1122.97 36.45 39.30 21.15 0 0.572073 604.07 101.99 26.45 54.13 0 0.564940 615.48 417.20 28.16 45.26 0 0.558890 715.29 187.30 22.80 34.02 0 0.554747 525.28 124.37 24.23 36.62 0 0.552973 1363.42 5.19 32.13 39.57 0 0.551258 700.73 293.16 23.10 36.73 0 0.547507 757.75 412.53 30.35 47.27 0 0.543384 1417.43 192.24 27.76 44.62 0 0.539434 702.38 414.06 25.02 43.73 0 0.537535 419.74 329.66 30.75 43.38 0 0.531713 781.56 291.36 26.15 44.53 0 0.531695 382.27 143.44 33.39 50.59 0 0.531593 370.53 150.45 35.86 55.86 0 0.529876 670.98 331.74 25.18 44.23 0 0.514281 785.99 207.97 30.55 56.16 0 0.510127 554.15 117.77 22.70 42.16 0 0.509797 425.32 59.84 24.26 37.07 0 0.506674 356.87 203.71 35.24 42.22 0 0.504572 972.92 33.48 47.09 20.53 0 0.494473 725.80 292.96 23.80 37.82 0 0.489301 580.72 220.01 26.69 39.43 0 0.484994 403.27 97.68 28.64 42.40 0 0.479797 738.87 217.14 24.67 46.07 0 0.478078 604.60 35.51 22.77 34.38 0 0.473822 1505.29 678.13 35.38 43.93 0 0.471157 317.30 295.36 33.28 50.30 0 0.464262 1310.73 249.32 25.82 40.73 0 0.463336 583.23 420.71 27.15 41.94 0 0.460375 1617.93 1035.44 47.02 44.56 0 0.458883 1313.34 299.69 28.19 43.21 0 0.455277 305.53 332.82 27.94 44.93 0 0.450059 1411.29 173.52 30.22 39.63 0 0.449651 827.32 27.20 31.14 57.22 0 0.444014 616.39 335.80 24.72 45.59 0 0.441211 1390.38 276.04 28.65 39.32 0 0.436655 1303.20 242.24 26.05 40.88 0 0.435620 1452.37 313.10 35.03 44.10 0 0.432542 1459.41 670.81 29.65 43.85 0 0.426490 592.79 296.57 26.83 35.10 0 0.425122 1435.97 275.38 31.74 35.73 0 0.419094 763.61 187.68 26.73 43.42 0 0.416184 337.94 247.97 32.75 41.48 0 0.416049 678.52 295.14 23.52 34.37 0 0.412077 1398.43 134.96 28.55 33.56 0 0.410492 1818.43 463.02 62.60 27.94 0 0.402864 588.30 334.79 26.84 45.04 0 0.400576 1402.62 52.00 30.15 36.94 0 0.400406 1802.99 587.98 34.51 39.32 0 0.398978 656.72 222.61 26.07 41.28 0 0.387498 653.16 95.05 24.26 50.51 0 0.386541 1297.42 218.30 21.08 32.92 0 0.381054 1350.67 98.20 20.31 29.40 0 0.376889 1380.72 61.62 29.54 34.62 0 0.376175 448.02 334.38 28.11 40.83 0 0.372406 686.91 190.36 25.02 36.96 0 0.368974 1589.06 252.19 30.70 38.85 0 0.367335 596.88 421.15 25.93 40.82 0 0.366619 1617.33 462.69 59.40 27.27 0 0.364670 691.57 188.15 22.88 32.13 0 0.351877 762.28 217.70 25.36 48.63 0 0.346491 735.93 188.38 25.49 36.52 0 0.342126 535.03 31.25 27.13 41.39 0 0.341311 652.19 34.69 23.71 33.79 0 0.339172 787.60 192.95 30.59 67.94 0 0.335524 449.95 329.90 28.04 39.90 0 0.333929 1628.06 462.54 57.44 26.89 0 0.327295 559.01 419.56 28.44 41.97 0 0.321535 1426.00 239.29 30.50 39.04 0 0.315335 1580.48 569.64 38.90 26.48 0 0.315133 756.99 291.63 27.31 41.93 0 0.313804 1138.56 36.54 42.55 20.36 0 0.312636 1895.86 589.36 24.14 51.68 0 0.310930 554.47 109.86 24.54 42.13 0 0.303792 727.10 412.87 26.01 45.07 0 0.294302 1442.36 562.39 16.19 22.60 2 0.293869 1286.08 150.49 25.81 45.53 0 0.292606 389.62 137.09 31.98 45.57 0 0.290887 699.15 418.97 26.14 42.84 0 0.289874 789.17 184.18 27.67 50.04 0 0.285551 1163.22 39.04 33.01 22.36 0 0.277433 641.81 190.15 25.05 32.62 0 0.274707 739.39 411.62 30.28 46.15 0 0.272919 794.46 0.00 23.59 13.67 0 0.272455 1278.09 107.56 25.58 50.97 0 0.271108 1896.15 464.86 23.85 23.93 0 0.264364 561.00 187.94 28.27 31.13 0 0.258484 1072.00 33.70 37.12 19.94 0 0.257371 1365.04 13.62 32.84 43.09 0
23,0.753636 233.54 877.77 35.15 67.24 0 0.701538 391.33 369.04 45.35 69.46 1 0.694607 307.56 986.28 36.51 74.63 0 0.691732 1124.97 484.56 34.76 39.03 0 0.681052 123.01 456.78 31.11 50.59 0 0.675008 217.68 555.90 32.67 59.49 0 0.649809 18.69 957.59 41.86 70.66 0 0.649396 110.01 752.91 36.52 50.69 0 0.643473 473.94 919.10 37.46 68.57 0 0.642532 237.58 1014.05 33.40 64.57 0 0.628477 60.38 607.53 34.02 56.62 0 0.622190 410.58 937.41 36.31 63.60 0 0.621428 140.20 678.10 28.85 51.78 0 0.621350 347.46 400.16 33.22 46.28 0 0.618383 302.62 686.04 36.64 57.65 0 0.616029 357.94 778.13 29.68 54.03 0 0.614890 178.76 721.44 32.73 62.24 0 0.605322 57.42 943.12 40.89 70.70 0 0.605143 150.57 534.45 28.47 44.12 0 0.599297 387.54 767.05 33.45 53.16 0 0.598587 420.21 754.21 35.07 58.96 0 0.592696 165.16 675.33 33.01 50.82 0 0.591878 725.29 277.20 60.00 27.83 0 0.590813 339.74 848.02 35.97 61.23 0 0.588284 450.76 745.29 36.54 55.17 0 0.585145 227.85 821.14 34.23 56.82 0 0.577847 302.99 530.54 33.31 54.39 0 0.577386 364.81 661.57 30.91 49.17 0 0.566559 1166.81 120.93 29.69 33.83 0 0.565279 333.74 528.39 32.64 52.20 0 0.563272 1056.21 366.54 34.46 30.20 0 0.554478 352.73 616.17 31.39 48.86 0 0.545265 1101.42 444.99 37.66 40.39 0 0.541614 385.37 604.95 30.98 48.36 0 0.535588 31.28 476.67 34.81 55.24 0 0.533948 248.67 561.52 34.84 51.06 0 0.526765 271.38 867.95 37.18 66.92 0 0.523375 274.72 696.10 36.75 60.82 0 0.518054 1033.97 321.77 34.67 35.24 0 0.517372 558.57 321.05 53.84 23.06 0 0.509510 1102.07 35.26 29.50 24.60 0 0.502513 1010.48 289.33 36.36 31.40 0 0.501744 211.46 516.17 28.75 35.53 0 0.499995 325.01 624.31 28.49 48.99 0 0.494963 181.13 438.43 33.29 51.45 0 0.488566 271.89 1003.11 40.38 72.42 0 0.484275 294.24 630.95 29.20 44.73 0 0.483051 1317.23 60.57 34.41 19.42 0 0.478596 212.71 527.64 29.08 38.57 0 0.473671 1081.88 36.90 35.06 25.76 0 0.466646 442.14 929.27 36.54 66.88 0 0.466641 1150.71 525.79 42.24 45.84 0 0.465746 544.45 892.91 34.03 53.11 0 0.453841 1358.58 789.22 63.77 40.83 0 0.449671 327.81 790.51 33.01 51.99 0 0.448623 1626.02 544.10 43.66 28.20 0 0.444370 1627.44 707.21 46.42 57.71 0 0.441765 410.32 1020.84 22.18 32.43 3 0.435814 236.23 424.74 29.82 50.99 0 0.435112 240.09 555.86 33.48 52.14 0 0.429953 1817.27 455.30 56.65 35.45 0 0.426474 155.74 572.75 34.45 59.84 0 0.425533 1587.69 723.10 44.39 62.07 0 0.422409 92.21 600.34 30.38 52.15 0 0.409440 232.07 652.52 32.66 49.64 0 0.402627 167.64 683.27 35.76 62.76 0 0.401856 1448.53 720.90 63.05 41.52 0 0.401158 1220.32 609.84 26.90 27.94 3 0.397889 1078.44 401.25 32.29 39.31 0 0.395744 1418.38 870.16 25.28 29.56 3 0.395402 995.36 505.77 34.01 40.18 0 0.393874 1015.33 554.49 30.98 42.67 0 0.390166 395.75 514.22 34.72 49.77 0 0.389095 335.68 370.21 39.62 27.41 0 0.387117 1608.13 13.21 44.42 34.73 0 0.380699 1190.95 13.69 25.16 29.74 0 0.376110 353.71 371.93 29.14 25.95 0 0.369970 1034.49 326.82 35.96 38.57 0 0.368958 415.07 592.05 35.63 55.14 0 0.368256 731.12 274.65 61.73 28.06 0 0.367030 1718.35 501.04 43.46 35.77 0 0.365784 1674.34 515.61 49.96 34.46 0 0.364930 1594.64 8.28 46.01 37.88 0 0.363097 1198.78 644.17 32.72 30.90 3 0.360932 1543.41 0.93 38.32 34.05 0 0.359452 1632.72 539.30 43.46 29.75 0 0.350306 1362.14 990.68 51.54 64.24 0 0.344128 1442.05 722.92 55.38 43.83 0 0.338569 395.60 652.36 32.24 63.48 0 0.332144 748.05 973.83 15.57 15.42 2 0.327640 1231.64 10.03 25.68 27.56 0 0.326420 660.31 293.28 47.85 25.15 0 0.323180 1769.04 474.94 42.77 37.73 0 0.322308 1144.87 25.93 22.40 26.37 0 0.319482 1175.51 13.98 21.23 29.63 0 0.316479 1349.11 929.92 62.66 51.98 0 0.312241 1387.12 320.13 22.72 35.07 0 0.307614 1156.05 343.32 40.24 23.21 0 0.306826 337.18 853.85 35.87 64.09 0 0.305664 1731.51 488.15 39.22 37.72 0 0.303190 925.30 0.00 38.01 18.59 0 0.300872 35.93 478.92 37.01 57.62 0 0.300151 954.55 175.53 35.86 31.63 0 0.296017 1525.61 580.98 44.99 33.57 0 0.293995 1553.86 731.30 48.43 58.63 0 0.292163 986.78 245.29 32.64 28.86 0 0.287247 1260.92 411.05 29.56 37.67 0 0.287056 965.04 204.56 27.50 27.46 0 0.284037 1725.11 495.33 41.35 35.53 0 0.281094 1370.16 639.26 48.20 28.94 0 0.276175 1583.55 560.89 34.70 27.47 0 0.270157 989.91 499.36 36.56 44.76 0 0.260916 60.29 723.73 26.27 38.62 0 0.253780 1123.29 31.24 20.72 25.67 0
24,0.705151 1340.68 523.12 31.84 57.76 0 0.694047 627.53 283.72 31.71 48.11 0 0.690396 766.56 659.59 30.86 56.44 0 0.674389 1317.91 354.66 29.21 59.07 0 0.659089 670.47 366.90 27.12 40.31 0 0.646738 761.65 179.14 31.47 48.24 0 0.628730 662.73 178.92 28.92 40.87 0 0.621506 1334.05 464.95 31.24 55.46 0 0.620216 735.78 509.20 28.93 48.72 0 0.611330 364.52 670.24 38.14 60.04 0 0.610639 1433.27 280.32 28.64 39.21 0 0.605573 1444.19 321.32 27.83 42.95 0 0.604224 726.55 370.71 25.18 38.82 0 0.602192 766.07 294.61 28.30 42.90 0 0.597288 674.82 507.67 30.44 46.77 0 0.587687 524.11 500.96 29.47 47.85 0 0.584710 500.19 668.26 31.77 54.60 0 0.584357 666.66 661.70 29.01 55.13 0 0.578168 1483.42 508.86 34.93 44.25 0 0.572858 1497.18 556.35 39.16 49.76 0 0.572444 697.39 660.51 31.57 56.28 0 0.570208 331.75 243.04 34.17 49.22 0 0.570167 548.84 277.15 32.12 54.16 0 0.562063 501.35 360.10 29.62 42.31 0 0.557172 1082.94 185.16 47.23 24.73 0 0.554243 458.86 409.04 28.81 44.42 0 0.551637 1470.88 456.36 28.45 46.24 0 0.551162 697.52 369.48 26.30 39.19 0 0.550648 522.08 404.47 29.82 48.02 0 0.548585 630.34 413.09 29.20 48.73 0 0.547469 973.05 180.03 48.11 23.30 0 0.545052 328.24 666.78 37.83 61.11 0 0.543087 536.48 661.00 32.02 55.50 0 0.542834 527.44 358.66 29.30 43.82 0 0.535555 711.67 286.81 28.19 49.27 0 0.526442 604.46 415.99 29.33 46.31 0 0.525329 1461.94 399.74 28.41 46.95 0 0.522724 646.70 505.44 27.75 45.62 0 0.517383 605.07 549.03 33.16 60.69 0 0.516191 1729.16 85.28 23.58 26.46 0 0.515592 294.90 335.21 36.42 45.62 0 0.515506 543.70 554.31 32.84 52.95 0 0.515324 1081.42 181.48 39.97 24.90 0 0.503718 642.66 366.26 27.53 40.14 0 0.496019 312.35 292.30 31.58 45.95 0 0.491552 692.69 413.40 26.49 47.12 0 0.490162 763.65 160.99 35.42 37.40 0 0.489763 195.65 551.38 32.15 46.72 0 0.488427 264.40 383.62 41.89 49.17 0 0.481942 355.19 196.65 32.72 47.01 0 0.481253 462.71 284.22 36.00 43.73 0 0.480073 510.69 555.97 31.64 51.52 0 0.472741 245.36 439.79 40.31 47.10 0 0.467146 356.51 549.18 34.89 51.41 0 0.463393 747.61 407.29 33.61 60.74 0 0.457005 1339.22 507.82 31.38 69.30 0 0.450924 470.51 664.92 31.54 53.43 0 0.448436 635.79 661.04 30.58 52.93 0 0.443588 1764.91 883.53 80.87 36.52 0 0.439894 1676.16 76.70 19.51 27.64 0 0.436072 1653.78 4.53 29.97 31.60 0 0.433326 706.90 510.60 28.77 46.25 0 0.432308 562.37 176.05 26.29 39.53 0 0.428098 811.74 174.13 33.51 61.43 0 0.427502 1140.75 187.79 46.45 24.70 0 0.425743 218.33 499.31 35.60 48.86 0 0.423747 1603.71 74.99 23.94 25.85 0 0.420898 682.59 278.63 29.67 52.70 0 0.419667 467.05 281.37 37.17 41.33 0 0.419439 1733.82 11.70 39.94 28.13 0 0.413068 614.22 178.92 30.66 36.95 0 0.412285 1841.54 90.58 26.58 26.99 0 0.410573 604.39 282.24 26.80 48.24 0 0.402821 1398.16 94.87 21.89 31.86 0 0.400423 1699.46 80.23 21.91 28.64 0 0.398781 716.44 414.68 28.81 56.41 0 0.390806 1635.61 904.84 72.39 58.22 0 0.389838 1776.97 18.13 27.84 23.78 0 0.387870 1782.79 90.89 24.52 27.79 0 0.381043 322.64 547.71 34.08 52.40 0 0.379635 608.43 178.77 30.16 37.95 0 0.374340 1405.33 160.22 31.17 42.67 0 0.365041 1388.85 57.03 23.15 27.45 0 0.363349 1719.51 15.99 48.31 27.03 0 0.361030 557.12 727.77 24.47 33.50 3 0.358303 1626.64 75.89 21.32 26.21 0 0.355950 1583.52 71.83 23.32 27.43 0 0.353471 486.31 168.30 28.79 46.78 0 0.353059 411.90 73.18 26.38 38.27 0 0.350489 436.91 729.22 21.83 26.88 3 0.347062 1559.45 0.00 27.66 14.56 0 0.338378 1407.99 163.97 30.79 44.41 0 0.338359 1450.60 364.18 32.07 39.67 0 0.336707 1079.15 714.35 88.11 39.12 1 0.333002 1467.19 272.45 31.87 42.37 0 0.330784 1580.69 938.68 33.84 59.36 0 0.325945 1766.11 762.18 51.98 28.53 0 0.321793 1441.34 170.03 24.44 34.92 0 0.320666 1311.39 327.11 32.54 35.43 0 0.319523 618.10 502.80 28.89 44.47 0 0.317652 486.84 283.46 34.89 43.32 0 0.313782 1697.94 762.17 58.32 27.33 0 0.312079 1307.94 280.13 26.68 45.89 0 0.312040 1620.90 186.74 48.18 27.14 0 0.309187 1811.71 90.84 28.68 29.13 0 0.305582 1755.51 880.77 68.92 42.26 0 0.304088 810.95 123.49 26.82 31.04 0 0.301263 991.71 720.16 67.21 32.78 0 0.295211 1536.50 1039.06 37.30 39.78 0 0.293319 582.33 366.50 25.94 40.10 0 0.286915 1649.47 76.26 20.90 27.25 0 0.283338 1709.59 14.48 37.26 25.28 0 0.279239 1718.23 121.64 29.92 25.46 0 0.277023 1632.52 896.80 66.07 54.64 0 0.270428 1794.60 17.79 41.27 24.57 0 0.262183 755.53 366.47 29.00 41.60 0 0.255054 1326.19 426.73 26.55 44.00 0 0.251681 1649.88 0.00 32.64 23.09 0
25,0.640745 79.91 290.14 51.61 38.10 0 0.565829 87.09 84.07 44.33 30.06 0 0.495134 632.56 6.03 42.48 23.33 0 0.492219 45.31 303.03 49.00 33.05 0 0.478338 436.04 61.92 47.74 30.92 0 0.460219 186.78 155.26 52.01 35.87 0 0.455362 135.60 59.91 51.37 36.22 0 0.449967 571.65 203.47 37.74 48.82 0 0.443065 0.48 111.65 34.21 28.22 0 0.437477 42.90 100.64 37.09 26.93 0 0.421993 0.00 426.52 27.12 62.81 0 0.399806 394.04 1.27 40.40 24.82 0 0.393575 288.43 33.31 33.51 25.06 0 0.364743 308.00 614.22 13.74 15.73 2 0.322639 517.25 423.52 32.36 25.49 0 0.319717 280.41 35.75 35.49 25.42 0
26,0.390551 1153.04 108.46 36.37 20.26 0 0.331854 184.42 213.16 18.69 17.34 3 0.297162 105.24 390.78 36.95 28.57 0 0.286510 131.69 75.84 32.77 53.52 1 0.281480 910.76 226.90 17.44 22.79 3 0.262987 1263.68 203.14 27.69 18.80 0 0.256146 1107.59 142.24 34.90 23.96 0
27,0.593486 546.74 326.58 44.48 35.69 0 0.561598 1.10 109.77 45.78 25.74 0 0.555125 605.47 346.12 47.03 34.66 0 0.536274 853.49 539.67 53.97 34.89 0 0.536075 491.54 302.99 47.85 37.22 0 0.519108 1058.82 192.84 53.55 33.67 0 0.509736 432.16 277.68 45.03 33.45 0 0.480241 612.00 753.62 48.29 66.01 1 0.477089 32.78 1024.10 67.41 37.02 0 0.453946 8.91 1048.44 75.01 31.56 0 0.433935 553.48 382.61 53.14 33.62 0 0.433636 959.30 285.76 31.67 41.31 0 0.430117 271.89 223.10 52.10 30.35 0 0.410920 1162.53 554.92 39.72 28.79 1 0.406755 0.64 426.63 42.42 64.30 0 0.403243 204.92 345.28 54.43 34.20 0 0.401819 958.21 26.31 32.14 41.01 0 0.394926 958.20 313.97 25.84 40.86 0 0.391789 273.93 365.42 45.80 38.75 0 0.386090 724.79 415.50 41.34 22.30 0 0.385235 635.88 0.00 37.40 32.54 0 0.383081 956.95 187.46 34.96 46.28 0 0.379624 327.64 242.52 56.94 35.08 0 0.363731 230.50 1052.49 80.46 27.51 0 0.352911 1023.99 261.91 59.57 41.46 0 0.348480 913.80 131.75 31.22 46.09 0 0.347975 1777.42 773.52 20.41 23.21 0 0.345869 87.79 1038.36 87.80 41.64 0 0.333167 439.88 284.12 49.36 37.46 0 0.330372 211.06 348.43 56.44 36.46 0 0.325111 499.95 16.10 31.73 41.09 0 0.322486 1066.16 23.05 30.77 43.42 1 0.317154 445.60 434.68 62.31 41.43 0 0.316258 452.35 438.72 63.00 43.88 0 0.313663 581.95 843.64 41.52 47.43 0 0.298865 837.48 304.14 38.68 40.90 0 0.296305 315.99 388.50 65.29 41.51 0 0.272616 267.97 218.87 50.78 30.87 0 0.271730 100.40 1006.88 87.20 52.73 0 0.251618 579.41 166.74 54.12 34.92 0
28,0.399789 479.47 264.57 22.49 15.16 0 0.345940 3.47 486.60 41.09 65.08 0 0.344851 556.05 596.15 14.07 19.15 2 0.339864 5.66 481.75 45.58 61.68 0 0.307815 161.54 186.40 48.63 42.58 0 0.276617 1079.03 497.89 22.59 19.67 3 0.267279 456.83 491.11 19.84 17.90 3 0.259813 524.94 441.04 14.43 19.23 3 0.250554 492.75 528.39 14.41 18.08 2
29,0.587413 335.96 202.18 59.28 34.56 0 0.566558 445.54 145.85 69.20 30.56 0 0.547944 371.83 7.43 44.23 25.64 0 0.523608 274.97 37.49 43.24 24.96 0 0.509081 328.74 22.11 37.56 26.74 0 0.446092 1062.16 543.51 19.78 20.59 0 0.441499 586.99 292.04 18.79 22.53 3 0.382700 116.82 439.91 66.87 43.33 1 0.353964 395.02 589.71 48.58 61.41 1 0.350749 1190.18 54.76 53.75 27.00 0 0.345666 429.14 146.49 84.80 41.34 0 0.284895 422.29 0.00 49.06 19.90 0 0.284525 234.89 41.29 14.66 17.49 3 0.275991 121.88 672.54 16.65 18.99 2 0.260534 121.74 669.18 15.20 17.82 2
30,0.507397 842.98 307.77 14.26 19.83 3 0.495937 604.61 387.98 18.20 25.19 3 0.346959 880.65 335.82 18.05 20.66 2 0.318721 1124.33 260.41 15.41 18.12 3 0.298012 973.79 542.49 23.69 52.47 1 0.285460 336.65 609.53 17.96 24.11 3 0.282949 676.57 410.96 16.14 17.16 3 0.275063 278.71 196.64 21.56 40.03 3
31,0.723966 65.23 687.32 64.44 73.14 1 0.695212 22.57 729.36 45.55 55.25 0 0.569471 244.92 568.68 59.30 39.14 0 0.566922 607.11 485.28 40.34 37.88 0 0.560533 50.32 882.28 49.60 56.92 0 0.560512 870.81 586.69 39.66 42.76 0 0.556416 115.07 837.89 43.87 58.42 0 0.539767 17.96 893.70 42.41 64.09 0 0.525321 710.77 51.72 34.35 28.67 0 0.524488 666.76 429.99 35.51 37.70 0 0.509201 781.89 687.40 44.95 47.06 0 0.499264 836.64 550.96 41.24 38.49 0 0.496430 1332.61 502.01 41.71 35.32 0 0.492950 1222.53 29.51 36.63 28.15 0 0.491194 95.17 969.20 50.89 60.93 0 0.485629 1378.74 464.50 45.99 35.67 0 0.483628 1071.13 359.74 26.92 37.18 0 0.476155 908.68 389.81 29.54 32.78 0 0.473552 1187.09 2.75 40.71 29.18 0 0.469587 737.26 630.34 48.34 47.91 0 0.465487 133.46 943.49 47.55 67.97 0 0.464772 667.68 549.59 42.00 46.69 0 0.462658 762.98 106.52 26.28 34.65 0 0.455378 0.00 698.84 51.84 37.41 0 0.453324 813.02 199.67 37.86 28.99 0 0.439654 664.14 11.24 46.82 30.77 0 0.438790 865.47 579.72 41.90 45.01 0 0.433983 39.83 1013.78 40.53 55.55 0 0.430464 708.04 989.74 74.26 60.92 1 0.430239 591.60 81.09 37.58 27.31 0 0.426541 1472.94 370.87 49.38 41.55 0 0.425396 694.71 40.07 40.34 24.41 0 0.423784 675.95 6.92 50.17 29.46 0 0.420443 806.36 513.44 37.75 38.04 0 0.419858 906.67 619.06 43.48 41.01 0 0.418897 535.65 114.33 47.04 37.53 0 0.417005 1467.98 373.33 46.78 46.09 0 0.411762 785.45 99.68 23.27 31.23 0 0.399967 808.52 12.22 44.04 23.69 0 0.397313 347.24 509.15 51.47 38.05 0 0.394627 402.69 478.05 63.45 40.20 0 0.394613 745.82 107.58 28.59 34.90 0 0.392865 1246.68 84.93 29.52 31.08 0 0.389513 94.97 664.80 26.60 22.04 3 0.388526 1403.78 433.85 44.01 41.82 0 0.386852 886.63 55.76 25.12 29.39 0 0.384168 1432.37 415.27 40.58 36.40 0 0.380393 135.34 1017.77 38.73 58.90 0 0.378427 67.41 988.02 47.19 59.01 0 0.377875 1153.63 957.70 55.44 48.20 0 0.372429 1295.92 536.02 38.87 33.31 0 0.369560 1430.82 538.16 49.08 49.16 0 0.367789 699.39 41.02 42.44 30.73 0 0.367488 708.65 415.61 34.49 31.95 0 0.355412 725.45 99.01 27.77 31.51 0 0.354317 1247.95 1045.37 82.09 34.63 0 0.352978 658.34 56.14 35.35 24.68 0 0.351559 758.29 11.75 41.16 30.71 0 0.347226 659.59 1055.73 47.47 24.27 3 0.346896 1319.26 708.75 52.97 53.53 0 0.346496 706.05 135.69 31.86 33.68 0 0.342080 1256.32 1049.49 83.79 30.51 0 0.338176 762.59 27.35 38.11 30.74 0 0.336453 186.29 970.01 64.26 89.04 1 0.334122 528.57 223.38 32.07 30.44 0 0.324467 587.59 52.74 36.28 25.70 0 0.317490 1259.96 569.82 32.09 40.39 0 0.316633 870.76 60.84 27.75 34.89 0 0.315269 1303.70 531.17 35.56 34.85 0 0.312503 1390.97 443.67 48.39 44.90 0 0.312274 379.13 64.24 34.35 29.85 0 0.307123 564.93 256.31 31.52 30.19 0 0.306768 654.94 460.01 36.62 39.84 0 0.301475 1373.67 667.39 52.74 49.68 0 0.298826 698.65 139.65 35.20 29.98 0 0.298144 645.41 523.66 35.10 36.95 0 0.297227 742.39 451.29 34.19 29.15 0 0.295688 1762.91 122.29 40.71 34.56 0 0.294825 1172.46 637.48 38.46 37.14 0 0.292991 616.13 311.32 43.79 35.14 1 0.292948 1369.82 467.18 47.47 35.90 0 0.289474 717.51 604.44 40.32 47.75 0 0.288595 743.09 116.19 26.37 32.58 0 0.288513 1170.74 818.76 57.89 32.60 0 0.286034 1809.72 86.37 33.04 28.38 0 0.282806 1203.01 913.08 29.98 33.35 3 0.281275 692.14 143.57 36.17 31.24 0 0.281081 409.67 472.52 72.91 39.72 0 0.280413 81.49 691.78 49.16 69.43 1 0.280093 752.29 643.26 44.32 47.36 0 0.275756 788.41 692.46 42.94 47.11 0 0.274539 1127.88 6.05 35.64 26.17 0 0.274308 0.68 890.68 38.72 62.22 0 0.272503 1754.81 132.35 36.31 33.98 0 0.262721 1181.66 0.00 45.45 26.49 0 0.258445 1277.43 554.74 40.24 40.93 0 0.256228 1219.59 65.10 30.10 28.28 0 0.256191 981.23 681.46 39.64 31.55 3 0.256189 1134.12 12.74 35.90 29.33 0 0.254320 27.72 636.29 29.83 29.28 0 0.252363 742.61 632.72 48.43 51.76 0 0.250734 846.59 73.45 25.00 29.70 0
32,0.618510 676.38 718.75 47.18 37.46 0 0.546617 610.84 789.89 54.80 41.87 0 0.544439 623.75 695.51 51.77 41.15 0 0.542673 1214.50 994.06 48.79 28.90 0 0.531875 583.90 669.81 46.51 41.10 0 0.506046 307.48 678.54 53.38 42.22 0 0.505834 692.68 5.75 36.86 23.36 0 0.505275 81.21 736.90 57.95 53.84 0 0.496233 908.42 86.49 37.78 25.44 0 0.486224 1049.21 466.21 37.56 33.88 0 0.483458 23.63 790.53 53.29 53.12 0 0.476820 615.57 448.50 28.50 42.42 0 0.476541 1076.98 426.81 36.43 28.76 0 0.466679 1065.86 973.99 90.79 55.56 1 0.466601 393.87 204.07 33.10 33.25 0 0.463218 1130.73 625.29 54.35 36.22 0 0.461351 391.52 730.58 62.05 48.87 0 0.459021 639.98 20.11 40.12 22.15 0 0.458644 1072.16 431.97 36.28 30.67 0 0.452234 332.62 250.39 35.48 37.78 0 0.452180 396.16 577.33 44.83 32.50 0 0.440023 213.57 208.22 43.76 28.52 0 0.422523 159.03 257.13 38.65 31.31 0 0.414441 443.32 308.04 42.54 35.89 0 0.413244 832.51 58.03 32.37 22.83 0 0.404868 303.12 273.48 42.19 38.54 0 0.401321 179.35 455.61 45.11 31.05 0 0.401298 257.47 178.00 40.83 29.62 0 0.401207 276.72 261.30 42.73 41.87 0 0.399144 159.30 264.19 33.99 30.67 0 0.399020 1101.01 660.11 58.50 35.99 0 0.398161 557.97 831.41 60.99 43.80 0 0.397894 210.28 168.81 39.45 29.50 0 0.397056 348.80 237.40 37.18 36.58 0 0.394985 853.23 878.03 51.54 37.80 0 0.388737 1023.19 723.15 25.58 42.75 0 0.372522 280.58 192.31 40.85 29.77 0 0.370282 370.57 219.98 40.66 36.19 0 0.369108 1045.61 479.48 34.36 29.72 0 0.368498 531.17 55.23 31.03 27.04 1 0.367009 444.54 598.63 45.11 37.28 0 0.362547 317.27 259.36 37.85 39.34 0 0.359876 755.72 25.44 44.50 27.79 0 0.358697 701.40 12.45 46.78 23.71 0 0.356891 1147.74 481.30 30.79 38.33 0 0.356709 432.55 176.48 35.67 34.04 0 0.351208 105.13 403.45 36.35 29.10 0 0.350248 300.26 281.54 38.28 37.82 0 0.347998 807.08 83.79 35.65 21.62 0 0.346533 443.43 170.35 35.79 35.21 0 0.343789 974.33 919.09 55.47 30.04 0 0.341819 260.38 496.66 51.31 37.76 1 0.340475 1093.37 394.60 33.65 25.42 0 0.337536 327.54 149.04 39.08 36.85 0 0.334919 536.70 645.05 44.29 36.52 0 0.333838 757.46 20.26 41.67 26.31 0 0.332593 135.14 430.37 44.04 30.86 0 0.332424 1027.20 705.27 29.11 35.57 0 0.330374 199.47 227.73 42.80 31.71 0 0.322160 1138.16 312.36 32.17 38.66 0 0.321091 383.25 106.28 43.56 32.32 0 0.319909 469.25 147.94 32.14 29.04 0 0.314359 1234.72 1013.39 42.17 25.85 3 0.313965 184.65 237.64 40.76 26.59 0 0.307703 802.50 38.37 41.50 29.36 0 0.302413 345.48 698.69 61.48 49.70 0 0.297799 1063.83 975.05 94.43 52.78 0 0.295048 327.19 126.17 37.73 36.08 0 0.294186 755.56 416.74 36.22 26.37 0 0.294070 1312.83 3.29 33.44 44.26 0 0.293560 978.66 900.55 60.87 33.66 0 0.286666 1094.00 688.87 52.43 34.66 0 0.285868 515.87 637.26 46.71 36.83 0 0.284726 494.44 783.34 66.75 57.47 0 0.279625 277.95 259.54 36.55 36.10 0 0.278907 607.39 7.58 35.67 24.11 0 0.272842 1002.65 557.91 33.68 30.48 0 0.272573 1117.53 347.39 36.69 31.32 0 0.270787 140.31 219.58 40.32 36.34 0 0.263769 698.10 38.75 37.72 24.89 0 0.262587 589.57 4.38 42.59 25.91 0 0.261374 310.84 146.07 36.87 35.76 0 0.259363 181.41 274.46 28.69 28.56 0 0.257890 730.93 17.37 49.87 25.59 0 0.256862 68.96 447.18 38.44 28.04 0 0.254961 998.64 822.36 48.41 30.85 3 0.254116 876.25 111.80 44.22 32.85 0 0.253705 271.73 185.13 42.38 31.34 0 0.252522 282.22 288.92 39.15 36.16 0 0.250264 912.93 710.67 33.37 31.50 0
33,0.682296 1104.09 208.16 23.43 39.72 0 0.674088 1217.31 504.96 40.54 105.61 1 0.635850 1053.31 627.60 32.91 57.95 0 0.587689 1092.83 290.74 24.17 36.49 0 0.581006 1069.69 486.62 26.00 46.79 0 0.535003 1107.50 155.18 24.89 33.71 0 0.525528 1098.69 248.08 22.51 36.26 0 0.509750 568.09 605.55 63.08 33.65 0 0.455084 823.88 168.16 39.85 26.98 0 0.446707 818.67 197.69 28.96 30.25 0 0.430383 1089.94 331.46 31.30 52.12 0 0.363052 1291.04 158.30 40.17 39.98 1 0.354167 722.99 94.43 43.77 41.60 1 0.314834 727.84 98.25 42.23 33.98 0 0.308147 852.65 12.94 36.50 20.43 0 0.305446 1223.45 505.99 34.96 76.30 1 0.286575 850.12 15.50 37.66 21.37 0 0.271425 1225.10 625.41 42.25 24.96 3 0.270606 1239.62 625.20 40.42 31.67 3 0.262702 1087.77 330.40 31.45 53.45 1
34,0.411334 1238.22 166.30 34.13 54.24 0 0.400853 407.67 219.56 12.44 19.02 3 0.372328 324.77 281.30 17.52 23.62 3 0.353623 151.48 176.43 53.47 48.68 0 0.342019 567.84 253.59 20.07 21.21 3 0.327743 358.59 5.69 46.02 41.77 1 0.312270 329.06 0.00 70.32 43.75 1 0.310017 1006.39 681.83 14.58 14.70 2 0.291781 1243.49 162.53 31.36 53.35 0 0.282064 1226.56 170.53 39.26 54.52 0 0.262537 557.49 82.05 42.04 40.58 0 0.252714 692.43 190.50 15.42 19.69 3
35,0.579538 426.27 250.70 50.10 35.59 0 0.538591 731.94 152.52 32.34 63.40 0 0.528424 236.96 208.85 53.77 31.71 0 0.524559 360.26 238.35 55.49 33.96 0 0.524348 358.08 232.93 53.82 33.93 0 0.503742 95.88 178.35 59.84 32.14 0 0.500453 568.63 772.44 36.51 61.68 0 0.490721 851.38 139.63 33.97 55.07 0 0.472996 66.17 323.79 51.67 32.83 0 0.470886 1054.27 318.41 28.24 42.10 0 0.444543 167.04 192.85 60.16 29.73 0 0.436125 258.75 1029.19 70.15 37.78 0 0.431137 585.50 677.55 39.78 71.78 1 0.430596 453.83 1012.55 69.53 39.45 0 0.430540 333.05 383.26 78.55 38.21 0 0.422751 295.15 46.28 30.83 57.01 0 0.422749 913.33 102.20 59.33 30.90 0 0.409073 211.32 357.88 65.69 34.09 0 0.400646 295.58 220.24 49.77 31.13 0 0.397126 418.91 408.44 65.65 34.47 0 0.396728 487.44 265.42 53.54 32.42 0 0.382723 742.36 103.22 30.70 50.49 1 0.356840 922.45 14.43 74.19 40.89 0 0.355574 850.17 272.05 47.97 40.84 0 0.354775 817.21 228.40 16.70 24.87 3 0.344606 55.21 1058.60 62.23 21.40 0 0.344407 70.02 327.30 64.44 32.81 0 0.339467 291.59 215.56 45.11 31.38 0 0.328538 1100.45 392.36 60.28 32.36 0 0.325357 122.27 1024.09 83.91 54.15 0 0.274082 1027.39 317.10 22.12 36.36 0 0.272062 412.87 60.21 65.81 35.68 0 0.256305 485.80 252.01 63.54 41.78 0 0.250304 1728.38 517.89 25.40 23.16 3
36,0.726138 1674.23 581.13 37.98 62.14 0 0.673300 621.39 884.27 35.12 67.64 0 0.656623 615.98 810.09 33.58 58.28 0 0.654705 954.85 222.36 29.49 47.83 0 0.635470 978.01 128.42 47.86 28.89 0 0.626378 1603.33 344.10 32.40 55.34 0 0.614813 1023.42 209.92 31.16 50.35 0 0.596903 1692.23 519.00 36.24 54.74 0 0.593339 812.74 356.89 28.28 53.18 0 0.587753 957.76 346.47 35.01 50.11 0 0.577344 1557.87 414.13 34.62 59.67 0 0.557467 452.75 995.28 38.27 79.06 0 0.557214 1129.17 339.34 32.43 50.23 0 0.552883 1658.25 520.00 39.24 58.04 0 0.548681 1524.83 301.93 31.78 53.57 0 0.546939 666.02 242.44 62.51 38.57 0 0.546892 865.27 357.80 28.41 48.33 0 0.528174 1697.00 652.53 35.69 55.82 0 0.522394 26.62 757.87 69.06 34.35 0 0.519702 601.04 646.88 32.99 60.87 1 0.512029 1575.91 478.47 30.73 51.57 0 0.507692 1698.87 112.25 55.34 28.65 0 0.505627 1628.15 666.93 33.61 50.45 0 0.493504 864.42 718.19 33.30 61.67 0 0.488374 1667.66 453.19 34.31 53.93 0 0.483236 167.88 736.09 62.18 34.57 0 0.482186 1718.60 719.93 42.18 58.15 0 0.479758 593.14 466.85 24.22 48.49 0 0.475871 1092.67 340.90 33.63 53.43 0 0.465272 1647.91 119.16 55.56 30.39 0 0.461863 1028.38 339.21 36.77 51.66 0 0.451938 842.99 357.60 25.64 50.50 0 0.450790 770.39 206.10 49.19 27.69 0 0.450228 1007.46 180.14 41.79 31.13 0 0.447134 1576.15 242.44 33.42 48.56 0 0.444488 990.12 346.06 32.55 52.06 0 0.435124 1551.13 688.78 34.03 57.14 0 0.430158 948.32 187.69 43.91 29.44 0 0.429112 1587.30 537.09 35.33 37.61 0 0.428092 935.77 418.86 61.70 35.37 0 0.427607 1514.12 248.68 32.55 55.05 0 0.424902 1640.19 721.74 41.20 66.36 0 0.422908 1540.61 357.14 33.64 53.70 0 0.417819 1635.07 458.15 37.13 55.63 0 0.417345 453.06 934.72 35.21 55.58 1 0.416998 893.28 354.18 28.40 49.60 0 0.413950 247.57 730.70 63.09 32.47 0 0.412645 857.05 575.32 56.98 33.27 0 0.406925 1760.47 112.25 50.68 27.40 0 0.404263 1280.19 941.03 69.49 45.17 0 0.403515 1624.40 657.73 35.93 52.63 0 0.394647 1668.25 792.87 35.80 57.47 0 0.388250 1164.08 332.63 36.22 48.03 0 0.381336 766.07 209.18 46.90 29.68 0 0.380078 500.64 456.12 21.53 37.83 0 0.375157 598.43 597.91 33.21 51.69 1 0.372255 824.91 202.38 44.75 22.83 0 0.362553 879.00 196.71 48.96 25.85 0 0.356441 1611.08 257.05 35.29 55.93 0 0.353963 1621.79 408.84 35.76 50.23 0 0.349594 56.50 47.42 67.28 33.38 0 0.342904 1139.24 545.49 55.65 34.36 0 0.341835 453.53 844.18 27.71 60.45 0 0.341726 1613.12 593.37 34.82 53.56 0 0.334979 1103.04 206.75 28.83 41.38 0 0.333826 1749.16 723.28 39.04 58.71 0 0.332335 602.49 656.41 31.49 63.80 1 0.331114 628.43 964.92 29.12 59.30 0 0.323964 624.22 965.07 34.11 74.65 1 0.323889 1133.63 207.58 28.09 42.20 0 0.320483 718.58 331.11 45.30 28.41 0 0.319545 858.62 361.28 26.24 51.60 0 0.319234 775.30 239.78 26.88 41.89 0 0.317836 922.54 347.07 34.13 52.86 0 0.314978 802.54 147.52 60.63 30.04 1 0.314061 1711.66 711.55 41.18 59.72 0 0.310431 71.40 42.30 58.06 32.08 0 0.308233 1014.31 181.43 45.44 35.22 0 0.306198 982.01 123.48 45.61 29.05 0 0.300904 631.88 1023.92 33.52 56.08 0 0.296699 454.46 915.74 34.98 67.42 1 0.290631 1816.10 33.62 48.08 33.61 0 0.288340 584.18 390.97 30.02 57.73 1 0.282987 455.09 955.16 31.12 41.62 0 0.281559 236.26 663.29 34.24 24.59 0 0.281124 553.52 91.42 22.40 44.02 0 0.281053 1102.98 103.41 23.37 31.07 3 0.280303 652.53 1045.22 58.75 34.78 0 0.278453 1687.87 649.04 38.64 58.57 0 0.271708 840.13 360.94 25.38 52.56 0 0.269884 385.83 737.98 21.26 17.82 3 0.268643 1153.16 210.53 29.44 38.92 0 0.263630 1250.29 155.10 38.13 21.58 0 0.263469 1645.16 458.89 35.89 52.16 0 0.259778 928.11 131.55 40.57 30.09 0 0.259744 606.97 731.56 30.86 59.06 1 0.257958 720.41 334.94 49.74 28.83 0 0.257409 1624.57 413.34 40.51 58.02 0 0.254875 918.79 350.28 31.11 52.56 0
37,0.539184 169.94 0.23 49.91 28.97 0 0.512870 0.43 195.57 26.17 34.32 0 0.472119 516.74 72.24 30.74 31.65 0 0.378858 86.06 544.78 10.39 12.70 2 0.374413 172.51 681.18 19.05 16.82 3 0.307861 534.03 95.89 24.36 31.11 0 0.295260 470.09 272.90 32.31 28.48 0 0.265133 62.09 607.95 26.91 25.01 0 0.260931 1310.16 243.18 33.83 50.74 0 0.251415 569.13 222.75 43.03 30.43 0
38,0.796511 169.77 687.33 32.62 55.44 0 0.721281 262.32 964.51 36.48 71.36 0 0.715571 390.76 333.56 41.36 69.31 1 0.680872 471.23 879.61 36.25 68.28 0 0.669707 25.45 437.56 31.94 56.74 0 0.658452 225.48 839.62 38.15 67.54 0 0.656618 113.62 418.29 34.55 48.52 0 0.645645 211.54 512.22 32.79 57.85 0 0.640011 149.50 533.32 32.34 61.71 0 0.637638 402.65 898.95 33.89 62.69 0 0.637542 262.88 827.34 37.89 71.56 0 0.626849 55.16 572.66 29.34 51.92 0 0.622066 298.81 943.70 39.49 74.29 0 0.621784 330.93 799.57 38.16 60.81 0 0.608327 445.32 708.52 34.64 58.90 0 0.606319 46.84 902.85 38.65 69.64 0 0.603914 241.79 514.18 34.62 56.61 0 0.601945 218.31 782.93 32.64 58.09 0 0.594032 541.15 848.91 40.01 56.76 0 0.591918 1041.59 293.47 34.22 33.76 0 0.586035 267.71 659.85 34.28 57.63 0 0.582797 176.07 397.53 31.86 52.63 0 0.575717 155.70 636.12 35.13 51.51 0 0.574701 1745.06 460.37 44.70 38.98 0 0.569660 1262.31 770.99 35.44 46.21 0 0.565426 289.57 594.77 29.61 48.85 0 0.563662 300.62 488.40 33.10 58.47 0 0.550196 298.64 649.70 33.68 56.57 0 0.549515 559.14 282.79 52.49 26.31 0 0.533612 382.00 728.49 34.28 51.62 0 0.528393 350.00 741.51 30.32 52.06 0 0.527925 229.86 980.67 35.01 63.84 0 0.518111 389.28 469.45 33.98 55.50 0 0.515623 86.56 560.25 30.09 56.87 0 0.514675 664.93 254.99 43.48 24.26 0 0.510848 350.27 576.41 30.72 49.33 0 0.510267 948.43 364.87 30.86 47.13 0 0.510203 927.75 83.04 24.78 27.50 0 0.504831 8.33 913.23 39.59 74.67 0 0.495657 1082.47 366.89 34.65 33.29 0 0.492252 319.35 749.73 31.27 50.18 0 0.485909 1572.21 704.99 44.11 54.74 0 0.483230 719.53 244.18 48.43 25.35 0 0.482682 378.73 567.75 30.78 48.23 0 0.474131 331.25 488.60 30.47 52.89 0 0.469809 1643.19 510.06 47.42 29.81 0 0.467356 437.24 890.31 37.12 67.75 0 0.466850 1182.45 761.63 21.53 23.15 3 0.458292 228.35 383.37 33.78 52.15 0 0.457644 205.33 476.26 29.35 45.37 0 0.448888 318.36 585.85 31.29 49.26 0 0.448075 1110.17 410.79 36.52 39.00 0 0.445683 1383.95 907.04 53.86 52.74 0 0.445052 998.20 464.63 36.83 46.70 0 0.444741 1396.23 986.20 48.15 63.10 0 0.441540 359.97 628.20 32.21 48.46 0 0.437953 1376.60 752.63 61.58 48.63 0 0.434968 1127.64 442.64 38.68 43.12 0 0.423203 1181.19 0.00 20.77 17.38 0 0.418000 1147.71 307.26 48.34 27.36 0 0.414408 1466.63 690.70 59.40 35.78 0 0.413213 1374.96 899.49 59.75 58.38 0 0.408306 389.79 621.68 32.92 54.28 0 0.405216 341.95 359.99 31.90 47.12 0 0.404980 112.88 1019.18 39.74 60.82 0 0.400603 1644.76 47.89 29.40 36.93 0 0.390534 1023.23 519.71 32.62 46.65 0 0.389664 974.49 174.48 34.58 30.50 0 0.388349 1175.13 89.76 35.33 36.27 0 0.387840 404.88 905.49 34.43 65.13 0 0.385032 903.40 45.29 28.93 32.32 1 0.384925 1839.26 422.81 59.35 34.33 0 0.383430 908.86 287.24 29.21 45.61 0 0.381374 410.81 557.83 33.00 49.64 0 0.379411 1394.94 286.67 25.65 33.38 0 0.379201 1343.52 813.99 30.56 46.90 0 0.376424 1156.89 0.00 22.32 20.47 0 0.374986 1695.84 483.03 49.15 35.81 0 0.364911 1681.14 9.25 31.28 36.70 0 0.364713 1019.61 251.66 29.76 35.05 0 0.360530 1624.88 0.00 44.78 18.93 0 0.349915 333.78 808.36 37.40 63.77 0 0.344296 1134.67 0.00 23.91 22.57 0 0.342082 1015.38 246.76 31.07 39.41 0 0.341466 1859.50 283.90 56.27 57.09 0 0.339803 278.83 653.87 37.46 58.73 0 0.334833 959.16 142.23 29.33 32.20 0 0.331244 1133.24 451.54 35.42 39.07 0 0.323505 1073.84 5.89 24.41 30.48 0 0.323310 1161.21 490.18 35.78 44.70 0 0.320024 1645.20 673.04 52.21 58.33 0 0.319817 416.82 597.21 41.64 75.85 0 0.319412 1474.21 689.48 54.37 31.75 0 0.319005 127.03 641.40 37.00 48.97 0 0.318500 1457.90 693.50 59.31 38.79 0 0.316527 1670.41 83.09 32.51 36.27 0 0.315253 861.74 774.98 77.79 47.46 1 0.312504 335.30 332.39 40.89 25.16 0 0.308219 142.99 496.81 30.62 44.58 0 0.307842 935.00 339.83 30.56 33.67 0 0.305211 1781.46 443.56 44.77 35.93 0 0.304115 1745.32 106.13 38.43 32.44 0 0.303491 1202.00 0.00 24.64 13.19 0 0.302791 1096.35 3.24 26.88 29.37 0 0.300293 72.06 1038.99 33.04 41.01 0 0.295541 134.72 638.54 35.11 50.01 0 0.295263 337.64 1013.76 23.98 30.15 3 0.294826 417.45 718.70 33.47 58.97 0 0.291998 1044.66 243.29 33.92 30.78 0 0.291190 1244.16 0.00 30.03 8.49 3 0.289807 989.19 459.32 43.69 49.60 0 0.285648 993.77 207.45 35.51 35.18 0 0.285569 1835.25 427.02 62.87 36.26 0 0.283595 1648.11 667.41 52.85 59.50 1 0.281185 28.74 440.02 35.87 56.58 0 0.275133 53.27 731.71 34.90 26.65 0 0.270052 696.95 211.84 32.34 21.51 0 0.259473 402.99 603.69 49.42 71.85 0 0.258637 382.31 607.48 39.07 65.80 0 0.256667 1330.91 28.97 39.75 22.48 0 0.255990 1430.19 830.66 28.24 27.57 3 0.253796 1635.88 513.61 44.14 30.24 0 0.251476 1700.29 70.33 47.14 39.79 0 0.251161 1380.30 609.52 42.36 28.41 0 0.250447 58.35 568.67 31.30 50.71 0
39,0.746890 1507.42 613.24 32.57 44.69 0 0.725804 1340.03 455.50 27.59 51.87 0 0.701985 239.40 582.41 34.70 55.52 0 0.676014 1362.76 630.08 30.70 59.45 0 0.670654 788.10 380.25 26.89 46.53 0 0.656508 623.15 502.05 29.27 51.30 0 0.644335 572.33 364.98 29.13 47.64 0 0.643599 652.90 374.94 26.84 48.19 0 0.638191 518.91 367.98 28.30 45.67 0 0.636610 692.25 600.55 28.68 50.68 0 0.631170 647.99 759.15 31.04 55.44 0 0.630502 685.48 260.56 28.57 43.05 0 0.619561 1581.54 76.13 29.93 24.36 0 0.618739 383.00 284.60 32.60 42.45 0 0.614207 652.75 500.68 28.37 52.36 0 0.607004 528.04 647.84 32.67 53.91 0 0.606429 1468.66 423.39 26.17 37.07 0 0.605658 714.52 762.29 30.59 57.63 0 0.605233 723.79 599.49 28.27 49.87 0 0.603065 360.04 331.87 31.22 47.34 0 0.589585 379.60 758.84 38.65 62.08 0 0.585690 552.09 448.94 26.20 38.59 0 0.579493 316.51 417.72 40.05 47.28 0 0.558025 1756.36 178.93 21.46 25.46 0 0.554309 787.27 266.87 28.75 47.17 0 0.550810 1163.34 280.86 50.69 25.37 0 0.547798 603.48 453.56 26.64 42.46 0 0.547183 754.93 598.79 30.47 52.59 0 0.545583 289.85 467.41 44.70 50.81 0 0.544850 541.03 591.86 30.04 49.57 0 0.544130 1102.79 276.04 48.95 23.88 0 0.532875 479.39 498.01 29.20 42.22 0 0.529212 1456.11 379.74 24.87 37.33 0 0.527916 1358.06 577.01 32.17 56.88 0 0.527330 337.32 380.50 34.33 39.69 0 0.523880 562.70 647.64 32.58 56.48 0 0.523384 215.32 636.86 31.12 45.34 0 0.521705 1805.47 109.37 20.78 27.49 0 0.516439 268.97 525.69 31.75 48.15 0 0.515556 690.52 458.32 26.60 42.89 0 0.494487 737.29 496.00 27.93 64.63 0 0.491522 575.96 823.93 21.23 25.71 3 0.489501 781.88 764.33 33.05 55.64 0 0.489017 1772.48 108.77 27.62 27.85 0 0.487500 1420.78 186.63 24.43 30.32 0 0.481534 1516.53 657.08 40.55 59.14 0 0.479970 995.55 270.16 51.51 23.00 0 0.477328 714.59 458.86 28.50 42.92 0 0.476426 1728.12 173.95 19.89 26.68 0 0.472653 746.18 460.77 29.58 47.37 0 0.470773 627.09 372.21 24.59 44.87 0 0.466947 1675.48 280.80 34.81 28.46 0 0.460559 525.71 447.90 26.59 41.81 0 0.459148 491.12 368.55 31.76 44.61 0 0.458891 1349.53 526.07 26.30 44.23 0 0.458469 483.81 756.89 36.82 60.81 0 0.453234 341.16 634.89 42.95 54.94 0 0.453124 1472.07 463.66 27.65 40.25 0 0.452187 589.14 259.98 29.24 42.58 0 0.450283 619.48 658.65 33.31 47.49 0 0.448068 536.33 497.64 29.12 46.77 0 0.445397 545.21 762.96 34.98 57.05 0 0.443545 1414.67 151.98 22.72 30.48 0 0.435052 1494.72 561.25 30.10 47.12 0 0.431820 601.57 823.98 20.96 25.69 3 0.418846 1698.75 169.78 20.62 27.66 0 0.417972 732.09 374.96 29.15 48.37 0 0.417712 1684.56 108.16 23.41 22.78 0 0.415813 512.22 760.99 35.53 60.94 0 0.411453 1749.85 109.91 29.18 24.32 0 0.411085 1486.81 510.87 28.10 43.78 0 0.409013 638.36 261.63 26.24 40.40 0 0.405273 342.26 758.06 38.94 61.83 0 0.404489 679.33 760.22 29.98 55.63 0 0.398681 702.99 372.04 28.76 51.12 0 0.398123 1683.03 578.69 30.95 51.18 0 0.391129 511.71 251.30 31.73 46.49 0 0.388768 1458.12 225.48 26.68 35.46 0 0.386947 487.75 369.91 29.14 41.85 0 0.383369 487.03 759.56 43.17 58.60 0 0.377040 431.04 824.20 23.01 29.31 3 0.376036 645.86 769.45 29.90 54.63 0 0.374133 374.00 637.26 39.10 53.30 0 0.370937 661.03 598.85 27.35 48.76 0 0.370369 835.24 263.75 34.07 63.50 0 0.369788 1715.29 882.23 65.32 29.88 0 0.368570 791.25 244.11 31.09 39.29 0 0.368188 1627.74 84.18 28.50 17.53 0 0.366688 1435.64 269.27 31.14 52.57 0 0.356235 556.96 646.86 33.04 56.18 0 0.356050 1546.01 76.90 24.06 28.23 0 0.354299 664.16 455.75 25.31 41.77 0 0.348819 1711.21 885.03 72.19 33.46 0 0.344969 710.63 372.30 33.37 48.15 0 0.343745 1663.24 1025.76 70.03 49.39 0 0.340820 717.06 372.50 31.90 51.29 0 0.336909 1807.08 186.33 25.82 27.25 0 0.328675 1166.94 281.60 67.11 26.31 0 0.327061 765.83 467.33 38.30 92.35 0 0.323735 710.50 503.57 27.64 48.55 0 0.322677 1677.71 90.72 25.16 18.38 0 0.319964 1794.27 882.93 62.70 32.99 0 0.313204 1651.32 164.56 23.13 27.76 0 0.310241 1735.07 110.96 26.72 21.61 0 0.305865 1674.54 169.21 20.68 27.08 0 0.298037 1605.18 160.51 23.03 28.97 0 0.292612 1868.71 161.41 29.30 23.42 0 0.288348 555.18 822.99 25.12 30.75 3 0.287842 1327.66 373.57 25.08 45.56 0 0.276530 1723.57 89.99 25.70 16.92 0 0.269229 1843.69 115.46 21.85 24.81 0 0.262013 1445.88 331.15 31.04 35.16 1 0.259360 1461.38 234.94 25.95 35.38 0 0.258622 1686.87 581.68 33.48 51.82 0 0.257754 1267.72 0.29 26.50 46.98 1 0.254950 1702.19 59.98 24.94 17.90 0 0.252985 500.39 761.60 38.21 58.77 0 0.250146 1876.02 536.99 30.78 40.67 0
40,0.762581 1396.19 34.89 20.47 34.34 0 0.707492 500.40 113.37 29.67 46.45 0 0.704564 743.90 305.05 25.46 34.18 0 0.695863 627.27 482.07 29.88 48.11 0 0.691306 529.33 586.31 28.59 55.07 0 0.690139 695.01 432.71 28.20 48.50 0 0.689793 1464.53 164.32 28.85 45.27 0 0.680093 499.68 587.55 26.90 47.82 0 0.678420 1435.77 213.81 25.23 38.09 0 0.672220 698.52 219.00 27.18 48.77 0 0.650093 651.76 343.96 26.36 45.10 0 0.613819 689.17 580.91 29.65 51.96 0 0.613498 373.65 141.32 31.37 44.41 0 0.610489 290.50 318.68 43.07 50.64 0 0.602212 478.96 226.62 28.48 39.17 0 0.601964 1485.12 421.27 32.16 46.91 0 0.599605 714.42 303.00 24.71 37.21 0 0.589887 771.83 119.14 24.75 46.79 0 0.584722 1454.45 292.73 31.59 39.76 0 0.584592 1323.56 284.10 28.03 54.26 0 0.582658 720.31 580.73 31.55 50.47 0 0.582322 382.81 475.63 33.05 51.60 0 0.580566 313.60 273.18 37.50 45.96 0 0.579045 645.52 220.31 27.75 45.55 0 0.573474 756.29 432.93 29.05 50.57 0 0.567904 1143.50 129.18 50.04 21.34 0 0.562561 1351.14 448.19 26.79 51.81 0 0.560303 396.22 584.83 34.03 61.64 0 0.558421 602.71 298.45 26.45 40.79 0 0.554113 1501.63 472.28 33.50 50.51 0 0.554036 788.70 581.04 30.56 52.49 0 0.550958 1775.02 30.28 27.25 26.08 0 0.549444 521.49 298.27 27.00 35.68 0 0.549148 574.96 117.41 26.92 39.51 0 0.549134 1765.60 777.92 82.43 36.32 0 0.548574 687.95 301.17 24.15 38.60 0 0.547054 1551.01 930.30 38.95 58.81 0 0.545394 268.67 369.34 38.65 49.15 0 0.544435 625.97 118.39 24.37 38.82 0 0.542212 482.00 339.20 29.02 43.61 0 0.541067 1310.78 212.94 25.63 43.93 0 0.527308 725.04 226.41 25.50 45.94 0 0.527308 544.14 431.60 27.05 44.93 0 0.520531 1342.53 388.92 29.90 52.77 0 0.515474 1804.35 32.92 25.86 26.08 0 0.513508 1642.38 795.68 71.43 64.37 0 0.510284 674.57 117.29 26.66 44.68 0 0.504707 359.01 585.74 35.48 55.62 0 0.498206 734.64 339.69 29.97 58.82 0 0.496449 773.26 298.35 24.32 41.41 0 0.495002 565.23 211.83 31.87 52.66 0 0.493685 536.39 343.20 30.16 42.18 0 0.490273 225.37 479.26 38.34 43.31 0 0.489373 1463.23 326.65 32.07 46.98 0 0.488017 1423.17 0.00 21.97 31.88 0 0.472272 725.15 432.24 27.48 48.49 0 0.468334 821.40 113.94 30.31 58.07 0 0.467202 335.90 216.53 38.28 55.18 0 0.464820 1581.28 10.59 25.72 28.51 0 0.458379 1657.22 398.70 31.54 41.88 0 0.457547 423.95 15.73 27.34 42.86 0 0.454111 665.55 430.70 25.45 45.87 0 0.453957 620.28 211.09 27.09 51.75 0 0.453472 242.97 428.93 34.69 48.90 0 0.450057 565.91 479.76 32.85 49.70 0 0.446615 547.07 295.45 28.31 38.87 0 0.429574 348.63 472.77 34.22 53.08 0 0.423747 534.47 479.22 33.08 50.59 0 0.416566 348.06 191.93 32.44 49.96 0 0.416398 1476.47 380.48 30.79 45.96 0 0.409056 332.19 231.90 35.32 45.32 0 0.405358 1445.85 254.88 28.01 38.94 0 0.402240 764.03 338.68 33.31 59.47 0 0.398065 1495.44 469.17 36.50 51.60 0 0.396458 1598.40 12.53 33.30 24.36 0 0.394034 1410.38 99.81 29.89 37.39 0 0.392095 712.25 340.96 26.78 49.74 0 0.390855 1580.92 833.32 39.72 58.80 0 0.382104 1685.62 663.26 70.96 31.66 0 0.381456 658.65 580.45 28.64 51.15 0 0.369982 1353.33 33.44 21.02 37.02 0 0.366287 1320.79 268.57 29.30 66.00 0 0.361269 1428.87 159.96 32.31 44.87 0 0.359842 1829.05 34.23 27.79 23.68 0 0.353631 671.44 301.60 23.90 36.00 0 0.352289 1765.67 664.87 50.48 25.52 0 0.351130 620.77 344.82 28.39 45.40 0 0.348154 527.48 637.36 22.20 34.40 0 0.347319 773.89 105.37 29.69 51.09 0 0.341691 780.18 108.24 32.16 55.69 0 0.339646 1005.66 635.99 69.19 30.65 3 0.327296 820.88 65.60 24.33 27.37 0 0.324832 1438.34 107.56 27.92 34.68 0 0.321875 1470.80 370.49 32.11 47.60 0 0.321690 1413.42 116.86 29.90 41.19 0 0.321179 780.89 228.38 25.75 48.98 0 0.320071 1755.60 782.72 71.79 33.44 0 0.315589 1871.11 104.99 35.01 32.46 0 0.308950 1720.72 20.26 28.74 24.39 0 0.307031 1397.74 461.87 24.14 39.37 0 0.305324 638.85 430.36 26.31 44.18 0 0.301081 1422.99 159.38 32.04 47.77 0 0.299912 509.31 224.15 26.53 40.33 0 0.299295 1313.04 246.45 31.81 45.31 0 0.298404 573.68 186.62 24.70 40.01 0 0.297988 1389.59 0.00 24.08 26.74 0 0.295403 1102.67 628.68 75.01 39.56 1 0.286369 983.34 117.71 51.00 24.77 0 0.284101 1144.34 130.10 64.55 21.86 0 0.284035 1392.92 0.00 23.28 31.17 0 0.281040 1693.99 18.36 27.51 24.88 0 0.274128 1624.01 15.33 29.95 21.30 0 0.272992 1084.33 124.47 40.77 22.66 0 0.256305 168.80 687.73 22.15 23.53 3 0.255427 629.05 182.63 24.31 37.53 0 0.255016 656.63 303.94 26.67 40.67 0 0.254880 599.68 637.34 18.74 29.06 3 0.250241 1504.47 958.48 30.81 47.17 0
41,0.443537 233.03 137.39 13.61 17.96 3
42,0.656989 1133.17 257.24 24.32 44.54 0 0.636026 1121.44 346.71 24.86 41.45 0 0.583387 569.63 677.55 65.37 36.25 0 0.557290 1138.35 203.05 24.01 35.51 0 0.543379 1124.05 302.94 24.81 35.21 0 0.541681 1093.13 558.35 27.49 51.84 0 0.487712 995.49 58.17 11.13 16.03 3 0.459780 1116.84 389.83 31.63 54.16 0 0.453393 866.64 139.01 27.86 25.36 0 0.452660 836.43 239.50 37.85 32.09 0 0.436033 745.66 136.71 40.93 35.83 0 0.431248 839.69 213.28 45.21 31.11 0 0.422530 874.16 49.67 38.05 23.51 0 0.366048 1257.41 620.17 32.95 69.35 1 0.340541 1249.31 584.19 40.26 103.70 1 0.336846 837.82 214.46 41.56 38.45 0 0.266353 740.57 132.62 41.37 42.88 1 0.260022 851.23 164.34 24.24 21.48 0
43,0.695806 649.51 256.79 26.00 45.28 0 0.675897 579.12 335.33 28.27 41.16 0 0.669737 785.40 51.74 30.85 52.15 0 0.666822 277.69 380.99 30.46 43.23 0 0.665723 602.72 380.17 28.94 47.16 0 0.664058 678.78 260.06 25.83 45.20 0 0.660458 642.67 148.98 23.80 42.73 0 0.656832 591.37 146.67 26.06 42.96 0 0.654023 599.94 57.98 21.97 35.60 0 0.651372 668.25 150.23 23.63 41.13 0 0.645893 721.75 336.13 26.86 45.81 0 0.644635 719.27 465.03 30.35 46.89 0 0.643044 828.10 52.64 33.83 59.61 1 0.629791 747.69 469.48 29.08 49.32 0 0.629772 691.82 57.24 23.93 41.64 0 0.627958 794.78 150.34 22.56 42.90 0 0.627328 813.84 465.91 31.64 47.02 0 0.623880 1475.67 366.28 33.92 44.12 0 0.615213 1462.01 324.28 32.19 40.15 0 0.599954 575.56 218.02 25.80 37.89 0 0.594666 569.46 253.67 27.86 40.65 0 0.588297 745.23 153.37 23.59 40.44 0 0.584386 567.05 476.38 26.96 47.36 0 0.581631 979.52 55.86 49.90 23.93 0 0.569299 441.48 477.59 32.04 48.78 0 0.567930 1409.64 138.84 30.32 46.61 0 0.563610 691.33 467.23 26.65 44.83 0 0.553467 1334.89 347.34 28.86 44.56 0 0.552879 1376.74 163.45 26.39 42.32 0 0.544211 598.25 475.11 27.51 46.65 0 0.543757 384.74 119.45 31.73 44.16 0 0.542353 395.20 375.42 31.23 45.61 0 0.537568 572.46 381.41 27.45 44.88 0 0.536561 527.34 53.15 24.72 44.30 0 0.529406 628.62 220.90 23.20 35.40 0 0.525264 1296.16 137.99 25.95 50.00 0 0.497609 1410.19 138.28 30.09 33.71 0 0.490576 693.52 335.86 24.01 42.45 0 0.483016 716.90 151.00 23.62 41.53 0 0.482321 1531.69 765.40 34.60 48.65 0 0.481625 646.52 58.92 24.66 33.84 0 0.478911 1439.38 232.68 30.33 43.03 0 0.472699 514.87 258.90 31.44 39.83 0 0.468219 537.35 473.92 25.94 47.54 0 0.466522 547.86 220.72 28.77 36.10 0 0.464331 1416.26 166.70 30.73 40.76 0 0.459624 406.41 82.34 29.28 39.83 0 0.454671 1340.37 15.55 26.41 35.94 0 0.453974 509.96 258.45 31.91 43.09 0 0.452439 334.54 240.54 37.74 44.51 0 0.450860 658.86 373.09 29.07 51.43 0 0.449813 296.37 336.17 32.95 43.75 0 0.449708 1727.52 628.40 74.49 34.41 0 0.448633 424.84 379.83 30.35 44.17 0 0.445247 356.07 199.89 33.36 38.73 0 0.443132 781.62 230.72 35.31 79.32 0 0.439400 314.29 289.75 36.18 42.12 0 0.438979 538.93 147.06 27.35 42.20 0 0.435123 1300.79 158.51 26.16 46.90 0 0.434712 1845.75 671.29 38.58 50.41 0 0.430723 1650.12 530.71 61.38 30.53 0 0.426718 1862.26 534.96 57.59 26.52 0 0.424876 1387.64 33.00 29.11 39.94 0 0.422440 368.79 160.85 33.60 41.83 0 0.419464 1612.51 1024.31 40.52 55.69 0 0.419292 528.98 149.80 29.09 39.30 0 0.417449 665.00 334.58 26.31 41.16 0 0.416951 410.63 477.60 30.82 49.61 0 0.409618 749.17 336.51 26.01 46.50 0 0.406765 1139.07 63.97 38.43 20.29 0 0.405046 373.01 151.87 33.72 48.94 0 0.403514 647.63 116.94 24.68 36.62 0 0.399446 701.99 219.92 22.48 36.35 0 0.399123 775.30 334.92 27.90 47.93 0 0.388669 1451.74 281.30 31.47 42.63 0 0.388337 1615.02 644.56 56.54 43.26 0 0.387390 828.76 52.00 30.35 57.71 0 0.377859 1316.65 262.59 24.79 38.75 0 0.377246 722.27 221.81 27.88 36.72 0 0.375033 1653.08 949.94 38.33 48.70 0 0.373020 1326.36 294.16 28.37 45.31 0 0.356058 539.83 474.04 27.99 42.45 0 0.352783 578.17 148.48 27.36 41.34 0 0.348267 1308.04 205.67 27.42 49.08 0 0.344724 1102.38 503.55 73.63 36.16 1 0.344409 760.66 222.42 26.92 55.58 0 0.341001 1624.96 302.91 34.55 42.41 0 0.340795 1562.26 685.79 28.18 44.13 0 0.329578 1430.70 79.98 28.83 41.52 0 0.324617 1330.65 299.82 29.23 48.15 0 0.324163 1305.15 198.60 26.34 51.06 0 0.321583 1447.31 273.44 31.81 46.05 0 0.318102 1586.68 779.98 38.14 59.35 0 0.317400 1646.57 735.04 29.83 24.25 3 0.312773 1388.77 42.32 28.78 41.50 0 0.308050 1175.29 64.61 32.68 17.54 0 0.294643 731.98 222.73 29.02 40.73 0 0.293358 1861.93 670.16 38.04 50.98 0 0.291758 1662.65 776.07 25.00 23.45 3 0.290414 1011.95 509.31 70.40 32.92 0 0.284974 750.64 251.79 29.50 51.23 0 0.283407 1665.80 3.20 38.76 25.34 0 0.280276 1373.23 0.00 22.54 18.28 0 0.264660 715.30 157.54 23.47 40.10 0 0.263382 1483.52 770.91 28.68 42.14 0 0.262659 736.51 246.17 32.77 53.09 0
44,0.440937 102.11 354.74 35.29 23.61 3 0.430995 926.50 695.81 20.55 22.97 3 0.368873 1306.12 559.34 20.84 17.65 3 0.350593 1237.52 430.41 30.50 18.83 0 0.348002 1060.40 322.16 31.19 26.72 1 0.340584 92.27 599.07 27.87 23.76 3 0.333193 92.12 624.03 28.03 25.46 3 0.331877 1012.30 59.72 17.25 19.40 3 0.328431 88.29 574.82 32.73 24.27 3 0.325255 85.66 524.32 38.93 28.71 0 0.315411 85.00 675.04 32.35 44.96 0 0.300317 1096.72 12.49 15.33 19.47 3 0.288578 659.71 0.00 16.32 31.97 3 0.268404 402.26 209.80 17.92 18.75 3 0.263885 98.78 401.15 38.16 27.38 0 0.260970 1155.67 263.74 25.32 18.55 1
45,0.534010 1002.44 0.00 30.03 38.73 0 0.508261 1070.48 44.93 30.39 44.37 0 0.498801 1100.98 65.94 27.21 41.61 0 0.493270 768.34 660.05 15.96 23.68 3 0.393091 785.76 653.07 19.50 26.36 3 0.315861 620.34 267.30 13.60 20.60 2 0.289412 987.13 0.00 32.64 22.97 0 0.280166 1312.95 0.00 28.10 15.63 0 0.260195 918.40 58.91 55.02 30.08 0
46,0.803607 693.18 727.87 29.76 62.20 0 0.702324 1078.89 100.31 31.76 43.93 0 0.697584 715.51 1013.41 31.99 64.38 0 0.685949 546.73 1002.73 31.71 73.80 0 0.676675 709.58 942.46 31.11 63.41 0 0.658214 1000.14 82.36 41.22 23.98 0 0.656631 1011.97 110.61 25.33 42.50 0 0.649766 251.26 585.92 62.99 33.24 0 0.646194 114.65 608.67 65.27 34.00 0 0.646165 1652.11 465.33 31.73 47.97 0 0.617825 1676.41 336.32 33.07 51.73 0 0.614389 1686.51 17.48 47.41 24.14 0 0.604602 525.34 695.04 34.87 60.29 0 0.595255 686.47 654.21 32.06 60.80 0 0.595035 541.59 941.25 34.30 64.02 0 0.594440 1702.93 333.26 32.13 51.67 0 0.591202 1651.93 154.62 32.92 55.99 0 0.582183 733.15 121.83 60.04 41.49 0 0.579839 1598.00 296.04 34.80 55.16 0 0.576148 838.44 126.68 28.26 37.63 0 0.544357 1750.22 583.54 36.92 54.52 0 0.537166 1702.69 648.43 33.89 53.39 0 0.530233 879.79 89.99 50.79 28.11 0 0.525691 1792.31 12.46 47.13 23.99 0 0.524878 1727.32 517.11 34.65 51.35 0 0.522719 1080.70 220.86 34.02 47.61 0 0.522559 1713.63 462.98 33.98 52.36 0 0.514139 1554.31 138.33 31.16 51.73 0 0.513812 533.62 831.43 32.14 70.54 0 0.508638 1693.09 403.57 34.78 49.38 0 0.501302 1178.16 227.90 30.19 46.62 0 0.496459 1012.82 228.39 28.15 48.69 0 0.495664 1145.57 223.79 33.03 46.99 0 0.493741 652.17 267.41 29.38 56.75 0 0.482836 1632.36 408.29 34.12 55.17 0 0.472682 1661.20 524.18 33.53 54.04 0 0.472003 1736.00 12.90 53.43 25.75 0 0.469393 327.17 580.86 62.90 26.33 0 0.459437 965.61 301.22 57.69 31.26 0 0.457328 1640.04 231.04 32.63 52.85 0 0.457208 1579.01 243.49 34.23 53.43 0 0.450295 1658.05 287.43 36.21 53.45 0 0.446667 1734.85 591.17 28.78 47.66 0 0.416826 679.40 579.39 29.53 51.16 1 0.416099 983.46 227.74 31.28 47.31 0 0.411879 350.12 586.39 63.48 25.23 0 0.406230 937.27 84.80 51.98 22.33 0 0.406099 827.43 93.19 44.26 26.19 0 0.403908 926.98 83.81 61.55 29.48 0 0.403671 1217.95 216.47 31.79 45.41 0 0.402543 1205.06 93.05 26.17 40.80 0 0.401918 542.89 984.70 37.60 79.43 0 0.398791 1049.45 224.70 31.84 46.62 0 0.394322 862.28 37.72 43.22 28.06 0 0.390118 1182.80 93.60 23.27 41.32 0 0.388218 1028.71 15.51 50.85 28.36 0 0.384307 1726.86 394.74 36.66 49.84 0 0.375005 1330.23 789.10 69.37 37.61 0 0.373859 1594.04 555.09 29.16 52.48 0 0.370120 1153.92 7.61 20.86 24.87 3 0.368062 925.67 576.54 33.70 57.59 0 0.362660 1154.96 91.63 26.37 40.54 0 0.361636 1676.70 581.09 37.03 63.61 0 0.353778 1665.10 527.27 33.26 56.88 0 0.345807 660.77 331.89 29.15 53.92 0 0.340874 1776.73 962.18 58.28 94.37 1 0.328536 1016.39 21.98 56.92 30.56 0 0.324006 1120.87 93.12 32.61 46.52 0 0.322948 923.94 237.85 28.21 48.06 0 0.320255 703.01 866.14 30.23 63.34 0 0.318233 666.42 461.57 42.70 46.86 1 0.314217 952.20 229.75 29.23 47.50 0 0.312223 783.00 211.33 48.48 24.76 0 0.310921 1212.17 706.55 37.98 21.31 0 0.310392 871.47 238.35 26.13 50.06 0 0.308946 1108.85 96.25 31.56 46.10 0 0.307671 871.69 39.68 48.87 26.13 0 0.304512 673.01 528.94 33.70 74.22 1 0.302975 651.46 211.69 29.02 46.67 0 0.301462 1613.78 355.45 30.46 47.28 0 0.293306 1181.71 224.13 29.37 46.54 0 0.279043 314.23 519.85 33.47 22.49 0 0.264252 906.39 240.54 27.79 46.77 0 0.257215 1565.17 191.53 31.90 50.57 0 0.256245 1786.74 590.43 38.45 59.88 0 0.253244 1020.87 225.44 31.04 47.29 0 0.252086 1755.24 583.93 42.06 58.08 0 0.251059 991.50 83.66 44.93 23.96 0
47,0.511334 124.26 0.00 43.80 59.58 1 0.477270 135.99 0.00 37.38 59.51 1 0.430523 126.28 275.45 27.82 26.60 3 0.390009 141.68 0.00 34.86 50.78 1 0.384867 119.26 299.92 34.50 28.06 3 0.324560 1138.24 3.97 18.28 24.03 0 0.315950 909.68 339.34 14.63 17.43 2 0.311902 177.74 70.28 18.85 23.67 3 0.301575 926.06 92.70 17.30 21.64 3 0.297249 980.22 56.09 14.61 22.14 3 0.260722 882.24 236.55 18.90 32.36 3
48,0.611589 124.73 271.02 29.28 23.40 3 0.464009 874.84 135.24 19.71 22.68 3 0.403203 126.62 294.10 25.31 26.42 3 0.321011 122.44 317.08 30.98 26.29 3 0.296784 142.84 50.33 28.21 24.75 3 0.292514 693.36 691.31 16.01 25.93 3 0.276222 990.30 101.32 14.09 20.44 3 0.270876 125.07 243.74 28.75 30.89 3
49,0.618333 1119.81 298.78 24.44 35.68 0 0.617797 1090.07 548.31 27.00 49.76 0 0.562468 1133.46 199.14 25.41 37.78 0 0.521490 1130.45 255.24 23.25 41.57 0 0.512076 1116.74 339.18 24.78 42.73 0 0.501271 837.38 211.40 46.53 26.85 0 0.487783 1249.19 584.49 35.62 48.69 1 0.464036 567.60 668.79 65.12 34.88 0 0.456134 865.08 118.35 26.25 36.69 0 0.430782 831.62 233.91 36.16 36.76 0 0.405717 1243.31 585.35 40.42 96.11 1 0.396117 989.24 52.22 15.50 17.82 3 0.379253 737.30 131.57 44.28 41.29 1 0.349834 1109.06 388.97 34.32 52.97 0 0.324063 849.38 158.96 22.49 23.32 0 0.322863 737.26 128.75 42.85 37.90 0 0.298265 872.50 46.34 36.26 21.20 0 0.293977 1239.98 615.27 33.98 61.13 1 0.291543 870.69 49.20 38.35 22.13 0 0.276464 943.48 90.38 16.49 21.08 0 0.250848 1112.20 389.09 31.81 55.07 1
50,0.614857 408.17 151.01 73.90 33.22 0 0.539984 303.14 212.58 58.25 32.98 0 0.489862 381.64 0.00 49.49 23.61 0 0.456820 394.10 157.86 79.60 39.97 0 0.376955 331.64 16.85 45.87 24.53 0 0.369076 290.82 26.50 36.45 26.66 0 0.357213 231.55 46.83 48.04 28.59 0 0.348510 104.35 698.73 14.19 16.93 2 0.347817 770.63 700.33 16.76 19.67 3 0.341072 288.03 30.98 38.32 25.96 0 0.339231 234.02 44.38 48.95 26.35 0 0.317280 929.34 309.69 18.61 15.28 3 0.307971 336.10 12.55 43.51 23.77 0 0.302578 88.52 459.49 65.06 49.03 1 0.267445 869.81 290.28 14.34 16.32 3 0.260199 558.47 291.14 16.23 25.05 3
51,0.584624 1118.05 340.02 23.60 41.29 0 0.578650 1090.58 549.54 27.05 50.46 0 0.571031 1120.89 300.28 24.33 34.86 0 0.560801 1131.68 256.77 22.53 40.54 0 0.529708 1133.66 200.74 25.08 35.76 0 0.520732 838.05 212.84 43.55 26.54 0 0.467598 568.20 672.57 63.23 35.29 0 0.459752 1250.17 583.23 35.42 52.41 1 0.437634 738.87 132.37 39.68 38.98 1 0.429595 1112.73 390.34 32.05 54.69 1 0.419013 865.94 134.59 24.79 25.88 0 0.397707 989.35 53.46 16.03 17.19 3 0.387531 832.91 232.74 35.17 39.30 0 0.358885 874.49 45.55 38.12 21.18 0 0.348700 849.62 161.50 21.07 22.33 0 0.326711 1112.45 390.25 33.96 53.51 0 0.290252 1247.90 674.38 30.34 24.04 3 0.258509 944.04 92.14 16.55 19.61 0
52,0.463456 1235.77 259.04 22.81 16.84 3 0.429151 899.49 336.13 19.14 30.15 3 0.413220 1044.96 18.34 20.30 24.46 3 0.395748 98.31 234.99 46.52 67.91 1 0.361565 907.96 303.66 15.43 19.99 3 0.355655 956.32 306.72 15.00 18.86 3 0.334609 98.53 408.50 38.39 25.77 3 0.314434 859.00 486.78 18.09 32.38 3 0.298877 1255.00 449.39 35.19 26.59 3 0.288326 322.28 74.28 26.44 22.57 3 0.274382 855.12 340.93 19.61 27.98 3 0.256548 98.92 456.17 36.39 37.44 0 0.255982 1292.78 129.21 20.50 17.63 3
53,0.468598 1038.62 650.78 54.97 49.24 1 0.411990 869.18 12.23 24.97 30.60 0 0.356009 1054.65 485.74 22.56 22.38 3 0.313431 1022.26 357.19 26.43 60.13 1 0.288034 592.46 141.34 33.36 33.65 0 0.284802 1092.05 542.88 18.85 18.83 3 0.271502 1031.31 387.16 23.12 39.87 0 0.257292 1022.06 348.66 19.03 46.55 1
54,0.760263 239.27 567.00 33.80 55.25 0 0.709373 287.14 648.69 29.90 48.68 0 0.631369 1360.08 875.41 33.10 51.75 0 0.627759 375.53 789.32 34.54 54.69 0 0.623070 210.78 898.05 37.30 69.89 0 0.621700 121.53 698.69 30.66 47.50 0 0.620167 282.08 1012.02 39.04 67.28 0 0.616699 174.75 456.27 31.10 48.22 0 0.616688 219.17 668.48 30.32 48.63 0 0.613685 531.19 915.99 37.47 57.99 0 0.603712 1205.52 51.64 20.32 28.39 0 0.596190 388.35 523.83 31.57 53.66 0 0.596059 115.78 471.66 31.63 51.08 0 0.595643 731.64 304.34 48.70 24.40 0 0.591790 1003.33 9.10 29.03 27.45 0 0.587219 245.08 1024.60 35.18 55.40 0 0.581353 24.69 489.90 33.01 56.31 0 0.578880 249.62 889.95 39.48 68.68 0 0.571530 313.50 640.83 29.86 50.59 0 0.565965 144.49 585.99 34.73 60.97 0 0.565877 290.28 708.88 35.37 56.14 0 0.560649 1138.56 511.05 33.85 37.91 0 0.559431 1608.60 53.74 53.70 35.84 0 0.551748 312.58 808.27 29.98 53.07 0 0.548497 1613.88 748.10 45.96 64.76 0 0.548211 427.32 954.48 36.76 71.80 0 0.545346 561.82 342.53 53.28 24.65 0 0.544732 160.04 740.08 36.00 55.78 0 0.537259 260.74 715.27 34.04 57.22 0 0.534826 26.55 969.78 35.83 70.27 0 0.534704 1487.85 38.46 16.73 20.56 3 0.529947 1164.54 553.70 41.58 43.79 0 0.519166 347.48 414.27 34.29 49.14 0 0.516534 320.27 861.08 39.62 63.29 0 0.508902 406.95 775.94 36.56 57.83 0 0.501788 47.42 627.28 30.03 51.11 0 0.501066 204.93 843.60 38.14 61.00 0 0.497882 392.96 961.49 36.41 70.34 0 0.496435 139.99 547.74 29.00 41.33 0 0.493837 1115.80 468.62 34.15 42.81 0 0.490439 0.00 974.07 27.31 73.06 0 0.487142 464.37 940.78 36.17 66.15 0 0.482833 1796.41 510.54 46.44 34.86 0 0.482467 330.60 543.99 33.06 54.45 0 0.475388 1182.37 55.72 20.34 27.95 0 0.475335 375.40 624.45 30.60 51.58 0 0.473642 1125.58 2.77 26.38 24.87 0 0.471584 358.03 682.07 29.22 46.01 0 0.463772 392.92 393.60 45.06 63.37 1 0.458280 1177.97 154.62 31.30 34.55 0 0.457959 440.61 766.24 37.40 59.95 0 0.457470 90.72 773.89 38.67 44.58 0 0.457250 1068.95 389.72 37.75 32.02 0 0.455813 1380.37 814.28 67.04 46.99 0 0.451328 1285.39 886.89 42.18 52.00 0 0.449972 206.62 544.84 33.33 64.21 0 0.448086 535.64 919.70 38.25 57.69 0 0.444621 204.28 528.49 30.31 46.49 0 0.442883 1553.76 607.93 38.68 30.98 0 0.438640 1156.20 760.97 20.81 24.38 3 0.434379 1089.55 421.35 30.98 40.48 0 0.433685 1048.47 352.18 31.39 33.92 0 0.431631 342.16 798.02 29.96 49.70 0 0.426724 747.72 301.96 53.03 23.33 0 0.425696 211.28 1034.19 36.40 45.81 0 0.423624 1656.32 565.98 49.51 30.05 0 0.423310 1133.85 508.19 32.67 40.83 0 0.420571 1584.94 767.93 46.97 52.38 0 0.415723 385.75 677.12 31.79 52.64 0 0.415283 1144.84 370.99 51.31 26.72 0 0.412007 1656.26 736.15 51.80 57.30 0 0.411988 208.19 568.72 33.69 60.66 0 0.401530 298.81 545.61 31.10 54.86 0 0.397834 1748.12 528.28 39.12 37.43 0 0.396346 1182.08 0.00 45.40 16.78 0 0.393999 394.29 525.22 30.36 51.75 0 0.391392 417.10 655.58 39.48 69.68 1 0.391214 410.71 610.92 33.36 48.46 0 0.386451 1851.78 486.11 56.53 33.25 0 0.384177 1220.83 0.00 34.60 13.55 0 0.380166 1002.65 524.02 38.18 45.42 0 0.378235 337.89 390.54 40.56 28.03 0 0.376886 150.49 689.50 34.70 52.12 0 0.375398 1305.46 885.74 39.10 51.52 0 0.374812 1847.01 489.70 54.05 33.39 0 0.374757 1390.72 967.15 57.80 59.26 0 0.374479 699.33 1047.35 26.83 24.13 3 0.371022 1268.13 46.97 23.47 27.62 0 0.362731 1027.88 575.75 33.45 48.16 0 0.360447 1246.71 47.91 20.93 27.38 0 0.353495 407.42 665.26 39.24 60.52 1 0.350305 994.18 514.56 41.06 44.06 0 0.348065 1399.40 342.81 23.85 34.76 0 0.347904 1314.23 56.07 39.33 25.09 0 0.345107 1436.07 654.35 43.43 29.94 0 0.344685 1762.05 516.84 41.88 34.99 0 0.344163 1022.96 314.32 32.53 33.13 0 0.337707 911.22 110.89 24.22 28.57 0 0.330422 1111.32 463.61 34.71 43.65 0 0.329317 952.22 423.82 30.95 45.78 0 0.328177 1710.87 537.15 45.73 38.45 0 0.325280 1489.47 746.82 49.23 34.11 0 0.323561 934.72 147.55 25.44 28.20 0 0.319590 83.07 612.58 32.15 56.15 0 0.316411 1481.24 749.70 45.48 40.50 0 0.314284 1172.30 0.00 44.62 18.01 0 0.310568 1084.02 414.58 34.74 39.42 0 0.310300 772.79 872.06 74.77 46.02 3 0.309279 347.69 631.62 30.80 48.35 0 0.307568 1379.34 674.31 53.04 31.18 0 0.297948 1069.97 0.00 38.27 15.98 0 0.295855 231.63 442.97 33.00 47.13 0 0.292518 1122.55 0.00 29.21 18.56 0 0.291020 1133.03 65.62 22.76 25.74 0 0.288779 765.18 881.15 67.17 44.51 3 0.286752 41.47 755.19 27.29 28.20 0 0.279576 418.19 771.42 42.08 61.31 0 0.278584 1266.21 440.41 38.62 29.14 0 0.274292 1756.38 524.24 38.21 37.69 0 0.272741 1442.08 897.33 27.91 32.22 3 0.271496 281.70 1026.54 38.22 53.46 0 0.270696 1101.99 68.66 26.10 26.09 0 0.268225 1378.37 0.00 46.52 15.44 0 0.263508 1036.03 5.44 24.69 24.65 0 0.262126 1159.96 58.33 19.80 27.28 0 0.258384 1096.81 74.35 25.45 25.99 0 0.257075 1289.53 883.96 46.92 51.15 0 0.252942 1333.96 874.13 31.27 52.73 0 0.251555 378.27 619.57 31.11 49.90 0 0.250609 39.74 728.80 25.86 31.30 0
55,0.426024 916.26 294.50 25.20 21.70 1 0.397974 905.98 208.04 19.59 16.03 3 0.322883 1076.71 125.81 17.72 20.25 3 0.313194 1078.77 185.91 18.30 19.38 3 0.300817 1309.81 477.88 26.07 19.49 0 0.297031 828.50 593.51 13.50 21.49 3 0.269850 167.70 631.89 26.06 19.86 3 0.260179 73.33 501.15 48.02 34.48 1 0.250190 88.10 477.70 35.43 27.21 0
56,0.679928 1354.31 993.49 69.00 35.10 0 0.670882 1055.01 645.83 24.40 47.91 0 0.664574 1560.03 443.27 32.24 49.11 0 0.628005 1252.31 370.53 26.05 48.44 0 0.627026 1296.61 214.46 27.24 43.39 0 0.626794 1444.84 62.55 23.79 40.71 0 0.621939 929.44 727.66 33.44 66.90 0 0.615021 1132.79 164.31 24.58 40.29 0 0.604104 1289.33 161.90 23.86 38.22 0 0.603149 960.96 539.66 23.72 45.39 0 0.600898 1415.85 65.75 25.45 41.42 0 0.564648 1008.56 573.77 27.74 53.59 0 0.551422 1324.43 77.28 24.42 39.01 0 0.519498 851.93 283.42 26.75 46.75 0 0.512188 1680.71 168.33 26.84 43.04 0 0.511299 1752.21 306.54 34.45 47.83 0 0.499931 1168.54 98.23 28.14 38.25 0 0.497036 847.22 15.91 26.48 51.26 0 0.493487 887.15 325.89 26.46 51.77 0 0.486885 1080.72 248.05 48.81 24.44 0 0.480007 1634.26 174.05 24.99 37.84 0 0.478588 1415.64 355.21 28.66 42.05 0 0.472874 1761.41 308.08 30.14 47.38 0 0.471844 1487.05 452.84 26.53 45.95 0 0.469560 1609.12 41.38 27.35 39.88 0 0.460463 1370.86 202.33 26.31 40.68 0 0.455931 1257.52 87.08 24.50 32.08 0 0.454801 943.21 0.00 19.99 35.74 0 0.447229 1718.59 418.10 31.02 49.48 0 0.445418 1412.36 352.25 28.96 40.23 0 0.445290 1687.06 423.46 32.76 41.31 0 0.443652 1635.08 40.87 25.86 37.86 0 0.439999 1316.48 841.57 65.88 32.02 0 0.439857 1323.45 212.77 27.40 42.87 0 0.430055 1489.97 343.19 28.00 43.62 0 0.427070 1038.05 747.48 27.73 50.60 0 0.425023 1221.82 523.72 61.99 27.76 0 0.420477 1268.12 157.23 22.04 35.92 0 0.420323 1523.01 193.88 28.52 38.21 0 0.416363 1429.66 199.30 27.72 42.42 0 0.414354 1252.81 219.61 25.37 36.54 0 0.412846 1492.37 136.01 25.30 38.46 0 0.412616 1086.91 268.18 45.46 25.91 0 0.411564 1620.55 328.28 26.38 44.03 0 0.410873 1214.60 95.01 28.43 36.33 0 0.408322 1262.44 84.04 25.24 32.15 0 0.407175 1672.88 320.98 30.27 42.88 0 0.406878 1516.05 278.82 23.47 37.92 0 0.406034 1441.86 356.46 27.55 41.13 0 0.405500 1356.66 359.64 30.69 40.19 0 0.404979 1682.54 258.89 23.05 30.34 0 0.397190 1300.63 81.13 21.46 35.49 0 0.393438 1241.81 600.50 56.85 30.15 0 0.384331 1693.66 423.04 33.06 43.19 0 0.384318 1333.01 363.20 27.07 38.79 0 0.382823 1029.63 11.14 39.87 24.00 0 0.374699 1702.74 257.07 24.60 31.82 0 0.372268 1385.73 203.12 24.68 39.37 0 0.368756 1611.14 323.91 25.19 43.40 0 0.354790 1573.83 335.05 27.28 44.26 0 0.348265 1247.88 628.76 46.70 26.39 0 0.331692 829.53 145.83 30.82 53.68 0 0.329981 1654.73 37.52 26.65 36.66 0 0.327526 1693.30 316.91 31.38 44.32 0 0.325539 1246.77 632.37 44.87 26.90 0 0.316207 1342.18 491.50 33.61 26.00 0 0.315613 1271.99 217.89 23.35 38.38 0 0.315334 836.39 349.99 31.40 36.00 0 0.315239 1327.54 363.78 26.97 38.74 0 0.312766 1535.53 338.34 28.57 43.18 0 0.309279 1676.80 33.47 25.32 37.36 0 0.306719 1037.31 738.72 25.79 46.45 0 0.300800 1300.12 812.00 71.70 35.16 0 0.297145 1670.64 43.72 31.43 37.47 0 0.295863 1237.90 180.79 25.05 30.23 0 0.292416 1515.88 192.74 29.24 38.24 0 0.286433 1514.42 343.18 24.29 42.60 0 0.284655 968.06 149.18 24.15 40.05 0 0.278055 1224.62 555.31 61.11 31.04 0 0.273585 1495.50 278.88 24.35 37.80 0 0.272992 1646.14 327.41 25.17 42.93 0 0.271678 1407.16 201.35 26.46 40.88 0 0.269244 1469.74 852.71 14.76 20.44 2 0.266841 1165.61 91.67 27.51 39.25 0 0.261121 1034.36 14.12 37.92 24.69 0 0.256021 1028.71 0.00 40.79 21.11 0 0.254669 1610.02 194.36 22.05 28.12 0
57,0.376194 60.55 669.91 48.71 50.09 0 0.346252 1061.31 363.62 15.52 18.20 3 0.308121 624.21 355.55 12.82 20.80 2 0.304576 1279.84 648.24 25.70 21.29 0 0.288184 1270.31 627.57 29.06 21.28 0 0.269743 1324.65 691.99 19.35 25.35 0 0.255496 1199.84 595.57 25.79 36.98 0 0.253801 383.29 255.97 30.42 18.32 3 0.250320 373.60 241.44 19.41 16.00 3
58,0.583908 0.00 248.10 33.26 42.19 0 0.509607 33.66 2.51 58.80 42.90 0 0.496166 103.20 77.87 54.42 29.92 0 0.421963 36.77 4.33 55.73 41.60 1 0.324170 355.69 0.00 48.55 24.36 0 0.304023 1307.12 363.64 36.46 75.95 0 0.275204 791.33 567.40 17.09 16.92 2 0.271047 521.48 127.88 35.35 46.63 0 0.259765 529.42 136.38 32.57 47.07 0 0.255824 1299.42 347.47 43.50 47.47 0 0.250328 0.25 30.41 28.20 34.66 0
59,0.380324 1139.30 44.86 37.55 20.48 0 0.343828 538.67 127.30 14.09 24.43 3 0.307794 1173.16 197.93 31.24 31.57 0 0.307263 942.67 421.90 22.26 50.33 1 0.302458 873.51 153.80 13.21 18.32 3 0.302237 1187.26 168.12 20.26 22.57 3 0.274999 625.87 2.59 16.77 17.32 3
60,0.543680 0.00 202.65 27.10 39.13 0 0.290381 234.22 0.00 47.14 18.20 0 0.284847 567.49 240.87 36.41 28.40 0 0.281353 515.36 80.89 35.34 37.60 0 0.280966 65.36 381.16 15.30 16.86 2
61,0.617285 1118.71 297.16 24.82 34.45 0 0.601693 1243.56 579.99 38.94 103.35 1 0.584232 1089.10 546.87 27.85 48.58 0 0.565925 1132.46 197.60 26.18 37.39 0 0.536869 1117.14 340.21 24.44 38.31 0 0.507085 1129.15 253.33 24.67 41.53 0 0.490380 738.55 131.84 42.89 39.54 1 0.471287 1110.28 384.46 34.87 59.17 1 0.453026 837.11 210.43 43.13 27.20 0 0.439434 1109.08 382.38 35.77 58.75 0 0.390254 831.12 232.93 34.17 32.39 0 0.389965 567.07 662.18 60.44 34.73 0 0.372539 736.96 126.76 39.33 34.22 1 0.368634 1247.20 575.23 33.25 58.56 1 0.362253 570.48 667.69 63.22 38.12 0 0.357660 870.53 46.53 36.31 20.52 0 0.315796 1129.74 192.95 24.91 40.96 0 0.296693 848.81 157.88 23.30 20.88 0 0.271878 943.55 91.64 15.83 20.35 0 0.267335 863.52 130.68 26.37 25.83 0 0.266443 863.81 123.86 25.82 28.75 0
62,0.563468 0.00 548.87 33.99 70.36 0 0.469727 316.42 372.20 14.84 17.45 2 0.431329 336.59 398.46 14.41 15.57 2 0.428946 553.56 641.55 16.38 18.00 3 0.388321 0.00 638.96 59.37 68.13 0 0.318621 425.45 426.77 17.93 14.11 3 0.305686 1112.28 477.50 20.85 19.84 3 0.262982 0.00 543.06 41.33 64.22 0
63,0.396706 110.67 0.00 57.60 55.21 0 0.326438 164.75 630.66 20.06 19.01 3 0.321487 1228.97 0.00 47.03 34.40 0 0.264645 720.62 377.92 13.73 19.37 3 0.252460 551.93 74.84 20.72 19.67 3
64,0.511547 290.74 32.90 18.54 23.50 3 0.445345 383.57 406.50 14.49 19.04 3 0.411486 969.50 156.33 22.83 63.27 1 0.390744 366.55 24.89 15.32 20.56 3 0.380752 1201.74 538.29 26.86 39.31 0 0.374160 146.12 692.41 27.92 27.59 3 0.353010 58.35 639.81 51.41 71.55 1 0.350539 311.36 30.80 18.04 24.70 3 0.350075 982.14 361.50 20.73 20.45 3 0.336768 339.77 31.64 20.08 24.19 3 0.305059 1056.63 665.09 21.72 27.12 3 0.301045 1067.41 306.62 18.41 18.85 3 0.278270 69.01 677.12 41.05 41.00 0 0.277186 114.05 80.20 23.84 73.77 1 0.268231 63.09 644.14 46.50 38.47 0 0.252112 57.99 664.28 49.03 55.72 1
65,0.436900 540.21 517.72 19.10 30.14 3 0.333114 347.16 359.08 52.62 56.21 1 0.290150 1231.13 0.00 49.98 44.37 1 0.260639 764.71 245.33 24.40 30.97 0
66,0.642002 1119.89 345.31 25.20 40.93 0 0.610825 1132.37 258.55 24.82 44.14 0 0.581638 569.53 676.05 64.80 37.38 0 0.540065 1122.64 302.54 25.46 36.98 0 0.528207 1093.52 558.16 26.06 50.78 0 0.506598 1137.43 201.73 24.27 37.17 0 0.505506 866.46 132.43 26.90 30.73 0 0.501424 838.87 213.12 44.35 29.37 0 0.463764 1115.26 389.11 33.24 54.74 0 0.417621 836.12 242.04 36.54 29.04 0 0.393964 875.12 47.29 38.06 24.80 0 0.346311 744.24 135.85 41.57 36.57 0 0.345082 1253.58 622.16 32.46 63.40 1 0.323753 1250.16 582.41 39.09 102.33 1 0.281784 1251.48 585.62 36.01 61.65 1 0.271058 837.49 214.61 40.67 37.26 0
67,0.564351 1105.19 65.96 30.11 43.92 0 0.442608 1078.52 45.55 27.70 41.40 0 0.392985 1012.62 0.00 27.83 45.05 0 0.319666 928.41 60.13 53.48 29.09 0 0.298872 304.92 658.01 15.68 18.56 2 0.294077 269.16 555.60 16.32 21.09 2 0.255739 1073.09 48.02 35.19 43.25 0 0.255697 569.02 296.37 13.76 15.34 2
68,0.793992 785.12 204.78 28.21 44.43 0 0.785390 830.50 200.21 35.81 61.28 1 0.691545 625.98 565.50 31.11 52.82 0 0.679211 351.95 558.50 34.20 49.69 0 0.677192 789.06 311.80 25.45 44.27 0 0.674846 653.59 428.00 27.83 50.09 0 0.650684 625.73 428.32 27.73 48.46 0 0.650151 697.30 522.14 25.44 43.91 0 0.617476 1846.11 129.80 26.72 27.16 0 0.613545 573.87 297.49 32.80 44.01 0 0.607772 1456.46 350.51 25.43 38.51 0 0.599848 1484.05 480.56 31.82 45.79 0 0.593166 1818.89 128.92 24.29 26.49 0 0.590017 994.06 207.44 45.97 21.62 0 0.589312 1355.79 547.19 30.42 56.08 0 0.584091 523.58 672.42 30.74 58.97 0 0.579988 556.37 672.81 31.54 53.64 0 0.578684 1438.46 262.01 27.94 36.53 0 0.577638 716.52 672.20 33.84 57.39 0 0.573799 361.28 263.69 31.95 43.70 0 0.571111 346.14 310.62 30.65 42.80 0 0.567478 551.11 378.56 27.95 41.99 0 0.565047 533.48 562.36 31.86 56.87 0 0.564927 566.39 563.65 29.73 54.68 0 0.557187 654.09 307.57 28.23 44.01 0 0.556831 1658.97 107.57 18.65 28.96 0 0.544607 546.61 415.19 30.23 48.04 0 0.542473 321.07 356.19 34.04 41.13 0 0.533670 626.91 305.81 26.32 40.82 0 0.528344 354.87 672.57 35.82 57.78 0 0.524841 389.18 675.15 38.44 58.50 0 0.523103 720.23 386.19 26.15 43.84 0 0.518714 296.79 397.71 39.55 42.35 0 0.514737 1445.46 147.21 26.62 38.99 0 0.514350 529.22 378.11 24.70 38.14 0 0.512070 724.58 522.49 26.60 46.40 0 0.509387 547.33 516.46 28.55 46.23 0 0.506819 1348.40 489.48 30.49 59.58 0 0.502336 483.84 421.90 32.08 44.33 0 0.497674 277.08 449.09 33.84 45.04 0 0.496738 756.05 523.01 28.36 47.38 0 0.493109 492.04 301.47 28.78 39.37 0 0.488859 785.98 673.23 30.04 54.56 0 0.488065 222.44 557.00 33.09 46.87 0 0.487335 589.90 195.07 27.19 39.33 0 0.487258 683.93 671.71 29.22 59.76 0 0.486191 1692.84 782.41 74.16 31.00 0 0.485144 1711.06 113.31 19.91 27.70 0 0.483359 493.34 673.58 31.90 55.15 0 0.477167 1505.98 578.59 35.90 47.68 0 0.476575 668.80 519.20 24.80 41.20 0 0.471846 686.24 198.10 27.74 42.46 0 0.464694 516.07 186.76 29.11 47.66 0 0.464150 1321.87 306.63 23.62 46.67 0 0.458861 1773.56 906.28 78.74 32.38 0 0.456476 748.02 386.63 25.64 44.35 0 0.453844 693.59 385.59 22.95 41.19 0 0.448605 1685.65 109.94 20.57 29.68 0 0.439834 384.41 560.58 32.73 48.80 0 0.434590 607.67 382.46 23.21 41.44 0 0.427118 1704.61 30.80 29.00 22.54 0 0.422623 520.49 299.13 30.11 40.91 0 0.419278 787.53 186.68 32.99 38.73 0 0.418135 1642.88 913.70 69.93 56.02 0 0.417044 387.51 215.71 29.87 44.10 0 0.413478 1668.92 506.13 33.98 42.71 0 0.412821 1332.54 383.51 27.43 49.25 0 0.410720 1342.87 448.56 24.66 44.08 0 0.408110 1783.96 53.21 17.02 24.82 0 0.402654 1827.78 59.33 22.03 20.85 0 0.400639 555.83 378.10 25.64 37.57 0 0.398270 1741.57 152.60 37.60 22.43 0 0.397627 1492.06 530.54 33.49 44.00 0 0.396167 1465.19 392.19 23.36 36.06 0 0.389003 244.56 508.62 35.53 47.10 0 0.380736 1411.40 124.74 21.03 30.12 0 0.380384 660.19 428.93 30.93 49.11 0 0.375898 1324.23 343.16 27.68 41.27 0 0.371475 667.12 384.42 23.48 40.36 0 0.369141 1802.54 57.30 19.06 22.72 0 0.361653 1790.63 125.08 25.05 27.19 0 0.356359 769.89 405.09 34.15 78.78 0 0.353276 1636.81 105.25 19.44 27.55 0 0.353199 653.44 672.30 30.94 51.89 0 0.352340 637.69 200.07 27.16 38.53 0 0.351084 489.17 305.96 28.42 40.27 0 0.349927 638.22 520.64 26.37 45.53 0 0.339555 1611.01 106.56 22.28 26.86 0 0.330101 293.35 397.76 37.43 48.86 0 0.328179 1642.45 924.94 72.01 59.25 0 0.322656 773.73 387.89 29.87 57.22 0 0.322093 455.99 418.31 30.03 43.52 0 0.315243 1446.22 307.44 24.12 39.31 0 0.313742 735.39 308.85 25.03 45.27 0 0.313265 1419.56 192.51 25.90 36.77 0 0.311967 1755.65 52.23 22.60 26.29 0 0.309226 707.21 300.99 27.64 46.39 0 0.307501 1095.92 730.97 83.29 39.28 1 0.305881 1100.19 210.75 37.18 19.94 0 0.305390 739.28 434.97 27.47 47.84 0 0.302963 715.36 430.86 24.57 42.49 0 0.300183 669.21 671.30 35.26 53.28 0 0.299605 1494.52 356.35 28.06 39.12 0 0.297962 1680.39 1017.54 28.57 23.70 3 0.295172 1665.04 38.20 25.85 27.81 0 0.291070 1399.05 655.36 22.97 28.68 3 0.271257 1751.22 38.11 25.78 22.39 0 0.262556 1476.45 435.43 25.85 39.01 0 0.262393 1676.20 0.00 33.92 17.01 0 0.260862 1634.69 0.00 26.95 14.17 0 0.260317 1400.29 90.08 24.91 29.06 1 0.259863 689.43 793.04 40.54 24.84 3 0.255011 1351.29 542.15 31.02 63.05 0 0.254773 1771.89 785.79 55.58 26.89 0 0.254587 629.98 565.39 33.67 54.93 0 0.253736 1652.92 225.34 36.03 20.72 0
69,0.801480 1444.73 142.62 23.29 35.65 0 0.729924 1436.00 261.58 30.97 39.08 0 0.708882 569.36 294.94 30.59 45.13 0 0.699881 383.10 675.95 37.17 58.96 0 0.691812 1709.27 108.26 23.20 29.89 0 0.664791 650.73 428.11 29.54 48.73 0 0.649512 336.95 310.75 33.38 39.87 0 0.640730 509.05 186.84 28.87 46.51 0 0.639894 550.01 671.66 32.33 55.53 0 0.639017 1484.39 479.52 31.73 45.50 0 0.632122 618.80 427.93 28.06 47.02 0 0.626838 584.79 189.85 29.14 43.58 0 0.612768 1489.50 525.16 30.51 43.77 0 0.606609 713.97 671.30 31.33 57.68 0 0.606347 826.93 194.87 33.42 64.40 1 0.605634 783.61 308.85 27.19 46.03 0 0.602863 651.66 304.42 25.85 39.58 0 0.592385 650.09 667.92 30.49 53.05 0 0.582842 1682.23 104.86 22.32 28.06 0 0.568690 1527.90 15.34 27.93 26.00 0 0.560580 723.09 517.42 26.41 49.44 0 0.560577 518.54 671.74 31.38 57.13 0 0.560147 1444.76 305.77 26.30 34.46 0 0.556462 1347.86 486.33 28.34 54.29 0 0.547661 784.70 203.15 26.50 45.31 0 0.544723 240.74 505.44 36.56 48.20 0 0.544187 1643.31 918.90 67.64 59.03 0 0.540230 1319.19 303.41 24.24 40.81 0 0.536088 523.50 377.29 28.20 37.89 0 0.533161 381.17 217.23 30.32 41.81 0 0.531248 624.12 567.60 29.68 47.43 0 0.528836 530.22 561.60 29.65 55.33 0 0.528007 348.88 671.78 38.72 59.62 0 0.526684 540.95 513.09 32.96 48.61 0 0.525608 782.65 673.27 29.69 52.77 0 0.521337 1351.51 545.33 27.39 53.97 0 0.521153 377.46 557.30 33.66 50.31 0 0.516432 622.96 301.41 25.31 40.82 0 0.514934 356.24 264.47 32.25 41.71 0 0.512958 698.34 303.75 27.61 46.30 0 0.512286 269.62 449.09 34.26 49.05 0 0.510227 316.92 350.79 39.03 42.73 0 0.498896 664.41 516.73 25.85 41.42 0 0.496811 550.02 377.55 28.25 36.59 0 0.496280 679.93 197.24 26.00 41.53 0 0.495088 1666.97 501.49 34.60 44.06 0 0.484265 563.06 561.26 30.10 54.67 0 0.481680 602.55 381.25 24.74 38.05 0 0.481023 1819.17 123.85 20.57 27.88 0 0.480265 219.30 556.00 30.15 48.00 0 0.478836 1462.94 390.14 26.37 38.24 0 0.477604 345.25 556.58 35.87 50.38 0 0.473885 1324.69 348.36 25.99 38.24 0 0.469130 787.70 180.97 27.21 27.03 0 0.468573 982.66 201.81 54.45 25.81 0 0.468206 1567.67 17.41 27.84 22.35 0 0.465816 512.24 184.88 32.14 49.22 0 0.459148 1608.66 19.52 31.96 18.46 0 0.457726 1504.85 574.38 36.99 50.20 0 0.456345 768.23 383.86 33.09 56.06 0 0.456044 692.81 517.80 26.50 49.29 0 0.450784 1552.44 683.86 27.26 30.15 3 0.450364 1612.55 102.79 23.60 27.29 0 0.445192 764.80 402.10 38.85 75.73 0 0.437166 478.32 421.89 29.75 41.56 0 0.434457 1771.28 902.15 82.06 35.19 0 0.430815 515.27 295.34 28.60 43.47 0 0.425161 538.84 418.71 31.27 46.06 0 0.421379 716.35 384.56 25.72 43.13 0 0.420121 687.78 383.85 23.64 43.59 0 0.420025 1331.04 381.88 28.34 50.89 0 0.418241 755.35 519.76 27.69 48.29 0 0.415724 637.71 516.67 27.21 38.64 0 0.413180 1701.34 781.44 67.70 29.75 0 0.409096 294.26 397.00 40.30 45.79 0 0.407335 734.15 428.57 30.51 52.32 0 0.406371 1471.22 426.89 28.38 44.09 0 0.406341 1454.70 347.33 25.87 39.08 0 0.387306 742.43 385.93 26.40 41.72 0 0.387029 1847.17 124.80 23.07 27.55 0 0.369081 313.55 355.73 38.37 42.87 0 0.368108 630.46 197.53 26.42 37.83 0 0.367787 709.91 430.08 29.67 47.84 0 0.366394 1784.10 121.42 23.92 27.73 0 0.363975 680.22 670.87 31.72 54.79 0 0.356737 1662.23 36.50 28.94 28.01 0 0.353310 1398.13 85.25 21.99 27.03 0 0.353062 1487.35 503.32 33.02 57.43 0 0.352754 1091.09 731.16 88.40 37.25 0 0.348203 1631.16 104.61 26.47 24.72 0 0.343110 487.35 673.54 30.63 51.71 0 0.342716 579.19 260.71 27.59 31.31 0 0.335054 634.07 515.41 25.40 40.34 0 0.333472 1451.11 10.09 43.82 30.80 0 0.330648 662.05 379.78 26.06 39.35 0 0.327213 1679.77 0.00 32.52 15.93 0 0.326282 1733.35 146.46 33.55 25.43 0 0.325055 1150.14 211.97 42.96 22.30 0 0.323547 435.96 90.89 28.65 38.14 0 0.323114 1690.69 780.38 66.64 31.71 0 0.322450 1653.77 105.16 22.80 25.17 0 0.322158 728.34 306.78 25.87 43.34 0 0.316914 629.39 265.22 26.76 40.81 0 0.312167 1096.84 207.57 38.29 19.31 0 0.308982 1802.90 52.01 21.04 26.19 0 0.304966 485.45 302.79 28.00 39.84 0 0.303649 1730.93 112.45 23.63 28.14 0 0.300972 1769.84 783.28 52.85 28.93 0 0.300713 593.86 261.92 25.32 31.04 0 0.299341 1789.75 120.93 24.81 30.25 0 0.291121 1750.86 46.90 29.22 29.97 0 0.290625 656.91 381.99 25.27 42.57 0 0.284053 436.56 301.26 16.93 19.81 3 0.281951 494.23 673.59 30.72 53.29 0 0.277436 606.27 730.42 17.58 27.28 3 0.276271 498.01 298.31 32.60 40.88 0 0.273002 1649.40 215.73 39.01 28.32 0 0.269218 636.11 195.41 26.90 37.88 0 0.269168 1420.21 189.40 27.99 38.38 0 0.264046 1651.65 211.66 38.20 28.00 0 0.261959 683.81 195.70 27.56 42.45 0 0.261373 1827.17 51.72 22.95 26.52 0 0.255290 1352.62 491.24 28.94 54.19 0
70,0.757794 530.40 516.44 33.34 50.89 0 0.731816 311.92 440.08 37.18 48.70 0 0.715534 1507.23 633.99 33.51 46.15 0 0.710445 232.15 606.06 36.99 52.18 0 0.681379 380.22 295.55 29.47 47.56 0 0.680130 1340.57 480.30 27.98 52.33 0 0.678793 548.36 468.26 27.29 42.52 0 0.678512 1363.40 655.87 30.44 60.11 0 0.671427 641.17 787.44 32.05 57.75 0 0.662787 1468.45 441.44 26.79 41.57 0 0.653631 284.37 490.66 40.36 49.33 0 0.644127 333.46 393.30 31.90 44.74 0 0.643054 648.57 524.98 31.58 52.02 0 0.633611 614.02 524.37 33.08 52.45 0 0.631546 783.49 401.10 28.23 45.24 0 0.630613 204.34 664.93 34.36 46.29 0 0.623892 783.42 283.77 32.86 50.77 0 0.622443 1459.01 242.42 30.04 39.77 0 0.619717 621.23 391.34 30.51 45.91 0 0.595073 1094.91 853.41 88.38 40.22 1 0.592360 354.52 347.56 29.46 45.52 0 0.592046 259.13 546.87 40.09 49.39 0 0.591410 1610.58 177.15 20.24 29.87 0 0.588991 1517.09 682.55 40.22 59.53 0 0.587835 1807.33 124.11 17.72 27.85 0 0.586768 331.72 659.75 35.76 54.20 0 0.582255 673.45 785.37 32.80 58.82 0 0.582025 617.08 675.21 32.22 48.94 0 0.577896 1421.95 205.84 23.16 29.09 0 0.576933 774.21 786.13 38.20 62.41 0 0.575155 719.54 623.94 29.90 51.58 0 0.570305 372.42 789.25 37.12 62.50 0 0.565857 476.49 787.48 34.40 55.89 0 0.565480 707.35 786.89 35.29 61.59 0 0.561068 748.66 625.26 30.85 51.71 0 0.560402 518.95 468.37 28.23 42.12 0 0.550402 1485.95 532.92 29.55 44.22 0 0.543648 687.19 622.82 30.99 53.32 0 0.532380 567.64 383.53 33.33 50.65 0 0.527679 1869.54 207.79 25.65 24.52 0 0.522434 1634.05 180.68 17.85 30.04 0 0.520759 1849.39 177.09 33.27 21.63 0 0.520373 507.35 792.22 30.81 59.14 0 0.517413 628.76 619.05 28.31 50.53 0 0.517059 1160.80 298.38 43.21 20.97 0 0.509106 1437.28 286.07 28.25 48.62 0 0.507236 1357.14 587.66 31.40 57.38 0 0.502494 1684.23 602.80 32.95 52.11 0 0.501875 535.81 617.48 33.97 50.59 0 0.491697 1459.93 394.91 26.49 41.36 0 0.485840 507.21 269.89 28.34 45.70 0 0.485001 1581.84 91.39 27.11 23.43 0 0.484499 364.61 661.46 33.68 53.19 0 0.483425 1677.92 303.68 39.85 24.76 0 0.482332 541.30 788.88 35.34 55.18 0 0.477519 334.56 784.20 41.24 62.57 0 0.474840 830.43 278.69 36.94 63.48 0 0.471205 1759.45 195.27 20.27 26.42 0 0.469071 1529.34 498.19 41.76 38.10 0 0.464719 688.03 476.37 25.78 43.56 0 0.463994 1651.11 68.60 31.18 19.84 0 0.463304 1795.20 1044.83 85.85 34.55 0 0.461191 1849.95 134.60 21.39 23.09 0 0.459813 553.51 672.48 32.42 56.10 0 0.459260 761.08 507.29 39.43 77.73 0 0.456041 1711.66 913.45 77.39 34.16 0 0.440800 584.49 275.96 27.60 41.30 0 0.430938 1829.84 131.03 21.49 27.36 0 0.427397 1816.79 230.94 38.77 21.00 0 0.426276 1102.13 294.45 47.46 23.65 0 0.425573 1494.44 582.51 31.75 50.39 0 0.423124 683.17 279.60 28.49 45.68 0 0.422265 1474.79 486.12 31.84 49.68 0 0.421510 650.42 395.48 29.01 46.72 0 0.419520 522.65 672.25 34.54 53.92 0 0.411757 753.45 627.34 32.60 52.21 0 0.410730 829.22 279.52 39.93 66.11 1 0.410730 785.04 266.74 35.85 47.79 0 0.410334 742.37 479.65 24.82 43.60 0 0.409847 473.47 515.86 30.39 44.60 0 0.409758 1439.17 304.80 29.06 43.46 0 0.406201 1703.41 187.72 20.80 27.66 0 0.404085 993.04 286.70 54.02 27.52 0 0.400285 716.15 527.06 33.73 53.01 0 0.398848 1357.89 600.01 32.25 57.55 0 0.392806 534.75 513.79 34.33 51.83 0 0.391365 1433.79 274.19 30.17 40.29 0 0.387271 626.38 356.27 30.45 36.35 0 0.386606 482.13 388.36 28.13 42.64 0 0.380578 997.19 856.62 75.19 33.53 0 0.379936 656.64 619.88 28.73 48.61 0 0.377850 1349.44 551.44 28.46 44.29 0 0.374514 599.46 850.57 21.20 26.25 3 0.370843 1811.08 203.66 31.14 28.23 0 0.367897 768.26 480.29 33.04 53.73 0 0.357428 1624.14 93.22 31.00 23.07 0 0.355650 443.06 512.35 30.23 50.72 0 0.353339 432.64 388.28 21.06 25.74 3 0.349493 729.14 529.00 34.35 56.59 0 0.344507 1549.13 90.84 27.29 27.00 0 0.340756 1686.53 118.01 22.13 30.52 0 0.335504 1651.94 180.47 19.75 31.53 0 0.330368 507.26 852.22 20.30 33.25 3 0.329715 1857.71 177.82 32.48 21.16 0 0.322289 437.52 515.41 33.47 53.84 0 0.320560 434.76 854.28 19.13 27.68 3 0.317333 633.53 278.14 28.82 36.79 0 0.315731 1836.80 207.42 32.79 27.55 0 0.309609 1092.97 853.97 89.80 39.53 0 0.299321 1674.97 183.15 20.30 31.50 0 0.296227 714.37 479.61 26.03 44.15 0 0.291394 836.11 233.67 26.04 23.87 0 0.290202 1778.06 125.50 23.30 27.18 0 0.288132 1729.02 105.20 24.94 22.21 0 0.284397 699.00 395.87 27.64 46.41 0 0.281861 119.21 798.39 29.36 30.59 3 0.276412 339.68 784.53 45.42 55.29 0 0.271000 642.51 280.23 31.32 36.34 0 0.267975 1338.84 462.87 27.25 53.00 0 0.265980 196.06 735.50 27.44 42.20 0 0.264194 223.19 606.37 42.78 58.02 0 0.264127 1333.89 440.76 30.14 39.17 0 0.262750 600.09 474.90 24.00 41.48 0 0.260244 1687.25 106.57 23.87 29.40 0 0.258395 370.12 666.04 35.34 51.31 0 0.256451 513.73 470.67 29.44 42.20 0 0.255543 1729.78 192.27 17.99 26.92 0
71,0.756416 1317.41 223.92 28.01 53.99 0 0.712215 640.47 284.15 28.29 46.64 0 0.692650 790.90 173.44 25.71 44.94 0 0.677207 685.18 71.75 28.77 41.34 0 0.669254 1337.14 327.01 28.68 47.89 0 0.654911 502.28 283.50 26.08 39.83 0 0.626760 1343.39 374.16 27.77 52.70 0 0.624700 1433.63 196.02 29.68 36.78 0 0.621194 531.72 163.63 24.19 45.86 0 0.618815 380.07 404.23 32.91 48.75 0 0.614349 1140.86 80.92 47.07 20.24 0 0.613331 592.16 71.57 26.12 40.76 0 0.607911 527.32 508.32 29.33 49.56 0 0.604090 710.61 165.60 27.09 47.18 0 0.601505 668.52 283.24 28.02 47.74 0 0.598237 587.99 503.33 30.47 49.27 0 0.596237 741.23 503.19 30.25 51.20 0 0.595278 650.20 408.03 29.68 50.17 0 0.588391 1464.53 311.27 26.82 40.51 0 0.586752 559.48 280.50 29.54 45.79 0 0.585833 425.54 509.58 33.13 54.72 0 0.575472 701.09 241.71 25.45 41.49 0 0.566107 516.42 68.56 30.46 43.42 0 0.555403 258.91 411.38 31.42 42.43 0 0.547009 1414.78 115.44 28.11 37.36 0 0.544957 806.11 499.71 30.67 53.29 0 0.538746 726.56 275.69 25.39 47.79 0 0.536930 640.26 73.77 26.01 39.10 0 0.536603 592.28 411.15 30.19 46.64 0 0.532236 771.90 366.95 27.52 43.02 0 0.529054 1759.53 680.03 61.27 29.25 0 0.521832 1546.91 820.49 30.95 48.90 0 0.519649 707.19 502.76 34.38 53.08 0 0.519309 278.07 362.92 32.92 48.63 0 0.515159 782.01 55.76 33.11 41.87 0 0.512619 360.28 180.78 34.05 38.97 0 0.510031 501.92 173.19 26.74 38.11 0 0.504847 1485.97 394.98 35.09 50.65 0 0.504649 713.96 366.53 29.03 44.72 0 0.498470 304.38 312.74 32.12 42.20 0 0.496604 744.06 365.78 28.84 44.84 0 0.491969 319.16 264.50 39.10 43.40 0 0.488587 567.62 239.72 27.07 40.99 0 0.488123 677.65 243.08 23.91 39.48 0 0.483859 1372.47 118.07 22.62 36.65 0 0.483682 623.39 242.41 23.77 40.43 0 0.482902 782.66 71.06 29.17 51.31 0 0.480757 395.66 510.20 30.62 50.86 0 0.479000 556.16 507.24 29.32 48.99 0 0.467611 1454.11 268.12 26.63 36.23 0 0.462890 709.90 4.26 37.51 35.86 0 0.462757 749.80 278.57 26.24 51.28 0 0.443848 558.89 411.82 29.40 47.92 0 0.441852 1474.67 357.26 29.79 40.06 0 0.431310 738.59 169.24 27.00 45.19 0 0.425419 1423.07 159.89 27.72 34.67 0 0.424783 397.89 97.90 27.85 40.89 0 0.423782 413.21 404.53 28.95 51.03 0 0.419766 543.63 241.99 26.37 39.32 0 0.417167 1434.75 61.45 24.28 32.43 0 0.415429 344.38 221.95 32.88 38.94 0 0.414655 582.75 152.64 29.35 56.09 0 0.412136 1340.03 0.00 26.65 15.71 0 0.411953 373.87 144.06 29.69 40.37 0 0.410796 781.84 244.59 30.83 69.09 0 0.404099 726.51 244.62 26.14 40.04 0 0.403335 758.33 246.21 28.62 47.11 0 0.398270 478.27 282.79 27.17 39.41 0 0.396283 1625.34 689.43 71.32 48.77 0 0.395712 272.01 361.58 34.20 52.34 0 0.394019 633.02 172.28 26.81 42.45 0 0.377743 663.60 173.84 25.75 42.29 0 0.377694 568.17 367.55 29.31 35.82 0 0.373677 1531.51 482.59 28.97 36.23 3 0.373538 1397.50 54.73 28.37 30.55 0 0.361849 1869.96 725.64 44.32 50.89 0 0.354727 1461.69 297.87 27.79 46.91 0 0.347216 1745.41 571.62 56.52 27.61 0 0.343892 678.68 73.66 30.28 42.33 0 0.342610 1597.81 839.30 44.49 63.42 0 0.340048 1404.41 55.14 28.20 31.53 0 0.332467 1451.41 107.82 28.67 41.34 0 0.329192 1302.43 159.12 25.84 34.13 0 0.328848 1885.35 573.19 33.21 34.35 0 0.323606 1575.21 730.29 33.23 53.34 0 0.323002 643.31 137.15 26.66 35.40 0 0.321395 826.90 67.41 31.54 57.50 1 0.320479 1012.98 549.16 69.26 31.75 0 0.304252 1470.14 351.00 31.59 45.21 0 0.302883 1640.90 331.35 32.03 42.56 0 0.301439 1763.08 0.00 46.02 15.17 0 0.297952 983.61 74.40 52.86 24.44 0 0.297824 639.14 139.30 26.86 37.60 0 0.294662 784.28 8.91 35.18 38.20 0 0.290536 1385.03 0.00 23.11 20.51 0 0.290325 582.17 505.05 30.07 50.26 0 0.287538 680.20 502.64 26.11 46.52 0 0.285420 1746.78 0.00 38.52 14.04 0 0.283379 700.62 3.38 30.72 34.98 0 0.283329 780.00 254.63 33.47 77.69 0 0.281243 475.15 286.76 28.06 42.08 0 0.278315 1607.64 1036.91 44.04 43.09 0 0.277803 1670.05 571.18 68.91 28.58 0 0.271328 1441.84 108.13 28.29 41.08 0 0.261159 1661.20 574.27 75.52 31.22 0 0.251791 1678.70 832.82 28.98 20.50 3 0.250585 589.83 155.94 30.61 52.24 0
72,0.681695 0.42 969.24 45.42 41.43 0 0.626075 929.28 189.41 35.70 60.81 0 0.612271 427.55 196.86 58.81 41.10 0 0.564104 540.55 241.91 62.56 44.83 0 0.547925 160.37 1036.71 71.55 41.25 0 0.546048 487.22 220.40 50.91 41.34 0 0.502696 45.11 147.76 73.18 42.45 0 0.500605 246.97 120.52 61.72 41.53 0 0.492591 930.34 199.13 32.03 56.85 0 0.478241 367.74 168.20 54.98 41.30 0 0.455488 181.35 98.05 59.59 38.65 0 0.452543 5.27 931.62 56.41 40.91 0 0.450149 363.99 1054.87 67.01 25.13 0 0.449244 393.51 995.30 63.51 36.91 0 0.443945 313.29 147.77 46.75 33.96 0 0.421959 196.27 970.58 61.13 40.02 0 0.420314 11.44 893.11 77.63 47.73 0 0.414600 933.87 185.29 33.40 48.01 0 0.413010 867.00 397.41 58.05 29.08 0 0.409195 124.60 235.21 58.58 40.15 0 0.409151 532.56 978.18 18.77 24.86 3 0.407232 567.04 678.07 52.72 71.72 1 0.404868 657.18 275.10 38.81 26.80 3 0.398612 10.47 0.00 67.61 27.91 0 0.394716 249.35 289.34 73.02 44.63 0 0.388219 179.75 1002.08 64.52 40.11 0 0.386126 806.92 179.57 38.57 60.71 0 0.383487 41.04 33.03 38.44 35.23 0 0.372401 378.78 344.17 77.33 50.51 0 0.370524 5.17 912.34 74.06 54.73 0 0.363748 357.75 1045.87 67.19 34.13 0 0.363219 0.00 995.28 33.95 43.47 0 0.360254 902.33 321.48 48.71 34.36 0 0.358222 998.85 158.26 61.45 49.04 0 0.349974 885.41 0.00 37.42 56.41 0 0.343703 156.76 1044.48 67.82 35.52 0 0.321890 9.78 1042.35 81.37 37.65 0 0.304939 195.89 264.27 53.02 40.07 0 0.298626 185.28 997.28 66.52 42.25 0 0.291769 727.99 488.20 18.08 23.94 3 0.288781 1769.60 732.13 29.29 18.52 0 0.285522 1037.99 76.61 60.98 38.10 0 0.284712 1746.53 712.66 34.18 21.11 0 0.282647 515.73 33.84 62.29 40.84 0 0.282115 825.90 138.45 41.66 39.52 0 0.281410 6.58 897.99 75.98 59.83 0 0.272292 184.85 983.42 68.30 45.20 0 0.269747 1102.52 397.95 32.72 40.97 0 0.254472 803.59 186.99 36.40 60.29 0
73,0.782266 595.51 330.93 29.11 47.20 0 0.745180 384.98 764.13 30.84 57.02 0 0.727523 1343.67 571.93 32.13 44.94 0 0.707874 594.40 845.84 37.32 70.52 0 0.692866 116.06 555.03 37.06 52.42 0 0.688009 437.03 545.28 24.88 46.99 0 0.687384 806.63 302.72 53.30 25.14 0 0.681027 387.70 704.02 32.44 51.02 0 0.677932 526.57 859.75 32.21 57.56 0 0.676614 525.49 539.04 27.14 48.53 0 0.664610 386.77 344.69 25.71 42.87 0 0.658898 1314.68 481.19 31.97 37.67 0 0.654288 211.49 776.84 37.84 64.37 0 0.645342 557.11 449.71 26.59 46.81 0 0.644520 1503.26 523.93 35.53 42.30 0 0.639724 464.03 594.34 27.41 53.68 0 0.638036 239.50 911.87 37.72 67.97 0 0.637959 492.82 594.39 28.10 54.19 0 0.637949 666.73 840.14 34.44 60.34 0 0.623310 579.59 685.03 29.17 51.89 0 0.623270 485.96 748.47 29.58 62.09 0 0.622533 167.25 401.40 32.49 47.63 0 0.614831 351.46 891.12 34.15 63.48 0 0.591711 386.68 458.07 31.08 54.94 0 0.591012 975.23 293.90 56.33 22.54 0 0.582237 474.04 455.04 27.28 48.76 0 0.579280 76.01 677.16 33.99 53.10 0 0.575421 386.04 885.31 33.81 64.97 0 0.568438 580.52 581.66 30.48 55.47 0 0.558369 50.14 743.25 40.56 62.00 0 0.551050 615.19 446.45 28.12 46.03 0 0.549525 173.22 779.65 38.80 65.69 0 0.536976 302.61 347.64 32.07 51.71 0 0.532969 133.00 503.61 32.68 48.97 0 0.531174 551.86 584.44 28.66 48.84 0 0.527737 529.29 448.37 27.33 50.94 0 0.526577 325.76 473.05 27.74 47.64 0 0.524777 305.48 618.28 29.39 43.89 0 0.523081 97.01 611.57 40.24 54.75 0 0.513879 1544.14 947.76 72.24 56.90 0 0.511930 34.39 808.65 35.65 52.78 0 0.509825 495.62 537.80 26.77 47.72 0 0.500790 1782.06 951.94 52.44 69.77 0 0.497376 549.93 690.63 28.49 50.62 0 0.492891 144.42 455.07 35.73 46.25 0 0.488758 1463.20 225.44 30.23 33.13 0 0.487010 1217.20 618.53 30.52 53.82 0 0.484155 1313.54 44.94 26.03 25.98 0 0.484056 1297.57 438.90 33.13 34.51 0 0.483039 614.15 679.97 31.14 53.54 0 0.483019 1396.02 15.17 36.30 20.68 0 0.481697 554.75 536.60 27.12 43.95 0 0.480781 418.52 761.01 31.14 57.19 0 0.479705 1512.98 51.19 27.31 27.67 0 0.478216 1288.23 396.64 26.00 37.39 0 0.473261 344.11 556.58 26.61 43.70 0 0.470875 439.94 341.97 26.05 41.78 0 0.461176 444.86 453.46 27.47 51.67 0 0.460701 211.82 254.28 27.71 41.13 0 0.460102 198.12 909.76 41.17 73.26 0 0.459280 1406.57 15.63 37.15 20.04 0 0.458795 1590.01 122.77 19.96 28.64 0 0.452190 492.26 334.77 28.53 47.08 0 0.450004 1429.94 44.48 31.85 20.25 0 0.449800 1439.45 122.34 18.26 27.19 0 0.449022 371.16 594.70 29.73 56.13 0 0.443110 1511.74 41.58 29.63 24.77 0 0.441673 1517.28 124.69 17.78 25.12 0 0.440446 1363.43 441.78 44.22 23.11 0 0.440444 423.36 879.76 33.74 63.03 0 0.438863 242.66 483.70 19.30 29.29 3 0.438007 1397.59 123.12 19.09 30.52 0 0.437201 1418.71 122.74 17.30 28.43 0 0.436576 373.46 551.64 28.01 48.60 0 0.435494 1269.78 354.86 28.26 30.52 0 0.435324 1383.64 44.71 31.94 18.94 0 0.433248 1437.30 65.19 27.29 19.49 0 0.429987 1588.66 798.28 50.94 26.87 0 0.421409 1158.87 415.52 29.27 30.92 0 0.419826 1310.56 51.57 24.79 28.19 0 0.417994 560.40 856.93 33.89 65.56 0 0.413971 1489.05 122.07 18.41 26.03 0 0.411953 503.60 935.84 19.28 30.73 3 0.408496 1331.54 529.63 30.44 38.49 0 0.408089 449.19 414.03 25.39 40.23 0 0.404212 1340.92 43.52 28.15 21.32 0 0.403619 642.56 270.10 23.46 24.19 3 0.400154 646.85 318.50 32.56 63.15 0 0.395430 297.99 477.84 29.30 46.46 0 0.394622 1322.43 19.53 33.61 19.07 0 0.388763 1463.63 121.47 17.65 26.93 0 0.385902 1370.50 444.62 42.86 20.50 0 0.384249 614.90 530.70 29.42 56.39 0 0.382103 1488.99 56.42 24.30 24.00 0 0.380193 1582.44 59.91 24.03 20.71 0 0.379269 356.77 555.27 30.97 45.19 0 0.375830 583.79 533.90 26.02 43.71 0 0.372795 486.60 939.47 18.66 28.98 3 0.366193 1855.15 87.47 27.82 34.32 0 0.359496 1206.56 173.13 28.43 23.83 0 0.359002 1366.57 620.89 42.47 50.08 0 0.353955 916.16 293.83 43.56 22.92 0 0.352542 1557.57 57.33 23.08 22.73 0 0.350750 363.11 965.70 19.87 28.20 3 0.344740 136.85 469.61 36.99 64.41 0 0.341705 1195.78 135.35 23.36 21.62 0 0.339337 1563.41 124.63 21.27 25.77 0 0.338354 1172.18 447.32 27.54 45.53 0 0.337161 487.14 695.48 26.99 46.91 0 0.333298 610.77 536.91 35.01 95.12 0 0.331745 1775.43 773.68 58.65 32.62 0 0.331467 446.64 432.68 27.92 57.78 0 0.330931 460.96 942.99 20.39 29.32 3 0.328562 1238.34 270.48 35.51 30.17 0 0.325854 1886.94 940.64 33.06 67.70 0 0.321794 597.24 307.82 36.09 29.55 0 0.320969 1427.80 18.25 39.68 21.26 0 0.316600 1722.25 92.84 46.03 22.42 0 0.314478 1480.65 41.95 30.71 20.31 0 0.312076 1148.73 366.47 24.51 38.93 0 0.296091 1265.31 243.32 27.45 26.97 0 0.287671 127.35 507.64 34.19 49.89 0 0.286848 389.01 962.44 21.07 28.70 3 0.283659 335.93 967.43 18.56 28.82 3 0.283656 1205.63 561.49 31.45 54.05 0 0.283313 1596.65 152.05 34.95 20.86 0 0.283131 1667.41 453.39 27.10 39.11 0 0.280937 1364.38 619.63 48.44 54.69 1 0.279236 585.63 684.53 31.27 52.28 0 0.272423 525.19 931.37 21.91 32.98 3 0.269317 367.40 598.08 30.53 59.13 0 0.256547 1228.97 236.14 31.12 31.48 0
74,0.746917 557.98 291.07 26.89 43.75 0 0.701420 1390.14 205.63 27.05 33.98 0 0.678019 285.33 461.08 33.97 48.45 0 0.675569 1481.67 635.04 32.80 45.68 0 0.674550 508.50 536.48 29.93 51.82 0 0.667558 722.52 496.81 26.61 40.87 0 0.667137 456.74 809.10 34.58 60.12 0 0.652339 254.71 513.61 43.48 52.69 0 0.650636 1338.94 617.33 27.93 43.97 0 0.639838 203.67 630.99 38.55 55.53 0 0.637818 1314.27 481.96 31.80 60.51 0 0.637592 480.29 286.74 30.73 48.07 0 0.636636 307.01 683.35 37.21 57.81 0 0.635692 757.72 301.16 30.40 48.41 0 0.622697 1493.29 683.99 40.14 59.60 0 0.616144 500.20 695.87 33.82 53.62 0 0.614087 1441.40 444.02 27.86 40.90 0 0.611068 236.20 571.80 34.44 48.39 0 0.608741 624.49 542.55 30.76 51.70 0 0.606846 801.01 293.80 37.37 62.97 1 0.600141 761.72 415.77 28.30 45.09 0 0.594552 688.74 803.85 33.29 62.13 0 0.582775 1339.38 663.22 31.42 56.55 0 0.578394 457.28 404.95 29.13 43.96 0 0.576165 1459.88 533.58 30.83 45.83 0 0.573632 322.25 370.29 33.31 46.91 0 0.572417 306.01 418.63 28.94 39.33 0 0.571417 1796.07 131.69 32.22 23.65 0 0.571299 541.44 400.02 30.25 51.50 0 0.570218 312.38 813.82 40.21 60.82 0 0.569160 990.69 873.91 64.66 29.67 3 0.563370 454.22 813.25 33.32 63.25 0 0.554416 1430.59 397.89 25.93 41.97 0 0.552824 696.91 644.00 29.37 50.41 0 0.551989 654.42 296.67 28.61 42.00 0 0.551845 497.01 489.51 30.27 42.09 0 0.548602 599.23 406.70 25.09 45.71 0 0.544365 745.23 496.77 30.71 48.06 0 0.542800 624.41 804.79 30.87 56.90 0 0.538711 667.29 642.25 29.35 48.55 0 0.537483 520.97 810.97 34.87 58.71 0 0.534066 515.66 640.72 31.26 43.69 0 0.532366 664.52 494.12 25.85 41.28 0 0.531814 964.69 299.34 53.68 20.81 0 0.528816 691.81 497.19 25.94 40.77 0 0.522145 353.71 320.52 26.11 42.91 0 0.519863 519.32 487.90 30.49 47.80 0 0.518948 1515.30 505.51 45.97 31.14 0 0.516936 757.35 806.36 33.32 55.06 0 0.515231 1504.08 499.45 49.70 35.94 0 0.513234 725.08 643.07 29.72 51.26 0 0.503389 759.13 281.47 38.00 27.76 0 0.500548 485.97 402.88 29.39 48.75 0 0.499261 180.62 692.48 32.46 46.71 0 0.496544 485.25 813.75 32.90 63.23 0 0.489318 598.25 696.31 33.58 49.27 0 0.481551 347.09 814.41 38.92 63.04 0 0.481060 1845.38 554.18 30.15 45.46 0 0.480161 1723.40 192.75 21.64 28.46 0 0.477002 1651.88 114.92 24.00 30.46 0 0.475706 1446.61 491.18 29.54 34.59 0 0.472069 590.92 544.53 29.34 51.17 0 0.471601 1801.39 204.19 31.18 30.28 0 0.469264 1469.76 586.91 30.97 44.31 0 0.463804 737.98 524.22 38.43 74.35 0 0.443023 1429.22 245.56 28.29 40.84 0 0.440293 1769.80 126.70 26.43 25.19 0 0.435190 662.80 499.75 24.68 42.92 0 0.428784 622.14 814.12 29.41 58.15 0 0.426605 1780.55 1039.12 75.91 32.67 0 0.421898 1648.72 297.74 36.59 29.07 0 0.420752 1334.81 598.02 29.92 49.77 0 0.418103 1774.98 199.58 27.52 29.13 0 0.416344 1137.38 308.09 43.50 22.62 0 0.416241 654.58 807.09 31.73 57.77 0 0.412343 753.72 282.12 39.22 23.23 0 0.410463 1653.94 602.37 33.51 50.17 0 0.409834 601.55 297.08 29.08 38.85 0 0.393442 350.44 809.94 43.11 64.19 0 0.391952 1510.52 92.90 29.18 26.51 0 0.391346 1325.41 556.01 27.09 39.38 0 0.387352 1301.51 395.99 27.33 50.97 0 0.383148 531.44 696.44 34.42 56.43 0 0.381574 408.77 189.43 26.11 34.13 0 0.379192 1078.46 304.04 43.46 21.76 0 0.376279 537.72 695.73 34.37 53.33 0 0.375112 635.98 639.15 28.36 46.31 0 0.375073 1416.67 346.84 31.64 49.32 0 0.373507 1822.40 202.40 34.01 27.00 0 0.368252 750.17 493.41 26.86 45.33 0 0.364786 1612.93 68.41 37.05 22.00 0 0.357029 1404.56 292.90 29.91 43.43 0 0.356016 413.32 538.75 31.88 50.71 0 0.355964 1510.88 97.56 27.91 30.87 0 0.346037 450.58 538.62 30.83 43.88 0 0.334934 577.93 493.26 26.28 44.11 0 0.333663 1085.62 869.19 75.08 37.51 1 0.326739 1436.13 88.60 38.54 33.11 0 0.324107 410.29 180.93 25.14 35.67 0 0.319002 342.48 682.80 36.07 59.67 0 0.318932 1765.28 1039.85 69.30 31.70 0 0.316613 1801.15 227.18 30.29 24.92 0 0.315339 1704.56 123.57 30.93 25.17 0 0.314081 1419.29 351.55 30.17 42.39 1 0.310588 1641.36 182.82 20.25 29.23 0 0.304961 1166.29 308.72 42.38 23.38 0 0.304246 1621.66 67.93 41.30 22.42 0 0.300582 490.29 488.31 32.70 41.92 0 0.300061 1402.96 271.12 29.55 37.93 0 0.295988 604.14 367.06 25.06 38.02 0 0.294485 1576.82 175.05 22.81 32.80 0 0.283321 1675.06 186.63 24.94 29.06 0 0.281478 1527.26 65.95 40.64 21.36 0 0.281458 1691.48 910.18 69.00 33.35 0 0.279841 1614.83 179.13 19.74 31.04 0 0.268409 317.05 810.13 43.01 60.14 0 0.266705 553.13 367.20 24.78 35.17 0 0.265460 1660.61 184.83 22.02 29.36 0 0.262061 331.54 816.50 41.24 62.54 0 0.261237 1407.17 307.56 32.56 42.17 0 0.255047 246.91 513.48 43.01 54.00 0 0.254836 676.66 419.11 25.99 42.33 0 0.254040 623.30 411.67 27.57 44.30 0 0.253394 1660.29 604.24 36.33 51.53 0 0.252572 687.72 545.64 32.14 49.70 0
75,0.464252 687.02 669.08 14.70 19.17 2 0.432564 555.87 598.33 14.87 21.22 2 0.409533 0.00 506.05 40.03 66.64 0 0.336087 555.05 605.48 15.44 20.22 2 0.329751 442.24 394.88 14.75 13.77 3 0.327160 1111.81 444.75 21.34 22.12 3 0.316448 605.40 643.41 13.57 15.61 2 0.315391 324.41 339.96 14.24 17.50 2 0.273957 1075.10 497.10 26.06 18.30 3 0.267542 605.79 613.65 11.23 14.00 2 0.253530 5.50 505.97 42.01 62.35 0
76,0.686619 76.00 274.75 51.90 35.80 0 0.659868 572.96 8.21 46.69 24.48 0 0.587314 83.90 71.47 43.23 28.11 0 0.552931 109.31 163.41 51.39 31.82 0 0.539717 376.02 68.90 43.80 25.44 0 0.521526 0.70 99.13 29.82 27.96 0 0.495742 156.75 629.10 12.45 16.37 2 0.476553 41.22 286.98 52.27 37.10 0 0.461082 38.33 88.75 34.50 24.31 0 0.407717 0.00 411.00 25.88 61.11 0 0.391889 570.28 188.08 31.98 47.75 0 0.370593 104.50 463.58 15.65 15.89 2 0.362615 0.00 96.21 32.45 26.86 0 0.310005 277.81 23.77 35.61 23.00 0 0.309313 131.73 49.20 50.33 36.04 0 0.292626 305.65 583.45 13.91 15.23 2 0.281103 172.89 543.89 11.17 17.19 2 0.267603 265.77 578.84 15.02 20.15 3 0.262882 385.40 0.00 38.22 13.98 0
77,0.610485 0.00 212.57 23.62 38.95 0 0.433822 516.49 91.44 36.22 41.18 0 0.322687 529.08 100.13 29.57 44.28 0 0.273324 187.92 523.80 19.51 18.60 3 0.269867 264.76 0.00 48.93 16.93 0 0.261609 470.73 302.00 31.83 29.75 0
78,0.621547 1119.26 343.73 25.80 41.54 0 0.575499 1131.45 257.37 25.87 45.32 0 0.547200 570.85 676.05 64.05 35.99 0 0.512912 1137.37 202.56 24.65 36.67 0 0.511338 838.01 212.89 46.09 29.64 0 0.487706 1121.61 301.63 26.21 37.52 0 0.482684 865.75 135.45 28.14 28.61 0 0.452955 1114.89 389.20 33.24 54.28 0 0.443491 1092.96 557.57 26.44 49.30 0 0.404516 874.36 47.29 39.07 24.62 0 0.380487 835.39 241.14 37.77 30.52 0 0.315952 1251.98 622.17 34.48 67.95 1 0.313965 1249.15 580.16 40.17 109.44 1 0.309591 743.85 135.46 41.70 36.55 0 0.299445 994.89 56.73 10.24 15.61 3 0.288868 738.23 131.54 42.69 42.29 0 0.268306 836.65 214.02 42.86 36.89 0 0.266386 1251.19 583.59 36.19 59.24 1 0.256035 910.49 0.00 40.32 14.95 0 0.251927 787.99 2.76 38.76 24.70 0
79,0.567731 1002.69 0.00 26.50 39.00 0 0.486059 1097.40 65.94 26.23 40.76 0 0.441601 916.87 59.04 57.60 28.47 1 0.384909 1068.40 42.92 28.74 50.93 0 0.378393 255.48 556.87 14.14 20.56 2 0.367153 400.63 163.85 64.37 38.98 0 0.302374 787.34 644.99 15.14 19.96 3 0.290116 1305.07 632.35 37.38 46.85 0 0.275456 704.72 375.62 13.96 16.40 2 0.259898 1192.76 525.07 48.20 43.05 0
80,0.379774 789.08 663.70 13.03 15.56 3 0.270983 69.48 345.44 14.18 16.38 3
81,0.471756 505.23 483.19 18.53 34.14 3 0.468163 356.19 290.88 52.64 48.84 1 0.414264 1045.83 74.54 18.97 35.78 3 0.386398 1019.39 668.39 70.88 47.91 1 0.378753 1193.89 475.63 17.80 24.94 3 0.322397 626.88 408.93 17.01 22.77 3 0.296880 247.96 369.87 27.96 35.24 3 0.281493 1045.10 76.16 21.25 44.19 3 0.278135 345.71 295.91 60.42 49.69 1 0.277242 872.56 409.28 23.35 19.97 3
82,0.542604 1003.87 0.00 27.94 38.55 0 0.517534 1071.43 45.36 29.34 45.53 0 0.503306 1100.93 65.63 27.12 42.86 0 0.297552 620.73 264.92 13.46 20.08 2 0.291051 1006.12 87.83 24.60 25.94 0 0.288648 619.90 267.70 13.70 20.24 2 0.287234 1312.90 0.00 28.25 15.63 0 0.286823 1196.27 524.12 46.33 42.64 0 0.266744 987.57 0.00 29.83 20.92 0 0.260724 257.85 554.33 15.78 20.59 2 0.259444 918.53 59.43 54.46 28.93 0 0.252588 918.34 59.48 58.31 29.58 1
83,0.413634 1287.38 327.51 28.68 55.13 0 0.412434 1283.48 319.22 31.61 56.87 0 0.352752 0.00 12.68 28.20 41.45 0 0.344729 632.60 639.17 17.39 28.96 0 0.320415 1309.28 423.38 26.34 37.47 0 0.314779 1281.18 313.82 29.39 46.55 0 0.304236 1326.45 465.07 17.55 63.34 0 0.289101 490.68 276.20 14.08 18.51 3 0.255876 1319.22 450.07 24.78 55.65 0
84,0.462482 1242.64 163.76 32.74 50.28 0 0.442469 567.54 252.47 19.47 22.66 3 0.432235 319.37 280.46 17.45 23.35 3 0.427606 1009.01 681.74 12.32 14.60 2 0.423923 407.91 219.34 13.25 19.30 3 0.388548 151.96 177.32 52.28 48.12 0 0.351865 360.44 5.84 45.13 41.24 1 0.323384 329.95 0.00 68.49 42.89 1 0.299872 556.99 79.65 42.79 45.30 0 0.284144 542.46 426.23 13.02 15.52 3 0.269498 1229.03 179.93 37.60 47.85 0 0.253205 523.85 190.59 12.99 17.28 2
85,0.473708 1070.41 627.01 20.56 19.63 3 0.385446 267.99 374.42 34.27 37.02 0 0.383113 357.22 308.82 48.87 39.46 1 0.339787 1196.69 575.84 31.31 30.96 1 0.307244 1041.54 655.21 51.85 41.69 1 0.274073 1023.21 353.17 26.47 58.20 1 0.271999 1023.33 343.62 17.45 37.89 1 0.261074 666.77 475.49 39.36 31.71 0 0.256460 862.32 11.76 26.92 25.52 0
86,0.414512 573.10 393.67 14.49 28.06 2 0.281026 1103.74 336.80 18.29 29.99 3 0.270730 608.99 403.92 14.27 23.14 3 0.267109 1130.04 337.16 20.84 26.57 3
87,0.726727 1628.02 844.43 35.22 63.62 0 0.640923 1053.18 113.86 30.40 54.95 0 0.631037 577.55 465.02 48.68 22.53 0 0.622450 192.62 803.64 34.65 75.31 0 0.621199 1651.30 990.17 35.71 71.65 0 0.603695 284.55 737.66 27.35 49.82 0 0.593958 280.77 332.56 30.40 55.27 0 0.571307 1405.06 849.89 62.28 35.55 0 0.563906 1403.45 874.13 62.61 39.61 0 0.554077 633.93 466.80 55.72 22.89 0 0.548989 1306.43 1030.94 64.55 49.06 0 0.544810 1416.88 1049.76 31.52 30.24 3 0.521516 856.17 598.11 68.82 33.67 0 0.521009 1361.12 580.23 64.68 29.07 0 0.520240 936.48 594.12 61.09 30.01 0 0.518327 1642.02 912.45 32.69 62.54 0 0.508911 1618.83 778.86 32.45 61.33 0 0.497753 275.84 252.27 28.67 51.88 0 0.486104 999.69 838.76 67.39 30.71 0 0.476987 608.46 607.16 50.56 22.03 0 0.475682 1537.53 459.05 21.52 22.51 3 0.472685 646.96 798.01 68.04 39.25 0 0.463512 1288.20 583.07 55.96 26.21 0 0.463289 1415.43 986.22 57.61 34.97 0 0.459194 1067.70 280.03 27.41 52.42 0 0.456449 530.95 608.94 73.09 31.62 0 0.455923 776.25 455.52 67.24 28.68 0 0.454112 665.04 605.68 63.19 24.61 0 0.445555 702.38 457.67 53.37 28.56 0 0.432934 918.54 449.81 59.21 25.46 0 0.422376 309.50 988.95 28.84 61.44 0 0.420787 1558.45 667.41 44.80 68.96 1 0.413524 603.49 609.86 53.99 23.53 0 0.411091 1178.08 872.31 32.07 62.94 0 0.395460 191.63 803.38 35.75 70.66 1 0.392265 1612.69 710.30 29.85 44.57 0 0.390607 1729.06 552.96 59.51 26.94 0 0.383367 1729.94 1031.00 40.20 49.00 0 0.366682 1585.60 1005.56 52.35 33.43 0 0.365102 415.12 7.60 53.59 28.78 0 0.353743 371.66 238.82 34.04 63.35 0 0.352055 1063.56 216.68 28.82 52.43 0 0.344183 743.92 603.27 56.01 28.87 0 0.341134 1725.84 969.01 38.59 71.57 0 0.336115 230.14 238.63 33.91 54.52 0 0.332810 937.05 591.45 79.88 34.86 0 0.324521 1398.04 871.11 60.23 36.83 0 0.314799 1128.27 580.79 70.26 36.76 0 0.311092 623.64 467.24 61.08 24.72 0 0.310747 769.89 789.79 17.72 27.74 2 0.306620 1400.87 814.47 58.35 35.17 0 0.291136 381.34 173.45 27.62 50.57 3 0.290429 127.68 753.30 27.91 46.88 0 0.285817 858.92 592.92 67.07 32.61 0 0.283599 424.36 629.11 41.10 26.36 3 0.281829 1414.06 907.39 61.99 42.25 0 0.281317 385.49 158.11 23.07 36.61 3 0.279714 660.80 951.68 35.77 53.25 0 0.277963 668.33 949.03 33.43 49.30 0 0.272314 1412.61 937.32 56.51 42.16 1 0.272069 1617.00 792.73 40.03 72.80 0 0.266422 1485.06 437.37 21.33 20.94 3 0.266342 136.27 801.52 38.14 50.35 0 0.255810 314.89 828.87 35.14 32.21 0 0.255502 608.98 604.11 74.67 27.43 0
88,0.552598 0.32 243.42 24.43 35.22 0 0.538052 60.63 78.11 55.59 33.95 0 0.415692 519.92 118.62 33.72 43.40 0 0.397243 0.00 16.17 20.60 33.46 0 0.341437 86.08 528.72 14.81 15.63 3 0.333107 320.91 0.00 47.81 23.14 0 0.326599 187.83 548.62 17.93 21.17 3 0.303665 564.88 290.47 38.13 27.70 0 0.295158 527.45 123.36 32.32 49.21 0 0.271300 241.47 563.23 14.63 14.25 2 0.271093 469.30 335.45 34.95 30.32 0 0.255364 532.98 132.53 28.89 43.91 0
89,0.743058 115.69 307.83 37.89 24.53 3 0.489142 891.36 4.85 18.55 22.60 3 0.400965 726.01 559.25 18.32 23.62 3 0.396772 119.17 281.60 34.88 24.24 3 0.335845 116.35 329.68 33.54 23.05 3 0.328092 139.34 0.00 37.01 47.88 0 0.304987 970.21 197.42 17.97 13.51 3 0.300812 705.50 556.64 20.65 23.34 3 0.292118 122.65 4.25 43.96 63.69 1 0.291779 302.51 472.65 15.67 19.99 3 0.266276 965.60 295.33 19.06 12.71 3 0.259413 938.32 402.87 18.80 24.59 3 0.255713 971.82 175.67 18.29 14.07 3 0.253362 962.36 295.81 19.71 15.66 3 0.253009 969.12 215.51 17.65 13.02 3 0.250091 960.22 327.36 21.79 12.52 3
90,0.485323 923.32 447.86 11.99 16.42 3 0.479364 521.80 68.41 14.78 22.81 3 0.444668 1012.62 655.02 18.56 28.32 3 0.415139 959.61 593.41 21.25 21.94 3 0.395695 802.17 21.10 15.70 20.12 3 0.362562 1300.60 141.84 30.85 28.31 3 0.314826 345.52 658.12 17.86 20.89 3 0.309755 290.95 265.72 16.29 25.27 3 0.307690 904.90 149.83 18.06 27.26 3 0.285021 944.41 397.93 22.27 58.85 1 0.281946 1188.62 0.00 34.37 12.25 0 0.272432 247.02 621.39 26.91 26.83 3 0.272143 880.33 93.80 14.55 18.06 3 0.266336 714.78 18.77 27.43 21.22 0 0.263402 1288.44 155.02 22.70 23.62 3 0.262680 1309.22 318.72 29.65 54.07 1 0.259614 590.82 68.86 13.32 21.02 3 0.254286 98.36 259.94 24.90 65.14 1
91,0.695728 614.39 530.73 46.35 39.18 0 0.661713 600.43 269.69 29.52 39.57 0 0.653948 109.14 81.40 39.80 35.98 0 0.614433 351.12 24.05 34.41 36.96 0 0.589790 567.00 505.01 48.34 36.77 0 0.562221 664.76 552.23 49.15 38.76 0 0.538585 281.54 81.71 39.63 33.92 0 0.536965 762.16 589.98 36.24 24.89 3 0.529899 1021.96 780.71 94.93 50.44 1 0.529665 475.33 459.82 42.39 31.13 0 0.518033 150.07 291.85 45.29 29.20 0 0.512483 135.80 54.80 40.75 33.03 0 0.498370 522.65 482.59 42.53 33.12 0 0.487295 610.39 965.02 63.97 71.74 1 0.476780 377.13 415.71 46.83 28.29 0 0.476443 410.92 130.03 35.99 37.85 0 0.475523 234.16 4.48 40.39 28.54 0 0.474918 24.11 635.89 49.31 48.65 0 0.474393 291.09 517.51 52.30 43.64 0 0.472922 309.95 54.06 36.29 35.84 0 0.472561 907.04 528.87 32.81 41.41 0 0.467722 1124.50 128.83 40.06 48.60 0 0.466574 390.53 568.13 56.71 41.99 0 0.465067 232.92 329.79 49.37 37.80 1 0.458750 1066.35 250.90 37.41 36.68 0 0.451133 299.09 73.69 32.11 34.26 0 0.450252 217.93 88.78 42.61 38.32 0 0.444719 428.28 433.39 46.00 32.68 0 0.442604 62.75 234.37 35.35 29.69 0 0.426457 333.92 31.69 36.64 38.20 0 0.417916 96.34 259.19 38.04 32.01 0 0.414004 255.80 107.58 40.57 35.67 0 0.403847 761.45 656.57 66.33 46.16 0 0.403228 78.75 579.54 50.54 50.03 0 0.395142 360.46 545.89 36.66 40.37 0 0.385028 168.24 21.66 44.90 31.71 0 0.376534 129.90 96.40 34.96 31.74 0 0.374122 988.61 385.09 34.41 41.80 0 0.371290 99.46 265.17 46.82 33.59 0 0.369502 946.32 774.44 44.36 26.16 0 0.360659 475.70 3.39 40.87 35.91 0 0.355107 770.06 630.23 55.80 34.83 0 0.352177 664.35 387.48 56.10 33.76 0 0.351761 395.27 0.00 36.10 20.29 0 0.348366 1112.72 175.16 34.38 37.65 0 0.343480 1041.87 294.52 34.10 38.71 0 0.335387 1013.90 556.88 29.88 41.02 0 0.335200 153.90 0.00 36.51 17.20 0 0.332872 111.68 157.60 32.56 33.02 0 0.327066 763.73 570.84 27.45 26.04 3 0.323953 740.08 241.07 33.01 34.03 0 0.323717 579.27 1058.21 38.90 21.79 3 0.322475 250.72 113.09 39.63 37.06 0 0.317875 1129.01 123.97 38.37 48.75 0 0.317046 493.33 623.21 70.38 51.86 0 0.314477 987.03 650.70 44.93 30.85 0 0.312823 486.55 616.82 72.77 49.57 0 0.310604 225.39 94.33 43.07 43.11 0 0.304880 394.04 575.52 59.58 40.32 0 0.301819 118.71 88.92 38.13 35.69 0 0.297996 356.12 354.70 33.93 28.08 0 0.293502 1033.67 728.54 26.54 35.13 3 0.291853 1170.62 733.64 31.89 34.32 0 0.280456 88.38 36.03 41.99 42.23 0 0.278305 1079.47 219.74 38.82 35.25 0 0.272557 959.55 560.64 29.78 41.38 0 0.264917 94.10 34.55 43.03 36.33 0 0.264343 57.41 132.25 54.95 47.83 0 0.257101 909.82 521.99 37.10 40.14 0 0.250068 1085.20 518.24 50.51 36.16 0
92,0.577980 1174.94 443.82 17.53 19.05 3 0.553414 1228.36 641.19 26.43 19.24 3 0.541186 1236.29 641.35 29.59 23.37 3 0.527512 91.11 559.90 29.26 21.53 3 0.503900 1093.11 70.22 16.16 17.04 3 0.488399 93.40 581.61 25.53 23.68 3 0.481375 1033.41 338.93 32.98 27.11 1 0.457321 1219.10 429.19 22.67 16.63 3 0.353606 925.01 679.24 18.44 22.78 3 0.351570 1321.02 327.19 20.75 17.13 0 0.342293 89.50 527.33 33.43 31.14 3 0.340860 1010.22 93.62 19.21 21.64 3 0.339516 1211.27 426.95 23.26 17.02 3 0.328979 87.95 403.77 43.89 31.73 1 0.322320 281.59 221.66 16.03 20.63 3 0.306622 926.49 662.47 16.01 15.59 3 0.292068 919.74 698.44 21.61 20.21 3 0.285190 911.17 21.85 14.69 17.50 3 0.275933 962.70 261.87 18.40 14.79 3 0.272730 1008.16 151.94 19.17 30.06 1 0.260759 1306.66 292.54 17.64 21.57 0 0.258513 1026.08 406.62 22.72 20.32 0
93,0.767944 499.14 179.77 27.40 41.91 0 0.746737 691.93 296.39 26.21 42.82 0 0.709795 673.23 189.76 25.17 42.91 0 0.702876 769.47 192.94 27.82 48.89 0 0.687958 1483.28 519.61 33.00 44.49 0 0.679925 771.39 667.34 36.28 57.20 0 0.657020 322.86 305.62 35.41 39.32 0 0.623050 624.52 511.71 24.66 43.41 0 0.621547 1781.90 110.62 25.42 29.00 0 0.619329 559.01 285.38 28.63 51.19 0 0.609059 711.81 514.95 27.84 47.97 0 0.605847 677.26 380.64 24.96 39.90 0 0.602340 474.91 294.83 27.43 39.86 0 0.598424 669.86 668.11 33.03 54.12 0 0.596207 1339.82 486.06 29.71 53.53 0 0.593355 1343.16 538.24 29.77 60.57 0 0.589940 343.99 259.49 32.79 44.99 0 0.584075 699.54 419.63 26.82 48.00 0 0.583484 651.73 511.54 28.12 45.09 0 0.583304 640.20 421.19 28.60 51.16 0 0.582804 771.10 305.88 27.41 45.18 0 0.574843 650.33 377.23 25.57 40.24 0 0.573176 742.08 516.69 29.94 52.84 0 0.568912 1141.59 206.55 42.19 20.31 0 0.564759 331.81 552.60 34.64 51.91 0 0.561722 1320.70 374.03 28.21 53.50 0 0.559490 1694.10 778.94 62.59 25.33 0 0.556601 257.79 446.13 33.81 45.86 0 0.555782 722.55 299.05 25.42 42.33 0 0.554144 476.72 672.20 30.94 53.58 0 0.550157 1464.35 423.06 29.06 41.66 0 0.548348 612.21 564.36 32.18 52.71 0 0.543912 1745.41 37.68 28.52 26.41 0 0.543279 518.16 561.53 29.44 53.25 0 0.543263 1438.15 298.88 27.19 37.43 0 0.542847 1494.04 568.01 36.89 52.31 0 0.536825 575.72 185.49 25.94 42.24 0 0.531422 1316.29 336.79 28.22 39.99 0 0.530033 275.19 390.17 46.07 45.99 0 0.530030 1780.79 38.62 21.41 27.56 0 0.528640 540.16 670.51 33.23 54.75 0 0.527988 551.02 563.10 30.10 51.14 0 0.516422 607.67 423.11 30.39 49.29 0 0.512028 529.56 511.20 32.34 46.20 0 0.509558 639.66 666.40 31.49 53.96 0 0.506030 1518.86 4.08 26.85 27.72 0 0.501606 1561.13 9.79 25.29 21.54 0 0.496850 1453.57 383.05 32.58 37.94 0 0.494979 979.83 195.12 46.53 23.72 0 0.491723 597.82 729.16 23.36 24.54 3 0.491712 1734.51 39.82 28.26 22.71 0 0.490496 434.60 731.71 21.77 28.09 3 0.486954 507.10 672.47 30.96 52.78 0 0.484746 641.93 297.67 26.69 42.73 0 0.482076 336.22 670.97 38.82 59.84 0 0.481560 304.27 345.46 35.71 40.50 0 0.481029 1731.07 107.77 21.18 22.75 0 0.476749 816.33 189.63 32.86 58.29 0 0.476544 371.19 208.27 28.49 42.29 0 0.462847 505.99 292.26 26.39 43.33 0 0.457020 723.99 426.37 27.18 49.03 0 0.452566 369.17 671.91 40.10 62.34 0 0.451568 621.75 187.54 25.93 36.17 0 0.445848 702.06 381.23 25.33 40.00 0 0.445244 361.17 552.85 33.85 52.24 0 0.440838 1392.71 80.17 24.36 30.26 0 0.438768 1657.60 31.23 22.95 25.42 0 0.436078 1655.79 493.79 32.48 40.45 0 0.431584 201.78 554.42 39.67 46.29 0 0.426636 612.10 294.30 27.57 46.83 0 0.417249 701.26 667.65 34.89 56.70 0 0.417210 525.93 414.35 30.74 46.50 0 0.415403 229.18 503.03 34.85 48.20 0 0.414862 510.60 373.36 25.09 38.59 0 0.407645 1480.81 314.56 26.02 39.21 0 0.402355 299.10 349.71 39.81 40.66 0 0.400457 1635.81 210.46 42.63 24.09 0 0.398756 1709.83 40.33 25.10 19.76 0 0.397038 1752.25 900.23 56.01 34.00 0 0.395908 624.94 727.33 24.56 26.75 3 0.394162 680.24 513.40 28.51 45.93 0 0.392576 1474.91 475.94 29.94 45.09 0 0.391489 1765.25 780.34 57.60 27.98 0 0.385053 1769.54 898.12 73.65 35.18 0 0.384894 1445.54 341.42 28.39 37.97 0 0.384840 732.84 381.66 26.14 41.00 0 0.384697 1701.62 101.37 19.61 27.42 0 0.384397 606.70 293.07 29.24 49.19 0 0.383398 1625.48 90.87 22.88 29.62 0 0.380419 1640.51 912.79 67.00 65.96 0 0.373326 760.38 381.66 29.63 54.64 0 0.372110 1486.82 5.48 26.30 28.12 0 0.367083 593.48 380.13 24.79 36.78 0 0.358760 535.16 371.68 27.00 39.82 0 0.352177 1585.65 88.18 24.02 29.93 0 0.348744 1428.67 119.11 26.02 32.93 0 0.345695 754.51 409.12 35.31 69.94 0 0.338929 552.65 732.99 26.94 26.29 3 0.338912 509.00 729.34 19.06 32.84 3 0.331353 1818.41 41.84 22.37 25.42 0 0.329119 1676.50 96.99 19.26 28.75 0 0.328829 367.84 555.04 33.44 52.23 0 0.321317 1599.43 89.97 24.77 29.60 0 0.318059 1522.86 4.09 28.09 28.77 0 0.310431 1651.45 19.23 27.94 21.85 0 0.309907 570.51 729.44 26.10 24.36 3 0.308900 1601.99 11.86 32.54 18.99 0 0.307989 1325.08 443.70 26.97 34.35 0 0.300663 1657.46 778.26 30.68 29.26 0 0.298195 1428.95 250.05 30.94 32.82 0 0.297690 1683.63 777.06 55.15 30.52 0 0.297454 1812.49 113.29 26.74 29.20 0 0.295599 1783.86 902.95 60.96 31.37 0 0.290327 1755.41 898.57 67.65 34.36 0 0.290169 1803.80 113.61 22.35 28.05 0 0.282138 471.09 418.52 28.40 41.24 0 0.277572 772.28 179.90 30.61 53.78 0 0.275833 1400.43 114.48 23.56 30.57 0 0.275495 1074.99 782.59 30.68 18.13 3 0.275252 1310.05 293.52 24.63 37.00 0 0.269129 1321.63 381.98 27.65 58.14 0 0.267617 1471.09 470.54 29.72 45.64 0 0.265526 1650.50 95.73 20.45 28.73 0 0.260813 318.97 307.74 34.11 39.31 0 0.259449 622.97 257.20 25.12 34.63 0 0.259388 618.84 260.94 25.60 36.43 0 0.259333 428.35 83.08 24.49 37.63 3 0.254556 345.70 667.85 50.09 54.96 0 0.254202 749.72 422.08 33.78 58.03 0
94,0.659176 1258.78 670.65 47.71 49.35 0 0.586658 762.30 592.25 61.49 31.60 0 0.583916 967.32 287.18 20.26 27.22 0 0.578206 1066.53 293.89 26.86 20.51 0 0.548806 1058.26 629.73 43.88 58.86 0 0.520320 1056.02 192.77 19.99 15.60 0 0.506063 861.44 325.93 33.14 20.25 0 0.488742 1201.49 557.87 41.86 41.61 0 0.443739 1158.07 470.79 34.16 30.73 0 0.420302 853.18 290.16 28.65 18.06 0 0.408033 838.49 232.92 27.37 17.06 0 0.403554 1285.22 452.72 42.40 42.58 1 0.381888 859.94 311.66 31.32 18.71 0 0.325087 1038.20 190.88 19.43 16.53 0 0.314478 762.05 288.07 34.94 19.65 0 0.313725 851.14 209.85 26.22 17.98 0 0.303047 1087.19 323.09 24.30 20.45 0 0.300590 672.93 229.38 23.47 13.74 0 0.264855 724.04 240.67 23.62 15.63 0 0.258577 783.25 192.49 23.68 13.45 0 0.258281 1301.97 229.95 21.01 13.07 0 0.255476 851.65 280.53 29.06 18.58 0 0.255148 1236.20 372.96 49.16 29.28 1
95,0.627705 1151.32 676.12 48.43 43.06 0 0.606232 1095.53 568.52 38.71 39.35 0 0.579218 1236.09 222.66 21.96 16.21 0 0.550621 732.52 257.95 31.09 17.64 0 0.538843 675.82 640.65 64.16 32.13 0 0.519474 1047.88 480.57 32.93 30.35 0 0.472114 1074.90 224.91 22.29 14.74 0 0.451434 761.51 355.59 32.45 19.06 0 0.435609 924.23 198.17 17.02 15.78 0 0.434713 748.40 312.48 29.13 19.23 0 0.426024 956.52 304.09 23.87 20.58 0 0.424601 733.11 206.65 25.20 17.68 0 0.413631 1164.92 455.88 39.61 44.14 1 0.409507 969.17 330.29 25.81 18.87 0 0.392508 1230.10 530.62 38.98 21.55 0 0.376955 1268.36 249.79 29.04 17.92 0 0.350726 980.64 347.43 21.97 21.63 0 0.344057 721.45 210.09 22.29 14.75 0 0.342206 746.49 289.46 26.88 22.10 0 0.341724 935.69 227.48 19.70 14.62 0 0.341685 805.76 229.66 28.35 17.70 0 0.335390 660.22 312.49 36.55 19.41 0 0.316029 938.28 199.37 16.88 15.18 0 0.297103 992.66 373.50 28.21 22.67 0 0.296889 746.61 282.74 27.58 21.10 0 0.290615 758.65 110.38 14.78 12.66 0 0.289854 760.15 348.27 30.46 19.40 0 0.283728 976.75 342.80 23.78 22.20 0 0.282983 757.81 342.54 30.52 20.68 0 0.281968 922.93 206.10 19.09 16.18 0 0.280815 983.34 352.38 23.84 22.35 0 0.272233 907.22 199.55 17.91 16.17 0 0.266226 565.73 257.45 24.10 19.27 0 0.264392 705.86 210.52 21.68 14.89 0 0.250511 597.38 264.69 21.66 18.98 0
96,0.665619 241.13 824.33 36.94 65.05 0 0.657371 291.96 807.98 38.21 69.01 0 0.646076 1051.53 531.83 28.05 50.74 0 0.622672 624.56 853.61 72.47 35.39 0 0.597221 372.90 813.17 33.29 57.55 0 0.566440 412.59 809.15 32.63 62.70 0 0.557146 807.56 408.28 28.18 43.29 0 0.549894 843.27 464.43 26.77 41.44 0 0.544656 1754.06 37.55 30.86 37.89 0 0.523973 1108.03 523.36 26.48 51.05 0 0.517233 1080.34 531.52 24.62 51.12 0 0.510364 906.58 403.64 24.53 42.34 0 0.507914 936.45 399.82 28.29 47.68 0 0.507451 769.12 424.14 32.62 30.47 0 0.505119 1764.31 30.01 33.59 42.56 0 0.498603 1796.03 20.20 39.03 43.13 0 0.494462 1076.34 626.88 61.67 35.68 0 0.424041 952.71 542.38 44.23 52.89 0 0.420633 469.01 313.28 44.73 33.56 1 0.402721 671.80 398.67 59.24 32.06 0 0.401258 867.92 371.23 46.43 20.24 0 0.394800 749.91 402.87 48.82 32.60 0 0.393721 1731.89 42.42 30.62 34.92 0 0.369971 440.29 342.33 53.14 29.19 0 0.354649 1877.64 0.78 41.40 67.22 0 0.350285 139.22 364.05 41.15 25.41 0 0.311370 859.79 519.06 37.66 53.44 0 0.304787 745.42 400.42 48.87 29.78 0 0.295589 1125.94 651.63 55.86 32.56 0 0.294666 57.51 570.90 35.41 56.26 0 0.282174 1371.15 227.49 25.61 44.93 0 0.262261 1378.10 546.50 46.17 28.42 0 0.255719 744.08 419.06 40.58 29.23 0
97,0.711331 995.08 611.74 28.42 54.70 0 0.604486 956.28 683.92 29.60 51.85 0 0.601972 956.28 757.80 32.83 58.05 0 0.577183 649.41 924.56 83.25 37.31 0 0.544137 1024.10 397.20 27.77 47.66 0 0.517649 899.17 719.13 30.38 60.22 0 0.502375 503.37 833.38 42.66 70.80 1 0.490616 997.43 832.22 35.05 71.66 0 0.490234 837.46 761.21 27.44 27.98 3 0.442446 252.37 931.06 67.04 33.86 0 0.384324 500.27 831.57 41.92 74.31 0 0.380407 807.41 880.50 55.83 63.01 0 0.371745 1016.38 446.07 34.43 61.98 1 0.354075 832.68 811.10 24.74 32.20 3 0.351763 606.06 839.27 42.73 61.83 0 0.324283 833.47 716.01 28.53 36.37 3 0.318971 833.72 820.71 25.04 43.10 3 0.277109 890.79 625.36 28.75 45.17 1 0.254755 835.28 768.30 26.79 28.66 3
98,0.861743 316.44 554.81 115.95 117.86 1 0.754497 181.57 921.75 45.44 61.89 3 0.733312 810.32 923.47 30.50 65.52 3 0.683705 643.84 715.43 50.62 34.48 3 0.665774 4.32 513.65 87.18 62.24 0 0.642440 400.72 744.20 47.95 48.69 3 0.636378 270.66 987.10 56.36 42.95 3 0.631857 1658.39 605.45 85.95 64.91 0 0.618298 297.48 935.98 49.26 38.65 3 0.609531 75.60 339.50 57.16 37.87 0 0.586461 189.92 566.42 84.26 64.11 0 0.581035 1727.01 671.56 101.36 76.12 0 0.562373 1409.03 653.99 85.66 89.21 0 0.560300 962.78 317.86 65.81 25.95 0 0.545643 862.89 925.86 34.76 59.53 3 0.539687 1.15 688.90 73.92 68.34 0 0.535503 129.50 508.11 56.73 57.62 0 0.532447 3.61 983.64 80.09 96.36 0 0.532336 258.92 438.89 60.11 44.66 0 0.530075 67.44 415.94 55.73 61.60 0 0.527130 1367.74 563.59 76.11 87.41 0 0.511659 1571.50 943.70 41.21 63.66 3 0.498108 1700.78 299.93 42.53 27.96 0 0.495624 550.47 692.47 51.64 38.40 3 0.492262 1400.71 338.56 64.85 47.83 0 0.490471 274.92 992.87 53.19 43.98 3 0.483617 1748.82 266.13 45.89 26.40 0 0.483475 1243.83 375.46 42.52 44.38 0 0.472807 1175.84 105.27 33.40 23.79 0 0.468481 1604.63 536.03 88.65 79.06 1 0.468330 907.57 677.01 39.38 31.76 3 0.465384 594.62 683.05 40.52 50.57 3 0.464698 1380.28 311.02 58.09 48.09 0 0.463140 695.79 311.45 83.74 39.51 0 0.457818 245.68 337.31 46.16 40.79 0 0.438139 112.74 410.05 69.74 68.63 0 0.433932 1667.80 228.63 41.74 28.28 0 0.429802 36.60 340.56 46.93 38.12 0 0.429597 874.75 965.28 28.49 57.62 3 0.423683 1687.16 233.18 39.56 25.95 0 0.423194 1786.16 228.94 40.40 25.08 0 0.421645 12.93 403.03 65.83 41.22 0 0.415141 277.28 981.25 55.20 41.55 3 0.415135 777.54 1033.93 48.15 34.96 3 0.412280 792.55 319.45 74.00 32.74 0 0.409890 1764.79 232.69 41.18 24.72 0 0.403018 289.55 711.73 27.18 32.36 2 0.401807 1294.31 460.76 56.63 64.70 0 0.399401 200.26 331.58 50.22 41.88 0 0.396825 1245.94 383.70 44.61 47.39 0 0.394444 1614.09 548.66 93.39 73.29 1 0.393901 84.31 338.09 57.25 37.70 0 0.390872 401.74 751.76 52.22 45.29 3 0.390226 231.96 739.14 33.34 35.09 3 0.389545 272.63 655.12 23.45 38.50 2 0.382065 1789.05 196.37 42.54 25.66 0 0.377059 1354.47 292.98 44.60 36.63 0 0.374988 1264.71 426.86 43.60 44.06 0 0.371798 826.42 290.10 45.62 28.47 0 0.365510 634.96 613.18 29.51 49.40 3 0.365262 283.64 340.52 44.05 38.03 0 0.364358 164.73 339.10 51.12 38.63 0 0.363619 430.36 658.06 27.19 30.51 3 0.358308 1656.68 228.81 41.78 28.93 0 0.353547 1852.96 196.47 42.93 24.32 0 0.350279 1287.72 219.42 34.61 36.39 0 0.348098 1335.06 525.05 70.87 69.97 0 0.346535 552.12 775.09 28.14 48.23 3 0.335086 53.34 673.83 124.32 103.94 1 0.328564 1719.56 200.01 37.47 22.72 0 0.323670 43.61 332.45 54.00 38.56 0 0.322036 524.78 282.60 30.00 29.54 0 0.321064 1450.73 383.39 50.98 45.12 0 0.320462 783.80 1034.80 47.52 39.10 3 0.320284 878.04 316.24 70.67 32.17 0 0.318975 241.25 699.73 22.01 37.59 2 0.311856 65.68 337.39 59.07 41.28 0 0.308639 1603.46 529.88 78.73 63.57 1 0.307036 695.78 300.41 77.16 39.33 0 0.302297 407.69 696.93 24.13 35.67 3 0.300115 772.26 278.04 39.78 29.23 0 0.292526 1841.95 302.30 73.51 36.04 0 0.288714 1216.24 145.35 29.17 26.80 0 0.288374 779.12 281.83 38.92 27.38 0 0.285571 1667.38 199.60 39.46 25.60 0 0.284724 1526.92 471.27 51.84 39.28 0 0.282966 1643.60 195.28 44.74 27.87 0 0.280473 343.73 797.87 23.68 35.53 2 0.278603 173.37 337.23 67.54 41.70 0 0.276734 1345.14 548.36 99.33 99.95 0 0.272057 1309.86 246.57 35.11 32.43 0 0.268319 216.82 702.70 24.47 36.11 3 0.264511 216.37 730.36 40.00 39.30 3 0.260841 605.03 688.50 40.83 51.71 3 0.258413 556.38 686.82 57.59 43.95 3 0.257342 36.03 793.49 41.35 53.55 3 0.256967 164.62 494.94 91.31 72.62 1 0.254665 831.93 283.98 40.39 26.97 0 0.254110 1199.39 138.40 31.56 26.03 0 0.253697 287.73 664.12 27.43 44.91 2 0.253611 1471.18 417.89 60.19 46.17 0 0.253601 1620.58 195.30 38.78 27.44 0 0.253356 1695.30 201.07 39.83 22.47 0 0.252762 368.19 823.33 27.70 43.79 3 0.251656 871.66 934.95 31.54 63.02 3 0.251021 3.63 692.28 75.98 82.05 0
99,0.628567 1238.86 524.96 69.60 35.92 1
100,0.634483 1208.40 403.01 175.16 105.10 0 0.612173 753.73 596.50 120.73 122.09 0 0.503287 1557.24 312.28 124.17 84.74 0 0.485513 617.51 560.17 129.69 128.29 0 0.337146 874.20 638.83 125.43 148.57 0 0.327373 1571.53 305.58 134.61 96.53 0 0.287559 862.50 607.96 150.29 188.44 0 0.261518 902.49 597.36 107.46 121.17 0
101,0.815325 669.60 554.72 72.04 54.79 1 0.284234 281.42 572.21 28.85 17.44 0
102,0.830604 659.24 786.40 61.40 41.25 3 0.801780 138.18 632.87 175.06 184.02 1 0.714753 428.11 820.71 54.89 40.14 3 0.700652 1757.33 685.67 91.42 79.87 0 0.642530 229.38 896.93 66.71 53.68 3 0.629515 1465.59 756.16 90.12 110.73 0 0.626192 534.63 842.28 62.24 47.81 3 0.623753 432.17 779.81 42.98 44.14 3 0.602850 8.31 638.74 103.77 80.85 0 0.597933 791.30 275.93 48.87 29.15 0 0.595605 1805.89 240.19 51.78 31.51 0 0.591022 1751.99 279.04 59.51 35.94 0 0.583077 646.96 310.92 90.93 37.29 0 0.575105 405.27 936.80 40.59 60.67 3 0.568243 1837.82 775.07 82.18 98.80 0 0.559963 1363.13 580.86 71.64 63.55 0 0.558443 745.77 309.86 86.92 36.57 0 0.558194 155.57 847.90 59.05 50.56 3 0.545423 1252.83 381.23 55.70 61.76 0 0.537251 1409.89 638.45 85.58 104.80 0 0.535613 1312.15 488.93 67.36 78.36 0 0.523132 34.45 837.39 35.18 38.35 3 0.518499 1689.91 156.77 42.26 28.21 0 0.512740 1516.14 430.78 69.82 58.07 0 0.496459 1831.11 201.02 47.04 27.54 0 0.494235 736.18 268.66 43.10 29.13 0 0.492130 534.28 267.20 28.40 35.31 0 0.479480 1376.69 277.65 47.68 37.98 0 0.475711 1575.39 484.57 68.55 59.92 1 0.473637 76.24 327.16 62.82 48.23 0 0.473546 2.30 455.73 38.92 52.70 0 0.468441 1670.19 155.82 44.26 28.33 0 0.465351 1852.14 157.11 41.23 23.83 0 0.457861 124.04 332.73 50.35 49.22 0 0.457722 465.11 346.11 25.32 25.64 3 0.457186 300.83 747.53 48.27 36.98 3 0.453518 1433.73 334.16 70.22 56.12 0 0.448983 504.41 266.24 24.38 31.75 0 0.444600 1763.40 156.06 40.61 26.29 0 0.440614 1716.94 160.68 38.70 24.26 0 0.440166 483.90 824.08 45.14 40.04 3 0.437032 1744.78 200.31 37.98 27.50 0 0.436722 1825.58 202.46 44.18 28.11 0 0.434315 1847.50 200.78 43.92 24.73 0 0.432457 649.72 271.94 36.84 28.11 0 0.431852 1682.76 582.35 75.78 56.09 1 0.400050 93.37 777.11 21.79 28.17 2 0.393853 936.50 308.77 78.72 34.87 0 0.389305 310.50 712.32 35.89 27.85 3 0.382391 1202.00 84.99 34.66 25.70 0 0.378714 1284.27 447.89 42.33 49.55 0 0.376392 1713.01 198.21 38.81 26.26 0 0.372868 33.49 334.67 48.98 47.11 0 0.372199 169.56 335.90 59.62 49.34 0 0.371017 24.03 835.79 41.17 42.08 3 0.370768 29.57 873.21 39.64 53.19 3 0.366279 120.17 457.30 84.82 60.73 0 0.363900 94.69 298.30 64.63 33.95 0 0.362192 0.00 337.06 21.95 38.94 0 0.361917 93.96 326.54 59.43 46.84 0 0.361296 351.48 792.13 26.09 36.01 3 0.356528 1862.79 711.59 48.06 45.03 0 0.354634 476.38 822.57 44.53 39.41 3 0.353242 1749.28 157.51 40.83 25.89 0 0.348181 1484.15 389.49 56.85 45.12 0 0.343062 179.84 1018.47 30.99 51.19 3 0.341995 443.00 283.67 34.43 36.76 0 0.340002 66.31 326.31 61.22 53.97 0 0.338531 57.52 332.60 65.67 50.26 0 0.332449 31.66 885.68 39.85 44.40 3 0.331911 842.39 306.35 81.62 37.92 0 0.330039 1645.36 153.88 45.36 28.69 0 0.325049 282.66 308.69 65.78 26.22 0 0.319702 169.72 985.07 34.30 36.11 3 0.318058 1098.28 242.68 57.79 30.65 0 0.309804 1529.15 436.75 64.96 59.48 0 0.309000 1306.77 204.35 44.38 30.42 0 0.298719 38.06 332.81 57.45 47.86 0 0.297929 537.64 834.14 51.06 47.93 3 0.296900 1250.13 277.20 21.63 20.09 3 0.294629 0.00 431.04 30.71 56.20 0 0.285888 147.59 983.97 25.67 38.06 3 0.284652 156.65 332.08 56.46 51.06 0 0.280242 174.28 1011.53 34.64 55.40 3 0.272948 320.35 751.43 39.54 34.77 3 0.272570 175.26 1014.21 34.41 57.31 2 0.271261 1177.16 51.15 35.32 24.83 0 0.268174 280.59 764.08 41.04 43.74 3 0.264145 1321.82 216.43 36.94 33.04 0 0.258727 1491.70 401.57 64.02 49.29 0 0.254643 76.50 301.89 73.83 38.09 0 0.253393 596.45 265.25 24.77 31.52 0 0.253178 479.26 829.11 44.29 41.25 3 0.252679 279.29 751.14 48.97 44.55 3
103,0.666256 1531.35 367.36 52.00 29.99 0 0.609444 1325.04 233.58 49.22 29.59 0 0.586761 1125.56 584.72 63.19 30.67 0 0.580608 1494.44 558.32 55.76 27.70 0 0.576486 1122.95 557.71 59.36 29.42 0 0.575055 1752.31 834.03 31.14 17.83 3 0.574440 1566.26 535.16 53.08 28.69 0 0.570101 1460.45 301.35 52.31 27.27 0 0.566583 1570.37 557.67 51.15 28.65 0 0.563000 1478.35 485.66 55.21 26.72 0 0.562793 1503.76 615.02 53.82 30.15 0 0.559958 1332.40 296.85 54.15 31.48 0 0.558989 1341.19 473.42 50.30 28.34 0 0.551865 1491.91 583.63 59.17 31.32 0 0.549680 1553.04 438.24 49.75 28.86 0 0.549006 1261.59 228.42 48.41 25.24 0 0.545268 1125.45 508.13 53.89 29.48 0 0.542278 1571.65 584.97 53.20 31.29 0 0.524283 1265.81 208.39 48.30 25.00 0 0.501864 1510.03 202.39 49.05 26.79 0 0.495229 1267.51 189.51 48.10 25.30 0 0.491163 1327.62 198.90 43.91 29.17 0 0.486289 1517.33 254.61 49.42 29.28 0 0.483793 1047.52 584.32 57.07 25.61 0 0.481999 1460.07 349.70 56.22 28.40 0 0.480103 1339.09 448.32 55.87 29.93 0 0.477993 1327.48 253.24 51.19 30.30 0 0.476898 1332.98 331.37 54.94 28.68 0 0.474885 1461.31 343.64 56.94 28.72 0 0.472001 1333.43 377.85 56.01 28.86 0 0.466424 1460.73 296.35 53.74 27.70 0 0.464938 1337.85 547.83 61.51 29.47 0 0.457159 1441.35 200.84 52.03 25.60 0 0.453448 1461.06 321.15 52.75 26.18 0 0.448420 1548.87 482.21 55.66 27.70 0 0.424114 1531.60 324.46 49.02 28.65 0 0.422599 1497.37 588.23 57.14 28.81 0 0.417166 1334.00 401.74 56.02 28.17 0 0.411291 1343.32 496.78 53.25 27.67 0 0.408296 1330.55 271.15 51.97 28.50 0 0.407913 1513.82 250.36 49.41 28.30 0 0.402495 1340.16 521.38 58.75 28.91 0 0.400854 1331.92 356.89 54.14 27.31 0 0.398373 1451.68 251.60 50.96 26.19 0 0.394260 1455.86 275.64 52.82 25.97 0 0.383075 1463.41 371.02 55.88 29.24 0 0.376570 1746.55 787.09 25.71 16.77 3 0.370123 1569.51 536.95 54.51 31.81 0 0.359239 1530.86 345.56 50.28 27.51 0 0.355311 1322.88 245.14 53.44 32.34 0 0.354312 1456.22 281.56 50.24 26.18 0 0.351706 1619.08 206.89 29.50 18.80 3 0.349031 1496.81 529.24 50.25 28.61 0 0.344729 1543.74 409.91 51.66 28.37 0 0.338015 1550.00 510.48 60.88 28.86 0 0.334891 1447.12 229.09 51.05 25.75 0 0.328279 1326.43 188.46 42.25 29.79 0 0.327945 1469.33 400.71 53.85 29.60 0 0.325923 1539.32 401.67 48.98 27.66 0 0.312554 1324.86 204.07 47.20 29.09 0 0.311994 1549.49 506.26 55.51 25.85 0 0.310902 1639.41 302.33 26.94 16.23 3 0.303357 1511.33 236.87 52.85 30.10 0 0.297942 1473.00 442.00 55.72 28.21 0 0.290597 1339.02 574.03 57.40 29.57 0 0.288776 1475.65 445.35 54.60 30.06 0 0.285207 1534.97 342.75 51.11 25.94 0 0.283313 1550.08 468.17 54.66 30.01 0 0.278502 1476.00 459.66 55.95 28.72 0 0.277271 1522.46 260.73 50.54 30.34 0 0.262043 1340.39 568.96 54.02 28.33 0
104,0.853386 795.66 447.70 60.52 131.69 1 0.769418 410.56 820.64 37.42 63.39 0 0.738680 1204.68 502.49 25.50 42.74 0 0.668682 547.48 825.68 32.39 61.37 0 0.654067 2.09 766.53 39.51 62.19 0 0.594964 1078.37 499.85 27.17 44.66 0 0.574781 916.08 390.90 29.26 43.38 0 0.574316 1049.86 495.77 28.43 48.69 0 0.555476 871.03 358.38 22.24 36.55 0 0.553399 1228.20 505.13 24.41 43.28 0 0.530037 271.30 649.38 56.24 25.82 0 0.522236 844.89 357.38 24.48 41.72 0 0.513124 871.73 391.88 22.98 45.27 0 0.505275 843.03 400.31 21.70 41.16 0 0.502489 330.89 649.86 46.53 26.33 0 0.475824 9.45 569.45 55.95 26.97 0 0.465291 129.61 931.83 39.14 58.49 0 0.458210 1155.92 505.34 26.38 47.46 0 0.457628 195.99 787.60 37.83 49.96 0 0.444247 439.38 824.13 33.96 60.56 0 0.434388 96.02 908.74 47.63 52.57 0 0.392510 1247.07 474.96 41.82 22.66 0 0.378535 894.90 359.22 22.68 33.42 0 0.369527 37.93 911.26 40.76 45.55 0 0.369435 112.91 801.10 31.90 35.30 0 0.362808 3.46 911.59 43.05 42.94 0 0.350282 869.86 396.24 21.71 43.85 0 0.348999 54.20 781.63 37.92 51.94 0 0.348716 9.35 905.41 45.94 42.36 0 0.336951 749.39 460.30 44.16 29.38 0 0.331018 76.98 791.52 34.40 44.22 0 0.307648 389.48 654.75 47.49 24.07 0 0.295096 912.44 359.70 25.01 32.72 0 0.293639 643.79 658.08 44.53 23.49 0 0.281041 648.50 658.26 54.07 23.33 0 0.269498 792.41 458.53 49.46 132.47 1 0.266020 1225.07 683.51 59.26 33.31 0 0.261785 1307.24 498.48 56.15 29.69 0 0.261509 1204.03 472.95 25.50 20.53 0
105,
106,0.631979 789.51 265.19 26.66 43.02 0 0.622626 176.26 460.16 29.88 52.02 0 0.617466 652.89 262.53 27.53 45.58 0 0.591231 108.13 457.00 32.84 55.19 0 0.570586 207.84 459.04 31.43 55.86 0 0.570414 590.11 163.75 26.95 36.56 0 0.565929 839.42 253.16 27.52 42.91 0 0.538852 1164.32 702.85 45.17 60.17 1 0.492201 59.51 466.38 37.24 55.58 0 0.489227 384.86 494.92 63.69 30.79 0 0.469548 794.83 338.11 60.89 29.37 0 0.450969 618.98 257.75 34.73 41.59 0 0.408979 429.35 396.46 44.61 29.94 0 0.384582 865.82 262.77 22.26 36.61 0 0.356702 480.23 153.59 48.94 23.15 0 0.329199 1027.15 403.85 26.24 38.11 0 0.323762 813.50 264.37 24.14 43.81 0 0.322743 911.68 598.22 33.07 62.40 0 0.310979 679.02 165.90 21.62 33.37 0 0.297357 887.09 269.43 22.20 30.08 0 0.267436 1465.48 6.71 30.40 49.59 0 0.262683 703.31 159.34 28.26 37.32 0 0.255501 284.33 108.66 46.42 30.47 0
107,0.364164 683.59 676.00 37.95 47.96 1 0.284229 637.95 682.96 35.78 40.05 1
108,0.425900 80.50 705.84 209.25 96.95 0 0.336034 829.84 928.23 187.49 120.31 0
109,0.842769 1246.27 320.34 44.41 31.34 3 0.688985 1262.51 340.96 49.17 29.70 3 0.686690 339.72 357.89 98.13 59.08 0 0.616187 840.54 351.45 66.33 64.05 0 0.596234 637.40 311.67 82.82 66.53 0 0.595281 1247.47 336.20 43.76 28.28 3 0.587455 1280.65 200.17 55.50 29.20 0 0.574483 1215.15 967.48 79.63 112.52 0 0.572892 1244.43 917.80 62.80 40.01 3 0.567539 741.15 333.12 60.50 64.33 0 0.564932 1249.07 911.82 56.03 36.23 3 0.546633 1244.44 368.33 28.98 28.44 3 0.546029 1250.50 274.10 71.61 39.36 0 0.542059 1268.26 343.74 49.25 30.52 3 0.538807 424.49 306.24 90.37 54.27 0 0.537621 1548.80 829.10 76.60 144.90 0 0.529379 897.87 363.60 65.85 69.80 0 0.510938 1253.80 866.82 44.16 34.28 3 0.505073 182.55 452.78 146.41 75.38 0 0.469493 1489.13 82.41 31.43 28.47 0 0.467534 1595.86 333.08 55.28 63.98 0 0.424090 453.61 285.37 88.75 52.56 0 0.396382 1255.92 249.28 65.38 34.47 0 0.396029 1269.86 231.68 58.22 29.93 0 0.393058 1233.35 939.22 69.96 35.51 3 0.372861 1425.72 141.49 43.30 56.36 0 0.366201 785.91 340.27 62.10 66.58 0 0.361086 1260.28 853.89 38.52 32.57 3 0.351167 1246.56 903.49 57.29 35.90 3 0.323070 1802.35 1017.25 110.51 62.75 0 0.322181 391.50 321.89 97.11 65.49 0 0.304649 420.80 314.41 84.56 57.82 0 0.289163 472.78 287.77 75.93 57.59 0 0.278360 444.95 297.07 98.13 58.08 0 0.277625 409.22 317.76 86.09 61.45 0 0.274940 1632.74 441.76 23.84 35.34 2 0.271088 1255.39 258.59 70.58 38.17 0 0.265799 1375.99 51.06 28.79 43.84 0 0.255149 349.78 350.66 117.00 60.74 0
110,0.756604 606.66 505.67 11.90 20.38 2 0.620833 83.91 275.37 40.48 67.54 0 0.608241 1048.11 212.07 44.27 63.09 0 0.588672 328.08 138.85 33.90 53.00 0 0.586884 1275.65 405.68 60.26 69.57 0 0.548969 111.77 32.87 33.18 52.71 0 0.546436 48.25 625.79 43.49 82.19 0 0.474221 607.19 501.36 12.46 19.86 2 0.448845 336.81 415.11 39.20 67.68 0 0.447189 68.83 434.84 41.26 72.83 0 0.436185 327.11 30.43 25.63 39.08 0 0.405621 101.17 137.80 38.01 59.25 0 0.373091 349.31 593.24 40.85 116.25 0 0.309229 341.54 491.46 37.30 84.62 0 0.301308 348.76 589.52 38.98 86.68 0 0.287709 105.01 88.70 25.67 39.09 0 0.276013 346.58 623.97 43.50 96.03 0 0.266805 342.72 420.09 38.45 70.63 0 0.266668 1041.32 215.17 46.17 65.89 0
111,0.713034 1402.21 388.97 70.56 107.92 0 0.696855 0.05 221.85 86.49 77.70 0 0.691234 1535.95 800.33 106.12 142.00 0 0.664964 1732.40 419.46 87.45 78.14 0 0.632470 1426.84 501.39 78.24 94.68 0 0.629664 1796.32 507.39 93.10 96.31 0 0.625373 730.55 222.34 111.86 46.40 0 0.585908 1596.70 941.31 106.78 127.64 0 0.581308 1854.78 606.37 60.26 95.55 1 0.579767 1676.19 318.15 85.14 84.10 1 0.578261 1525.85 374.35 34.87 41.93 3 0.562242 165.69 515.69 38.28 46.68 3 0.555008 597.33 213.69 118.22 53.82 0 0.543505 1475.09 607.96 86.21 130.33 0 0.533981 1583.01 200.78 68.94 60.74 0 0.506882 804.30 145.12 52.90 53.10 0 0.505600 729.54 152.08 53.70 37.55 0 0.505029 148.92 188.47 105.18 42.33 0 0.494525 985.93 236.78 94.73 46.07 0 0.471070 1629.33 257.00 84.75 62.40 0 0.431207 1619.06 142.41 57.57 56.45 0 0.416255 365.10 142.31 48.11 39.49 0 0.403662 1484.74 34.18 68.01 64.14 0 0.396133 622.96 147.80 37.32 38.35 0 0.377126 1466.29 600.62 86.36 104.18 0 0.374324 1865.39 615.02 52.08 95.88 0 0.368461 635.43 148.25 40.08 36.94 0 0.367028 858.89 223.57 108.71 45.93 0 0.341902 475.97 139.33 41.10 45.54 0 0.337098 0.00 1002.00 22.30 69.67 3 0.329848 1874.51 627.06 45.49 85.83 0 0.321686 1668.59 211.02 55.31 46.28 0 0.318588 982.80 232.63 115.95 44.53 0 0.296134 1490.97 48.99 67.12 70.54 0 0.286363 721.19 146.99 56.52 39.34 0 0.284050 1670.10 523.15 59.38 63.79 0 0.283029 370.53 135.91 46.26 42.56 0 0.282513 1747.47 413.86 73.18 67.89 0 0.271301 1783.27 503.16 99.10 85.77 0 0.267856 1716.41 911.19 47.38 67.79 3 0.251847 1610.61 145.26 62.97 69.17 0 0.250491 436.01 136.11 30.85 39.75 0
112,0.715533 1412.07 424.11 259.61 97.52 0 0.710311 54.80 432.35 216.39 78.89 0 0.526121 1105.09 429.67 241.20 97.70 0 0.478099 729.97 423.65 235.07 89.30 0 0.468265 758.82 414.81 238.67 116.09 0 0.354891 104.68 401.32 208.62 105.27 0 0.348010 65.18 401.86 228.31 93.69 0 0.313339 53.63 415.63 247.15 105.86 0 0.301387 1389.02 418.48 217.70 98.67 0 0.300423 269.83 168.97 20.31 27.88 3 0.298181 238.03 172.53 18.69 27.43 3
113,0.586051 1255.93 743.41 67.54 31.31 0 0.422689 1665.65 744.86 65.13 30.38 0 0.299838 524.15 757.05 44.29 21.82 0 0.298487 943.79 741.47 60.10 34.19 0
114,0.745284 870.06 582.07 26.00 54.05 0 0.724225 597.99 742.99 27.25 51.04 0 0.714765 602.65 544.16 22.80 48.62 0 0.703223 986.05 566.36 25.13 48.33 0 0.697872 720.59 593.34 25.26 49.45 0 0.672591 913.91 706.12 29.90 51.65 0 0.664131 840.84 582.85 26.87 53.44 0 0.662883 1625.91 309.47 24.84 38.86 0 0.657668 1009.34 699.81 27.74 49.01 0 0.657440 1045.40 916.09 33.55 68.72 0 0.652842 530.14 812.96 28.20 56.21 0 0.651803 1014.74 564.16 25.09 49.57 0 0.648033 569.80 609.00 25.98 50.95 0 0.631741 863.42 516.40 24.55 47.02 0 0.626942 664.19 730.23 28.49 57.88 0 0.622047 719.08 529.18 27.07 50.88 0 0.608558 629.63 544.32 23.77 47.44 0 0.605179 629.38 738.38 28.16 56.02 0 0.598765 602.71 605.68 25.82 48.60 0 0.582039 788.72 719.56 29.13 51.83 0 0.579291 1070.74 696.60 27.45 53.05 0 0.568659 1799.19 708.85 34.92 56.86 0 0.560369 599.94 815.00 29.50 60.34 0 0.541380 1667.57 408.58 32.52 49.49 0 0.531661 723.92 720.26 28.95 51.37 0 0.528637 1034.34 505.80 24.47 44.96 0 0.523024 1006.62 506.00 22.97 43.20 0 0.515047 1040.13 699.06 27.67 50.40 0 0.513551 1831.35 777.57 37.49 63.11 0 0.505011 944.31 704.26 27.61 57.06 0 0.503030 928.59 577.68 28.49 51.24 0 0.498330 808.04 587.00 26.27 54.43 0 0.489612 690.38 592.16 25.21 54.90 0 0.487408 819.89 718.39 28.35 50.90 0 0.484458 1163.45 995.09 34.64 66.21 0 0.484181 569.14 744.30 27.29 52.14 0 0.482227 1143.84 902.26 31.49 67.12 0 0.476707 831.08 524.33 25.48 48.31 0 0.476522 747.18 528.80 24.72 48.67 0 0.476075 976.90 701.43 26.60 51.91 0 0.474968 533.71 744.40 28.50 54.72 0 0.469743 891.83 515.09 24.98 44.21 0 0.469527 1074.31 557.96 25.98 46.86 0 0.469071 1181.44 210.65 30.41 38.05 0 0.457755 749.19 593.65 27.02 53.20 0 0.455015 1768.99 638.48 37.92 61.45 0 0.454562 1158.56 995.14 32.71 68.05 0 0.444641 774.12 531.71 27.54 47.44 0 0.442034 1109.76 905.35 34.44 70.52 0 0.425282 1771.48 303.17 31.99 34.67 0 0.412616 1716.05 519.45 34.43 54.63 0 0.408527 853.28 717.74 27.20 52.70 0 0.407448 528.22 473.08 16.19 25.62 3 0.403404 976.91 506.53 25.20 44.17 0 0.400791 628.71 603.51 25.11 52.46 0 0.400579 539.97 548.47 27.73 49.97 0 0.394588 694.84 722.85 28.06 57.22 0 0.392999 539.94 607.88 26.64 56.18 0 0.379226 563.51 807.81 28.52 59.96 0 0.378155 1047.20 559.73 26.10 55.23 0 0.373507 918.45 521.01 23.85 45.82 0 0.371228 1711.90 519.06 30.12 49.98 0 0.359617 1515.26 293.88 52.03 25.32 0 0.342243 780.49 591.08 25.42 51.15 0 0.341083 756.03 721.36 28.33 57.77 0 0.333017 900.73 578.01 26.95 56.69 0 0.301297 1531.89 341.14 52.31 26.60 0 0.296745 1513.11 278.67 46.91 20.96 0 0.293974 1432.60 82.42 47.00 21.78 0 0.293109 941.45 523.25 26.62 44.22 0 0.278525 1392.15 0.00 46.05 14.44 0 0.269569 1818.19 627.22 24.25 36.12 0 0.261294 703.40 63.86 29.82 20.16 0 0.255317 657.16 596.50 27.23 51.89 0 0.252956 1524.64 320.05 54.22 25.10 0 0.250995 1027.05 562.53 25.95 49.25 0
115,0.709769 1380.43 381.21 174.33 76.82 0 0.699192 508.43 410.66 207.04 90.12 0 0.681575 988.54 405.69 180.33 74.95 0 0.637992 1599.72 381.11 154.54 73.13 0 0.628135 759.10 412.54 175.33 74.81 0 0.473555 152.14 386.85 284.98 138.87 1 0.408025 116.59 411.68 244.17 113.58 0 0.387161 115.93 402.12 265.00 127.23 1 0.303497 211.66 388.44 218.64 123.77 1 0.276120 1776.21 228.31 140.49 72.92 1
116,0.471417 735.58 896.61 31.00 47.25 0
117,0.662436 1224.13 457.29 51.22 39.04 0 0.640248 911.95 651.00 39.10 42.78 1 0.606878 1029.41 371.93 50.39 43.39 0 0.590118 1192.22 249.59 40.01 33.99 0 0.589671 1261.28 338.55 41.00 37.06 0 0.585656 1132.23 450.59 49.38 40.45 0 0.583765 1406.84 281.18 44.93 36.51 0 0.582283 1091.53 323.68 42.50 38.61 0 0.581733 1094.91 484.53 43.92 43.96 0 0.575122 1282.32 319.96 43.47 36.45 0 0.571889 1311.28 290.07 45.30 36.70 0 0.570026 1360.37 324.22 45.49 38.87 0 0.561557 806.09 343.15 41.89 39.81 0 0.559234 1161.47 415.08 49.35 36.99 0 0.553280 1041.63 538.46 46.02 41.64 0 0.530917 1329.06 266.98 49.83 38.12 0 0.530466 1172.24 180.33 26.76 24.33 0 0.528444 795.35 340.75 36.58 37.33 0 0.519525 1083.71 494.83 43.07 42.86 0 0.518418 1347.14 256.83 49.40 31.89 0 0.518251 1261.10 196.88 34.29 28.94 0 0.515858 1046.80 515.71 43.48 37.22 0 0.507808 1137.72 283.27 39.73 37.96 0 0.506295 1217.22 229.66 38.30 28.03 0 0.500459 1246.00 351.24 40.38 36.09 0 0.496743 1040.93 364.55 48.82 44.95 0 0.496678 1306.54 384.55 42.70 40.97 0 0.494447 972.71 416.49 45.85 46.18 0 0.494265 1208.27 384.78 41.51 40.18 0 0.491107 1195.32 179.95 25.22 23.86 0 0.485525 1265.51 402.17 41.77 32.04 0 0.483271 1219.30 371.74 40.12 37.56 0 0.482814 1235.22 360.82 41.63 39.33 0 0.478863 1134.83 445.56 50.14 37.55 0 0.478337 1123.99 293.03 39.91 40.38 0 0.475096 457.84 996.15 69.50 83.85 0 0.469185 1247.23 201.76 34.64 28.55 0 0.467379 1125.81 448.32 53.77 36.27 0 0.465690 1150.53 522.40 53.39 50.55 0 0.458231 1022.68 377.87 48.06 45.19 0 0.456726 1103.17 487.37 43.30 41.99 0 0.456611 992.64 406.68 41.34 43.88 0 0.446861 891.93 629.82 46.07 59.18 1 0.446491 1164.91 269.72 39.12 37.78 0 0.438019 1270.00 326.09 47.92 37.80 0 0.432778 1112.68 316.14 39.84 42.62 0 0.427336 1179.76 403.17 46.44 38.10 0 0.425219 1366.15 316.05 47.18 43.92 0 0.425094 1303.57 378.91 42.12 35.81 0 0.424794 1185.33 483.01 45.97 41.57 0 0.424624 1141.94 281.33 41.88 33.16 0 0.423628 756.06 311.06 38.73 30.42 0 0.417220 949.55 428.08 44.36 45.82 0 0.412839 1319.04 286.13 45.09 38.17 0 0.412200 1076.09 501.83 46.00 43.94 0 0.408792 1230.18 222.94 34.28 30.26 0 0.401193 1190.71 399.93 44.48 33.44 0 0.387234 1207.33 478.46 45.64 43.19 0 0.384770 297.13 776.01 52.22 56.98 0 0.378183 1318.04 280.33 50.42 39.09 0 0.375579 1145.18 427.71 52.08 42.57 0 0.375403 1241.16 432.29 47.16 35.14 0 0.363381 861.04 299.34 31.53 31.91 0 0.357740 373.93 878.14 57.59 64.74 0 0.349903 1050.96 360.04 44.92 38.29 0 0.344741 1296.80 303.93 41.88 33.74 0 0.342752 1171.83 492.49 42.69 41.06 0 0.339366 823.88 338.46 34.99 37.93 0 0.338280 815.37 329.64 36.15 37.75 0 0.335059 1221.29 465.09 50.89 41.17 0 0.329213 1204.60 232.39 41.42 29.02 0 0.328538 970.05 420.96 45.49 48.99 0 0.326336 1322.42 386.24 42.07 39.18 0 0.324562 1282.04 404.97 37.84 37.13 0 0.324246 1144.87 531.52 49.29 48.01 0 0.313144 1181.04 263.20 38.64 36.19 0 0.311567 1294.28 392.56 41.19 42.01 0 0.309641 1115.10 559.38 46.00 46.34 0 0.308666 1160.71 511.30 49.21 51.30 0 0.306857 1341.77 263.05 49.91 33.99 0 0.304638 1151.81 422.30 54.45 38.16 0 0.294353 337.68 827.00 50.45 56.71 0 0.266130 1048.90 525.01 48.22 45.27 0 0.265178 1514.82 330.85 27.77 21.03 3 0.254943 956.41 424.63 49.74 48.61 0
118,0.735311 976.00 755.01 31.95 66.76 0 0.717834 793.22 450.51 22.93 46.70 0 0.712758 1672.62 452.47 30.36 50.71 0 0.693506 905.96 446.56 24.43 50.98 0 0.688507 818.81 447.06 25.04 49.40 0 0.686664 597.09 450.95 24.30 46.95 0 0.685298 1611.13 247.30 22.86 43.85 0 0.683711 1519.45 272.75 44.31 22.03 0 0.681001 522.15 565.79 26.93 45.26 0 0.674542 989.54 440.67 22.88 44.62 0 0.671158 1071.87 750.04 30.21 59.34 0 0.668302 628.32 396.70 24.19 44.94 0 0.662902 640.72 563.37 27.08 50.20 0 0.640825 764.36 449.18 22.63 47.65 0 0.637048 650.57 449.83 25.11 43.95 0 0.629650 626.20 450.19 24.16 45.33 0 0.629092 544.64 396.89 29.27 43.98 0 0.625090 700.17 560.11 27.32 44.29 0 0.621210 510.92 624.64 25.88 50.18 0 0.618186 673.63 561.10 25.77 47.53 0 0.606129 820.11 393.75 22.89 43.60 0 0.605773 602.23 395.86 24.63 48.75 0 0.592962 1045.17 438.63 25.20 45.02 0 0.591619 906.78 557.18 25.33 50.58 0 0.590146 1752.20 696.43 34.75 54.95 0 0.587150 574.90 634.78 28.62 53.39 0 0.584514 959.69 441.53 22.89 43.81 0 0.577732 1659.28 258.27 25.06 39.78 0 0.569664 704.52 327.64 14.57 18.34 3 0.566721 675.69 326.29 13.26 19.57 3 0.558032 581.36 568.65 25.71 49.95 0 0.549085 1078.96 826.33 31.44 66.90 0 0.547508 765.82 397.68 25.93 41.97 0 0.540755 553.24 567.03 24.53 48.83 0 0.535613 1040.69 750.54 27.87 60.17 0 0.530332 1731.56 633.60 31.61 56.69 0 0.524377 711.12 392.53 25.65 42.43 0 0.523921 816.01 565.17 24.76 48.90 0 0.522841 676.44 447.17 26.05 48.29 0 0.509591 734.57 444.70 25.16 49.89 0 0.509126 737.56 392.75 24.14 43.68 0 0.504972 556.16 325.40 14.69 21.99 3 0.500561 1025.13 563.47 24.77 46.14 0 0.500000 787.61 561.71 24.77 51.75 0 0.495213 986.25 387.58 22.04 43.98 0 0.491539 1447.86 32.26 46.47 22.25 0 0.491219 848.00 390.67 23.06 41.96 0 0.487205 939.09 559.19 24.21 46.08 0 0.477728 567.56 447.92 24.06 47.54 0 0.471418 876.53 446.26 25.72 51.94 0 0.464316 1638.67 349.96 25.21 41.75 0 0.455392 1709.63 333.54 29.60 51.30 0 0.453105 1706.40 561.81 36.92 61.87 0 0.446943 541.13 630.49 27.23 50.77 0 0.442361 609.20 568.70 26.16 51.07 0 0.432954 759.81 562.22 24.89 47.78 0 0.432198 794.52 399.21 21.63 42.22 0 0.428947 1188.33 130.53 32.49 42.18 0 0.415528 965.74 562.62 25.53 48.01 0 0.415090 1441.82 31.20 46.05 26.14 0 0.412771 957.09 387.24 23.02 44.40 0 0.412385 536.53 449.85 26.62 47.09 0 0.408706 1012.53 389.45 21.53 44.13 0 0.382937 529.57 327.78 16.64 22.08 3 0.380052 1017.14 441.02 26.15 46.14 0 0.375206 1409.00 0.00 27.80 29.81 1 0.374117 707.61 445.36 25.99 47.42 0 0.373980 929.04 394.01 23.60 42.89 0 0.372823 846.65 442.47 25.97 53.71 0 0.371502 728.82 563.48 25.37 51.34 0 0.359539 877.49 559.35 25.86 49.92 0 0.352936 996.90 564.07 25.62 43.80 0 0.324318 1511.02 235.23 44.99 25.54 0 0.312018 1516.48 252.87 42.45 21.12 0 0.295573 1505.33 232.50 48.30 25.73 0 0.289340 903.74 393.52 23.80 43.31 0 0.285069 541.60 450.11 26.41 47.63 0 0.276477 1019.44 446.54 26.83 43.24 0 0.271750 703.52 443.46 25.11 44.97 0 0.263087 719.43 327.58 14.84 18.64 3
119,0.719500 252.50 408.79 199.04 89.02 0 0.669384 535.32 409.54 189.06 79.38 0 0.634661 1214.85 362.20 199.52 80.96 0 0.552632 728.17 924.20 46.01 60.93 3 0.538909 991.99 374.76 185.67 84.44 0 0.332074 716.95 935.05 61.75 55.99 3 0.271315 1021.29 382.35 155.86 67.50 0
120,0.355041 770.43 686.90 49.44 34.28 0 0.333249 660.64 746.33 49.42 28.70 0 0.330841 806.71 661.67 50.03 35.06 0 0.273190 609.30 769.13 57.69 31.49 0 0.269116 401.64 807.14 58.00 33.95 0 0.253382 868.42 540.11 29.49 31.05 0
121,
122,0.584141 954.05 510.61 41.48 57.08 0 0.524086 908.04 511.75 38.45 57.37 0 0.510807 1383.87 646.76 45.48 56.56 0 0.460896 1332.20 648.36 41.67 53.83 0 0.455976 835.41 483.91 35.77 48.89 0 0.440270 1030.84 491.40 29.78 46.07 0 0.424954 1283.28 649.03 43.04 45.62 0 0.415480 867.74 511.23 37.45 59.30 0 0.381720 1188.87 642.01 44.96 44.79 0
123,0.723950 72.08 121.07 32.21 65.06 0 0.706249 116.37 680.02 30.82 57.73 0 0.640398 856.00 72.47 30.87 62.80 0 0.635566 40.28 201.67 31.19 57.62 0 0.605114 839.74 536.98 33.11 66.81 0 0.603231 111.57 591.91 33.69 63.16 0 0.599539 13.21 597.48 36.03 64.39 0 0.577466 3.15 118.20 33.33 60.11 0 0.576679 45.18 365.67 33.47 58.85 0 0.568968 11.86 363.61 34.31 59.57 0 0.563137 110.11 196.45 33.00 63.04 0 0.553285 77.04 202.69 30.85 61.52 0 0.548262 839.91 628.19 32.11 67.37 0 0.534128 841.90 390.45 33.17 65.42 0 0.525829 839.71 458.90 34.69 68.77 0 0.493609 37.17 119.48 30.51 60.13 0 0.454362 75.50 368.58 32.73 56.73 0 0.415589 851.44 230.75 29.80 61.94 0 0.406488 79.73 597.46 31.26 63.67 0 0.397697 81.08 369.78 32.51 55.76 0 0.376074 11.55 197.24 30.43 60.85 0 0.353647 1048.25 260.70 28.51 59.04 0 0.349641 3.92 359.85 39.29 61.44 0 0.349162 880.70 229.66 28.83 66.13 0 0.333946 1013.27 1041.81 21.09 38.11 0 0.308465 332.37 10.31 24.23 32.53 0 0.308281 75.26 211.95 33.47 60.85 0 0.276165 290.74 15.40 21.01 25.68 3
124,0.871020 1091.12 982.03 75.03 42.22 3 0.705476 1117.51 603.69 53.17 27.22 3 0.680636 707.28 451.90 83.14 113.15 0 0.664576 1118.43 582.90 55.50 30.56 3 0.648964 1119.62 531.36 52.44 26.71 3 0.636039 655.69 566.40 93.01 137.42 0 0.614473 801.61 294.91 37.86 27.80 3 0.574592 756.64 372.52 60.17 35.71 3 0.571050 848.43 115.91 46.30 38.79 3 0.569840 1123.57 487.71 48.57 28.51 3 0.556095 796.88 320.24 39.39 27.74 3 0.535502 1092.91 974.24 72.56 40.15 3 0.528490 758.00 363.83 58.40 32.54 3 0.519119 1116.45 629.92 52.57 28.02 3 0.510918 552.53 806.26 113.66 179.56 0 0.506782 755.75 383.76 55.76 34.39 3 0.400806 1122.24 514.22 48.26 26.98 3 0.381800 769.65 351.33 49.82 28.60 3 0.342468 493.69 985.55 112.88 94.33 0 0.332630 554.34 838.31 103.70 137.73 0 0.320471 1089.13 1008.55 71.43 36.86 3 0.308480 763.52 355.82 59.32 29.38 3 0.306405 1083.69 1048.95 64.87 31.05 3 0.304561 1076.15 1053.29 46.60 26.71 3 0.302995 1121.80 471.40 48.73 33.54 3 0.271037 827.35 161.86 57.54 47.81 3 0.261389 851.02 110.74 41.67 38.13 3
125,0.618329 1181.37 546.31 44.30 42.17 0 0.610904 1238.42 654.15 53.15 54.58 0 0.590764 1048.90 287.38 25.93 22.34 0 0.586510 821.02 230.58 31.81 18.30 0 0.575896 1261.91 442.12 43.76 43.25 1 0.562317 1137.86 460.22 33.13 32.34 0 0.528871 1034.46 191.44 21.88 15.81 0 0.519676 1071.17 329.66 25.65 19.45 0 0.516077 982.17 399.14 24.64 33.68 0 0.491929 844.13 324.36 33.81 19.31 0 0.489618 748.54 587.41 58.99 34.52 0 0.448285 836.18 280.55 32.77 19.80 0 0.424560 1063.91 313.69 24.22 16.70 0 0.418521 1002.60 191.92 23.20 15.80 0 0.414189 743.02 281.52 35.64 19.89 0 0.412295 1092.46 370.87 39.93 28.53 1 0.332305 704.93 237.87 26.96 17.43 0 0.331659 839.86 309.39 31.21 17.43 0 0.327546 914.22 207.66 27.76 16.19 0 0.319777 744.32 283.99 37.00 23.49 0 0.315715 652.47 228.01 27.38 15.10 0 0.307601 1018.32 187.96 23.10 17.47 0 0.297825 822.77 182.07 26.42 17.09 0 0.294960 1044.51 288.83 27.06 21.74 0 0.287639 1180.87 214.32 20.79 12.50 0 0.284115 1060.71 310.18 25.34 17.67 0 0.265343 1006.30 183.33 24.98 17.73 0 0.265067 840.99 310.97 35.22 19.64 0 0.252818 1016.19 182.06 21.75 16.43 0
126,0.689373 1160.81 462.54 40.39 46.52 1 0.628216 1048.33 488.04 30.67 33.17 0 0.581907 953.72 310.31 24.09 20.91 0 0.572140 676.06 646.26 63.79 38.91 0 0.571850 936.96 207.74 19.77 16.24 0 0.568609 1148.01 682.40 47.47 37.60 0 0.563721 1095.52 579.14 35.52 37.85 0 0.534750 760.49 359.23 29.52 19.13 0 0.521450 1075.58 228.95 24.42 16.65 0 0.518038 756.13 343.02 28.05 18.93 0 0.500338 821.46 244.80 25.91 17.72 0 0.490743 1308.05 255.38 32.83 18.62 0 0.447657 1268.04 257.10 27.30 16.04 0 0.410138 989.58 378.84 30.70 20.31 0 0.397148 923.51 204.70 17.34 17.92 0 0.396881 971.24 339.34 25.00 17.68 0 0.395347 597.31 273.37 20.41 17.08 0 0.380245 1237.12 230.21 20.73 13.82 0 0.370082 732.62 211.01 23.96 16.97 0 0.356785 729.36 262.85 31.53 17.59 0 0.339315 1080.08 229.63 24.76 15.87 0 0.331751 996.82 392.26 38.69 28.24 0 0.315937 979.42 359.02 23.42 18.51 0 0.307798 721.61 214.61 25.50 15.29 0 0.298317 924.03 199.48 15.73 15.76 0 0.283680 657.47 319.52 33.10 19.96 0 0.281421 748.27 207.53 23.95 17.12 0 0.275588 747.49 311.55 25.46 22.47 0 0.266208 906.85 207.56 18.95 15.70 0 0.261180 1203.59 230.22 24.19 10.95 0 0.260653 699.07 215.63 25.46 15.75 0 0.252088 758.19 112.56 15.25 13.66 0
127,0.715136 1340.91 868.49 37.00 68.20 0 0.684679 982.33 518.25 25.58 46.89 0 0.676408 983.20 401.04 24.73 43.87 0 0.659941 1089.35 678.75 53.76 29.40 0 0.644993 1507.28 868.44 32.85 66.46 0 0.632785 982.31 301.24 19.35 39.91 0 0.594167 1406.00 863.10 35.75 63.87 0 0.560694 979.75 933.53 30.83 71.03 0 0.557646 1678.86 864.73 36.10 69.34 0 0.547562 1475.31 869.26 33.51 66.31 0 0.533407 985.53 205.18 21.16 39.05 0 0.521663 1438.41 1021.85 28.53 54.51 0 0.502882 1635.59 864.52 35.59 61.88 0 0.488970 1209.76 977.93 31.17 69.19 0 0.479069 1276.64 872.47 28.66 66.85 0 0.471708 1404.14 1017.48 33.85 60.42 0 0.392417 1075.49 572.31 50.99 26.25 0 0.389062 1363.69 1014.93 32.03 49.68 0 0.380599 1066.69 420.21 52.75 29.00 0 0.379102 1214.78 530.65 52.64 27.88 0 0.368521 1535.26 1010.74 33.25 48.89 0 0.363018 1467.91 869.52 36.12 66.17 0 0.355871 1093.50 365.59 27.16 28.48 0 0.351819 1216.86 524.94 49.22 24.42 0 0.347863 1207.98 574.80 63.24 31.04 0 0.319625 1092.15 709.43 52.24 26.99 0 0.310653 1070.01 404.43 47.95 25.07 0 0.303906 1087.06 629.31 56.12 30.94 0 0.301812 1739.89 1010.82 35.20 69.18 0 0.297939 1404.60 861.54 33.63 52.89 0 0.297499 1214.55 536.06 53.87 27.16 0 0.284358 1884.99 1000.11 35.01 41.76 0 0.274848 1077.46 625.47 56.86 25.55 0 0.269698 1848.81 1003.70 37.12 32.85 0 0.269012 1073.29 581.88 55.20 28.83 0 0.266632 817.02 605.37 25.64 52.07 0 0.266510 979.68 634.68 25.05 50.08 0 0.262585 1211.75 571.05 60.70 27.99 0 0.255872 1075.03 604.78 59.61 29.65 0 0.250541 1092.36 346.43 26.71 28.74 0
128,0.569597 201.49 648.90 14.63 13.75 3 0.526010 56.66 27.76 52.62 27.40 0 0.289834 114.30 676.62 16.06 15.07 3 0.289117 574.70 601.03 16.90 16.95 0 0.280146 44.28 597.88 28.14 15.59 0 0.278518 184.18 493.29 17.97 18.50 3 0.266972 1315.08 213.09 28.92 46.23 0
129,0.588845 1203.52 386.69 158.70 119.35 0 0.572661 1510.96 292.17 120.99 83.05 0 0.571520 775.85 617.22 109.78 139.93 0 0.510912 1663.99 243.88 86.27 68.74 0 0.460062 1531.36 281.61 122.43 86.39 0 0.459155 937.41 629.66 28.10 46.84 3 0.454468 1668.89 236.69 87.91 67.00 0 0.401367 1378.20 368.77 82.63 61.76 3 0.394600 625.52 592.67 128.42 140.77 0 0.381164 1190.53 412.27 162.68 100.74 0 0.367665 1494.89 311.50 107.93 65.44 0 0.300206 897.55 642.25 127.46 180.66 0 0.284589 1192.03 425.40 129.96 82.34 0 0.257101 905.30 656.77 112.30 139.01 0 0.254283 1553.20 284.86 106.30 72.60 0
130,0.639709 1132.93 257.02 24.96 44.33 0 0.633709 1121.82 346.39 24.53 39.19 0 0.593639 568.61 677.56 66.21 36.20 0 0.556534 1124.51 302.32 24.57 35.77 0 0.540889 1092.99 558.60 27.95 51.45 0 0.518586 1138.83 204.02 23.86 34.67 0 0.491543 995.26 58.70 11.11 15.51 3 0.491200 1117.16 389.91 31.68 53.92 0 0.444242 836.77 241.65 37.78 30.34 0 0.441447 866.46 139.47 29.17 25.23 0 0.433320 873.66 49.59 38.29 23.30 0 0.429801 840.80 212.74 45.65 31.66 0 0.369754 745.44 136.21 41.11 35.33 0 0.349287 1248.87 585.59 41.19 108.54 1 0.274998 740.22 132.80 41.33 41.82 1 0.257926 1254.58 606.90 36.18 92.63 1
131,0.513460 1433.45 756.51 68.15 27.85 0 0.410032 1761.10 761.58 66.95 29.70 0 0.407624 859.41 334.22 23.96 42.79 0 0.257027 1312.85 1041.23 42.53 23.40 0
132,0.757587 185.73 75.00 93.02 48.21 0 0.707811 172.18 978.33 57.80 52.37 3 0.688353 393.67 384.24 121.99 90.56 0 0.682546 1156.04 354.73 128.32 84.79 0 0.604590 0.00 99.81 59.53 54.97 0 0.579874 3.91 459.02 121.01 76.37 0 0.576574 206.77 192.42 93.74 54.21 0 0.570794 24.47 197.78 105.55 69.58 0 0.569782 1299.38 416.12 138.50 86.67 0 0.560674 0.00 836.53 196.06 220.37 1 0.525673 764.56 199.16 92.97 63.31 0 0.516426 95.95 138.54 115.78 58.80 0 0.513258 236.81 292.30 101.34 79.55 0 0.510651 350.26 756.73 57.12 60.08 3 0.504323 92.35 69.50 86.77 54.97 0 0.497002 279.64 216.77 104.52 55.90 0 0.491302 1232.59 284.46 57.02 46.53 0 0.480945 514.44 166.92 97.42 69.17 0 0.475129 91.63 505.61 107.46 73.44 0 0.466931 514.56 156.32 95.70 63.34 0 0.464744 1608.88 530.29 142.76 88.02 0 0.458574 0.64 421.03 123.07 64.77 0 0.453216 618.47 211.98 87.79 60.14 0 0.451761 438.23 132.08 80.41 58.66 0 0.451523 127.38 246.62 97.37 73.62 0 0.445702 395.30 111.03 95.13 66.67 0 0.445477 13.34 672.47 150.68 108.41 0 0.443063 1449.14 476.49 150.09 84.82 0 0.439266 980.47 196.25 52.24 43.94 0 0.424633 1431.41 346.65 70.40 62.06 0 0.424015 119.25 791.94 144.77 161.50 1 0.414903 1497.31 489.13 102.17 82.33 0 0.410824 407.91 110.61 81.71 54.30 0 0.402704 168.53 502.69 109.80 81.22 0 0.399322 548.80 169.08 84.64 71.65 0 0.395532 262.64 315.15 109.41 79.47 0 0.381193 175.15 514.38 125.27 82.27 0 0.380046 245.36 925.39 37.14 59.88 3 0.377941 0.26 397.55 107.76 56.88 0 0.373116 1450.10 465.69 139.51 74.45 0 0.371606 567.65 185.56 72.71 66.83 0 0.362435 135.39 260.32 92.78 62.94 0 0.351762 422.12 126.53 91.18 60.23 0 0.350896 265.39 291.41 118.25 69.05 0 0.350172 141.18 966.59 92.34 60.86 3 0.343213 484.57 35.56 23.13 28.62 3 0.342797 1349.30 324.11 57.38 45.66 0 0.325112 93.80 518.15 124.91 89.03 0 0.321063 251.67 296.28 122.32 77.04 0 0.319030 21.41 663.18 160.10 103.45 0 0.310733 1613.37 540.10 154.61 92.56 0 0.300949 273.87 222.89 97.48 61.32 0 0.299320 501.46 705.44 28.79 36.38 2 0.296081 0.00 372.65 73.79 44.61 0 0.289892 272.88 329.90 97.23 69.35 0 0.285964 134.54 976.07 95.06 59.77 3 0.280683 138.99 514.35 144.97 105.45 0 0.279261 9.68 411.42 132.00 67.64 0 0.276162 0.00 875.97 203.94 204.03 1 0.275209 0.00 435.34 115.91 74.89 0 0.269142 500.50 159.30 86.09 62.63 0 0.262517 390.96 119.73 86.13 64.69 0 0.257312 0.84 391.72 98.12 52.69 0
133,
134,0.684268 722.92 587.42 26.07 52.36 0 0.667323 1322.94 121.13 21.22 40.47 0 0.665302 702.41 416.21 23.74 41.62 0 0.658341 290.26 271.31 26.57 40.77 0 0.651720 602.11 311.36 22.32 47.67 0 0.622074 335.96 428.16 25.17 43.29 0 0.604011 680.85 306.51 22.55 44.59 0 0.603597 367.64 273.63 21.41 38.09 0 0.603332 628.83 309.21 22.60 48.80 0 0.601642 575.54 313.45 22.29 45.84 0 0.597990 662.73 588.91 28.11 52.30 0 0.595758 504.93 419.70 26.10 41.73 0 0.577499 386.15 318.66 21.06 41.29 0 0.576068 629.99 264.28 22.56 40.84 0 0.571428 1388.71 460.02 30.91 58.33 0 0.570120 580.17 263.53 19.70 40.04 0 0.567236 358.40 320.80 21.47 40.01 0 0.563529 343.17 274.95 23.08 37.35 0 0.558712 752.42 650.02 27.82 57.41 0 0.557539 363.08 425.52 25.46 43.01 0 0.555724 1337.00 213.81 22.72 43.49 0 0.554722 616.21 414.11 24.51 45.24 0 0.551878 263.73 480.01 27.59 49.04 0 0.547769 673.45 415.53 23.79 42.75 0 0.545262 545.28 312.40 24.70 46.82 0 0.545091 1358.28 308.36 24.92 44.77 0 0.543385 705.02 303.84 23.38 47.04 0 0.541130 332.06 323.01 23.24 39.27 0 0.540500 308.19 427.05 25.86 40.81 0 0.540431 412.10 316.98 24.18 44.03 0 0.539035 235.55 478.80 27.51 49.24 0 0.527332 439.99 316.22 21.59 42.61 0 0.515657 305.55 322.62 23.49 40.54 0 0.513470 926.76 15.62 33.49 45.41 0 0.513168 448.77 269.88 23.58 37.29 0 0.509116 414.49 207.04 13.54 22.37 3 0.508557 531.75 421.40 26.15 44.97 0 0.508465 699.71 419.03 24.23 43.16 0 0.505782 605.25 263.25 21.40 40.19 0 0.488866 476.48 419.54 25.96 43.02 0 0.485775 751.68 578.43 29.64 52.58 0 0.484735 728.37 416.25 24.11 41.66 0 0.480029 499.98 274.08 24.24 36.28 0 0.473877 653.71 264.96 23.07 43.20 0 0.457225 763.64 301.30 22.33 48.67 0 0.447537 292.87 485.29 29.19 52.27 0 0.440882 277.32 322.75 27.17 43.46 0 0.439322 390.07 417.19 26.49 42.38 0 0.433189 448.44 418.45 26.24 45.68 0 0.419429 1380.32 404.58 28.34 54.33 0 0.415918 1224.55 151.45 46.47 23.58 0 0.412000 436.06 209.13 13.20 19.71 3 0.411365 550.91 266.38 21.94 41.86 0 0.406476 291.85 209.99 17.35 22.28 3 0.402604 644.14 414.65 23.99 43.92 0 0.400094 308.74 209.59 18.00 22.66 3 0.394050 365.64 421.98 24.85 40.97 0 0.371398 252.00 426.09 27.43 40.39 0 0.370606 329.13 324.99 24.12 41.87 0 0.367771 1228.94 114.99 38.87 21.88 0 0.364587 458.07 208.38 14.53 20.01 3 0.345751 282.89 426.41 23.73 40.49 0 0.333118 473.14 268.82 21.81 37.48 0 0.326447 734.60 306.40 24.03 48.05 0 0.326445 419.91 416.92 26.40 43.55 0 0.323197 681.08 261.50 23.08 41.02 0 0.318146 1399.82 519.80 28.76 52.49 0 0.317566 412.55 416.87 25.79 42.80 0 0.317358 377.66 271.59 22.78 38.22 0 0.298095 272.68 323.21 28.26 47.30 0 0.288194 519.39 315.32 23.66 44.57 0 0.287178 464.59 317.34 25.19 43.39 0 0.286047 589.62 414.07 24.93 44.89 0 0.279635 496.25 316.75 23.83 43.30 0 0.268638 735.25 262.70 22.36 39.56 0 0.265210 1375.70 400.58 29.36 57.33 0 0.257785 441.47 270.39 26.08 37.64 0 0.253200 1354.15 306.69 25.21 44.64 0
135,0.393302 1263.09 239.71 19.06 20.99 3 0.377976 718.54 1.34 20.10 42.60 3 0.335214 1029.83 655.76 18.57 20.67 3 0.332870 1275.08 278.06 16.62 21.59 3 0.317843 1180.38 227.56 16.75 23.65 3 0.301887 1245.37 290.22 23.32 26.89 3 0.295443 590.90 682.05 17.81 20.15 2 0.290571 1292.80 268.32 24.18 26.64 3 0.282457 858.19 673.85 18.33 30.23 3 0.252618 1320.12 434.88 23.88 48.87 0 0.250830 1205.14 228.62 18.99 25.75 3
136,0.730078 1197.21 464.11 26.46 54.54 0 0.720965 1229.86 463.27 26.39 57.81 0 0.711892 383.32 63.05 27.46 53.22 0 0.657424 1036.84 389.57 26.85 58.72 0 0.649439 516.20 176.33 27.03 58.13 0 0.648166 1124.68 826.19 26.23 54.34 0 0.623371 939.52 388.70 26.20 53.61 0 0.623072 1272.96 460.43 24.77 54.47 0 0.610248 1098.66 383.42 27.74 54.33 0 0.607774 304.38 502.65 33.31 60.15 0 0.602989 1191.60 577.74 27.38 52.05 0 0.596042 463.54 306.16 27.62 58.69 0 0.590499 1051.16 796.84 26.01 57.43 0 0.583465 1002.63 471.35 27.91 55.08 0 0.577191 1083.59 821.70 27.41 60.06 0 0.572321 405.24 498.63 29.60 52.13 0 0.560906 1226.95 576.97 26.58 54.65 0 0.557192 1130.19 383.34 25.64 54.73 0 0.552469 1073.40 466.59 27.45 58.30 0 0.535369 905.89 388.89 24.93 61.61 0 0.533855 1004.75 390.16 25.08 56.23 0 0.520249 830.55 802.59 27.05 48.13 0 0.517723 762.09 703.47 57.14 31.82 0 0.512973 1255.01 582.67 27.73 54.58 0 0.508812 893.58 16.98 32.00 63.25 1 0.508510 446.48 181.11 31.38 55.31 0 0.497272 1037.81 468.76 27.43 59.06 0 0.494209 791.29 807.13 25.92 49.87 0 0.492164 385.70 183.17 30.38 61.68 0 0.487433 1134.28 462.62 26.28 58.30 0 0.487239 1163.69 462.16 28.20 58.05 0 0.484875 342.77 497.55 29.20 61.01 0 0.483148 855.26 477.49 28.66 54.83 0 0.482647 1052.96 59.57 51.11 60.66 0 0.482541 1244.96 684.77 58.89 28.16 0 0.477645 745.50 664.82 56.14 27.86 0 0.474100 1160.13 384.52 26.94 52.64 0 0.463574 424.69 309.10 32.11 56.48 0 0.461070 328.16 58.51 28.58 61.49 0 0.455835 1228.55 383.38 25.18 53.25 0 0.448539 817.11 492.36 26.53 45.67 0 0.445818 1196.79 383.93 25.53 58.39 0 0.444748 1262.53 723.55 62.40 29.05 0 0.440066 1303.91 461.59 26.03 52.03 0 0.429779 1058.23 263.37 29.01 62.13 0 0.426849 1106.63 588.30 52.78 21.47 0 0.420740 480.27 181.73 27.90 54.07 0 0.412658 1263.53 381.72 26.44 55.83 0 0.408627 1020.39 803.18 28.02 52.94 0 0.397218 975.64 384.96 25.84 51.59 0 0.396546 758.25 735.89 61.83 30.71 0 0.379686 941.65 794.47 30.02 62.48 0 0.374739 373.79 496.77 29.26 55.90 0 0.370016 875.53 394.31 28.68 60.92 0 0.366723 602.48 296.47 30.28 60.28 0 0.356261 420.99 305.38 29.94 59.67 0 0.355744 1031.49 579.28 61.22 29.82 0 0.347587 752.57 798.07 28.54 57.84 0 0.332644 1308.04 464.01 26.46 49.48 0 0.325250 893.49 15.62 32.62 68.51 0 0.307072 901.45 85.08 44.45 56.24 0 0.250339 1223.68 571.86 25.65 53.13 0
137,0.866973 830.94 531.53 74.13 42.24 1 0.262026 839.48 525.79 69.14 43.82 1
138,0.681551 1129.20 191.14 21.95 34.75 0 0.604515 1085.85 537.86 27.84 51.97 0 0.591840 1116.86 287.64 24.79 38.18 0 0.571054 1124.91 244.11 24.14 36.53 0 0.528641 735.63 120.44 40.66 39.10 1 0.507342 571.08 658.05 62.30 34.15 0 0.476946 835.64 204.03 41.51 29.06 0 0.437530 831.32 227.05 33.02 34.86 0 0.409856 1240.23 657.40 27.60 21.74 3 0.405965 1113.94 330.96 26.43 39.32 0 0.397723 1111.88 375.75 30.66 52.79 0 0.365604 872.20 38.72 34.65 20.87 0 0.362445 1068.93 686.06 32.19 33.79 0 0.345711 1237.76 563.91 43.04 99.30 1 0.294103 1240.54 566.70 40.57 61.12 1 0.277483 863.03 123.43 25.11 23.73 0
139,0.702044 770.87 554.11 26.88 62.56 0 0.654091 765.62 110.45 27.65 59.85 0 0.652960 836.23 308.43 27.47 54.54 0 0.632800 643.08 202.30 26.53 55.98 0 0.623213 910.03 182.46 27.67 60.37 0 0.602343 399.16 536.72 31.13 59.16 0 0.598236 509.55 125.58 27.70 59.61 0 0.594100 676.48 195.66 27.34 61.16 0 0.592101 711.65 193.31 28.00 62.33 0 0.590011 454.51 219.46 29.01 54.34 0 0.582861 690.79 0.00 28.85 50.16 1 0.581847 833.00 106.71 27.00 59.71 0 0.571092 902.07 109.62 25.61 52.64 0 0.567021 869.71 188.09 25.89 58.14 0 0.563676 834.86 190.30 26.19 55.55 0 0.544233 673.23 117.68 26.04 55.66 0 0.523988 541.75 121.49 27.06 58.80 0 0.522749 798.00 110.14 25.38 59.43 0 0.520159 588.31 534.45 28.98 56.19 0 0.511912 475.44 546.38 25.22 46.27 0 0.511015 670.26 540.31 25.13 51.28 0 0.506912 899.97 305.43 27.30 52.83 0 0.481441 435.94 543.60 27.89 51.86 0 0.477075 867.65 306.63 27.27 56.10 0 0.472662 90.13 52.07 28.99 55.32 0 0.453387 734.57 108.86 28.32 59.69 0 0.449185 895.66 410.18 58.15 33.92 0 0.448281 492.09 213.14 28.87 56.46 0 0.446364 525.86 538.69 24.90 49.50 0 0.433833 50.97 55.44 31.01 54.38 0 0.432135 699.66 535.92 28.42 57.04 0 0.426297 444.52 632.98 58.17 27.55 0 0.424269 229.53 37.00 32.02 62.67 0 0.407300 574.05 117.45 28.33 56.21 0 0.406586 608.13 114.74 26.55 54.44 0 0.404206 947.90 183.72 27.08 54.92 0 0.399006 866.59 106.40 25.01 58.39 0 0.376359 773.03 187.49 26.90 57.32 0 0.363081 639.76 119.37 25.84 54.53 0 0.329205 1866.05 787.29 53.95 27.49 0 0.324288 804.01 189.14 27.50 56.99 0 0.305727 728.58 551.03 29.88 61.90 0 0.291431 410.19 479.45 46.50 29.17 0 0.281943 387.61 403.32 51.73 26.25 0 0.256516 729.66 105.56 29.59 64.23 0 0.251652 673.64 310.70 56.34 29.17 0
140,0.652733 595.24 709.85 63.40 33.32 0 0.649403 355.29 6.66 29.26 57.24 0 0.627710 668.54 676.86 62.48 33.91 0 0.620471 584.78 873.19 61.69 35.52 0 0.599113 670.29 841.31 61.72 32.58 0 0.573268 670.21 743.60 53.46 33.64 0 0.573166 824.54 847.33 62.41 36.75 0 0.553283 590.11 776.02 62.34 34.22 0 0.547298 451.05 13.39 33.55 59.72 0 0.540979 593.13 944.74 57.55 31.72 0 0.515910 589.81 839.64 63.21 34.48 0 0.513679 663.51 943.48 60.61 32.75 0 0.511089 669.19 777.39 58.14 32.31 0 0.509824 830.21 750.58 64.43 32.71 0 0.499571 674.07 706.59 64.75 35.43 0 0.498413 828.40 781.80 62.67 33.06 0 0.497611 660.72 1007.93 63.28 33.40 0 0.483879 819.75 943.07 63.64 38.32 0 0.477153 670.38 872.59 64.68 35.85 0 0.471960 1068.48 725.94 59.40 31.59 0 0.467636 589.79 742.26 61.85 34.71 0 0.467113 587.33 1003.15 61.03 31.64 0 0.456248 482.63 12.29 32.53 58.24 0 0.451376 388.76 8.43 28.82 56.44 0 0.449116 833.04 713.26 63.21 31.46 0 0.448711 596.70 810.69 62.97 31.33 0 0.442423 812.31 1010.54 61.53 34.83 0 0.441343 586.49 902.84 55.59 32.35 0 0.440640 668.51 904.46 59.81 31.29 0 0.437320 811.16 976.62 68.21 34.53 0 0.434065 1065.88 786.81 62.37 30.38 0 0.421032 692.06 471.48 68.81 36.51 1 0.419020 810.57 1044.11 64.04 34.30 0 0.396038 662.23 973.26 59.33 33.96 0 0.391142 572.12 1050.34 64.73 29.66 0 0.380636 657.40 1038.46 65.28 37.23 0 0.365629 586.34 976.27 60.85 31.75 0 0.360951 1064.70 689.53 61.74 31.93 0 0.351321 1151.65 692.65 62.33 32.72 0 0.337648 575.21 1039.12 61.74 35.02 0 0.325576 592.75 732.52 63.11 36.59 0 0.311440 498.54 458.60 25.74 27.68 3 0.311027 0.00 0.00 22.99 45.12 0 0.306218 419.27 15.44 30.15 57.39 0 0.304106 499.50 448.67 24.46 29.40 3 0.299259 821.04 880.20 60.79 31.82 0 0.295908 593.77 817.14 64.47 41.43 0 0.261481 667.20 911.19 57.59 31.34 0
141,0.549091 458.67 710.42 66.41 29.90 0 0.462108 149.82 709.07 57.89 26.51 0 0.435048 1587.03 723.45 68.07 29.64 0 0.426236 140.14 785.05 59.36 32.54 0 0.307891 859.89 715.49 63.36 29.28 0 0.273112 1104.31 715.23 61.86 26.98 0
142,0.517698 834.24 800.35 64.45 112.77 0 0.403700 777.33 256.61 36.04 47.95 0 0.371663 893.66 960.62 65.91 109.14 0 0.302538 768.01 615.95 63.88 78.73 0 0.293222 875.79 921.44 57.37 70.26 0 0.292293 877.93 939.96 70.48 110.58 0
143,0.724305 1236.48 828.25 83.31 110.55 0 0.692519 774.49 623.62 84.81 105.07 0 0.642092 636.77 699.31 80.79 99.15 0 0.632985 831.15 590.04 75.15 103.38 0 0.602028 1163.88 718.48 81.04 94.12 0 0.594901 15.88 596.15 65.72 98.95 0 0.591574 741.47 656.60 80.75 98.79 0 0.587997 931.79 855.60 70.69 102.07 0 0.578995 971.32 822.40 87.68 110.45 0 0.577264 586.76 727.19 85.32 110.59 0 0.575236 808.15 908.57 82.87 112.16 0 0.572373 760.29 938.56 83.24 95.33 0 0.568988 1114.33 742.29 91.96 99.06 0 0.563336 883.65 559.39 78.55 98.81 0 0.560670 1058.34 764.82 88.29 109.67 0 0.557478 534.44 748.84 79.61 104.82 0 0.550394 1085.53 920.52 87.42 98.85 0 0.545555 1007.67 793.58 88.20 104.32 0 0.544176 214.70 910.45 86.40 113.40 0 0.541251 873.86 891.19 68.81 104.72 0 0.541059 1031.13 490.43 70.01 96.14 0 0.528479 706.83 963.42 87.08 106.51 0 0.516861 441.66 813.96 68.78 102.38 0 0.497728 965.25 384.27 65.56 76.70 0 0.494434 860.49 428.95 68.86 92.61 0 0.493231 328.31 872.09 80.05 104.16 0 0.483908 663.72 993.92 73.07 84.58 0 0.480003 923.77 421.07 69.61 81.91 0 0.477047 974.37 515.06 73.53 101.94 0 0.474545 276.13 890.12 75.16 113.24 0 0.454367 928.04 535.27 78.73 100.50 0 0.453658 0.00 625.74 41.00 101.01 0 0.451139 1136.46 888.00 79.26 105.47 0 0.448557 978.58 405.84 67.89 84.34 0 0.445378 682.77 666.98 82.48 109.92 0 0.434511 392.38 826.56 72.76 114.35 0 0.414257 118.57 551.85 65.89 90.21 0 0.401333 1403.34 1029.53 48.04 49.67 3 0.397437 390.00 830.51 61.02 100.76 0 0.391781 168.34 940.77 73.93 109.37 0 0.385723 911.92 842.65 69.42 72.00 0 0.384170 1387.65 1037.17 45.92 42.83 3 0.379255 607.04 1021.36 58.80 58.64 0 0.368249 913.92 409.51 69.56 87.35 0 0.354535 971.56 387.21 68.04 93.00 0 0.349240 317.74 881.35 82.68 113.30 0 0.326156 1068.55 783.29 78.31 99.97 0 0.319111 175.71 934.49 79.76 110.61 0 0.316574 919.32 846.27 68.55 88.91 0 0.316042 938.98 1011.23 63.90 68.77 0 0.305457 993.98 804.12 98.57 114.32 0 0.301067 817.59 900.56 90.62 115.75 0 0.283716 668.28 991.64 98.63 87.26 0 0.283644 713.59 952.15 78.34 100.49 0 0.278979 1381.17 1039.51 56.72 40.49 3 0.276453 168.43 941.89 58.07 91.24 0 0.272051 1103.61 892.67 106.80 119.92 0 0.265763 950.11 553.07 69.09 86.93 0 0.265266 812.63 898.74 66.07 93.51 0 0.263369 339.09 882.65 78.24 90.05 0 0.261015 772.42 921.51 101.72 106.38 0 0.257710 1416.98 1021.48 58.67 55.49 3 0.254521 983.64 426.22 64.55 68.53 0
144,0.812303 24.57 678.49 151.90 64.09 0 0.761285 821.86 360.27 21.82 41.21 3 0.742011 1609.20 478.72 138.06 53.40 0 0.703161 196.33 671.94 161.03 73.99 0 0.670214 1713.95 685.22 184.21 109.08 1 0.631867 1781.75 478.74 137.73 54.91 0 0.615948 1472.76 480.38 126.74 54.61 0 0.604115 883.26 322.37 45.91 82.12 1 0.595604 643.69 377.57 39.74 26.48 3 0.593637 655.77 325.83 42.46 28.62 3 0.497355 664.28 1031.67 39.42 48.33 3 0.482675 16.42 228.83 46.24 44.73 0 0.481860 647.72 375.27 40.59 26.47 3 0.443090 217.35 487.82 120.92 60.40 0 0.436140 120.58 364.53 61.21 45.95 0 0.409696 640.64 386.40 37.43 25.38 3 0.398086 640.14 437.54 39.74 24.63 3 0.393667 295.95 537.43 43.33 48.70 3 0.388468 64.60 232.72 49.67 45.94 0 0.383572 1357.37 477.90 42.58 33.82 3 0.361436 634.38 424.20 42.81 28.98 3 0.352524 176.58 234.46 57.13 38.93 0 0.325818 819.71 355.86 22.95 36.31 3 0.318042 627.89 434.74 38.40 26.86 3 0.309007 655.74 338.60 39.43 26.97 3 0.307801 212.20 490.76 128.65 77.91 0 0.291671 754.33 257.04 46.14 24.20 3 0.280857 993.51 254.98 17.14 27.96 2 0.276952 19.30 232.88 49.23 46.41 0 0.273091 0.00 501.00 67.11 53.28 3 0.263248 605.48 399.55 24.70 27.34 3 0.254046 0.18 232.19 44.54 44.18 0
145,0.452015 530.08 969.11 62.38 68.50 0 0.407450 530.49 978.95 53.26 63.66 0 0.323476 574.80 890.52 59.05 34.13 0 0.280758 803.40 517.31 31.05 38.58 1
146,0.583212 1201.83 625.90 42.69 59.76 0 0.572609 763.99 503.07 39.90 51.49 0 0.525464 720.30 512.25 40.34 48.60 0 0.475062 810.34 494.17 41.61 57.21 0 0.470860 1154.07 627.24 37.84 54.96 0 0.447917 1338.26 636.24 43.40 58.05 0 0.391694 1101.45 626.69 48.92 52.44 0 0.357260 1011.45 616.29 46.47 55.15 0 0.334494 697.08 475.83 40.64 41.69 0 0.322758 1387.56 631.63 40.31 50.47 0 0.301016 768.19 484.20 37.31 47.67 0 0.270432 734.68 482.05 36.29 43.63 0
147,0.666523 906.78 657.30 33.32 57.32 3 0.504974 760.68 111.46 28.86 19.48 3 0.497193 966.31 16.20 23.53 49.12 0 0.488664 757.36 131.82 30.86 23.74 3 0.465485 971.82 93.60 35.50 51.17 0 0.421514 762.46 85.45 29.06 21.56 3 0.400393 965.45 35.82 25.21 45.47 0 0.358894 162.94 540.48 38.11 21.23 0 0.346090 6.58 539.05 39.27 21.80 0 0.327476 1012.50 650.73 58.38 129.88 0 0.312889 785.45 0.00 32.79 20.18 3 0.297600 1008.38 537.70 55.99 97.95 0 0.263678 73.76 541.27 27.14 22.04 0 0.252398 531.49 765.65 24.52 37.87 0
148,0.745037 243.66 677.36 30.18 58.70 0 0.743492 1223.26 531.83 33.42 39.96 0 0.730586 446.41 371.01 31.31 55.78 0 0.701835 332.42 959.93 36.18 69.81 0 0.699060 333.01 524.42 27.93 49.67 0 0.686769 661.37 321.84 56.86 25.00 0 0.662095 137.06 428.53 31.25 53.10 0 0.657664 340.46 662.75 31.75 56.77 0 0.639299 312.64 834.41 34.26 64.14 0 0.633499 210.92 636.22 29.40 45.25 0 0.627107 445.33 352.95 40.24 37.48 0 0.620752 1203.44 489.44 35.21 41.80 0 0.620163 276.14 781.53 30.26 55.72 0 0.612067 240.76 530.46 31.89 60.94 0 0.611420 442.21 919.88 33.67 66.80 0 0.609081 412.75 748.81 28.80 49.07 0 0.600366 260.03 980.40 32.72 66.86 0 0.599905 481.76 491.45 28.12 47.24 0 0.599449 372.58 653.48 30.08 56.19 0 0.599237 475.02 910.64 35.74 70.82 0 0.596879 827.88 297.21 46.85 22.53 0 0.593073 335.78 393.23 30.52 49.32 0 0.588492 459.22 581.93 29.47 47.42 0 0.586848 1399.82 72.03 22.15 32.08 0 0.586148 90.75 889.52 39.52 66.61 0 0.577360 276.77 838.56 33.89 66.17 0 0.574003 509.77 898.42 37.82 72.35 0 0.571038 99.21 1022.41 39.24 57.59 0 0.570969 383.71 814.45 35.41 60.99 0 0.557246 1701.03 825.16 55.31 65.35 0 0.553690 1045.90 151.95 25.72 28.22 0 0.552674 770.98 303.27 48.12 21.29 0 0.546585 239.49 626.91 31.83 53.30 0 0.542866 295.01 968.58 35.96 68.22 0 0.542264 1349.57 6.52 22.87 27.30 0 0.540925 224.93 414.66 28.47 45.91 0 0.540718 237.02 629.85 33.65 63.71 0 0.537523 428.29 589.83 29.48 44.91 0 0.537260 171.16 703.57 34.10 47.02 0 0.536205 1369.93 10.93 31.59 23.70 0 0.535530 142.91 1013.20 38.92 66.80 0 0.534975 1243.68 13.25 32.17 27.53 0 0.533977 24.36 334.81 25.11 47.53 0 0.533926 1233.19 399.68 48.80 24.33 0 0.529615 282.64 403.10 28.70 47.25 0 0.527847 381.21 755.79 29.31 49.54 0 0.522289 507.80 728.79 33.20 54.61 0 0.518984 585.74 884.09 38.03 59.51 0 0.517679 302.80 522.31 28.86 51.87 0 0.515492 1126.28 21.01 31.29 26.69 0 0.515210 477.31 735.54 31.52 57.22 0 0.506788 390.69 502.48 28.01 51.67 0 0.506471 1248.79 571.65 37.24 47.85 0 0.503140 1143.64 365.23 32.60 36.36 0 0.502082 145.21 560.25 30.73 51.98 0 0.494827 1764.66 636.45 48.55 31.97 0 0.486420 1455.94 868.76 64.78 51.05 0 0.483493 1509.49 382.26 21.83 35.93 0 0.480855 0.00 494.66 21.74 48.33 0 0.470002 1177.42 438.92 33.00 38.46 0 0.469867 498.49 357.72 37.92 67.25 0 0.462002 1124.32 326.53 33.95 35.28 0 0.461637 434.97 636.85 28.27 53.58 0 0.455480 1218.22 87.84 25.84 26.84 0 0.454420 1296.99 179.12 28.96 32.72 0 0.451342 1752.83 814.24 51.25 57.05 0 0.449201 1320.93 5.12 28.43 32.44 0 0.443866 396.40 595.83 27.11 45.07 0 0.443212 54.05 892.53 38.56 68.38 0 0.443119 1674.17 839.76 53.95 56.74 0 0.442382 366.53 600.00 29.77 48.59 0 0.422060 489.62 574.22 34.64 75.38 0 0.421195 242.46 497.10 28.04 52.96 0 0.417929 1130.22 24.73 23.56 33.99 0 0.416251 443.32 741.86 30.64 54.39 0 0.416013 422.86 502.43 28.09 49.50 0 0.415203 1374.37 72.89 20.64 29.51 0 0.393387 1082.55 525.89 33.19 41.24 0 0.388990 276.75 821.30 37.56 74.86 0 0.387199 1185.00 13.54 45.01 19.35 0 0.383033 1698.82 6.98 32.51 40.79 0 0.382386 1452.14 1026.02 59.47 53.98 0 0.380896 301.71 472.88 26.61 48.12 0 0.377272 1668.75 3.17 35.99 42.08 0 0.375272 1452.61 864.85 65.10 44.96 0 0.372686 480.09 306.81 28.99 22.91 0 0.369216 1249.24 21.10 27.07 31.18 0 0.369163 1303.58 81.47 21.83 25.45 0 0.366869 1377.39 11.60 34.15 22.92 0 0.365604 1198.45 88.93 25.34 27.07 0 0.362669 303.05 613.80 31.22 51.25 0 0.362271 1098.61 197.14 26.78 33.55 0 0.360965 827.00 869.10 67.15 38.22 3 0.360627 1871.18 603.33 46.51 36.01 0 0.358367 1538.05 326.36 26.71 28.21 0 0.358327 1040.03 430.97 28.38 50.37 0 0.358136 1326.25 78.31 21.85 27.33 0 0.356584 498.46 356.35 37.93 66.79 1 0.351345 1074.75 216.46 31.65 34.59 0 0.346338 1707.97 62.75 38.04 36.18 0 0.341703 1291.24 11.36 34.05 29.03 0 0.334651 581.85 881.63 36.14 58.19 0 0.330692 1184.47 444.96 30.97 38.62 0 0.319706 1107.13 598.67 31.11 42.91 0 0.317826 1885.04 233.03 34.96 37.04 0 0.316115 1164.09 18.97 45.63 20.23 0 0.308695 1665.68 55.71 36.35 37.67 0 0.304790 1402.17 1022.37 45.12 56.18 0 0.301054 1521.91 30.90 39.68 20.58 0 0.298851 489.52 603.90 39.70 84.99 1 0.297081 334.30 665.68 37.56 62.00 0 0.292651 1690.03 828.31 61.18 59.38 0 0.290051 1278.97 83.30 21.27 24.37 0 0.285949 835.12 297.69 70.83 23.67 0 0.283422 1162.59 407.83 33.26 36.79 0 0.283409 1870.12 718.64 48.85 74.08 0 0.280867 1513.38 961.68 25.15 30.14 3 0.277918 1706.29 86.59 34.45 35.84 0 0.273035 913.58 841.18 86.37 41.70 1 0.272951 383.71 1020.28 21.66 28.73 3 0.271705 487.10 583.53 40.40 99.39 0 0.269431 1009.39 352.32 26.64 40.09 0 0.268226 1455.26 720.38 60.32 33.52 0 0.267019 1200.59 493.25 41.62 44.20 0 0.261904 1026.95 115.60 23.84 28.40 0 0.261193 1744.49 820.00 54.82 59.75 0 0.260020 438.55 354.32 44.36 27.34 0 0.259956 360.79 1027.06 22.21 28.61 3 0.256452 1527.18 709.05 40.07 25.97 0 0.256059 1550.57 812.85 66.55 38.55 0 0.252745 1092.69 547.52 31.68 37.86 0 0.250386 1647.15 668.96 47.78 34.50 0
149,0.648739 932.87 735.01 33.63 74.25 0 0.635890 1283.88 646.52 70.83 41.37 0 0.634489 1282.02 689.92 69.10 38.63 0 0.621563 1149.12 406.47 76.74 39.12 0 0.597308 1279.74 605.76 67.56 37.90 0 0.590443 1266.09 362.11 71.04 40.50 0 0.580571 1159.91 492.84 82.06 38.69 0 0.578904 1192.62 796.07 70.69 34.59 0 0.572527 879.94 763.96 36.03 80.62 0 0.570297 699.50 583.36 79.06 34.24 0 0.560914 1421.34 462.17 76.49 37.85 0 0.556999 1166.68 573.32 78.66 43.25 0 0.549027 1269.58 521.66 78.03 37.17 0 0.536359 1175.38 614.00 75.72 36.08 0 0.528553 720.35 200.39 63.33 36.42 0 0.527696 1027.74 742.30 72.37 35.09 0 0.523107 1121.50 168.35 78.52 41.58 0 0.520797 1257.82 315.96 73.75 37.49 0 0.518482 727.06 346.26 72.04 38.52 0 0.517488 1174.97 655.10 69.18 37.95 0 0.517402 1160.01 448.85 74.85 43.11 0 0.517259 1131.77 213.73 73.57 36.57 0 0.499149 1675.14 446.52 73.18 57.73 0 0.498137 1256.81 401.86 71.09 37.27 0 0.495493 713.89 153.12 63.90 37.04 0 0.491904 1181.44 751.46 74.04 37.58 0 0.491102 827.27 111.87 36.10 70.90 0 0.487595 1173.77 699.76 70.77 37.88 0 0.487014 1259.94 441.31 76.20 37.18 0 0.482849 1273.41 561.02 76.59 38.73 0 0.477358 719.14 448.20 70.31 35.25 0 0.476124 1023.84 657.80 73.73 36.77 0 0.453941 726.04 486.18 77.27 37.04 0 0.450647 1238.51 233.18 81.49 37.28 0 0.449718 1051.33 454.99 41.05 79.19 0 0.449623 1731.72 239.64 73.03 35.62 0 0.446902 1250.02 275.84 74.32 37.26 0 0.446447 719.74 260.18 72.69 36.17 0 0.437757 699.06 529.70 77.01 36.88 0 0.430291 1283.39 731.49 73.75 38.16 0 0.401493 1025.77 701.78 70.55 38.63 0 0.394954 1777.60 435.01 41.36 50.53 3 0.361919 1380.24 12.21 61.19 44.62 0 0.346898 1050.82 543.51 27.42 46.35 0 0.310426 1478.34 115.32 83.44 36.59 0 0.307617 875.14 109.31 36.60 66.50 0 0.265348 1765.08 439.27 53.99 53.08 0
150,0.851374 879.94 552.64 69.77 42.57 1 0.318325 600.44 495.78 32.23 21.76 0 0.297963 873.19 553.26 71.80 51.47 1
151,0.671178 699.67 414.56 64.93 39.18 0 0.653927 712.14 897.60 71.50 41.75 0 0.650374 822.35 556.77 68.24 38.21 0 0.627238 594.74 461.19 62.42 36.79 0 0.621331 1193.55 511.05 63.33 34.43 0 0.605798 560.20 557.72 61.84 38.65 0 0.596491 703.18 937.96 77.47 46.40 0 0.592779 646.91 578.77 69.63 38.86 0 0.588467 581.78 748.57 75.40 41.56 0 0.585737 593.37 494.62 64.56 43.77 0 0.578673 297.89 970.93 33.24 23.00 3 0.576577 558.18 820.79 69.78 40.06 0 0.573130 452.26 866.64 69.67 42.34 0 0.572566 510.73 964.09 77.35 43.69 0 0.559806 801.20 624.75 68.77 37.46 0 0.556970 1078.09 582.97 66.40 37.99 0 0.553351 671.50 485.50 61.44 35.65 0 0.552049 1096.07 485.01 69.99 40.73 0 0.549002 299.43 949.57 31.28 22.83 3 0.548215 852.93 495.45 65.36 34.71 0 0.542583 634.48 615.75 66.49 36.42 0 0.538125 521.34 925.31 79.23 42.50 0 0.530947 765.99 720.30 71.94 40.77 0 0.526761 496.02 727.93 72.21 39.89 0 0.526754 811.31 591.33 64.23 37.11 0 0.524050 533.25 631.13 72.31 39.40 0 0.519603 543.54 857.53 72.22 35.56 0 0.514389 659.97 546.56 62.14 35.67 0 0.512794 617.93 647.03 75.45 40.47 0 0.512380 725.54 863.77 67.63 41.08 0 0.506663 857.10 460.93 66.33 38.61 0 0.504204 687.89 449.78 56.52 33.31 0 0.500139 732.51 827.09 67.11 39.83 0 0.495436 517.97 691.73 73.13 42.83 0 0.489005 1093.47 519.06 69.46 44.00 0 0.487548 546.97 592.59 60.51 32.54 0 0.484931 782.06 689.92 72.96 37.17 0 0.483816 570.06 784.76 67.85 36.52 0 0.481889 495.40 760.86 66.67 41.98 0 0.471016 749.43 792.93 70.85 41.52 0 0.460548 573.74 526.39 67.29 37.51 0 0.457311 681.01 1014.72 70.57 45.28 0 0.456003 618.50 397.15 65.75 38.34 0 0.454672 446.93 905.12 67.53 39.99 0 0.450533 760.61 757.96 66.93 37.65 0 0.450271 608.66 680.66 71.39 39.93 0 0.442506 702.44 381.57 64.39 36.49 0 0.440490 532.27 626.85 66.51 38.09 0 0.427017 599.26 717.74 69.43 39.90 0 0.426051 697.46 979.09 72.65 35.33 0 0.424553 1139.84 1019.28 64.44 32.69 3 0.420239 531.53 654.23 70.76 42.67 0 0.411171 414.02 979.30 75.87 42.88 0 0.407135 294.97 37.80 65.07 51.38 0 0.396690 837.87 525.18 71.33 40.01 0 0.395188 608.34 428.47 60.92 38.57 0 0.387325 499.15 1001.26 77.65 40.59 0 0.360711 764.13 1037.08 71.59 42.18 0 0.352205 664.48 1048.29 73.46 31.71 0 0.347195 593.96 711.17 74.32 39.51 0 0.341986 540.75 589.09 66.49 43.19 0 0.337493 729.17 851.06 66.70 43.50 0 0.336857 292.15 972.85 37.48 26.85 3 0.334437 789.10 998.00 70.05 40.57 0 0.333577 534.09 888.56 74.17 37.45 0 0.315556 613.08 402.02 69.93 41.80 0 0.309394 599.21 139.99 29.75 22.67 3 0.275631 585.33 506.12 70.92 46.35 0 0.275049 775.73 696.86 78.07 46.52 0 0.270786 1139.84 1052.67 66.33 27.33 0
152,0.518722 714.26 607.38 28.86 55.99 0 0.515605 728.21 420.07 25.88 51.46 0 0.509138 681.25 998.89 38.65 78.16 0 0.282964 752.88 118.21 24.84 46.71 0
153,0.704513 642.30 555.31 75.69 181.54 1 0.642878 956.34 597.72 30.72 61.40 0 0.621242 767.54 376.90 29.36 49.83 0 0.589576 1170.55 604.89 29.72 61.42 0 0.576198 250.39 1016.00 40.37 64.00 0 0.560789 57.68 800.70 59.17 32.52 0 0.556822 955.44 950.87 33.05 64.81 0 0.552677 989.83 598.47 28.58 59.62 0 0.547521 888.59 978.33 28.31 44.55 3 0.537772 985.60 951.91 34.63 67.47 0 0.529370 703.75 449.11 28.21 50.87 0 0.526176 796.51 425.02 35.87 63.79 0 0.524932 399.49 1020.29 35.19 59.71 0 0.524742 1139.92 602.20 30.63 61.69 0 0.498822 247.34 893.42 67.56 33.42 0 0.482850 490.34 904.79 44.19 29.50 0 0.482180 13.91 991.36 31.40 45.03 0 0.477650 400.91 901.42 64.35 32.45 0 0.467480 593.76 125.63 37.28 40.36 1 0.454645 636.97 912.87 63.94 29.96 0 0.442677 552.74 913.85 70.89 33.02 0 0.437184 700.91 373.88 32.98 62.13 0 0.398892 802.16 373.40 29.83 50.81 0 0.398852 1079.26 614.07 31.06 54.32 0 0.394387 1145.95 858.44 64.13 35.84 0 0.387154 737.19 443.19 27.71 49.58 0 0.370103 737.51 376.45 30.54 59.80 0 0.365570 642.20 595.82 66.55 129.84 1 0.359513 866.81 983.25 23.07 36.78 3 0.357273 228.28 775.27 65.54 25.58 0 0.356549 237.52 777.40 67.79 27.22 0 0.305682 1191.45 569.06 50.39 28.37 0 0.296730 408.74 900.52 72.85 33.05 0 0.286326 470.90 1009.45 39.65 53.09 0 0.279858 874.18 564.21 52.74 39.24 0 0.276655 847.50 567.39 42.71 41.94 0 0.276529 925.11 957.29 28.15 62.14 0 0.276517 889.18 960.77 31.65 59.09 3 0.275045 130.52 761.75 36.72 28.70 0 0.269250 337.04 548.01 27.53 46.87 0 0.268423 736.32 381.37 29.17 70.04 0
154,0.558321 1195.91 563.13 47.18 21.59 0 0.483093 649.22 515.22 42.37 21.01 0 0.481680 955.70 541.29 38.22 20.23 0 0.449293 1006.97 543.45 47.39 23.12 0 0.375785 829.15 531.60 50.44 23.72 0 0.363850 1134.62 558.33 45.99 21.32 0 0.347372 934.31 495.72 35.12 17.75 0 0.331999 900.60 538.51 36.31 18.75 0 0.311792 941.14 540.56 36.29 19.70 0 0.291235 891.45 538.52 40.43 20.29 0 0.278389 22.74 249.58 27.32 33.76 0 0.251172 946.88 496.52 34.19 19.71 0
155,0.543592 1664.02 208.63 50.91 25.30 0 0.510716 1708.34 151.32 55.60 28.14 0 0.509751 1721.82 185.58 57.25 29.06 0 0.489769 1844.00 58.51 49.03 30.49 0 0.473118 1833.17 41.32 50.62 26.89 0 0.471705 452.30 658.76 59.51 25.12 0 0.456743 388.73 728.85 60.18 27.85 0 0.431632 62.10 637.48 69.90 31.98 0 0.419163 1731.44 206.53 54.07 27.97 0 0.417392 1869.90 104.40 46.99 32.44 0 0.409093 680.11 665.92 59.05 26.24 0 0.405470 1814.71 0.00 55.06 21.69 0 0.386173 1826.00 20.85 50.64 27.33 0 0.323788 1889.22 154.16 30.78 31.34 0 0.284959 1820.77 13.90 56.44 30.89 0 0.275364 1156.99 688.49 60.76 27.29 0
156,0.635138 511.43 773.67 67.06 42.69 0 0.632808 793.06 678.66 63.56 41.35 0 0.611296 740.14 845.49 67.05 41.22 0 0.604879 582.13 802.78 68.86 38.63 0 0.595412 287.82 1023.42 34.53 22.12 3 0.591592 693.34 981.92 67.48 42.79 0 0.584338 703.11 949.65 64.16 36.96 0 0.581904 1075.03 585.16 67.24 42.34 0 0.576224 766.19 779.08 65.61 38.79 0 0.572816 710.76 913.20 68.57 43.52 0 0.571251 623.64 699.30 63.31 38.17 0 0.569646 1166.32 610.88 57.81 32.19 0 0.556283 528.03 934.08 69.13 40.88 0 0.551362 603.67 731.47 66.80 38.06 0 0.550803 559.76 864.37 65.83 40.97 0 0.550417 539.12 677.60 60.44 38.05 0 0.545131 731.23 882.76 68.61 33.77 0 0.543415 836.39 587.52 63.97 37.00 0 0.539322 674.40 541.19 57.13 34.37 0 0.535923 473.75 840.52 68.98 42.94 0 0.528028 843.71 555.48 62.45 37.42 0 0.521180 586.10 549.35 57.38 35.18 0 0.519325 441.21 945.44 66.97 39.85 0 0.516524 509.96 1003.61 70.91 42.41 0 0.500973 689.93 507.85 61.23 34.60 0 0.496262 645.52 637.71 66.84 35.00 0 0.493780 566.81 616.62 64.01 36.09 0 0.480435 746.41 812.90 68.66 41.80 0 0.480116 307.20 118.85 57.53 55.59 0 0.479813 1069.80 617.74 67.18 40.24 0 0.478575 600.60 768.04 61.34 36.24 0 0.476959 430.48 980.92 67.88 39.99 0 0.474274 825.25 617.61 60.42 32.53 0 0.474110 1053.86 682.11 60.55 33.36 0 0.473707 785.85 715.40 65.10 32.35 0 0.471448 284.32 1047.18 33.10 19.24 3 0.457990 550.24 641.36 64.18 34.32 0 0.457792 560.28 618.52 68.17 42.29 0 0.454976 584.08 584.84 58.80 38.10 0 0.453731 486.33 809.75 61.10 35.58 0 0.450829 612.83 494.55 62.38 33.20 0 0.444579 682.95 1022.67 73.10 36.59 0 0.443203 515.51 971.10 71.16 39.68 0 0.440028 693.36 472.46 56.19 32.69 0 0.426692 573.52 832.88 66.79 39.82 0 0.423778 529.98 710.97 61.94 33.67 0 0.418780 638.06 668.42 67.07 35.95 0 0.416089 598.66 520.17 60.76 33.76 0 0.396843 403.01 1053.38 68.70 26.62 0 0.396780 543.84 902.89 70.19 39.91 0 0.380032 531.00 746.82 60.96 35.97 0 0.376076 804.53 648.44 61.31 35.46 0 0.369250 491.26 1042.97 79.34 37.03 0 0.360778 541.76 718.91 56.20 34.42 0 0.356806 663.99 574.13 59.37 35.58 0 0.356345 699.51 511.42 62.09 36.56 0 0.345598 506.49 777.28 63.10 42.87 0 0.337671 674.79 1055.79 74.44 24.21 0 0.332165 538.31 703.66 59.33 41.24 0 0.279396 563.90 846.27 71.74 47.19 0 0.273057 475.58 829.52 67.11 43.11 0 0.268345 777.08 297.02 76.70 36.52 1 0.266249 590.59 525.88 61.96 37.16 0 0.262270 787.65 703.07 65.00 40.91 0 0.260347 713.82 906.49 74.76 41.24 0 0.252914 527.38 727.44 65.46 39.84 0 0.251879 595.57 751.72 68.24 40.48 0
157,0.690977 481.69 771.62 34.96 67.32 0 0.680441 959.93 383.05 26.68 43.18 0 0.599981 429.32 778.87 38.52 68.88 0 0.585248 810.79 815.39 66.58 34.52 0 0.573806 53.85 793.90 44.43 77.45 0 0.524421 1266.76 498.21 27.44 52.46 0 0.505623 562.29 773.24 30.61 59.61 0 0.500627 1231.64 603.12 75.08 34.12 0 0.495805 598.40 774.01 28.67 54.10 0 0.447407 1212.22 511.35 29.36 52.03 0 0.445755 1375.84 636.62 50.01 32.60 0 0.444574 66.29 962.68 61.16 29.62 0 0.442995 238.01 536.94 33.04 55.59 0 0.440820 1321.08 512.62 26.00 38.81 0 0.414851 1054.46 511.24 36.62 53.32 0 0.411857 828.54 375.62 61.32 31.06 0 0.393189 1236.24 504.01 28.03 55.72 0 0.384830 1061.62 385.99 25.00 40.05 0 0.364481 1887.12 183.98 30.13 49.34 0 0.344517 1206.37 505.82 33.05 60.03 0 0.342829 1003.72 439.19 24.72 40.88 0 0.341392 1149.49 498.33 40.46 62.03 0 0.323048 1018.42 494.27 39.09 58.46 0 0.319102 591.40 314.97 56.40 30.45 0 0.313805 1887.86 31.37 30.61 41.39 0 0.305972 897.51 373.43 42.36 35.45 0 0.289050 1089.94 381.33 30.95 40.84 0 0.272888 1114.80 474.12 41.78 74.38 0
158,0.651749 566.86 776.15 30.67 57.13 0 0.647537 433.09 776.91 37.60 67.79 0 0.637057 812.03 814.56 68.97 35.61 0 0.620158 1271.72 501.37 27.90 52.21 0 0.614744 61.68 791.94 40.76 72.46 0 0.577532 604.29 769.45 33.42 60.02 0 0.551576 1238.80 604.60 74.99 35.96 0 0.544469 485.07 771.35 34.66 65.26 0 0.540113 1895.82 181.46 23.28 53.48 0 0.533130 1214.36 510.98 31.40 54.30 0 0.501533 1022.35 493.52 36.07 52.67 0 0.492019 966.05 388.46 27.34 43.03 0 0.480634 1006.14 435.86 28.82 45.76 0 0.363991 602.64 314.67 57.64 30.70 0 0.349772 239.79 530.82 39.76 58.20 0 0.343004 838.57 376.63 56.38 30.05 0 0.342943 1241.74 508.02 26.38 54.22 0 0.312868 1060.63 518.67 33.53 46.88 0 0.308773 929.54 401.63 35.34 33.04 0 0.299423 1120.23 488.68 42.44 77.67 0 0.297173 368.87 328.11 57.15 27.85 0 0.293833 613.50 286.42 61.84 40.42 0 0.277504 1887.69 36.05 29.55 40.63 0 0.273866 77.63 960.69 58.39 28.04 0 0.261103 1120.11 475.89 39.60 79.82 0 0.251852 1225.17 816.53 57.43 30.15 0
159,0.655877 356.32 458.52 57.41 53.40 0 0.633734 630.95 687.59 35.12 31.23 3 0.612254 671.89 606.54 20.88 36.94 3 0.600377 41.66 832.29 154.95 80.24 0 0.564889 27.99 221.06 47.63 38.44 0 0.563573 843.64 272.19 60.59 28.15 0 0.549669 886.66 708.31 22.75 43.67 3 0.549250 286.84 416.00 47.38 51.00 0 0.546065 324.43 277.14 39.16 36.84 0 0.545619 624.96 691.89 41.30 32.83 3 0.540451 481.11 713.56 33.19 25.98 3 0.539715 1639.16 539.27 82.16 66.01 0 0.536968 1286.13 384.39 44.03 53.29 0 0.523029 180.28 276.17 40.79 26.90 0 0.521183 361.02 282.88 35.58 37.56 0 0.518949 264.59 340.22 49.04 55.45 0 0.518444 687.87 786.96 54.98 48.02 3 0.512228 238.92 740.12 77.93 75.23 0 0.504758 1374.62 527.56 70.89 70.92 0 0.503207 598.51 241.91 29.26 28.36 0 0.500086 165.03 733.18 79.59 75.10 0 0.497676 1319.13 687.41 48.57 35.09 3 0.496173 753.43 262.93 74.35 38.14 0 0.492849 693.74 574.42 21.16 30.11 3 0.491334 1594.37 173.50 42.40 23.45 0 0.487353 1550.16 446.76 79.40 69.75 1 0.484199 471.61 747.66 39.72 28.76 3 0.483899 1575.84 486.91 83.53 55.30 0 0.478786 2.19 417.29 52.99 55.44 0 0.474169 533.71 745.75 26.03 44.60 3 0.472968 155.17 547.55 67.81 61.65 0 0.471226 0.00 584.26 67.82 90.18 0 0.468003 223.01 342.73 44.87 55.26 0 0.467616 219.44 544.45 61.45 50.63 0 0.461553 1741.22 206.19 48.92 27.53 0 0.458932 1262.71 356.66 43.53 42.22 0 0.458435 1588.41 495.68 70.85 50.94 0 0.455175 289.65 279.59 43.78 33.86 0 0.453957 89.85 720.30 88.54 89.60 0 0.453114 1760.60 174.20 36.53 23.76 0 0.448961 1218.47 130.33 37.48 24.78 0 0.446604 1650.66 204.95 38.04 23.51 0 0.444479 323.08 282.45 38.47 37.24 0 0.440199 88.99 333.07 52.00 31.14 0 0.439694 141.80 415.65 51.00 49.71 0 0.438446 92.20 362.26 53.00 38.64 0 0.437589 1717.52 231.73 41.96 25.82 0 0.436154 0.41 542.63 67.14 51.84 0 0.434018 656.68 553.10 27.97 28.72 3 0.433095 165.96 601.66 79.54 74.83 0 0.431008 994.36 270.56 62.56 26.51 0 0.430999 663.53 552.98 31.83 27.87 3 0.418738 1672.13 177.38 39.71 22.73 0 0.416264 1244.94 318.07 38.16 41.66 0 0.413463 552.69 588.76 24.72 33.01 3 0.410311 1633.58 202.79 34.30 23.54 0 0.408262 392.25 357.37 44.79 39.92 0 0.406303 1340.08 462.80 63.79 60.39 0 0.404927 268.55 540.51 86.31 70.41 1 0.404658 1647.01 533.20 81.77 64.97 0 0.402548 207.50 280.71 54.07 32.20 0 0.395770 1811.09 490.05 81.71 55.91 0 0.395459 1319.69 436.18 52.06 41.99 0 0.394962 919.34 268.44 63.31 30.73 0 0.394752 98.93 415.22 46.55 45.17 0 0.392118 191.16 419.86 60.40 48.17 0 0.391222 487.53 610.45 18.56 28.16 3 0.390873 199.45 425.94 60.15 45.83 0 0.386880 44.79 421.34 45.75 50.49 0 0.383987 1383.89 292.14 56.21 40.68 0 0.376955 1581.26 173.66 43.68 23.04 0 0.368203 1862.97 855.79 56.39 41.03 0 0.366388 641.30 235.22 24.45 29.07 0 0.364882 95.93 349.76 49.88 36.89 0 0.362354 177.03 330.66 46.03 33.65 0 0.361788 870.09 247.13 41.21 27.52 0 0.360998 640.23 239.29 23.23 27.91 0 0.360702 176.20 293.71 45.64 28.67 0 0.355651 469.64 449.35 79.75 97.18 1 0.346787 667.00 240.11 26.33 28.90 0 0.345674 1726.54 207.62 45.95 25.64 0 0.344362 1818.42 177.82 37.32 19.56 0 0.341859 1051.25 269.69 42.41 28.47 0 0.340781 1651.44 783.02 31.38 28.83 3 0.340198 827.37 243.04 33.68 24.99 0 0.339079 90.32 337.90 52.96 38.64 0 0.338249 1859.62 251.97 39.68 20.89 0 0.336376 1290.51 194.95 37.51 32.43 0 0.335883 1316.82 226.65 31.68 29.20 0 0.335298 399.25 286.09 36.84 32.86 0 0.333315 328.36 412.17 62.09 54.19 0 0.330362 300.57 278.59 50.24 37.95 0 0.329704 1351.85 258.06 35.83 29.13 0 0.324378 1727.06 217.01 51.57 30.52 0 0.313698 1860.39 863.23 54.72 35.27 3 0.308063 507.60 610.43 19.81 28.80 3 0.307021 756.48 259.34 64.66 32.48 0 0.306883 1687.15 174.88 38.02 23.29 0 0.302966 929.90 713.34 27.53 40.00 3 0.302901 0.00 554.47 66.30 104.95 0 0.297575 287.84 286.69 44.62 33.80 0 0.296764 532.10 738.74 26.14 44.10 3 0.296079 1254.52 339.22 41.71 49.20 0 0.294947 702.01 560.58 22.66 29.98 3 0.289585 744.32 385.91 17.74 28.64 3 0.287351 706.13 238.19 35.95 31.20 0 0.284266 212.93 287.70 50.21 32.97 0 0.280916 1536.48 153.93 38.37 21.19 0 0.278185 413.16 559.20 24.20 33.60 3 0.275398 918.93 802.51 26.86 38.53 3 0.274519 1245.46 321.90 43.05 48.96 0 0.272861 1615.76 175.71 39.24 22.51 0 0.269999 41.29 414.44 52.90 47.65 0 0.269442 1659.85 205.57 35.94 22.98 0 0.265126 1273.73 375.42 52.38 57.67 0 0.258230 255.89 622.00 33.92 43.55 3 0.250991 200.03 547.93 77.39 55.74 0
160,0.736901 766.97 191.20 29.21 46.72 0 0.728205 675.35 376.96 24.58 40.89 0 0.709458 502.46 369.37 30.32 41.75 0 0.688819 326.65 552.38 36.39 54.08 0 0.679089 636.31 420.66 28.84 49.43 0 0.677473 648.17 512.32 28.68 45.03 0 0.677364 526.29 506.50 31.53 49.67 0 0.674155 1341.00 540.57 30.86 54.78 0 0.672716 646.73 375.40 26.76 40.01 0 0.669258 769.23 668.21 26.43 50.94 0 0.663406 361.42 211.55 31.64 41.75 0 0.660348 1462.09 420.25 28.97 41.11 0 0.654546 814.26 186.92 31.85 58.76 0 0.653557 695.74 421.01 23.96 44.82 0 0.642668 1479.35 516.72 31.26 45.62 0 0.642427 1771.98 36.04 26.30 23.56 0 0.625190 698.14 378.50 25.64 41.35 0 0.621504 666.61 669.64 30.18 52.35 0 0.611766 1626.17 203.15 49.45 26.91 0 0.610573 715.01 295.86 27.53 45.38 0 0.608706 668.32 188.20 24.79 43.12 0 0.605940 1490.54 563.02 42.37 56.63 0 0.600592 1338.71 491.37 26.93 45.64 0 0.597305 1317.17 368.37 28.94 58.46 0 0.589126 537.68 670.86 31.81 52.45 0 0.588449 769.46 301.78 27.36 46.68 0 0.586595 1469.40 470.14 29.81 50.44 0 0.583956 551.46 285.92 32.74 51.66 0 0.581038 470.51 293.06 30.34 40.77 0 0.577795 492.10 179.18 34.25 41.32 0 0.574878 619.49 513.11 28.33 45.11 0 0.565690 338.36 256.61 34.34 46.30 0 0.557834 295.41 344.06 41.58 43.86 0 0.557508 366.70 671.22 39.54 62.24 0 0.554433 251.66 446.38 36.36 45.36 0 0.553877 603.10 571.92 33.78 44.44 0 0.544800 676.73 516.52 27.92 47.56 0 0.543507 718.38 424.07 30.52 52.62 0 0.537984 532.16 368.57 29.64 44.69 0 0.537928 1780.14 107.01 24.00 31.29 0 0.534444 1395.59 102.86 22.87 35.83 0 0.534382 1143.23 202.83 41.21 20.19 0 0.528263 1337.28 481.81 27.31 47.78 0 0.523465 266.64 389.79 43.78 51.85 0 0.520731 603.47 419.01 29.28 52.00 0 0.520682 504.45 670.79 30.89 53.16 0 0.520663 332.40 670.19 36.78 60.24 0 0.515033 1656.50 490.95 30.11 45.01 0 0.513908 699.33 668.36 32.71 56.26 0 0.512685 737.61 514.67 29.46 47.20 0 0.507413 462.32 417.53 30.92 44.07 0 0.506809 546.38 560.03 35.80 55.00 0 0.504105 567.77 185.38 27.30 35.44 0 0.501495 473.94 670.16 30.06 52.90 0 0.499583 637.03 299.52 28.89 41.50 0 0.485995 1422.89 102.94 24.00 38.08 0 0.479797 1733.25 36.93 31.83 22.12 0 0.477409 1698.42 773.81 58.30 25.75 0 0.472125 1440.72 337.90 28.90 38.79 0 0.472101 1808.44 109.22 21.13 30.11 0 0.470024 462.66 731.17 17.01 26.18 3 0.467382 976.38 191.94 53.25 26.72 0 0.460439 769.70 175.54 32.29 39.97 0 0.454569 709.29 516.88 26.29 48.51 0 0.454079 1799.35 41.60 31.28 22.65 0 0.450860 1674.99 773.86 55.79 27.32 0 0.448625 1435.38 296.13 28.44 37.44 0 0.444430 361.02 552.65 33.35 54.81 0 0.441294 816.98 135.05 26.49 27.58 0 0.432647 1578.47 83.63 21.62 30.18 0 0.431765 723.93 377.43 29.02 43.04 0 0.429830 510.51 557.60 33.59 58.60 0 0.429455 701.60 377.37 23.90 37.21 0 0.429266 322.52 299.55 33.20 43.36 0 0.421999 618.52 188.82 25.32 38.13 0 0.420700 499.15 290.53 33.16 43.01 0 0.417596 1740.77 33.95 29.90 24.95 0 0.415663 1323.92 443.75 27.07 36.72 0 0.412011 1633.21 913.21 68.76 62.99 0 0.400932 1709.05 35.36 26.65 23.64 0 0.388085 1412.37 189.68 27.70 41.77 0 0.382368 522.02 413.50 29.49 45.74 0 0.376648 984.46 731.05 76.47 34.41 3 0.371928 317.04 304.42 34.76 40.36 0 0.371119 1656.31 25.70 25.41 29.29 0 0.367801 1727.01 99.22 23.07 25.44 0 0.363413 753.34 379.86 33.65 56.53 0 0.362978 1650.30 14.12 28.04 27.89 0 0.361999 607.20 291.74 27.16 46.10 0 0.361539 1174.50 774.69 38.40 21.26 3 0.361156 684.34 288.27 28.19 49.55 0 0.361122 1406.86 175.59 28.32 36.78 0 0.359607 415.72 296.61 17.69 20.51 3 0.359125 1698.69 96.75 23.41 27.50 0 0.358439 200.46 554.86 35.55 44.01 0 0.348148 1577.16 952.74 36.71 54.54 0 0.344418 635.48 668.59 29.29 51.81 0 0.335523 434.96 733.56 20.19 27.37 3 0.326012 1760.77 778.68 40.85 28.24 0 0.325039 223.78 501.49 38.08 46.92 0 0.323741 1094.19 199.88 37.73 21.47 0 0.322123 572.46 729.15 22.66 24.26 3 0.321377 1629.19 89.15 28.06 28.55 0 0.319895 1600.54 87.49 23.94 29.05 0 0.317790 1840.80 111.96 24.16 24.57 0 0.315776 1557.36 4.32 31.93 22.80 0 0.312236 1819.55 111.28 27.40 28.35 0 0.311885 432.80 419.35 33.20 47.29 0 0.311096 746.80 414.04 34.98 61.80 0 0.310419 431.29 410.86 35.13 44.94 0 0.310190 1440.43 182.99 23.88 35.29 0 0.299252 1311.24 331.08 29.06 40.96 0 0.299232 548.69 729.78 26.28 27.43 3 0.298842 1451.45 379.71 32.34 42.45 0 0.290114 1719.53 136.45 27.79 27.75 0 0.288831 741.94 380.02 33.98 41.68 0 0.281517 1518.20 1.80 26.38 25.86 0 0.281251 1421.16 249.80 34.11 34.26 1 0.273482 1672.74 90.58 25.24 28.90 0 0.271927 533.72 506.01 33.31 47.34 0 0.271728 320.81 551.95 36.02 55.74 0 0.271566 1157.32 204.76 43.65 19.04 0 0.270417 598.97 729.22 21.65 25.28 3 0.269272 1849.96 442.89 38.25 27.95 0 0.263128 1600.21 4.26 32.61 21.86 0 0.251470 627.66 297.07 30.23 44.83 0 0.250895 355.98 667.66 48.95 61.08 0
161,0.533774 762.87 272.68 27.58 28.75 0 0.523307 742.00 229.41 26.14 34.48 0 0.461112 744.53 235.56 25.61 33.37 0 0.371576 723.09 196.01 28.86 31.04 0 0.309787 781.58 311.22 29.40 44.26 0 0.307271 772.66 2.76 24.86 32.62 0 0.303917 716.44 185.65 31.26 31.52 0 0.303031 91.38 1035.56 82.04 44.44 1 0.298097 809.58 407.01 30.36 45.89 0 0.286591 774.97 298.14 29.54 37.72 0
162,0.703646 624.97 469.74 23.57 47.12 0 0.696719 1079.87 778.29 30.49 60.50 0 0.690698 794.22 466.49 23.03 49.82 0 0.684961 982.79 777.64 30.18 66.26 0 0.683680 1763.38 721.10 35.85 58.46 0 0.680870 596.85 469.16 24.90 47.17 0 0.676239 1739.36 649.55 35.58 62.11 0 0.668894 961.82 406.39 22.49 44.31 0 0.668523 1646.06 360.46 30.53 49.31 0 0.657199 567.84 468.52 24.03 48.91 0 0.656713 521.37 589.20 26.43 46.95 0 0.645700 1046.87 781.68 30.15 58.07 0 0.645651 766.99 416.09 25.55 43.11 0 0.639437 1085.62 855.46 29.40 60.95 0 0.632247 546.02 415.18 26.26 46.50 0 0.630416 820.42 586.23 26.78 51.15 0 0.628577 881.10 464.58 24.05 54.20 0 0.626912 604.08 416.19 23.06 43.45 0 0.621303 992.28 460.24 23.64 45.06 0 0.605946 765.73 468.03 23.27 48.61 0 0.596086 963.17 460.68 22.60 44.53 0 0.593225 790.36 585.91 27.87 46.86 0 0.591828 1742.13 498.70 35.15 49.77 0 0.587584 909.93 465.34 23.40 52.12 0 0.585323 1680.76 468.61 31.37 53.01 0 0.583158 511.01 649.06 26.96 52.38 0 0.580696 712.75 410.06 24.93 44.06 0 0.579363 734.99 466.71 25.45 47.81 0 0.564405 575.55 660.03 26.63 51.73 0 0.560898 1720.52 586.64 34.15 58.19 0 0.558654 823.74 463.42 24.94 49.16 0 0.551076 699.87 584.69 28.19 50.37 0 0.549681 1031.50 586.71 24.52 49.46 0 0.548322 1048.45 456.73 26.05 48.84 0 0.547775 848.72 410.81 23.54 42.05 0 0.547188 1193.17 142.25 28.34 43.08 0 0.546260 1001.21 581.61 24.81 48.65 0 0.545327 821.72 415.71 22.90 40.30 0 0.545261 630.88 415.54 22.49 42.40 0 0.533114 581.68 589.28 25.93 54.20 0 0.530260 987.44 406.67 21.32 42.84 0 0.525564 1616.23 261.30 24.94 44.44 0 0.520397 738.10 411.14 23.92 44.36 0 0.519244 674.32 584.97 25.85 45.28 0 0.512004 710.01 467.19 24.63 42.30 0 0.511674 1014.98 408.09 21.80 45.57 0 0.506721 554.91 589.07 23.69 49.56 0 0.504916 557.73 344.94 14.39 22.73 3 0.503633 680.35 466.67 23.94 44.09 0 0.498419 653.75 469.59 22.10 41.85 0 0.495049 640.79 588.66 27.42 50.43 0 0.493181 1794.96 572.59 37.36 56.51 0 0.489602 532.87 345.13 16.02 22.50 3 0.479753 910.48 580.31 25.59 49.20 0 0.464526 540.81 653.57 27.30 51.78 0 0.459625 540.35 468.19 27.72 49.34 0 0.433320 940.11 581.71 26.03 45.44 0 0.426659 881.24 582.98 26.74 47.66 0 0.426317 1512.25 248.19 49.68 23.47 0 0.413176 850.51 465.75 27.54 49.81 0 0.402902 933.21 412.97 22.84 45.22 0 0.395768 795.95 416.59 21.43 41.28 0 0.384392 611.48 589.56 26.90 54.04 0 0.355252 674.84 342.90 13.14 21.25 3 0.354691 731.56 585.05 26.69 54.75 0 0.353613 1220.98 457.73 25.56 68.60 1 0.351579 759.88 584.53 26.25 50.47 0 0.345746 1505.98 230.07 45.98 21.73 0 0.345662 1090.24 852.33 30.78 65.24 0 0.339593 879.11 410.94 23.19 44.27 0 0.337257 903.79 410.32 23.79 47.07 0 0.329220 1021.24 460.13 26.41 48.20 0 0.299845 1690.35 474.33 33.58 51.32 0 0.296844 1523.97 295.09 48.33 22.85 0 0.274852 1422.21 41.80 21.67 29.82 0 0.273867 703.03 345.98 14.32 19.78 3 0.251037 969.54 581.34 25.46 47.63 0
163,0.870558 698.40 671.21 33.21 58.60 3 0.842934 664.23 677.98 32.37 51.20 3 0.835735 1746.53 98.26 32.43 44.37 3 0.791102 827.77 621.66 34.24 59.67 3 0.785443 1706.26 106.52 30.72 43.30 3 0.739300 625.00 693.11 33.71 68.06 3 0.728177 1296.49 365.24 42.34 34.96 3 0.713071 1329.76 524.39 128.64 141.10 0 0.698947 1172.12 505.27 32.73 52.25 3 0.691724 717.18 390.23 48.72 34.49 3 0.687485 1089.71 533.93 34.04 63.96 3 0.680461 862.89 612.09 36.60 62.84 3 0.672340 1117.53 525.89 32.02 53.85 3 0.652011 1051.00 540.24 42.83 65.83 3 0.640955 1067.13 254.57 30.18 44.03 3 0.640955 1261.84 478.39 28.56 54.81 3 0.638924 1656.83 120.40 34.32 48.10 3 0.617504 1791.01 788.64 128.99 146.84 0 0.614756 1676.70 117.93 28.35 41.17 3 0.612764 1763.73 96.26 30.66 40.66 3 0.610762 1212.02 499.11 31.23 55.74 3 0.609029 961.35 667.61 97.95 139.09 0 0.593738 734.45 652.06 37.41 68.73 3 0.593509 1621.67 121.94 44.22 46.57 3 0.593159 482.43 857.62 99.84 174.46 0 0.585636 367.69 857.24 94.28 189.96 0 0.580337 696.29 422.01 52.18 36.27 3 0.575386 1193.04 501.40 33.54 54.02 3 0.572107 1233.46 485.48 31.27 59.76 3 0.571673 502.30 396.63 40.06 44.45 3 0.570115 1343.77 923.21 170.95 156.79 0 0.560758 1099.16 610.20 117.03 123.03 0 0.556496 1173.13 565.22 130.96 146.83 0 0.548733 1093.64 530.48 31.88 55.84 3 0.543405 856.14 304.71 32.70 52.55 3 0.539666 1389.87 167.69 33.95 52.93 3 0.535427 1406.63 499.95 140.89 101.15 0 0.533506 1153.44 509.56 30.81 54.07 3 0.530874 0.00 610.69 109.81 98.94 0 0.527820 789.04 634.31 37.17 63.32 3 0.522588 1052.40 369.51 39.27 33.87 3 0.514492 1023.54 265.97 28.01 44.95 3 0.506759 961.61 273.27 31.33 51.68 3 0.506489 1218.53 488.30 35.55 59.79 3 0.503542 1060.55 364.66 35.36 36.76 3 0.497810 1667.22 786.84 176.13 153.21 0 0.496964 1394.13 502.83 153.48 136.90 0 0.494641 1764.52 776.38 155.48 170.51 0 0.494144 622.80 387.78 52.77 36.63 3 0.492302 513.47 405.62 39.08 39.21 3 0.489298 1719.64 100.89 28.54 45.05 3 0.488414 1046.10 263.34 28.07 43.55 3 0.482069 241.51 879.48 102.39 196.89 0 0.480845 889.40 295.07 28.51 48.52 3 0.477652 1787.93 129.74 41.43 38.86 3 0.472256 933.82 287.10 30.79 48.66 3 0.466129 1110.75 526.99 39.31 62.89 3 0.458271 866.07 690.37 104.93 154.91 0 0.456676 150.97 851.67 42.83 61.49 2 0.450669 1664.10 106.52 27.06 45.13 3 0.448556 805.56 319.06 29.83 50.13 3 0.447197 1710.27 106.34 33.41 45.39 3 0.445735 1780.10 133.83 43.32 38.53 3 0.433178 757.91 334.71 30.46 46.95 3 0.423100 901.23 606.71 29.11 60.46 3 0.417283 1211.46 932.79 148.56 147.21 0 0.409309 473.73 824.99 92.74 173.91 0 0.404251 1033.51 221.45 31.06 29.46 3 0.404144 1522.59 864.14 154.47 154.31 0 0.400577 1444.35 525.62 97.17 96.95 3 0.400363 154.23 851.95 42.66 66.35 3 0.389970 1684.76 110.48 30.53 43.61 3 0.389413 755.34 647.87 34.68 66.89 3 0.381338 1547.78 143.84 47.50 35.29 3 0.374757 653.61 678.56 35.09 57.49 3 0.373256 1693.40 802.63 179.49 155.00 0 0.370238 952.99 361.12 33.54 40.40 3 0.364731 1066.42 540.62 39.63 58.59 3 0.354717 1644.84 128.55 44.08 44.80 3 0.353045 1863.35 57.68 38.29 56.24 3 0.352591 1622.96 127.10 52.31 46.75 3 0.346042 900.75 295.23 31.08 50.81 3 0.344632 884.52 298.49 28.40 48.43 3 0.340831 1182.28 504.83 37.63 58.93 3 0.339007 734.36 338.53 42.13 46.59 3 0.336730 1503.13 97.92 26.91 35.34 3 0.330807 884.85 604.15 31.05 57.67 3 0.325563 1473.94 180.89 34.50 42.45 3 0.320753 1201.82 493.33 32.94 57.49 3 0.318989 723.09 368.27 45.64 39.45 3 0.314088 666.87 338.82 24.54 37.51 3 0.309094 1455.36 565.78 87.36 58.23 3 0.305858 563.17 387.44 41.98 38.30 3 0.304032 1545.40 139.85 46.73 31.84 3 0.299001 782.78 327.71 28.34 47.08 3 0.281564 1251.69 205.33 28.28 42.23 3 0.280766 1664.59 783.77 156.61 125.18 0 0.279785 761.46 322.35 28.99 46.07 3 0.279595 1073.11 244.28 35.04 48.60 3 0.276440 1055.13 247.80 31.42 47.30 3 0.274655 1742.36 100.63 32.26 47.64 3 0.273170 1055.87 1017.73 107.83 62.27 0 0.269269 1826.46 77.45 29.67 39.11 3 0.269126 1059.88 351.22 31.58 37.00 2 0.263321 744.19 344.26 40.23 43.37 3 0.262563 1097.64 584.80 138.02 143.04 0 0.262335 551.55 389.40 47.27 38.47 3 0.260065 1394.12 101.00 53.34 38.90 3 0.252394 1286.57 919.45 206.46 160.55 0 0.251430 1049.82 224.50 29.93 32.31 3 0.250804 789.89 321.08 30.78 49.07 3 0.250766 1630.77 104.83 35.12 48.96 3
164,0.718554 1049.77 503.65 27.03 53.23 0 0.708242 1083.27 502.27 25.68 53.72 0 0.672874 1302.65 611.98 25.89 52.21 0 0.653992 1174.35 415.53 26.61 56.68 0 0.653785 1169.13 856.90 28.31 54.87 0 0.623489 1081.91 422.33 27.40 57.18 0 0.619658 507.24 339.30 26.30 58.01 0 0.618727 1241.21 494.95 26.48 56.64 0 0.618379 1308.34 413.27 26.51 59.24 0 0.615667 1143.60 416.67 26.55 56.50 0 0.602088 349.68 534.58 33.44 60.88 0 0.594600 1274.59 497.95 25.97 55.84 0 0.592235 1206.34 416.93 25.00 56.82 0 0.592161 648.03 328.99 28.67 62.34 0 0.590250 939.26 46.58 32.40 65.09 0 0.587619 1101.05 91.30 48.86 57.80 0 0.585361 1178.52 494.58 28.05 57.45 0 0.583719 1315.93 491.16 27.80 55.64 0 0.570540 430.22 217.97 28.94 58.14 0 0.565236 1126.98 853.96 28.81 58.94 0 0.562196 1050.52 422.82 24.70 54.67 0 0.561694 1237.83 613.32 27.13 51.28 0 0.559066 1273.21 610.13 26.79 54.80 0 0.558163 1104.61 296.22 26.81 57.62 0 0.554658 899.93 508.22 27.24 58.67 0 0.549817 951.27 424.32 25.80 56.00 0 0.549697 557.87 207.50 28.70 58.08 0 0.542399 373.54 90.38 30.34 58.60 0 0.538296 388.87 532.52 27.32 56.54 0 0.537526 1273.22 413.80 25.62 57.01 0 0.535715 865.13 526.18 25.88 48.34 0 0.534994 430.10 96.75 25.74 52.14 0 0.528243 983.95 420.34 27.44 59.28 0 0.526683 448.64 530.59 29.18 54.10 0 0.524954 1351.19 491.71 26.40 57.27 0 0.504995 488.70 210.91 29.29 58.22 0 0.499452 810.20 733.51 55.00 30.49 0 0.494833 835.76 837.57 28.55 51.65 0 0.492453 469.56 340.31 28.77 58.79 0 0.474635 1239.53 411.82 26.46 59.37 0 0.472429 1117.50 498.91 28.58 57.11 0 0.459698 525.41 213.66 26.58 52.75 0 0.452182 1308.68 757.37 58.68 29.29 0 0.446970 875.80 835.17 27.04 48.56 0 0.439741 1098.27 832.77 25.96 57.78 0 0.437622 919.81 424.74 28.82 61.20 0 0.429444 1020.65 413.02 26.09 55.71 0 0.417016 798.65 829.95 30.55 60.56 0 0.409497 809.40 775.84 60.19 24.47 0 0.406978 948.99 114.00 43.56 60.49 0 0.404779 1294.25 715.24 55.16 29.73 0 0.397177 419.81 531.73 27.95 52.44 0 0.373827 1064.51 836.65 28.62 55.59 0 0.361372 1211.64 493.99 27.76 57.62 0 0.351286 987.83 829.41 29.75 61.78 0 0.339479 791.10 696.01 59.11 32.10 0 0.324701 1151.88 618.85 54.93 28.92 0 0.275722 1233.54 610.46 29.06 49.40 0 0.265353 1138.08 412.94 29.74 59.05 0 0.254842 1090.68 54.50 46.50 31.14 3 0.254647 369.05 86.63 29.92 64.85 0
165,0.670860 760.81 1002.44 91.29 77.56 1 0.626658 597.61 382.18 28.85 51.14 0 0.556756 648.49 131.76 26.27 41.62 0 0.515562 675.84 5.19 22.58 38.79 0 0.412046 540.04 630.77 31.21 53.40 0 0.388810 586.79 593.51 29.79 52.42 0 0.370841 779.05 821.50 34.61 31.44 0 0.338429 480.40 1040.48 26.34 39.52 0 0.334516 778.83 798.22 31.88 28.35 0 0.300636 413.91 1017.00 28.24 56.41 0
166,0.683129 263.82 880.78 35.91 61.45 0 0.639808 195.49 691.64 33.88 53.67 0 0.606750 1018.01 175.55 49.83 29.89 0 0.601579 254.47 963.68 39.10 68.93 0 0.589161 430.03 583.10 31.77 46.45 0 0.582904 371.36 678.37 35.13 58.15 0 0.582162 374.39 610.68 34.10 51.64 0 0.580631 671.65 163.61 29.16 45.82 0 0.580374 569.74 713.52 37.95 55.66 0 0.580066 599.61 563.92 30.77 49.04 0 0.571341 194.72 913.64 36.26 56.39 0 0.570102 95.13 648.81 20.22 32.78 3 0.561483 314.16 628.22 37.58 49.94 0 0.561063 600.15 502.53 26.62 44.17 0 0.555586 1332.91 413.99 44.27 48.21 0 0.550080 128.63 721.44 34.46 55.63 0 0.547166 275.69 719.78 33.46 54.00 0 0.538566 296.14 957.69 36.32 62.77 0 0.529092 665.09 675.50 30.22 48.36 0 0.526928 854.87 800.41 41.35 66.04 0 0.521828 694.16 664.17 32.20 52.50 0 0.520164 1375.36 462.79 44.04 45.74 0 0.505030 229.85 891.46 35.91 65.14 0 0.504229 149.55 783.15 35.46 58.91 0 0.498383 1610.27 670.45 49.94 49.01 0 0.498093 626.70 494.55 26.77 41.23 0 0.497933 340.29 686.98 34.32 47.71 0 0.488451 180.04 770.73 37.02 61.36 0 0.486465 628.99 551.72 27.64 43.71 0 0.483515 517.67 751.52 37.32 58.68 0 0.478261 600.59 706.36 37.57 57.67 0 0.477848 297.41 867.07 38.20 65.97 0 0.473923 423.31 797.34 35.89 56.64 0 0.473487 546.39 597.14 35.65 49.49 0 0.472168 458.44 560.28 31.00 45.55 0 0.470141 214.62 755.63 39.95 58.39 0 0.469829 327.11 843.65 39.23 69.04 0 0.469271 824.29 818.81 43.19 65.27 0 0.461453 838.42 447.98 31.97 42.20 1 0.460008 214.54 984.36 38.08 65.71 0 0.453368 430.09 651.64 35.20 50.38 0 0.452439 571.36 510.45 29.71 43.17 0 0.448447 307.41 700.57 33.84 52.81 0 0.448028 769.37 852.00 36.82 64.81 0 0.444868 680.12 522.85 35.74 45.28 0 0.443155 1293.48 363.33 39.10 50.01 0 0.440334 550.14 538.59 27.49 44.65 0 0.435084 453.24 788.51 37.27 52.78 0 0.433488 518.82 608.96 35.10 53.72 0 0.425551 492.28 623.44 31.78 51.77 0 0.423669 518.09 547.88 29.88 46.89 0 0.422936 457.47 632.00 36.18 52.31 0 0.418806 1606.57 663.11 48.94 46.51 0 0.414289 407.95 601.85 28.00 50.23 0 0.410057 492.20 550.82 29.07 47.26 0 0.406888 1653.24 672.65 64.37 62.76 0 0.402111 225.29 679.29 33.29 56.62 0 0.399237 998.56 149.22 51.60 28.52 0 0.398503 269.02 571.70 17.24 24.21 3 0.392077 343.13 691.72 33.94 49.28 0 0.387080 990.92 135.48 49.47 26.90 0 0.384249 388.52 814.81 37.38 54.21 0 0.378870 399.39 667.84 33.86 48.83 0 0.367484 985.22 134.83 49.36 23.97 0 0.365552 1817.50 714.05 66.76 57.51 0 0.361829 324.92 627.36 39.52 51.28 0 0.358962 1149.89 200.79 35.46 43.27 0 0.353281 360.37 824.13 39.23 56.57 0 0.349677 721.16 649.92 30.85 49.59 0 0.343317 497.08 546.85 30.21 47.62 0 0.339442 378.32 817.76 41.04 54.32 0 0.335157 490.62 769.50 34.65 51.74 0 0.327360 1091.32 127.07 27.90 39.62 0 0.317911 470.72 628.61 36.08 50.57 0 0.315348 566.98 511.03 30.66 47.67 0 0.302222 631.76 694.57 36.26 46.71 0 0.299791 215.48 681.38 33.64 57.68 0 0.297994 494.57 616.10 36.77 56.95 0 0.295355 224.67 590.07 13.93 18.74 3 0.293577 287.62 570.38 16.64 25.19 3 0.292532 475.52 554.49 30.31 46.79 0 0.292472 1220.12 278.72 40.07 47.57 0 0.290320 1286.35 321.44 36.76 35.07 0 0.290198 247.20 741.02 36.63 51.60 0 0.286354 1311.82 316.31 39.68 33.83 0 0.285165 430.04 660.47 33.60 49.19 0 0.275184 666.86 527.89 40.71 49.04 0 0.273985 675.17 520.80 34.22 41.23 0 0.273309 348.74 681.05 37.53 53.13 0 0.270165 275.66 879.62 38.91 60.01 0 0.268578 572.32 717.50 40.66 58.37 0 0.267236 452.55 640.22 35.87 49.26 0 0.263951 729.46 658.29 30.47 49.71 0 0.259658 773.06 862.11 39.64 59.57 0
167,0.483239 0.00 402.33 172.87 97.63 0 0.263733 5.49 394.75 158.60 83.52 0
168,0.737228 908.61 539.42 75.52 42.46 1 0.252468 89.58 771.19 29.88 29.12 0
169,0.868123 1662.16 979.77 76.20 44.45 3 0.798786 1702.55 590.63 18.67 33.15 2 0.758666 1576.45 814.09 67.12 41.91 3 0.702106 1791.15 590.31 30.71 31.83 3 0.698311 1142.16 454.03 113.67 43.67 0 0.670885 1283.36 456.62 117.41 46.17 0 0.667745 1260.60 722.41 35.71 57.54 3 0.593520 1132.93 609.07 150.00 83.79 1 0.591402 1410.59 456.17 125.93 51.55 0 0.570548 1310.89 725.93 36.35 61.24 3 0.556351 1013.04 451.99 106.68 45.58 0 0.554854 529.29 306.82 22.01 32.22 3 0.540989 0.00 948.14 60.28 119.88 0 0.531611 1789.87 773.46 63.71 50.16 3 0.524333 929.34 508.77 114.70 52.07 0 0.523507 1799.24 783.59 58.09 47.16 3 0.506250 0.00 865.82 60.47 73.18 0 0.489095 0.00 434.78 41.46 65.91 0 0.477413 1697.95 590.25 21.91 41.78 2 0.450343 417.82 1001.90 94.34 78.10 0 0.448111 528.50 311.54 21.66 34.12 3 0.446355 1784.01 588.31 32.53 36.29 3 0.418606 1787.27 592.50 34.68 37.84 3 0.388411 1748.94 734.94 61.12 43.52 3 0.361036 1749.56 588.42 21.53 35.30 3 0.354679 1757.75 743.49 60.39 41.85 3 0.352784 351.28 368.53 27.54 23.27 3 0.351252 309.04 413.25 36.09 22.83 3 0.347945 2.35 858.56 65.62 72.97 0 0.346913 173.14 755.04 42.10 57.06 0 0.320937 343.23 368.93 28.32 24.86 3 0.290306 99.88 720.14 70.50 88.31 0 0.269957 883.42 445.31 31.13 27.27 3 0.260164 1883.50 927.95 35.63 50.39 3 0.255083 915.92 444.00 25.82 30.64 3 0.254484 63.35 781.25 68.75 72.23 0
170,0.561157 563.12 562.37 31.55 59.80 0 0.364621 632.91 127.83 25.84 49.13 0 0.334034 607.84 276.53 30.69 44.33 0 0.321975 507.43 855.04 34.29 69.21 0 0.320581 512.58 852.40 32.73 64.85 0 0.302073 524.46 540.98 25.73 32.09 0
171,0.943267 889.78 554.49 72.63 40.13 1 0.270168 616.19 497.40 28.65 19.69 0
172,0.306658 561.68 199.66 35.96 21.05 0
173,0.620383 605.07 4.32 40.86 27.82 0 0.612587 0.00 103.90 34.54 25.29 0 0.571768 149.99 156.50 49.84 35.91 0 0.569781 90.17 74.58 43.63 29.60 0 0.558128 74.59 279.94 54.16 38.53 0 0.514570 409.52 64.11 45.29 27.67 0 0.464684 42.40 92.56 36.67 26.91 0 0.457939 46.07 289.65 51.26 38.82 0 0.433173 0.00 420.73 25.34 58.33 0 0.428762 0.00 406.88 30.25 68.03 0 0.406921 578.79 200.81 30.77 45.89 0 0.403225 572.33 193.99 34.26 39.59 0 0.393325 288.86 25.21 32.43 22.90 0 0.356073 308.78 597.84 12.69 12.50 2 0.340650 135.07 52.85 50.19 35.78 0 0.329875 138.13 52.49 47.53 34.71 1 0.276300 817.27 3.52 61.50 43.35 0 0.272073 390.70 0.00 42.07 20.29 0 0.254323 685.52 362.46 36.71 38.33 0
174,0.527987 444.57 711.47 29.37 23.61 0 0.506244 432.77 709.38 31.79 24.96 0 0.500126 908.88 565.53 22.69 28.88 0 0.473851 863.88 558.98 28.41 27.52 0 0.444412 313.66 690.40 33.91 24.39 0 0.440578 385.49 697.21 24.58 30.03 0 0.430481 386.93 692.29 25.70 29.30 0 0.392629 885.87 560.99 22.22 26.13 0 0.389945 353.58 693.72 28.23 28.06 0 0.387475 355.36 696.88 30.20 27.99 0 0.387402 350.57 611.69 31.27 21.31 0 0.329087 321.86 689.55 34.32 24.42 0 0.325275 643.87 730.64 21.67 34.65 0 0.303383 983.45 615.64 22.55 24.39 0 0.261845 558.13 730.85 26.33 25.33 0 0.252260 530.07 655.14 26.00 22.47 0
175,0.611170 695.99 451.21 29.36 53.48 0 0.508122 664.56 794.55 30.20 61.87 0 0.483975 735.25 16.05 26.45 46.91 0 0.466393 710.47 285.70 25.58 44.81 0
176,
177,0.851082 684.90 582.68 44.90 30.55 3 0.837385 673.01 631.02 49.72 32.04 3 0.802662 615.91 898.34 68.56 41.07 3 0.747532 678.54 611.22 43.58 28.24 3 0.730786 651.22 723.15 58.11 35.00 3 0.725576 940.35 353.33 24.40 44.86 3 0.719841 654.63 701.65 58.38 34.55 3 0.719051 1113.74 886.10 92.64 133.59 0 0.706759 671.73 634.92 54.80 33.76 3 0.696431 657.54 677.19 60.86 35.70 3 0.663462 648.78 757.00 59.09 33.37 3 0.619403 636.84 820.40 57.73 32.19 3 0.597883 675.04 614.27 51.37 32.21 3 0.551804 633.34 847.07 60.03 34.59 3 0.547223 1075.78 740.07 82.23 120.23 0 0.540697 647.47 775.77 58.67 33.80 3 0.495556 636.90 830.41 56.98 29.99 3 0.415142 620.44 875.25 72.24 32.37 3 0.411979 641.52 800.99 57.42 32.71 3 0.406088 689.28 470.87 59.73 104.49 0 0.377512 1037.34 870.83 29.55 44.16 3 0.360875 663.49 654.27 59.91 31.52 3 0.356123 755.08 37.73 37.29 57.22 3 0.316063 619.08 867.08 71.56 36.13 3 0.305771 962.26 154.11 20.32 23.31 3 0.303121 697.19 458.74 53.78 104.72 0 0.300553 948.51 197.83 34.10 21.37 3 0.286959 810.81 40.04 23.73 24.93 3 0.267191 1037.26 878.90 29.16 44.15 3
178,0.523852 480.31 1012.13 68.77 55.01 0 0.483945 601.66 915.42 61.53 55.66 0 0.418831 859.65 521.27 34.97 53.63 0 0.398652 556.39 954.10 58.32 53.89 0 0.292149 582.77 923.93 74.32 65.06 0 0.277590 1648.17 621.26 26.16 47.00 1 0.259746 866.69 738.62 37.00 36.58 0 0.250221 728.38 680.02 45.30 44.13 0
179,0.525586 889.09 698.74 29.29 64.22 0 0.328234 1163.71 972.20 73.78 41.19 0 0.254234 1010.11 608.64 95.65 102.06 1
180,0.763567 993.69 740.59 123.93 67.31 0 0.726990 968.26 796.80 123.37 74.80 0 0.709196 1495.37 601.73 59.84 33.46 3 0.703196 520.58 1006.60 140.78 73.05 0 0.701208 564.67 946.68 132.72 68.40 0 0.699690 715.65 562.20 122.82 70.10 0 0.688821 590.42 455.80 105.73 63.78 0 0.675587 1050.64 552.72 124.00 70.20 0 0.653190 658.74 759.48 122.09 62.42 0 0.638492 1223.69 547.93 118.00 71.14 0 0.628224 1161.82 727.21 115.03 67.05 0 0.621767 667.59 702.71 125.42 69.35 0 0.619995 693.39 625.91 121.05 76.13 0 0.613731 1074.89 498.45 116.42 59.23 0 0.613308 793.30 396.53 117.46 67.23 0 0.602608 1005.63 681.41 120.22 66.21 0 0.597423 1183.23 671.14 115.23 61.13 0 0.585989 607.61 814.55 134.06 70.11 0 0.571333 1408.41 927.89 49.55 27.56 3 0.568885 663.69 344.18 111.53 63.94 0 0.558413 593.14 885.65 117.25 64.16 0 0.546530 1029.88 616.55 127.11 68.79 0 0.544173 1397.13 970.68 49.10 31.09 3 0.541709 745.07 503.04 123.67 68.76 0 0.536581 766.91 457.99 120.87 66.85 0 0.535852 1085.33 986.98 120.29 69.87 0 0.515343 960.15 867.44 113.74 69.86 0 0.513388 631.86 392.32 111.24 67.86 0 0.509985 881.30 992.06 141.37 77.93 0 0.489335 919.04 932.66 116.63 70.27 0 0.464414 709.74 355.15 83.61 63.39 0 0.460251 635.62 759.23 136.88 75.31 0 0.456029 655.04 411.34 102.21 59.10 0 0.455489 1101.85 934.92 128.04 66.80 0 0.446967 1421.35 891.68 48.01 28.46 3 0.444316 574.71 890.07 134.54 84.30 0 0.423011 952.73 859.88 106.51 67.92 0 0.422296 1408.66 922.22 53.39 29.98 3 0.411649 676.46 692.23 130.58 72.10 0 0.403861 27.30 385.17 86.59 55.84 0 0.401786 634.03 393.53 82.44 62.66 0 0.389208 1385.93 1007.11 53.11 33.14 3 0.378318 1497.87 634.41 60.29 29.45 3 0.362896 640.23 404.02 114.79 60.50 0 0.361147 807.35 404.95 110.39 62.76 0 0.360388 871.71 1003.85 149.01 76.15 0 0.344779 965.64 782.45 133.17 74.31 0 0.338232 1103.61 918.60 114.71 66.10 0 0.335251 1046.92 541.60 134.12 66.40 0 0.329215 1172.23 733.67 113.56 71.92 0 0.321390 969.78 881.10 109.86 63.81 0 0.318572 1042.75 1033.31 132.75 46.69 0 0.310542 713.62 553.61 117.25 66.62 0 0.301756 683.18 643.72 122.30 78.31 0 0.299994 895.80 964.98 132.58 77.79 0 0.298681 979.85 811.10 114.07 66.95 0 0.294655 904.44 936.83 133.81 84.05 0 0.286538 1494.05 629.00 59.22 31.47 3 0.285380 1513.72 566.81 59.71 32.58 3 0.283483 994.79 871.74 86.65 66.42 0 0.283020 898.07 910.73 140.38 81.91 0 0.279543 1063.22 507.26 122.55 65.10 0 0.275536 545.98 963.47 141.94 70.73 0 0.268485 659.39 733.03 129.92 74.72 0 0.266017 1098.22 903.47 117.46 66.59 0 0.263573 734.07 572.37 107.09 64.57 0 0.257907 681.43 766.16 107.00 61.81 0 0.257004 707.92 641.67 114.58 67.55 0
181,0.679337 66.35 748.61 38.67 62.76 0 0.667362 178.10 751.68 36.09 57.34 0 0.631807 143.36 752.67 32.80 55.16 0 0.581244 840.16 496.20 29.36 54.19 0 0.576742 843.91 592.61 72.78 34.08 0 0.568075 866.37 496.08 26.51 51.07 0 0.567919 743.11 372.49 27.07 40.29 0 0.567490 11.15 754.57 41.82 67.16 0 0.518308 640.70 430.17 24.86 37.58 0 0.507580 265.50 301.20 55.87 33.88 0 0.506952 613.91 369.50 29.66 47.59 0 0.506769 1577.62 35.72 28.42 35.56 0 0.494657 893.87 492.84 27.68 51.43 0 0.491188 1646.23 12.73 35.67 42.66 0 0.437157 1719.13 0.00 60.00 62.59 0 0.421703 685.06 495.64 31.96 51.12 0 0.417854 1513.80 219.46 52.91 70.43 1 0.407524 1580.48 182.90 28.45 46.24 0 0.401333 714.84 378.33 22.84 36.23 0 0.390344 645.86 485.91 39.14 55.47 0 0.379679 388.33 795.06 65.06 31.12 0 0.349284 1608.84 28.94 33.39 38.00 0 0.339437 305.44 274.43 41.37 35.74 0 0.338945 698.77 620.72 58.53 35.16 0 0.324196 778.28 485.96 39.36 58.80 0 0.274944 570.71 382.48 38.51 31.90 0 0.253938 928.91 503.12 23.47 40.66 0
182,0.375215 932.13 965.47 58.92 100.70 0 0.256812 1773.25 870.32 29.61 30.21 0
183,0.522461 1163.13 541.34 53.51 25.03 0 0.517760 1097.03 539.16 49.30 21.74 0 0.458544 531.45 496.18 45.31 19.39 0 0.458413 837.79 519.52 45.62 23.05 0 0.439671 1031.38 530.21 48.03 26.21 0 0.377898 912.83 522.81 40.00 21.03 0 0.372986 520.10 496.10 47.05 19.65 0 0.359704 771.96 521.31 35.33 16.57 0 0.338942 780.84 520.01 40.11 18.08 0 0.316780 649.42 501.31 48.45 22.78 0 0.305359 1232.60 546.73 49.23 23.48 0 0.266618 129.09 21.32 38.95 44.36 0 0.256752 973.14 524.91 43.63 24.46 0
184,0.626548 739.46 537.51 70.17 27.41 0 0.620644 482.19 516.59 69.52 33.00 0 0.566457 828.55 541.47 62.04 26.25 0 0.540287 650.90 533.39 60.63 26.47 0 0.536534 1250.64 555.90 68.53 30.44 0 0.501336 1162.37 553.18 73.44 31.21 0 0.436991 907.57 544.37 65.13 26.90 0 0.429421 1072.31 551.64 68.25 29.26 0 0.425349 479.69 522.25 74.36 31.43 0 0.382904 992.58 543.77 66.63 29.95 0
185,0.748428 107.69 918.56 68.11 49.80 3 0.720746 110.06 379.86 112.17 98.60 0 0.710558 1693.86 689.54 94.18 131.81 0 0.700197 965.48 266.22 120.26 55.54 0 0.680098 1685.26 555.45 75.99 126.63 0 0.665332 1221.97 308.45 120.37 56.31 0 0.613403 421.57 170.98 99.55 46.11 0 0.613302 127.27 930.77 53.20 48.88 3 0.579994 1733.54 838.93 96.82 182.41 0 0.575216 0.00 330.37 64.40 96.52 0 0.571566 66.25 1040.79 52.55 39.21 3 0.563002 830.68 239.45 118.28 65.18 0 0.545171 303.92 570.59 41.80 54.46 3 0.522309 0.00 146.06 71.33 69.92 0 0.506118 164.81 168.89 89.54 70.60 0 0.498707 0.00 546.88 53.00 67.30 0 0.476173 1511.44 212.63 76.75 49.16 0 0.458393 3.32 350.11 70.76 74.99 0 0.457510 880.00 174.88 39.68 37.07 0 0.448116 52.43 153.95 87.49 66.28 0 0.445384 0.00 321.19 53.23 93.20 0 0.422009 1096.63 280.91 111.69 52.09 0 0.419558 140.26 168.55 91.50 70.06 0 0.419550 730.13 148.60 44.33 43.63 0 0.418193 981.40 188.01 56.59 37.48 0 0.417062 1735.89 865.47 124.17 168.22 0 0.408411 726.71 157.65 47.77 39.46 0 0.407338 1059.69 192.69 55.13 52.86 0 0.406402 279.16 193.81 76.72 66.68 0 0.398781 630.46 143.24 50.15 36.42 0 0.366874 235.00 182.40 67.00 67.57 0 0.357465 1735.44 832.71 85.51 124.89 0 0.356325 0.00 767.35 138.28 148.50 1 0.355672 0.00 317.81 50.00 70.15 0 0.354237 58.48 940.22 63.10 48.63 3 0.351584 71.70 1046.37 51.56 33.63 3 0.326658 884.77 170.83 42.67 39.56 0 0.320043 1657.12 0.26 44.40 47.66 0 0.293780 958.56 263.40 113.02 50.94 0 0.291103 1860.39 139.92 59.07 100.35 0 0.290763 15.26 144.71 94.68 67.78 0 0.290236 1343.00 311.80 82.89 59.07 0 0.289585 199.95 172.02 76.95 73.22 0 0.279847 426.19 519.18 24.88 30.85 2 0.270646 53.01 987.83 77.46 51.38 3 0.269440 862.86 173.57 29.29 34.06 0 0.262875 71.27 928.10 78.21 54.39 3 0.257540 140.83 169.76 67.74 66.10 0 0.256522 118.36 385.98 125.25 100.07 0 0.254958 1866.57 131.79 52.53 90.31 0 0.252316 355.60 594.58 34.03 35.39 3 0.250449 1876.22 180.77 43.78 79.06 0
186,0.728348 504.22 433.70 28.31 60.98 0 0.702445 568.56 427.35 30.84 58.57 0 0.699479 1172.04 823.13 32.93 68.35 0 0.682276 911.66 525.00 32.71 61.91 0 0.674659 697.65 402.91 31.51 58.96 0 0.658239 1121.27 742.18 32.23 64.58 0 0.644580 516.93 586.56 31.14 57.54 0 0.644361 556.95 657.90 30.52 62.27 0 0.631616 1788.39 285.99 36.75 61.97 0 0.628170 1156.12 736.15 31.43 63.39 0 0.612373 520.80 659.83 31.74 63.71 0 0.609896 1843.36 503.23 40.49 65.47 0 0.608968 845.27 309.26 29.45 51.66 0 0.594487 1004.03 292.70 25.80 49.50 0 0.593382 984.15 367.30 29.36 49.92 0 0.583358 494.32 358.64 32.34 62.39 0 0.582068 1870.00 575.22 37.08 63.24 0 0.581613 1053.17 750.49 38.23 71.83 0 0.580277 858.10 387.66 33.06 62.45 0 0.579790 689.08 329.05 31.48 59.24 0 0.577385 713.33 554.35 32.30 58.75 0 0.573089 1610.80 55.24 53.76 26.97 0 0.570959 595.94 664.05 30.93 58.53 0 0.568653 456.77 269.60 16.49 26.50 3 0.564501 814.73 544.43 31.91 58.62 0 0.560305 654.75 245.87 14.05 25.16 3 0.557224 628.33 247.95 15.04 23.39 3 0.555741 751.11 332.66 31.13 55.78 0 0.552784 1722.97 18.93 25.97 42.98 0 0.548080 746.56 556.39 31.50 57.85 0 0.543889 592.27 351.76 27.95 54.85 0 0.542937 1011.43 518.10 30.64 58.99 0 0.541515 940.50 312.14 28.33 51.58 0 0.538182 720.60 330.28 28.06 55.61 0 0.536683 1051.57 358.78 29.58 62.73 0 0.529628 614.90 576.91 31.03 60.41 0 0.523636 1016.79 361.64 28.36 53.79 0 0.512358 1081.46 352.23 30.09 56.24 0 0.506907 663.06 408.97 31.08 65.26 0 0.497217 1036.12 292.75 26.40 53.08 0 0.495382 781.90 547.52 30.63 57.34 0 0.495014 922.62 383.05 33.29 62.97 0 0.491248 759.41 404.22 30.60 55.66 0 0.489529 908.89 311.58 28.00 52.19 0 0.488515 1748.41 146.02 37.85 60.89 0 0.484270 978.11 521.13 31.46 60.38 0 0.482146 559.72 352.39 29.55 58.08 0 0.481888 684.42 555.65 30.68 61.55 0 0.478147 795.30 395.81 29.76 60.29 0 0.478109 584.68 581.95 28.12 56.36 0 0.472398 1824.82 425.39 37.18 63.87 0 0.472386 631.07 415.49 29.25 59.49 0 0.468807 1079.43 519.83 28.95 53.87 0 0.458656 892.28 382.09 32.64 64.42 0 0.442870 553.98 585.49 27.84 55.26 0 0.439678 534.03 431.39 30.00 60.10 0 0.436822 730.90 406.04 30.39 60.33 0 0.434255 1046.47 513.45 31.26 60.29 0 0.432761 945.93 526.65 30.77 63.54 0 0.424723 782.22 329.75 30.49 55.82 0 0.423077 648.64 567.68 32.09 60.49 0 0.408961 878.84 309.54 27.51 53.54 0 0.389260 481.35 266.75 16.95 28.06 3 0.381727 849.89 539.80 30.47 62.34 0 0.381213 974.13 295.41 25.76 49.57 0 0.374321 815.07 315.86 30.33 54.91 0 0.367035 827.70 388.70 29.09 61.13 0 0.359772 1253.88 156.65 22.21 32.01 3 0.347499 672.90 246.60 16.32 24.76 3 0.330210 601.19 423.14 29.09 57.46 0 0.326318 1595.69 0.20 58.51 32.85 0 0.314719 1599.87 30.59 59.79 28.98 0 0.309166 812.33 324.74 27.95 56.91 0 0.297089 1783.63 280.56 34.82 60.90 0 0.274952 1599.59 25.56 58.29 27.49 0 0.261115 1597.60 0.00 59.78 25.18 0
187,0.771546 720.84 601.68 55.84 60.51 1 0.452261 306.35 675.70 29.65 26.02 0 0.392370 282.79 673.96 34.84 26.58 0 0.369826 943.80 663.25 19.52 18.19 0 0.346828 791.96 586.53 26.38 28.98 0 0.295475 283.91 669.72 30.99 26.18 0
188,0.607015 713.24 251.53 36.40 24.43 3 0.567544 961.01 104.36 32.68 67.55 0 0.510129 919.80 425.31 23.28 48.46 3 0.489262 824.05 149.45 17.54 32.88 3 0.452869 711.42 273.83 37.55 22.24 3 0.443411 749.13 87.46 34.45 23.31 3 0.409537 974.88 229.57 40.95 54.05 0 0.406497 727.12 223.29 33.79 23.76 3 0.403007 741.80 131.61 37.79 25.44 3 0.388125 724.96 207.80 31.99 27.32 3 0.371073 721.92 225.57 34.73 23.94 3 0.356454 747.85 104.41 36.46 25.80 3 0.341038 729.36 204.02 30.26 27.33 3 0.324678 970.51 199.52 40.41 39.19 0 0.319465 745.78 128.55 37.93 26.56 3 0.263050 740.22 109.26 40.77 25.49 3 0.258202 766.50 22.66 35.46 46.78 0
189,0.650444 336.20 159.20 143.39 67.56 0 0.558941 566.84 319.95 151.82 76.23 0 0.537302 516.39 293.50 146.38 60.30 0 0.521232 668.60 423.05 97.28 77.96 0 0.357194 356.14 507.67 41.62 40.10 3 0.338942 630.02 383.38 112.20 59.73 0 0.319567 666.23 412.26 106.20 72.63 0 0.299652 601.23 324.99 148.83 68.74 0 0.295850 535.15 306.25 174.21 76.50 0 0.253246 653.47 393.50 108.33 82.54 0 0.250422 520.57 298.08 165.92 67.60 0
190,0.508168 870.57 609.72 29.93 67.22 0 0.405188 1048.55 1020.04 109.26 46.19 1
191,0.879039 166.98 485.11 140.81 76.94 1 0.731185 746.05 909.63 200.73 112.63 0 0.712798 824.30 496.34 137.81 74.06 0 0.693363 785.55 174.15 105.47 54.57 0 0.676408 611.46 359.91 125.10 72.89 0 0.649962 1482.36 730.47 125.42 149.89 0 0.645642 779.66 409.08 125.15 75.39 0 0.630835 1847.48 873.20 72.52 100.29 0 0.630390 1068.97 413.97 127.00 70.03 0 0.624993 639.33 190.23 107.91 56.22 0 0.621372 77.67 263.04 122.49 54.31 0 0.608150 732.32 303.95 121.19 65.15 0 0.598795 321.14 716.34 172.42 82.12 0 0.579627 1050.17 363.93 126.41 65.44 0 0.576881 314.64 782.96 179.86 94.55 0 0.556956 251.11 242.20 121.27 58.31 0 0.548285 379.25 225.19 107.83 63.72 0 0.547757 0.00 276.37 47.42 61.52 0 0.543881 722.19 277.53 123.22 60.60 0 0.543702 646.21 480.32 137.66 82.83 0 0.536734 1226.12 655.09 143.86 87.14 0 0.527107 685.55 625.44 155.68 85.47 0 0.522622 1158.65 540.88 145.88 78.91 0 0.522273 326.93 492.58 140.22 60.05 0 0.516836 699.99 681.80 152.58 95.61 0 0.471366 321.51 645.24 165.91 78.62 0 0.455045 463.44 257.84 110.68 57.25 0 0.454735 311.31 929.45 219.11 114.96 0 0.446200 511.64 211.16 94.61 52.42 0 0.441329 299.57 945.98 213.31 110.68 0 0.421745 1461.23 708.93 130.15 168.53 0 0.401537 316.29 541.81 153.07 79.39 0 0.400346 1185.33 596.75 148.50 81.44 0 0.389750 337.42 456.78 127.42 68.58 0 0.365173 1128.53 493.23 137.33 75.79 0 0.357667 323.64 595.35 150.22 75.37 0 0.331490 1138.94 503.16 148.72 78.81 0 0.322134 1505.73 751.42 100.37 129.82 0 0.311675 1041.64 371.43 138.95 76.10 0 0.309424 725.07 294.71 128.24 63.25 0 0.306899 416.45 1008.22 105.23 71.53 0 0.300791 321.95 774.08 172.10 75.52 0 0.293885 1144.49 532.80 147.61 73.12 0 0.290025 1192.93 127.87 94.28 41.01 0 0.279145 682.91 640.08 141.26 76.96 0 0.279110 166.51 486.97 141.99 74.24 0 0.275045 312.17 417.40 133.01 70.00 0 0.265049 330.71 431.69 127.43 70.54 0 0.262712 1138.75 515.95 153.02 81.68 0 0.260210 1210.64 644.34 155.43 85.20 0 0.259607 325.07 610.97 152.56 79.29 0 0.255579 318.85 575.68 151.44 80.09 0 0.253889 1050.16 397.09 148.91 76.89 0 0.253523 323.06 532.04 142.81 70.13 0
192,0.685285 575.30 593.74 28.32 45.80 0 0.613390 677.09 598.85 26.32 42.74 0 0.555904 918.03 346.20 22.50 40.33 0 0.538177 1050.93 419.40 24.43 33.58 0 0.524641 480.38 496.83 31.79 23.26 0 0.513776 602.07 600.15 24.46 42.20 0 0.497304 354.28 571.84 26.19 39.93 0 0.489236 895.01 345.46 23.08 39.97 0 0.473647 430.49 584.23 33.45 31.02 0 0.473341 310.59 568.76 30.26 37.87 0 0.465061 415.11 581.30 30.19 33.08 0 0.459652 523.32 500.38 33.19 19.92 0 0.432501 950.85 356.71 24.46 35.90 0 0.425246 953.68 352.60 23.82 36.06 0 0.385293 277.56 451.83 40.89 25.27 0 0.381848 267.23 563.13 33.76 37.82 0 0.372905 1127.39 432.35 19.28 26.26 0 0.369017 125.67 631.89 44.04 40.71 0 0.367267 868.47 391.12 38.69 64.27 1 0.360759 722.94 586.97 23.84 41.06 0 0.359529 572.40 498.27 30.94 22.43 0 0.341244 864.23 401.12 40.06 63.94 1 0.291238 359.87 653.76 36.84 28.00 0 0.286784 366.46 652.72 34.08 30.58 0 0.284158 1174.03 428.52 28.24 23.84 0 0.266937 126.82 639.92 40.87 37.06 0 0.261460 495.19 496.73 44.29 23.12 0
193,
194,0.511461 97.74 319.62 43.28 26.09 3 0.434253 99.43 345.47 38.35 24.76 3 0.397875 1058.75 156.00 16.18 17.33 3 0.381190 926.85 682.43 19.16 15.22 3 0.373325 97.79 241.61 48.81 30.23 0 0.353643 1292.74 189.96 16.09 16.30 3 0.293249 90.99 541.10 35.42 34.44 0 0.292845 88.77 638.20 31.33 27.68 3 0.278435 97.84 372.37 39.37 24.72 3 0.276913 85.64 587.99 37.25 29.14 3 0.267977 102.03 294.77 39.17 25.06 0 0.257772 319.55 132.79 30.23 23.43 3 0.257374 542.41 158.97 16.84 21.05 2 0.256219 911.43 26.38 14.75 20.59 3 0.253986 301.79 24.52 25.66 23.59 3 0.251395 803.56 659.84 13.40 16.37 3
195,0.410451 126.32 241.75 26.17 26.15 3 0.398457 101.19 488.10 35.74 28.97 3 0.397052 1156.35 59.02 37.49 21.38 0 0.354142 97.94 390.08 45.09 27.50 0 0.287888 123.48 214.89 31.13 28.22 3 0.281607 99.96 416.01 40.73 24.78 0 0.267793 94.95 439.58 44.81 28.58 0
196,0.616881 217.38 41.93 36.80 51.88 0 0.556178 230.86 802.95 55.78 39.73 0 0.552481 289.47 204.17 43.87 51.62 0 0.550629 113.57 646.08 61.07 42.50 0 0.528690 283.69 198.33 45.82 53.97 0 0.521682 290.43 768.56 56.42 46.68 0 0.513407 537.60 795.73 21.44 26.23 3 0.505280 323.10 920.52 68.09 46.71 0 0.474500 96.95 861.41 58.91 40.59 0 0.471784 366.88 777.05 86.79 57.58 0 0.471621 1098.68 466.86 48.45 34.56 0 0.467197 438.01 536.49 35.64 45.16 0 0.454159 666.52 632.48 48.08 29.20 0 0.451645 519.42 305.79 60.47 38.30 0 0.446942 240.89 99.19 41.60 51.87 0 0.444021 302.82 47.28 29.75 44.70 0 0.438110 364.94 359.08 36.41 56.48 0 0.420278 503.25 729.97 22.65 20.96 3 0.415562 338.56 308.32 33.05 44.27 0 0.415001 260.95 150.77 43.08 48.28 0 0.410983 607.34 548.11 41.38 53.08 0 0.392334 1738.32 42.39 45.73 30.73 0 0.387066 171.37 825.73 57.14 45.07 0 0.379534 662.86 604.10 54.08 30.81 0 0.369031 221.34 46.60 38.20 53.04 0 0.367468 534.13 344.16 68.88 48.38 0 0.366874 311.95 252.66 36.91 42.42 0 0.366618 0.00 908.40 29.84 45.16 0 0.364156 323.40 264.35 35.41 45.48 0 0.360771 554.59 378.12 59.58 35.34 0 0.347822 1731.34 45.20 42.61 34.51 0 0.322616 256.14 947.80 65.35 46.25 0 0.313777 264.43 154.21 44.62 51.48 0 0.312482 74.64 1030.86 100.71 47.51 0 0.297961 316.94 257.53 35.32 45.88 0 0.291174 38.97 890.64 56.25 44.32 0 0.283784 344.15 312.01 32.68 43.49 0 0.274818 403.42 182.77 30.58 43.52 0 0.255132 542.22 363.61 67.51 45.45 0
197,0.535602 266.56 39.11 43.36 24.96 0 0.484696 365.52 6.69 40.91 25.31 0 0.442434 321.82 22.23 35.16 26.63 0 0.441803 327.94 204.13 61.45 31.26 0 0.399195 441.59 149.97 63.96 27.63 0 0.393527 280.57 235.52 15.77 26.93 3 0.389701 906.15 323.12 12.87 15.50 2 0.339817 893.75 294.43 14.18 17.86 3 0.324682 953.77 342.63 19.20 15.93 3 0.285940 426.62 148.82 77.29 32.84 0 0.280132 262.68 235.22 17.99 26.12 3 0.273478 580.92 289.62 19.08 29.61 3 0.272283 414.37 0.00 49.44 20.49 0 0.270102 357.79 259.45 10.62 21.81 2 0.259726 116.81 677.38 15.08 15.87 3 0.254509 315.71 234.82 13.85 22.09 3
198,0.834732 232.85 968.22 63.53 48.71 3 0.716723 790.74 906.05 47.43 62.58 3 0.698911 828.67 884.10 34.41 50.99 3 0.697136 351.75 875.83 53.27 47.81 3 0.680134 1221.02 434.13 25.11 33.32 3 0.659556 815.76 892.20 35.54 60.69 3 0.657623 1118.89 781.38 131.74 91.26 0 0.653070 1470.44 958.50 196.49 121.50 0 0.648742 1800.88 882.94 119.12 100.81 0 0.647129 929.65 823.94 41.31 59.23 3 0.646805 1264.92 415.87 25.60 30.20 3 0.643390 909.48 830.49 36.26 55.93 3 0.643183 620.17 1013.85 43.95 58.83 3 0.639389 611.77 1020.56 38.74 56.35 3 0.638878 1269.68 466.47 25.81 32.04 3 0.638264 1469.58 466.01 72.88 50.80 0 0.618450 1246.90 418.48 23.82 29.43 3 0.609397 1038.91 817.92 152.32 129.18 0 0.596275 1644.10 793.41 134.37 92.21 0 0.594752 943.68 806.93 38.08 66.32 3 0.589970 694.46 650.61 28.74 43.02 3 0.589798 282.91 844.40 55.41 43.41 3 0.579907 913.80 894.27 139.41 135.22 0 0.569510 917.34 823.57 32.58 54.38 3 0.565864 850.08 949.76 145.84 127.55 0 0.564439 1296.79 603.45 27.58 38.74 3 0.560585 1373.81 330.86 101.17 60.44 0 0.559789 1194.21 431.27 31.55 36.87 3 0.545925 883.86 840.24 33.61 52.90 3 0.542387 972.25 797.03 34.85 56.32 3 0.535971 853.01 876.60 35.46 51.80 3 0.530807 1224.85 417.90 22.82 33.48 3 0.529188 742.31 632.41 29.95 41.97 3 0.526495 639.19 673.14 34.16 42.10 3 0.526155 633.50 1010.41 40.06 57.42 3 0.522610 430.76 754.16 30.24 49.44 3 0.508634 575.13 703.44 31.30 41.83 3 0.502794 404.37 818.35 41.23 44.24 3 0.489710 955.11 798.08 39.85 59.54 3 0.468097 397.22 829.72 40.26 39.27 3 0.460872 566.26 1042.63 36.35 37.37 3 0.460535 640.06 1016.04 36.50 55.38 3 0.459533 677.35 724.29 104.50 77.79 0 0.456963 430.31 771.33 34.39 46.16 3 0.455727 424.04 783.62 33.41 41.56 3 0.455022 203.61 867.69 65.86 40.83 3 0.447589 931.60 815.86 47.92 64.77 3 0.441788 853.11 866.40 34.28 51.33 3 0.435243 814.12 564.07 90.44 65.23 1 0.432965 235.63 952.31 45.11 40.14 3 0.431592 624.44 687.06 31.87 37.63 3 0.431363 1144.78 457.44 27.09 33.52 3 0.424902 1411.74 983.57 196.27 96.43 0 0.411272 287.22 850.90 38.83 43.31 3 0.411171 838.06 871.16 37.68 49.61 3 0.408854 717.86 643.67 30.59 42.85 3 0.398396 614.11 1034.20 33.68 45.80 3 0.396968 1289.36 393.19 27.14 35.93 3 0.392921 624.67 692.50 34.61 40.26 3 0.387957 407.07 775.49 30.97 44.67 3 0.387785 441.25 763.48 32.41 47.97 3 0.383043 646.83 727.51 124.71 91.18 0 0.381878 897.86 901.18 158.41 161.51 0 0.381552 916.77 892.65 112.83 113.73 0 0.373203 1301.91 512.09 30.10 38.92 3 0.366574 343.90 880.32 52.95 41.49 3 0.365390 469.22 752.81 30.27 47.71 3 0.359168 477.12 746.74 33.04 46.36 3 0.356140 1286.08 402.79 25.92 35.52 3 0.350917 405.50 794.33 35.03 46.05 3 0.348190 606.59 1027.50 38.89 52.32 3 0.346994 1068.39 791.12 155.29 155.20 0 0.346031 883.67 564.25 48.26 31.64 3 0.330163 1196.96 423.44 26.97 35.89 3 0.320077 586.17 700.90 31.70 42.47 3 0.319713 1654.57 320.93 37.46 32.38 0 0.319682 1664.68 277.15 45.50 31.49 0 0.311534 937.47 807.98 38.80 58.19 3 0.304725 974.34 484.01 28.69 33.50 3 0.304023 532.24 715.98 38.78 49.51 3 0.303627 340.44 866.65 42.76 41.37 3 0.302943 643.09 745.52 110.11 84.09 0 0.302113 863.73 560.53 65.13 34.27 3 0.299428 1276.06 397.39 30.25 34.36 3 0.294797 699.84 636.81 32.14 47.33 3 0.292246 1292.82 607.01 33.75 47.53 3 0.282842 734.66 816.94 34.29 58.06 3 0.281713 295.39 849.51 58.56 36.73 3 0.279750 334.91 796.59 24.65 33.01 3 0.279471 1764.43 245.63 52.60 33.01 0 0.278914 878.49 923.49 142.88 156.44 0 0.276200 652.76 666.97 35.37 41.24 3 0.274943 534.30 726.40 35.94 45.61 3 0.273508 1667.89 324.96 33.85 33.62 3 0.272747 879.19 851.67 35.29 54.26 3 0.270495 698.58 1044.01 103.19 35.99 0 0.264618 286.03 795.68 34.74 29.08 3 0.261758 644.17 701.04 38.96 43.63 3 0.261211 641.03 704.22 45.38 49.35 3 0.260061 540.33 720.88 32.76 43.69 3 0.255359 822.63 893.48 40.06 63.39 3 0.253612 722.89 635.66 32.87 46.73 3 0.252120 697.68 601.99 39.31 32.37 3 0.250130 1299.95 520.61 33.56 36.38 3
199,0.383271 1057.09 495.86 64.97 32.68 1
200,0.545951 1070.43 44.15 30.10 41.91 0 0.520134 1099.26 65.75 28.68 41.47 0 0.495004 1003.02 0.00 28.76 37.07 0 0.358536 487.67 270.63 19.87 27.14 3 0.354118 770.72 660.74 15.84 23.34 2 0.325943 889.84 333.19 23.69 24.06 3 0.322208 917.58 60.34 56.93 32.46 0 0.293395 1313.20 0.00 27.98 16.27 0 0.284634 890.94 329.38 21.03 23.07 3 0.284213 403.14 162.29 66.68 38.45 0 0.282472 620.23 267.51 13.13 20.46 2 0.277408 985.43 0.00 32.18 22.45 0 0.263683 1318.60 0.00 25.23 22.04 0 0.260120 1300.67 622.22 42.71 59.24 0 0.255933 1193.61 524.48 48.68 42.27 0
201,0.665296 1683.06 805.51 35.03 64.28 0 0.664038 813.26 472.31 31.38 53.20 0 0.656349 1559.54 488.60 32.42 59.23 0 0.650309 1633.38 539.24 33.22 61.57 0 0.648821 1033.54 479.65 37.09 51.03 0 0.631900 552.41 995.21 34.70 71.30 0 0.630485 1656.31 666.98 34.92 60.40 0 0.630415 1622.57 882.89 34.69 64.20 0 0.628178 1050.46 338.98 28.87 47.55 0 0.621234 1647.60 609.30 33.80 60.39 0 0.618622 576.44 563.98 28.06 51.46 0 0.609688 1103.20 485.42 35.28 50.86 0 0.606945 579.33 483.43 30.16 58.50 0 0.598538 1672.28 743.31 37.01 54.72 0 0.589362 1600.08 752.87 35.04 60.99 0 0.587559 1710.25 741.32 34.40 57.46 0 0.575231 1533.21 891.10 34.97 65.41 0 0.573432 971.44 308.82 46.11 27.01 0 0.551870 819.80 852.32 30.86 62.82 0 0.551632 720.61 433.51 46.77 29.62 0 0.544657 1707.30 956.11 38.33 61.95 0 0.542255 117.56 794.69 64.41 35.22 0 0.535799 199.81 796.34 61.31 25.86 0 0.534978 866.99 475.61 29.77 51.18 0 0.530634 699.28 334.81 45.51 39.72 0 0.525007 0.00 800.94 54.63 32.13 0 0.522651 1619.40 430.37 31.79 52.99 0 0.515733 1580.35 614.02 34.52 58.63 0 0.513273 1189.84 346.97 27.14 38.07 0 0.507542 1553.42 432.87 32.01 54.21 0 0.502262 836.66 704.00 62.82 33.32 0 0.501627 1587.56 677.63 34.66 61.90 0 0.490029 1042.70 307.94 43.85 27.32 0 0.489437 1711.59 307.36 54.72 28.54 0 0.485080 1698.69 885.55 34.10 55.65 0 0.484416 681.24 334.71 54.83 38.51 0 0.481868 1612.75 814.66 35.85 58.50 0 0.470841 933.03 473.14 34.37 51.39 0 0.470664 842.60 471.07 30.46 51.57 0 0.465803 786.27 308.87 50.11 26.73 0 0.462895 963.56 473.28 34.10 50.62 0 0.462792 1019.07 248.31 44.58 23.35 0 0.454398 896.54 309.19 58.64 25.87 0 0.445707 864.04 481.89 28.74 51.12 0 0.439542 561.92 764.14 36.51 74.52 1 0.438004 1744.70 969.97 42.02 67.56 0 0.433120 898.73 470.14 33.83 53.22 0 0.432512 377.50 1012.53 40.22 67.47 0 0.428865 977.82 342.54 28.68 48.17 0 0.424852 1657.61 453.24 33.09 65.56 0 0.403352 1628.38 954.24 39.17 72.11 0 0.402503 1139.01 488.25 38.04 50.06 0 0.401993 555.97 918.13 34.12 63.42 0 0.392322 1651.66 635.28 37.27 80.49 0 0.390123 1643.94 1027.75 39.18 52.25 0 0.374268 999.32 475.73 37.75 51.70 0 0.366007 1179.92 487.58 34.18 44.23 0 0.364510 1766.91 305.70 59.65 30.34 0 0.358016 1006.68 249.55 52.46 24.42 0 0.355363 1570.06 551.69 32.95 61.16 0 0.347642 1832.57 314.60 54.78 27.12 0 0.344736 1080.58 337.64 31.84 46.73 0 0.340348 1689.53 665.71 34.44 59.32 0 0.336753 1578.24 622.17 38.69 58.09 0 0.336057 842.92 308.33 50.82 25.68 0 0.334112 67.38 271.84 38.83 50.59 0 0.322618 196.37 723.20 49.00 26.03 0 0.317360 202.27 794.17 75.35 30.35 0 0.309834 385.22 938.44 34.76 70.20 0 0.305449 1131.96 339.25 27.04 45.28 0 0.301924 1565.59 548.57 34.27 56.66 0 0.293206 1629.76 507.77 19.75 31.03 3 0.291536 1075.16 715.04 62.26 37.66 0 0.277615 1762.03 309.83 62.82 31.91 0 0.277312 1152.21 242.58 20.61 26.64 3 0.276405 959.14 550.17 58.68 35.11 0 0.275105 233.99 803.54 60.62 25.85 0 0.270616 763.82 253.49 25.04 19.19 3 0.266215 895.55 472.89 30.23 52.43 0 0.265840 1339.44 306.73 22.27 25.77 3 0.263893 840.29 311.08 58.27 27.76 0 0.259428 795.42 351.39 23.02 33.13 0 0.259410 103.11 73.84 60.71 31.18 0 0.258422 562.58 701.06 35.65 66.35 1 0.257742 113.90 72.82 56.64 30.11 0 0.252883 96.95 74.74 51.33 31.25 0 0.250210 559.03 759.86 33.59 65.84 1
202,0.576106 983.68 544.87 33.94 51.61 0 0.535185 970.88 421.38 32.87 47.75 0 0.462386 976.01 474.41 35.50 63.20 0 0.366192 985.81 595.25 39.66 68.97 0 0.310443 987.17 744.81 37.93 71.18 0 0.283352 966.35 420.33 33.22 53.42 0
203,0.613667 0.00 499.71 222.99 97.67 0 0.409623 810.81 690.70 185.68 92.33 0
204,0.714393 769.41 141.39 29.84 49.17 0 0.705515 718.74 464.76 29.92 48.25 0 0.675438 1486.77 455.79 30.13 42.95 0 0.670063 260.07 396.97 35.75 51.25 0 0.665602 381.77 620.72 36.64 57.80 0 0.665598 493.40 135.75 32.59 40.97 0 0.647746 818.04 136.14 31.14 62.30 0 0.637016 1438.23 240.00 27.09 36.36 0 0.632275 693.14 242.59 26.17 47.81 0 0.631706 618.39 516.23 30.00 45.49 0 0.624148 473.48 247.09 30.82 40.66 0 0.622956 364.13 160.72 31.78 44.00 0 0.615214 1322.37 309.41 29.68 58.92 0 0.613116 643.28 372.04 27.65 46.96 0 0.610671 281.81 344.26 38.17 44.62 0 0.604205 320.41 259.38 34.97 41.31 0 0.596623 335.82 502.75 34.25 53.25 0 0.592599 654.44 326.11 24.36 38.99 0 0.589065 772.06 255.13 27.08 46.46 0 0.581156 524.51 511.95 31.78 50.95 0 0.577854 1554.41 982.91 35.78 55.62 0 0.573635 746.32 466.95 28.91 50.60 0 0.573053 712.59 614.14 27.83 54.57 0 0.572924 340.19 211.18 34.19 47.88 0 0.572023 628.78 461.11 25.87 44.01 0 0.569789 1467.80 359.93 25.34 43.56 0 0.569708 655.63 460.72 26.29 44.37 0 0.565956 1145.47 151.74 57.04 23.43 0 0.558863 344.06 619.88 35.53 59.70 0 0.558214 502.84 242.62 29.37 44.95 0 0.556143 1458.97 319.74 29.65 40.78 0 0.553950 679.64 329.32 25.34 35.69 0 0.548773 1585.60 29.97 22.22 26.91 0 0.545249 615.08 371.58 28.67 48.46 0 0.530777 554.98 509.63 32.90 55.06 0 0.529839 649.45 618.22 28.20 51.73 0 0.527111 1701.90 707.81 60.89 25.52 0 0.525019 511.06 322.73 26.76 40.14 0 0.516563 686.09 463.01 29.99 50.06 0 0.514008 530.72 364.63 26.60 45.21 0 0.513014 668.83 139.54 25.68 43.91 0 0.511022 619.18 140.02 24.76 40.26 0 0.507201 779.95 614.15 31.86 55.04 0 0.506578 1398.55 53.18 21.41 35.59 0 0.506236 570.85 137.76 27.52 37.76 0 0.503462 558.08 235.15 30.52 54.09 0 0.499257 514.18 620.07 31.45 54.19 0 0.495195 305.42 303.40 32.67 35.73 0 0.495124 230.42 455.71 37.28 48.54 0 0.493208 1350.40 483.33 27.54 52.88 0 0.492368 722.69 249.02 24.81 43.92 0 0.488834 1783.31 48.94 22.83 29.20 0 0.487356 1646.15 844.08 65.46 61.46 0 0.484602 1502.29 506.78 34.57 49.59 0 0.476401 640.71 246.77 25.30 45.01 0 0.471624 1342.31 420.38 31.21 60.70 0 0.468748 371.35 506.67 29.75 52.05 0 0.454252 703.70 370.93 26.93 42.96 0 0.448737 534.44 459.85 33.17 47.85 0 0.447103 726.18 373.06 28.78 52.59 0 0.445078 678.68 616.61 29.20 53.59 0 0.444688 325.53 256.31 33.47 40.18 0 0.443468 734.01 333.40 26.32 35.86 0 0.442290 485.50 619.00 32.05 52.69 0 0.436109 550.92 613.80 31.70 54.45 0 0.431958 546.46 618.84 33.99 56.00 0 0.430316 760.35 328.28 29.66 40.31 0 0.427757 1692.12 705.92 66.75 30.12 0 0.426097 1603.28 34.69 25.08 26.26 0 0.423477 1343.27 0.00 22.93 34.88 0 0.412918 973.95 142.95 55.96 26.94 0 0.411033 1447.57 280.73 29.73 40.57 0 0.409816 206.55 507.40 36.78 46.67 0 0.408852 1719.25 82.52 28.44 26.49 0 0.407429 1649.73 33.34 22.42 28.83 0 0.404652 1701.18 40.88 21.93 27.78 0 0.404421 737.30 329.09 25.91 35.20 0 0.402211 1477.90 412.96 28.58 42.95 0 0.401106 702.06 329.49 27.12 35.20 0 0.398781 582.60 679.45 22.00 24.72 3 0.398768 1624.15 33.11 23.88 26.53 0 0.390009 611.89 244.98 27.29 48.49 0 0.387075 1675.33 36.30 21.75 29.30 0 0.386260 598.04 323.20 24.52 41.48 0 0.381578 690.82 247.13 25.53 48.26 0 0.380517 1769.37 707.85 53.00 30.16 0 0.380480 471.19 368.31 27.83 42.60 0 0.378344 1391.56 9.82 24.68 38.69 0 0.376110 710.45 330.54 26.00 34.24 0 0.375006 1157.85 152.76 62.17 28.95 0 0.373347 535.63 322.39 28.92 43.69 0 0.368100 1812.86 51.99 27.43 28.37 0 0.363695 993.11 670.60 73.57 31.95 0 0.363197 1729.53 42.91 24.34 26.48 0 0.357580 361.38 504.93 31.00 52.05 0 0.346966 1392.61 14.82 24.63 40.85 0 0.343276 770.58 128.68 31.42 53.14 0 0.340189 1799.25 0.00 39.38 10.57 0 0.337982 1660.78 427.65 33.04 50.45 0 0.331423 1311.91 238.62 24.37 44.55 0 0.329022 752.58 365.17 38.54 61.39 0 0.328211 702.66 332.39 28.41 40.51 0 0.327594 1840.82 54.32 25.35 24.43 0 0.326858 591.84 325.57 26.08 41.89 0 0.326817 1092.76 664.53 84.24 40.87 1 0.324206 556.42 677.12 21.26 27.96 3 0.319506 553.88 242.74 32.45 51.88 0 0.318296 615.10 209.26 27.21 41.54 0 0.316710 1423.16 50.03 21.50 32.85 0 0.315484 1585.00 879.47 33.81 55.23 0 0.313087 889.17 0.00 28.92 48.11 0 0.301309 1425.43 17.41 26.78 40.02 0 0.290966 743.53 367.30 40.20 59.99 0 0.281860 1787.55 823.33 66.76 35.07 0 0.276511 1888.20 137.24 31.80 35.86 0 0.274856 837.89 0.00 38.09 47.84 0 0.274212 419.72 38.71 27.31 41.18 0 0.274049 1858.72 375.59 47.29 30.93 0 0.273494 561.25 510.80 32.17 50.47 0 0.272410 1468.73 122.10 27.95 42.24 0 0.270138 1408.33 564.75 33.49 25.94 3 0.269061 209.43 578.14 22.53 34.02 3 0.263062 488.17 134.80 34.26 47.57 0 0.262302 644.72 675.11 22.30 27.37 3 0.256137 368.81 163.77 30.44 44.35 0 0.251352 817.80 88.82 24.85 27.05 0
205,0.513353 889.16 27.81 16.08 22.14 3 0.454852 120.58 307.86 32.44 23.89 3 0.325989 238.93 173.48 19.75 16.64 3 0.319785 320.37 498.00 15.80 17.93 3 0.317050 122.55 331.98 28.84 23.59 3 0.308579 142.49 86.58 27.64 24.56 3 0.256847 960.44 346.04 20.47 14.36 3 0.253729 121.67 281.30 32.19 24.43 3
206,0.301218 1415.46 353.53 23.13 32.94 1
207,0.900193 722.39 116.07 130.63 55.98 1 0.836202 752.39 47.57 130.94 52.36 1 0.556007 731.73 54.61 146.61 55.76 1 0.486695 725.37 66.73 148.86 61.86 1 0.449290 50.53 0.00 81.10 32.73 0 0.310379 0.00 0.00 42.64 58.56 0 0.309163 713.62 101.52 152.46 68.80 1 0.251645 41.01 0.00 78.77 27.44 0
208,0.527078 957.42 279.20 21.17 54.55 1 0.446380 1054.44 420.44 16.40 20.06 3 0.410964 1161.51 641.71 23.78 25.10 3 0.407187 972.04 476.71 19.70 19.72 3 0.402134 1235.96 650.94 21.59 28.03 3 0.326357 251.67 592.77 31.80 23.96 3 0.318523 1093.98 659.28 14.41 19.86 2 0.311063 287.76 684.65 22.20 27.48 3 0.307559 253.99 503.36 29.95 23.65 3 0.293410 299.68 676.04 28.50 27.66 3 0.292541 1259.33 682.23 30.78 34.21 3 0.275886 1038.69 473.15 21.66 28.70 3 0.275502 987.96 453.23 18.82 24.20 3 0.253935 693.52 441.57 14.11 20.90 2 0.251506 417.18 622.79 14.18 19.25 2 0.250997 974.20 447.21 22.13 28.30 3
209,0.691496 1276.65 503.82 26.98 50.98 0 0.680361 67.37 788.11 39.48 72.44 0 0.637107 1217.33 513.56 31.77 54.94 0 0.627266 434.56 774.28 41.39 71.80 0 0.596690 491.43 768.74 33.08 64.57 0 0.596015 1010.65 440.50 27.81 42.44 0 0.572507 1246.67 513.90 25.86 51.06 0 0.565066 569.23 773.56 30.28 58.37 0 0.556424 813.81 814.97 67.72 36.35 0 0.523163 605.46 762.86 35.87 64.17 0 0.521357 1028.55 496.23 36.03 54.00 0 0.511416 971.81 388.33 30.83 45.65 0 0.508683 1244.50 609.81 72.20 30.97 0 0.467996 606.57 316.32 57.34 31.93 0 0.430055 1100.11 387.02 29.78 42.06 0 0.414731 1139.77 468.10 30.59 39.57 0 0.399524 78.87 951.96 76.89 33.02 0 0.361990 246.33 528.50 36.00 61.33 0 0.345503 1895.09 43.72 23.91 39.92 0 0.330950 840.40 377.35 56.87 26.87 0 0.310020 933.10 400.36 35.83 31.46 0 0.308899 1017.12 352.04 54.13 24.65 0 0.308661 1063.91 521.34 33.28 47.93 0 0.304049 1445.29 698.74 33.36 64.09 1 0.300354 1127.15 507.11 39.23 58.98 0 0.283010 170.33 783.92 31.32 25.61 3 0.278988 1072.30 388.90 25.85 40.16 0 0.270056 71.96 954.73 71.61 35.90 0 0.267535 837.51 387.27 60.50 32.74 0 0.254653 177.12 781.86 30.38 25.58 3 0.254309 1157.81 506.17 41.95 59.96 0 0.252819 835.55 391.58 58.76 34.91 0
210,0.772970 1127.20 599.20 30.73 66.21 0 0.767980 1868.96 484.07 36.21 64.57 0 0.746308 1298.10 217.24 34.04 78.99 1 0.736770 935.48 388.06 30.44 61.36 0 0.692504 856.97 254.16 28.60 57.95 0 0.670399 548.50 497.04 29.36 56.64 0 0.655614 913.46 178.40 26.16 53.55 0 0.627446 573.25 277.66 29.17 58.93 0 0.621206 881.85 179.40 26.93 52.52 0 0.619085 763.21 262.48 29.96 54.56 0 0.608049 1173.85 682.49 31.21 65.65 0 0.606686 678.98 412.13 29.11 61.30 0 0.604147 541.30 279.61 29.72 58.78 0 0.603786 953.90 249.36 29.69 59.43 0 0.603584 539.25 210.10 31.32 56.03 0 0.601551 1810.63 196.24 35.03 62.94 0 0.600273 1006.85 169.92 25.75 51.03 0 0.597716 1033.04 388.49 28.19 53.93 0 0.597199 1000.69 387.04 27.66 54.09 0 0.594505 1163.53 597.25 30.11 60.04 0 0.593307 796.15 262.72 26.41 52.33 0 0.584179 609.13 274.13 27.50 58.49 0 0.583916 890.93 254.79 28.79 56.37 0 0.577737 605.78 206.90 26.33 53.56 0 0.573907 1012.88 238.70 28.94 53.11 0 0.573066 713.69 408.00 29.84 56.82 0 0.564166 788.88 195.05 28.07 53.08 0 0.559836 645.06 421.13 31.98 58.09 0 0.557211 700.07 264.22 28.82 56.37 0 0.555332 547.78 422.58 29.44 52.50 0 0.549749 637.70 270.66 28.59 59.00 0 0.544827 808.20 403.04 29.36 56.05 0 0.542265 583.53 494.49 28.05 59.33 0 0.528656 1037.15 168.61 25.72 47.62 0 0.528318 1840.16 339.59 36.31 65.74 0 0.524315 1097.59 384.63 26.78 56.05 0 0.518044 619.16 496.91 30.99 63.02 0 0.516624 613.80 421.40 27.88 55.66 0 0.511963 1109.83 228.46 27.78 52.43 0 0.509736 1855.14 414.93 34.87 57.24 0 0.508768 967.28 389.39 28.52 60.96 0 0.505478 743.46 404.54 29.97 53.67 0 0.503122 667.55 268.05 28.72 56.06 0 0.499773 839.36 401.91 30.47 55.30 0 0.498204 676.00 105.72 13.80 25.26 3 0.495443 702.96 104.99 14.71 24.26 3 0.487265 1045.99 235.70 26.15 49.18 0 0.484082 727.06 190.39 31.31 56.19 0 0.460749 775.51 404.37 29.31 54.96 0 0.459746 1079.48 233.97 28.77 52.56 0 0.449559 505.58 120.90 16.08 28.27 3 0.444871 635.11 201.63 26.88 57.00 0 0.439664 582.51 422.15 28.14 53.35 0 0.424440 1292.57 53.72 19.06 28.44 3 0.422735 532.50 119.83 15.63 29.51 3 0.419501 755.94 189.95 28.00 57.03 0 0.403422 1061.18 603.42 33.17 73.77 0 0.380018 874.37 398.25 29.71 59.82 0 0.374817 974.51 183.73 25.10 51.00 0 0.370541 820.57 191.96 24.97 49.30 0 0.354651 1067.55 385.99 27.45 57.58 0 0.347463 827.80 260.77 27.53 53.53 0 0.332545 847.92 189.44 27.07 49.49 0 0.330973 922.97 252.60 30.48 58.28 0 0.326000 1250.76 56.54 16.81 25.12 3 0.325613 1775.43 61.73 30.38 61.40 0 0.311450 1068.82 167.24 26.54 50.93 0 0.306679 731.95 262.74 27.16 58.62 0 0.300606 944.20 182.65 25.64 52.63 0 0.256504 823.30 252.48 27.56 59.22 0
211,0.588059 609.56 480.50 47.16 86.55 3 0.579394 524.43 318.67 77.86 40.99 3 0.483305 1866.02 0.00 53.51 104.55 0 0.471158 511.20 360.45 80.12 43.24 3 0.459171 1114.85 0.00 74.32 128.07 0 0.415032 11.93 880.79 178.72 100.25 0 0.398508 1869.48 20.39 50.32 90.96 0 0.362631 612.62 470.90 42.11 77.93 3 0.274263 1094.14 0.00 84.02 131.07 0
212,0.697787 271.92 399.26 57.54 64.38 0 0.659914 527.85 434.39 50.67 64.03 0 0.644359 482.54 515.05 50.91 65.81 0 0.627730 378.93 280.42 49.24 54.41 0 0.626839 206.59 474.57 60.75 74.44 0 0.609631 460.41 178.12 43.87 46.87 0 0.576054 537.20 87.96 37.84 42.24 0 0.561337 567.14 374.32 48.11 56.04 0 0.560544 430.08 595.31 52.77 64.33 0 0.543505 745.69 82.14 36.70 38.86 0 0.541084 592.06 19.27 36.70 39.00 0 0.467750 697.28 164.21 37.41 44.69 0 0.422181 797.95 13.55 27.70 33.09 0 0.319114 632.00 273.77 40.17 44.12 0 0.304897 433.26 580.96 56.05 77.16 0 0.264957 563.90 55.31 29.32 31.70 0
213,0.541042 1326.98 906.44 29.89 18.14 0 0.405229 1370.44 976.21 35.53 19.91 0 0.374022 1337.29 929.06 32.63 14.90 0 0.354086 1382.13 999.68 31.79 18.53 0 0.319907 1291.74 1035.95 21.40 36.37 0 0.304690 1189.09 932.26 35.66 20.97 0 0.304156 1345.81 944.92 31.93 18.95 0
214,0.636035 12.94 166.06 84.82 67.01 0 0.620092 180.76 166.88 58.42 65.22 0 0.597652 618.57 127.79 28.74 34.05 3 0.587364 647.09 449.43 39.33 25.92 3 0.578823 635.83 97.11 36.41 32.86 3 0.569788 130.91 167.18 58.78 61.35 0 0.564828 633.71 463.64 45.47 30.93 3 0.540391 633.53 486.18 47.82 32.52 3 0.537787 234.81 165.66 55.36 67.01 0 0.489562 287.92 166.74 63.31 66.99 0 0.469186 610.59 521.91 66.58 111.32 0 0.428491 603.06 34.73 78.76 43.85 0 0.425818 1035.51 703.73 51.53 31.00 3 0.413960 606.82 5.03 82.51 41.37 0 0.381512 1036.09 727.66 49.90 31.29 3 0.374983 601.22 42.52 79.79 44.87 0 0.374793 620.09 85.85 44.41 31.97 3 0.350914 618.48 142.96 24.96 33.25 3 0.325619 653.50 444.92 34.61 23.46 3 0.295061 890.21 229.64 21.02 26.34 3 0.282424 640.53 142.51 24.68 34.92 3 0.268481 625.58 92.83 42.21 33.74 3
215,
216,0.522306 953.24 395.55 32.75 55.91 0 0.486307 961.43 513.01 32.97 59.43 0 0.437716 929.40 307.11 28.53 45.96 0 0.294163 943.94 358.43 30.26 40.43 0 0.283897 917.38 255.39 31.09 37.86 0 0.264431 917.99 261.12 30.23 41.35 0 0.251610 958.28 417.23 28.55 45.97 0
217,0.764210 65.72 270.61 32.98 64.81 0 0.658421 160.99 264.51 35.56 65.31 0 0.635898 90.63 40.46 31.23 57.45 0 0.629653 132.60 268.82 34.00 64.66 0 0.619107 167.01 349.37 33.26 64.55 0 0.566520 891.51 204.84 31.45 62.99 0 0.560468 25.49 37.49 29.39 52.04 0 0.516341 0.34 36.70 23.69 59.00 0 0.495213 124.18 41.68 31.27 55.31 0 0.470794 893.33 132.00 32.05 61.45 0 0.467486 879.46 1045.87 24.69 34.13 0 0.464321 892.96 53.13 32.61 69.54 0 0.455362 1081.98 551.62 23.62 43.44 0 0.391827 60.24 37.02 29.75 57.81 0 0.318179 1083.14 539.98 26.30 46.97 0 0.318156 128.54 44.07 31.58 55.22 0 0.308844 890.55 291.64 35.21 73.90 0
218,0.757279 1060.89 399.53 54.95 72.53 0 0.643191 273.71 304.15 32.83 62.75 0 0.597939 1.36 476.50 38.17 79.69 0 0.585794 35.85 179.06 36.72 57.90 0 0.577992 20.86 309.03 37.54 62.80 0 0.576092 55.86 58.88 29.92 51.77 0 0.536152 274.30 645.42 45.32 72.13 0 0.504329 274.85 57.61 30.04 48.33 0 0.475169 274.41 175.75 27.92 46.94 0 0.384827 26.40 245.17 24.66 42.17 0 0.353992 264.73 638.61 49.32 74.41 0 0.252735 0.00 678.65 20.74 41.35 0
219,0.724844 448.26 407.03 198.53 86.88 0 0.615902 1289.54 939.77 149.20 140.23 0 0.525779 805.22 688.90 209.07 110.38 0 0.401701 0.56 467.04 60.10 55.91 0 0.371160 0.00 485.46 74.31 52.50 0 0.370510 481.95 389.97 175.32 107.83 0 0.365916 917.85 776.33 123.79 115.59 0 0.351418 0.50 504.16 91.82 58.79 0 0.328251 1060.88 883.94 152.53 117.33 0 0.322816 1197.03 971.16 199.02 108.84 0 0.282389 0.00 548.06 95.64 60.50 0 0.272796 1226.52 955.91 191.68 124.09 0
220,0.664939 1639.62 340.85 49.51 30.68 0 0.612313 1462.66 509.09 51.85 29.25 0 0.585859 1431.48 181.68 44.96 24.51 0 0.580754 1665.08 472.25 54.77 29.48 0 0.578973 1463.67 536.37 53.29 29.11 0 0.577165 1614.83 522.92 51.89 28.49 0 0.569239 1639.72 297.53 45.98 25.34 0 0.562369 1683.88 501.05 52.49 26.26 0 0.541989 1451.00 374.54 49.78 27.72 0 0.541362 1444.27 306.81 49.92 26.41 0 0.540173 1462.13 483.55 52.17 29.47 0 0.529491 1610.70 181.87 49.73 25.88 0 0.529139 1182.59 547.27 53.45 25.04 0 0.528069 1442.75 280.28 51.07 26.85 0 0.521249 1249.93 473.87 58.85 27.90 0 0.502425 1648.83 377.32 47.98 28.70 0 0.497220 1553.51 225.28 53.82 26.20 0 0.494118 1573.71 350.58 56.15 29.48 0 0.489771 1456.84 413.54 53.44 28.16 0 0.489653 1621.29 231.26 49.17 28.70 0 0.489276 1665.17 405.25 46.70 26.24 0 0.473939 1447.12 331.15 49.65 25.33 0 0.471855 1461.43 437.52 49.77 27.35 0 0.465258 1665.53 450.22 53.87 29.62 0 0.464897 1563.11 257.15 49.34 24.58 0 0.464279 1547.50 180.38 51.38 26.09 0 0.461320 1687.41 522.07 52.51 28.99 0 0.459199 1571.37 329.79 56.40 27.79 0 0.457811 1691.86 549.17 56.82 31.02 0 0.455946 1570.38 274.55 49.76 26.61 0 0.454631 1549.81 203.02 52.22 23.86 0 0.453813 1609.57 498.69 53.61 29.42 0 0.442587 1582.86 380.92 55.24 27.27 0 0.441524 1368.01 186.84 48.50 22.85 0 0.440895 1429.92 210.36 48.48 25.36 0 0.433957 1641.01 318.39 46.80 26.02 0 0.433255 1430.13 225.20 51.53 27.09 0 0.430369 1570.91 296.19 50.33 27.71 0 0.429732 1436.45 252.10 49.72 25.90 0 0.429487 1666.76 425.54 50.66 28.10 0 0.422464 1586.05 426.63 62.88 30.68 0 0.413352 1370.45 182.35 45.11 21.92 0 0.400792 1554.02 232.15 52.79 27.15 0 0.398911 1624.00 577.00 57.18 30.21 0 0.396117 1590.15 449.99 59.05 28.34 0 0.392831 1257.91 525.04 53.05 26.75 0 0.392631 1449.06 350.89 51.04 26.14 0 0.363808 1265.44 554.03 58.94 29.52 0 0.359709 1587.38 405.29 55.78 28.50 0 0.342851 1462.00 460.94 50.68 27.94 0 0.342264 1610.14 517.35 57.86 31.96 0 0.326553 1432.44 229.34 49.31 27.95 0 0.325328 1877.63 786.68 32.43 20.35 3 0.323592 1561.63 249.30 53.38 25.87 0 0.314629 1675.69 493.35 57.45 30.16 0 0.293336 1437.72 247.51 51.77 25.59 0 0.291972 1715.48 181.37 27.50 19.87 3 0.272949 1563.74 270.98 53.64 26.42 0 0.266883 1369.21 206.13 46.23 20.38 0 0.261477 1264.69 546.49 55.15 30.34 0 0.259952 1607.62 549.33 59.52 30.04 0 0.254091 1363.11 208.86 47.72 22.11 0 0.252474 1583.71 400.69 61.97 29.96 0
221,0.691729 1249.98 745.11 25.52 51.97 0 0.672254 1023.88 750.59 27.54 54.98 0 0.666210 1057.44 745.87 27.35 59.06 0 0.652841 1216.47 745.62 25.95 53.85 0 0.631782 500.22 463.93 26.37 51.70 0 0.620683 1154.63 742.59 26.83 53.73 0 0.616220 445.93 589.59 30.47 56.90 0 0.612896 1075.41 342.45 48.29 58.44 0 0.610260 1183.72 742.43 25.69 53.61 0 0.604089 1148.73 661.26 26.33 61.22 0 0.598190 534.08 458.32 26.57 53.72 0 0.595591 481.75 590.46 26.79 56.75 0 0.572843 1247.74 660.86 25.46 58.90 0 0.572780 1269.50 965.32 56.24 29.23 0 0.561391 1057.63 669.65 25.57 57.76 0 0.560314 1180.35 665.82 24.86 52.97 0 0.559522 1325.88 740.65 25.49 53.43 0 0.559072 360.27 780.33 30.09 57.46 0 0.556964 1248.16 859.53 27.32 55.36 0 0.556587 406.29 464.52 27.56 50.63 0 0.542543 766.91 946.92 53.11 29.53 0 0.538095 1023.19 670.20 26.63 57.01 0 0.534249 1077.58 545.65 28.30 55.24 0 0.527328 1278.14 860.50 26.45 55.33 0 0.523802 1092.18 745.51 27.42 59.53 0 0.509084 421.65 781.04 32.54 53.23 0 0.496915 621.76 576.39 29.50 65.41 0 0.493539 991.31 665.24 25.63 52.81 0 0.472961 1215.15 661.01 25.85 54.82 0 0.470136 1284.16 1006.47 60.68 28.84 0 0.468967 893.45 674.63 27.75 56.46 0 0.466495 347.94 339.84 30.25 58.94 0 0.458820 959.31 668.12 26.97 54.16 0 0.449013 464.13 460.06 28.55 52.90 0 0.443849 921.97 367.02 44.64 53.90 0 0.441510 1289.10 741.43 27.57 53.28 0 0.433951 323.77 783.59 31.64 60.63 0 0.423145 872.08 755.46 27.79 58.71 0 0.418651 914.52 298.70 31.04 58.65 0 0.411810 1211.95 858.39 28.69 54.37 0 0.411559 779.30 1018.58 55.49 30.05 0 0.406311 440.41 587.85 31.45 60.19 0 0.399738 1284.11 662.51 25.94 55.00 0 0.353025 926.65 669.89 25.68 55.29 0 0.352036 1117.81 662.62 27.82 57.54 0 0.326474 1122.79 867.14 59.88 27.76 0 0.306740 783.72 984.30 55.11 31.40 0 0.298981 392.96 779.34 29.27 54.53 0 0.298337 1055.29 859.53 57.79 29.19 0 0.281599 403.01 360.68 27.54 37.65 0 0.276154 837.81 772.71 26.57 45.96 0 0.265398 537.68 458.93 28.57 56.67 0
222,0.554917 876.76 797.71 48.53 90.43 0 0.431271 947.14 133.60 36.27 21.72 0 0.290656 992.51 164.93 28.52 35.73 0
223,0.683926 946.61 412.89 221.71 85.04 0 0.672575 1188.77 416.39 167.13 68.71 0 0.664318 1391.18 404.55 194.28 75.66 0 0.553141 1752.45 379.62 163.87 78.83 0 0.426119 614.73 404.46 257.25 122.76 1 0.380847 276.81 450.26 285.53 101.85 0
224,0.767507 1372.81 248.76 23.48 49.21 1 0.682729 1796.75 171.49 24.79 38.75 0 0.672861 1675.19 302.91 26.64 45.00 0 0.653579 1682.39 257.22 24.25 35.48 0 0.646978 1867.53 166.71 24.39 40.64 0 0.644868 1729.04 308.29 26.83 43.66 0 0.583730 928.31 878.32 34.00 64.13 0 0.580309 1584.42 262.49 22.95 40.52 0 0.575462 1754.64 304.28 28.50 45.25 0 0.569198 1464.49 54.65 26.11 37.30 0 0.559649 1841.92 168.80 24.15 38.28 0 0.554301 1748.84 169.67 23.07 37.90 0 0.552115 1820.68 172.25 23.01 37.54 0 0.542036 1623.57 171.64 23.92 38.02 0 0.539151 1529.09 47.94 22.13 39.90 0 0.538539 1707.85 258.89 23.83 32.99 0 0.538484 1704.19 308.72 25.38 44.06 0 0.537043 1770.11 167.85 23.63 37.47 0 0.536594 1605.95 262.79 25.77 41.77 0 0.535476 1602.54 170.89 21.74 37.84 0 0.531637 1623.99 306.60 26.24 46.05 0 0.529832 1656.02 257.88 26.07 37.69 0 0.528613 1025.73 492.98 48.52 25.98 0 0.520462 1032.61 446.61 41.50 23.20 0 0.500062 1598.67 310.61 25.89 44.30 0 0.497046 953.63 256.76 21.95 36.36 0 0.486354 1489.15 52.66 20.34 34.87 0 0.485290 1838.31 263.08 25.10 41.60 0 0.483158 1029.82 1042.80 66.69 36.35 0 0.480987 1551.45 169.54 23.79 39.17 0 0.476758 1864.32 260.21 24.89 43.45 0 0.476670 1694.37 168.54 26.16 38.62 0 0.472796 1577.14 170.06 23.39 38.73 0 0.471294 1650.74 298.84 27.13 43.82 0 0.465835 1720.86 171.10 24.54 38.93 0 0.458660 1527.47 168.64 24.64 38.37 0 0.429271 1554.47 263.13 22.02 40.64 0 0.421652 944.48 462.46 25.30 51.74 0 0.416656 1893.44 164.67 24.36 42.07 0 0.402288 1033.04 470.83 43.00 22.93 0 0.400993 1839.24 305.77 29.17 42.61 0 0.396779 1817.82 258.15 25.63 37.26 0 0.395857 1890.26 255.73 25.43 46.29 0 0.394506 954.57 143.74 25.24 57.01 0 0.393857 1568.22 309.19 27.97 43.88 0 0.388784 1804.07 302.55 30.13 44.73 0 0.388291 1897.16 125.58 21.87 37.50 0 0.371300 1530.10 262.93 24.38 40.04 0 0.369407 1783.00 253.32 25.39 38.48 0 0.360772 949.63 354.39 24.64 43.28 0 0.359366 1572.59 310.21 28.09 43.85 0 0.358405 1733.82 258.35 23.72 33.51 0 0.347036 1174.39 985.99 28.92 33.92 0 0.346154 1840.30 259.54 25.58 40.25 0 0.339760 955.97 81.42 22.62 44.49 0 0.328780 956.10 123.40 24.68 59.49 0 0.323876 1868.10 123.42 24.58 38.16 0 0.308643 1865.20 256.43 26.18 40.13 0 0.307878 1732.58 260.44 26.64 38.43 0 0.299116 1647.81 171.97 25.48 36.97 0 0.298374 1602.81 305.09 25.98 47.71 0 0.294327 1029.01 829.68 55.47 31.99 0 0.287753 1027.31 519.39 48.59 23.49 0 0.274693 1197.11 1013.39 46.94 32.84 0 0.270910 1793.04 256.18 26.07 37.01 0 0.263691 1781.82 258.73 27.31 39.66 0 0.261686 1742.04 259.49 29.33 40.84 0 0.259933 1205.30 1017.85 50.82 30.15 0
225,0.725743 690.82 360.27 68.06 158.14 1 0.665315 987.00 406.23 33.47 62.99 0 0.630985 745.88 254.74 27.56 56.27 0 0.600511 834.00 250.58 31.71 56.42 0 0.599205 444.71 810.15 33.05 63.07 0 0.598716 1167.73 408.57 32.96 59.99 0 0.585266 745.58 195.43 28.44 54.40 0 0.574579 680.59 378.70 72.45 151.80 1 0.535539 65.47 768.21 32.33 53.59 0 0.528946 297.28 686.35 63.52 36.85 0 0.522526 987.59 741.90 33.50 64.08 0 0.514773 1023.77 402.93 32.68 61.35 0 0.508769 838.71 190.53 31.49 56.41 0 0.502578 1196.16 409.54 30.72 56.38 0 0.493088 112.98 599.77 58.18 28.31 0 0.490157 1019.80 741.67 35.82 65.40 0 0.474218 23.51 922.81 40.85 66.65 0 0.463985 326.90 812.54 32.19 59.98 0 0.463309 809.88 193.75 28.96 54.53 0 0.453212 672.82 707.63 59.48 26.25 0 0.452326 586.96 710.35 62.42 28.33 0 0.437282 440.90 805.67 32.24 70.76 0 0.432971 449.85 691.43 71.60 29.96 0 0.431476 298.07 809.65 34.10 61.94 0 0.425719 1050.34 742.49 34.32 60.46 0 0.402803 1109.12 413.54 32.62 58.08 0 0.384008 0.00 901.34 27.52 63.58 0 0.378110 745.77 239.80 28.63 64.45 0 0.355789 1172.69 651.88 63.06 32.18 0 0.353284 93.71 767.24 29.69 47.76 0 0.352922 286.59 556.99 75.19 26.02 0 0.329675 141.30 679.54 44.80 25.08 0 0.323246 773.81 252.13 29.18 56.04 0 0.308400 1172.14 648.75 70.53 41.42 0 0.305009 165.14 600.54 35.11 27.26 0 0.303214 0.00 906.76 36.44 71.76 0 0.285957 305.58 690.74 57.16 39.07 0 0.278808 633.34 350.68 54.18 30.37 0 0.276718 362.18 816.52 34.02 58.75 0 0.276225 779.70 193.24 29.60 58.49 0 0.268066 960.19 743.88 27.44 59.87 0 0.267852 260.13 685.56 33.07 33.54 0 0.266651 991.68 399.21 36.27 65.86 0 0.263954 384.41 696.59 33.35 30.25 3 0.261647 180.68 681.30 36.21 26.65 0 0.256967 778.65 252.77 31.13 55.63 0
226,0.579241 1333.21 561.52 54.90 23.96 0 0.552802 723.38 518.31 49.35 21.33 0 0.462879 922.26 532.98 55.65 23.32 0 0.457977 1260.64 556.58 58.65 25.70 0 0.448346 994.33 538.97 48.50 22.15 0 0.440062 1191.73 552.53 54.82 26.95 0 0.427647 1058.91 543.46 49.00 21.88 0 0.398667 1124.79 544.74 54.42 27.19 0 0.333944 606.71 518.02 38.31 17.92 0
227,0.740284 982.14 137.38 28.82 51.76 0 0.387623 1053.14 233.08 39.88 31.51 0 0.303125 706.72 579.77 46.61 29.72 0
228,0.547932 1023.10 443.02 249.42 113.38 0 0.512267 1361.60 463.70 201.47 89.30 0 0.436015 496.43 405.56 266.94 151.70 1 0.373703 500.25 419.29 235.77 131.67 0 0.322892 2.52 460.69 270.75 101.21 0 0.303835 509.69 407.06 199.51 95.36 0 0.259921 1687.32 461.73 205.99 91.27 0
229,0.438720 923.76 500.20 39.26 29.43 1 0.396697 722.81 712.47 49.56 29.61 0 0.383197 621.84 761.52 48.67 28.96 0 0.377685 778.94 680.96 45.22 29.59 0 0.373476 425.12 800.30 48.66 30.49 0 0.316635 668.72 740.07 47.60 28.93 0 0.306288 814.51 658.35 48.71 33.89 0 0.291468 664.44 744.73 46.36 29.54 0 0.257551 673.41 735.95 43.12 29.42 0
230,0.270401 1002.70 452.26 29.38 17.37 0 0.256051 918.12 475.15 33.88 17.11 0
231,0.796407 580.97 355.85 122.34 52.32 0 0.690853 876.71 45.31 108.85 55.01 0 0.675833 585.52 658.65 125.19 64.81 0 0.653686 578.38 729.96 127.26 69.82 0 0.650768 1058.31 435.08 114.84 57.30 0 0.645759 584.86 527.27 127.58 59.58 0 0.616132 581.86 172.45 122.89 57.61 0 0.614256 882.84 386.94 109.14 60.25 0 0.606354 92.41 835.54 131.31 59.63 0 0.603389 886.24 99.38 106.23 55.52 0 0.600958 1033.77 143.76 101.99 51.15 0 0.595067 879.74 269.46 115.12 60.95 0 0.593138 883.29 452.58 125.11 62.12 0 0.590941 1039.95 495.89 117.79 58.66 0 0.586318 595.28 118.42 113.03 52.61 0 0.583109 594.96 74.36 114.03 54.05 0 0.572415 588.20 472.67 121.56 60.39 0 0.568320 1072.41 753.08 105.84 56.49 0 0.566592 885.07 326.50 114.69 58.76 0 0.557783 586.82 289.92 122.12 59.25 0 0.550849 871.21 0.00 112.00 44.48 0 0.549879 588.00 13.17 113.07 61.90 0 0.545827 878.57 212.27 113.13 59.02 0 0.540410 1072.91 618.58 98.72 55.64 0 0.526658 1058.96 376.04 103.07 55.50 0 0.523415 881.77 511.95 124.70 66.68 0 0.515372 1024.02 309.62 120.26 59.92 0 0.512821 1031.22 91.44 107.50 56.14 0 0.506607 1036.25 552.44 106.08 52.57 0 0.504426 108.89 702.08 120.38 61.11 0 0.498492 930.36 843.96 119.59 60.53 0 0.483933 593.61 231.90 106.15 58.09 0 0.480675 1076.51 688.70 107.73 56.86 0 0.479278 1020.92 255.30 116.76 61.11 0 0.473103 1019.36 202.79 112.94 60.80 0 0.469049 925.77 699.99 100.19 55.74 0 0.465926 875.73 154.41 111.14 59.68 0 0.464298 575.14 797.03 129.09 56.61 0 0.464185 594.18 592.63 125.46 62.75 0 0.459080 1257.16 7.63 52.67 29.49 3 0.452225 1267.26 40.90 45.86 28.11 3 0.443946 0.00 917.83 40.78 56.25 0 0.419874 97.92 902.39 135.82 61.95 0 0.418615 913.65 771.44 117.13 55.29 0 0.402687 918.38 634.66 110.40 57.76 0 0.333717 92.13 697.14 91.24 61.47 0 0.332070 582.47 0.00 120.83 45.79 0 0.301348 1020.32 243.35 109.76 63.67 0 0.294738 1271.11 74.12 52.08 29.33 3 0.286508 1119.82 618.04 77.70 57.81 0 0.281635 585.85 5.22 109.47 58.68 0 0.252599 590.13 0.00 107.15 30.12 0
232,0.776887 977.87 765.72 29.90 59.01 0 0.696273 793.37 342.00 22.61 42.24 0 0.691732 971.82 685.01 32.21 57.60 0 0.690757 872.55 387.89 22.60 45.99 0 0.670344 484.86 401.08 26.25 49.15 0 0.663366 940.40 687.92 29.57 60.53 0 0.652121 1607.45 499.89 32.53 58.73 0 0.651420 880.39 690.76 30.53 58.18 0 0.648741 957.96 385.85 23.44 45.28 0 0.644724 1575.47 394.95 29.42 51.00 0 0.644720 496.71 515.58 25.60 46.27 0 0.639199 651.18 399.92 23.92 44.05 0 0.637969 627.40 398.02 21.87 41.12 0 0.632841 1643.75 628.88 31.74 57.79 0 0.630886 427.98 571.61 26.92 48.38 0 0.618965 820.94 393.08 21.65 47.40 0 0.615185 845.87 345.02 22.53 43.17 0 0.596680 907.60 504.84 23.84 48.16 0 0.587839 817.86 503.28 25.16 49.16 0 0.575406 819.59 345.16 20.89 41.03 0 0.568699 1520.50 194.53 22.33 43.31 0 0.559102 794.03 396.68 22.23 48.79 0 0.557709 1426.76 220.90 46.09 22.92 0 0.556244 845.13 503.95 24.52 45.53 0 0.553077 527.10 515.61 26.16 46.78 0 0.548082 936.87 504.97 23.03 46.48 0 0.542014 642.15 506.29 26.37 48.35 0 0.541345 764.74 340.05 22.70 42.06 0 0.538554 673.19 505.57 26.53 48.54 0 0.533969 787.86 502.80 26.06 51.11 0 0.533121 458.76 403.89 25.24 46.03 0 0.530399 596.13 395.85 26.00 45.10 0 0.520936 456.64 571.76 26.85 51.11 0 0.514039 478.67 277.70 16.79 23.83 3 0.511790 762.56 391.79 24.25 49.22 0 0.508500 547.21 350.03 25.02 40.27 0 0.495750 700.18 505.23 27.68 47.74 0 0.488134 464.44 348.66 28.58 41.85 0 0.481156 556.63 510.60 26.37 45.18 0 0.479029 522.21 349.45 23.74 40.37 0 0.472823 734.50 388.04 24.60 50.04 0 0.471354 872.19 336.90 22.23 43.39 0 0.468219 1421.29 184.37 43.73 23.50 0 0.467894 679.79 396.90 23.90 46.63 0 0.465662 628.92 279.89 15.21 20.22 3 0.462229 438.55 514.80 25.47 43.95 0 0.453887 654.68 396.53 22.47 42.00 0 0.452579 1105.46 81.87 33.74 47.88 0 0.450957 553.89 510.24 24.68 49.98 0 0.439792 1625.44 564.01 31.66 55.62 0 0.421686 1123.10 382.90 27.91 72.84 1 0.409480 656.94 343.61 23.22 40.76 0 0.405701 877.08 503.89 25.14 48.69 0 0.400475 1547.97 295.64 29.81 43.30 0 0.400129 602.88 280.61 13.45 19.78 3 0.397163 568.68 397.83 24.26 42.09 0 0.391321 731.78 506.28 26.93 51.94 0 0.388243 631.92 344.95 22.85 40.03 0 0.382823 613.45 503.22 25.49 48.71 0 0.376941 584.50 505.87 26.13 47.36 0 0.372671 463.22 515.27 23.98 42.26 0 0.367945 901.10 389.12 25.04 43.28 0 0.351535 930.45 389.53 23.37 46.42 0 0.345091 488.55 577.73 27.67 51.09 0 0.335844 516.47 402.84 26.53 46.26 0 0.327301 542.37 403.26 24.15 42.38 0 0.324331 460.15 281.83 15.16 23.25 3 0.302796 470.14 516.32 24.89 41.63 0 0.291737 812.44 504.16 25.99 53.85 0 0.264365 735.63 346.17 23.46 42.22 0 0.261309 928.29 342.80 21.98 38.58 0 0.259334 681.46 347.14 24.19 39.78 0
233,0.624057 864.63 591.48 46.39 50.31 1 0.547892 434.34 705.36 24.74 28.83 0 0.537505 694.72 734.25 24.39 32.91 0 0.517816 581.59 661.55 24.39 19.71 0 0.466794 497.37 713.89 25.85 23.18 0 0.426977 405.49 703.87 28.85 29.01 0 0.407829 483.73 711.44 25.84 24.53 0 0.403498 618.59 661.12 25.61 19.91 0 0.383377 395.03 615.96 31.56 22.56 0 0.376356 547.06 653.53 25.91 22.47 0 0.356394 613.57 733.66 28.82 28.11 0 0.344651 1129.96 636.09 19.73 18.59 0 0.293666 692.06 738.73 25.08 32.61 0 0.292123 605.09 733.96 27.51 24.99 0 0.291710 361.08 694.92 33.96 29.92 0 0.281515 652.03 659.85 27.59 20.21 0 0.275099 914.01 562.54 24.82 25.76 0 0.274764 941.28 565.95 19.65 23.05 0
234,0.666729 1626.67 434.52 35.89 49.65 0 0.608752 872.90 849.33 47.68 28.46 0 0.588560 1543.54 404.83 36.56 45.96 0 0.582200 883.08 914.56 54.70 29.45 0 0.578783 1429.01 499.53 33.81 52.97 0 0.572408 1410.89 325.50 30.39 41.17 0 0.569710 687.52 495.51 30.11 50.04 0 0.566924 1503.66 471.20 35.08 51.18 0 0.559342 1399.45 503.83 37.84 52.51 0 0.556063 1596.80 386.17 33.19 45.85 0 0.553203 713.51 619.49 29.17 49.46 0 0.546121 1532.06 472.80 31.80 47.29 0 0.543079 1819.00 384.06 40.04 46.71 0 0.522892 1359.44 336.48 28.11 43.92 0 0.519632 1547.96 284.41 29.35 46.90 0 0.515028 1576.48 283.86 29.30 44.51 0 0.514728 1691.44 360.01 34.24 47.23 0 0.509116 1503.76 298.54 31.52 44.11 0 0.500931 1434.95 320.65 31.38 42.46 0 0.489300 1652.97 212.89 27.35 39.37 0 0.488306 1558.01 465.52 33.57 51.28 0 0.482862 1525.81 407.72 35.57 45.16 0 0.479482 1475.60 301.56 32.30 43.30 0 0.479376 1362.91 452.80 33.52 46.97 0 0.474976 1767.94 397.37 44.90 52.24 0 0.474458 1668.55 258.90 27.02 40.19 0 0.473608 1474.91 474.45 37.67 53.53 0 0.472011 1182.52 483.30 30.26 63.05 1 0.468309 1621.35 386.85 34.77 45.16 0 0.468228 1762.54 339.34 38.04 45.23 0 0.463691 667.04 396.33 25.17 41.47 0 0.462874 1204.70 220.32 33.23 41.45 0 0.459082 1714.44 354.27 35.51 47.98 0 0.453800 1332.67 341.59 27.45 43.90 0 0.453666 1579.21 451.43 35.86 50.49 0 0.445891 1454.50 491.76 36.08 55.59 0 0.437800 674.81 435.37 31.17 58.25 0 0.435107 1399.78 445.34 36.72 51.09 0 0.429788 1275.61 199.64 26.43 40.87 0 0.407866 742.52 748.94 31.32 53.72 0 0.406956 1778.96 338.50 37.18 43.55 0 0.406418 1677.09 203.86 30.47 39.56 0 0.405732 1213.83 221.37 33.96 40.93 0 0.404884 1527.80 288.89 29.96 45.94 0 0.404335 1179.09 180.55 28.96 29.06 0 0.403754 1420.39 441.46 37.38 52.07 0 0.403249 1748.99 401.71 39.15 50.59 0 0.402182 771.27 895.57 30.44 73.78 0 0.399948 1311.55 347.27 29.35 42.19 0 0.393207 1623.43 264.81 29.11 41.46 0 0.392344 1647.13 261.65 27.87 41.69 0 0.390285 879.18 879.62 50.68 29.25 0 0.381151 1608.83 274.37 27.67 40.48 0 0.381035 1345.73 458.33 31.78 48.39 0 0.378105 657.40 568.18 38.43 29.64 0 0.373263 1466.40 422.49 41.19 48.14 0 0.371856 1744.56 344.50 35.22 45.07 0 0.369691 1621.34 209.13 28.67 35.94 0 0.367897 1478.65 416.92 37.29 46.02 0 0.366826 1385.57 332.09 26.50 43.12 0 0.365761 1718.96 352.19 36.72 45.71 0 0.359507 1736.36 347.76 36.43 48.19 0 0.359402 1550.94 400.75 34.65 45.85 0 0.350445 1664.16 430.30 33.09 49.39 0 0.345598 1433.79 497.39 36.80 54.67 0 0.340600 1642.28 384.09 32.97 41.87 0 0.336797 888.98 946.92 57.27 28.82 0 0.332963 1603.65 281.38 26.58 38.99 0 0.331633 1462.02 420.69 38.49 45.42 0 0.327905 1460.50 427.61 42.83 51.35 0 0.321557 1676.43 365.94 34.47 44.34 0 0.319438 1396.05 448.75 31.66 47.61 0 0.315471 1624.50 212.18 29.16 40.24 0 0.315163 1579.51 391.43 32.15 45.38 0 0.310320 1232.76 214.50 29.92 41.92 0 0.310102 1407.97 443.05 33.57 44.74 0 0.304555 1652.28 255.39 28.48 42.94 0 0.293560 777.20 907.61 31.33 68.04 0 0.292806 1695.78 356.79 39.06 48.57 0 0.279347 1495.10 415.70 38.45 49.01 0 0.277751 463.50 293.88 21.00 35.81 0 0.271435 1630.03 261.22 31.60 40.54 0 0.270884 1501.71 413.06 35.46 47.20 0 0.263507 443.65 19.60 33.06 59.89 1 0.261797 1701.42 249.50 29.02 40.74 0 0.254321 1305.44 344.84 32.40 45.31 0 0.254135 680.86 492.29 33.30 55.13 0
235,0.356894 923.95 929.87 53.09 104.13 0 0.256897 924.70 921.36 48.23 92.62 0
236,0.523022 1136.88 433.38 268.11 114.37 0 0.349581 1782.03 467.39 137.26 84.03 0 0.331399 471.59 431.10 247.54 124.30 0 0.328700 835.73 446.36 248.87 104.66 0 0.287542 428.43 438.60 256.15 105.15 0 0.278180 0.00 460.50 235.93 108.67 0
237,0.717015 618.60 650.29 65.24 39.90 0 0.706566 730.08 748.60 72.31 39.29 0 0.705135 874.33 420.10 66.93 36.26 0 0.696884 636.89 840.72 76.23 41.87 0 0.656666 1209.63 292.61 62.79 32.51 0 0.655634 738.82 904.40 83.72 44.25 0 0.652369 598.68 504.79 65.42 39.60 0 0.635557 916.06 793.91 72.73 39.93 0 0.632735 881.70 528.07 72.54 41.57 0 0.631554 879.12 459.61 64.99 36.46 0 0.622821 945.11 915.53 75.44 41.04 0 0.617041 708.86 558.05 71.87 36.32 0 0.613797 619.35 574.57 67.33 40.36 0 0.609402 760.13 985.09 80.77 44.44 0 0.608634 1140.68 405.74 68.62 37.44 0 0.603530 665.43 1006.63 70.85 39.51 0 0.588752 1116.53 345.46 74.47 35.76 0 0.585102 596.83 466.67 66.73 37.26 0 0.575550 656.21 963.59 74.13 43.39 0 0.562209 915.78 751.55 75.67 40.51 0 0.560160 715.13 669.00 73.47 39.78 0 0.559399 717.94 630.02 67.64 38.82 0 0.557632 932.47 868.80 76.31 42.44 0 0.544340 735.98 866.09 78.61 43.59 0 0.543643 634.75 806.39 68.49 36.46 0 0.539199 731.19 823.82 71.01 41.10 0 0.536537 690.57 488.57 68.59 34.31 0 0.534959 910.22 711.20 74.33 43.95 0 0.532427 876.93 494.94 66.59 37.57 0 0.528770 875.63 387.27 64.26 39.37 0 0.520944 636.87 725.49 70.02 37.73 0 0.519190 725.87 709.35 72.08 37.43 0 0.509943 614.73 611.53 66.80 36.88 0 0.501869 641.09 761.01 71.73 43.78 0 0.493153 620.62 539.28 71.66 38.93 0 0.490999 732.08 782.54 70.63 38.01 0 0.489672 685.61 415.06 70.97 38.15 0 0.482641 906.95 637.83 70.33 39.27 0 0.480345 597.88 430.97 66.85 36.92 0 0.478421 450.86 201.71 37.53 24.57 3 0.477393 690.92 450.19 58.37 36.64 0 0.472745 1045.72 976.15 79.76 43.47 0 0.470456 922.03 831.37 69.47 35.75 0 0.470280 670.47 380.17 73.11 38.13 0 0.466819 759.57 1029.49 82.78 43.23 0 0.462680 954.79 1036.48 72.56 39.71 0 0.451868 1048.16 930.42 72.97 41.59 0 0.442563 902.79 675.47 75.19 41.92 0 0.433768 948.69 953.04 74.69 36.17 0 0.427751 953.86 994.82 69.90 39.90 0 0.420775 709.98 593.44 71.87 34.42 0 0.417022 1109.87 306.93 75.27 37.63 0 0.405239 631.04 689.43 70.19 38.87 0 0.399045 891.50 562.51 69.79 39.08 0 0.387373 1404.57 818.79 65.92 30.59 0 0.384163 754.05 944.41 70.02 40.21 0 0.375069 666.72 164.14 95.02 40.22 1 0.364305 741.48 778.16 71.30 43.07 0 0.350923 1056.17 1021.37 74.56 35.07 0 0.335770 679.24 378.10 66.56 34.05 0 0.321552 648.03 758.45 68.15 39.32 0 0.315883 761.70 1023.23 81.58 41.13 0 0.298713 880.35 504.03 69.00 45.27 0 0.277280 597.25 473.69 64.58 44.16 0 0.266189 605.98 499.03 63.74 37.73 0 0.265161 627.02 571.91 68.59 39.50 0 0.263362 875.17 431.57 66.34 43.62 0 0.261629 526.44 943.75 24.48 34.51 3 0.256765 664.40 1000.43 79.07 40.67 0 0.254752 525.58 953.77 25.25 34.21 3 0.250041 741.13 895.91 78.89 43.87 0
238,0.529460 998.50 0.00 30.24 38.04 0 0.462629 1095.61 65.13 27.18 39.55 0 0.459079 915.37 58.17 57.52 28.98 1 0.438707 1066.07 42.12 29.29 49.77 0 0.399326 253.98 557.32 14.06 20.07 2 0.315347 399.37 165.01 64.10 38.58 0 0.310396 832.10 681.47 20.30 23.77 2 0.302669 703.87 374.98 12.61 17.45 2 0.268447 498.44 285.79 18.78 26.00 3
239,0.786448 888.15 355.62 45.92 83.45 1 0.736221 698.82 552.01 23.63 39.91 0 0.576505 357.32 510.76 27.25 34.20 0 0.479282 604.87 544.79 26.74 41.42 0 0.477871 1204.18 408.05 18.79 27.77 0 0.444855 180.59 565.55 42.38 32.21 0 0.429605 474.67 526.66 25.14 31.99 0 0.414609 979.74 335.37 22.98 31.15 0 0.414089 399.97 514.53 26.61 31.76 0 0.405941 522.42 448.28 31.07 22.21 0 0.381603 962.82 318.00 21.22 27.40 0 0.377920 1072.97 396.98 25.81 30.61 0 0.377765 384.35 513.69 22.73 31.48 0 0.363839 882.84 361.54 42.84 79.19 1 0.359226 404.12 585.55 30.72 26.18 0 0.359092 723.66 462.14 39.92 24.95 0 0.357320 313.58 504.09 33.44 34.90 0 0.346839 558.28 449.32 27.58 22.82 0 0.345044 1207.95 403.26 20.44 27.76 0 0.327064 978.97 329.08 23.66 31.29 0 0.317324 1145.57 409.30 21.19 25.65 0 0.312076 456.33 523.11 24.02 28.53 0 0.311496 626.99 553.02 22.60 35.74 0 0.284229 1184.26 405.06 21.88 27.26 0 0.278000 685.35 442.99 31.69 23.29 0 0.270277 565.43 450.29 30.13 23.61 0 0.250681 472.47 443.69 30.90 18.02 0
240,0.633543 789.88 747.75 34.46 66.99 0 0.488243 799.47 540.04 30.18 55.74 0 0.486018 818.56 211.52 24.09 48.35 0
241,0.624838 1089.58 421.64 197.80 107.41 0 0.599315 565.02 572.13 147.51 166.23 0 0.560005 720.90 594.51 126.89 115.06 0 0.550435 1886.12 571.87 33.05 40.91 3 0.448551 682.63 596.59 159.79 125.00 0 0.391216 452.46 545.11 148.76 106.17 0 0.323749 445.52 574.32 132.58 93.64 0 0.292254 1497.48 342.29 149.02 99.85 0
242,
243,0.580773 1149.50 180.15 27.91 37.31 0 0.518934 1167.13 349.42 29.65 43.98 0 0.447753 456.34 716.96 55.12 64.79 1 0.445849 1162.91 217.70 27.24 39.00 0 0.427829 1167.03 256.75 27.91 45.40 0 0.350573 1139.99 139.50 28.84 37.91 0 0.337939 166.00 973.75 59.12 67.57 0 0.294734 1134.29 122.88 30.39 39.33 0
244,0.623864 849.02 905.12 42.89 74.06 0 0.411982 910.20 111.99 31.48 55.81 0 0.347794 845.85 903.03 46.24 79.08 1 0.321322 496.59 803.77 27.74 37.97 0 0.267724 496.05 810.03 27.49 38.03 0
245,0.787546 1422.54 651.48 52.65 31.61 3 0.738418 695.99 501.63 116.87 66.88 0 0.714005 694.85 122.52 119.42 65.77 0 0.699905 574.81 740.47 129.10 67.66 0 0.699447 1021.99 479.07 117.74 69.98 0 0.698658 1505.89 354.07 54.02 27.72 3 0.689486 1037.08 429.06 124.92 62.76 0 0.688827 1184.46 464.10 117.54 71.74 0 0.680785 1199.20 413.55 116.97 68.94 0 0.675555 988.61 596.86 109.16 67.12 0 0.675184 1074.98 310.77 117.54 67.21 0 0.673613 1519.00 322.11 52.41 30.12 3 0.668723 629.11 220.46 99.78 63.80 0 0.668361 1120.81 711.21 110.45 62.41 0 0.654907 655.84 552.92 128.99 71.45 0 0.636874 531.77 866.33 118.24 68.51 0 0.632150 1096.04 260.31 115.54 60.86 0 0.628186 826.29 170.95 105.53 60.45 0 0.623002 925.88 716.25 125.86 65.55 0 0.617324 638.41 620.86 115.59 66.66 0 0.616071 604.01 674.75 129.71 71.31 0 0.607767 997.40 532.03 122.91 74.84 0 0.604531 1069.26 765.24 122.22 72.43 0 0.602041 778.57 267.11 117.51 63.23 0 0.601502 749.36 321.61 113.47 66.30 0 0.589203 895.69 778.43 122.22 73.80 0 0.578246 821.40 982.79 130.22 69.10 0 0.576562 1124.70 649.57 125.66 71.16 0 0.573121 1055.16 374.01 117.31 61.84 0 0.572709 733.85 384.53 113.01 63.18 0 0.568427 500.31 933.25 126.92 69.87 0 0.567761 947.22 659.07 126.61 68.23 0 0.553545 1243.41 295.72 116.14 74.38 0 0.553256 1050.28 828.50 115.00 68.02 0 0.552871 711.93 458.74 117.55 63.97 0 0.540834 1031.74 973.08 111.27 63.52 0 0.536362 885.91 848.83 116.46 65.42 0 0.534343 3.69 904.72 104.24 69.79 0 0.533397 799.70 222.33 113.38 65.12 0 0.525014 672.83 168.60 102.23 63.71 0 0.518627 1502.62 379.35 60.52 33.73 3 0.517311 476.32 1007.29 124.12 63.80 0 0.503249 1400.67 726.28 53.23 30.74 3 0.501427 1502.24 373.84 56.05 33.90 3 0.496895 760.04 332.55 110.82 65.13 0 0.484967 851.79 910.46 114.60 62.33 0 0.483656 944.10 648.05 125.22 68.07 0 0.480233 878.39 833.87 129.37 71.42 0 0.458981 1027.59 895.20 129.84 70.25 0 0.450848 1409.58 691.90 47.32 29.23 3 0.431274 791.03 282.53 106.51 63.01 0 0.402444 616.98 624.71 126.36 73.70 0 0.398797 996.01 1036.72 129.94 43.28 0 0.384851 1072.52 300.19 126.33 66.22 0 0.365228 1024.24 884.09 112.05 67.86 0 0.361300 497.33 920.40 117.56 71.27 0 0.348986 940.33 670.95 127.03 63.86 0 0.343758 1431.41 615.86 52.47 34.14 3 0.342438 1006.84 546.54 113.22 66.14 0 0.335058 1056.27 904.92 102.42 63.00 0 0.328454 1043.85 415.72 124.17 67.57 0 0.323062 1038.72 837.49 121.46 84.59 0 0.322786 713.95 442.50 121.33 72.61 0 0.311992 1008.78 601.37 98.91 70.33 0 0.311058 0.00 1046.61 50.54 33.39 0 0.300206 593.62 691.79 134.44 70.91 0 0.299847 708.36 487.87 118.96 68.40 0 0.299145 1028.36 444.63 120.23 72.39 0 0.292916 1101.71 718.19 113.12 63.97 0 0.290605 923.93 786.78 107.50 66.62 0 0.287712 1065.85 378.76 116.78 68.13 0 0.286212 1089.40 268.75 117.79 65.91 0 0.284090 817.42 964.82 145.35 69.90 0 0.281552 791.63 1030.84 131.23 49.16 0 0.281252 79.83 114.24 105.05 72.00 1 0.281072 1047.12 389.74 119.48 68.10 0 0.275990 697.64 172.38 96.25 66.12 0 0.274362 1426.86 619.09 58.35 37.08 3 0.267584 647.32 580.79 117.64 69.08 0 0.265485 941.43 724.15 116.58 66.84 0 0.262403 0.00 884.06 120.71 77.10 0 0.257958 1219.31 421.56 105.30 68.42 0 0.256101 85.31 158.63 81.80 61.15 0 0.253931 615.40 646.95 129.80 75.12 0 0.253874 1509.19 325.82 62.80 35.71 3
246,0.659989 976.37 425.85 171.41 72.83 0 0.637317 1184.20 412.01 194.44 77.20 0 0.605860 722.59 415.63 222.81 97.05 0 0.598257 1572.20 390.67 180.45 73.35 0 0.520809 369.12 416.74 234.10 114.10 0 0.428644 15.01 462.78 267.63 107.37 0 0.353458 1781.19 387.36 138.81 73.98 0 0.317351 395.79 410.48 269.99 120.89 1
247,0.707630 745.80 84.62 116.36 51.42 1 0.590605 718.79 159.32 127.54 52.51 0 0.300588 21.00 1.67 43.79 55.70 0 0.279696 754.79 0.00 64.55 31.75 0
248,0.706424 583.26 658.41 152.42 61.96 1 0.647840 281.89 153.68 30.89 38.90 0 0.595066 339.32 151.31 29.66 40.44 0 0.539536 243.80 155.07 33.26 43.08 0 0.472189 736.77 2.18 32.07 39.85 0 0.449367 464.17 727.62 63.76 144.51 0 0.441025 405.71 175.04 43.93 31.32 0 0.422445 780.17 1.89 40.57 42.53 0 0.410775 803.50 0.25 40.54 43.36 0 0.397762 854.48 1.13 27.68 41.01 0 0.387844 98.37 0.00 52.90 27.72 0 0.382861 519.07 798.72 172.74 58.56 1 0.382571 366.10 150.49 27.93 42.65 0 0.372211 527.65 178.74 51.44 27.08 0 0.357906 475.19 705.37 56.37 145.94 0 0.350084 962.68 5.67 22.67 33.20 0 0.341407 505.53 4.02 33.24 38.85 0 0.318447 539.42 748.96 168.02 67.38 1 0.290726 980.48 2.55 25.63 33.00 0 0.285755 404.64 0.00 43.71 19.57 0 0.281379 446.50 0.00 39.75 19.52 0 0.271519 913.97 896.95 30.33 23.07 3 0.265925 1040.78 896.65 53.62 23.99 0
249,0.702273 1601.82 41.81 26.75 43.98 0 0.635790 1560.04 47.60 24.03 44.56 0 0.613643 1792.41 9.60 29.35 38.89 0 0.613385 1226.67 985.73 70.55 33.09 0 0.579737 1656.53 12.68 26.49 39.67 0 0.569147 1512.75 52.98 23.80 39.24 0 0.558293 958.96 733.40 30.55 66.21 0 0.551840 959.85 610.18 24.32 51.52 0 0.547050 1635.72 15.05 22.71 34.52 0 0.544525 1608.38 13.93 24.70 37.46 0 0.540886 1582.70 43.51 23.44 43.17 0 0.539248 1698.54 7.82 27.24 42.61 0 0.527533 1062.10 984.00 54.07 30.74 0 0.527503 1051.34 589.43 55.72 26.31 0 0.514077 1065.93 1055.78 63.65 24.22 0 0.512661 1225.72 922.95 62.08 28.01 0 0.505461 1670.15 42.01 26.80 45.03 0 0.502397 964.78 476.18 25.34 47.90 0 0.498844 955.76 904.37 29.10 63.72 0 0.493689 1538.48 53.06 21.36 41.13 0 0.481006 1051.55 160.58 34.96 19.67 0 0.469229 1091.94 695.90 28.55 30.22 0 0.463212 1585.27 17.58 25.80 40.81 0 0.461865 1056.47 754.06 62.36 32.57 0 0.451667 1065.28 1021.76 60.88 33.01 0 0.450596 1340.85 11.82 25.53 40.44 1 0.422180 1043.40 206.13 40.53 19.96 0 0.417300 1078.62 728.41 45.28 26.28 0 0.407685 1604.89 20.09 27.72 42.76 0 0.400572 1046.32 182.93 37.06 19.57 0 0.390887 1043.63 441.56 39.59 21.63 0 0.384140 1482.81 17.83 26.06 30.92 0 0.374763 1721.06 12.90 26.34 40.67 0 0.372170 1649.23 46.01 25.57 42.32 0 0.367766 715.26 946.18 23.20 48.50 0 0.367291 1582.88 29.73 26.45 46.89 0 0.356184 1173.24 591.36 40.59 25.16 0 0.341521 1827.14 46.53 27.20 37.27 0 0.332672 1698.46 15.78 30.51 59.77 0 0.291883 1654.53 18.74 27.83 42.58 0 0.280517 1746.81 16.82 28.97 42.06 0 0.278161 1167.13 558.98 38.86 25.12 0 0.274763 973.53 90.10 23.94 32.67 0 0.270849 1776.19 12.80 25.60 37.91 0 0.266665 1478.14 16.92 29.00 35.94 0 0.265913 1741.85 24.49 29.93 58.07 0 0.262991 1863.21 8.75 32.04 36.85 0 0.261476 1050.88 785.69 65.69 30.85 0 0.255097 1057.65 980.32 56.44 30.34 0
250,0.731942 1034.68 461.30 28.44 59.98 0 0.721776 411.28 174.71 28.18 53.64 0 0.713636 1155.55 576.57 26.78 50.77 0 0.712250 1060.97 379.73 27.00 58.39 0 0.677296 1128.22 457.22 26.82 62.83 0 0.660225 1268.28 458.70 25.61 54.53 0 0.651305 715.00 792.83 29.34 57.68 0 0.641921 1219.32 578.29 27.54 54.68 0 0.621606 837.54 390.53 26.43 59.01 0 0.620084 710.74 662.62 53.23 26.57 0 0.619015 965.27 388.23 24.78 50.04 0 0.614693 860.22 11.85 30.22 60.10 0 0.610290 937.41 382.27 23.47 53.67 0 0.599644 336.05 494.41 29.58 51.06 0 0.594802 426.09 304.04 28.20 57.43 0 0.592851 1231.36 455.73 27.38 57.99 0 0.588254 1000.91 464.66 26.10 55.93 0 0.577673 478.90 177.75 25.86 54.35 0 0.576850 817.23 474.29 26.04 57.25 0 0.574869 1124.47 381.34 26.04 57.21 0 0.555206 788.88 797.14 27.73 53.09 0 0.534387 1158.99 458.49 24.49 57.77 0 0.531967 868.73 389.21 24.50 55.13 0 0.527202 1157.55 379.30 25.94 57.18 0 0.525556 386.79 302.77 29.40 61.36 0 0.524231 903.04 792.42 28.58 52.35 0 0.523912 836.12 794.97 26.72 55.27 0 0.519732 726.33 735.22 52.62 28.29 0 0.517815 348.75 181.84 29.48 57.43 0 0.508706 967.18 466.30 24.27 55.32 0 0.504522 1191.52 382.89 26.13 59.28 0 0.498721 758.28 199.72 28.62 60.98 0 0.494471 566.99 291.39 28.17 58.19 0 0.491579 1082.26 819.32 27.35 60.42 0 0.490704 864.97 82.78 46.07 53.78 0 0.487593 305.47 495.39 29.21 57.42 0 0.470199 1094.96 458.16 27.70 57.70 0 0.470053 1192.32 459.78 26.25 60.43 0 0.466991 445.76 177.73 26.07 54.07 0 0.464584 267.44 498.78 29.20 59.31 0 0.463824 1020.93 262.16 28.57 55.51 0 0.457289 292.22 50.78 32.79 68.88 0 0.446301 721.12 696.14 58.01 31.19 0 0.444233 1209.65 682.67 51.44 26.66 0 0.439981 982.24 801.33 27.07 51.16 0 0.438212 750.50 796.72 28.14 58.71 0 0.434785 347.33 59.75 29.93 52.74 0 0.424337 367.05 495.06 29.82 50.16 0 0.421112 1000.27 382.04 27.16 55.34 0 0.415083 1012.97 800.44 29.10 58.30 0 0.409639 1226.42 721.51 60.60 27.27 0 0.407400 1187.67 574.49 27.83 54.78 0 0.398196 1224.85 380.20 25.66 59.07 0 0.374338 902.25 384.36 25.31 55.85 0 0.355805 1040.57 816.25 30.34 62.23 0 0.354520 1020.91 58.62 48.75 56.94 0 0.339723 996.23 577.28 58.74 27.15 0 0.310674 1067.42 583.40 55.05 22.82 0 0.303468 873.69 82.03 42.48 49.71 0 0.277821 781.41 489.82 26.78 45.25 0 0.276353 1091.90 378.39 27.85 59.67 0 0.269894 1130.98 805.00 23.05 29.53 0
251,0.715378 468.99 830.20 33.67 65.58 0 0.683077 1182.21 445.02 30.29 60.40 0 0.665918 323.65 828.50 37.92 65.68 0 0.641511 726.00 402.41 71.48 140.39 1 0.592856 1011.05 442.34 31.46 60.47 0 0.590580 842.51 260.75 24.13 42.90 0 0.571315 93.87 794.52 31.56 53.87 0 0.548171 779.14 311.66 27.08 51.75 0 0.544716 161.02 630.11 50.71 23.16 0 0.539293 863.84 303.76 31.88 53.45 0 0.519471 323.48 712.44 75.38 32.81 0 0.512800 812.41 311.15 25.43 51.25 0 0.507012 356.03 831.41 33.31 59.87 0 0.485378 478.48 714.47 68.67 31.35 0 0.476315 38.74 952.58 38.24 63.48 0 0.463023 866.40 261.08 29.30 42.42 0 0.451025 1128.76 454.09 29.59 52.89 0 0.450142 779.59 256.72 29.60 53.43 0 0.432389 1044.37 443.75 30.01 55.97 0 0.412471 1048.42 763.80 31.63 45.97 0 0.412342 1212.26 452.06 28.89 55.61 0 0.408054 98.22 782.82 32.14 52.87 0 0.404387 215.31 633.20 26.66 22.32 0 0.383165 702.93 729.59 59.73 25.71 0 0.382702 1190.22 676.79 67.24 33.89 0 0.369887 1.80 921.58 43.63 65.67 0 0.369144 1075.48 766.53 34.79 45.30 0 0.367157 493.78 716.19 62.77 29.17 0 0.360432 262.36 707.76 30.69 27.89 0 0.352536 338.04 571.23 62.34 26.99 0 0.343351 122.21 789.61 30.96 51.14 0 0.332068 1234.69 419.19 42.30 28.02 0 0.328231 685.42 48.94 39.03 46.03 1 0.323345 1644.77 410.98 54.85 29.51 0 0.320825 221.47 703.73 27.76 34.42 0 0.318716 1302.77 448.23 64.16 35.03 0 0.309379 20.62 706.50 37.60 29.04 0 0.291522 811.86 262.21 25.76 49.57 0 0.289509 811.91 271.88 28.22 67.65 0 0.286383 501.57 718.70 57.61 30.95 0 0.250847 563.48 724.94 49.36 25.70 0
252,0.660049 1065.25 458.01 190.73 92.23 0 0.442481 1789.72 735.91 130.28 118.50 0 0.398735 500.71 545.40 130.49 116.33 0 0.358160 395.82 522.47 117.28 90.63 0 0.333056 510.36 555.05 150.75 114.21 0 0.324661 459.40 497.45 120.07 84.46 0 0.303541 457.40 477.28 123.99 67.33 0 0.290942 454.13 466.13 121.48 64.74 0 0.285560 406.10 503.16 149.26 94.99 0
253,0.692311 493.54 768.34 31.52 60.41 0 0.650155 1249.23 515.51 24.10 50.36 0 0.639468 68.52 786.08 39.85 73.55 0 0.625148 1221.54 514.89 29.41 52.31 0 0.602079 1013.63 438.81 28.41 45.41 0 0.587083 436.49 774.76 41.03 68.88 0 0.555738 572.04 774.55 29.35 55.46 0 0.526867 1279.05 504.08 26.19 51.24 0 0.521497 1244.75 610.18 74.61 32.11 0 0.520762 1103.22 387.86 27.95 40.55 0 0.502750 607.11 768.78 32.18 56.51 0 0.488229 822.99 816.84 61.95 35.80 0 0.463669 84.00 951.48 68.80 32.10 0 0.462946 247.00 525.36 38.62 62.15 0 0.453621 974.40 388.36 30.92 47.10 0 0.443966 1843.90 231.22 69.55 75.05 1 0.408406 370.23 323.52 65.53 32.27 0 0.369705 178.16 780.09 32.23 26.45 3 0.367653 321.70 309.16 37.38 49.56 0 0.336638 1894.64 45.32 24.71 39.81 0 0.319880 1075.67 389.82 24.06 39.66 0 0.308781 172.20 781.10 33.73 28.14 3 0.284388 1015.66 352.55 57.31 23.02 0 0.283532 1448.36 942.40 22.94 39.62 0 0.281259 1029.28 496.77 38.69 56.60 0 0.279166 1285.83 503.57 29.36 52.11 0 0.267826 626.85 825.59 29.11 29.07 0 0.258163 1335.73 516.77 26.82 40.91 0
254,
255,0.675414 831.77 412.15 33.53 50.25 0 0.660884 657.13 781.67 48.65 59.42 0 0.613953 616.07 632.99 40.42 59.09 0 0.606772 1614.72 214.01 46.43 58.07 0 0.604374 365.66 687.79 45.29 61.05 0 0.593019 782.97 712.98 46.66 58.58 0 0.564917 453.92 631.58 39.13 58.24 0 0.563939 757.62 724.13 46.23 64.30 0 0.563015 583.56 644.96 42.75 55.36 0 0.562755 987.20 599.04 45.71 51.92 0 0.559680 483.60 888.52 43.54 63.10 0 0.558516 1700.61 336.00 54.33 57.76 0 0.557827 425.03 648.35 40.30 55.27 0 0.557582 1656.87 277.17 52.14 57.93 0 0.554707 599.32 935.09 39.52 60.71 0 0.543614 1064.72 820.84 47.09 65.09 0 0.536498 728.88 559.69 46.97 61.61 0 0.533957 540.28 569.12 40.01 61.62 0 0.530881 685.52 489.67 39.80 50.49 0 0.528571 776.48 465.21 37.39 41.87 0 0.528462 574.05 838.86 44.74 63.41 0 0.518425 901.80 636.46 43.67 54.11 0 0.518045 564.83 558.00 41.44 55.99 0 0.514940 725.51 743.62 46.73 56.58 0 0.512247 607.79 631.57 43.77 58.17 0 0.511541 447.47 639.25 42.03 58.00 0 0.500967 835.44 481.28 34.40 50.26 0 0.487570 633.50 540.58 44.07 48.94 0 0.483034 658.17 533.84 41.61 42.53 0 0.481667 463.94 715.56 43.53 61.69 0 0.479918 756.76 537.08 43.26 59.79 0 0.473866 697.70 573.02 49.42 57.60 0 0.467535 838.24 664.72 50.61 60.68 0 0.466938 520.55 690.18 46.25 50.94 0 0.466621 630.81 795.08 53.75 66.57 0 0.466500 1120.82 780.11 51.49 64.47 0 0.464313 868.06 472.52 37.57 47.80 0 0.462146 605.21 816.90 47.39 64.55 0 0.460005 405.03 750.02 41.19 59.30 0 0.459565 859.58 400.76 33.87 50.73 0 0.459437 800.05 423.99 39.11 48.14 0 0.456193 784.05 524.17 43.64 61.35 0 0.454514 735.12 460.83 42.15 45.01 0 0.450367 898.80 452.60 40.66 50.65 0 0.444319 1200.20 838.22 45.54 60.35 0 0.440718 542.71 855.55 44.81 69.59 0 0.436000 747.17 476.31 40.09 43.70 0 0.434895 923.14 433.17 39.92 52.67 0 0.433383 602.71 550.75 45.50 56.68 0 0.430156 1151.39 764.90 51.39 64.12 0 0.426823 955.93 602.61 47.44 60.71 0 0.426101 695.28 771.51 46.06 57.16 0 0.417525 926.55 621.77 42.62 55.45 0 0.417010 435.31 736.33 45.64 63.26 0 0.405608 860.85 652.02 48.44 66.63 0 0.402224 782.43 521.10 38.58 53.54 0 0.400726 519.20 960.23 44.21 54.70 0 0.398196 579.29 640.95 47.47 47.94 0 0.393491 790.01 532.56 45.75 57.79 0 0.388129 551.77 949.10 49.60 63.55 0 0.387964 711.69 467.13 39.08 49.62 0 0.379467 421.03 741.95 45.65 62.18 0 0.379010 643.17 615.07 38.78 46.51 0 0.373102 1444.35 0.00 41.73 40.99 0 0.362688 716.02 474.06 39.21 57.04 0 0.362441 802.74 413.96 43.92 51.40 0 0.359141 544.50 660.91 47.24 58.39 0 0.358442 526.10 685.67 46.64 52.26 0 0.357754 856.46 394.36 34.22 50.16 0 0.354373 873.91 469.28 37.58 46.44 0 0.352330 692.30 572.52 48.09 50.86 0 0.351086 658.69 506.46 41.80 40.29 0 0.344007 559.64 848.65 48.77 71.04 0 0.343603 730.56 479.02 40.26 51.97 0 0.341141 717.65 743.31 48.87 61.74 0 0.340253 488.79 708.22 44.64 59.96 0 0.335085 741.18 726.59 51.82 66.31 0 0.333614 757.28 466.43 46.37 46.96 0 0.332629 466.58 718.90 46.39 67.57 0 0.332127 840.17 490.74 34.84 50.24 0 0.328079 676.97 487.50 41.92 47.44 0 0.324210 794.88 413.57 44.89 48.63 0 0.320305 494.68 705.42 41.55 53.89 0 0.319774 653.64 613.43 44.88 51.92 0 0.318834 674.24 597.78 45.69 55.47 0 0.318567 532.38 864.58 48.43 68.30 0 0.312910 516.32 873.65 44.14 72.31 0 0.312687 477.81 505.15 22.15 28.48 3 0.310734 536.48 668.87 47.68 57.56 0 0.309596 481.32 498.56 19.30 27.70 3 0.309423 773.76 534.83 46.88 65.07 0 0.290565 694.51 757.71 48.73 57.34 0 0.288963 306.52 601.94 23.39 32.48 3 0.287603 640.28 790.84 57.12 66.47 0 0.284712 1523.04 96.13 46.56 57.91 0 0.283587 1136.61 762.85 61.94 70.73 0 0.280983 428.97 643.69 47.11 63.78 0 0.280469 1093.30 337.93 34.80 44.38 0 0.279461 833.98 473.25 32.84 47.42 0 0.276903 1606.79 152.75 33.82 40.03 0 0.275073 1003.62 183.14 27.71 26.82 3 0.269844 620.05 801.20 53.43 66.18 0 0.268187 594.03 550.89 45.78 53.76 0 0.268043 1617.80 145.10 39.95 39.92 0 0.266807 546.20 955.71 52.71 67.41 0 0.260496 497.11 699.98 51.92 58.06 0 0.260341 450.89 517.66 21.15 25.99 3 0.257523 656.72 540.84 45.82 49.93 0 0.255910 532.94 969.88 49.26 68.12 0 0.253552 608.26 544.83 46.07 51.91 0
256,0.815614 1207.43 971.81 55.60 40.69 3 0.718374 1836.12 528.07 78.53 55.55 0 0.705975 234.41 444.28 55.14 53.68 0 0.703992 1657.03 580.98 88.40 68.64 0 0.686119 1559.75 475.00 81.58 68.57 1 0.661356 1124.35 644.43 42.35 39.23 3 0.616873 413.24 481.24 104.21 119.13 1 0.609436 1623.63 181.26 44.31 25.59 0 0.593439 85.40 651.73 90.98 86.14 0 0.580710 3.45 790.49 89.12 108.02 0 0.575997 32.61 388.52 57.64 39.36 0 0.573658 1641.04 185.21 45.49 23.97 0 0.559611 1243.20 337.83 38.52 44.39 0 0.559453 61.70 800.93 96.02 96.33 0 0.552924 302.10 494.18 67.46 54.90 0 0.546907 1277.44 404.13 53.49 59.93 0 0.536693 501.72 633.09 34.92 38.87 3 0.526221 672.38 591.93 27.76 34.27 3 0.523972 1343.33 497.87 67.79 73.16 0 0.523309 0.00 919.00 113.50 85.35 0 0.523070 334.50 600.26 21.22 31.01 3 0.519970 1571.24 178.53 39.75 27.35 0 0.511055 82.90 592.47 69.99 67.98 0 0.510632 1605.45 533.53 78.06 52.91 0 0.508152 170.27 365.41 48.51 58.42 0 0.507359 1381.55 564.65 67.44 70.34 0 0.506657 422.49 783.69 41.16 28.19 3 0.506070 215.46 364.57 52.27 57.14 0 0.503967 133.39 450.17 64.14 50.76 0 0.490702 824.51 291.14 70.73 26.65 0 0.489495 409.64 821.85 58.48 41.22 3 0.488308 351.89 378.76 41.26 45.23 0 0.486869 861.86 772.62 22.91 48.89 3 0.473338 638.02 593.71 28.34 31.63 3 0.460169 31.03 448.36 51.17 50.87 0 0.449697 174.04 812.12 70.69 81.31 0 0.443337 1764.02 181.67 45.14 25.42 0 0.441426 1446.76 370.89 55.34 48.13 0 0.439574 722.46 471.46 17.49 31.98 2 0.439150 78.36 447.71 59.76 50.45 0 0.437611 127.20 591.03 87.17 57.99 0 0.422179 120.45 354.29 54.00 34.95 0 0.418485 211.46 576.49 89.07 84.69 1 0.417900 810.25 258.55 32.58 24.60 0 0.416595 624.09 600.01 23.33 29.54 3 0.415542 1429.54 343.67 45.64 42.09 0 0.415084 890.03 875.62 39.13 49.90 3 0.413241 280.42 296.86 40.33 36.80 0 0.403132 1565.71 476.97 78.33 67.67 0 0.402791 734.36 287.50 75.27 29.48 0 0.395121 632.60 654.01 22.74 41.14 3 0.391188 1723.55 243.54 46.46 25.05 0 0.389987 1675.07 183.70 43.65 25.77 0 0.389829 979.02 288.53 61.58 27.58 0 0.389669 161.96 299.88 58.70 37.72 0 0.381966 1262.20 385.68 57.66 45.51 0 0.380139 1318.68 465.76 59.65 56.41 0 0.378656 406.64 815.21 56.57 38.68 3 0.376436 586.17 274.88 53.13 24.53 0 0.375757 1333.84 486.43 77.33 76.31 0 0.371300 362.13 301.17 36.12 35.65 0 0.371172 698.15 254.25 26.13 25.07 0 0.368664 1824.05 183.83 38.98 21.84 0 0.366308 0.44 448.22 29.89 54.21 0 0.364326 250.25 299.54 36.57 33.34 0 0.363881 600.02 273.63 41.67 24.52 0 0.358792 323.05 298.33 38.85 37.63 0 0.354009 1745.84 222.04 53.58 27.10 0 0.353959 624.69 595.58 24.48 29.03 3 0.349988 1664.79 271.91 45.46 25.85 0 0.348626 1515.26 759.56 44.41 64.61 3 0.346399 1284.31 200.11 42.18 37.37 0 0.338679 1269.37 397.89 57.61 54.59 0 0.338340 326.78 656.23 40.65 28.96 3 0.337601 845.41 268.09 52.86 30.21 0 0.336749 145.52 808.73 101.79 87.88 0 0.335115 1302.30 221.01 36.80 38.06 0 0.334448 895.64 881.46 62.99 52.25 3 0.330977 118.54 593.54 88.26 68.05 0 0.322713 36.33 371.29 59.10 41.90 0 0.315041 571.36 260.13 26.02 23.38 0 0.311210 1111.15 239.79 47.81 27.65 0 0.311068 1215.52 136.25 31.34 25.56 0 0.310308 708.08 613.41 45.72 31.92 3 0.308461 797.28 253.00 26.17 24.33 0 0.308019 1662.83 212.40 36.69 25.73 0 0.306001 1349.27 271.45 38.34 30.36 0 0.302372 570.67 267.49 49.16 26.63 0 0.302186 645.16 257.55 28.83 24.14 0 0.298438 147.31 587.67 68.14 54.67 0 0.291882 503.43 636.96 40.04 37.44 3 0.290391 274.51 439.24 71.66 59.76 0 0.289768 737.53 258.18 29.10 24.09 0 0.287600 639.95 872.09 54.87 50.65 3 0.284557 334.46 631.01 38.07 33.59 3 0.280693 477.92 685.49 27.63 41.09 3 0.278603 1382.88 303.40 62.18 44.94 0 0.278117 1734.03 223.84 55.24 29.44 0 0.277958 883.63 827.81 201.09 103.68 1 0.276785 1872.64 260.84 47.36 26.04 0 0.273181 126.10 311.36 62.29 34.46 0 0.272373 1593.55 179.90 41.49 25.62 0 0.272139 121.65 316.04 52.60 29.01 0 0.272082 106.70 449.35 65.25 48.96 0 0.271369 546.11 564.97 29.55 22.66 3 0.270687 35.00 356.46 49.40 29.05 0 0.269872 387.62 572.09 21.44 34.13 2 0.268745 131.94 295.42 57.67 33.36 0 0.266784 1516.62 754.00 54.51 77.70 3 0.266002 1293.94 213.63 41.50 36.37 0 0.261324 1800.90 672.45 87.22 76.07 0 0.258557 1796.01 272.07 68.93 36.17 0 0.258260 362.65 603.21 19.10 31.45 3 0.256456 1811.12 675.10 87.18 83.91 0 0.253537 1256.44 224.52 19.65 22.45 3
257,0.824918 1165.61 477.65 142.09 56.47 1 0.729732 1472.56 502.05 101.10 42.62 0 0.701110 769.47 615.22 23.75 44.73 2 0.691320 799.14 625.62 27.50 53.74 2 0.590272 1817.18 499.46 102.82 51.18 0 0.511361 1348.59 490.63 111.25 45.61 0 0.366849 1038.07 499.09 89.07 36.65 0 0.353434 1817.23 488.46 102.07 54.77 0 0.349366 695.11 480.97 107.66 46.71 0 0.261322 768.79 615.03 28.06 61.55 2 0.258767 1817.99 462.29 100.59 62.00 0
258,0.579722 444.47 571.15 34.04 16.83 0 0.465357 487.04 569.74 30.88 15.45 0 0.462939 884.66 545.27 45.37 20.26 0 0.450874 833.88 546.01 43.25 20.38 0 0.432164 492.56 569.32 30.27 16.61 0 0.432046 985.49 540.38 40.18 18.38 0 0.425311 636.87 559.63 42.63 20.47 0 0.417490 934.14 541.75 38.16 18.70 0 0.386432 435.47 570.09 35.93 18.17 0 0.365611 991.20 536.77 36.78 20.03 0 0.333254 714.30 516.08 34.58 20.63 0 0.252807 397.98 571.36 26.84 15.05 0
259,0.781098 573.03 378.60 125.50 54.43 0 0.689705 1032.50 520.39 124.40 59.18 0 0.672950 575.03 688.36 128.79 60.14 0 0.647800 875.00 68.19 107.44 55.51 0 0.641016 1051.81 459.33 113.46 59.16 0 0.631949 576.17 553.71 127.28 55.15 0 0.630888 870.95 290.99 119.54 61.38 0 0.622112 877.49 477.09 123.71 60.15 0 0.607260 879.01 411.09 109.09 57.31 0 0.603107 574.60 197.45 122.61 57.95 0 0.600844 568.93 758.29 126.58 62.48 0 0.596132 575.54 313.70 123.02 59.10 0 0.587539 569.34 821.52 125.85 65.39 0 0.586623 81.58 862.23 135.52 59.00 0 0.578550 879.08 122.69 108.07 56.51 0 0.563949 1025.97 115.04 111.70 54.76 0 0.560676 1070.14 641.83 108.61 62.00 0 0.557463 925.33 870.85 120.94 62.93 0 0.547878 106.48 726.97 115.34 60.06 0 0.546382 866.39 10.31 114.35 61.11 0 0.543380 594.78 142.27 109.77 53.89 0 0.542578 589.87 620.94 116.57 56.94 0 0.541754 1028.27 336.25 111.75 63.68 0 0.539206 1258.80 31.90 48.56 30.91 3 0.535893 880.60 349.88 116.83 60.93 0 0.535332 582.35 499.72 119.28 58.11 0 0.532135 898.88 804.13 130.51 63.07 0 0.531340 90.90 929.14 135.02 63.93 0 0.522976 1071.06 713.42 109.49 59.20 0 0.522705 1014.12 223.19 108.17 59.36 0 0.520875 1035.33 168.95 99.12 51.95 0 0.512652 1067.86 779.42 118.24 58.96 0 0.508812 590.76 92.42 111.15 54.50 0 0.506171 1051.55 402.61 106.25 57.13 0 0.499889 910.44 659.90 111.31 57.94 0 0.490545 0.00 944.14 36.88 59.07 0 0.484264 878.83 539.81 121.06 62.07 0 0.482444 580.54 41.71 106.94 52.61 0 0.478344 870.84 235.10 119.22 60.64 0 0.464075 571.63 0.00 112.65 43.07 0 0.455998 922.85 730.23 102.43 57.71 0 0.450850 585.63 255.11 109.34 58.30 0 0.449553 1256.96 2.72 48.32 27.38 3 0.447921 1033.09 582.15 110.52 52.70 0 0.443207 1020.68 279.52 109.29 59.07 0 0.414778 866.68 178.39 116.61 62.67 0 0.385058 1261.99 0.00 42.87 22.01 3 0.368691 1263.89 65.85 51.54 30.21 3 0.342586 85.88 723.14 118.34 66.89 0 0.298299 591.44 124.89 112.89 61.03 0 0.254413 1150.36 777.12 43.84 59.85 0
260,0.831989 644.48 747.53 75.24 55.44 1 0.361502 790.28 901.04 53.37 47.17 0 0.359135 1895.10 265.95 24.90 48.33 0 0.294475 1682.90 73.35 37.34 44.82 0 0.280094 1892.69 270.54 25.68 49.71 0 0.262773 1297.32 364.45 36.91 30.57 0 0.257485 1644.38 240.77 50.71 25.71 0
261,0.537685 1683.72 429.81 223.87 97.41 0 0.504760 1363.01 405.99 243.71 117.91 0 0.445743 830.43 374.68 261.63 155.81 1 0.434740 822.06 375.36 231.27 127.17 0 0.353898 343.24 409.49 295.02 113.26 0 0.306978 1627.81 448.26 175.60 81.05 0 0.304566 388.13 406.25 296.60 120.77 0 0.250897 1613.66 431.98 251.96 100.22 0
262,0.626403 1089.92 548.47 26.78 48.90 0 0.616053 1119.78 298.54 24.43 36.28 0 0.551278 1133.17 199.36 25.16 37.36 0 0.549456 1116.64 339.56 24.72 42.16 0 0.523331 1130.79 255.73 22.78 39.63 0 0.501204 836.88 210.90 46.79 26.78 0 0.463469 567.78 667.12 64.18 35.22 0 0.424419 832.77 234.72 34.58 35.30 0 0.383837 737.60 131.32 43.87 41.18 1 0.371887 864.64 120.23 26.38 34.08 0 0.370194 1110.33 388.34 35.10 54.15 0 0.349347 737.16 128.45 42.00 36.32 0 0.328763 849.70 158.84 21.68 23.52 0 0.324594 989.40 51.17 14.60 18.67 3 0.308797 1249.99 583.52 34.70 50.27 1 0.308669 870.19 49.75 38.22 21.57 0 0.304404 871.67 46.40 36.36 21.00 0 0.291431 1245.30 581.75 39.30 103.93 1 0.253718 736.47 79.78 12.62 16.93 3 0.251445 943.91 91.22 16.63 18.82 0
263,0.811991 872.27 415.87 51.52 89.35 1 0.648766 674.88 672.86 26.24 50.31 0 0.646876 1175.65 448.18 25.59 32.07 0 0.546333 441.94 547.96 43.72 22.90 0 0.533898 1175.23 452.19 22.42 31.80 0 0.503024 557.88 668.67 33.03 52.19 0 0.494149 1086.34 440.38 22.93 40.15 0 0.481075 304.77 644.30 27.83 41.57 0 0.479999 208.53 629.29 36.08 44.72 0 0.457842 215.95 492.74 43.16 22.14 0 0.448528 907.43 344.99 25.43 38.72 0 0.437873 970.55 362.85 28.97 39.80 0 0.431818 1110.16 441.69 23.75 37.36 0 0.416494 255.87 644.05 26.77 41.72 0 0.407193 932.15 346.16 25.42 35.42 0 0.396225 48.32 725.88 41.73 46.97 0 0.390324 324.49 743.97 31.41 40.00 0 0.378048 1216.38 446.22 27.15 32.84 0 0.374861 870.07 427.40 45.16 80.06 1 0.374479 687.11 554.23 58.21 28.19 0 0.351786 485.79 549.12 44.92 21.93 0 0.339602 340.08 537.55 23.83 29.91 0 0.336145 281.42 645.30 25.09 42.81 0 0.330047 907.99 360.27 25.00 41.87 0 0.319051 602.10 475.81 41.08 23.83 0 0.317375 1241.38 571.13 51.59 28.84 0 0.315620 596.59 1021.01 46.48 56.16 0 0.313296 375.85 651.35 27.55 36.12 0 0.308816 63.19 543.78 29.54 21.00 3 0.307685 932.55 362.15 26.82 39.01 0 0.306887 225.84 728.64 36.60 22.32 0 0.301601 398.15 650.73 29.30 37.54 0 0.299929 561.28 667.95 38.67 54.24 0 0.299875 380.25 543.51 37.35 26.59 0 0.285786 972.99 353.24 29.02 38.68 0 0.283818 835.50 417.24 40.04 22.06 0 0.278956 477.33 547.43 51.12 21.18 0 0.275778 575.58 677.39 34.38 52.12 0 0.273513 723.38 664.34 27.92 53.11 0 0.272139 435.51 545.48 47.23 23.84 0
264,0.611543 923.64 746.00 69.86 62.30 0 0.605331 536.99 670.84 69.62 50.70 0 0.583412 805.64 935.56 70.04 60.06 0 0.581553 744.66 1023.94 81.85 56.06 0 0.579807 780.58 893.77 73.21 65.58 0 0.551887 920.73 235.42 68.09 54.74 0 0.542771 968.22 290.11 65.04 53.22 0 0.534080 835.71 601.46 74.39 62.21 0 0.532254 1108.44 819.23 71.64 54.53 0 0.529354 523.21 481.63 80.36 48.65 0 0.520192 882.00 672.37 67.69 61.34 0 0.516230 543.74 706.55 71.07 61.22 0 0.510583 639.01 840.95 72.57 58.78 0 0.504629 566.34 746.38 68.63 59.72 0 0.493414 673.05 915.18 78.61 68.29 0 0.490055 853.11 1004.16 78.14 66.10 0 0.488967 795.10 543.09 67.11 57.86 0 0.481543 894.31 205.40 71.65 57.50 0 0.481203 737.99 818.00 73.53 62.36 0 0.463701 567.04 557.56 73.70 57.38 0 0.461884 441.58 541.69 74.26 56.09 0 0.454389 1002.10 842.72 67.20 62.20 0 0.453387 186.32 396.85 41.62 29.56 3 0.451045 767.59 508.26 72.46 62.03 0 0.437937 720.19 786.79 72.03 56.55 0 0.436287 736.55 445.18 61.82 53.96 0 0.435266 632.84 649.59 71.12 54.56 0 0.434441 692.93 382.66 68.11 54.31 0 0.431926 525.82 675.90 68.71 58.55 0 0.428551 462.42 579.02 70.15 55.43 0 0.427781 517.80 489.31 82.10 48.97 0 0.423092 662.62 684.88 61.91 55.61 0 0.418665 972.02 812.53 70.44 60.62 0 0.415765 498.96 465.07 68.38 54.40 0 0.413649 978.58 158.21 68.24 51.09 0 0.413094 486.32 610.40 63.76 55.50 0 0.412426 756.97 864.65 69.11 61.26 0 0.411267 902.05 703.33 70.47 61.19 0 0.399640 545.93 525.49 62.79 51.25 0 0.397718 692.19 759.96 66.75 56.07 0 0.396623 696.12 751.72 69.46 57.87 0 0.384519 615.57 608.33 69.10 60.57 0 0.381360 857.39 646.36 70.70 59.62 0 0.381153 1122.38 864.47 69.29 61.06 0 0.381149 594.54 776.53 75.50 57.14 0 0.380896 708.12 409.08 64.88 56.33 0 0.379683 508.43 459.45 69.30 52.15 0 0.376857 672.23 716.50 72.82 58.58 0 0.376112 1020.93 885.41 71.69 60.72 0 0.367243 522.81 633.41 65.03 57.82 0 0.362822 538.24 517.26 67.95 52.69 0 0.355459 613.48 815.08 74.54 59.04 0 0.352802 876.03 1034.26 74.98 45.74 0 0.346063 615.51 801.94 69.20 61.10 0 0.343260 625.84 631.72 76.08 53.15 0 0.343012 947.39 773.90 68.06 60.48 0 0.341454 759.77 484.88 64.76 54.16 0 0.339830 668.12 703.77 65.95 71.54 0 0.338177 1045.76 914.01 70.90 64.19 0 0.337490 1068.37 957.87 69.53 57.48 0 0.335589 786.86 909.08 77.82 66.26 0 0.334869 902.45 220.81 76.52 62.58 0 0.332709 750.68 1033.45 88.13 46.55 0 0.325523 935.02 762.36 67.85 64.03 0 0.312558 645.17 890.13 69.62 62.22 0 0.312550 524.85 660.94 70.95 67.36 0 0.312474 787.91 536.36 69.47 56.79 0 0.310850 536.33 680.76 73.06 62.39 0 0.309464 1020.94 876.04 71.41 54.20 0 0.309376 653.22 678.07 67.21 57.50 0 0.308008 695.71 376.00 71.45 50.56 0 0.307249 509.24 474.57 71.25 55.87 0 0.306335 853.98 631.42 74.96 52.75 0 0.305750 759.77 1044.18 87.71 35.82 0 0.305220 1139.09 903.57 75.71 62.45 0 0.304746 829.86 962.05 71.55 60.76 0 0.302915 1143.75 900.23 75.98 53.94 0 0.301189 204.90 436.82 41.67 31.03 3 0.299228 815.63 943.54 69.45 63.03 0 0.297895 852.01 992.19 74.28 66.71 0 0.297141 890.94 681.39 67.91 64.91 0 0.293129 993.29 832.30 68.90 66.44 0 0.288526 1371.12 558.35 77.37 51.16 0 0.285694 448.44 561.77 69.38 53.60 0 0.283435 524.55 496.15 71.34 53.90 0 0.280179 862.33 1019.39 82.82 60.61 0 0.273669 655.50 893.62 76.81 68.92 0 0.267134 724.80 432.49 66.83 64.14 0 0.264280 1114.85 836.17 71.79 58.52 0 0.262436 752.19 836.75 72.41 64.11 0 0.261973 793.83 924.31 80.02 58.18 0 0.259136 863.61 638.46 73.63 71.44 0 0.257365 730.89 1005.88 82.12 70.48 0 0.251988 770.79 885.80 77.62 66.20 0
265,0.802675 501.02 545.09 166.24 79.66 1 0.790013 812.15 958.86 39.12 39.80 3 0.779738 500.21 999.72 77.27 47.65 3 0.778111 1564.66 657.33 23.97 42.31 3 0.777766 744.24 900.41 59.59 41.20 3 0.772123 1612.37 657.27 25.30 42.45 3 0.745788 1726.24 489.83 23.93 36.44 3 0.733729 1278.29 604.35 128.43 71.18 0 0.711686 571.17 654.83 26.08 53.68 3 0.699462 797.61 430.35 110.65 42.40 0 0.695131 670.24 417.87 107.49 40.12 0 0.685193 1610.71 481.43 24.20 38.95 3 0.681513 1589.30 658.48 24.42 41.44 3 0.669998 1320.46 675.03 68.56 119.61 0 0.659356 1535.71 652.69 24.94 43.91 3 0.649768 921.80 438.78 120.16 43.91 0 0.643924 553.40 408.97 101.07 39.92 0 0.640876 1687.80 713.00 97.75 113.42 0 0.638833 1492.98 845.47 54.46 42.05 3 0.631141 1399.28 697.03 72.26 112.36 0 0.622378 1474.72 897.64 96.44 123.71 0 0.617978 1636.84 662.19 26.04 44.49 3 0.571065 1883.55 588.61 36.45 60.24 0 0.567327 1239.60 671.57 68.87 99.90 0 0.566799 1578.24 479.18 24.13 38.45 3 0.557431 1774.90 712.09 92.00 116.32 0 0.555262 835.45 1003.46 39.77 46.69 3 0.553241 1651.65 486.38 21.91 38.06 3 0.551919 1453.96 477.10 31.00 31.59 3 0.551343 965.55 984.97 27.07 45.69 2 0.548136 1503.86 654.32 26.57 44.29 3 0.542737 1770.22 506.27 24.31 27.89 3 0.531738 1695.98 668.32 29.67 40.43 3 0.527295 1671.62 663.05 27.43 39.01 3 0.527105 1675.01 486.32 22.32 39.33 3 0.524073 617.14 654.54 28.39 56.85 3 0.523885 459.13 391.75 23.29 31.37 3 0.512312 504.74 980.47 72.62 65.09 3 0.508159 835.83 958.92 32.25 41.53 3 0.504514 1719.59 672.35 31.22 38.17 3 0.503205 522.41 967.32 53.76 55.16 2 0.499982 810.92 999.12 43.01 52.12 3 0.497587 1745.81 548.95 117.77 47.87 1 0.486720 1456.62 466.17 26.97 34.75 3 0.481218 1743.35 933.92 146.49 146.08 0 0.475454 1508.09 480.58 24.87 34.07 3 0.468143 1390.94 868.95 23.48 40.06 2 0.457116 1797.73 489.35 23.48 33.14 3 0.456472 984.16 798.38 23.10 45.00 2 0.450755 1638.65 483.31 21.25 37.88 3 0.441119 1699.68 487.35 23.32 39.53 3 0.432124 1386.91 876.44 27.51 40.30 2 0.417961 1492.54 481.20 20.56 30.79 3 0.398628 1857.69 946.97 62.09 128.42 0 0.381919 1894.06 680.00 25.25 45.49 3 0.378171 1110.01 857.32 25.06 53.69 3 0.371272 1871.65 674.89 30.51 45.30 3 0.369688 1039.86 749.70 31.52 38.58 3 0.360870 1511.57 463.85 23.84 38.06 3 0.352795 1746.54 550.70 119.51 48.20 0 0.352517 930.29 576.96 23.82 33.32 2 0.348974 1895.78 499.96 23.00 36.01 3 0.346269 1654.23 661.40 25.68 39.48 3 0.336266 1046.56 754.08 27.02 36.52 2 0.328335 975.55 1018.57 27.42 43.88 2 0.324899 47.23 297.90 27.55 25.71 3 0.324204 1866.56 502.68 24.97 31.73 3 0.318401 1853.92 503.04 25.70 30.29 3 0.315492 1493.34 652.79 27.25 46.01 3 0.314411 1363.09 1008.44 29.46 46.87 3 0.312911 1733.96 923.29 134.53 133.14 0 0.303679 203.99 372.79 35.60 37.66 3 0.301815 1649.83 661.54 27.12 46.73 3 0.301112 1699.38 664.27 29.01 38.37 3 0.296873 979.70 566.05 29.51 31.94 3 0.290945 1778.22 832.44 57.09 39.33 3 0.280516 1552.02 484.69 23.38 39.47 3 0.273967 1854.75 494.56 25.84 35.07 3 0.272041 1148.62 1035.85 30.75 44.15 3 0.270477 970.05 564.36 37.36 35.57 3 0.267409 1673.15 494.38 23.92 37.01 3 0.261530 1790.91 503.25 27.06 31.11 3 0.260613 1.21 329.07 30.09 31.98 3 0.256528 1719.17 663.28 31.98 41.00 3 0.251879 1820.17 487.54 22.35 33.81 3
266,0.742756 573.46 559.06 25.16 48.21 0 0.704658 868.19 550.09 27.46 51.97 0 0.679567 1028.35 742.11 30.63 62.16 0 0.636880 1601.96 237.96 25.53 43.14 0 0.635881 557.16 441.56 26.04 48.85 0 0.635818 1634.54 142.00 28.17 47.25 0 0.633617 602.50 558.59 26.94 46.40 0 0.627525 841.57 381.38 21.56 42.88 0 0.622393 919.52 383.70 23.93 45.39 0 0.615187 810.07 552.65 26.06 51.83 0 0.607357 504.25 616.53 25.65 53.00 0 0.599938 868.26 381.87 22.79 43.35 0 0.591955 965.15 743.77 32.08 65.14 0 0.586050 720.19 552.33 28.78 48.19 0 0.577839 588.94 441.58 26.15 44.56 0 0.573521 897.20 436.44 26.18 49.47 0 0.570489 810.84 435.49 25.74 49.23 0 0.568775 617.41 439.25 24.19 44.82 0 0.562021 566.64 623.42 28.97 52.51 0 0.559429 1062.54 740.09 29.73 57.99 0 0.559058 987.68 554.48 27.11 46.88 0 0.559018 533.63 613.48 26.73 53.82 0 0.555918 545.35 558.10 25.07 47.81 0 0.555105 1630.79 338.86 27.30 47.20 0 0.554908 1698.89 551.34 35.93 66.58 0 0.553378 783.46 436.90 24.69 47.56 0 0.542824 643.09 438.70 25.16 43.54 0 0.537685 594.36 386.81 23.03 43.93 0 0.536985 894.05 382.91 21.84 44.41 0 0.533327 701.31 436.59 23.78 46.77 0 0.532808 1010.06 429.47 24.60 49.37 0 0.532120 957.18 552.51 25.67 48.02 0 0.528283 1740.68 686.83 36.93 60.01 0 0.526423 1066.85 820.86 32.52 63.09 0 0.525321 1181.49 118.87 31.15 44.24 0 0.524241 1721.90 622.55 32.05 52.09 0 0.519670 841.77 438.55 23.45 46.47 0 0.518652 552.75 318.87 16.06 21.98 3 0.508810 978.56 430.54 25.25 49.41 0 0.508354 1590.23 81.44 23.05 37.55 0 0.502201 1451.63 21.26 39.41 18.53 0 0.481316 620.40 385.37 24.45 44.54 0 0.481114 1036.48 428.87 23.45 47.57 0 0.478022 530.75 442.03 25.92 47.08 0 0.457096 1661.71 443.63 28.34 47.00 0 0.453458 689.52 550.03 26.69 48.55 0 0.452737 1499.11 229.92 47.69 23.90 0 0.451144 896.63 549.72 26.78 51.75 0 0.446324 672.26 437.10 25.13 46.71 0 0.439545 868.41 440.41 24.09 50.74 0 0.437887 630.38 557.63 26.25 50.61 0 0.427991 662.01 551.37 26.28 49.72 0 0.414057 513.35 555.30 28.24 45.22 0 0.411777 1015.03 558.60 27.07 49.39 0 0.407069 1666.28 445.42 29.89 46.72 0 0.393529 1004.20 383.06 21.03 40.11 0 0.380794 749.63 553.18 27.08 47.19 0 0.374309 1735.41 682.96 37.03 61.72 0 0.373825 945.39 429.64 27.92 49.36 0 0.372265 1497.11 210.70 45.23 23.00 0 0.372013 536.44 391.15 26.26 39.23 0 0.365502 541.69 389.98 24.92 39.99 0 0.359274 779.41 552.20 27.49 52.60 0 0.345488 1509.19 269.03 47.37 24.49 0 0.332989 925.57 550.18 26.01 49.07 0 0.331604 810.62 384.51 22.27 45.92 0 0.331451 784.51 389.52 22.96 43.17 0 0.328663 530.60 320.21 13.76 21.01 3 0.328134 1589.59 87.42 25.34 39.61 0 0.327545 726.94 381.55 25.40 42.48 0 0.312028 727.93 436.07 25.04 46.08 0 0.287484 751.38 435.37 25.33 46.54 0 0.281488 703.31 381.92 24.77 44.03 0 0.280183 700.97 319.79 16.02 19.84 3 0.278216 1493.65 224.00 52.12 26.37 0 0.277411 1712.73 619.29 35.74 53.63 0 0.272281 757.70 388.80 24.54 42.59 0 0.265579 757.48 435.55 25.36 47.43 0 0.260496 592.94 390.44 24.50 51.41 0
267,0.586061 952.69 167.17 33.11 35.98 0 0.548762 1003.82 379.05 29.72 49.91 0 0.501659 281.74 866.27 66.60 81.36 1 0.461904 984.55 250.85 29.69 39.94 0 0.321124 967.95 203.38 27.59 36.23 0 0.318887 990.72 280.68 29.55 52.90 0 0.282694 988.93 265.67 29.44 52.23 0
268,0.680626 604.95 505.28 24.10 38.37 0 0.612457 697.40 514.44 22.07 36.20 0 0.565195 482.06 483.96 23.10 31.83 0 0.499090 410.63 470.64 25.30 32.36 0 0.466558 384.10 472.17 26.04 30.77 0 0.431019 332.91 460.25 31.00 32.51 0 0.425031 649.47 414.73 22.52 24.57 0 0.421823 564.54 417.27 34.06 19.34 0 0.412491 884.39 343.79 41.59 62.25 1 0.409527 1085.78 373.96 23.14 28.87 0 0.408143 978.29 310.97 23.80 31.67 0 0.404452 979.36 304.52 24.16 32.72 0 0.393904 628.86 508.30 22.20 37.59 0 0.366728 933.77 298.79 25.86 31.24 0 0.361329 885.39 332.37 49.85 72.58 1 0.357377 462.03 483.36 22.46 29.82 0 0.352518 966.91 296.47 20.81 31.49 0 0.335482 1064.57 371.80 21.73 31.72 0 0.317984 366.67 468.79 24.12 33.49 0 0.314508 528.76 410.35 29.68 24.35 0 0.291782 1178.17 387.31 19.90 24.35 0 0.283220 648.85 372.57 27.65 18.68 0 0.272891 410.52 476.12 24.70 32.52 0 0.251198 348.37 368.58 40.18 23.45 0 0.250756 1454.62 394.84 29.46 20.34 0
269,0.675499 1578.10 889.85 51.43 38.27 0 0.571189 923.48 975.02 47.86 41.97 0 0.569525 1683.11 944.70 53.95 36.52 0 0.543238 927.09 969.63 45.54 41.07 0 0.536833 1230.86 825.23 55.49 40.59 0 0.524740 1618.95 1035.19 65.85 42.65 0 0.522418 1522.21 963.53 56.26 39.98 0 0.520061 1190.13 879.73 43.52 30.68 0 0.505676 1478.68 926.44 52.52 35.05 0 0.494480 1331.26 724.23 42.17 32.24 0 0.489268 1642.34 993.52 64.03 39.29 0 0.484390 476.83 1017.84 32.84 42.80 0 0.478170 1366.79 891.83 53.29 38.63 0 0.477748 1223.35 844.48 49.50 37.18 0 0.474191 1515.53 709.34 31.93 27.38 0 0.468356 1842.80 882.76 53.00 35.91 0 0.468249 1430.92 963.79 62.60 47.04 0 0.467265 249.53 643.19 32.01 24.18 0 0.462191 1336.37 920.95 62.88 50.44 0 0.460966 1331.33 714.62 43.38 28.95 0 0.454250 1787.01 853.26 40.07 24.07 0 0.450779 1526.85 869.87 50.95 33.52 0 0.448527 1001.72 1009.26 56.04 51.11 0 0.448490 238.00 683.42 31.13 33.18 0 0.444564 1434.04 739.54 50.05 34.20 0 0.439030 1346.24 846.52 53.71 36.56 0 0.437415 1566.61 921.57 47.11 34.40 0 0.436684 1429.01 745.34 53.56 33.42 0 0.433922 1867.54 981.14 52.26 39.65 0 0.432898 238.84 636.80 38.18 26.76 0 0.430493 1851.64 1028.91 62.36 44.67 0 0.426771 341.29 710.93 24.00 25.99 0 0.424715 1556.58 926.10 46.20 33.21 0 0.422095 1619.35 762.29 37.09 31.81 0 0.419435 879.50 1027.78 46.17 47.79 0 0.406282 1471.12 1005.30 82.98 64.12 0 0.406129 1572.50 745.24 39.81 28.03 0 0.403405 1366.66 811.10 51.79 36.57 0 0.399587 1522.50 716.21 32.16 25.20 0 0.389985 588.41 937.06 35.15 31.39 0 0.384638 452.61 820.68 31.50 32.69 0 0.384145 1507.22 982.58 66.38 42.60 0 0.380074 202.16 605.94 36.36 24.17 0 0.377449 1284.87 772.03 45.94 36.96 0 0.374883 1360.49 817.79 55.70 40.86 0 0.366829 1482.15 914.82 53.23 36.58 0 0.358451 58.21 699.03 54.04 36.37 0 0.357076 1544.85 838.15 48.32 33.65 0 0.354135 1282.05 759.22 48.75 31.81 0 0.346905 1700.63 911.24 52.92 34.29 0 0.346488 1225.66 831.17 55.78 38.29 0 0.345896 1621.17 765.45 39.91 32.90 0 0.337925 1389.65 867.89 49.04 34.82 0 0.337714 373.94 754.89 37.74 31.43 0 0.333862 1624.13 1029.09 71.04 40.55 0 0.331442 0.00 540.87 43.95 26.07 0 0.331431 406.51 776.72 29.43 29.53 0 0.330101 1485.26 999.82 81.49 62.47 0 0.323434 1467.81 929.68 58.38 37.59 0 0.322378 47.84 661.27 52.04 32.38 0 0.322162 1776.05 843.86 41.62 27.19 0 0.315768 1701.45 902.46 50.40 33.49 0 0.314799 1357.98 875.38 59.75 39.08 0 0.311042 626.71 922.87 30.26 33.46 0 0.305932 1225.57 801.15 41.25 28.09 0 0.305133 1376.52 875.85 53.17 36.54 0 0.305090 1735.26 827.85 35.41 23.72 0 0.304106 1627.96 1020.11 73.55 37.26 0 0.303824 1723.97 821.38 37.58 24.96 0 0.300680 1570.74 740.64 37.45 28.98 0 0.297211 1299.17 771.17 38.17 33.39 0 0.289341 1577.42 880.51 50.63 35.75 0 0.289208 1439.08 982.70 77.63 59.89 0 0.282325 1686.96 798.33 42.00 26.09 0 0.281286 134.82 841.49 56.40 45.24 0 0.280386 44.59 633.52 46.26 30.50 0 0.279629 64.46 690.03 53.29 33.80 0 0.277944 118.46 822.85 47.69 33.44 0 0.274802 1364.91 681.79 37.22 22.11 0 0.271872 1520.49 978.22 61.72 41.54 0 0.267288 1677.74 796.12 40.17 28.18 0 0.267183 0.00 560.66 46.81 27.57 0 0.260952 1660.94 777.82 27.42 26.66 0 0.259994 1235.59 832.54 53.25 43.02 0 0.257394 624.22 971.99 35.20 27.69 0 0.257201 284.03 677.69 27.40 26.81 0 0.255437 31.91 634.30 45.39 31.16 0 0.254999 188.42 592.10 32.93 19.83 0 0.254744 1482.90 693.16 27.71 25.97 0
270,0.664174 770.39 353.70 31.37 49.93 0 0.621396 829.62 883.73 78.95 77.05 1 0.618602 768.68 281.06 30.74 51.95 0 0.560606 612.89 902.78 38.93 62.35 0 0.462474 855.93 61.74 26.68 39.29 0 0.421391 681.62 498.81 36.41 48.44 0 0.378031 609.54 909.82 37.90 60.23 0 0.336746 549.05 877.83 33.17 46.74 0 0.320517 554.71 867.51 31.88 48.95 0 0.281161 863.59 750.64 27.58 39.32 0 0.280559 873.94 704.55 34.71 30.08 0
271,0.688436 1174.29 353.41 171.52 76.81 0 0.678582 669.05 387.39 174.30 72.36 0 0.616494 1364.08 360.51 146.10 60.25 0 0.608444 1525.25 355.90 150.59 57.25 0 0.480487 1827.27 345.80 92.73 59.58 0 0.412031 911.07 331.98 227.26 107.64 1 0.363673 904.30 342.07 210.20 99.72 0
272,0.838896 954.89 598.08 38.28 70.23 1 0.742028 762.33 1009.59 26.85 27.08 3 0.724779 787.39 18.89 25.41 44.71 0 0.692295 901.90 891.13 30.66 54.45 0 0.668378 837.80 944.88 33.69 70.95 0 0.629129 911.54 985.07 30.99 74.47 0 0.528934 767.90 1064.30 27.03 15.70 3 0.520628 878.21 177.17 26.32 42.85 0 0.444070 915.16 167.17 24.78 46.34 0 0.428668 440.13 965.78 46.91 52.09 0 0.422026 762.65 1002.37 27.90 27.29 3 0.399734 827.26 817.28 29.04 56.87 0 0.383597 1001.88 805.12 31.64 46.51 0 0.359204 963.67 543.88 29.46 50.36 0 0.344965 1018.93 888.15 30.30 44.46 0 0.292723 574.27 180.04 54.97 26.64 0 0.285175 910.12 101.66 29.01 37.83 0 0.278515 858.58 0.00 23.00 24.60 0 0.262344 749.81 0.00 28.32 48.94 0 0.251535 914.81 146.10 24.52 36.81 0
273,
274,0.504169 821.11 520.52 39.10 21.23 0 0.448385 1137.83 543.56 50.26 24.77 0 0.429239 1072.12 540.16 46.12 21.16 0 0.420265 1008.12 532.00 47.67 24.04 0 0.413441 1128.88 544.12 47.34 23.97 0 0.405131 826.89 520.59 49.65 21.50 0 0.404858 891.28 521.36 42.26 23.97 0 0.398990 886.99 522.86 40.92 19.85 0 0.351393 1198.96 548.65 49.59 23.43 0 0.311533 534.52 495.18 38.09 16.37 0 0.311352 950.36 524.33 42.52 24.51 0 0.290838 762.30 517.65 39.03 16.85 0 0.288608 659.35 500.37 30.99 20.17 0 0.271309 520.81 494.36 41.86 16.85 0 0.265518 646.37 499.71 30.16 18.81 0 0.250791 1086.59 349.11 19.76 25.11 0
275,
276,0.620660 1637.02 694.67 30.96 62.39 1 0.462544 653.09 793.64 48.23 48.27 1 0.411702 997.98 829.95 47.18 31.65 3 0.330930 809.15 852.34 34.48 42.71 0
277,0.831832 1247.08 513.78 41.00 26.59 3 0.715887 1247.25 485.87 39.54 26.53 3 0.700999 827.42 728.76 75.30 118.27 0 0.655100 1238.54 778.40 52.78 31.00 3 0.652366 1247.63 561.53 43.45 26.13 3 0.629826 928.00 516.89 57.24 85.46 0 0.624837 1228.90 1011.80 58.77 33.49 3 0.615807 1228.89 920.73 55.07 34.64 3 0.609627 1240.66 738.63 51.74 33.78 3 0.604312 865.12 636.08 74.78 93.83 0 0.592446 1231.92 894.08 39.57 29.93 3 0.587005 950.45 456.62 53.72 65.19 0 0.584349 1226.21 916.22 51.96 32.01 3 0.547944 1228.86 1029.93 59.35 34.56 3 0.537188 1246.03 544.60 42.13 25.75 3 0.493175 1236.39 800.64 53.12 32.70 3 0.491279 1232.60 937.85 60.99 42.94 3 0.416000 978.00 424.46 40.79 26.99 3 0.414591 1001.28 390.07 31.15 28.08 3 0.410526 1092.51 136.46 30.31 29.76 0 0.408366 1237.02 744.89 54.64 31.42 3 0.388226 1232.18 845.74 43.11 30.21 3 0.384458 1080.11 169.82 32.99 48.24 0 0.363921 1232.54 1034.81 60.49 35.14 3 0.352468 1239.07 817.96 53.93 32.32 3 0.348784 1076.37 176.72 35.02 47.44 0 0.333074 1227.73 850.15 46.33 30.03 3 0.310913 1017.66 311.22 42.46 31.02 0 0.306438 1230.66 988.62 63.56 36.93 3 0.306302 1004.19 378.29 31.04 27.47 3 0.256658 986.18 399.18 41.32 30.35 3
278,0.366069 0.00 445.40 170.37 93.04 0 0.356387 316.85 86.40 23.13 19.00 0 0.325822 419.24 217.69 35.02 32.17 0 0.320771 645.20 473.14 232.05 79.07 0 0.291005 784.88 152.82 25.75 23.85 0 0.264868 23.02 471.35 136.98 67.11 0 0.255354 1504.01 134.02 30.03 24.44 0 0.250389 1225.58 177.15 32.00 27.83 0
279,0.683133 989.44 23.48 117.73 60.61 0 0.669736 853.05 310.38 118.02 55.34 0 0.661581 995.95 190.15 108.45 52.64 0 0.655472 1008.28 363.17 119.12 62.71 0 0.645803 1004.00 802.84 122.02 60.78 0 0.643864 1241.53 10.27 49.08 38.14 3 0.634109 430.24 44.74 119.77 54.61 0 0.633252 851.83 428.23 113.39 54.81 0 0.626307 848.17 31.31 105.10 54.27 0 0.626283 1031.22 669.30 110.71 54.11 0 0.621232 563.52 380.55 119.34 53.31 0 0.620030 1266.23 316.87 45.35 29.26 3 0.608995 544.13 564.36 126.94 61.76 0 0.606820 554.43 264.56 114.45 55.76 0 0.606797 534.96 626.28 128.90 58.60 0 0.601676 398.49 161.97 117.94 54.98 0 0.599473 994.83 483.12 116.27 55.67 0 0.592194 559.13 149.69 117.56 60.27 0 0.583399 847.56 87.84 113.09 56.98 0 0.582221 849.25 144.25 109.76 55.30 0 0.576395 553.13 501.39 109.95 55.07 0 0.568548 860.45 365.67 113.16 62.09 0 0.568373 851.60 248.65 117.18 59.78 0 0.563897 870.65 949.45 116.11 59.67 0 0.561770 999.04 545.08 112.88 59.96 0 0.561748 1021.91 739.21 118.31 57.63 0 0.554997 539.09 758.82 120.82 59.92 0 0.547524 1266.77 348.90 46.34 30.98 3 0.545322 850.90 552.73 121.69 60.66 0 0.544997 566.92 46.07 107.34 57.15 0 0.539137 847.36 486.15 119.74 61.93 0 0.531683 424.42 98.27 111.11 60.14 0 0.531523 549.72 209.25 116.76 59.74 0 0.525404 851.76 678.96 114.00 65.75 0 0.520941 532.27 822.86 128.76 66.84 0 0.505217 861.93 613.00 111.53 57.39 0 0.495843 42.50 992.47 122.67 57.13 0 0.490728 566.81 98.45 107.96 53.90 0 0.480491 999.61 605.09 112.04 58.51 0 0.476118 541.02 435.58 125.33 60.59 0 0.471341 1005.20 870.22 115.67 53.33 0 0.470924 1260.37 278.05 45.27 27.67 3 0.469149 878.27 1019.85 109.67 57.24 0 0.464460 1017.02 422.94 103.60 55.61 0 0.458835 1035.22 939.70 117.02 66.49 0 0.454501 565.38 327.54 112.03 57.87 0 0.452204 19.82 987.31 77.59 66.48 0 0.449523 844.84 817.22 132.03 60.81 0 0.436530 843.42 748.59 126.90 61.61 0 0.433425 994.09 135.26 109.16 53.96 0 0.431745 528.64 965.56 128.74 65.70 0 0.400395 1035.70 1010.94 114.32 54.71 0 0.373712 543.36 895.77 118.57 58.86 0 0.372024 851.92 202.38 115.84 56.81 0 0.362693 515.99 1035.23 137.57 44.77 0 0.335053 20.29 985.29 109.98 65.14 0 0.309692 1239.75 0.00 46.30 27.81 3 0.279305 1256.38 247.82 44.53 27.43 3 0.276059 566.52 40.62 94.91 52.14 0 0.271490 525.22 824.53 113.14 57.87 0 0.266609 1238.72 14.30 54.30 41.04 3
280,0.606952 497.43 834.65 40.64 78.76 1 0.595573 958.11 679.12 28.52 56.49 0 0.553283 899.46 720.32 31.47 62.70 0 0.539536 243.32 936.76 70.78 32.86 0 0.534635 1010.90 440.30 37.27 67.09 1 0.506684 599.69 842.73 31.86 61.40 0 0.461403 835.07 769.62 24.80 27.27 3 0.458831 993.42 546.65 31.32 48.23 0 0.440547 1028.82 397.69 26.63 43.08 0 0.438426 832.47 717.74 29.80 33.96 3 0.409947 646.08 930.52 81.68 38.62 0 0.401645 832.88 823.79 23.79 31.82 3 0.399116 958.59 761.50 31.14 59.22 0 0.399085 318.67 937.68 24.66 30.33 3 0.382470 833.98 763.47 26.84 27.70 3 0.337627 967.58 634.25 15.97 25.25 3 0.333969 558.70 728.53 42.19 34.22 0 0.326921 1005.83 172.58 25.95 28.71 0 0.323921 1004.04 85.58 24.15 29.65 0 0.318780 680.24 875.98 57.39 30.36 0 0.306388 1056.23 664.99 34.19 44.00 0 0.300253 551.18 722.54 43.09 33.33 0 0.293443 663.61 923.21 72.12 37.20 0 0.288296 833.91 851.55 21.96 25.06 3 0.276000 887.58 188.37 24.92 32.17 0 0.254445 1014.42 206.00 25.30 33.19 0
281,0.679907 59.41 138.16 39.41 56.81 0 0.645178 290.12 255.17 34.83 61.40 0 0.632167 1065.30 344.51 49.23 73.20 0 0.606243 77.06 24.33 31.13 45.56 0 0.591669 295.70 587.51 45.45 78.22 0 0.551819 23.53 419.07 43.82 76.86 0 0.525011 46.66 258.37 34.96 61.19 0 0.506477 291.30 19.95 30.62 47.03 0 0.497530 1.08 608.66 41.35 78.99 0 0.495429 291.69 133.27 27.49 45.64 0 0.461337 295.19 673.31 43.56 46.69 0 0.333207 51.69 203.07 24.92 40.63 0 0.297370 284.70 574.33 51.39 74.24 0 0.258977 1319.77 575.87 24.09 66.40 0
282,0.690582 763.79 359.31 25.95 53.65 0 0.682420 830.44 435.64 28.43 62.56 0 0.681675 889.95 352.79 27.99 58.63 0 0.678973 864.95 435.58 29.94 63.20 0 0.631685 667.95 369.20 26.68 54.63 0 0.616317 698.20 366.72 24.07 52.33 0 0.607204 647.40 459.05 26.25 54.72 0 0.604854 959.31 431.46 25.42 55.14 0 0.600922 209.25 298.54 31.10 54.72 0 0.597359 1046.64 649.79 58.81 29.74 0 0.593224 990.18 430.22 25.74 53.85 0 0.583950 246.34 297.02 28.18 56.01 0 0.576520 883.97 794.17 28.85 54.34 0 0.570549 93.03 497.00 31.15 61.23 0 0.556057 223.73 165.95 33.52 59.44 0 0.555601 927.50 794.50 24.98 57.10 0 0.554400 293.88 160.12 30.26 59.09 0 0.554366 1099.53 427.38 26.36 52.70 0 0.545377 990.20 547.79 25.87 52.39 0 0.545108 1054.52 549.11 26.98 53.18 0 0.540104 797.27 443.31 26.16 54.53 0 0.536302 745.29 776.98 27.26 51.13 0 0.534411 834.94 24.46 49.09 66.12 1 0.533981 1022.86 543.83 29.54 55.19 0 0.533237 793.08 363.15 26.89 56.39 0 0.532532 919.65 353.31 25.39 56.07 0 0.531162 985.93 346.62 26.48 60.44 0 0.527032 676.35 778.70 26.89 52.76 0 0.525594 555.12 779.61 25.58 56.47 0 0.523859 160.48 491.41 30.13 55.44 0 0.523292 576.99 177.19 27.37 68.21 0 0.515834 1020.52 347.85 27.51 57.54 0 0.510838 1055.01 349.35 26.89 59.20 0 0.507861 594.33 787.71 27.53 49.90 0 0.507451 953.12 350.78 27.28 59.37 0 0.492576 262.94 167.97 28.79 53.92 0 0.483511 1023.19 430.79 28.40 56.75 0 0.470004 166.90 172.21 31.12 60.50 0 0.468919 628.69 784.97 26.29 50.47 0 0.460536 827.77 359.03 27.01 61.60 0 0.459704 844.89 235.77 27.15 57.85 0 0.456609 729.26 362.05 27.33 53.23 0 0.446236 675.14 0.00 29.31 49.69 0 0.438664 106.18 47.98 35.79 61.79 0 0.437925 156.38 55.13 28.99 50.42 0 0.403959 608.64 468.79 27.29 51.15 0 0.399003 1063.91 424.81 27.52 60.35 0 0.398984 130.99 494.89 30.20 56.81 0 0.393078 834.17 19.24 49.18 70.97 0 0.386442 927.18 432.38 27.15 53.84 0 0.374078 683.33 57.37 45.49 61.86 0 0.371462 821.65 778.24 27.92 53.56 0 0.348920 831.17 550.85 63.64 30.04 0 0.339281 250.33 296.80 29.71 58.00 0 0.334091 387.35 281.76 28.69 58.21 0 0.315262 853.20 773.77 27.26 58.72 0 0.293878 833.64 0.00 42.14 27.20 0 0.290110 1058.02 688.59 67.07 31.97 0 0.274572 296.46 165.29 31.58 59.70 0 0.268251 186.39 491.29 29.56 49.25 0 0.262548 101.72 40.61 33.74 64.68 0
283,0.592934 0.00 435.73 204.02 91.26 0 0.496388 799.41 375.77 221.40 98.86 0 0.398454 531.88 395.33 208.98 89.28 0 0.384226 1462.28 348.77 180.96 77.32 0 0.337374 30.17 431.12 201.65 78.72 0 0.255390 844.61 380.05 169.13 85.71 0
284,0.609192 764.20 500.37 64.65 62.81 0 0.573736 826.10 149.87 65.39 60.41 0 0.567592 613.87 789.32 72.12 64.58 0 0.561984 660.60 867.72 69.90 63.51 0 0.559273 903.20 222.94 65.30 59.35 0 0.554100 975.49 746.14 71.06 63.30 0 0.550239 853.57 173.46 61.50 57.88 0 0.543474 399.27 542.26 69.50 64.57 0 0.521484 768.29 824.28 64.87 59.65 0 0.515159 826.35 891.40 68.95 62.99 0 0.509614 451.29 605.80 69.11 61.53 0 0.499890 450.99 451.50 67.33 61.92 0 0.499015 616.72 626.35 65.26 60.36 0 0.498037 948.90 722.49 66.47 59.16 0 0.497104 881.24 954.01 68.76 68.43 0 0.490234 691.24 411.44 63.29 58.58 0 0.477956 739.27 784.39 67.62 70.23 0 0.475957 429.51 579.78 62.62 57.40 0 0.473998 642.47 652.46 63.15 61.03 0 0.471094 796.61 864.58 71.47 62.36 0 0.463187 531.12 540.54 72.81 62.44 0 0.461582 689.91 725.80 66.78 64.45 0 0.460879 638.62 817.23 72.24 71.51 0 0.459619 851.42 928.52 71.20 66.79 0 0.458647 908.63 1003.80 70.66 64.61 0 0.452286 802.14 1024.37 73.58 55.63 0 0.451945 906.20 91.13 64.04 53.98 0 0.450763 556.59 733.55 64.46 61.63 0 0.446359 715.45 438.77 62.25 62.19 0 0.445528 812.94 554.69 69.20 63.00 0 0.442336 681.85 892.46 78.80 71.36 0 0.441303 534.96 699.56 63.25 63.84 0 0.438113 1116.48 733.55 63.95 56.24 0 0.438104 1001.69 768.83 70.06 75.12 0 0.435287 1172.05 816.92 67.14 53.83 0 0.424135 813.58 886.57 75.90 72.60 0 0.420992 873.86 623.17 68.91 61.03 0 0.420751 411.59 539.03 67.26 59.64 0 0.418473 718.51 754.86 68.96 66.14 0 0.417142 834.82 161.26 69.04 62.53 0 0.411965 646.12 823.54 72.58 78.02 0 0.409280 470.54 470.17 66.28 60.40 0 0.403026 1069.16 845.51 70.87 67.83 0 0.401867 639.99 346.24 71.29 61.37 0 0.400522 662.61 378.28 67.38 59.11 0 0.397297 492.71 629.36 66.30 61.02 0 0.393603 524.94 547.23 65.35 61.52 0 0.393543 1040.86 812.61 63.03 63.05 0 0.393152 1091.54 886.58 71.70 65.57 0 0.388325 660.97 691.16 69.83 65.69 0 0.386853 898.81 650.74 66.69 64.51 0 0.386769 771.72 991.94 78.41 69.02 0 0.381031 928.43 1028.07 78.10 51.93 0 0.377141 586.14 589.10 70.79 62.63 0 0.370780 1143.22 781.95 65.98 60.50 0 0.370477 874.69 945.49 72.75 66.10 0 0.369212 736.44 463.36 70.48 69.38 0 0.363761 862.97 617.32 65.13 67.30 0 0.359453 1011.51 777.69 68.61 67.25 0 0.357197 504.52 511.88 66.52 57.16 0 0.356643 840.31 591.34 67.37 68.27 0 0.354483 504.55 668.60 60.15 61.88 0 0.354145 316.07 264.64 74.65 58.13 1 0.345446 835.97 580.66 70.24 62.06 0 0.340834 516.18 655.92 64.85 64.64 0 0.339182 926.52 696.02 67.12 60.43 0 0.338512 595.28 764.77 67.83 69.45 0 0.335086 110.10 418.68 46.03 40.29 3 0.333810 831.95 897.63 68.23 66.35 0 0.331474 549.86 736.62 63.86 66.50 0 0.318567 1164.69 821.50 65.75 61.83 0 0.315437 752.63 488.25 71.58 63.88 0 0.312129 514.80 513.90 65.85 57.44 0 0.305381 936.97 718.70 72.29 65.72 0 0.302304 748.88 780.38 67.51 66.41 0 0.297708 482.23 467.70 71.46 63.01 0 0.295335 567.16 740.69 59.77 65.72 0 0.290172 419.70 556.05 66.61 62.71 0 0.288613 740.93 472.22 71.64 67.27 0 0.288327 458.84 447.45 68.25 57.87 0 0.287845 628.91 641.89 66.26 65.04 0 0.287110 611.42 776.76 69.95 64.36 0 0.286228 469.61 459.90 72.52 62.44 0 0.282029 722.73 445.98 63.05 63.09 0 0.278487 853.38 601.45 67.09 66.75 0 0.276941 754.69 983.90 84.91 75.01 0 0.274862 860.60 180.26 58.63 57.10 0 0.272817 903.83 988.20 84.12 68.42 0 0.270924 967.10 739.37 70.19 66.14 0 0.270599 846.72 916.79 73.03 62.36 0 0.269961 660.60 682.98 71.81 58.84 0 0.269348 479.72 476.84 61.03 59.85 0 0.265167 1346.77 446.73 82.75 55.27 0 0.261442 1018.78 782.96 65.63 70.52 0 0.258674 441.02 590.15 67.76 68.25 0 0.258576 1086.74 875.12 78.97 60.16 0 0.257917 909.80 675.14 67.17 61.78 0 0.257402 673.08 693.41 70.66 72.69 0 0.256590 914.68 220.83 61.79 56.74 0
285,0.560001 859.64 584.19 45.03 59.17 0 0.422939 496.89 483.16 33.73 38.46 0 0.380808 615.19 454.61 30.02 37.72 0 0.373893 449.99 453.21 38.26 39.63 0 0.368356 500.30 464.05 37.97 37.26 0 0.357823 567.51 459.61 33.40 41.80 0 0.335198 536.75 473.75 34.67 46.23 0 0.329374 684.50 587.48 53.36 42.43 0 0.329084 527.09 460.54 34.29 39.13 0 0.316632 454.20 485.14 38.21 37.02 0 0.274789 700.43 580.00 48.43 45.72 0 0.254309 815.24 607.18 29.59 32.02 0
286,0.607752 1815.45 791.87 49.59 46.13 3 0.375389 201.10 287.99 53.77 132.29 1 0.291116 237.32 537.64 57.26 121.61 1
287,0.508480 291.95 753.92 63.83 29.09 0 0.458223 1344.91 473.24 57.58 33.07 0 0.452871 389.98 746.95 47.67 28.40 0 0.433273 923.07 711.79 57.14 29.32 0 0.418588 536.03 726.20 66.71 27.07 0 0.411546 372.98 748.03 53.24 27.61 0 0.410135 473.52 738.42 52.49 26.61 0 0.378087 980.76 862.72 33.82 34.80 1 0.346795 601.19 582.79 77.99 37.08 1 0.302097 532.27 728.25 63.47 29.06 0 0.285471 224.57 756.86 62.91 27.23 0 0.281348 1628.67 384.83 58.92 28.61 0 0.275403 1423.66 450.99 46.35 23.66 0 0.266412 1413.72 356.08 34.76 24.05 0
288,0.727380 1003.76 523.00 24.16 44.18 0 0.665830 1333.12 654.87 32.57 56.97 0 0.664373 1411.89 875.22 32.86 60.76 0 0.658482 1556.36 459.23 30.44 51.54 0 0.640528 1365.53 464.37 24.97 41.99 0 0.619543 1623.51 878.54 35.64 59.54 0 0.613673 1820.65 872.85 33.38 58.44 0 0.608830 1313.06 880.38 35.29 68.63 0 0.608061 1822.63 638.60 33.18 57.30 0 0.607189 1450.88 875.09 32.14 59.55 0 0.605493 1197.04 552.64 27.32 53.08 0 0.600748 1365.83 658.84 31.91 53.61 0 0.592349 839.12 715.00 27.84 65.48 0 0.585435 1397.50 656.44 29.76 53.29 0 0.578721 1590.13 455.73 29.79 54.65 0 0.578197 1432.28 657.91 28.42 55.27 0 0.573891 1871.74 1018.64 35.18 61.36 0 0.552447 1871.50 767.98 30.35 52.51 0 0.543364 1489.37 648.07 31.96 57.15 0 0.536991 831.18 632.68 34.83 69.18 0 0.533086 1419.12 465.53 27.47 46.94 0 0.530075 1724.62 876.50 30.03 59.05 0 0.527337 998.39 217.00 23.40 42.86 0 0.516643 1691.77 876.08 31.30 57.57 0 0.515816 1070.33 132.55 43.12 22.06 0 0.512373 1082.74 295.43 51.19 26.26 0 0.511645 1862.07 448.61 30.68 52.45 0 0.507002 1092.28 328.48 48.42 27.27 0 0.501032 1116.77 680.90 58.60 28.50 0 0.498491 1627.62 775.52 32.87 59.48 0 0.493656 1840.21 768.03 29.99 50.97 0 0.493162 1252.59 468.62 27.98 53.16 0 0.492167 1804.97 449.74 32.15 52.29 0 0.491732 1205.61 255.62 45.21 21.24 0 0.490318 991.11 50.01 16.16 38.14 0 0.484183 1360.45 573.46 28.57 48.10 0 0.483106 1309.29 469.63 28.53 47.07 0 0.481886 1445.33 463.82 26.36 48.94 0 0.478326 1771.02 1028.97 37.52 51.03 0 0.478163 1302.58 464.36 28.91 50.61 0 0.474980 1556.96 649.65 33.96 60.43 0 0.462487 877.42 615.82 29.10 55.43 0 0.453525 1885.72 1021.74 33.77 58.26 0 0.446315 1122.23 708.26 54.80 28.30 0 0.445870 1523.24 648.60 33.07 60.65 0 0.445618 1591.84 1032.05 38.72 47.95 0 0.441104 1871.00 637.98 37.93 55.95 0 0.438618 1080.06 277.45 46.09 24.60 0 0.438327 1851.58 873.20 33.35 56.56 0 0.436831 1654.54 775.43 31.42 59.69 0 0.435905 1794.59 771.87 31.35 51.75 0 0.416603 1078.52 293.69 48.11 24.90 0 0.415227 1621.54 775.62 32.30 58.10 0 0.413383 1788.23 873.96 29.62 57.36 0 0.412797 1890.81 446.27 27.51 52.91 0 0.412184 1656.58 878.97 31.31 58.25 0 0.407305 1698.98 1035.68 36.58 44.32 0 0.401360 1559.74 887.27 35.65 53.12 0 0.401260 1885.37 868.00 34.36 67.45 0 0.396478 1513.73 885.73 33.77 50.12 0 0.383610 1858.77 871.71 40.31 58.92 0 0.380984 1632.64 562.54 28.95 49.45 0 0.376592 862.70 69.85 22.64 41.53 0 0.376549 1878.76 640.13 34.89 55.18 0 0.376305 1673.83 647.51 37.34 55.44 0 0.376211 1326.60 654.60 29.00 51.30 0 0.355214 1834.29 449.40 30.39 50.44 0 0.346276 1895.31 769.39 24.69 50.45 0 0.345263 1388.31 575.40 27.11 49.75 0 0.337846 1643.79 566.21 30.27 50.63 0 0.334263 1703.65 773.77 27.31 34.08 0 0.328141 1384.09 572.95 30.68 43.46 0 0.320688 1780.81 872.70 31.37 56.89 0 0.319982 1073.06 113.60 39.29 20.58 0 0.318042 1662.32 647.85 35.61 54.82 0 0.315794 1080.39 257.06 46.34 24.09 0 0.314274 997.70 310.08 24.56 44.13 0 0.308701 1520.97 887.62 32.14 49.82 0 0.289369 833.55 790.94 24.92 40.15 3 0.287944 870.39 759.58 31.35 61.99 0 0.287764 1821.05 449.92 33.42 48.92 0 0.286508 1318.67 580.40 25.33 47.71 0 0.263806 993.53 123.24 21.34 38.08 0 0.260293 1615.61 875.37 38.38 62.84 0 0.252823 1071.79 148.79 45.42 23.80 0
289,0.395890 1220.33 517.55 71.27 35.26 1
290,0.370017 1110.03 112.40 22.76 30.01 0 0.337876 1112.14 60.86 24.59 34.06 0 0.323678 550.69 364.58 32.55 39.72 1 0.313284 1130.35 156.68 34.77 26.15 0 0.275509 1119.99 63.36 23.42 29.72 0
291,0.685487 621.61 548.11 62.53 38.71 0 0.670815 539.89 702.22 65.34 43.92 0 0.641868 464.67 983.28 71.99 46.86 0 0.616599 823.53 688.02 63.00 41.01 0 0.605608 614.51 585.46 64.45 42.48 0 0.586904 739.52 491.59 56.59 38.80 0 0.586520 548.20 662.34 63.21 44.80 0 0.580093 1357.11 46.87 55.97 41.03 0 0.575656 411.38 911.05 64.34 46.96 0 0.573629 751.12 806.60 71.05 52.15 0 0.562803 355.43 1009.03 65.13 50.36 0 0.558142 855.29 625.06 66.18 44.29 0 0.556811 249.28 967.58 37.77 24.97 3 0.552357 659.88 643.93 67.27 45.67 0 0.536467 786.72 728.45 71.51 59.14 0 0.527800 396.05 947.72 68.30 50.26 0 0.525306 649.87 672.07 68.37 43.63 0 0.521631 524.86 727.08 66.92 45.43 0 0.517983 1089.03 702.16 63.46 41.59 0 0.509476 732.68 528.04 66.35 42.26 0 0.506741 837.95 657.21 64.97 41.76 0 0.505093 489.68 944.20 69.48 45.69 0 0.497856 796.71 712.35 72.61 59.15 0 0.497036 540.98 851.74 71.14 45.80 0 0.495955 650.17 996.08 68.83 47.50 0 0.495262 623.55 1028.19 80.85 51.81 0 0.492329 629.32 699.47 66.42 43.74 0 0.492321 1231.07 0.00 58.84 27.45 0 0.490797 1093.14 669.07 72.17 46.42 0 0.490500 1287.69 14.23 65.45 46.16 0 0.478197 1180.49 711.03 63.81 41.62 0 0.478052 572.61 796.30 67.05 42.69 0 0.476902 662.33 960.26 70.51 47.81 0 0.476150 674.16 933.12 70.41 50.08 0 0.475332 602.59 729.11 67.92 48.74 0 0.473244 597.83 606.75 63.87 47.36 0 0.472475 873.68 598.41 64.88 43.26 0 0.469394 1062.24 761.94 60.01 43.81 0 0.468333 428.22 82.93 57.90 55.73 0 0.468116 573.78 630.64 65.60 42.88 0 0.460894 736.50 830.09 76.12 51.03 0 0.456039 513.46 757.15 60.73 43.14 0 0.454594 1091.44 663.60 69.34 43.70 0 0.444696 653.82 490.66 62.74 42.03 0 0.440685 468.32 811.15 63.40 48.01 0 0.437719 718.53 872.29 66.42 47.62 0 0.434428 498.14 916.97 67.14 49.96 0 0.424250 631.09 515.50 65.26 45.58 0 0.419682 515.66 887.78 66.59 48.54 0 0.419051 699.25 586.88 51.22 38.64 0 0.417595 587.25 604.58 65.78 48.46 0 0.412849 588.64 757.10 69.08 46.38 0 0.399042 557.28 823.41 71.08 56.85 0 0.394559 702.74 896.29 67.93 52.91 0 0.394042 713.85 551.61 57.04 40.00 0 0.391899 735.89 518.54 61.39 39.63 0 0.389620 803.73 709.89 71.41 50.69 0 0.389030 670.35 946.32 71.56 51.35 0 0.387795 481.49 950.71 69.59 49.96 0 0.381422 545.10 834.36 75.30 56.39 0 0.361567 478.56 788.49 62.28 44.03 0 0.359691 339.08 827.21 29.94 23.22 3 0.358973 636.66 513.00 68.34 43.48 0 0.358841 685.48 928.18 69.38 49.97 0 0.351954 845.49 645.52 65.20 49.61 0 0.347939 1632.08 30.61 41.45 24.49 0 0.347818 597.16 742.96 70.50 50.67 0 0.344003 641.00 504.18 73.12 48.38 0 0.338804 623.15 538.92 70.86 43.01 0 0.335844 655.16 650.16 70.33 51.45 0 0.334816 547.34 671.34 65.49 48.66 0 0.327692 689.18 578.96 46.83 38.08 0 0.327067 235.29 991.11 49.28 23.85 3 0.324185 533.67 704.87 69.70 55.34 0 0.323697 461.89 805.72 62.24 49.73 0 0.319203 611.38 1038.91 82.98 41.09 0 0.318068 717.88 541.19 65.26 39.53 0 0.317406 693.04 905.05 73.04 51.10 0 0.309008 518.01 742.06 64.39 55.03 0 0.299621 467.29 804.17 66.34 45.72 0 0.296867 809.60 690.31 70.92 48.85 0 0.294972 610.40 580.65 61.90 56.12 0 0.294907 1239.23 0.00 58.41 36.04 0 0.292759 356.87 799.43 31.66 24.88 3 0.284589 504.07 896.68 71.50 60.57 0 0.279055 445.46 1021.92 76.75 45.42 0 0.276601 625.85 704.77 61.00 47.91 0 0.276009 234.92 995.82 42.72 20.54 3 0.273455 859.45 615.03 71.15 44.38 0 0.268747 652.98 983.94 68.95 55.99 0 0.268520 744.19 817.33 76.17 53.40 0 0.267758 750.35 534.16 56.85 39.32 0 0.257557 606.22 712.36 76.87 56.59 0 0.255464 435.10 1029.62 79.26 50.38 0 0.255192 488.50 781.04 59.53 43.39 0 0.252334 824.97 667.56 68.25 52.58 0
292,0.627977 668.11 772.15 63.09 26.12 0 0.602776 1564.43 206.50 49.75 26.06 0 0.601295 905.10 729.87 61.87 25.73 0 0.575465 206.85 657.86 64.21 25.50 0 0.572722 441.09 683.11 52.35 21.65 0 0.562019 1817.38 821.34 67.61 32.27 0 0.550742 1841.05 157.41 55.47 28.18 0 0.536977 1707.46 62.65 42.91 24.46 0 0.509954 1839.12 127.83 51.27 26.86 0 0.506540 1717.69 125.09 49.36 27.51 0 0.500638 1754.20 233.02 41.18 24.72 0 0.478734 1512.25 260.09 42.61 21.98 0 0.472457 1736.56 179.66 48.73 27.87 0 0.467537 1850.56 11.76 45.27 28.33 0 0.450590 1695.44 37.63 47.94 25.16 0 0.446918 1849.87 187.28 53.10 24.53 0 0.439620 1712.33 88.35 45.38 25.32 0 0.431921 1757.91 249.49 41.73 22.34 0 0.424117 1812.01 61.51 47.60 24.99 0 0.413758 1688.24 15.21 44.23 27.54 0 0.411714 1730.99 161.72 48.91 26.83 0 0.376966 1818.94 84.32 47.91 26.16 0 0.376188 1894.31 824.94 25.69 31.91 0 0.372911 1830.10 110.27 43.18 22.32 0 0.363638 1575.04 254.38 50.70 26.45 0 0.358365 1704.13 56.04 48.54 26.38 0 0.358301 1891.45 128.45 27.52 23.99 0 0.357966 1684.51 7.02 45.25 28.90 0 0.357259 1744.82 210.25 45.72 25.76 0 0.357184 1715.80 102.00 47.82 25.87 0 0.338388 1697.78 43.03 48.76 28.11 0 0.332937 1741.50 811.19 65.68 30.75 0 0.329756 1619.26 0.00 50.38 21.45 0 0.324751 1576.51 261.89 54.16 28.16 0 0.321631 1726.55 350.31 53.23 25.00 1 0.319793 1789.27 9.32 51.07 26.59 0 0.313680 1874.02 66.02 40.89 23.42 0 0.309907 1887.59 255.75 32.41 26.84 0 0.308553 1740.31 352.80 43.76 25.36 1 0.285525 1895.54 278.92 24.46 24.33 0 0.281977 1.05 0.00 105.22 34.53 0 0.280588 1727.82 158.98 48.81 24.63 0 0.279202 1708.42 79.92 47.73 27.00 0 0.271034 1616.27 0.19 53.61 27.69 0 0.267476 1877.48 257.24 40.68 25.83 0 0.258091 1887.56 103.22 31.03 24.14 0 0.257314 1841.06 163.80 52.34 27.34 0 0.256211 198.94 658.53 68.61 29.88 0 0.253144 1797.04 29.44 51.18 25.54 0 0.252962 1874.40 223.48 44.93 26.58 0
293,
294,0.493595 1008.96 620.39 35.72 68.55 0 0.408516 1008.31 776.80 41.93 70.64 0 0.367339 1000.39 706.72 42.89 72.11 0 0.342218 1007.73 696.37 37.70 79.31 0 0.319719 1004.44 860.79 44.31 86.55 0 0.285657 878.52 996.83 32.72 63.22 3 0.281820 1440.57 0.00 245.62 132.70 0
295,
296,0.524685 1725.71 611.82 70.09 32.63 0 0.451626 148.40 398.36 65.90 31.88 0 0.448331 243.23 410.11 70.18 29.86 0 0.415287 76.77 388.65 59.58 29.34 0 0.412826 989.43 509.04 63.41 27.93 0 0.360175 1481.95 580.25 60.27 28.72 0 0.272707 2.11 379.09 69.26 31.33 0 0.261742 85.62 389.88 61.47 31.71 0
297,0.400649 976.45 616.64 34.33 54.17 0 0.391482 970.87 484.81 31.96 56.37 0 0.375148 974.95 625.34 34.15 57.25 0 0.363010 964.44 434.05 31.17 48.97 0 0.300141 953.32 387.71 28.56 45.30 0 0.297792 942.70 332.77 29.82 43.83 0
298,0.810529 1291.73 977.92 73.75 55.58 3 0.794461 28.01 314.36 183.14 89.04 1 0.780792 1245.50 780.48 60.45 31.62 3 0.731797 1245.50 815.23 67.89 35.73 3 0.730735 943.71 428.64 57.67 31.85 3 0.696277 1289.18 415.49 55.07 27.72 3 0.655750 1287.22 953.97 72.41 62.12 3 0.643307 1247.07 805.71 70.63 42.58 3 0.618829 1352.76 347.46 148.94 66.97 0 0.599174 1228.40 721.33 56.09 32.42 3 0.580506 1520.07 353.03 131.35 59.40 0 0.554510 1702.78 361.02 120.38 55.75 0 0.529507 1006.67 108.73 44.84 72.39 0 0.521372 1562.79 533.49 153.87 68.20 0 0.488522 1215.13 683.69 67.23 34.89 3 0.468562 1853.53 358.96 66.47 54.82 0 0.455880 406.62 877.09 74.49 117.58 1 0.454479 1231.92 705.80 60.11 43.59 3 0.447957 753.21 1.58 48.97 94.50 0 0.430884 96.74 83.20 43.30 32.78 3 0.430664 1242.61 67.70 49.60 63.63 0 0.389300 742.30 16.38 59.84 94.46 0 0.383981 73.62 267.69 37.43 47.36 3 0.350234 1003.61 11.11 40.83 32.21 1 0.346581 732.41 111.44 61.53 56.66 0 0.333113 1282.85 956.91 85.05 73.79 3 0.329983 525.29 538.02 72.29 41.24 3 0.324303 1219.20 693.53 64.04 34.14 3 0.309925 1563.74 535.61 154.31 65.29 1 0.294766 1286.92 942.71 74.81 58.73 3 0.253784 1222.37 708.95 63.15 38.01 3
299,0.790462 1071.53 444.48 24.86 46.75 0 0.660420 1216.92 85.79 24.81 39.93 0 0.655330 1446.95 126.80 23.80 40.38 0 0.651692 1319.06 275.55 25.33 43.77 0 0.640425 1030.54 400.38 24.09 45.87 0 0.626569 979.51 445.53 29.30 61.29 0 0.613632 1111.40 504.26 22.54 44.47 0 0.612555 1580.84 264.43 24.26 42.13 0 0.598956 1374.31 136.95 24.91 39.76 0 0.582917 1813.96 244.81 35.21 46.38 0 0.582319 1326.83 136.25 23.70 41.05 0 0.569273 1675.65 254.45 26.39 39.96 0 0.566960 1393.48 270.06 26.23 38.76 0 0.562484 1346.19 16.65 22.33 31.24 0 0.555717 1098.98 673.02 26.82 50.26 0 0.554819 1369.08 829.39 67.83 33.74 0 0.552113 1410.85 11.79 22.26 35.08 0 0.543723 1389.58 15.36 20.88 32.96 0 0.541781 1702.74 255.50 28.53 41.13 0 0.537848 1702.41 117.08 26.29 41.13 0 0.528737 1747.82 196.12 28.65 35.33 0 0.520823 1559.91 207.63 25.44 36.53 0 0.518185 1749.37 253.30 30.20 43.12 0 0.517357 1395.06 371.45 31.48 39.52 0 0.516194 1369.73 87.81 21.46 33.84 0 0.513381 1168.01 152.59 40.18 21.32 0 0.505405 1551.45 262.77 26.94 44.21 0 0.504335 1356.28 877.37 49.67 39.86 0 0.491421 1629.28 260.91 26.33 41.12 0 0.468636 1601.27 262.07 25.25 40.10 0 0.464415 1562.89 70.32 24.04 40.17 0 0.463953 1420.39 270.00 25.26 37.38 0 0.460664 1282.18 438.34 56.63 27.28 0 0.458902 1063.03 61.75 20.85 38.65 0 0.457260 1281.51 411.34 57.07 29.14 0 0.453885 1539.30 355.43 24.32 44.64 0 0.436871 1500.03 129.89 27.14 40.31 0 0.435619 1725.90 253.08 27.76 40.89 0 0.433669 1767.68 250.02 31.67 44.22 0 0.432030 1696.92 0.00 28.06 32.13 0 0.431920 1352.26 140.18 22.57 38.72 0 0.423703 1298.35 23.28 23.17 32.53 0 0.422827 1355.58 700.85 50.51 26.97 0 0.413584 1524.55 3.62 25.95 39.96 0 0.413019 1745.77 112.59 27.05 38.47 0 0.398106 1320.50 97.35 19.83 31.60 0 0.397113 1472.96 127.73 22.81 41.41 0 0.392809 1661.97 122.46 23.44 38.06 0 0.392127 973.11 188.13 26.01 46.77 0 0.377684 1586.19 123.68 31.76 34.08 0 0.377369 1408.12 129.21 23.28 38.55 0 0.336405 1467.30 266.44 29.59 40.70 0 0.336011 1287.77 473.50 61.07 29.18 0 0.335417 1398.74 133.24 20.83 38.03 0 0.327468 1493.02 129.90 25.45 39.95 0 0.325491 1723.64 0.00 36.55 33.26 0 0.320718 941.41 135.50 20.85 39.40 0 0.319093 1575.63 204.24 25.69 39.28 0 0.312523 1518.46 5.68 28.85 35.99 0 0.309758 1473.43 265.89 30.83 44.11 0 0.303691 1501.53 266.12 27.78 45.31 0 0.288747 1693.90 0.00 32.73 27.03 0 0.285234 1760.76 193.88 31.13 37.67 0 0.282025 1685.55 119.52 23.24 41.40 0 0.278874 1369.68 885.41 47.97 43.31 0 0.277275 1341.56 670.23 61.95 30.03 0 0.265355 1340.96 701.37 57.65 28.72 0 0.265335 1290.07 479.70 53.29 28.09 0 0.260689 1615.08 12.14 13.19 18.09 3 0.258709 1590.51 122.74 33.55 36.46 0 0.254229 1738.03 0.00 46.21 24.30 0 0.253851 1170.79 171.66 38.66 23.90 0
300,
301,0.777518 650.19 487.91 77.59 183.83 1 0.701667 1146.95 542.32 31.26 57.64 0 0.639279 712.73 309.26 30.17 58.60 0 0.633952 262.87 949.39 38.20 65.29 0 0.617465 410.63 952.44 33.65 67.66 0 0.613332 806.84 367.43 32.29 63.07 0 0.593785 992.98 884.47 34.76 66.13 0 0.588948 1000.36 536.02 30.39 56.40 0 0.554281 964.63 535.25 30.57 61.46 0 0.549152 28.52 925.37 28.64 39.81 0 0.537616 65.82 736.22 62.84 29.19 0 0.532122 807.70 313.12 30.83 59.33 0 0.529051 262.92 829.88 62.98 31.71 0 0.522885 1177.27 542.51 31.46 59.69 0 0.522682 711.97 382.46 31.10 54.07 0 0.503919 96.38 824.09 36.23 33.84 0 0.499437 417.67 832.74 67.05 31.93 0 0.457326 775.73 313.79 29.55 52.41 0 0.447980 745.69 378.01 26.90 50.34 0 0.442055 557.78 848.01 70.87 28.05 0 0.425687 964.33 880.07 32.84 67.09 0 0.425134 246.59 707.61 72.21 26.45 0 0.421846 932.04 884.88 30.36 63.73 3 0.408581 601.63 60.90 39.86 103.88 1 0.400462 1085.43 547.59 33.69 55.66 0 0.394027 649.56 521.64 65.13 143.26 1 0.376462 647.61 851.61 52.22 26.93 0 0.365411 1147.74 791.83 65.96 34.17 0 0.358006 70.48 709.47 60.04 29.22 0 0.339544 899.50 891.33 29.07 58.78 3 0.338814 746.75 314.01 28.98 55.20 0 0.322374 711.06 362.20 34.57 69.19 0 0.308824 518.46 844.15 40.59 27.35 0 0.296274 21.51 737.23 31.08 25.57 0 0.293941 594.94 70.27 45.45 104.91 1 0.287211 636.08 897.93 32.44 58.25 0 0.278198 287.14 957.03 35.50 60.59 0 0.274955 601.77 284.97 30.95 54.22 0 0.261572 484.17 929.23 36.44 53.04 0 0.260354 8.56 825.43 43.94 42.83 0 0.253077 273.55 951.26 40.29 63.39 0 0.252405 58.88 922.57 30.03 41.82 0 0.251946 1025.56 883.42 35.32 66.90 0
302,0.704292 516.60 482.82 31.17 60.18 0 0.674630 593.56 489.14 29.39 55.45 0 0.646353 1049.46 215.56 35.67 57.20 0 0.614646 107.58 494.37 38.76 67.64 0 0.583648 1033.26 151.08 28.28 44.05 0 0.556833 460.16 487.11 39.62 69.33 0 0.537946 995.84 92.81 29.64 48.38 0 0.528125 834.80 529.93 67.33 34.08 0 0.526792 630.49 483.02 31.95 56.44 0 0.509292 1304.10 224.74 29.30 56.33 0 0.508781 1268.27 334.35 66.42 32.71 0 0.502252 1126.81 90.39 27.10 47.34 0 0.495364 1244.73 228.87 31.31 57.21 0 0.459743 1531.13 51.76 31.00 60.11 0 0.454653 1274.35 228.83 30.25 54.56 0 0.451990 954.60 111.16 36.93 32.23 0 0.414994 1087.59 233.15 31.31 53.20 0 0.398682 41.82 677.45 56.09 37.47 0 0.391221 253.18 238.33 40.09 63.22 0 0.372169 130.88 650.26 66.09 29.09 0 0.368371 1730.50 795.69 62.19 78.95 1 0.345370 1043.55 53.58 56.31 23.01 0 0.331473 936.85 86.92 50.27 33.85 0 0.320801 1051.01 54.81 54.53 23.67 0 0.308252 1098.98 92.77 23.73 45.65 0 0.299300 213.33 491.90 24.66 24.55 3 0.293242 863.31 80.74 52.10 25.47 0 0.289681 1236.35 541.69 53.13 30.84 0 0.255854 1358.06 236.59 28.08 41.63 0 0.255500 929.87 83.63 54.07 28.05 0
303,0.785280 548.41 592.71 65.39 61.61 1 0.450881 626.73 584.95 37.38 26.35 0 0.439249 122.58 666.13 26.27 22.80 0 0.393732 93.47 661.98 26.74 18.96 0 0.364286 138.41 665.01 26.85 21.74 0 0.358122 636.49 585.79 37.54 21.76 0 0.315930 260.46 710.35 30.78 20.39 0 0.296547 669.14 588.18 29.01 19.47 0 0.294755 717.95 638.81 30.67 22.70 0
304,0.475099 1168.50 547.98 61.08 38.84 1 0.424262 918.26 150.74 20.15 42.19 0 0.269524 1168.26 553.10 59.00 37.91 0 0.254268 452.81 981.42 28.43 38.05 0
305,0.671702 646.44 33.01 25.80 44.18 0 0.656408 552.97 702.61 32.48 55.31 0 0.503058 574.89 426.47 30.85 50.31 0 0.495842 625.90 166.90 25.35 43.42 0 0.442443 523.31 683.22 29.79 56.77 0 0.350048 765.92 896.71 34.72 29.65 0
306,0.677319 267.91 183.79 25.27 37.41 0 0.557684 283.09 226.77 25.61 44.86 0 0.535749 842.97 103.82 25.44 52.48 0 0.535229 841.34 111.43 24.70 56.88 0 0.528484 841.57 127.60 23.97 49.76 0 0.525477 25.57 0.93 23.49 36.09 0 0.519452 23.14 71.49 20.53 38.26 0 0.508146 218.57 183.79 27.55 42.15 0 0.504408 844.32 55.51 20.93 42.75 0 0.502093 0.41 70.45 20.04 38.51 0 0.487812 137.33 72.34 22.42 35.18 0 0.479928 163.48 0.00 21.08 35.43 0 0.472897 67.14 73.74 22.44 34.63 0 0.464237 187.99 0.33 21.67 38.48 0 0.461196 93.32 74.89 20.70 32.42 0 0.456566 290.58 182.80 27.92 41.99 0 0.449820 41.19 71.81 22.34 36.75 0 0.438005 74.84 1.26 23.42 33.70 0 0.430211 51.20 2.00 23.25 34.13 0 0.419958 97.96 1.19 23.20 33.15 0 0.417936 113.16 73.72 22.05 34.14 0 0.406704 266.01 71.57 18.61 30.34 0 0.398995 233.20 0.00 23.81 33.09 0 0.392188 121.38 1.37 22.89 33.86 0 0.389079 842.33 60.88 23.24 44.30 0 0.372770 208.37 0.37 22.80 36.98 0 0.368850 2.85 0.00 22.49 37.29 0 0.345638 207.34 70.07 22.95 35.11 0 0.342661 336.92 0.00 32.29 22.29 0 0.334284 139.06 0.98 21.62 33.64 0 0.320214 271.45 0.00 26.02 24.62 0 0.319888 187.70 71.02 21.14 35.94 0 0.310522 821.92 700.95 28.63 61.25 0 0.309688 190.00 68.15 20.94 34.63 0 0.301807 290.23 71.96 20.06 30.94 0 0.262874 237.41 71.01 20.04 31.81 0 0.257606 291.08 0.00 27.43 23.98 0 0.253808 312.49 0.00 32.42 23.82 0 0.251055 872.26 0.00 20.24 32.46 0
307,0.543135 707.04 491.84 56.45 34.24 1 0.284656 815.50 497.32 28.54 19.72 0
308,0.763552 504.39 603.09 27.10 55.72 0 0.760640 1796.17 640.39 34.03 63.92 0 0.750447 1248.16 332.11 37.41 81.99 1 0.742088 985.38 341.75 27.17 54.70 0 0.721286 455.83 367.80 31.76 62.38 0 0.719503 581.91 176.45 14.59 24.12 3 0.700100 796.48 509.83 30.26 64.38 0 0.692956 977.65 740.62 31.94 61.17 0 0.686789 812.44 270.45 28.87 55.05 0 0.674474 1082.11 822.59 27.93 54.44 0 0.671462 1077.01 731.02 31.39 60.37 0 0.670715 662.81 512.44 30.84 63.21 0 0.664493 886.22 347.28 32.57 67.37 0 0.663706 522.26 366.62 33.03 63.35 0 0.654455 785.15 352.43 31.16 63.53 0 0.645591 845.88 268.95 28.02 58.62 0 0.640744 1793.56 562.89 35.75 66.70 0 0.631603 1051.40 338.07 28.04 64.60 0 0.628002 541.40 607.06 27.96 56.28 0 0.626178 719.95 359.38 29.82 56.06 0 0.619519 1026.35 506.87 28.87 58.40 0 0.619344 1789.90 328.71 36.67 68.96 0 0.615181 913.53 275.84 24.90 57.28 0 0.609936 861.54 505.92 30.48 60.77 0 0.607693 619.28 358.10 30.42 60.84 0 0.607386 761.94 508.62 31.04 64.95 0 0.604873 878.57 273.38 27.63 60.91 0 0.603235 960.18 505.86 29.24 59.98 0 0.590698 449.44 285.65 34.11 69.63 0 0.589757 894.49 507.19 27.68 60.81 0 0.589350 820.97 354.56 29.47 60.37 0 0.569899 651.86 277.01 28.17 58.71 0 0.567925 654.33 356.48 28.72 58.29 0 0.557671 517.06 286.79 29.17 65.63 0 0.551038 1791.55 484.97 37.94 70.51 0 0.543490 549.73 284.99 28.60 62.12 0 0.541808 716.32 281.77 29.66 56.26 0 0.535700 555.10 361.70 30.33 60.64 0 0.533827 686.72 358.91 30.60 59.48 0 0.533569 533.42 524.50 29.82 57.47 0 0.532815 1019.99 338.14 28.68 65.55 0 0.532575 927.55 504.66 27.47 59.34 0 0.530307 599.45 521.21 30.87 56.97 0 0.521600 565.45 526.41 30.94 61.76 0 0.519357 1011.74 266.06 26.80 61.27 0 0.518605 467.44 523.68 31.40 61.14 0 0.509671 696.88 514.03 29.18 61.06 0 0.508425 980.32 263.85 26.60 60.21 0 0.506427 602.17 174.91 14.03 25.18 3 0.505550 1795.68 730.02 38.23 81.52 0 0.496608 1654.68 0.00 69.36 24.00 0 0.495854 502.10 526.69 27.79 59.80 0 0.482206 1659.76 54.79 57.65 28.95 0 0.457601 587.48 360.65 28.58 63.10 0 0.457451 943.96 264.13 28.47 61.93 0 0.441736 467.80 598.69 30.53 62.82 0 0.431919 1784.63 37.91 28.26 39.05 0 0.408418 995.17 506.63 29.33 59.78 0 0.402155 731.01 511.69 29.85 61.26 0 0.400108 749.29 280.84 26.82 52.14 0 0.389155 488.06 366.04 30.10 61.84 0 0.385778 1786.01 173.82 33.74 67.88 0 0.372331 631.80 515.12 29.21 59.28 0 0.364097 411.12 181.69 15.84 25.43 3 0.360923 756.07 351.73 30.40 59.87 0 0.352361 949.52 336.53 27.24 58.83 0 0.347648 755.29 360.48 27.53 59.88 0 0.344529 438.16 180.41 14.96 25.69 3 0.326659 680.70 278.31 28.47 53.95 0 0.324291 853.32 353.63 30.37 65.91 0 0.298569 779.55 278.65 27.81 54.57 0 0.297592 1042.09 733.30 30.42 59.14 0 0.283571 1654.95 13.83 63.73 34.64 0 0.269556 1047.17 733.53 29.99 55.96 0 0.267968 627.84 176.71 17.74 24.59 3 0.263191 1805.30 334.41 39.76 62.87 0 0.258089 648.27 282.87 30.73 61.67 0 0.255122 600.13 920.63 28.70 46.80 0
309,0.444439 1245.76 734.65 65.67 29.58 0 0.323201 704.96 315.79 27.75 43.25 0 0.266190 804.80 807.41 75.91 44.23 0
310,0.609015 942.19 235.30 118.34 61.50 0 0.608192 943.12 754.62 162.39 187.42 0 0.561228 1114.70 444.83 110.46 58.31 0 0.535232 1074.66 414.12 103.14 55.09 0 0.510042 887.92 552.38 57.97 39.63 3 0.489039 1186.17 571.73 155.68 83.81 0 0.442851 1182.42 561.69 137.20 75.51 0 0.435021 1157.37 516.96 99.66 53.06 0 0.410116 898.79 553.77 55.47 38.73 3 0.389689 1328.28 0.00 60.34 21.73 0 0.385675 1068.95 401.31 106.77 59.32 0 0.379422 1438.00 0.00 79.91 42.87 0 0.373033 1083.03 420.90 117.19 57.82 0 0.353721 1144.84 465.12 130.80 63.30 0 0.346455 873.94 533.02 52.95 45.94 3 0.345376 1117.50 459.44 109.39 60.58 0 0.337278 1041.94 154.89 67.04 36.11 0 0.312428 873.39 513.63 32.61 37.69 3 0.292444 1103.64 441.77 109.91 52.31 0 0.278523 884.71 543.06 58.35 44.74 3 0.276695 1224.66 575.67 129.00 75.85 0 0.272372 657.48 157.44 67.53 36.97 0 0.262218 1219.53 603.62 137.53 82.40 0
311,0.464323 1824.40 689.19 41.06 18.99 0 0.451126 1482.23 669.29 32.35 17.58 0 0.427432 1429.86 667.19 32.83 14.33 0 0.349202 1772.01 686.70 34.77 15.60 0 0.340489 1721.93 683.08 41.88 18.47 0 0.337766 1668.54 678.46 38.22 19.85 0 0.321389 1529.57 669.18 30.84 17.70 0 0.276588 1517.59 668.76 26.45 15.47 0 0.255533 1420.88 664.70 34.80 16.92 0
312,0.675401 220.27 813.01 33.89 59.23 0 0.613950 913.59 533.93 31.87 56.66 0 0.591725 134.97 813.33 38.29 65.16 0 0.507414 544.40 402.19 66.20 33.58 0 0.506011 80.32 820.33 43.15 69.09 0 0.502649 677.42 413.71 28.71 41.21 0 0.502319 938.72 635.27 66.06 30.64 0 0.500508 1632.57 48.06 31.27 38.87 0 0.489408 256.71 811.88 36.25 63.10 0 0.483087 470.37 853.04 72.73 36.92 0 0.458392 760.38 538.88 31.89 52.92 0 0.451354 973.76 524.64 28.60 54.82 0 0.422491 891.84 664.06 56.08 30.79 0 0.411171 1647.26 197.97 32.51 49.47 0 0.390900 748.35 374.00 46.59 21.69 0 0.384531 723.81 527.13 39.55 56.36 0 0.379552 320.44 342.84 53.19 28.64 0 0.363744 1669.65 36.23 30.37 40.27 0 0.357931 732.85 372.94 51.36 21.24 0 0.353038 713.82 465.00 23.74 42.76 0 0.334199 1701.91 27.29 33.66 39.69 0 0.332230 360.12 318.46 36.21 30.50 0 0.329652 942.55 535.17 27.88 53.95 0 0.310888 779.87 407.48 28.93 44.65 0 0.297986 808.16 406.72 32.31 42.78 0 0.278988 1026.73 538.73 26.22 40.05 0 0.277709 1218.99 735.54 29.39 41.91 0 0.265579 641.29 419.98 35.60 35.89 0 0.260732 1706.23 28.07 37.02 40.12 0 0.253226 1631.69 306.05 37.40 50.30 0 0.251675 1099.51 933.21 24.45 35.47 0
313,0.689749 978.64 815.63 92.82 100.21 0 0.689358 1460.29 931.31 56.03 48.26 3 0.678803 1257.92 764.32 95.30 101.41 0 0.675260 705.47 680.41 94.58 98.50 0 0.654199 1015.73 771.62 101.33 102.11 0 0.651365 934.28 850.94 97.56 99.04 0 0.648745 1109.23 693.51 102.53 96.88 0 0.626932 1164.82 844.16 94.97 101.79 0 0.603435 787.41 599.30 91.34 97.25 0 0.591843 1056.55 733.96 100.48 96.53 0 0.579376 972.56 452.12 80.01 93.71 0 0.555570 733.73 646.41 105.01 100.23 0 0.555116 895.98 365.81 79.45 87.13 0 0.548812 919.70 493.14 94.87 92.04 0 0.544883 1116.34 884.62 100.61 99.65 0 0.544012 832.71 555.25 92.50 100.07 0 0.542696 829.86 937.24 98.68 98.06 0 0.542553 8.68 706.42 80.52 91.27 0 0.542500 497.67 828.35 101.40 102.78 0 0.533008 555.73 788.18 103.02 104.56 0 0.530733 1171.67 669.39 79.07 82.41 0 0.527174 843.15 389.99 73.77 82.10 0 0.524228 778.91 970.36 102.91 105.20 0 0.518325 603.91 740.00 95.79 107.04 0 0.516162 886.91 529.27 84.27 88.41 0 0.512552 640.56 704.30 98.07 109.09 0 0.507842 410.11 912.98 86.14 102.82 0 0.501363 881.68 354.18 83.83 89.53 0 0.470895 1077.30 742.75 81.26 92.33 0 0.441137 782.72 421.12 77.45 92.59 0 0.439650 309.46 998.91 94.27 81.09 0 0.436771 892.01 900.60 81.47 98.41 0 0.415791 585.31 749.26 104.26 106.81 0 0.391388 794.46 443.49 74.12 71.62 0 0.388719 354.31 953.50 100.65 106.42 0 0.379080 731.87 1007.14 94.60 72.86 0 0.377925 969.31 1016.12 101.56 63.88 0 0.364597 529.65 796.94 109.58 112.72 0 0.354827 895.55 503.68 100.84 107.95 0 0.350756 919.28 864.06 103.55 93.35 0 0.349144 707.36 666.32 117.66 111.05 0 0.344792 1159.92 840.36 91.45 82.57 0 0.340752 1481.20 918.72 48.93 50.11 3 0.337698 0.95 696.69 62.62 101.36 0 0.334015 884.03 348.75 72.77 78.73 0 0.331649 317.08 974.66 103.61 104.50 0 0.330432 1451.05 943.47 57.00 52.42 3 0.329911 1119.45 864.79 113.88 111.44 0 0.327298 843.35 574.74 78.45 83.00 0 0.326568 363.70 924.95 106.27 128.40 0 0.311317 924.16 845.90 94.54 96.76 0 0.310250 929.01 473.05 106.30 110.83 0 0.307575 750.87 626.72 104.40 109.86 0 0.299232 851.35 942.42 84.17 90.77 0 0.298038 1154.73 674.54 90.36 88.53 0 0.294917 791.98 580.37 104.07 109.93 0 0.292856 990.08 793.10 104.37 113.17 0 0.287951 834.81 379.76 68.65 77.01 0 0.284844 1075.41 710.97 114.36 114.53 0 0.282044 661.10 692.92 105.87 112.98 0 0.281230 1179.19 863.69 85.67 84.21 0 0.279744 232.92 1028.14 90.14 51.86 0 0.276494 353.27 936.50 85.48 104.39 0 0.275070 338.41 955.90 94.36 106.05 0 0.272944 619.04 720.12 90.72 113.43 0 0.270785 757.58 657.98 82.72 85.81 0 0.269749 948.11 864.47 83.93 92.64 0 0.266985 990.34 1016.55 84.69 63.45 0 0.264451 406.18 94.51 75.49 96.93 0 0.261361 819.27 924.92 91.63 115.10 0 0.253947 626.60 765.20 70.90 88.24 0
314,0.666670 593.17 183.76 30.22 45.58 0 0.666657 69.62 783.59 38.63 58.73 0 0.620669 476.02 787.97 42.20 53.09 0 0.613677 287.46 665.93 32.90 43.42 0 0.605928 258.52 678.40 35.63 51.05 0 0.602427 496.80 627.45 38.80 49.16 0 0.597280 263.60 1012.41 38.66 60.58 0 0.594905 442.60 657.52 37.35 53.73 0 0.581363 451.45 804.99 39.03 55.70 0 0.575983 576.51 576.02 28.95 41.76 0 0.574343 132.95 825.34 42.57 63.38 0 0.569359 349.07 856.59 38.83 60.30 0 0.566479 679.10 677.35 39.27 48.06 0 0.554780 323.30 722.68 38.23 60.31 0 0.553659 948.84 172.13 41.30 29.58 0 0.551847 571.42 518.92 31.58 41.88 0 0.551726 739.45 870.05 44.29 63.23 0 0.548316 256.13 923.54 42.14 60.23 0 0.543239 379.95 632.47 32.38 41.90 0 0.527816 287.78 731.17 39.80 50.46 0 0.523662 404.28 604.61 36.22 39.81 0 0.520246 548.46 587.60 31.90 46.75 0 0.520152 152.54 976.16 41.63 61.69 0 0.517710 1225.41 347.80 49.07 44.97 0 0.517531 1621.07 538.81 54.93 49.20 0 0.516608 322.07 869.40 38.37 64.38 0 0.510615 96.03 843.99 44.09 61.43 0 0.510119 167.94 732.76 33.06 50.01 0 0.507764 323.97 657.42 34.83 48.80 0 0.506813 282.67 668.62 36.37 53.31 0 0.503742 1272.71 397.34 43.85 42.26 0 0.495763 872.40 881.60 43.93 61.55 0 0.494132 1074.09 190.12 37.94 40.09 0 0.493906 223.23 936.55 42.10 65.43 0 0.487439 621.69 702.28 37.02 48.88 0 0.486166 222.96 1024.73 38.91 55.27 0 0.486153 533.26 753.66 44.95 48.26 0 0.480071 224.64 776.37 37.34 53.30 0 0.479998 384.69 837.42 41.00 56.42 0 0.478817 137.89 749.94 37.46 56.44 0 0.478582 288.38 891.39 43.38 60.19 0 0.477617 429.28 587.06 35.75 39.52 0 0.476259 629.77 553.15 36.96 35.54 0 0.475696 468.60 638.13 40.13 56.61 0 0.471768 594.38 717.12 37.02 47.88 0 0.466616 163.98 807.76 43.98 57.66 0 0.462326 562.03 731.76 38.57 63.49 0 0.456786 417.06 823.65 38.43 51.54 0 0.452295 651.95 684.28 42.52 50.68 0 0.447264 184.81 1039.09 33.07 40.91 0 0.443261 932.62 149.02 40.25 28.66 0 0.440116 448.54 577.48 36.95 45.79 0 0.438630 193.73 953.74 41.59 63.73 0 0.434524 466.30 580.86 34.94 42.91 0 0.433554 546.65 529.97 27.86 41.25 0 0.427925 212.83 619.04 25.63 22.65 3 0.420593 1316.84 437.48 41.10 44.25 0 0.420428 793.88 824.90 46.16 63.72 0 0.420123 918.84 135.81 40.99 29.58 0 0.418910 494.64 564.11 34.96 39.16 0 0.417535 940.51 169.74 42.85 31.62 0 0.415583 388.53 845.95 37.69 55.13 0 0.410820 167.15 643.32 19.82 21.25 3 0.408109 911.66 131.62 42.21 27.52 0 0.401241 489.24 572.65 36.60 40.65 0 0.395894 513.71 540.79 34.41 41.44 0 0.390586 785.65 459.77 26.94 35.94 1 0.383050 821.87 817.54 45.08 61.54 0 0.375578 800.31 833.73 40.66 61.23 0 0.374828 346.42 644.59 34.63 44.12 0 0.373968 382.35 832.68 38.22 54.61 0 0.368185 1699.99 725.61 57.55 57.08 0 0.363326 612.06 559.08 43.43 36.77 0 0.351546 446.82 799.92 40.49 54.11 0 0.350425 603.73 559.35 35.57 37.46 0 0.340240 1009.41 122.86 29.56 32.56 0 0.330803 196.93 796.34 38.34 53.28 0 0.317427 497.37 633.61 39.98 52.25 0 0.316885 613.02 573.91 32.96 37.63 0 0.316361 254.93 759.22 38.35 53.33 0 0.313524 379.95 695.68 39.42 50.92 0 0.309626 1164.41 275.50 35.91 34.53 0 0.307445 188.47 963.14 41.00 63.81 0 0.305169 1246.42 295.44 27.80 31.44 0 0.302154 722.66 60.47 26.51 19.01 0 0.300871 1070.20 185.42 34.72 40.50 0 0.299814 439.82 588.62 35.65 44.17 0 0.298332 297.12 726.22 40.06 52.28 0 0.294461 570.09 750.10 32.68 50.67 0 0.289769 350.63 711.88 33.95 46.10 0 0.287019 656.62 679.24 45.38 50.69 0 0.285305 800.70 821.19 50.91 65.82 0 0.284773 408.66 671.54 38.89 50.34 0 0.279394 415.16 671.82 41.24 51.21 0 0.278111 412.85 677.69 37.90 49.72 0 0.265775 347.48 866.04 38.26 63.16 0 0.263896 456.72 573.09 32.67 33.19 0 0.263606 264.80 751.27 42.12 59.48 0 0.262758 279.93 906.05 46.16 59.46 0 0.256831 622.20 543.06 35.50 32.64 0 0.254400 1667.32 732.40 49.46 50.67 0
315,0.375155 1188.42 553.28 81.08 38.97 1 0.299929 1390.38 705.96 24.98 33.41 1
316,0.437752 1255.13 662.15 48.92 42.78 0 0.420968 1196.73 224.88 17.18 22.22 3 0.414926 743.94 222.33 19.30 28.74 0 0.365536 299.71 528.08 44.58 24.44 0 0.344022 1315.05 549.98 28.95 46.02 0 0.343646 368.28 421.28 40.32 47.56 1 0.307389 272.62 569.62 46.70 30.80 0 0.298598 635.28 511.05 16.75 16.49 3 0.285777 625.89 548.53 16.96 18.72 3 0.285476 509.16 186.67 41.90 28.35 0 0.271248 1311.20 560.42 32.72 36.36 0 0.255228 1007.05 627.90 13.02 15.77 3 0.250106 282.83 551.73 44.68 24.98 0
317,0.527270 705.00 317.15 25.98 42.58 0 0.417205 1242.91 733.46 67.58 30.76 0 0.323517 1562.46 738.62 67.08 31.16 0
318,0.406780 791.08 1010.01 26.16 48.98 0 0.297264 1163.02 586.72 44.58 20.93 0 0.292404 918.49 943.81 28.78 26.36 0 0.285784 1359.42 547.58 38.42 29.73 1 0.264305 826.27 941.05 33.13 34.83 0
319,0.586407 742.18 671.70 30.94 59.11 0 0.481076 755.45 471.65 29.11 53.07 0 0.315937 777.29 163.70 25.22 47.33 0
320,0.358657 758.85 1.05 55.73 30.85 1 0.273701 749.90 43.36 29.49 51.28 1
321,0.729108 956.98 364.08 167.46 76.53 0 0.692817 35.41 386.24 223.35 89.92 0 0.658671 1196.33 366.01 150.71 69.95 0 0.654325 303.74 391.82 180.25 69.41 0 0.590529 1745.51 328.81 170.17 71.49 0 0.585607 540.90 383.78 176.55 76.55 0 0.522298 1563.67 344.94 150.41 60.12 0 0.391133 1542.38 354.88 151.92 55.09 0 0.250670 1589.06 358.76 124.47 56.39 0
322,0.739439 622.15 422.58 30.52 56.36 0 0.706755 1010.30 164.24 28.38 53.84 0 0.681660 551.98 419.60 28.65 57.95 0 0.675400 1857.96 406.70 34.35 57.00 0 0.653325 1792.16 123.26 36.43 62.65 0 0.643980 615.34 348.77 27.61 55.00 0 0.634792 932.29 314.06 30.49 59.96 0 0.633664 909.06 107.74 26.95 55.27 0 0.631024 1169.10 600.91 31.23 59.02 0 0.628209 795.06 191.05 26.52 51.35 0 0.625638 1824.03 259.48 35.34 60.99 0 0.624710 764.06 191.69 28.14 52.71 0 0.619678 1292.45 148.91 30.95 76.34 1 0.616353 887.04 182.69 29.81 55.96 0 0.614184 940.69 110.73 26.02 54.40 0 0.607168 1123.73 519.24 29.79 60.12 0 0.605536 542.93 209.12 29.96 57.90 0 0.588677 713.73 334.58 28.12 53.87 0 0.579144 679.30 339.39 28.76 60.80 0 0.569387 576.99 209.01 28.89 55.77 0 0.563774 1839.04 331.57 36.27 59.46 0 0.563593 1029.53 312.05 28.19 51.37 0 0.561020 703.56 40.03 16.67 23.94 3 0.560283 604.73 137.01 26.41 53.00 0 0.553602 1156.75 519.43 29.66 60.90 0 0.549462 1061.32 310.84 28.89 51.35 0 0.545910 698.92 191.28 28.54 54.51 0 0.544035 539.07 140.77 31.57 56.35 0 0.542755 1072.94 163.91 27.93 54.24 0 0.541246 726.83 122.24 27.79 51.08 0 0.538718 949.06 177.27 27.98 60.46 0 0.537385 871.55 323.12 27.93 59.65 0 0.533827 878.50 111.91 25.27 48.76 0 0.527332 664.56 192.12 26.67 59.09 0 0.522571 551.49 350.55 27.93 53.15 0 0.522289 1059.53 528.11 32.02 68.25 0 0.511623 1001.52 100.67 25.91 53.39 0 0.508480 584.04 348.57 27.28 54.36 0 0.505702 607.85 204.23 27.12 56.66 0 0.501816 854.74 179.42 28.56 60.15 0 0.500913 963.00 313.08 29.50 55.97 0 0.500012 1092.68 310.05 29.09 53.88 0 0.498067 787.11 124.38 27.97 52.60 0 0.494450 823.11 188.65 27.32 52.70 0 0.493111 742.91 330.90 28.58 53.21 0 0.485352 1105.02 161.44 28.01 55.18 0 0.484580 918.83 178.95 29.27 60.06 0 0.483327 773.14 330.64 29.25 53.88 0 0.482867 1040.97 165.10 26.95 52.15 0 0.481921 1761.18 0.00 37.11 54.42 0 0.460476 531.20 52.73 14.72 26.10 3 0.455462 1061.01 96.83 27.05 52.97 0 0.454510 819.04 123.29 24.74 48.31 0 0.450291 1031.15 97.76 25.26 49.84 0 0.440663 646.73 347.99 28.95 57.03 0 0.437887 631.31 133.76 26.76 52.53 0 0.435928 584.24 415.75 29.11 57.22 0 0.425506 674.70 39.00 15.00 22.81 3 0.413582 638.17 201.94 26.03 56.92 0 0.412853 996.98 311.59 27.64 52.02 0 0.385758 846.84 120.35 25.99 49.70 0 0.384370 806.27 324.04 27.98 57.49 0 0.381363 1849.66 405.70 38.57 64.40 0 0.361820 717.30 40.19 17.87 24.78 3 0.360655 838.99 326.83 28.93 56.13 0 0.338100 656.12 38.41 15.76 22.85 3 0.324106 968.15 114.37 26.90 50.52 0 0.304252 755.87 121.01 26.90 52.70 0 0.297498 506.72 52.99 14.67 25.33 3 0.294136 1831.72 330.30 36.54 59.08 0 0.272386 732.25 191.42 26.43 51.31 0
323,0.802723 678.34 809.43 73.70 45.47 3 0.742775 72.17 633.17 142.91 72.19 0 0.735188 543.02 540.21 53.97 30.58 3 0.715709 1653.32 613.39 147.00 61.55 0 0.691366 551.18 560.18 47.46 29.59 3 0.662176 767.11 464.63 22.66 40.23 3 0.580863 1486.38 611.04 141.66 62.52 0 0.578105 1331.13 872.20 66.66 41.99 3 0.537794 566.16 490.31 49.29 28.84 3 0.531903 1772.04 889.66 147.96 128.71 1 0.523289 1825.26 607.37 94.74 71.08 0 0.467232 1350.79 605.39 32.55 34.08 3 0.465596 10.86 872.06 205.30 97.91 0 0.427911 833.09 418.76 57.56 107.97 0 0.415837 58.95 316.80 65.03 38.66 0 0.377181 1409.89 610.97 32.33 54.76 3 0.351909 1824.10 607.91 95.90 67.58 3 0.348247 585.44 424.28 44.44 26.36 3 0.347319 766.00 412.69 37.81 25.30 3 0.340980 1437.00 611.21 34.62 51.83 3 0.325923 0.00 472.61 47.36 53.09 0 0.314772 584.31 436.11 44.13 26.17 3 0.300718 520.48 526.28 28.10 35.73 3 0.280233 1298.78 600.22 38.96 31.09 3 0.262579 1354.65 605.13 37.05 36.56 3 0.252724 1844.85 1034.04 51.85 45.96 3
324,0.469134 574.08 963.36 62.52 55.83 0 0.417708 527.53 1011.07 52.51 51.80 0 0.391115 707.63 716.02 46.53 40.89 1 0.381809 704.18 718.47 42.57 43.56 1
325,0.669371 182.05 885.87 36.11 56.92 0 0.662358 228.78 531.95 56.73 69.81 1 0.656866 164.19 822.05 33.88 54.26 0 0.611641 994.87 542.89 37.90 39.72 0 0.611013 859.34 358.35 38.12 31.91 0 0.607857 68.11 754.78 36.58 60.54 0 0.594148 811.58 489.38 28.31 41.78 0 0.584650 1029.14 582.66 45.20 48.36 0 0.579914 398.44 446.89 59.79 31.83 0 0.579022 979.33 60.59 29.43 31.08 0 0.575889 344.73 918.45 45.20 68.97 0 0.572880 191.81 810.70 36.10 58.69 0 0.572068 926.89 518.89 34.40 34.51 0 0.569065 915.73 9.82 28.08 25.67 0 0.566867 186.53 566.46 34.14 47.38 0 0.565588 1.49 784.77 37.62 66.75 0 0.553827 49.85 941.88 36.19 63.07 0 0.553417 66.62 607.62 37.89 59.99 0 0.550437 0.00 897.98 29.59 57.30 0 0.543902 255.06 780.01 36.06 54.21 0 0.532554 190.06 706.02 40.08 58.51 0 0.523896 780.84 916.45 74.34 53.10 1 0.520287 969.19 507.49 40.73 41.75 0 0.516197 28.05 890.79 37.38 57.50 0 0.497518 1396.38 10.37 48.92 33.60 0 0.492904 6.82 632.00 39.22 57.09 0 0.483058 1271.33 1002.45 61.65 60.33 0 0.481328 97.62 752.59 43.49 57.23 0 0.479578 163.86 536.51 43.72 27.11 0 0.478727 53.79 710.09 33.01 48.67 0 0.472575 1042.80 371.98 39.76 31.42 0 0.466147 1338.71 738.47 50.56 47.10 0 0.462309 1347.64 731.21 52.48 42.37 0 0.462081 956.15 62.90 28.00 32.11 0 0.457795 242.80 846.60 37.47 48.90 0 0.457363 1482.10 533.27 38.41 35.28 0 0.455148 247.73 970.70 37.53 57.96 0 0.454578 222.09 985.56 41.35 57.27 0 0.447719 1435.02 737.78 54.09 52.85 0 0.447454 715.90 263.86 24.63 33.76 0 0.443487 156.49 711.85 38.78 62.57 0 0.442744 909.62 85.88 26.80 29.55 0 0.442124 1079.10 37.58 28.60 25.86 0 0.438013 282.69 951.66 39.00 62.17 0 0.432442 732.47 57.24 47.13 31.88 0 0.430754 1047.33 41.80 29.19 28.90 0 0.430397 319.08 935.18 40.80 62.09 0 0.429813 1265.62 821.28 62.65 37.12 0 0.425049 98.97 852.16 36.25 55.65 0 0.422760 1243.08 679.39 38.84 36.71 0 0.419859 756.09 408.95 33.35 39.54 0 0.419401 1546.36 485.86 50.42 42.41 0 0.417962 891.73 392.63 31.35 34.93 0 0.417226 1463.20 727.87 48.93 55.83 0 0.414640 1267.15 659.89 35.33 36.13 0 0.408389 876.96 589.68 37.51 42.96 0 0.396753 716.88 150.87 31.30 32.65 0 0.395079 1506.33 709.17 52.74 47.34 0 0.392856 786.28 456.92 31.46 31.18 0 0.392169 152.31 896.22 40.67 67.61 0 0.391886 224.19 797.13 40.16 57.12 0 0.388367 995.65 165.03 31.24 35.04 0 0.382319 793.66 29.98 32.88 26.48 0 0.377244 568.73 374.06 73.45 31.67 0 0.375945 507.78 401.75 50.51 30.72 0 0.374016 565.48 378.51 67.44 31.07 0 0.372896 937.89 73.70 24.00 31.58 0 0.368974 251.92 679.46 37.89 52.63 0 0.368399 1227.89 345.42 27.01 39.21 0 0.365102 938.68 462.56 37.85 37.06 0 0.360776 304.36 818.45 44.00 72.98 1 0.356296 973.45 0.00 43.19 17.43 0 0.354045 678.56 1010.49 24.41 31.37 3 0.353087 829.18 17.23 43.28 23.00 0 0.349091 785.63 246.31 40.71 33.61 0 0.348977 283.39 768.44 42.42 55.76 0 0.346707 1097.48 650.98 33.71 37.42 3 0.346678 162.52 715.82 36.34 63.02 0 0.346550 311.56 815.98 45.70 69.20 1 0.344213 1601.61 453.62 41.27 36.01 0 0.339384 117.00 1037.02 34.93 42.98 0 0.331419 852.34 10.45 46.06 23.41 0 0.322093 996.36 53.16 30.02 29.86 0 0.321821 1291.08 647.18 37.05 37.63 0 0.321406 1650.18 421.60 49.88 39.94 0 0.320060 1381.38 5.01 54.93 33.70 0 0.316929 701.13 967.38 70.18 55.72 0 0.309061 865.08 572.87 38.91 41.33 0 0.304980 1527.80 496.88 46.47 41.38 0 0.303890 945.01 466.34 34.78 35.72 0 0.299350 955.39 0.00 41.02 19.58 0 0.299338 881.32 90.28 30.01 28.69 0 0.297951 1342.41 5.70 33.02 31.69 0 0.290774 894.01 628.72 35.31 36.50 0 0.289211 849.55 295.16 35.87 25.61 0 0.286999 945.21 46.12 36.58 36.10 0 0.285219 453.83 1053.71 56.71 26.29 0 0.283437 173.55 533.95 50.08 28.51 0 0.281888 1487.46 527.90 40.46 36.90 0 0.280379 1577.05 466.56 38.63 36.18 0 0.277102 1370.01 776.54 47.00 45.06 0 0.274936 1582.44 582.78 51.26 47.76 0 0.273396 744.09 188.08 30.61 29.02 0 0.273028 0.00 983.84 20.74 52.54 0 0.268854 1253.82 665.69 41.17 41.55 0 0.260757 1619.66 454.51 40.80 36.15 0 0.260196 804.88 276.07 37.68 29.14 0 0.260068 832.25 316.99 39.46 33.15 0 0.257904 943.84 58.53 28.83 35.09 0 0.256666 396.37 451.98 63.09 32.07 0
326,0.915585 826.91 433.66 60.41 119.16 1 0.636394 599.04 768.81 31.38 58.93 0 0.617811 938.02 382.92 28.93 41.07 0 0.565887 133.03 728.71 33.57 49.74 0 0.554438 91.09 542.03 53.68 28.36 0 0.539944 1096.19 479.46 23.95 43.83 0 0.518555 204.45 854.47 35.40 55.06 0 0.516561 338.04 606.57 49.75 26.52 0 0.507669 78.02 718.66 43.31 53.61 0 0.497922 183.31 742.79 32.13 39.14 0 0.484366 1164.42 481.03 30.34 46.58 0 0.474037 334.37 609.34 57.24 27.99 0 0.468680 265.35 743.05 33.41 40.81 0 0.446378 453.47 615.97 44.99 23.63 0 0.434603 468.43 760.56 35.57 57.75 0 0.429902 895.45 386.80 24.55 40.35 0 0.425259 291.11 742.47 31.66 43.56 0 0.418449 159.54 733.37 30.74 44.26 0 0.406389 871.01 386.98 24.22 42.22 0 0.386991 396.58 612.90 43.08 25.24 0 0.374521 1215.83 487.30 31.14 32.55 0 0.374149 272.25 610.92 46.02 23.70 0 0.360379 1067.27 475.96 27.78 47.52 0 0.355645 383.18 612.43 41.72 25.68 0 0.329349 1232.88 640.27 54.12 32.60 0 0.312543 179.35 848.33 38.77 53.54 0 0.303475 463.99 768.49 37.39 55.59 0 0.302451 1308.35 475.59 45.51 30.02 0 0.292948 91.75 843.37 44.35 29.94 0 0.272958 501.88 757.36 31.85 53.96 0 0.270643 870.80 356.78 24.61 39.28 0
327,0.817833 1174.32 657.24 33.35 66.50 3 0.800443 1799.54 681.48 37.61 66.95 3 0.795549 1425.60 749.43 98.55 173.03 0 0.763924 1578.38 676.76 39.37 67.55 3 0.761135 1314.60 663.37 33.53 60.26 3 0.730116 1532.26 368.80 33.22 59.66 3 0.726247 120.44 273.31 141.56 62.80 0 0.697647 1440.03 365.81 32.54 55.16 3 0.696432 1619.55 679.32 35.51 68.60 3 0.693178 1115.39 476.03 49.18 47.78 3 0.684433 289.70 290.60 144.80 64.42 0 0.682691 1719.88 681.13 37.92 69.15 3 0.681465 1097.39 651.61 35.33 71.30 3 0.660216 685.68 631.70 29.40 57.10 2 0.646669 1142.70 652.82 33.74 65.60 3 0.641595 726.31 692.57 87.63 171.98 0 0.630511 1766.91 680.85 41.23 69.81 3 0.622992 1756.39 680.13 41.58 67.21 3 0.611995 1706.47 740.41 125.05 207.80 0 0.611840 1190.82 382.65 53.70 32.67 3 0.611428 1628.00 374.12 34.45 59.10 3 0.610298 1839.44 681.26 36.80 67.50 3 0.608455 992.09 385.06 54.28 31.43 3 0.603095 1390.49 673.06 31.69 61.19 3 0.598743 836.79 715.83 80.14 175.85 0 0.592452 1355.24 667.35 31.80 62.87 3 0.588492 1317.17 739.57 98.94 180.35 0 0.586026 1695.23 681.50 37.07 70.99 3 0.575368 1486.09 366.18 33.68 53.42 3 0.571547 1654.26 374.56 33.41 58.82 3 0.569300 928.48 731.41 83.74 170.19 0 0.562673 1649.35 676.88 38.70 72.26 3 0.559503 1611.83 675.99 36.50 68.42 3 0.556723 1564.39 365.31 33.42 62.39 3 0.542656 1601.00 761.19 112.68 160.33 0 0.519331 1385.41 364.70 29.97 50.78 3 0.511313 1321.53 372.73 33.02 43.88 3 0.492589 0.00 262.89 110.95 57.66 0 0.483732 447.07 304.63 152.42 57.58 0 0.480670 1358.95 372.32 27.57 49.23 3 0.480484 1214.43 658.17 33.49 68.37 3 0.468402 1275.54 658.75 32.84 63.12 3 0.464663 1131.08 357.35 43.17 37.11 3 0.459554 1458.61 366.34 35.21 55.58 3 0.449839 1242.90 659.21 31.73 61.34 3 0.449739 389.01 893.74 37.14 56.59 2 0.437338 745.15 548.91 64.96 45.31 3 0.434207 1715.10 749.07 98.61 177.93 0 0.397235 1295.94 362.56 32.18 49.00 3 0.385077 996.40 375.38 46.67 38.72 3 0.381420 0.00 536.89 36.00 64.51 3 0.368034 1357.41 361.72 28.86 54.29 3 0.358711 1684.81 381.36 35.59 53.07 3 0.355059 1661.50 337.95 36.41 38.53 3 0.339989 1328.18 372.55 32.12 47.39 3 0.328833 1076.12 345.90 37.05 51.53 3 0.323191 617.61 957.63 59.48 82.38 3 0.322728 1388.45 664.16 29.13 56.21 3 0.318177 1310.91 362.83 31.27 49.25 3 0.306274 1237.11 660.34 32.60 69.02 3 0.300677 1603.43 677.32 39.73 67.51 3 0.299039 1245.54 343.25 25.85 36.87 3 0.290848 1359.79 664.44 31.26 55.49 3 0.284694 1571.10 366.92 36.76 63.52 3 0.283836 1416.88 364.15 31.41 56.79 3 0.274148 0.00 613.72 58.22 61.17 3 0.272959 1567.82 673.45 46.88 70.25 3 0.267888 1675.60 373.82 38.12 58.21 3 0.266835 432.86 832.25 35.31 72.58 2 0.264720 1188.51 370.91 46.23 37.65 3 0.260935 1510.75 366.30 32.33 57.10 3 0.257040 1596.64 367.56 33.09 64.19 3 0.251984 1082.97 350.97 36.60 46.20 3 0.250760 354.90 1055.72 34.92 24.28 2
328,
329,0.547742 903.86 888.23 33.59 63.57 0 0.426513 900.00 816.43 30.53 62.30 0 0.399720 913.20 960.84 33.25 72.51 0
330,0.527919 306.25 446.45 13.89 19.22 2 0.412018 324.97 475.93 13.33 16.50 2 0.347631 402.24 503.41 15.90 18.95 2 0.330414 78.30 317.86 53.07 48.62 0 0.307771 146.83 338.16 62.82 57.62 0 0.281198 403.63 501.38 14.75 17.83 3 0.259372 74.29 311.67 67.97 54.73 0 0.257608 350.43 528.47 21.94 18.46 3
331,0.806201 1298.77 607.01 33.56 48.93 3 0.801749 959.94 653.94 23.46 40.00 3 0.781012 1291.73 613.46 31.68 48.41 3 0.780473 1722.11 443.32 27.42 31.42 3 0.756101 985.79 650.42 22.04 37.15 3 0.756078 917.96 660.37 23.52 39.21 3 0.728436 1315.08 592.23 33.56 40.26 3 0.719915 1317.30 600.13 34.43 54.92 3 0.719161 1065.03 677.77 70.42 98.19 0 0.714298 1461.21 842.07 123.77 107.67 0 0.713274 1368.85 649.85 94.38 90.26 0 0.710068 647.84 719.30 63.16 112.72 0 0.705563 1650.40 443.85 23.76 35.08 3 0.699402 1319.61 612.08 31.76 49.96 3 0.695339 591.65 985.42 35.82 57.91 3 0.691794 1798.10 442.06 29.61 31.42 3 0.690314 1108.63 481.85 20.93 36.42 3 0.689485 752.15 905.24 74.84 113.65 0 0.689016 1075.60 481.31 23.71 34.96 3 0.686283 280.40 534.89 125.01 44.07 0 0.680471 1172.34 475.57 23.04 33.70 3 0.677309 1451.55 642.87 94.18 78.26 0 0.673202 1815.38 434.92 25.32 33.09 3 0.669897 1326.19 851.39 101.49 120.08 0 0.665347 891.88 665.71 22.35 38.77 3 0.659458 966.00 490.96 22.49 37.77 3 0.657660 1061.79 482.43 23.12 34.67 3 0.655503 1245.48 653.99 87.55 100.77 0 0.647481 717.65 728.79 64.80 98.73 0 0.645824 992.77 874.90 95.53 137.95 0 0.642288 1231.06 864.77 110.97 119.61 0 0.633835 1240.31 623.49 27.92 42.49 3 0.629776 994.86 681.75 72.24 104.40 0 0.624476 619.15 651.59 126.55 62.15 0 0.624021 1.84 551.42 107.28 46.90 0 0.622293 862.84 665.24 23.32 39.96 3 0.617795 1181.95 670.46 81.00 84.38 0 0.616952 866.12 663.84 21.82 37.01 3 0.614760 1195.34 626.71 24.58 41.38 3 0.600852 1158.96 631.87 24.39 40.13 3 0.599712 530.84 1023.29 29.88 56.71 2 0.591085 1009.89 649.57 25.06 36.89 3 0.576586 1804.20 578.80 21.52 34.23 3 0.576398 251.06 1002.89 41.91 47.74 3 0.571132 564.87 727.28 60.58 105.17 0 0.571086 136.12 539.71 127.63 53.03 0 0.560901 1710.29 835.68 123.61 109.17 0 0.558644 1755.65 446.58 33.38 29.19 3 0.558524 815.96 506.69 32.21 28.23 3 0.556456 935.69 657.86 22.10 39.65 3 0.552703 1095.15 880.78 86.55 122.85 0 0.551129 832.69 670.55 24.08 40.94 3 0.541184 1034.50 649.36 22.51 37.98 3 0.537415 1149.81 478.28 20.46 34.49 3 0.535820 1766.72 449.19 28.98 26.47 3 0.529905 1214.96 625.50 27.60 43.82 3 0.529827 1646.50 449.63 24.40 33.54 3 0.525947 1840.34 431.64 23.81 32.10 3 0.518340 1468.88 395.51 21.83 33.97 3 0.500762 962.06 494.41 23.47 38.55 3 0.500169 1179.10 465.83 21.82 39.95 3 0.493100 942.72 492.72 21.99 36.56 3 0.484953 909.17 501.89 21.95 34.04 3 0.475660 1616.07 836.31 119.37 109.07 0 0.475564 1687.52 433.21 27.21 39.83 3 0.474362 1563.60 418.13 29.00 34.71 3 0.471848 79.44 686.14 31.12 32.48 3 0.471780 1203.09 463.36 26.23 40.60 3 0.441773 1700.29 434.54 27.83 37.95 3 0.437873 1800.64 424.24 28.22 33.95 3 0.437046 1848.62 501.98 70.83 47.93 0 0.428746 1128.19 476.95 22.14 37.96 3 0.427307 1203.60 469.83 23.93 38.49 3 0.406417 1505.59 415.54 33.83 28.44 3 0.405522 1005.52 487.82 21.95 36.04 3 0.405375 1303.36 594.64 44.10 49.66 3 0.403508 590.93 979.40 32.35 54.54 2 0.401414 863.60 508.35 28.30 26.52 3 0.400918 114.03 757.95 34.18 44.69 3 0.400408 1168.19 631.80 24.08 39.54 3 0.391561 213.78 1047.95 29.23 32.05 3 0.388164 267.20 1004.93 37.10 48.16 3 0.383884 939.94 496.30 21.97 36.93 3 0.375290 531.86 1028.75 29.47 51.25 3 0.372827 1286.03 459.81 76.61 38.90 3 0.351378 1280.29 614.65 27.12 42.79 3 0.351094 1028.94 486.51 23.51 36.32 3 0.341811 422.57 819.57 25.46 37.29 2 0.341229 1608.34 433.24 30.31 35.38 3 0.338983 930.48 657.42 23.58 44.91 3 0.332249 1469.43 960.78 142.09 119.22 0 0.319523 1573.48 416.09 28.69 36.10 3 0.315396 152.08 537.42 112.86 44.45 0 0.314136 987.99 490.25 18.89 36.71 3 0.314061 177.90 1030.47 30.18 49.53 3 0.312380 1374.14 644.33 110.52 89.42 0 0.311661 1190.01 661.29 102.55 90.33 0 0.302750 1274.50 618.25 34.15 43.40 3 0.301163 680.82 935.51 33.99 56.92 3 0.299852 889.97 488.42 21.59 31.93 3 0.294142 1139.97 1010.17 87.33 69.83 0 0.293350 870.70 462.19 17.11 26.24 2 0.287660 910.46 491.53 22.39 34.40 3 0.277475 220.24 999.75 35.30 46.65 3 0.272824 1323.63 599.29 35.66 52.82 3 0.268479 1573.34 426.85 29.03 37.74 3 0.267062 1563.71 424.91 31.45 37.28 3 0.259686 1469.07 401.10 24.71 34.63 3 0.255593 341.34 843.85 34.33 48.65 3 0.251267 836.63 667.19 23.23 41.64 3
332,0.633808 965.88 365.15 23.39 35.95 0 0.589679 876.31 406.29 44.55 75.78 1 0.579798 590.34 617.75 28.82 45.22 0 0.572665 695.54 620.33 25.78 42.80 0 0.529013 909.21 357.22 24.20 43.36 0 0.515038 532.08 517.79 36.02 22.96 0 0.506686 362.57 594.79 26.77 38.27 0 0.502455 275.62 585.97 35.76 38.74 0 0.489057 319.17 594.36 26.72 39.71 0 0.440605 451.77 602.75 24.53 34.32 0 0.433409 491.23 515.66 35.78 19.91 0 0.430842 330.33 593.10 28.79 36.60 0 0.421393 580.03 517.59 30.66 22.73 0 0.408537 129.65 664.51 49.62 33.19 0 0.400613 537.99 519.60 34.61 21.66 0 0.396826 277.00 472.75 48.32 26.12 0 0.396693 338.36 595.90 25.73 39.91 0 0.393679 427.05 600.02 23.64 33.76 0 0.374186 1182.98 441.34 24.14 26.32 0 0.366602 1201.86 446.10 22.84 22.91 0 0.365691 588.30 517.72 29.58 22.61 0 0.359579 616.17 628.49 25.36 37.51 0 0.333760 630.95 515.26 20.28 23.85 0 0.317518 1148.87 443.67 20.59 26.30 0 0.316340 1078.23 436.64 28.76 30.86 0 0.298579 715.08 524.06 38.92 22.23 0 0.275774 0.12 274.98 43.57 27.70 0
333,0.708166 8.28 606.24 43.40 65.39 0 0.686345 759.14 294.64 34.38 53.44 0 0.677469 1770.30 178.85 33.69 55.73 0 0.611311 88.29 35.72 64.91 38.99 0 0.596702 682.16 384.85 35.18 57.42 0 0.582220 550.61 168.36 38.26 62.98 0 0.579300 0.00 611.25 35.79 62.44 0 0.573621 1067.35 607.14 70.11 44.56 0 0.559479 0.97 803.75 34.88 64.44 0 0.542054 685.36 389.51 38.20 60.03 0 0.541379 739.85 234.80 35.91 54.59 0 0.540073 622.81 384.24 38.07 63.06 0 0.522296 121.54 758.76 42.37 62.38 0 0.511321 658.90 0.00 33.05 44.18 0 0.501710 720.81 172.08 32.70 54.36 0 0.487138 514.67 49.65 32.66 54.34 0 0.475818 1413.46 474.94 55.46 45.34 0 0.462336 0.00 497.53 24.42 59.43 0 0.459999 212.05 0.00 62.89 25.29 0 0.454714 53.38 786.92 43.81 67.61 0 0.436980 1004.65 512.42 46.40 34.63 0 0.436210 601.80 315.43 37.30 58.28 0 0.426642 1519.88 309.77 63.25 41.09 0 0.422887 1594.55 277.84 69.68 43.17 0 0.409970 282.45 0.00 49.26 15.52 0 0.392051 682.23 56.35 30.90 53.94 0 0.376850 1273.93 757.03 48.66 32.80 0 0.370847 1586.87 281.77 61.08 43.02 0 0.367093 533.19 120.13 35.20 45.98 0 0.365242 368.47 731.29 51.97 37.74 0 0.361318 437.79 694.38 80.76 43.47 1 0.359482 818.37 966.97 24.27 41.16 0 0.354725 1398.74 356.08 64.96 41.93 0 0.351994 1055.23 490.30 42.08 36.55 0 0.351011 1194.45 438.38 59.59 36.42 0 0.349861 1332.28 388.63 52.43 35.33 0 0.344925 608.04 320.32 35.88 61.12 0 0.343827 0.00 502.34 28.65 61.15 0 0.339992 889.81 1044.03 24.55 35.58 3 0.338052 677.51 49.53 30.59 51.21 0 0.337568 18.84 799.91 40.54 62.67 0 0.325411 511.00 45.51 31.79 55.06 0 0.317404 1063.96 139.93 45.20 32.25 0 0.315580 34.52 799.68 39.59 62.88 0 0.299955 1061.87 136.13 42.18 32.12 0 0.299626 582.22 261.70 34.83 49.54 0 0.296614 1401.30 352.06 57.18 35.54 0 0.284740 1257.33 605.80 42.79 65.72 0 0.282974 1170.09 632.42 48.14 64.33 0 0.282937 589.02 277.35 38.63 51.96 0 0.278006 930.26 188.55 38.58 60.44 0 0.276678 1055.18 615.25 71.96 42.43 0 0.266557 127.79 766.27 45.16 59.58 0 0.263397 927.86 183.13 34.53 57.28 0 0.257123 218.69 0.00 67.58 21.96 0
334,0.377876 1234.73 562.74 70.86 33.24 1 0.269133 1357.60 594.51 35.87 15.33 0
335,0.541491 1253.86 69.90 32.49 47.61 0 0.510726 1246.42 72.41 38.25 54.92 0 0.502350 570.63 374.24 16.74 23.92 3 0.464758 330.55 197.07 17.34 27.88 3 0.412562 1238.54 85.70 37.14 50.05 0 0.370061 0.00 652.59 56.83 67.41 0 0.367163 1240.87 77.83 38.46 54.55 0 0.330624 690.33 100.03 18.23 21.69 3 0.279878 138.14 85.95 55.25 52.18 0 0.266092 402.35 128.64 13.57 17.54 3
336,0.809430 865.97 601.30 51.35 47.51 1 0.555203 400.67 711.68 24.40 31.91 0 0.523741 1036.42 630.68 22.24 28.32 0 0.502316 433.69 712.72 25.74 32.29 0 0.498785 1058.73 636.10 22.47 23.91 0 0.466578 502.96 724.51 23.72 30.04 0 0.445396 624.95 661.46 24.20 30.39 0 0.444200 696.39 750.53 23.03 35.09 0 0.431901 961.74 580.79 21.66 27.96 0 0.416197 551.84 665.89 28.11 22.55 0 0.401033 361.61 703.76 30.93 31.68 0 0.400811 484.10 722.48 24.10 30.58 0 0.354251 620.54 750.35 25.16 27.24 0 0.312895 584.73 666.23 26.13 27.38 0 0.292958 246.83 751.84 38.46 27.00 0 0.286998 1105.98 643.89 18.98 20.78 0 0.274232 1156.46 644.05 18.96 20.11 0
337,0.346691 933.76 448.79 31.73 13.10 0 0.267636 1004.72 427.53 34.65 19.16 0
338,0.719455 1679.00 184.95 34.08 55.85 0 0.694202 573.40 727.00 34.67 68.01 0 0.680638 733.23 630.06 32.00 64.23 0 0.675670 886.46 30.14 45.82 27.38 0 0.664467 391.63 479.55 82.24 35.81 0 0.664247 1728.29 351.31 34.62 54.97 0 0.650566 639.53 994.26 40.63 80.86 0 0.645012 742.79 836.04 30.46 62.76 0 0.644834 574.17 592.47 28.44 59.66 0 0.639401 1744.19 412.49 35.10 55.79 0 0.629807 1129.02 37.68 30.25 49.80 0 0.623676 739.48 765.64 30.02 59.13 0 0.623342 745.24 902.35 31.04 58.27 0 0.607840 1189.35 162.28 31.66 48.74 0 0.602534 715.17 380.67 45.40 52.88 1 0.601189 964.86 495.53 27.71 54.72 0 0.600349 1768.00 352.99 29.70 50.42 0 0.585452 182.71 498.28 57.84 27.93 0 0.576984 312.59 482.97 59.20 27.96 0 0.568088 749.30 970.46 34.99 71.11 0 0.566958 1126.43 163.66 35.28 46.79 0 0.556595 892.58 64.80 26.35 33.84 0 0.553714 1620.07 500.77 30.38 51.40 0 0.548491 1738.42 286.04 33.81 52.45 0 0.544925 1773.34 531.81 40.89 56.95 0 0.540038 1681.25 413.47 35.91 55.62 0 0.523507 1694.64 472.91 35.11 58.53 0 0.518808 999.73 166.47 27.79 48.51 0 0.501982 1029.63 165.74 30.08 46.40 0 0.492853 1726.09 594.74 34.80 50.00 0 0.491678 991.32 20.22 51.12 24.71 0 0.486361 1647.44 304.67 34.82 51.03 0 0.483918 938.80 25.55 52.04 28.05 0 0.483103 1638.54 248.82 33.01 55.20 0 0.479802 1609.48 145.79 30.16 58.33 0 0.477547 1698.18 245.30 33.97 48.86 0 0.467409 1206.40 35.79 24.58 40.00 0 0.457053 1621.03 191.14 33.13 53.55 0 0.455018 1063.03 163.71 29.07 46.48 0 0.450631 1704.45 531.71 40.27 60.22 0 0.436405 1060.28 53.22 30.12 38.56 0 0.430559 715.15 263.14 23.97 39.10 0 0.424905 1224.12 164.95 30.86 47.40 0 0.415929 725.80 558.39 35.92 65.75 0 0.413923 1656.55 77.42 35.66 63.23 1 0.408410 973.03 169.08 27.04 47.59 0 0.405964 1710.13 294.99 32.18 53.11 0 0.402421 951.79 170.65 25.43 45.62 0 0.398008 1096.59 164.24 31.71 45.31 0 0.396886 1169.37 32.71 33.81 45.07 0 0.394772 1599.75 92.83 29.72 55.06 0 0.392968 373.84 420.06 41.59 22.31 0 0.389840 579.09 827.64 31.26 57.41 0 0.388586 959.98 366.45 59.79 30.72 0 0.387363 942.30 823.13 40.22 73.33 0 0.383409 1052.77 20.25 48.69 23.85 0 0.378669 1717.20 293.40 33.12 47.88 0 0.374903 1694.56 101.31 33.70 58.74 0 0.367424 1814.17 538.82 36.19 59.84 0 0.364241 579.30 973.00 38.50 82.09 0 0.361801 924.11 169.48 26.87 46.87 0 0.353612 1763.74 469.78 31.49 50.38 0 0.352449 579.84 886.89 36.69 74.89 0 0.346320 572.59 683.47 34.24 38.53 0 0.342793 1259.92 163.63 31.40 41.24 0 0.331963 580.91 966.13 34.09 73.78 0 0.330845 711.73 255.33 30.57 42.58 0 0.319238 1688.82 468.59 36.47 59.70 0 0.319022 620.66 549.23 17.34 26.38 2 0.317879 1667.41 386.40 32.56 39.83 0 0.316436 1228.07 38.46 24.90 37.46 0 0.313120 721.61 492.61 32.03 54.39 1 0.311696 742.31 908.07 36.53 61.51 0 0.311167 624.50 236.19 20.23 37.32 0 0.303555 1159.15 36.13 32.14 49.07 0 0.297366 733.27 707.14 34.88 87.35 1 0.295303 988.35 22.16 57.93 29.97 0 0.284159 1656.42 82.39 33.16 57.68 0 0.282334 996.26 234.82 56.68 31.64 0 0.280365 707.95 190.23 29.92 53.57 0 0.278441 1068.17 161.84 33.15 44.44 0 0.277348 1161.44 12.52 43.90 33.03 0 0.274309 1255.48 39.16 26.99 36.18 0 0.272693 1356.12 712.45 49.05 35.04 0 0.267180 1117.01 16.60 45.39 34.62 0 0.265040 787.97 55.99 59.69 35.89 0 0.262463 1231.63 40.01 23.96 41.51 0 0.258547 1366.60 635.28 36.14 19.28 0 0.255083 1110.30 18.21 40.40 26.28 0 0.252490 955.14 172.88 28.45 47.99 0 0.251264 1183.78 163.52 32.25 51.09 0
339,0.797910 1076.85 650.60 33.38 82.19 1 0.641483 1617.18 555.73 63.12 35.00 0 0.608155 1434.60 835.83 32.68 60.60 0 0.596127 1578.00 254.19 49.41 24.64 0 0.574643 1780.15 39.89 22.70 32.19 0 0.543626 1575.15 231.61 46.26 22.80 0 0.543550 1008.49 785.04 77.51 101.42 1 0.517377 1419.04 279.11 20.10 34.73 0 0.513616 1839.59 156.84 25.13 38.19 0 0.504898 993.08 898.76 75.85 44.54 1 0.483443 1577.61 284.16 45.08 24.76 0 0.474977 1008.00 1017.66 67.62 33.49 0 0.465482 1756.27 33.71 23.28 36.23 0 0.465444 1687.82 28.78 19.98 31.56 0 0.455938 1605.74 437.15 55.54 28.51 0 0.440004 1867.51 157.28 24.53 39.27 0 0.424822 1867.54 116.06 25.12 28.22 0 0.423942 1790.06 149.94 25.51 40.01 0 0.408613 1683.64 0.00 24.25 18.87 0 0.400846 1709.87 27.39 21.77 37.47 0 0.396490 1413.51 182.16 34.79 31.37 0 0.391518 1803.70 41.90 23.28 29.03 0 0.388328 1765.66 148.23 26.17 37.38 0 0.381722 1685.50 220.66 25.90 33.18 0 0.355319 1689.14 139.12 24.33 31.31 0 0.343460 1610.90 460.84 53.17 25.70 0 0.327929 1621.09 130.55 27.50 39.11 0 0.323631 1578.17 233.42 46.48 26.93 0 0.316861 1863.74 117.69 26.94 30.35 0 0.282262 1871.51 5.31 26.33 32.92 0 0.265936 1601.26 592.08 48.67 36.36 0 0.264911 1690.47 219.63 29.50 34.88 0 0.255681 1578.90 302.68 41.81 23.73 0
340,0.653966 830.96 534.90 71.77 42.82 0 0.623357 1064.14 363.41 64.36 40.49 0 0.613724 750.80 902.51 73.76 52.31 0 0.592381 1005.99 270.39 73.81 43.56 0 0.578986 739.70 863.51 71.80 44.83 0 0.569413 710.88 748.69 70.23 45.21 0 0.563948 636.68 817.14 71.13 45.24 0 0.557261 616.71 751.17 65.93 41.27 0 0.556551 737.75 816.45 77.32 46.36 0 0.556468 921.47 790.14 67.68 44.12 0 0.545543 589.13 428.00 70.72 44.46 0 0.538446 629.88 534.73 69.59 43.31 0 0.533518 767.02 937.79 74.32 48.81 0 0.532675 645.17 900.03 80.67 46.03 0 0.531901 804.95 467.92 67.69 37.86 0 0.531056 953.85 864.43 69.03 47.39 0 0.526248 590.32 713.49 69.07 43.16 0 0.524701 839.44 565.51 74.52 50.09 0 0.517533 726.32 782.32 69.74 45.35 0 0.509416 638.00 866.15 74.40 45.83 0 0.507057 690.09 671.04 67.36 43.11 0 0.506583 323.62 300.59 33.56 22.02 3 0.503582 693.82 1019.98 75.08 49.69 0 0.501914 526.29 532.17 68.53 40.23 0 0.501486 803.87 1013.49 71.40 51.16 0 0.500895 519.68 493.82 71.15 43.31 0 0.495708 697.72 705.78 70.33 49.24 0 0.495682 1098.16 990.19 73.56 43.65 0 0.494999 675.85 631.89 69.61 42.14 0 0.494587 534.02 212.55 91.90 54.14 1 0.494159 877.14 637.10 70.93 47.57 0 0.481869 630.62 783.17 64.66 43.34 0 0.478758 1103.03 237.73 68.40 36.96 0 0.471563 886.93 674.26 74.43 46.76 0 0.471361 573.40 677.04 70.15 43.36 0 0.466428 784.14 394.87 73.34 40.86 0 0.442339 974.13 901.67 69.72 52.08 0 0.440982 1080.04 898.17 72.41 46.60 0 0.440434 663.61 599.00 69.60 44.34 0 0.439616 995.38 981.50 72.79 47.45 0 0.431351 1089.98 945.32 70.50 43.41 0 0.428912 906.03 754.56 77.28 42.91 0 0.421207 909.08 747.33 75.97 43.60 0 0.418428 1029.38 298.12 75.37 41.92 0 0.413754 572.96 636.74 70.66 41.40 0 0.411558 331.79 339.67 34.63 26.97 3 0.406399 1391.11 714.26 80.02 38.98 0 0.404827 606.21 461.44 70.82 42.26 0 0.397227 622.98 537.50 63.85 46.90 0 0.396967 568.09 597.63 68.92 44.48 0 0.391438 1004.53 1025.99 74.25 48.43 0 0.389393 787.86 980.52 68.48 47.54 0 0.386159 791.72 427.62 74.98 45.32 0 0.379542 931.46 829.90 73.34 44.40 0 0.375463 890.64 715.78 78.37 45.08 0 0.373806 619.77 494.14 61.54 43.32 0 0.368422 780.85 963.03 71.29 52.03 0 0.357682 983.72 947.39 75.31 44.60 0 0.347307 539.38 566.15 66.15 43.91 0 0.346824 637.33 833.42 70.06 52.08 0 0.336145 816.80 503.35 65.44 41.43 0 0.326350 529.16 563.88 67.27 52.39 0 0.320394 733.23 821.15 73.04 52.74 0 0.313917 715.39 786.70 74.47 46.87 0 0.313511 761.21 899.20 74.75 45.06 0 0.311419 666.84 593.55 74.12 43.83 0 0.308226 787.38 400.84 71.41 45.17 0 0.308027 881.40 679.20 71.10 49.62 0 0.293663 716.55 1048.92 66.77 31.08 0 0.292215 792.19 421.94 70.56 42.35 0 0.286441 824.57 1048.59 65.41 31.41 0 0.277842 817.11 1038.78 71.52 41.22 0 0.277047 823.38 493.83 60.52 47.48 0 0.276567 992.31 965.46 71.64 51.29 0 0.273806 598.98 435.31 77.63 53.06 0 0.268698 529.82 554.08 66.79 43.66 0 0.268653 635.76 801.57 68.16 44.21 0 0.265222 703.84 721.52 65.39 46.39 0 0.261888 687.49 662.89 69.33 43.83 0 0.261329 928.15 814.89 69.64 50.85 0 0.257620 795.95 972.61 64.01 45.37 0 0.257020 883.73 652.83 73.45 51.51 0 0.254352 580.75 595.42 62.22 42.74 0 0.254082 551.21 567.76 64.14 52.79 0 0.252773 709.72 755.69 74.89 52.20 0 0.251162 543.20 1015.70 33.94 36.89 3
341,0.586313 892.38 776.77 70.37 30.87 0 0.555040 1308.51 777.78 67.44 30.45 0 0.523359 576.60 775.68 57.92 26.75 0 0.486604 170.81 855.75 65.41 31.67 0 0.387478 1564.26 780.16 62.51 24.25 0 0.280302 275.10 1052.18 112.82 27.82 0
342,0.700391 937.55 133.42 84.16 44.92 1 0.696788 805.61 496.43 68.51 37.39 0 0.646319 852.79 329.06 65.40 32.77 0 0.626583 1017.33 409.58 68.66 41.44 0 0.624659 873.84 825.51 71.96 41.30 0 0.621855 976.60 510.17 67.42 39.42 0 0.615742 587.22 823.01 73.90 43.52 0 0.604409 1261.57 481.99 72.06 39.97 0 0.597801 848.16 360.00 67.96 37.30 0 0.596638 1261.86 442.27 72.10 40.08 0 0.587869 921.38 680.75 75.71 43.36 0 0.576087 899.64 752.47 75.36 44.08 0 0.568811 679.71 581.01 71.44 38.35 0 0.561539 839.23 943.69 76.32 42.69 0 0.558386 735.31 442.55 66.26 38.37 0 0.556621 1004.68 444.08 69.35 37.78 0 0.549877 697.82 776.09 75.46 44.16 0 0.544813 912.88 716.79 73.24 41.67 0 0.543547 582.05 862.03 70.02 40.90 0 0.540413 726.21 701.37 75.79 43.85 0 0.538389 761.16 340.44 70.05 40.87 0 0.535141 736.32 403.95 62.44 36.61 0 0.523595 862.27 859.18 73.86 46.53 0 0.522074 1363.48 469.41 65.24 37.60 0 0.520713 685.01 812.72 73.86 41.84 0 0.516641 781.87 567.76 66.42 36.29 0 0.516255 752.85 634.00 72.94 43.47 0 0.510345 797.36 528.72 66.17 38.52 0 0.507410 749.07 371.02 68.16 37.05 0 0.506733 827.79 978.72 76.28 47.25 0 0.503537 884.11 788.25 71.69 42.31 0 0.499085 968.63 544.38 69.78 37.60 0 0.493008 664.65 883.71 77.08 44.71 0 0.490200 425.98 907.28 34.69 23.90 3 0.490055 1247.13 540.86 74.97 40.93 0 0.487969 832.59 393.62 66.82 37.07 0 0.484073 672.54 609.86 68.18 38.57 0 0.474117 551.04 935.06 72.14 47.60 0 0.473211 938.93 645.54 74.46 44.92 0 0.473031 713.97 736.19 68.10 40.77 0 0.471455 688.58 536.12 59.37 38.54 0 0.469482 640.48 963.98 76.91 43.18 0 0.468601 853.44 904.06 77.11 43.14 0 0.468407 723.96 474.50 66.44 35.72 0 0.467989 652.09 927.51 77.28 39.41 0 0.467928 747.83 671.27 67.06 40.74 0 0.462359 916.03 1005.35 75.86 47.37 0 0.454568 663.30 643.45 68.66 41.37 0 0.452394 762.06 596.84 77.27 43.74 0 0.439493 938.74 968.28 76.93 45.97 0 0.437804 674.94 852.53 71.38 40.43 0 0.431752 635.60 679.55 72.19 40.51 0 0.426946 993.01 475.00 66.71 39.71 0 0.419668 957.14 577.82 72.88 42.76 0 0.412967 629.38 709.32 72.36 45.91 0 0.406856 422.81 923.58 35.74 20.38 3 0.390025 818.17 424.91 64.50 41.85 0 0.377384 701.55 500.03 63.14 38.62 0 0.326342 741.83 700.79 70.29 44.55 0 0.315880 707.91 488.67 71.76 44.82 0 0.310784 812.17 1013.03 80.43 44.77 0 0.307822 681.85 541.07 64.80 48.71 0 0.300166 747.94 655.93 71.91 47.48 0 0.296848 726.09 460.41 68.39 45.97 0 0.291260 814.31 422.85 63.50 34.59 0 0.289388 0.12 427.57 26.01 51.94 0 0.280761 713.66 473.11 75.09 43.67 0 0.279745 622.31 705.52 74.56 42.12 0 0.278255 419.12 943.94 36.57 21.67 3 0.274740 492.10 751.22 32.03 22.25 3 0.274672 670.74 858.83 75.33 54.77 0 0.272255 31.48 513.35 44.68 72.98 0 0.268895 899.07 1040.91 85.09 39.09 0 0.257182 893.63 754.63 76.17 50.76 0 0.251893 909.96 709.66 74.70 42.15 0
343,0.755550 480.85 198.15 20.71 39.01 0 0.707869 428.35 502.13 25.58 50.19 0 0.706743 402.30 201.55 21.79 38.93 0 0.686828 124.94 209.61 23.48 36.05 0 0.652268 1035.51 30.32 18.72 38.92 0 0.615514 436.41 444.24 26.56 47.45 0 0.605333 120.96 295.19 25.35 41.98 0 0.604157 410.45 294.05 21.79 40.61 0 0.599941 350.55 446.79 28.89 45.47 0 0.591857 459.31 161.23 19.69 32.03 0 0.587946 354.47 203.49 23.29 40.72 0 0.587215 223.12 207.19 20.65 36.23 0 0.586001 145.91 295.05 23.70 41.35 0 0.579641 338.86 162.01 22.00 32.48 0 0.577379 410.93 158.51 21.90 33.71 0 0.574267 74.09 214.74 23.34 35.82 0 0.573546 427.68 200.74 20.37 38.96 0 0.570357 381.74 293.54 22.79 40.71 0 0.568476 170.78 297.59 23.99 40.12 0 0.560658 196.93 297.65 23.95 40.18 0 0.548500 359.41 163.29 21.86 31.75 0 0.547331 329.18 296.36 23.29 39.36 0 0.539688 312.60 162.49 22.03 31.36 0 0.538101 410.55 444.79 27.43 43.36 0 0.536698 409.93 448.26 24.26 46.23 0 0.536339 19.85 357.41 27.86 43.42 0 0.535679 96.57 299.24 25.95 40.70 0 0.531994 169.14 110.76 15.15 20.01 3 0.530743 436.29 159.75 18.76 32.86 0 0.530110 1052.10 385.98 24.81 48.18 0 0.526299 114.70 172.52 24.25 34.54 0 0.517816 199.83 111.80 13.06 18.68 3 0.509276 50.07 114.38 26.70 19.19 3 0.508657 98.49 213.15 23.44 36.32 0 0.507987 436.68 294.18 21.89 40.94 0 0.506194 0.00 355.64 19.25 40.79 0 0.505463 38.62 170.82 34.77 35.48 0 0.498023 148.00 210.96 25.08 39.25 0 0.487035 237.73 169.62 30.05 34.55 0 0.478011 48.15 214.01 25.61 39.72 0 0.477770 65.09 308.90 25.57 40.84 0 0.457393 947.36 33.74 37.71 20.02 0 0.456317 271.84 202.69 24.62 40.01 0 0.456030 66.95 303.84 27.40 38.53 0 0.448731 454.42 202.08 20.15 38.36 0 0.448718 632.27 193.94 23.98 49.02 1 0.447614 39.17 307.56 25.02 35.89 0 0.446553 383.60 166.20 22.57 34.09 0 0.446548 221.18 299.53 25.30 38.45 0 0.444049 305.43 296.70 23.01 39.46 0 0.444013 197.66 209.94 20.56 33.33 0 0.441895 173.98 209.95 22.34 33.25 0 0.434206 355.41 294.38 22.75 39.37 0 0.431137 306.50 202.14 23.87 41.74 0 0.421158 1038.17 121.93 18.98 35.87 0 0.417504 947.90 55.07 39.41 20.61 0 0.399854 385.68 162.86 20.05 32.21 0 0.398426 246.73 206.86 22.18 36.16 0 0.398049 92.23 304.58 24.65 40.27 0 0.391537 284.37 163.30 23.87 33.25 0 0.384926 22.25 214.46 25.21 39.94 0 0.384035 117.28 300.06 24.56 42.01 0 0.381920 25.83 306.48 25.53 36.25 0 0.378278 26.10 310.18 23.78 40.72 0 0.373767 197.96 211.64 23.43 37.22 0 0.362123 87.68 171.67 26.53 35.71 0 0.354765 1040.76 197.91 19.20 39.43 0 0.353161 246.48 299.75 25.84 39.18 0 0.350319 327.52 202.18 24.70 43.04 0 0.349618 1048.95 332.88 26.29 50.68 0 0.348278 1034.31 35.98 21.72 39.83 0 0.346745 213.96 168.64 24.96 33.92 0 0.339864 278.33 201.82 25.38 42.76 0 0.332052 192.16 166.97 28.99 37.46 0 0.325478 168.34 300.90 24.43 41.27 0 0.322053 1170.04 864.04 20.94 38.59 0 0.321800 1046.19 286.43 25.03 46.95 0 0.308634 252.45 299.18 25.99 40.48 0 0.307443 410.09 162.54 21.75 35.35 0 0.305457 1.96 307.31 21.30 38.92 0 0.300791 25.16 211.54 28.56 40.98 0 0.282460 945.59 12.75 34.26 18.83 0 0.273418 391.53 200.71 22.21 40.07 0 0.270036 143.03 298.35 23.50 43.02 0 0.267435 1038.85 113.85 19.75 35.45 0
344,0.503966 1106.90 66.08 29.80 44.47 0 0.485553 1080.21 47.40 27.89 44.67 0 0.473062 571.26 294.49 14.94 18.40 2 0.441721 239.57 554.68 13.90 21.48 2 0.345358 974.23 137.77 15.18 19.17 3 0.340320 711.83 581.54 12.38 16.70 2 0.296775 685.07 0.00 108.35 55.92 1 0.293414 307.26 657.55 14.04 19.23 2 0.287405 1011.88 0.00 31.44 41.57 0 0.270942 743.63 280.36 12.04 14.97 2
345,0.785242 161.16 914.84 51.17 55.50 3 0.767555 413.45 734.31 69.10 42.33 3 0.766190 577.40 131.54 29.92 45.66 3 0.765625 91.57 576.81 60.47 47.23 3 0.729733 1146.69 436.60 142.64 114.29 1 0.721850 765.32 93.29 90.93 79.45 0 0.718446 1529.58 315.90 122.90 82.20 0 0.714765 1600.36 744.00 176.23 136.69 0 0.711952 336.53 48.44 26.71 40.01 3 0.702606 694.82 301.02 103.28 84.61 0 0.698751 768.15 267.68 92.30 83.94 0 0.697061 387.09 199.62 27.12 45.30 3 0.685409 1396.65 223.03 118.65 83.32 0 0.680633 603.33 157.17 89.34 73.17 0 0.675732 1294.39 159.96 95.84 69.79 0 0.664444 426.03 26.49 24.96 38.33 3 0.655162 979.11 194.11 104.79 78.84 0 0.653109 150.06 896.02 52.23 61.74 3 0.651946 1787.08 486.41 132.92 94.88 0 0.651714 869.95 222.19 100.83 81.16 0 0.636007 263.34 246.88 31.24 44.85 3 0.635100 351.74 214.14 28.31 43.99 3 0.631182 1043.87 173.28 100.29 68.81 0 0.629145 496.03 0.00 28.11 37.81 3 0.628567 270.97 458.59 99.71 89.69 0 0.627925 168.30 322.00 86.49 92.77 0 0.625647 1641.91 405.32 122.46 86.64 0 0.617276 1032.46 1.83 64.07 64.69 0 0.617098 411.70 194.79 26.10 40.03 3 0.614846 893.96 309.55 120.52 103.54 0 0.612345 690.58 96.09 29.42 37.07 3 0.608097 436.21 215.92 91.76 92.38 0 0.604696 448.92 21.42 28.25 35.70 3 0.590008 492.50 362.39 102.75 104.22 0 0.582590 650.23 419.17 109.58 116.92 0 0.581588 672.04 99.31 31.43 35.62 3 0.579148 358.34 207.50 26.12 44.87 3 0.576936 86.78 337.20 91.03 100.26 0 0.572994 313.39 53.12 24.34 41.11 3 0.570624 833.84 76.87 77.30 65.50 0 0.568642 454.09 181.05 32.70 35.07 3 0.565925 414.59 509.62 111.72 128.55 0 0.565300 522.18 916.55 170.66 163.45 1 0.559298 232.18 79.58 40.95 36.27 3 0.558804 165.23 739.68 34.28 50.65 3 0.553393 0.00 815.12 97.06 197.15 1 0.547422 1217.01 105.09 76.02 60.86 0 0.547328 661.95 910.17 143.67 163.85 0 0.542034 2.26 364.70 86.90 106.69 0 0.537923 1397.66 885.75 209.13 175.52 0 0.537528 92.28 671.42 27.60 41.87 3 0.533711 1213.45 575.44 126.55 132.82 0 0.531507 330.03 223.17 28.47 43.10 3 0.528639 154.25 902.03 57.16 65.93 3 0.524293 603.98 125.87 30.04 41.67 3 0.523275 497.52 189.12 84.26 84.89 0 0.516820 384.03 203.35 27.95 46.46 3 0.515836 715.60 92.99 30.06 40.50 3 0.515152 291.57 230.31 29.66 44.12 3 0.510205 355.50 826.03 114.29 167.45 0 0.502128 911.45 731.40 153.23 162.59 0 0.496547 1823.21 810.43 96.79 148.41 0 0.489047 216.93 85.36 48.23 32.25 3 0.485084 195.30 735.40 41.24 54.36 3 0.480584 587.49 343.50 84.95 83.20 0 0.479406 1325.24 529.64 143.22 115.13 0 0.477537 615.36 122.28 32.60 39.49 3 0.474088 1304.12 541.65 121.78 116.51 0 0.472687 484.18 3.89 27.99 42.14 3 0.471092 16.68 262.79 146.45 78.20 0 0.463736 386.10 32.11 25.94 42.65 3 0.461623 1137.59 607.66 142.21 149.91 0 0.458342 301.80 231.47 29.60 44.06 3 0.455876 182.25 730.04 51.92 58.94 3 0.453391 545.88 0.00 24.49 27.36 3 0.452796 324.90 540.83 112.24 134.26 0 0.447727 650.66 102.53 30.65 37.28 3 0.443182 19.82 594.30 29.41 46.74 3 0.442402 716.91 280.96 130.49 87.79 0 0.441814 1166.42 420.88 163.95 94.84 0 0.441039 656.97 127.11 78.10 69.20 3 0.438961 1634.08 977.10 196.59 102.90 0 0.431992 288.54 235.12 30.54 46.16 3 0.428910 362.17 47.33 23.35 35.93 3 0.427504 275.24 71.03 30.50 41.26 3 0.423179 1091.07 680.38 112.42 123.00 0 0.421842 719.33 86.48 27.88 41.94 3 0.421654 1641.27 757.00 137.83 124.31 0 0.421322 431.07 10.89 25.43 38.80 3 0.420086 450.97 13.12 30.82 39.70 3 0.418284 1291.32 559.93 98.57 105.79 0 0.415189 1547.93 325.07 110.57 78.92 0 0.412552 696.59 89.42 26.87 38.91 3 0.410439 0.00 784.97 89.17 182.48 1 0.404569 651.85 128.45 91.45 79.90 0 0.400549 1047.08 122.69 43.91 32.50 3 0.396163 239.28 65.98 31.57 32.30 3 0.382393 16.90 526.39 46.77 59.96 3 0.371757 336.81 526.80 114.67 140.63 0 0.370827 264.30 73.31 31.47 37.95 3 0.354324 736.52 274.80 119.91 87.04 0 0.347100 408.82 30.70 25.13 40.09 3 0.345286 831.77 790.17 143.02 151.49 0 0.343038 246.86 628.48 104.20 105.65 0 0.341599 998.93 695.73 146.99 148.39 0 0.341236 608.92 146.69 97.72 80.96 0 0.340333 1838.26 798.95 81.74 125.40 0 0.335204 863.93 813.01 114.78 131.64 0 0.334320 1002.87 181.88 124.37 80.13 0 0.323969 1047.74 110.88 39.44 33.36 3 0.321649 379.00 41.16 27.28 38.47 3 0.311920 1364.49 549.26 103.56 108.70 0 0.308496 532.19 911.68 110.60 147.01 0 0.303277 1110.92 608.65 155.65 122.91 0 0.303132 786.49 82.82 117.53 75.00 0 0.299828 1198.27 566.49 110.83 116.59 0 0.295212 641.09 886.97 146.76 176.23 0 0.291807 1071.69 653.94 135.99 140.60 0 0.291375 1203.91 421.03 127.70 84.98 0 0.285691 498.97 368.53 112.42 111.26 0 0.284807 375.09 840.07 106.20 158.34 0 0.278530 216.31 508.38 38.33 45.80 3 0.273872 664.83 137.26 84.60 73.94 0 0.271660 1024.60 701.87 143.12 148.71 0 0.271169 209.60 36.20 21.97 32.57 3 0.269359 1394.04 879.02 174.61 155.23 0 0.269046 1309.15 519.53 145.73 112.50 0 0.268507 219.56 86.55 53.97 37.44 3 0.266068 1016.16 61.66 26.92 42.68 3 0.262393 992.35 693.40 126.65 106.21 0 0.259746 961.00 734.63 157.21 152.83 0 0.255162 908.34 732.99 122.14 134.40 0 0.250694 323.68 227.01 27.44 44.76 3
346,0.659660 468.41 771.89 35.03 65.92 0 0.640311 43.78 798.09 38.62 69.15 0 0.621792 415.93 776.52 41.24 71.33 0 0.615934 1197.11 511.29 30.69 50.06 0 0.540003 549.07 774.92 31.19 54.34 0 0.537185 56.06 965.69 63.52 30.36 0 0.534638 1254.35 495.72 28.61 54.53 0 0.534296 1351.93 631.90 56.69 32.98 0 0.520720 952.86 386.15 27.32 41.56 0 0.499646 990.20 437.84 27.90 44.22 0 0.475618 1219.90 602.57 72.82 33.73 0 0.474168 800.79 816.68 63.12 34.16 0 0.470038 581.22 775.65 35.52 56.39 0 0.469464 1225.54 509.21 25.02 51.67 0 0.432099 1078.09 381.34 28.13 43.94 0 0.398047 1873.20 28.43 32.10 41.26 0 0.396912 996.39 348.67 50.09 20.78 0 0.378379 224.70 539.78 34.47 53.87 0 0.374918 1114.46 853.09 30.19 43.87 0 0.371006 1845.29 36.31 32.03 36.64 0 0.331739 1882.15 23.22 31.42 40.12 0 0.301048 1311.10 511.76 25.93 39.76 0 0.292859 818.79 376.57 54.46 24.57 0 0.287513 1114.49 465.18 34.99 50.50 0
347,0.486175 40.83 642.08 214.81 87.46 0 0.385891 74.97 626.57 188.43 99.17 0
348,0.535213 836.42 944.12 34.09 34.56 0 0.267601 1173.04 589.28 41.13 23.39 0
349,0.387338 46.04 561.03 42.81 22.13 0 0.356053 893.92 513.44 39.23 19.71 0 0.332613 890.65 515.85 39.78 19.14 0 0.321906 979.93 497.19 31.63 15.64 0 0.264692 1513.34 541.07 27.92 33.56 0
350,0.726335 131.78 449.12 136.97 56.53 0 0.630215 1248.89 459.09 123.07 52.27 0 0.608072 623.54 454.76 127.11 51.92 0 0.570821 304.03 457.08 128.69 51.38 0 0.360969 1335.43 477.40 93.46 39.02 0 0.311376 1242.62 463.55 116.27 41.30 0 0.292791 1265.60 466.45 160.93 51.78 0
351,0.711026 41.90 327.16 222.89 103.54 0 0.407385 1704.75 367.89 215.25 110.17 0 0.370702 1163.84 326.01 273.42 153.28 1 0.362751 1152.08 322.64 257.23 140.59 0 0.340793 1606.23 388.06 165.75 81.84 0
352,0.427896 885.97 797.68 33.00 44.19 0 0.361150 927.52 734.16 31.45 37.50 0 0.343263 1506.28 376.29 36.23 27.50 0
353,0.542704 730.00 595.36 89.55 96.10 0 0.318390 935.00 328.88 53.52 45.54 0
354,0.562717 1170.13 346.22 28.74 44.87 0 0.463421 1148.23 176.81 29.18 37.49 0 0.342130 1163.92 217.28 26.36 34.11 0 0.299539 171.60 962.41 59.06 64.07 0 0.296654 1066.65 1.52 38.73 46.87 0 0.266671 1168.35 264.24 25.21 37.08 0 0.259342 1140.45 136.08 28.68 41.06 0
355,0.299238 771.12 41.38 30.21 54.39 0
356,0.866838 899.85 555.24 76.25 41.41 1 0.270732 620.73 497.15 30.54 20.57 0
357,0.776062 739.67 144.78 116.00 48.89 1 0.757290 696.13 210.56 134.19 65.20 1 0.365742 697.38 196.76 136.29 69.07 1 0.364640 703.02 218.37 124.47 60.54 0 0.312744 652.62 176.97 45.30 101.55 1 0.284875 1857.13 0.00 60.23 33.91 0
358,0.864701 694.57 335.61 120.39 49.33 1 0.761280 635.37 432.31 146.31 51.34 1 0.383461 596.13 373.46 40.86 114.05 0 0.378580 639.15 393.23 144.46 62.39 1 0.256498 595.55 365.62 44.13 105.88 1
359,0.699499 640.70 492.75 65.98 36.98 1 0.289285 743.02 495.25 33.29 17.82 0
360,0.698889 912.00 382.66 163.18 72.87 0 0.689751 658.43 385.50 172.40 74.74 0 0.599373 193.58 404.57 198.08 83.41 0 0.599194 1294.03 355.53 174.12 71.65 0 0.587858 1507.79 341.61 192.08 76.90 0 0.586821 0.00 411.05 134.46 79.33 0 0.425236 1592.68 782.49 44.38 43.24 3 0.309457 1595.27 758.47 41.50 60.90 3
361,0.588759 831.98 720.08 30.80 61.22 0 0.544584 826.24 960.01 36.82 82.19 0 0.410087 841.74 347.82 25.77 47.93 0
362,0.535206 498.55 920.67 54.17 34.47 0 0.485250 713.84 775.69 56.22 47.16 0 0.433542 606.43 847.88 57.57 42.53 0 0.398511 551.34 887.66 52.67 35.67 0 0.340747 830.30 583.41 39.95 37.85 1 0.327766 1708.84 573.23 22.08 49.05 1 0.307833 677.33 801.16 48.73 41.42 0 0.262381 169.62 688.64 27.82 25.56 0
363,0.783700 1269.55 531.72 71.42 57.44 1 0.414378 914.03 432.38 66.10 58.30 0 0.404434 874.29 393.61 57.83 54.43 0 0.376960 729.91 243.95 42.54 53.24 0 0.368756 771.63 291.34 44.24 50.75 0 0.359887 829.98 344.51 35.39 41.37 0 0.332779 1185.49 710.22 47.05 43.86 0 0.324140 881.60 402.09 60.37 55.82 0 0.293166 1695.73 912.62 65.69 42.84 0 0.279739 1880.94 878.65 37.46 38.58 0 0.276158 765.48 287.53 46.99 49.28 0
364,0.717013 1352.74 941.38 49.51 28.21 3 0.670667 12.72 769.25 100.01 99.16 0 0.611559 113.41 644.73 84.71 74.22 0 0.607842 92.29 780.99 90.25 89.23 0 0.593876 1651.31 571.35 86.03 63.89 0 0.575395 187.18 361.45 46.85 50.09 0 0.575170 578.58 255.98 28.81 25.07 0 0.568016 1380.79 557.19 66.18 66.65 0 0.557379 173.16 295.48 56.91 34.26 0 0.555078 0.00 890.59 140.51 83.88 0 0.554511 161.44 573.57 71.64 55.93 0 0.553836 1338.90 483.99 68.04 74.62 0 0.546915 139.78 347.96 49.91 35.91 0 0.541476 475.43 790.18 45.55 44.68 3 0.539923 315.01 482.53 65.50 52.40 0 0.529314 1241.16 334.46 41.68 41.59 0 0.522107 149.01 439.24 62.61 53.45 0 0.521979 750.25 281.58 61.01 28.21 0 0.512835 1822.14 511.93 91.47 57.61 0 0.509780 104.51 578.57 71.17 64.10 0 0.509018 869.65 750.91 21.28 47.23 3 0.499357 1172.87 654.57 40.38 31.81 3 0.496805 49.23 349.93 56.02 41.97 0 0.495139 857.66 259.46 40.13 26.45 0 0.483586 360.07 587.04 22.26 29.64 3 0.482517 1450.13 370.90 51.56 49.22 0 0.477239 595.64 631.81 19.83 38.21 2 0.474564 1150.83 65.91 36.68 22.30 0 0.466821 811.58 252.53 36.17 23.51 0 0.465397 52.20 372.55 57.15 50.58 0 0.463845 1116.89 232.75 42.89 28.09 0 0.461288 649.26 860.71 31.12 34.21 3 0.459211 657.40 835.74 56.30 47.29 3 0.458806 481.64 784.44 39.22 44.13 3 0.456688 1576.41 178.02 40.98 25.28 0 0.456421 1598.43 520.07 73.69 54.05 0 0.455011 1281.34 402.83 50.11 55.72 0 0.454721 185.34 788.26 83.73 83.10 0 0.450053 437.42 471.69 86.01 102.89 1 0.447323 357.66 371.43 54.66 48.05 0 0.436574 1591.95 177.80 40.90 25.54 0 0.432583 516.73 623.85 34.97 31.09 3 0.426291 447.64 759.43 29.72 29.74 3 0.423352 907.16 276.03 62.06 31.08 0 0.419130 0.52 434.41 47.05 53.03 0 0.413764 251.24 433.50 55.67 52.87 0 0.412936 98.66 434.15 54.53 51.97 0 0.412128 985.21 281.40 56.82 28.26 0 0.409547 405.33 662.20 31.00 33.59 3 0.407534 1555.50 464.73 90.87 66.07 1 0.406326 1212.86 134.41 32.03 26.06 0 0.403226 912.56 754.64 28.83 46.63 3 0.400012 1763.35 178.16 38.20 23.27 0 0.398696 1868.11 259.64 47.77 23.53 0 0.398525 1260.64 376.38 48.76 45.49 0 0.397906 142.84 295.86 51.42 36.78 0 0.392895 229.62 354.29 53.33 56.75 0 0.392841 392.75 557.13 18.20 28.92 2 0.389452 1284.15 196.11 40.66 37.17 0 0.386145 146.86 292.16 62.34 37.16 0 0.384844 295.34 291.60 41.54 36.85 0 0.379813 1204.80 129.72 31.91 23.85 0 0.378803 47.80 363.38 57.67 50.19 0 0.373602 0.84 235.80 47.08 34.37 0 0.370294 619.80 269.52 60.86 28.48 0 0.369233 332.12 296.07 35.42 33.67 0 0.367015 899.74 846.38 49.15 53.44 3 0.366061 1292.83 214.01 39.45 35.59 0 0.360928 827.82 286.32 67.82 28.20 0 0.358415 1317.25 456.29 60.48 47.67 0 0.357870 50.93 433.14 54.92 51.87 0 0.350254 1633.39 209.68 43.86 26.19 0 0.346669 218.76 570.52 92.41 79.69 1 0.346635 742.90 254.36 30.54 25.14 0 0.344562 1618.98 180.27 42.32 24.86 0 0.338673 377.35 299.16 36.26 29.34 0 0.336074 644.59 639.40 22.34 37.73 3 0.334275 1728.62 230.73 49.11 27.00 0 0.332829 753.28 254.70 39.54 25.09 0 0.330863 1647.33 183.03 42.79 24.57 0 0.326842 1426.63 339.52 44.30 35.50 0 0.322189 679.64 580.69 25.12 34.11 3 0.317175 259.01 296.91 35.41 31.95 0 0.316891 658.52 831.77 56.37 40.86 3 0.315419 896.31 810.38 186.33 95.89 1 0.310871 1727.31 213.11 45.48 25.31 0 0.310319 509.41 622.14 34.84 35.19 3 0.308102 483.06 665.38 23.45 32.44 2 0.307990 360.11 604.90 27.30 29.70 3 0.302648 511.08 618.85 30.78 32.77 3 0.302251 1715.84 181.93 36.69 21.49 0 0.302019 1535.04 156.78 39.73 23.52 0 0.295715 59.30 377.56 60.87 45.15 0 0.293979 286.25 428.29 72.29 64.14 1 0.290747 402.00 667.66 34.13 33.81 3 0.290094 1309.86 227.13 31.25 34.33 0 0.289936 1820.38 180.91 38.43 22.11 0 0.284615 1158.30 66.98 37.90 24.47 0 0.284471 1379.07 299.13 60.71 44.54 1 0.280906 153.15 576.78 77.89 65.52 0 0.280185 1670.76 181.25 42.77 24.43 0 0.279907 651.85 581.38 22.43 29.85 3 0.279007 1359.61 927.86 43.21 31.22 3 0.273012 307.60 676.16 23.65 36.26 3 0.270755 422.15 786.32 57.60 44.06 3 0.269693 1642.74 209.31 45.60 25.91 0 0.269594 118.29 584.79 108.53 68.95 0 0.267522 1730.20 235.81 43.98 26.76 0 0.264001 424.03 791.53 46.48 32.41 3 0.255738 692.70 845.52 35.19 38.30 3 0.254468 1560.74 482.76 95.66 54.38 0 0.252672 631.06 584.20 19.56 29.40 3 0.252113 695.15 252.54 26.77 23.77 0 0.251956 708.50 599.38 53.75 31.48 3
365,0.646031 698.57 415.25 28.57 42.95 0 0.645676 161.52 821.68 37.02 62.09 0 0.644597 243.07 816.36 35.01 64.88 0 0.598052 340.17 345.40 50.51 26.98 0 0.596523 936.71 537.18 32.24 53.59 0 0.595981 282.77 816.44 34.63 61.60 0 0.539505 1721.67 26.80 32.78 40.14 0 0.538898 781.86 539.41 33.40 55.73 0 0.532939 104.87 825.75 43.09 69.29 0 0.505106 746.40 528.86 36.65 56.86 0 0.499214 497.62 861.10 65.99 33.75 0 0.478943 733.62 473.38 26.90 39.76 0 0.475937 378.52 315.43 38.44 35.37 0 0.455298 1651.03 48.13 28.45 37.43 0 0.438049 964.23 535.13 29.11 54.76 0 0.432715 580.24 403.69 52.43 28.72 0 0.432266 831.13 410.53 30.75 43.60 0 0.404819 999.14 529.06 27.26 51.94 0 0.339790 936.70 667.02 52.58 27.52 0 0.339279 754.26 375.99 55.73 24.13 0 0.324351 662.14 419.00 34.01 39.94 0 0.317266 1796.32 0.74 65.04 70.61 0 0.317247 961.45 637.38 68.17 30.47 0 0.308281 570.68 405.13 52.72 27.43 0 0.287306 1671.99 45.98 27.01 38.87 0 0.282751 800.31 414.41 26.55 39.03 0 0.267894 1689.92 42.22 28.47 37.39 0
366,0.659706 281.98 877.07 38.65 64.02 0 0.638736 190.20 862.87 40.86 70.73 0 0.621601 797.82 1.13 25.09 41.21 0 0.521896 466.65 942.95 52.55 65.25 0 0.391466 248.55 872.13 38.89 68.71 0 0.387054 554.90 919.43 46.98 63.93 0 0.329174 0.00 837.14 53.69 119.37 1 0.323359 347.30 977.45 58.78 27.51 0
367,0.747461 1613.74 365.31 67.32 38.65 3 0.685107 727.66 280.04 87.72 60.56 0 0.671113 1506.81 941.25 55.02 34.94 3 0.669713 1616.04 382.99 67.57 34.79 3 0.610891 1449.15 988.34 83.20 91.39 0 0.581291 1776.10 554.20 76.55 111.73 0 0.534600 1173.74 338.58 77.03 67.14 0 0.514605 1670.02 244.71 71.45 37.08 0 0.506998 1512.03 901.45 57.86 41.74 3 0.504805 1514.95 892.92 55.87 39.22 3 0.504373 991.94 278.81 83.54 61.80 0 0.473659 1627.22 314.63 83.98 51.14 0 0.467850 1082.05 305.23 71.15 61.27 0 0.425674 116.13 527.49 62.31 47.71 0 0.422944 1599.03 412.96 47.44 32.46 3 0.420790 610.60 336.88 97.04 83.41 0 0.420720 192.52 499.83 64.68 47.67 0 0.418343 1228.43 360.50 72.54 65.91 0 0.413396 34.54 998.92 95.41 81.08 0 0.398308 1605.68 413.99 63.38 35.41 3 0.387052 1609.19 380.99 63.83 33.62 3 0.386929 268.53 463.62 60.58 46.76 0 0.367302 1120.43 320.57 72.49 68.30 0 0.363736 44.86 568.42 61.65 48.36 0 0.344781 1649.72 279.14 76.84 37.83 0 0.324853 787.63 257.21 87.42 61.09 0 0.319700 1069.92 296.15 75.14 64.52 0 0.318424 1820.80 97.56 39.04 53.45 0 0.312696 0.00 301.71 79.88 72.94 0 0.309400 805.21 249.00 88.46 60.86 0 0.294415 1090.67 310.99 75.98 64.47 0 0.293117 1553.34 842.95 23.33 31.40 3 0.286506 1490.24 964.20 67.04 45.59 3 0.275227 1658.87 272.67 73.07 39.22 0 0.268603 1216.81 349.82 87.26 70.20 0 0.264980 362.38 904.06 85.54 67.62 3 0.264122 726.64 271.76 112.12 65.08 0 0.258748 9.66 983.94 107.41 94.50 0 0.253147 1680.51 241.70 66.94 37.82 0 0.250986 1636.12 294.33 80.90 48.23 0
368,0.670749 1222.85 484.24 70.37 45.20 1 0.444151 702.78 297.49 40.62 48.87 0 0.395872 821.87 394.62 42.22 38.51 0 0.359734 658.71 258.56 44.51 46.41 0 0.359306 865.63 425.96 61.43 45.45 0 0.347020 1396.53 561.31 64.85 31.71 0 0.343212 1344.23 261.45 29.34 37.64 0 0.342630 1093.11 816.33 34.21 38.56 1 0.330019 1154.89 671.48 52.90 39.67 0 0.315783 1543.68 622.80 74.05 44.44 0 0.314277 815.94 389.84 41.73 34.45 0 0.306806 1766.74 847.11 55.08 44.17 0 0.286891 1362.41 294.17 36.81 29.66 0 0.263956 1772.44 724.47 36.39 30.99 0 0.256251 851.13 411.25 49.99 46.96 0
369,0.839513 869.38 345.99 46.52 65.24 1 0.618452 964.58 320.76 24.25 33.20 0 0.567690 361.17 471.85 25.85 32.53 0 0.527143 591.65 508.97 29.94 36.47 0 0.518888 349.00 371.98 33.52 25.66 0 0.516598 1175.09 390.72 21.57 24.63 0 0.492283 324.58 463.31 32.08 34.97 0 0.476494 600.41 421.13 27.06 27.84 0 0.463389 557.22 419.44 27.52 25.62 0 0.452928 474.33 488.11 22.86 30.27 0 0.442350 852.67 344.68 60.73 62.92 1 0.432564 451.35 485.51 22.34 30.42 0 0.421417 519.16 413.45 25.81 25.05 0 0.407756 402.78 472.24 25.90 33.65 0 0.372422 933.19 313.11 21.38 34.78 0 0.336703 1123.88 389.12 19.68 25.76 0 0.327978 198.66 515.81 46.03 32.11 0 0.310916 685.16 516.49 26.24 36.29 0 0.297916 1157.86 388.95 18.92 26.09 0 0.288889 1049.58 380.23 26.64 28.67 0 0.262496 932.88 307.21 24.67 31.16 0
370,0.733379 1063.11 401.06 54.56 76.22 0 0.622631 273.92 304.25 33.81 64.64 0 0.614380 1.46 477.34 39.56 79.85 0 0.603491 276.11 646.66 43.97 72.72 0 0.584505 56.25 59.60 31.35 52.00 0 0.577257 37.77 180.17 35.76 58.20 0 0.562492 275.09 58.11 31.13 47.73 0 0.553531 21.67 309.52 37.66 61.33 0 0.513220 274.45 176.37 30.28 48.08 0 0.355296 265.76 640.25 48.79 72.26 0 0.352525 27.00 247.49 25.48 44.34 0 0.288256 0.00 678.72 20.52 41.28 0
371,0.615332 320.54 354.83 15.42 17.64 2 0.573403 0.00 521.69 41.21 69.72 0 0.486058 339.97 379.94 16.01 15.59 2 0.475716 435.96 407.76 14.86 15.31 3 0.441885 320.95 351.06 14.59 17.59 2 0.316069 0.00 608.87 57.70 65.90 0 0.300484 144.68 219.48 48.25 43.41 0 0.285930 553.82 620.52 18.30 21.96 2 0.283564 688.92 688.85 16.66 19.78 2 0.276776 105.28 189.67 56.04 49.91 0 0.269272 388.70 450.01 19.41 20.48 2 0.267086 1111.37 460.12 22.22 20.29 3 0.258975 114.72 204.29 45.24 40.58 0 0.250594 188.97 249.53 62.10 50.54 0 0.250528 554.34 613.43 18.22 24.66 2
372,0.565675 244.17 402.68 203.21 93.64 0 0.559188 1027.96 361.01 191.84 81.02 0 0.423318 1.45 419.98 146.44 90.28 0 0.293393 0.00 410.86 185.98 91.06 0
373,0.411285 897.76 591.14 48.92 53.72 0 0.402585 570.87 475.51 33.23 44.46 0 0.371553 541.19 462.79 35.74 38.78 0 0.335391 848.80 583.24 48.43 45.51 0 0.333122 526.07 484.55 36.06 38.48 0 0.323948 486.38 478.80 36.98 42.83 0 0.316454 478.33 455.01 38.68 34.10 0 0.315221 598.71 469.70 28.72 39.05 0 0.309065 723.24 577.87 57.89 56.58 0 0.289642 887.33 587.61 52.44 56.72 0 0.288680 617.17 238.60 56.20 47.64 0 0.286926 1031.03 621.71 40.22 37.69 0 0.260170 1034.57 605.84 37.38 47.88 0
374,0.591834 1293.21 540.48 54.32 24.24 0 0.541388 1086.00 520.74 49.89 25.24 0 0.473610 1222.06 530.82 53.53 26.19 0 0.468983 1008.29 519.54 60.28 24.60 0 0.467875 1361.06 541.87 63.60 26.42 0 0.385742 1437.04 547.10 55.81 24.89 0 0.368566 72.87 195.92 31.19 43.50 0 0.342902 793.27 499.75 56.13 24.83 0 0.301991 934.90 518.20 24.22 18.33 0 0.296668 957.47 518.70 27.39 17.85 0 0.289198 81.77 193.45 29.93 38.25 0 0.284228 1155.21 528.58 53.87 26.57 0 0.278203 1148.01 525.60 49.59 25.14 0 0.277426 1134.66 470.78 38.69 24.84 0 0.273136 287.96 562.04 32.81 34.89 0 0.271595 1123.50 470.13 42.27 24.02 0
375,0.516716 1795.85 756.39 124.15 115.45 0 0.509240 1066.65 460.64 191.56 91.25 0 0.483860 494.76 543.13 132.77 116.95 0 0.480794 1330.60 439.89 182.74 85.38 0 0.479022 1508.52 427.94 139.84 83.74 0 0.427057 443.40 478.45 142.22 64.40 0 0.335892 394.66 502.06 132.89 93.40 0 0.330014 425.50 476.77 158.17 81.10 0 0.311338 517.06 542.99 136.61 121.75 0 0.307752 467.32 477.10 116.89 56.21 0 0.302454 1093.82 444.50 169.81 100.52 0 0.294800 403.72 497.08 153.44 103.16 0 0.289713 1284.37 424.94 235.78 106.32 0 0.284165 1808.44 735.96 111.56 109.89 0 0.262260 450.48 458.96 133.38 69.98 0 0.262068 443.24 493.39 142.38 99.33 0
376,0.537788 1032.61 607.38 43.38 57.59 0 0.505670 670.01 492.45 36.48 46.18 0 0.465292 628.27 498.18 39.59 44.46 0 0.380272 988.22 620.72 33.74 41.26 0 0.361711 569.13 463.72 40.82 35.31 0 0.281215 944.36 605.86 40.39 50.71 0 0.275855 633.82 493.93 39.51 41.54 0 0.271204 988.58 602.25 36.15 56.12 0 0.263335 1213.15 607.58 43.33 31.76 0
377,0.589067 1235.24 595.84 39.00 17.13 0 0.545952 1461.90 596.71 29.93 15.60 0 0.505442 1282.66 593.54 35.32 18.85 0 0.477513 1414.16 597.30 34.57 17.14 0 0.417420 1723.92 596.37 39.43 18.25 0 0.416549 1364.32 596.12 33.33 17.96 0 0.380396 1582.60 596.27 39.57 18.63 0 0.366798 1637.95 595.81 43.64 21.31 0 0.336760 1633.15 596.28 41.48 18.82 0 0.333831 1500.03 596.82 38.51 19.46 0 0.306076 1486.33 596.15 37.13 17.34 0 0.288456 1671.64 597.23 38.19 16.81 0
378,0.866262 1009.06 463.34 139.05 62.01 1 0.636092 1185.95 474.66 117.42 49.67 0 0.636044 1312.52 482.35 101.93 44.61 0 0.623816 1658.16 482.76 109.44 47.37 0 0.596881 526.40 460.65 160.95 50.27 0 0.549864 556.64 597.80 30.85 60.50 2 0.523724 531.92 591.52 29.98 68.76 2 0.460936 532.41 591.32 25.75 52.10 2 0.393723 851.38 474.24 119.50 52.12 0 0.335110 1005.26 462.34 141.63 61.34 0 0.266493 551.12 593.80 32.19 51.07 2
379,0.699254 1085.64 826.33 31.32 61.81 0 0.679608 644.00 597.51 33.05 63.28 0 0.659964 646.73 664.46 29.95 57.97 0 0.624813 742.28 590.80 33.50 66.60 0 0.610355 587.54 789.84 74.49 176.01 1 0.600228 740.46 652.20 32.78 64.28 0 0.579560 711.41 597.76 31.18 58.56 0 0.472725 677.26 658.40 29.88 56.94 0 0.470320 935.37 830.64 28.56 59.69 0 0.455293 1115.59 833.91 29.18 57.26 0 0.437293 678.21 598.27 28.99 58.21 0 0.429293 901.33 826.36 31.56 62.54 0 0.424217 759.71 902.51 42.13 81.23 0 0.353625 1145.67 800.26 41.07 32.85 0 0.340154 1852.78 918.02 52.55 90.42 1 0.290225 680.04 653.68 34.00 60.35 0
380,0.704463 1245.90 502.40 71.52 45.27 1 0.402913 803.89 349.70 34.77 33.45 0 0.400322 696.72 246.43 46.72 50.58 0 0.352766 1175.26 693.09 49.01 37.24 0 0.336984 853.67 387.74 39.91 41.26 0 0.315687 778.00 323.33 39.29 39.04 0 0.315650 889.03 426.06 65.42 47.42 0 0.308079 1462.04 607.54 61.02 47.89 0 0.305821 1688.97 855.61 64.35 40.98 0 0.291271 1251.81 506.14 66.16 50.77 0 0.287255 1474.43 613.45 63.15 47.30 0 0.283268 740.20 290.94 48.48 48.72 0 0.271619 1167.53 685.37 49.98 37.87 0 0.269381 1453.14 601.76 61.30 46.40 0
381,0.464636 915.55 566.17 29.03 33.39 0 0.378186 571.27 967.38 38.18 58.33 0 0.330645 566.77 975.57 35.86 52.21 0 0.325907 1116.81 958.48 58.63 52.82 0 0.272925 939.62 519.39 24.78 20.56 0 0.256973 1865.60 27.96 27.47 38.83 1
382,0.759868 578.04 21.71 28.27 57.17 0 0.704174 235.24 448.75 30.60 57.88 0 0.696319 713.93 102.04 27.00 61.67 0 0.682809 553.07 104.18 29.39 63.99 0 0.659875 676.65 219.25 27.09 48.48 0 0.648792 481.90 29.01 26.49 54.37 0 0.644084 451.67 25.59 26.42 59.24 0 0.636795 331.67 126.47 29.99 59.82 0 0.605843 674.74 18.49 28.00 58.07 0 0.602591 646.29 101.56 28.20 61.55 0 0.600487 517.39 105.85 29.19 62.13 0 0.598668 425.76 444.14 29.42 54.06 0 0.597246 787.99 97.89 26.68 59.04 0 0.596544 311.91 450.87 27.86 55.02 0 0.590032 677.74 99.28 27.34 60.37 0 0.588368 352.84 35.42 29.66 61.99 0 0.575800 483.95 112.32 28.25 58.69 0 0.569840 517.58 26.91 27.18 59.39 0 0.567631 383.67 34.40 24.89 57.42 0 0.549455 357.08 445.09 30.25 59.02 0 0.547701 444.73 539.20 55.06 27.78 0 0.546052 752.04 97.34 28.30 62.64 0 0.542841 505.28 450.90 27.42 53.48 0 0.542559 608.43 20.65 27.49 56.06 0 0.542431 614.54 101.66 27.38 58.89 0 0.522549 744.28 19.37 26.68 59.56 0 0.498095 708.06 216.80 30.69 61.18 0 0.494636 606.32 466.76 26.57 56.06 0 0.493326 640.40 21.85 27.52 58.27 0 0.492156 414.53 26.63 29.26 61.39 0 0.491438 245.90 393.28 47.15 21.33 0 0.488805 569.00 461.25 29.13 58.23 0 0.464970 737.27 217.56 27.52 58.90 0 0.462798 295.42 127.71 30.31 61.46 0 0.451519 740.03 322.35 50.95 30.87 0 0.442994 1895.37 512.97 24.39 54.49 0 0.391729 708.86 19.96 27.87 57.55 0 0.385752 1805.27 409.43 28.35 47.85 0 0.380146 536.76 448.15 28.37 56.92 0 0.373693 1829.65 407.17 30.07 50.30 0 0.358277 1703.22 713.32 52.43 26.83 0 0.332862 271.82 451.77 27.59 56.05 0 0.304190 1761.43 502.82 56.23 32.20 0 0.285931 520.81 220.91 38.78 25.38 0 0.268444 1794.87 473.43 36.38 28.10 0 0.259596 736.46 212.59 27.00 52.11 0 0.256621 1274.47 993.54 30.55 41.58 0
383,0.687201 1067.35 666.23 45.29 53.77 0 0.636386 1254.51 668.89 52.12 51.11 0 0.581117 1196.70 555.03 43.94 42.77 0 0.532039 759.48 591.16 63.66 30.11 0 0.497411 1154.31 468.84 31.11 31.23 0 0.495160 855.70 309.54 28.58 17.32 0 0.494060 1018.20 193.96 20.37 15.78 0 0.489474 1277.27 451.52 45.54 43.81 1 0.487775 1065.74 293.49 24.88 20.52 0 0.482497 857.69 326.52 31.92 18.96 0 0.474469 1285.83 227.69 25.01 15.82 0 0.414823 834.92 234.88 29.55 19.00 0 0.402536 966.36 296.86 19.51 25.31 0 0.388317 701.18 239.18 21.07 16.38 0 0.387659 849.40 287.64 30.23 18.64 0 0.372155 1051.82 193.53 18.93 15.39 0 0.344636 774.30 192.45 21.16 13.76 0 0.339915 783.81 191.90 23.12 13.87 0 0.336503 1197.60 216.18 21.81 14.81 0 0.328584 758.60 282.33 35.94 18.59 0 0.320698 722.31 240.70 24.69 15.69 0 0.314354 1083.38 326.30 25.04 28.10 0 0.309158 1085.53 330.19 26.19 26.25 0 0.308536 855.24 311.76 31.52 18.12 0 0.306494 669.65 228.79 22.04 15.94 0 0.295572 871.35 108.13 16.66 18.99 0 0.284916 1036.91 189.34 18.49 16.77 0 0.278871 759.04 286.15 35.14 19.97 0 0.270596 848.08 283.11 29.25 19.10 0 0.264845 905.85 208.39 21.68 15.80 0 0.261800 1075.49 313.11 26.16 23.40 0 0.251788 1079.15 316.55 25.24 24.45 0
384,0.756378 508.86 235.79 21.67 39.69 0 0.739212 1134.47 229.98 19.49 36.50 0 0.678397 410.59 331.86 24.09 41.01 0 0.672344 534.45 233.92 23.05 42.50 0 0.663036 408.85 237.21 22.64 44.93 0 0.657679 522.16 549.16 27.80 50.41 0 0.646584 434.51 237.10 22.95 43.31 0 0.617635 122.13 246.39 26.29 41.63 0 0.607775 499.94 487.23 26.52 46.91 0 0.605923 141.36 340.73 26.52 43.24 0 0.588711 1029.82 82.98 39.12 22.29 0 0.585499 483.51 235.76 21.55 38.68 0 0.582048 97.73 399.15 28.19 45.31 0 0.578668 194.87 242.22 23.55 41.08 0 0.575797 529.58 487.19 26.54 47.93 0 0.573916 1154.42 424.69 28.06 55.88 0 0.573805 388.54 193.40 19.71 35.91 0 0.562655 111.78 201.87 29.71 35.81 0 0.562237 68.01 394.63 32.12 41.58 0 0.551291 96.20 246.76 27.96 41.84 0 0.549008 386.80 331.84 23.78 43.07 0 0.548930 221.41 334.28 26.15 42.59 0 0.547244 380.01 237.63 23.36 45.32 0 0.547232 437.18 191.18 21.05 39.08 0 0.546619 312.98 201.41 24.59 34.79 0 0.526137 463.97 332.29 23.74 40.23 0 0.521464 461.27 192.08 22.34 41.57 0 0.521242 437.89 332.85 23.47 39.14 0 0.516428 441.28 489.81 28.72 53.21 0 0.516345 115.38 342.65 25.11 41.02 0 0.513411 353.81 237.86 22.94 44.64 0 0.509935 1148.82 370.20 28.30 52.64 0 0.503061 1025.85 58.25 41.25 20.78 0 0.502410 256.43 241.46 25.24 41.74 0 0.497865 1144.12 322.38 26.68 48.03 0 0.485515 245.62 335.70 26.38 43.46 0 0.482733 197.38 334.41 26.66 44.25 0 0.480991 497.50 488.62 24.78 50.66 0 0.474588 486.70 189.83 23.54 40.84 0 0.471532 413.87 192.96 21.38 38.11 0 0.470950 221.17 241.43 24.56 42.42 0 0.466680 241.16 138.79 16.46 21.07 3 0.466235 304.57 241.66 23.94 43.09 0 0.460493 559.77 234.16 24.85 41.49 0 0.460064 332.21 335.58 25.22 43.75 0 0.458272 187.21 202.67 24.03 35.15 0 0.453833 147.97 247.53 21.36 39.30 0 0.451411 40.86 390.65 31.39 42.11 0 0.447098 264.19 199.30 24.31 35.05 0 0.442054 286.80 197.71 23.56 32.69 0 0.439681 361.83 196.46 22.30 37.22 0 0.435913 240.90 241.75 23.86 40.19 0 0.431304 170.52 337.62 26.51 43.95 0 0.430416 62.74 344.30 26.97 37.99 0 0.418435 279.63 240.45 24.35 42.73 0 0.414307 1026.63 36.63 38.14 18.35 0 0.410500 1117.97 59.98 23.59 36.57 0 0.408195 493.21 334.76 24.58 41.80 0 0.407204 511.30 190.73 23.47 38.34 0 0.402690 90.76 343.47 23.75 39.86 0 0.383327 163.70 199.84 22.84 36.77 0 0.372586 328.55 240.71 22.87 43.43 0 0.370762 102.26 200.46 36.28 38.03 0 0.365887 520.07 334.20 23.44 42.40 0 0.362991 303.02 335.19 24.44 44.38 0 0.360681 272.10 138.75 14.22 20.70 3 0.355437 1113.81 58.47 24.03 38.23 0 0.352035 171.80 245.58 22.88 40.49 0 0.343868 335.87 199.48 21.77 35.11 0 0.325405 139.22 345.79 26.70 43.93 0 0.297485 56.89 346.07 29.81 36.45 0 0.295903 534.41 192.07 25.13 37.75 0 0.293524 488.12 187.56 22.37 33.49 0 0.281634 267.63 337.20 26.11 41.89 0 0.266058 276.56 336.50 25.42 42.29 0 0.263906 741.15 122.22 17.82 24.89 3 0.254304 717.70 223.75 22.38 55.55 0
385,0.269123 1098.05 594.88 26.28 13.38 0
386,0.423202 437.23 850.48 20.98 22.58 0 0.301963 407.59 849.96 23.63 23.14 0 0.290886 278.93 984.56 31.02 38.15 0
387,0.589799 294.52 235.11 29.36 43.54 0 0.582425 1029.78 68.97 22.55 42.87 0 0.543477 424.83 238.26 47.73 33.65 0 0.535466 836.34 72.20 24.89 42.69 0 0.525493 192.85 238.05 32.91 50.11 0 0.509733 232.96 234.99 29.93 45.32 0 0.508956 713.63 69.91 28.33 45.72 0 0.466445 405.38 894.96 64.31 143.02 0 0.440606 322.56 231.66 31.22 47.89 0 0.422495 418.14 857.94 65.52 175.64 0 0.413507 490.61 264.86 46.23 29.90 0 0.399734 653.58 0.00 26.23 26.70 0 0.385336 882.99 70.00 24.02 39.86 0 0.343534 686.27 65.84 29.16 46.38 0 0.343352 858.07 74.49 24.05 41.69 0 0.329489 753.94 0.00 32.23 25.64 0 0.295051 533.09 804.92 162.95 63.88 1 0.288467 962.57 76.06 25.85 32.35 0 0.285963 316.08 232.68 33.38 45.92 0 0.275599 1053.37 179.86 25.62 43.86 0 0.258039 912.96 78.10 22.33 31.77 0 0.251153 621.92 0.00 30.55 25.98 0
388,0.503966 1041.86 773.80 39.44 74.35 0 0.297052 1026.85 972.63 44.58 94.51 0 0.271115 941.64 108.84 22.43 24.01 0 0.269044 854.16 81.92 30.00 20.76 0 0.265999 893.37 490.42 30.38 58.47 1
389,0.537233 1001.80 81.73 27.90 31.01 0 0.431464 1028.55 142.04 30.76 45.96 0 0.380715 203.68 825.84 54.06 55.36 0 0.366785 1038.89 214.86 29.89 47.35 0
390,0.665671 464.60 542.47 75.34 31.55 0 0.650654 276.79 531.90 79.46 31.50 0 0.592440 1121.78 563.90 70.74 32.29 0 0.587237 1023.88 561.27 83.54 34.56 0 0.571742 931.67 558.14 76.77 37.24 0 0.527607 842.12 553.27 72.37 32.89 0 0.489810 748.39 553.03 72.29 28.82 0 0.386358 655.68 551.03 72.44 31.57 0 0.374936 557.38 544.35 85.61 33.20 0 0.279744 1121.47 567.56 78.22 35.58 0
391,0.306591 1111.00 791.51 65.92 30.05 0 0.295943 1523.33 790.27 73.15 31.31 0 0.260851 785.14 786.05 58.33 29.63 0
392,0.662102 1814.26 224.23 47.84 27.22 0 0.656436 584.31 734.69 61.09 32.99 0 0.607959 1637.55 230.74 52.70 27.24 0 0.587869 295.91 634.40 59.63 28.78 0 0.554616 527.69 658.97 52.09 25.17 0 0.521514 1799.28 153.52 46.67 29.18 0 0.510482 1577.60 249.54 47.21 23.03 0 0.502053 1849.52 10.48 51.47 30.63 0 0.480111 1779.88 113.02 45.49 25.34 0 0.466975 988.97 708.60 59.26 25.93 0 0.450612 1848.16 3.08 55.62 32.21 0 0.437801 1811.51 198.02 48.14 26.81 0 0.429649 1760.12 37.49 47.25 25.32 0 0.429056 1765.11 63.79 45.36 24.90 0 0.402749 1646.02 250.41 49.41 27.18 0 0.399228 1748.66 17.80 48.27 27.48 0 0.398482 1628.26 192.87 51.90 29.27 0 0.393629 1820.79 794.13 66.29 31.05 0 0.372247 1864.48 42.96 50.25 27.11 0 0.368959 1808.47 176.76 45.85 25.40 0 0.358155 1770.89 86.08 46.21 24.23 0 0.350482 1742.64 8.62 47.49 27.18 0 0.327674 1874.53 56.85 41.71 23.43 0 0.319277 1899.89 132.95 18.61 33.28 0 0.282152 1897.32 800.43 22.68 31.56 0 0.268100 1775.41 88.51 44.04 25.89 0 0.266522 1739.91 0.00 48.06 23.52 0 0.264881 1755.86 32.81 47.61 24.55 0 0.264417 1844.71 0.00 54.26 24.19 0 0.259841 1626.25 187.31 55.05 29.88 0 0.254246 1895.29 108.79 24.02 23.65 0
393,0.606982 125.06 23.20 87.46 62.03 0 0.551420 1645.79 149.03 32.98 56.84 0 0.484032 173.37 215.53 76.13 69.53 0 0.474340 382.80 364.83 94.01 80.61 0 0.457668 532.40 463.08 84.30 73.94 0 0.421960 163.52 203.94 73.61 67.90 0 0.410777 499.30 440.42 74.78 59.43 0 0.387846 794.85 620.98 131.78 89.37 0 0.349663 656.61 537.24 122.46 95.40 0 0.343769 515.61 452.49 91.10 76.56 0 0.335082 160.61 198.63 67.27 61.03 0 0.320383 457.67 416.58 55.58 55.31 0 0.317906 115.76 10.30 79.52 61.23 0 0.302374 1770.28 184.74 43.99 56.47 0 0.295487 187.20 229.76 95.72 70.41 0 0.272773 545.66 475.44 75.53 69.37 0
394,
395,0.501729 1357.13 977.90 27.93 19.52 0 0.434046 1105.62 987.60 21.91 30.73 1 0.399279 1353.97 978.63 26.61 17.16 0 0.338437 1368.06 1000.90 29.85 14.70 0 0.331840 1214.41 1003.10 37.70 21.81 1
396,0.727567 734.53 640.44 101.38 149.90 0 0.612810 1112.45 374.93 160.42 126.66 0 0.602541 567.22 610.20 118.27 166.23 0 0.495991 875.85 642.03 84.37 75.79 3 0.478690 1530.17 213.62 86.65 61.09 0 0.474869 1539.71 202.40 93.44 65.80 0 0.408836 1394.31 265.72 116.40 78.08 0 0.391813 1424.23 251.21 103.17 86.59 0 0.356638 1528.56 222.30 70.86 57.79 0 0.354057 1746.12 373.06 72.80 55.91 0 0.349510 1435.96 246.87 94.64 76.06 0 0.347467 1853.00 403.42 66.73 52.77 0 0.346909 1349.94 331.37 67.40 52.68 3 0.346795 1556.08 200.54 83.15 56.71 0 0.314178 1747.02 383.59 79.69 49.46 0 0.303501 1277.68 327.41 80.43 76.85 0 0.286296 1111.76 415.61 135.57 83.42 0 0.264458 858.49 651.81 119.11 200.77 0
397,0.617655 882.25 975.60 31.36 68.22 0
398,0.784647 1046.25 325.48 194.13 88.39 1 0.703856 1287.80 339.41 162.27 67.69 0 0.595928 1612.08 335.27 148.32 56.93 0 0.564827 1460.60 348.57 129.63 54.16 0 0.483163 313.26 505.34 76.70 34.50 0 0.441119 83.99 514.01 90.20 44.85 0 0.357397 1046.25 333.95 186.14 93.88 0 0.267970 1599.33 342.96 155.00 57.30 0
399,0.552751 0.00 196.69 27.67 34.93 0 0.441628 516.14 75.02 33.65 36.62 0 0.421831 87.03 549.47 10.94 13.38 2 0.412216 471.29 273.07 32.49 32.40 0 0.401134 202.81 0.00 47.44 23.32 0 0.321636 558.40 236.14 41.41 24.53 0 0.298287 532.48 92.06 25.99 35.37 0 0.293611 1312.64 249.51 31.36 49.66 0 0.268413 644.54 217.72 47.38 38.77 0 0.261665 49.73 662.30 20.35 17.10 3
400,0.649609 1315.56 629.90 59.46 26.79 0 0.611674 1479.24 634.60 59.39 26.69 0 0.552697 1082.26 615.54 60.02 28.52 0 0.543411 924.45 612.42 56.80 21.95 0 0.508663 998.22 613.12 66.66 27.06 0 0.452130 1391.53 635.11 63.14 26.96 0 0.423204 1403.49 632.19 60.54 25.82 0 0.413655 1239.83 622.83 62.31 30.03 0 0.406807 760.38 601.62 65.63 27.29 0 0.343640 918.91 613.25 45.85 20.08 0 0.331325 1159.83 618.15 58.22 28.62 0 0.296375 1158.04 621.80 66.04 28.96 0 0.293981 738.88 604.35 40.93 23.20 0
401,0.681510 1101.03 149.23 24.22 34.14 0 0.662542 1086.61 279.74 23.47 35.93 0 0.597685 1285.78 148.37 40.72 41.36 1 0.582863 1211.88 502.90 35.64 85.51 1 0.536360 1098.35 198.99 23.65 39.25 0 0.530807 569.41 597.30 60.05 32.22 0 0.520081 817.02 161.40 43.27 26.44 0 0.518442 1048.25 617.21 32.85 54.51 0 0.506667 1089.35 238.81 24.76 33.97 0 0.448644 1064.20 474.00 28.59 48.22 0 0.400405 811.87 185.28 33.69 29.95 0 0.369065 845.22 6.17 36.71 21.83 0 0.349795 1213.72 496.55 35.09 62.09 1 0.346654 1083.18 319.29 30.78 52.38 1 0.337157 717.53 87.33 44.25 35.16 0 0.310688 718.14 89.38 45.67 34.98 1 0.300593 1083.28 320.40 31.67 51.13 0 0.297174 1209.86 574.53 27.47 24.80 3 0.266614 1217.12 608.77 55.98 31.52 3 0.266261 432.45 0.00 47.21 51.74 1
402,0.706844 1247.82 746.49 26.30 50.77 0 0.690913 1056.46 747.23 28.55 58.34 0 0.643892 479.82 585.81 30.81 61.42 0 0.629971 1215.29 744.78 27.09 54.12 0 0.622577 1153.61 741.83 27.58 54.57 0 0.613141 402.91 464.90 28.92 55.48 0 0.602548 532.12 460.21 26.36 53.50 0 0.600902 618.84 577.15 30.41 62.86 0 0.582879 765.15 948.19 53.52 27.88 0 0.578668 1183.18 741.82 26.79 53.30 0 0.569178 360.21 781.43 29.96 59.80 0 0.569140 1149.74 665.32 25.47 56.88 0 0.565973 497.36 465.87 26.68 51.56 0 0.564970 1246.59 859.12 27.37 54.75 0 0.554985 1265.68 965.92 55.08 28.05 0 0.554017 1073.31 343.27 46.74 57.58 0 0.537701 1179.58 666.61 24.83 52.94 0 0.533657 1021.34 753.30 28.31 53.67 0 0.533104 1324.49 740.22 25.94 55.78 0 0.525205 1091.32 745.54 27.47 61.63 0 0.510166 442.85 588.62 31.18 59.60 0 0.501497 778.14 1018.66 54.16 29.64 0 0.498093 892.26 673.63 28.60 55.07 0 0.490763 1282.21 1007.24 61.06 28.30 0 0.477613 871.78 758.88 27.97 59.52 0 0.473066 1277.09 860.70 25.59 54.39 0 0.471727 1247.04 666.25 25.34 54.25 0 0.471194 463.32 462.82 29.46 56.16 0 0.467240 1289.10 742.43 26.72 52.80 0 0.466113 420.88 782.28 30.92 51.83 0 0.462596 957.13 669.21 27.10 54.03 0 0.461236 1057.15 668.12 24.89 59.89 0 0.454496 390.45 780.21 28.53 53.91 0 0.446815 1279.95 663.53 26.61 54.70 0 0.439327 322.51 783.54 31.87 60.71 0 0.434857 913.97 299.61 29.91 56.93 0 0.427886 1022.34 669.82 26.47 57.98 0 0.423407 990.71 665.79 25.66 52.22 0 0.406520 1213.65 663.31 26.35 56.74 0 0.397267 921.96 364.43 40.95 56.23 0 0.393157 1209.29 862.38 27.94 50.99 0 0.392745 1123.62 872.12 56.05 24.45 0 0.386322 925.25 670.55 26.33 54.70 0 0.358944 1117.15 663.63 27.98 56.89 0 0.357825 1075.92 548.47 28.43 54.08 0 0.330547 347.42 342.86 29.75 58.81 0 0.307201 782.13 985.69 51.77 30.96 0 0.264695 837.76 776.47 26.64 44.51 0 0.262233 1052.01 863.39 60.43 27.83 0 0.256598 396.09 781.58 33.32 53.73 0
403,0.618539 590.08 953.90 35.71 71.71 0 0.569475 671.44 334.72 25.84 49.32 0 0.507002 634.59 645.47 32.43 57.50 0 0.346087 686.66 185.32 25.94 42.90 0
404,0.551756 1509.09 229.71 49.39 26.29 0 0.538322 777.33 822.17 67.01 31.46 0 0.536919 1845.18 151.28 42.40 25.01 0 0.529917 1830.22 871.33 75.77 33.30 0 0.525607 1630.37 18.90 44.60 23.94 0 0.515007 1788.96 181.98 55.18 28.92 0 0.501399 1681.67 203.92 47.79 29.04 0 0.495385 1695.57 255.32 45.99 27.04 0 0.490468 1638.15 43.78 43.23 25.60 0 0.487414 1646.10 63.68 46.42 24.52 0 0.482754 1573.62 16.09 45.05 23.13 0 0.482469 1663.83 855.66 74.51 32.26 0 0.479826 1680.06 197.81 49.34 28.96 0 0.475288 1758.11 866.81 65.32 30.30 0 0.472240 1799.46 33.82 48.11 28.97 0 0.469974 1863.26 205.42 45.96 23.04 0 0.462949 1451.98 284.57 49.09 25.31 0 0.461915 1667.14 148.70 46.81 27.71 0 0.454436 1766.67 109.94 50.30 26.99 0 0.454058 1699.54 276.05 45.18 24.00 0 0.450446 112.94 699.59 63.64 27.00 0 0.443163 1742.76 35.00 49.19 25.21 0 0.440070 348.02 721.94 59.85 27.30 0 0.439423 1823.18 279.67 49.27 27.82 0 0.439359 1843.78 156.42 47.14 26.77 0 0.428967 1820.87 88.19 47.36 26.88 0 0.405551 1796.75 204.12 53.07 28.40 0 0.400214 1662.10 111.91 40.08 24.45 0 0.392033 1891.21 251.36 28.79 22.36 0 0.382388 1512.49 277.63 57.33 28.94 0 0.378194 1821.22 249.22 50.47 28.37 0 0.373339 1659.48 89.81 40.12 24.69 0 0.372781 1665.54 131.31 45.12 23.70 0 0.372600 1872.08 222.78 40.78 21.90 0 0.371564 1691.88 234.28 47.39 26.75 0 0.370018 1787.31 152.44 50.74 26.82 0 0.365119 1633.45 36.94 44.84 23.77 0 0.364320 1858.94 178.11 44.87 24.58 0 0.358737 820.19 770.34 67.45 30.15 0 0.348978 1833.49 122.73 44.64 25.67 0 0.348250 1763.01 82.50 47.20 24.46 0 0.346585 1678.46 185.88 48.88 28.60 0 0.344702 1511.38 274.17 54.48 24.91 0 0.342390 1572.13 0.00 49.00 19.32 0 0.338473 1829.38 107.26 42.04 26.60 0 0.312167 1798.25 209.72 48.84 26.19 0 0.310550 1775.70 128.86 49.51 25.92 0 0.308986 1516.11 287.60 57.33 28.05 0 0.301826 428.08 748.81 60.49 24.97 0 0.292946 1736.97 7.75 45.15 23.99 0 0.290554 1895.49 278.39 24.51 25.06 0 0.285020 1654.44 83.02 46.10 26.18 0 0.272371 1834.13 304.45 50.75 25.42 0 0.254882 1876.51 228.47 37.89 21.93 0
405,0.678926 1089.20 530.79 57.43 36.81 0 0.609111 1231.49 277.47 47.78 27.89 0 0.600052 655.82 494.77 49.39 31.39 0 0.599910 861.07 521.78 56.81 39.90 0 0.590911 901.87 462.89 56.38 36.13 0 0.584676 1020.95 511.51 58.24 37.20 0 0.573501 915.34 436.62 52.88 31.75 0 0.573298 978.18 346.61 52.11 33.02 0 0.571512 1126.76 467.10 54.26 32.23 0 0.556059 1038.92 251.03 46.60 30.42 0 0.553331 980.05 228.37 35.04 23.73 0 0.551544 989.48 582.71 57.32 36.35 0 0.546196 1078.12 557.46 55.24 35.37 0 0.541214 970.04 630.30 49.54 33.19 0 0.536889 1063.08 449.28 51.99 31.33 0 0.522629 1056.73 604.15 56.66 37.76 0 0.519139 1162.92 278.36 50.67 27.71 0 0.511757 667.79 469.73 48.83 31.02 0 0.507714 1119.55 345.67 55.35 30.60 0 0.495364 1109.30 369.93 52.51 30.72 0 0.490790 1005.87 555.90 58.24 39.11 0 0.472786 1208.46 321.54 45.17 28.18 0 0.471542 1152.67 295.20 44.78 30.48 0 0.470362 1072.47 587.49 55.22 35.86 0 0.467938 1091.35 398.24 58.88 32.43 0 0.466551 943.05 398.33 52.64 31.94 0 0.459546 1119.59 497.97 52.76 33.64 0 0.454383 894.19 480.64 51.66 35.27 0 0.453433 1170.41 388.69 52.84 37.20 0 0.452205 1133.91 326.03 51.47 30.54 0 0.443770 697.90 426.58 40.19 27.69 0 0.442127 975.04 600.22 55.80 35.02 0 0.434934 594.90 469.74 44.79 27.38 0 0.434388 851.90 532.27 56.16 38.86 0 0.425668 1058.19 220.58 44.14 28.74 0 0.425267 982.13 338.44 52.26 30.29 0 0.424400 1142.25 426.83 52.18 38.99 0 0.423163 704.92 434.30 40.14 28.16 0 0.420691 1121.85 339.55 53.90 30.96 0 0.416260 1005.80 302.93 50.70 30.49 0 0.414016 1118.69 490.40 55.89 37.65 0 0.402217 1150.54 301.90 49.64 29.84 0 0.393321 1204.63 337.70 47.19 26.48 0 0.392511 866.74 510.16 53.80 41.01 0 0.389531 1054.96 226.55 43.50 28.77 0 0.385239 1033.84 255.61 48.37 28.53 0 0.383590 1050.02 462.62 54.02 32.38 0 0.381312 1168.20 256.72 48.56 25.95 0 0.379391 1084.73 417.82 49.74 33.50 0 0.373977 993.29 326.09 53.80 30.05 0 0.368368 1042.17 630.55 55.07 36.29 0 0.365260 1130.80 330.30 55.59 32.45 0 0.361253 966.46 369.46 49.98 32.70 0 0.358444 1344.28 302.80 29.27 22.37 3 0.352767 1049.23 470.26 55.32 32.32 0 0.351256 1037.76 489.46 56.95 37.25 0 0.346322 957.99 380.79 53.21 30.21 0 0.328411 1105.05 377.63 56.96 31.32 0 0.323655 1096.51 387.78 54.72 31.52 0 0.318809 1079.35 427.08 56.53 33.00 0 0.318095 951.47 385.97 53.91 34.26 0 0.315769 883.07 498.12 55.58 33.39 0 0.313341 1020.89 276.00 46.29 27.53 0 0.309057 1068.74 597.63 58.82 38.34 0 0.308360 1032.24 494.49 59.12 38.12 0 0.285415 1165.35 404.02 53.70 34.42 0 0.280024 912.09 440.98 58.33 33.38 0 0.279750 1101.50 504.98 66.07 41.23 0 0.272201 1205.47 327.46 49.50 29.18 0 0.271825 1005.68 224.28 33.24 25.32 0 0.256405 1007.18 209.99 42.06 26.11 0 0.256066 997.04 317.39 54.65 31.85 0 0.251761 985.30 332.34 58.00 31.94 0 0.250024 1028.65 264.81 47.71 27.89 0
406,0.771108 1328.80 213.79 49.01 120.25 1 0.722333 682.82 425.88 41.22 79.21 0 0.718718 805.95 216.88 39.26 91.79 0 0.716923 974.85 106.60 36.80 74.96 0 0.696484 1041.80 723.00 41.16 86.59 0 0.690752 810.73 419.83 41.96 84.00 0 0.686232 468.47 428.15 39.75 80.42 0 0.685190 1090.33 837.73 39.47 79.35 0 0.682529 326.51 225.15 40.54 85.78 0 0.669995 550.91 418.86 39.37 80.62 0 0.665223 1067.94 207.86 38.27 76.72 0 0.656933 802.63 108.75 37.21 79.61 0 0.653978 884.85 122.18 35.15 75.25 0 0.651623 850.81 215.56 40.36 81.47 0 0.649234 545.20 216.10 39.52 79.61 0 0.648197 727.90 426.48 38.91 84.44 0 0.645621 499.89 217.08 40.31 88.08 0 0.645016 755.54 106.48 37.48 82.28 0 0.642584 278.12 120.42 43.16 80.36 0 0.641273 854.93 421.44 39.02 82.90 0 0.640802 930.21 106.45 37.55 74.33 0 0.640317 381.62 436.78 37.74 74.17 0 0.637028 1016.80 106.01 36.40 81.27 0 0.622271 1027.69 429.85 38.16 77.77 0 0.620832 283.13 231.95 41.69 79.52 0 0.617238 293.25 433.94 41.98 81.63 0 0.615504 1024.10 211.03 38.97 83.12 0 0.615200 588.62 218.64 40.13 82.29 0 0.607508 977.64 208.79 38.50 71.04 0 0.604348 761.93 219.15 41.03 81.72 0 0.603983 943.63 422.89 38.15 83.23 0 0.600208 673.91 217.15 40.12 85.54 0 0.595134 369.76 121.71 37.33 80.42 0 0.592419 542.07 114.67 38.31 77.89 0 0.591729 1087.37 725.97 41.20 79.90 0 0.583366 410.41 120.27 38.07 79.42 0 0.576688 958.61 730.11 37.35 84.46 0 0.576008 715.20 212.01 42.53 84.35 0 0.574535 933.79 207.95 37.06 75.84 0 0.569734 641.23 425.94 39.11 79.80 0 0.568894 458.58 0.00 14.79 11.04 3 0.558012 513.09 423.28 39.11 79.47 0 0.556721 421.82 436.52 38.41 84.74 0 0.554012 385.74 540.72 41.69 82.49 0 0.540589 899.44 418.98 39.60 81.68 0 0.538840 339.54 532.51 36.35 76.43 0 0.537247 627.07 124.11 39.39 81.23 0 0.533590 339.11 433.75 37.04 75.71 0 0.529993 595.06 427.66 40.08 80.34 0 0.527296 668.72 123.08 37.19 78.62 0 0.527101 455.91 950.89 40.37 68.81 0 0.521751 414.77 218.10 40.60 87.55 0 0.515359 292.83 527.05 42.26 84.60 0 0.513740 582.25 114.90 38.26 76.35 0 0.501041 630.29 217.97 40.06 86.92 0 0.495765 372.43 225.09 40.22 83.50 0 0.488236 455.72 215.73 40.39 83.30 0 0.476821 485.15 0.00 15.76 12.48 3 0.470450 513.45 0.00 20.84 13.85 3 0.441190 710.66 111.49 39.38 83.70 0 0.432146 987.80 428.51 39.72 79.39 0 0.420074 841.19 117.92 37.16 75.70 0 0.349525 230.41 0.00 60.17 18.84 3
407,
408,0.671103 1774.02 267.87 24.87 42.08 0 0.670145 1872.93 365.27 26.37 44.29 0 0.658577 935.01 469.63 24.27 45.37 0 0.615770 1747.01 268.19 26.23 43.02 0 0.611423 1602.79 368.04 24.02 41.07 0 0.592635 1840.16 413.28 28.05 46.89 0 0.592562 1817.29 362.21 27.42 44.84 0 0.589744 1543.53 263.70 23.04 43.55 0 0.571732 1551.22 374.89 25.25 38.30 0 0.558394 1877.58 266.19 24.00 41.75 0 0.558233 1575.49 370.06 24.11 40.62 0 0.555893 927.30 594.97 27.73 54.15 0 0.553868 937.40 354.79 24.26 49.71 0 0.553619 1798.92 265.24 25.18 42.48 0 0.550003 1704.19 416.27 27.07 45.05 0 0.547051 1651.44 419.75 26.49 49.57 0 0.543028 1874.15 418.32 29.28 47.31 0 0.532782 1707.21 364.07 24.91 42.59 0 0.523157 1631.02 370.47 26.25 42.85 0 0.516375 1829.50 268.45 24.32 42.42 0 0.515930 1682.00 365.65 25.87 43.48 0 0.509159 1768.68 367.06 27.59 41.02 0 0.506120 1624.52 420.19 25.48 46.02 0 0.500365 1747.39 368.39 24.90 38.79 0 0.499131 1787.69 412.63 30.10 49.07 0 0.494695 1717.99 265.34 26.82 42.94 0 0.488826 1897.67 365.03 21.79 43.61 0 0.482796 1846.87 362.77 26.24 45.53 0 0.479539 1731.02 419.37 27.45 44.57 0 0.477263 1672.45 268.84 28.01 40.56 0 0.474509 1465.90 97.36 20.62 36.25 0 0.469216 1567.67 264.42 24.01 42.40 0 0.446934 1678.68 415.99 25.98 45.23 0 0.446587 1795.43 363.01 25.42 44.33 0 0.438784 1897.73 264.41 21.36 38.36 0 0.434004 1644.99 268.62 25.96 41.84 0 0.428742 1479.48 143.31 25.22 37.36 0 0.427826 1015.65 657.08 49.66 24.40 0 0.426603 1733.33 367.65 25.03 39.37 0 0.411143 1591.87 423.04 26.92 48.39 0 0.409360 1543.84 371.97 28.61 43.30 0 0.408660 1765.12 416.95 28.91 46.71 0 0.405892 1855.60 267.28 23.07 41.65 0 0.400733 1896.09 418.92 23.10 45.27 0 0.392073 942.78 243.07 25.66 58.48 0 0.359802 1599.69 269.58 25.00 39.69 0 0.359331 1470.81 142.02 28.11 41.25 0 0.352156 941.01 213.97 26.43 60.23 0 0.322268 1017.74 1013.61 57.59 34.87 0 0.320274 1756.92 421.23 30.89 49.51 0 0.317270 1549.02 138.30 25.17 37.11 0 0.316542 1028.39 570.15 36.92 25.02 0 0.316401 1591.79 267.30 23.94 40.38 0 0.315514 1818.54 413.53 28.89 49.30 0 0.304565 940.21 229.26 28.59 68.22 0 0.285996 1626.19 271.56 23.68 39.29 0 0.283793 1384.29 357.14 24.39 51.34 1 0.274048 1895.54 370.41 23.65 45.53 0 0.267365 1544.43 133.98 25.70 36.84 0 0.266259 1016.80 628.75 44.82 24.55 0 0.255492 1897.06 213.94 21.55 40.92 0 0.251358 1598.28 420.58 27.54 46.18 0
409,0.701214 655.10 537.83 75.83 32.56 0 0.605509 462.83 530.49 86.02 31.36 0 0.584520 175.63 514.16 77.10 34.10 0 0.579403 566.34 535.61 70.43 29.63 0 0.552817 757.26 537.31 72.48 34.32 0 0.475143 368.25 526.71 75.10 31.40 0 0.448525 845.39 543.66 75.46 32.82 0 0.439737 941.09 543.63 84.00 35.54 0 0.395012 1044.02 550.17 71.91 31.67 0 0.257065 944.30 550.02 85.96 36.76 0
410,0.663817 594.49 960.86 48.36 57.36 0 0.652326 704.06 989.35 52.09 86.12 0 0.532038 771.55 696.66 45.37 104.62 0 0.471357 259.71 547.71 89.03 67.98 1 0.428967 767.24 86.40 28.89 20.78 0 0.379814 544.09 1039.07 34.65 32.25 3 0.347350 796.16 143.86 27.20 33.13 0 0.335584 763.45 714.21 45.53 94.21 0 0.311385 756.46 60.40 28.78 19.19 0 0.288973 751.02 57.25 27.97 21.65 0
411,0.571472 718.25 204.91 29.75 28.15 0 0.516568 736.25 243.36 28.34 32.24 0 0.501841 773.29 320.21 28.74 45.21 0 0.397120 799.16 412.11 30.22 48.91 0 0.338373 758.73 280.97 27.37 33.95 0
412,0.646062 1126.35 819.52 31.55 60.38 0 0.613450 693.36 646.77 27.17 52.29 0 0.574562 749.22 639.81 37.56 62.08 0 0.559781 722.66 578.89 30.62 58.75 0 0.552574 754.33 581.17 32.57 59.76 0 0.548965 912.05 812.75 31.87 61.54 0 0.494925 1096.69 816.05 30.82 59.28 0 0.468268 947.89 821.12 29.59 53.65 0 0.448145 691.51 595.45 28.28 89.20 0 0.432104 693.82 581.20 29.91 63.77 0 0.419828 655.06 647.30 32.91 59.97 0 0.389192 801.81 778.45 60.60 46.42 0 0.387356 652.01 577.94 34.08 61.61 0 0.381635 789.14 796.20 41.76 59.98 0 0.362062 653.52 618.86 34.02 70.34 0 0.323393 1035.31 833.08 33.33 48.71 0 0.261230 568.22 751.16 38.97 36.10 3
413,0.921197 653.36 543.95 70.56 49.92 1
414,0.492894 412.72 704.00 22.61 23.29 0 0.447438 867.47 559.96 20.80 29.78 0 0.414352 958.50 615.78 27.30 22.42 0 0.405197 353.65 688.25 26.62 27.02 0 0.398196 881.85 562.35 22.04 28.23 0 0.394498 283.92 683.63 33.06 24.34 0 0.385774 605.40 726.41 21.94 33.25 0 0.382669 317.97 689.67 27.71 26.50 0 0.374934 837.01 557.22 24.15 28.83 0 0.330060 525.62 722.79 25.54 27.18 0 0.293583 325.23 608.67 28.02 20.14 0 0.291030 556.53 730.59 18.85 23.46 0 0.283339 501.12 644.08 25.89 21.32 0 0.265809 910.48 561.43 24.53 23.57 0
415,0.641212 1038.84 351.50 45.54 65.64 0 0.627133 187.59 86.55 33.35 43.27 0 0.619449 154.01 176.20 35.15 50.78 0 0.609602 220.89 3.47 30.52 39.53 0 0.607396 1267.19 580.18 54.01 67.35 0 0.601335 99.24 289.99 45.46 62.49 0 0.600279 282.73 523.64 43.59 78.40 0 0.582896 265.79 621.91 44.19 80.37 0 0.569249 377.31 104.66 28.21 34.79 0 0.549635 357.45 198.07 30.26 52.15 0 0.546869 48.71 434.76 45.90 64.94 0 0.545431 301.80 449.15 41.11 62.67 0 0.543124 399.75 24.98 24.87 32.46 0 0.496653 0.00 605.92 30.08 72.47 0 0.335048 329.17 333.32 33.31 41.07 0 0.298977 531.87 434.37 17.72 18.72 2 0.280317 524.53 439.89 17.12 18.10 3
416,0.612521 1246.19 584.37 73.41 29.61 0 0.602494 1330.75 584.65 70.02 30.43 0 0.572543 756.46 560.64 60.06 27.57 0 0.565356 832.84 565.60 72.76 28.37 0 0.545024 1160.07 580.64 70.36 27.89 0 0.544172 919.95 568.01 63.35 29.56 0 0.392997 1079.97 574.62 68.09 30.52 0 0.372810 999.04 569.67 65.52 29.15 0 0.334503 588.29 552.43 67.24 29.70 0
417,0.753822 870.14 551.05 71.95 38.76 1 0.292570 976.20 619.01 39.59 21.55 0
418,0.721705 913.53 701.59 28.66 57.93 0 0.712213 867.98 579.06 26.82 55.51 0 0.687850 840.01 579.60 25.66 51.71 0 0.681310 718.87 592.18 25.09 48.18 0 0.659276 1015.64 562.11 25.24 47.84 0 0.654341 602.16 543.94 23.89 49.06 0 0.648659 720.29 527.80 25.26 50.63 0 0.635016 987.27 563.13 24.75 49.73 0 0.633038 1009.44 697.97 27.25 48.49 0 0.632674 597.55 740.80 27.13 52.26 0 0.618082 747.72 587.79 27.03 52.04 0 0.617550 600.86 813.96 28.38 59.01 0 0.610707 602.33 605.85 26.27 48.33 0 0.602728 1625.69 309.89 23.12 36.88 0 0.598767 1144.13 900.40 31.90 67.26 0 0.598564 630.24 544.10 23.20 46.26 0 0.598335 1043.72 912.04 35.23 72.67 0 0.595431 569.39 608.60 26.82 51.61 0 0.590105 862.87 516.34 22.86 51.56 0 0.585707 1005.48 504.57 22.80 44.88 0 0.583971 663.83 728.37 27.44 57.43 0 0.582496 788.38 716.90 28.14 53.42 0 0.581831 528.24 808.19 30.03 62.81 0 0.573640 943.60 702.43 27.63 56.81 0 0.571704 928.63 576.25 27.64 52.64 0 0.562949 1110.13 905.21 32.92 65.31 0 0.561227 1716.38 513.83 35.10 56.59 0 0.551393 1033.72 503.76 23.95 45.80 0 0.550029 976.52 699.15 27.18 51.02 0 0.543941 1830.45 778.06 38.96 62.85 0 0.541071 629.97 733.54 28.12 59.81 0 0.536595 1768.84 638.01 39.18 60.30 0 0.535380 1070.53 695.32 27.31 51.95 0 0.527342 892.05 512.72 23.69 46.13 0 0.525357 696.39 720.71 28.12 53.39 0 0.514607 817.77 719.63 30.45 54.68 0 0.497859 1797.18 705.22 36.52 60.29 0 0.493464 1162.94 992.74 35.46 69.39 0 0.493265 1074.34 556.61 25.94 49.35 0 0.483115 567.62 743.14 26.55 51.92 0 0.479420 688.32 595.05 26.16 51.33 0 0.478010 534.07 742.16 28.27 53.21 0 0.476331 723.78 718.08 28.34 51.38 0 0.472030 774.19 529.65 26.14 47.85 0 0.452011 976.79 505.69 24.10 44.62 0 0.449889 1513.81 296.60 50.65 24.83 0 0.448595 629.97 601.13 26.19 50.27 0 0.439988 807.50 586.86 25.44 49.36 0 0.431324 1430.93 81.70 45.41 23.34 0 0.428194 1047.59 558.92 26.22 54.16 0 0.414033 747.07 526.50 23.67 48.83 0 0.380180 533.32 471.39 13.80 25.22 3 0.376727 539.50 546.77 28.16 52.16 0 0.374179 537.29 606.99 27.67 56.84 0 0.371645 756.09 719.95 28.70 58.04 0 0.363723 1663.05 398.81 28.09 48.56 0 0.362164 1181.62 202.14 31.03 47.15 0 0.361279 1040.10 698.40 27.72 49.45 0 0.360793 852.76 714.48 28.01 54.04 0 0.353566 1666.59 405.86 32.72 51.68 0 0.349092 563.70 808.81 28.43 59.98 0 0.346986 831.41 523.38 23.90 47.36 0 0.342654 1532.22 342.31 46.86 25.89 0 0.342648 918.24 515.86 23.34 42.64 0 0.336048 1775.62 308.08 31.27 33.42 0 0.335724 1662.37 402.58 31.70 53.94 0 0.330568 780.99 588.96 25.12 50.70 0 0.328702 821.20 712.00 28.28 56.13 0 0.316664 657.26 596.45 26.80 50.95 0 0.301149 1512.33 275.68 47.07 21.82 0 0.291759 1524.37 323.79 51.09 24.26 0 0.274417 1029.71 562.35 25.29 48.09 0 0.260339 899.58 577.22 27.67 53.21 0 0.257048 1423.04 85.66 45.54 23.16 0 0.253859 674.30 459.66 13.72 23.56 3
419,0.566228 470.32 2.87 44.41 30.01 0 0.519979 40.46 60.82 42.48 28.71 0 0.516046 249.28 73.82 50.47 29.84 0 0.507884 35.87 267.06 50.68 35.40 0 0.443570 234.68 571.69 19.05 22.74 3 0.433394 35.87 464.52 12.56 16.63 2 0.396326 232.74 0.00 44.01 31.44 0 0.336722 544.21 163.06 37.01 51.20 0 0.327806 234.20 566.85 19.14 21.99 3 0.320820 1302.52 555.76 40.73 74.21 0 0.320804 0.00 277.02 57.67 41.66 0 0.313724 893.94 681.96 14.19 12.68 2 0.309682 0.91 74.47 27.75 31.63 0 0.306061 789.74 596.21 15.08 13.95 2 0.301362 83.95 33.22 57.34 40.83 0 0.291346 87.42 33.52 54.69 40.71 1 0.285567 241.69 0.81 38.85 27.56 0
420,0.438656 402.92 433.94 271.53 109.52 0 0.337217 458.93 430.64 222.04 97.58 0 0.269013 1294.22 139.08 21.58 24.90 0 0.258868 1372.67 168.30 19.16 27.45 0
421,0.484911 1207.10 760.84 67.56 30.35 0 0.449330 886.73 757.85 63.03 29.18 0 0.443622 1614.44 761.63 73.67 30.72 0 0.430225 1866.35 762.65 50.76 25.07 0 0.289354 396.95 331.37 29.54 42.31 0
422,0.685017 1419.74 411.65 247.10 95.53 0 0.602567 558.86 397.65 215.64 92.30 0 0.599287 865.06 403.49 231.62 89.03 0 0.564976 190.33 375.41 276.01 104.64 0 0.344747 240.17 375.94 245.88 115.18 0
423,0.641400 1174.42 751.92 30.36 58.94 0 0.633486 1142.69 834.41 29.16 53.59 0 0.565647 1314.42 451.26 51.47 26.37 0 0.551696 1242.92 162.24 46.71 23.76 0 0.533371 1365.22 40.79 22.90 26.95 0 0.484755 1433.50 35.47 21.20 33.97 0 0.470081 760.81 781.78 71.61 103.40 1 0.469658 1341.80 42.33 19.66 25.24 0 0.459111 750.41 900.95 73.66 43.73 1 0.450040 1409.65 34.86 21.08 33.27 0 0.446897 1275.68 41.78 22.52 28.63 0 0.417177 784.49 1016.75 62.41 34.12 0 0.391885 1248.11 160.17 41.24 21.98 0 0.387539 1468.66 33.19 18.82 30.87 0 0.384465 1400.56 37.73 16.87 29.17 0 0.371855 1275.45 49.74 22.63 27.95 0 0.361873 770.08 950.48 64.16 31.84 0 0.342577 1339.94 127.80 26.02 22.35 0 0.311771 806.61 650.44 34.82 62.99 1 0.299558 1293.05 352.59 48.24 21.63 0 0.282994 1244.62 203.09 36.71 19.70 0 0.276085 1356.33 79.27 36.00 22.23 0 0.275579 1150.42 172.01 19.01 36.60 0 0.261818 1324.93 43.79 17.48 24.82 0 0.254074 1310.31 488.92 45.12 29.06 0 0.251947 1289.93 330.56 50.02 25.77 0 0.250692 1242.18 141.58 43.67 22.60 0
424,0.408858 163.47 78.22 23.00 27.73 0 0.403192 622.54 415.92 250.86 97.12 0 0.287550 635.50 407.41 219.79 84.29 0 0.272882 0.00 57.19 27.90 32.83 0 0.272724 595.27 273.67 50.96 43.63 0 0.263316 850.84 77.74 31.04 25.40 0
425,0.668177 752.18 490.20 53.58 27.49 0 0.653545 950.28 559.14 53.09 28.28 0 0.637500 1188.51 205.29 47.48 24.47 0 0.622228 742.61 562.68 56.98 28.82 0 0.619010 1172.42 366.15 55.95 30.67 0 0.614465 977.98 393.13 51.44 28.29 0 0.605887 742.56 536.55 56.85 30.78 0 0.581306 1104.69 546.64 56.41 28.88 0 0.580474 1174.85 403.19 52.83 28.39 0 0.570812 953.09 532.07 58.44 28.77 0 0.570493 972.70 463.47 52.98 29.38 0 0.564654 1108.92 427.79 52.89 25.89 0 0.560400 1125.14 203.45 50.08 27.77 0 0.552799 1101.03 473.02 59.15 28.37 0 0.544341 1118.15 295.19 51.01 29.65 0 0.541849 1184.13 317.30 45.35 26.71 0 0.522107 1169.64 498.43 56.23 29.21 0 0.518206 665.47 562.65 52.02 23.36 0 0.513222 1006.59 207.49 44.86 24.69 0 0.504591 995.16 306.26 51.41 26.91 0 0.499266 1112.21 403.19 53.94 27.22 0 0.480659 1003.08 228.09 44.22 24.92 0 0.479887 1109.07 523.16 53.90 29.10 0 0.476084 996.58 252.12 48.44 26.74 0 0.472743 1119.68 236.37 52.85 25.98 0 0.459461 1301.74 811.10 27.55 16.90 3 0.456231 1115.38 328.20 54.67 29.04 0 0.447874 945.37 203.90 44.19 22.46 0 0.441804 973.08 436.34 52.10 28.16 0 0.431364 1000.78 222.03 46.94 26.47 0 0.423506 1172.79 544.51 57.05 30.44 0 0.420685 1178.60 523.52 51.08 28.01 0 0.420557 935.41 225.83 44.79 22.34 0 0.412647 1172.00 575.33 51.33 28.83 0 0.406261 980.83 366.69 51.67 27.00 0 0.397964 1185.59 257.14 45.50 26.30 0 0.390175 948.89 187.56 47.81 24.10 0 0.383069 1182.10 428.52 47.33 27.43 0 0.382649 984.45 347.09 50.61 26.79 0 0.372725 1172.93 472.65 57.15 29.93 0 0.367546 997.16 279.21 49.26 27.48 0 0.366198 1296.67 207.24 24.79 18.63 3 0.364534 1092.70 572.82 60.15 27.97 0 0.364386 1110.07 353.06 55.18 28.59 0 0.352483 990.59 328.55 47.16 27.07 0 0.348070 1119.37 248.64 51.09 26.90 0 0.342399 1179.84 438.39 51.14 28.06 0 0.326269 1101.95 450.84 58.51 28.42 0 0.325973 955.86 504.91 55.15 28.31 0 0.324313 1100.22 599.64 60.67 30.42 0 0.316571 1008.27 189.00 41.82 26.10 0 0.310557 1179.26 341.66 51.46 27.61 0 0.305509 1120.32 272.95 50.71 24.69 0 0.304283 1111.53 373.59 52.45 27.41 0 0.285190 1120.17 230.67 50.21 27.00 0 0.273449 1122.44 256.00 48.34 26.38 0 0.268016 1302.92 825.00 24.64 19.33 3 0.263106 1094.40 587.22 62.51 35.80 0
426,0.633232 753.61 506.20 34.01 53.84 1 0.527019 560.95 942.06 74.27 108.34 1 0.390003 563.34 947.21 72.64 100.68 0
427,0.648295 491.27 779.49 54.87 26.30 0 0.626727 719.75 990.59 76.07 33.38 0 0.596466 67.96 529.17 35.04 51.47 0 0.578023 1096.46 557.51 29.47 51.07 0 0.555897 252.22 570.34 44.20 38.94 0 0.533090 1099.71 627.19 27.64 52.66 0 0.499017 98.03 529.50 34.67 51.96 0 0.480375 875.44 998.30 55.22 35.99 0 0.442096 217.83 543.43 40.24 47.57 0 0.362310 0.00 524.92 27.99 57.68 0 0.331085 729.77 996.72 88.39 32.80 0 0.290919 1487.31 980.02 32.12 16.73 0 0.277219 557.98 586.67 58.82 38.41 0 0.264895 1111.08 698.61 23.49 41.38 3
428,0.674952 644.68 315.27 27.51 59.57 0 0.674203 869.70 301.07 26.74 57.25 0 0.641445 629.08 401.16 25.61 61.62 0 0.639309 746.26 304.13 26.28 55.73 0 0.629828 1005.71 496.32 26.95 54.59 0 0.623556 277.20 107.41 29.79 57.93 0 0.620618 676.37 312.24 26.22 58.18 0 0.616939 907.07 742.15 25.97 52.74 0 0.608395 187.34 242.89 31.17 53.73 0 0.604261 112.83 439.44 28.85 57.61 0 0.591014 1035.67 499.02 24.41 51.18 0 0.588839 1035.01 296.29 26.93 58.37 0 0.583489 865.32 738.69 27.90 57.12 0 0.573099 909.61 379.46 26.72 54.79 0 0.570302 1001.30 295.79 25.71 58.42 0 0.566068 1004.40 378.41 27.03 56.20 0 0.554820 809.63 385.94 29.26 60.80 0 0.551690 846.00 383.65 28.80 58.88 0 0.551510 1080.06 373.07 28.62 58.47 0 0.547547 938.61 378.45 27.80 55.81 0 0.546123 144.64 433.85 29.18 53.74 0 0.541644 835.04 721.48 26.48 57.50 0 0.538595 776.58 389.96 26.28 53.94 0 0.528456 1045.82 372.18 26.13 57.88 0 0.519149 146.73 115.67 30.33 60.83 0 0.518902 773.98 309.58 26.71 53.24 0 0.511289 967.02 296.30 26.08 57.80 0 0.510134 724.61 719.64 28.98 58.47 0 0.500194 226.59 240.64 29.74 59.29 0 0.483183 589.05 412.18 27.80 54.67 0 0.474606 240.78 113.31 27.21 54.96 0 0.471305 525.76 594.26 50.45 25.47 0 0.468678 204.97 109.75 31.97 60.02 0 0.466584 809.16 308.18 26.96 57.93 0 0.466457 534.38 725.77 27.72 58.31 0 0.466372 933.54 298.87 26.17 57.19 0 0.463776 555.39 123.83 29.89 64.30 0 0.461647 365.85 223.13 31.24 61.16 0 0.458779 370.18 228.57 30.69 57.82 0 0.452472 571.86 734.02 27.63 51.14 0 0.434920 72.81 442.65 31.01 60.29 0 0.421636 901.61 297.50 27.87 58.10 0 0.402853 810.12 497.18 57.15 30.00 0 0.396448 85.60 0.00 35.16 56.77 0 0.379545 1041.66 638.23 63.94 32.58 0 0.373753 966.68 495.09 27.79 50.74 0 0.355677 665.71 5.39 35.19 54.60 0 0.352125 165.84 434.77 28.46 50.11 0 0.343204 1027.57 599.36 56.45 29.21 0 0.333764 969.23 374.97 27.40 59.72 0 0.325594 140.01 0.00 24.94 48.77 0 0.321279 668.96 7.06 34.61 52.56 1 0.317883 710.17 302.07 27.04 62.81 0 0.305180 800.99 725.95 28.53 51.53 0 0.297293 542.64 666.57 59.08 29.54 0 0.283423 607.11 729.85 28.64 46.12 0
429,0.658829 235.37 424.74 250.94 113.19 0 0.400398 709.29 459.72 253.90 107.49 0 0.331176 22.32 457.29 175.48 76.95 0
430,0.651854 1506.35 609.99 42.79 55.62 0 0.644375 56.23 169.41 54.79 34.12 0 0.608345 208.03 985.74 32.00 56.76 0 0.597323 1477.12 549.35 39.03 55.28 0 0.585242 51.01 576.66 37.61 59.39 0 0.570707 1571.27 729.93 46.74 62.12 0 0.561102 1339.13 731.28 53.65 32.86 0 0.556895 1429.78 951.77 55.94 32.35 0 0.545265 365.04 49.41 74.89 44.86 0 0.544426 1323.57 701.52 56.46 36.57 0 0.542973 287.67 0.00 63.13 32.16 0 0.536025 487.02 730.84 61.26 41.29 0 0.532945 625.96 0.00 78.01 33.73 0 0.529575 479.35 25.81 62.26 36.76 0 0.521510 1439.85 990.99 34.96 37.92 0 0.508267 1521.51 754.25 59.48 42.16 0 0.506685 9.31 49.83 65.46 41.66 0 0.492340 818.83 269.26 36.74 41.69 0 0.486824 546.39 706.39 64.00 39.10 0 0.474640 1563.21 833.38 55.42 37.86 0 0.474492 113.95 0.00 61.23 28.56 0 0.470790 1601.69 807.22 54.59 54.79 0 0.465599 14.88 57.47 61.24 37.11 0 0.455095 312.69 56.29 56.03 54.87 0 0.452405 1525.99 746.72 59.58 47.25 0 0.441704 77.15 209.82 57.28 38.07 0 0.435439 218.72 123.48 57.37 33.22 0 0.432237 209.69 78.93 52.72 31.56 0 0.428247 354.09 4.63 62.11 44.42 0 0.426010 1315.77 677.91 60.19 33.17 0 0.425980 1480.28 562.26 39.14 49.80 0 0.422867 414.72 757.27 68.06 48.88 0 0.421987 951.52 805.75 59.66 32.13 0 0.416830 1307.45 866.87 41.14 57.56 0 0.411184 1370.86 799.41 59.88 37.06 0 0.409392 99.58 378.72 24.60 20.78 3 0.404785 754.98 121.29 35.59 55.23 0 0.404274 800.56 214.17 34.54 49.48 0 0.400955 1125.71 476.86 58.86 31.58 0 0.395708 3.79 40.14 65.20 39.47 0 0.394502 357.43 14.36 61.77 37.77 0 0.394300 594.74 898.10 74.15 44.11 0 0.394063 120.26 12.56 57.83 35.34 0 0.391975 1536.76 666.72 43.96 55.13 0 0.380386 1197.97 447.65 51.38 35.34 0 0.376919 619.15 678.99 57.83 35.79 0 0.375730 142.11 54.53 54.62 32.53 0 0.371095 10.84 486.49 36.11 54.53 0 0.366930 1606.96 919.73 54.06 48.61 0 0.364894 1639.64 975.62 48.56 45.63 0 0.363856 203.23 53.86 49.34 27.42 0 0.359892 43.01 127.02 58.65 34.78 0 0.359861 214.82 100.66 55.60 31.03 0 0.355343 1357.37 760.93 63.69 38.74 0 0.355029 1396.03 466.03 53.76 59.57 0 0.352251 828.19 294.71 35.29 62.62 0 0.348137 1344.43 735.97 57.56 32.83 0 0.345743 200.56 35.03 45.56 28.08 0 0.345713 460.36 586.51 68.56 34.06 0 0.340391 1193.67 453.90 51.03 36.99 0 0.336981 99.43 392.38 27.73 30.03 3 0.333263 358.89 0.00 59.39 24.77 0 0.329513 1401.87 475.53 46.91 60.46 0 0.324853 1504.68 305.84 53.86 29.11 0 0.319158 1870.30 24.07 47.00 51.37 0 0.306429 1398.96 868.32 67.64 43.53 1 0.305959 6.62 482.09 34.40 58.19 0 0.305756 980.65 524.31 76.06 44.52 0 0.304170 1448.89 489.69 35.16 38.64 0 0.300992 1622.44 946.79 53.50 53.90 0 0.297904 114.37 462.69 35.73 29.00 0 0.294074 1627.45 683.21 42.93 59.23 0 0.293767 47.74 152.75 53.38 31.96 0 0.293738 316.40 58.13 68.18 54.07 0 0.290577 1627.50 856.96 58.16 58.33 0 0.280179 1388.20 830.60 59.02 41.24 0 0.275121 49.57 159.95 57.95 38.04 0 0.274384 1663.99 752.99 45.74 53.27 0 0.269148 1124.85 785.18 37.82 51.49 1 0.268307 1632.77 969.60 49.94 51.98 0 0.260254 363.22 38.63 69.33 41.16 0 0.259413 802.44 597.37 71.65 40.33 0 0.258365 821.23 280.69 37.10 68.38 0 0.253183 1655.91 745.78 47.99 59.69 0 0.252414 712.78 870.54 29.52 24.50 3 0.251163 269.78 1056.14 31.73 23.86 3
431,0.571374 1131.78 255.19 23.20 43.12 0 0.562768 1134.10 202.19 25.08 36.17 0 0.551521 1121.48 301.31 24.42 34.68 0 0.532588 1117.63 341.10 24.26 40.85 0 0.519163 1113.12 389.84 32.29 55.50 1 0.514033 838.29 212.39 42.99 26.60 0 0.507931 990.41 54.88 14.78 15.95 3 0.474991 568.25 673.80 63.21 34.38 0 0.438898 1250.33 582.60 35.53 53.75 1 0.436814 1091.43 555.54 27.07 48.90 0 0.413519 833.25 235.95 35.60 35.65 0 0.356929 739.37 132.01 40.11 39.21 1 0.356211 871.76 47.82 40.05 23.05 0 0.315389 866.65 140.39 24.79 22.96 0 0.261791 850.63 162.89 22.36 20.31 0
432,0.657620 617.46 838.02 36.11 67.56 0 0.616288 1026.43 449.14 39.78 61.05 1 0.605583 912.35 721.27 28.55 55.14 0 0.535486 971.37 758.90 29.40 61.35 0 0.497314 663.30 925.20 84.46 35.08 0 0.494928 568.11 722.51 45.09 33.90 0 0.490753 1070.36 667.52 28.77 46.54 0 0.489887 1027.78 216.00 22.95 34.99 0 0.479920 516.39 832.87 39.55 70.79 1 0.457690 920.32 973.48 59.95 41.06 0 0.451346 847.20 827.57 24.16 28.75 3 0.441190 844.81 852.09 22.71 22.83 3 0.400361 517.80 830.11 38.96 76.55 0 0.379768 966.28 680.80 31.27 57.42 0 0.337541 1007.92 26.50 30.81 29.57 0 0.336241 1052.69 619.67 35.05 41.12 0 0.322096 907.20 190.63 22.08 32.80 0 0.309833 908.57 182.85 21.77 33.81 0 0.309174 267.20 931.48 68.78 34.45 0 0.298759 688.27 874.42 63.89 32.39 0 0.289248 1340.60 907.55 71.84 35.66 0 0.273203 1009.93 60.65 28.53 26.68 0 0.272863 343.05 936.36 24.34 28.99 3 0.267187 1033.70 401.43 30.76 46.12 1 0.255722 577.69 836.31 40.37 72.97 1 0.253872 907.03 623.66 29.05 47.21 0
433,0.629972 131.89 393.88 245.18 134.43 0 0.522203 616.27 418.95 283.81 111.52 0 0.520582 966.99 442.92 228.20 91.93 0 0.417086 1292.08 453.43 226.68 89.70 0 0.308211 148.34 386.68 191.62 100.23 0 0.252020 1320.87 437.14 187.42 76.54 0
434,0.564659 843.92 475.28 26.46 50.47 0 0.542482 828.66 901.47 30.58 63.69 0 0.516895 854.72 0.06 24.19 36.77 0 0.497976 276.34 40.88 29.50 37.93 0 0.472456 338.79 79.22 28.09 43.49 0 0.413455 271.36 38.65 31.44 42.63 0 0.292474 320.51 39.24 29.72 37.94 0
435,0.575390 1004.14 518.45 49.13 55.89 0 0.573313 1135.26 521.96 46.49 59.40 0 0.557326 433.39 32.67 46.72 56.54 0 0.546904 980.00 499.04 48.17 56.36 0 0.531474 690.39 0.00 54.44 52.62 0 0.526722 1008.28 154.57 51.95 50.62 0 0.526479 1302.16 249.10 67.42 36.59 0 0.523713 779.21 818.89 69.82 56.73 0 0.488307 1186.77 573.90 46.70 46.46 0 0.484623 1021.55 422.72 49.25 47.34 0 0.484294 1088.09 759.12 50.88 49.86 0 0.483700 586.94 604.28 42.78 49.79 0 0.482503 664.62 472.61 55.65 40.68 0 0.474072 1100.15 606.58 53.08 55.56 0 0.471314 1108.08 502.86 40.40 50.08 0 0.469744 814.85 845.39 55.34 54.24 0 0.467434 1225.95 82.68 44.59 41.01 0 0.464263 1035.12 547.22 43.25 52.18 0 0.459114 988.32 664.18 52.63 43.82 0 0.456764 1161.49 541.81 45.07 48.77 0 0.453418 1006.12 874.71 59.02 54.87 0 0.448412 1217.30 703.90 39.16 42.77 0 0.434698 1044.83 711.55 48.39 51.72 0 0.427816 1023.43 833.57 47.40 42.50 0 0.427766 935.59 605.41 62.30 51.45 0 0.423644 696.07 699.08 57.62 54.81 0 0.420917 1023.68 838.74 54.85 45.91 0 0.416814 1129.32 628.52 46.00 49.21 0 0.409740 805.39 838.94 60.74 53.85 0 0.408878 1174.73 157.44 57.23 29.97 0 0.406371 617.73 622.03 48.38 45.62 0 0.405869 489.14 74.64 51.67 55.92 0 0.403501 1164.83 383.99 46.18 50.93 0 0.399855 1013.05 418.89 48.23 49.34 0 0.395821 1069.34 742.78 60.18 57.04 0 0.393971 1151.81 535.55 41.60 55.89 0 0.390903 1075.47 589.61 58.08 52.99 0 0.389476 806.80 88.01 44.71 59.86 0 0.380912 1185.65 683.06 42.61 50.38 0 0.380570 987.96 504.74 47.98 58.39 0 0.376585 963.81 369.09 47.63 55.21 0 0.375403 1074.17 455.92 39.34 53.74 0 0.374121 992.24 399.36 53.03 49.89 0 0.373001 1080.00 751.60 55.13 55.35 0 0.369869 1089.38 601.17 56.46 56.49 0 0.368131 657.71 0.00 43.69 32.05 0 0.364251 679.07 0.00 67.02 44.54 0 0.362317 1195.87 563.09 40.27 42.52 0 0.359063 513.10 99.00 51.36 46.73 0 0.352529 749.78 759.43 61.24 55.70 0 0.349783 1118.02 502.27 45.59 62.84 0 0.347273 623.83 527.35 53.25 47.10 0 0.344284 860.32 404.33 52.00 49.36 0 0.343410 466.40 54.51 47.98 58.77 0 0.337430 1213.98 96.80 51.19 42.42 0 0.333037 1115.48 618.82 49.60 51.05 0 0.332115 557.55 560.28 54.03 60.90 0 0.331390 1138.41 515.08 46.35 58.48 0 0.327811 472.60 61.55 50.34 55.02 0 0.311412 985.23 394.57 50.54 50.57 0 0.307458 935.57 352.69 54.34 53.73 0 0.292725 1235.02 622.96 41.86 45.55 0 0.285881 591.74 608.21 45.45 49.89 0 0.285227 1047.30 449.54 45.24 52.55 0 0.284742 1059.43 462.03 43.88 52.31 0 0.281446 969.67 375.23 48.85 54.74 0 0.276267 833.48 390.73 45.96 41.45 0 0.274620 1066.89 735.47 59.78 51.20 0 0.274254 1011.26 527.85 50.16 60.64 0 0.271787 495.63 77.01 53.62 59.84 0 0.271289 1150.32 658.77 47.42 48.51 0 0.271022 1212.19 597.64 48.37 46.61 0 0.267218 1144.18 651.07 46.82 52.32 0 0.266764 947.00 356.31 49.70 58.07 0 0.256580 1034.78 439.02 42.37 51.89 0
436,0.725654 501.55 602.96 149.65 82.26 0 0.679791 737.08 802.71 169.65 95.28 0 0.667765 67.74 507.22 127.52 57.82 0 0.666140 697.22 672.30 154.95 91.17 0 0.620925 1051.93 692.63 149.18 75.46 0 0.608183 660.67 531.16 137.30 79.05 0 0.607243 532.70 774.97 163.08 101.97 0 0.596017 729.72 355.89 123.60 66.42 0 0.586556 562.13 369.07 123.68 66.81 0 0.580606 409.98 403.33 116.58 63.08 0 0.579112 104.95 443.21 137.82 62.68 0 0.561387 99.05 950.22 217.84 100.94 0 0.530491 131.98 802.71 178.32 89.88 0 0.508868 251.03 435.37 131.61 63.31 0 0.507404 1199.61 951.96 165.64 104.78 0 0.501824 657.30 487.57 128.73 63.24 0 0.482615 147.95 792.12 167.62 77.70 0 0.451351 167.07 740.98 144.27 74.27 0 0.440199 0.00 722.06 122.99 70.16 0 0.429881 156.46 679.73 173.97 80.16 0 0.420065 1122.23 795.83 155.80 92.51 0 0.412494 1155.21 879.51 167.99 94.27 0 0.402411 1033.75 615.00 140.34 77.16 0 0.393385 584.39 992.22 163.19 87.05 0 0.392610 103.03 872.41 206.80 97.42 0 0.385731 650.55 515.91 143.50 77.99 0 0.351009 162.58 720.71 158.36 78.13 0 0.338899 264.94 423.74 127.51 72.13 0 0.335870 17.48 684.98 93.19 43.60 3 0.333546 1039.34 673.66 159.44 84.79 0 0.327231 0.00 466.95 54.47 64.33 0 0.312212 1124.60 813.53 170.54 94.62 0 0.311401 1019.06 622.05 164.46 86.81 0 0.298593 47.60 510.32 141.16 65.99 0 0.294139 94.87 927.91 221.13 96.20 0 0.292886 1146.09 861.22 169.00 95.69 0 0.288413 0.00 803.90 121.27 75.11 0 0.284201 1465.05 207.59 25.26 29.85 3 0.283987 658.20 494.84 137.26 74.86 0 0.270899 0.24 714.00 138.12 100.43 0
437,0.272914 669.27 626.46 45.58 45.26 0
438,0.843606 1530.42 612.42 173.52 94.47 1 0.805822 1469.55 458.52 117.44 44.77 0 0.738063 1233.27 724.30 50.92 41.06 3 0.717593 608.08 420.52 41.11 22.35 3 0.705683 1330.42 455.28 125.30 48.32 0 0.690540 239.39 455.83 116.76 54.47 0 0.686805 618.54 374.94 40.53 24.65 3 0.661900 1618.84 460.24 111.99 45.30 0 0.647852 603.04 846.24 31.09 65.01 3 0.631937 1591.91 771.49 56.10 53.57 3 0.628074 2.07 453.62 110.02 57.68 0 0.611249 69.43 587.85 132.53 58.02 0 0.609461 486.37 971.39 95.16 108.49 0 0.606625 1744.64 460.01 126.12 46.15 0 0.593560 1218.35 521.90 122.56 52.76 0 0.583251 162.19 359.46 58.93 43.55 0 0.569927 1232.24 729.80 56.23 42.85 3 0.567768 218.86 586.88 132.56 57.51 0 0.531909 1696.96 739.12 56.71 53.43 3 0.482439 634.69 340.65 35.93 23.40 3 0.473847 80.72 259.29 39.10 38.01 0 0.468082 121.73 261.19 41.55 37.30 0 0.443032 1758.11 737.25 48.84 55.50 3 0.430505 1.50 356.82 45.31 40.19 0 0.428633 213.61 259.43 50.96 36.10 0 0.395815 76.78 253.26 37.62 41.16 0 0.350994 476.08 587.63 31.74 28.70 3 0.340906 84.77 358.23 37.91 34.54 0 0.327576 635.95 331.25 35.25 24.41 3 0.282584 630.79 348.01 38.55 21.24 3 0.278372 37.42 256.02 34.02 34.49 0 0.269881 63.90 358.70 33.69 34.08 0 0.268735 355.37 614.23 123.11 53.50 0 0.257477 786.96 305.01 26.76 15.11 3 0.251925 908.57 669.41 45.45 30.86 3 0.250187 1758.33 468.75 119.18 44.98 0
439,0.452812 1794.58 733.39 67.52 26.08 0 0.445702 852.17 994.58 102.80 40.35 0 0.412104 1075.73 725.50 62.57 28.50 0 0.301528 1385.57 731.46 70.15 26.02 0
440,0.556779 206.51 587.46 31.74 46.78 0 0.516484 848.31 875.66 71.05 34.01 0 0.503620 361.13 587.98 36.60 52.43 0 0.500259 657.94 821.64 69.48 30.70 0 0.491812 1252.96 571.09 33.86 58.58 0 0.461730 965.53 1031.17 71.68 37.51 0 0.459480 1.43 585.74 20.80 47.17 0 0.452041 604.79 1017.29 78.80 34.72 0 0.451458 1250.13 649.71 31.97 47.75 0 0.443506 1259.10 648.13 37.15 54.55 0 0.441162 20.27 589.80 25.00 43.20 0 0.438302 1316.56 315.18 24.17 41.92 0 0.411432 396.06 617.21 42.35 40.39 0 0.396163 1249.98 649.29 40.71 58.45 0 0.369130 710.28 631.87 53.65 34.35 0 0.366819 235.22 596.79 27.24 44.24 0 0.355116 49.79 597.78 25.72 37.71 0 0.349898 294.60 319.11 20.08 38.14 0 0.337192 1314.23 292.79 24.82 38.85 0 0.314868 1318.44 324.80 23.09 41.19 0 0.272286 199.96 877.50 70.47 34.40 0
441,0.547775 0.00 439.03 255.02 100.46 0 0.399953 719.55 435.49 264.63 117.20 0 0.342841 11.65 426.71 279.10 126.32 0 0.267184 754.96 447.89 263.10 98.43 0
442,0.733469 574.46 310.05 28.03 39.56 0 0.687702 43.31 657.19 36.94 58.68 0 0.687328 119.61 660.21 32.17 52.79 0 0.591239 789.95 424.30 28.28 47.72 0 0.586397 846.19 417.08 25.62 44.43 0 0.580730 818.79 423.29 24.73 46.74 0 0.575105 697.36 305.84 26.82 39.32 0 0.572707 153.61 654.87 36.83 55.49 0 0.567613 538.43 545.07 55.69 28.11 0 0.541346 672.64 311.26 22.33 33.79 0 0.528633 796.91 511.09 68.09 31.40 0 0.483144 601.89 359.66 25.88 36.63 0 0.438107 642.65 427.73 30.53 43.15 0 0.430066 1516.55 127.28 27.51 42.84 0 0.419446 1.51 662.37 31.32 61.42 0 0.416584 1204.17 946.49 53.94 74.87 1 0.397335 353.07 699.84 62.42 32.98 0 0.396634 1451.34 152.78 44.07 75.64 1 0.352168 444.76 297.58 57.83 24.28 0 0.342046 936.94 775.13 25.16 36.94 0 0.330746 1546.98 0.00 37.06 15.56 0 0.311189 454.74 295.86 54.39 24.51 0 0.308761 603.60 416.77 38.63 49.34 0 0.303838 1102.78 442.40 44.99 29.92 0 0.276277 517.51 297.30 46.59 29.76 0 0.275030 1486.23 223.81 38.57 50.66 0 0.273224 868.95 424.92 23.61 40.01 0 0.271156 49.60 659.87 39.21 56.40 0 0.257819 893.55 431.21 24.33 35.26 0
443,0.503257 1245.74 529.11 69.30 34.94 1
444,0.669661 814.64 154.60 85.83 43.10 1 0.663809 610.27 486.42 64.90 39.01 0 0.645867 705.48 442.72 61.27 36.16 0 0.630871 567.58 587.10 67.39 36.91 0 0.628259 578.36 551.08 60.66 39.03 0 0.622551 860.62 517.68 65.36 40.09 0 0.621982 626.02 420.37 63.22 35.50 0 0.614923 1181.89 991.79 57.48 34.78 3 0.609360 321.61 922.49 32.85 24.20 3 0.603808 838.88 585.19 68.68 40.74 0 0.593205 551.00 890.95 76.08 42.97 0 0.587836 469.00 868.30 71.24 42.72 0 0.587732 875.54 487.56 66.42 40.10 0 0.585724 436.97 941.06 74.51 44.25 0 0.577575 628.56 680.81 72.30 40.78 0 0.570620 551.55 653.50 70.33 43.10 0 0.568637 816.55 648.98 77.27 45.50 0 0.566760 673.04 576.54 67.40 38.33 0 0.565821 802.96 689.28 76.62 37.74 0 0.561915 756.75 830.09 68.54 37.27 0 0.560884 793.64 724.36 70.24 41.19 0 0.551668 726.89 943.21 73.40 42.70 0 0.549088 517.80 722.78 68.56 41.88 0 0.535579 848.87 549.48 67.42 41.41 0 0.535198 782.09 759.34 72.48 37.09 0 0.532693 738.40 344.53 63.43 36.69 0 0.532118 591.43 520.01 65.92 35.26 0 0.531182 1236.77 478.05 65.28 35.74 0 0.530346 635.49 388.42 67.66 37.58 0 0.529479 573.57 821.12 71.52 41.39 0 0.529096 763.59 793.21 70.20 41.68 0 0.527279 600.90 748.48 69.76 40.69 0 0.526104 616.71 711.97 71.47 38.48 0 0.522143 649.97 606.31 70.36 39.67 0 0.519190 733.43 375.08 64.28 33.24 0 0.517442 1123.66 550.03 62.80 37.25 0 0.515155 688.71 507.89 69.34 38.27 0 0.496669 1139.15 449.39 72.36 35.75 0 0.494810 898.35 423.66 65.45 35.60 0 0.494243 584.35 785.09 74.80 37.24 0 0.493424 745.36 864.05 70.75 44.94 0 0.489009 679.76 544.11 69.14 35.26 0 0.487306 527.43 691.74 61.60 35.15 0 0.478548 721.29 409.48 57.16 33.23 0 0.475942 480.19 831.33 66.35 38.41 0 0.474247 888.72 453.54 63.74 38.34 0 0.470494 738.48 904.84 74.14 45.17 0 0.462243 1138.34 490.11 66.15 39.80 0 0.461612 697.95 1014.15 76.12 45.33 0 0.459394 620.81 457.95 67.64 35.57 0 0.458001 654.31 360.81 63.46 38.09 0 0.454507 644.75 639.25 66.01 42.59 0 0.447859 813.16 967.39 79.30 43.95 0 0.438198 795.39 1003.93 74.01 47.12 0 0.430941 563.58 858.46 69.61 34.45 0 0.423368 566.46 617.49 69.99 37.96 0 0.418266 525.86 966.71 75.59 41.40 0 0.383232 710.29 978.23 74.81 45.91 0 0.377693 564.75 606.16 73.91 44.02 0 0.355919 316.38 924.91 35.09 26.11 3 0.333539 540.09 930.71 80.54 41.72 0 0.331741 621.78 701.41 74.04 46.78 0 0.317562 332.84 0.00 64.17 42.09 0 0.308111 579.29 589.43 65.25 41.25 0 0.301449 747.40 380.64 63.60 38.79 0 0.298751 776.90 1044.17 87.15 35.83 0 0.296678 648.80 353.24 63.95 35.51 0 0.294670 406.00 706.89 24.49 24.18 3 0.267676 633.00 97.89 33.22 26.27 3 0.252671 317.01 945.96 36.52 22.24 3 0.250274 867.55 496.60 67.55 50.43 0
445,0.506647 861.46 427.41 101.98 57.71 0 0.428334 910.32 519.90 180.45 67.97 0 0.414064 608.00 414.87 122.34 56.89 0 0.357992 2.50 429.48 106.34 49.67 0 0.269546 10.58 420.60 101.20 53.10 0
446,0.690520 905.67 961.05 67.20 74.62 0 0.617267 569.61 811.65 64.12 68.21 0 0.616614 207.59 332.24 82.11 73.90 1 0.601192 453.48 691.56 64.44 66.16 0 0.588603 711.19 506.47 69.08 71.17 0 0.587750 621.59 428.68 62.40 67.69 0 0.586319 688.00 924.94 79.31 86.65 0 0.583110 476.70 593.69 73.54 64.08 0 0.546178 876.11 643.65 70.01 68.57 0 0.538830 803.22 875.83 71.78 69.42 0 0.535901 547.66 637.33 68.52 70.45 0 0.533011 659.12 462.29 60.69 67.34 0 0.529199 638.50 856.47 72.30 81.77 0 0.511510 575.06 658.45 65.73 75.01 0 0.509336 837.11 896.46 67.72 79.64 0 0.504461 496.10 761.19 69.64 67.94 0 0.491586 568.29 376.59 67.46 67.98 0 0.490536 344.52 611.62 72.95 69.36 0 0.490401 640.85 721.59 64.68 73.71 0 0.489141 810.44 211.60 68.29 64.88 0 0.486851 736.06 807.80 68.22 72.02 0 0.483209 877.35 933.79 70.58 65.05 0 0.481728 672.79 758.10 60.41 69.84 0 0.480802 1172.60 780.95 63.57 65.15 0 0.480699 665.74 906.63 70.74 69.38 0 0.466034 1046.32 790.75 68.99 69.26 0 0.465593 386.35 508.81 70.57 66.13 0 0.464569 1078.88 818.08 64.87 67.62 0 0.456800 708.16 784.31 70.80 65.95 0 0.455862 1292.36 359.13 85.03 65.20 0 0.448831 780.78 557.98 67.55 71.98 0 0.446927 726.10 147.94 62.97 61.36 0 0.445932 448.20 562.78 64.67 63.79 0 0.444026 403.95 669.56 70.14 68.12 0 0.439638 968.91 731.14 73.26 67.19 0 0.435381 412.86 531.27 66.73 68.04 0 0.434548 380.45 645.92 64.32 64.80 0 0.433645 681.72 482.98 72.14 72.94 0 0.429195 1114.16 695.04 69.41 61.60 0 0.428193 483.16 712.06 66.35 76.32 0 0.423140 538.21 789.87 69.18 63.44 0 0.417418 794.31 70.74 62.80 58.75 0 0.416683 943.31 990.46 74.42 76.85 0 0.411295 807.74 590.38 70.96 73.74 0 0.400025 973.21 1014.97 78.76 65.03 0 0.397282 596.52 399.11 64.22 70.01 0 0.393678 746.86 165.05 69.25 59.53 0 0.392966 767.93 845.48 66.47 65.32 0 0.392770 1010.78 758.09 71.81 70.13 0 0.387598 664.91 748.03 69.10 66.88 0 0.374733 608.67 836.52 77.29 73.33 0 0.374609 372.30 633.63 69.31 63.93 0 0.374538 935.24 706.34 71.61 71.04 0 0.369636 771.41 175.09 57.92 57.68 0 0.368585 808.49 1012.89 77.12 67.11 0 0.368085 1285.76 353.56 75.51 68.56 0 0.364296 1180.90 771.08 65.85 62.45 0 0.359562 904.83 675.67 67.92 73.84 0 0.349862 801.88 582.89 73.98 67.26 0 0.348976 840.61 621.39 67.53 67.19 0 0.346830 925.73 699.37 70.55 72.15 0 0.343963 613.94 693.77 66.41 63.18 0 0.341782 1146.94 744.60 60.34 59.57 0 0.340952 498.80 749.11 70.44 67.07 0 0.335346 415.28 517.14 81.56 68.85 0 0.334042 828.42 891.59 73.12 71.36 0 0.333854 1000.78 747.84 77.49 69.74 0 0.326557 1109.68 847.90 70.89 68.06 0 0.323771 556.57 798.55 67.01 75.61 0 0.318162 516.76 767.90 67.39 71.17 0 0.315726 1144.03 735.07 63.14 56.50 0 0.310972 696.90 931.35 78.80 87.95 0 0.307137 660.02 896.84 70.00 63.62 0 0.306885 846.66 906.32 68.49 66.69 0 0.301393 1032.14 778.26 76.62 63.73 0 0.299808 634.17 852.02 78.23 66.91 0 0.299586 448.09 682.70 73.50 65.79 0 0.298021 561.56 649.19 73.26 72.67 0 0.286536 1107.21 707.07 63.51 64.82 0 0.280118 627.34 433.19 65.13 71.10 0 0.277475 721.36 522.69 66.27 64.67 0 0.275941 691.32 493.20 73.00 79.90 0 0.275821 566.55 803.34 78.23 65.77 0 0.268186 824.99 1029.40 80.06 50.60 0 0.267956 666.02 475.71 69.54 69.48 0 0.264260 866.65 922.48 74.43 64.76 0 0.262977 607.93 410.36 65.46 73.91 0 0.259879 694.77 920.00 79.87 78.68 0 0.258572 17.52 539.38 45.99 45.71 3 0.256353 795.48 200.86 79.83 65.36 0 0.253642 744.81 817.87 68.46 73.50 0
447,
448,0.637535 3.31 442.43 29.12 58.51 0 0.635090 804.45 781.87 32.66 66.64 0 0.631567 4.15 516.31 31.44 59.13 0 0.609396 72.15 521.84 30.35 59.04 0 0.597492 77.56 996.38 32.22 66.77 0 0.593691 704.53 273.61 45.89 24.65 0 0.589207 812.15 548.59 31.37 65.60 0 0.584163 804.12 710.64 31.33 65.96 0 0.582107 39.45 689.44 31.18 54.12 0 0.565355 703.35 175.83 48.06 26.48 0 0.552661 43.79 916.84 29.85 61.97 0 0.541681 36.71 446.32 33.07 56.19 0 0.524976 76.25 913.76 33.50 60.11 0 0.513976 828.11 219.64 28.70 69.33 0 0.513802 701.98 202.82 43.65 25.47 0 0.502692 4.43 681.32 34.75 61.50 0 0.502559 40.49 518.95 32.64 60.70 0 0.464931 803.41 863.64 29.92 61.63 0 0.447068 265.22 532.80 35.29 80.24 1 0.437664 802.87 953.68 30.41 62.11 0 0.328438 845.56 549.76 29.73 68.98 0 0.264508 698.21 232.22 45.41 28.00 0 0.257566 0.00 916.94 22.81 64.04 0
449,0.789465 1639.55 572.00 143.70 58.56 0 0.684227 112.60 588.62 143.26 72.06 0 0.662287 604.82 394.90 45.73 30.96 3 0.651273 26.70 442.91 72.68 50.27 0 0.595881 1477.77 570.74 132.91 56.65 0 0.588582 572.77 509.98 42.28 35.94 3 0.586175 850.25 397.87 55.15 95.98 1 0.584224 1747.69 832.21 172.31 108.35 1 0.571168 1811.55 569.71 108.45 74.78 0 0.549206 586.78 458.18 47.14 29.00 3 0.504444 66.51 812.92 177.26 80.50 0 0.472129 0.00 290.96 33.10 45.83 0 0.470081 2.48 288.35 42.36 48.52 0 0.467978 87.82 291.65 64.19 39.25 0 0.463842 0.00 821.57 59.40 73.93 0 0.460798 601.72 819.80 64.04 50.34 3 0.460623 567.89 520.64 52.05 34.09 3 0.454068 1352.61 566.16 41.75 34.77 3 0.386086 783.53 433.12 24.76 47.54 3 0.367878 1773.14 855.97 146.86 145.24 0 0.366171 577.92 523.28 48.04 33.02 3 0.349169 587.57 451.14 48.73 30.15 3 0.333317 1354.09 567.58 46.75 39.44 3 0.318647 597.30 403.80 53.18 35.36 3 0.285331 1407.91 574.87 30.08 47.78 3 0.273130 456.95 1019.71 59.45 60.29 3 0.260776 463.90 1032.00 50.31 48.00 3
450,0.864300 551.28 549.84 74.63 58.32 1 0.400394 189.92 568.84 28.76 16.95 0 0.328333 210.87 570.11 25.76 17.71 0
451,0.422653 1129.65 835.82 63.57 36.55 0 0.406594 1151.77 803.83 56.95 30.19 0 0.387047 918.12 344.75 25.66 44.93 0 0.374529 1140.38 769.56 56.07 27.67 0 0.292310 1546.04 719.81 58.71 28.98 0
452,0.648746 110.33 821.66 66.60 31.79 0 0.534726 1330.56 749.50 66.96 28.64 0 0.497554 1822.39 752.85 70.69 28.47 0 0.424072 677.16 747.49 69.66 28.19 0 0.393981 1081.60 749.93 62.70 29.00 0 0.256820 357.94 742.11 63.23 31.66 0
453,
454,0.493611 955.45 535.40 71.46 68.91 0 0.437988 1205.04 857.73 57.06 57.87 0 0.435143 793.92 330.78 51.56 62.97 0 0.430134 824.65 375.14 55.35 64.84 0 0.381362 919.61 492.61 60.77 60.16 0 0.372719 1311.37 680.60 72.60 61.79 1 0.350713 875.10 437.58 48.13 55.04 0 0.295582 1510.64 818.24 81.83 60.53 0 0.288916 928.55 503.09 67.09 71.09 0 0.272208 1619.16 895.95 64.15 52.46 0 0.252863 948.86 508.01 72.19 86.62 0
455,0.692465 776.89 365.71 64.13 37.42 0 0.636583 900.27 516.19 66.75 38.14 0 0.634101 629.44 506.68 66.25 40.57 0 0.625451 626.34 776.95 73.62 42.36 0 0.623524 1183.59 485.40 64.49 38.36 0 0.621369 719.06 532.91 68.79 39.74 0 0.613495 599.41 850.96 70.08 39.69 0 0.613404 588.44 884.46 76.54 44.10 0 0.610377 794.20 824.53 71.40 41.48 0 0.607292 678.72 636.68 71.15 40.68 0 0.603615 663.91 411.60 65.30 36.28 0 0.597120 779.99 334.72 64.15 37.20 0 0.594242 918.20 480.84 62.90 36.45 0 0.593065 839.30 682.40 76.76 42.12 0 0.589691 608.52 582.19 69.71 38.02 0 0.585867 778.55 902.38 74.45 41.79 0 0.574379 653.20 703.63 75.38 43.76 0 0.572293 786.10 860.45 72.73 44.02 0 0.571035 761.54 399.81 58.07 33.99 0 0.564831 822.41 753.40 74.73 40.48 0 0.556578 1179.07 446.83 71.99 34.65 0 0.552261 882.20 582.27 67.72 39.31 0 0.548766 670.65 673.36 70.89 40.95 0 0.548314 858.18 645.46 75.43 40.91 0 0.541725 587.51 645.22 71.63 43.10 0 0.541177 612.36 810.47 72.93 42.27 0 0.538464 508.87 861.98 67.80 39.40 0 0.538279 617.18 544.43 60.10 32.91 0 0.535986 762.18 942.76 73.84 42.62 0 0.527429 513.97 825.94 73.03 41.81 0 0.519011 1280.03 472.09 67.50 35.75 0 0.517442 661.18 449.34 67.86 42.68 0 0.508944 475.13 936.07 76.60 43.09 0 0.498781 704.40 571.02 70.29 35.89 0 0.490774 733.29 499.35 65.06 36.18 0 0.486962 603.06 612.28 63.97 37.37 0 0.486578 688.57 600.04 75.87 39.30 0 0.479062 860.81 140.88 87.46 40.64 1 0.474707 664.19 445.81 64.20 35.92 0 0.473471 932.58 447.30 65.26 38.19 0 0.470601 1166.21 546.07 68.53 35.27 0 0.465819 752.85 973.81 72.14 48.51 0 0.465503 745.83 435.63 64.20 37.55 0 0.465260 691.31 346.28 63.52 37.32 0 0.463509 940.66 417.18 67.58 37.86 0 0.462101 832.35 720.28 72.61 41.41 0 0.458890 855.11 962.27 77.15 50.65 0 0.453540 576.58 926.97 78.35 37.97 0 0.451758 893.47 545.73 65.67 38.11 0 0.448620 804.59 783.93 71.73 47.21 0 0.443044 564.86 961.95 75.88 41.57 0 0.441416 560.04 713.31 70.31 42.67 0 0.424799 1222.46 993.74 65.35 34.36 3 0.412490 645.72 478.08 69.16 37.44 0 0.411448 563.17 683.79 67.66 38.77 0 0.410450 1176.12 443.00 66.87 34.67 0 0.408467 641.38 740.53 67.31 37.80 0 0.406473 835.65 1003.05 72.92 45.81 0 0.378812 829.54 1042.99 75.10 36.22 0 0.358827 353.47 919.08 35.59 23.58 3 0.349688 740.49 1014.33 72.28 41.94 0 0.348869 682.50 379.82 60.28 32.32 0 0.347881 639.90 479.36 65.71 41.72 0 0.341041 644.33 731.24 73.23 45.17 0 0.300507 356.27 907.81 33.29 25.42 3 0.294597 675.12 88.72 29.71 20.40 3 0.293110 895.71 528.95 66.47 50.31 0 0.292965 673.83 653.50 75.41 47.44 0 0.282436 701.75 350.77 60.24 35.95 0 0.275628 418.76 752.28 35.85 24.37 3 0.267487 511.92 838.44 70.55 45.21 0 0.264852 559.15 702.14 66.97 48.46 0 0.259333 781.78 904.49 80.83 48.90 0 0.255446 436.69 704.93 31.48 33.41 3
456,0.675290 960.88 165.90 27.66 43.05 0 0.669751 1080.40 475.20 26.60 58.52 1 0.663457 809.14 685.67 30.78 57.48 0 0.659805 864.27 480.62 26.05 45.37 0 0.648004 409.28 873.16 29.04 62.34 0 0.638381 399.70 798.38 30.87 58.89 0 0.627714 1003.96 845.85 33.67 69.76 0 0.600185 436.46 588.79 25.85 52.88 0 0.599060 858.07 538.78 25.96 48.52 0 0.594367 382.06 667.38 28.22 53.69 0 0.592815 718.26 578.15 28.65 57.55 0 0.591113 809.67 491.78 24.86 41.26 0 0.589774 697.23 519.16 25.51 43.23 0 0.584305 505.26 640.31 27.56 49.89 0 0.552215 912.09 522.41 28.66 45.39 0 0.546490 946.16 872.82 33.74 69.11 0 0.543818 553.71 556.59 27.38 47.64 0 0.538780 840.07 484.21 23.73 43.89 0 0.538282 1566.58 481.69 39.07 61.34 0 0.537479 1601.58 541.16 40.45 56.04 0 0.536464 476.58 644.32 28.58 53.06 0 0.536299 1638.22 603.47 41.22 53.16 0 0.533453 1305.91 234.69 52.71 28.30 0 0.527228 1068.85 921.71 36.98 63.14 0 0.526495 482.17 862.31 31.50 61.01 0 0.521075 841.75 678.94 29.88 46.42 0 0.519307 721.14 716.27 29.99 53.91 0 0.518150 725.04 511.43 24.94 44.17 0 0.511124 625.87 737.88 30.95 53.84 0 0.510882 444.74 862.71 31.19 63.84 0 0.506160 1287.12 200.75 50.21 29.54 0 0.503385 497.67 778.33 31.74 57.61 0 0.503118 371.84 605.08 29.73 54.17 0 0.486496 1288.49 204.42 51.95 30.94 0 0.485980 689.32 721.03 30.69 54.68 0 0.485093 669.27 532.91 25.50 44.91 0 0.485003 1499.57 379.26 35.99 52.15 0 0.484951 1390.88 198.99 24.95 39.32 0 0.483673 592.84 743.69 31.17 55.11 0 0.481752 627.60 606.79 28.16 52.41 0 0.481621 564.51 751.69 29.96 56.57 0 0.479322 776.78 691.16 32.06 56.28 0 0.474897 887.14 528.95 26.86 45.76 0 0.474796 462.75 585.81 26.97 47.99 0 0.474662 745.07 569.35 30.88 56.21 0 0.474287 438.56 791.45 27.34 56.61 0 0.468641 771.20 562.61 31.02 53.86 0 0.462368 829.17 545.48 26.27 48.70 0 0.461617 1702.17 439.46 44.66 47.86 0 0.458098 447.18 648.09 29.36 60.53 0 0.456334 411.88 663.86 27.94 54.63 0 0.452740 532.36 767.64 30.62 54.50 0 0.451329 358.86 530.81 16.73 28.81 3 0.437908 481.57 497.96 14.44 18.64 3 0.437201 510.51 494.08 13.59 19.05 3 0.433373 597.82 611.50 29.22 53.64 0 0.432710 566.49 613.81 28.49 52.96 0 0.424364 902.88 656.44 31.45 58.26 0 0.421947 1171.85 11.89 45.92 22.16 0 0.405274 932.02 658.99 27.85 51.38 0 0.401061 1173.87 8.42 46.67 22.97 0 0.400609 1036.61 835.77 33.11 60.39 0 0.398622 960.19 161.55 29.72 39.23 0 0.386844 1080.90 477.10 31.45 74.30 1 0.382742 467.64 787.73 28.89 53.60 0 0.382020 657.62 728.85 30.05 54.64 0 0.379874 1439.34 288.43 32.25 43.20 0 0.376024 581.04 551.95 26.56 46.42 0 0.364000 784.68 506.23 23.48 44.81 0 0.363269 612.54 550.61 27.10 46.22 0 0.356852 530.28 493.46 15.11 19.59 3 0.343454 686.28 585.37 27.77 56.58 0 0.341490 776.37 565.37 30.48 53.01 0 0.328639 534.64 625.61 29.39 54.84 0 0.325194 889.14 533.09 27.13 51.58 0 0.320607 641.97 545.21 24.00 45.03 0 0.306804 744.61 511.11 23.40 42.89 0 0.303466 1282.90 187.29 44.88 23.81 0 0.296403 862.86 485.44 26.81 49.66 0 0.285424 1036.36 352.83 19.40 24.06 3 0.281810 464.11 582.20 30.38 56.10 0 0.276448 336.79 537.51 14.97 26.60 3 0.273947 668.55 587.18 30.19 58.41 0 0.266533 500.17 786.54 29.87 59.30 0 0.260354 659.03 598.52 28.40 52.53 0
457,0.524189 859.67 345.72 29.55 46.72 0 0.404270 812.14 217.36 25.35 37.34 0 0.401665 830.46 264.01 25.99 37.34 0 0.397110 825.49 263.66 22.56 38.24 0 0.320940 845.79 305.82 29.54 38.83 0 0.276537 880.51 446.29 32.10 53.18 0
458,0.517249 667.05 98.34 58.46 77.81 0 0.464950 681.78 61.21 46.13 26.82 3 0.440557 628.18 250.32 66.23 87.80 0 0.414622 651.89 195.59 47.68 58.02 0 0.368167 542.64 591.92 61.74 54.29 3 0.345368 502.80 676.07 91.24 137.71 0 0.305794 507.23 717.93 82.30 94.50 0 0.298697 982.97 155.67 27.82 36.13 3 0.278560 541.49 618.29 61.59 52.42 3
459,0.670153 1539.63 167.54 22.84 42.45 0 0.652847 959.75 310.76 21.12 41.51 0 0.634015 1707.75 48.13 20.96 37.65 0 0.621323 1838.96 122.44 25.60 41.86 0 0.603040 1588.36 51.05 22.93 33.09 0 0.599570 1774.81 50.28 21.41 34.42 0 0.595932 1504.53 132.26 28.54 34.56 0 0.592619 1038.18 1027.32 86.57 38.59 0 0.592326 1683.73 48.95 21.63 38.21 0 0.575481 1636.78 164.33 25.16 41.66 0 0.571284 1588.18 166.50 25.37 43.65 0 0.557937 1613.36 163.52 24.54 42.01 0 0.545324 1752.27 49.04 21.96 36.08 0 0.542996 1726.78 46.37 21.87 36.20 0 0.520278 967.38 126.75 20.75 38.20 0 0.506922 1797.45 48.92 21.59 34.05 0 0.501585 1848.26 11.73 24.88 30.93 0 0.501253 1517.62 48.77 24.30 34.96 0 0.497387 942.15 977.89 31.43 65.17 0 0.494750 1655.20 48.35 22.18 35.67 0 0.489111 1845.14 47.26 22.20 35.78 0 0.485594 1754.56 162.66 29.60 44.51 0 0.483262 966.50 30.61 24.93 53.89 0 0.478112 1818.87 48.18 21.86 33.57 0 0.475793 1863.42 124.55 26.42 39.20 0 0.475153 1050.16 991.86 72.34 39.62 0 0.467024 1773.26 126.69 25.28 38.31 0 0.461118 1566.68 167.94 21.45 43.01 0 0.458339 1707.18 164.28 28.54 43.21 0 0.457136 1042.05 794.99 62.67 32.53 0 0.456023 1695.05 126.40 25.94 39.65 0 0.443735 948.94 661.18 30.27 52.44 0 0.441709 1080.64 887.80 38.98 35.36 0 0.438312 1792.76 130.68 25.46 36.58 0 0.437899 1817.67 126.24 24.99 39.45 0 0.421181 1171.83 749.58 25.07 25.53 0 0.420765 1715.42 163.91 29.38 42.13 0 0.418770 1611.43 52.18 22.99 32.21 0 0.413818 1649.25 127.56 23.79 35.70 0 0.413672 1199.69 773.81 47.11 25.34 0 0.412239 1787.22 163.54 28.91 45.49 0 0.407832 1041.52 330.29 39.00 19.24 0 0.397974 1673.10 127.03 24.26 37.27 0 0.397948 1869.87 12.15 24.42 31.09 0 0.393861 1525.14 130.05 26.10 35.70 0 0.387482 1533.72 51.01 23.02 33.78 0 0.386502 1553.54 130.60 24.73 37.49 0 0.381773 1044.61 284.32 35.60 22.07 0 0.380163 1746.26 125.13 27.95 38.34 0 0.367456 1496.88 132.19 32.99 36.87 0 0.365186 1356.38 120.12 26.37 43.17 1 0.360030 1066.27 890.08 39.40 32.63 0 0.355751 1556.09 50.88 23.65 32.95 0 0.355632 1044.93 299.61 39.04 22.11 0 0.339568 1882.57 159.32 33.25 43.77 0 0.328099 1087.55 921.95 33.40 36.07 0 0.321792 1633.25 130.27 21.50 32.69 0 0.319117 1782.38 162.72 29.65 43.77 0 0.313864 1890.12 128.27 27.26 39.52 0 0.312587 963.24 16.83 28.53 64.18 0 0.311973 1681.66 166.41 26.17 42.43 0 0.310577 945.48 969.42 31.61 76.47 0 0.303359 1822.06 8.55 22.84 30.83 0 0.296439 1659.41 165.16 23.45 39.78 0 0.295664 1578.93 146.60 28.31 54.21 0 0.292301 1207.78 779.14 50.28 22.82 0 0.282526 1575.45 133.37 25.91 38.38 0 0.280806 1040.22 353.03 39.24 18.83 0 0.276589 944.30 812.82 26.17 52.72 0 0.271529 1892.10 247.90 27.90 56.20 0 0.268814 1628.28 161.68 26.69 40.68 0 0.256827 1614.10 131.05 26.46 38.28 0
460,0.422251 95.21 728.59 197.42 92.12 0 0.413767 0.00 801.62 154.32 100.56 0 0.302969 139.13 731.69 153.06 83.16 0 0.265266 1097.79 527.85 24.16 45.48 0
461,0.801121 635.56 492.61 138.00 58.10 1 0.543525 336.66 51.61 27.62 38.73 0 0.498788 301.13 54.03 30.12 41.39 0 0.468969 389.45 52.90 30.33 35.82 0 0.451353 537.89 534.82 49.18 121.15 1 0.437365 376.62 82.82 38.71 28.98 0 0.412795 419.81 51.81 28.12 33.77 0 0.403621 587.93 575.43 158.58 64.02 1 0.305530 527.64 540.73 53.89 146.33 0 0.289757 528.17 576.06 49.81 104.24 0 0.289498 571.52 73.09 40.11 27.96 0 0.280827 402.25 52.55 30.61 31.09 0 0.268393 576.75 610.81 161.42 61.21 0 0.267079 44.41 59.38 31.24 44.29 0 0.254233 587.67 603.07 151.54 61.48 1
462,
463,0.747753 846.94 430.62 221.94 86.26 0 0.737491 1728.17 447.31 191.83 90.31 0 0.683159 523.69 410.82 262.98 107.77 0 0.630205 28.32 373.75 292.31 151.32 1 0.583038 12.65 374.91 254.53 139.81 0 0.504213 1157.03 451.94 233.43 82.17 0 0.312176 217.94 422.37 192.91 91.72 0 0.272176 750.07 69.11 15.02 21.02 2 0.265016 1172.64 428.92 205.42 93.50 0
464,0.701688 539.55 513.69 125.15 57.11 0 0.680674 838.42 41.09 111.22 54.27 0 0.674626 552.28 48.82 109.47 55.09 0 0.672447 847.84 624.12 128.33 58.13 0 0.670191 852.57 690.08 122.95 57.84 0 0.660359 980.98 74.70 110.55 58.39 0 0.647125 543.93 332.93 121.82 57.64 0 0.645737 985.44 26.28 104.38 53.59 0 0.644633 549.58 450.92 127.38 57.86 0 0.639018 1042.13 805.37 114.31 60.42 0 0.633433 421.72 0.10 118.67 59.55 0 0.631348 847.25 431.12 122.82 60.61 0 0.628062 1004.67 670.48 128.53 56.14 0 0.609695 539.93 839.56 124.08 57.68 0 0.597810 1251.94 198.43 48.50 29.51 3 0.594940 1030.78 545.30 110.95 59.08 0 0.592251 888.01 888.40 107.76 53.29 0 0.587767 563.75 219.04 110.77 59.78 0 0.587257 543.01 696.72 124.29 55.61 0 0.580816 853.54 556.03 109.42 56.41 0 0.573761 991.76 362.38 107.67 54.20 0 0.573192 532.13 910.57 124.34 62.93 0 0.562011 998.88 479.26 118.84 62.86 0 0.553175 837.57 0.00 111.77 40.64 0 0.551969 555.68 163.73 112.77 59.25 0 0.551138 1033.16 944.86 118.61 57.41 0 0.550701 849.38 144.40 110.81 52.61 0 0.545130 528.75 977.88 131.47 61.29 0 0.541559 63.89 873.77 114.56 57.87 0 0.541545 1001.48 737.30 113.07 52.97 0 0.525909 851.77 313.29 109.56 52.74 0 0.515552 863.93 491.88 109.40 58.87 0 0.512146 560.89 0.00 109.57 55.22 0 0.509385 864.59 260.51 108.12 52.60 0 0.508729 33.57 1011.15 131.93 60.75 0 0.495189 845.83 97.51 109.79 52.90 0 0.484906 879.48 815.42 116.01 59.23 0 0.484111 549.92 385.56 113.62 60.73 0 0.483201 1248.55 132.13 44.44 27.01 3 0.482666 848.46 196.26 111.66 60.63 0 0.481156 546.70 641.08 121.91 60.97 0 0.479923 401.22 64.33 108.75 51.32 0 0.475678 1043.19 879.25 110.98 60.33 0 0.471345 870.75 965.87 129.75 65.58 0 0.468478 998.85 420.94 114.72 59.62 0 0.465224 567.91 265.99 113.04 59.45 0 0.462201 1027.80 606.46 116.35 59.71 0 0.461944 1005.04 248.24 114.73 61.09 0 0.459964 553.63 768.39 120.17 60.83 0 0.456850 44.02 869.66 86.76 61.85 0 0.430565 1255.99 228.30 47.53 31.75 3 0.425177 947.10 1033.76 52.33 46.24 0 0.424017 841.91 372.78 122.75 57.01 0 0.415216 1064.86 942.51 97.21 59.99 0 0.391450 1014.68 302.33 100.07 53.79 0 0.373798 549.12 100.77 110.08 60.32 0 0.359768 550.29 54.52 114.00 62.60 0 0.342852 1248.20 161.00 45.60 28.08 3 0.328865 929.19 1025.65 69.65 54.35 0 0.309013 887.65 1028.61 95.78 51.39 0 0.290887 985.52 1034.04 34.35 45.96 0 0.255349 1034.04 799.10 105.12 61.01 0
465,0.765283 539.93 519.05 127.41 58.07 0 0.671791 985.01 27.76 103.38 58.53 0 0.665994 546.25 335.17 115.12 57.56 0 0.653520 553.25 52.90 113.60 58.31 0 0.652004 549.51 452.95 122.70 55.91 0 0.642069 844.81 96.33 108.88 56.57 0 0.640904 843.77 434.44 124.36 61.12 0 0.636679 555.41 165.98 108.86 55.66 0 0.633502 1029.89 548.33 104.67 55.40 0 0.631365 421.71 0.53 119.73 61.85 0 0.617766 1244.67 134.46 47.47 26.92 3 0.616757 852.08 692.80 127.17 60.58 0 0.611290 841.13 44.13 112.51 56.45 0 0.609447 1002.22 743.84 98.28 49.22 0 0.603404 840.31 0.00 108.12 44.91 0 0.588629 549.34 644.95 116.77 55.53 0 0.583601 399.26 66.85 116.32 54.52 0 0.577319 1019.77 618.03 119.82 56.63 0 0.572509 1002.32 674.47 129.96 57.45 0 0.567430 984.65 86.62 108.45 55.43 0 0.563749 843.69 145.71 113.01 56.43 0 0.557512 1029.78 950.16 118.43 56.44 0 0.556302 991.96 364.74 107.39 58.22 0 0.552289 1012.58 307.71 101.21 53.06 0 0.546971 564.44 271.49 116.71 60.17 0 0.543339 845.72 375.59 119.82 59.68 0 0.535664 35.55 1018.41 133.95 58.43 0 0.530470 534.95 842.80 128.21 61.41 0 0.530114 879.34 970.90 120.87 60.94 0 0.527854 856.77 494.95 118.95 59.98 0 0.524668 852.70 559.88 112.55 63.33 0 0.523818 1040.58 878.94 111.82 57.77 0 0.516200 66.37 880.12 113.50 55.10 0 0.513401 890.76 893.15 104.82 55.63 0 0.512127 1003.91 428.02 109.72 54.60 0 0.510545 559.79 2.25 110.57 61.27 0 0.504610 1001.74 254.12 114.86 59.42 0 0.502920 851.82 624.52 124.66 60.32 0 0.497694 1042.57 809.89 101.31 56.62 0 0.496331 539.94 702.04 131.38 66.52 0 0.484845 1252.02 200.06 52.43 32.13 3 0.479508 526.70 985.96 128.19 57.93 0 0.454562 556.32 390.41 110.86 63.34 0 0.449959 996.78 485.46 115.96 55.76 0 0.448921 853.04 313.06 110.35 58.87 0 0.447402 879.62 816.35 121.24 62.64 0 0.434846 860.28 261.95 108.86 53.39 0 0.431867 851.96 201.31 111.90 64.96 0 0.428297 545.39 109.12 115.72 58.43 0 0.416416 532.32 912.92 124.24 65.16 0 0.400794 564.87 226.75 111.65 57.29 0 0.367312 550.46 769.35 113.11 57.37 0 0.359150 556.79 777.41 112.01 56.28 0 0.349957 1256.67 231.58 50.80 32.98 3 0.349775 43.20 875.97 86.23 60.91 0 0.324934 1245.28 167.24 52.70 32.29 3 0.313140 1065.66 948.16 96.71 58.49 0 0.312296 886.05 1036.62 103.56 43.38 0 0.305094 1244.16 162.26 49.61 31.24 3 0.293269 882.73 1042.76 93.65 37.24 0 0.292509 846.63 385.77 126.91 66.06 0 0.290569 860.25 959.02 120.04 65.86 0 0.285311 1022.24 741.30 103.31 52.49 0
466,0.653117 288.79 410.70 27.09 51.87 0 0.582496 870.07 346.77 60.83 28.55 0 0.574550 350.51 410.72 30.91 58.99 0 0.571788 946.53 348.93 61.42 31.12 0 0.540882 254.44 405.77 31.38 56.65 0 0.523284 1785.12 398.32 57.57 25.21 0 0.465373 317.10 413.40 28.25 47.12 0 0.462307 472.97 323.41 69.24 30.75 0 0.441238 799.89 343.68 65.81 31.16 0 0.400764 303.81 310.17 70.38 30.11 0 0.394116 633.70 334.73 68.94 28.52 0 0.392580 310.08 312.05 73.98 31.63 0 0.392281 1036.34 353.19 60.35 26.58 0 0.346060 484.57 320.33 61.47 32.33 0 0.306174 383.13 412.62 31.67 56.08 0 0.252705 937.01 348.24 59.70 28.36 0
467,0.476864 0.00 409.51 169.99 92.23 0
468,0.830224 594.20 565.33 70.78 66.10 1 0.387117 391.02 587.80 22.26 20.69 0 0.352719 218.18 614.57 28.36 18.67 0 0.337205 691.82 558.27 30.17 24.77 0 0.319386 725.75 565.62 21.20 20.69 0 0.281129 364.44 590.98 21.21 19.37 0 0.273576 758.75 617.01 31.19 22.14 0
469,
470,0.709208 1043.23 408.34 257.32 98.40 0 0.695865 1651.40 411.02 266.13 102.18 0 0.516388 74.77 391.01 246.85 98.81 0 0.495178 425.84 393.21 230.16 93.36 0 0.385139 416.05 414.22 197.75 82.41 0 0.373473 0.00 385.18 38.60 77.08 0 0.359929 471.64 395.48 206.48 78.83 0 0.316827 111.47 386.63 218.22 90.37 0 0.311926 141.57 177.32 38.66 37.18 3 0.284520 492.60 390.91 165.54 67.17 0 0.276633 65.16 407.22 222.66 82.25 0 0.271528 1367.42 416.00 238.75 101.18 1 0.260497 445.66 391.04 198.58 71.96 0 0.259346 1415.18 431.27 207.34 80.42 0
471,0.760118 231.95 846.12 37.30 74.58 0 0.757497 395.00 343.09 41.69 68.10 1 0.695633 1125.43 461.45 37.08 36.55 0 0.680858 1173.23 101.06 27.82 34.00 0 0.669896 300.88 656.14 34.38 60.52 0 0.665403 163.05 646.35 29.34 48.55 0 0.662208 474.43 887.78 35.99 64.89 0 0.659492 544.06 858.29 36.95 61.23 0 0.658781 137.52 652.52 30.83 48.16 0 0.645147 305.84 957.89 38.66 72.12 0 0.640100 334.78 503.08 31.74 52.43 0 0.639960 216.11 532.30 32.60 52.14 0 0.630975 236.15 987.10 34.24 58.28 0 0.622458 16.25 923.88 38.61 71.51 0 0.622217 409.67 907.46 34.56 59.90 0 0.619091 56.84 915.32 38.20 66.32 0 0.618838 358.02 750.44 31.21 51.12 0 0.618120 861.09 781.35 77.25 48.68 1 0.602430 211.35 494.71 29.43 46.76 0 0.597169 236.57 397.38 30.02 52.54 0 0.587513 122.60 429.34 29.35 48.74 0 0.583383 89.30 572.60 32.51 54.14 0 0.580458 723.53 254.80 55.55 26.28 0 0.578144 1130.29 6.76 19.88 27.94 0 0.570681 29.34 447.03 34.98 56.11 0 0.567774 384.31 579.42 30.97 49.29 0 0.567586 268.29 973.90 40.93 71.12 0 0.567116 354.21 587.10 31.44 44.83 0 0.565778 386.44 741.95 33.22 51.28 0 0.560353 345.57 372.47 35.43 47.25 0 0.552769 334.98 813.73 40.45 64.86 0 0.550491 227.28 792.64 33.22 57.14 0 0.549995 178.96 413.25 33.79 52.44 0 0.541598 421.12 729.88 31.48 54.52 0 0.539081 294.72 606.59 28.98 44.60 0 0.532726 558.55 296.91 54.26 22.63 0 0.531177 106.51 725.02 40.73 51.76 0 0.524392 1102.95 418.79 34.49 38.31 0 0.512317 230.95 624.16 32.21 50.11 0 0.507507 1821.18 435.69 59.00 37.20 0 0.506767 124.39 1033.03 34.87 46.97 0 0.505672 334.68 345.51 45.78 27.04 0 0.497844 178.74 695.06 33.40 60.88 0 0.491710 1081.98 373.96 29.08 38.07 0 0.490881 441.56 897.70 34.83 65.13 0 0.487466 326.91 758.70 31.81 55.01 0 0.482617 363.97 638.00 30.87 45.96 0 0.476658 997.19 475.39 34.62 49.81 0 0.475165 1776.46 459.63 40.46 31.44 0 0.473798 237.88 528.28 35.48 52.15 0 0.472072 1389.33 294.72 22.77 35.11 0 0.466030 59.11 583.60 33.20 53.21 0 0.463456 1107.69 9.06 24.49 27.88 0 0.463247 82.69 1040.75 41.07 39.25 0 0.462936 304.26 504.10 32.45 58.45 0 0.453337 148.68 508.73 28.41 39.48 0 0.448364 153.94 545.28 37.78 62.36 0 0.444348 269.20 840.20 40.68 70.59 0 0.439855 1149.89 3.23 19.29 28.18 0 0.438611 1059.89 341.95 33.46 32.61 0 0.436830 1039.35 303.82 32.18 34.83 0 0.435711 1688.05 489.44 44.82 37.71 0 0.421197 1635.51 517.47 44.49 26.96 0 0.421141 956.86 151.89 34.25 33.51 0 0.416454 901.06 297.28 32.59 46.01 0 0.414318 425.01 609.58 37.80 69.59 1 0.409795 174.04 691.61 33.94 59.16 0 0.400193 1592.47 700.88 43.71 56.48 0 0.399813 323.51 596.87 28.31 43.94 0 0.398061 1106.33 421.38 33.60 41.39 0 0.397128 449.73 719.78 35.21 55.04 0 0.395912 1316.69 37.98 41.93 23.20 0 0.395539 1367.76 762.98 57.79 42.21 0 0.394726 991.93 468.40 36.21 52.17 0 0.388333 1081.84 13.83 30.13 28.79 0 0.385274 274.38 668.51 36.69 59.48 0 0.382643 1260.10 391.49 35.45 32.88 0 0.377957 1560.39 708.46 40.88 56.76 0 0.368773 1170.64 1.19 20.73 27.33 0 0.365546 989.86 149.12 29.86 36.06 0 0.358113 409.07 571.54 36.19 55.23 0 0.348792 1367.19 971.38 58.55 63.84 0 0.344416 247.26 529.02 35.17 54.73 0 0.335689 1631.00 520.90 45.14 29.21 0 0.332313 928.22 349.31 29.92 28.62 0 0.322074 1194.73 0.00 24.09 20.56 0 0.321910 1224.78 725.92 31.09 37.14 0 0.317261 925.47 97.33 26.93 27.98 0 0.316811 348.62 347.18 35.96 24.63 0 0.313495 60.83 736.06 40.06 48.60 0 0.309776 1241.35 0.00 29.67 16.38 0 0.307525 1636.74 688.88 46.74 51.24 0 0.305913 1193.95 0.00 22.05 26.94 0 0.303813 1530.17 559.61 40.36 30.23 0 0.301268 395.72 485.44 32.21 49.89 1 0.298603 985.76 461.88 40.55 50.83 0 0.296872 738.72 253.57 61.62 23.84 0 0.288913 1386.41 613.55 33.11 30.17 0 0.286717 1735.46 465.43 39.02 31.32 0 0.286536 1152.88 321.90 47.47 24.21 0 0.283440 1019.74 531.68 32.77 44.36 0 0.279096 899.71 54.89 27.94 30.49 0 0.261672 413.01 567.10 37.86 66.02 0 0.258450 274.78 966.55 42.27 69.03 0 0.254476 1265.09 0.00 37.86 12.91 0
472,0.804193 1076.72 848.79 43.45 27.43 3 0.750009 734.88 847.66 61.37 93.37 0 0.645456 1075.93 802.67 37.35 24.43 3 0.587991 807.43 703.05 31.40 26.53 3 0.587888 760.04 772.90 57.12 78.19 0 0.575045 1077.21 872.60 44.49 27.05 3 0.532807 792.86 738.51 35.91 26.89 3 0.488160 950.71 448.11 30.40 29.63 0 0.447931 1074.12 783.68 33.21 24.12 3 0.438634 882.18 481.24 25.09 42.11 0 0.414066 893.07 442.20 27.69 29.18 0 0.404999 954.79 319.14 25.53 25.51 0 0.404708 669.71 988.28 83.48 91.33 0 0.401143 815.22 687.48 28.72 22.17 3 0.388325 1073.47 822.83 43.63 24.24 3 0.359822 990.28 485.82 35.09 40.12 0 0.349192 454.78 283.95 27.14 18.37 0 0.316968 405.42 281.34 24.52 16.08 0 0.316921 799.11 709.79 34.17 27.40 3 0.301581 67.40 306.52 25.51 12.89 0 0.287946 721.27 260.65 20.33 15.73 0 0.284640 886.81 471.01 27.04 42.63 0 0.281281 532.57 280.76 25.94 14.83 0 0.265186 259.12 285.09 32.12 16.93 0 0.263208 795.54 732.87 36.05 27.36 3
473,0.411143 944.13 908.79 59.62 108.79 0 0.314531 1058.67 16.52 35.46 35.01 0 0.279291 945.95 925.70 60.88 109.85 0 0.273342 909.41 719.74 57.10 93.23 0 0.261448 971.25 1037.66 65.35 42.34 0 0.258282 948.37 903.20 51.11 90.03 0
474,0.745269 1479.37 681.18 50.40 30.85 3 0.720464 656.81 792.74 116.61 69.82 0 0.713524 979.58 792.38 116.99 69.37 0 0.709082 955.03 857.26 116.22 69.77 0 0.704038 1045.46 621.79 118.94 60.85 0 0.673315 1016.08 678.40 120.56 69.01 0 0.661111 697.92 672.77 111.54 75.71 0 0.645312 1211.71 620.16 118.46 71.89 0 0.632478 1140.67 786.08 114.17 71.89 0 0.628958 1167.48 738.25 113.32 64.50 0 0.619543 1471.49 705.90 52.92 33.94 3 0.612417 609.11 856.06 120.89 63.28 0 0.607582 715.94 611.41 119.53 68.55 0 0.606001 609.49 502.99 88.41 65.42 0 0.602742 997.18 739.53 121.70 67.12 0 0.595977 585.73 914.84 115.47 69.97 0 0.589322 1072.09 987.97 115.44 72.85 0 0.566902 705.23 407.83 97.75 64.11 0 0.559033 782.60 510.29 110.35 67.35 0 0.545132 754.10 553.95 113.89 68.39 0 0.542857 671.05 748.71 112.38 66.28 0 0.540210 1370.99 993.82 52.43 30.37 3 0.535507 936.50 911.49 108.06 68.84 0 0.533762 681.11 401.76 113.21 60.99 0 0.518922 563.03 978.91 118.98 63.78 0 0.506745 652.44 444.82 71.30 55.95 0 0.493741 680.24 393.05 101.88 61.97 0 0.488728 1065.29 562.61 119.82 68.59 0 0.479821 611.84 508.56 101.80 67.97 0 0.478628 892.37 978.01 124.54 82.85 0 0.455108 810.98 459.40 104.14 61.90 0 0.437340 1354.65 1038.29 47.57 28.77 3 0.435831 535.06 982.65 140.42 72.80 0 0.391944 602.08 497.25 93.26 59.30 0 0.388859 517.24 1016.89 136.61 63.11 0 0.380596 878.70 987.89 128.34 84.40 0 0.372657 763.68 566.50 102.81 61.27 0 0.358564 658.60 437.26 80.34 63.64 0 0.358343 678.50 738.66 119.42 70.82 0 0.338676 1024.76 687.67 119.60 67.80 0 0.332340 554.91 954.51 133.78 77.60 0 0.330548 950.60 835.75 120.07 70.32 0 0.330271 1161.88 726.35 110.38 66.35 0 0.324294 70.51 397.51 82.41 64.93 0 0.320811 1491.20 649.60 54.10 31.33 3 0.319309 681.22 462.90 87.50 61.29 0 0.309173 891.45 960.20 120.67 77.27 0 0.307409 1382.38 961.48 50.24 29.51 3 0.305166 1047.66 606.25 129.55 65.24 0 0.298984 573.43 922.02 123.33 83.31 0 0.294777 1210.00 604.31 119.30 72.11 0 0.285874 1080.55 975.65 107.79 65.17 0 0.277352 553.35 964.27 129.00 87.31 0 0.276934 869.31 1019.23 137.59 60.77 0 0.272177 686.21 696.03 114.96 76.04 0 0.268368 798.68 440.14 81.32 62.90 0 0.265896 945.74 930.59 104.28 62.72 0 0.262843 682.18 724.06 113.16 70.65 0 0.262598 1056.70 583.94 121.00 64.26 0 0.254418 736.22 620.33 104.05 64.65 0 0.252308 531.24 1006.01 139.77 73.99 0 0.252207 988.75 761.74 114.10 70.64 0
475,
476,0.624913 863.71 359.68 44.86 69.12 1 0.567376 362.66 486.83 25.86 33.93 0 0.554855 402.62 489.79 26.50 31.79 0 0.534357 1059.28 398.74 24.32 26.85 0 0.523649 958.05 337.75 22.65 31.40 0 0.425942 678.18 528.41 25.11 38.01 0 0.422977 590.37 519.84 30.45 36.24 0 0.403380 1039.75 396.58 23.08 28.63 0 0.381049 204.14 532.34 35.34 26.03 0 0.374123 327.89 478.12 30.16 33.73 0 0.372786 469.02 499.28 27.20 29.73 0 0.370850 555.06 436.62 30.34 24.82 0 0.315247 458.09 499.95 25.52 27.20 0 0.311671 907.52 326.25 23.93 32.14 0 0.296376 1109.84 408.85 21.15 25.26 0 0.291169 867.23 242.82 24.12 27.33 0 0.282918 377.76 489.01 27.45 32.36 0 0.282625 931.86 326.50 22.55 32.35 0 0.278832 597.01 438.53 27.09 23.04 0 0.265671 956.44 331.68 25.16 30.58 0
477,0.662467 1461.40 409.43 266.11 114.07 0 0.520305 835.86 409.29 258.40 108.14 0 0.405037 161.73 395.47 221.76 101.39 0 0.336572 155.46 413.48 237.32 100.65 0 0.336495 0.00 389.27 94.31 102.72 0 0.319257 206.27 395.77 210.21 106.76 0 0.294394 305.44 231.16 30.10 23.95 3 0.259449 224.72 391.06 173.90 68.15 0 0.257433 1217.71 432.24 220.76 83.32 0 0.251135 823.09 421.35 242.32 87.16 0
478,0.618947 572.82 244.13 57.03 39.45 0 0.594919 516.05 211.72 48.41 42.64 0 0.568400 552.48 675.87 56.97 73.36 1 0.567024 275.01 263.08 67.53 47.80 0 0.567000 156.68 945.90 68.49 42.37 0 0.533398 131.59 1000.41 65.27 39.94 0 0.522066 172.07 144.69 69.98 48.77 0 0.521580 463.02 182.42 51.72 44.79 0 0.520188 312.11 1038.00 74.61 42.00 0 0.512354 691.42 278.81 32.75 30.04 3 0.500254 0.00 1000.75 45.35 43.86 0 0.480517 284.70 90.58 61.74 45.28 0 0.477646 154.36 193.59 56.91 43.81 0 0.476702 414.58 157.83 44.42 38.26 0 0.455369 404.22 149.45 46.12 39.07 0 0.453924 222.07 59.58 61.35 44.67 0 0.444663 956.37 242.45 38.02 44.36 0 0.435552 961.93 212.38 41.56 50.48 0 0.416868 353.75 978.62 64.01 40.57 0 0.415359 1083.27 117.31 59.33 40.70 0 0.411114 143.91 973.89 67.87 36.58 0 0.406278 459.29 177.07 49.14 44.54 0 0.395359 923.24 353.39 60.05 31.43 0 0.383372 156.34 198.36 61.87 46.15 0 0.382190 104.45 1033.22 67.66 46.78 0 0.368090 171.28 942.53 60.86 36.97 0 0.363950 672.93 273.88 40.93 34.28 3 0.363425 404.14 326.68 73.87 59.89 0 0.347632 204.80 223.83 69.14 50.30 0 0.347294 859.53 423.35 73.01 38.24 0 0.342373 478.44 364.00 54.94 44.13 0 0.340418 1046.84 156.04 69.88 51.35 1 0.333410 515.13 781.79 44.52 46.96 0 0.322957 219.14 228.30 56.58 46.87 0 0.288220 190.61 214.36 77.12 53.48 0 0.283186 557.70 21.36 60.27 42.86 0 0.282758 483.55 189.34 48.49 42.90 0 0.282581 1041.70 187.75 56.11 45.07 0 0.280572 863.90 427.32 78.74 44.11 0 0.265401 162.51 27.88 53.08 39.53 0 0.265256 1210.91 202.93 42.08 34.85 0 0.258418 369.22 304.33 66.67 51.58 0 0.257604 132.42 989.10 65.68 44.88 0 0.257461 379.47 316.36 79.94 55.45 0 0.252401 145.75 960.29 69.99 45.13 0 0.251982 1857.86 1046.91 47.33 30.00 0 0.251256 505.39 930.48 15.73 24.26 3
479,0.542522 1154.19 234.09 80.39 66.17 0 0.509611 934.30 263.30 181.61 86.64 0 0.489674 1112.34 405.12 169.97 82.38 0 0.450993 802.53 95.26 122.80 49.37 0 0.448048 931.76 279.83 149.46 86.65 0 0.409918 1611.23 997.64 32.95 47.47 3 0.334230 1109.70 381.86 170.70 87.68 0 0.321748 843.57 240.80 103.00 75.89 0 0.319024 1040.15 343.70 134.28 75.92 0 0.312194 1156.87 381.19 137.99 76.93 0 0.291794 953.41 266.77 176.83 70.80 0 0.287929 1094.70 387.42 175.26 104.84 0 0.282099 1023.87 340.39 118.12 66.72 0 0.268430 927.89 272.42 122.29 79.61 0 0.265120 1213.84 462.98 118.45 75.45 0
480,0.756682 1061.19 399.79 55.78 74.19 0 0.656381 273.71 303.76 33.03 62.98 0 0.618747 1.19 477.16 38.34 78.82 0 0.591436 55.79 58.98 30.15 52.05 0 0.574531 36.00 179.55 36.52 57.77 0 0.552998 21.05 308.63 37.57 62.96 0 0.506449 273.89 647.79 45.73 70.22 0 0.488035 274.43 58.04 30.93 47.10 0 0.464897 274.01 175.85 29.16 47.03 0 0.399475 26.34 245.34 25.00 42.73 0 0.367269 491.44 332.43 11.03 18.20 2 0.356020 263.41 638.80 50.31 74.45 0
481,0.766729 618.57 551.97 60.55 46.78 1 0.445123 622.17 570.34 55.97 42.89 1 0.409315 236.90 569.48 27.57 18.05 0 0.302794 260.56 573.08 29.29 19.21 0
482,0.623009 648.32 912.16 81.78 50.79 0 0.615762 1001.80 291.02 77.43 42.96 0 0.593259 779.66 431.80 65.47 43.93 0 0.572858 566.90 442.56 71.42 50.07 0 0.568465 505.05 510.57 71.85 46.07 0 0.562261 911.24 747.57 72.26 43.94 0 0.558015 653.66 607.46 68.84 45.05 0 0.546494 808.69 1017.50 79.88 60.34 0 0.544130 689.33 720.08 67.06 46.78 0 0.532225 581.88 729.92 65.05 48.29 0 0.520067 744.35 871.02 71.37 51.34 0 0.511815 707.92 757.64 70.64 50.16 0 0.506959 723.79 791.56 75.25 46.80 0 0.505107 287.16 325.15 38.06 26.38 3 0.495781 567.21 688.45 67.15 48.38 0 0.495258 665.20 643.62 66.20 47.91 0 0.494658 585.15 472.50 69.29 46.23 0 0.492971 920.15 791.66 69.07 47.69 0 0.489956 517.82 581.99 72.96 54.66 0 0.489461 565.41 650.66 69.82 45.09 0 0.485830 707.30 1027.95 73.54 49.08 0 0.483278 611.13 542.85 71.15 49.13 0 0.482409 980.43 260.51 77.82 46.30 0 0.481324 598.08 511.07 64.18 42.80 0 0.477545 635.47 833.39 68.66 47.83 0 0.475219 1097.47 938.35 70.08 43.99 0 0.470797 613.88 764.45 63.27 46.09 0 0.469745 976.72 897.04 69.04 54.99 0 0.463002 628.65 802.87 69.53 45.02 0 0.460894 759.92 910.07 74.07 53.97 0 0.456170 778.66 948.44 68.70 53.02 0 0.455562 1087.04 888.72 73.68 48.89 0 0.446741 860.71 634.01 77.42 53.26 0 0.445656 731.05 828.37 71.32 52.55 0 0.442572 888.67 711.96 69.88 49.92 0 0.440345 761.74 397.16 74.82 43.11 0 0.438168 831.97 568.98 67.60 49.85 0 0.437161 805.32 502.58 63.01 44.33 0 0.435911 791.87 473.16 66.77 41.00 0 0.428707 952.90 862.02 72.74 49.29 0 0.426900 1077.58 223.29 64.23 43.86 0 0.426104 814.42 535.84 76.21 47.08 0 0.421430 579.99 465.73 76.93 46.59 0 0.421158 569.69 453.51 81.52 52.78 0 0.419910 741.29 825.80 69.92 46.45 0 0.410267 994.34 940.05 68.44 47.28 0 0.408992 678.93 680.92 69.18 45.13 0 0.406642 936.25 826.65 71.09 47.43 0 0.405164 0.00 0.00 25.58 38.62 0 0.397477 1038.55 352.24 65.63 42.18 0 0.396815 1111.74 979.72 73.72 50.79 0 0.390865 514.74 550.97 67.40 44.61 0 0.388523 560.01 614.60 62.09 45.67 0 0.387367 874.52 677.65 71.89 47.28 0 0.385414 905.78 752.62 75.02 46.21 0 0.374022 1013.92 976.18 65.68 49.77 0 0.371019 637.67 881.53 72.94 53.66 0 0.354451 497.93 225.00 95.33 53.51 1 0.352373 793.14 983.33 76.47 55.67 0 0.349592 655.88 626.30 71.04 51.23 0 0.347001 511.14 543.71 70.10 44.39 0 0.342958 499.03 233.73 81.32 53.43 1 0.342082 986.93 281.25 77.49 50.55 0 0.336903 1020.66 1022.62 71.57 49.59 0 0.331898 1400.71 684.71 68.02 41.67 0 0.329177 593.20 463.48 74.89 45.33 0 0.327047 764.93 907.22 78.65 48.67 0 0.324237 575.97 679.41 65.39 50.02 0 0.317191 839.31 1044.02 63.41 35.98 0 0.309769 6.65 0.00 50.21 39.11 0 0.305094 1003.01 962.05 70.40 53.94 0 0.296568 1102.56 983.12 72.31 49.48 0 0.289011 1093.71 940.82 75.48 56.83 0 0.286607 1115.89 976.35 71.43 43.98 0 0.278198 793.63 969.73 72.12 53.98 0 0.266978 928.07 812.72 68.54 53.25 0 0.264590 299.37 366.77 41.66 29.53 3 0.258331 557.25 653.70 67.83 47.70 0 0.258227 38.50 0.00 56.92 21.23 0 0.255905 617.50 791.18 69.07 53.49 0 0.255091 713.93 792.75 76.89 52.16 0 0.253743 770.67 939.53 75.30 56.57 0 0.251990 782.03 953.76 70.82 55.44 0 0.251266 803.27 493.14 61.80 47.28 0
483,
484,0.827168 724.48 398.90 71.67 167.49 1 0.690521 470.64 831.26 36.11 70.45 0 0.687264 780.58 320.36 26.17 46.25 0 0.648357 843.73 265.33 24.35 40.39 0 0.613352 327.19 831.36 35.58 64.80 0 0.609361 96.70 791.05 33.72 56.51 0 0.593106 1183.37 452.96 30.15 55.81 0 0.582743 865.46 306.97 31.11 52.14 0 0.552132 41.73 950.99 39.24 62.85 0 0.549322 815.70 315.88 23.10 44.30 0 0.538519 485.82 715.25 64.88 30.38 0 0.524844 358.95 834.80 30.43 58.32 0 0.519022 1011.82 445.17 33.22 61.19 0 0.502520 784.02 265.79 25.94 48.12 0 0.497587 331.85 713.37 65.92 30.96 0 0.496698 159.38 630.49 56.93 24.71 0 0.469961 216.57 634.02 45.32 21.85 0 0.451755 1047.37 447.31 29.50 52.54 0 0.441000 2.80 923.34 42.74 66.86 0 0.437663 1212.82 452.98 29.77 54.82 0 0.422670 223.97 636.23 46.87 19.09 0 0.395506 780.95 272.07 26.75 53.35 0 0.389459 1196.93 678.04 60.27 30.13 0 0.385226 813.35 268.27 25.10 44.09 0 0.383324 1129.80 460.61 29.95 47.81 0 0.369756 19.95 703.35 37.88 30.54 0 0.369658 723.03 430.07 57.09 131.38 1 0.357076 868.47 263.45 27.14 39.88 0 0.356836 703.12 731.40 60.37 27.22 0 0.356822 263.41 707.30 36.28 28.21 0 0.352487 287.42 637.52 33.79 21.67 0 0.317284 1233.11 422.38 43.95 27.91 0 0.308819 1048.56 764.31 33.05 46.38 0 0.293019 694.53 56.61 32.36 50.35 1 0.275579 335.58 574.71 73.07 28.80 0 0.258014 675.43 401.04 46.41 27.31 0 0.253181 874.69 261.59 29.42 41.35 0 0.251587 1073.57 766.51 40.48 46.46 0
485,0.594175 0.00 499.44 223.78 96.74 0 0.412028 811.21 690.13 187.29 92.88 0
486,0.463238 903.23 0.00 24.88 37.85 0 0.374902 1166.64 563.06 68.00 36.61 0 0.313408 917.18 166.30 23.25 44.14 0
487,0.285647 382.33 972.20 49.15 67.68 0
488,0.942915 718.98 244.40 116.83 49.21 1 0.907177 659.37 333.08 151.01 61.04 1 0.724583 664.86 305.25 146.49 69.86 1 0.629704 622.35 277.24 45.48 119.98 1 0.565557 642.39 287.45 166.68 103.74 1 0.254667 665.93 288.13 149.83 79.67 1 0.252220 687.39 251.01 143.12 55.90 1
489,0.497479 708.94 722.48 71.77 54.57 1 0.374703 827.09 893.49 57.70 35.15 0 0.362232 1778.84 318.07 48.21 26.65 0 0.361517 416.29 1019.32 88.95 50.42 0 0.333826 463.86 843.72 89.43 47.98 1 0.317851 1841.99 153.76 42.49 50.39 0 0.285125 544.48 577.14 49.37 28.34 0 0.280006 1841.31 153.38 41.66 45.46 1 0.260213 350.78 1050.32 72.09 29.68 0
490,0.635854 698.00 575.92 126.76 143.79 0 0.604628 1162.28 400.31 176.06 101.65 0 0.442820 1887.40 466.24 32.60 72.95 0 0.425848 550.85 549.38 136.23 119.94 0 0.395568 1537.29 299.85 130.92 70.58 0 0.378479 802.03 617.18 136.51 143.95 0 0.335840 1517.09 310.67 94.58 84.77 0 0.322141 1529.24 299.23 136.08 96.52 0 0.291554 1158.79 420.29 165.95 88.23 0 0.281990 1459.92 375.36 58.72 47.53 3 0.278937 736.89 458.07 25.73 40.72 3 0.275516 1509.57 316.80 85.57 76.95 0 0.267504 1555.62 302.81 121.08 54.03 0
491,0.372607 927.84 951.12 59.81 106.75 0 0.357614 927.24 947.36 56.39 81.26 0
492,0.713983 789.95 1026.61 27.12 53.39 0 0.705561 928.73 245.49 30.39 59.97 0 0.678390 497.95 540.15 26.29 54.88 0 0.661726 1132.21 611.60 26.58 57.91 0 0.655646 1107.84 694.68 27.55 54.93 0 0.651623 1007.90 615.19 24.99 54.55 0 0.649969 481.04 410.98 28.52 51.98 0 0.643297 1264.90 610.47 24.90 54.74 0 0.630496 795.11 968.82 57.06 28.86 0 0.619274 379.99 732.62 26.27 58.72 0 0.609423 1228.49 808.92 26.03 53.79 0 0.608702 1196.98 612.47 24.86 56.10 0 0.608051 1264.28 693.54 28.93 54.34 0 0.600293 1297.94 613.14 25.19 54.72 0 0.593424 1228.74 610.42 25.29 51.67 0 0.586330 408.98 730.18 29.18 53.18 0 0.580281 1199.72 692.59 27.57 54.20 0 0.575604 1036.97 618.64 25.24 53.01 0 0.568365 1038.95 697.94 25.91 54.84 0 0.555624 637.97 526.79 30.85 62.74 0 0.555564 459.28 541.15 26.23 54.09 0 0.554640 784.65 897.02 50.17 26.99 0 0.545775 888.50 707.32 27.42 60.72 0 0.540649 1343.34 691.42 24.67 49.01 0 0.535073 1291.30 813.47 25.43 51.88 0 0.513777 420.70 415.93 29.39 57.12 0 0.500777 1072.93 696.28 28.04 57.75 0 0.496467 1231.35 691.13 27.03 54.27 0 0.489863 935.06 315.96 41.28 58.58 0 0.485456 362.52 285.63 29.61 66.71 0 0.482714 940.37 618.58 25.63 55.40 0 0.473059 442.78 728.76 28.77 54.78 0 0.463380 1164.42 608.40 27.48 58.24 0 0.461907 1074.51 616.95 26.81 57.12 0 0.456974 1168.45 693.33 27.06 53.36 0 0.450248 1088.71 1028.25 27.31 50.67 0 0.447700 829.04 1040.82 26.35 39.18 0 0.446275 1089.51 295.31 48.59 54.39 0 0.443414 340.35 731.68 28.76 62.77 0 0.437453 1260.72 808.34 27.96 54.96 0 0.434202 909.34 621.69 28.52 60.38 0 0.421898 549.00 408.34 27.78 59.88 0 0.412773 511.41 415.27 26.97 49.56 0 0.396719 1056.11 1033.33 26.03 46.67 0 0.395577 1280.73 913.89 59.02 29.89 0 0.393241 974.26 615.30 26.54 56.34 0 0.388247 1141.20 817.09 58.31 27.67 0 0.372478 1293.95 953.84 62.03 29.42 0 0.371684 980.01 1030.03 26.52 49.26 0 0.366487 1159.46 1048.46 23.81 31.54 0 0.366422 1066.99 809.10 60.37 30.61 0 0.365758 515.87 414.20 26.65 54.94 0 0.359749 361.18 279.84 27.06 65.14 0 0.348175 1092.21 495.20 29.35 56.14 0 0.333542 945.07 316.37 38.19 56.81 0 0.317015 823.69 1035.35 22.43 44.65 0 0.281784 865.35 1041.33 23.79 38.67 0 0.270277 1308.24 686.64 26.75 55.24 0 0.267875 798.59 930.85 50.03 29.74 0 0.267784 853.70 725.79 26.66 45.21 0 0.255624 1122.43 1041.77 28.21 38.09 0
493,0.856806 417.46 478.47 177.92 80.54 1 0.676908 663.13 501.93 158.84 58.83 0 0.628725 848.01 507.97 126.34 51.42 0 0.554959 1484.74 512.98 130.68 60.69 0 0.534543 1310.33 505.54 128.39 54.89 0 0.403389 178.71 494.49 184.07 67.18 0 0.374484 1736.29 512.47 160.13 49.21 0 0.309630 1749.65 511.02 159.61 60.98 0 0.260898 413.64 480.64 183.44 84.59 0
494,0.608448 1099.16 656.57 58.55 25.66 0 0.602677 783.36 637.15 61.58 27.92 0 0.569165 1171.70 658.51 62.19 27.55 0 0.530046 1251.58 659.74 61.27 29.35 0 0.502125 1495.43 676.00 64.44 26.12 0 0.494049 1409.31 672.79 73.17 30.42 0 0.447704 1015.37 650.75 66.50 25.39 0 0.380437 0.00 253.42 28.33 42.46 0 0.308345 1328.50 666.68 66.02 29.25 0 0.287590 1408.29 668.46 70.89 29.33 0
495,
496,0.782286 681.90 774.32 60.25 44.14 3 0.738029 550.18 829.36 54.11 40.67 3 0.725631 157.51 619.67 170.31 180.01 1 0.723688 1821.15 766.88 98.85 99.47 0 0.704912 262.10 887.30 57.37 45.27 3 0.701302 424.76 914.99 41.15 61.39 3 0.676912 450.56 807.34 58.88 37.64 3 0.674595 1453.74 741.88 97.48 108.44 0 0.639068 754.48 318.45 79.51 35.90 0 0.629633 944.45 315.74 71.95 29.18 0 0.627154 0.18 433.17 52.02 75.92 0 0.609537 849.27 313.20 80.20 38.41 0 0.593515 741.85 277.23 39.15 29.24 0 0.566134 0.15 339.73 33.37 44.50 0 0.561754 1360.49 577.21 73.23 66.40 0 0.561305 1740.11 675.69 105.04 76.82 0 0.551381 205.79 994.33 31.58 51.87 3 0.548957 451.05 771.79 52.00 38.31 3 0.539513 795.92 281.25 44.97 28.31 0 0.529200 458.27 282.05 26.47 30.34 0 0.527840 1795.68 248.88 55.53 29.79 0 0.526195 37.71 630.89 101.54 90.31 0 0.498685 650.14 314.93 88.23 38.53 0 0.498416 1400.45 631.61 85.49 89.32 0 0.496015 94.45 336.12 50.00 51.56 0 0.484559 1616.75 159.14 41.21 30.19 0 0.484485 1292.72 196.29 48.39 36.78 0 0.481535 1374.95 284.34 48.47 42.23 0 0.480007 1250.96 384.68 54.30 59.56 0 0.478582 546.46 272.89 27.27 34.53 0 0.475543 1841.71 208.33 41.15 24.25 0 0.470722 1700.99 205.81 47.56 30.03 0 0.458282 1511.44 432.44 70.75 60.62 0 0.444682 1757.29 288.10 46.19 31.29 0 0.440242 257.89 877.31 56.96 52.39 3 0.426900 662.22 278.30 40.87 25.37 0 0.423027 1819.79 210.35 37.86 24.27 0 0.421181 1409.82 637.02 82.36 102.61 0 0.419589 1689.10 160.95 46.26 25.96 0 0.416716 1309.02 489.02 63.34 69.23 0 0.398969 1673.71 564.68 77.27 59.63 1 0.393258 1280.72 448.77 49.60 49.61 0 0.390735 1310.34 213.23 45.94 39.87 0 0.388713 1489.26 411.19 68.82 57.26 0 0.388159 1667.19 580.71 89.94 51.31 1 0.387198 1216.75 111.47 39.74 28.68 0 0.378287 459.33 286.78 26.93 30.84 0 0.372908 481.85 346.66 20.51 22.13 3 0.372399 49.27 337.82 50.77 48.72 0 0.366682 1.38 446.88 58.57 73.43 0 0.366333 351.20 752.78 31.09 30.29 3 0.364726 462.84 763.78 37.42 37.19 3 0.352521 1710.08 207.32 48.50 28.86 0 0.349579 472.94 281.20 30.49 32.55 0 0.349090 1733.36 210.28 40.72 27.29 0 0.348991 1202.22 102.78 36.06 26.09 0 0.345151 127.08 465.32 86.16 54.36 0 0.344265 433.68 813.48 58.49 36.08 3 0.342585 1481.01 392.06 55.66 39.05 0 0.333755 1683.48 162.18 39.43 24.67 0 0.333369 182.37 835.04 47.58 45.68 3 0.331158 1363.92 581.77 73.40 80.61 0 0.329078 1750.89 165.19 37.72 24.48 0 0.329054 340.28 799.11 32.39 39.48 3 0.318041 141.36 338.28 54.31 49.41 0 0.312021 1635.79 138.49 40.65 23.91 0 0.310777 188.27 341.96 50.37 45.77 0 0.309385 1284.07 460.16 60.32 50.38 0 0.307075 189.99 961.46 41.30 33.11 3 0.304143 1708.55 163.11 39.44 25.06 0 0.303132 1604.06 153.29 39.38 29.11 0 0.299853 1176.31 62.23 35.68 25.15 0 0.299257 1344.88 249.74 38.48 36.71 0 0.296890 194.13 964.44 46.94 34.10 3 0.290616 1790.13 173.14 41.33 26.53 0 0.290006 1672.07 586.05 79.78 46.66 0 0.286081 1688.21 618.12 92.48 64.59 0 0.284675 598.96 273.07 26.68 28.85 0 0.282334 46.49 345.99 50.89 44.97 0 0.276146 726.69 276.60 34.12 26.08 0 0.273648 1794.66 162.34 36.07 22.65 0 0.268446 1225.33 105.87 40.34 32.86 0 0.268111 172.19 606.88 29.89 33.14 3 0.267241 1810.16 759.87 108.53 84.49 0 0.266550 478.68 290.28 26.24 32.10 0 0.266298 1758.03 163.30 39.80 24.80 0 0.260378 1410.50 316.77 55.04 43.07 0 0.259622 152.73 638.14 157.06 202.99 1 0.251690 1845.20 163.86 35.81 24.23 0 0.251016 1482.85 396.81 55.70 48.24 0
497,0.533996 1143.06 616.13 44.75 20.34 0 0.518808 1243.79 612.26 39.79 18.33 0 0.434152 1193.05 615.74 46.01 18.95 0 0.429261 1296.95 610.82 38.36 17.93 0 0.414094 1005.91 620.41 34.04 19.86 0 0.367782 761.52 638.78 32.45 14.26 0 0.344662 1052.87 619.15 35.86 19.30 0 0.317758 712.36 640.66 31.47 15.60 0 0.272872 810.37 635.60 31.01 16.52 0 0.251441 1303.43 608.03 36.43 20.02 0
498,0.505582 734.69 519.41 49.40 21.46 0 0.504563 1284.90 558.22 57.96 24.39 0 0.464505 1356.05 563.59 51.62 21.77 0 0.456523 1076.39 543.11 52.85 22.99 0 0.448274 943.52 534.93 53.50 21.94 0 0.439711 1140.69 543.31 55.84 27.92 0 0.415252 1014.59 538.11 46.39 21.13 0 0.380695 1214.30 553.87 53.84 25.65 0 0.325063 1348.67 564.20 49.36 22.61 0 0.322938 936.72 532.38 50.75 23.18 0 0.302659 36.51 221.39 29.89 36.80 0
499,0.649983 131.01 442.66 62.55 45.23 0 0.619190 47.90 570.48 36.40 60.46 0 0.519174 304.54 576.03 61.89 42.96 0 0.512785 281.22 0.00 52.42 40.41 0 0.509646 249.82 607.84 52.73 34.76 0 0.509003 263.86 747.98 77.06 46.42 0 0.498572 530.66 110.44 65.48 42.32 0 0.483015 340.11 724.21 69.42 42.54 0 0.461654 617.31 368.55 43.53 54.63 0 0.449607 0.00 867.62 64.16 46.01 0 0.440151 337.91 101.51 40.23 45.04 0 0.431218 122.46 654.61 57.27 38.30 0 0.428173 187.72 629.19 59.70 38.38 0 0.423412 369.80 157.98 41.66 61.51 0 0.409161 114.08 815.27 85.62 45.38 0 0.381471 344.28 108.07 40.22 49.04 0 0.376851 0.00 704.11 57.25 43.01 0 0.376114 81.11 831.80 74.84 47.70 0 0.368116 84.08 309.14 32.16 39.46 0 0.360486 422.80 0.00 74.06 24.13 0 0.353540 65.06 679.01 58.58 39.86 0 0.352491 452.79 348.30 35.74 46.68 0 0.342712 553.98 183.99 69.79 48.30 0 0.342626 543.64 154.41 71.23 50.31 0 0.329667 668.57 432.49 55.96 37.57 0 0.321138 785.77 312.57 25.02 28.06 3 0.318595 250.19 753.94 84.07 52.07 0 0.313459 321.41 46.95 36.65 50.36 0 0.306286 430.29 299.64 37.18 49.52 0 0.306028 232.67 759.31 78.02 55.89 0 0.296345 413.75 0.00 55.31 24.39 0 0.292254 644.34 546.75 21.81 25.48 3 0.287206 88.73 827.19 91.00 47.11 0 0.279467 538.88 263.84 39.98 55.80 0 0.276490 689.01 940.40 45.37 37.43 0 0.251632 101.60 819.48 89.66 47.49 0
500,0.456369 909.33 636.82 31.64 61.35 0 0.439447 970.89 861.19 39.34 66.96 0 0.404942 923.38 701.06 36.23 63.63 0 0.370531 996.37 930.32 39.99 72.28 0 0.293143 988.66 919.32 44.35 83.43 0 0.276786 937.79 765.69 38.18 60.40 0
501,0.605367 873.19 377.45 44.46 59.51 1 0.605314 602.16 531.76 25.99 37.03 0 0.508663 1111.06 424.74 22.62 22.83 0 0.484036 690.78 541.03 25.66 34.89 0 0.466126 483.15 518.36 26.79 25.39 0 0.456798 1148.81 419.93 23.82 27.37 0 0.401796 412.18 507.24 26.03 31.93 0 0.393857 1058.30 418.15 24.44 23.54 0 0.387775 928.82 349.66 27.58 25.30 0 0.366724 340.73 496.42 32.20 28.46 0 0.356540 381.42 504.57 28.55 28.85 0 0.346687 532.38 450.38 27.48 19.09 0 0.338778 961.24 362.30 23.00 27.20 0 0.319392 960.17 355.13 25.43 27.30 0 0.309949 223.61 540.38 43.13 29.53 0 0.278772 419.20 507.54 29.53 34.24 0
502,0.527729 956.32 508.85 34.90 56.20 0 0.483207 973.57 713.42 37.76 71.56 0 0.383447 972.82 656.74 34.39 51.06 0 0.336732 971.32 873.83 37.36 77.11 0 0.294059 962.74 563.63 36.89 69.66 0
503,0.782535 679.42 357.67 133.25 55.13 1 0.376347 576.54 398.96 52.12 128.71 0 0.304896 671.69 360.81 136.32 57.54 0 0.277017 630.87 458.23 138.58 64.90 0
504,0.628265 1459.08 513.35 57.87 24.61 0 0.571970 1381.81 509.47 63.51 27.41 0 0.508686 1160.24 493.92 54.95 24.32 0 0.506727 1097.98 490.44 49.58 21.85 0 0.476450 1021.62 485.13 60.59 23.50 0 0.432326 1235.76 495.39 58.23 28.68 0 0.427052 1306.26 504.88 59.37 27.22 0 0.419478 795.42 469.19 57.90 22.23 0 0.321976 0.61 620.29 32.00 59.44 0 0.295718 1163.86 495.45 57.38 26.35 0
505,0.608038 1082.13 381.72 156.53 113.20 0 0.541523 716.09 648.74 92.89 142.61 0 0.537355 1693.81 348.12 72.67 65.92 0 0.513062 552.59 631.59 114.81 154.36 0 0.504461 1489.70 194.06 83.09 62.96 0 0.499873 1483.43 200.78 84.00 64.34 0 0.463044 1349.90 266.65 106.47 67.93 0 0.393556 1795.05 359.51 86.41 71.45 0 0.358643 1078.10 412.03 153.06 87.00 0 0.352299 1377.46 239.67 106.48 82.53 0 0.320612 1358.93 247.26 112.39 85.13 0 0.313232 1247.46 356.93 65.11 40.33 3 0.261243 1397.92 238.33 93.95 67.89 0 0.256470 857.05 623.53 89.99 161.13 0
506,0.553600 1771.88 513.39 60.06 30.60 0 0.531821 437.74 439.65 64.46 29.52 0 0.531471 360.86 436.42 67.46 28.05 0 0.520342 526.15 440.44 70.98 30.38 0 0.490115 1281.09 485.39 61.91 24.84 0 0.465583 135.57 424.07 52.77 27.19 0 0.420104 274.32 429.57 76.86 33.77 0 0.412643 1778.87 513.94 64.48 31.90 0 0.401353 81.09 967.08 79.26 31.56 1 0.390224 118.32 422.18 68.56 30.05 0
507,0.761828 673.80 571.14 25.16 41.09 0 0.701655 861.48 374.82 44.14 71.00 1 0.566554 525.80 474.53 34.19 21.12 0 0.562770 916.03 328.43 23.98 28.85 0 0.519967 574.63 562.03 28.91 41.79 0 0.502027 363.47 538.42 25.04 37.81 0 0.487361 374.84 615.84 28.23 29.58 0 0.473238 277.94 529.38 32.88 38.10 0 0.461821 316.22 536.76 25.71 38.63 0 0.460039 483.83 470.56 33.98 22.11 0 0.442715 1178.99 410.67 19.60 27.12 0 0.437592 339.72 538.49 24.35 37.69 0 0.422766 296.92 426.32 36.41 21.57 0 0.385526 572.33 472.62 30.21 22.21 0 0.385134 1049.52 408.36 30.52 27.53 0 0.373542 427.85 550.52 27.83 32.68 0 0.369541 1158.88 410.59 19.16 27.94 0 0.357478 894.50 330.91 21.39 29.62 0 0.337682 133.85 604.39 48.44 27.91 0 0.325597 949.91 350.00 25.40 26.07 0 0.323743 915.80 337.62 24.99 29.19 0 0.303042 600.01 577.32 23.07 32.31 0 0.299100 893.95 335.33 20.61 30.14 0 0.293915 361.61 543.25 25.15 38.02 0 0.268908 352.69 612.93 35.51 28.68 0 0.261235 932.09 328.95 24.41 24.08 0
508,0.566113 1185.09 459.10 203.48 86.24 0 0.563380 924.14 464.09 196.71 91.10 0 0.541625 1568.89 805.58 200.71 145.52 0 0.486788 1731.60 945.77 177.62 107.02 0 0.450213 1646.38 787.37 136.78 91.61 0 0.341558 1544.29 819.75 182.68 140.33 0 0.340615 1725.20 946.19 130.14 108.34 0 0.339851 275.67 466.25 172.07 98.84 0 0.324996 1603.26 794.13 174.48 115.24 0 0.320333 482.48 553.53 109.68 88.35 0 0.309181 343.41 514.63 130.20 91.54 0 0.306190 1759.62 739.03 95.71 64.02 0 0.305570 1603.23 0.00 126.24 26.29 0 0.301874 285.48 454.61 166.08 79.04 0 0.293347 313.84 452.20 136.52 65.93 0 0.288253 483.89 580.56 101.77 72.02 0 0.269099 688.23 701.90 73.56 82.70 0 0.255973 255.81 483.06 153.58 80.14 0
509,0.637072 755.36 538.43 75.44 30.37 0 0.614776 1264.02 559.01 64.90 26.31 0 0.554289 855.03 541.49 54.99 26.27 0 0.542657 674.53 536.01 57.52 27.12 0 0.537630 1180.59 555.71 68.29 31.39 0 0.520327 1091.48 553.19 68.71 28.03 0 0.494607 1009.02 544.05 63.13 30.37 0 0.405608 924.07 543.44 64.68 30.07 0 0.384871 502.34 525.04 69.53 31.09 0 0.282643 1007.10 548.41 67.24 31.92 0
510,0.573712 867.73 938.57 34.78 71.55 0 0.324836 899.39 574.57 28.62 55.00 0
511,0.673716 1499.16 364.89 49.66 31.05 0 0.642285 1094.25 583.23 56.17 26.90 0 0.604377 1301.80 302.37 52.67 28.65 0 0.588148 1518.85 435.71 52.34 28.50 0 0.585515 1439.64 483.94 59.77 30.21 0 0.580685 1531.08 581.86 55.13 31.79 0 0.578552 1452.50 580.56 61.84 29.65 0 0.569304 1456.89 554.31 59.55 30.10 0 0.561831 1307.94 469.38 55.06 29.47 0 0.552468 1297.22 330.41 54.55 27.45 0 0.549469 1305.68 445.98 57.00 30.72 0 0.548594 1500.93 321.14 48.20 28.53 0 0.540114 1478.51 204.81 51.73 25.36 0 0.538171 1432.32 376.18 60.14 30.54 0 0.525152 1309.96 547.34 52.28 27.47 0 0.521023 1415.04 200.86 54.55 27.44 0 0.517510 1514.77 471.26 55.34 32.59 0 0.513835 1232.89 208.68 46.98 23.70 0 0.509223 1531.34 555.46 55.93 27.32 0 0.500440 1311.04 521.32 55.29 29.24 0 0.500245 1303.28 355.48 48.70 24.95 0 0.497579 1292.21 231.82 49.07 28.31 0 0.487531 1714.24 833.48 31.19 19.83 3 0.482021 1430.66 296.87 52.24 27.91 0 0.476710 1232.91 187.81 51.76 26.52 0 0.475404 1013.92 581.94 53.94 25.88 0 0.465823 1431.13 323.38 53.21 29.53 0 0.455410 1092.58 506.89 54.47 29.05 0 0.448719 1464.16 608.88 56.93 30.97 0 0.442107 1295.78 272.89 53.72 26.33 0 0.440343 1311.84 495.56 54.82 29.59 0 0.432801 1299.77 400.52 55.01 26.60 0 0.429044 1293.31 254.62 49.66 27.41 0 0.424607 1427.88 275.16 52.22 28.57 0 0.420363 1233.12 225.05 43.75 24.32 0 0.416799 1529.34 532.20 54.17 27.57 0 0.416311 1505.70 401.08 50.75 28.97 0 0.408269 1296.83 208.77 43.94 28.51 0 0.406450 1486.44 255.22 48.46 26.04 0 0.399751 1433.08 448.51 64.99 32.03 0 0.395843 1093.17 556.93 54.86 28.16 0 0.390534 1437.37 404.77 56.83 28.23 0 0.374276 1303.26 377.33 53.07 27.19 0 0.356728 1296.91 186.64 42.26 27.25 0 0.354649 1308.99 569.26 49.29 27.10 0 0.341584 1705.03 784.54 31.28 17.04 3 0.340256 1516.07 487.49 54.04 34.71 0 0.327996 1438.44 779.96 102.26 34.60 1 0.314601 1501.93 344.14 50.56 28.21 0 0.313823 1520.33 506.08 53.42 27.70 0 0.313763 1422.84 255.84 52.11 27.70 0 0.293906 1417.48 234.98 53.71 28.28 0 0.293747 1416.75 229.00 55.56 28.09 0 0.286934 1456.67 523.08 52.13 30.11 0 0.284302 1588.23 185.10 23.79 22.25 3 0.278943 1302.44 462.69 57.02 31.33 0 0.272415 1436.95 419.78 63.58 32.83 0 0.269587 1501.25 324.03 51.11 32.51 0 0.264759 1225.97 228.14 48.18 25.90 0 0.254052 1459.27 528.85 52.49 31.40 0 0.251911 1513.93 417.85 48.83 28.35 0 0.250085 1588.00 204.52 27.39 18.81 3
512,0.746610 786.36 607.15 30.17 56.72 0 0.730228 619.10 442.26 32.15 58.31 0 0.713860 225.60 227.86 60.50 32.35 0 0.699211 690.04 688.65 36.65 68.55 0 0.685773 1722.50 0.00 33.51 38.32 0 0.678891 744.78 0.00 26.90 46.97 0 0.661399 354.69 945.82 85.78 45.75 1 0.655766 761.58 295.16 30.21 55.04 0 0.652656 1697.04 148.70 33.11 49.16 0 0.651529 1772.00 205.14 29.55 50.55 0 0.647534 792.78 674.70 29.40 65.13 0 0.637193 1729.28 26.24 32.32 54.89 0 0.619609 768.91 356.29 29.95 57.50 0 0.615181 1544.53 807.59 67.00 33.15 0 0.598334 1706.52 205.79 31.28 55.83 0 0.592180 782.44 545.99 31.87 58.04 0 0.583529 1635.81 246.03 29.33 50.45 0 0.562259 786.63 114.68 29.34 43.83 0 0.545857 976.59 537.51 34.66 63.96 0 0.539341 634.75 660.14 35.62 72.17 0 0.528961 16.42 266.12 57.33 85.87 1 0.508641 1476.42 819.07 62.18 30.51 0 0.507359 1008.46 1015.41 79.37 40.46 0 0.501938 1399.06 958.81 69.97 36.58 0 0.499797 0.00 634.37 23.68 62.02 0 0.498166 614.43 321.15 30.23 56.20 0 0.495870 30.38 934.12 39.11 68.00 0 0.491950 0.01 450.20 22.68 55.94 0 0.491907 1758.42 148.90 32.56 51.31 0 0.489627 1724.61 814.70 62.92 46.91 0 0.476076 990.56 226.21 31.98 57.71 0 0.470384 1787.79 263.14 31.52 52.63 0 0.468017 618.92 403.43 26.68 39.88 0 0.458426 1682.57 99.22 32.79 53.06 0 0.456977 352.28 211.83 58.83 30.01 0 0.455212 0.00 757.15 22.10 60.02 0 0.454825 1819.77 270.38 32.33 52.11 0 0.450038 1745.01 89.72 34.83 51.56 0 0.448432 632.82 585.53 35.27 72.89 0 0.435312 626.75 539.22 30.52 53.39 0 0.432238 1671.15 43.92 28.66 50.58 0 0.428088 1777.89 88.87 34.72 49.34 0 0.421097 1344.55 840.00 51.04 33.84 0 0.418459 1714.65 260.60 38.08 63.14 0 0.414909 957.95 893.97 66.80 28.59 0 0.407261 1627.05 793.79 72.56 37.53 0 0.404577 779.10 481.93 28.46 58.03 0 0.401799 22.15 265.49 51.95 83.97 0 0.398017 1661.32 0.00 31.37 40.45 0 0.396747 1757.09 24.98 32.25 52.57 0 0.385499 786.97 99.09 29.36 51.60 0 0.385161 270.51 965.08 33.25 40.49 3 0.381071 1408.97 827.87 61.77 31.77 0 0.371397 424.25 208.71 69.14 31.20 0 0.363306 1181.61 861.30 70.46 33.98 0 0.345120 1185.51 857.29 64.77 31.09 0 0.337907 0.00 564.34 22.26 60.61 0 0.335618 0.00 236.40 26.97 37.06 0 0.335384 654.48 0.00 20.84 17.39 3 0.331144 243.59 972.48 22.53 37.14 3 0.328027 1731.10 811.72 59.73 42.48 0 0.314896 630.00 667.28 35.63 65.56 0 0.296263 993.59 101.11 54.82 30.41 1 0.293891 1262.99 374.36 38.10 21.79 0 0.286889 773.02 419.57 29.25 56.25 0 0.271740 1265.73 854.10 47.38 26.46 0 0.267124 3.17 262.00 57.05 83.78 1 0.263191 749.54 110.10 27.89 55.31 0 0.259551 404.76 157.12 41.23 19.29 0 0.253406 1884.19 605.85 33.78 27.06 0
513,0.607028 906.72 484.30 28.12 52.25 0 0.528782 908.11 241.71 27.46 47.00 0 0.352071 882.03 819.32 40.52 80.21 1 0.351354 885.32 820.84 38.31 78.45 0 0.348468 1172.43 721.32 63.93 37.66 1 0.280880 186.95 188.91 33.86 52.81 0
514,0.746229 838.89 639.41 35.45 79.75 1 0.671302 1149.52 816.48 29.21 54.45 0 0.618897 1356.28 203.07 43.86 24.87 0 0.603717 1192.27 787.59 29.27 53.38 0 0.590991 1355.31 179.70 42.27 22.91 0 0.576841 1133.07 284.62 21.43 37.53 0 0.517905 1382.26 497.09 59.31 29.96 0 0.503129 1566.34 89.37 21.68 31.01 0 0.501839 1803.49 56.03 21.30 29.97 0 0.487490 1544.66 89.51 22.06 30.76 0 0.457604 1296.00 101.60 45.27 24.48 0 0.441002 1495.81 87.11 22.42 31.75 0 0.438253 1369.93 376.52 59.62 28.61 0 0.433341 1827.86 58.08 21.63 29.70 0 0.423202 1472.72 84.31 21.60 31.34 0 0.417951 771.67 760.53 72.98 102.27 1 0.412591 839.69 611.55 34.08 101.02 1 0.385636 1651.33 56.45 23.70 24.34 0 0.376361 770.28 925.71 54.96 29.69 0 0.373945 1628.14 55.76 21.65 26.45 0 0.368258 1368.98 346.45 56.45 26.49 0 0.366339 1356.24 232.78 33.60 23.80 0 0.358689 1465.69 170.68 28.77 29.77 0 0.350855 1747.30 62.64 20.92 20.73 0 0.342763 1462.71 158.16 30.61 35.41 0 0.342522 1158.63 480.83 28.95 50.95 0 0.333778 768.42 993.94 57.52 26.62 0 0.326419 1542.89 0.00 38.16 14.40 0 0.321971 1779.93 0.00 24.72 22.08 0 0.314139 1374.02 611.29 24.06 26.67 3 0.308268 1757.84 0.00 24.96 22.24 0 0.301868 1572.80 90.37 26.23 32.00 0 0.296594 1404.24 82.41 26.05 33.50 0 0.289967 1401.28 87.70 26.17 30.14 0 0.287005 1735.73 3.41 20.36 24.10 0 0.274106 1817.47 1.48 29.28 26.23 0 0.265838 1368.65 390.80 61.60 27.96 0 0.265266 1404.31 62.46 26.70 19.41 0 0.264957 1546.98 0.00 48.92 15.88 0 0.259161 1512.74 89.05 19.06 31.99 0
515,0.547761 1188.83 261.65 30.83 56.19 0 0.545963 132.00 15.65 41.72 51.00 0 0.540038 47.59 145.67 43.17 51.56 0 0.449483 1085.22 240.78 32.62 54.79 0 0.402335 285.79 661.18 81.89 40.75 0 0.329901 939.46 611.70 44.93 95.90 1
516,0.695211 1150.17 463.15 52.32 27.30 0 0.635700 1349.21 402.04 51.48 28.76 0 0.616388 851.52 569.52 50.44 23.91 0 0.615503 1139.74 560.73 50.83 28.86 0 0.610305 1140.15 535.13 53.96 30.28 0 0.607171 1346.21 367.05 54.50 32.58 0 0.598848 1146.32 395.05 53.46 28.28 0 0.591884 1154.15 223.93 47.36 27.85 0 0.590847 1350.44 320.43 48.37 27.94 0 0.556519 1150.23 436.07 51.53 26.32 0 0.552029 1339.72 202.78 49.38 24.94 0 0.551494 1151.55 255.96 51.56 28.29 0 0.548920 1351.95 497.26 52.11 29.55 0 0.529794 1284.70 296.65 50.16 28.39 0 0.526225 1142.97 510.57 56.14 29.00 0 0.515302 935.23 497.28 51.36 28.12 0 0.515169 1287.79 548.29 55.64 29.93 0 0.509347 1285.65 402.67 54.62 27.97 0 0.503481 1284.11 427.63 55.73 27.60 0 0.494332 1278.42 204.03 50.00 26.14 0 0.489323 1359.24 573.90 62.92 34.52 0 0.486192 1359.03 428.78 49.77 27.27 0 0.484861 1089.88 223.02 43.48 24.69 0 0.467476 1354.80 473.92 52.12 29.54 0 0.467260 1285.31 327.62 50.25 27.73 0 0.461938 1150.94 349.64 48.70 25.54 0 0.457291 1156.06 306.28 52.94 26.43 0 0.452557 1152.51 229.27 48.01 26.04 0 0.440008 1150.99 329.71 54.42 26.96 0 0.439618 1343.24 257.32 46.27 22.66 0 0.434123 1149.35 369.32 53.08 28.18 0 0.433705 1345.37 345.60 52.39 29.12 0 0.432418 927.01 547.88 56.69 27.73 0 0.428782 1159.28 202.60 42.78 26.57 0 0.420521 1283.25 270.99 49.51 26.43 0 0.415851 1282.68 474.91 54.35 27.63 0 0.412851 1279.22 235.59 49.91 26.80 0 0.401688 1099.61 187.39 47.49 24.20 0 0.393963 1282.58 450.97 57.83 29.02 0 0.389956 1154.04 279.84 52.55 26.83 0 0.388563 1292.72 603.25 59.95 27.75 0 0.379083 1518.55 810.67 29.04 16.93 3 0.374608 1363.44 566.48 58.60 34.04 0 0.370735 1095.81 201.03 48.48 23.17 0 0.365740 1282.88 354.60 49.99 27.71 0 0.359435 1362.50 523.86 52.89 27.82 0 0.350590 1360.20 447.92 48.84 28.47 0 0.346045 1282.21 250.73 47.96 26.34 0 0.342971 1294.39 523.78 52.45 27.66 0 0.332038 1283.55 378.37 49.45 27.31 0 0.312962 1518.94 783.67 24.92 14.50 3 0.311968 1523.40 826.65 29.81 18.20 3 0.309025 1341.89 235.11 50.94 26.15 0 0.297406 1363.84 529.82 55.01 31.42 0 0.295957 1149.71 486.74 53.45 28.02 0 0.281751 929.98 577.67 53.24 27.48 0 0.276165 1161.05 188.69 43.84 25.42 0 0.275692 1263.72 768.90 88.47 34.72 1 0.270170 1085.96 227.60 47.64 24.65 0 0.266330 1519.73 825.36 28.56 19.30 3 0.264798 1146.55 483.42 53.11 27.40 0 0.259042 1355.77 468.55 54.19 30.55 0
517,0.746393 275.09 420.14 49.75 86.35 0 0.681273 340.16 776.94 45.41 96.20 0 0.672531 754.56 939.59 56.45 107.77 0 0.671888 1013.49 886.33 57.20 94.97 0 0.656188 387.17 766.43 53.27 104.95 0 0.649190 647.23 703.12 54.66 105.31 0 0.639252 1179.13 857.88 50.46 91.36 0 0.620590 702.28 694.81 52.56 93.63 0 0.615479 1049.10 1011.44 47.94 68.56 0 0.611994 281.13 782.10 50.81 99.12 0 0.610598 1124.08 863.21 55.86 100.77 0 0.609353 806.86 685.28 50.82 92.90 0 0.606517 854.48 666.40 50.14 101.61 0 0.589002 968.61 897.75 53.06 107.56 0 0.587707 757.12 678.92 50.75 96.31 0 0.582760 957.19 628.31 52.55 99.15 0 0.580982 642.68 968.79 57.36 107.75 0 0.580296 1059.73 622.12 50.48 93.87 0 0.565383 970.17 501.64 49.04 88.97 0 0.561945 181.93 440.21 46.66 91.23 0 0.552123 224.08 789.43 56.66 99.05 0 0.546488 444.81 747.16 51.54 105.89 0 0.532472 492.29 740.86 52.96 102.21 0 0.532427 1209.42 979.50 59.01 96.27 0 0.526671 1065.75 872.84 53.05 100.98 0 0.526509 535.60 985.80 53.74 92.77 0 0.517300 1100.30 999.11 54.40 79.52 0 0.512412 697.80 941.30 54.62 111.60 0 0.510639 116.09 335.09 46.50 80.81 0 0.503911 904.87 651.27 50.33 97.85 0 0.500376 1083.25 494.32 50.53 95.70 0 0.497295 588.90 980.69 50.05 96.54 0 0.494653 917.53 911.30 49.82 104.92 0 0.493878 595.65 709.51 51.34 101.40 0 0.488613 1027.38 498.19 50.13 94.31 0 0.456899 478.44 992.14 52.21 87.86 0 0.451130 1114.69 607.68 46.03 95.64 0 0.450161 1008.05 624.94 53.21 96.12 0 0.443762 808.37 935.60 51.24 104.38 0 0.443141 127.45 457.02 51.98 84.20 0 0.438091 703.03 958.97 52.32 106.59 0 0.418599 859.34 933.44 52.36 96.04 0 0.407981 796.04 929.54 57.04 107.31 0 0.403298 759.93 952.42 55.33 105.74 0 0.398385 747.96 938.28 55.96 94.41 0 0.380578 810.41 96.85 42.73 86.79 0 0.304586 795.99 922.85 56.96 81.55 0 0.304132 232.00 786.06 69.00 100.47 0 0.269256 886.23 1057.96 49.95 22.04 0
518,0.426857 956.35 614.46 26.44 23.29 0 0.408647 409.32 705.86 25.53 22.20 0 0.387888 526.74 726.84 26.81 22.94 0 0.380011 354.79 691.03 27.60 26.56 0 0.377072 866.36 558.40 21.14 30.71 0 0.354574 284.64 685.41 33.08 26.09 0 0.354381 836.77 555.61 26.19 32.10 0 0.331566 882.35 563.55 21.79 27.81 0 0.301095 776.37 583.77 63.00 50.24 1 0.285024 768.36 582.14 53.61 35.59 1 0.278154 355.18 695.20 27.03 27.54 0 0.268749 605.62 726.47 22.01 31.97 0 0.265564 326.67 691.66 29.58 26.28 0 0.259324 502.95 644.52 24.06 21.69 0 0.250934 314.86 690.96 27.33 25.95 0
519,0.720317 1026.51 464.04 26.84 52.46 0 0.717539 798.61 271.35 26.34 59.26 0 0.717160 931.32 342.35 25.91 58.99 0 0.714035 602.81 698.68 23.66 45.82 0 0.705409 960.41 461.25 28.60 52.25 0 0.701062 524.66 691.96 27.76 54.08 0 0.678594 861.35 266.31 27.00 53.59 0 0.654287 768.80 273.64 25.34 55.70 0 0.646285 768.13 354.04 28.14 54.57 0 0.640274 1036.16 335.34 26.63 64.63 0 0.633316 736.34 269.00 25.12 57.17 0 0.625462 266.05 69.20 30.87 60.55 0 0.624559 219.16 203.78 29.01 60.41 0 0.619156 197.69 73.33 30.58 60.39 0 0.618629 646.50 689.55 26.22 52.69 0 0.613087 1072.96 336.96 25.80 55.23 0 0.612283 63.51 403.06 33.86 59.33 0 0.610217 669.50 275.11 26.78 60.88 0 0.605651 992.00 263.02 27.34 55.10 0 0.583132 137.08 79.90 30.43 59.94 0 0.576034 1036.80 604.96 59.17 25.96 0 0.566821 231.06 74.91 29.26 59.65 0 0.561662 715.52 686.26 27.19 53.49 0 0.561029 836.79 346.29 26.89 64.68 0 0.547737 959.13 261.72 25.65 58.18 0 0.544525 619.06 369.03 27.57 54.71 0 0.543010 961.92 341.30 26.58 58.00 0 0.540096 358.12 186.77 31.22 62.87 0 0.509367 891.45 264.08 26.71 52.92 0 0.500744 895.97 705.60 25.75 52.44 0 0.489268 701.90 267.16 26.83 55.83 0 0.483602 1019.94 563.73 57.76 29.71 0 0.481133 180.18 205.86 32.54 58.23 0 0.478244 1026.11 262.09 26.94 58.72 0 0.458533 996.04 342.63 26.44 59.06 0 0.457450 535.86 634.50 50.98 24.07 0 0.449483 102.37 399.45 28.95 60.44 0 0.446219 635.29 284.96 28.22 54.93 0 0.442166 131.94 397.76 35.07 57.91 0 0.438011 993.48 459.64 28.59 60.13 0 0.435210 805.20 460.72 59.63 30.73 0 0.433070 803.14 345.71 28.91 62.75 0 0.419265 924.71 263.88 27.75 58.70 0 0.412602 581.83 376.92 27.06 55.71 0 0.395909 529.02 631.85 49.83 27.52 0 0.392842 569.79 702.48 25.31 44.87 0 0.381599 819.36 146.33 28.11 60.18 0 0.381361 857.05 703.52 28.96 58.22 0 0.379930 546.20 87.47 29.90 62.55 0 0.378466 824.15 685.69 28.75 58.37 0 0.378161 559.74 697.02 23.35 51.19 0 0.353721 897.95 343.78 27.47 57.07 0 0.351685 793.00 690.03 26.93 53.10 0 0.349894 97.75 405.33 30.84 57.28 0 0.339353 526.74 592.81 51.52 27.10 0 0.332511 80.37 0.00 36.98 18.86 0 0.320465 516.03 557.27 52.37 27.65 0 0.313894 470.47 181.83 26.97 41.26 0 0.308989 566.14 701.69 24.80 48.12 0 0.281548 271.66 71.26 31.52 60.59 0 0.262695 459.73 644.37 31.99 61.29 0
520,0.695389 472.82 505.88 55.64 67.10 0 0.652882 421.00 583.81 57.86 66.26 0 0.645507 205.08 463.27 60.88 70.88 0 0.629803 603.63 17.91 38.76 42.90 0 0.626332 274.24 391.13 58.29 61.06 0 0.622126 522.56 436.41 51.95 57.78 0 0.619545 567.40 371.63 48.63 57.99 0 0.590741 383.89 274.94 46.08 54.69 0 0.587419 704.59 164.18 37.99 46.30 0 0.552229 550.21 88.77 39.74 41.80 0 0.534007 465.19 173.07 47.86 48.33 0 0.510848 761.00 83.13 32.60 38.28 0 0.396927 812.28 13.05 27.71 37.41 0 0.344675 804.16 415.82 12.09 18.09 2 0.257436 389.82 283.13 43.36 44.77 0
521,0.660903 1814.72 318.38 46.71 27.46 0 0.642828 1419.48 301.04 51.55 25.04 0 0.608569 1760.88 184.26 45.39 27.60 0 0.577437 1645.59 993.83 75.27 38.00 0 0.573897 1566.54 990.75 66.97 29.07 0 0.564335 1726.99 998.05 87.58 37.91 0 0.562038 1605.97 270.96 47.45 26.51 0 0.534082 1779.69 227.60 43.38 26.78 0 0.532793 1432.67 366.02 49.91 23.40 0 0.508891 1617.27 331.19 45.58 25.05 0 0.505551 1569.61 110.24 45.52 23.55 0 0.505213 1562.47 86.84 43.08 23.99 0 0.503675 1754.16 155.89 48.23 27.55 0 0.502244 1794.96 278.35 47.80 27.30 0 0.494687 675.30 896.84 64.30 26.58 0 0.494673 1012.84 975.76 71.27 38.20 0 0.482529 1018.96 981.05 65.93 38.16 0 0.480280 1617.29 351.13 44.80 23.09 0 0.476153 1726.99 278.57 48.69 26.45 0 0.475483 1583.46 177.65 48.58 25.92 0 0.474516 1775.74 217.38 45.67 26.85 0 0.469129 1576.16 132.32 45.86 26.25 0 0.468587 1552.99 40.90 41.68 23.99 0 0.468323 1612.36 305.91 48.46 27.01 0 0.464320 1588.57 207.89 49.17 27.75 0 0.461508 1672.03 80.48 48.95 25.02 0 0.452960 1744.26 350.19 56.01 29.85 0 0.451627 1802.58 298.90 47.90 25.04 0 0.447121 1790.19 250.44 46.98 26.81 0 0.445889 1799.96 293.47 46.09 25.18 0 0.444604 1683.62 115.72 45.28 24.90 0 0.444231 1579.79 156.34 44.96 24.70 0 0.427499 1689.76 137.01 47.69 25.35 0 0.427383 178.15 841.38 64.04 29.00 0 0.425370 1359.01 362.24 51.75 27.63 0 0.422803 1667.37 60.09 48.31 23.75 0 0.419889 1715.23 233.94 51.37 27.51 0 0.418081 1750.89 151.17 48.79 26.59 0 0.415748 1733.29 85.85 47.02 29.11 0 0.408704 1769.44 209.61 46.52 25.86 0 0.405597 1699.62 179.14 48.83 24.15 0 0.401307 1601.39 247.12 51.70 27.53 0 0.395817 1794.26 271.16 48.21 26.88 0 0.394786 1426.11 338.67 50.27 25.36 0 0.392529 1682.25 108.28 49.67 24.68 0 0.390956 1718.15 256.22 51.92 25.79 0 0.383963 1819.91 352.81 53.61 29.92 0 0.383473 1499.85 40.66 46.81 22.40 0 0.381042 1498.88 61.10 43.74 22.50 0 0.368573 1816.43 41.06 24.68 22.68 3 0.351478 1745.83 318.56 49.55 27.16 0 0.341755 1693.82 158.72 49.54 25.84 0 0.336692 1355.71 357.51 53.39 29.01 0 0.329901 1684.84 130.07 49.21 25.09 0 0.319001 1821.91 361.06 53.74 28.44 0 0.317459 1557.63 60.80 41.85 21.15 0 0.302996 1701.70 183.09 45.83 24.73 0 0.297822 1754.88 375.22 52.49 28.51 0 0.278340 1708.87 209.12 47.83 25.09 0 0.275154 1564.85 103.23 44.35 24.15 0 0.267784 1582.11 159.90 43.99 26.09 0 0.261354 1771.41 213.33 45.18 27.39 0 0.260084 1431.39 341.39 49.31 25.85 0
522,0.685706 1089.49 1017.26 42.18 62.09 3 0.646037 1685.89 334.14 75.00 44.05 0 0.645488 318.18 309.40 93.03 38.78 0 0.617171 1083.05 826.51 72.90 123.37 0 0.613059 660.61 792.68 75.56 133.45 0 0.608025 1405.50 717.68 100.97 110.84 0 0.595882 1308.29 157.13 34.41 24.29 0 0.580131 748.74 510.52 52.42 77.75 0 0.556988 1057.84 623.44 66.64 111.13 1 0.550690 1452.60 153.84 40.66 23.85 0 0.535109 1632.51 152.89 47.61 27.47 0 0.533607 707.01 654.30 70.65 135.20 0 0.506564 1498.36 292.09 55.29 40.53 0 0.505524 1434.27 152.73 44.61 28.11 0 0.487814 1012.43 175.43 25.93 48.06 0 0.481264 1702.56 156.52 41.25 25.64 0 0.476908 1345.57 153.71 30.81 25.91 0 0.476816 1013.70 223.65 30.23 46.68 0 0.474093 1066.05 243.33 35.22 38.83 0 0.470702 518.60 308.16 80.38 37.41 0 0.469479 211.48 302.92 95.69 41.29 0 0.464262 776.54 387.68 45.52 69.50 0 0.459540 1224.15 1034.71 27.55 45.29 3 0.458670 1059.17 726.32 74.77 90.19 1 0.452863 715.10 603.13 62.26 104.14 0 0.449287 1020.38 295.98 40.48 67.96 0 0.447734 403.63 263.36 55.10 37.98 0 0.444550 1482.67 202.04 27.51 23.93 0 0.441943 623.46 365.84 36.36 22.93 3 0.431943 1408.33 193.41 28.55 27.81 0 0.420240 1597.00 200.11 39.74 26.02 0 0.417394 1373.61 196.01 29.20 27.81 0 0.413906 416.13 304.83 86.36 40.91 0 0.412804 1029.56 347.67 37.30 53.30 0 0.407267 265.04 262.72 50.86 34.00 0 0.406209 339.25 263.50 56.71 33.79 0 0.405266 1291.67 152.37 32.56 23.11 0 0.393915 711.11 604.58 69.02 151.10 0 0.383323 1039.26 436.90 42.81 58.57 0 0.382809 754.44 454.04 47.96 59.00 0 0.370929 1441.65 195.89 27.43 26.90 0 0.356454 1025.53 320.91 39.40 65.85 0 0.342647 1343.21 194.96 29.68 25.90 0 0.332552 1404.30 155.32 32.18 24.78 0 0.331881 1221.29 1043.93 26.23 36.07 3 0.329148 1035.31 400.29 35.45 33.22 0 0.327369 195.48 260.54 35.85 34.07 0 0.320390 49.19 263.77 44.09 38.17 0 0.319610 1520.03 153.97 47.95 25.96 0 0.311043 1564.62 201.25 37.04 28.43 0 0.303091 1014.76 284.10 38.08 69.22 0 0.299012 1225.08 1013.68 31.38 57.02 3 0.289696 1458.95 198.09 31.98 25.88 0 0.275629 810.59 61.84 52.96 26.14 0 0.263299 137.02 265.01 34.18 34.05 0 0.260654 1508.84 157.39 51.14 25.98 0 0.259517 344.28 490.42 26.35 43.69 2 0.252117 1212.49 927.91 46.81 29.96 3
523,0.728915 1333.86 393.62 56.96 27.65 0 0.624683 1728.66 367.33 53.46 29.63 0 0.607795 1515.59 294.98 55.57 29.63 0 0.597143 1345.53 461.59 57.70 27.26 0 0.596498 1542.67 427.30 48.73 25.20 0 0.565422 1538.24 402.31 50.76 25.85 0 0.551223 1711.16 298.41 47.73 27.00 0 0.541828 1430.26 136.10 43.81 22.43 0 0.537389 1492.99 160.94 46.08 27.08 0 0.532964 1505.15 201.54 52.05 29.19 0 0.532358 1430.92 111.79 44.05 20.57 0 0.528748 1512.98 256.63 48.36 26.12 0 0.528744 1652.39 343.00 58.06 27.10 0 0.522894 1507.92 232.89 51.20 27.77 0 0.519803 1543.91 446.18 48.60 25.15 0 0.501657 1340.18 435.83 55.25 26.25 0 0.491892 1270.21 457.51 51.24 28.07 0 0.489425 1742.08 396.54 49.81 29.74 0 0.488883 1619.49 185.88 49.54 26.90 0 0.486887 1658.95 367.44 54.99 27.90 0 0.486623 0.00 991.31 53.21 29.86 0 0.469418 1693.77 227.54 47.29 26.72 0 0.461474 1750.05 409.50 48.29 28.72 0 0.461355 1608.87 150.01 49.83 26.20 0 0.456229 1629.78 251.68 56.31 28.19 0 0.455065 1490.51 135.50 43.31 26.76 0 0.451750 1488.73 111.20 43.01 25.88 0 0.450127 1536.94 378.73 46.93 25.67 0 0.444482 1630.17 258.19 55.72 27.72 0 0.428273 1667.00 115.58 48.52 24.63 0 0.424387 1695.29 625.78 92.89 36.42 1 0.421582 1500.61 179.35 49.63 26.20 0 0.421035 1673.01 157.59 51.79 28.71 0 0.418428 1753.52 447.23 54.99 31.83 0 0.414528 1514.95 272.00 53.43 27.44 0 0.411355 1652.42 320.77 51.59 28.06 0 0.408417 1532.02 354.89 48.17 28.88 0 0.398697 1725.71 324.70 46.40 27.58 0 0.398289 1649.75 297.54 55.48 29.40 0 0.396347 509.65 1046.47 79.23 33.53 0 0.395349 1695.00 480.83 53.75 28.47 0 0.394704 1698.00 256.42 49.45 27.58 0 0.393502 1609.76 156.20 48.61 25.74 0 0.389137 1699.30 263.88 48.52 28.26 0 0.386253 1623.82 205.98 49.09 25.41 0 0.385462 1725.44 346.90 49.41 27.34 0 0.382491 1599.92 116.52 51.14 25.42 0 0.377612 1627.33 224.15 54.22 26.35 0 0.369797 1639.40 280.08 52.86 27.51 0 0.365536 1702.72 275.08 48.90 29.56 0 0.362623 1707.83 295.98 44.88 25.52 0 0.342017 1684.39 429.56 50.40 27.18 0 0.335886 1603.59 130.03 52.74 25.03 0 0.333822 1758.18 453.79 52.97 30.88 0 0.317231 1673.95 403.22 54.67 28.28 0 0.308344 1677.97 171.18 47.77 28.15 0 0.301018 1604.82 136.58 46.82 26.13 0 0.270040 1627.22 210.71 46.36 26.31 0 0.258912 1502.96 183.84 48.88 30.67 0
524,0.698502 1624.39 299.93 38.16 73.63 0 0.682890 1393.25 324.85 38.50 65.48 0 0.673581 882.07 454.83 32.57 68.42 0 0.635195 375.43 499.83 33.69 71.00 0 0.622815 978.11 437.94 37.61 71.96 0 0.597559 826.38 41.22 63.87 80.98 0 0.597389 1425.20 320.11 39.40 74.44 0 0.590602 279.48 509.35 35.26 73.07 0 0.562622 217.37 365.77 29.86 73.59 0 0.539288 1328.54 331.63 39.62 73.31 0 0.534059 1299.80 331.17 41.38 73.26 0 0.497582 1794.32 287.83 43.89 77.10 0 0.477078 45.46 529.21 54.23 65.86 0 0.474256 1092.41 1.12 31.06 59.90 0 0.459377 283.26 358.22 37.07 76.55 0 0.452943 917.06 454.26 31.14 66.92 0 0.414669 851.05 165.97 55.27 75.86 0 0.413186 958.91 0.00 51.91 39.97 0 0.393943 1656.88 297.57 35.77 70.82 0 0.379648 828.75 56.39 56.50 88.36 0 0.366461 1194.33 0.00 66.86 25.09 0 0.347033 313.92 506.60 31.66 70.74 0 0.343166 346.03 505.05 33.42 70.24 0 0.334626 407.06 493.03 40.35 79.41 0 0.320021 948.27 788.23 77.61 43.24 0 0.310160 64.45 527.97 55.00 73.34 0 0.309390 837.96 228.18 59.83 61.77 0 0.306289 1053.61 0.00 62.19 33.37 0 0.302751 671.02 797.06 97.64 63.59 0 0.300556 1073.17 175.28 62.45 58.01 0 0.300078 1215.92 72.13 53.37 98.90 0 0.287649 1452.11 326.58 43.62 70.50 0 0.286339 19.11 528.83 34.92 59.41 0 0.281543 1235.20 222.16 57.93 42.07 0 0.279908 838.20 238.06 54.23 63.03 0 0.279212 844.88 214.98 57.67 74.44 0 0.271392 1201.05 68.96 55.98 67.26 0 0.254695 1304.36 329.33 48.05 76.21 0 0.252479 1113.57 297.30 40.60 45.04 0 0.251794 840.52 172.68 60.72 78.14 0
525,0.664094 846.44 227.66 28.16 60.44 0 0.649746 1011.65 422.82 26.50 54.71 0 0.630594 886.15 307.33 27.19 55.38 0 0.627715 700.53 646.52 28.99 58.01 0 0.615929 605.56 327.94 26.13 60.47 0 0.605712 164.17 167.70 31.16 56.76 0 0.604960 253.74 30.60 29.10 59.49 0 0.603753 883.11 669.88 26.47 55.18 0 0.601424 916.29 307.17 26.93 56.73 0 0.600446 811.23 649.02 26.13 57.03 0 0.599325 980.72 421.98 27.67 60.50 0 0.595992 122.72 39.85 33.24 61.90 0 0.594600 654.02 240.59 25.11 54.32 0 0.582059 622.74 244.48 26.12 56.31 0 0.571218 912.12 228.93 25.01 55.94 0 0.565294 89.00 361.30 28.97 55.49 0 0.562943 980.70 309.10 27.20 54.77 0 0.561902 841.07 666.55 28.32 58.37 0 0.561439 1022.95 303.81 26.58 55.05 0 0.556084 977.24 222.58 26.62 61.12 0 0.554503 507.61 650.09 31.06 55.84 0 0.554060 567.93 338.22 27.51 50.88 0 0.552824 48.99 366.26 29.88 61.62 0 0.550765 820.67 310.91 31.05 64.51 0 0.541928 944.34 222.32 26.75 60.39 0 0.538513 1057.77 302.94 27.25 57.49 0 0.535249 722.83 231.90 25.87 57.38 0 0.526704 1010.73 222.20 27.47 61.39 0 0.516945 204.60 165.67 31.13 56.32 0 0.516927 547.25 658.61 26.77 53.67 0 0.506031 120.90 357.68 29.90 54.51 0 0.505049 878.51 228.76 26.56 60.07 0 0.504272 181.99 38.03 33.39 59.86 0 0.500587 1003.35 527.84 58.66 30.06 0 0.500325 785.92 235.80 26.63 60.84 0 0.497253 787.04 315.74 30.36 61.07 0 0.470470 218.21 37.55 26.86 56.24 0 0.468765 751.87 237.04 27.54 56.12 0 0.464718 531.69 48.79 31.40 67.37 0 0.457373 347.74 155.75 29.36 53.14 0 0.450761 516.44 592.09 59.69 31.11 0 0.419994 784.71 424.30 63.69 31.08 0 0.401632 752.77 317.24 27.87 56.95 0 0.394795 947.78 304.63 27.40 58.28 0 0.388874 943.61 422.51 28.63 57.73 0 0.381117 630.49 647.76 29.83 59.72 0 0.368375 803.66 105.27 31.06 62.70 0 0.359971 687.58 232.34 27.20 58.63 0 0.359336 583.72 655.72 28.82 51.35 0 0.344953 1019.01 566.56 63.42 32.00 0 0.334913 948.36 225.95 26.95 57.40 0 0.334288 459.17 676.51 37.97 54.02 3 0.323985 502.38 521.77 49.40 25.09 0 0.312761 776.66 653.04 28.36 51.74 0
526,0.474970 524.56 376.88 198.31 93.04 0
527,0.891192 863.29 393.55 47.49 90.01 1 0.700163 1106.31 431.84 24.21 39.28 0 0.687600 1080.81 427.82 25.83 43.05 0 0.621721 960.38 337.88 26.61 45.84 0 0.610022 645.49 686.93 28.43 51.40 0 0.606561 1173.50 434.49 25.53 38.91 0 0.576255 520.51 678.54 33.58 57.89 0 0.503503 256.58 655.79 30.34 40.80 0 0.482402 401.58 546.97 43.48 25.21 0 0.472524 893.83 321.73 22.12 38.96 0 0.471435 1215.37 433.35 26.10 37.93 0 0.464035 277.54 762.10 32.34 46.20 0 0.462519 159.46 636.23 36.12 48.65 0 0.459574 853.45 425.22 41.12 75.73 1 0.441238 161.74 482.78 51.56 29.17 0 0.393513 895.22 341.40 23.19 43.86 0 0.368481 446.98 549.10 46.57 23.46 0 0.365820 335.24 660.04 28.68 39.35 0 0.362551 178.26 748.99 36.39 25.63 0 0.355778 172.67 752.72 35.34 22.78 0 0.341478 230.68 651.04 31.98 43.68 0 0.336282 208.67 647.90 33.71 46.42 0 0.332586 660.46 555.95 57.51 25.77 0 0.318117 548.64 688.26 28.95 49.84 0 0.309133 390.66 545.01 43.25 24.09 0 0.304218 257.49 750.88 34.09 46.71 0 0.300200 919.98 322.13 22.51 38.88 0 0.298558 920.11 340.84 23.58 43.11 0 0.279471 211.46 753.93 27.89 27.62 0 0.273930 557.59 486.29 44.54 23.46 0 0.272184 336.04 544.99 43.37 24.83 0 0.259522 357.00 667.47 27.62 36.46 0 0.258393 50.64 546.33 18.97 22.24 3 0.258162 148.38 637.90 40.31 50.06 0 0.253874 0.00 747.16 29.93 49.21 0 0.251271 1239.07 439.11 24.81 37.17 0
528,0.638168 736.68 225.74 29.31 18.49 0 0.615519 1151.97 619.22 47.23 49.74 0 0.607026 1239.96 195.61 30.20 17.16 0 0.584180 968.84 295.01 26.65 16.97 0 0.574122 1095.34 518.44 39.44 38.78 0 0.572442 1048.76 435.62 32.41 32.26 0 0.553044 926.77 458.97 24.40 38.86 0 0.526792 750.98 280.76 32.00 18.45 0 0.519329 958.05 274.34 23.77 18.34 0 0.479416 847.10 195.00 25.05 13.78 0 0.468144 1269.80 224.60 27.25 14.68 0 0.466451 684.13 583.16 63.44 35.43 0 0.456394 1080.76 198.08 19.05 12.17 0 0.456336 980.43 315.00 23.89 18.48 0 0.455866 1310.50 223.40 30.32 17.13 0 0.455394 1164.02 412.84 39.47 39.52 1 0.442684 571.30 228.90 23.43 16.60 0 0.410307 1208.83 195.53 25.85 14.69 0 0.402322 1223.17 483.67 41.46 22.71 0 0.386422 662.92 279.78 30.93 17.05 0 0.372340 737.67 179.75 22.54 16.63 0 0.366009 1083.14 198.79 21.97 13.43 0 0.342177 762.84 313.53 34.42 20.28 0 0.335293 939.82 178.46 19.72 14.64 0 0.329619 764.69 318.02 34.70 20.95 0 0.327745 767.71 112.12 19.94 15.23 0 0.325309 1214.50 195.21 25.49 14.45 0 0.315752 746.85 257.02 31.60 20.76 0 0.296772 0.00 386.71 41.92 64.27 0 0.288679 692.75 580.29 60.71 32.11 0 0.278145 925.79 174.14 18.78 16.24 0 0.270195 622.28 236.78 24.54 18.60 0
529,0.649898 23.74 136.36 26.90 31.19 0 0.613910 51.41 173.23 25.57 38.51 0 0.588475 124.64 261.91 24.54 37.13 0 0.581666 384.65 122.22 23.45 38.54 0 0.581623 141.92 130.59 27.07 33.69 0 0.579746 242.53 128.41 22.15 33.08 0 0.574337 377.67 164.69 22.40 40.96 0 0.564039 344.28 451.41 25.53 50.54 0 0.552527 50.77 260.82 24.48 38.54 0 0.546903 74.56 257.90 24.57 34.08 0 0.533084 954.71 0.00 22.22 36.24 0 0.518992 287.89 127.65 22.60 32.30 0 0.514740 215.35 130.79 23.42 34.08 0 0.514413 270.42 397.63 31.32 50.04 0 0.514114 553.43 155.25 23.96 56.45 0 0.512080 148.05 261.13 26.72 38.13 0 0.510675 168.60 133.09 23.36 33.25 0 0.506432 312.84 129.18 24.34 35.62 0 0.503716 281.32 168.06 24.30 44.22 0 0.495488 52.80 258.24 25.29 35.95 0 0.492435 306.41 253.28 23.90 38.34 0 0.481507 72.28 260.01 24.39 38.09 0 0.478882 98.24 261.44 24.98 37.94 0 0.470683 1.11 264.64 21.52 39.39 0 0.465925 24.05 262.61 25.59 40.35 0 0.458394 267.20 128.22 21.83 31.72 0 0.451232 956.46 243.56 24.20 47.91 0 0.449755 332.25 256.83 24.76 35.66 0 0.447724 255.62 254.14 24.40 38.49 0 0.440644 954.40 79.98 21.60 40.37 0 0.440044 353.18 396.43 29.18 46.81 0 0.439251 330.10 163.37 23.70 38.36 0 0.435842 340.64 124.37 21.62 36.11 0 0.430138 956.43 297.66 25.52 46.52 0 0.428443 22.43 175.30 29.03 37.79 0 0.428379 174.72 259.46 28.50 42.48 0 0.427861 98.61 172.96 24.09 36.64 0 0.425656 324.61 398.96 27.47 47.01 0 0.422497 358.08 257.22 23.80 34.48 0 0.414285 46.55 137.90 27.04 28.37 0 0.413330 1.91 176.61 25.05 37.14 0 0.407011 255.53 168.09 24.43 45.57 0 0.404250 139.18 171.62 24.93 39.41 0 0.395706 196.34 167.92 25.54 39.86 0 0.393546 73.35 173.24 25.36 37.68 0 0.391637 957.63 352.43 24.53 38.58 0 0.391535 231.64 167.44 24.74 45.94 0 0.391012 405.37 162.54 23.13 39.63 0 0.385570 1008.06 511.00 20.65 29.84 0 0.380752 111.02 172.69 26.20 37.81 0 0.369302 206.61 166.84 24.98 44.27 0 0.355559 955.89 159.16 20.36 37.21 0 0.355341 361.57 122.57 21.71 38.07 0 0.346057 305.71 257.69 22.18 39.14 0 0.340150 353.16 166.23 21.65 40.35 0 0.337614 179.63 257.89 29.19 38.71 0 0.329564 120.80 132.18 28.43 31.48 0 0.323915 102.04 78.18 19.13 21.45 3 0.320367 954.88 249.57 27.19 50.78 0 0.319814 234.86 254.01 25.38 39.33 0 0.315793 280.04 252.32 24.53 39.55 0 0.305496 584.21 63.42 17.30 14.93 3 0.289228 166.26 171.88 24.46 38.27 0 0.278368 163.63 136.49 28.84 34.92 0 0.276358 189.25 132.90 22.27 31.74 0 0.264957 224.62 252.82 27.32 42.66 0 0.264001 143.53 78.44 16.45 23.75 3 0.261352 872.42 15.53 33.93 19.73 0
530,0.815658 357.96 725.59 161.37 93.62 1 0.792902 897.09 465.27 117.45 62.90 0 0.759045 883.77 738.54 161.31 86.32 0 0.736183 1029.33 906.48 198.46 106.99 0 0.701674 820.35 963.57 189.72 104.49 0 0.698862 756.05 458.53 118.51 56.52 0 0.691407 413.00 899.03 198.69 98.38 0 0.672649 146.19 409.16 108.45 60.77 0 0.671988 1055.55 487.08 126.38 65.65 0 0.635437 1446.96 1004.69 218.94 75.31 0 0.624183 330.31 384.91 119.92 55.97 0 0.620224 1080.60 709.43 152.95 87.32 0 0.589672 229.01 370.96 97.70 50.04 0 0.581891 1083.95 650.68 140.78 66.02 0 0.571121 1228.60 517.10 146.85 69.00 0 0.564110 473.77 406.16 120.56 53.61 0 0.558020 473.56 819.92 180.21 94.89 0 0.557268 384.28 982.15 203.29 97.85 0 0.555997 629.98 427.54 127.66 66.43 0 0.548344 5.83 567.30 147.48 69.74 0 0.489364 4.49 79.49 111.81 69.02 0 0.466569 62.43 508.42 142.10 79.39 0 0.462266 541.29 763.41 139.25 72.17 0 0.433624 0.00 752.37 143.30 82.34 0 0.419558 1428.36 997.34 195.48 81.46 0 0.403837 379.15 669.44 160.39 81.32 0 0.359186 548.40 692.80 169.23 77.60 0 0.353218 7.24 550.33 165.83 83.37 0 0.337832 1858.82 604.40 60.27 55.17 3 0.337344 0.00 679.89 36.55 55.33 0 0.323852 545.74 746.77 143.51 75.81 0 0.313184 31.26 523.21 163.73 100.19 0 0.301772 411.75 670.97 135.97 67.48 0 0.295396 1385.52 804.46 22.55 42.70 2 0.270323 474.92 618.56 85.67 56.71 3 0.259179 370.39 694.90 165.29 119.40 0 0.250873 482.20 0.00 118.65 38.87 0
531,
532,0.618653 358.52 850.77 191.41 76.14 0 0.586419 8.65 793.00 147.05 75.31 0 0.496774 5.69 982.16 124.17 62.72 0 0.356310 690.02 454.27 87.52 77.39 0 0.353535 575.80 795.80 137.22 76.68 0 0.331483 597.77 782.99 133.55 84.52 0 0.272290 181.37 918.25 173.26 86.18 0 0.265694 932.06 348.87 37.42 59.90 0
533,0.403142 1026.56 495.33 34.58 21.55 0 0.359899 857.67 547.89 39.16 19.02 0 0.355395 1794.60 226.19 25.53 22.06 0 0.308405 901.55 539.35 35.53 19.11 0
534,0.414420 68.85 575.10 24.90 72.49 1 0.381630 550.40 590.18 48.24 31.29 1 0.322925 607.08 393.55 15.49 24.49 3 0.316450 1171.86 423.51 19.44 22.99 0 0.312847 351.92 224.81 16.58 20.72 3 0.297872 1040.11 220.67 16.86 22.89 0 0.294004 67.44 596.20 26.37 73.28 1 0.287438 1146.55 393.15 21.63 24.39 0 0.285728 420.46 123.92 31.88 25.57 0 0.266095 809.82 527.61 13.61 20.21 3 0.254640 458.23 352.46 18.25 31.93 3 0.250712 1245.76 366.05 16.15 13.86 0
535,0.465146 1030.77 850.48 41.64 79.89 0 0.320750 943.30 140.70 22.39 34.57 0 0.256967 935.80 96.43 25.20 38.09 0 0.256291 882.46 530.42 29.64 64.98 1
536,
537,0.739131 879.94 410.87 42.97 74.70 1 0.710387 698.60 625.61 23.79 43.12 0 0.588586 594.50 622.74 31.94 41.61 0 0.534548 363.15 597.43 28.90 39.70 0 0.529100 911.18 362.05 24.76 36.80 0 0.525930 538.91 521.96 36.01 23.23 0 0.515205 968.25 368.39 25.95 35.48 0 0.498639 451.91 603.39 27.68 36.77 0 0.496136 133.31 668.98 45.90 35.59 0 0.492045 318.84 598.17 27.48 38.88 0 0.471542 382.84 678.48 30.95 30.49 0 0.468047 338.76 598.51 27.16 37.90 0 0.460583 494.07 521.90 38.18 20.85 0 0.460204 1152.84 447.85 21.44 24.53 0 0.424863 1200.14 445.63 25.31 26.07 0 0.388158 428.11 604.41 25.95 36.33 0 0.385740 742.08 617.97 23.71 39.84 0 0.385099 277.25 588.86 36.02 38.83 0 0.340928 588.51 518.63 28.14 24.78 0 0.333555 1072.35 434.93 23.13 34.84 0 0.333112 581.84 519.46 28.77 24.48 0 0.331980 932.78 367.73 23.08 33.51 0 0.311131 445.46 517.57 29.60 21.14 0 0.304757 280.91 475.22 45.14 25.51 0 0.288826 629.53 519.16 21.87 24.39 0 0.281044 329.86 596.56 31.21 35.91 0 0.269099 370.29 597.89 31.88 40.98 0 0.269077 437.92 514.64 30.69 24.41 0 0.266625 210.93 510.39 28.31 25.73 0
538,0.663669 1158.97 858.65 87.35 97.86 0 0.661942 798.73 589.67 82.83 102.24 0 0.661831 1111.91 892.77 87.91 104.93 0 0.625762 1251.72 782.29 97.04 107.98 0 0.620434 237.17 987.91 102.83 92.09 0 0.620210 1112.39 702.59 98.78 95.88 0 0.610874 905.95 355.98 75.28 83.20 0 0.607810 1015.64 775.11 94.77 112.49 0 0.604318 840.81 940.62 74.90 93.39 0 0.600315 938.00 487.05 82.65 99.17 0 0.590700 848.52 555.48 84.52 96.39 0 0.583635 1166.06 681.50 82.50 90.93 0 0.582703 774.17 955.49 95.07 104.21 0 0.581015 648.50 691.88 92.79 107.30 0 0.576434 710.81 669.55 95.59 102.64 0 0.568200 416.80 884.67 79.32 95.99 0 0.566635 935.04 854.40 94.05 101.84 0 0.565361 747.82 630.56 91.63 110.96 0 0.542730 996.67 468.82 75.20 88.01 0 0.534487 974.79 821.76 98.86 105.41 0 0.530182 1052.60 743.08 107.76 109.91 0 0.520621 867.42 391.28 72.05 82.21 0 0.519716 506.45 802.52 92.75 102.21 0 0.518934 891.34 520.55 94.07 96.30 0 0.502491 824.56 931.64 87.53 105.56 0 0.502469 36.51 650.53 74.36 93.42 0 0.492680 566.66 770.92 93.30 96.99 0 0.490591 1453.61 960.57 39.29 45.12 3 0.454082 601.19 731.47 95.36 98.22 0 0.452647 716.37 990.27 93.43 89.73 0 0.447476 895.79 895.03 80.71 106.64 0 0.436776 807.39 419.75 71.55 87.29 0 0.420833 916.37 356.12 73.43 98.55 0 0.414630 927.12 495.98 91.21 109.82 0 0.406540 305.27 956.07 101.54 108.92 0 0.403933 908.84 530.32 80.45 89.15 0 0.397888 923.58 370.85 73.91 93.26 0 0.397697 1000.21 788.18 108.80 118.96 0 0.388531 781.68 939.99 115.92 120.29 0 0.381615 1440.92 986.10 44.10 55.95 3 0.375110 1124.72 715.61 83.53 92.40 0 0.370397 1086.83 772.11 71.61 80.85 0 0.361975 733.23 652.98 103.70 100.79 0 0.358919 363.75 908.30 85.06 115.50 0 0.357253 880.83 900.58 78.28 89.40 0 0.344550 820.77 446.58 69.13 68.22 0 0.342784 211.27 998.93 102.85 80.77 0 0.335691 661.73 680.17 107.56 114.51 0 0.322963 765.51 656.86 76.77 85.34 0 0.316941 672.68 1027.03 87.41 52.97 0 0.313625 24.20 646.57 64.65 90.41 0 0.306846 1179.82 693.90 72.09 86.91 0 0.306165 770.39 601.15 100.38 130.25 0 0.305464 909.19 351.40 65.75 74.21 0 0.297676 572.32 752.06 107.19 118.95 0 0.295003 899.53 921.57 79.56 84.63 0 0.284403 9.31 638.44 70.32 58.89 0 0.283208 1027.47 759.05 111.96 110.51 0 0.280625 749.01 962.11 100.53 109.59 0 0.277781 858.58 384.06 68.43 75.19 0 0.277019 919.56 842.42 81.45 84.83 0 0.274685 952.88 481.25 96.11 97.22 0 0.274486 984.62 457.09 75.44 95.48 0 0.269374 943.04 835.57 103.05 111.73 0 0.269233 1070.65 726.28 101.87 121.05 0 0.268868 15.89 643.71 68.03 78.90 0 0.268455 1049.00 734.99 98.87 99.25 0 0.263333 815.26 915.24 77.20 94.14 0 0.263276 629.05 705.29 105.05 111.52 0 0.261030 354.95 903.88 75.17 104.66 0 0.257823 585.82 793.45 75.78 83.81 0 0.255770 992.66 818.65 92.07 101.72 0 0.252884 434.94 104.78 53.09 76.56 0 0.252396 975.67 817.32 84.98 87.28 0
539,0.776374 1159.22 397.25 176.57 104.34 0 0.630041 671.15 569.96 135.83 146.74 0 0.531755 549.64 533.59 142.21 127.91 0 0.473962 806.87 592.24 133.45 154.54 0 0.399559 1522.62 310.81 147.24 90.93 0 0.303693 783.22 608.07 158.49 161.06 0 0.297623 1884.34 481.03 35.66 84.62 0 0.275292 831.54 582.54 104.89 112.15 0 0.270829 1511.26 325.91 123.77 73.70 0 0.254328 1359.43 363.10 135.85 78.14 0
540,0.496217 1268.86 552.93 77.85 37.46 1
541,0.646225 566.89 540.21 73.67 28.85 0 0.589532 1009.52 559.92 70.32 26.50 0 0.564023 924.64 551.39 70.15 30.98 0 0.555514 1192.19 562.64 70.43 28.14 0 0.522669 393.64 528.55 71.78 29.62 0 0.512811 1099.95 560.76 77.08 31.03 0 0.510477 657.06 542.28 81.08 32.35 0 0.457125 836.83 550.64 68.58 30.63 0 0.406126 754.22 547.28 64.91 28.95 0 0.255709 1036.17 320.97 29.57 32.48 0
542,0.793461 622.38 76.07 26.56 33.85 0 0.572317 174.24 335.65 29.19 51.34 0 0.560021 654.06 160.14 28.93 40.06 0 0.550621 861.84 154.24 26.17 41.66 0 0.544849 811.07 161.56 30.23 42.16 0 0.537204 240.07 336.68 28.51 48.38 0 0.511520 659.82 155.65 29.92 45.61 0 0.503281 979.82 292.81 27.80 52.93 0 0.484327 131.75 340.43 35.51 52.18 0 0.473964 443.20 371.52 51.86 28.73 0 0.469800 688.62 159.22 26.59 44.60 0 0.455578 269.48 337.06 28.14 47.99 0 0.317475 594.35 75.27 27.03 29.99 0 0.301285 518.86 62.42 39.62 22.81 0 0.295601 649.48 110.63 24.79 34.37 0 0.288111 956.73 155.86 22.81 37.97 0 0.285688 437.02 306.73 37.41 31.15 0 0.281932 730.54 71.16 29.72 35.87 0 0.277870 836.48 164.74 23.82 39.75 0 0.255216 839.68 159.51 24.78 41.85 0 0.254429 713.44 76.08 28.99 30.19 0
543,
544,0.697208 524.30 584.68 69.63 67.49 1 0.483632 239.75 691.05 28.50 28.62 0 0.370535 117.99 652.59 28.37 25.25 0 0.358137 690.52 633.52 33.95 19.89 0 0.288528 98.17 645.52 23.89 23.65 0 0.281541 98.29 650.93 25.89 25.46 0 0.255071 69.43 641.91 29.97 20.00 0
545,0.711498 1244.53 748.12 28.07 54.37 0 0.632671 460.87 466.64 26.35 47.17 0 0.611918 868.47 760.83 26.06 58.24 0 0.603383 1086.98 747.23 28.68 60.67 0 0.599378 1149.97 745.40 28.13 57.90 0 0.596731 1207.29 861.95 26.64 53.20 0 0.593801 356.58 783.55 29.51 57.71 0 0.593307 476.96 594.49 26.42 56.43 0 0.581355 911.01 304.77 28.65 54.06 0 0.578850 1110.54 665.34 30.07 59.58 0 0.576268 616.34 583.86 28.85 57.20 0 0.559583 889.59 678.53 27.34 57.98 0 0.558348 762.80 951.72 49.31 26.13 0 0.555563 386.69 782.27 28.87 53.37 0 0.553016 1263.86 967.98 55.31 29.34 0 0.552258 1051.97 752.19 28.93 56.89 0 0.550094 1178.98 744.37 28.19 55.02 0 0.548625 1071.04 345.35 49.33 57.95 0 0.540608 1241.10 860.27 27.77 56.20 0 0.519314 398.13 469.02 29.41 53.68 0 0.518594 527.25 465.03 27.31 53.98 0 0.503649 1320.61 742.74 26.13 53.86 0 0.492367 1271.86 863.47 27.16 55.34 0 0.474650 1243.04 666.71 25.61 55.78 0 0.471379 1282.43 1007.47 57.53 30.33 0 0.469260 916.81 367.68 44.76 55.57 0 0.461895 1276.89 664.49 27.05 54.47 0 0.459911 1051.14 668.92 27.49 60.56 0 0.456139 419.62 783.42 31.96 52.74 0 0.445908 1211.32 746.69 27.67 55.91 0 0.429747 954.74 671.64 25.62 56.70 0 0.414689 1176.70 667.63 27.03 55.41 0 0.410627 921.27 677.17 26.12 58.01 0 0.410545 778.83 989.29 50.66 30.65 0 0.408340 1016.59 752.80 27.14 54.59 0 0.408230 493.96 467.13 24.93 52.13 0 0.404856 316.90 782.20 32.05 62.54 0 0.392974 1208.10 663.43 26.51 55.18 0 0.380619 988.06 667.42 26.50 56.47 0 0.377265 1069.80 549.83 29.22 54.82 0 0.373307 1144.71 665.94 27.61 58.93 0 0.370978 810.48 486.77 26.27 63.18 0 0.369923 438.73 592.59 27.55 57.79 0 0.335434 1119.05 873.83 56.46 23.80 0 0.330886 773.80 1020.15 53.52 29.09 0 0.317140 1017.31 670.69 28.25 55.07 0 0.310339 342.37 341.40 28.14 63.68 0 0.288738 1048.09 863.54 62.71 28.61 0 0.277398 1284.43 744.13 26.33 56.27 0
546,0.696714 668.06 463.52 65.01 35.69 0 0.673091 780.88 848.32 66.14 35.66 0 0.663578 767.28 586.03 63.25 33.94 0 0.662299 670.92 531.90 60.95 33.87 0 0.635505 792.44 943.18 65.71 35.42 0 0.623559 683.28 661.23 59.75 35.38 0 0.621470 749.27 488.70 56.85 33.70 0 0.616122 908.62 472.58 63.97 30.16 0 0.615181 914.50 537.93 59.23 34.65 0 0.607495 1143.90 413.39 59.35 30.73 0 0.603910 1031.31 919.40 63.40 34.17 0 0.597220 717.31 1017.33 67.15 36.82 0 0.596947 933.86 800.62 60.28 32.75 0 0.592344 923.74 604.07 57.64 28.77 0 0.588496 930.45 666.40 62.78 31.83 0 0.578520 668.12 495.46 63.15 32.35 0 0.576377 776.05 776.55 67.21 37.16 0 0.572150 770.78 683.80 60.19 33.89 0 0.570782 712.71 921.40 62.11 37.22 0 0.566361 802.61 1010.08 60.25 30.65 0 0.564853 694.93 820.15 59.61 36.14 0 0.559687 929.83 732.25 61.69 34.60 0 0.554301 701.54 758.24 59.23 32.69 0 0.549292 1136.24 376.38 64.01 33.20 0 0.521455 906.93 441.63 66.35 32.14 0 0.514374 783.79 880.55 64.62 32.93 0 0.504390 739.68 420.38 64.61 34.49 0 0.502510 699.20 699.34 57.65 35.03 0 0.500575 1223.02 368.37 60.35 27.70 0 0.498009 913.06 503.75 58.79 31.78 0 0.492240 686.42 562.56 63.33 36.71 0 0.491296 778.14 748.40 62.56 33.07 0 0.480351 684.42 630.73 59.62 33.12 0 0.473925 926.24 700.31 64.49 33.54 0 0.472836 954.42 961.91 58.86 34.21 0 0.468755 23.78 909.72 25.40 43.33 0 0.464770 1028.57 950.96 62.04 32.28 0 0.454550 686.83 593.20 61.18 31.95 0 0.453956 771.80 650.72 59.78 34.54 0 0.453363 700.62 730.54 58.86 32.09 0 0.452341 1033.18 987.51 61.65 29.54 0 0.451021 935.86 831.47 63.16 32.48 0 0.445836 767.41 617.89 63.57 30.84 0 0.424837 948.36 927.28 60.06 34.14 0 0.421123 1152.21 473.22 60.28 31.37 0 0.417986 956.99 991.92 57.58 31.30 0 0.411382 947.64 894.26 65.81 35.73 0 0.407211 796.70 978.12 67.05 32.83 0 0.406382 1.08 913.10 19.56 44.40 0 0.403025 753.58 447.50 61.25 32.87 0 0.402591 719.10 951.88 62.96 32.15 0 0.389896 916.79 570.52 61.62 30.91 0 0.382584 539.73 229.24 28.41 22.12 3 0.367223 92.65 907.02 29.23 40.98 0 0.360175 753.23 521.78 60.00 35.95 0 0.356663 733.66 212.19 78.48 37.18 1 0.352214 535.03 230.17 29.30 20.26 3 0.340056 937.42 761.54 60.12 32.69 0 0.339238 696.01 792.05 59.68 33.47 0 0.323097 791.87 916.43 62.27 32.10 0 0.313420 48.09 909.82 25.70 41.13 0 0.313039 602.67 850.47 22.93 29.85 3 0.305504 778.96 717.79 58.52 34.85 0 0.299485 782.44 810.10 61.64 34.36 0 0.295190 743.81 450.34 60.43 34.44 0 0.285557 946.85 856.24 58.19 34.83 0 0.276441 1030.19 953.44 64.18 37.96 0 0.274318 664.59 449.64 65.37 37.66 0 0.264528 693.47 685.93 61.74 35.36 0 0.257103 619.92 1043.34 26.74 26.95 3
547,0.500369 292.59 684.66 26.46 30.14 0 0.495781 985.22 619.59 22.06 22.90 0 0.471996 572.64 720.40 23.97 31.26 0 0.449269 258.81 672.90 31.59 31.34 0 0.437052 937.20 612.54 25.46 24.36 0 0.431852 763.30 579.62 45.25 48.32 1 0.427619 845.84 558.21 19.14 27.97 0 0.393300 812.87 554.61 26.75 28.70 0 0.364727 327.58 686.71 27.81 26.17 0 0.302921 304.64 686.34 29.56 28.34 0 0.287002 1015.54 619.37 22.49 22.58 0 0.285493 920.51 608.97 25.33 28.79 0 0.281928 491.04 723.97 34.19 27.16 0 0.277652 260.09 666.48 29.38 33.62 0 0.255972 492.20 711.75 28.61 27.14 0
548,0.699102 478.67 610.29 28.18 54.94 0 0.696894 790.00 270.31 28.99 60.86 0 0.673597 884.58 262.49 27.19 59.49 0 0.654324 815.94 185.10 27.27 59.31 0 0.650758 755.85 269.57 27.89 60.50 0 0.649680 915.37 261.77 27.31 55.56 0 0.645605 990.23 258.41 26.07 60.74 0 0.637936 844.62 182.34 26.80 60.07 0 0.635768 979.33 381.69 27.38 54.65 0 0.624578 169.93 129.17 29.06 55.33 0 0.619719 148.73 0.00 29.11 56.48 0 0.607181 912.29 179.91 26.43 62.26 0 0.604285 721.95 277.11 27.54 57.89 0 0.597900 14.87 330.13 34.39 60.38 0 0.581694 217.07 0.00 28.25 51.51 0 0.580670 915.71 378.75 27.50 55.92 0 0.573120 87.94 3.17 33.02 60.60 0 0.571761 601.57 611.61 26.28 52.49 0 0.565619 653.42 194.55 27.71 57.55 0 0.560970 979.22 180.24 27.20 60.38 0 0.555990 622.44 199.11 24.94 57.99 0 0.552534 310.74 109.60 30.53 57.53 0 0.551964 184.56 0.84 27.28 52.52 0 0.538486 570.39 291.74 27.76 56.38 0 0.531470 1026.81 258.92 26.76 53.87 0 0.513652 518.14 622.38 25.73 48.29 0 0.512109 671.08 612.16 26.36 48.12 0 0.508536 497.89 10.18 30.44 66.49 0 0.495989 553.83 621.49 24.04 47.30 0 0.488546 811.22 624.99 28.85 57.19 0 0.487357 133.28 128.99 31.36 56.66 0 0.487096 689.35 188.82 26.07 54.73 0 0.484190 852.85 631.33 26.43 56.53 0 0.477715 751.89 191.89 28.21 56.90 0 0.474604 746.97 612.00 26.87 54.40 0 0.467017 719.29 193.83 25.74 58.09 0 0.451128 944.09 180.49 27.54 58.24 0 0.444656 588.17 203.35 28.83 59.90 0 0.440495 82.38 318.94 30.33 58.25 0 0.434172 948.77 263.37 27.09 58.63 0 0.432541 976.17 482.98 52.93 29.44 0 0.428833 470.49 695.29 54.53 30.71 0 0.412625 878.93 182.28 27.69 61.23 0 0.411981 770.44 66.47 27.94 60.42 0 0.409181 421.24 103.09 28.07 45.21 0 0.404543 479.29 516.90 49.26 28.09 0 0.401439 484.74 556.88 54.52 25.42 0 0.397423 534.73 295.79 29.73 57.71 0 0.395721 947.97 376.28 28.59 57.68 0 0.380565 851.84 263.45 28.17 62.21 0 0.378696 753.50 383.96 66.35 28.76 0 0.363387 779.71 607.63 26.89 57.51 0 0.336428 53.84 321.05 31.93 64.84 0 0.283163 810.04 616.71 25.46 62.96 0
549,0.679053 655.08 599.13 56.66 62.12 1 0.385041 235.14 668.63 29.81 22.42 0 0.367876 216.61 669.31 28.90 22.25 0 0.356249 870.67 656.25 22.38 20.10 0 0.297449 186.58 664.64 30.13 16.56 0 0.270860 373.74 713.22 29.33 25.15 0 0.260921 733.96 586.73 32.88 21.63 0
550,0.663007 261.93 348.69 25.15 46.41 0 0.601812 193.28 297.76 27.17 44.07 0 0.594907 828.99 887.82 31.63 62.32 0 0.558383 145.19 56.20 25.05 35.25 0 0.543782 187.29 92.89 22.17 39.03 0 0.540493 28.85 171.19 24.98 37.35 0 0.535641 218.40 55.58 23.20 33.05 0 0.527957 258.48 170.19 22.09 35.71 0 0.524425 1.89 167.54 23.87 38.46 0 0.517477 0.79 92.58 19.49 39.51 0 0.514679 308.80 48.87 24.95 32.59 0 0.512930 247.37 298.13 25.81 42.10 0 0.494029 211.01 91.41 23.08 39.31 0 0.466625 101.05 59.70 27.49 31.89 0 0.465094 138.21 91.82 22.72 38.14 0 0.462044 329.04 84.50 24.27 34.17 0 0.460178 260.38 87.18 21.23 34.90 0 0.453845 267.79 48.36 21.61 33.47 0 0.448050 172.68 55.09 23.82 31.91 0 0.441014 91.69 93.18 23.34 38.64 0 0.432526 243.92 53.20 22.55 35.25 0 0.431234 43.17 93.78 22.64 38.03 0 0.430083 74.84 173.43 27.34 34.33 0 0.425766 232.92 168.77 21.82 37.70 0 0.422870 110.29 172.93 25.65 37.71 0 0.418106 53.77 172.92 24.73 34.42 0 0.417823 279.08 170.87 24.60 34.23 0 0.413800 191.57 56.14 23.97 31.32 0 0.406072 185.83 170.52 23.48 36.50 0 0.403754 19.49 95.17 21.75 38.13 0 0.400991 163.70 92.08 22.86 40.18 0 0.396895 68.09 90.21 23.17 37.60 0 0.394854 75.14 57.44 24.21 30.58 0 0.393228 163.21 170.13 23.28 37.52 0 0.385972 209.93 169.57 21.24 35.72 0 0.357345 88.87 173.31 25.22 35.06 0 0.354430 0.33 81.32 19.94 47.10 0 0.353160 280.45 84.95 22.28 36.36 0 0.343685 269.47 297.03 27.55 42.76 0 0.334858 112.93 93.21 23.35 37.59 0 0.320794 312.01 44.91 23.64 30.29 0 0.315684 111.48 60.11 25.90 31.89 0 0.302504 288.94 48.28 20.71 32.33 0 0.288929 151.35 169.07 28.52 37.80 0 0.264309 275.70 296.06 29.44 46.12 0 0.264266 0.54 52.45 18.15 47.83 0 0.253092 852.67 160.27 26.20 45.95 0
