Image_ID,PredictionString
1,0.793598 32.32 554.68 68.99 46.08 3 0.771606 767.96 85.09 26.01 40.80 3 0.750932 767.16 370.30 88.65 132.56 0 0.740587 102.35 5.04 129.78 53.26 0 0.738482 1144.22 212.52 84.81 87.72 0 0.735130 771.99 786.20 136.78 218.92 1 0.734363 1267.31 194.94 89.82 80.81 0 0.731477 995.90 339.70 96.20 120.39 0 0.728549 1435.72 646.16 142.04 172.71 0 0.707447 1126.71 24.24 23.19 37.86 3 0.702034 1076.98 26.12 23.39 34.28 3 0.695461 646.54 649.47 90.65 167.26 0 0.694876 1260.67 32.01 79.04 67.74 0 0.679957 1107.19 25.40 21.90 34.74 3 0.675067 1183.80 40.51 86.93 84.52 0 0.670645 1082.60 725.82 122.50 184.96 0 0.669993 886.87 794.98 124.59 175.68 0 0.666646 683.53 379.85 88.70 142.41 0 0.666578 596.93 340.33 34.19 38.07 3 0.665888 1075.05 58.63 77.08 82.08 0 0.661367 1269.59 278.49 105.81 124.52 0 0.660056 1066.06 232.14 96.15 86.00 0 0.656085 1521.48 628.04 142.50 161.44 0 0.654610 45.40 508.28 66.09 43.20 3 0.650078 1463.10 174.70 90.90 83.99 0 0.640579 656.40 293.56 77.41 87.65 0 0.639550 847.84 100.81 73.49 88.26 0 0.636775 0.00 25.56 80.43 46.72 0 0.635681 1673.10 137.27 83.05 71.28 0 0.635179 533.14 154.72 60.39 94.88 0 0.628696 1273.83 691.52 130.77 181.64 0 0.626935 92.45 374.24 40.00 48.54 3 0.619047 1848.03 310.13 71.97 84.00 0 0.613848 1746.41 208.18 112.84 87.93 0 0.613232 720.61 87.82 24.94 40.84 3 0.612868 1020.40 78.26 70.88 72.48 0 0.608060 519.77 374.14 38.91 40.99 3 0.606441 833.64 71.96 21.78 35.63 3 0.605395 597.82 160.76 63.42 84.09 0 0.605351 787.05 81.71 25.13 40.05 3 0.602919 455.58 163.39 62.56 96.96 0 0.597855 1028.84 37.40 24.91 35.59 3 0.589047 952.81 247.79 71.63 91.67 0 0.588010 1173.70 703.36 142.14 190.17 0 0.571537 1488.76 482.85 156.47 124.34 1 0.569005 910.16 91.06 68.23 82.62 0 0.560874 1612.41 633.00 138.79 140.58 0 0.558673 867.40 253.75 80.88 103.69 0 0.551978 487.05 94.88 110.94 62.68 0 0.544629 748.23 91.39 23.70 39.41 3 0.539189 1354.42 673.96 128.95 166.44 0 0.535241 1382.00 183.46 100.25 85.18 0 0.531855 909.68 678.79 42.00 61.07 3 0.529554 1146.97 16.72 23.36 36.14 3 0.521916 693.00 98.67 25.63 38.56 3 0.497005 360.90 169.50 21.78 38.89 2 0.494744 40.82 526.80 67.18 40.47 3 0.486282 24.63 563.43 67.67 45.28 3 0.483584 809.23 78.20 24.21 39.66 3 0.479386 553.83 52.90 29.84 35.17 3 0.477315 1513.96 107.42 30.99 32.32 3 0.471647 307.34 647.15 133.57 172.33 1 0.467230 886.08 771.26 105.21 186.69 0 0.458809 567.73 310.98 26.39 38.66 2 0.448571 319.86 837.90 32.03 69.01 3 0.433902 1683.90 129.48 74.30 70.55 0 0.430842 235.57 360.80 28.22 36.06 2 0.426022 296.73 537.16 142.52 234.10 1 0.425269 783.59 83.81 25.42 41.77 3 0.417065 1548.73 472.20 130.47 105.53 0 0.412835 313.10 834.13 35.63 75.08 3 0.412670 540.17 520.58 33.36 55.58 3 0.397952 221.15 408.95 53.64 41.04 3 0.392394 502.75 290.46 19.28 33.29 2 0.385243 1069.61 721.19 110.10 159.86 0 0.381099 797.72 829.60 119.22 169.22 0 0.380228 999.32 41.75 25.13 36.85 3 0.375494 835.28 67.94 22.65 36.14 3 0.363104 1652.28 574.84 149.94 183.54 0 0.351718 1570.35 475.23 104.80 91.57 0 0.351243 1262.04 680.10 127.31 175.54 0 0.342485 886.70 773.36 90.24 152.15 0 0.342477 8.50 237.68 47.35 36.26 3 0.341817 594.62 399.66 80.64 132.93 0 0.337369 1023.90 42.31 26.23 35.90 3 0.336583 295.34 600.34 144.81 229.68 1 0.331751 280.75 504.78 37.35 51.83 2 0.320757 1500.16 0.00 49.63 42.95 1 0.312233 694.86 90.33 24.05 41.47 3 0.310657 93.35 11.62 129.46 55.02 0 0.306125 1049.21 31.86 23.87 35.88 3 0.305903 563.30 55.69 34.95 33.10 3 0.305684 208.53 450.44 47.74 51.09 2 0.302587 1476.50 171.35 83.21 75.57 0 0.297164 227.25 745.46 34.27 36.57 3 0.296802 590.57 400.96 89.34 139.68 1 0.289239 1663.75 596.18 163.16 168.12 0 0.288723 993.86 41.30 25.35 39.33 3 0.285296 1668.11 491.64 41.12 49.01 3 0.275428 1514.70 616.27 127.04 159.40 0 0.274777 50.46 513.93 63.74 43.98 3 0.261546 1485.74 485.65 120.78 113.36 1 0.261355 46.98 500.26 58.29 44.45 3 0.261198 481.82 90.52 103.87 56.75 0 0.260129 1497.39 0.00 51.58 47.24 0 0.251685 221.44 402.18 50.90 40.00 3
2,0.758283 812.26 189.92 31.58 56.35 1 0.731053 1443.20 336.54 27.46 40.33 0 0.707845 523.73 512.29 30.70 44.16 0 0.673676 1781.40 104.70 23.86 28.55 0 0.670754 767.07 669.13 29.59 59.28 0 0.663018 767.80 303.85 26.21 45.27 0 0.660063 699.12 668.74 30.60 55.42 0 0.656824 676.21 513.54 27.23 46.68 0 0.643495 530.46 369.91 28.40 41.70 0 0.643434 645.36 515.91 26.11 41.98 0 0.639856 500.96 370.83 27.89 39.11 0 0.634185 1480.01 518.96 29.85 41.45 0 0.629896 331.78 675.93 34.55 52.86 0 0.628870 737.52 516.11 26.65 48.32 0 0.624921 643.02 375.25 25.10 38.83 0 0.623322 1396.39 106.73 23.49 30.78 0 0.613640 365.24 678.13 32.82 57.38 0 0.603335 712.18 298.06 26.06 45.41 0 0.594855 1140.66 199.47 44.30 23.08 0 0.594130 671.74 377.13 24.10 38.41 0 0.593525 502.29 672.87 30.72 53.02 0 0.590877 322.58 556.70 34.94 53.93 0 0.588688 356.48 208.31 34.04 44.99 0 0.582911 1489.99 566.62 36.56 49.10 0 0.579622 1808.86 104.47 23.72 29.97 0 0.572541 355.32 558.15 34.97 51.18 0 0.571446 1582.57 80.39 20.91 27.96 0 0.567070 333.87 255.01 31.74 40.93 0 0.562084 973.53 189.84 45.96 22.67 0 0.560484 604.70 297.84 24.70 41.42 0 0.559774 666.25 670.57 29.77 54.96 0 0.556368 814.09 138.59 22.60 24.86 0 0.555663 606.72 567.70 27.91 49.35 0 0.550020 1625.11 199.97 45.17 23.87 0 0.549054 314.25 304.27 31.87 42.98 0 0.537487 510.29 562.26 31.81 53.03 0 0.535300 698.24 379.62 24.25 39.95 0 0.535277 1081.98 729.13 79.01 34.40 1 0.531319 1775.09 29.64 20.97 25.97 0 0.530827 471.36 673.29 28.27 51.95 0 0.530764 1632.42 912.74 65.76 57.78 0 0.521227 549.13 289.52 30.64 48.37 0 0.520887 1676.54 772.72 65.51 31.04 0 0.520671 544.38 563.00 30.78 53.62 0 0.512555 724.78 378.37 24.66 37.21 0 0.510420 747.80 420.07 28.16 59.01 1 0.507795 292.98 346.87 37.70 46.68 0 0.501590 246.62 445.25 38.02 51.19 0 0.496680 1796.70 34.97 25.13 24.10 0 0.496490 991.33 733.69 66.23 33.67 0 0.495130 1686.02 774.77 65.69 27.29 0 0.486715 617.82 515.61 25.27 41.25 0 0.486503 196.03 559.67 34.70 48.51 0 0.482770 1718.73 136.45 26.80 22.90 0 0.480180 1650.99 8.18 26.85 21.98 0 0.478708 265.36 391.48 41.18 49.53 0 0.466098 1728.10 97.33 20.31 26.42 0 0.462611 1080.42 198.25 41.49 22.28 0 0.456537 1340.49 544.58 29.61 50.87 0 0.453350 534.61 673.57 29.13 52.91 0 0.449264 580.95 732.60 15.78 25.16 3 0.448198 708.77 514.79 26.29 50.20 0 0.447071 1422.13 247.14 28.62 33.31 1 0.445607 1655.32 492.36 32.41 43.79 1 0.439461 638.37 421.63 25.94 46.73 0 0.439292 219.43 503.96 35.10 49.51 0 0.439134 693.60 425.11 25.04 39.90 0 0.435639 603.73 424.95 27.43 46.08 0 0.432187 1423.46 101.74 21.14 29.16 0 0.427719 1629.52 84.19 21.45 26.74 0 0.425546 1157.56 203.07 51.29 23.06 0 0.425011 1699.51 10.31 26.71 19.17 0 0.424021 632.75 670.56 28.08 53.89 0 0.423811 495.82 295.86 25.01 38.29 0 0.423742 1837.20 106.38 25.09 27.80 0 0.422005 584.26 380.83 21.79 37.70 0 0.421514 460.62 418.00 27.96 42.56 0 0.419655 1409.04 173.32 24.31 30.94 0 0.417724 1674.54 89.06 21.60 29.20 0 0.412812 519.39 416.24 29.02 46.19 0 0.412548 681.35 297.26 25.79 46.77 0 0.401514 664.10 187.18 26.45 43.50 0 0.401090 384.94 739.49 20.36 27.67 3 0.393216 1733.73 29.38 18.35 23.13 0 0.393059 1824.27 106.02 26.26 28.59 0 0.392795 1432.31 294.29 24.63 37.55 0 0.388098 565.43 182.62 25.97 40.11 0 0.377371 615.30 187.12 25.13 40.16 0 0.376897 632.14 423.89 27.33 46.34 0 0.374930 718.90 422.84 25.56 45.99 0 0.366747 1752.29 29.14 20.19 25.90 0 0.366169 487.00 178.18 29.09 47.47 0 0.364263 1390.26 42.37 20.45 22.21 0 0.359183 1576.62 949.89 34.21 56.08 0 0.358872 1700.26 95.90 19.92 27.12 0 0.357859 1458.78 416.85 31.21 42.64 0 0.351840 1304.09 289.71 22.28 37.03 0 0.348707 411.14 738.62 15.80 26.99 3 0.346681 1601.13 81.45 22.73 26.13 0 0.346471 1517.97 2.19 24.08 27.65 0 0.345098 764.08 195.43 25.29 41.35 0 0.343674 415.82 75.83 23.90 40.42 0 0.340939 1853.01 443.71 34.09 21.42 0 0.337243 1518.32 0.00 27.27 19.99 0 0.332336 625.44 422.14 24.57 47.32 0 0.328491 1711.19 29.07 19.41 23.79 0 0.326820 1658.67 24.93 22.65 26.28 0 0.326695 702.59 669.22 33.07 59.66 0 0.326372 765.83 669.86 30.94 60.99 1 0.326139 1757.41 775.96 42.23 29.53 1 0.320175 1318.14 374.22 28.37 45.48 0 0.319173 630.55 300.39 26.62 44.74 0 0.316977 1318.26 376.21 27.57 48.22 1 0.305486 755.38 374.03 28.01 45.79 0 0.302969 1814.07 37.78 26.28 20.52 0 0.300072 1890.16 955.46 29.32 67.07 0 0.298723 1742.64 8.56 25.53 20.08 0 0.297512 1340.53 507.51 25.08 32.99 0 0.293600 1413.56 202.45 24.69 31.36 1 0.292293 767.15 170.55 31.84 24.95 0 0.288343 1327.57 439.99 24.49 34.95 0 0.285528 414.68 294.17 20.36 25.11 3 0.277233 484.45 738.23 15.78 25.51 3 0.273913 1173.47 203.16 42.79 23.66 0 0.263019 434.87 738.79 15.38 27.24 3 0.262126 608.26 732.09 15.35 26.28 3 0.257610 1762.78 894.79 70.98 33.03 0 0.256615 1335.57 480.30 26.24 39.50 0 0.251435 1385.88 68.59 24.66 27.66 0 0.251266 1451.19 380.33 34.65 42.09 1
3,0.573905 102.68 19.71 47.91 25.44 0 0.531712 0.57 195.64 20.28 30.01 0 0.528199 511.90 68.23 36.02 33.38 0 0.437256 1278.28 271.95 29.04 26.74 1 0.418443 1306.17 228.03 28.44 23.61 0 0.399664 523.93 82.04 30.42 37.97 0 0.342308 1309.23 240.38 25.61 21.77 0 0.322991 661.43 642.04 10.23 15.66 2 0.287983 240.60 496.33 10.60 10.51 2 0.261591 514.29 71.59 35.61 41.62 0 0.258238 606.15 111.08 9.89 16.36 2
4,0.687994 711.27 377.38 9.76 15.11 2 0.638680 606.69 296.80 10.00 17.87 2 0.630207 1100.42 66.41 26.52 37.84 0 0.575865 621.64 268.49 11.79 19.29 2 0.525286 1072.64 47.71 28.04 39.50 0 0.519061 892.40 340.87 13.00 15.21 2 0.515139 491.68 274.65 16.44 26.37 2 0.514507 557.93 296.02 13.89 15.48 2 0.497682 1003.18 0.71 26.57 35.42 0 0.495111 919.34 62.53 48.88 29.20 1 0.491915 917.65 62.83 39.95 25.86 1 0.430069 541.28 426.65 9.11 14.27 2 0.413589 560.88 406.24 12.07 16.31 2 0.399696 987.73 104.24 15.86 18.53 3 0.383878 429.24 663.44 18.51 25.21 2 0.370805 621.03 265.20 12.29 18.30 2 0.369470 753.62 625.67 12.29 15.69 2 0.344891 538.98 273.71 17.11 18.62 2 0.339490 264.23 560.29 15.54 18.59 2 0.305311 641.19 546.95 14.92 15.90 2 0.298697 573.08 396.40 11.51 18.05 2 0.298457 558.82 397.33 11.97 16.29 2 0.296303 258.35 558.48 15.63 18.27 2 0.283576 926.32 62.68 44.59 22.61 1 0.277308 677.47 340.40 10.91 18.89 2 0.267622 888.03 310.70 13.14 12.46 2
5,0.730405 1255.85 391.45 64.89 42.10 1 0.678409 1122.64 241.81 21.79 35.07 0 0.666056 1106.40 369.70 31.35 51.85 1 0.609990 737.95 119.13 41.90 33.79 1 0.600113 572.23 646.46 59.05 33.70 0 0.586123 1084.95 528.55 25.71 46.48 0 0.584334 869.38 35.80 34.89 21.46 0 0.554321 1115.20 282.97 24.52 32.45 0 0.492962 829.23 225.74 33.83 23.62 0 0.466730 1068.79 677.14 29.87 38.89 0 0.453146 354.52 42.47 14.00 21.04 2 0.452276 834.00 197.49 40.80 25.50 0 0.439551 1111.31 325.63 23.10 37.54 0 0.394086 407.68 38.60 12.89 16.28 2 0.372417 424.91 24.27 14.12 21.34 2 0.340415 1108.31 370.87 29.23 50.52 0 0.334936 736.82 74.18 13.23 13.23 3 0.329888 1127.68 187.55 21.48 33.54 0 0.317481 1243.95 679.41 43.61 22.14 0 0.315846 404.35 78.88 11.17 15.53 2 0.313764 0.82 46.87 15.02 33.32 0 0.311379 337.24 94.10 11.79 14.21 2 0.285134 1239.07 557.61 34.96 64.94 1
6,0.619747 1083.51 525.83 25.48 45.15 0 0.609118 1251.13 386.90 68.68 42.03 1 0.601132 735.61 115.24 37.11 36.72 1 0.568893 574.17 640.99 57.39 31.78 0 0.555461 833.60 194.61 40.72 23.48 0 0.552731 829.34 222.40 32.68 23.22 0 0.533515 1235.04 545.95 39.18 115.37 1 0.528694 1108.81 319.86 24.18 37.83 0 0.504983 1118.45 236.37 23.54 34.00 0 0.502292 1125.53 182.98 23.09 33.67 0 0.501013 1104.73 366.03 30.23 48.17 1 0.473503 735.27 112.40 33.25 29.99 1 0.452779 1065.73 670.85 31.24 48.93 0 0.421125 866.90 31.10 34.32 20.22 0 0.334908 356.22 39.96 11.09 17.76 2 0.295595 1112.90 277.28 21.84 33.90 0 0.284105 339.02 94.15 9.19 12.02 2 0.258489 1118.62 241.91 24.39 34.58 0 0.258199 1107.33 364.51 27.65 47.89 0
7,0.759834 799.28 912.67 35.75 63.27 3 0.750473 1628.48 399.06 34.49 40.26 3 0.723845 1034.87 824.83 46.22 67.48 3 0.704995 838.46 910.60 33.75 61.28 3 0.704149 616.48 974.55 36.78 59.88 3 0.701049 1046.40 523.41 33.11 41.26 3 0.686057 1166.11 845.95 144.91 168.06 0 0.672473 1599.98 389.70 39.41 48.57 3 0.672411 1217.43 764.98 37.70 56.41 3 0.670526 1141.49 597.89 41.94 34.97 3 0.666489 1525.12 508.15 40.79 43.77 3 0.661539 754.61 925.15 38.59 62.09 3 0.655118 1161.28 686.18 47.35 33.40 3 0.650871 695.78 653.75 47.17 42.88 3 0.644924 1245.82 751.08 39.93 59.08 3 0.642586 1097.75 803.60 39.14 62.88 3 0.628270 1190.74 772.82 37.79 61.45 3 0.627094 490.75 690.68 49.54 36.69 3 0.625519 926.24 948.58 113.69 129.77 0 0.625165 872.02 894.30 33.65 65.59 3 0.618340 999.35 533.64 37.63 45.70 3 0.617189 568.33 990.73 40.65 75.57 3 0.609386 1157.60 691.35 49.83 33.33 3 0.603823 963.09 654.84 33.14 37.09 3 0.583363 782.54 591.55 28.44 47.82 3 0.577818 911.97 554.15 31.37 49.49 3 0.570626 1130.84 479.04 90.08 64.58 1 0.567925 1147.56 788.51 41.77 62.98 3 0.561870 1701.96 369.23 30.24 39.32 3 0.561331 1091.01 893.55 140.78 145.78 0 0.559865 1321.93 802.28 153.08 152.79 0 0.556901 1151.96 782.90 36.52 57.19 3 0.555801 659.98 972.99 35.09 65.81 3 0.555039 692.09 949.88 37.41 70.22 3 0.546959 716.18 619.34 38.57 41.34 3 0.544818 728.19 616.41 37.14 40.34 3 0.531603 1073.02 818.01 36.16 61.21 3 0.530792 832.70 571.95 34.80 54.08 3 0.529978 137.33 823.91 210.61 99.30 0 0.527911 881.90 560.40 30.62 51.45 3 0.513470 1412.06 768.81 156.50 126.08 0 0.511215 828.10 968.50 99.90 111.50 0 0.509058 739.83 681.43 33.30 37.85 3 0.493380 1865.67 384.26 38.63 31.72 3 0.490183 697.47 956.64 37.06 70.16 3 0.485294 1021.04 530.13 33.47 43.78 3 0.464884 1724.98 364.94 30.09 36.26 3 0.464546 716.92 610.74 33.02 44.84 3 0.464354 1154.95 784.86 42.35 59.15 3 0.463955 589.00 657.68 58.68 38.94 3 0.458157 1140.96 793.21 45.09 64.45 3 0.458151 1145.59 592.46 36.78 35.36 3 0.444951 490.78 678.81 63.53 41.71 3 0.444849 865.30 563.57 30.03 52.59 3 0.439164 756.16 598.92 30.31 46.17 3 0.438898 1674.94 383.09 33.02 40.34 3 0.431188 1163.97 780.32 37.70 57.16 3 0.416532 1010.59 494.00 52.26 30.74 3 0.413102 1119.26 798.03 38.42 63.74 3 0.413079 716.08 940.07 38.68 66.60 3 0.409287 966.49 658.43 34.02 38.08 3 0.406123 1203.27 767.65 46.31 62.45 3 0.405161 1699.87 377.52 30.71 37.91 3 0.397875 499.87 668.55 72.23 35.96 3 0.389867 1300.58 478.77 23.59 33.18 2 0.378474 589.99 666.55 58.92 34.90 3 0.377147 691.33 658.84 48.62 41.92 3 0.372384 1575.82 699.62 122.48 91.42 0 0.364280 729.94 689.75 44.19 35.43 3 0.357634 1357.75 436.67 32.88 41.60 3 0.357611 651.08 968.97 37.47 65.16 3 0.352628 702.69 624.20 36.70 42.77 3 0.351605 1102.15 802.54 44.26 68.98 3 0.351553 703.06 945.51 45.30 70.40 3 0.346664 738.65 599.79 32.18 46.44 3 0.340987 1649.01 370.82 27.09 36.68 3 0.336264 1365.47 365.35 54.25 47.01 3 0.335771 507.39 663.62 69.29 35.89 3 0.324992 942.36 542.17 31.39 51.60 3 0.311011 1680.85 376.79 31.23 40.32 3 0.308946 968.77 665.77 36.46 35.90 3 0.295216 705.53 668.65 45.44 37.80 3 0.290066 989.57 536.95 35.67 46.27 3 0.286107 1197.67 764.13 37.82 53.43 3 0.285469 1634.19 377.37 29.62 35.88 3 0.282118 1713.19 373.23 35.09 39.90 3 0.281078 1579.12 652.65 36.65 42.66 3 0.276008 1135.78 591.43 45.30 39.55 3 0.275892 1045.90 513.05 37.11 47.31 3 0.271694 1227.96 478.92 34.51 40.30 3 0.267790 936.33 547.44 34.55 51.51 3 0.265714 644.01 610.50 24.24 39.67 3 0.261629 1128.00 480.95 99.53 53.04 3 0.260244 595.81 981.37 35.25 67.93 3 0.260214 1079.29 809.75 36.71 55.26 3 0.258837 724.03 694.29 45.09 30.54 3 0.258617 1645.97 383.07 29.89 41.77 3 0.258456 1005.55 521.30 42.42 50.83 3
8,0.811261 507.99 553.38 169.65 75.36 1 0.706102 1697.07 696.67 98.25 112.33 0 0.702335 540.55 1010.04 69.14 51.68 3 0.685596 1410.16 693.62 73.81 102.66 0 0.679825 1492.37 519.05 118.41 52.42 0 0.678825 796.60 435.55 106.58 41.78 0 0.676935 919.41 441.45 115.09 41.63 0 0.657021 1573.04 841.51 55.46 48.38 3 0.651864 839.93 966.87 58.02 39.30 3 0.650740 1507.02 645.93 29.43 42.20 3 0.649041 1724.88 650.74 30.87 42.78 3 0.639092 1627.33 473.71 22.83 37.97 3 0.632305 1499.06 890.01 104.38 122.35 0 0.631659 548.29 415.14 95.45 41.22 0 0.626744 1257.71 658.20 65.52 110.96 0 0.622499 854.34 948.00 44.26 34.32 3 0.620841 1361.10 857.35 24.13 37.84 2 0.611823 1337.18 675.69 67.76 109.56 0 0.610840 769.35 913.90 61.23 38.49 3 0.605973 1286.00 603.83 123.45 65.85 0 0.605969 1763.71 909.27 143.23 139.69 0 0.604816 665.04 422.73 107.48 41.69 0 0.602777 1781.16 697.55 84.25 105.87 0 0.602477 968.30 575.37 17.96 38.46 2 0.597378 1727.31 477.98 23.89 36.33 3 0.587279 1782.79 474.45 25.28 41.72 3 0.577883 1603.64 471.09 23.44 35.59 3 0.573685 1843.11 480.96 26.02 40.56 3 0.555928 1696.34 652.06 30.28 42.07 3 0.554225 1538.03 643.23 28.38 42.03 3 0.549754 1020.31 891.21 55.15 41.68 3 0.541527 1446.35 853.75 23.88 35.46 2 0.527723 584.39 670.76 21.57 43.99 3 0.527362 1758.25 476.57 24.21 38.60 3 0.523014 1686.63 474.69 23.78 37.63 3 0.522083 548.37 1001.89 56.70 52.13 3 0.511454 1591.45 647.77 26.38 40.90 3 0.506290 1445.06 857.65 25.03 37.03 3 0.501452 1009.89 570.03 27.07 31.71 2 0.497741 1111.97 351.08 17.40 33.76 2 0.492113 1863.41 655.95 33.49 46.30 3 0.491385 1455.33 463.28 30.41 31.44 3 0.479878 1635.83 650.68 30.66 42.33 3 0.452798 1660.23 473.07 23.98 38.91 3 0.448529 1175.61 737.05 17.32 30.91 2 0.446773 856.34 1016.92 31.68 37.25 3 0.446106 1566.50 647.71 25.64 42.13 3 0.443058 1119.25 1038.52 25.58 41.48 2 0.430367 628.69 673.15 22.56 52.12 3 0.429946 1651.06 1038.46 93.82 41.46 0 0.426093 1669.77 650.29 27.50 43.24 3 0.424762 1642.65 651.54 30.61 43.71 3 0.410809 1708.77 476.49 22.17 36.78 3 0.405871 1899.88 658.27 19.47 43.16 3 0.397629 1603.35 648.68 28.20 42.27 3 0.395225 1872.50 479.88 23.98 41.25 3 0.391791 1845.55 458.54 25.20 34.32 3 0.388686 1601.46 474.02 23.47 36.55 3 0.385773 1872.41 927.83 47.59 97.35 0 0.384450 1530.94 467.91 24.56 32.81 3 0.370744 1447.51 466.69 32.78 31.10 3 0.370240 1140.30 882.36 27.18 46.98 2 0.357920 1578.09 473.75 24.70 33.42 3 0.347122 1803.99 471.78 23.12 42.97 3 0.346192 1010.86 791.42 22.24 45.98 2 0.320572 1558.25 1023.86 97.44 54.12 0 0.316755 1498.53 515.89 112.32 42.53 0 0.311156 825.05 1024.16 50.05 35.22 3 0.302648 1009.53 571.19 30.41 37.67 3 0.299518 1177.31 1033.90 30.90 46.10 3 0.289702 1830.25 479.12 24.72 39.95 3 0.283239 1578.40 837.67 42.44 44.58 3 0.279042 480.20 406.64 26.13 35.08 3 0.276712 627.62 667.19 21.26 46.61 3 0.267144 1186.76 1035.36 29.82 44.64 3 0.251803 1040.38 793.40 22.87 43.35 3
9,0.720644 823.40 888.65 70.97 47.71 1 0.707542 334.32 881.79 34.82 54.70 0 0.694442 315.63 463.63 46.30 66.23 1 0.656745 263.16 631.84 35.04 51.76 0 0.656109 289.96 722.12 33.19 48.80 0 0.655891 259.18 730.87 31.55 51.31 0 0.639780 487.14 396.98 52.24 27.05 0 0.636970 335.08 765.12 33.20 55.78 1 0.631326 94.95 798.76 35.33 47.60 0 0.626353 258.92 464.91 46.98 28.40 0 0.614171 39.24 886.24 42.78 53.08 1 0.607067 362.50 749.45 42.48 66.07 1 0.605885 268.39 499.91 34.38 41.20 0 0.587833 170.75 952.36 33.40 55.28 0 0.585672 162.85 774.19 33.74 50.96 0 0.584854 587.69 366.83 48.02 26.43 0 0.581531 1536.49 97.65 33.10 32.27 0 0.576881 875.49 462.88 37.98 41.46 0 0.576420 230.79 746.02 30.01 50.20 0 0.574330 432.53 1029.37 35.60 50.63 0 0.569461 1096.61 580.16 35.40 38.83 0 0.562755 370.78 754.37 37.33 61.61 1 0.560236 176.96 666.20 35.47 53.35 0 0.557043 980.46 80.38 26.91 30.24 0 0.556429 181.91 1010.30 36.95 65.76 0 0.553001 1320.75 828.11 56.03 40.90 0 0.552307 653.85 344.01 65.09 27.42 0 0.547047 1069.24 539.02 33.99 36.19 0 0.539903 932.81 4.79 26.90 22.91 0 0.537089 1172.43 35.07 21.52 32.66 0 0.536198 1107.95 48.19 19.08 31.39 0 0.534706 1525.10 26.82 33.95 32.01 0 0.533638 145.69 680.66 30.94 47.49 0 0.526823 287.21 976.22 39.53 57.91 0 0.526374 302.55 894.91 32.47 52.53 0 0.523720 903.70 9.35 27.12 22.35 0 0.523120 219.34 996.90 37.67 65.21 0 0.521422 305.35 771.47 32.09 48.43 0 0.515429 958.83 608.34 32.76 29.50 0 0.514908 1086.28 51.23 19.35 31.40 0 0.506519 1566.92 559.26 42.01 29.47 0 0.503570 1698.31 487.77 40.77 34.34 0 0.498889 963.10 630.84 35.38 33.08 0 0.498729 398.60 852.72 37.77 60.27 0 0.496761 1412.55 755.35 43.56 39.18 0 0.489685 663.04 342.56 63.56 26.67 0 0.485267 1489.33 7.99 32.48 31.09 0 0.480191 1063.80 57.20 18.09 31.34 0 0.479153 1318.57 680.20 36.07 32.03 0 0.474932 272.38 912.93 31.14 47.67 0 0.474005 835.58 34.79 33.99 27.36 0 0.472506 1072.85 0.00 36.94 12.30 0 0.471282 646.68 345.13 61.95 27.85 0 0.468670 82.62 697.46 36.95 55.73 1 0.467759 753.31 937.07 50.34 38.48 0 0.457914 1147.22 38.21 21.32 32.71 0 0.457840 398.00 1040.08 37.80 39.92 0 0.457275 232.98 638.17 36.01 57.66 0 0.453744 1361.30 660.49 38.46 30.44 0 0.452754 833.69 385.61 34.99 36.06 0 0.451826 1326.51 1033.93 47.23 46.07 0 0.447454 155.38 529.96 35.05 50.23 1 0.446287 1469.75 606.96 44.19 32.73 0 0.439298 1629.74 145.49 35.98 31.14 0 0.436809 214.18 820.18 35.77 55.62 0 0.436768 1602.67 119.03 33.96 30.69 0 0.435399 1515.03 31.13 32.39 30.32 0 0.432930 1668.85 620.10 40.48 30.69 0 0.432388 970.00 375.00 30.82 36.03 0 0.431823 1599.43 115.13 31.04 29.84 0 0.429833 1742.45 465.15 48.82 33.06 0 0.428189 289.74 410.37 32.76 26.76 0 0.427967 815.03 127.23 26.07 29.52 0 0.422950 1534.46 754.46 45.62 50.08 0 0.422308 939.34 572.75 35.99 38.96 0 0.421760 1183.40 443.95 29.52 28.92 0 0.421512 1325.53 678.06 35.00 30.55 0 0.420073 502.47 997.55 38.56 55.72 0 0.418038 369.94 864.48 35.48 57.02 0 0.416831 1115.55 375.60 39.97 23.81 0 0.416187 946.08 344.51 28.91 30.02 0 0.414904 861.83 32.15 26.91 24.44 0 0.414216 991.74 415.85 33.87 37.05 0 0.413762 1195.05 28.71 22.20 28.23 0 0.412152 1567.14 127.79 32.61 32.79 0 0.410186 1073.35 34.03 22.78 25.75 0 0.409883 1560.12 564.94 38.79 29.36 0 0.409629 930.77 557.35 39.41 41.56 0 0.406396 961.29 319.13 32.61 23.49 0 0.404831 1504.82 774.18 43.40 43.36 0 0.403404 1589.73 153.80 39.45 37.06 0 0.401210 769.34 174.66 26.18 33.70 1 0.400376 1574.33 91.54 32.83 26.58 0 0.399827 1419.64 750.92 43.79 35.83 0 0.398780 1574.16 736.08 43.52 49.63 0 0.398399 1221.36 81.06 34.82 24.44 0 0.397982 311.66 465.30 50.18 61.34 0 0.395054 1652.53 511.83 39.25 30.80 0 0.391441 112.63 852.39 37.09 60.15 0 0.390874 1000.76 74.59 24.27 28.40 0 0.389866 100.57 551.33 30.66 48.67 0 0.386620 67.69 812.39 32.06 48.20 0 0.383497 914.68 529.10 33.45 39.68 0 0.382905 359.36 757.87 36.07 61.92 1 0.382367 1188.99 447.63 32.74 31.80 0 0.378232 1748.49 464.63 51.43 31.34 0 0.375058 1313.07 350.26 24.71 37.06 0 0.373079 316.43 710.27 30.80 43.00 0 0.371776 839.43 168.87 27.71 27.76 0 0.369242 38.50 569.36 34.70 50.74 1 0.368792 1610.39 536.45 42.06 33.10 0 0.366277 1062.62 35.37 24.21 26.65 0 0.360894 1196.10 453.56 31.95 32.26 0 0.352623 1570.52 56.49 29.26 29.22 0 0.352459 1458.66 23.79 33.70 30.52 0 0.350790 911.86 521.54 31.69 37.83 0 0.349985 1092.67 152.65 28.16 33.75 0 0.349123 18.37 724.91 28.94 56.07 1 0.344458 135.20 628.31 31.19 44.43 0 0.342392 878.21 226.14 37.76 30.30 1 0.341620 1555.94 60.18 32.00 30.04 0 0.340661 1454.75 16.92 32.72 30.11 0 0.340057 1021.09 0.87 29.91 26.65 0 0.339852 717.38 0.00 28.45 10.25 0 0.338377 243.36 803.21 36.42 55.61 0 0.337799 1465.22 0.00 28.68 18.76 0 0.336544 69.87 652.59 31.49 42.62 0 0.336250 1017.74 451.76 31.85 39.50 0 0.336027 1728.32 78.33 28.43 27.58 0 0.333721 1536.38 93.22 31.84 28.43 0 0.333681 1039.96 576.96 30.79 36.43 0 0.333368 904.51 226.00 29.34 27.52 0 0.332821 740.48 941.57 54.55 39.05 0 0.332343 1292.23 956.41 34.92 39.93 0 0.330784 890.42 254.94 32.22 27.49 1 0.329479 933.91 267.87 35.43 26.94 0 0.322125 0.00 741.63 20.70 50.97 0 0.322049 908.92 27.74 23.10 25.70 0 0.321365 1521.09 583.07 36.56 25.11 0 0.320256 323.84 711.36 29.40 46.55 0 0.316882 1043.88 494.42 31.99 42.52 0 0.315969 326.92 610.51 34.60 54.34 0 0.311677 214.21 819.25 35.91 58.15 1 0.311229 1607.06 53.15 29.10 26.47 0 0.309325 1498.18 10.47 35.94 31.08 0 0.308754 855.97 426.19 34.23 30.40 0 0.306870 1422.45 0.00 30.90 19.13 0 0.306621 1063.06 535.69 33.46 38.47 0 0.306462 1578.44 37.10 28.40 24.18 0 0.305594 1426.71 0.00 35.34 22.63 0 0.305426 1502.55 780.65 41.94 43.84 0 0.305338 100.03 796.35 37.16 50.22 0 0.303893 1758.25 0.00 33.18 15.22 0 0.301667 275.83 918.06 31.81 48.22 0 0.301152 1435.05 1.30 33.66 28.23 0 0.299772 1010.84 0.00 33.19 14.50 0 0.298754 1523.96 19.23 34.90 31.78 0 0.296330 324.71 610.46 33.13 52.83 1 0.294389 1264.77 699.27 33.21 25.83 0 0.292745 1765.26 0.00 42.85 19.57 0 0.292680 965.57 0.00 31.60 12.58 0 0.289903 829.77 378.90 33.86 32.67 0 0.289604 861.41 430.15 33.94 31.91 0 0.286498 1642.25 145.35 33.38 29.81 0 0.285071 1086.98 157.57 26.55 33.69 0 0.282876 1039.76 64.66 20.97 27.25 0 0.281532 139.19 638.33 29.71 40.97 0 0.280458 1521.36 763.71 48.08 47.30 0 0.276192 1018.56 0.00 33.02 19.73 0 0.276017 438.51 1034.93 36.68 45.07 0 0.274411 1011.58 448.38 32.76 36.08 0 0.274385 1541.13 749.28 44.78 48.66 0 0.272523 248.29 807.89 34.59 56.13 1 0.269369 966.14 636.01 35.83 29.33 0 0.266532 1293.41 886.39 32.14 42.13 0 0.265292 1535.73 607.73 27.97 25.03 0 0.263541 866.99 379.46 23.84 27.46 0 0.262946 353.15 697.90 35.11 53.57 1 0.260931 915.15 294.27 33.24 28.22 0 0.258316 807.92 103.05 25.72 25.11 0 0.258287 1504.81 63.91 30.60 26.93 0 0.255904 1483.29 31.62 30.42 29.88 0 0.250431 1325.34 282.45 31.58 25.20 0
10,0.677460 1101.94 67.33 25.85 39.08 0 0.575876 471.25 262.38 14.46 21.77 2 0.551252 240.37 528.54 11.60 13.95 2 0.550833 1005.30 1.02 27.16 34.17 0 0.547879 622.29 268.04 11.45 19.66 2 0.538828 267.09 556.65 13.17 19.03 2 0.524661 892.57 341.11 12.08 14.67 2 0.511575 560.09 295.49 14.22 17.24 2 0.508948 710.37 600.25 12.32 17.00 2 0.489226 1074.73 49.04 26.66 38.48 0 0.484291 921.43 64.14 51.47 29.68 1 0.453154 919.15 63.60 41.37 24.95 1 0.452535 757.23 649.37 11.33 15.22 2 0.424207 551.53 413.38 13.53 17.55 2 0.395018 541.82 426.87 9.69 13.09 2 0.385138 875.75 209.57 10.75 14.97 2 0.367453 471.48 263.85 15.64 25.08 2 0.347542 655.19 518.55 12.36 16.78 2 0.322763 740.86 668.87 12.09 15.41 2 0.314685 888.92 310.48 13.24 13.26 2 0.312757 621.38 265.55 12.36 18.29 2 0.295502 975.35 130.36 11.91 11.35 2 0.291396 823.22 238.42 11.81 20.41 2 0.281610 542.64 274.44 14.41 18.14 2 0.260572 720.91 378.59 11.44 18.96 2 0.259494 824.35 383.25 10.94 12.25 2 0.255779 790.16 682.05 17.09 18.29 2 0.250672 637.59 449.08 11.57 15.72 2
11,0.474177 1175.83 407.04 16.93 18.85 0 0.330659 1127.24 365.39 16.99 11.79 0 0.324217 356.01 89.66 17.39 38.31 3 0.305055 1156.91 380.77 14.25 15.84 0 0.303591 1143.38 347.14 13.56 12.01 0 0.292220 837.76 522.31 12.58 18.89 3 0.266186 63.37 288.33 20.33 16.52 3 0.260339 807.97 261.45 14.86 15.80 3 0.252802 888.40 697.27 16.07 18.01 3
12,0.738471 1256.74 393.98 65.39 42.96 1 0.699132 737.37 120.24 36.48 33.31 1 0.587780 869.27 38.18 33.31 20.27 0 0.584339 1085.92 537.23 26.68 47.46 0 0.578765 573.42 652.45 59.33 36.51 0 0.539160 1107.98 373.91 30.69 50.54 1 0.523013 830.68 229.71 34.85 23.32 0 0.515274 1116.37 287.22 23.27 34.80 0 0.512692 835.79 202.47 37.53 24.96 0 0.473717 1124.89 242.61 21.81 38.45 0 0.467786 1112.34 329.57 25.28 39.39 0 0.457631 741.93 122.95 36.01 36.75 1 0.454844 1263.08 410.63 58.84 33.63 1 0.402563 736.63 77.94 13.52 13.57 3 0.392974 1069.78 683.24 29.63 30.89 0 0.389895 406.04 78.09 11.10 15.73 2 0.364946 828.26 231.64 33.77 24.51 0 0.362207 406.90 42.65 11.77 14.77 2 0.359567 355.00 44.75 13.72 19.85 2 0.340200 1245.06 565.83 31.45 54.16 1 0.312136 425.61 36.91 12.88 18.91 2 0.309645 1130.07 192.04 20.61 34.21 0 0.304402 0.76 49.04 14.31 31.62 0 0.262011 1260.88 404.89 64.98 34.74 1 0.258492 1109.16 375.53 28.58 48.96 0 0.257236 848.14 148.50 22.82 19.92 0
13,0.690885 1103.57 67.61 26.04 39.19 0 0.639021 707.49 594.42 13.54 16.37 2 0.627803 755.67 645.22 11.16 16.23 2 0.599470 623.89 268.15 10.62 19.98 2 0.555794 888.18 310.99 14.25 12.84 2 0.535485 543.30 426.10 11.12 13.22 2 0.533751 268.98 557.37 11.80 20.26 2 0.526033 919.89 65.27 52.03 28.44 1 0.517755 1075.80 47.77 26.48 39.21 0 0.485123 828.14 257.48 9.81 14.30 2 0.454641 877.36 209.60 10.27 15.78 2 0.440009 941.33 178.00 11.37 15.54 2 0.433443 585.24 315.05 12.94 18.73 2 0.426154 895.27 342.04 13.89 13.58 2 0.424215 1006.46 1.26 27.50 35.50 0 0.416847 723.28 379.06 9.94 18.36 2 0.414831 924.16 63.27 52.07 25.27 1 0.411702 739.96 667.32 12.63 14.24 2 0.409793 593.67 278.46 10.59 16.87 2 0.392995 622.51 265.54 11.55 18.31 2 0.387944 638.17 449.11 11.46 15.23 2 0.367897 483.45 617.63 15.46 18.24 2 0.351313 49.85 475.67 17.85 17.17 2 0.337329 904.59 373.33 16.69 17.88 2 0.335737 793.63 682.46 15.71 21.21 2 0.334549 565.56 296.04 15.05 17.94 2 0.317488 773.62 392.40 9.68 17.32 2 0.314018 305.46 561.80 9.37 14.91 2 0.309828 636.06 428.98 12.66 17.01 2 0.276446 133.63 294.04 13.41 15.09 2 0.274819 1314.58 631.63 28.90 40.71 0 0.260631 593.88 380.98 10.75 18.08 2 0.259465 900.60 344.07 16.53 11.88 2 0.257582 675.14 415.74 11.53 17.73 2 0.257457 825.01 244.46 11.83 17.57 2 0.257016 912.41 291.06 12.13 13.86 2 0.255723 975.65 211.36 10.16 16.15 2 0.255042 895.23 332.46 14.92 13.96 2
14,0.653256 336.36 205.94 15.18 23.28 2 0.537605 1255.43 70.10 29.21 34.03 0 0.454386 690.93 107.19 12.75 14.45 2 0.448937 1233.71 107.29 30.59 27.12 0 0.430713 674.29 75.07 12.47 16.36 2 0.401835 323.31 160.50 16.62 20.62 2 0.353802 692.11 95.98 13.03 17.96 2 0.352756 488.00 306.03 10.41 14.92 2 0.318722 335.15 198.19 16.31 21.65 2 0.303674 206.68 542.99 10.51 15.00 2 0.301298 404.83 133.60 9.57 19.02 2 0.298027 659.29 417.10 10.45 14.38 2 0.274824 370.18 329.11 10.55 13.93 2 0.272918 403.56 130.61 10.63 17.25 2 0.271047 1230.21 112.02 30.76 23.98 0
15,0.742310 529.07 405.07 27.63 40.97 0 0.730006 788.14 706.07 27.32 52.70 0 0.718148 720.57 704.31 32.38 58.94 0 0.716228 760.81 552.16 27.62 50.00 0 0.714901 700.10 551.70 27.40 47.78 0 0.711365 629.30 604.59 28.41 51.09 0 0.688570 788.25 232.85 30.10 43.42 0 0.680564 1510.49 610.58 34.18 48.61 0 0.675595 351.97 588.49 34.73 53.11 0 0.667457 670.11 409.72 24.86 42.40 0 0.649927 525.99 707.85 29.12 54.58 0 0.640632 580.28 325.78 28.02 46.83 0 0.628035 725.15 415.05 24.06 39.53 0 0.619752 357.03 709.15 33.26 52.44 0 0.618302 995.76 229.78 47.04 25.63 0 0.611026 556.83 404.69 28.54 41.10 0 0.609909 663.12 458.08 25.36 46.06 0 0.608753 835.60 225.01 33.17 60.88 1 0.607807 737.96 334.27 26.16 45.04 0 0.606727 1654.88 958.63 69.59 60.83 0 0.598888 548.73 547.22 31.42 46.93 0 0.593733 1416.31 151.10 26.84 29.62 0 0.591464 697.43 411.56 24.12 41.60 0 0.587709 1537.60 41.59 24.64 26.84 0 0.582527 630.17 459.51 27.87 49.28 0 0.582314 535.13 600.78 31.36 53.18 0 0.578406 1829.73 155.17 22.54 28.34 0 0.576663 1103.48 235.28 47.99 22.03 0 0.569389 671.40 550.82 23.87 44.14 0 0.568744 792.65 339.80 26.93 44.85 0 0.563516 773.32 462.18 27.79 58.01 1 0.561287 382.27 589.28 33.67 50.80 0 0.560742 1708.68 822.94 65.36 27.20 0 0.560219 558.05 707.73 27.90 52.44 0 0.557135 1503.18 561.77 27.26 41.06 0 0.553058 569.29 597.86 32.82 54.13 0 0.550225 1106.41 769.03 72.65 39.98 1 0.549405 392.07 705.93 37.13 56.08 0 0.548707 1597.24 1000.92 37.75 56.65 0 0.541321 688.79 704.10 29.13 55.16 0 0.536034 411.61 771.25 20.87 27.91 3 0.528877 1799.87 151.76 21.91 23.81 0 0.527470 495.75 708.51 26.96 49.84 0 0.527420 544.97 451.53 31.40 44.83 0 0.520020 1442.28 287.62 28.23 40.36 1 0.516376 1855.98 153.46 23.41 29.62 0 0.512903 643.37 550.26 25.29 43.74 0 0.511495 226.51 590.31 34.31 46.17 0 0.503690 720.28 458.77 22.56 39.15 0 0.502063 434.16 770.84 16.55 26.89 3 0.499556 1732.42 76.59 21.10 23.27 0 0.494793 1664.82 132.00 20.36 28.87 0 0.489896 1795.50 79.43 20.83 25.09 0 0.488922 732.41 552.73 27.16 50.16 0 0.488274 327.18 381.76 35.47 41.88 0 0.483704 1363.20 587.01 29.18 48.00 0 0.483160 1482.37 462.44 27.90 41.47 0 0.480220 498.89 328.68 26.45 40.45 0 0.478609 1453.40 187.05 29.72 37.47 0 0.474833 1490.97 513.44 27.85 44.96 0 0.473764 1638.95 129.66 19.63 27.29 0 0.470369 780.33 413.94 28.39 44.67 1 0.470208 461.67 769.95 15.59 27.12 3 0.467867 1821.34 82.43 20.67 24.85 0 0.465266 631.36 331.55 25.99 44.52 0 0.464949 248.64 533.36 35.85 54.94 0 0.455890 1689.42 133.64 19.93 28.95 0 0.453804 1774.22 176.85 29.35 20.21 0 0.449153 1462.39 38.20 30.27 30.01 0 0.448032 1347.95 484.17 24.27 36.87 0 0.438229 518.91 215.96 29.00 43.84 1 0.428457 1465.11 379.88 27.77 39.43 0 0.428109 751.29 416.02 22.04 39.92 0 0.426705 1678.92 59.52 20.14 20.05 0 0.421744 1455.27 339.27 23.94 37.33 0 0.421238 1600.97 123.90 22.83 29.73 0 0.417385 1163.93 245.20 49.18 22.53 0 0.417184 1576.09 44.27 27.15 22.74 0 0.412760 280.01 480.53 32.92 42.33 0 0.411546 711.25 331.92 27.75 48.32 0 0.408285 485.93 452.46 27.47 36.59 0 0.401292 1340.30 421.05 25.85 44.80 0 0.401147 349.18 337.47 28.10 40.30 0 0.398674 1501.53 401.10 30.09 35.28 0 0.397216 1754.21 78.03 24.56 22.25 0 0.391761 942.49 184.90 22.49 18.81 0 0.388978 641.95 223.66 27.35 37.67 0 0.384046 688.96 224.34 28.86 41.47 0 0.382722 1539.46 48.07 22.70 28.68 0 0.369014 506.43 769.44 15.90 28.33 3 0.366401 1664.76 250.64 27.70 20.23 0 0.346198 1506.25 404.44 27.76 33.25 0 0.344637 525.83 326.38 23.96 41.04 0 0.343737 300.56 429.28 39.82 41.21 0 0.343586 1464.63 231.57 27.47 28.64 0 0.340789 1668.13 247.99 30.34 21.71 0 0.339074 594.07 219.70 25.56 39.77 0 0.336935 1429.25 219.10 28.59 33.50 0 0.335352 1339.27 415.22 25.30 44.48 0 0.333523 1672.58 535.79 35.42 41.53 0 0.332471 1780.94 823.90 47.16 31.17 1 0.327838 792.48 211.10 36.15 22.46 0 0.327680 364.84 291.22 30.85 41.13 0 0.324764 641.91 296.30 23.49 32.39 0 0.321221 1653.56 19.29 27.75 21.08 0 0.317579 1872.02 127.30 24.03 21.01 0 0.314077 1674.96 541.26 35.50 41.03 0 0.313104 1864.99 493.30 28.41 33.80 0 0.308992 562.19 709.90 30.14 49.10 0 0.302715 1746.81 140.06 21.20 25.13 0 0.301819 1328.00 334.25 20.72 37.26 0 0.301109 1326.26 330.47 21.85 34.54 0 0.299403 632.90 768.36 15.79 28.40 3 0.296214 1471.65 422.03 28.88 36.64 0 0.294953 1355.77 520.79 32.19 50.00 0 0.294058 1723.61 57.72 25.66 19.58 0 0.292753 1437.89 270.88 30.65 42.40 1 0.287998 665.57 707.30 25.21 51.05 0 0.287018 344.45 341.01 30.23 39.62 0 0.284604 1504.04 40.85 22.88 28.06 0 0.281971 452.37 114.78 22.65 33.23 1 0.279448 656.76 705.06 25.84 52.34 0 0.279378 1706.10 137.80 18.50 27.69 0 0.274974 529.33 770.12 16.09 28.41 3 0.272509 390.00 244.15 30.49 41.98 0 0.268577 842.30 184.38 24.02 23.92 0 0.265925 1355.78 534.12 31.77 49.97 0 0.264017 1679.93 73.86 18.98 24.89 0 0.260028 1151.70 204.44 27.54 17.65 0 0.259762 607.91 768.95 17.19 28.41 3 0.253709 1411.08 85.27 20.60 25.06 0
16,0.723572 403.62 703.32 55.40 50.48 0 0.681456 290.04 793.39 57.39 48.48 0 0.644554 537.54 595.17 56.04 44.58 1 0.637711 1483.67 650.36 53.69 55.01 1 0.634662 423.41 883.04 52.84 46.80 0 0.624594 351.48 748.17 55.45 48.93 0 0.617037 1379.40 775.78 54.55 39.83 0 0.608455 58.19 42.31 57.71 47.84 0 0.606288 246.32 5.83 51.29 43.96 0 0.605076 136.52 132.51 47.51 47.07 0 0.604096 480.85 209.18 55.70 51.87 0 0.600970 1442.70 542.61 51.59 48.95 0 0.596581 1403.96 571.13 46.10 45.42 0 0.586306 309.78 74.91 54.45 46.08 0 0.584987 1046.48 722.84 56.20 55.01 1 0.558303 1289.28 661.28 53.81 36.93 0 0.552759 8.22 1.30 52.74 36.79 0 0.550524 1350.23 450.50 49.20 46.47 0 0.548600 1461.66 626.77 49.83 48.83 1 0.548595 1407.40 811.98 56.17 37.97 0 0.548108 471.93 641.03 59.67 50.26 0 0.538843 961.50 431.31 49.89 44.32 0 0.537756 139.15 50.70 53.39 37.36 0 0.527581 602.64 337.16 50.43 46.85 0 0.525244 1447.89 841.44 48.44 36.47 0 0.524887 1.76 146.59 43.67 42.53 0 0.524494 1522.36 685.27 50.20 46.66 1 0.523719 102.58 98.47 52.55 41.27 0 0.522792 1168.80 913.96 59.48 41.33 0 0.519011 475.11 833.84 59.66 50.38 0 0.516942 37.57 202.95 54.18 46.44 0 0.505457 1168.41 446.80 42.96 45.30 0 0.504114 1334.66 720.99 61.02 33.92 0 0.498055 1188.52 542.73 47.76 47.69 1 0.496958 42.93 208.15 60.07 43.76 0 0.490307 560.62 288.98 50.39 48.68 0 0.482283 642.69 701.65 52.02 48.62 0 0.478579 331.34 105.14 60.59 60.96 1 0.474714 1021.08 382.44 49.78 42.15 0 0.472717 95.74 83.07 51.40 39.68 0 0.460696 1272.98 441.34 34.93 29.72 0 0.459944 48.52 211.93 60.52 47.10 0 0.449851 359.01 928.41 64.67 55.02 0 0.449437 19.60 287.93 68.26 55.62 1 0.449067 92.81 93.47 54.67 43.01 0 0.447074 1391.22 489.13 50.40 50.13 0 0.443400 1305.92 406.14 46.48 44.31 0 0.442904 332.49 103.88 62.60 57.56 0 0.441275 16.95 179.67 53.77 38.04 0 0.438342 102.94 14.40 52.44 32.73 0 0.433401 1525.59 533.55 50.86 44.60 0 0.431391 151.34 149.60 50.62 44.78 0 0.428862 968.45 428.06 46.26 39.08 0 0.425275 28.51 185.55 46.93 44.90 0 0.423662 1529.98 694.76 45.34 43.44 1 0.420903 0.00 213.14 27.80 36.66 0 0.417798 1217.79 584.79 47.48 42.41 0 0.414415 589.17 1002.34 67.67 61.66 0 0.411271 535.90 789.87 56.84 44.30 0 0.410292 66.13 240.35 70.54 53.98 0 0.401123 268.16 1039.59 57.55 38.21 3 0.400001 602.32 919.15 14.15 21.80 2 0.396838 1254.85 729.49 38.44 59.72 0 0.394779 139.89 44.20 55.58 38.20 0 0.391164 1.81 263.26 45.36 43.12 0 0.385712 433.90 1067.82 16.95 12.18 2 0.382795 1497.43 594.02 48.51 43.82 0 0.378635 629.64 907.51 11.21 15.46 2 0.377510 28.32 182.04 52.21 34.08 0 0.374844 13.36 1.84 59.13 38.52 0 0.374339 903.55 799.57 42.08 47.28 1 0.361764 610.44 348.57 46.51 51.39 0 0.358944 1263.24 628.70 49.28 41.70 0 0.356871 1429.77 549.63 56.13 49.94 0 0.354150 1567.24 733.40 47.83 48.24 1 0.348930 543.37 786.01 58.35 41.17 0 0.348102 63.91 41.45 59.02 41.26 0 0.342021 181.72 186.66 54.72 48.21 1 0.341306 7.54 284.11 65.90 59.93 1 0.332278 1174.49 156.08 22.86 20.48 3 0.329774 641.63 282.66 41.68 38.02 0 0.324884 350.10 47.35 46.47 44.41 0 0.324739 74.40 242.23 72.10 60.37 1 0.322934 1262.61 169.51 35.74 38.34 0 0.318608 471.33 640.77 58.88 48.94 1 0.315913 591.73 547.27 55.20 48.22 1 0.310610 592.78 549.72 52.18 47.17 0 0.309967 1468.23 622.22 47.32 43.51 0 0.308880 1331.60 342.44 32.32 31.15 0 0.307197 587.54 1003.51 68.86 61.53 1 0.306629 1066.93 424.24 46.08 36.20 0 0.305939 96.39 22.61 54.88 36.44 0 0.305555 701.65 647.65 49.55 44.78 0 0.302238 73.06 245.09 70.36 57.52 0 0.299650 1207.21 350.27 46.53 51.35 1 0.299262 1705.25 799.13 53.17 54.39 0 0.291099 129.81 43.07 56.83 36.02 0 0.288910 533.92 597.78 50.35 45.70 1 0.286039 1.61 123.70 32.65 33.56 0 0.285968 1012.94 398.45 43.92 40.83 0 0.284855 638.88 700.95 53.95 53.72 1 0.282022 51.31 34.07 51.53 39.47 0 0.280950 209.71 0.00 45.56 21.81 0 0.279487 1472.74 483.04 50.08 40.05 0 0.271977 1273.16 632.25 46.67 35.78 0 0.271197 1483.79 498.92 48.70 40.75 0 0.269355 1315.13 690.83 53.61 36.45 0 0.269113 9.54 0.00 56.77 31.40 0 0.269051 1250.20 604.27 46.78 39.62 1 0.268149 1014.03 394.14 50.01 40.98 0 0.267522 345.98 43.61 44.18 43.50 0 0.265514 0.27 197.42 27.28 43.24 0 0.257352 737.85 679.81 35.68 36.78 0 0.253701 1.11 158.12 41.42 46.65 0
17,0.673141 687.55 656.80 39.51 38.39 0 0.646937 955.57 893.71 49.26 37.99 0 0.628406 469.59 676.70 49.55 44.47 0 0.617379 644.43 630.95 40.48 33.28 0 0.611479 353.19 438.37 39.43 31.85 1 0.595949 730.60 687.80 44.40 37.28 0 0.591656 516.13 550.81 47.90 37.08 0 0.575216 1008.28 80.39 28.88 22.82 0 0.570158 381.15 611.34 44.75 40.70 0 0.559900 1.16 804.09 48.98 48.91 0 0.556571 474.99 524.32 42.48 33.85 0 0.546743 4.45 800.75 54.79 44.94 0 0.539850 257.25 433.91 38.01 30.46 0 0.538326 113.41 706.43 44.99 41.34 0 0.523804 909.95 33.41 35.32 26.25 0 0.516379 335.87 152.67 37.17 30.28 0 0.514963 872.30 5.36 37.14 29.11 0 0.514508 536.03 720.67 56.79 49.49 0 0.507393 267.88 201.66 36.97 26.28 0 0.501599 589.82 692.80 46.40 42.28 0 0.501477 982.16 104.83 37.71 30.41 0 0.492219 692.42 421.02 28.46 40.99 1 0.491130 47.37 247.20 40.38 31.38 0 0.485998 619.66 157.20 34.60 30.19 0 0.483973 832.94 387.54 32.15 35.33 0 0.483910 542.09 264.97 33.29 37.08 0 0.482955 164.63 665.31 49.47 41.56 0 0.480660 374.88 130.13 36.14 28.58 0 0.477751 301.45 180.59 33.21 28.92 0 0.476627 689.51 425.43 28.49 40.05 0 0.476205 1122.70 465.14 34.08 36.62 0 0.472322 1153.38 682.89 45.20 38.32 0 0.466526 622.80 783.95 45.43 42.00 0 0.461006 1017.73 81.10 31.26 23.20 0 0.455395 644.88 31.11 32.02 23.58 0 0.454972 397.46 146.91 34.37 27.38 0 0.451123 1167.03 394.65 37.12 29.77 0 0.445572 386.21 460.24 35.24 33.22 1 0.444418 569.95 740.53 56.42 51.35 0 0.440964 563.88 733.06 56.39 55.61 0 0.438103 782.99 6.65 37.60 25.98 0 0.435382 978.26 64.77 26.35 21.29 0 0.433136 288.65 219.09 34.80 26.99 0 0.429966 225.05 241.83 45.85 37.92 0 0.429170 220.09 244.17 45.01 40.39 0 0.427450 423.57 224.26 32.25 27.38 0 0.424512 32.11 225.48 38.73 27.98 0 0.415859 226.84 234.06 45.34 33.63 0 0.415149 1217.27 316.07 39.31 43.48 1 0.415004 949.65 88.13 31.13 22.04 0 0.414791 1188.20 364.13 39.16 33.06 0 0.412861 507.23 167.44 23.89 31.61 0 0.411222 429.01 645.89 44.90 39.28 0 0.410873 169.19 661.54 49.77 41.45 0 0.407713 862.06 6.98 41.73 28.22 0 0.407393 446.67 466.09 41.96 27.96 0 0.392009 210.81 332.78 34.15 28.93 1 0.389360 507.76 161.36 25.87 32.94 0 0.382270 808.18 0.00 38.98 15.78 0 0.380246 1143.32 429.42 41.19 35.08 0 0.374412 912.99 67.60 30.69 25.09 0 0.368914 452.20 198.57 31.80 30.51 0 0.367970 1365.81 112.82 31.19 25.86 0 0.353803 382.27 614.44 50.06 43.67 0 0.346954 399.34 244.02 33.96 27.64 0 0.345518 1191.83 617.16 48.88 39.62 1 0.345202 1131.58 983.32 89.00 61.32 0 0.342263 1152.11 688.72 43.74 38.08 0 0.341307 1060.89 555.31 31.36 28.48 0 0.336415 548.44 729.77 59.96 52.87 0 0.336329 278.92 390.18 44.28 33.34 1 0.336076 237.89 364.50 39.40 28.58 0 0.333761 973.30 672.67 34.11 33.29 1 0.333685 999.73 639.29 36.69 31.40 0 0.331459 1195.62 625.21 47.52 39.66 0 0.330995 1171.17 655.81 44.89 39.30 0 0.327202 1052.16 0.00 39.19 15.23 0 0.324099 1135.34 984.75 84.32 61.12 1 0.323938 459.43 187.40 30.39 30.39 0 0.322460 1422.84 40.14 27.43 26.97 0 0.319160 398.24 201.56 33.80 32.26 0 0.317701 453.09 105.95 33.41 27.21 0 0.315262 543.23 144.76 26.42 28.64 0 0.314006 448.76 82.36 27.47 25.80 0 0.311279 1094.14 506.66 29.74 28.51 0 0.310120 1222.40 484.76 30.91 37.03 0 0.296166 389.43 466.13 41.35 34.49 1 0.290523 1080.55 695.45 33.85 40.19 1 0.289401 29.76 221.89 35.90 26.12 0 0.289306 756.07 518.20 46.83 37.89 0 0.289205 1146.26 425.67 41.34 33.91 0 0.283956 1118.15 474.90 30.81 34.97 0 0.280723 990.38 109.37 37.55 28.58 0 0.277213 919.73 17.92 37.66 24.53 0 0.275443 1067.49 541.87 32.75 29.28 0 0.273109 262.81 167.81 36.60 29.27 0 0.271951 1242.89 1002.58 61.44 32.18 1 0.269838 329.35 118.78 35.02 29.53 0 0.262621 1110.88 615.51 17.34 21.34 3 0.254636 360.93 427.08 38.81 30.29 1 0.253702 927.24 0.00 40.12 17.18 0 0.250984 750.90 0.00 35.75 17.13 0 0.250774 1154.22 413.08 39.30 29.27 0
18,0.655516 1114.74 396.05 33.76 50.97 1 0.591779 836.10 245.62 34.44 24.47 0 0.557530 574.53 677.14 58.87 33.87 0 0.556564 1120.20 347.48 26.21 39.90 0 0.545340 1094.31 557.97 25.89 49.24 0 0.512860 877.02 50.00 37.77 23.39 0 0.501277 1264.84 419.50 69.39 41.17 1 0.498749 1124.27 304.30 23.73 34.90 0 0.492523 1132.37 259.15 24.00 40.70 0 0.489060 1138.57 205.45 23.40 32.59 0 0.486736 851.02 163.33 20.80 22.18 0 0.461884 842.09 216.52 40.09 24.85 0 0.427784 743.41 138.47 36.20 33.92 1 0.357904 869.53 138.81 22.40 23.08 0 0.291389 55.23 60.92 11.25 15.30 2 0.250638 746.09 140.82 36.17 34.47 0
19,0.667953 859.46 235.71 56.51 27.07 0 0.664153 746.15 249.36 47.76 28.15 0 0.658521 1602.67 646.39 35.00 49.19 0 0.648717 141.78 792.60 61.59 35.33 0 0.643360 1078.97 387.59 31.22 50.43 0 0.642054 924.02 232.28 47.36 26.50 0 0.635027 806.90 245.93 46.01 24.14 0 0.627991 1628.35 504.86 34.21 57.16 0 0.616096 792.45 406.04 28.06 50.59 0 0.613257 598.93 942.46 33.80 67.60 0 0.609260 1645.06 574.18 38.26 52.66 0 0.606460 427.70 973.17 37.64 71.54 1 0.599837 1653.28 843.28 38.45 63.85 0 0.597956 1655.98 497.61 34.14 58.49 0 0.594698 1749.55 151.94 55.73 27.97 0 0.585736 1548.96 462.39 34.09 57.25 0 0.583336 1691.43 152.11 58.65 30.99 0 0.571400 978.25 389.84 30.76 46.84 0 0.570527 1154.53 377.90 31.79 43.93 0 0.570042 586.45 789.85 33.85 63.59 1 0.569589 1665.67 635.03 41.11 56.28 0 0.563312 1683.86 569.15 36.72 51.63 0 0.561459 1010.99 251.40 26.71 45.11 0 0.561234 1013.17 390.11 29.82 46.60 0 0.557395 941.28 387.64 29.81 54.20 0 0.554539 1702.55 764.22 42.11 58.58 0 0.550986 822.18 403.25 26.28 50.25 0 0.548873 1559.27 282.53 37.99 49.37 0 0.544294 1582.52 582.64 31.40 49.37 0 0.543777 1742.70 774.35 39.73 58.73 0 0.541792 428.89 905.63 29.92 59.39 0 0.540389 1.03 816.71 60.39 33.57 0 0.539312 1613.58 453.07 34.50 55.01 0 0.538466 1630.77 773.04 39.97 65.12 0 0.532231 1524.24 401.85 40.56 56.70 0 0.531535 1583.24 590.23 31.65 51.73 0 0.523433 907.60 393.26 29.49 52.14 0 0.518634 937.37 264.97 29.08 43.15 0 0.514960 1639.01 155.83 52.29 28.84 0 0.510549 1686.81 702.41 36.33 55.57 0 0.502090 1501.37 287.81 35.42 52.54 1 0.493223 1034.33 248.67 24.59 45.46 0 0.489442 531.88 131.41 23.18 43.05 0 0.483391 840.41 624.89 57.44 31.99 0 0.481737 570.00 511.79 31.41 57.88 0 0.478981 877.06 396.72 28.99 49.34 0 0.477465 590.76 858.99 38.69 60.81 1 0.471516 221.08 782.94 64.51 32.61 0 0.461345 931.00 464.62 53.78 30.82 0 0.452245 1563.54 522.42 31.57 48.25 0 0.450619 1106.29 601.17 51.80 28.56 0 0.448105 1051.18 217.08 38.58 26.92 0 0.441436 1512.89 348.20 34.78 51.97 0 0.439665 1619.13 711.59 34.76 57.84 0 0.434174 1536.56 735.26 34.80 58.92 0 0.431210 1600.50 298.18 34.52 53.76 0 0.430702 759.83 285.14 24.81 34.99 0 0.424370 997.85 225.30 41.13 24.27 0 0.424201 591.32 864.01 33.78 64.95 0 0.419127 1115.34 383.92 29.74 53.78 0 0.409024 847.34 404.79 26.00 50.18 0 0.400709 700.74 376.62 46.08 26.16 0 0.391971 564.77 445.78 31.57 55.49 1 0.390132 205.58 714.28 41.35 25.38 0 0.386806 562.48 439.54 31.80 53.60 1 0.384703 1707.21 769.56 43.50 57.73 0 0.377683 1611.76 705.42 36.64 55.03 0 0.372312 949.42 168.70 44.77 27.53 0 0.360897 409.09 414.16 20.40 32.61 0 0.350849 1111.39 388.53 29.67 52.66 0 0.350713 578.44 714.51 29.32 51.85 1 0.348087 645.67 285.66 61.17 39.20 1 0.327863 1052.82 212.95 39.04 27.12 0 0.319385 684.42 250.64 31.22 25.13 0 0.310221 847.58 771.08 27.93 57.69 0 0.301556 901.15 172.11 54.38 29.01 0 0.299939 260.04 791.17 57.91 30.82 0 0.298081 784.03 187.52 55.68 28.15 1 0.296442 918.75 232.45 42.28 25.58 0 0.296016 1584.76 384.46 40.60 59.67 0 0.289668 1241.61 194.11 37.56 24.61 0 0.289452 968.82 167.94 43.07 27.31 0 0.281887 931.62 233.20 47.38 23.57 0 0.277983 947.09 387.85 30.62 51.49 0 0.269966 988.62 225.05 42.86 25.80 0 0.266046 1543.02 737.36 33.01 56.12 0 0.260099 1590.79 456.42 25.61 47.02 0 0.258206 62.55 83.93 34.95 27.23 0 0.256334 1091.74 244.87 29.39 44.06 0 0.253464 5.10 813.41 58.74 31.55 0
20,0.587378 677.12 258.36 13.99 23.85 2 0.500461 1073.01 192.73 17.24 14.61 3 0.401497 298.59 533.62 21.32 12.90 3 0.376555 1133.71 511.34 27.61 16.62 1 0.375026 1072.51 248.53 18.43 14.77 3 0.314503 570.45 256.28 14.88 20.73 2 0.288006 1216.15 673.39 29.33 17.59 0 0.280377 943.96 443.58 20.05 16.57 3 0.267693 270.38 325.21 25.62 20.82 1 0.266186 1058.27 296.72 20.80 13.92 3 0.265507 204.33 516.00 15.00 17.51 2 0.264454 989.79 341.36 29.71 20.86 1
21,0.492723 760.55 62.37 16.47 33.02 3 0.471786 841.29 309.87 11.79 16.12 2 0.442138 742.82 57.84 17.60 35.65 3 0.428102 894.30 304.60 13.36 19.30 2 0.404224 739.64 50.42 18.23 36.60 3 0.384562 636.89 353.36 25.10 34.42 0 0.338881 1122.54 280.30 13.29 11.64 3 0.326165 462.58 46.71 45.79 26.49 1 0.325264 364.75 25.85 17.30 37.23 0 0.315876 804.04 196.25 15.73 18.61 3 0.292130 1279.46 248.42 16.40 9.99 3 0.288546 1025.05 703.48 17.22 16.07 3 0.279970 338.21 25.10 17.37 37.01 3 0.254295 507.00 243.56 13.02 22.23 3 0.254085 372.93 404.73 18.74 30.95 1
22,0.736779 820.73 410.68 22.91 44.73 0 0.678824 975.45 32.08 44.32 22.17 0 0.650833 747.48 122.11 21.20 39.51 0 0.646263 759.78 413.37 27.00 46.82 0 0.637898 1096.48 442.98 69.70 35.86 1 0.636557 1124.59 35.05 36.91 23.28 0 0.628708 690.13 219.84 21.77 42.34 0 0.623214 435.43 426.23 26.14 44.68 0 0.620103 1823.70 464.94 52.96 26.31 0 0.617499 796.90 124.46 20.36 40.39 0 0.616746 604.96 36.66 22.44 32.69 0 0.615057 784.35 292.98 23.27 42.40 0 0.613912 727.79 293.65 22.51 38.12 0 0.605493 702.31 292.82 21.41 36.04 0 0.603930 1437.04 277.29 31.78 34.44 0 0.602140 724.44 121.16 22.32 41.12 0 0.589610 677.55 127.35 21.57 36.54 0 0.584437 467.38 423.02 28.69 48.52 0 0.581146 652.37 35.69 21.00 32.66 0 0.579949 1071.87 33.03 37.80 21.11 0 0.575153 906.09 491.16 29.91 19.25 3 0.571658 673.11 336.72 23.34 41.27 0 0.561109 617.79 418.34 24.92 44.82 0 0.555079 530.19 220.23 24.58 40.78 0 0.552595 603.87 108.83 23.93 46.08 0 0.551146 584.67 420.17 25.44 44.19 0 0.550546 553.24 121.40 23.89 37.74 0 0.549702 653.71 126.84 19.90 36.53 0 0.547519 1389.51 274.96 29.39 39.58 0 0.537902 679.73 294.61 19.73 32.83 0 0.529954 1314.22 302.63 27.25 38.48 0 0.529439 1635.71 463.06 48.78 26.39 0 0.528851 618.49 336.49 23.67 44.17 0 0.526989 717.37 186.10 20.15 33.09 0 0.526617 1625.46 465.52 53.35 25.43 0 0.515907 703.55 414.94 23.75 42.18 0 0.512984 421.52 330.45 29.87 47.04 0 0.511078 767.80 187.65 19.71 34.86 0 0.506129 524.32 125.50 24.87 35.34 0 0.503029 1504.49 678.92 34.19 42.43 0 0.502922 695.88 33.31 23.81 39.60 0 0.498130 1363.86 7.36 30.01 31.80 0 0.480820 740.43 221.10 21.66 42.52 0 0.476952 729.33 412.93 23.92 45.86 0 0.467603 786.99 33.78 27.76 44.30 0 0.466290 763.70 221.79 22.30 43.31 0 0.459951 1291.64 171.53 23.81 39.99 0 0.459683 534.60 31.81 26.37 39.56 0 0.458073 1620.37 836.04 36.61 51.96 1 0.456232 1579.75 434.69 30.55 33.37 1 0.451558 355.57 207.10 36.58 43.22 0 0.450493 1619.94 1035.80 45.93 44.20 0 0.449710 304.10 333.83 30.65 43.81 0 0.436261 1419.04 200.57 27.65 38.29 0 0.431434 594.48 297.58 25.00 33.97 0 0.423083 828.25 30.97 29.63 53.77 1 0.422661 589.74 334.86 25.63 44.12 0 0.420404 1277.63 104.68 24.61 42.87 0 0.413309 338.50 249.06 32.48 42.62 0 0.406494 690.64 187.10 21.13 32.99 0 0.405731 757.99 292.50 24.70 42.82 0 0.405570 1587.69 251.81 32.09 35.51 0 0.401042 1556.90 692.39 37.35 52.37 0 0.397843 655.58 95.10 21.35 32.87 0 0.385733 657.25 226.22 21.81 37.02 0 0.378128 1387.74 104.23 27.02 32.28 0 0.377198 375.19 163.99 34.00 42.47 0 0.376959 794.12 183.62 20.29 41.04 0 0.376377 582.59 222.58 23.78 37.98 0 0.372615 1452.05 316.00 33.07 41.68 1 0.367574 317.05 296.90 32.80 46.42 0 0.355816 1895.93 462.73 24.07 25.67 0 0.353742 1443.70 566.75 16.28 18.11 2 0.351805 1350.60 98.38 22.81 29.59 0 0.351074 1298.74 221.24 21.08 32.65 0 0.348692 1459.87 669.96 28.17 41.55 0 0.345389 1310.68 251.27 26.27 39.80 0 0.337612 1610.32 635.92 26.33 19.36 3 0.337485 741.64 185.91 21.23 34.48 0 0.333344 6.20 477.83 44.61 25.16 0 0.330953 732.36 412.37 26.49 46.83 0 0.330291 384.51 145.12 31.46 43.44 0 0.326906 1136.43 36.20 37.26 21.69 0 0.325811 559.45 421.49 25.63 40.67 0 0.323914 1427.38 242.05 30.80 37.94 0 0.319493 1406.65 52.47 26.11 29.67 0 0.317348 1581.40 568.86 38.27 24.79 0 0.316853 403.33 97.65 29.24 42.54 0 0.313243 1408.79 171.74 31.63 31.22 0 0.312871 789.20 21.43 28.63 31.18 0 0.310137 1688.99 461.44 38.69 29.16 0 0.309276 502.17 469.82 19.42 22.39 3 0.308826 1631.46 687.69 23.84 16.97 3 0.297243 450.05 332.14 27.75 42.44 0 0.291282 1163.45 38.82 33.06 22.04 0 0.290217 910.44 0.00 34.37 12.60 0 0.289685 505.16 223.18 24.58 40.62 0 0.284487 1380.95 63.56 27.68 32.04 0 0.277104 702.20 421.57 22.99 40.71 0 0.275907 538.49 31.86 27.30 40.93 0 0.272805 589.48 420.72 26.11 45.33 0 0.268043 1391.26 9.95 23.45 29.49 0 0.258890 425.30 56.94 24.87 38.91 0 0.251886 1085.89 36.17 34.02 20.90 0
23,0.861167 423.34 646.46 36.30 62.38 1 0.815409 396.71 655.31 31.86 61.19 1 0.739725 234.58 884.69 33.85 62.74 0 0.704233 1126.12 485.47 34.54 38.97 0 0.702701 334.52 527.70 33.24 47.29 0 0.697235 307.63 986.68 36.10 66.59 0 0.687850 389.46 766.90 31.27 52.00 0 0.670171 560.06 321.25 51.35 23.72 0 0.665415 354.17 618.29 28.93 46.23 0 0.656792 1359.59 993.72 54.71 60.82 0 0.645407 302.60 534.13 33.53 51.63 0 0.644777 392.68 372.22 43.63 62.15 1 0.641418 1320.87 59.34 25.72 18.60 0 0.639278 1010.40 290.83 32.08 33.41 0 0.629368 57.70 944.26 38.17 67.90 0 0.628908 167.37 674.86 31.03 46.48 0 0.628561 138.98 683.61 27.14 46.83 0 0.628000 729.41 278.55 51.10 22.91 0 0.616082 473.69 917.99 34.33 66.23 0 0.606924 412.76 940.61 30.62 61.09 0 0.598948 19.41 960.11 40.05 66.89 0 0.593767 868.86 815.10 62.93 41.07 1 0.591339 336.84 369.52 37.55 26.70 0 0.586014 295.69 633.65 26.85 42.70 0 0.583451 386.71 605.31 28.52 45.48 0 0.581818 359.19 781.96 28.14 47.02 0 0.579719 228.75 822.17 31.31 54.65 0 0.569318 1151.43 528.68 37.74 41.61 0 0.567424 240.25 1018.16 30.99 59.96 0 0.565804 1056.24 365.31 34.77 34.89 0 0.557184 156.46 580.75 33.61 53.26 1 0.553204 121.33 458.40 31.14 46.57 0 0.545112 1107.13 32.94 19.79 26.06 0 0.541332 1583.84 725.28 48.28 54.32 0 0.536597 325.78 625.72 28.47 46.97 0 0.533616 271.80 867.02 37.27 69.83 0 0.533586 1362.97 787.19 55.94 41.54 0 0.522402 1720.24 135.35 36.90 31.35 0 0.521728 1555.69 737.20 47.85 52.16 0 0.519370 422.48 754.78 33.95 56.74 0 0.514560 1821.92 456.73 52.59 31.65 0 0.512584 1033.17 323.90 33.60 35.15 0 0.500131 1626.88 712.61 45.33 50.52 0 0.499494 1169.46 122.51 27.59 33.38 0 0.486385 328.05 793.29 30.64 50.62 0 0.484437 1161.52 344.91 37.71 19.91 0 0.480647 1581.66 562.48 40.41 26.88 0 0.480299 1157.30 345.61 36.26 20.97 0 0.480058 1452.12 723.53 55.08 36.08 0 0.478777 1692.86 105.06 35.59 31.60 0 0.478046 371.15 320.89 32.18 25.05 0 0.473476 1672.41 516.29 45.48 33.67 0 0.472654 1086.75 35.51 21.82 25.81 0 0.469422 273.72 1005.53 34.63 66.12 0 0.469082 347.70 403.17 30.74 43.81 0 0.468880 34.06 478.69 35.71 51.81 0 0.468570 721.88 280.94 47.05 22.30 0 0.466470 995.81 508.78 33.71 38.26 0 0.465954 1166.42 657.88 42.39 44.49 0 0.465278 1651.77 112.58 33.48 30.77 0 0.463290 305.47 688.84 35.67 54.95 0 0.459345 251.20 559.90 30.35 48.87 1 0.459231 1624.03 81.77 32.37 31.45 0 0.458662 1744.79 134.78 36.84 26.96 0 0.455700 450.24 745.44 35.73 52.54 0 0.454576 799.34 849.66 45.25 36.27 0 0.449497 1608.41 25.26 29.78 27.81 0 0.448813 1645.60 53.32 32.37 30.36 0 0.448213 352.39 369.73 32.19 25.32 0 0.445674 1101.02 444.41 34.65 39.24 0 0.445208 745.70 278.75 46.25 20.29 0 0.443232 1523.88 580.99 40.78 33.89 0 0.442695 150.74 537.74 26.71 38.41 0 0.440452 442.27 926.04 32.78 62.33 0 0.440003 1656.57 117.84 33.24 32.48 0 0.438813 220.74 564.20 29.44 50.31 0 0.434088 1624.02 13.27 30.97 29.54 0 0.427696 664.00 295.44 44.14 23.66 0 0.425180 1125.38 29.32 18.46 27.95 0 0.423877 276.74 699.64 34.00 55.10 0 0.423618 1720.03 500.63 42.09 35.18 0 0.421691 1724.67 496.03 40.78 34.08 0 0.420299 212.50 512.64 27.48 35.37 0 0.419804 1014.39 559.75 32.46 36.61 0 0.415260 1768.20 477.56 42.06 33.39 0 0.406191 1353.59 930.98 59.32 49.68 0 0.405108 1682.23 143.98 38.03 34.61 0 0.404798 1149.30 23.66 18.44 29.81 0 0.401764 1252.57 409.34 31.98 35.83 0 0.401603 924.79 372.02 29.84 28.56 0 0.399064 1017.82 566.77 33.45 35.86 0 0.397553 1530.32 0.00 32.81 18.96 0 0.396598 60.28 612.35 32.64 52.29 0 0.394320 235.56 425.90 31.23 48.73 1 0.393787 110.27 754.78 35.94 47.74 0 0.393414 1635.49 54.91 31.20 29.69 0 0.391921 544.43 891.08 32.28 54.32 0 0.391601 1420.96 875.67 22.98 22.90 3 0.390041 1667.80 80.81 34.48 28.86 0 0.389013 1233.47 10.12 22.47 30.56 0 0.387348 974.02 465.23 28.96 35.84 0 0.386874 338.55 851.01 34.60 59.59 0 0.383251 182.59 440.00 30.35 43.33 0 0.381646 1572.42 727.17 51.12 53.35 0 0.380112 1078.18 405.77 33.54 36.47 0 0.376246 1193.72 14.24 21.78 31.51 0 0.376228 1582.28 1.05 31.02 28.36 0 0.373134 1258.07 411.20 32.16 36.19 0 0.373007 1626.40 545.23 40.69 27.22 0 0.359759 1600.05 54.87 25.49 28.28 0 0.359376 953.35 178.91 31.27 29.19 0 0.358986 1172.05 675.46 42.34 44.32 0 0.355203 381.34 656.89 31.85 53.51 1 0.353220 1546.91 1.16 32.58 31.10 0 0.352399 365.36 665.95 29.76 44.25 0 0.350944 231.61 655.45 30.30 49.62 0 0.344821 965.76 209.27 26.40 27.53 0 0.344079 927.65 0.00 32.91 15.67 0 0.338015 1686.72 151.06 38.22 35.43 0 0.337924 1404.69 256.23 29.98 20.57 0 0.337325 1484.16 13.20 27.47 19.74 0 0.337291 408.74 1024.54 17.24 27.87 3 0.335137 1634.94 542.30 40.91 27.72 0 0.335004 694.72 248.66 29.29 18.75 0 0.333871 990.55 503.38 34.20 39.18 0 0.332066 398.58 379.22 39.16 60.74 1 0.330249 1692.66 42.29 31.62 25.48 0 0.330143 180.15 729.18 32.12 52.44 0 0.329247 1681.52 514.01 43.77 34.02 0 0.325274 1376.88 639.43 42.97 29.69 0 0.323345 997.81 204.54 25.59 22.59 0 0.323336 942.60 409.58 29.74 39.71 0 0.319263 1868.88 0.00 41.56 20.81 0 0.316224 983.75 488.01 33.22 32.78 0 0.315277 1827.25 75.77 27.05 27.00 0 0.314587 1356.82 647.16 32.92 33.71 0 0.305961 1065.24 38.75 21.55 26.93 0 0.305172 363.55 1046.47 18.34 25.63 3 0.304754 901.63 80.49 25.46 26.85 0 0.304750 1601.20 11.58 30.38 28.84 0 0.304543 484.06 300.26 24.19 18.70 0 0.304093 1704.94 52.98 26.66 27.91 0 0.303477 796.65 13.43 25.59 30.00 0 0.302331 240.66 556.01 29.33 48.86 0 0.295860 1551.46 746.54 43.09 51.98 0 0.294228 1173.96 16.84 19.71 31.38 0 0.290890 250.18 560.32 30.54 50.12 0 0.286375 989.72 179.46 21.11 25.34 0 0.286052 1251.65 404.75 31.00 34.69 0 0.283272 1361.17 644.10 41.86 30.71 0 0.281675 25.51 782.46 26.32 29.54 0 0.278781 1014.97 293.52 31.57 32.64 0 0.277003 386.87 1038.57 15.89 25.16 3 0.272771 1034.13 277.22 30.23 24.03 0 0.271134 747.77 976.76 15.87 13.82 2 0.270477 413.71 593.47 31.49 51.34 0 0.269879 397.22 516.10 31.14 46.54 0 0.268567 919.04 113.64 25.41 29.44 0 0.268392 1033.34 260.83 27.90 22.95 0 0.267425 1887.84 0.00 32.16 35.50 0 0.264384 1581.51 0.00 32.12 23.44 0 0.261823 279.12 698.95 33.49 55.62 1 0.261801 983.43 161.65 23.16 20.85 0 0.260454 903.61 322.19 26.19 31.85 0 0.257732 1383.94 320.16 25.05 32.79 0 0.257543 65.17 758.09 29.05 32.73 0 0.253073 1073.75 402.98 34.72 33.47 0 0.251460 96.22 600.43 27.95 41.78 0
24,0.825522 1083.88 720.08 75.77 39.20 1 0.752090 768.36 662.18 28.00 54.22 0 0.741647 810.77 176.01 32.44 59.38 1 0.730488 330.54 668.81 34.11 56.18 0 0.723741 762.98 184.34 27.94 43.63 0 0.702846 522.34 503.88 32.45 44.15 0 0.691266 503.62 361.55 27.21 40.42 0 0.689347 529.08 359.50 29.91 41.46 0 0.673873 676.38 506.34 26.95 48.11 0 0.666561 737.93 509.32 27.11 48.37 0 0.665288 502.06 667.36 29.72 53.50 0 0.660444 1483.63 508.80 33.17 41.90 0 0.639474 672.11 367.23 24.84 40.83 0 0.636928 700.86 660.29 30.13 59.06 0 0.628232 1445.77 322.47 26.06 39.48 0 0.628155 1089.23 183.84 44.35 23.56 0 0.624508 647.46 505.33 24.91 44.83 0 0.619820 973.18 178.51 47.60 25.97 0 0.617771 629.48 287.32 27.52 44.43 0 0.615381 693.36 413.63 24.20 44.53 0 0.606407 356.86 197.92 31.18 43.69 0 0.602835 323.67 548.77 33.49 53.93 0 0.599608 605.96 553.84 29.41 54.53 0 0.597468 642.55 366.58 24.90 40.11 0 0.594463 667.89 662.10 27.86 54.55 0 0.589796 1637.53 900.91 67.85 55.34 0 0.582750 699.84 369.01 24.32 39.53 0 0.581941 545.67 554.63 32.08 51.58 0 0.579586 509.68 556.33 31.92 53.97 0 0.575691 472.46 668.37 27.41 50.98 0 0.558818 812.45 130.58 24.35 22.97 0 0.556874 1777.01 885.90 69.16 32.27 0 0.556379 708.26 508.86 27.17 48.70 0 0.549344 409.82 729.61 16.79 24.67 3 0.549047 196.24 551.16 32.03 46.13 0 0.540849 332.91 243.83 33.33 44.30 0 0.535547 464.21 286.08 29.51 40.76 1 0.533165 313.76 294.10 29.66 41.47 0 0.527480 1433.00 281.63 26.63 38.46 0 0.521469 605.94 288.18 24.32 42.99 0 0.521345 1779.14 18.05 22.37 24.63 0 0.520447 1428.04 242.13 30.53 38.19 1 0.518316 1656.80 11.19 27.06 25.30 0 0.510794 1320.66 362.91 26.12 50.28 0 0.505163 766.00 162.52 32.38 22.69 0 0.494237 365.73 668.85 33.15 55.82 0 0.493412 1701.23 78.78 19.39 30.88 0 0.493265 537.50 663.71 32.54 56.06 0 0.491226 712.08 289.44 26.00 45.81 0 0.490130 521.04 406.08 29.46 48.45 0 0.487082 1082.31 179.96 40.75 25.30 0 0.486986 1677.82 76.47 17.88 29.95 0 0.486701 439.06 728.73 17.00 29.03 3 0.484017 414.47 75.24 23.40 34.74 0 0.481280 636.65 661.36 28.03 50.54 0 0.478696 1142.98 188.16 40.69 23.32 0 0.478359 355.84 550.44 34.38 53.84 0 0.477976 1604.82 73.58 19.30 26.69 0 0.476462 749.91 412.87 28.12 58.60 1 0.475492 1423.94 233.86 30.20 35.29 1 0.472738 1731.66 83.21 20.58 27.20 0 0.467374 1623.10 187.52 42.27 22.53 0 0.467106 630.32 725.51 16.58 27.55 3 0.466899 995.85 722.73 60.87 33.46 1 0.464678 1463.10 406.78 28.76 40.55 1 0.443047 1708.14 763.08 50.74 26.12 0 0.439020 1582.32 68.64 21.63 28.15 0 0.438769 1459.28 400.03 29.79 37.86 1 0.437984 566.35 175.17 24.64 39.58 0 0.437427 727.61 370.06 22.97 39.24 0 0.432925 460.13 413.37 26.54 39.56 0 0.432663 247.06 441.10 38.06 47.64 0 0.431325 1344.93 537.61 27.80 47.38 0 0.428289 635.55 413.44 28.24 47.98 0 0.425045 1390.49 33.14 19.67 22.35 0 0.416965 1628.58 73.96 19.30 27.21 0 0.413367 1761.98 887.13 77.43 34.03 0 0.412260 220.14 493.02 35.03 53.64 0 0.408256 1493.21 557.21 37.53 50.90 0 0.406913 619.81 503.43 25.10 42.92 0 0.395700 1467.72 274.08 28.03 36.29 0 0.390277 915.29 136.49 20.45 18.05 0 0.386097 1387.18 57.70 23.01 26.32 0 0.385045 265.08 385.28 40.80 48.02 0 0.380447 1471.63 457.97 27.65 44.70 0 0.378988 1433.15 280.89 27.62 38.07 1 0.378858 556.63 727.30 20.48 31.23 3 0.374719 1784.35 92.03 22.05 26.80 0 0.372072 966.54 137.91 21.07 19.18 0 0.368548 1653.97 474.06 34.16 42.91 0 0.359860 1711.81 18.69 23.33 21.38 0 0.356234 993.87 722.66 62.52 32.97 0 0.355209 1334.77 467.39 28.46 44.99 0 0.354179 1536.50 1041.05 36.15 37.13 0 0.350403 1559.39 0.00 27.72 12.11 0 0.348990 1441.32 0.00 32.15 14.65 0 0.348524 486.61 170.21 28.41 43.44 1 0.341861 293.06 338.11 35.67 41.54 0 0.337811 479.37 727.41 18.30 29.78 3 0.332346 389.77 731.14 19.86 25.77 3 0.330931 1131.99 150.88 28.61 20.54 0 0.324957 1416.71 203.08 25.95 26.59 1 0.324894 756.98 367.68 26.75 41.44 1 0.320608 1721.20 122.24 24.67 25.48 0 0.319650 1749.61 17.48 23.62 24.50 0 0.316206 1582.94 940.65 33.05 52.04 0 0.315324 768.22 294.16 26.00 43.59 0 0.308716 1309.44 279.87 25.01 35.61 1 0.306458 1840.33 92.59 24.78 25.88 0 0.301535 1337.23 475.88 27.80 47.39 0 0.300349 462.54 728.98 14.88 29.20 3 0.298892 1410.53 177.52 27.14 30.30 1 0.295931 1762.45 763.58 52.55 34.95 1 0.295257 1516.32 0.00 29.33 14.55 0 0.292109 1407.92 159.88 27.30 30.52 0 0.289772 1581.10 948.84 32.37 51.37 0 0.287475 653.40 726.61 14.65 25.94 3 0.286871 630.31 415.64 27.87 48.36 1 0.281236 494.29 283.01 28.65 42.75 1 0.276757 1474.99 461.29 28.14 43.00 0 0.276226 1188.77 205.57 30.66 18.15 0 0.273680 1731.62 19.41 21.77 22.60 0 0.272218 631.13 416.10 28.05 47.90 0 0.271836 603.78 418.20 27.29 45.20 1 0.265618 1398.90 97.42 21.42 29.86 0 0.264822 1860.84 425.68 35.78 23.10 0 0.264645 1526.30 0.00 30.92 13.43 0 0.263633 1444.22 178.40 22.36 23.52 0 0.256998 1762.98 762.03 46.04 30.56 1 0.256326 1162.89 188.18 41.24 21.64 0
25,0.732945 138.99 63.89 47.66 34.48 1 0.687981 636.23 8.68 34.71 19.67 0 0.620482 47.89 304.26 42.60 31.17 0 0.615245 83.31 290.47 45.38 33.90 0 0.615006 394.75 2.43 37.56 23.76 0 0.588176 88.76 85.36 42.37 27.20 0 0.548601 190.11 160.31 45.61 25.97 0 0.521805 440.69 64.00 39.15 23.21 0 0.516440 291.27 33.49 29.39 24.22 0 0.514249 576.59 208.27 30.78 42.61 0 0.513387 221.19 680.77 10.76 15.19 2 0.503139 241.42 650.29 11.24 12.28 2 0.502618 0.86 111.69 33.01 23.83 0 0.502000 43.25 101.30 35.28 24.43 0 0.448112 241.46 630.62 11.80 14.82 2 0.415919 253.16 679.27 10.07 13.42 2 0.382909 308.92 614.02 10.43 13.25 2 0.375162 172.74 567.37 11.81 16.62 2 0.370604 281.75 35.96 30.16 24.49 0 0.358455 186.03 684.53 12.16 13.97 2 0.353552 249.17 650.88 12.77 11.31 2 0.337141 80.44 483.71 14.11 18.38 2 0.302637 201.29 582.91 11.83 16.04 2 0.299720 121.41 578.37 13.17 14.70 2 0.299414 0.38 443.06 19.22 45.39 0 0.297048 107.15 483.16 13.03 18.67 2 0.279606 122.01 527.97 11.98 15.67 2 0.276106 233.39 599.78 13.76 19.02 2 0.260691 222.16 631.37 9.98 12.98 2
26,0.629856 593.35 0.00 13.30 20.54 2 0.449174 1165.74 194.98 14.15 13.71 2 0.369808 1165.32 219.08 11.47 19.24 2 0.369682 1006.92 194.64 15.71 19.34 2 0.361683 131.64 175.42 24.03 20.42 0 0.356600 112.04 445.40 25.88 20.32 0 0.316358 117.25 394.66 21.98 21.83 0 0.294282 895.88 478.32 11.67 14.90 2 0.286852 120.00 344.90 16.88 22.78 0 0.273248 909.76 363.84 9.10 11.96 2 0.267728 619.55 1.46 13.35 20.83 2 0.262257 130.77 223.90 24.63 20.56 0
27,0.748922 852.95 538.90 45.52 33.28 0 0.728661 613.43 757.76 44.45 61.45 1 0.647095 273.47 222.03 50.87 33.67 0 0.631598 500.71 14.45 30.87 38.92 0 0.601982 493.20 305.00 43.18 34.04 0 0.601765 1.87 106.61 43.56 32.30 0 0.591043 959.91 191.20 30.92 43.31 0 0.586063 331.28 244.43 51.41 30.90 0 0.583168 604.19 350.46 43.63 31.48 0 0.573185 206.48 343.93 49.45 36.12 0 0.567249 932.37 417.24 47.11 27.61 0 0.558551 278.59 365.31 39.55 38.53 0 0.542604 961.57 184.70 29.54 42.73 0 0.532905 582.70 846.99 42.48 45.77 0 0.526817 1057.84 193.73 50.62 31.85 0 0.524401 559.93 383.99 47.02 31.74 0 0.510691 1160.67 558.62 36.62 25.15 1 0.509873 547.38 327.58 41.57 33.96 0 0.508592 632.51 0.00 39.29 33.57 0 0.489623 1027.26 268.21 47.80 31.84 0 0.476647 1.75 434.52 35.62 51.55 0 0.475878 39.20 1019.35 59.74 38.34 0 0.474848 938.20 412.51 46.59 26.60 0 0.472388 11.61 1052.43 67.84 27.57 0 0.463649 405.07 420.06 46.14 39.19 0 0.456074 214.75 345.88 48.23 38.52 0 0.448871 149.26 171.94 55.00 37.14 1 0.440072 315.56 388.14 57.63 43.22 0 0.432810 961.96 289.51 27.99 37.20 0 0.420904 497.94 20.57 29.33 37.38 0 0.404852 579.12 855.92 37.72 50.20 0 0.401254 436.29 284.62 50.02 36.71 0 0.400397 460.93 440.87 53.30 44.91 0 0.387217 446.20 434.04 53.10 44.38 0 0.386757 322.22 393.57 60.06 41.06 0 0.386563 269.98 218.50 50.64 32.40 0 0.383593 515.97 466.83 38.99 38.66 0 0.381054 1128.40 482.03 25.50 31.72 0 0.379928 960.85 30.46 27.47 34.77 0 0.376440 390.04 264.92 40.18 30.04 1 0.373803 957.48 321.85 22.76 32.59 0 0.369247 914.82 141.53 26.26 33.44 0 0.367702 103.34 151.40 49.49 32.58 0 0.366418 47.44 398.13 32.49 36.73 0 0.359633 897.90 507.80 65.87 42.18 0 0.353645 2.89 430.36 41.95 52.12 0 0.346485 107.93 1002.76 76.00 46.61 0 0.344859 91.01 1049.82 67.58 30.18 0 0.341698 242.05 169.36 48.50 30.55 0 0.340359 53.00 981.48 66.22 46.23 0 0.332229 585.57 167.31 48.26 31.68 0 0.329147 434.07 279.69 45.75 33.96 0 0.310497 916.64 133.86 27.26 35.78 0 0.306704 627.84 0.00 39.49 25.69 0 0.298577 18.58 1044.58 66.54 35.42 0 0.297961 92.42 1042.38 72.34 37.62 0 0.295670 237.05 165.12 51.28 30.79 0 0.275202 233.16 163.54 43.11 28.06 0 0.270683 231.49 1057.34 59.34 22.66 0 0.270067 499.90 309.37 44.31 33.02 0 0.266739 988.38 438.71 17.58 23.18 3 0.260728 59.22 979.18 62.60 39.33 0 0.259722 418.03 424.47 50.54 42.66 0 0.255364 576.49 161.92 44.78 30.25 0
28,0.592628 493.10 529.50 13.46 21.57 2 0.517718 686.52 661.84 13.11 18.32 2 0.483631 1012.78 680.11 15.03 16.39 2 0.451040 521.83 548.25 14.61 16.75 2 0.433700 532.61 565.45 15.48 17.04 2 0.399085 369.96 407.68 14.76 17.61 2 0.362022 556.42 595.05 15.06 21.60 2 0.352673 405.81 534.43 11.00 14.10 2 0.332248 457.44 491.43 16.58 18.63 2 0.325864 557.27 585.03 12.80 18.43 2 0.318997 519.41 527.84 13.41 17.94 2 0.300897 480.85 265.54 18.98 13.39 0 0.296002 382.75 391.32 15.09 18.86 2 0.295314 585.57 567.86 12.64 16.77 2 0.291929 896.50 156.11 37.06 34.44 1 0.280767 492.65 534.88 13.63 23.85 2 0.272400 726.74 193.90 10.85 14.18 2 0.268067 476.65 513.07 12.19 16.33 2 0.265404 368.58 233.48 12.10 14.80 2
29,0.560523 338.10 203.13 52.44 26.94 0 0.538930 279.22 40.10 38.09 21.35 0 0.521434 374.14 9.03 41.32 22.77 0 0.497472 1063.02 545.85 15.49 16.54 0 0.457388 331.36 23.78 33.21 23.09 0 0.429757 459.16 147.79 54.52 28.94 0 0.420208 927.53 25.04 20.83 12.49 0 0.405441 333.36 21.99 33.46 20.93 0 0.391592 105.77 628.94 10.22 16.31 2 0.371434 1190.66 57.13 40.65 21.86 0 0.344327 121.75 669.48 13.23 17.20 2 0.320175 323.31 272.38 11.33 22.53 3 0.300321 423.88 0.00 41.64 18.80 0 0.299060 575.98 212.21 9.29 16.82 2 0.271000 1007.87 316.45 10.47 14.84 2 0.270048 443.57 280.69 27.01 21.55 0 0.267708 122.88 674.06 13.86 17.69 2 0.263794 154.90 61.74 12.42 14.72 3 0.255289 961.74 525.08 11.11 16.18 2 0.251408 237.74 41.92 12.55 16.20 3 0.250182 912.15 324.71 14.73 17.19 3
30,0.506317 66.57 447.48 14.51 18.53 3 0.343925 279.37 198.77 18.82 34.12 3 0.339517 618.19 471.51 26.96 21.58 0 0.333531 305.87 190.74 19.57 36.62 3 0.299484 340.53 613.82 12.31 16.89 3 0.280605 466.27 407.66 15.62 30.36 2 0.279313 1057.35 278.58 11.20 12.45 3 0.273360 527.07 440.71 14.06 15.87 2 0.250332 255.16 195.88 20.90 39.03 3
31,0.777697 68.91 692.29 60.07 61.82 1 0.757404 201.76 973.08 50.16 71.24 1 0.713892 709.15 992.36 72.30 61.04 1 0.625471 379.76 62.39 34.50 30.13 0 0.622171 714.14 53.81 29.30 27.51 0 0.621282 170.80 1001.40 44.01 61.06 1 0.616949 1166.88 815.55 57.64 35.11 0 0.612335 52.05 884.99 47.73 51.61 0 0.609812 815.36 199.94 33.76 28.27 0 0.595997 350.92 516.13 45.41 31.42 0 0.594039 78.24 703.01 51.25 54.50 1 0.590783 23.14 732.27 42.21 47.62 0 0.581540 604.77 484.59 43.44 37.46 0 0.577800 916.45 105.94 35.79 24.31 0 0.576078 39.58 1018.85 40.35 49.37 0 0.570787 135.15 953.20 44.75 49.53 0 0.570059 785.89 691.43 43.61 44.48 0 0.566818 907.32 625.83 40.61 36.53 0 0.563293 405.43 481.90 53.14 35.04 0 0.562600 1434.00 541.61 37.73 37.96 0 0.559080 593.71 83.24 34.28 22.93 0 0.553084 718.07 606.22 38.05 42.97 0 0.553039 670.75 556.25 39.50 40.74 0 0.546912 1437.22 413.88 36.98 33.46 0 0.544865 1191.27 6.97 32.28 25.91 0 0.540408 1373.53 466.85 42.59 32.77 0 0.538143 872.38 587.83 40.31 37.88 0 0.531907 839.32 553.65 38.38 37.01 0 0.529761 766.77 105.78 21.45 33.98 0 0.529296 741.55 449.41 37.38 30.80 0 0.527273 810.65 11.87 37.77 21.30 0 0.527268 243.30 575.14 50.46 36.36 0 0.520973 24.33 637.81 34.82 27.87 0 0.516693 0.86 702.45 48.59 33.91 0 0.513050 102.78 976.97 45.56 47.88 0 0.511296 1222.94 32.77 34.01 25.32 0 0.509196 707.59 416.41 34.48 31.22 0 0.508899 647.64 459.61 36.93 32.70 0 0.505382 956.18 0.00 36.72 11.61 0 0.490357 748.94 119.79 19.36 29.47 0 0.489940 1678.34 193.67 36.12 30.37 0 0.489361 928.89 108.01 33.10 19.12 0 0.480489 1070.80 360.12 27.11 35.69 0 0.480159 1297.48 536.40 35.91 30.83 0 0.478515 588.91 56.31 35.21 20.41 0 0.475968 250.35 570.72 50.30 33.90 0 0.475386 540.13 114.71 42.70 31.00 0 0.472638 1221.35 67.17 28.48 26.10 0 0.471899 696.88 41.05 29.16 22.14 0 0.463632 534.97 120.72 42.17 34.80 0 0.457483 659.15 58.57 30.42 20.98 0 0.457237 1334.33 503.24 37.92 32.74 0 0.448756 691.15 148.19 28.28 25.37 0 0.444665 752.86 643.97 45.24 46.41 0 0.444561 114.15 840.93 45.14 53.39 0 0.444398 639.08 344.50 30.89 30.12 1 0.444359 1242.92 716.70 36.63 40.47 0 0.443077 1259.62 565.06 37.39 36.44 0 0.438680 788.78 97.97 19.34 32.66 0 0.437651 1403.76 437.60 41.76 33.52 0 0.437524 71.03 995.03 44.94 52.73 0 0.437252 742.91 453.65 37.44 32.06 0 0.437032 1247.07 87.08 28.69 27.87 0 0.436505 415.97 475.50 53.93 32.33 0 0.434783 1302.20 533.04 35.31 32.20 0 0.433851 1132.22 7.16 29.39 26.02 0 0.433498 660.25 1059.64 44.16 20.36 3 0.433296 528.57 222.00 32.83 30.84 0 0.432832 1281.00 77.59 32.21 29.87 0 0.432288 1263.13 59.98 30.00 29.51 0 0.429169 1246.75 712.59 35.00 39.45 0 0.427439 1326.17 716.88 45.77 44.70 0 0.426001 848.98 73.52 21.23 29.97 0 0.425813 272.31 1064.26 16.38 15.74 2 0.424697 771.42 483.37 35.51 31.21 0 0.424653 669.69 431.48 33.80 31.41 0 0.424339 1763.27 123.93 38.47 31.11 0 0.419919 765.40 30.41 30.20 26.75 0 0.418535 1810.00 85.21 31.55 26.34 0 0.416538 910.12 390.06 29.26 32.00 1 0.416441 1339.64 501.22 38.14 30.61 0 0.416407 1756.63 132.88 32.07 30.34 0 0.412113 1251.68 56.18 27.84 27.35 0 0.403707 1729.71 160.00 32.50 25.46 0 0.401415 967.54 476.58 44.98 36.45 0 0.400312 807.06 514.20 37.21 36.72 0 0.397601 162.71 924.61 51.67 60.79 1 0.395372 387.46 82.72 32.34 32.89 0 0.394344 1317.47 97.12 33.61 27.24 0 0.390579 17.61 897.80 44.00 57.33 0 0.383441 892.94 52.74 20.01 29.90 0 0.382078 1153.90 959.72 49.77 44.12 0 0.378691 606.34 110.72 25.22 21.98 0 0.372492 192.22 547.05 30.40 22.22 0 0.367842 1265.54 6.53 30.88 25.94 0 0.367470 9.99 899.96 45.87 58.68 0 0.363402 298.36 151.70 44.54 33.39 0 0.362190 1267.40 1045.05 58.57 34.95 0 0.361157 748.77 639.02 42.68 47.18 0 0.360264 766.50 10.07 32.16 21.21 0 0.357121 705.99 40.71 33.18 27.66 0 0.353356 831.33 547.62 36.84 32.42 0 0.349832 724.70 98.94 22.46 27.56 0 0.346695 1298.44 32.84 25.14 23.18 0 0.344387 444.65 471.94 41.66 28.48 0 0.342144 1723.06 131.05 33.43 26.51 0 0.341840 1392.34 445.11 43.75 33.61 0 0.341836 1473.52 371.17 45.35 40.42 0 0.340843 1140.72 664.55 40.97 35.53 1 0.340394 616.44 313.57 39.40 34.69 1 0.339637 0.00 656.38 20.24 22.40 0 0.338206 188.54 984.18 52.72 68.93 1 0.334277 180.66 962.52 49.75 66.89 1 0.333979 1841.68 63.09 30.14 22.70 0 0.329828 1277.81 115.43 38.59 33.31 0 0.327736 651.58 59.96 33.97 20.98 0 0.326722 740.90 632.97 45.65 46.77 0 0.325636 29.12 637.98 35.40 25.57 0 0.324955 637.23 523.13 40.15 32.15 0 0.324896 1347.31 702.88 43.94 49.68 0 0.323098 585.00 85.65 37.28 22.76 0 0.318956 561.81 256.07 34.45 30.42 0 0.315311 92.02 983.17 47.94 51.44 0 0.313876 1276.30 558.02 38.25 33.89 0 0.312055 1154.70 78.09 31.33 26.52 0 0.309755 1790.92 98.83 36.10 28.24 0 0.308515 1258.05 569.73 35.08 36.93 0 0.304403 1458.80 242.38 44.88 42.03 1 0.304339 671.87 375.59 32.52 28.09 0 0.301004 822.06 197.40 33.73 27.90 0 0.300601 1128.75 682.94 35.99 38.96 1 0.300290 1064.18 282.86 35.82 23.99 0 0.300176 1275.37 77.34 31.80 30.39 0 0.299310 1235.14 30.96 32.02 26.23 0 0.297763 686.00 351.63 35.55 29.16 0 0.297408 665.46 18.95 32.49 23.81 0 0.297190 116.66 841.19 47.25 54.32 1 0.295644 1107.14 0.00 30.87 17.65 0 0.290846 25.24 897.21 41.84 54.79 0 0.289454 1165.70 0.00 34.22 18.98 0 0.288218 260.71 520.99 26.51 17.64 0 0.286837 1469.51 373.23 40.20 43.71 0 0.284896 717.04 131.59 21.98 26.25 0 0.283768 1178.03 3.99 30.79 26.02 0 0.278799 145.98 580.93 25.65 22.85 0 0.275923 1241.81 0.00 35.87 18.64 0 0.270477 1196.94 57.42 27.01 23.50 0 0.270006 1173.77 637.81 40.90 35.78 1 0.269905 1138.39 11.56 30.39 25.25 0 0.266155 1341.22 0.00 32.42 13.95 0 0.262144 748.72 30.09 27.87 24.80 0 0.257019 1330.13 88.02 31.62 23.27 0 0.251735 872.44 70.16 18.71 30.92 0
32,0.662160 853.53 875.43 49.58 40.16 0 0.638882 397.55 576.69 44.47 33.19 0 0.628741 809.85 79.99 32.36 21.21 0 0.617219 471.94 771.68 45.77 43.00 0 0.605996 912.87 88.27 30.24 22.97 0 0.592549 880.00 111.91 42.26 31.09 0 0.592540 675.90 722.34 43.16 37.70 0 0.582694 565.42 830.35 53.52 47.05 0 0.578086 29.24 793.15 49.66 47.12 0 0.578003 399.39 731.58 49.48 47.21 0 0.575367 308.27 678.23 48.70 39.26 0 0.565870 306.49 276.27 35.96 34.60 0 0.563733 443.35 304.37 41.13 35.94 0 0.552700 533.97 55.78 29.69 28.10 0 0.545562 1069.18 973.47 79.82 53.56 0 0.544784 612.89 790.04 50.93 38.62 0 0.541561 444.72 600.30 45.23 35.72 0 0.539151 629.06 697.19 42.29 36.60 0 0.522729 638.11 17.84 35.19 24.99 0 0.521762 82.64 743.79 51.19 44.62 0 0.517840 283.54 192.89 36.99 27.23 0 0.515267 839.01 60.39 30.55 23.55 0 0.512698 508.14 793.49 57.09 48.70 0 0.509109 580.92 671.95 46.52 37.38 0 0.508225 803.41 36.23 35.42 27.05 0 0.498456 534.31 646.58 43.16 35.15 0 0.496234 257.73 177.47 37.23 28.24 0 0.493595 142.32 224.82 41.21 29.97 0 0.489462 258.65 496.19 45.35 34.96 1 0.489225 1095.08 686.59 46.81 33.72 0 0.483448 1129.87 625.17 52.36 35.39 0 0.482738 946.99 771.14 31.21 43.59 0 0.478802 693.96 5.42 34.58 24.23 0 0.469707 374.12 223.22 32.66 30.76 0 0.467851 352.29 239.23 35.26 30.49 0 0.463822 1148.85 481.91 26.87 35.56 0 0.462790 766.08 17.36 34.47 22.03 0 0.461141 185.72 238.18 33.91 25.73 0 0.456807 757.16 413.54 31.73 31.56 0 0.456694 759.72 29.01 36.78 23.92 0 0.455173 212.70 171.65 35.71 26.34 0 0.450570 216.87 208.40 38.61 25.30 0 0.444974 397.54 205.32 29.36 29.39 0 0.443382 617.41 446.60 27.61 40.06 0 0.437727 335.02 252.18 34.06 32.64 0 0.425891 1245.44 137.83 23.55 18.06 0 0.425134 346.12 144.26 34.77 30.33 0 0.424665 99.24 310.53 44.75 39.66 0 0.424199 330.47 128.75 34.11 30.88 0 0.422892 1050.80 468.88 30.85 31.06 0 0.421025 279.15 293.63 35.82 32.27 0 0.420873 994.47 825.29 47.81 28.10 0 0.418777 1001.06 559.44 31.08 27.09 0 0.417526 106.29 310.70 48.32 41.19 0 0.415711 275.09 265.37 35.84 35.14 0 0.414271 1108.53 657.75 52.05 35.12 0 0.409315 137.17 720.41 37.99 31.72 0 0.408648 614.68 450.53 27.32 39.13 0 0.407220 302.19 284.80 34.61 33.06 0 0.404970 434.13 180.42 29.85 30.90 0 0.399775 160.33 341.16 40.48 29.76 0 0.395284 489.81 623.82 44.84 33.76 0 0.387842 108.34 302.60 49.29 39.16 0 0.384643 1228.21 1011.53 43.79 27.07 0 0.384258 66.46 443.51 40.36 31.84 0 0.377998 279.02 260.25 30.72 31.78 0 0.376125 691.33 550.79 41.80 33.59 0 0.372162 749.49 412.31 33.49 31.22 0 0.371886 222.21 205.16 34.98 25.03 0 0.365284 1213.58 993.56 46.03 30.89 0 0.363352 91.71 740.32 47.01 44.81 0 0.355852 1032.12 517.03 26.19 23.42 0 0.354995 178.55 454.51 45.43 33.47 0 0.354750 594.77 6.60 33.36 24.31 0 0.351713 1009.18 545.31 30.73 24.03 0 0.351357 1049.07 480.29 28.52 30.18 0 0.348843 160.85 258.03 39.72 28.75 0 0.340846 940.35 662.66 32.16 26.26 0 0.339415 268.69 493.26 45.68 31.60 0 0.333110 1093.28 395.65 32.77 23.47 0 0.329253 330.16 148.60 34.04 33.58 0 0.327320 371.55 520.04 36.75 29.42 0 0.327037 313.01 151.82 30.95 32.67 0 0.325314 100.98 305.18 45.49 35.78 0 0.323624 320.44 264.09 34.06 33.74 0 0.321166 358.39 234.52 34.17 30.69 0 0.317743 498.41 785.56 63.39 51.30 0 0.317052 357.47 701.56 45.36 43.52 0 0.314210 698.08 33.08 35.21 27.90 0 0.308588 177.87 279.61 30.82 24.15 0 0.308361 617.39 6.24 30.29 23.54 0 0.305689 474.67 146.59 29.77 29.71 0 0.299930 102.23 401.35 40.16 30.41 1 0.296674 1073.27 436.46 32.31 27.70 0 0.296289 162.78 267.05 38.63 29.54 0 0.295241 731.40 15.75 37.74 25.13 0 0.288962 207.00 230.97 38.70 27.37 0 0.287316 982.40 898.59 41.85 30.66 0 0.286406 275.58 183.12 34.31 28.75 0 0.285405 944.19 776.29 31.15 45.20 0 0.284215 908.88 716.55 31.94 27.53 0 0.279838 116.21 305.42 45.80 31.56 0 0.277964 850.41 101.80 35.79 26.81 0 0.276905 132.00 428.65 40.72 29.81 1 0.276632 439.43 307.06 38.79 38.07 0 0.268890 270.92 505.07 47.67 34.19 1 0.265339 238.15 151.56 37.34 28.78 0 0.264253 135.39 430.99 43.90 33.81 1 0.262439 475.96 775.01 47.74 45.53 0 0.261228 371.82 120.61 36.41 27.31 0 0.260723 1078.45 427.21 34.14 24.69 0 0.257466 1185.55 913.35 31.35 33.16 0 0.256333 183.34 242.72 32.85 27.02 0 0.256126 316.89 136.16 30.91 31.95 0 0.252986 476.33 771.58 60.22 51.23 0 0.251885 772.83 67.05 28.47 22.86 0
33,0.777855 725.50 93.70 39.73 37.36 1 0.734211 1089.10 333.47 29.99 51.86 1 0.692523 1054.99 628.56 29.86 56.00 0 0.611104 1103.91 208.14 22.20 36.90 0 0.600145 573.61 607.13 57.28 31.77 0 0.591182 1230.06 350.88 68.81 42.87 1 0.577981 1070.35 488.71 25.84 45.53 0 0.576597 1107.17 158.72 23.72 31.31 0 0.539007 352.87 29.10 10.38 14.34 2 0.523343 817.83 198.09 30.14 27.77 0 0.476672 1092.98 290.46 23.52 35.75 0 0.468096 827.01 169.04 36.45 26.11 0 0.455033 1098.37 249.97 23.13 33.11 0 0.443626 419.96 1.35 11.69 18.37 2 0.394056 1219.28 507.91 35.62 103.65 1 0.325609 854.38 15.02 34.60 19.14 0 0.321899 1225.88 628.02 36.68 20.15 0 0.308807 729.22 97.89 39.63 29.52 1 0.262333 851.72 17.42 33.23 19.53 0
34,0.683654 488.54 389.49 10.33 16.10 2 0.631483 408.07 221.29 10.48 18.50 2 0.534278 325.14 285.79 16.11 22.71 2 0.513843 744.07 582.04 11.88 15.34 2 0.510648 492.57 273.96 8.69 15.51 2 0.444681 539.32 314.81 9.71 15.21 2 0.433524 654.76 212.18 12.05 12.24 2 0.433128 656.62 244.92 11.76 13.11 2 0.414923 693.25 194.88 13.95 18.29 2 0.411884 1200.71 396.45 41.41 39.32 0 0.403844 1246.00 166.80 27.92 43.01 0 0.377140 592.10 144.23 10.81 15.60 2 0.345148 676.99 173.39 11.25 15.73 2 0.275632 659.34 195.52 10.49 13.46 2 0.274668 250.90 550.53 14.06 17.54 2 0.251561 325.48 282.58 15.28 21.76 2
35,0.803187 586.64 681.49 36.93 67.36 1 0.705964 426.02 250.64 47.54 34.72 0 0.626267 1734.12 515.81 15.72 25.46 3 0.625130 919.44 102.70 52.79 28.50 0 0.618477 359.30 239.66 55.47 34.35 0 0.607669 64.90 322.08 47.75 33.53 0 0.601847 296.20 222.56 49.08 31.14 0 0.596440 102.31 178.54 53.93 34.68 0 0.580581 847.62 273.35 51.12 39.12 0 0.572643 166.72 192.05 59.34 32.07 0 0.559478 569.88 775.08 37.04 57.31 0 0.556354 355.89 234.77 58.45 32.79 0 0.555690 348.26 387.45 65.92 38.96 0 0.552954 295.77 46.70 29.46 50.70 0 0.532340 484.31 267.11 51.13 31.28 0 0.530045 266.42 1032.84 61.53 33.54 0 0.499069 63.66 1030.83 62.90 32.46 0 0.480379 330.32 383.32 68.33 34.83 0 0.477451 1098.59 392.36 48.15 31.20 1 0.470712 458.23 1013.77 57.26 36.86 0 0.470615 1757.99 518.29 15.17 25.43 3 0.463066 742.43 110.56 29.27 42.08 1 0.459208 914.74 66.18 66.19 37.02 1 0.455863 428.60 410.84 54.36 31.84 0 0.455349 417.30 63.19 56.87 33.19 0 0.448268 932.91 20.83 63.43 32.16 0 0.444774 292.64 217.53 46.29 31.12 0 0.442948 1055.00 321.76 25.94 35.52 0 0.432572 214.53 358.56 58.82 32.62 0 0.431721 75.38 326.66 51.67 32.41 0 0.427554 196.03 356.20 62.24 35.56 0 0.426719 238.47 209.29 53.27 31.07 0 0.400770 59.20 1059.41 56.56 20.59 0 0.400642 294.11 377.88 42.48 32.43 0 0.366020 853.68 141.06 31.58 52.44 1 0.361789 607.26 918.53 22.15 29.48 3 0.349770 849.07 353.22 48.95 33.10 0 0.342808 734.79 150.44 28.12 48.24 1 0.339906 72.59 989.01 66.39 39.73 0 0.328932 841.93 278.55 54.01 38.08 0 0.316384 1144.34 396.91 40.41 24.83 0 0.309165 817.13 231.06 17.01 20.41 3 0.299450 0.04 966.53 20.14 43.34 0 0.292747 657.13 603.15 16.82 29.36 3 0.279350 132.40 1043.13 63.51 36.02 0 0.274722 31.50 160.60 52.67 32.37 1 0.274293 133.93 1003.16 74.78 41.45 0 0.270885 850.88 154.65 30.82 57.96 1 0.261489 1106.80 395.87 49.49 28.35 1 0.250904 583.13 687.82 34.59 67.30 1
36,0.705585 1627.61 668.48 35.95 51.99 0 0.692306 1601.42 346.63 34.82 53.62 0 0.671612 1676.32 587.13 37.17 55.87 0 0.661953 1094.02 341.78 29.99 50.88 0 0.657478 955.42 225.89 26.45 40.91 0 0.648939 1030.61 341.34 33.17 47.77 0 0.648207 1023.66 213.26 30.06 44.97 0 0.643021 454.39 932.65 33.22 60.91 1 0.634949 961.69 346.47 31.06 48.82 0 0.624307 978.05 127.06 46.38 26.49 0 0.620994 1132.38 341.21 29.32 47.91 0 0.610806 811.33 359.40 27.57 52.23 0 0.605533 1667.99 453.17 36.15 53.95 0 0.600025 625.78 967.07 33.10 59.59 1 0.593652 1657.78 526.35 38.59 54.67 0 0.584106 1693.72 521.54 39.34 49.62 0 0.581172 609.65 739.80 34.62 63.91 1 0.577335 865.27 716.77 29.18 58.99 1 0.575539 940.43 419.81 55.25 31.46 0 0.574860 1693.97 652.16 38.85 53.25 0 0.574402 552.77 91.44 25.10 43.59 0 0.573996 880.65 197.54 45.18 23.29 0 0.573329 454.21 999.16 35.44 71.84 0 0.570651 766.67 207.73 44.98 27.49 0 0.567118 840.26 358.63 26.14 49.83 0 0.559000 1103.11 205.01 29.69 41.79 0 0.557119 1248.81 154.17 42.93 24.70 0 0.556646 895.45 354.21 26.55 48.10 0 0.555935 1133.35 206.44 25.16 42.06 0 0.552642 1557.01 414.58 36.42 54.96 0 0.552047 244.60 730.71 58.13 30.65 0 0.546967 584.08 345.33 36.63 42.95 1 0.543276 623.22 884.68 32.62 62.36 0 0.539964 824.40 202.06 43.93 22.84 0 0.533275 1641.09 721.55 41.22 63.72 0 0.530723 28.33 759.99 68.02 31.81 0 0.529268 1631.60 461.19 36.64 57.30 0 0.526812 1625.02 656.61 36.39 54.47 0 0.526791 865.99 358.49 28.08 50.45 0 0.523340 1699.70 113.25 55.30 29.48 0 0.522993 1010.00 181.97 39.22 26.26 0 0.522747 949.46 189.72 42.69 25.61 0 0.515852 1523.72 302.48 35.98 53.03 0 0.510069 1713.40 720.13 43.39 57.76 0 0.508374 614.56 812.45 31.97 61.64 0 0.507236 924.17 348.21 31.43 51.42 0 0.505846 167.91 737.74 60.30 32.21 0 0.505145 772.45 207.01 46.25 24.90 0 0.499730 992.25 345.29 29.95 51.03 0 0.490663 1710.59 714.39 41.32 58.19 0 0.480325 593.06 475.94 23.92 42.83 0 0.477832 1574.52 478.44 33.19 52.60 0 0.476696 1138.52 548.23 53.49 31.27 0 0.475044 860.41 576.49 50.57 32.45 0 0.471728 1609.71 596.17 39.01 51.31 0 0.469985 500.24 457.21 23.41 39.19 0 0.467971 1013.60 184.80 44.31 26.91 0 0.463680 1640.47 459.70 35.58 55.06 0 0.461982 1619.84 406.77 39.66 53.13 0 0.461843 1759.10 111.28 51.58 28.96 0 0.461510 1168.57 330.99 33.02 44.45 0 0.460060 669.44 243.67 57.77 33.10 1 0.456781 1592.15 535.26 33.15 46.08 0 0.448278 1750.60 722.65 41.30 56.83 0 0.443845 1665.02 790.45 38.82 59.23 0 0.439274 1649.06 116.85 52.21 29.61 0 0.420593 1844.11 35.38 35.59 30.80 0 0.418017 1158.27 203.08 26.20 40.63 0 0.411061 255.96 729.80 60.78 29.80 0 0.408679 600.50 664.04 30.95 70.46 1 0.406365 1539.67 359.21 35.29 49.68 0 0.393378 614.56 809.75 35.08 58.52 1 0.389570 717.96 330.54 43.71 27.74 0 0.381289 1283.82 944.24 58.30 40.22 0 0.376768 606.51 736.26 31.82 60.40 1 0.362285 927.11 132.49 46.00 27.66 0 0.360676 1062.97 176.09 39.41 29.09 0 0.360617 450.12 862.34 31.88 57.00 1 0.359790 776.42 243.95 23.55 35.28 0 0.356352 1054.26 203.39 37.78 48.76 0 0.346332 955.20 132.94 44.31 25.47 0 0.342677 598.76 600.57 29.71 48.14 0 0.340591 804.78 149.40 53.55 25.78 0 0.337857 1068.73 207.57 33.07 44.22 0 0.333378 1139.08 551.08 58.39 34.03 0 0.331227 863.42 362.41 24.65 51.53 0 0.329459 26.74 764.00 62.00 32.49 0 0.324749 1546.81 688.23 35.99 55.04 1 0.322948 454.29 844.57 27.61 62.63 0 0.321330 1051.64 206.87 32.99 47.96 0 0.317038 1701.61 117.66 50.70 29.64 0 0.314153 590.75 347.57 35.25 44.13 1 0.312881 1755.00 724.87 41.57 63.84 0 0.308618 916.66 350.56 30.64 50.23 0 0.306711 721.83 332.07 46.83 28.72 0 0.306322 303.57 738.20 43.89 24.86 0 0.304344 1514.56 251.84 33.07 50.94 0 0.299053 916.47 135.18 36.78 26.95 0 0.289588 1573.05 245.55 34.59 47.21 0 0.284237 935.93 192.67 44.98 26.22 0 0.277658 1586.98 552.51 36.89 49.48 0 0.270428 1609.57 256.94 36.26 54.61 0 0.263954 946.16 192.82 41.91 26.73 0 0.260214 633.11 1027.11 31.22 52.02 1 0.255697 1891.13 34.45 28.75 27.64 0
37,0.665890 87.16 546.69 9.77 11.30 2 0.628003 173.11 3.57 44.13 24.50 0 0.617432 0.71 197.50 24.81 30.82 0 0.482572 515.90 73.45 29.94 27.35 0 0.354486 1272.00 280.45 30.19 25.81 1 0.303336 543.91 681.55 8.68 14.27 2 0.276684 53.65 433.93 9.86 13.99 2 0.265246 65.14 599.09 28.50 16.68 1 0.251600 535.43 103.78 22.65 21.71 0
38,0.893060 417.14 604.90 40.01 66.91 1 0.874457 390.32 335.11 42.39 60.56 1 0.685325 394.15 620.88 33.32 55.37 1 0.677916 291.39 596.23 27.04 43.02 0 0.677257 1043.70 293.30 32.04 34.41 0 0.631516 351.21 740.95 29.85 49.18 0 0.628628 667.45 254.91 43.27 24.16 0 0.622025 265.17 969.27 32.86 63.59 0 0.619839 1573.59 712.65 44.55 44.56 0 0.618978 218.57 784.23 32.88 56.36 0 0.612102 301.05 950.14 35.45 61.17 0 0.611723 319.17 587.48 27.98 45.19 0 0.601673 351.67 577.37 28.27 44.99 0 0.601250 231.43 985.44 31.61 57.53 0 0.600204 23.34 437.73 33.67 52.94 0 0.599630 359.65 630.56 30.18 42.89 0 0.584820 867.62 777.99 66.40 42.52 1 0.584742 158.55 637.24 31.32 45.36 0 0.584139 302.54 652.21 27.78 48.74 0 0.583562 380.41 569.28 29.56 40.88 0 0.582463 382.63 731.73 31.66 51.83 0 0.579363 114.07 415.90 34.21 46.27 1 0.576201 409.91 556.08 32.66 46.07 0 0.575981 1745.28 105.92 32.96 31.83 0 0.563431 1644.10 51.95 28.18 32.20 0 0.555087 87.81 561.87 26.49 47.26 0 0.553052 402.52 904.69 33.07 56.82 0 0.551083 1746.70 460.58 40.81 35.34 0 0.547251 1375.33 752.39 52.59 43.01 0 0.542231 560.83 284.38 49.58 23.46 0 0.536602 47.36 906.50 35.82 65.67 0 0.527360 363.18 1004.07 19.24 26.37 3 0.526591 1649.28 509.21 42.13 29.15 0 0.524282 1162.32 490.89 34.77 41.74 0 0.523922 1399.73 993.19 46.86 56.11 0 0.522465 1085.26 366.86 31.26 33.41 0 0.521663 54.60 575.55 27.30 51.21 0 0.516880 436.56 893.50 33.43 60.62 0 0.511420 329.73 489.84 30.98 53.65 0 0.508598 1131.20 453.10 34.61 37.01 0 0.503397 1694.20 112.98 35.57 36.41 0 0.501396 927.07 82.80 24.72 28.96 0 0.499257 244.00 514.28 31.47 54.98 0 0.496835 446.42 707.94 32.62 57.68 0 0.496435 1671.92 84.69 29.94 30.56 0 0.495437 341.32 362.36 31.11 44.67 0 0.492289 907.97 292.43 31.75 38.52 0 0.491936 1344.53 812.74 32.02 44.60 0 0.485915 1114.19 414.60 30.99 35.45 0 0.480332 720.95 245.77 43.33 22.78 0 0.478414 1625.86 0.00 32.72 17.94 0 0.475006 1841.18 423.96 56.68 32.02 0 0.471995 1386.09 605.91 38.44 29.54 0 0.469178 1179.38 94.23 25.64 29.80 0 0.468913 226.71 843.35 36.38 63.82 0 0.465973 1376.92 898.95 57.22 57.59 0 0.461448 212.07 522.97 30.44 50.68 0 0.461022 1261.77 371.95 36.68 37.51 0 0.460843 301.68 492.45 31.45 53.99 0 0.460342 1458.86 696.20 43.10 37.15 0 0.458667 1766.68 102.70 30.46 28.45 0 0.458126 1244.87 0.00 22.81 8.72 0 0.456638 799.60 815.79 46.56 34.73 0 0.453906 1074.50 6.50 22.51 31.19 0 0.452835 471.35 881.90 35.32 62.57 0 0.451780 1698.47 116.51 39.18 37.77 0 0.451429 261.25 835.13 35.58 62.57 0 0.446077 701.90 212.93 29.60 19.86 0 0.445010 321.17 751.69 28.84 46.98 0 0.444538 947.49 368.99 32.41 40.99 0 0.439079 1696.99 482.63 46.16 35.94 0 0.437668 1264.84 378.67 36.86 34.76 0 0.433952 1653.90 27.88 28.27 30.39 0 0.433941 1205.53 0.00 18.45 13.32 0 0.432082 1021.11 253.46 27.99 33.01 0 0.429294 332.36 810.96 33.08 52.30 0 0.427046 1681.34 49.50 29.83 31.48 0 0.422908 1159.69 0.00 16.63 18.66 0 0.422379 996.42 465.83 35.00 40.99 0 0.421401 391.32 475.21 29.39 47.39 0 0.419097 976.57 424.92 31.09 36.99 0 0.416776 259.37 829.37 34.03 56.33 0 0.415918 405.64 605.51 41.16 64.49 1 0.415837 169.91 690.92 32.00 50.51 0 0.414977 1024.26 533.17 32.39 34.60 0 0.413664 1712.98 76.12 33.29 31.82 0 0.409293 1182.25 0.00 16.52 15.71 0 0.394307 1599.46 692.09 47.76 51.05 0 0.394091 166.75 684.56 31.46 46.83 0 0.388965 1020.25 515.55 31.79 34.76 0 0.388123 1364.08 616.48 38.47 30.88 0 0.387806 337.43 332.55 36.07 22.77 0 0.383237 1380.44 755.03 55.98 45.61 0 0.377446 1836.58 427.61 58.26 33.19 0 0.374873 112.51 1026.78 37.66 50.81 0 0.374761 99.71 717.06 37.91 42.53 1 0.373854 931.43 336.22 32.13 30.84 0 0.370110 1538.70 546.64 42.89 34.53 0 0.368752 1646.20 676.98 47.71 53.97 0 0.363764 1784.46 445.95 39.03 31.93 0 0.360984 418.04 718.12 33.10 56.70 0 0.357585 54.78 734.84 36.73 20.90 0 0.356786 1184.51 761.39 17.76 23.30 3 0.356027 344.97 331.94 38.02 23.17 0 0.352712 1682.64 7.84 26.72 27.26 0 0.352136 227.77 841.78 33.79 64.56 1 0.351777 1333.06 30.13 37.63 20.09 0 0.350867 147.86 538.64 31.22 53.57 0 0.348996 8.80 914.89 38.34 69.33 1 0.348187 1393.75 986.11 48.28 55.08 0 0.347261 387.66 1001.16 17.38 23.27 3 0.344848 1706.08 75.75 31.31 30.18 0 0.344842 541.62 853.93 35.87 51.01 0 0.342585 959.34 143.11 29.81 31.78 0 0.340368 781.50 822.48 42.84 33.30 0 0.337396 1181.50 90.41 24.18 29.74 0 0.337284 484.98 260.38 24.41 15.88 0 0.334384 370.65 283.85 28.71 22.63 0 0.332789 1681.46 40.50 27.36 31.28 0 0.331817 1320.17 984.48 29.96 41.59 0 0.331157 1713.01 4.28 33.67 32.25 0 0.329434 341.26 1018.51 16.89 26.48 3 0.313196 1136.46 0.00 18.49 20.86 0 0.311584 1709.63 0.33 30.62 30.15 0 0.310821 1152.49 312.68 37.72 25.63 0 0.309739 1155.54 309.67 40.84 24.76 0 0.304999 1702.36 0.00 34.54 21.43 0 0.302865 8.35 916.13 40.50 69.24 0 0.302216 176.47 404.15 28.62 44.63 0 0.301695 359.56 1010.22 19.17 27.83 3 0.301389 1100.94 2.68 22.72 28.20 0 0.298133 144.95 495.19 26.87 37.61 0 0.296965 1566.38 718.07 47.99 40.92 0 0.290898 1016.33 249.13 30.23 35.73 0 0.289659 520.20 254.04 27.16 16.60 0 0.289285 1427.91 588.70 37.15 33.21 1 0.285573 771.08 246.42 33.06 21.46 0 0.285374 1697.42 474.97 46.72 37.18 0 0.277703 973.44 176.30 27.58 28.17 0 0.275251 1135.91 0.00 18.18 26.73 0 0.273985 228.65 387.63 34.24 45.53 1 0.273041 1732.01 33.73 26.52 23.40 0 0.272680 1644.12 0.00 31.86 16.61 0 0.272474 1260.24 768.09 35.70 47.01 0 0.271164 1596.75 533.45 41.09 25.41 0 0.266291 52.99 714.83 31.20 17.22 0 0.263118 413.48 984.97 19.68 27.97 3 0.262255 297.62 493.13 29.60 50.72 0 0.258792 269.38 668.69 31.39 50.59 1 0.258370 1475.49 691.39 45.05 31.58 0 0.254060 880.54 784.17 47.84 40.26 1 0.252719 1293.15 817.56 36.94 39.28 0 0.252036 330.08 799.83 30.43 52.44 0 0.251082 71.86 1038.97 33.92 40.72 0 0.250629 995.93 147.98 28.06 27.90 0 0.250388 903.96 45.74 28.03 31.59 1
39,0.718029 737.63 505.81 28.10 53.05 1 0.708722 789.47 383.00 26.65 45.82 0 0.690656 714.03 760.60 31.91 58.96 0 0.684243 528.07 648.70 31.98 55.91 0 0.677484 766.66 493.27 31.71 66.98 1 0.666941 833.99 265.63 32.23 58.23 1 0.657667 1099.89 827.93 77.98 37.51 1 0.655617 724.96 600.53 26.51 49.09 0 0.651583 1437.08 285.17 28.90 39.40 1 0.646537 1104.23 274.44 46.45 24.96 0 0.630983 606.01 454.88 24.62 42.51 0 0.629661 1585.27 77.39 28.08 22.45 0 0.623977 550.50 450.35 26.66 41.10 0 0.623215 1682.33 581.96 31.94 44.75 0 0.622586 651.30 503.26 28.92 49.61 0 0.622513 1508.24 612.95 30.36 40.95 0 0.617355 782.73 763.40 29.75 53.95 0 0.612752 481.07 498.23 28.26 40.71 1 0.607876 381.02 764.26 33.51 56.28 0 0.605133 339.64 379.16 30.99 42.03 0 0.603117 755.62 600.39 30.08 53.70 0 0.603115 623.54 505.84 28.82 49.47 0 0.597627 1727.00 172.34 19.46 30.74 0 0.593782 1803.93 109.65 20.80 27.62 0 0.590783 541.62 590.68 31.76 45.24 0 0.589666 693.19 600.72 27.03 49.08 0 0.583424 716.50 459.49 24.72 40.78 0 0.583017 238.38 582.17 35.20 53.93 0 0.582088 21.94 931.44 35.15 18.49 1 0.581265 214.27 637.62 30.52 48.05 0 0.580804 1756.67 176.16 19.70 29.29 0 0.577425 385.77 284.37 30.19 40.53 0 0.577221 564.65 648.28 31.17 56.35 0 0.573495 1468.26 421.07 26.81 38.14 0 0.570430 994.43 270.59 50.65 22.98 0 0.565862 291.04 465.40 40.33 52.53 0 0.564022 1607.07 160.67 19.57 29.59 0 0.547948 433.81 825.13 17.40 29.60 3 0.545755 556.91 824.20 18.97 31.60 3 0.544771 1163.44 280.58 42.05 23.82 0 0.543868 649.44 757.36 28.73 56.69 0 0.543393 692.12 458.72 24.43 41.39 0 0.543390 748.11 459.87 23.66 38.81 0 0.542845 359.75 330.38 31.33 46.75 0 0.540923 664.38 600.38 24.79 45.24 0 0.536786 317.89 421.40 36.72 45.00 0 0.535602 1662.63 1026.42 57.34 46.60 0 0.529186 653.49 376.35 26.11 45.00 0 0.529035 604.42 824.44 15.03 28.23 3 0.525182 787.30 272.36 26.24 42.18 0 0.522330 1485.04 510.45 30.24 43.69 0 0.520768 341.36 640.54 35.79 50.04 0 0.520329 521.92 451.59 26.03 41.41 0 0.519137 626.60 374.80 26.01 42.65 0 0.518411 703.44 372.84 25.77 48.51 0 0.517093 1457.78 381.56 23.60 37.25 0 0.513159 1516.65 664.81 37.43 51.43 1 0.510794 1700.59 169.15 19.38 30.70 0 0.506949 482.10 825.22 17.41 31.09 3 0.504744 679.25 758.31 30.44 59.44 0 0.503520 734.31 377.94 25.62 46.35 0 0.499667 516.63 764.29 29.76 55.29 0 0.499373 579.33 823.64 15.13 28.01 3 0.498591 271.63 523.70 34.34 43.35 0 0.498335 1776.47 110.17 22.49 27.05 0 0.497804 487.94 370.14 28.76 44.72 1 0.494990 665.79 456.11 23.41 40.32 0 0.492558 347.24 756.23 33.74 58.99 0 0.491278 1684.95 107.17 24.12 24.99 0 0.490261 640.44 263.03 23.78 37.38 0 0.478459 1437.26 274.35 28.15 41.01 1 0.472307 515.04 252.54 28.53 45.25 1 0.468583 1651.25 55.95 23.33 19.58 0 0.467384 1341.14 460.27 26.21 46.08 0 0.462488 1363.31 634.17 30.16 55.15 0 0.460353 1626.61 80.45 25.87 20.28 0 0.454718 519.58 368.45 27.97 46.53 0 0.451132 1105.43 834.18 73.12 36.74 1 0.448036 374.48 640.69 35.68 50.59 0 0.445590 1446.69 331.26 28.95 33.52 1 0.444397 1736.00 109.82 21.72 23.26 0 0.434111 1510.95 77.74 26.25 23.55 0 0.433094 509.55 825.23 16.86 29.61 3 0.431518 789.96 245.50 33.46 23.16 0 0.427541 777.55 459.57 30.03 51.68 1 0.423155 537.19 501.05 25.76 39.92 0 0.421124 1715.90 882.21 65.50 31.91 1 0.418866 406.54 826.32 17.74 28.93 3 0.418371 549.47 765.40 29.79 53.48 0 0.415261 620.89 661.76 32.28 44.11 0 0.414596 486.33 759.49 30.03 56.77 0 0.414409 1656.92 1031.88 59.66 48.12 0 0.413002 1514.99 461.98 35.18 39.29 0 0.412489 1544.64 79.70 25.20 21.96 0 0.411006 1751.61 109.08 20.71 23.87 0 0.404075 1716.73 883.14 66.06 29.89 0 0.397907 1186.74 282.24 49.86 22.82 0 0.394435 1516.70 659.66 38.12 54.37 0 0.393854 571.91 368.45 30.60 46.62 0 0.386084 1548.83 78.03 26.02 22.78 0 0.376142 1411.94 152.98 24.57 29.79 1 0.375752 1866.38 161.96 29.06 21.92 0 0.374634 1350.04 529.80 23.14 37.59 0 0.371501 1457.94 224.92 25.34 30.73 0 0.370391 1726.30 89.04 23.79 18.16 0 0.362691 688.04 263.91 26.54 40.18 0 0.360479 1811.58 1013.31 67.17 34.70 0 0.353703 1866.50 190.91 22.60 27.96 0 0.353546 1355.90 568.12 30.88 49.38 0 0.351313 1837.66 187.90 25.35 30.80 0 0.348266 1465.14 297.75 27.22 25.53 1 0.347649 1682.91 59.42 19.66 18.27 0 0.345069 1702.86 59.57 22.61 17.42 0 0.344240 451.49 497.06 26.94 35.42 1 0.335510 1809.29 183.57 24.04 29.58 0 0.332966 487.26 370.77 29.22 45.73 0 0.328799 839.94 215.62 25.53 26.60 0 0.328435 589.47 259.31 25.96 41.21 0 0.326637 1628.83 166.54 19.52 28.51 0 0.325163 439.17 370.72 18.54 23.32 3 0.322752 840.74 212.60 23.45 24.41 0 0.317113 1420.83 186.34 23.40 30.08 1 0.312728 1344.17 469.07 24.98 47.19 0 0.311881 1266.71 0.41 27.08 33.43 0 0.309410 1650.74 164.48 22.12 28.70 0 0.307626 627.46 824.40 14.94 28.70 3 0.307085 1648.37 1043.61 64.72 36.39 0 0.305107 634.29 262.72 24.89 36.87 0 0.304563 460.13 826.93 15.01 29.01 3 0.300676 1676.10 168.44 18.93 28.88 0 0.294266 1473.08 466.54 28.01 40.04 0 0.291077 1877.55 538.94 26.79 36.29 0 0.290435 1451.49 329.34 30.29 29.98 1 0.289158 776.72 466.38 30.59 66.12 1 0.287664 1675.33 283.75 31.81 22.20 0 0.284898 1844.82 115.77 21.04 25.01 0 0.281638 728.92 375.57 25.87 45.74 0 0.280190 1198.11 280.08 42.75 22.01 0 0.275707 1498.40 562.62 30.03 48.79 0 0.275256 1519.32 469.60 34.08 33.16 0 0.274452 1821.94 113.23 21.17 26.90 0 0.273882 541.02 500.27 26.88 39.77 0 0.272582 633.51 599.61 24.05 45.21 0 0.270767 581.71 340.08 24.71 31.04 0 0.270184 1327.63 374.44 23.33 39.74 0 0.258148 1457.98 378.05 23.75 36.94 1 0.254647 683.07 763.31 29.90 61.73 0
40,0.735025 1104.13 629.12 72.81 36.72 1 0.713853 1398.43 38.63 19.67 29.74 0 0.708269 652.47 344.80 25.95 46.03 0 0.681379 498.83 587.18 26.28 45.31 0 0.678251 395.39 588.05 32.40 54.94 0 0.671206 789.18 579.94 27.05 53.55 0 0.669165 820.98 120.48 29.21 53.88 1 0.662402 744.53 302.80 22.50 35.59 0 0.659421 1145.52 128.90 46.44 20.50 0 0.656190 696.08 433.36 26.66 47.67 0 0.655181 690.60 580.78 27.22 50.83 0 0.654633 722.73 579.94 27.66 52.84 0 0.652422 756.95 433.27 28.87 51.05 0 0.627481 361.68 589.43 32.06 49.48 0 0.616357 1548.77 933.37 41.55 52.93 0 0.613539 1775.46 29.24 24.06 27.95 0 0.610372 1581.72 10.02 26.14 27.48 0 0.608211 727.50 433.38 25.41 48.35 0 0.605711 627.53 119.85 24.45 35.80 0 0.604923 530.19 586.83 27.16 51.76 0 0.601919 546.71 431.58 26.94 43.70 0 0.598945 483.41 341.07 26.19 40.53 0 0.594937 534.94 480.60 31.49 51.85 0 0.594644 382.40 476.74 33.01 52.26 0 0.593770 1421.21 0.00 23.27 31.97 0 0.593289 628.84 487.25 26.32 45.56 0 0.591371 1647.09 797.91 65.03 55.31 0 0.588465 699.16 223.73 26.54 45.42 0 0.588341 568.20 480.48 31.32 50.11 0 0.584614 1486.56 428.55 32.38 43.78 0 0.581655 499.17 111.13 33.24 47.39 1 0.574017 772.89 299.85 25.34 41.54 0 0.573621 1434.03 214.76 26.99 39.21 0 0.557390 521.04 298.73 24.12 35.95 0 0.556035 479.32 226.51 30.63 39.42 0 0.534222 1149.89 129.48 54.37 21.07 0 0.530610 771.45 126.24 26.45 40.17 0 0.529759 1580.04 835.00 40.88 52.96 0 0.522205 726.61 225.73 25.29 44.23 0 0.519150 1780.57 777.33 65.43 34.74 0 0.518436 669.24 431.40 23.67 41.36 0 0.518084 1806.28 31.36 25.72 28.94 0 0.512952 288.29 319.17 40.06 48.06 0 0.511189 1831.68 30.95 25.22 27.37 0 0.498794 1353.41 37.49 19.39 32.64 0 0.497616 604.72 299.17 24.86 40.02 0 0.493404 647.21 226.35 27.82 40.60 0 0.492686 574.92 117.99 28.80 40.60 0 0.492195 675.29 118.27 25.33 43.00 0 0.479136 167.98 689.10 24.12 17.88 3 0.476656 1016.07 636.89 57.78 27.98 0 0.473722 1598.74 10.53 28.82 25.32 0 0.473109 714.34 303.19 23.13 36.24 0 0.472707 223.21 479.57 34.74 43.54 0 0.468923 1611.35 953.79 40.29 67.95 0 0.468820 268.17 369.91 36.99 47.73 0 0.468580 1713.93 60.52 30.22 26.57 0 0.465835 1703.95 664.52 56.85 27.78 0 0.463883 1869.04 105.36 37.63 30.92 0 0.459310 687.56 303.05 23.38 37.07 0 0.457180 661.00 580.74 26.02 49.03 0 0.455402 1464.33 331.44 30.98 42.04 1 0.452255 1350.84 451.74 25.88 45.55 0 0.451887 548.80 296.34 25.84 37.03 0 0.450712 244.58 426.37 34.61 50.24 0 0.444118 1088.29 124.96 42.82 22.34 0 0.440341 332.14 235.91 34.84 42.40 0 0.438908 349.42 474.55 32.88 53.05 0 0.433643 314.15 274.71 35.64 42.36 0 0.430553 982.72 121.75 47.87 23.78 0 0.429700 1466.65 174.47 29.18 34.98 0 0.423604 426.78 20.17 26.38 36.72 0 0.422581 765.95 340.33 30.94 59.18 1 0.421178 1446.09 253.80 27.95 40.12 0 0.409339 372.80 142.47 33.55 41.31 0 0.400988 1476.94 381.84 29.04 43.48 0 0.400079 1312.21 215.02 24.43 40.76 0 0.394083 628.82 182.95 24.54 35.34 0 0.392225 1895.07 833.51 24.93 61.04 0 0.371420 1624.63 13.53 26.23 24.26 0 0.366314 1659.56 403.16 30.46 40.76 0 0.364009 1692.30 952.33 33.92 17.62 3 0.363804 968.31 78.07 24.38 21.49 0 0.363206 575.53 184.96 24.56 31.65 0 0.363086 1409.48 100.11 28.78 29.89 0 0.360155 928.84 80.80 24.07 19.43 0 0.352397 348.83 190.36 34.08 44.04 0 0.352336 619.03 219.75 25.39 42.93 0 0.348993 1499.75 473.58 36.63 48.37 0 0.346878 536.86 347.32 26.00 38.70 0 0.343636 566.03 218.94 28.74 45.62 0 0.343581 1682.01 905.13 28.73 19.08 3 0.335707 822.06 68.53 23.77 23.56 0 0.332507 984.82 118.62 49.91 22.95 0 0.327773 567.01 583.56 26.80 47.07 0 0.321162 1698.93 19.86 22.21 25.05 0 0.320981 1172.73 128.45 45.59 23.25 0 0.320601 713.27 341.52 23.80 47.39 0 0.319940 622.89 199.24 25.75 32.58 0 0.316965 1711.92 62.28 28.55 29.00 0 0.316253 1504.47 961.93 31.29 42.49 0 0.315104 1760.92 779.34 78.35 34.01 0 0.312223 1416.25 129.58 27.64 28.97 0 0.311570 777.68 230.08 25.28 44.90 0 0.310087 734.85 341.70 26.17 55.13 1 0.306205 640.50 430.84 24.71 42.37 0 0.306140 1576.31 839.48 42.01 56.99 0 0.302640 778.93 102.25 29.55 23.38 0 0.296907 414.05 651.39 21.05 24.46 3 0.296000 541.66 344.79 25.74 40.18 0 0.289509 886.76 92.76 19.78 24.54 0 0.287147 532.21 640.23 18.32 30.14 0 0.284084 620.52 346.03 26.95 43.70 0 0.282639 1689.25 664.23 63.30 29.96 0 0.279908 1724.37 21.01 23.70 23.90 0 0.277009 561.06 588.89 24.97 48.34 0 0.271945 784.46 63.30 24.05 27.09 0 0.261750 601.66 640.89 15.86 25.47 3 0.260561 1636.60 796.09 58.05 47.22 0 0.254975 1104.83 621.90 69.03 38.83 1 0.250077 1500.67 472.38 36.45 48.05 1
41,0.490482 341.62 157.72 10.51 21.07 2 0.359283 391.94 179.15 10.41 18.43 2 0.337173 235.39 140.95 11.57 16.56 3 0.325941 965.15 20.17 29.99 20.96 0 0.290891 371.33 24.28 14.14 17.43 0 0.288721 200.45 208.37 14.46 14.90 2
42,0.713799 1115.19 395.78 33.07 51.75 1 0.603363 836.50 245.40 34.61 24.93 0 0.578361 574.45 677.72 58.90 33.97 0 0.534947 1093.80 557.95 27.15 49.37 0 0.528063 1121.74 347.17 25.76 40.40 0 0.526655 876.52 50.43 37.91 23.15 0 0.506263 1138.19 205.77 23.96 32.56 0 0.496242 743.64 138.20 36.87 34.47 1 0.495565 1124.76 304.35 23.43 34.02 0 0.442360 842.80 217.00 40.43 24.45 0 0.442337 1132.11 258.15 24.52 41.15 0 0.437763 851.44 164.00 21.08 21.90 0 0.311097 1265.52 421.72 69.41 39.08 1 0.290691 1119.01 352.09 25.78 40.24 0 0.261796 997.16 58.33 9.72 16.74 3 0.259497 869.61 138.29 21.57 23.64 0
43,0.724053 580.69 335.70 26.86 40.57 0 0.701716 578.56 215.92 23.39 38.20 0 0.689605 827.92 54.12 30.63 55.13 1 0.676345 983.45 56.47 44.39 23.35 0 0.668935 743.71 153.94 23.97 40.77 0 0.659306 723.25 336.75 24.76 44.71 0 0.658503 412.23 478.93 27.80 50.17 0 0.654797 630.95 221.44 21.33 35.64 0 0.653793 679.03 261.52 25.21 41.63 0 0.639361 668.46 152.56 24.56 38.97 0 0.636483 1863.41 534.66 56.59 28.60 0 0.635965 786.17 250.03 26.84 57.97 1 0.632189 570.38 473.43 25.57 48.22 0 0.619005 408.41 81.22 26.99 38.15 0 0.615969 445.81 478.72 28.59 46.38 0 0.615614 604.06 380.32 27.16 46.62 0 0.613878 573.81 381.60 26.37 43.68 0 0.610051 1387.99 34.98 29.12 36.09 0 0.605781 719.64 466.74 27.25 45.04 0 0.605735 1462.33 326.67 31.66 37.34 0 0.604575 599.24 57.18 21.73 35.02 0 0.599200 1137.53 63.29 39.52 22.04 0 0.598190 277.64 380.55 32.57 43.14 0 0.598086 550.09 220.61 25.38 35.15 0 0.585532 1846.66 673.78 33.98 48.61 0 0.574195 692.43 469.96 23.18 44.66 0 0.573461 650.97 261.88 26.27 41.79 0 0.570714 1612.47 641.66 55.93 40.75 0 0.570504 695.75 336.70 22.15 38.73 0 0.570016 600.01 474.29 24.71 44.33 0 0.565394 777.24 335.73 25.91 45.98 0 0.556605 1107.59 506.73 70.06 34.89 1 0.555539 716.72 151.94 25.09 42.66 0 0.554257 786.12 58.66 28.41 46.20 0 0.532368 1530.02 770.12 36.58 45.58 0 0.531259 751.94 337.20 23.87 44.91 0 0.530931 650.78 113.26 23.78 36.44 0 0.517537 1320.37 262.11 25.26 40.36 0 0.517235 795.71 156.62 23.34 39.99 0 0.515632 1335.25 349.44 27.19 41.58 0 0.505540 1585.66 783.47 38.51 56.00 0 0.504552 813.90 466.13 28.60 47.17 0 0.503878 1422.45 170.99 29.14 37.42 0 0.500673 726.86 219.87 24.39 36.92 0 0.497601 356.61 200.00 31.45 40.48 0 0.495401 386.26 124.07 29.68 36.27 0 0.494892 749.34 467.27 28.37 46.95 0 0.494134 640.92 150.91 25.32 39.87 0 0.494050 704.87 220.14 21.56 35.86 0 0.491685 592.21 149.23 24.96 41.07 0 0.487601 646.94 58.82 24.23 33.53 0 0.487525 1411.11 137.91 29.27 35.87 0 0.478522 317.01 289.09 33.79 41.72 0 0.477680 1665.61 528.37 49.70 33.39 0 0.471231 1648.72 530.67 54.24 33.90 0 0.469027 668.11 336.77 22.92 37.31 0 0.468833 1476.04 368.67 34.33 42.09 0 0.468696 1431.81 81.38 28.55 35.70 0 0.467721 568.77 258.13 27.85 39.09 0 0.460395 690.70 58.42 24.40 41.48 0 0.459739 1612.64 1027.92 38.88 52.08 0 0.458083 332.50 241.96 36.19 42.88 0 0.454662 1377.22 164.58 26.53 37.28 0 0.451047 651.72 563.38 21.03 19.99 3 0.444281 1451.85 283.21 31.93 43.26 0 0.438630 1339.20 18.20 28.18 27.41 0 0.423305 294.58 333.94 32.45 45.97 0 0.420300 1622.70 300.41 34.95 38.34 0 0.417226 541.17 151.40 25.08 39.48 0 0.411191 1555.24 688.15 38.48 47.53 0 0.408406 1178.13 63.34 32.08 18.81 0 0.402201 537.67 472.10 24.38 45.44 0 0.398412 396.57 375.58 31.61 49.10 0 0.395171 763.41 222.09 21.83 35.62 0 0.391874 513.11 257.85 26.16 40.24 0 0.389437 1875.93 665.74 33.57 50.35 0 0.386498 1082.93 61.99 46.86 20.45 0 0.377662 1724.66 528.48 59.38 32.87 1 0.368268 795.24 3.07 27.45 31.84 0 0.364230 787.25 39.60 32.18 28.87 0 0.352498 788.35 219.11 22.89 42.88 0 0.352124 1416.68 39.61 24.91 31.57 0 0.350962 663.37 379.73 25.40 43.65 0 0.340596 525.90 52.14 27.65 40.68 1 0.334720 596.97 62.53 23.35 36.58 0 0.332731 1644.40 736.87 32.08 20.98 3 0.331681 1609.71 645.64 54.73 43.37 0 0.330304 1325.93 295.48 26.79 44.75 0 0.324971 1651.29 935.11 47.09 35.35 1 0.318646 461.93 530.24 20.19 26.74 3 0.317684 372.13 163.51 30.70 38.46 0 0.315972 1390.56 44.80 27.75 37.61 0 0.310367 1442.30 242.64 28.70 37.55 0 0.305120 1882.54 664.42 35.08 53.39 0 0.304854 831.09 10.01 28.60 28.61 0 0.296329 508.91 527.52 15.04 28.37 3 0.296311 1372.71 0.00 22.71 15.75 0 0.296067 1019.46 513.06 62.12 29.62 0 0.294061 1294.29 137.74 26.37 40.90 1 0.288316 542.03 474.50 24.49 45.36 0 0.288235 599.28 115.39 22.91 30.75 0 0.282226 1661.41 778.01 29.08 20.56 3 0.279624 1308.89 206.11 26.69 48.32 0 0.279287 1655.08 965.35 38.09 34.51 0 0.276750 658.27 381.89 25.26 43.88 0 0.271599 1589.91 794.58 38.20 51.59 0 0.270238 1302.61 176.23 24.17 33.10 0 0.269906 428.20 378.17 30.96 44.28 0 0.265014 1330.75 304.45 28.56 44.89 0 0.264652 1405.04 105.73 27.14 32.92 0 0.260746 1418.18 43.56 25.04 34.70 0 0.258293 607.96 528.21 17.36 28.59 3 0.257906 483.72 528.14 15.61 27.99 3 0.257894 1667.28 4.14 36.30 25.19 0 0.256287 1526.53 765.60 37.21 44.97 0
44,0.629858 1308.28 563.60 17.15 15.71 3 0.506847 402.46 210.23 17.21 19.95 2 0.498388 926.90 698.94 18.55 17.16 3 0.466524 660.67 4.83 14.34 28.35 2 0.453469 559.73 19.09 13.95 18.82 2 0.396982 116.42 303.21 24.01 25.70 0 0.366560 845.50 456.16 14.65 27.07 3 0.359782 102.12 480.65 22.06 18.13 3 0.354546 1238.49 429.89 27.72 18.24 0 0.339880 101.57 508.75 21.53 15.74 3 0.339341 536.81 220.71 11.72 18.45 2 0.315311 1238.65 243.74 19.48 15.10 0 0.308614 99.48 529.58 21.72 18.36 0 0.297966 1062.19 327.31 27.78 19.00 1 0.296994 1155.32 265.22 24.36 14.98 1 0.296985 111.33 330.65 23.93 22.49 0 0.270876 889.32 414.95 13.64 14.10 0 0.263360 1060.37 330.09 25.29 17.66 1
45,0.721596 622.19 268.11 11.77 19.93 2 0.640916 484.26 270.29 15.10 25.60 2 0.633768 1101.24 67.16 26.94 38.69 0 0.573334 558.39 294.12 13.26 17.29 2 0.572632 561.04 407.39 12.59 15.69 2 0.570404 919.21 64.18 51.63 30.01 1 0.565402 1074.94 46.23 26.77 38.08 0 0.552503 604.58 292.14 10.87 18.50 2 0.547814 570.69 397.61 13.31 20.07 2 0.492064 892.28 342.03 13.24 14.05 2 0.491064 1002.45 5.56 27.83 34.24 0 0.470900 621.18 265.13 12.51 18.97 2 0.447166 770.16 665.87 14.23 17.34 2 0.419196 642.20 547.41 15.21 15.59 2 0.414198 541.24 426.97 9.21 13.83 2 0.355852 875.77 208.56 10.97 15.64 2 0.345070 761.66 274.44 11.51 18.08 2 0.321684 258.40 556.03 12.82 18.25 2 0.301746 654.70 575.34 12.42 15.16 2 0.301388 674.10 410.05 10.45 15.88 2 0.294132 418.49 667.05 19.95 26.60 2 0.276275 541.90 594.37 15.54 16.45 2 0.271337 569.38 403.34 12.99 19.48 2 0.269049 824.39 254.24 11.34 16.34 2 0.263166 1074.35 52.31 26.88 38.33 0 0.259725 572.41 312.99 13.49 18.81 2
46,0.715462 1079.35 101.04 28.37 44.30 0 0.711954 252.66 587.12 61.53 31.68 0 0.701645 998.62 82.49 45.07 21.98 0 0.689335 1649.67 464.10 34.74 50.66 0 0.674544 1728.44 516.48 35.30 53.84 0 0.665201 936.93 84.26 50.97 21.89 0 0.649242 1701.19 648.78 35.68 51.24 0 0.638524 1145.39 223.86 29.84 48.54 0 0.636222 882.84 91.27 44.02 23.87 0 0.634330 116.92 607.36 64.24 32.25 0 0.632309 1179.41 224.39 29.76 50.01 0 0.629860 540.90 941.36 35.09 63.98 0 0.622906 838.45 127.71 28.17 32.04 0 0.619567 1012.57 112.56 26.48 40.29 0 0.619056 1082.88 225.25 30.08 44.08 0 0.608365 327.82 582.15 58.80 26.73 0 0.603028 1597.00 296.10 35.58 56.77 0 0.601927 1700.31 332.92 36.87 51.90 0 0.598870 1751.25 582.96 38.94 54.40 0 0.595827 1737.66 9.77 53.59 30.33 0 0.593683 970.55 302.50 50.57 29.55 0 0.593538 696.67 805.78 30.72 58.81 1 0.590582 1216.74 219.11 30.43 44.48 0 0.588000 1686.16 16.69 47.47 22.67 0 0.586344 1013.71 225.80 27.52 50.59 0 0.584153 1793.83 9.94 47.88 27.28 0 0.579666 678.89 584.68 30.09 57.94 1 0.578820 692.59 733.60 32.28 59.31 0 0.577617 1727.02 392.78 38.18 53.29 0 0.575730 1155.86 93.57 26.73 39.21 0 0.570783 709.08 941.87 32.59 65.09 0 0.567187 1709.76 460.21 39.27 54.08 0 0.566922 1692.18 401.63 36.79 52.79 0 0.552142 653.77 268.42 27.30 48.64 1 0.549612 983.46 228.48 30.16 48.28 0 0.549204 953.07 230.77 28.60 47.26 0 0.547216 1049.76 228.04 31.67 43.59 0 0.542379 1587.72 553.20 34.93 57.44 0 0.535463 543.77 1005.26 35.03 67.37 0 0.532905 1659.84 525.34 35.51 50.97 0 0.526594 734.53 125.00 58.27 36.80 0 0.526313 1635.15 231.26 35.00 50.99 0 0.524295 1631.13 410.00 32.78 48.42 0 0.517186 1673.25 338.32 34.74 51.61 0 0.516036 1330.23 790.55 69.02 38.25 0 0.512990 1649.08 150.73 35.35 56.32 0 0.510317 358.45 585.77 57.51 27.40 0 0.508641 527.78 695.03 30.22 59.15 0 0.501413 684.47 655.99 35.37 58.19 1 0.495053 829.26 93.98 44.72 25.01 0 0.486399 1678.52 584.16 36.53 61.51 0 0.470355 871.02 239.42 26.08 49.71 0 0.469721 1734.28 585.86 32.24 51.73 0 0.464995 863.67 36.88 51.93 27.52 0 0.463326 671.55 520.11 32.14 65.76 1 0.454448 652.31 219.20 29.84 40.10 1 0.451572 1577.97 244.75 35.84 49.33 0 0.447349 338.54 580.46 69.40 27.94 0 0.444305 533.71 835.53 31.72 61.75 0 0.438240 1786.52 588.13 39.41 56.97 0 0.437116 1658.24 288.82 37.23 53.51 0 0.426930 1105.86 98.06 28.78 44.30 0 0.421680 429.98 589.15 51.26 21.80 0 0.417658 1183.73 93.28 23.73 40.25 0 0.407473 1208.03 91.65 24.72 40.09 0 0.400511 529.70 758.07 33.68 64.14 1 0.395412 1608.62 136.17 35.20 42.20 0 0.383639 928.68 234.03 27.25 48.40 0 0.383000 1032.71 19.28 48.44 21.91 0 0.380237 926.63 578.75 29.73 54.71 0 0.376427 827.79 97.31 42.90 25.85 0 0.374432 1613.92 358.37 30.95 44.06 0 0.371999 1564.32 193.09 32.42 47.85 0 0.347005 916.93 921.16 31.84 49.56 0 0.339444 1066.48 903.60 40.75 32.53 0 0.322600 714.94 1014.83 35.05 63.60 1 0.320411 660.93 333.79 29.04 53.24 0 0.318132 1555.33 139.63 31.99 49.48 1 0.314558 1123.34 95.40 30.49 42.57 0 0.312568 1021.83 226.88 29.19 46.52 0 0.311530 704.22 869.18 28.21 58.62 0 0.309224 920.73 930.32 35.34 57.27 0 0.304483 1065.63 73.30 39.62 28.63 0 0.303335 312.85 517.60 35.49 24.58 0 0.292197 1756.66 586.02 43.25 53.56 0 0.289551 780.37 211.25 47.90 22.74 0 0.288551 1214.15 705.65 36.55 21.02 0 0.287058 579.65 1026.65 23.86 48.10 0 0.275347 922.16 439.33 53.07 31.76 0 0.272049 701.07 842.73 30.93 61.72 1 0.270558 1026.57 25.41 38.16 25.28 0 0.267415 1115.81 65.23 40.64 27.98 0 0.261600 714.72 1012.19 34.20 61.62 0 0.257655 1248.36 409.29 61.03 32.41 0 0.256853 1211.14 727.34 39.46 24.41 0 0.254941 1062.98 69.84 44.21 26.51 0 0.251587 682.21 593.22 31.91 54.23 1
47,0.438870 910.90 341.53 13.44 15.47 2 0.421960 115.86 378.90 29.96 18.42 3 0.297813 122.26 354.45 24.18 19.76 3 0.297295 135.14 228.64 18.03 20.50 0 0.268971 134.76 208.33 20.19 16.62 0 0.252500 106.25 403.18 36.05 20.07 3
48,0.503827 133.10 195.20 19.56 22.72 0 0.474309 132.54 223.96 23.16 19.80 0 0.409900 135.08 173.93 21.48 18.56 0 0.403308 131.41 247.27 20.14 22.22 0 0.397932 894.84 428.39 11.15 14.03 2 0.328819 113.95 371.00 37.35 21.55 0 0.293589 876.41 137.03 16.25 20.10 3 0.280243 108.93 443.41 30.34 20.83 3 0.268174 906.98 381.04 13.32 14.75 2 0.255127 877.68 354.55 14.40 18.23 2 0.254102 129.84 274.03 24.33 19.01 0
49,0.884091 1112.99 389.23 30.70 52.01 1 0.794958 737.09 129.56 44.38 38.36 1 0.692889 1261.02 411.54 68.48 39.58 1 0.522724 573.86 671.88 58.57 32.91 0 0.517090 1115.48 340.09 26.35 41.79 0 0.494495 1133.85 200.38 24.38 35.37 0 0.493980 832.46 240.29 33.26 28.91 0 0.493316 1092.01 553.87 25.24 47.25 0 0.491111 1119.89 299.44 24.75 34.24 0 0.463260 872.61 47.14 36.50 22.37 0 0.449152 838.53 210.97 43.02 26.30 0 0.408896 1248.69 583.36 34.46 70.66 1 0.385666 1128.73 258.34 22.62 37.64 0 0.376410 443.09 698.91 10.57 17.15 2 0.336654 337.54 107.92 9.96 13.95 2 0.320867 357.05 54.38 10.83 16.86 2 0.319013 849.59 159.74 21.95 21.17 0 0.316183 1247.65 577.60 34.88 106.04 1 0.259415 1286.05 431.97 41.39 26.34 1 0.254304 570.43 666.14 58.21 35.22 0
50,0.660396 1312.54 330.47 10.25 14.63 2 0.653681 870.06 289.93 14.45 17.72 2 0.643070 896.37 476.90 10.92 16.00 2 0.595459 384.08 0.00 42.91 22.32 0 0.555932 428.88 152.52 52.38 26.53 0 0.545374 104.48 698.67 13.89 17.20 2 0.524542 929.68 308.66 15.10 16.47 2 0.518469 334.04 18.18 40.30 22.79 0 0.478129 238.11 45.70 39.96 23.47 0 0.473283 303.73 213.40 58.16 30.69 0 0.458371 293.09 27.58 33.72 23.42 0 0.420609 289.66 33.47 36.47 23.04 0 0.400441 233.50 49.00 38.93 25.68 0 0.385916 338.21 13.52 39.09 22.22 0 0.303598 993.10 605.97 13.64 22.45 2 0.300911 413.62 289.11 26.45 20.43 0 0.291785 905.72 445.42 11.73 16.02 2 0.253028 893.96 263.45 11.22 14.27 2
51,0.847866 1113.69 390.48 31.64 52.75 1 0.729585 740.25 133.30 40.31 37.96 1 0.510819 834.58 241.86 31.82 28.07 0 0.508928 571.23 671.39 61.11 34.60 0 0.499174 839.78 213.01 39.94 25.60 0 0.497375 1092.79 555.25 24.65 46.19 0 0.494519 1250.20 583.91 33.77 66.15 1 0.492537 1120.56 300.92 24.67 34.75 0 0.492112 1133.84 201.95 24.46 33.57 0 0.488563 1116.82 340.35 25.47 41.00 0 0.482293 443.31 698.54 10.46 16.46 2 0.481202 1260.24 410.92 67.73 41.84 1 0.465152 875.71 46.82 35.16 21.17 0 0.404097 849.95 160.53 20.51 21.91 0 0.395521 1132.46 261.11 21.65 34.26 0 0.349929 1248.99 578.88 34.77 103.36 1 0.315530 872.98 50.02 36.31 21.64 0 0.260216 1280.36 426.78 48.43 31.67 1
52,0.410024 623.70 123.15 13.33 16.31 2 0.392775 840.06 663.82 12.23 15.98 2 0.372471 691.55 71.38 10.43 18.16 2 0.350695 1253.43 313.50 26.63 18.52 0 0.339645 1275.83 477.61 26.06 16.68 3 0.322179 578.36 111.68 12.21 21.74 2 0.312514 990.09 293.00 14.58 22.00 2 0.293773 558.85 94.03 9.73 16.13 2 0.275957 364.24 163.40 16.34 14.43 2
53,0.519364 1191.69 578.31 31.56 24.86 1 0.509348 755.37 192.62 13.09 13.63 3 0.389978 619.81 446.81 13.46 17.64 3 0.376911 1055.86 493.31 22.85 15.33 3 0.373722 1138.49 642.52 30.00 27.66 1 0.365566 1025.05 351.66 15.66 29.62 1 0.327649 1193.84 582.15 32.80 23.33 1 0.288527 573.68 444.75 11.47 17.54 2 0.285745 417.75 357.68 15.56 17.75 2 0.275046 588.28 142.77 25.10 23.29 0 0.273241 683.20 441.06 24.58 27.42 1 0.272530 870.76 17.70 22.48 22.74 0
54,0.770717 421.55 666.23 34.15 60.27 1 0.757377 396.96 391.59 40.61 63.66 1 0.735991 286.36 649.09 28.59 48.13 0 0.699079 211.33 900.08 37.22 67.67 0 0.690588 121.43 699.02 29.57 45.61 0 0.642002 160.69 743.16 34.16 54.52 0 0.637477 1696.55 177.82 37.72 36.99 0 0.632013 734.19 304.07 41.79 21.70 0 0.630273 873.81 838.27 66.43 38.40 1 0.620471 1139.24 511.74 35.79 38.01 0 0.616237 564.47 342.85 50.04 22.62 0 0.611432 249.98 891.12 36.47 67.95 0 0.611385 1206.92 49.78 18.38 30.57 0 0.603882 377.05 788.38 32.97 53.87 0 0.602103 377.16 624.55 29.01 46.95 0 0.597864 1147.51 372.56 39.58 25.60 0 0.597312 1671.95 150.79 30.54 32.06 0 0.590714 1028.74 581.20 36.35 42.77 0 0.587838 86.28 774.35 38.55 46.47 1 0.586564 356.33 682.26 28.49 47.46 0 0.585671 282.81 1015.02 37.02 64.71 0 0.583675 464.89 942.63 35.09 65.75 0 0.582429 1165.86 554.19 36.79 42.55 0 0.581135 22.50 490.02 35.24 53.83 0 0.574941 246.84 1027.02 32.72 52.98 0 0.573391 229.66 441.82 33.55 46.95 1 0.571544 1067.97 388.97 33.29 37.53 0 0.569354 146.10 591.72 33.14 57.39 1 0.567740 317.28 640.48 25.74 42.94 0 0.567725 1047.69 350.64 32.61 34.86 0 0.565002 1626.88 59.26 31.00 28.57 0 0.558942 1184.45 53.14 19.52 31.80 0 0.556791 1021.98 314.57 31.75 35.00 0 0.555198 1000.97 9.47 28.76 23.38 0 0.553909 241.70 572.15 32.34 48.44 0 0.549188 1321.14 56.82 31.93 23.90 0 0.545129 670.79 320.60 41.28 23.54 0 0.542687 220.32 672.51 28.22 46.84 0 0.540129 409.46 773.11 33.77 57.66 0 0.530990 386.05 678.13 28.09 51.17 1 0.529979 1616.69 753.82 45.63 53.56 0 0.528683 1495.48 747.54 44.68 30.55 0 0.527567 0.00 979.65 22.49 62.20 0 0.525707 1599.79 39.69 30.63 26.72 0 0.520775 1002.55 529.78 38.44 45.06 0 0.515361 343.04 798.49 29.02 49.70 0 0.512195 2.05 789.02 22.87 43.29 0 0.511579 27.10 969.61 35.14 69.49 0 0.509658 1181.25 155.25 26.02 31.48 0 0.506326 532.86 915.14 32.44 54.12 1 0.504661 335.21 390.34 45.11 23.03 0 0.503964 1584.57 773.77 49.32 47.24 0 0.501282 1271.56 46.41 18.98 28.41 0 0.500766 330.40 545.63 30.48 49.41 0 0.496508 1388.01 819.15 58.57 43.70 0 0.493459 204.42 843.77 36.61 53.19 0 0.490944 1381.90 671.80 43.92 35.44 0 0.490935 350.02 634.21 28.68 46.01 0 0.487362 1250.67 48.46 17.92 28.03 0 0.477781 1125.25 1.06 22.04 25.50 0 0.473564 404.09 672.71 31.92 54.66 1 0.469854 1391.01 966.61 56.30 56.77 0 0.469363 1115.75 466.63 33.51 41.45 0 0.466362 1795.58 513.48 45.33 31.44 0 0.462603 425.79 954.88 35.21 67.94 0 0.458949 1655.85 570.65 48.00 27.49 0 0.456769 911.57 343.73 28.10 32.73 0 0.453782 952.39 427.06 32.82 44.30 0 0.452956 371.89 339.24 32.78 27.39 0 0.450945 46.54 628.80 30.81 49.48 0 0.445177 139.85 550.58 29.32 39.01 0 0.441940 1551.09 607.45 42.99 32.50 0 0.441423 911.45 111.71 23.10 25.01 0 0.440252 1486.74 749.58 46.65 35.18 0 0.437820 1360.45 876.10 30.53 47.41 0 0.429386 1400.75 342.53 23.25 36.82 0 0.429332 1338.55 92.75 34.32 21.63 0 0.422486 1334.07 871.49 33.73 45.05 0 0.417415 1291.63 889.61 40.99 46.29 0 0.415970 1644.48 118.97 28.67 33.02 0 0.415666 154.34 691.07 30.69 48.29 0 0.413807 116.17 469.92 33.39 51.28 1 0.413423 1655.83 87.73 28.43 27.22 0 0.410506 1564.43 41.75 26.71 25.26 0 0.402256 293.63 707.98 32.80 55.27 1 0.401652 1076.76 75.28 22.93 27.03 0 0.399946 1303.00 891.33 38.44 46.28 0 0.399438 760.85 301.94 41.28 20.30 0 0.399234 312.78 806.28 29.37 47.33 0 0.397983 1641.79 58.75 29.95 28.88 0 0.396847 932.48 147.64 25.79 28.59 0 0.394090 1226.23 0.00 23.22 12.03 0 0.389240 1661.59 743.00 44.63 49.54 0 0.388839 30.05 964.07 38.34 71.62 0 0.385382 1386.22 669.07 43.87 32.44 0 0.384330 1515.59 3.08 27.66 25.23 0 0.383778 1540.49 26.19 28.81 27.53 0 0.381620 1706.94 542.11 46.68 32.82 0 0.378881 1293.99 37.94 21.19 25.38 0 0.378300 983.29 484.87 28.37 35.50 0 0.375610 205.26 532.48 27.96 42.37 0 0.372504 145.87 591.12 33.21 55.70 0 0.370279 1160.41 56.57 19.15 30.52 0 0.366885 1753.77 529.89 38.84 31.50 0 0.359337 1099.20 72.94 22.16 26.98 0 0.357538 49.57 823.12 43.70 24.48 0 0.357255 1711.19 76.89 24.97 26.83 0 0.353674 1104.06 69.02 21.21 25.17 0 0.347507 1681.17 114.48 29.44 30.41 0 0.344135 1001.12 272.10 30.12 32.99 0 0.343189 907.55 82.86 20.91 23.88 0 0.342243 175.81 459.19 28.90 44.43 0 0.341912 1740.32 172.68 32.97 28.15 0 0.340927 321.88 863.64 37.03 58.00 0 0.339180 1760.87 517.22 39.98 31.81 0 0.336064 1091.81 424.45 31.46 40.08 0 0.334516 862.42 840.50 71.50 40.99 1 0.334024 1069.88 0.00 33.22 13.50 0 0.332776 989.09 506.66 34.50 36.76 0 0.330576 441.66 767.06 35.59 58.66 0 0.329908 1444.12 897.50 28.12 32.69 3 0.326449 295.94 706.14 31.86 56.57 0 0.324721 114.23 468.96 33.44 49.76 0 0.324089 785.16 873.64 61.62 41.17 0 0.321546 1028.28 248.67 27.00 27.04 0 0.321328 1574.14 18.27 28.91 24.43 0 0.319402 393.75 679.24 32.05 52.17 1 0.313790 1655.25 31.85 25.29 23.92 0 0.312815 345.24 419.82 29.16 41.18 0 0.312598 210.51 579.58 30.78 49.32 0 0.312385 1606.01 0.00 25.06 14.46 0 0.307054 409.64 612.62 31.09 46.64 0 0.306358 750.20 899.18 18.20 25.77 3 0.304792 1707.83 145.44 35.13 33.91 0 0.302854 1268.96 433.14 37.15 36.99 0 0.302838 349.29 420.24 31.15 44.52 0 0.301927 1231.74 615.87 30.00 37.32 0 0.299284 1384.90 0.00 38.96 13.08 0 0.297303 1611.94 586.10 39.94 26.79 0 0.296804 1356.19 871.32 31.53 48.60 0 0.294876 727.79 306.21 37.75 20.92 0 0.294353 1247.53 0.00 25.18 10.05 0 0.292143 1228.72 630.83 32.86 39.88 0 0.292043 1610.45 50.41 32.96 28.98 0 0.290801 389.07 681.91 30.07 49.80 1 0.290674 394.66 964.09 32.55 67.83 0 0.289139 1006.19 536.43 37.21 44.60 0 0.282967 1565.23 12.38 26.99 26.72 0 0.282206 1200.82 0.00 25.25 13.38 0 0.281476 1335.26 677.86 37.17 28.04 0 0.278805 83.72 611.54 29.69 55.19 1 0.278211 1263.75 427.60 37.28 35.07 0 0.278038 1675.60 80.13 27.58 28.42 0 0.272392 1395.33 664.81 41.55 32.57 0 0.269936 264.05 717.51 31.25 54.20 0 0.269307 1677.38 117.00 32.39 35.85 0 0.266737 537.76 918.00 33.76 54.18 1 0.266179 390.23 528.92 27.73 48.25 0 0.263356 1505.66 0.00 33.29 18.75 0 0.262004 443.48 766.25 36.27 59.41 1 0.261635 417.07 614.60 34.08 46.38 1 0.260042 1436.71 650.09 44.97 35.57 0 0.259452 1705.24 547.35 47.17 33.83 0 0.259073 1558.75 111.74 29.47 26.72 0 0.258904 936.18 390.74 27.51 30.59 1 0.255262 299.71 548.72 31.88 52.63 0 0.254042 995.34 520.42 37.81 39.17 0 0.252938 959.45 205.44 32.03 28.91 0 0.252118 1633.78 5.38 29.07 26.90 0 0.251033 1607.49 588.97 39.79 26.92 0 0.250401 1577.95 32.66 28.66 25.50 0
55,0.550222 1221.33 610.11 29.24 18.47 0 0.520657 1077.18 129.80 15.83 15.07 3 0.477721 674.82 194.31 11.92 21.77 2 0.434405 1079.90 189.76 14.94 15.11 3 0.420434 1292.40 561.42 21.60 14.67 3 0.355392 569.74 194.81 16.03 21.16 2 0.345025 1294.66 542.94 19.40 14.70 3 0.318300 164.47 293.85 23.14 13.11 3 0.309514 994.46 276.60 30.35 20.59 1 0.295299 1010.74 615.67 18.21 22.58 0 0.284695 905.96 209.74 18.99 14.47 3 0.258576 554.73 564.09 15.98 18.62 0 0.255610 1141.31 448.01 23.92 17.04 1
56,0.698816 1358.75 992.40 63.47 34.49 0 0.677566 1301.74 215.12 24.35 40.21 0 0.652229 1055.82 647.77 22.65 46.11 0 0.645061 962.64 542.65 22.65 42.29 0 0.640232 1251.32 372.43 25.94 46.11 0 0.611508 1754.89 309.48 34.49 41.95 0 0.587758 1327.17 77.17 23.24 39.72 0 0.580991 1561.81 447.49 27.43 42.49 0 0.572755 1489.65 345.51 29.31 43.16 0 0.571186 1233.55 556.81 51.06 25.18 0 0.555844 1443.22 63.27 25.49 36.97 0 0.549859 1252.64 629.75 43.83 24.94 0 0.547658 1245.76 604.09 47.61 24.93 0 0.546913 1007.73 577.91 27.35 50.05 0 0.539047 1633.48 173.77 26.54 40.34 0 0.538705 1133.58 165.94 24.25 38.59 0 0.533030 1249.81 631.98 40.79 25.15 0 0.530116 1680.66 170.68 28.05 41.12 0 0.528326 1517.50 279.49 23.75 38.19 0 0.516721 1304.07 81.08 21.85 35.35 0 0.512037 1372.97 202.66 24.92 39.35 0 0.503955 1416.26 355.06 26.63 41.35 0 0.500211 1359.92 358.17 26.29 38.21 0 0.498963 1653.53 38.00 28.46 37.60 0 0.484510 1441.28 352.86 28.16 41.14 0 0.476058 1307.17 815.18 60.99 31.77 0 0.472935 1228.17 524.69 53.51 24.36 0 0.469566 1323.55 842.93 57.57 30.13 0 0.466135 1700.30 256.63 25.77 33.89 0 0.460093 1635.47 40.84 27.47 37.12 0 0.457372 1253.47 220.89 22.81 35.01 0 0.449297 1412.14 351.86 28.04 39.34 0 0.446677 1085.17 248.39 43.69 20.74 0 0.442633 1719.37 419.92 29.40 46.23 0 0.441545 889.52 328.37 25.27 46.12 0 0.441342 1169.44 99.42 23.77 36.65 0 0.439986 1676.57 258.86 27.97 32.46 0 0.435207 1535.94 340.11 31.25 42.99 0 0.432298 1694.59 427.38 28.17 41.53 0 0.430280 1611.92 45.74 28.23 36.20 0 0.422892 1646.02 328.08 25.95 40.49 0 0.422891 1761.41 310.05 31.86 43.70 0 0.418258 1430.17 198.94 26.68 44.31 0 0.417484 1325.93 212.91 24.17 40.26 0 0.415027 854.10 283.23 24.42 43.59 0 0.413452 1216.26 96.14 25.22 34.38 0 0.413417 1695.83 320.19 30.60 43.10 0 0.398648 1291.16 162.54 22.56 36.15 0 0.397605 1670.69 322.55 29.27 41.84 0 0.397189 1334.24 362.42 24.89 39.49 0 0.388765 1088.20 269.74 43.21 22.76 0 0.387985 832.01 152.59 29.47 44.16 0 0.382828 1272.63 219.12 24.10 38.30 0 0.380760 1405.23 202.70 26.51 40.84 0 0.376872 1038.45 755.65 24.41 45.56 0 0.375763 944.94 0.30 18.83 36.87 0 0.374317 1517.97 192.99 27.40 38.90 0 0.370655 1620.15 329.48 27.35 40.77 0 0.368851 1487.12 455.47 26.04 43.94 0 0.368248 1494.50 281.54 23.44 37.85 0 0.366465 1524.82 191.77 27.59 39.00 0 0.359514 1416.67 69.16 24.34 36.95 0 0.354480 1265.79 158.67 23.11 33.68 0 0.354441 1328.56 361.45 26.13 38.95 0 0.352666 1028.62 13.17 36.54 18.12 0 0.350919 1392.20 200.43 23.67 40.65 0 0.343911 1515.02 1042.33 38.73 36.29 0 0.335876 1257.49 85.40 23.00 32.56 0 0.333884 968.87 146.21 23.95 42.33 0 0.332837 1611.40 326.17 28.64 40.53 0 0.312941 1263.30 81.79 24.31 33.39 0 0.312070 929.75 728.63 32.25 65.53 0 0.301441 1687.45 425.71 29.57 38.54 0 0.294532 849.12 20.59 23.32 47.82 0 0.289261 929.78 729.26 32.89 64.54 1 0.287860 1342.73 486.48 32.43 29.60 0 0.283217 1652.21 259.21 26.94 32.97 0 0.281032 1678.57 34.37 26.02 35.08 0 0.276915 1229.26 543.95 52.53 25.98 0 0.275331 1492.51 138.38 24.12 34.08 0
57,0.515259 694.88 613.95 9.82 13.95 2 0.464186 1061.38 365.35 15.60 15.50 3 0.442083 974.21 462.36 27.20 19.68 1 0.421187 1271.45 629.16 24.53 19.47 0 0.403248 872.48 441.60 12.41 16.85 2 0.403073 977.41 460.62 28.82 19.12 1 0.375213 625.64 357.57 10.56 17.74 2 0.375206 1058.06 311.45 18.66 12.57 3 0.373819 1203.41 595.08 22.02 19.75 0 0.355554 1123.77 629.03 22.26 19.81 0 0.353690 1055.38 566.50 14.52 16.44 3 0.342753 1326.90 694.58 17.10 21.11 0 0.342414 1274.17 667.99 25.71 14.92 0 0.337828 148.99 481.73 24.05 14.90 3 0.333339 1281.87 649.16 23.91 18.33 0 0.319368 1244.40 599.42 18.85 18.70 0 0.298572 339.35 96.10 11.10 13.71 3 0.289205 1091.80 684.58 15.57 17.73 3 0.288545 56.36 662.03 47.20 43.39 1 0.262472 1255.78 597.85 17.11 18.45 0
58,0.632778 0.66 252.53 30.82 33.91 0 0.539588 105.74 80.49 47.65 25.51 0 0.511187 37.71 7.34 52.09 38.00 1 0.446742 1273.37 397.84 31.45 26.87 1 0.428025 360.44 0.00 42.04 21.96 0 0.401260 524.48 131.77 30.92 40.83 0 0.368952 531.57 145.53 30.65 35.41 0 0.362365 33.80 6.04 51.97 34.88 0 0.325242 68.12 613.80 14.02 13.86 2 0.318436 1302.36 351.84 36.98 29.41 0 0.285842 1.50 33.07 27.26 29.67 0 0.285643 1314.92 363.86 28.54 31.91 0 0.262013 221.90 631.90 9.55 9.91 2
59,0.620787 626.85 2.43 13.95 20.82 2 0.524999 592.08 624.19 11.93 19.97 2 0.441731 710.39 625.95 12.42 18.90 2 0.377239 264.80 365.80 17.95 12.01 3 0.293591 1037.07 545.74 16.35 13.46 3 0.264573 803.69 85.90 13.64 19.14 3 0.260216 803.68 80.87 13.79 19.86 3 0.259749 1184.26 46.56 29.65 20.96 0
60,0.635902 0.00 204.88 24.58 32.29 0 0.538988 89.76 482.83 11.95 13.67 2 0.395804 517.45 82.78 32.00 31.22 0 0.383981 52.02 448.30 11.06 12.15 2 0.381656 67.11 382.63 14.06 16.43 2 0.346290 138.32 697.35 14.25 10.34 2 0.343371 215.08 665.54 13.22 10.91 2 0.336854 529.60 102.34 29.13 32.90 0 0.302974 21.38 394.32 11.34 15.36 2 0.291031 476.23 287.25 28.80 22.38 0 0.278613 235.67 0.00 43.08 19.09 0 0.271041 1317.19 253.66 26.50 38.51 0 0.260768 55.65 546.72 10.44 10.97 2 0.258929 208.30 664.01 13.63 11.65 2 0.257110 519.44 81.16 26.93 27.64 0 0.251874 189.59 592.65 9.58 13.74 2 0.251426 591.27 128.77 12.71 13.48 2 0.250558 236.91 0.00 46.13 15.96 0
61,0.835077 1112.91 386.14 31.58 51.99 1 0.723555 738.80 128.23 40.32 36.43 1 0.608328 407.22 77.39 9.97 12.47 2 0.603245 1262.73 413.13 61.42 35.91 1 0.566393 1089.75 547.61 26.96 47.57 0 0.548537 337.21 108.14 9.99 13.37 2 0.545423 1116.77 340.68 24.23 37.28 0 0.541643 1118.23 297.43 26.03 33.05 0 0.541588 571.60 664.96 60.19 36.84 0 0.539480 443.07 698.32 9.91 17.95 2 0.534148 870.56 46.34 35.82 20.71 0 0.520661 833.18 237.60 32.66 25.66 0 0.496933 837.58 212.17 39.16 23.31 0 0.458077 1132.97 199.55 24.93 33.02 0 0.444233 356.27 53.74 11.06 17.20 2 0.402468 1247.80 575.97 35.65 95.77 1 0.391827 424.98 56.66 9.77 14.19 2 0.378215 1128.43 257.43 22.55 36.95 0 0.273336 424.22 47.43 11.24 15.26 2 0.262522 55.19 61.28 11.15 12.35 2 0.250543 426.51 126.83 8.84 15.65 2
62,0.689445 492.10 575.92 13.05 18.89 2 0.665356 552.74 641.64 19.64 22.10 2 0.431784 552.25 629.84 19.46 24.92 2 0.428650 524.98 608.64 17.30 17.05 2 0.399056 317.99 374.32 13.44 17.11 2 0.372410 705.04 230.01 12.16 15.89 3 0.320786 884.51 179.86 38.67 37.94 1 0.290544 521.10 596.85 18.20 18.26 2 0.268463 1113.87 479.12 16.75 18.38 2
63,0.613886 303.04 74.66 17.16 23.73 2 0.544861 1232.87 0.00 40.26 28.39 0 0.523182 605.15 72.32 11.08 16.23 2 0.519809 618.48 47.36 14.01 14.87 2 0.484339 335.92 126.48 16.48 20.76 2 0.456899 519.69 121.00 11.66 19.15 2 0.438010 643.83 58.59 10.39 15.25 2 0.411841 154.99 478.51 14.52 21.17 2 0.373603 207.12 461.21 10.32 15.17 2 0.371600 701.26 35.05 16.70 20.67 2 0.360889 991.12 675.96 15.38 17.45 2 0.311200 303.96 81.17 14.78 22.73 2 0.309614 635.47 29.14 13.92 15.76 2 0.308458 1228.71 0.81 40.87 31.02 0 0.301726 475.53 92.13 10.78 15.72 2 0.299665 778.78 375.17 10.51 21.47 2 0.293881 949.83 697.54 22.44 21.11 1 0.288669 1121.87 130.78 37.91 32.19 0 0.288402 778.71 363.67 10.49 17.40 2 0.276896 723.41 412.69 11.32 15.75 2 0.261617 677.75 4.06 14.65 20.82 2 0.259840 326.23 122.76 18.69 19.05 2 0.259066 505.59 84.80 11.76 20.97 2 0.258702 1236.10 0.00 39.17 22.85 0
64,0.528273 575.04 320.12 14.37 20.67 2 0.463746 983.44 400.58 27.60 18.24 1 0.458577 326.09 259.30 40.50 24.58 1 0.455789 1282.02 677.86 20.51 17.15 3 0.445296 1203.16 542.11 24.66 30.39 0 0.438609 266.05 389.59 27.46 20.77 1 0.342944 1070.35 309.79 14.85 15.91 3 0.336726 1253.98 540.73 22.48 19.63 0 0.330143 1059.46 672.15 17.86 18.77 3 0.324894 693.26 445.52 13.13 14.18 2 0.311852 789.40 693.20 18.45 26.80 0 0.310100 332.58 252.61 39.56 25.13 1 0.283669 291.95 38.22 14.32 17.22 3 0.280351 1203.83 548.16 25.78 29.09 0 0.277000 368.02 27.38 12.81 17.48 3 0.270922 1281.90 662.86 21.18 20.40 3 0.262254 1192.86 596.52 18.88 20.34 1 0.260531 1242.02 541.68 21.69 18.40 0
65,0.588930 402.29 423.10 16.51 21.05 2 0.333691 551.69 160.80 39.74 24.20 0 0.292650 546.77 156.97 43.27 24.57 0 0.291906 1121.50 540.24 16.00 21.58 2 0.280127 766.26 246.32 22.24 27.77 1 0.256386 827.80 204.88 11.73 18.65 2
66,0.716581 1114.24 395.00 33.80 52.36 1 0.556094 836.00 245.50 33.92 24.03 0 0.550872 1264.27 416.85 69.64 42.79 1 0.549197 1119.20 346.15 25.98 38.75 0 0.526209 574.86 676.34 58.24 33.83 0 0.525043 877.25 49.64 37.73 23.35 0 0.498806 1094.63 558.57 24.60 47.61 0 0.494938 1122.96 303.84 24.57 35.39 0 0.493897 1131.76 259.16 24.77 41.31 0 0.488128 850.79 162.13 21.07 22.00 0 0.460287 841.22 215.18 40.66 25.30 0 0.453392 1137.64 204.35 23.77 33.17 0 0.425536 868.69 131.95 23.37 28.44 0 0.402011 742.86 137.81 35.50 33.28 1
67,0.682284 930.89 64.34 49.88 26.99 1 0.640155 1106.68 69.16 27.68 37.80 0 0.589793 568.58 296.96 13.61 17.37 2 0.579324 755.73 644.33 12.67 15.93 2 0.568982 946.96 175.99 11.29 17.05 2 0.518176 604.15 394.03 12.17 15.41 2 0.502652 711.67 590.45 11.76 18.45 2 0.484077 642.06 448.83 11.43 14.45 2 0.482757 980.17 213.40 12.45 16.94 2 0.476805 1079.97 46.29 25.98 34.68 0 0.473996 909.22 375.19 15.64 17.84 2 0.473735 271.64 558.46 13.56 18.12 2 0.469940 306.15 660.42 14.22 15.18 2 0.449484 728.36 379.87 8.44 16.55 2 0.424771 743.31 665.30 11.05 13.92 2 0.398850 676.90 424.86 9.98 16.25 2 0.377798 549.85 415.24 14.99 17.06 2 0.374256 627.61 268.10 11.19 20.60 2 0.373877 603.19 380.72 12.31 18.39 2 0.361356 591.78 315.14 11.83 18.94 2 0.355209 1013.14 0.00 24.67 34.03 0 0.292933 908.92 231.86 11.62 17.22 2 0.283652 1010.28 7.94 25.64 31.36 0 0.281321 778.70 395.78 7.12 15.08 2 0.266351 979.08 197.17 7.65 12.74 2 0.263454 641.69 428.66 11.02 14.06 2 0.261461 672.19 327.68 11.20 21.70 2 0.259542 408.17 355.44 10.61 16.82 2
68,0.716711 1097.41 730.63 75.14 39.91 1 0.716142 351.63 558.38 34.07 51.07 0 0.688321 627.68 430.71 25.71 45.29 0 0.686215 357.17 673.35 33.49 54.44 0 0.683571 719.52 673.26 29.36 53.69 0 0.677341 722.10 385.78 23.49 41.89 0 0.674831 830.59 201.98 33.22 58.27 1 0.663157 1847.29 128.77 23.71 26.89 0 0.649413 698.43 523.04 25.59 43.86 0 0.647246 607.78 382.37 23.18 39.98 0 0.645729 750.63 386.73 21.35 40.47 0 0.639300 785.64 209.49 27.30 42.52 0 0.633477 688.04 672.26 29.31 53.50 0 0.602978 1100.94 209.26 38.25 21.56 0 0.590050 758.73 523.96 27.68 49.18 0 0.589608 526.53 378.32 26.16 36.81 0 0.589192 994.87 206.43 46.58 23.56 0 0.588692 726.90 522.35 25.87 46.71 0 0.583000 546.55 518.63 28.60 43.65 0 0.579619 770.56 423.26 29.77 63.28 1 0.577742 1659.81 108.65 18.59 28.01 0 0.575270 534.35 565.61 31.20 52.83 0 0.575270 1818.60 128.58 22.35 26.65 0 0.570471 787.06 674.65 26.26 52.64 0 0.567002 696.36 385.32 21.37 39.05 0 0.559388 1646.28 920.02 66.25 56.30 0 0.559058 343.45 310.45 30.30 42.39 0 0.556833 573.63 298.60 31.81 44.98 0 0.556507 555.28 377.30 27.38 38.90 0 0.550633 526.08 674.22 29.76 51.28 0 0.550212 389.75 676.36 32.47 56.30 0 0.543699 1686.80 111.23 19.99 27.25 0 0.537714 558.21 673.49 28.56 51.14 0 0.529533 668.68 384.75 22.21 38.46 0 0.526436 380.31 559.77 35.80 50.90 0 0.522698 1656.04 224.92 33.41 19.65 0 0.522486 833.37 156.36 25.20 20.63 0 0.517230 656.00 428.94 26.58 47.08 0 0.516587 627.25 571.05 27.92 49.60 0 0.512763 1708.56 32.77 25.58 20.06 0 0.511002 1505.88 580.38 36.48 47.58 0 0.510168 1830.42 61.37 19.03 19.65 0 0.509692 492.57 302.30 27.20 41.38 0 0.507883 362.14 264.69 30.63 40.88 0 0.505040 1637.07 761.56 46.05 28.84 1 0.502602 1744.69 152.31 32.51 20.73 0 0.502570 323.70 355.79 35.09 40.47 0 0.501293 1529.86 19.58 26.93 22.51 0 0.500518 736.42 310.79 23.07 41.47 0 0.496332 546.77 417.54 27.39 45.51 0 0.495229 654.74 671.12 28.71 52.97 0 0.493913 567.68 566.52 28.70 52.61 0 0.488255 789.13 314.29 24.96 43.07 0 0.486777 1713.54 782.12 54.21 29.21 0 0.484417 1482.40 484.52 34.11 42.65 0 0.481760 669.72 519.69 22.48 42.66 0 0.481728 247.03 508.14 36.22 53.08 0 0.477359 276.61 451.75 36.25 42.61 0 0.475876 515.63 186.99 27.17 43.85 1 0.474915 654.86 309.46 26.53 41.91 0 0.473396 485.71 421.48 28.25 43.09 0 0.472270 1636.68 105.07 20.09 28.04 0 0.467632 1465.43 391.85 26.56 34.90 0 0.465984 496.24 674.37 27.23 50.61 0 0.465340 942.12 160.66 21.65 17.82 0 0.459887 299.54 400.50 38.81 45.22 0 0.449384 1615.36 105.48 19.10 28.51 0 0.448905 522.15 304.05 27.21 39.75 0 0.439737 1445.99 153.27 25.73 31.71 0 0.434415 591.27 196.79 24.18 37.40 0 0.431281 1455.94 348.61 26.38 38.24 0 0.430554 223.58 558.53 34.50 45.78 0 0.429231 788.30 186.42 32.13 22.74 0 0.427599 1494.36 532.45 34.41 41.16 0 0.425351 387.14 217.61 29.33 42.07 0 0.419976 1148.76 179.06 27.12 20.15 0 0.418392 1105.69 210.60 39.29 21.28 0 0.417536 1791.07 126.03 23.28 27.38 0 0.412483 1751.02 36.02 25.14 17.38 0 0.408460 640.35 517.04 24.15 39.92 0 0.392483 628.64 307.06 24.97 39.77 0 0.392365 1321.46 304.45 24.44 37.31 1 0.390376 1455.10 14.43 33.89 29.44 0 0.382293 1410.23 127.64 20.99 27.89 0 0.380924 1757.70 55.44 21.49 23.63 0 0.379178 1784.72 56.29 17.43 22.18 0 0.377684 1348.69 492.35 26.01 48.69 0 0.374231 1158.26 218.08 40.20 24.89 0 0.374050 1151.77 217.68 38.83 24.35 0 0.368571 491.31 417.49 27.86 44.74 0 0.366126 1493.55 352.28 28.10 37.93 0 0.361560 606.45 731.97 14.12 23.74 3 0.355244 1356.73 553.84 28.69 46.67 0 0.355156 1665.37 33.98 25.29 19.68 0 0.354946 1446.17 307.97 25.05 37.70 1 0.354301 1806.47 59.25 16.97 21.49 0 0.349433 1712.20 115.22 19.32 26.64 0 0.343200 1789.99 907.42 63.32 30.04 0 0.339772 1593.61 101.33 20.92 29.01 0 0.337496 1457.46 208.82 27.84 20.26 0 0.333824 1590.32 958.51 37.28 55.19 0 0.330805 631.19 732.66 15.96 25.69 3 0.326022 1343.92 453.41 23.93 39.62 0 0.319147 1770.91 784.83 61.49 31.48 0 0.310443 1496.70 15.08 24.25 23.82 0 0.305602 1786.30 124.38 24.14 26.02 0 0.291098 1727.36 56.06 17.54 21.68 0 0.290759 1637.92 913.93 64.28 47.07 0 0.285607 739.98 433.72 25.49 48.32 1 0.283412 717.12 431.62 22.51 40.18 0 0.281297 640.60 200.16 23.37 37.47 0 0.277950 1439.45 264.58 29.50 35.71 1 0.274794 1445.67 309.58 24.18 38.11 0 0.270525 1418.90 192.35 28.12 31.27 0 0.269712 1891.01 105.69 27.07 19.96 0 0.267880 779.18 385.78 27.25 40.53 1 0.260442 988.83 176.19 30.76 20.14 0 0.252168 1458.78 353.60 27.04 37.11 0 0.251453 1666.40 507.50 36.07 38.31 0
69,0.751534 715.07 671.02 31.20 57.97 0 0.686441 827.74 198.48 31.02 58.57 1 0.681565 531.53 563.50 28.64 51.27 0 0.675714 1096.60 206.64 40.14 21.54 0 0.668800 1443.89 143.25 24.73 36.27 0 0.666574 352.24 672.81 33.52 55.10 0 0.664156 385.45 676.28 33.92 56.24 0 0.660495 540.48 513.32 34.34 47.35 0 0.647132 338.70 309.28 30.42 42.51 0 0.645710 620.75 429.68 27.54 44.37 0 0.637696 1490.89 528.42 32.70 42.30 0 0.635832 1093.03 731.41 76.65 34.82 1 0.634644 605.30 379.77 22.05 38.87 0 0.633873 724.51 518.09 26.13 48.85 0 0.633082 651.75 429.01 27.00 44.06 0 0.629974 783.12 674.91 26.48 51.84 0 0.620274 520.90 671.87 28.82 52.21 0 0.590645 1644.95 918.50 66.26 56.79 0 0.587876 551.91 671.97 29.55 52.13 0 0.583765 1711.35 108.58 22.19 30.13 0 0.581345 718.75 384.00 20.57 38.47 0 0.578780 1527.74 13.48 26.55 20.27 0 0.577637 1819.85 123.56 19.57 29.13 0 0.577100 988.46 202.73 47.79 23.90 0 0.556230 1684.86 106.49 20.57 27.79 0 0.555378 550.42 378.37 26.31 35.53 0 0.549228 378.79 559.61 33.46 49.81 0 0.547841 357.77 263.31 29.61 41.81 0 0.534379 1608.61 19.56 31.20 18.40 0 0.532995 344.54 556.69 35.46 52.54 0 0.528447 689.81 383.32 21.70 39.35 0 0.526796 522.22 378.50 25.03 35.33 0 0.521926 694.75 517.31 26.15 46.49 0 0.515527 241.70 504.63 35.27 49.74 0 0.513777 1634.21 103.81 22.82 26.86 0 0.513011 1453.93 11.06 35.64 26.73 0 0.509610 1657.05 106.18 20.58 25.66 0 0.507729 766.85 421.70 30.32 59.00 1 0.504876 936.73 159.33 20.55 17.06 0 0.504163 651.98 669.41 27.08 48.77 0 0.501275 1318.75 301.81 24.08 40.85 0 0.500982 585.07 192.29 26.62 41.54 0 0.500612 785.22 206.16 23.19 41.50 0 0.500051 543.15 418.86 25.89 44.86 0 0.499902 632.51 200.37 25.43 35.03 0 0.499188 1150.18 212.05 40.52 21.25 0 0.498685 1718.64 780.97 50.09 28.60 0 0.491160 625.14 571.41 28.05 46.12 0 0.490506 744.92 384.69 21.67 39.26 0 0.486782 1564.88 18.39 26.16 19.39 0 0.485145 789.81 179.97 25.76 23.05 0 0.483662 1437.59 263.69 29.69 39.44 1 0.482949 217.96 556.24 31.60 46.70 0 0.482066 1847.70 124.94 20.36 26.69 0 0.477801 664.96 519.11 24.60 41.22 0 0.476449 1465.54 390.16 25.69 36.47 0 0.473374 565.32 564.53 30.06 51.56 0 0.472977 317.75 349.17 36.47 43.50 0 0.468922 625.27 306.75 22.56 39.01 0 0.468834 272.90 450.26 34.71 44.08 0 0.464644 1613.17 102.71 20.78 29.22 0 0.464361 651.68 306.64 24.55 40.86 0 0.462460 1666.76 503.09 34.84 40.12 0 0.459725 1482.19 482.59 33.79 41.00 0 0.457861 380.79 216.57 31.09 40.34 0 0.456396 1663.63 35.26 26.56 28.40 0 0.455837 755.81 522.11 27.44 50.01 0 0.448147 486.97 298.88 26.68 40.47 0 0.441587 607.05 732.45 13.54 25.94 3 0.438932 700.53 305.07 25.97 44.20 0 0.437718 1420.15 189.24 26.18 34.22 1 0.437268 1783.09 902.20 68.94 33.43 0 0.436211 579.66 259.71 27.99 33.13 0 0.431968 508.03 186.02 30.82 47.11 1 0.430264 680.99 671.13 28.34 53.48 0 0.428635 1347.43 486.88 26.96 52.69 0 0.428550 1786.41 121.64 21.63 28.04 0 0.427497 1454.37 347.27 27.50 37.55 0 0.427495 773.41 381.65 26.03 42.85 0 0.422582 1650.19 218.54 36.86 24.02 0 0.419719 1351.49 549.15 26.31 48.66 0 0.418460 681.61 199.03 24.67 39.09 0 0.416196 983.31 160.92 21.64 16.62 0 0.411140 517.02 297.93 26.21 43.47 0 0.408525 290.32 393.77 39.68 48.60 0 0.401467 1753.71 40.93 25.17 24.81 0 0.398922 488.31 674.62 28.01 50.11 0 0.385914 830.93 151.29 25.26 22.06 0 0.385897 537.30 424.43 26.70 40.65 0 0.384594 1739.28 147.67 30.74 23.68 0 0.382924 1444.16 306.09 26.97 34.63 1 0.382187 1155.11 211.81 45.68 21.07 0 0.377778 1592.72 96.73 19.55 30.95 0 0.376043 1827.30 54.76 19.42 23.01 0 0.365779 1753.24 49.10 24.71 26.17 0 0.365534 1663.18 498.77 33.54 42.35 0 0.361404 1436.57 259.15 29.32 34.57 1 0.360338 479.79 420.79 29.62 41.60 1 0.359509 570.44 297.35 27.38 45.63 0 0.357383 1733.88 149.38 28.66 22.55 0 0.356241 1733.12 110.79 20.99 29.03 0 0.354555 1398.71 85.78 23.42 30.63 0 0.339714 1424.31 225.19 26.19 31.00 1 0.338657 1492.64 348.74 27.94 33.49 0 0.337749 1725.02 48.26 22.51 25.85 0 0.336926 1062.26 180.99 23.99 17.76 0 0.332784 437.19 302.68 19.27 20.87 3 0.330051 438.59 87.83 23.16 31.41 0 0.328355 1768.03 781.64 47.82 30.63 0 0.327459 1012.19 734.83 56.91 29.29 0 0.325633 1198.90 229.91 31.81 16.84 0 0.318404 1102.98 209.54 39.35 20.71 0 0.317499 438.75 739.34 15.68 25.70 3 0.316674 663.79 383.44 22.51 40.65 0 0.313650 407.51 738.57 20.51 26.71 3 0.302397 437.29 100.25 25.07 28.29 0 0.298705 1188.36 213.03 37.05 18.60 0 0.298169 1855.72 457.97 33.48 27.75 0 0.297451 785.66 311.97 25.82 43.66 1 0.296751 1341.88 454.77 24.90 39.51 0 0.291073 561.13 566.26 28.87 50.18 0 0.290346 637.44 518.33 24.76 38.53 0 0.289769 1792.39 121.97 21.72 30.02 0 0.288002 919.88 160.84 15.96 14.71 0 0.284760 1504.27 578.33 38.81 48.38 0 0.283435 629.29 730.94 15.48 29.46 3 0.278250 1471.07 428.88 27.06 41.72 1 0.277903 1771.20 903.85 67.29 31.89 0 0.277527 1806.64 53.92 19.26 24.48 0 0.274963 1397.51 655.42 18.17 26.67 3 0.274552 730.10 307.88 25.02 42.53 0 0.274034 582.27 733.59 15.51 25.46 3 0.272739 493.81 673.28 27.01 51.36 0 0.270976 631.55 265.04 24.45 36.99 0 0.267830 1590.94 92.34 19.94 28.93 0 0.267533 633.15 516.61 25.25 44.25 0 0.266087 559.46 734.89 19.13 27.09 3 0.265814 1442.39 307.00 26.51 37.00 0 0.262752 736.96 429.70 26.99 49.24 1 0.257382 1757.34 0.00 20.23 11.18 0
70,0.760964 1097.37 855.46 75.71 35.16 1 0.741326 763.99 522.07 32.34 63.24 1 0.706648 709.38 788.76 32.60 57.42 0 0.687189 830.33 285.41 33.78 58.08 1 0.682474 532.15 521.01 29.74 45.56 0 0.674589 719.52 624.61 28.34 49.96 0 0.669715 649.85 526.24 29.14 49.89 0 0.667943 1162.39 299.09 41.26 21.31 0 0.661242 1610.76 176.90 18.83 30.72 0 0.650043 508.03 790.05 30.94 54.90 0 0.649145 1682.52 604.99 33.57 47.50 0 0.648898 331.98 663.00 35.80 52.95 0 0.631390 1507.60 635.75 31.23 42.89 0 0.631068 336.26 786.97 37.23 58.74 0 0.628267 675.50 786.19 29.45 57.67 0 0.626370 743.86 479.69 22.24 42.31 0 0.623712 554.11 671.51 31.60 57.24 0 0.619633 601.97 475.75 23.49 43.08 0 0.618296 622.01 393.84 27.91 45.66 0 0.615203 642.55 786.55 28.49 55.40 0 0.613911 543.40 789.54 31.45 53.30 0 0.612853 616.36 525.73 31.49 51.08 0 0.603425 373.16 790.69 34.54 56.77 0 0.598656 1468.68 440.88 26.81 41.21 0 0.597099 260.93 546.96 37.41 48.77 0 0.595679 689.36 624.10 28.11 49.46 0 0.595420 203.50 661.42 35.98 48.32 0 0.593931 1103.64 295.11 42.64 22.28 0 0.590234 381.16 298.15 29.58 43.84 0 0.586555 717.53 480.34 22.09 41.11 0 0.582700 547.38 469.45 26.25 40.90 0 0.582689 478.26 790.17 30.63 52.90 0 0.579929 521.37 672.10 34.09 56.92 0 0.577395 776.88 790.15 30.67 57.51 0 0.576948 354.53 347.71 30.80 45.99 0 0.569366 577.55 850.45 15.48 28.22 3 0.569098 1421.70 203.89 22.62 31.16 0 0.558581 230.74 605.72 38.01 54.68 0 0.550309 651.89 393.74 27.51 43.28 0 0.548399 1853.10 132.72 19.77 24.51 0 0.543819 283.43 491.03 41.74 51.03 0 0.543536 750.46 625.18 28.06 52.49 0 0.537299 533.83 616.49 32.23 50.19 0 0.535219 518.45 470.13 25.49 39.67 0 0.530526 1729.57 106.00 19.60 18.45 0 0.529069 1725.03 913.49 63.68 29.82 0 0.526407 1759.60 194.77 19.22 26.86 0 0.524880 700.54 395.11 26.50 46.54 0 0.521264 1631.21 180.67 17.78 30.02 0 0.520353 1703.35 187.78 20.20 28.90 0 0.515448 554.23 853.89 19.65 28.44 3 0.510623 310.92 441.57 35.62 43.64 0 0.509192 1713.54 916.67 68.87 31.11 0 0.503431 1525.70 493.90 41.77 36.65 0 0.501007 1585.00 90.69 21.27 24.45 0 0.493527 1459.04 246.25 27.37 34.55 0 0.491773 1832.27 130.73 18.70 27.93 0 0.490946 1364.56 657.94 29.59 55.21 0 0.490925 835.40 234.55 25.77 22.00 0 0.489003 1374.10 1.59 20.36 33.13 0 0.488211 1849.91 177.02 28.12 19.94 0 0.484154 689.44 478.35 22.96 41.31 0 0.482998 1475.10 89.03 31.79 27.55 0 0.482495 996.83 285.57 46.97 26.13 0 0.479505 628.73 362.48 25.39 30.73 0 0.478548 657.23 477.06 23.90 42.21 0 0.476208 617.93 678.84 31.07 48.20 0 0.466195 485.73 388.91 25.87 41.57 0 0.465605 1774.77 106.84 20.28 20.06 0 0.465135 1653.44 67.63 26.03 19.68 0 0.458190 1680.77 304.14 31.33 20.93 0 0.458036 1517.07 685.67 36.90 53.22 0 0.456710 1685.81 104.04 24.39 21.47 0 0.453593 629.88 621.52 25.72 46.77 0 0.453419 1807.67 126.61 17.20 27.28 0 0.452932 1806.86 1043.57 74.65 33.69 0 0.452450 1341.92 484.24 26.01 47.42 0 0.450882 334.42 397.29 29.08 39.32 0 0.450044 657.26 621.38 26.88 44.61 0 0.448550 1871.14 209.78 21.50 23.43 0 0.441460 1731.87 192.47 16.62 27.78 0 0.437073 1545.79 90.92 25.33 27.43 0 0.433880 731.91 527.59 29.79 55.61 1 0.432708 507.79 270.59 29.09 44.64 0 0.430936 1457.98 394.97 26.12 40.99 1 0.428521 474.70 517.17 31.02 42.43 0 0.427582 1412.04 168.55 25.15 32.52 1 0.426543 1487.22 536.47 30.16 39.99 0 0.411053 633.20 277.44 25.91 40.52 0 0.407334 1782.65 127.47 19.61 28.09 0 0.400613 1651.86 180.99 19.56 30.37 0 0.396228 1710.08 67.45 23.65 20.14 0 0.395492 1447.89 349.49 27.57 35.99 1 0.390901 1625.83 92.42 28.32 20.38 0 0.390843 773.01 478.81 26.07 44.22 0 0.385128 1823.64 232.69 29.74 18.87 0 0.384954 602.06 849.48 15.03 28.57 3 0.381540 730.00 397.78 25.37 45.33 0 0.374496 1454.67 371.26 26.36 29.20 1 0.373868 1549.69 89.41 25.79 28.18 0 0.372761 786.02 403.82 26.58 45.56 0 0.365672 1457.54 396.43 25.52 42.03 0 0.361860 437.54 854.82 14.68 27.95 3 0.356224 365.22 663.69 29.87 51.56 0 0.355972 684.23 280.80 27.24 43.78 0 0.348982 1814.54 202.43 25.16 27.91 0 0.339768 1434.97 275.73 26.16 33.05 0 0.339321 1399.64 0.00 20.80 31.15 0 0.333122 577.13 348.24 25.06 33.54 0 0.330056 584.35 276.12 26.79 41.92 0 0.328788 1843.16 208.11 24.25 25.78 0 0.327900 438.30 171.48 26.23 32.53 1 0.326713 1686.23 121.18 22.09 25.66 0 0.325056 754.19 625.63 30.24 53.75 0 0.322986 1349.96 552.64 23.63 39.15 0 0.316756 413.35 852.42 15.03 27.99 3 0.313529 626.55 852.61 14.39 27.10 3 0.312883 789.32 261.80 33.66 25.45 0 0.312786 783.72 289.20 28.73 44.38 0 0.305646 1206.85 300.59 34.95 19.94 0 0.303229 568.56 385.29 29.97 49.72 0 0.303013 367.63 795.53 36.49 59.48 0 0.299911 1003.32 859.29 69.90 34.18 0 0.294660 391.00 854.69 20.93 29.45 3 0.289752 475.90 793.64 29.63 56.27 0 0.288377 1545.13 101.59 26.87 29.17 0 0.287250 340.38 784.95 37.02 52.94 0 0.284938 435.41 392.13 20.36 23.27 3 0.284215 1193.23 300.21 41.02 19.78 0 0.283489 1439.88 305.40 24.97 32.25 0 0.274195 1676.23 184.45 19.27 31.06 0 0.269233 1684.81 610.77 36.76 46.36 0 0.262870 1440.99 311.99 24.56 36.59 1 0.260033 1157.76 260.80 24.28 17.85 0 0.257242 1792.06 1046.01 77.57 32.01 0 0.255001 1495.26 583.32 31.15 49.12 0 0.254125 457.11 854.68 15.01 28.87 3 0.254110 789.07 267.45 32.77 30.02 0 0.253806 1496.62 586.59 30.72 47.59 1 0.253116 1563.71 66.85 24.79 17.22 0 0.250450 1797.22 915.50 43.79 32.10 0
71,0.722144 591.48 503.62 27.52 49.65 0 0.708263 1144.61 81.92 40.77 19.68 0 0.686714 702.46 242.09 21.65 40.06 0 0.685980 380.17 404.51 32.37 49.68 0 0.682828 671.15 284.86 26.42 44.35 0 0.680741 742.69 503.45 28.58 50.41 0 0.668150 678.37 243.98 22.02 37.41 0 0.655113 624.37 242.88 21.86 38.11 0 0.654187 502.54 175.97 25.95 36.20 0 0.645336 532.64 170.02 24.32 41.29 0 0.643063 807.16 500.68 28.93 53.37 0 0.623799 773.04 366.91 25.45 45.43 0 0.621978 743.86 365.11 25.69 45.97 0 0.621767 428.56 513.68 30.12 50.02 0 0.619969 738.81 171.45 25.74 44.49 0 0.619710 1627.83 692.90 65.36 49.94 0 0.616505 557.90 506.36 26.79 49.60 0 0.613413 984.14 75.33 45.19 23.08 0 0.611754 558.09 412.50 29.38 48.68 0 0.609128 712.32 170.30 25.47 45.29 0 0.608676 791.51 177.62 25.23 42.38 0 0.603218 505.49 282.35 26.36 40.39 0 0.596271 643.84 286.20 27.19 43.99 0 0.590144 728.21 281.76 22.23 42.69 0 0.588255 560.48 283.77 26.46 38.83 0 0.585843 714.11 366.55 26.75 45.82 0 0.579164 713.03 503.69 27.51 49.34 0 0.578712 517.62 65.32 28.94 45.26 1 0.577756 1598.04 841.29 44.30 62.46 0 0.576896 1435.38 197.63 30.39 35.00 0 0.569783 396.69 511.69 27.93 49.55 0 0.565769 1337.82 330.05 29.75 44.89 0 0.564006 1319.62 230.19 26.99 49.03 0 0.561102 642.02 74.56 23.26 37.15 0 0.555867 259.39 411.55 32.07 42.60 0 0.553057 1343.39 378.77 29.66 48.25 0 0.546848 569.80 239.48 24.47 39.14 0 0.545479 1677.04 835.86 30.91 16.95 3 0.544171 785.14 243.35 23.60 39.92 1 0.539735 593.18 72.77 24.35 38.29 0 0.535886 728.48 244.98 22.58 38.06 0 0.534073 527.73 510.22 25.92 47.03 0 0.529408 787.01 56.42 26.96 25.04 0 0.526829 1486.96 404.10 31.99 41.83 0 0.524063 1867.33 723.88 39.43 49.85 0 0.511385 592.58 412.45 28.55 47.32 0 0.503468 827.67 73.26 29.89 51.64 1 0.502471 785.52 270.98 25.38 48.73 1 0.488360 1609.41 1040.36 42.10 39.64 0 0.483656 1102.63 543.36 77.24 34.91 1 0.472850 1417.15 118.15 27.74 36.27 0 0.465543 1545.40 821.79 32.28 47.41 0 0.465137 569.90 365.06 26.95 39.29 0 0.465121 643.91 138.38 24.09 33.17 0 0.460168 696.44 4.92 19.11 28.90 0 0.459469 1663.59 1008.09 45.14 58.29 1 0.456057 633.29 175.54 23.57 39.41 0 0.446854 398.74 96.83 27.50 40.51 0 0.445444 1373.73 119.29 23.00 35.51 0 0.444894 714.69 5.49 25.44 31.90 0 0.431744 786.17 78.45 23.88 42.06 0 0.431322 1394.41 53.50 29.66 28.40 0 0.429601 1466.48 318.86 29.71 36.70 0 0.429539 525.92 515.00 24.81 46.48 0 0.423908 935.07 34.07 19.12 20.59 0 0.418469 782.50 284.19 25.77 50.84 1 0.402989 687.51 73.83 24.82 40.70 0 0.401989 1153.47 82.57 46.87 20.54 0 0.394420 1638.46 330.82 31.68 41.04 0 0.391438 413.70 405.34 29.30 51.03 0 0.389782 663.98 177.39 23.10 38.91 0 0.386433 303.82 312.29 32.97 42.58 0 0.382672 1475.37 358.18 30.31 41.45 0 0.379224 681.19 505.30 23.30 45.06 0 0.377559 585.28 167.11 24.81 44.51 0 0.375630 1423.69 159.94 26.14 32.79 0 0.375595 652.01 414.26 26.38 45.85 0 0.372358 317.96 266.89 38.79 41.54 0 0.371079 829.08 31.20 26.92 24.84 0 0.369489 868.64 33.49 23.38 23.53 0 0.364829 1405.47 57.25 28.30 27.28 0 0.361064 1019.57 551.68 61.34 30.28 0 0.360463 684.86 366.91 25.81 42.38 0 0.358472 488.14 564.34 15.42 23.45 3 0.358008 1888.47 722.97 31.53 49.40 0 0.356935 1764.00 678.57 54.16 31.06 0 0.355682 766.56 41.27 21.63 18.64 0 0.353555 361.48 186.41 28.93 32.88 0 0.351129 1435.67 62.73 24.01 25.33 0 0.345568 479.45 282.79 24.60 37.81 0 0.341947 622.93 557.24 18.63 25.40 3 0.340199 543.45 242.47 23.68 38.14 0 0.338503 376.14 143.41 30.57 39.81 0 0.332127 1885.23 576.07 34.77 31.06 0 0.330888 341.43 223.55 31.27 37.99 0 0.330476 639.68 175.05 23.11 40.40 0 0.328768 1572.09 728.77 34.96 53.64 0 0.327219 1301.66 159.43 24.84 33.35 0 0.321912 508.30 567.51 12.63 22.58 3 0.319299 1824.92 282.63 37.67 25.56 0 0.313735 1680.02 572.35 60.69 28.83 0 0.312206 1861.63 247.42 33.77 20.62 0 0.309651 1595.56 831.89 42.85 62.19 0 0.305947 1454.45 272.33 26.07 35.69 1 0.303209 1829.01 280.78 40.04 23.64 0 0.302541 1842.39 46.57 32.28 34.45 0 0.301712 1666.21 1018.10 45.28 51.94 0 0.298291 1839.39 41.35 33.12 32.26 0 0.290007 967.78 35.74 19.52 20.73 0 0.287978 920.29 32.35 19.07 21.90 0 0.286643 771.37 284.37 24.55 48.93 1 0.286240 698.90 503.90 22.32 48.50 0 0.285918 1747.09 0.00 32.51 12.37 0 0.284608 788.43 9.27 28.71 33.90 0 0.283822 396.80 92.54 27.17 40.20 0 0.283477 751.84 283.48 23.36 46.70 0 0.275147 1413.74 113.60 28.13 33.44 0 0.262964 393.53 100.99 29.61 37.48 0 0.260857 1325.79 291.84 22.15 34.20 0 0.257855 651.11 558.95 16.03 24.30 3 0.257540 276.78 362.92 35.21 49.01 0 0.257065 1667.98 574.98 66.78 31.30 0 0.257011 622.33 4.31 23.13 26.47 0 0.254966 1667.28 788.42 27.55 19.55 3
72,0.697563 1.15 969.76 44.09 36.11 0 0.677839 488.05 222.97 48.15 39.17 0 0.667608 567.83 682.09 48.00 67.63 1 0.642085 429.26 198.09 51.98 38.05 0 0.638439 542.08 246.74 57.65 38.25 0 0.609860 873.51 396.31 52.74 30.02 0 0.594565 187.05 98.30 52.82 35.19 0 0.592601 167.70 1039.32 58.95 35.39 0 0.591687 4.82 933.10 54.14 40.75 0 0.561696 258.21 294.10 60.38 42.82 0 0.560458 1139.02 483.91 36.43 28.99 1 0.552270 367.56 170.51 49.62 38.40 0 0.544901 389.64 347.39 60.86 47.58 0 0.536261 123.99 234.24 54.35 41.96 0 0.532965 117.10 64.15 41.51 33.17 1 0.532641 538.27 772.28 40.71 47.05 0 0.528032 518.22 32.93 55.13 37.48 0 0.524996 8.55 914.38 63.44 45.76 0 0.507943 1040.22 79.13 56.36 37.00 0 0.499433 15.04 892.66 69.61 45.29 0 0.483002 315.26 150.46 44.00 33.77 0 0.479854 50.61 146.80 63.56 43.20 0 0.476332 249.48 124.24 59.55 36.56 0 0.461920 0.00 1000.35 31.53 32.39 0 0.459557 185.69 1008.29 56.44 34.20 0 0.450998 200.33 971.59 56.20 38.34 0 0.449338 66.54 44.96 51.49 40.69 1 0.444450 395.50 994.93 52.06 35.61 0 0.439433 45.18 36.02 39.09 35.80 0 0.435938 1005.07 161.02 53.29 43.95 0 0.427135 457.22 379.88 55.93 38.09 0 0.424979 341.32 326.36 43.11 39.83 0 0.416109 832.40 126.00 37.12 47.72 1 0.411928 728.64 487.65 16.49 24.92 2 0.398773 1016.69 127.18 60.55 39.34 1 0.391795 121.27 66.78 47.49 34.47 1 0.381826 930.14 191.87 34.13 54.20 1 0.376807 123.64 68.63 53.70 36.63 1 0.374839 2.27 12.76 49.99 39.61 0 0.372784 369.32 1056.70 57.20 23.30 0 0.370101 10.36 0.00 48.02 23.73 0 0.366576 915.09 324.13 41.20 28.80 0 0.363423 863.16 393.16 56.43 33.73 0 0.354512 1104.44 408.75 27.48 30.89 0 0.345979 819.12 425.92 17.83 25.74 2 0.342803 810.20 178.39 36.26 57.01 1 0.342204 927.98 204.64 29.95 50.91 0 0.336690 194.08 263.47 52.96 39.87 0 0.334107 1.20 927.25 57.82 35.49 0 0.333895 884.89 0.00 36.61 51.63 0 0.322259 133.02 236.13 52.43 42.74 0 0.311829 17.75 1040.23 64.07 36.37 0 0.308419 363.73 166.37 44.14 36.32 0 0.306915 830.24 136.32 38.28 42.34 1 0.297677 49.52 981.23 49.50 37.33 0 0.297651 804.44 191.65 36.82 55.59 0 0.292440 380.10 341.94 65.75 45.53 0 0.291706 1341.77 0.00 28.25 34.95 0 0.288716 316.17 151.93 49.06 37.50 1 0.284257 902.34 323.97 44.83 32.07 0 0.280446 1081.35 628.32 34.76 26.68 0 0.278719 12.17 1045.00 66.09 35.00 0 0.259157 1.03 1036.20 43.19 34.97 0 0.258126 458.66 3.14 20.19 29.54 3 0.257606 532.49 978.96 17.42 21.67 3 0.254638 1141.42 474.66 38.84 30.27 1 0.253740 1017.22 126.80 58.90 39.51 0 0.252862 1752.19 708.39 24.48 26.24 0
73,0.835485 994.40 849.53 76.82 36.12 1 0.786564 615.60 576.45 28.84 65.79 1 0.758062 438.14 547.55 24.19 45.48 0 0.719781 809.87 301.68 50.59 23.63 0 0.717784 1345.40 574.22 30.70 43.94 0 0.714329 304.49 348.83 30.23 49.18 1 0.711064 597.03 848.86 32.58 67.89 0 0.677117 648.38 318.38 30.09 60.80 1 0.666980 526.44 539.31 25.13 44.17 0 0.665843 426.51 877.33 31.27 61.34 0 0.665345 212.57 776.95 35.82 65.77 0 0.664404 667.61 840.78 29.81 58.40 0 0.656878 240.17 914.52 34.43 62.79 0 0.656849 387.93 705.57 31.43 49.96 0 0.656386 1547.86 948.27 64.47 55.58 0 0.653094 385.31 763.68 30.08 57.91 0 0.649627 527.11 858.45 30.66 60.31 0 0.648670 614.42 680.89 28.96 55.31 0 0.642582 351.65 891.33 29.63 60.88 0 0.640957 385.57 887.48 31.28 62.03 0 0.634968 596.64 334.02 27.36 43.16 0 0.618849 497.72 539.28 24.42 43.93 0 0.618346 558.16 451.70 25.92 47.01 0 0.615565 474.76 458.20 24.84 44.09 0 0.612922 439.40 344.57 25.18 41.18 0 0.609022 583.26 682.21 28.00 54.10 0 0.608676 375.38 550.82 28.58 48.00 0 0.606756 49.70 742.00 42.01 63.98 0 0.603980 344.51 557.84 25.92 40.95 0 0.596817 1564.59 127.20 19.79 25.16 0 0.576478 976.78 296.67 45.30 19.69 0 0.570179 1364.26 440.61 39.00 25.26 0 0.568446 462.71 944.23 18.27 30.42 3 0.567551 1420.68 121.13 17.29 31.67 0 0.566659 555.10 537.39 24.27 41.62 0 0.562161 1591.55 797.56 46.38 27.60 0 0.561749 1517.15 123.35 16.46 27.23 0 0.560165 1854.00 86.96 24.89 29.15 0 0.550162 550.96 690.04 26.29 48.26 0 0.546916 553.44 584.95 25.07 47.60 0 0.541033 596.27 308.88 35.57 21.24 0 0.540909 203.43 913.02 35.36 66.04 0 0.531709 1515.55 57.06 24.39 22.20 0 0.530161 530.28 448.65 24.49 45.87 0 0.526761 168.90 405.40 28.96 43.43 0 0.526383 506.96 936.83 15.98 29.73 3 0.524761 1298.81 438.11 32.11 36.74 0 0.524479 385.85 344.76 27.75 43.52 0 0.524157 446.64 459.76 25.37 45.22 0 0.523903 1588.83 125.23 19.39 24.99 0 0.523717 618.38 528.65 25.36 46.56 0 0.522690 1375.61 445.82 39.05 22.63 0 0.521904 617.00 448.94 26.52 45.40 0 0.521369 488.59 696.73 24.39 45.75 0 0.520244 1434.75 43.74 26.20 17.67 0 0.520171 1503.27 522.95 36.72 42.40 0 0.518520 584.63 533.63 23.82 43.98 0 0.517586 115.23 557.45 36.76 49.25 0 0.516726 450.05 416.32 23.70 38.76 0 0.515070 34.91 809.81 34.82 51.25 0 0.508792 1366.93 625.29 35.93 44.04 0 0.507741 1490.86 121.14 17.22 29.69 0 0.502531 641.25 270.76 25.31 22.12 0 0.502477 174.72 784.69 35.28 62.65 0 0.499502 488.05 938.79 16.27 29.94 3 0.495054 1465.50 120.65 15.54 30.91 0 0.492358 1513.71 39.50 26.59 16.68 0 0.488579 75.45 677.18 36.22 53.16 0 0.487980 97.50 611.68 36.58 55.91 0 0.487265 1778.10 774.52 55.88 30.89 0 0.486635 519.00 691.80 25.45 45.52 0 0.486530 1270.31 353.27 28.37 31.43 0 0.485568 462.94 598.04 27.13 52.60 0 0.481110 1442.30 121.06 16.36 30.82 0 0.478133 1398.97 123.61 18.53 32.81 0 0.477084 1463.84 229.67 25.98 24.88 0 0.474942 485.67 749.03 26.54 61.71 0 0.471425 1585.15 59.56 20.96 20.94 0 0.467483 1174.34 454.28 26.57 42.97 0 0.467244 582.22 583.73 26.49 54.56 1 0.466842 1216.99 624.60 29.56 45.93 0 0.464452 908.05 865.69 61.26 35.36 1 0.461067 419.14 759.90 31.37 59.50 0 0.458037 1343.17 43.56 26.17 18.39 0 0.453928 1489.40 59.73 19.41 20.79 0 0.452915 1441.76 66.12 22.25 20.08 0 0.452822 146.01 455.53 32.56 42.89 0 0.446914 245.96 486.32 15.67 26.65 3 0.445648 373.01 599.86 27.19 54.32 0 0.445235 1595.45 155.10 33.19 17.90 0 0.439304 919.82 295.63 42.19 20.37 0 0.438413 1287.95 394.95 26.44 36.71 0 0.433243 169.40 397.53 27.79 41.91 0 0.432848 1166.98 416.03 23.36 32.34 0 0.426943 327.50 470.76 28.48 49.65 0 0.424845 1735.82 92.74 34.37 17.85 0 0.422489 296.18 478.19 27.54 43.91 1 0.410736 1396.49 16.69 24.59 14.66 0 0.410510 336.78 968.59 16.44 29.96 3 0.408556 1314.28 480.72 31.72 37.51 0 0.406324 494.75 594.73 27.06 54.61 0 0.404320 1195.33 132.65 23.47 22.80 1 0.400737 1786.14 959.32 44.67 59.89 0 0.398475 1416.33 16.20 22.78 14.86 0 0.390081 1331.70 529.10 32.15 40.51 0 0.388888 134.33 505.55 30.39 46.14 0 0.388368 1386.92 43.04 25.56 15.55 0 0.386676 1312.05 45.14 26.90 24.40 0 0.385262 562.53 852.18 30.06 64.64 0 0.369986 424.85 882.87 26.78 64.14 0 0.363770 1439.76 17.48 23.66 13.72 0 0.359775 531.69 935.39 15.62 28.39 3 0.356491 1516.71 794.31 44.28 26.56 1 0.355361 366.69 965.73 16.57 28.41 3 0.349996 1813.02 944.63 52.17 60.91 0 0.348016 1420.11 43.18 21.36 16.41 0 0.334531 290.72 977.01 16.45 27.69 3 0.334501 1561.13 58.03 19.36 21.08 0 0.332271 214.69 251.72 25.16 40.70 0 0.324167 385.83 461.88 29.20 51.97 0 0.323343 438.30 953.61 19.79 25.40 3 0.321772 1612.31 124.35 23.24 24.24 0 0.317086 1377.52 122.13 18.08 32.49 0 0.316184 1195.29 109.11 21.49 21.89 1 0.315364 587.60 682.85 29.61 51.78 0 0.315361 1149.70 368.25 22.29 37.46 1 0.312104 1895.00 85.86 22.78 30.37 0 0.307205 1503.25 1001.60 32.45 54.72 0 0.306680 494.08 336.69 26.24 45.54 0 0.300776 795.23 259.66 21.93 16.23 0 0.300286 353.42 555.97 25.14 43.82 0 0.293389 1312.25 61.41 24.49 22.15 0 0.292308 1472.96 40.65 20.77 15.97 0 0.291409 307.58 614.65 29.63 42.53 0 0.288232 1322.37 19.62 29.69 16.18 0 0.288191 318.08 972.61 14.40 29.18 3 0.286580 1204.62 556.94 27.73 47.39 0 0.286085 391.18 961.19 18.42 29.92 3 0.280585 1655.37 196.22 34.55 24.23 0 0.274973 270.60 980.22 19.89 28.14 3 0.274935 1254.20 306.93 30.91 27.61 0 0.272689 1650.57 918.99 37.62 31.45 0 0.268721 1730.96 93.91 34.18 18.38 0 0.266909 1665.85 454.55 24.80 36.31 0 0.263933 1480.73 39.14 25.29 17.49 0 0.263258 369.26 601.92 26.35 53.41 0 0.262586 1192.80 518.67 25.41 36.18 0 0.255392 1266.83 246.05 24.92 23.35 0 0.254160 1641.93 790.80 41.43 33.04 1 0.253523 1824.68 0.00 29.08 10.53 0 0.251082 1874.46 123.39 29.74 27.11 0
74,0.848359 1084.36 869.65 74.33 35.11 1 0.712331 1392.41 204.38 25.03 34.18 0 0.710642 804.63 296.80 30.45 56.97 1 0.700135 457.52 810.54 32.36 55.61 0 0.692947 758.87 807.88 29.22 53.71 0 0.684612 721.50 496.34 23.51 43.97 0 0.681952 698.78 643.93 27.65 50.04 0 0.681214 509.29 543.03 27.78 44.07 0 0.675952 1480.97 635.50 32.81 46.13 0 0.674453 1077.57 302.80 41.97 20.94 0 0.669682 627.68 543.45 28.52 49.18 0 0.659960 969.46 298.52 50.43 23.01 0 0.653977 762.25 418.28 26.75 46.06 1 0.651956 308.69 686.60 36.49 57.25 0 0.633676 691.37 804.61 32.22 61.13 0 0.623292 667.96 642.46 26.81 49.37 0 0.620519 1420.15 353.09 27.84 39.92 1 0.612959 458.34 408.16 28.10 42.29 0 0.605578 314.65 814.33 36.92 59.38 0 0.603475 500.05 695.53 33.40 55.18 0 0.596794 351.34 815.52 36.18 61.29 0 0.595459 1138.78 308.47 41.90 21.83 0 0.586388 1775.79 199.85 25.93 27.75 0 0.584069 235.70 572.06 36.57 45.84 0 0.581677 741.01 537.61 31.39 62.34 1 0.580032 599.73 410.77 24.98 42.21 0 0.566365 679.21 410.51 24.75 46.64 0 0.565824 255.52 512.75 41.87 49.54 0 0.556828 520.95 488.94 27.12 42.37 0 0.556813 1799.86 131.76 31.20 24.13 0 0.552560 204.85 633.24 36.84 55.83 0 0.542901 624.50 414.20 26.63 42.11 0 0.542425 351.24 321.24 29.46 42.90 0 0.537792 1800.48 230.20 33.24 22.03 0 0.536703 513.91 639.78 32.44 46.39 0 0.536117 694.56 498.56 21.91 41.68 0 0.533591 604.84 297.49 25.06 38.93 0 0.533327 522.17 813.50 32.84 55.36 0 0.528349 1770.38 127.04 22.51 26.42 0 0.520298 578.99 496.95 24.98 41.65 0 0.519054 1442.06 443.62 28.06 42.23 0 0.515415 558.20 292.34 26.03 41.90 0 0.511101 1493.42 687.24 37.68 55.71 0 0.501702 1510.84 505.09 47.41 33.16 0 0.497320 558.76 875.99 15.11 27.98 3 0.497180 1723.65 192.11 20.04 29.88 0 0.495231 730.94 643.90 28.83 52.78 0 0.493172 605.28 368.91 23.28 37.47 0 0.492325 1789.95 1041.38 69.06 31.94 0 0.490168 654.95 804.64 30.97 61.90 0 0.489732 1846.05 557.67 27.04 40.03 0 0.489045 760.16 303.95 24.59 42.19 0 0.488792 1512.34 92.56 25.74 23.89 0 0.483698 180.69 693.11 34.14 44.92 0 0.480206 1655.67 604.98 32.64 44.99 0 0.476732 488.07 406.68 27.68 45.50 0 0.474441 638.67 638.86 25.93 49.24 0 0.474173 530.51 879.77 19.65 28.48 3 0.470555 480.30 287.96 29.49 46.96 1 0.469980 624.76 805.16 28.88 59.11 0 0.469106 306.26 418.05 30.97 41.49 0 0.459942 690.26 495.55 24.38 42.10 0 0.458330 1337.66 617.80 29.33 44.81 0 0.458017 411.25 190.58 23.89 33.91 0 0.457875 1326.06 557.99 25.51 38.77 0 0.457553 283.54 461.48 36.26 46.97 0 0.457382 538.13 696.26 31.29 56.59 0 0.449084 750.52 491.07 26.34 47.98 0 0.431462 1657.70 609.72 34.45 45.84 0 0.426418 578.39 875.01 14.14 27.16 3 0.426114 524.97 806.28 33.30 54.85 0 0.422776 603.02 875.98 16.56 27.63 3 0.416898 1429.85 401.33 26.59 39.97 0 0.416295 1708.30 123.41 21.54 24.74 0 0.414186 1576.55 174.62 22.52 32.04 0 0.412453 322.56 372.49 35.80 44.73 0 0.410437 1340.65 668.01 30.20 51.91 0 0.409805 1506.07 500.32 45.66 35.06 0 0.408521 411.52 181.66 23.71 36.65 0 0.404370 553.76 367.99 22.27 32.56 0 0.401410 1429.31 400.02 27.17 40.72 1 0.398834 664.02 494.00 24.62 42.89 0 0.398567 489.26 813.75 31.29 56.38 0 0.393092 760.79 281.08 30.38 22.37 0 0.387591 1175.75 309.32 35.36 19.22 0 0.386986 1616.12 178.37 19.97 29.89 0 0.380522 557.14 161.21 29.29 20.78 0 0.374092 1334.26 599.76 29.62 46.04 0 0.373063 1458.05 534.23 33.18 43.90 1 0.372922 1649.60 300.99 32.25 23.23 0 0.372503 1514.93 101.69 23.61 28.84 0 0.369913 1802.42 205.11 31.65 25.26 0 0.364814 598.90 697.51 30.54 52.08 0 0.361748 1867.69 280.58 40.24 32.58 0 0.360889 1730.92 109.82 26.71 23.42 0 0.358039 1081.47 861.94 76.58 37.46 1 0.356426 1626.62 68.56 28.38 19.44 0 0.353519 1764.77 1041.38 53.06 29.62 0 0.347350 994.48 872.42 60.48 31.74 0 0.347343 492.93 488.69 26.81 41.85 0 0.345175 809.08 246.75 24.91 21.83 0 0.343467 654.95 297.02 26.84 41.94 1 0.340799 483.61 879.63 18.36 27.37 3 0.339773 592.69 546.31 29.32 48.02 0 0.338629 705.10 414.42 25.44 44.01 0 0.332466 1531.43 67.65 29.34 17.02 0 0.332110 1729.19 123.53 24.17 25.23 0 0.330280 599.80 399.76 23.87 29.56 0 0.329548 1653.82 110.84 20.19 20.48 0 0.328463 345.18 685.94 33.04 55.61 0 0.325012 1390.06 208.27 24.36 34.53 0 0.321088 449.07 538.78 31.54 44.29 1 0.320688 1302.79 401.92 23.80 45.12 1 0.320126 1663.81 184.36 19.13 30.60 0 0.317024 1316.89 488.24 29.40 49.57 1 0.316189 962.19 252.08 20.96 17.83 0 0.315823 677.25 420.38 24.77 42.01 0 0.315429 411.44 881.78 16.23 25.43 3 0.314886 1689.99 909.62 69.72 35.82 0 0.314465 1471.31 584.80 30.16 46.96 0 0.313736 1641.55 183.74 18.82 29.69 0 0.308401 388.58 884.81 15.50 24.85 3 0.307313 1180.40 322.28 31.48 18.94 0 0.306987 917.96 253.84 21.16 18.57 0 0.305569 1501.63 496.99 46.11 33.93 0 0.296392 543.47 404.83 28.09 46.37 0 0.295665 710.90 545.44 27.95 54.21 1 0.295107 1438.61 88.91 30.16 31.91 0 0.290288 754.55 280.44 28.95 19.55 0 0.289197 1873.76 285.94 37.83 33.51 0 0.287110 1448.55 490.94 29.94 41.32 1 0.286714 1697.57 908.35 67.04 31.72 0 0.286562 1653.14 122.55 20.06 25.54 0 0.283051 532.46 696.55 31.65 55.88 0 0.280038 1325.41 571.96 27.22 39.54 0 0.279219 1771.36 910.29 58.03 36.26 1 0.278907 1430.37 249.54 25.60 34.78 0 0.277014 1615.86 68.51 26.32 18.84 0 0.270445 658.28 809.35 30.43 63.44 0 0.269052 1701.71 105.66 23.46 20.53 0 0.259885 1804.18 172.65 32.07 22.49 0 0.259621 632.93 494.42 25.49 42.84 0 0.252028 1401.02 274.95 25.10 33.99 0
75,0.671046 404.58 548.31 10.30 13.58 2 0.568110 493.09 539.59 12.09 20.92 2 0.537998 555.95 606.02 16.28 21.25 2 0.488870 325.11 340.67 12.33 17.73 2 0.420108 555.37 597.79 16.21 23.27 2 0.418103 957.23 699.47 13.28 13.68 2 0.403929 688.71 669.76 13.30 17.57 2 0.395060 520.15 541.42 14.51 20.68 2 0.388379 605.31 612.15 11.35 16.65 2 0.387614 505.84 457.86 13.11 16.51 2 0.375259 688.66 672.48 13.15 18.55 2 0.368513 605.30 643.42 13.16 16.32 2 0.321446 921.37 624.93 15.82 20.02 2 0.281258 533.92 574.52 13.99 17.46 2 0.277466 409.22 213.80 9.27 13.27 2 0.261654 1014.16 679.36 14.96 16.01 2 0.261026 888.62 152.83 35.17 32.40 1
76,0.861575 156.83 630.25 10.73 16.69 2 0.657498 81.49 275.49 43.79 34.31 0 0.627511 255.72 650.97 8.88 12.92 2 0.604373 43.25 288.78 46.09 32.30 0 0.593935 105.44 462.04 12.82 16.48 2 0.586736 374.42 70.69 42.62 22.30 0 0.575359 568.93 188.67 31.40 36.51 0 0.565628 1.31 100.45 27.85 24.74 0 0.547270 579.58 9.95 35.44 19.90 0 0.520225 172.57 546.29 11.86 16.67 2 0.509324 235.15 578.79 12.95 17.38 2 0.506939 114.28 169.03 43.36 25.30 0 0.480362 132.72 50.82 47.91 34.91 1 0.464405 307.19 582.91 10.48 13.09 2 0.417350 1204.96 521.77 26.14 25.57 0 0.383817 200.26 564.71 12.96 16.79 2 0.320138 172.38 664.12 8.50 14.96 2 0.312403 84.71 72.88 40.43 26.61 0 0.293850 288.52 21.65 27.59 23.45 0 0.289911 576.28 199.17 27.54 35.18 0 0.269563 224.16 542.68 10.92 17.23 2 0.264157 1245.41 476.32 22.21 20.28 0 0.256360 173.44 446.29 13.22 15.65 2 0.254066 1040.54 156.39 15.86 17.03 3 0.250090 113.24 165.71 46.24 24.32 0
77,0.642737 0.00 215.81 22.63 34.34 0 0.498523 241.25 530.34 9.97 10.37 2 0.488352 518.42 92.82 31.23 34.72 0 0.445564 1290.85 321.34 30.83 28.43 0 0.355364 528.79 109.36 29.49 33.87 0 0.349629 2.79 76.54 39.85 26.03 1 0.293135 208.23 682.46 11.34 11.01 2 0.291169 1318.13 347.10 25.75 29.76 0 0.279096 520.89 95.02 33.08 40.80 0 0.263064 183.45 602.75 12.15 14.09 2 0.252048 472.70 303.39 27.28 23.69 0
78,0.730575 1114.60 394.95 32.94 52.31 1 0.551440 835.58 245.19 35.11 24.56 0 0.536746 1119.24 344.79 26.17 39.27 0 0.532573 742.78 136.98 35.77 33.16 1 0.525291 572.94 676.17 59.91 32.35 0 0.525041 876.68 49.54 37.90 23.03 0 0.500126 1131.36 259.02 25.12 41.03 0 0.496651 1094.05 558.10 24.88 46.86 0 0.490351 840.20 214.62 42.34 25.68 0 0.479733 1121.42 302.63 25.60 36.03 0 0.467162 1137.04 204.86 24.33 32.92 0 0.466563 1263.27 416.96 68.05 41.47 1 0.466358 850.54 162.27 21.55 21.82 0 0.346479 868.64 136.03 23.15 25.02 0 0.333667 443.75 700.64 10.45 16.18 2 0.256441 1270.82 424.75 63.75 38.84 1
79,0.752687 257.04 560.19 12.09 16.98 2 0.738890 609.23 306.66 9.73 16.87 2 0.609909 1097.50 66.55 26.05 38.48 0 0.558679 558.03 296.98 13.76 16.47 2 0.552871 659.26 398.31 9.11 16.66 2 0.488401 706.42 375.89 11.03 18.21 2 0.452104 499.46 280.38 15.87 22.95 2 0.447419 676.58 340.57 10.38 17.51 2 0.431692 291.14 662.67 12.95 14.63 2 0.414328 827.70 383.18 10.29 13.01 2 0.412128 568.02 396.87 14.03 19.68 2 0.404405 1069.48 48.25 27.01 40.10 0 0.402314 640.33 547.42 15.73 17.28 2 0.391156 1001.82 0.00 26.05 36.33 0 0.390320 498.27 284.64 16.75 22.97 2 0.385629 928.91 61.53 40.76 25.51 1 0.361484 822.24 350.54 12.73 14.30 2 0.349381 655.03 577.39 14.66 15.88 2 0.338815 745.14 644.49 12.13 14.64 2 0.336378 843.07 342.77 10.12 13.48 2 0.329912 916.55 62.61 26.12 23.51 1 0.319931 608.62 299.64 9.29 19.06 2 0.298604 537.62 274.76 16.68 17.97 2 0.272877 1069.28 43.40 26.85 36.51 0 0.272595 888.82 339.26 14.70 16.61 2 0.270243 843.31 380.34 8.86 10.96 2 0.265552 431.20 651.04 18.85 27.53 2 0.260159 692.23 396.71 11.88 20.30 2
80,0.863573 240.93 292.64 10.13 13.66 2 0.795943 184.95 324.90 11.04 20.23 2 0.685965 292.77 264.50 10.17 12.00 2 0.522651 282.68 194.71 12.67 12.76 2 0.482266 250.96 321.44 11.13 16.78 2 0.456854 305.15 663.78 14.09 16.55 3 0.435152 271.95 162.50 12.64 12.57 2 0.422770 341.89 128.45 13.36 13.44 2 0.398812 307.27 179.80 9.96 13.15 2 0.379572 273.81 140.62 12.20 15.18 2 0.366759 188.01 416.04 10.00 12.66 2 0.338913 266.41 111.11 14.12 19.14 2 0.330595 309.03 212.71 10.85 10.27 2 0.306210 251.36 317.89 10.91 17.03 2 0.303786 197.92 271.91 14.41 17.91 2 0.298044 284.24 423.84 11.51 17.06 2 0.273619 334.50 56.07 12.91 15.68 2 0.270713 349.16 148.97 14.28 10.72 2 0.266991 300.46 122.89 14.43 17.33 2 0.266936 455.60 425.06 11.82 18.29 2 0.253115 206.28 582.87 11.67 13.62 2 0.252263 788.55 666.29 14.68 12.31 2
81,0.411620 506.90 487.58 16.60 29.85 2 0.317194 249.70 371.99 21.77 27.06 3 0.274899 626.54 410.50 16.34 21.93 2 0.259645 1108.21 103.32 23.85 21.05 0 0.253785 760.81 197.31 13.66 16.82 3
82,0.666529 1101.45 67.15 26.41 39.35 0 0.631688 622.01 268.07 11.79 19.77 2 0.566806 919.46 64.43 51.42 29.48 1 0.553398 1074.95 48.27 26.21 37.92 0 0.541858 559.23 295.04 13.62 18.71 2 0.526371 559.82 409.34 11.18 14.94 2 0.458029 570.77 397.25 13.24 19.36 2 0.449436 892.12 342.27 13.48 13.80 2 0.420724 1003.09 7.61 26.61 32.24 0 0.415332 620.98 265.33 12.60 18.69 2 0.412371 604.26 289.77 11.08 18.38 2 0.391533 642.94 547.18 15.18 16.28 2 0.376219 481.95 268.44 15.41 25.33 2 0.333003 258.36 556.27 12.68 17.62 2 0.322976 875.12 208.43 11.66 16.03 2 0.316104 886.70 309.56 15.49 14.09 2 0.304429 923.82 63.85 48.64 24.04 1 0.295545 1203.60 528.57 35.35 32.81 0 0.285032 761.83 660.14 13.28 14.89 2 0.283341 744.84 679.50 12.80 15.59 2 0.268918 556.34 572.81 11.49 17.63 2 0.264080 536.53 598.60 16.10 14.56 2 0.260934 856.60 229.29 14.17 20.06 2 0.258131 1027.62 16.94 16.82 22.84 0
83,0.502770 1.24 14.26 27.44 31.45 0 0.409463 491.39 276.81 10.78 17.76 2 0.307688 309.73 30.34 23.02 13.58 0 0.306768 930.27 605.19 11.55 20.28 2 0.283886 425.40 282.33 11.62 19.41 2 0.278163 656.67 588.47 15.17 29.30 0 0.254822 633.13 640.77 16.52 27.45 1 0.253533 973.11 613.95 12.24 20.41 3
84,0.671458 489.40 391.74 9.86 14.45 2 0.656164 321.46 286.06 15.13 21.16 2 0.611202 491.58 274.18 9.65 14.43 2 0.589808 539.46 316.06 10.83 15.84 2 0.558357 408.31 221.42 10.96 18.26 2 0.536495 384.33 400.62 12.80 16.61 2 0.491734 676.55 172.96 11.71 15.59 2 0.460658 693.70 193.98 14.03 18.52 2 0.441997 1247.86 166.44 27.15 36.84 0 0.437992 320.32 281.72 14.51 21.68 2 0.425625 654.14 212.21 12.08 12.68 2 0.409561 656.85 245.58 11.72 12.97 2 0.391514 692.72 529.50 9.38 14.84 2 0.385830 745.30 581.08 13.40 18.27 2 0.362927 1199.95 394.58 38.84 42.80 0 0.357302 659.80 193.39 10.40 13.58 2 0.321422 535.80 448.99 12.59 17.00 2 0.301530 1226.17 200.27 30.83 25.40 0 0.298179 1242.32 248.19 32.25 32.74 0 0.298092 1233.79 183.48 31.55 37.96 0 0.275404 424.44 343.80 9.29 15.73 2 0.259884 251.24 550.60 14.04 17.81 2 0.259570 1203.74 396.23 43.32 38.94 0 0.259378 589.93 158.13 8.79 14.93 2
85,0.463123 1194.10 577.61 30.64 23.02 1 0.434025 1096.37 78.13 16.45 14.05 0 0.410291 405.68 367.92 14.41 21.97 2 0.384676 756.15 191.00 11.18 14.01 3 0.373713 1024.80 347.66 15.74 31.39 1 0.347362 357.70 312.16 47.75 31.17 1 0.336192 267.54 376.87 31.24 26.00 0 0.332292 682.72 440.09 26.24 27.26 1 0.325426 1071.99 628.17 18.25 17.44 3 0.315092 1176.58 37.72 16.17 16.81 0 0.308491 1073.80 23.19 12.53 15.72 0 0.297207 667.84 476.29 35.60 21.69 0 0.294749 404.51 363.85 15.64 23.34 2 0.280250 1090.75 125.15 19.29 14.07 0 0.280049 620.60 446.70 13.24 17.57 3 0.276683 1145.00 40.66 13.71 13.63 0 0.275737 573.84 446.67 12.40 16.22 2 0.266986 1158.89 10.57 14.09 14.79 0 0.255383 1188.87 31.29 20.24 19.42 0 0.252634 1052.38 38.08 16.97 16.36 0
86,0.643802 339.69 122.25 19.70 44.57 3 0.571798 572.82 393.78 14.81 26.52 2 0.520556 440.12 141.59 46.34 26.03 0 0.484414 928.66 357.55 15.11 18.82 2 0.432087 288.47 118.81 23.26 48.75 3 0.427167 521.48 205.83 14.03 20.33 2 0.337819 311.65 121.95 19.59 45.04 3 0.304777 514.67 412.38 17.26 18.39 2 0.276274 458.79 369.40 15.86 32.75 2 0.262032 608.86 404.49 13.56 21.97 2
87,0.759353 1558.33 665.41 44.52 73.59 1 0.671529 281.02 334.05 31.59 56.91 0 0.666473 1362.34 581.16 61.89 30.01 0 0.662250 607.82 604.31 52.19 26.76 0 0.645717 1288.59 583.26 52.92 26.15 0 0.644122 572.70 464.85 50.99 24.74 0 0.644041 666.94 603.61 56.92 27.02 0 0.643628 1627.35 844.55 35.48 62.34 0 0.637713 633.24 464.18 54.88 27.04 0 0.625006 1002.94 839.70 61.30 29.52 0 0.618910 696.07 458.93 52.79 28.10 0 0.593427 1413.99 851.09 52.44 30.98 0 0.574014 739.81 602.51 52.88 27.22 0 0.559025 1650.11 993.04 30.14 64.51 0 0.552405 419.19 8.02 48.89 28.73 0 0.550361 1416.08 943.29 56.81 36.25 0 0.533659 1309.57 1035.19 56.01 44.07 0 0.526477 528.26 607.80 75.16 32.48 0 0.518479 1699.60 835.92 33.91 67.80 1 0.512927 939.18 594.54 56.01 28.79 0 0.511112 284.79 732.99 30.75 54.73 0 0.508754 1640.39 912.92 34.66 64.24 1 0.503498 649.23 800.70 63.50 34.37 0 0.477973 778.34 456.67 61.04 28.71 0 0.476851 191.20 806.65 34.77 66.99 1 0.475470 1406.49 878.37 57.05 33.22 0 0.471101 1416.85 986.04 58.97 37.23 0 0.461653 276.40 251.05 27.67 52.95 0 0.454365 660.58 951.02 36.15 50.62 0 0.449017 1463.43 721.31 31.67 49.75 0 0.440273 1417.77 911.70 57.21 35.36 0 0.438329 774.53 732.21 12.50 21.49 2 0.437034 136.08 802.44 39.36 50.15 0 0.427450 1064.49 219.46 24.47 45.68 0 0.421922 861.70 596.79 63.33 29.83 0 0.413545 1404.09 819.85 55.13 27.47 0 0.405515 1586.19 1007.08 49.26 32.35 0 0.402100 1616.29 779.70 35.82 63.00 0 0.396569 1541.05 460.88 16.31 22.01 3 0.392248 666.24 950.10 34.31 46.92 0 0.388413 426.70 628.97 44.46 30.86 0 0.382946 228.69 239.97 29.65 51.68 0 0.382088 1413.81 900.25 51.58 33.57 0 0.375289 1053.33 117.60 29.12 51.23 1 0.373662 1414.82 885.33 52.00 32.30 0 0.356861 380.16 174.34 29.51 52.63 0 0.348479 1399.15 878.39 54.95 29.82 0 0.347390 922.94 450.27 51.95 24.21 0 0.329024 1058.87 334.67 21.51 33.28 0 0.325177 1732.68 555.26 53.40 25.49 0 0.322556 1058.42 330.80 21.53 30.78 0 0.319771 182.53 688.09 44.12 26.65 0 0.317143 371.51 239.71 33.69 61.22 1 0.310152 1653.61 1001.31 32.57 65.80 0 0.305271 1135.93 265.05 20.37 35.67 0 0.301466 309.49 992.95 27.29 61.18 0 0.296273 1177.94 873.85 31.00 59.42 1 0.289448 1726.55 970.06 38.64 61.67 0 0.289246 1560.15 790.57 46.08 33.25 0 0.280737 1071.91 286.73 23.50 44.49 0 0.274068 914.90 450.68 54.53 24.25 1 0.273859 1592.98 1003.39 47.62 32.26 0 0.273483 163.52 702.82 46.69 32.98 0 0.257875 1487.19 437.48 19.26 21.60 3 0.250705 191.60 796.92 32.00 64.23 0
88,0.727321 26.22 0.00 52.59 33.55 1 0.585303 0.28 246.34 23.96 32.28 0 0.521554 60.83 80.43 52.57 28.16 0 0.459736 1290.00 377.60 30.96 27.94 0 0.427752 183.87 643.19 11.00 15.08 2 0.398253 519.29 118.96 31.75 36.53 0 0.367541 1318.91 405.79 25.09 33.79 0 0.364991 87.38 530.92 12.92 13.17 2 0.332978 529.26 129.34 29.83 39.85 0 0.327116 242.05 565.03 10.86 10.78 2 0.326857 325.17 0.00 45.74 19.04 0 0.302807 0.05 19.84 19.96 31.00 0 0.264809 82.98 630.65 15.16 13.53 2
89,0.527397 895.24 612.17 10.13 14.42 2 0.441193 892.28 5.14 15.28 22.79 3 0.397186 890.98 222.62 20.08 19.11 2 0.313089 151.19 37.88 20.17 21.11 0 0.306509 119.16 307.69 34.63 21.40 0 0.253568 120.79 257.52 35.70 22.26 3 0.251996 146.69 61.25 19.87 23.23 0
90,0.526052 803.18 22.79 15.56 20.46 3 0.434581 909.32 646.33 13.55 21.30 2 0.408537 1014.27 659.06 13.75 19.72 2 0.379730 1188.43 0.00 29.88 9.54 0 0.371985 1044.13 543.51 16.50 14.06 3 0.360727 978.63 660.50 18.22 16.02 2 0.354825 248.97 625.56 24.17 22.85 1 0.337036 1039.65 484.39 19.08 12.90 3 0.318463 347.88 664.18 15.22 15.85 2 0.311334 660.71 112.78 14.27 23.88 1 0.275796 373.12 276.39 14.24 14.32 3 0.273789 1081.72 37.78 22.81 17.40 3
91,0.664981 599.62 270.24 30.26 38.18 0 0.652340 97.64 264.43 42.90 34.25 0 0.650390 25.28 644.62 41.88 40.86 0 0.633937 667.91 557.99 44.26 35.78 0 0.632700 467.00 609.07 48.93 43.80 0 0.626846 136.59 54.83 38.59 28.37 0 0.621262 428.82 434.26 47.35 35.47 0 0.620026 616.96 533.80 44.32 36.12 0 0.612985 568.40 508.46 47.15 34.74 0 0.604772 392.60 572.30 53.38 42.63 0 0.595909 378.68 412.29 47.94 34.50 0 0.591251 34.39 633.43 46.60 41.77 0 0.578024 293.38 516.72 49.49 42.59 0 0.576850 475.67 4.91 40.42 31.23 0 0.570410 612.85 975.07 51.05 61.06 1 0.567905 411.68 125.40 36.72 41.49 0 0.557985 60.07 232.27 39.91 29.75 0 0.546959 137.62 557.11 32.98 31.44 0 0.537290 981.54 651.72 50.50 30.72 0 0.527462 106.77 82.19 39.39 32.44 0 0.524035 76.97 592.35 41.89 42.48 0 0.523901 616.00 970.84 57.24 57.98 1 0.519088 276.42 82.51 38.91 34.44 0 0.518341 989.35 392.60 30.71 32.17 0 0.508377 235.48 334.55 42.98 34.52 1 0.505654 81.71 586.49 43.99 42.26 0 0.505546 128.54 99.41 35.32 27.51 0 0.503270 477.82 458.67 44.25 35.78 0 0.493826 762.39 657.69 55.74 42.98 0 0.493656 259.58 108.95 37.04 31.64 0 0.488740 669.10 386.34 52.37 34.93 0 0.478508 522.08 482.23 43.33 34.58 0 0.478068 313.15 52.34 34.92 31.21 0 0.464429 738.55 240.74 33.59 33.15 0 0.461915 149.39 289.59 45.38 33.45 0 0.456129 95.84 33.64 41.51 27.94 0 0.446000 566.59 665.15 51.31 40.44 0 0.444202 507.67 628.35 57.28 49.57 0 0.443887 359.91 547.61 37.02 38.60 0 0.442333 114.62 559.56 36.06 31.54 0 0.441303 296.63 75.62 31.99 32.06 0 0.440967 58.91 134.15 53.27 42.74 0 0.431133 777.22 630.52 46.34 35.08 0 0.425261 1173.97 735.69 24.79 30.84 0 0.423566 224.82 87.99 37.72 32.10 0 0.413384 1085.62 518.39 45.83 38.20 0 0.413344 252.73 117.97 34.76 30.80 0 0.409995 947.95 773.12 41.45 26.56 0 0.409855 156.34 0.00 33.60 14.46 0 0.407886 764.09 586.30 32.38 28.46 3 0.397903 233.12 5.98 39.52 27.15 0 0.392593 332.63 36.88 35.38 33.87 0 0.392544 28.53 641.29 45.53 41.29 0 0.389807 773.39 659.59 56.39 46.13 0 0.389582 1013.68 560.22 26.06 36.50 0 0.385072 219.56 93.27 36.91 31.87 0 0.378317 957.31 569.35 29.67 40.11 0 0.377713 713.20 154.30 29.32 25.87 0 0.376151 957.53 559.61 31.10 41.96 0 0.371044 1065.43 252.89 35.61 32.86 0 0.365924 167.23 20.42 40.67 26.46 0 0.361214 87.61 43.18 43.10 33.56 0 0.360978 1078.75 222.66 36.79 32.72 0 0.357559 908.76 540.66 27.82 28.91 0 0.356834 1024.38 780.64 71.03 46.22 0 0.351157 1106.07 174.75 33.79 37.07 0 0.340311 492.54 614.87 60.72 49.14 0 0.337904 1021.06 532.50 31.49 37.45 0 0.336112 992.94 387.27 32.01 32.58 0 0.332270 232.69 122.75 35.40 29.46 0 0.328765 519.42 630.32 53.45 51.99 0 0.322451 1144.21 305.96 26.26 31.36 0 0.317243 19.08 577.70 35.48 28.87 0 0.317133 1099.53 488.61 46.15 38.31 0 0.312826 350.43 23.20 34.88 31.20 0 0.310656 1146.84 729.41 21.05 26.09 0 0.301812 297.64 370.14 34.32 33.62 1 0.301378 1228.61 823.79 23.88 30.76 0 0.297639 172.32 28.41 42.04 29.56 0 0.295207 112.23 158.42 32.72 29.67 0 0.281673 580.23 1060.06 38.10 19.94 3 0.273376 1126.90 454.43 47.90 36.16 0 0.271883 697.61 670.92 41.57 34.65 0 0.271340 123.72 95.14 36.88 29.90 0 0.271055 396.81 0.00 31.61 19.10 0 0.269908 353.06 354.67 34.94 27.76 0 0.268691 932.86 493.25 32.03 29.04 1 0.268226 1053.98 562.53 27.26 38.14 0 0.266410 994.76 376.15 33.69 27.27 0 0.266187 572.36 670.62 50.17 35.91 0 0.265579 911.63 523.43 30.06 29.79 1 0.263452 1033.98 729.82 29.20 30.19 3 0.260810 781.46 667.09 52.22 40.06 0 0.255928 1201.52 816.05 29.05 31.44 0 0.252609 1077.69 3.71 46.76 33.70 0 0.252306 1061.67 254.86 35.14 33.93 0
92,0.533918 404.16 263.47 15.83 20.78 2 0.490899 1221.88 426.44 19.95 18.18 3 0.471022 1034.46 345.70 28.23 17.82 1 0.461726 1093.51 73.95 15.62 13.52 3 0.457824 1009.55 154.65 18.43 26.43 1 0.453543 1321.77 328.60 20.88 16.60 0 0.443114 560.37 73.75 13.01 17.36 2 0.440330 1150.09 326.70 27.15 16.73 1 0.386102 99.37 540.91 20.68 15.88 3 0.384237 1241.05 646.44 17.67 18.16 3 0.373982 100.23 513.09 24.45 18.84 3 0.366883 99.35 562.31 19.55 16.38 3 0.356068 400.90 131.59 14.15 15.59 2 0.333164 556.92 285.90 14.53 22.00 2 0.331306 1229.62 645.04 17.00 14.68 3 0.325237 526.17 278.91 14.01 22.30 2 0.314597 1090.92 14.31 12.79 13.15 3 0.299284 1234.64 298.30 20.70 13.33 0 0.289485 1240.46 628.95 18.55 17.19 3 0.283395 1307.29 445.24 21.53 12.64 3 0.282721 1260.32 654.31 27.55 27.25 3 0.280110 99.69 439.85 25.16 18.42 3 0.279126 100.53 535.17 20.90 16.89 3 0.276151 362.22 11.00 32.87 23.79 1 0.257727 99.30 490.29 24.97 19.43 3 0.257401 1052.03 362.94 23.19 18.04 1 0.252093 1059.45 383.84 22.94 17.80 1
93,0.782109 1083.07 727.59 83.00 37.52 1 0.755146 817.57 193.82 31.07 55.26 1 0.745078 474.50 294.84 27.30 40.95 0 0.724617 774.90 667.92 28.38 52.56 0 0.721893 1482.68 524.91 34.02 42.81 0 0.704870 1142.08 206.88 45.30 22.66 0 0.685813 552.62 563.13 30.62 51.36 0 0.673159 743.72 513.60 29.16 53.00 0 0.666193 332.94 554.03 32.54 53.06 0 0.664104 505.58 293.32 28.14 43.07 0 0.647688 509.20 672.91 28.76 53.78 0 0.643770 1438.85 299.10 25.91 36.61 0 0.640887 692.36 298.53 25.79 44.19 0 0.635102 1781.94 38.97 19.09 27.86 0 0.632020 339.00 670.58 34.51 58.18 0 0.628477 1561.03 9.23 26.57 20.32 0 0.626785 978.22 196.30 47.50 23.41 0 0.622460 573.69 185.72 28.76 41.13 0 0.621388 1465.98 427.48 27.52 40.82 0 0.618227 671.36 668.48 30.49 54.34 0 0.615913 722.17 301.79 25.06 42.65 0 0.613757 620.93 188.60 26.82 40.00 0 0.608752 519.89 563.21 29.15 52.21 0 0.603176 713.93 514.89 26.01 50.49 0 0.598336 671.76 189.57 27.36 43.97 0 0.595682 701.27 422.27 24.74 44.39 0 0.586598 677.85 380.02 22.82 40.36 0 0.583513 640.03 421.70 28.26 48.35 0 0.582449 1783.01 111.17 23.59 27.34 0 0.580118 556.85 733.83 19.18 25.86 3 0.578468 773.99 306.81 25.15 44.61 0 0.576873 640.63 667.10 27.85 50.30 0 0.575817 652.24 513.52 26.84 42.68 0 0.569364 1586.60 87.03 19.69 30.99 0 0.567752 725.97 425.58 26.18 48.09 0 0.566900 253.62 444.52 38.90 47.13 0 0.564735 438.66 733.49 15.15 26.03 3 0.558862 510.30 371.75 25.21 38.55 0 0.557301 1697.76 776.51 61.28 28.46 0 0.557078 1091.12 202.64 42.57 19.30 0 0.554916 1655.12 494.35 35.48 40.17 0 0.551397 374.99 671.74 33.57 58.85 0 0.548079 703.34 378.24 24.38 42.81 0 0.544418 529.77 511.48 31.59 42.86 0 0.534748 324.03 308.23 35.05 37.79 0 0.533744 346.51 260.30 30.98 41.49 0 0.533536 1731.69 105.78 19.68 26.00 0 0.528998 769.55 198.92 27.97 42.09 0 0.528763 1638.63 210.56 43.23 18.14 0 0.526817 539.46 371.33 28.18 42.73 0 0.524152 705.85 669.06 32.10 59.91 0 0.523520 543.95 671.49 29.01 52.75 0 0.520681 1520.14 6.54 27.55 24.19 0 0.519576 1393.27 80.25 24.18 30.46 0 0.512501 736.28 381.96 23.52 40.07 0 0.512433 680.14 514.18 27.85 46.41 0 0.505079 477.07 673.00 27.78 51.63 0 0.500567 1661.55 36.98 20.23 20.81 0 0.499492 1712.20 39.71 20.58 20.04 0 0.498991 1754.34 39.37 19.66 25.17 0 0.497141 201.77 557.00 37.59 45.01 0 0.497100 1702.62 101.27 18.35 28.97 0 0.496625 650.78 376.29 24.26 39.30 0 0.496522 276.76 390.12 42.20 47.54 0 0.495994 1732.79 38.98 18.25 21.61 0 0.495437 1651.77 17.42 25.67 16.08 0 0.494816 754.93 425.08 30.30 57.76 1 0.493266 1632.68 912.28 60.19 54.69 0 0.492263 995.78 732.92 63.72 30.07 0 0.486431 306.60 346.21 35.43 40.41 0 0.478201 497.38 179.96 28.90 43.75 1 0.473833 484.00 735.53 18.75 32.05 3 0.473158 641.27 300.57 25.38 42.97 0 0.468097 1416.13 206.97 25.03 30.60 1 0.466350 1678.86 96.91 17.39 29.93 0 0.460259 1488.47 6.69 22.97 26.16 0 0.450756 1324.34 380.06 24.84 45.76 0 0.450606 1602.93 10.82 28.02 18.11 0 0.450381 1480.06 320.67 24.98 34.47 0 0.450079 600.20 728.47 15.76 26.66 3 0.448393 527.66 419.20 28.74 45.45 0 0.446915 1639.01 915.65 59.82 58.79 0 0.444156 623.66 513.15 24.92 42.20 0 0.438743 576.95 729.24 15.44 26.07 3 0.435834 1494.58 570.16 34.67 48.14 0 0.433048 614.13 564.02 31.33 51.26 0 0.428178 367.91 211.48 30.98 42.05 0 0.425143 1343.37 541.20 29.50 53.55 0 0.419060 594.71 379.38 23.37 40.25 0 0.417436 1495.03 572.19 33.72 48.12 1 0.405272 363.66 556.90 30.51 52.67 0 0.393456 1446.61 341.30 29.49 37.86 0 0.392489 621.82 259.02 25.09 34.56 0 0.391036 1371.04 642.56 32.21 32.24 0 0.388525 1430.78 121.84 23.97 28.74 0 0.387548 1685.89 777.56 69.76 31.17 0 0.384399 1725.63 140.44 23.85 25.28 0 0.383369 470.64 416.59 29.27 43.61 0 0.383225 559.67 292.18 26.19 46.26 0 0.380375 761.66 419.89 28.48 54.71 1 0.374288 613.61 427.07 27.55 46.15 0 0.374237 1635.49 212.37 38.83 18.78 0 0.373484 683.55 515.48 27.93 49.60 0 0.369501 407.36 732.97 18.00 25.98 3 0.358577 1475.57 479.28 29.90 43.28 1 0.358100 1816.42 112.98 23.70 28.73 0 0.352313 628.94 729.72 17.55 26.91 3 0.351602 1626.37 90.98 21.36 30.69 0 0.348768 1650.96 92.45 20.70 30.72 0 0.348161 1338.50 485.56 28.99 49.93 0 0.344934 1762.63 777.34 64.62 35.18 1 0.342072 622.78 422.30 25.83 45.99 0 0.334264 1840.32 116.31 23.62 26.12 0 0.333290 1603.10 89.34 20.55 30.85 0 0.330499 1413.36 180.91 26.16 31.73 0 0.325126 819.29 140.04 24.28 24.10 0 0.324517 1145.32 210.60 48.48 20.42 0 0.318617 1821.56 41.80 18.95 26.43 0 0.317586 509.69 732.70 17.56 31.55 3 0.316440 1701.62 18.74 23.67 15.01 0 0.314426 1417.30 215.97 24.68 32.61 1 0.311741 1322.46 376.20 25.56 46.99 1 0.307905 428.73 84.17 23.80 35.37 0 0.306204 1774.95 896.78 66.86 34.52 0 0.305593 766.04 378.01 24.38 43.26 0 0.301701 1895.98 960.91 23.66 60.24 0 0.301191 1318.99 340.35 23.71 37.27 0 0.300990 614.82 297.08 24.30 44.47 0 0.300801 459.05 735.10 15.13 25.75 3 0.298632 1453.32 383.47 31.90 40.65 1 0.297797 270.31 392.44 42.75 49.26 0 0.297295 596.83 375.84 24.07 39.78 0 0.292421 227.32 501.70 37.49 49.02 0 0.290032 1428.61 252.56 27.52 30.86 1 0.282895 1860.79 444.51 32.91 21.24 0 0.279914 1073.62 782.10 31.67 17.17 3 0.279336 751.55 428.76 28.99 50.84 1 0.274982 1799.20 40.67 18.74 28.24 0 0.274287 818.95 142.98 24.73 26.81 0 0.263396 1639.24 14.26 22.86 17.08 0 0.259917 1433.54 269.98 27.63 28.07 1 0.257779 427.19 93.29 24.89 32.63 0 0.251287 343.75 667.59 34.24 52.70 0 0.250316 1313.21 293.91 21.74 34.57 0
94,0.627325 1262.09 668.82 47.07 49.42 0 0.601809 764.15 593.75 58.51 29.90 0 0.601744 863.57 326.04 31.98 20.01 0 0.569452 1202.40 557.70 40.44 41.79 0 0.565245 1238.43 375.51 52.33 28.70 1 0.529215 1159.20 470.30 33.70 30.97 0 0.514005 853.12 290.01 27.23 15.69 0 0.512320 1065.86 289.99 27.60 22.62 0 0.420259 966.38 288.80 21.40 25.09 0 0.402851 838.15 231.60 31.98 19.27 0 0.401949 1085.12 321.18 27.77 27.46 0 0.400657 838.58 236.13 29.67 18.63 0 0.385514 784.37 193.66 20.33 12.83 0 0.372090 874.50 95.23 14.67 14.59 0 0.369915 723.94 239.88 23.36 16.87 0 0.361369 1057.61 192.79 18.92 16.19 0 0.347290 888.32 142.29 17.71 15.08 0 0.344086 1103.69 357.98 28.00 25.13 0 0.342593 855.09 210.93 25.76 16.17 0 0.330524 803.80 190.59 22.90 13.92 0 0.324279 1286.29 458.43 37.71 37.04 1 0.319519 861.71 312.79 29.96 16.59 0 0.315191 1090.84 333.37 26.50 24.89 0 0.311629 775.36 193.98 18.05 13.02 0 0.305746 1238.49 391.63 41.98 22.25 0 0.300494 802.61 45.39 19.36 11.27 0 0.294972 1021.77 191.08 20.51 16.40 0 0.293747 673.53 229.48 22.41 14.17 0 0.278211 1064.36 628.48 39.55 60.65 0 0.274453 1040.82 189.33 20.17 17.16 0 0.272937 1116.21 376.69 35.10 34.49 1 0.270317 756.95 244.40 20.26 19.40 0 0.268465 852.94 280.13 25.50 14.56 0 0.262381 1236.86 367.38 52.69 33.28 1
95,0.698255 1153.35 677.08 47.15 42.25 0 0.630750 1095.48 567.84 38.82 40.25 0 0.609071 1047.76 479.82 34.55 34.09 0 0.595196 660.33 311.92 33.52 20.93 1 0.592287 733.40 257.65 29.09 16.53 0 0.587385 677.72 640.87 59.73 31.11 0 0.535512 1235.99 224.25 21.87 14.48 0 0.499028 762.98 354.78 30.40 20.31 0 0.497819 955.34 303.64 25.48 22.63 0 0.443540 719.85 210.45 20.90 14.18 0 0.441225 734.25 208.27 21.03 14.78 0 0.440873 925.37 195.90 16.49 16.18 0 0.425067 971.66 329.11 23.62 22.93 0 0.417349 1126.43 379.78 41.57 26.19 1 0.403651 982.74 349.66 24.02 24.87 0 0.391706 761.02 348.99 30.83 20.53 0 0.390228 976.21 663.19 35.33 54.61 0 0.379097 1119.78 375.86 46.21 28.18 1 0.376268 993.77 371.43 24.63 24.57 0 0.374928 749.16 313.38 22.90 16.60 0 0.347588 980.93 347.64 22.49 23.04 0 0.339387 760.79 110.68 13.11 13.86 0 0.315630 1074.52 224.21 22.42 15.28 0 0.307959 1268.67 250.48 27.87 16.77 0 0.304796 1166.75 459.70 35.60 36.08 1 0.292117 757.79 340.66 29.92 18.84 0 0.287721 704.12 210.12 20.02 14.61 0 0.287568 977.95 343.05 23.29 26.63 0 0.275251 568.06 260.24 20.19 15.15 0 0.268703 936.19 226.20 18.04 17.68 0 0.256461 907.34 199.19 17.20 16.71 0
96,0.671867 1080.23 631.28 56.36 29.93 0 0.670420 630.23 851.94 63.18 30.54 0 0.627095 1109.11 523.16 27.07 51.69 0 0.591695 1796.72 21.76 37.99 37.58 0 0.589080 237.89 823.96 36.87 69.04 0 0.575470 1052.02 530.92 27.67 54.95 0 0.572729 1752.00 193.82 34.16 43.61 0 0.569273 441.72 343.08 50.17 23.33 0 0.568063 938.83 402.09 26.15 43.34 0 0.560937 373.60 812.84 32.68 58.17 0 0.555978 1078.35 527.56 27.09 52.44 0 0.551170 846.03 467.11 22.95 36.17 0 0.545208 907.87 405.00 22.38 40.80 0 0.522441 1729.58 42.21 30.38 35.24 0 0.513141 292.75 809.75 35.82 66.85 0 0.497047 412.53 809.43 33.39 62.79 0 0.492962 843.54 319.13 25.50 21.66 3 0.492405 860.21 370.66 48.92 18.89 0 0.459191 59.46 570.89 30.92 52.38 0 0.453925 1128.65 655.54 53.53 30.39 0 0.453875 1763.83 30.35 32.19 40.85 0 0.450254 1756.81 35.48 28.66 37.94 0 0.440496 139.67 364.93 40.19 24.40 0 0.431060 860.67 519.80 34.97 53.32 0 0.415630 808.24 407.46 25.71 41.62 0 0.412886 135.48 345.02 39.92 26.29 0 0.393310 455.75 314.70 61.28 31.66 1 0.379819 1378.65 548.17 51.10 25.88 0 0.346844 464.15 307.32 53.37 29.47 1 0.339297 673.11 398.29 58.57 24.44 0 0.337277 771.27 423.21 28.74 24.97 0 0.335507 1830.45 335.09 37.00 47.29 0 0.314988 748.15 402.04 43.36 25.18 0 0.312499 1245.60 0.00 23.95 33.34 0 0.310427 1385.19 551.84 58.52 27.30 0 0.301389 897.54 540.28 26.58 47.80 0 0.275972 1745.42 306.91 42.51 38.86 0 0.267625 1369.46 241.81 26.52 30.57 0
97,0.818275 1012.73 448.29 36.70 59.30 1 0.718893 955.54 684.12 29.58 54.14 0 0.681706 957.28 755.10 32.05 62.26 0 0.668959 503.26 829.14 38.64 74.02 1 0.657944 997.58 828.62 35.62 62.16 0 0.621638 252.97 934.19 62.74 32.87 0 0.620701 567.73 835.02 37.50 70.58 1 0.618864 836.51 762.97 29.51 18.90 3 0.557827 899.13 718.67 30.71 63.64 0 0.494585 557.63 724.45 45.61 37.64 0 0.466402 995.87 611.40 28.17 51.88 0 0.465814 834.49 812.90 24.01 13.25 3 0.457102 807.25 884.63 53.14 59.95 0 0.447148 954.60 763.65 32.08 59.49 0 0.419390 1005.60 89.81 22.80 30.49 0 0.419158 655.99 924.96 72.30 35.46 0 0.419130 834.93 731.31 28.79 18.85 3 0.388572 608.82 839.43 38.80 62.95 0 0.383632 835.45 782.39 28.34 15.04 3 0.356256 885.28 65.46 21.38 15.74 3 0.349653 559.00 831.66 41.41 75.04 1 0.344589 503.36 829.41 36.71 71.11 0 0.340832 1025.26 398.65 29.16 50.59 0 0.332106 833.25 856.40 24.54 19.29 3 0.309763 1055.45 946.52 23.00 22.21 3 0.302742 689.45 1064.32 45.45 15.68 0 0.297530 922.10 414.13 17.83 25.61 3 0.289076 895.00 186.51 16.95 14.22 3 0.286310 1002.58 58.05 23.74 25.63 0 0.283874 1332.10 898.81 68.12 38.09 0 0.263480 894.31 205.98 16.91 14.70 3 0.257942 833.55 834.28 24.44 17.71 3 0.254855 999.50 26.48 28.20 28.91 0 0.252535 601.78 838.53 37.02 64.15 0
98,0.735925 329.77 552.76 103.65 123.55 1 0.731393 865.91 927.54 29.51 47.78 3 0.714920 1607.37 539.70 87.16 77.73 1 0.681066 61.87 684.06 113.41 97.59 1 0.674226 907.16 677.52 41.40 31.51 3 0.671900 645.28 716.85 47.05 33.32 3 0.665390 82.26 340.93 53.37 38.51 0 0.663264 811.10 927.76 28.94 59.24 3 0.657242 401.23 746.93 48.33 41.85 3 0.654310 1731.76 672.36 97.61 75.76 0 0.651999 963.95 319.30 65.74 28.07 0 0.649883 8.47 516.21 78.96 58.50 0 0.649165 128.33 510.86 52.80 59.49 0 0.638250 1416.81 653.99 79.10 85.76 0 0.623700 185.07 931.55 37.96 51.65 3 0.620985 173.08 500.38 77.08 69.41 1 0.619293 794.56 321.66 69.32 28.48 0 0.606149 300.82 942.45 43.89 30.27 3 0.605204 1668.16 610.37 72.64 59.58 0 0.604543 1603.23 532.71 72.74 76.25 1 0.603158 880.67 320.57 68.99 31.05 0 0.597163 1298.31 462.61 49.64 56.12 0 0.592786 272.18 660.10 20.81 31.27 2 0.590302 194.54 569.78 76.75 61.96 0 0.575909 259.32 439.12 62.01 44.20 0 0.574482 67.80 421.97 55.64 57.71 0 0.574328 20.53 404.90 60.93 39.55 0 0.568841 1355.32 295.14 40.77 29.52 0 0.566161 286.49 341.70 47.99 37.06 0 0.563604 111.98 423.61 64.52 57.94 0 0.560669 2.88 691.34 75.96 63.95 0 0.543697 1689.34 230.44 36.62 25.00 0 0.542645 1175.16 105.54 29.90 22.08 0 0.541482 246.98 339.11 44.82 38.87 0 0.539408 1266.58 428.14 42.92 44.41 0 0.534712 1243.58 375.25 42.92 44.50 0 0.529200 1671.11 229.32 41.73 26.08 0 0.527302 1703.03 298.38 42.28 28.33 0 0.526264 1790.23 197.15 38.97 22.51 0 0.515640 1339.69 529.19 61.22 61.13 0 0.514369 698.12 316.42 81.65 34.96 0 0.511346 558.11 697.18 37.85 31.28 3 0.507989 829.27 291.16 44.12 25.93 0 0.498809 7.99 979.00 73.49 98.13 0 0.495186 1383.49 318.34 39.15 33.02 0 0.494076 1373.17 573.95 72.63 77.63 0 0.490014 35.77 336.51 46.51 41.43 0 0.485206 163.56 337.12 40.80 37.02 0 0.483305 1766.71 232.96 37.51 23.11 0 0.482968 1517.33 462.90 57.34 45.94 1 0.482877 201.79 337.10 47.26 39.63 0 0.478710 117.42 410.45 62.00 52.63 0 0.469715 1625.97 199.26 30.68 22.34 0 0.466316 272.99 993.88 50.64 34.52 3 0.464555 698.05 302.98 70.16 32.15 0 0.459401 1718.23 200.62 34.58 20.41 0 0.457718 42.39 331.71 48.18 39.93 0 0.456069 636.78 614.97 27.51 44.24 3 0.454500 1289.18 222.77 30.18 30.33 0 0.450958 214.66 705.15 23.26 32.47 2 0.448851 1856.20 196.24 37.53 23.89 0 0.447778 343.79 800.13 22.19 30.97 2 0.447687 547.56 700.07 39.18 32.03 3 0.444390 603.06 285.84 29.01 30.36 0 0.438827 1312.50 251.59 32.83 26.77 0 0.438634 1596.33 178.16 40.54 22.12 0 0.438533 1699.92 199.77 33.73 21.23 0 0.436347 1750.35 266.28 41.31 24.67 0 0.433280 1247.67 380.68 42.61 45.95 0 0.426734 205.07 331.59 47.31 37.65 0 0.418900 121.30 427.55 66.56 55.08 0 0.415449 1650.46 197.22 32.66 22.75 0 0.409832 781.24 1036.37 45.35 31.67 3 0.408672 1843.33 304.56 62.42 30.49 0 0.407288 599.43 698.90 36.01 35.87 3 0.399620 1869.19 135.77 35.51 18.94 0 0.397975 1790.60 229.84 38.29 22.53 0 0.390609 771.91 280.87 39.17 28.45 0 0.388047 1324.28 266.29 33.95 28.64 0 0.386124 1824.37 161.95 31.35 18.65 0 0.386031 553.04 789.02 27.26 31.93 3 0.384043 1479.83 420.05 54.73 41.32 0 0.383816 1104.80 262.45 38.98 29.16 0 0.383534 1.79 973.59 62.90 97.69 0 0.383356 571.09 283.81 24.27 28.64 0 0.381356 164.88 332.12 44.76 34.26 0 0.380141 1679.23 197.78 32.09 22.77 0 0.379957 600.61 682.25 34.86 39.41 3 0.377493 2.19 514.52 62.42 55.91 0 0.377419 547.23 777.64 29.56 36.80 3 0.373372 1849.16 299.34 64.22 30.80 0 0.372755 1838.16 316.18 50.73 33.04 0 0.367569 1661.82 230.70 31.84 26.24 0 0.365803 1448.40 386.23 48.10 38.81 0 0.363392 48.21 332.39 49.44 34.38 0 0.354458 1216.95 146.50 24.90 25.70 0 0.352826 1200.64 137.56 24.60 21.10 0 0.348767 1740.90 200.50 34.98 19.92 0 0.346497 191.57 676.85 23.54 37.73 2 0.346355 1189.98 110.23 30.29 21.77 0 0.338739 1848.02 255.54 41.72 19.88 0 0.335212 1835.63 251.87 50.35 23.51 0 0.334711 1599.10 198.38 35.47 24.83 0 0.334221 72.82 338.10 45.30 41.38 0 0.333816 229.15 738.31 33.67 31.20 3 0.332081 1123.15 249.53 36.84 29.40 0 0.320230 357.02 555.80 77.35 112.31 1 0.318451 1411.93 345.85 47.21 38.45 0 0.312498 1778.44 201.06 32.01 20.36 0 0.311493 1576.15 182.45 39.50 21.58 0 0.310812 273.04 669.66 22.24 32.87 2 0.307814 363.79 777.18 29.77 30.42 2 0.304936 834.16 286.09 37.89 25.18 0 0.303861 1554.27 171.43 39.73 24.12 0 0.302518 1759.32 260.00 38.29 24.80 0 0.295265 648.26 280.35 30.59 30.37 0 0.294943 385.66 313.60 69.35 30.12 0 0.292491 520.88 287.71 35.94 28.39 0 0.290868 1120.64 41.17 27.80 23.81 0 0.284116 243.50 702.87 21.76 32.50 2 0.280082 29.64 816.95 42.58 38.41 3 0.275596 241.46 691.03 19.10 29.39 2 0.271910 1411.99 347.45 50.77 37.08 1 0.262004 1753.68 626.85 30.88 37.16 0 0.261816 1554.93 161.37 35.49 22.19 0 0.256176 296.73 656.23 22.42 30.39 2 0.254592 376.10 314.29 67.79 30.83 0 0.253946 1070.34 8.79 30.11 22.46 0 0.252466 278.43 988.97 51.74 33.52 3
99,0.552416 1243.79 527.65 61.31 30.92 1 0.380983 1418.45 667.07 23.92 26.66 1 0.289228 1419.38 673.22 26.34 26.52 1
100,0.665406 1210.14 392.79 171.50 112.08 0 0.522246 1719.45 281.34 71.61 61.90 0 0.505090 615.76 544.74 135.66 150.76 0 0.495105 867.27 620.14 129.97 175.78 0 0.492906 754.85 590.20 119.39 145.85 0 0.468441 1578.53 306.67 130.64 80.86 0 0.428933 1400.30 365.84 90.64 69.49 0 0.383657 1730.39 267.89 69.19 64.14 0 0.330287 855.27 487.34 27.04 49.43 2 0.307334 1557.02 316.43 132.49 79.28 0 0.276824 1225.62 386.05 158.81 91.92 0 0.267639 1403.61 377.42 72.28 63.89 0 0.263933 1548.25 324.31 114.84 73.43 0
101,0.861965 670.16 558.02 56.76 48.97 1 0.465724 282.42 570.66 23.34 18.76 0 0.380004 723.23 578.83 25.27 30.39 1 0.350423 815.49 607.07 21.58 20.89 0 0.305589 835.81 610.53 19.60 18.19 0 0.259006 709.65 558.51 41.29 41.43 1
102,0.785303 143.06 631.96 166.69 193.56 1 0.749249 665.63 790.92 55.87 37.93 3 0.738991 406.46 938.00 39.44 56.37 3 0.665157 232.37 900.91 65.89 48.78 3 0.648247 1411.73 635.40 87.24 107.34 0 0.645784 126.06 335.44 48.99 48.32 0 0.643656 1758.84 690.45 94.16 75.59 0 0.642839 795.75 269.64 37.54 29.74 0 0.638856 1463.32 748.64 92.73 110.64 0 0.633024 1837.78 777.77 82.22 98.19 0 0.626095 1522.14 435.75 62.15 50.36 0 0.623196 1748.14 201.05 33.72 28.68 0 0.619463 1581.39 485.18 61.93 56.04 1 0.616278 1677.69 593.32 83.62 59.37 1 0.614177 748.27 312.79 79.34 32.76 0 0.611139 127.39 455.59 77.40 61.13 0 0.606714 1252.84 384.80 56.42 56.58 0 0.597105 1365.86 582.10 70.80 63.42 0 0.596650 14.29 640.73 99.12 82.00 0 0.588942 92.05 779.18 25.45 31.22 2 0.583267 1101.50 240.93 44.44 29.61 0 0.573734 938.94 313.86 69.40 29.01 0 0.571762 175.02 338.57 53.77 47.50 0 0.568340 1.75 452.64 34.29 54.79 0 0.567976 1484.70 393.39 54.65 40.62 0 0.566656 538.21 841.94 53.73 43.14 3 0.560691 1318.59 489.34 60.01 75.81 0 0.559810 1491.65 391.21 49.70 34.91 0 0.554275 1377.16 278.30 44.59 32.69 0 0.547741 154.63 629.57 154.85 139.82 1 0.544203 1714.79 198.62 30.53 24.78 0 0.541824 238.47 895.48 54.83 42.59 3 0.537762 1410.63 311.92 42.45 38.48 0 0.536465 83.64 329.77 53.24 41.36 0 0.528207 1857.49 201.93 32.08 22.76 0 0.527197 735.00 268.00 37.65 26.10 0 0.523407 647.43 312.42 88.60 34.46 0 0.520473 1808.23 242.93 44.21 26.74 0 0.520194 1856.64 159.05 38.77 21.86 0 0.514766 535.46 271.11 30.03 32.19 0 0.513661 539.43 835.43 47.18 43.96 3 0.506235 592.09 267.77 29.61 29.27 0 0.505960 75.68 334.33 50.21 47.52 0 0.500371 34.19 334.98 46.96 47.41 0 0.493293 1283.14 447.38 46.02 51.22 0 0.490376 1482.51 399.13 48.76 41.01 0 0.486922 1692.48 155.07 36.33 27.20 0 0.485765 845.24 312.67 77.04 32.89 0 0.479304 1825.04 201.55 38.35 26.45 0 0.475063 179.94 1020.83 35.72 48.13 3 0.474905 0.00 433.69 28.37 55.92 0 0.472282 314.20 713.07 32.46 25.97 3 0.466780 1851.21 157.05 38.59 23.60 0 0.466501 1865.27 716.68 44.56 38.54 0 0.462877 423.35 822.57 59.80 36.83 3 0.461462 1322.94 218.00 33.95 29.71 0 0.457066 1832.98 202.58 41.65 24.19 0 0.454432 354.48 797.62 24.18 31.48 2 0.449709 1627.70 155.06 36.13 27.47 0 0.446451 96.31 295.75 58.15 29.96 0 0.437761 1346.80 245.40 34.25 33.26 0 0.436137 1068.98 18.25 36.07 20.25 0 0.433969 1219.76 108.60 27.96 20.88 0 0.428618 288.05 307.10 76.42 30.72 0 0.428398 1203.70 88.77 27.27 20.76 0 0.428102 1304.06 186.25 34.84 26.37 0 0.426846 441.18 278.56 34.77 37.18 0 0.425992 439.16 284.58 33.58 34.71 0 0.425923 652.65 270.73 35.79 27.45 0 0.425545 1642.66 127.26 38.60 22.13 0 0.410627 0.00 337.75 21.19 35.96 0 0.407693 1670.95 155.67 36.04 27.32 0 0.406566 1577.55 127.24 44.82 22.52 0 0.398235 1765.98 157.49 37.34 23.03 0 0.391620 1176.36 51.79 30.18 22.22 0 0.381507 464.77 344.50 23.49 27.03 3 0.376776 2.84 457.96 39.10 54.13 0 0.375033 1812.06 236.96 44.35 27.89 0 0.369096 154.77 853.30 49.69 43.30 3 0.369019 433.04 778.16 42.67 43.43 3 0.365911 1643.76 154.91 35.75 27.66 0 0.362685 1195.25 62.68 27.83 17.85 0 0.361886 26.12 742.27 20.61 34.48 2 0.360391 1296.05 187.22 34.60 27.06 0 0.350018 10.28 550.45 96.50 89.17 1 0.349348 1724.32 158.76 32.56 24.13 0 0.349021 1444.58 347.41 57.20 45.13 0 0.345450 83.53 300.32 64.24 30.44 0 0.336862 123.59 840.51 23.80 44.21 2 0.331669 151.77 619.10 23.32 37.96 3 0.330060 1313.35 206.06 37.24 27.36 0 0.328841 238.13 784.21 26.46 50.50 2 0.328682 1630.25 133.06 37.07 20.29 0 0.327548 1413.24 306.52 43.47 37.00 0 0.316782 1164.63 15.55 31.81 20.16 0 0.314438 90.84 326.33 51.31 36.46 0 0.311633 1023.58 321.39 44.43 25.82 0 0.309000 1590.82 129.93 40.48 21.03 0 0.307541 1751.52 157.86 34.59 25.51 0 0.307412 1414.49 301.87 45.24 36.29 0 0.301546 151.88 615.80 21.14 34.49 2 0.297638 841.95 309.89 71.45 29.98 0 0.292334 508.48 272.97 24.18 26.72 0 0.290391 1761.39 275.53 49.55 36.78 0 0.289833 1821.84 242.90 44.19 26.64 0 0.286165 1442.25 344.47 59.47 44.71 1 0.277157 1325.83 211.13 34.38 28.51 0 0.276514 1296.84 196.08 35.18 27.02 0 0.274192 1145.16 14.74 27.44 18.67 0 0.270751 478.69 825.94 39.01 35.03 3 0.268995 1681.65 601.43 103.36 72.64 1 0.268296 38.44 839.17 32.66 35.73 3 0.267958 1702.89 634.47 87.43 57.00 0 0.264276 1328.98 222.22 33.44 28.73 0 0.260370 1251.17 274.47 22.21 22.39 3 0.260323 94.05 763.98 26.22 35.87 2 0.260129 1491.06 398.08 52.17 42.18 0 0.258371 164.63 928.18 34.51 38.11 2 0.257944 30.48 873.73 35.93 39.78 3 0.254561 1706.62 630.94 90.66 58.29 1 0.253078 1417.04 317.72 41.07 35.30 0
103,0.680834 1532.82 367.05 45.32 22.21 0 0.679605 1499.49 557.75 50.49 23.48 0 0.669034 1479.95 486.39 50.17 22.50 0 0.645437 1260.99 233.24 43.12 20.99 0 0.644380 1341.08 470.22 50.30 27.10 0 0.638541 1054.24 583.53 48.25 25.49 0 0.634024 1128.44 509.59 52.01 27.62 0 0.629196 1505.64 614.14 53.56 28.27 0 0.622608 1490.12 584.71 58.38 28.76 0 0.614251 1512.17 201.72 44.87 25.99 0 0.604637 1132.58 585.97 55.79 27.33 0 0.604101 1127.50 560.22 54.52 26.33 0 0.595610 1463.37 341.73 50.43 23.51 0 0.592543 1267.45 210.97 43.64 22.16 0 0.590582 1340.84 449.41 53.80 25.25 0 0.585280 1460.90 276.89 46.50 23.73 0 0.573628 1327.26 234.81 46.46 25.11 0 0.569859 1340.64 521.64 53.96 27.06 0 0.565187 1532.76 323.05 46.74 23.73 0 0.561246 1570.97 559.76 49.81 25.42 0 0.561020 1341.27 546.53 52.06 26.97 0 0.558006 1335.41 355.32 45.38 25.35 0 0.554580 1462.92 300.81 48.82 22.15 0 0.549671 1447.18 200.18 48.53 22.28 0 0.549449 1335.88 293.06 47.94 25.62 0 0.547420 1336.37 377.68 47.52 26.45 0 0.540659 1328.90 253.68 44.44 24.14 0 0.529117 1462.37 345.61 54.13 24.62 0 0.524676 1569.76 535.59 49.63 23.38 0 0.519393 1555.96 437.24 44.15 22.56 0 0.518310 1571.18 585.36 53.12 29.47 0 0.509811 1328.62 204.80 43.45 23.78 0 0.508823 1344.28 498.47 51.32 26.76 0 0.495442 1336.40 325.80 46.56 25.94 0 0.478901 1459.24 281.12 50.11 22.07 0 0.475477 1463.81 320.58 49.16 22.59 0 0.472074 1550.17 507.74 49.93 22.34 0 0.468782 1475.68 435.51 53.16 24.24 0 0.466618 1333.45 268.03 48.24 26.11 0 0.464741 1462.71 296.04 45.35 23.27 0 0.462999 1499.13 531.06 50.09 25.05 0 0.458372 1452.72 246.86 48.23 23.50 0 0.458189 1335.65 402.54 52.12 27.21 0 0.457135 1343.67 576.59 54.95 26.90 0 0.445789 1534.70 346.20 49.06 23.54 0 0.443986 1449.04 221.99 49.35 23.15 0 0.443399 1493.87 787.04 82.01 31.86 1 0.428180 1550.23 483.56 50.74 23.73 0 0.413984 1325.95 248.83 46.09 23.86 0 0.408122 1551.33 464.76 53.88 25.03 0 0.405385 1474.64 410.44 53.25 24.83 0 0.390862 1544.41 412.71 48.90 23.23 0 0.390824 1466.94 365.88 50.13 23.88 0 0.390564 1517.43 258.48 48.44 25.46 0 0.388533 1554.08 510.58 55.44 23.76 0 0.378005 1539.30 392.40 39.78 21.66 0 0.366138 1570.82 539.24 53.48 25.71 0 0.364281 1272.19 188.22 48.55 22.17 0 0.363158 1753.04 834.60 30.89 15.46 0 0.359788 1472.11 388.98 51.75 24.26 0 0.358594 1540.42 411.63 44.49 22.59 0 0.357525 1553.56 439.22 50.54 24.05 0 0.352893 1337.92 321.22 49.82 26.10 0 0.347261 1336.15 274.11 48.12 25.17 0 0.318749 1269.18 207.19 47.85 22.77 0 0.313287 1616.77 208.19 27.20 14.34 0 0.312041 1138.40 590.28 55.05 27.75 0 0.309143 1552.17 461.72 49.34 24.11 0 0.306185 1341.11 571.47 54.26 27.53 0 0.283436 1342.45 561.27 51.42 25.40 0 0.277946 1523.65 264.30 47.05 25.80 0 0.269106 1515.58 250.39 44.59 23.63 0
104,0.665375 1205.95 504.40 23.18 40.92 0 0.640090 916.21 392.01 27.69 43.50 0 0.636143 1078.02 499.98 26.92 46.06 0 0.626770 1.92 769.67 37.45 57.59 0 0.624074 1154.91 504.78 26.70 48.68 0 0.601906 547.59 827.91 32.65 60.36 0 0.601145 799.59 447.71 53.02 129.65 1 0.599855 645.84 660.63 58.50 21.80 0 0.598954 196.85 791.31 31.53 47.55 0 0.594628 1229.07 505.07 25.08 45.53 0 0.592965 412.62 823.74 33.08 57.88 0 0.585605 280.50 650.51 40.37 25.08 0 0.572703 1308.95 500.83 63.64 27.61 1 0.560363 9.67 570.42 54.17 26.07 0 0.520257 100.13 911.61 37.14 50.44 0 0.514986 85.01 791.76 28.18 43.87 0 0.512652 890.30 350.45 23.99 38.99 0 0.508563 1051.55 496.80 27.17 47.62 0 0.501991 869.74 356.00 22.21 38.63 0 0.497037 1226.97 687.82 56.05 27.26 0 0.494631 842.31 399.33 22.31 38.45 0 0.477322 334.66 652.10 44.43 23.68 0 0.477059 844.63 354.37 23.77 38.64 0 0.464449 43.28 911.68 35.32 43.98 0 0.455253 443.93 586.80 58.58 24.65 0 0.452117 55.34 785.65 34.49 47.02 0 0.429707 267.23 650.28 37.71 26.18 0 0.426649 132.17 933.68 34.88 55.20 0 0.415905 114.87 800.10 28.53 38.55 0 0.412247 749.47 462.58 46.42 24.56 0 0.400986 389.73 655.00 46.70 21.28 0 0.397342 425.87 720.30 51.63 26.40 0 0.390775 793.81 459.77 46.62 133.07 1 0.390172 4.82 910.19 35.70 44.02 0 0.371794 445.93 826.67 27.86 55.55 0 0.367768 894.01 354.36 23.15 37.58 0 0.328261 8.67 904.42 40.86 41.67 0 0.320801 870.21 398.62 21.02 40.12 0 0.319054 793.67 527.19 35.45 66.66 1 0.309022 906.28 350.99 23.85 37.92 0 0.306482 772.69 203.68 21.89 38.04 1 0.291040 137.36 678.07 30.08 40.99 0 0.261225 422.86 718.32 45.15 26.45 0 0.257364 510.35 621.37 43.51 34.34 0 0.256095 564.01 718.20 46.46 26.00 0
105,0.335065 1313.80 2.43 22.36 25.58 0 0.276291 1188.23 452.52 36.77 23.22 1
106,0.650551 389.92 495.84 56.25 26.59 0 0.636906 913.99 600.40 29.01 58.46 1 0.602020 1465.70 6.91 29.74 44.01 0 0.578875 430.87 395.29 43.70 27.51 0 0.572892 208.80 462.81 27.03 48.74 0 0.572683 841.13 257.69 21.25 42.11 0 0.568739 285.83 109.79 48.12 23.72 0 0.567457 108.59 459.33 31.77 51.98 0 0.558915 797.06 340.59 57.31 27.69 0 0.556837 60.92 467.77 36.00 49.69 0 0.552796 791.30 264.96 23.26 45.91 0 0.546390 176.22 463.57 27.40 46.51 0 0.506954 654.77 262.43 25.05 45.15 0 0.482755 592.65 164.19 23.46 35.33 0 0.472836 815.75 263.26 21.41 43.22 0 0.461927 865.74 262.70 19.13 38.45 0 0.440486 404.65 82.50 38.25 18.66 0 0.415647 537.16 153.45 36.06 23.66 0 0.403875 889.55 267.74 17.95 32.48 0 0.393748 619.58 254.27 29.77 43.12 0 0.353219 482.61 154.96 46.02 17.87 0 0.352639 681.05 166.67 19.42 31.58 0 0.345293 1028.81 408.73 24.47 32.30 0 0.326552 1404.34 28.23 41.73 70.86 1 0.318162 419.00 460.53 39.24 23.57 0 0.305047 1443.74 97.83 31.47 38.26 0 0.304705 742.23 148.11 26.30 28.21 1 0.297046 57.33 468.76 31.91 51.25 0 0.271368 1383.58 376.80 58.97 29.75 0 0.258698 915.56 274.56 16.35 26.11 0 0.258558 937.49 274.95 18.10 25.59 0
107,0.453112 511.64 949.27 30.31 48.59 0 0.344251 685.31 675.71 37.59 50.57 1 0.333407 597.42 719.74 26.14 35.42 1 0.257912 452.96 897.10 21.40 37.52 0
108,0.768389 75.57 697.45 209.63 89.69 0 0.336111 0.59 877.17 30.29 61.08 0
109,0.661961 337.07 358.57 102.55 60.12 0 0.661410 1248.22 322.63 33.12 26.52 3 0.658601 743.11 333.73 57.81 61.96 0 0.629172 638.16 313.53 79.47 65.40 0 0.627313 1595.59 336.75 51.90 61.90 0 0.593673 846.25 350.85 59.52 62.59 0 0.590118 204.06 445.25 120.09 75.67 0 0.587117 900.78 365.12 64.07 68.08 0 0.580556 1250.14 273.17 71.00 40.59 0 0.558907 1269.57 345.13 34.53 23.89 3 0.554510 1253.38 854.45 48.01 38.96 3 0.553137 1550.37 820.37 78.45 156.37 0 0.551427 1246.45 910.72 55.54 35.90 3 0.549292 425.35 312.71 79.47 39.72 0 0.544564 1489.09 82.44 32.43 22.42 0 0.537290 1239.45 939.74 61.49 32.98 3 0.534013 1249.48 863.84 51.54 39.25 3 0.528591 785.42 339.32 57.66 66.13 0 0.524467 1374.88 54.16 27.81 41.22 0 0.524135 1545.82 813.33 86.64 162.11 1 0.516939 1797.26 1024.96 112.40 55.04 0 0.516528 1285.16 198.89 53.76 26.15 0 0.513746 1275.43 226.91 57.64 29.61 0 0.494729 1491.57 41.97 29.05 20.81 0 0.489791 1427.60 145.36 38.00 53.80 0 0.489606 463.36 288.00 78.05 48.04 0 0.476488 1222.70 960.47 70.85 117.85 0 0.455549 1245.69 370.65 24.36 24.82 3 0.437408 1244.30 916.46 58.55 43.63 3 0.434939 415.76 317.65 82.81 44.31 0 0.408414 390.49 334.38 86.82 45.05 0 0.380535 1634.90 440.41 20.04 32.42 2 0.380493 1271.71 232.06 60.75 32.43 0 0.355296 1249.09 901.13 51.89 38.59 3 0.352867 1252.46 399.49 23.26 30.51 3 0.347196 1257.21 321.53 41.61 24.94 3 0.338575 1258.13 253.13 64.95 31.35 0 0.333021 454.42 288.98 76.44 41.86 0 0.310993 1248.93 339.08 29.63 25.18 3 0.288073 1538.41 130.57 21.75 23.17 3 0.273746 1276.92 205.05 61.57 31.45 0 0.257353 1485.02 126.65 33.18 27.93 0 0.256675 376.23 342.17 99.00 47.97 0 0.253350 472.19 296.44 70.19 48.75 0
110,0.674650 48.98 624.90 41.81 84.79 0 0.671564 329.43 139.47 28.40 48.07 0 0.658350 607.10 504.72 12.16 23.76 2 0.603479 1047.13 213.40 45.39 60.48 0 0.593716 88.73 276.12 35.12 65.30 0 0.582373 74.20 440.01 35.13 67.23 0 0.557260 351.66 592.61 34.49 71.60 0 0.552957 113.11 33.97 29.90 50.95 0 0.549894 328.39 31.57 22.67 37.35 0 0.532269 344.86 498.74 34.12 71.20 0 0.487997 107.73 142.46 30.82 53.28 0 0.482501 340.19 415.62 34.84 62.96 0 0.457094 104.56 140.41 27.86 49.46 0 0.449813 1278.73 406.34 57.24 70.39 0 0.437808 342.46 291.05 27.65 42.44 1 0.287361 335.13 284.36 28.28 46.79 1 0.281774 352.82 598.52 37.16 78.99 0 0.262831 346.68 423.44 34.08 59.24 0 0.261393 107.57 91.59 23.05 36.87 0
111,0.731895 1537.90 805.81 107.70 131.02 0 0.700873 1672.75 330.87 94.00 71.31 1 0.675163 1404.41 388.71 66.96 99.94 0 0.666666 594.32 216.27 118.23 50.65 0 0.664117 735.08 225.03 106.15 44.89 0 0.661521 1587.33 200.28 63.57 58.43 0 0.642893 1597.67 940.08 105.13 119.30 0 0.624097 980.99 235.98 101.46 42.23 0 0.617221 1429.19 497.79 75.59 99.75 0 0.599517 1473.25 604.09 83.48 122.37 0 0.591312 148.40 192.26 108.53 46.10 0 0.584768 732.44 151.72 49.01 33.78 0 0.577917 857.75 226.70 107.40 53.38 0 0.563468 1791.36 507.63 97.36 96.06 0 0.560887 626.19 145.42 46.50 41.12 0 0.560640 1630.84 259.68 71.14 63.18 0 0.545048 1860.18 608.41 52.42 96.84 1 0.530219 4.64 232.21 73.95 67.22 0 0.524387 1526.69 376.61 30.33 38.27 3 0.506656 166.31 520.96 34.88 47.11 3 0.498830 478.36 138.83 39.21 41.24 0 0.487789 1742.30 422.22 77.67 66.98 0 0.483896 1547.39 139.72 57.31 52.08 0 0.462516 1528.36 370.82 29.05 37.74 3 0.462481 363.98 140.35 49.83 40.61 0 0.441970 809.22 148.27 45.88 44.55 0 0.424597 1524.99 88.23 46.15 41.37 0 0.419906 1619.58 144.92 53.49 46.55 0 0.418348 1494.39 43.27 51.54 45.32 0 0.397803 1106.68 269.95 59.39 26.38 0 0.375326 1729.69 418.29 81.12 74.75 0 0.364823 1219.81 130.36 69.07 35.34 0 0.363864 1525.30 95.15 44.26 43.62 0 0.353197 1871.67 620.13 47.98 94.52 0 0.341800 0.00 223.05 34.86 58.53 0 0.336200 1592.51 128.73 36.20 42.08 0 0.321423 1481.59 617.70 86.97 116.19 0 0.309686 1781.72 501.55 105.96 77.24 0 0.307038 1640.14 258.32 69.02 54.68 0 0.306619 1498.46 77.28 56.02 41.66 0 0.291007 1745.58 435.33 78.82 65.79 0 0.288845 22.70 979.35 36.89 52.88 3 0.267414 565.89 137.20 33.16 34.78 0 0.261198 1674.29 219.45 44.52 38.54 0 0.251305 1517.93 372.58 31.34 36.54 3
112,0.706925 40.05 405.04 310.33 100.89 0 0.513019 711.36 414.45 310.77 103.19 0 0.504740 1376.77 425.05 305.12 98.10 0 0.489283 1082.78 424.67 262.07 96.27 0 0.354582 271.29 87.19 27.60 25.19 0 0.302391 78.54 50.48 29.99 25.77 0 0.300497 1361.97 408.48 269.38 107.89 0 0.297786 235.76 173.51 21.01 30.53 3 0.271719 709.64 422.60 244.76 88.03 0 0.269062 102.79 398.52 262.17 119.75 0
113,0.606678 1259.78 746.25 61.10 29.77 0 0.593657 1668.49 746.73 59.63 29.49 0 0.470651 609.98 54.73 43.00 21.82 0 0.446308 608.81 80.65 42.09 21.13 0 0.425373 944.28 740.02 53.33 28.16 0 0.402555 523.90 756.19 43.90 21.41 0 0.336210 444.92 319.20 29.50 42.87 0 0.308700 604.80 83.90 39.15 21.09 0
114,0.732814 601.98 543.97 23.81 47.83 0 0.697996 721.08 593.59 25.23 48.60 0 0.691037 914.22 705.13 28.04 53.84 0 0.677486 809.10 584.84 25.64 52.16 0 0.672795 665.78 730.20 27.34 57.03 0 0.669457 891.59 514.28 24.92 46.58 0 0.667221 718.46 529.50 25.41 49.67 0 0.661495 1006.82 504.76 22.24 43.07 0 0.646798 597.41 743.44 26.72 51.08 0 0.642333 788.90 720.66 27.76 51.75 0 0.638185 601.88 606.40 25.58 49.81 0 0.631163 1034.43 505.93 22.08 45.13 0 0.629764 1146.41 906.17 29.58 61.49 0 0.618573 1798.28 709.96 38.75 55.35 0 0.617962 1008.84 699.74 26.10 49.92 0 0.617407 870.41 580.55 25.31 53.23 0 0.611475 725.20 720.50 26.97 53.79 0 0.610390 862.56 516.02 24.40 46.56 0 0.600834 839.87 580.60 25.29 51.86 0 0.600784 529.33 813.94 27.49 57.02 0 0.593979 572.53 611.99 24.01 49.83 0 0.588942 1014.22 565.50 23.27 43.84 0 0.586801 1071.49 698.33 25.34 51.95 0 0.586357 1521.81 295.51 46.76 23.79 0 0.585194 601.48 816.33 26.72 59.43 0 0.581946 854.31 718.28 24.76 52.46 0 0.581779 1826.09 777.92 42.73 60.57 0 0.578585 982.69 563.22 25.00 47.81 0 0.575936 1046.41 562.76 24.83 47.21 0 0.575279 774.79 531.86 25.18 47.82 0 0.566809 943.51 703.43 25.46 55.55 0 0.555927 565.00 810.46 26.87 55.24 0 0.554286 746.38 529.36 24.05 47.39 0 0.552656 629.89 738.93 27.15 56.37 0 0.544960 629.72 540.62 23.65 47.88 0 0.541234 1439.13 82.29 38.58 21.64 0 0.536426 820.72 719.02 26.25 51.13 0 0.536010 569.46 744.69 26.07 53.83 0 0.534176 697.52 722.19 27.31 56.01 0 0.533516 928.92 575.86 27.47 52.59 0 0.529724 690.32 590.72 25.46 53.57 0 0.529220 1111.29 907.96 29.12 58.80 0 0.523782 1074.99 558.18 23.65 45.25 0 0.522271 976.89 700.97 25.15 52.94 0 0.515571 1183.03 211.52 26.63 38.20 0 0.510797 1625.53 310.22 26.29 39.23 0 0.510373 1040.80 699.19 26.12 51.57 0 0.505173 920.41 519.13 23.63 46.32 0 0.501585 750.71 591.32 25.98 54.35 0 0.499581 757.39 723.07 27.33 56.23 0 0.487919 1045.10 916.12 28.44 66.58 0 0.483132 1534.80 338.16 43.17 24.60 0 0.481563 534.17 743.96 27.89 54.61 0 0.480602 1769.67 640.52 33.90 53.51 0 0.465161 978.07 506.68 23.09 43.22 0 0.446829 1392.58 0.00 37.88 13.18 0 0.443962 541.42 549.21 25.69 48.07 0 0.427717 1713.55 522.57 37.37 50.90 0 0.423106 1162.39 997.71 32.76 61.46 0 0.413937 832.95 525.32 24.32 46.65 0 0.410729 1399.00 0.00 39.83 12.29 0 0.403681 630.83 602.99 25.13 53.48 0 0.400024 1513.80 278.25 47.23 20.84 0 0.388786 541.31 611.38 25.65 52.19 0 0.370188 782.60 588.10 24.72 51.39 0 0.351764 1183.42 203.89 29.20 38.13 0 0.345501 902.29 578.15 25.59 55.78 0 0.338521 1251.68 546.85 30.90 62.20 1 0.315886 1301.00 137.38 31.77 20.25 0 0.307465 1715.46 528.46 38.64 51.79 0 0.306555 1663.92 409.14 32.17 47.49 0 0.289343 1115.15 911.78 28.63 62.09 0 0.286892 949.40 522.54 24.93 39.87 0 0.284356 1665.76 414.16 34.87 47.04 0 0.280276 1306.20 137.26 39.89 18.17 0 0.277579 1770.66 648.61 39.01 57.79 0 0.261451 657.14 598.31 26.86 51.81 0 0.258889 805.87 529.78 25.26 46.25 0 0.254539 945.12 519.75 25.57 46.08 0 0.253830 1766.37 302.52 37.52 36.71 1 0.253380 1533.14 333.33 48.22 25.59 0
115,0.732085 1375.40 379.30 183.69 74.06 0 0.692536 762.73 413.17 177.81 72.05 0 0.684735 493.10 411.64 238.31 82.27 0 0.674380 971.28 400.97 196.40 79.37 0 0.598625 1592.40 382.52 168.64 68.80 0 0.578742 110.73 403.75 264.13 115.03 0 0.491215 112.87 394.14 317.20 125.21 1 0.284447 0.00 253.51 255.28 138.72 0
116,0.536156 736.67 895.15 29.05 46.33 0 0.374257 1068.50 510.71 38.12 20.18 0 0.361027 767.13 841.04 32.56 29.94 0 0.350643 791.18 793.48 29.38 32.84 0 0.337249 1061.56 512.10 31.79 21.02 0 0.287155 1265.38 469.95 24.84 31.09 0 0.283225 1607.31 994.85 35.73 44.16 1 0.280245 1227.77 468.62 25.15 33.29 0 0.275858 1239.08 466.79 26.57 34.76 0
117,0.762433 901.31 635.19 49.51 57.77 1 0.603267 1233.55 364.80 42.46 35.40 0 0.597324 1281.41 323.33 43.22 34.17 0 0.596500 1225.69 462.16 45.53 33.69 0 0.578615 857.52 297.27 38.31 37.13 0 0.573350 1170.12 179.45 31.50 26.13 0 0.565062 1100.26 484.15 44.25 40.17 0 0.556909 800.08 348.16 43.11 34.33 0 0.552549 1261.71 341.73 40.98 34.33 0 0.550864 1307.25 376.15 45.04 33.95 0 0.537117 1060.54 525.33 41.35 34.61 0 0.536814 1244.33 433.85 42.78 34.78 0 0.533679 1046.83 365.62 44.26 37.69 0 0.533110 1357.70 333.52 45.15 33.82 0 0.532460 1132.62 453.69 45.59 38.31 0 0.531752 1306.94 389.01 41.66 36.93 0 0.531676 1406.01 279.86 45.55 37.66 0 0.530652 1312.97 292.70 41.08 33.65 0 0.530149 973.99 419.39 43.22 38.26 0 0.529209 997.19 406.47 41.68 35.20 0 0.527763 951.24 433.61 43.03 39.30 0 0.527417 1191.98 249.26 38.74 31.15 0 0.526903 1265.01 404.50 44.73 30.47 0 0.523846 1041.60 537.40 45.29 37.61 0 0.523643 1205.92 387.23 44.28 35.55 0 0.519697 1361.14 325.72 42.46 33.66 0 0.513402 1109.95 561.73 46.73 44.26 0 0.511562 1106.24 488.92 43.08 38.28 0 0.508639 1141.89 442.82 47.57 37.56 0 0.506167 1125.62 448.36 47.48 36.28 0 0.504518 1189.15 400.69 46.28 33.00 0 0.497133 375.38 874.58 52.92 62.36 0 0.496945 1167.95 271.78 39.74 33.48 0 0.495950 1169.92 416.82 44.34 33.10 0 0.490246 1354.89 253.33 43.76 32.54 0 0.489569 1295.23 305.60 39.06 30.45 0 0.489158 1154.92 433.46 44.23 34.94 0 0.488659 1333.96 269.83 41.21 32.73 0 0.488416 1021.66 388.24 41.17 36.89 0 0.483063 1155.03 527.99 45.46 41.51 0 0.482475 757.53 312.61 38.55 30.15 0 0.475349 1042.97 544.26 43.71 39.32 0 0.475100 1248.53 351.78 39.86 33.95 0 0.471728 1197.91 172.72 32.06 26.78 0 0.469047 342.19 827.51 45.69 48.98 0 0.465100 1216.22 228.20 38.31 29.11 0 0.463595 1143.82 285.91 41.82 35.80 0 0.462960 1214.74 158.74 39.39 28.27 0 0.462008 1079.35 497.58 42.81 37.90 0 0.457852 302.70 781.16 46.94 50.03 0 0.457023 1093.82 325.55 41.68 35.47 0 0.455044 1113.12 317.38 37.62 36.07 0 0.451702 1275.94 328.40 42.77 33.62 0 0.449511 1052.74 521.47 40.75 32.24 0 0.446552 1055.99 359.38 42.09 33.43 0 0.445111 819.16 329.13 36.78 31.86 0 0.444094 1208.24 482.91 40.87 36.12 0 0.436743 1231.16 219.09 35.22 30.09 0 0.436156 823.68 335.92 36.67 34.04 0 0.435444 1167.84 505.77 45.37 39.55 0 0.427674 1138.79 548.68 40.96 37.18 0 0.427189 969.72 424.01 44.48 39.95 0 0.426347 1323.89 287.12 39.89 35.13 0 0.424067 1126.88 296.06 36.24 33.61 0 0.423095 1188.20 487.47 42.81 36.79 0 0.415762 1274.37 408.77 43.56 35.48 0 0.412612 1244.83 202.74 36.07 28.81 0 0.407193 1262.20 194.65 37.40 32.46 0 0.398448 1319.99 281.98 40.64 32.46 0 0.396920 1376.55 312.22 42.33 34.24 0 0.391291 1144.96 281.49 41.84 33.46 0 0.387764 890.67 629.41 55.12 62.03 1 0.386935 1221.29 372.84 40.39 32.57 0 0.379269 1086.01 329.12 39.59 33.59 0 0.377678 1033.82 376.88 41.13 35.23 0 0.372539 755.48 308.45 38.03 29.22 0 0.368474 1184.31 407.03 45.93 34.38 0 0.367385 1046.85 806.28 31.00 23.75 3 0.363197 1147.75 533.61 44.83 39.22 0 0.362280 1082.84 501.54 43.87 38.44 0 0.352931 1075.29 506.17 45.84 39.40 0 0.350107 1298.02 312.70 39.63 32.75 0 0.343633 1319.76 383.88 44.27 35.89 0 0.340531 849.50 300.38 37.69 33.51 0 0.339319 1290.45 397.79 43.84 35.02 0 0.337316 1366.75 332.71 41.50 33.14 0 0.336263 1091.29 330.01 39.23 35.93 0 0.332289 1204.70 233.63 36.97 30.13 0 0.330866 1265.57 414.20 45.16 38.16 0 0.325629 860.63 305.09 36.52 35.89 0 0.317637 1176.03 497.28 44.17 37.14 0 0.316289 1092.81 581.99 45.42 41.23 0 0.311081 1211.70 171.22 36.58 27.19 0 0.306202 1169.50 495.07 43.47 36.76 0 0.293021 1204.24 164.32 39.20 27.44 0 0.290645 1346.58 257.86 44.94 31.50 0 0.286368 1005.16 401.87 40.71 34.15 0 0.274879 1243.24 430.07 43.32 31.44 0 0.272890 458.70 997.91 69.46 75.93 0 0.269345 1154.31 523.67 45.22 35.77 0 0.266082 1180.10 262.49 38.90 31.94 0 0.265389 1205.06 237.82 39.41 30.28 0 0.261669 1130.55 544.86 38.21 33.02 0 0.261405 1350.75 263.71 40.63 32.04 0
118,0.777929 989.53 443.67 21.35 45.39 0 0.707605 906.17 443.67 23.08 48.20 0 0.707502 985.37 386.61 19.90 42.33 0 0.703768 821.07 444.39 22.15 47.87 0 0.696874 522.14 563.66 25.74 48.43 0 0.688006 1522.62 275.10 40.68 20.23 0 0.675531 552.77 564.39 24.31 48.12 0 0.664444 790.19 567.44 22.63 44.97 0 0.661701 510.28 625.03 26.23 52.72 0 0.660315 1662.39 262.07 23.64 37.53 0 0.660221 908.50 558.26 23.29 50.87 0 0.658268 599.27 451.11 23.95 45.55 0 0.656052 672.49 560.29 26.21 47.44 0 0.655493 545.98 396.07 25.13 46.36 0 0.637782 1025.80 562.17 23.67 48.26 0 0.636081 819.58 564.02 22.39 49.89 0 0.632268 848.82 389.42 21.30 43.38 0 0.631697 643.15 564.51 25.68 48.02 0 0.631582 582.18 566.47 25.05 50.53 0 0.629763 1611.83 248.44 22.45 39.34 0 0.625351 713.30 391.68 22.36 43.31 0 0.623399 761.49 563.11 23.36 46.27 0 0.621777 766.50 450.76 21.38 44.67 0 0.620639 1214.23 440.63 25.46 67.16 1 0.617935 848.78 445.74 23.02 47.87 0 0.617206 628.47 395.87 23.24 45.42 0 0.615901 766.81 398.25 21.23 42.41 0 0.612235 1751.36 697.36 34.56 52.95 0 0.610441 792.94 450.65 22.62 45.17 0 0.605127 700.65 558.66 25.14 46.89 0 0.599014 820.34 393.90 20.57 44.94 0 0.591685 959.02 387.18 20.66 42.62 0 0.585072 936.70 558.61 23.53 48.71 0 0.582562 977.87 755.93 25.85 60.65 0 0.581842 958.93 441.31 21.56 43.97 0 0.577562 569.27 448.32 23.39 46.77 0 0.576966 741.83 393.67 19.80 41.34 0 0.574907 1445.51 33.41 36.70 21.95 0 0.565353 737.65 445.04 22.83 47.35 0 0.565163 1013.32 389.42 18.87 43.10 0 0.554394 1074.26 750.82 27.87 60.67 0 0.551835 578.04 635.08 23.85 47.89 0 0.548957 680.07 448.63 23.16 44.59 0 0.545476 604.09 396.38 21.88 43.47 0 0.532460 998.05 562.64 25.04 49.18 0 0.522321 651.75 450.84 23.16 42.49 0 0.514117 1671.02 454.25 31.92 48.24 0 0.509829 1450.28 33.29 42.47 19.77 0 0.509563 543.54 627.60 25.35 50.25 0 0.507495 1639.41 348.13 23.83 41.54 0 0.504557 1081.50 832.15 27.69 61.40 0 0.499399 877.74 447.05 25.06 50.83 0 0.498010 625.51 451.23 22.98 43.75 0 0.493732 1040.95 753.35 26.15 58.95 0 0.492076 968.14 560.47 23.79 47.93 0 0.481015 1731.74 634.07 30.90 53.43 0 0.478742 1515.81 276.02 39.52 19.66 0 0.454186 793.24 398.54 21.68 43.96 0 0.450992 704.56 329.36 14.68 15.31 3 0.436765 1189.61 130.35 27.51 41.54 0 0.434616 711.09 444.24 23.15 44.25 0 0.433532 929.85 394.17 22.01 43.77 0 0.427913 1046.10 439.53 23.77 45.96 0 0.421849 1017.82 442.97 23.70 47.95 0 0.409658 879.07 558.00 23.96 53.03 0 0.404111 1512.44 254.90 36.72 16.97 0 0.402112 729.69 561.92 24.23 49.46 0 0.401377 1518.99 256.20 38.00 18.10 0 0.392425 557.72 326.28 13.20 19.74 3 0.390977 1708.24 565.65 33.66 57.34 0 0.365962 609.51 568.30 25.56 51.90 0 0.360225 1509.66 234.15 41.54 21.29 0 0.350516 537.03 453.55 24.35 44.78 0 0.349287 1014.73 395.42 19.52 41.72 0 0.344261 1710.01 334.41 27.85 49.57 1 0.336116 904.91 391.78 21.43 44.04 0 0.335884 1516.16 236.06 40.69 20.81 0 0.331311 533.16 329.78 13.43 19.82 3 0.290516 974.47 761.54 30.78 63.04 0 0.275378 1612.27 256.26 21.82 37.56 0 0.272176 541.42 450.08 25.32 47.01 0 0.271090 676.60 328.92 12.90 15.41 3 0.258639 705.61 444.50 23.57 45.01 0
119,0.761188 527.35 408.37 200.76 73.90 0 0.700250 1218.09 364.77 206.39 74.01 0 0.698662 983.76 381.22 193.45 69.42 0 0.657687 241.56 413.25 217.89 76.85 0 0.453531 1799.43 339.08 120.57 69.47 0 0.376653 71.30 617.29 97.37 44.77 0
120,0.525798 663.81 749.66 38.68 21.65 0 0.509863 615.85 773.08 40.54 22.74 0 0.505104 775.41 687.25 35.31 27.14 0 0.503969 713.99 726.32 36.92 22.72 0 0.439743 773.11 689.90 34.05 27.78 0 0.438356 421.37 808.73 36.94 31.26 0 0.428632 814.04 665.84 37.68 27.90 0 0.358900 1203.72 323.57 23.92 20.98 0 0.326827 1035.36 557.28 25.54 23.94 0 0.284596 730.36 712.34 35.00 20.49 0 0.277469 821.51 662.81 34.68 27.39 0 0.273599 1332.43 703.32 36.46 22.87 0 0.267835 869.53 542.35 23.67 25.34 0 0.267687 1758.51 536.03 20.02 36.62 1 0.266964 721.92 717.08 36.89 25.50 0 0.260521 404.58 809.02 39.04 32.45 0 0.252386 1432.80 243.98 32.23 21.92 0
121,0.339586 1034.30 586.52 26.29 16.36 0 0.308314 1158.85 561.90 24.68 15.84 0
122,0.618727 1333.78 651.09 41.06 49.54 0 0.613165 1382.93 648.92 43.98 51.45 0 0.587674 909.13 515.81 35.90 53.44 0 0.533963 1574.28 651.26 46.02 49.56 0 0.516867 956.19 512.17 35.43 50.39 0 0.508763 867.53 519.90 36.86 54.00 0 0.504806 1578.25 665.05 45.05 42.95 0 0.489815 1581.88 672.14 47.69 42.86 0 0.475812 914.71 770.65 75.74 35.45 0 0.447010 1282.86 645.01 43.74 48.64 0 0.438914 1525.03 662.40 47.62 48.38 0 0.411517 836.21 485.68 35.11 44.62 0 0.358141 1285.31 638.07 42.60 47.15 0 0.356556 1188.71 630.50 42.84 42.71 0 0.353696 1034.24 500.22 26.38 35.91 0 0.349787 46.47 596.43 47.43 20.86 0 0.344897 1190.07 648.50 42.87 38.60 0 0.337821 1329.48 635.76 41.32 38.92 0 0.275446 759.29 359.24 32.67 34.97 0
123,0.676289 13.58 597.32 34.93 62.22 0 0.638740 43.17 201.66 27.45 53.35 0 0.636671 113.81 591.67 31.60 62.40 0 0.632068 840.86 632.69 29.28 64.63 0 0.627757 117.09 679.26 30.00 59.10 0 0.592166 38.71 120.19 28.69 58.34 0 0.591444 45.08 366.80 32.19 55.81 0 0.590713 73.14 121.58 30.73 62.50 0 0.588655 844.11 391.63 31.03 62.92 0 0.583539 5.71 119.84 29.83 56.17 0 0.567784 78.72 202.96 28.25 57.86 0 0.548635 14.47 362.49 29.95 57.77 0 0.542997 856.22 69.11 29.03 59.06 0 0.542902 839.74 541.12 32.07 64.84 0 0.539084 112.41 197.20 28.63 58.72 0 0.519242 77.75 369.07 31.22 55.35 0 0.505073 842.12 464.16 33.03 67.94 0 0.467257 852.82 232.20 28.66 57.48 0 0.438937 1047.57 262.70 26.50 53.03 0 0.426555 12.28 200.69 28.85 57.15 0 0.389737 83.85 597.59 28.64 63.08 0 0.353071 1048.58 272.75 25.03 48.61 0 0.345393 309.43 214.85 28.52 79.91 1 0.293243 884.25 233.82 23.98 50.15 0 0.287822 1.82 362.69 24.25 56.36 0 0.251885 81.39 212.31 31.35 60.37 0
124,0.740967 1122.79 487.03 50.01 32.35 3 0.731035 1090.66 982.49 71.80 41.67 3 0.692522 656.47 562.24 90.94 138.62 0 0.688086 707.15 444.48 81.55 124.93 0 0.680405 1118.14 528.11 55.31 29.81 3 0.647861 1117.11 603.81 50.53 27.69 3 0.631016 489.21 987.80 116.20 92.20 0 0.584033 1114.87 629.34 49.50 27.18 3 0.577255 802.68 294.23 38.55 26.43 3 0.563349 799.60 321.73 35.94 25.73 3 0.559554 1120.34 467.05 53.81 33.92 3 0.545527 1117.89 579.75 53.75 29.92 3 0.523952 1122.96 511.43 53.10 30.57 3 0.517198 556.07 825.90 99.24 150.36 0 0.466672 757.83 384.38 48.07 30.37 3 0.422345 1092.19 974.28 72.76 40.66 3 0.407897 765.25 360.78 50.33 27.74 3 0.403354 760.25 372.57 49.48 30.96 3 0.392009 1117.32 606.61 56.56 30.80 3 0.322617 772.68 354.08 44.76 27.04 3 0.282511 1117.09 568.97 54.74 30.63 3 0.270884 851.03 114.32 49.26 41.88 3 0.260736 797.41 297.96 39.40 30.66 3
125,0.662999 1240.99 654.54 50.59 53.32 0 0.615246 1135.90 460.26 33.88 31.88 0 0.595358 1181.82 546.16 41.42 42.29 0 0.594540 845.80 324.77 34.48 20.32 0 0.584901 751.11 587.90 57.22 32.61 0 0.551861 1216.16 362.73 51.95 32.87 1 0.523764 822.05 228.83 29.49 19.93 0 0.498266 836.39 280.49 29.62 19.08 0 0.461670 981.61 400.19 26.87 32.47 0 0.457414 1096.67 372.40 34.74 32.71 1 0.456591 1070.05 326.77 26.96 26.43 0 0.447718 1049.13 286.04 25.78 22.31 0 0.439081 1001.91 187.76 24.19 18.00 0 0.426980 745.07 279.66 34.45 24.19 1 0.382844 704.24 237.44 25.81 17.26 0 0.373355 820.17 129.37 14.92 13.59 0 0.362427 656.97 228.85 22.23 14.81 0 0.347609 1063.49 313.53 25.99 22.96 0 0.319696 841.66 310.44 31.16 16.10 0 0.307969 1034.95 188.32 21.52 18.19 0 0.260517 1018.34 180.71 20.53 17.25 0 0.258568 1073.57 331.00 25.49 25.48 0 0.250286 758.27 192.87 19.21 11.91 0
126,0.607374 1094.43 577.29 38.37 39.07 0 0.600549 762.01 359.36 28.61 19.62 0 0.553865 1308.90 256.00 32.38 18.65 0 0.543003 1046.78 487.10 31.63 33.44 0 0.538991 675.27 649.93 62.03 31.97 0 0.531840 1163.60 466.69 37.71 40.37 1 0.529252 938.16 207.75 16.76 16.09 0 0.506468 1149.25 683.71 43.75 35.38 0 0.487509 659.37 320.76 33.98 21.04 1 0.487047 954.07 309.28 24.02 22.12 0 0.485408 1235.28 229.32 23.43 14.34 0 0.482461 757.25 344.84 27.73 17.45 0 0.475297 972.24 337.73 23.99 22.09 0 0.452630 1268.74 258.45 24.51 15.84 0 0.427833 907.55 206.61 18.07 16.09 0 0.395243 993.55 377.51 24.62 22.63 0 0.390964 760.74 113.23 12.36 13.37 0 0.384564 980.12 412.50 44.85 30.05 1 0.347887 1116.42 382.47 47.79 28.86 1 0.343345 925.71 197.62 14.74 15.55 0 0.332977 980.03 355.49 23.25 22.62 0 0.325447 1128.62 390.52 38.65 23.59 1 0.307566 597.15 273.09 19.38 18.10 0 0.307064 821.60 244.38 25.36 19.40 0 0.289658 735.36 211.40 19.51 14.52 0 0.284695 566.32 262.53 20.78 17.09 0 0.283511 1004.64 394.37 31.64 26.97 0 0.270774 24.27 691.21 26.16 28.16 0
127,0.705447 985.81 205.93 20.23 37.82 0 0.704472 983.05 518.13 23.54 47.95 0 0.665226 982.46 301.37 19.50 40.12 0 0.660260 984.28 402.25 22.09 43.42 0 0.660024 1092.96 679.73 48.96 23.51 0 0.615392 1342.32 869.25 30.91 65.73 0 0.611000 1680.49 864.59 33.60 66.14 0 0.586023 1505.87 869.79 30.22 61.30 0 0.585908 1204.76 972.28 33.41 74.25 0 0.585810 1437.88 1018.90 31.40 57.09 0 0.579467 981.20 935.89 28.46 66.25 0 0.574402 1636.19 866.52 34.05 56.58 0 0.560648 1407.07 863.80 33.14 60.38 0 0.549581 1404.16 1020.68 33.62 57.00 0 0.537922 1217.21 578.53 51.67 25.81 0 0.535610 1476.20 870.75 31.74 60.98 0 0.533060 1275.42 872.16 27.65 66.78 0 0.504388 1093.68 707.70 47.37 25.10 0 0.502683 1363.20 1016.38 29.74 43.86 0 0.492191 1535.86 1011.15 33.09 42.74 0 0.471061 1077.84 626.67 51.69 23.27 0 0.459186 1222.19 582.22 52.96 24.18 0 0.442209 980.63 634.59 23.93 48.99 0 0.437616 1078.33 573.41 43.29 23.59 0 0.426741 815.84 609.77 27.01 51.81 0 0.425128 1848.77 1007.37 42.67 43.83 0 0.414570 1215.84 524.74 47.71 22.79 0 0.413050 1085.22 628.10 52.80 23.87 0 0.410140 1217.39 529.62 48.38 24.91 0 0.383359 1068.59 417.47 49.41 25.14 0 0.380338 1070.81 403.61 44.72 24.52 0 0.379753 1053.80 174.10 38.48 22.65 0 0.357328 1067.30 285.39 42.91 23.91 0 0.347244 1090.27 653.31 49.40 23.20 0 0.344891 1091.44 368.93 29.99 22.04 0 0.338071 1066.99 432.65 51.02 26.06 0 0.329690 1787.43 737.26 30.48 22.27 0 0.304354 1216.21 573.54 55.57 25.99 0 0.303268 1091.78 345.12 28.95 21.24 0 0.299422 1220.61 534.12 48.97 23.37 0 0.297287 1881.15 1000.76 38.85 42.67 0 0.292180 1080.07 605.38 52.62 24.58 0 0.291896 1738.55 1013.90 35.00 64.86 0 0.288729 1869.21 1001.24 43.91 37.66 0 0.286483 1780.44 525.06 25.71 41.74 0 0.285482 1399.18 1016.86 34.15 57.37 0 0.283441 1068.06 289.02 44.20 25.19 0 0.262643 1216.91 522.54 51.08 20.32 0 0.255027 1076.08 601.55 48.56 24.69 0 0.252763 1089.83 633.28 53.77 23.85 0
128,0.566761 57.21 28.08 50.49 26.08 0 0.453342 507.61 64.60 30.23 30.48 0 0.396080 555.07 666.68 9.95 15.22 2 0.394404 1281.10 256.61 27.61 27.74 0 0.359594 1307.63 218.02 27.44 26.27 0 0.351456 1282.51 256.85 28.52 27.14 1 0.319566 1306.86 213.38 28.74 26.37 0 0.296737 1317.32 210.63 25.61 27.77 0 0.269415 44.07 597.78 27.66 14.73 1
129,0.653645 1202.99 383.34 162.35 120.14 0 0.587221 1663.52 254.00 68.61 58.51 0 0.543205 1509.34 314.69 80.42 59.88 0 0.487643 626.96 562.07 126.67 169.12 0 0.481945 1882.53 410.35 37.47 77.42 0 0.431707 1674.22 240.43 80.61 56.64 0 0.422022 778.71 610.55 106.59 149.49 0 0.417119 1511.49 309.08 102.85 65.32 0 0.388530 1545.17 283.96 116.41 72.75 0 0.354435 896.91 640.81 124.40 172.56 0 0.342808 1378.66 350.48 96.54 79.17 0 0.337983 1772.07 462.47 88.30 70.84 0 0.317197 1023.20 635.85 137.08 201.35 0 0.295625 1379.20 332.02 142.00 90.03 0
130,0.675639 1115.51 395.51 32.95 52.27 1 0.662113 742.31 137.04 38.99 34.96 1 0.601039 836.66 245.70 34.62 24.72 0 0.590301 574.25 678.03 58.79 33.90 0 0.575878 1093.95 557.90 27.78 49.37 0 0.532929 876.35 50.52 37.79 22.54 0 0.520305 1122.30 347.09 25.34 40.11 0 0.506228 1138.35 206.06 24.13 32.59 0 0.469617 1125.64 304.26 22.98 34.09 0 0.443861 1131.92 258.35 25.24 39.18 0 0.432573 840.69 217.53 40.55 26.16 0 0.411125 851.75 163.85 21.57 22.23 0 0.329282 1267.54 422.31 68.16 38.62 1 0.317952 1129.97 263.68 24.69 38.15 0 0.288463 844.09 215.97 45.34 24.95 0
131,0.637795 856.48 332.79 27.86 42.73 0 0.612727 1444.40 757.79 55.13 27.09 0 0.482542 1766.37 763.25 54.56 26.97 0 0.438951 980.02 63.44 26.92 15.35 0 0.400894 1248.29 1039.17 22.20 24.05 3 0.297527 977.11 115.02 24.73 16.77 0 0.264503 896.23 112.08 16.51 22.65 0 0.258394 978.52 86.87 24.70 17.46 0 0.254379 1770.73 765.96 53.57 29.01 0
132,0.666778 393.93 384.39 123.94 92.99 0 0.644750 190.14 76.68 88.41 44.54 0 0.630993 0.17 102.54 57.60 52.42 0 0.625531 90.67 70.41 88.97 52.35 0 0.618884 0.00 855.98 205.58 224.02 1 0.618485 129.70 506.04 166.56 119.11 1 0.615227 1296.43 416.36 133.65 86.63 0 0.599142 1155.14 353.81 131.64 87.70 0 0.595369 984.37 202.36 45.28 36.30 0 0.589364 3.93 453.09 149.09 90.04 0 0.588811 210.43 199.14 85.63 49.37 0 0.583743 1235.86 280.96 53.86 45.47 0 0.581573 766.64 201.10 87.50 54.84 0 0.578830 279.31 223.79 101.77 52.55 0 0.578799 440.45 136.90 78.40 52.62 0 0.570313 1439.48 345.56 62.57 61.02 0 0.570130 129.14 250.33 97.44 71.71 0 0.556738 25.78 202.50 102.59 66.44 0 0.552632 7.99 660.18 166.79 122.13 0 0.551804 617.49 215.37 82.52 57.05 0 0.541328 349.58 754.63 51.79 65.08 3 0.536245 113.24 154.69 96.37 49.12 0 0.532773 1471.86 482.97 131.05 89.21 0 0.528058 1347.76 322.27 57.85 48.13 0 0.515382 1607.60 530.58 164.21 94.76 0 0.512326 238.79 290.42 105.85 86.14 0 0.510763 0.00 842.24 235.53 201.38 1 0.499742 576.22 191.91 69.34 57.54 0 0.494135 1075.33 233.94 54.17 41.16 0 0.464819 410.28 112.39 71.61 46.83 0 0.450845 91.51 503.23 105.02 84.46 0 0.449292 398.20 112.87 76.02 54.76 0 0.445998 533.01 163.25 87.46 57.26 0 0.424325 117.87 147.61 102.35 46.59 0 0.419792 1158.60 250.99 49.77 39.98 0 0.415708 1.13 421.62 127.67 61.40 0 0.404980 248.02 925.89 32.59 57.77 2 0.403138 513.28 167.61 85.91 68.35 0 0.402716 79.22 150.34 115.47 46.33 0 0.398651 428.48 132.14 84.20 53.26 0 0.397052 183.51 984.22 45.30 43.10 3 0.394388 131.89 790.49 139.75 148.14 1 0.388756 262.97 297.17 117.76 88.45 0 0.387803 779.47 206.09 81.82 56.82 0 0.387793 0.00 398.25 104.49 56.34 0 0.387010 562.46 173.05 71.83 57.65 0 0.369542 0.00 393.81 90.26 53.13 0 0.367864 393.34 125.48 66.22 53.87 0 0.366322 1776.26 580.89 102.81 63.54 0 0.366104 1446.36 467.43 135.31 81.22 0 0.356843 467.98 142.27 63.81 50.95 0 0.348421 510.68 157.69 83.74 62.67 0 0.326633 1051.34 221.29 34.45 37.11 0 0.316065 0.00 437.84 120.81 78.86 0 0.315709 1507.28 491.59 87.95 79.97 0 0.307959 0.00 420.09 144.45 81.08 0 0.299839 91.32 504.65 131.57 106.16 0 0.286756 501.56 701.98 29.50 38.71 2 0.281938 586.09 195.88 69.62 60.18 0 0.261756 141.20 247.76 97.64 64.62 0 0.259766 45.83 199.34 95.43 55.00 0
133,
134,0.665518 290.56 270.20 27.29 40.02 0 0.654895 725.89 587.30 23.71 51.19 0 0.654569 337.01 426.80 24.97 45.08 0 0.652271 619.50 412.86 21.78 47.77 0 0.650224 631.17 264.18 19.26 39.98 0 0.645306 580.43 263.50 18.47 38.89 0 0.645096 386.03 319.41 22.11 42.11 0 0.642347 606.08 263.33 19.05 38.72 0 0.638349 412.64 316.78 24.38 44.31 0 0.633563 575.44 312.90 23.05 47.42 0 0.632847 236.50 479.76 27.73 49.40 0 0.632761 264.90 481.01 25.93 48.54 0 0.627327 365.33 424.68 24.67 43.83 0 0.616259 664.42 586.67 25.69 55.17 0 0.615507 629.15 310.90 22.87 48.33 0 0.614994 534.31 419.90 22.87 44.41 0 0.614674 500.44 272.24 21.69 37.66 0 0.610253 603.48 311.91 22.59 48.68 0 0.596579 441.06 316.55 23.16 44.49 0 0.589633 547.35 312.83 23.24 46.59 0 0.585980 681.59 308.35 21.07 41.55 0 0.580457 450.44 419.69 23.64 44.75 0 0.579839 306.91 324.86 22.53 39.60 0 0.578939 310.38 428.44 23.71 43.92 0 0.577502 358.38 322.04 21.65 40.26 0 0.577312 367.69 273.80 21.21 37.90 0 0.575206 332.07 324.42 23.11 39.35 0 0.574360 478.21 421.41 24.14 42.07 0 0.568164 1323.29 122.40 20.64 40.27 0 0.567145 343.23 276.68 23.42 35.60 0 0.565867 295.73 485.86 25.12 49.69 0 0.561041 505.95 420.06 24.39 42.45 0 0.557872 1390.51 460.48 27.58 55.30 0 0.537361 702.40 413.95 22.09 44.88 0 0.534906 450.76 270.06 21.79 37.90 0 0.522276 551.00 267.00 20.76 41.35 0 0.518476 1233.39 149.01 42.10 21.87 0 0.517650 673.87 412.90 22.42 46.78 0 0.515760 705.81 306.51 19.44 40.23 0 0.514898 655.03 265.14 19.32 41.23 0 0.513654 645.80 412.39 21.66 45.97 0 0.492665 925.76 23.54 32.57 36.63 0 0.478280 421.61 417.23 24.62 45.81 0 0.477944 521.41 314.67 22.40 45.58 0 0.475190 752.49 579.94 27.67 54.21 0 0.468897 681.79 259.29 20.60 40.19 0 0.467789 1336.33 212.79 23.99 44.80 0 0.460186 415.81 208.88 11.40 17.26 3 0.454170 278.72 323.95 23.68 41.88 0 0.451668 736.06 307.01 22.67 46.01 0 0.446541 1229.47 114.76 39.19 21.45 0 0.444612 392.99 419.40 24.65 45.42 0 0.443760 737.80 260.61 20.20 41.68 0 0.441569 729.18 415.38 22.72 45.38 0 0.441444 1400.19 523.93 26.88 47.47 0 0.435548 283.91 428.70 22.53 42.54 0 0.415980 475.45 270.02 20.38 36.99 0 0.399433 252.35 424.21 26.50 42.91 0 0.390278 765.52 304.15 20.78 42.63 0 0.389995 412.37 416.70 22.43 44.49 0 0.386447 922.48 302.66 22.38 52.62 1 0.372290 464.89 316.05 23.56 47.55 0 0.364391 752.84 652.66 26.79 52.54 0 0.338682 591.03 414.17 23.32 47.02 0 0.329947 293.40 212.04 14.43 19.74 3 0.329390 524.22 270.27 21.24 40.71 0 0.323365 459.73 209.25 12.64 18.46 3 0.313050 1376.52 403.44 27.69 52.34 0 0.277708 1358.28 307.93 24.97 43.09 0 0.276990 497.64 315.69 22.02 45.71 0 0.265126 1226.60 123.18 38.54 23.42 0
135,0.620584 719.12 1.13 17.51 35.71 3 0.535263 445.16 0.00 71.37 23.96 1 0.492245 766.06 9.35 18.46 39.11 3 0.375913 786.89 8.15 16.74 34.76 3 0.362870 743.65 0.00 18.43 38.17 3 0.353723 1175.80 108.38 29.85 20.09 0 0.344638 419.81 0.00 68.37 17.38 1 0.336151 426.49 0.00 82.93 18.48 1 0.322450 1134.55 104.55 31.10 21.49 0 0.318167 593.43 683.36 13.99 20.82 2 0.302356 1029.97 658.12 18.08 17.78 3 0.297955 701.36 1.60 17.01 35.72 3 0.295267 751.95 1.73 20.50 44.22 3 0.290712 803.46 147.07 16.15 16.31 3 0.289181 824.56 240.74 15.22 19.38 2 0.284661 638.43 305.35 28.56 31.13 0 0.281007 750.43 7.42 19.33 42.04 3 0.264758 368.66 96.82 14.83 19.80 2 0.253040 859.47 676.23 14.86 26.26 3
136,0.679861 1123.21 823.80 25.87 55.69 0 0.662759 1196.81 460.79 24.28 55.92 0 0.656689 1271.89 461.44 24.50 56.00 0 0.653444 766.53 704.86 54.18 28.72 0 0.652244 1230.26 462.61 24.98 60.18 0 0.650194 940.54 386.68 25.16 54.63 0 0.642792 464.09 306.76 26.64 57.93 0 0.637217 1228.65 579.56 24.62 52.04 0 0.633579 793.83 806.79 24.60 49.26 0 0.628749 1229.76 384.27 24.17 54.02 0 0.625513 1003.08 473.18 26.01 53.71 0 0.618295 384.96 64.85 26.91 52.78 0 0.616582 904.63 89.18 38.33 52.73 0 0.614648 407.31 499.27 28.21 50.45 0 0.613911 602.68 297.74 27.65 58.32 0 0.613322 304.67 502.41 30.79 55.47 0 0.606465 1107.68 587.85 53.98 23.46 0 0.604798 1083.60 822.53 27.75 58.06 0 0.600728 976.12 385.51 24.99 51.92 0 0.599118 1038.77 466.86 26.63 59.02 0 0.589286 829.38 802.58 26.08 48.65 0 0.582907 1073.82 466.21 24.98 58.28 0 0.581879 481.41 182.18 25.13 53.60 0 0.580962 1004.40 390.37 24.46 53.02 0 0.580343 385.68 182.84 26.54 57.04 0 0.575161 1059.45 65.06 46.97 54.80 0 0.570504 1129.06 382.32 25.95 56.73 0 0.570291 1039.21 582.91 52.95 24.07 0 0.563243 1160.27 381.87 25.22 56.10 0 0.562340 1268.10 726.24 56.66 26.50 0 0.559587 328.11 56.48 27.24 60.32 0 0.559484 942.06 797.36 28.30 59.13 0 0.551533 1192.30 579.85 25.00 51.66 0 0.546043 1134.53 460.34 26.03 59.41 0 0.543723 1052.53 799.71 23.45 51.89 0 0.542319 1096.74 383.02 27.32 56.92 0 0.540872 515.79 178.84 27.72 57.16 0 0.534399 1058.23 265.41 25.60 59.06 0 0.530519 1263.39 383.07 25.63 56.23 0 0.519523 1245.96 683.09 55.81 29.04 0 0.512650 423.16 309.07 28.80 54.97 0 0.510834 1037.55 389.09 24.74 58.35 0 0.507396 1196.13 382.36 24.98 58.20 0 0.505969 855.84 480.15 27.24 54.72 0 0.501948 906.81 388.10 24.48 58.66 0 0.501583 1165.46 459.17 26.55 59.18 0 0.500158 373.10 495.13 28.77 55.80 0 0.488363 343.46 499.44 27.12 56.65 0 0.484136 445.66 181.56 28.66 56.49 0 0.481610 1304.19 461.40 25.52 53.34 0 0.474114 1257.51 583.71 24.51 52.58 0 0.463828 761.49 739.70 59.30 27.71 0 0.453579 749.48 665.89 54.57 26.75 0 0.442663 1022.35 804.35 25.44 50.42 0 0.438443 819.80 494.29 22.80 47.83 0 0.429109 893.51 13.82 31.71 62.85 0 0.419995 756.72 800.64 26.98 54.53 0 0.373674 708.39 281.23 31.32 56.05 1 0.345111 876.24 394.87 26.89 56.70 0 0.291141 1046.85 11.73 45.30 47.54 0
137,0.847340 837.94 531.56 66.65 39.35 1 0.297853 559.16 490.76 19.46 17.21 0 0.274737 553.79 474.30 19.21 18.29 0
138,0.807585 737.68 121.66 39.05 37.40 1 0.749732 1111.58 377.16 30.11 51.02 1 0.672464 1259.74 402.91 64.85 40.29 1 0.607341 1087.45 542.18 25.47 45.64 0 0.561041 1117.76 289.98 22.04 34.81 0 0.560820 574.37 658.12 56.79 33.19 0 0.536259 837.75 205.08 39.13 25.01 0 0.493340 872.35 39.96 33.06 20.61 0 0.474964 1115.01 331.78 25.14 35.43 0 0.450230 830.29 232.59 34.39 26.37 0 0.427999 1125.03 245.98 22.86 34.57 0 0.409069 1244.03 566.38 36.12 108.71 1 0.375055 407.22 79.60 10.14 14.60 2 0.349486 1256.59 394.88 66.19 43.50 1 0.333613 737.39 80.48 12.68 16.39 3 0.331442 354.41 44.57 12.50 20.10 2 0.311898 1070.16 689.43 30.09 29.35 0 0.308688 1130.37 195.21 20.94 33.77 0 0.296755 425.86 40.20 14.58 16.65 2 0.295338 0.71 50.75 13.56 30.31 0 0.272322 1263.99 412.25 64.35 34.71 1
139,0.706516 688.27 0.00 29.73 53.88 1 0.688817 446.00 632.49 57.59 27.54 0 0.671374 476.80 543.38 25.72 49.61 0 0.668284 772.53 554.94 25.24 62.71 0 0.638415 89.00 50.82 30.01 56.89 0 0.631532 676.60 196.70 27.49 59.94 0 0.629402 902.42 108.20 25.39 54.32 0 0.628219 911.91 187.01 24.08 56.65 0 0.626132 667.40 539.80 27.11 51.41 0 0.623882 523.65 537.08 24.83 52.60 0 0.616081 641.86 204.00 27.48 55.72 0 0.607411 835.94 190.44 24.47 54.75 0 0.606859 833.71 107.95 24.38 57.60 0 0.602664 774.17 189.61 24.89 55.29 0 0.590375 797.60 107.56 24.00 57.24 0 0.590353 699.40 536.55 26.99 56.25 0 0.584396 542.95 121.13 26.01 57.87 0 0.578262 835.19 308.29 26.26 55.97 0 0.574769 454.95 218.10 28.32 57.95 0 0.573366 50.19 53.43 31.50 56.48 0 0.569383 711.29 194.23 26.71 60.96 0 0.568720 869.60 302.89 23.87 56.65 0 0.563313 765.96 110.63 25.32 58.45 0 0.556432 640.93 118.84 24.71 55.41 0 0.555863 867.27 105.18 22.41 56.43 0 0.549289 437.11 542.59 25.75 54.92 0 0.533963 673.15 117.38 25.09 56.56 0 0.529506 575.23 118.02 25.70 53.64 0 0.517252 1867.55 786.70 50.97 26.27 0 0.512711 509.64 128.73 26.79 60.16 0 0.506718 398.42 539.01 29.30 57.13 0 0.505137 590.45 534.81 27.00 55.15 0 0.504762 870.01 190.07 24.40 58.12 0 0.500891 608.45 114.05 25.47 55.09 0 0.462823 948.01 184.38 27.33 55.06 0 0.460694 492.62 214.67 28.87 56.93 0 0.451804 892.27 411.27 57.39 28.33 0 0.438480 805.69 190.69 26.14 55.50 0 0.437963 901.19 305.07 26.22 57.87 0 0.426500 2.73 244.34 25.96 55.52 0 0.420297 407.13 481.40 54.05 24.88 0 0.413602 679.75 313.76 49.36 24.74 0 0.403578 225.50 34.99 33.78 61.56 0 0.403191 733.85 110.77 26.20 58.23 0 0.402819 436.76 441.54 39.57 24.24 0 0.402024 403.07 442.95 43.42 26.13 0 0.395978 731.41 553.13 28.18 61.45 0 0.347252 388.17 407.39 57.17 27.64 0 0.331546 410.70 441.99 54.99 26.07 0 0.281022 797.20 115.01 25.69 62.37 0 0.255992 912.64 448.18 49.35 27.12 0 0.253253 339.26 15.43 29.78 54.47 1
140,0.752186 588.77 874.89 54.80 30.23 0 0.698142 825.98 847.84 60.18 32.74 0 0.682779 594.21 776.48 57.13 31.65 0 0.670702 834.83 750.73 60.17 28.63 0 0.627876 451.46 13.76 32.65 58.56 0 0.623857 671.72 678.48 57.12 29.93 0 0.611611 1069.97 725.75 56.49 30.35 0 0.610527 832.44 781.63 57.63 31.21 0 0.603811 824.08 945.00 59.64 31.30 0 0.603326 659.31 1041.42 61.63 33.07 0 0.592816 356.11 3.22 29.44 58.70 0 0.592225 602.18 713.01 54.44 27.65 0 0.591095 674.74 843.19 56.44 27.19 0 0.583087 817.05 1012.80 57.96 33.61 0 0.574141 667.79 777.45 54.46 30.24 0 0.571716 673.18 745.73 49.27 29.19 0 0.569543 665.08 942.61 54.80 28.67 0 0.547433 596.58 844.75 56.85 27.34 0 0.536779 603.60 809.14 55.82 30.52 0 0.535831 389.18 7.93 29.43 60.08 0 0.520192 673.47 872.46 56.68 28.82 0 0.519718 673.78 707.82 55.23 28.77 0 0.516447 590.86 974.43 55.08 29.87 0 0.503038 1064.73 689.81 57.87 30.46 0 0.500463 578.02 1038.09 57.98 30.44 0 0.498174 814.83 975.31 64.53 33.41 0 0.496813 671.97 906.04 57.43 30.38 0 0.491463 594.63 745.76 56.59 28.34 0 0.488069 667.35 1009.01 57.61 29.16 0 0.482573 1153.97 695.58 55.31 29.25 0 0.481200 682.21 708.16 60.47 31.15 0 0.480427 599.30 942.51 48.24 29.60 0 0.479285 666.03 971.70 52.41 30.60 0 0.479013 836.41 715.94 59.69 29.15 0 0.474963 420.49 16.56 29.52 56.85 0 0.474235 814.12 1044.66 62.90 33.76 0 0.470402 827.02 816.70 55.87 29.93 0 0.462666 589.33 1004.73 59.76 29.51 0 0.448402 1068.25 788.53 62.17 29.42 0 0.437728 574.96 1056.95 59.34 23.05 0 0.429863 697.72 478.25 70.61 29.99 1 0.428534 669.19 914.01 52.62 27.55 0 0.419181 668.52 983.59 54.87 30.46 0 0.400819 823.31 880.36 58.37 31.92 0 0.394985 582.90 906.04 54.70 30.26 0 0.366567 0.00 0.00 23.61 47.84 0 0.357007 1886.57 26.91 33.43 29.10 0 0.318998 599.31 727.92 55.79 26.81 0 0.286499 484.69 9.14 29.03 58.95 0 0.286098 499.86 471.76 26.40 14.19 3 0.283881 830.14 802.48 56.48 29.31 0 0.252183 611.35 808.83 54.07 27.65 0
141,0.623688 153.54 707.07 53.28 27.76 0 0.565316 1594.63 725.18 58.74 26.22 0 0.537000 463.15 712.75 55.83 26.09 0 0.536836 137.20 786.88 61.07 29.62 0 0.414157 1110.81 717.19 53.12 24.32 0 0.405980 866.81 716.90 55.87 26.69 0 0.349490 1110.17 719.39 56.92 28.16 0
142,0.519711 772.57 612.99 57.41 84.64 0 0.503389 835.23 804.98 63.90 112.72 0 0.439864 888.95 950.21 67.60 122.00 0 0.421483 777.89 256.11 36.74 45.63 0 0.418705 772.07 598.77 51.97 75.44 0 0.335174 876.46 930.69 59.52 94.83 0 0.293082 878.08 945.10 71.65 117.70 0 0.287565 898.70 979.15 63.10 93.12 0 0.251790 839.04 796.94 50.74 108.91 0
143,0.669743 588.91 739.25 78.01 92.99 0 0.648148 220.99 917.05 81.98 108.16 0 0.639701 1118.67 748.90 76.67 91.89 0 0.631146 1170.65 722.72 73.02 82.31 0 0.628688 276.06 896.97 72.93 109.09 0 0.615473 785.37 627.81 71.32 90.00 0 0.609253 645.89 706.49 72.84 84.52 0 0.608514 443.18 817.20 69.24 93.60 0 0.604263 339.91 875.80 69.01 90.51 0 0.599484 684.52 672.53 76.86 98.23 0 0.598910 766.99 946.13 68.23 87.08 0 0.597223 1091.03 923.28 85.00 101.28 0 0.589024 1237.29 826.31 90.51 110.44 0 0.587067 973.05 834.27 77.57 90.51 0 0.583664 838.52 596.06 62.27 87.85 0 0.579417 890.17 563.54 69.08 92.02 0 0.577749 933.69 872.76 62.82 81.56 0 0.569818 1064.85 770.55 82.42 102.63 0 0.563564 13.63 596.77 70.68 89.05 0 0.562622 1031.62 491.81 69.95 89.82 0 0.557500 747.81 658.42 68.22 89.38 0 0.555864 862.26 433.16 65.65 84.84 0 0.553651 1012.26 801.20 83.67 95.36 0 0.552457 118.37 556.74 64.18 84.37 0 0.551039 714.72 965.60 72.77 97.91 0 0.549742 537.95 750.68 83.59 97.36 0 0.545919 392.91 834.47 58.39 95.55 0 0.541920 982.76 519.12 67.18 83.94 0 0.538988 927.42 425.43 70.21 78.50 0 0.534663 1137.78 887.63 81.62 100.03 0 0.530065 981.90 408.33 66.24 78.50 0 0.513229 968.78 386.62 60.87 71.42 0 0.512087 822.65 908.31 69.26 98.76 0 0.507752 924.28 415.67 65.87 80.20 0 0.500722 111.44 550.65 61.54 87.50 0 0.498646 932.12 542.15 67.99 89.16 0 0.486029 875.66 894.72 69.00 94.62 0 0.485726 395.78 839.87 71.37 101.88 0 0.474972 663.91 996.98 67.94 79.83 0 0.473792 173.15 945.03 68.43 100.70 0 0.471786 945.20 1012.99 58.64 67.01 0 0.447947 973.91 392.82 70.19 83.27 0 0.443181 287.83 901.78 70.29 99.64 0 0.440428 614.47 1023.71 51.35 56.29 0 0.440014 0.00 627.92 43.22 92.50 0 0.414911 919.91 849.16 62.36 73.60 0 0.413084 926.28 848.83 64.51 84.37 0 0.387667 881.63 907.04 72.83 88.30 0 0.386397 167.74 946.36 61.79 90.04 0 0.384197 1416.58 1033.16 31.90 34.50 3 0.363134 948.04 559.72 66.44 78.42 0 0.351304 1076.26 785.83 75.23 89.47 0 0.346349 405.27 825.76 73.44 97.25 0 0.331076 1.64 610.25 67.46 93.02 0 0.324324 1049.45 772.70 82.99 104.54 0 0.319847 189.31 932.74 89.57 104.66 0 0.308116 778.55 961.10 73.44 84.44 0 0.301858 590.50 727.30 67.34 95.49 0 0.287690 990.71 424.61 59.76 64.55 0 0.286349 878.27 576.54 73.19 94.82 0 0.279426 777.08 635.41 74.77 97.48 0 0.276526 1160.86 710.63 73.73 69.76 0 0.271750 1038.26 501.43 72.89 88.27 0 0.269624 234.64 908.37 84.07 111.76 0 0.268489 1105.62 756.52 82.74 99.93 0 0.266996 316.13 883.76 80.03 107.23 0 0.265399 551.93 94.64 52.84 69.94 0 0.261544 23.10 603.17 68.14 88.94 0 0.261287 812.58 912.60 68.40 98.51 0 0.255749 777.21 935.66 68.52 91.81 0
144,0.758375 1712.21 687.84 180.86 101.57 1 0.753314 887.77 326.78 40.22 81.37 1 0.722070 1613.61 481.64 136.36 53.20 0 0.707198 23.40 677.89 157.65 62.63 0 0.701275 645.52 377.50 38.35 24.24 3 0.649298 208.79 485.98 129.59 71.25 0 0.640884 192.68 670.54 162.03 68.73 0 0.626556 1470.44 480.33 121.68 51.97 0 0.623226 639.35 423.76 36.20 23.78 3 0.612870 1778.19 481.95 140.07 56.04 0 0.610384 638.50 439.17 40.00 25.19 3 0.605928 824.09 362.68 19.41 40.25 3 0.576858 659.03 324.35 40.14 22.04 3 0.575402 1352.58 480.62 49.62 29.72 3 0.564738 0.15 496.12 67.89 56.06 0 0.468233 126.63 368.09 52.74 38.95 0 0.455318 17.51 228.72 41.51 40.37 0 0.427687 658.01 342.17 38.10 22.78 3 0.403120 4.50 363.82 54.24 41.65 0 0.391986 629.68 438.53 34.20 24.55 3 0.390117 68.73 236.06 45.79 38.49 0 0.386612 993.67 265.92 17.69 33.27 3 0.345027 178.67 236.59 50.33 32.52 0 0.343190 667.34 1025.30 36.09 43.26 2 0.315529 1047.14 278.38 24.73 27.24 3 0.315319 662.45 1052.25 41.89 27.75 3 0.297056 176.06 233.29 45.84 31.84 0 0.295845 652.18 378.46 37.15 21.33 3 0.289659 1351.37 476.57 49.07 27.93 3 0.279312 1.25 229.30 29.87 34.92 0 0.277809 662.63 1029.59 40.35 44.13 3 0.275973 628.57 423.80 32.18 23.30 3 0.255739 287.14 543.79 46.41 39.25 3
145,0.463174 536.01 971.96 48.03 53.93 0 0.443407 1083.67 987.93 48.94 43.60 0 0.425252 580.49 892.69 50.73 28.61 0 0.350278 536.08 980.72 41.01 61.52 0 0.323954 893.37 584.77 30.20 27.23 0 0.310840 567.29 927.49 46.85 29.62 0 0.278625 1747.02 459.47 42.30 30.99 0 0.260331 858.26 640.01 33.56 64.06 1
146,0.576301 1387.18 628.55 40.57 33.32 0 0.536647 1153.18 634.63 39.20 48.17 0 0.526111 765.91 508.17 35.47 47.09 0 0.524768 812.04 501.29 35.65 48.92 0 0.497324 1202.07 628.43 42.06 54.98 0 0.494271 722.54 755.13 54.24 27.65 0 0.485399 723.38 513.94 34.50 46.38 0 0.454697 1105.30 623.75 37.30 52.20 0 0.439376 458.57 607.61 83.54 41.77 0 0.419166 1340.00 641.79 39.39 48.86 0 0.414050 717.75 758.77 55.51 28.64 0 0.389994 1390.21 650.85 41.91 37.05 0 0.357968 1012.27 623.47 42.12 46.89 0 0.352923 699.23 473.60 33.52 44.00 0 0.331625 1394.84 656.19 40.40 36.94 0 0.320330 780.83 473.85 30.77 42.16 0 0.300012 890.91 484.68 28.80 39.87 0 0.295605 854.97 487.39 29.29 44.72 0 0.290724 773.49 477.35 31.52 40.46 0 0.281651 1004.04 607.14 33.13 33.87 0 0.275524 1337.87 656.50 41.49 43.58 0 0.265322 705.74 472.91 30.76 43.41 0 0.259454 741.44 477.43 29.58 36.87 0
147,0.652887 757.06 132.21 31.14 19.97 3 0.601353 571.66 800.87 31.62 34.14 3 0.561128 763.31 85.11 28.85 18.68 3 0.558816 760.24 110.18 29.90 17.47 3 0.509830 907.02 661.30 31.39 52.05 3 0.505752 779.81 42.83 30.74 19.80 3 0.497689 966.70 9.08 24.01 42.81 0 0.480631 971.29 96.19 34.63 49.41 0 0.413133 1009.79 540.44 47.06 87.53 0 0.398157 966.48 18.93 23.23 39.98 0 0.365869 967.43 51.61 24.58 30.05 0 0.351944 1016.12 655.13 44.83 106.41 0 0.336985 786.08 0.00 32.56 15.20 3 0.322879 1015.67 546.06 40.81 104.21 0 0.264067 783.86 17.07 31.27 16.69 3
148,0.802426 919.83 844.03 73.18 37.62 1 0.788307 494.86 621.58 32.62 66.90 1 0.759167 496.30 357.80 38.39 64.43 1 0.732419 665.10 320.93 54.15 26.52 0 0.731621 1400.77 71.70 19.05 31.59 0 0.701189 461.07 581.21 26.37 46.56 0 0.697480 489.20 574.33 33.09 55.70 1 0.693199 209.52 636.77 27.72 46.39 0 0.692708 1224.66 533.33 33.37 38.57 0 0.686624 331.93 522.45 29.48 47.55 0 0.679346 771.09 302.09 48.87 24.14 0 0.658614 277.24 780.45 30.35 54.47 0 0.658342 331.63 961.74 34.00 64.07 0 0.654999 368.63 601.74 25.57 45.97 0 0.642505 413.10 749.22 27.61 48.31 0 0.637775 298.69 968.25 32.42 66.44 0 0.636597 448.42 376.95 30.31 47.65 0 0.635758 1235.38 400.69 44.03 21.99 0 0.632927 477.07 912.71 32.31 64.92 0 0.629582 1375.15 9.81 23.03 24.62 0 0.623895 444.46 741.80 29.44 54.74 0 0.623510 491.77 601.96 32.80 68.86 1 0.613693 512.18 902.52 36.64 68.19 0 0.610747 477.55 735.86 30.39 56.57 0 0.609285 508.86 728.14 31.93 56.94 0 0.604588 385.51 1019.76 18.38 28.45 3 0.602875 92.55 893.14 34.46 62.68 0 0.601568 428.31 591.42 26.00 45.22 0 0.601397 1305.79 78.22 17.93 28.62 0 0.597533 144.55 1016.88 33.81 63.12 0 0.592014 828.66 298.13 38.82 20.11 0 0.590771 1299.44 181.31 22.59 26.32 0 0.582639 239.74 627.74 31.14 46.45 0 0.581608 278.63 842.10 33.43 63.85 0 0.579827 312.68 837.25 32.06 63.10 0 0.576997 1376.71 73.26 18.74 31.20 0 0.574639 1328.91 76.05 18.60 29.85 0 0.571884 443.96 921.76 30.58 61.60 0 0.568708 1194.22 11.49 32.42 17.76 0 0.565287 1203.57 488.62 32.53 41.51 0 0.562482 423.14 502.42 27.52 50.98 0 0.559106 303.75 524.77 28.24 48.02 0 0.553603 400.54 595.00 24.82 44.59 0 0.553573 1244.74 10.46 27.47 18.95 0 0.552005 1700.48 13.07 29.69 33.04 0 0.548024 1145.53 366.12 31.37 35.20 0 0.547023 0.00 496.65 22.20 47.67 0 0.546745 145.25 559.66 30.65 52.44 0 0.545540 240.69 534.95 30.12 55.51 1 0.545357 1671.78 850.06 46.37 49.37 0 0.541326 1523.18 33.04 36.57 18.59 0 0.539446 479.95 305.39 34.35 23.58 0 0.539207 1455.62 867.66 64.28 48.48 0 0.534693 282.57 404.87 30.63 43.92 0 0.532297 447.02 352.21 36.14 22.31 0 0.532177 1772.66 111.38 35.38 31.22 0 0.526379 1352.03 7.91 20.03 26.30 0 0.522928 136.59 427.32 31.73 52.86 0 0.519796 1767.29 637.43 45.77 30.14 0 0.517817 1125.16 327.72 30.40 33.72 0 0.514932 1637.09 16.41 26.67 27.19 0 0.513396 1107.21 600.26 30.77 40.65 0 0.509676 1449.37 1022.34 55.45 57.66 0 0.506704 102.25 1026.85 34.79 53.15 0 0.503426 1697.45 828.66 57.83 59.19 0 0.502603 24.15 336.76 25.40 47.70 1 0.498355 244.06 681.39 28.55 53.08 0 0.495574 390.71 502.78 26.97 52.22 0 0.491736 1040.41 435.30 28.24 40.09 0 0.489840 1537.70 327.42 26.02 19.05 0 0.488022 1280.57 80.42 19.75 28.56 0 0.482001 1220.57 86.95 19.43 28.39 0 0.474034 1324.49 9.59 23.67 28.42 0 0.471969 171.73 706.30 32.77 40.54 1 0.470575 260.56 982.24 31.49 59.87 0 0.468257 433.98 639.92 26.26 44.63 0 0.468127 481.12 492.21 28.16 49.23 0 0.466433 1743.82 90.88 33.79 28.18 0 0.464750 1248.68 575.95 35.87 41.64 0 0.463450 1676.58 64.54 28.88 28.02 0 0.461759 1753.51 817.79 50.05 54.04 0 0.459622 1836.50 238.89 45.78 41.21 0 0.456511 381.28 761.78 27.65 49.10 0 0.453336 1459.83 719.74 56.17 34.47 0 0.450164 374.73 655.21 27.71 52.76 0 0.447894 1165.28 16.60 31.23 18.47 0 0.444510 1198.67 87.74 19.92 28.85 0 0.438784 584.56 885.78 31.11 54.12 0 0.438616 306.00 615.58 26.19 48.43 0 0.431938 1398.23 1022.22 46.87 51.28 0 0.431631 382.99 814.87 32.54 63.68 0 0.430150 1510.72 380.21 21.40 34.25 0 0.430083 1253.03 26.72 22.99 24.40 0 0.429294 1385.54 11.15 25.19 21.10 0 0.427254 1469.72 715.65 51.52 28.44 0 0.425484 1046.12 153.55 24.63 26.77 0 0.424205 1706.70 90.13 29.54 26.74 0 0.420975 1871.90 605.83 43.07 29.68 0 0.412366 1132.60 29.08 22.25 28.12 0 0.412160 1650.44 41.68 30.34 25.13 0 0.409110 1068.00 37.06 30.99 24.73 0 0.406844 56.52 896.27 33.52 63.82 0 0.406769 1058.71 35.56 32.58 26.31 0 0.402455 1703.63 25.06 29.34 31.12 0 0.400166 833.05 871.40 61.16 36.86 0 0.396868 1716.89 64.58 31.90 26.81 0 0.393005 334.05 392.59 33.21 46.69 0 0.390520 1671.25 11.06 31.13 31.82 0 0.389413 1785.02 175.95 31.77 32.98 0 0.387198 1084.96 529.95 30.48 39.34 0 0.386625 466.72 636.81 28.71 56.72 1 0.386598 1011.57 359.01 24.30 35.91 0 0.379384 1825.61 172.11 32.05 30.99 0 0.378658 1815.08 613.80 49.63 36.57 0 0.378109 1104.38 281.72 29.04 26.31 1 0.377865 1464.98 132.80 33.10 17.63 0 0.375823 1130.17 20.66 26.23 24.65 0 0.371846 1855.31 198.57 34.48 34.21 0 0.370792 1178.34 439.59 31.80 40.21 0 0.369695 0.46 559.08 16.27 49.04 0 0.368514 1294.12 16.59 25.21 23.34 0 0.359792 1092.43 551.05 31.26 37.17 0 0.359706 1884.11 231.96 35.59 36.17 0 0.353282 1098.41 200.64 23.89 22.79 0 0.353242 341.94 666.38 28.48 54.39 1 0.353158 1810.08 208.66 35.15 30.99 0 0.352102 362.14 1031.57 17.82 28.95 3 0.351271 1864.00 725.10 52.09 51.15 0 0.346014 475.98 626.30 31.69 63.32 1 0.341703 224.22 416.51 28.71 43.71 0 0.340875 475.47 907.33 30.72 59.42 0 0.337584 243.56 493.49 24.84 38.20 0 0.331021 1688.26 833.86 56.86 54.54 0 0.328645 1083.05 247.04 32.48 26.80 0 0.326730 362.83 1027.89 18.40 28.04 3 0.322510 1781.56 107.63 33.55 30.95 0 0.321619 268.86 1061.52 14.60 18.48 3 0.319442 1677.00 844.54 48.29 52.59 0 0.319066 1659.32 48.83 30.60 27.39 0 0.312940 641.72 280.72 25.86 16.67 0 0.311638 854.19 298.33 48.20 20.37 0 0.311314 1074.38 216.99 30.78 28.37 0 0.308891 1683.25 71.61 29.33 29.12 0 0.306209 411.46 1012.95 16.45 28.78 3 0.305134 1647.74 667.99 51.85 36.05 0 0.304524 1156.90 17.20 23.86 17.77 0 0.302645 1424.44 77.06 20.13 28.37 0 0.298417 1103.66 587.24 31.16 41.09 0 0.297991 1368.74 486.57 29.05 23.74 0 0.295725 1519.64 35.90 34.23 17.75 0 0.294531 1106.06 33.86 23.20 25.46 0 0.291158 812.66 260.87 28.60 17.45 0 0.289565 1718.13 77.85 34.34 29.67 0 0.287589 1639.05 24.95 30.04 28.76 0 0.287075 106.41 1029.06 35.26 50.94 0 0.285710 1522.83 705.91 38.35 29.88 0 0.282376 1062.61 493.94 27.32 34.10 0 0.281407 1512.87 963.86 27.26 28.83 3 0.274173 1758.60 640.19 46.25 30.15 0 0.271676 1723.19 651.60 34.00 27.06 0 0.271333 1711.59 62.54 29.27 28.50 0 0.271260 866.16 300.51 41.13 19.26 0 0.264991 1349.34 499.74 18.49 18.66 0 0.264405 1363.99 465.21 27.95 26.57 0 0.262971 1031.86 400.70 26.27 27.34 0 0.261565 1009.88 350.93 25.67 37.67 1 0.259454 1026.68 117.34 24.27 30.71 1 0.256627 1115.44 302.64 30.20 24.18 0 0.252108 1860.51 139.07 30.24 25.74 0 0.251331 432.00 1000.90 17.70 27.56 3 0.250549 1782.49 60.46 21.77 22.47 0
149,0.686449 1282.48 608.09 57.10 31.73 0 0.671925 934.25 735.78 29.70 69.27 0 0.655771 1426.23 463.02 69.69 34.99 0 0.649128 704.46 583.61 74.45 34.42 0 0.639213 1275.70 364.83 60.62 33.68 0 0.632014 1284.00 651.12 64.22 33.20 0 0.631748 1173.30 576.31 68.48 33.97 0 0.625293 724.93 201.40 59.31 33.07 0 0.620398 1180.43 657.12 65.48 32.31 0 0.618287 1177.64 701.35 67.85 30.93 0 0.610375 702.80 530.29 72.82 35.29 0 0.608624 1029.30 657.74 66.54 32.77 0 0.604444 714.31 103.63 71.24 33.99 0 0.604055 1204.93 797.68 56.91 31.29 0 0.591736 1185.19 753.42 69.04 32.76 0 0.591119 1031.45 743.79 67.45 33.86 0 0.585026 1137.27 215.60 66.73 34.34 0 0.582780 1156.27 409.37 68.63 34.92 0 0.574510 732.19 346.21 69.12 35.68 0 0.573729 1127.43 169.96 66.98 35.08 0 0.568513 1284.80 695.58 64.38 29.95 0 0.567243 830.84 117.84 32.34 60.59 0 0.560554 715.20 153.29 57.99 31.87 0 0.555194 1733.88 241.45 69.69 39.06 0 0.554907 1258.72 407.79 64.64 29.62 0 0.535524 1031.56 703.03 65.91 34.13 0 0.535501 724.24 262.66 67.21 33.10 0 0.523719 1163.24 495.06 75.42 34.43 0 0.520993 1261.52 316.97 66.94 33.81 0 0.517752 730.50 488.46 73.43 35.95 0 0.505721 1276.77 562.61 72.56 32.70 0 0.504510 1055.91 459.08 30.49 67.10 0 0.502843 881.46 767.37 31.59 71.09 0 0.501924 1164.95 454.43 67.62 32.04 0 0.490687 1275.39 526.87 70.09 32.56 0 0.484039 1242.37 235.36 76.56 38.66 0 0.481546 725.00 448.41 64.80 33.09 0 0.481457 1180.34 617.37 69.98 30.51 0 0.475669 1381.72 16.04 56.74 36.05 0 0.474936 1768.49 433.24 45.88 56.70 0 0.470032 1254.41 276.01 69.52 35.30 0 0.462107 1679.98 445.31 67.47 55.00 0 0.444796 1481.77 117.63 76.04 34.40 0 0.439333 1276.69 522.25 67.23 31.41 0 0.436663 1264.96 443.74 67.86 33.06 0 0.418829 876.54 111.67 34.14 62.79 0 0.410522 1296.64 646.35 66.22 34.92 0 0.402829 1287.46 734.34 65.81 31.96 0 0.342420 1288.53 740.50 63.07 30.03 0 0.305435 1272.63 571.50 64.66 31.13 0 0.299427 1261.72 403.26 66.25 30.58 0 0.291603 1052.57 547.49 26.82 41.53 0 0.285505 926.40 93.23 32.64 60.32 0 0.279749 1283.38 643.17 66.33 34.48 0
150,0.787547 881.66 553.93 68.19 37.94 1 0.418191 601.98 495.77 25.89 20.16 0
151,0.709023 600.42 463.29 56.70 33.01 0 0.685884 773.88 724.11 63.51 36.93 0 0.668009 712.05 939.73 68.09 40.33 0 0.661443 807.01 625.35 64.05 33.92 0 0.659885 460.71 867.40 60.80 38.12 0 0.648263 706.24 415.59 57.91 35.64 0 0.648256 653.78 581.43 59.05 33.56 0 0.647121 588.78 749.82 65.53 35.75 0 0.646027 829.11 558.83 62.76 36.41 0 0.645491 563.22 557.86 58.98 35.05 0 0.638792 754.92 794.48 65.29 37.98 0 0.635111 562.21 821.38 66.49 36.35 0 0.633408 783.70 201.06 75.07 38.69 1 0.630019 718.98 895.39 64.51 38.68 0 0.626795 506.34 725.93 60.49 34.88 0 0.620018 1199.46 511.95 54.39 33.93 0 0.612787 731.56 864.91 59.71 37.10 0 0.611430 677.21 487.71 56.52 32.77 0 0.594802 549.36 591.30 54.76 33.49 0 0.594537 856.56 492.23 61.93 35.79 0 0.594050 867.41 460.42 57.82 35.89 0 0.589960 638.10 617.69 61.17 32.57 0 0.588658 515.63 965.51 65.27 37.01 0 0.581507 708.11 384.00 59.88 35.14 0 0.575504 542.75 632.13 64.92 34.94 0 0.574861 795.47 995.53 60.81 39.49 0 0.571673 738.90 828.66 59.31 35.72 0 0.568521 687.81 1014.27 63.84 39.84 0 0.562279 1102.54 484.95 60.92 35.77 0 0.559670 816.41 589.53 62.24 37.12 0 0.554533 1084.22 584.13 60.60 37.70 0 0.547275 547.18 858.11 67.83 34.87 0 0.537576 763.62 758.79 63.70 37.04 0 0.532274 1102.01 523.87 61.42 36.48 0 0.522640 612.49 432.11 59.13 32.71 0 0.517912 608.83 720.02 59.57 33.83 0 0.516855 626.83 647.85 59.57 33.05 0 0.516752 419.61 979.57 68.74 38.42 0 0.512281 297.76 36.98 54.39 44.55 0 0.511430 702.97 978.91 61.95 35.54 0 0.506926 662.35 547.20 57.69 31.69 0 0.505079 786.11 693.10 70.76 35.48 0 0.505029 578.15 531.16 61.35 31.84 0 0.501913 522.35 695.37 65.90 38.27 0 0.499133 450.29 906.60 62.74 36.86 0 0.489826 613.66 679.67 62.55 35.68 0 0.479666 533.16 925.34 67.54 38.28 0 0.474728 507.88 1005.96 62.69 36.75 0 0.470584 601.39 501.93 59.46 32.62 0 0.468476 690.38 452.00 54.43 30.46 0 0.465053 766.38 1037.00 64.80 41.30 0 0.464175 494.05 762.68 63.28 36.60 0 0.459479 846.01 526.06 56.35 31.35 0 0.450745 571.02 784.42 62.99 34.64 0 0.436281 540.89 889.58 63.58 32.85 0 0.433233 622.58 396.56 59.47 34.72 0 0.415120 541.20 663.72 59.82 33.36 0 0.410926 299.88 975.60 30.70 15.78 3 0.403457 731.75 847.20 61.81 37.55 0 0.399662 359.52 805.58 27.29 17.90 3 0.375661 621.12 644.29 61.64 31.80 0 0.364980 719.73 907.18 66.15 40.29 0 0.364642 624.08 404.84 60.24 33.90 0 0.358489 724.42 862.91 59.35 34.61 0 0.340197 600.78 711.26 62.14 35.34 0 0.337067 716.24 926.29 65.97 37.35 0 0.333116 722.27 900.29 66.69 40.07 0 0.330781 675.78 1051.48 63.25 28.52 0 0.323097 301.86 42.53 57.76 44.28 0 0.319055 756.16 769.43 65.99 42.04 0 0.313206 705.70 968.61 66.53 38.65 0 0.303715 1146.75 1016.73 55.83 34.33 0 0.298151 670.19 1046.02 62.91 33.98 0 0.297679 300.21 953.22 32.44 19.15 3 0.292378 848.77 514.53 61.24 37.11 0 0.287722 697.13 980.42 62.52 43.64 0 0.279351 378.01 758.37 27.46 20.59 3 0.273032 413.39 977.22 62.93 36.47 0 0.267354 508.34 1001.15 66.17 35.26 0 0.264209 613.75 425.72 63.59 32.91 0 0.260076 365.07 784.94 25.92 14.85 3 0.250094 531.63 661.45 64.02 31.70 0
152,0.549044 728.29 420.10 25.59 48.80 0 0.486375 681.68 1001.88 36.39 74.33 0 0.466899 715.67 606.54 27.52 57.74 0
153,0.676553 956.17 599.08 30.41 60.05 0 0.665238 768.70 378.24 27.17 48.99 0 0.661334 643.32 559.50 69.00 172.83 1 0.646636 1172.07 604.52 28.69 59.80 0 0.608667 637.90 913.77 60.09 27.75 0 0.569869 1080.76 618.24 28.33 49.96 0 0.562031 796.86 432.78 30.60 60.82 0 0.561236 1141.17 604.79 29.70 59.78 0 0.540258 400.25 1021.71 33.02 58.29 0 0.533320 989.72 599.24 28.88 60.83 0 0.520628 247.83 894.50 65.89 30.21 0 0.519043 988.08 950.59 30.54 68.61 0 0.518539 738.09 379.33 28.72 54.26 0 0.511362 59.98 801.42 56.63 31.77 0 0.505674 407.11 900.65 69.42 28.84 0 0.503382 702.42 448.87 28.90 49.99 0 0.498106 252.09 1020.96 36.02 59.04 0 0.496968 1146.77 860.96 60.37 32.80 0 0.491046 556.63 914.29 69.82 30.66 0 0.490474 956.39 950.57 31.59 66.40 0 0.481066 737.17 441.54 27.73 50.41 0 0.461806 589.61 540.00 57.79 31.18 0 0.455056 241.55 777.77 63.08 25.13 0 0.451860 474.14 1007.79 33.29 50.98 0 0.434837 700.94 376.46 31.35 64.34 0 0.425574 595.82 115.45 33.43 49.05 1 0.396897 0.26 894.27 43.62 37.36 0 0.381909 230.96 775.20 67.69 24.96 0 0.372113 11.35 991.89 32.80 43.25 0 0.345232 802.82 376.26 28.11 50.57 0 0.342106 488.62 906.79 46.20 27.83 0 0.333454 84.03 889.60 63.32 28.33 0 0.328704 1138.41 562.17 34.20 33.78 0 0.300080 1265.46 610.22 63.80 28.24 1 0.299800 65.52 768.77 53.25 28.11 0 0.295043 863.58 562.93 69.45 38.24 0 0.294487 738.15 392.12 26.90 59.92 0 0.294349 3.87 801.59 33.88 31.64 0 0.277556 590.89 342.55 29.11 44.19 0 0.271199 593.98 96.40 38.58 70.79 1 0.261671 44.96 988.53 29.57 45.96 0 0.259870 797.79 371.35 26.97 51.06 0 0.258975 281.62 1027.52 28.40 52.48 0 0.256061 1447.88 587.00 52.25 27.82 0
154,0.703528 955.48 539.82 39.72 24.09 0 0.594655 1196.28 560.07 47.44 26.65 0 0.581124 895.46 535.76 41.12 22.24 0 0.578363 1015.38 543.83 46.62 24.30 0 0.568061 1006.71 542.59 47.82 24.37 0 0.547506 646.36 511.94 46.03 27.53 0 0.501468 1133.79 556.82 51.61 24.95 0 0.493865 827.99 531.88 49.67 24.30 0 0.421462 1069.91 552.29 48.89 27.04 0 0.310164 942.51 538.94 38.40 23.92 0 0.300762 935.36 495.01 33.03 19.61 0 0.261501 914.66 494.30 22.69 16.94 0
155,0.659865 389.84 729.17 58.68 28.49 0 0.587153 455.06 657.53 53.04 25.70 0 0.580023 687.83 666.05 52.19 24.42 0 0.574994 1870.41 104.75 43.27 27.90 0 0.562005 1846.26 59.17 43.15 26.14 0 0.541930 1669.85 207.63 46.44 23.85 0 0.536004 1835.94 36.13 44.74 22.62 0 0.507729 1712.32 151.07 48.77 24.16 0 0.463252 1723.98 185.89 50.24 24.33 0 0.457918 71.12 640.17 59.75 28.28 0 0.457042 1733.08 207.56 51.93 25.96 0 0.444796 1815.78 0.00 42.28 16.43 0 0.374263 1161.85 689.80 53.76 25.04 0 0.364722 1848.36 66.15 44.40 26.42 0 0.356156 1890.30 151.53 29.70 26.30 0 0.337248 1825.61 17.23 42.77 23.27 0 0.315391 1894.34 176.76 25.66 27.31 0 0.291105 1829.93 20.17 42.61 22.87 0 0.280826 1884.85 130.96 35.15 24.10 0
156,0.739215 717.54 915.40 57.07 35.25 0 0.679143 631.43 701.62 54.81 33.87 0 0.675815 679.65 542.86 51.21 30.94 0 0.674266 848.58 556.23 57.55 34.43 0 0.668922 800.23 680.33 59.50 37.62 0 0.662287 779.70 296.43 71.48 36.16 1 0.659254 609.41 732.77 62.90 34.07 0 0.657227 706.17 946.21 61.60 36.93 0 0.647356 563.09 867.99 61.08 35.83 0 0.640732 745.57 846.43 59.88 36.78 0 0.632135 587.74 551.88 56.80 31.73 0 0.631304 536.31 937.58 59.46 35.72 0 0.627041 540.73 678.17 54.81 32.96 0 0.622119 841.59 585.94 55.68 33.61 0 0.605527 770.10 778.70 61.51 36.85 0 0.599927 516.33 1007.95 65.71 38.50 0 0.598133 701.27 983.60 60.23 39.28 0 0.592427 481.23 842.08 62.52 36.44 0 0.589971 589.47 803.58 59.27 34.58 0 0.588528 809.64 651.39 57.44 35.40 0 0.585637 1169.45 612.62 54.91 33.00 0 0.579531 605.13 770.05 57.04 35.46 0 0.577210 446.01 945.41 60.76 38.39 0 0.574430 514.69 775.46 59.79 38.20 0 0.570902 572.65 616.62 58.86 32.25 0 0.568713 1078.64 582.93 61.32 38.50 0 0.561362 650.03 633.56 54.36 34.27 0 0.558526 755.17 814.73 60.81 36.00 0 0.555249 823.66 618.45 57.43 31.79 0 0.554432 591.71 586.32 54.32 35.30 0 0.552419 614.53 490.76 59.98 33.85 0 0.551934 695.95 508.57 58.58 32.27 0 0.550732 1060.07 682.36 56.52 36.88 0 0.546119 734.87 883.77 63.64 32.93 0 0.544576 787.16 716.49 61.52 33.72 0 0.534021 546.51 904.12 65.31 34.60 0 0.524360 556.01 646.24 57.66 32.38 0 0.519568 572.80 834.74 60.19 35.15 0 0.518235 685.70 1022.49 65.66 36.41 0 0.515061 603.71 522.94 55.43 30.02 0 0.513831 435.55 981.78 60.77 36.83 0 0.510020 310.62 124.69 52.98 48.46 0 0.507851 640.34 669.51 62.42 34.36 0 0.501898 354.61 882.70 27.81 15.70 3 0.497954 752.68 810.87 70.16 33.61 0 0.485650 493.29 1044.01 65.89 35.99 0 0.482214 1072.36 619.13 63.42 36.56 0 0.476413 669.71 576.26 54.28 29.89 0 0.449081 530.09 748.63 56.86 32.49 0 0.432338 490.81 810.94 56.58 30.86 0 0.416132 537.32 711.28 52.01 31.16 0 0.409443 697.49 476.78 56.46 31.64 0 0.406857 527.00 969.64 61.91 36.09 0 0.333588 288.45 1048.66 28.79 13.95 3 0.329303 409.50 1050.67 59.79 29.33 0 0.324061 541.41 720.35 55.47 30.48 0 0.321671 596.95 760.40 61.11 31.59 0 0.319408 717.43 908.34 63.17 34.31 0 0.318318 702.31 963.93 62.88 41.26 0 0.317695 479.13 834.72 61.14 32.35 0 0.313653 697.72 977.51 61.47 36.77 0 0.311307 443.37 953.87 64.51 38.32 0 0.311194 291.80 1027.48 27.61 16.26 3 0.308271 757.85 792.79 68.06 35.48 0 0.300893 681.97 1057.43 61.89 22.57 0 0.298848 557.74 864.86 58.42 34.42 0 0.297978 1074.06 597.68 67.43 39.70 0 0.292951 526.92 735.15 59.76 34.23 0 0.277873 1062.81 686.51 57.40 39.50 0 0.277199 705.91 952.86 61.28 36.31 0 0.268895 411.95 1054.51 62.90 25.49 0 0.268296 363.07 859.68 24.31 15.38 3 0.267610 533.68 725.03 57.67 34.16 0 0.267407 499.74 792.12 64.81 41.09 0 0.256141 585.29 823.56 60.83 39.62 0 0.254931 828.28 605.58 60.31 39.63 0
157,0.708629 813.64 817.16 63.85 32.50 0 0.690175 1232.98 606.54 72.60 31.01 0 0.657972 483.51 773.40 32.75 65.87 0 0.652316 241.43 538.17 28.94 51.17 0 0.649657 961.83 384.76 27.63 44.18 0 0.620336 1267.83 500.44 26.22 50.55 0 0.564305 598.76 775.54 27.83 54.64 0 0.544508 1375.01 638.50 52.29 29.37 0 0.535074 1063.64 383.51 23.23 40.03 0 0.533341 430.39 783.91 34.50 64.22 0 0.529395 899.53 374.42 43.92 27.02 0 0.511042 563.32 772.02 28.76 58.19 0 0.501017 1005.41 441.29 21.17 39.31 0 0.489758 70.35 963.99 60.19 27.21 0 0.489715 596.60 319.42 54.47 22.44 0 0.460542 836.39 374.64 53.44 23.26 0 0.426529 1056.87 510.07 29.68 52.11 0 0.424133 56.29 798.39 38.74 70.46 0 0.414741 1017.97 495.59 35.38 56.91 0 0.414242 303.07 314.74 36.29 43.87 0 0.399112 990.82 300.38 26.05 21.33 3 0.397058 1213.06 511.63 28.18 50.97 0 0.376369 1891.74 28.24 27.31 30.39 0 0.358189 1237.82 505.51 26.21 53.10 0 0.353812 1321.00 516.10 23.51 38.99 0 0.350506 302.04 305.54 36.11 45.06 0 0.338524 1225.35 816.62 46.82 33.37 0 0.336536 302.51 329.31 38.61 35.33 0 0.327013 1152.07 506.60 34.69 54.49 0 0.314809 1004.09 350.46 58.52 16.47 0 0.290364 80.67 961.65 78.11 26.91 0 0.276336 1864.78 38.73 32.03 32.15 0 0.272030 1855.77 41.92 28.10 29.96 0 0.271148 163.21 794.20 24.05 28.18 3
158,0.712211 1243.14 607.03 67.31 31.94 0 0.617428 486.69 775.00 32.26 61.27 0 0.608533 434.67 782.69 34.27 63.67 0 0.608463 814.95 816.98 63.63 31.53 0 0.604468 606.35 319.01 51.76 21.91 0 0.600132 1009.77 438.85 21.76 42.44 0 0.597955 63.28 797.28 38.07 66.90 0 0.561203 1273.31 501.18 26.41 51.73 0 0.559758 568.16 774.99 30.03 57.09 0 0.554908 603.47 774.51 30.21 57.38 0 0.534933 1216.99 512.42 28.58 52.40 0 0.528422 1899.43 191.95 19.77 42.97 0 0.517758 840.14 377.05 54.94 23.18 0 0.509303 1244.43 506.05 25.38 52.30 0 0.504906 1410.23 649.23 49.52 42.55 0 0.496376 1025.03 497.54 33.73 47.63 0 0.467306 904.16 376.06 45.46 22.59 0 0.445705 241.79 528.53 33.17 54.83 0 0.422417 1123.77 475.09 32.31 47.61 0 0.412228 1225.98 815.98 55.02 35.55 0 0.401934 76.20 960.93 55.55 26.80 0 0.392704 1865.54 48.26 29.37 31.83 0 0.384337 1564.46 852.10 24.04 33.01 0 0.377853 1063.11 516.50 28.82 47.43 0 0.371886 967.25 389.37 24.99 42.32 0 0.364062 1671.70 1043.51 46.37 22.41 0 0.340571 1895.64 34.16 24.01 29.16 0 0.332882 1012.82 352.12 52.11 13.86 0 0.327022 1508.17 342.17 21.54 30.16 0 0.326264 1541.30 535.87 47.80 22.73 0 0.322664 1892.55 297.37 27.45 38.84 0 0.321200 1002.28 301.03 24.34 20.33 3 0.314226 878.30 787.79 35.17 39.87 0 0.296571 314.41 318.97 29.94 38.45 0 0.289770 82.12 960.03 73.38 27.44 0 0.267443 369.96 328.32 52.58 25.29 0 0.264505 1300.27 512.00 22.62 45.19 0 0.255100 1326.43 518.15 21.46 38.99 0 0.253732 611.94 281.67 65.61 25.99 0
159,0.810856 274.53 537.89 81.79 80.25 1 0.695366 36.55 831.67 167.64 79.10 0 0.653369 324.20 279.29 38.39 36.81 0 0.648944 94.58 718.66 84.11 86.45 0 0.643915 264.69 346.17 48.62 48.26 0 0.642620 844.72 273.76 59.46 27.29 0 0.638957 164.51 729.01 80.78 79.98 0 0.635214 1379.31 527.43 64.77 66.88 0 0.632656 627.01 688.16 36.56 29.48 3 0.632200 390.46 356.82 47.79 42.34 0 0.617491 168.79 599.39 80.95 76.15 0 0.615082 291.19 418.97 42.62 48.05 0 0.597576 1639.65 544.40 79.64 63.12 0 0.595026 221.64 345.49 46.05 47.14 0 0.593861 98.18 417.40 48.07 47.00 0 0.592812 671.43 605.29 20.05 35.57 3 0.590717 994.21 271.97 56.69 25.76 0 0.589451 595.54 242.72 31.90 27.40 0 0.580899 910.33 749.37 169.05 96.35 1 0.578086 1858.23 248.77 34.69 24.26 0 0.575109 1221.02 131.84 31.92 21.65 0 0.573286 145.10 418.51 51.48 45.68 0 0.572828 287.86 281.05 39.84 33.01 0 0.567346 397.96 288.15 41.06 31.88 0 0.562694 1820.52 175.88 35.76 21.78 0 0.559000 28.19 224.77 47.77 35.14 0 0.551357 245.95 733.20 68.00 79.63 0 0.549981 360.05 284.83 37.12 35.40 0 0.548328 221.19 542.42 58.11 52.93 0 0.546871 919.47 271.70 60.05 28.26 0 0.545851 1551.64 449.48 67.09 63.48 1 0.544377 181.40 276.33 40.43 24.77 0 0.544206 1285.40 389.72 45.19 43.85 0 0.543658 328.82 408.46 57.26 58.05 1 0.536770 1348.41 465.48 53.04 55.15 0 0.536131 1291.86 199.13 32.10 25.76 0 0.530023 1.88 594.52 70.64 82.86 0 0.529353 195.57 420.78 58.11 47.31 0 0.526402 95.91 361.32 51.16 37.73 0 0.520099 355.89 461.02 54.69 49.39 1 0.519742 472.26 750.63 38.77 26.11 3 0.516752 1244.17 317.39 37.71 35.36 0 0.516056 474.03 447.20 78.26 94.36 1 0.513203 1602.92 176.43 29.02 18.89 0 0.513123 1764.08 173.83 32.01 21.25 0 0.510788 754.22 269.95 72.90 32.92 0 0.508319 1718.30 226.75 37.50 25.68 0 0.493595 1.90 425.21 46.94 44.78 0 0.492999 885.50 708.95 23.41 39.84 3 0.489118 1677.10 175.16 31.99 21.33 0 0.486483 534.85 748.67 25.35 42.36 3 0.486267 1637.37 204.99 30.03 22.84 0 0.485179 322.85 284.09 36.11 36.33 0 0.484332 1817.02 491.41 69.94 50.31 0 0.483560 2.50 546.30 63.08 48.76 0 0.482401 1653.36 205.65 35.77 22.43 0 0.481812 1428.34 328.69 37.97 25.92 0 0.481513 155.38 545.61 65.56 58.50 0 0.480747 1747.46 207.50 39.74 22.37 0 0.473048 1757.79 176.24 31.64 20.13 0 0.458424 1264.49 361.72 40.29 36.65 0 0.455311 177.60 294.97 41.95 26.59 0 0.454159 215.28 289.06 47.32 30.31 0 0.452403 625.35 694.53 39.35 29.60 3 0.449825 1691.54 176.42 30.33 20.18 0 0.445151 47.99 425.18 44.49 43.69 0 0.445149 1303.90 206.93 33.38 24.96 0 0.444858 1122.13 229.12 36.92 24.01 0 0.443719 288.70 287.35 37.61 31.99 0 0.438859 1323.68 435.86 43.57 39.57 0 0.438811 663.41 242.47 28.63 26.07 0 0.438747 1584.24 154.74 34.98 18.60 0 0.437744 1601.54 500.95 56.63 44.63 0 0.436451 1537.19 154.40 36.82 19.25 0 0.436144 701.53 241.09 38.95 28.26 0 0.435992 644.83 242.74 21.49 25.38 0 0.434112 1624.73 177.22 30.76 18.59 0 0.433741 1582.48 176.72 30.11 19.51 0 0.432658 483.22 715.22 28.66 22.58 3 0.426201 365.16 532.26 18.79 31.32 2 0.425650 89.59 332.74 47.31 27.90 0 0.419558 929.44 711.51 28.99 40.80 3 0.411768 1058.54 271.54 36.83 24.28 0 0.409479 1159.27 64.61 25.31 16.20 0 0.405111 171.85 335.40 52.76 31.77 0 0.398588 214.00 283.54 49.42 30.65 0 0.397747 484.51 610.42 20.76 26.18 2 0.396486 95.44 353.02 50.36 34.05 0 0.392153 1287.58 397.41 45.08 43.68 0 0.391320 177.05 331.88 50.05 31.40 0 0.390032 1322.63 229.78 31.22 25.82 0 0.387754 1350.93 258.37 35.41 28.50 0 0.382979 1192.00 90.74 34.29 16.76 0 0.378216 401.02 582.71 29.63 23.45 3 0.367255 1455.02 360.34 42.58 42.62 1 0.366841 1655.45 535.84 68.64 56.07 0 0.365321 1394.38 297.34 43.57 33.74 0 0.362245 1543.42 155.15 35.34 17.66 0 0.361713 307.41 281.12 43.84 36.40 0 0.360360 1654.55 176.79 29.18 19.67 0 0.358946 47.86 415.91 47.22 47.87 0 0.349419 705.64 237.25 36.25 28.18 0 0.348275 1174.70 64.82 30.15 16.68 0 0.342219 254.17 622.81 34.18 41.21 3 0.337005 356.92 461.87 55.64 47.17 0 0.336446 1862.68 862.99 54.60 36.38 0 0.334428 670.80 555.06 22.97 24.05 3 0.330196 757.53 259.03 64.77 30.30 0 0.326069 1671.58 1025.34 109.86 51.79 0 0.325327 1246.62 329.29 40.00 37.31 0 0.323085 1504.93 398.80 31.22 29.02 1 0.322976 90.27 336.45 48.90 31.35 0 0.319299 870.55 247.11 39.37 24.41 0 0.313969 1288.88 187.02 28.82 23.11 0 0.312613 1395.41 296.98 42.69 34.35 1 0.306289 1651.96 786.39 31.79 23.21 3 0.305673 826.48 243.56 31.70 23.78 0 0.300743 0.56 560.55 61.08 54.91 0 0.297221 1151.69 158.21 23.91 22.63 0 0.297007 1593.95 152.79 33.56 19.57 0 0.296311 1516.32 683.10 23.18 32.01 2 0.294649 1.44 324.67 33.73 28.93 0 0.292394 534.64 739.03 22.33 37.61 3 0.292054 575.38 524.96 25.02 19.08 3 0.285151 436.64 522.42 21.64 27.57 2 0.283169 1185.23 91.03 29.99 17.36 0 0.282873 1365.53 235.20 30.51 23.25 0 0.281435 504.49 613.39 22.47 26.34 2 0.281274 1329.13 232.81 33.20 25.53 0 0.281029 1234.09 129.69 30.48 21.19 0 0.277629 1662.16 206.50 33.38 22.54 0 0.273842 246.23 735.39 68.54 78.32 1 0.270576 0.00 358.71 25.90 32.29 0 0.268815 1350.18 476.46 55.30 57.41 0 0.268492 379.61 608.85 34.53 25.53 3 0.266925 741.74 572.51 38.29 20.14 3 0.263584 697.87 238.23 33.33 26.56 0 0.260109 1891.27 252.65 28.73 22.49 0 0.258276 1720.23 176.60 30.88 19.38 0 0.254285 0.00 353.58 26.52 29.46 0 0.253352 1319.83 692.12 47.47 33.50 3 0.250778 413.14 560.87 21.47 26.24 3 0.250193 1463.07 366.27 40.24 44.45 1
160,0.734203 1085.39 729.29 74.57 41.89 1 0.723766 1628.28 205.35 45.59 23.07 0 0.719445 525.85 507.63 31.77 45.95 0 0.693244 504.12 368.79 27.64 39.93 0 0.685266 647.77 514.04 26.96 43.93 0 0.684423 769.32 667.71 26.20 54.61 0 0.658137 547.73 560.38 32.47 53.71 0 0.654829 1782.04 108.63 22.84 28.00 0 0.649529 332.89 669.85 35.43 60.07 0 0.646677 739.59 514.82 26.93 48.78 0 0.638677 1442.54 340.10 30.29 37.08 0 0.630994 1415.84 206.61 25.70 32.01 1 0.630123 1774.04 35.41 20.49 25.94 0 0.625172 638.72 421.67 26.05 47.65 0 0.614785 326.90 552.61 34.69 54.90 0 0.614633 712.55 513.17 25.31 50.96 0 0.613941 668.15 669.39 28.77 52.98 0 0.613861 678.01 513.07 27.27 46.77 0 0.610296 504.96 671.84 29.91 51.94 0 0.602472 815.27 194.95 30.35 51.57 1 0.600217 532.91 369.17 27.02 41.89 0 0.598941 338.57 257.19 32.79 46.40 0 0.598287 714.11 297.69 28.09 44.64 0 0.596534 769.12 303.38 27.05 47.35 0 0.594697 646.55 375.01 24.90 39.75 0 0.593489 701.87 667.95 29.86 57.21 0 0.589072 492.75 178.31 29.58 42.98 1 0.582968 699.35 377.67 25.26 42.50 0 0.581938 672.85 377.74 24.07 41.54 0 0.579924 1479.87 522.73 29.69 41.89 0 0.579778 1142.55 203.45 41.62 20.67 0 0.578069 721.33 426.02 27.75 48.72 0 0.576654 619.87 514.19 27.18 43.06 0 0.574579 1396.79 109.69 24.05 30.54 0 0.568811 1580.67 83.25 20.37 30.80 0 0.566846 539.62 672.05 30.49 49.87 0 0.562451 297.60 345.40 37.01 42.90 0 0.556545 1422.17 250.42 30.50 35.12 1 0.555176 1632.56 911.89 66.99 57.57 0 0.553377 359.96 554.97 33.33 53.71 0 0.552759 1655.26 490.83 31.35 40.88 0 0.552005 474.31 670.87 27.68 51.47 0 0.545973 363.71 211.07 28.43 40.97 0 0.529147 369.22 672.76 35.29 60.14 0 0.523216 768.02 197.31 26.80 40.69 0 0.522379 471.90 293.34 26.94 39.22 0 0.519309 1459.74 419.82 31.07 43.04 0 0.517172 728.19 375.53 24.30 41.93 0 0.515572 1490.38 567.05 35.69 49.10 0 0.513728 1689.23 775.08 62.09 26.22 0 0.511773 1797.90 41.13 21.38 24.60 0 0.509930 976.64 193.01 49.00 25.64 0 0.504900 406.69 733.16 17.74 27.60 3 0.501471 1320.47 378.14 25.36 46.74 1 0.498342 1341.28 543.03 29.21 49.54 0 0.497422 668.13 188.81 26.53 43.03 0 0.493491 1700.53 97.23 20.06 27.30 0 0.491790 251.39 446.74 36.53 44.79 0 0.489289 618.46 188.94 25.18 36.91 0 0.487244 552.25 729.73 19.66 29.11 3 0.487001 1490.91 569.04 36.41 48.94 1 0.481352 1735.66 35.27 20.51 22.31 0 0.480929 1518.35 1.54 25.28 26.98 0 0.479517 462.56 733.36 14.34 26.67 3 0.478232 508.23 734.18 19.93 33.26 3 0.474535 1712.04 35.39 20.89 21.67 0 0.473947 1678.67 773.61 60.00 28.97 0 0.469174 818.02 139.41 25.04 23.98 0 0.461281 577.46 728.54 17.10 28.80 3 0.456010 616.09 262.91 25.17 35.82 0 0.453131 515.26 559.29 30.55 57.37 0 0.450277 267.22 392.08 41.85 49.17 0 0.447153 698.90 424.84 22.81 41.47 0 0.445257 769.78 172.39 34.54 24.10 0 0.445246 1650.70 8.83 25.18 21.12 0 0.442056 1659.37 31.36 21.59 22.85 0 0.436514 1557.42 3.72 29.48 23.32 0 0.432906 605.40 423.87 26.67 47.08 0 0.432447 1809.43 109.04 20.55 29.79 0 0.432227 522.29 416.15 29.09 45.66 0 0.431482 608.90 295.98 23.81 43.10 0 0.431124 751.12 419.93 28.86 57.27 1 0.430124 685.98 296.22 27.58 45.91 0 0.429990 1672.82 91.31 24.15 29.40 0 0.428203 1842.27 110.96 21.40 25.80 0 0.423143 637.59 670.52 26.46 50.53 0 0.420999 463.12 418.56 28.10 43.32 1 0.415359 508.93 742.68 18.27 29.72 3 0.413515 436.44 732.81 15.17 29.00 3 0.413420 630.32 730.50 17.35 28.64 3 0.413225 759.53 376.91 26.94 43.90 0 0.412297 1748.46 35.43 20.97 24.12 0 0.409513 1083.31 200.77 39.92 20.33 0 0.409035 1727.71 99.66 20.06 25.62 0 0.408981 1414.58 211.60 27.33 34.76 1 0.408479 1090.20 199.08 42.61 21.90 0 0.407754 638.62 300.03 24.65 43.01 0 0.404897 1469.27 474.06 29.47 46.20 0 0.403466 1434.70 296.61 25.30 37.53 0 0.402824 201.22 558.56 31.69 43.57 0 0.398565 1176.96 776.49 34.95 19.70 3 0.397039 568.50 184.05 26.54 38.10 0 0.392603 1156.93 203.70 40.66 19.58 0 0.392529 502.37 293.78 26.93 39.51 0 0.389179 1600.18 4.96 28.64 20.92 0 0.378567 1722.49 137.54 24.20 22.66 0 0.377288 388.60 738.61 18.55 26.49 3 0.369860 1578.55 949.85 33.44 53.02 0 0.359812 318.14 305.03 32.18 40.98 0 0.358731 1423.25 107.35 23.08 32.72 0 0.357715 1601.66 85.11 21.60 28.82 0 0.346767 600.12 728.05 16.96 28.67 3 0.346489 554.46 291.29 29.21 45.75 0 0.345465 433.13 417.14 29.30 41.21 1 0.344535 1327.18 441.93 25.26 37.41 0 0.336630 1629.81 89.37 22.75 28.10 0 0.336562 1431.75 266.55 28.18 28.07 1 0.332408 1313.64 341.07 25.78 30.37 0 0.320768 987.85 728.88 70.64 36.39 0 0.320357 1757.01 775.44 41.25 30.37 1 0.319836 1890.33 955.16 29.31 67.00 0 0.318973 1409.79 176.74 25.24 31.33 0 0.315916 1517.44 0.00 27.46 22.07 0 0.315460 1857.47 443.30 39.03 20.45 0 0.312011 1427.87 252.04 29.93 28.00 1 0.311587 1310.65 291.29 24.05 35.38 0 0.305688 1704.10 15.27 23.62 17.09 0 0.305403 606.83 574.22 27.55 41.70 0 0.305286 225.12 501.18 37.44 46.40 0 0.304742 1852.71 444.84 34.99 23.45 0 0.300715 1188.54 207.75 33.77 16.21 0 0.296877 1816.31 41.20 23.66 21.25 0 0.296513 770.94 132.31 24.73 19.79 0 0.293960 1340.84 503.23 23.93 36.56 0 0.275423 482.40 731.07 16.28 29.46 3 0.272096 964.90 148.95 23.22 21.88 0 0.270003 1754.58 778.33 42.97 29.59 0 0.269328 1390.12 78.74 24.05 27.48 0 0.259236 1337.17 481.20 25.84 36.47 0
161,0.639299 743.10 228.56 26.60 36.72 0 0.542315 766.41 272.20 25.89 30.50 0 0.402903 745.55 236.03 24.40 34.03 0 0.339716 808.49 406.38 28.17 46.30 0 0.335612 723.69 199.39 25.69 26.75 0 0.287950 782.25 310.40 28.48 40.79 0 0.263424 779.52 306.91 27.77 37.51 0 0.262954 718.75 184.72 28.56 27.62 0
162,0.750055 1221.90 459.05 23.53 62.06 1 0.721748 909.16 579.89 25.35 51.95 0 0.700118 521.81 586.45 25.44 51.40 0 0.688992 1030.41 586.52 23.69 48.58 0 0.681654 768.12 417.24 22.52 41.08 0 0.674507 553.68 587.28 24.43 51.00 0 0.672944 1719.93 586.36 32.46 57.95 0 0.671656 547.04 414.84 23.31 44.84 0 0.669435 1078.52 776.61 29.37 61.63 0 0.661703 983.83 779.06 26.90 63.29 0 0.660727 991.91 460.92 22.44 45.72 0 0.658227 1001.52 582.08 24.98 50.34 0 0.654815 582.58 589.20 25.02 52.39 0 0.651835 1740.54 652.41 35.57 53.24 0 0.651725 963.35 461.97 21.98 43.96 0 0.646068 603.91 415.97 22.29 40.70 0 0.640844 629.90 415.04 22.91 42.00 0 0.632240 962.28 408.00 20.32 41.90 0 0.621875 643.91 589.56 23.72 48.20 0 0.616556 569.61 469.77 23.41 46.91 0 0.612684 881.79 580.58 25.39 52.31 0 0.608450 822.71 585.11 24.52 51.61 0 0.603513 737.51 466.37 23.88 46.26 0 0.602152 598.18 469.06 23.83 46.59 0 0.601162 510.37 649.22 28.02 56.50 0 0.600108 714.82 411.44 22.08 43.61 0 0.599006 1682.10 473.59 28.62 48.02 0 0.597250 794.52 418.59 20.87 39.55 0 0.596291 824.38 462.14 23.69 50.49 0 0.593557 908.59 463.09 22.67 49.72 0 0.589447 796.08 463.95 21.33 48.43 0 0.588506 768.22 470.21 21.40 45.95 0 0.587240 674.75 584.40 25.46 47.86 0 0.585693 741.59 412.74 21.24 41.38 0 0.580754 822.77 417.98 20.97 39.52 0 0.580001 760.95 584.40 24.85 50.72 0 0.572672 849.56 409.69 22.50 43.94 0 0.571672 543.38 650.64 26.19 52.51 0 0.567820 1016.47 410.20 20.36 45.12 0 0.566804 882.51 467.51 23.16 49.11 0 0.551809 578.02 660.32 25.52 48.32 0 0.548664 1795.24 573.60 36.81 56.84 1 0.546993 702.28 582.68 25.61 47.82 0 0.544243 933.39 415.14 21.65 43.88 0 0.544209 1763.56 719.85 36.74 52.98 0 0.542915 792.09 588.05 25.06 48.14 0 0.542111 1050.33 457.69 23.07 47.37 0 0.537910 1192.54 143.33 29.02 42.45 0 0.532340 680.02 466.94 24.33 49.05 0 0.531285 1519.26 247.58 42.32 23.11 0 0.529268 1741.65 498.30 35.51 47.95 0 0.524843 1045.57 780.84 29.10 57.69 0 0.518486 624.78 470.99 23.32 45.12 0 0.514438 1750.24 293.81 36.31 53.54 1 0.508578 989.23 407.58 19.44 39.45 0 0.501857 612.47 590.45 26.43 52.37 0 0.500429 1645.34 363.21 29.85 45.95 0 0.496821 711.83 467.30 22.99 44.73 0 0.495181 939.80 580.67 23.91 48.98 0 0.495094 1506.75 230.62 43.56 20.42 0 0.492935 651.60 469.49 23.95 44.48 0 0.480073 1524.59 290.57 46.04 24.00 0 0.447083 852.81 465.43 24.75 48.01 0 0.446324 905.39 412.38 21.92 44.98 0 0.440838 880.71 411.75 21.20 43.14 0 0.436866 1022.91 462.46 23.97 47.01 0 0.426776 1616.66 262.96 22.90 40.30 0 0.423435 1086.52 858.96 28.68 58.21 0 0.423103 1423.48 45.24 21.27 31.95 0 0.381344 969.71 581.78 25.19 50.18 0 0.376035 536.74 470.86 25.84 48.94 0 0.365294 733.36 586.20 25.22 52.03 0 0.352494 541.08 467.44 25.14 50.11 0 0.350861 1644.02 370.81 32.99 42.86 0 0.336196 1522.93 276.99 44.08 21.41 0 0.327309 1461.85 42.94 36.06 19.31 0 0.312461 559.01 345.30 13.56 22.47 3 0.298467 584.52 954.55 26.84 46.42 0 0.292605 1514.74 231.89 46.35 20.17 0 0.280291 1755.49 295.62 37.63 53.89 1
163,0.786144 620.77 393.35 57.17 31.00 3 0.744023 1301.15 365.94 41.28 33.26 3 0.718710 664.50 674.63 35.38 56.82 3 0.716353 1170.19 506.72 34.89 54.50 3 0.714383 1052.08 543.68 39.38 60.98 3 0.702175 695.98 669.77 33.37 55.97 3 0.688498 957.22 658.15 109.27 152.44 0 0.681666 1707.43 106.85 28.65 43.69 3 0.676453 1229.09 486.62 36.89 55.97 3 0.674396 1207.50 498.68 37.94 56.23 3 0.672770 826.23 621.08 36.13 61.02 3 0.670358 504.71 407.74 47.53 35.44 3 0.670254 865.33 687.54 117.44 159.82 0 0.666416 1221.03 488.43 36.09 54.75 3 0.653495 476.75 836.63 103.15 188.57 0 0.652214 1260.08 476.77 29.88 54.31 3 0.649522 732.27 654.09 37.16 63.65 3 0.648663 1622.85 125.52 49.47 46.34 3 0.646290 1174.92 561.76 134.80 153.34 0 0.632648 806.16 319.81 29.53 49.12 3 0.630412 1411.40 491.92 141.82 108.75 0 0.630203 1326.42 522.63 131.83 134.96 0 0.626366 720.43 390.22 44.12 31.55 3 0.621841 1790.43 132.74 38.84 36.85 3 0.621755 1063.45 258.77 34.57 38.46 3 0.620988 1511.28 845.10 171.70 169.90 0 0.619672 1786.99 140.80 41.31 32.30 3 0.606940 1773.55 763.85 146.45 178.70 0 0.606132 789.03 632.03 34.88 57.71 3 0.600035 245.97 879.35 99.05 182.46 0 0.597735 1052.46 373.98 36.65 30.54 3 0.596258 951.77 363.24 38.02 38.32 3 0.592912 1338.38 918.67 166.36 160.28 0 0.592849 623.32 691.70 33.77 62.92 3 0.586053 1235.83 483.07 36.25 56.51 3 0.584459 369.55 850.58 96.06 188.31 0 0.579696 962.37 274.51 29.71 48.60 3 0.567517 0.00 595.12 120.52 102.42 0 0.566132 1199.64 495.81 33.08 53.30 3 0.565832 1020.02 267.35 34.04 42.81 3 0.557390 1103.39 610.07 116.33 118.37 0 0.549502 1685.95 800.58 181.73 151.74 0 0.545397 1034.12 221.09 37.79 30.83 3 0.537425 854.98 301.45 32.38 50.97 3 0.537175 864.99 610.75 36.53 62.87 3 0.532489 693.11 429.93 53.69 31.75 3 0.530914 1098.68 530.50 37.45 58.46 3 0.530102 782.92 329.18 28.55 43.34 3 0.523891 905.80 296.97 26.81 45.91 3 0.523368 1091.91 536.18 35.64 59.84 3 0.519670 1473.87 180.68 36.05 41.60 3 0.505724 898.16 603.80 34.04 65.36 3 0.504098 1043.10 264.02 34.25 39.47 3 0.501919 467.25 820.79 99.61 179.34 0 0.497034 1054.54 1015.99 108.09 62.34 0 0.496868 1662.65 775.56 189.64 182.66 0 0.491448 788.96 322.98 28.92 45.26 3 0.490246 1115.10 526.82 38.89 61.81 3 0.488955 1153.22 512.06 34.33 58.35 3 0.485249 552.13 390.86 54.48 32.90 3 0.479576 888.44 603.15 35.70 63.25 3 0.474574 1623.97 133.27 65.47 40.62 3 0.474358 753.26 645.94 36.67 61.33 3 0.456646 1022.58 259.53 37.47 41.78 3 0.455627 1654.49 124.11 36.30 42.66 3 0.448931 1053.41 252.33 33.82 38.36 3 0.435153 934.12 286.30 29.25 47.78 3 0.430766 1077.59 538.27 32.91 56.45 3 0.418437 761.47 323.44 27.89 42.97 3 0.416740 1171.07 500.52 32.50 51.25 3 0.415822 1042.68 225.12 37.49 30.78 3 0.413442 1722.47 100.66 28.78 45.28 3 0.404949 885.88 296.80 26.96 46.97 3 0.398776 1302.76 218.39 23.70 33.56 3 0.390250 1677.54 117.70 27.12 39.85 3 0.379113 1682.61 111.55 28.31 40.67 3 0.374469 1179.67 506.63 44.38 56.10 3 0.372225 152.00 854.54 39.63 58.73 2 0.368527 735.57 337.78 35.73 41.22 3 0.366722 1154.05 209.88 92.60 59.69 1 0.361140 502.86 397.86 40.55 42.37 3 0.358658 731.57 358.92 42.92 32.38 3 0.358494 747.86 326.63 28.68 42.69 3 0.355713 1864.00 68.32 25.16 44.14 3 0.350391 1578.01 425.44 115.16 92.02 0 0.348056 1059.71 368.97 36.62 33.15 3 0.343631 870.98 606.64 42.55 67.52 3 0.341891 1011.62 268.45 34.39 45.31 3 0.327363 1069.97 241.04 35.14 45.64 3 0.318969 1751.04 99.01 29.15 42.10 3 0.313150 1638.52 130.44 57.91 41.98 3 0.310960 1387.04 171.44 37.57 50.78 3 0.296845 1108.68 521.82 36.75 56.28 3 0.294019 1490.76 134.41 28.22 31.43 3 0.292811 1712.45 106.38 33.58 44.82 3 0.288634 1767.21 96.46 28.34 37.08 3 0.288159 758.28 333.42 31.27 43.68 3 0.284080 661.98 668.05 35.47 56.74 3 0.282562 725.85 368.15 42.56 35.30 3 0.272809 1305.54 356.33 33.72 34.81 3 0.263523 505.74 399.15 48.38 39.58 3 0.260287 366.29 844.48 89.10 159.93 0 0.259792 856.30 673.13 108.43 160.23 0 0.250652 1322.73 904.30 156.56 170.02 0
164,0.678105 1242.17 496.84 24.33 55.11 0 0.651452 1050.74 423.22 24.26 53.30 0 0.649945 1168.06 856.69 28.82 57.97 0 0.645816 986.47 420.02 23.33 54.02 0 0.645429 1316.60 494.34 25.38 53.29 0 0.644770 1175.34 414.25 24.77 56.42 0 0.643947 449.63 529.37 28.64 53.27 0 0.639269 508.53 340.40 25.64 57.24 0 0.631718 1273.24 412.67 24.79 57.35 0 0.626984 1274.32 612.16 25.55 52.48 0 0.622649 1310.47 756.37 57.11 29.01 0 0.622503 1084.21 500.95 25.02 55.35 0 0.622456 837.96 839.02 24.42 51.48 0 0.619670 524.87 215.16 26.29 53.88 0 0.615737 1304.19 612.56 24.79 53.66 0 0.614151 431.50 217.19 26.62 58.15 0 0.611752 373.65 92.30 29.58 60.33 0 0.608338 558.39 210.25 26.79 56.74 0 0.598222 1205.70 414.35 24.10 55.58 0 0.592823 1048.85 504.50 26.31 55.94 0 0.590112 1351.33 491.70 27.26 55.52 0 0.569929 1102.72 94.37 51.68 56.91 0 0.569127 1179.29 496.91 25.68 56.17 0 0.568992 1129.40 854.62 27.21 57.61 0 0.564403 1240.86 412.63 25.81 56.32 0 0.561861 389.01 533.07 27.19 56.37 0 0.561314 1308.45 413.75 26.53 57.30 0 0.558384 947.23 117.50 41.79 57.02 0 0.550869 1082.55 422.34 25.42 57.95 0 0.548958 808.98 773.22 60.26 27.57 0 0.548565 952.32 423.97 24.58 55.51 0 0.543619 792.30 697.67 58.41 29.69 0 0.538530 1099.85 838.08 23.70 53.68 0 0.536521 1143.73 414.62 26.04 54.84 0 0.533269 648.57 332.50 28.73 58.31 0 0.527016 468.73 343.04 27.93 57.57 0 0.525516 1117.36 495.11 27.03 58.15 0 0.524664 420.17 529.36 28.65 53.60 0 0.524657 1276.78 493.11 23.71 56.36 0 0.522628 1090.94 49.89 46.60 38.01 0 0.513828 989.31 832.77 26.30 59.22 0 0.511649 348.70 537.24 31.44 55.57 0 0.511425 1239.22 611.48 25.17 52.32 0 0.508639 810.53 733.51 56.17 29.75 0 0.502294 940.47 46.82 29.71 58.75 0 0.499282 1022.05 416.85 25.11 55.20 0 0.498212 865.64 525.25 24.07 48.67 0 0.496078 1290.95 721.11 53.95 25.62 0 0.463372 1212.38 492.21 26.50 59.04 0 0.460369 901.23 510.03 26.29 55.14 0 0.453188 489.46 212.10 28.59 57.68 0 0.452908 873.06 833.81 26.75 51.94 0 0.448114 797.30 828.58 27.96 62.12 0 0.424748 428.97 94.42 27.08 57.13 0 0.383787 920.05 427.95 26.02 57.12 0 0.382638 1064.64 837.62 26.08 54.66 0 0.381996 1104.46 296.93 24.63 56.86 0 0.363630 1081.10 613.58 56.37 26.46 0 0.360196 920.63 840.19 24.51 50.63 0 0.317373 1151.30 620.54 54.65 25.73 0 0.293812 1234.01 611.57 27.27 46.61 0 0.290373 1292.49 716.31 53.29 26.35 0 0.285681 1104.36 297.68 26.24 57.99 1 0.273959 753.91 299.56 32.12 65.09 1 0.265269 1086.72 43.57 48.59 39.75 0
165,0.693964 675.58 4.87 23.35 39.84 0 0.613848 647.91 133.11 25.53 40.80 0 0.533047 596.27 381.52 30.57 52.62 0 0.530560 541.82 627.83 28.58 55.29 0 0.445415 584.21 593.42 30.09 51.95 0 0.413367 520.83 1043.98 24.32 32.88 0 0.367141 767.45 1004.36 77.05 75.64 1 0.264112 782.41 831.50 30.23 19.68 0
166,0.693255 265.42 887.55 36.44 52.61 0 0.640492 424.16 803.29 39.75 51.78 0 0.627450 1021.63 176.60 44.96 28.30 0 0.625256 600.44 566.83 31.09 43.42 0 0.620520 570.73 718.58 37.47 50.43 0 0.617227 329.06 849.35 41.20 56.50 0 0.610851 673.54 164.83 29.16 42.81 0 0.610608 308.29 706.02 36.50 52.52 0 0.605907 1221.96 288.96 40.84 38.02 0 0.603594 195.15 696.33 32.95 47.30 0 0.585687 315.06 629.41 32.22 47.00 0 0.584568 194.61 917.17 34.76 50.96 0 0.579877 1610.59 667.11 44.01 46.42 0 0.577526 460.51 561.74 29.39 41.87 0 0.576082 1150.66 201.77 35.92 38.86 0 0.575674 694.49 666.71 35.03 46.49 0 0.573059 296.37 957.91 34.18 58.01 0 0.572852 1293.15 366.18 40.40 43.80 0 0.570300 456.18 787.38 36.82 47.75 0 0.565251 339.65 691.22 33.63 47.04 0 0.563801 383.70 818.29 39.00 48.92 0 0.561342 255.15 965.36 38.98 64.51 0 0.560948 373.89 676.35 34.76 55.85 0 0.560826 722.55 649.86 33.67 47.47 0 0.560390 213.71 987.15 38.22 62.12 0 0.557643 665.39 678.45 34.08 49.43 0 0.557285 128.80 723.43 33.95 51.61 0 0.556281 517.67 753.66 36.33 55.44 0 0.555740 376.62 611.29 33.60 49.50 0 0.552487 521.61 609.52 34.74 51.15 0 0.539053 230.49 898.83 36.36 57.94 0 0.536865 406.68 599.05 31.86 44.82 0 0.535977 430.83 650.23 35.82 48.92 0 0.535116 359.14 828.48 38.72 50.99 0 0.532474 1376.96 462.31 40.99 39.39 0 0.526264 1334.58 415.03 43.20 43.93 0 0.524167 431.39 582.55 32.67 46.33 0 0.520672 298.51 869.77 38.25 57.42 0 0.515158 825.35 826.38 41.93 53.89 0 0.514902 216.75 753.74 38.81 52.29 0 0.514108 596.98 562.96 31.46 43.12 0 0.512716 601.43 501.19 26.67 40.05 0 0.508389 277.05 721.72 33.93 49.96 0 0.506223 627.61 550.67 31.10 40.29 0 0.505862 634.30 694.50 34.13 44.70 0 0.505202 626.08 493.31 26.87 40.58 0 0.502188 491.18 626.61 33.69 46.55 0 0.496752 1658.49 674.97 54.56 51.87 0 0.496281 151.54 788.83 32.30 53.18 0 0.493213 854.86 803.92 42.99 54.78 0 0.491439 1296.74 371.66 40.12 44.79 0 0.491260 993.76 135.22 43.83 25.93 0 0.482295 182.08 773.55 35.10 55.87 0 0.477160 518.95 547.05 30.18 44.09 0 0.475816 601.75 706.10 36.05 53.31 0 0.473851 681.79 523.81 35.19 43.41 0 0.472875 489.32 770.01 35.86 51.68 0 0.466723 677.33 522.77 34.61 39.83 0 0.466402 401.47 670.53 35.05 45.82 0 0.466332 98.23 653.64 16.80 24.97 3 0.466097 227.85 681.26 30.61 50.25 0 0.460887 1820.92 719.83 47.41 45.33 0 0.457477 663.10 540.52 32.69 45.37 0 0.453926 899.67 880.65 42.32 49.73 0 0.450573 428.82 590.85 34.26 42.22 0 0.450374 547.98 596.32 36.97 48.75 0 0.446009 550.72 544.33 30.82 41.41 0 0.441776 571.91 514.57 29.25 40.93 0 0.438903 771.67 859.02 41.90 57.64 0 0.437307 839.81 452.04 31.97 42.35 1 0.435758 1217.18 282.62 38.92 35.79 0 0.433599 767.94 854.62 37.80 56.39 0 0.429653 1382.03 472.78 44.32 37.50 0 0.426815 225.44 590.21 15.67 19.97 3 0.417911 1000.39 150.76 42.33 25.46 0 0.410582 1150.97 209.42 37.57 35.41 0 0.410557 458.37 637.25 34.87 45.92 0 0.408766 1087.58 129.72 28.83 32.51 0 0.392293 987.29 131.57 41.98 24.95 0 0.384483 481.40 553.34 30.37 44.12 0 0.380064 490.86 553.69 29.66 45.31 0 0.378047 270.13 572.50 15.37 23.28 3 0.366303 668.18 529.30 37.45 45.29 0 0.364705 429.43 658.40 36.46 47.91 0 0.364222 475.84 628.47 37.53 45.79 0 0.357993 222.51 679.40 30.50 48.53 0 0.355134 248.08 745.57 34.51 47.10 0 0.351879 1829.38 717.27 49.79 46.63 0 0.335204 342.93 694.70 33.81 48.20 0 0.333422 338.48 622.59 32.89 48.06 0 0.330472 200.83 918.54 35.74 54.36 0 0.321644 858.40 0.00 35.74 13.14 0 0.318208 453.11 642.50 36.82 45.15 0 0.317143 503.85 546.38 28.02 42.35 0 0.313921 1156.98 199.16 37.27 37.75 0 0.313127 727.46 654.71 35.07 50.07 0 0.312078 1289.11 323.58 34.51 33.32 0 0.311702 229.43 749.59 39.99 48.01 0 0.311152 355.19 679.88 36.03 50.74 0 0.306650 649.32 538.03 29.89 41.76 0 0.306550 245.95 585.09 14.50 22.07 3 0.299774 497.18 617.54 33.53 49.54 0 0.295525 1817.02 744.93 39.88 34.42 0 0.294736 1614.06 671.58 45.59 52.97 0 0.288917 592.19 711.23 39.87 52.30 0 0.288071 344.87 622.61 30.89 44.60 0 0.283565 456.90 567.14 33.76 41.86 0 0.277042 271.69 885.64 40.03 52.79 0 0.276318 1397.77 483.37 37.17 32.35 0 0.260759 542.86 592.61 33.75 47.71 0 0.255056 386.53 811.24 38.54 48.34 0 0.253757 459.70 781.14 40.29 49.37 0
167,0.725473 0.00 393.17 180.02 102.27 0
168,0.742562 911.72 543.12 68.16 38.92 1 0.314548 1028.81 612.80 25.98 15.20 0
169,0.844323 1667.03 983.07 70.12 41.83 3 0.739678 1583.81 811.27 55.90 38.66 3 0.728784 1261.52 726.42 34.42 51.60 3 0.652940 1145.13 454.16 105.11 44.40 0 0.642957 1414.76 457.74 120.16 48.36 0 0.621985 1580.68 816.93 61.47 39.10 3 0.610059 1317.86 728.88 32.11 56.91 3 0.606874 1119.50 609.70 170.84 73.87 1 0.594832 1284.48 456.48 111.50 45.42 0 0.577166 308.46 413.90 38.41 22.06 3 0.577153 417.00 1003.19 91.43 75.83 0 0.570861 925.44 512.58 117.16 45.54 0 0.551521 1799.22 591.52 23.19 32.78 3 0.544953 1021.04 451.48 98.50 44.78 0 0.537694 1751.19 591.66 19.35 31.56 3 0.511744 1702.58 592.59 16.80 30.88 2 0.498569 0.00 436.76 40.16 61.88 0 0.473069 529.04 307.74 20.28 29.05 3 0.459040 528.40 312.93 21.75 32.71 3 0.414062 1797.62 596.52 25.45 34.29 3 0.392385 120.21 569.06 39.46 28.96 3 0.390078 341.58 370.82 30.01 20.93 3 0.371619 1792.61 776.40 57.91 49.95 3 0.353546 1883.44 931.67 36.56 49.21 3 0.351794 348.35 370.52 31.40 19.63 3 0.339681 1747.10 594.72 21.59 33.30 3 0.329952 1783.66 590.29 23.09 33.59 3 0.296356 1801.39 785.93 54.79 46.04 3 0.257369 313.80 402.09 32.00 20.81 3
170,0.401672 510.30 850.78 32.25 66.66 0 0.351722 564.19 564.87 29.20 54.63 0 0.349547 610.17 277.54 26.01 44.35 0 0.345026 632.99 131.57 24.18 41.46 0
171,0.801110 891.29 556.69 69.50 36.07 1 0.307010 989.26 563.68 23.41 18.14 0
172,0.325234 1130.31 331.03 34.74 20.07 1 0.293685 1125.95 355.83 34.63 16.87 1
173,0.664250 137.82 54.91 47.41 32.15 1 0.610325 82.60 279.79 45.63 34.17 0 0.600091 0.87 105.26 31.37 21.82 0 0.593957 410.00 66.49 40.62 23.59 0 0.582444 47.30 292.31 43.29 34.49 0 0.558942 606.70 7.77 36.38 21.56 0 0.549367 154.35 161.06 45.35 26.29 0 0.459927 89.59 75.88 41.76 26.48 0 0.458985 240.60 615.50 11.37 13.83 2 0.443526 572.89 195.52 32.55 40.22 0 0.442317 291.97 24.56 28.97 24.41 0 0.430218 257.56 664.48 8.07 11.22 2 0.410837 391.12 0.00 39.53 19.48 0 0.410028 80.02 471.10 14.74 21.01 2 0.355202 223.42 664.68 10.33 12.80 2 0.340995 577.20 200.57 32.48 43.61 0 0.331758 235.46 583.36 12.22 15.64 2 0.323499 41.62 93.86 36.04 25.77 0 0.312778 0.00 405.86 25.59 59.62 1 0.305613 240.45 633.34 9.38 12.19 2 0.301638 252.90 633.54 10.55 12.00 2 0.288788 309.18 598.52 9.85 10.33 2 0.287747 54.25 292.19 46.07 33.86 0 0.255619 106.94 476.97 16.68 25.97 2
174,0.528249 867.63 559.74 18.19 25.50 0 0.519848 387.93 697.16 22.55 28.85 0 0.517172 910.98 566.23 19.47 28.13 0 0.466956 984.56 615.28 20.00 28.21 0 0.454823 433.25 708.18 24.58 22.68 0 0.444078 359.36 696.80 27.20 28.71 0 0.442658 350.62 612.27 31.68 18.00 0 0.440315 887.80 562.14 16.61 24.44 0 0.426321 316.20 690.56 29.00 24.67 0 0.396577 643.77 732.26 21.12 31.35 0 0.382066 1081.47 629.52 16.78 21.56 0 0.379144 338.64 612.35 28.08 19.35 0 0.362341 567.12 654.82 32.41 20.80 0 0.334193 559.39 724.56 23.12 30.94 0 0.333563 448.43 710.56 24.44 22.46 0 0.316687 527.36 656.23 31.48 19.93 0 0.271166 323.64 690.41 28.52 24.53 0 0.269001 389.81 693.70 22.87 27.13 0
175,0.593052 665.01 792.83 30.62 62.12 0 0.575550 697.73 452.92 27.02 52.84 0 0.533610 712.09 286.01 24.53 44.16 0 0.338788 736.70 8.06 25.30 50.27 0
176,
177,0.815761 684.13 581.47 47.06 31.53 3 0.775031 670.25 629.61 55.68 35.97 3 0.751639 942.77 362.79 20.86 34.24 3 0.740060 676.22 609.59 48.81 31.37 3 0.710030 1114.81 879.38 91.79 142.84 0 0.702795 659.69 673.28 60.28 38.90 3 0.676707 654.63 698.48 59.91 35.49 3 0.639514 637.94 817.21 60.36 33.95 3 0.623281 637.83 827.83 56.45 32.88 3 0.608957 654.40 721.50 57.79 36.41 3 0.608632 622.23 898.07 60.75 37.06 3 0.586814 648.07 801.58 53.98 33.33 3 0.570321 651.98 755.20 57.23 34.67 3 0.565938 631.11 850.72 61.51 37.75 3 0.551087 1079.50 739.49 83.43 124.11 0 0.494518 940.33 348.30 21.01 31.06 3 0.452702 695.07 464.44 55.43 108.98 1 0.409045 649.09 775.10 57.92 34.65 3 0.407737 1037.31 865.80 27.30 50.55 3 0.405555 659.47 648.69 59.65 34.96 3 0.381795 698.07 464.93 49.74 102.66 0 0.355015 621.01 909.87 54.76 34.22 3 0.334839 625.94 858.73 63.24 38.61 3 0.290167 1110.09 870.79 73.41 131.06 0
178,0.596757 492.33 1017.74 48.71 42.65 0 0.541731 562.79 962.48 42.99 40.03 0 0.526948 613.59 920.29 46.28 39.05 0 0.481802 501.91 1015.47 46.12 43.28 0 0.471444 486.18 1021.94 49.56 43.43 0 0.441393 1224.69 900.49 40.41 26.98 0 0.433902 730.27 683.01 41.46 40.96 1 0.411034 1269.11 306.20 31.91 18.44 0 0.408369 660.07 746.53 37.54 27.24 0 0.348550 559.71 968.91 40.03 38.32 0 0.317587 1647.94 628.04 26.62 41.10 1 0.306289 606.94 925.52 48.68 37.57 0 0.274780 866.51 738.99 34.68 32.11 0 0.268861 573.02 955.35 40.66 38.92 0 0.268388 860.46 529.19 31.69 42.37 0 0.257345 596.46 931.75 45.77 41.70 0
179,0.584790 889.56 702.27 28.68 58.62 0 0.459227 1170.33 974.50 64.78 35.98 0
180,0.657437 703.76 627.81 105.17 71.07 0 0.627584 1056.99 552.08 115.86 69.76 0 0.625068 522.68 998.82 132.57 79.77 0 0.618054 1399.36 973.28 45.71 28.45 3 0.614305 1225.35 539.11 121.23 85.23 0 0.604127 749.98 507.28 112.42 67.09 0 0.603735 972.48 793.28 116.97 80.30 0 0.590412 1014.35 672.51 113.51 76.54 0 0.588616 1111.90 920.36 116.83 82.06 0 0.586749 996.46 733.21 117.93 73.78 0 0.582792 1082.69 496.46 109.86 67.14 0 0.581226 1036.68 616.07 120.31 69.55 0 0.574909 663.24 752.14 116.98 76.31 0 0.574334 601.47 882.02 105.79 69.49 0 0.568030 797.09 390.63 101.18 70.57 0 0.565476 779.44 457.58 105.09 70.56 0 0.563621 1164.21 724.41 112.11 70.49 0 0.549901 666.64 342.50 105.51 69.19 0 0.546913 958.92 864.92 107.58 71.59 0 0.546545 1184.11 666.10 118.58 71.06 0 0.546358 1096.36 985.41 110.84 74.18 0 0.542223 1499.84 630.67 52.29 28.41 3 0.535648 1105.46 914.79 113.27 73.70 0 0.534272 647.25 405.72 107.55 63.95 0 0.530838 1410.73 927.68 47.41 26.78 3 0.527163 802.26 398.44 114.50 68.88 0 0.526814 616.31 813.28 126.85 75.27 0 0.523957 722.92 562.29 110.30 74.59 0 0.520924 566.60 944.55 119.00 74.61 0 0.505107 591.73 454.79 104.54 68.71 0 0.498104 30.21 379.07 86.21 63.33 0 0.494497 918.09 927.56 116.91 74.65 0 0.464701 887.34 985.63 132.09 90.73 0 0.464695 692.49 351.82 100.56 67.09 0 0.455355 1504.22 601.85 51.33 29.06 3 0.455154 640.60 394.19 100.85 68.73 0 0.437514 683.57 706.48 106.90 71.08 0 0.390785 682.09 691.92 107.73 71.24 0 0.363566 1425.27 893.03 44.54 24.90 3 0.345119 1389.90 1007.99 50.19 31.75 3 0.328738 1384.44 1004.45 50.67 30.07 3 0.323064 972.19 868.74 104.87 78.20 0 0.322250 1221.89 533.38 116.57 74.57 0 0.321083 1061.44 546.83 121.00 60.71 0 0.315995 542.03 992.20 123.90 72.93 0 0.311800 1035.93 1036.05 119.02 43.95 0 0.302879 786.44 447.97 109.69 64.59 0 0.294821 910.11 933.38 126.67 94.79 0 0.294597 1069.29 535.35 113.08 63.76 0 0.287435 928.61 922.12 110.07 67.00 0 0.284375 581.71 953.14 113.33 61.24 0 0.284182 1030.69 626.51 115.39 81.04 0 0.277606 31.81 339.30 103.39 69.18 0 0.266777 1519.45 570.78 50.09 28.30 3 0.262140 555.70 954.74 116.80 75.65 0 0.261588 976.39 779.19 125.53 65.16 0 0.259408 1501.20 634.73 55.57 29.48 3 0.254301 32.34 334.84 105.87 53.47 0
181,0.728336 268.79 304.78 50.57 24.66 0 0.677420 389.06 797.62 59.77 28.06 0 0.659652 68.03 749.43 33.30 62.78 0 0.653707 895.30 492.82 25.96 49.36 0 0.607083 615.21 370.26 25.52 43.70 0 0.604932 846.29 591.63 71.97 33.76 0 0.591325 14.75 760.43 38.06 61.28 0 0.590851 181.85 749.67 32.23 56.68 0 0.554176 147.55 751.52 30.15 53.76 0 0.550697 867.91 497.79 24.86 49.13 0 0.545567 840.59 499.32 28.05 51.23 0 0.512227 1611.94 27.28 30.37 37.22 0 0.481831 1583.52 190.68 24.47 36.62 0 0.467325 701.78 623.89 53.32 29.41 0 0.455944 1578.11 37.97 26.54 34.35 0 0.445765 1558.57 295.27 35.58 39.77 0 0.417994 1648.84 17.01 33.78 38.40 0 0.403292 561.10 365.53 36.64 26.57 0 0.396336 645.43 431.45 20.93 36.00 0 0.378391 1582.81 185.29 25.59 34.82 0 0.367282 1160.92 521.37 47.46 25.39 0 0.354901 744.92 375.92 22.69 39.19 0 0.352832 717.38 379.63 20.10 35.42 0 0.338952 296.45 277.80 50.70 26.51 1 0.335053 740.82 509.50 35.73 43.12 0 0.333667 651.72 483.83 35.40 57.81 0 0.320828 357.21 0.62 31.19 58.61 0 0.304291 1641.60 344.36 36.41 31.60 0 0.293865 263.02 275.78 32.21 18.76 0 0.263350 1287.97 1065.02 31.93 14.98 0 0.262778 1615.39 215.89 21.57 35.55 0 0.255122 1606.89 19.09 30.96 38.39 0
182,0.303863 932.77 967.76 53.82 80.25 0
183,0.699637 1095.50 537.75 54.81 27.11 0 0.599544 1163.05 540.63 55.54 27.13 0 0.585228 842.85 521.19 53.67 23.31 0 0.541068 1032.51 530.53 52.45 27.16 0 0.522826 1227.60 545.79 54.00 25.88 0 0.520277 910.56 523.83 45.24 21.86 0 0.519237 777.99 518.76 49.69 21.43 0 0.489845 515.34 490.19 58.12 30.29 0 0.426569 971.22 528.89 47.09 26.74 0 0.397222 771.59 519.08 47.78 18.93 0 0.334831 649.57 501.08 51.95 24.97 0 0.307195 649.42 504.89 51.02 26.23 0 0.295496 1038.45 526.65 48.69 26.67 0
184,0.701672 828.19 539.95 67.40 28.93 0 0.673627 741.57 536.32 65.33 29.00 0 0.652130 655.97 534.53 63.62 26.90 0 0.600887 1248.67 557.35 67.69 28.08 0 0.599157 1162.48 553.15 75.06 33.97 0 0.585030 911.69 543.87 61.34 28.42 0 0.543482 995.55 544.62 65.67 30.95 0 0.541514 486.45 521.40 66.94 31.46 0 0.540378 302.93 515.65 83.71 34.29 0 0.524935 1072.76 552.29 68.67 29.21 0 0.328604 817.92 541.36 65.43 26.62 0 0.325577 890.27 491.90 45.02 23.81 0
185,0.724568 968.61 268.76 115.23 55.77 0 0.705242 113.89 379.02 114.26 99.54 0 0.661757 1688.68 555.12 75.61 126.52 0 0.656218 831.67 241.35 116.47 58.81 0 0.644706 1737.14 841.20 103.06 169.78 0 0.611982 2.16 153.22 54.94 59.40 0 0.609603 1696.26 688.40 91.65 134.05 0 0.608842 1224.16 310.59 130.05 55.68 0 0.604057 282.58 199.74 71.75 59.83 0 0.603466 1.69 763.16 135.29 220.34 1 0.593810 232.96 192.07 61.86 57.57 0 0.577425 1095.92 283.31 122.43 61.91 0 0.573493 428.26 171.71 85.82 42.08 0 0.566864 0.20 545.44 39.69 59.53 0 0.564577 1.34 330.96 62.56 93.00 0 0.544997 984.98 186.93 51.27 37.36 0 0.542458 0.00 322.39 52.53 75.51 0 0.541430 1061.17 197.07 52.72 46.45 0 0.536916 187.16 171.25 66.82 52.03 0 0.529504 143.75 170.40 61.46 55.54 0 0.526644 631.25 144.40 48.41 35.38 0 0.517519 55.44 161.03 83.02 61.33 0 0.492793 1656.12 0.03 40.81 44.31 0 0.484194 0.00 756.33 159.80 197.99 1 0.481359 878.14 173.19 46.18 40.45 0 0.468772 73.46 1041.89 49.12 38.11 3 0.453509 185.18 181.13 60.74 58.64 0 0.438395 732.44 153.38 42.46 38.10 0 0.406584 1514.46 209.21 83.01 53.39 0 0.397526 305.41 573.38 38.02 51.64 3 0.377402 0.00 753.54 133.21 170.51 1 0.376132 1.51 354.20 70.45 68.16 0 0.367381 213.69 175.61 56.37 53.70 0 0.357991 731.29 163.99 44.11 31.44 0 0.348447 237.58 185.53 61.97 54.06 0 0.316854 41.36 144.78 57.56 55.92 0 0.309735 428.28 175.86 91.87 50.98 0 0.295590 1889.16 721.95 30.84 67.90 0 0.294208 108.35 919.42 57.50 39.12 3 0.285271 27.73 0.00 25.66 22.26 3 0.282799 1349.36 310.04 71.20 43.95 0 0.278021 139.07 933.56 42.62 41.13 3 0.277944 1734.35 830.40 89.42 146.37 0 0.277093 813.34 156.03 35.18 37.44 0 0.271331 1885.37 201.26 34.63 57.39 0 0.269014 1514.18 204.86 72.62 49.58 0 0.266242 1890.20 213.00 29.80 51.97 0
186,0.712874 1079.31 513.42 29.07 56.90 0 0.699034 983.15 366.05 28.54 51.14 0 0.684974 495.51 360.22 28.40 60.06 0 0.681335 913.05 528.48 29.08 59.55 0 0.676382 720.35 331.23 26.96 53.52 0 0.665342 557.28 655.85 30.00 63.21 0 0.664707 697.96 404.08 29.30 56.42 0 0.663749 503.74 435.84 29.10 59.04 0 0.663716 597.36 663.32 28.65 60.76 0 0.661646 795.78 398.48 29.14 57.65 0 0.653504 1848.00 505.04 36.04 56.59 0 0.649295 1003.77 292.37 25.66 50.61 0 0.640721 517.47 585.77 30.29 58.76 0 0.639231 553.51 583.91 28.31 55.67 0 0.633807 1016.01 360.77 27.03 52.83 0 0.633798 1050.16 358.72 28.93 58.30 0 0.633566 593.59 351.21 27.76 53.25 0 0.633320 845.75 309.53 28.08 52.22 0 0.626944 1172.43 827.85 29.15 60.47 0 0.625512 1046.18 514.71 29.99 59.38 0 0.624129 1610.02 55.16 52.17 27.05 0 0.612969 1749.79 144.23 36.96 54.06 0 0.611932 713.88 554.09 30.31 57.21 0 0.610488 1081.44 347.79 26.14 57.34 0 0.606732 1121.27 744.40 30.96 60.21 0 0.597718 1274.72 333.24 33.51 79.27 1 0.586743 858.66 389.15 30.45 59.03 0 0.586519 560.68 355.22 27.36 54.04 0 0.584841 616.53 576.66 31.16 60.08 0 0.583859 569.91 429.01 29.79 57.45 0 0.580481 1054.29 755.37 32.81 66.14 0 0.577886 631.86 418.42 28.25 54.85 0 0.573197 941.31 313.30 26.57 51.74 0 0.571571 1155.81 733.96 30.83 66.17 0 0.571227 1866.74 574.49 38.79 60.71 0 0.567382 879.54 309.26 26.41 53.00 0 0.565593 628.63 248.28 13.99 24.70 3 0.564345 1013.09 520.12 28.29 56.70 0 0.563331 892.48 383.17 29.76 61.88 0 0.562729 520.58 664.00 30.13 60.24 0 0.562525 689.07 331.85 29.43 57.94 0 0.561831 814.66 545.46 30.20 56.00 0 0.555769 1830.28 428.87 35.85 63.07 0 0.555323 1786.72 283.28 36.11 57.25 0 0.554492 751.10 332.93 28.09 55.41 0 0.551343 782.79 549.25 28.79 58.36 0 0.542370 784.10 332.13 28.56 50.95 0 0.535111 977.83 521.77 30.64 59.04 0 0.534259 760.02 404.58 28.84 56.90 0 0.529011 584.89 581.11 27.62 56.87 0 0.519697 534.34 431.19 29.29 59.21 0 0.517970 685.54 557.69 28.55 58.69 0 0.516581 750.00 557.80 28.63 56.24 0 0.510838 974.52 293.72 26.18 51.29 0 0.497292 651.05 570.01 30.25 56.96 0 0.493549 663.75 407.83 30.52 62.76 0 0.491403 731.38 405.74 29.36 57.03 0 0.488580 1035.65 292.80 24.44 52.57 0 0.484752 1255.96 160.62 16.02 26.56 3 0.477818 653.94 245.14 13.48 25.93 3 0.476416 847.67 538.71 29.15 63.40 0 0.466660 924.04 381.06 31.79 60.91 0 0.451362 947.18 527.37 29.83 60.85 0 0.432141 908.63 311.56 26.75 51.50 0 0.422956 456.50 270.46 16.78 26.68 3 0.392678 822.64 388.54 29.86 55.74 0 0.389756 826.08 391.92 29.96 56.63 0 0.372320 1747.51 138.50 30.92 52.02 0 0.366229 1720.79 22.52 27.23 36.29 0 0.359080 1722.09 16.32 26.91 35.97 0 0.358054 675.66 986.45 27.42 51.37 0 0.342924 602.06 429.06 26.66 57.20 0 0.335273 943.84 522.66 29.32 60.61 0 0.334819 812.60 325.46 26.39 53.44 0 0.328301 603.39 420.72 26.74 57.68 0 0.321570 921.23 374.98 30.35 60.45 0 0.320555 1603.02 27.71 49.77 24.44 0 0.318508 754.28 335.53 29.25 56.39 0 0.318472 673.87 245.82 14.05 26.27 3 0.310550 538.11 432.94 30.28 60.32 0 0.303218 485.73 268.21 14.98 25.73 3 0.302263 814.98 316.53 28.52 52.74 0 0.300091 1601.75 0.00 56.26 22.96 0 0.283553 1603.37 31.57 57.39 25.37 0 0.277025 1599.59 1.33 56.52 27.07 0 0.265046 1757.02 142.72 40.78 46.32 0
187,0.517732 312.54 676.77 22.36 24.35 0 0.507348 725.05 608.15 55.13 57.48 1 0.475155 944.10 661.93 16.92 18.98 0 0.453579 255.07 662.28 27.02 23.73 0 0.445706 286.03 675.51 25.96 24.44 0 0.343508 248.58 662.49 24.97 24.94 0 0.321170 453.02 714.62 23.36 26.13 0 0.279654 313.85 596.85 23.49 17.48 0 0.264079 793.88 589.20 20.44 22.54 0 0.258909 455.63 720.27 23.07 27.13 0 0.254131 822.33 590.22 15.30 18.70 0
188,0.662353 714.02 252.48 34.63 20.53 3 0.628737 711.85 274.96 37.22 22.10 3 0.574158 920.38 430.69 21.70 41.78 3 0.558201 741.43 134.16 36.48 22.36 3 0.551079 723.64 230.04 31.29 18.98 3 0.538068 962.79 97.85 28.35 49.23 0 0.524733 752.70 84.96 33.37 20.59 3 0.442105 975.38 236.72 40.37 48.47 0 0.427571 726.93 209.38 29.41 20.98 3 0.402754 963.65 113.46 30.86 58.74 0 0.381208 825.12 152.28 15.95 28.28 3 0.364239 973.29 200.43 37.59 46.93 0 0.345488 974.20 228.30 38.36 52.08 0 0.339309 728.88 224.76 32.03 20.84 3 0.317278 751.63 87.55 31.52 21.19 3 0.273969 1045.98 963.10 105.58 115.66 0 0.268688 1012.04 591.78 19.74 28.58 3 0.267803 751.14 105.92 34.63 19.32 3 0.259946 748.15 133.14 34.78 21.76 3
189,0.564911 336.22 162.62 141.24 61.78 0 0.507918 560.23 322.89 176.91 72.32 0 0.401319 673.39 418.79 98.29 76.02 0 0.398331 514.84 299.40 104.12 60.56 0 0.340201 622.94 362.57 130.76 76.01 0 0.322390 529.18 311.15 197.22 73.70 0 0.270900 569.46 346.76 188.53 81.67 0
190,0.455480 873.63 611.64 23.77 41.26 0 0.429168 872.77 623.92 22.92 48.66 0
191,0.876012 164.20 478.59 139.64 82.34 1 0.678583 80.10 264.09 124.39 53.96 0 0.677299 786.26 177.66 101.83 53.05 0 0.673641 313.37 772.75 185.46 112.70 0 0.669984 1221.09 653.54 148.12 88.38 0 0.665947 1471.31 716.33 143.24 170.23 0 0.648497 249.38 244.44 121.88 55.92 0 0.645577 742.32 900.37 212.73 124.55 0 0.640506 0.00 278.81 42.99 55.66 0 0.631202 316.36 645.84 168.82 87.79 0 0.630824 640.81 190.71 101.84 51.90 0 0.629019 1046.78 366.60 123.81 63.81 0 0.625908 815.89 498.22 145.73 74.50 0 0.620544 643.28 480.50 133.76 82.32 0 0.603361 1185.38 594.88 141.41 76.64 0 0.601593 1068.09 413.43 131.62 68.96 0 0.591779 609.00 361.05 127.21 70.30 0 0.589530 1198.19 120.55 92.75 47.56 0 0.587925 719.77 279.00 117.09 51.89 0 0.585839 316.47 715.05 176.72 94.45 0 0.575249 773.44 411.77 129.16 68.08 0 0.573424 1155.88 542.04 144.88 78.89 0 0.571493 464.79 258.23 105.87 55.07 0 0.561629 379.74 229.47 106.27 58.58 0 0.553267 316.15 543.47 154.41 73.03 0 0.537775 1850.17 878.19 67.64 97.28 0 0.535920 508.09 210.74 97.14 50.72 0 0.532031 687.62 623.29 152.20 87.02 0 0.522777 697.38 673.94 155.21 106.90 0 0.521162 1129.79 493.60 136.57 72.10 0 0.514136 300.19 936.52 231.12 111.73 0 0.504520 736.09 313.46 117.49 58.99 0 0.503648 326.12 494.45 138.60 60.14 0 0.475578 318.59 600.89 157.60 69.92 0 0.472387 346.18 452.56 119.62 53.06 0 0.418675 329.64 421.57 119.18 53.32 0 0.367582 329.67 425.55 127.37 64.26 0 0.352276 1163.22 554.58 148.64 81.67 0 0.349007 319.50 539.74 150.55 57.92 0 0.345042 1468.21 709.39 111.79 140.28 0 0.340648 300.91 956.83 207.41 110.72 0 0.320182 1138.46 518.18 147.66 76.29 0 0.318311 719.72 291.67 128.32 55.46 0 0.298875 312.48 562.38 160.66 79.64 0 0.280321 333.85 645.10 165.67 72.00 0 0.273645 1042.11 379.49 139.60 69.89 0 0.259638 228.39 412.36 50.50 34.65 3
192,0.616396 916.81 344.85 21.33 37.90 0 0.615721 356.08 571.79 25.86 40.56 0 0.615096 575.92 597.06 27.39 42.33 0 0.594696 1051.80 419.27 21.69 35.47 0 0.587240 311.72 570.85 25.66 39.62 0 0.571563 678.41 602.82 24.59 38.82 0 0.540283 416.43 578.96 25.47 34.82 0 0.539630 478.92 497.58 34.84 20.19 0 0.529243 917.71 356.56 18.97 34.78 0 0.505989 335.82 572.28 24.17 38.17 0 0.494971 439.87 579.77 25.24 35.02 0 0.491650 895.39 345.75 21.73 36.51 0 0.468786 273.52 563.21 29.15 40.33 0 0.453743 601.17 604.05 24.77 39.10 0 0.436051 1130.39 431.42 17.98 28.12 0 0.426237 277.39 453.05 42.17 21.81 0 0.404925 520.62 501.26 36.33 17.79 0 0.402737 956.39 351.05 22.75 35.86 0 0.384528 937.28 344.12 19.21 34.76 0 0.368054 69.50 231.79 26.48 19.50 0 0.358228 428.10 497.56 35.84 17.92 0 0.357128 615.06 446.78 33.91 17.28 0 0.348038 567.30 500.21 35.53 18.83 0 0.343739 951.56 356.58 23.91 35.15 0 0.325003 268.17 565.43 30.56 41.44 0 0.301991 825.79 399.18 36.48 20.50 0 0.291314 103.06 231.13 24.80 19.87 0 0.289879 361.21 651.24 33.15 30.10 0 0.263982 0.00 231.46 18.63 19.45 0 0.261691 1179.72 428.86 23.60 19.86 0 0.259553 694.59 507.59 46.84 23.90 0 0.257431 841.91 254.09 19.77 28.07 0 0.256439 0.75 268.36 36.92 24.93 0 0.250133 896.00 357.94 20.31 32.02 0
193,
194,0.713331 572.17 172.10 12.21 18.96 2 0.497342 1243.36 375.41 27.10 18.11 0 0.451589 539.63 180.02 13.37 14.54 2 0.437548 402.39 154.05 14.90 19.16 2 0.314819 1058.64 159.42 15.68 13.78 3 0.298568 1051.87 296.09 21.63 17.52 1 0.298502 910.51 25.57 15.25 22.86 3 0.298478 826.48 343.69 16.80 21.29 0 0.289854 1155.63 207.15 24.47 15.69 1 0.287588 103.03 322.90 37.13 23.33 3 0.271753 543.15 159.34 13.34 16.53 2 0.270042 1317.86 328.40 25.73 16.77 0 0.267663 111.49 297.36 26.64 21.06 0 0.256601 926.24 700.82 16.67 15.98 3 0.256075 103.61 475.05 23.50 16.34 3
195,0.610301 104.87 392.93 36.97 23.00 0 0.541776 132.44 243.93 18.67 23.25 0 0.521929 134.88 193.70 18.41 23.32 0 0.489927 1158.02 59.35 30.21 19.08 1 0.453029 133.29 220.91 20.23 21.26 0 0.406782 135.49 172.43 18.43 19.84 0 0.394277 131.61 269.36 21.79 22.60 0 0.388085 107.32 418.52 33.54 22.07 0 0.360189 1162.79 60.46 33.57 17.26 1 0.355606 116.52 344.60 26.83 19.58 0 0.337591 104.75 442.26 33.58 22.65 0 0.330782 1115.98 25.13 26.18 19.13 1 0.296775 129.05 292.73 20.54 21.06 0 0.266324 112.38 370.34 30.45 19.88 0
196,0.651580 0.00 913.65 30.72 41.29 0 0.598802 99.37 864.19 54.50 36.27 0 0.584921 114.93 647.51 62.08 40.40 0 0.563860 521.36 303.29 58.33 37.92 0 0.544903 230.22 802.87 50.48 39.66 0 0.525204 171.41 828.25 52.71 40.51 0 0.523422 290.33 771.87 53.85 41.87 0 0.503470 302.25 48.03 29.01 42.62 0 0.490427 557.06 378.82 53.51 31.42 0 0.487291 247.10 104.41 37.49 47.01 0 0.478372 217.58 42.21 39.17 51.70 0 0.476628 291.05 205.20 43.90 48.73 0 0.471775 268.17 154.89 40.86 49.29 0 0.460746 1100.94 466.33 44.24 31.99 0 0.460274 1740.62 44.38 43.26 28.36 0 0.455764 668.86 603.22 51.93 31.11 0 0.446202 269.97 952.77 52.59 45.61 0 0.434489 608.10 549.80 40.40 47.79 0 0.432585 285.06 201.09 42.14 51.81 0 0.426977 1734.15 48.03 37.85 30.41 0 0.406866 83.12 1038.69 78.07 38.95 0 0.396913 323.43 928.96 58.95 44.51 0 0.394833 541.01 347.97 57.87 33.92 0 0.391985 400.73 188.68 34.13 38.97 0 0.385796 340.44 310.64 33.43 37.67 0 0.377213 28.45 491.40 48.29 27.81 0 0.370828 727.80 517.39 17.71 19.77 3 0.363753 334.13 923.06 56.80 43.41 0 0.362371 299.16 43.20 28.96 43.58 0 0.360658 365.39 363.64 33.71 49.59 0 0.359923 674.60 83.99 23.14 23.47 0 0.344860 105.78 859.84 50.22 35.45 0 0.340396 101.64 1035.46 70.71 38.36 0 0.331233 545.51 485.41 33.54 30.44 0 0.322497 1588.67 130.39 22.10 24.43 3 0.318885 367.93 778.54 79.60 54.89 0 0.306608 316.30 257.56 35.54 44.26 0 0.304005 217.85 983.55 42.31 42.35 0 0.301732 1631.05 34.89 29.61 19.77 0 0.300687 531.39 453.34 34.12 41.90 0 0.299894 254.66 958.98 51.44 46.27 0 0.287171 205.79 988.78 50.03 44.02 0 0.284064 670.98 538.66 24.87 26.21 3 0.281328 238.96 101.53 43.16 54.66 0 0.272355 312.34 253.18 36.38 43.60 0 0.257301 502.74 729.15 23.02 22.14 3 0.252346 1630.71 109.00 18.64 22.40 3
197,0.570213 905.48 324.26 13.99 17.50 2 0.557622 331.04 205.44 48.39 22.38 0 0.547023 270.61 39.87 38.62 24.29 0 0.534587 367.80 7.75 38.38 21.59 0 0.482100 324.08 22.50 33.74 21.01 0 0.418891 893.05 293.97 13.87 19.18 2 0.381042 118.71 677.75 13.40 17.66 2 0.368223 366.45 11.04 38.52 22.11 0 0.347389 417.18 0.00 39.73 18.97 0 0.329271 283.20 243.34 13.12 19.70 3 0.319811 459.09 150.65 46.41 24.34 0 0.312347 957.39 314.04 13.43 17.08 2 0.306290 101.89 630.39 11.87 19.02 2 0.286593 365.04 16.00 35.90 20.04 0 0.270398 0.55 71.55 14.43 23.88 0 0.266426 337.69 213.06 43.88 26.46 0 0.258480 357.12 259.96 9.63 19.61 2 0.256682 901.50 125.55 43.74 21.80 0 0.251608 264.82 46.46 37.24 22.77 0
198,0.802041 236.47 971.61 61.16 44.72 3 0.778908 350.56 883.08 53.68 40.09 3 0.740288 1219.04 434.95 30.79 33.88 3 0.692880 787.50 909.67 45.69 56.78 3 0.688587 1269.01 468.36 27.12 28.89 3 0.683710 1194.28 433.32 35.47 38.12 3 0.651406 1470.59 467.93 68.75 43.79 0 0.647290 1789.78 874.82 130.22 104.03 0 0.646397 811.63 562.38 101.20 64.89 1 0.634128 1644.95 789.90 135.63 97.68 0 0.629253 1263.61 417.71 29.83 28.33 3 0.621047 353.13 874.99 48.34 43.79 3 0.615752 1115.43 778.39 138.35 92.04 0 0.615299 1295.27 605.60 31.30 39.27 3 0.612350 1046.00 813.79 147.89 129.25 0 0.611747 924.29 887.58 140.79 137.33 0 0.596305 825.55 894.95 40.12 46.03 3 0.595350 1377.76 329.68 103.36 59.27 0 0.593123 692.62 650.92 34.84 40.02 3 0.588489 439.54 761.16 36.13 47.93 3 0.586765 851.76 949.59 143.06 122.72 0 0.575657 608.92 1029.76 43.45 49.03 3 0.572226 1468.25 935.07 200.90 134.96 0 0.548398 740.68 631.81 33.01 39.25 3 0.544370 1225.40 420.74 25.07 33.42 3 0.531040 679.05 724.55 99.90 66.68 0 0.524648 1403.81 970.12 187.15 109.88 0 0.517385 718.92 644.45 32.50 36.59 3 0.515247 633.48 1010.51 41.21 55.81 3 0.513902 209.54 872.01 59.96 35.86 3 0.513375 885.55 842.23 37.47 47.18 3 0.495967 565.78 1044.03 36.98 35.97 3 0.492718 972.92 796.95 33.67 51.66 3 0.489508 820.89 898.12 35.15 47.45 3 0.477717 734.96 819.20 32.67 57.27 3 0.467461 840.33 873.03 42.91 42.09 3 0.454906 927.89 832.70 41.15 47.66 3 0.446622 1307.05 515.51 28.43 33.57 3 0.446316 895.97 851.96 41.88 46.59 3 0.446312 574.50 702.64 31.10 43.31 3 0.438776 583.93 700.60 34.38 42.22 3 0.436453 643.94 715.09 42.17 36.78 3 0.433376 651.33 733.80 125.73 91.57 0 0.425123 946.54 809.61 36.13 49.99 3 0.421487 1247.12 418.49 28.85 29.67 3 0.409930 478.03 745.04 35.82 46.33 3 0.409229 808.43 573.18 85.40 58.32 1 0.395481 466.26 751.68 34.60 47.00 3 0.390500 430.23 754.34 29.04 47.83 3 0.387406 720.52 639.00 34.22 38.57 3 0.373262 700.01 641.27 33.20 36.55 3 0.370160 664.85 731.20 113.96 71.09 0 0.360930 847.03 883.49 43.40 45.05 3 0.359080 703.87 1043.59 89.87 36.41 0 0.358054 959.95 798.64 37.05 51.90 3 0.355102 402.38 820.04 48.07 37.97 3 0.353720 535.69 713.54 38.92 47.42 3 0.350807 333.65 794.55 24.74 36.84 2 0.348274 1286.78 393.91 32.16 31.13 3 0.347837 698.97 602.86 45.50 28.45 3 0.344562 445.87 753.63 33.20 47.76 3 0.341497 642.33 669.78 31.73 40.26 3 0.339504 937.92 811.39 32.30 47.63 3 0.335313 931.75 818.30 36.08 49.88 3 0.333663 647.51 751.75 113.98 82.15 0 0.333319 625.87 695.90 31.43 35.80 3 0.328154 643.24 663.33 26.98 35.42 3 0.321522 898.31 843.84 39.50 47.33 3 0.313727 646.75 700.84 37.74 40.50 3 0.307552 424.75 780.24 36.84 41.40 3 0.302950 408.80 776.50 28.42 43.30 3 0.302922 236.81 955.37 47.59 49.54 2 0.298741 1139.20 456.98 36.64 35.79 3 0.298266 407.15 787.10 30.05 42.51 3 0.294301 666.37 662.04 29.39 35.77 3 0.290546 1397.02 941.31 254.62 135.19 0 0.283482 395.86 828.89 48.94 39.90 3 0.283279 623.80 1015.44 43.46 55.90 3 0.279410 1301.50 524.26 31.00 31.30 3 0.277315 1274.91 396.81 34.20 32.27 3 0.273141 542.19 708.67 36.71 45.50 3 0.271915 300.46 845.61 53.81 43.41 3 0.271465 883.04 855.85 42.70 47.43 3 0.269651 1197.15 426.24 27.65 34.81 3 0.263680 703.75 605.53 45.39 27.78 3 0.258831 835.33 561.17 87.25 51.65 1
199,0.524589 1056.82 498.39 61.78 28.27 1
200,0.777609 488.26 272.42 17.10 26.51 2 0.643696 621.93 268.50 11.52 19.52 2 0.634008 918.84 63.57 51.33 29.87 1 0.619429 1099.90 66.57 27.99 38.07 0 0.587398 892.41 340.19 12.95 15.72 2 0.574904 558.82 295.18 13.21 16.16 2 0.563852 1073.71 45.93 27.29 35.86 0 0.560501 540.62 426.07 9.61 14.43 2 0.459612 1003.92 1.52 26.60 34.44 0 0.424293 560.87 406.39 12.42 16.27 2 0.414913 621.13 265.01 12.21 18.78 2 0.406627 641.70 547.10 14.81 15.62 2 0.393324 606.04 295.01 9.65 16.80 2 0.387137 423.95 666.88 17.27 23.43 2 0.380497 876.10 210.05 10.84 15.18 2 0.378032 770.82 669.07 13.47 15.17 2 0.364401 258.45 557.67 13.33 17.31 2 0.328850 712.18 377.86 10.06 14.48 2 0.323482 654.08 575.27 13.06 14.96 2 0.287444 569.35 312.99 14.23 19.06 2 0.282490 987.83 110.20 15.68 15.07 3 0.272725 888.91 311.17 12.91 12.66 2 0.270901 268.08 559.33 12.21 17.38 2 0.268035 823.85 254.27 11.32 16.41 2 0.263337 558.58 565.23 12.54 16.03 2
201,0.699588 1668.93 744.24 38.61 57.87 0 0.695438 1104.88 485.93 33.34 50.61 0 0.673258 1681.84 810.21 38.70 63.77 0 0.671750 1051.10 341.50 26.28 45.27 0 0.670780 0.96 801.67 51.27 30.30 0 0.667508 812.96 473.62 29.30 51.43 0 0.643255 1655.21 672.55 37.87 59.51 0 0.638700 931.88 472.33 32.80 52.74 0 0.633064 839.76 703.46 57.27 31.87 0 0.626243 119.74 794.06 63.87 31.41 0 0.620623 1706.89 955.88 37.36 62.34 0 0.615874 842.12 471.06 28.98 51.87 0 0.607349 1621.51 883.80 35.63 62.96 0 0.603830 1131.54 342.38 26.84 42.38 0 0.600573 720.67 434.23 48.43 29.76 0 0.590442 970.27 309.01 49.91 26.43 0 0.588950 977.91 344.93 25.98 44.38 0 0.585751 1000.58 474.81 34.51 52.48 0 0.583013 1532.51 895.43 33.11 58.19 0 0.574177 899.95 308.39 57.82 27.18 0 0.569032 832.10 248.89 60.70 28.54 1 0.567554 1710.35 744.18 34.58 56.68 0 0.558074 1645.46 606.47 36.94 63.38 0 0.557498 1077.35 340.74 27.85 44.26 0 0.554308 1038.09 479.05 34.45 53.49 0 0.548653 199.66 798.04 53.89 24.61 0 0.546781 1022.31 246.49 42.29 25.91 0 0.540307 966.27 471.13 30.09 54.23 0 0.534905 555.00 847.17 36.36 67.03 1 0.533368 1558.22 489.44 32.83 57.53 0 0.533016 1612.90 816.69 35.99 55.72 0 0.531747 1097.70 307.98 42.99 25.26 0 0.529588 581.01 484.25 29.33 47.24 0 0.529002 555.54 1010.56 30.15 60.02 0 0.528340 577.02 565.96 28.65 49.46 0 0.527001 1744.29 968.43 37.46 62.54 0 0.523389 1553.11 432.00 32.68 55.00 1 0.518352 689.51 335.76 56.00 37.14 0 0.514815 841.34 309.49 53.09 25.41 0 0.512693 1831.90 314.16 53.36 27.96 0 0.511042 1139.34 487.12 34.69 50.22 0 0.504730 1578.44 612.95 38.19 62.47 0 0.501333 1629.61 954.86 38.36 69.64 0 0.500453 869.32 472.96 28.56 53.14 0 0.498512 1643.17 1028.18 38.48 51.82 0 0.496216 1690.08 664.99 34.65 55.93 0 0.495112 1596.15 747.68 34.83 55.50 0 0.491753 1768.48 305.49 55.71 30.44 0 0.491376 1042.63 308.67 45.54 25.99 0 0.468355 784.35 307.23 51.43 27.95 0 0.468354 1631.06 541.24 35.88 61.54 0 0.466466 1078.19 718.64 55.60 32.11 0 0.466440 556.93 922.85 32.56 60.05 0 0.465639 899.81 470.62 30.62 54.34 0 0.458271 1711.69 306.61 54.89 30.62 0 0.456357 1586.90 678.96 35.39 61.93 0 0.440118 1694.71 883.64 37.72 59.36 0 0.437168 822.29 852.70 29.35 60.68 0 0.433988 1619.61 432.14 30.83 53.43 0 0.432009 576.55 430.60 43.85 40.97 1 0.428267 1183.55 487.83 33.13 42.50 0 0.418602 554.62 993.36 31.50 63.02 0 0.409648 389.89 940.25 29.36 63.23 0 0.407236 377.98 1015.60 36.76 63.56 1 0.401857 1289.14 303.62 46.40 23.88 0 0.394317 1005.86 248.73 38.17 24.26 0 0.378491 962.92 552.88 56.01 30.79 0 0.371345 1597.21 754.78 35.45 61.20 0 0.367970 628.85 324.98 14.97 16.68 2 0.359967 204.84 795.94 61.30 26.64 0 0.348426 1564.18 549.72 37.32 57.97 0 0.348024 1177.10 487.67 34.94 47.48 0 0.343324 561.42 767.65 32.42 66.94 1 0.327055 487.60 534.55 25.06 39.51 0 0.317281 973.50 471.99 34.07 53.94 0 0.306332 563.18 701.76 33.99 63.04 0 0.304768 796.08 349.18 23.60 33.66 0 0.303285 678.54 336.11 57.93 39.61 1 0.300273 559.63 916.70 36.39 57.11 0 0.285435 1655.55 456.31 33.48 57.19 0 0.283187 1652.60 451.07 33.93 57.96 1 0.276289 722.50 306.59 36.92 26.81 0 0.273527 724.81 304.38 44.99 28.25 0 0.272186 1033.11 307.85 44.13 26.93 0 0.265692 866.40 478.65 28.15 55.43 0 0.263173 1223.33 1044.40 58.17 22.20 0 0.260446 1189.83 343.37 27.31 43.90 0
202,0.652067 986.43 547.06 31.50 46.18 0 0.602411 976.38 477.05 31.86 52.81 0 0.563411 991.36 597.30 36.90 62.20 0 0.536434 971.31 419.59 32.73 50.80 0 0.428857 988.86 743.79 33.38 67.24 0 0.293977 813.22 244.79 22.14 39.05 0 0.293688 648.15 4.29 28.65 27.57 0 0.285926 988.41 590.23 34.32 63.91 0 0.283293 847.60 270.21 19.73 32.89 0 0.282762 974.16 483.35 30.66 57.01 0 0.267503 990.86 550.37 32.48 45.04 0
203,0.751551 0.00 498.47 230.66 89.29 0 0.254112 0.00 506.24 194.83 92.80 0
204,0.718077 714.70 615.26 28.67 55.35 0 0.715845 645.81 373.04 25.48 45.23 0 0.675882 1488.89 460.26 31.64 41.35 0 0.657803 1438.86 240.68 27.71 38.47 0 0.656060 721.97 251.34 26.10 43.82 0 0.649466 1145.31 152.83 44.12 20.43 0 0.639590 758.89 365.36 29.24 61.15 1 0.639124 620.54 516.94 28.07 45.04 0 0.634198 693.58 245.78 26.10 46.24 0 0.628146 654.14 325.95 23.91 37.73 0 0.624321 1550.80 980.91 38.61 57.11 0 0.622596 383.14 622.02 32.37 55.21 0 0.618768 656.58 460.86 25.43 45.02 0 0.614890 619.42 141.02 25.76 37.93 0 0.609774 337.29 504.78 32.14 53.87 0 0.609501 770.55 148.35 27.39 40.65 0 0.604051 510.94 323.43 26.38 37.14 0 0.603739 748.81 464.34 27.59 50.49 0 0.595106 1650.39 843.24 65.16 56.47 0 0.590815 1784.07 49.48 22.00 29.40 0 0.589923 505.48 244.08 27.94 44.68 0 0.588615 774.11 256.40 25.65 43.08 0 0.587798 679.01 327.58 23.49 39.06 0 0.584003 518.11 620.88 27.81 53.00 0 0.579729 719.66 463.11 27.55 48.00 0 0.579379 687.96 462.31 27.71 49.13 0 0.578041 629.51 462.80 26.12 43.46 0 0.567947 781.15 615.50 28.72 52.83 0 0.567431 364.99 162.59 30.94 44.49 0 0.565990 524.51 513.23 29.29 50.93 0 0.565459 257.57 396.53 37.67 49.20 0 0.546848 348.49 621.21 32.01 56.10 0 0.541168 569.48 138.37 27.25 40.53 0 0.539784 616.92 375.16 27.16 45.15 0 0.536916 1502.67 511.14 36.93 47.28 0 0.535919 1399.72 57.19 21.31 31.11 0 0.527262 640.96 249.36 25.15 42.01 0 0.527103 473.94 248.59 28.71 41.82 0 0.526012 679.36 613.72 28.10 54.84 0 0.526001 1427.22 192.72 28.78 41.00 1 0.524881 1675.37 34.75 20.57 30.64 0 0.518039 1585.19 29.29 19.35 28.24 0 0.509516 736.33 331.82 24.25 36.00 0 0.509257 1718.96 84.07 27.05 25.65 0 0.506837 556.59 510.45 29.98 52.37 0 0.506420 408.85 681.52 17.21 24.57 3 0.506404 340.48 211.40 33.90 46.14 0 0.503891 620.43 215.14 23.46 33.92 0 0.502082 372.13 505.46 30.69 54.17 0 0.499549 1468.13 364.37 27.33 42.77 0 0.497887 582.75 677.38 16.20 27.92 3 0.494600 1504.85 1018.15 28.02 43.53 0 0.492781 558.28 676.99 18.74 31.37 3 0.492477 535.60 460.00 31.33 45.78 0 0.489425 1839.90 54.24 24.31 25.63 0 0.488308 554.21 613.72 26.70 50.17 0 0.484888 1701.81 705.96 58.71 29.51 0 0.484849 1313.43 241.35 22.94 38.17 0 0.482018 1324.78 317.83 26.21 49.16 0 0.481640 1605.16 32.50 19.78 28.63 0 0.480720 1349.92 487.08 27.91 47.90 0 0.477583 322.52 261.14 36.52 39.41 0 0.473991 540.57 321.56 27.86 44.71 0 0.473956 649.01 614.82 26.94 51.01 0 0.472492 701.63 327.66 24.21 40.35 0 0.467771 487.36 618.77 27.52 51.60 0 0.461382 1344.69 0.07 20.72 32.93 0 0.461116 1387.43 585.04 27.81 27.79 3 0.457683 559.45 244.06 26.07 44.42 0 0.456350 976.62 142.66 51.95 25.33 0 0.453066 1650.34 32.74 20.71 30.63 0 0.450227 278.57 344.23 40.44 47.41 0 0.448417 764.65 326.99 25.83 40.65 0 0.446790 493.76 133.27 29.44 43.84 0 0.446427 1660.53 429.78 35.35 43.82 0 0.445782 668.18 141.78 27.71 41.63 0 0.444979 550.55 622.00 28.13 51.41 0 0.444856 819.24 91.43 24.50 24.97 0 0.437717 530.47 368.43 26.82 44.98 0 0.435490 817.63 140.48 30.87 56.28 1 0.434730 206.79 508.08 35.37 46.93 0 0.432121 301.23 306.85 38.88 37.68 0 0.430923 1702.47 39.77 20.28 29.23 0 0.427846 1175.09 153.28 43.32 23.40 0 0.421333 435.74 680.50 15.22 25.84 3 0.420874 1459.59 321.15 29.80 39.84 0 0.410639 1151.76 153.39 54.68 20.72 0 0.410235 1613.58 1002.98 45.68 68.70 0 0.405972 1860.75 376.86 40.41 24.11 0 0.405173 493.24 134.44 29.82 44.11 1 0.403828 728.10 375.07 25.72 48.37 0 0.401912 1582.33 881.29 37.59 52.85 0 0.399311 1608.77 992.87 41.94 70.23 0 0.396314 1731.22 41.82 22.24 28.08 0 0.394908 598.65 325.28 23.33 39.74 0 0.393883 1094.60 665.77 74.62 35.64 1 0.393687 1813.83 52.23 25.26 29.06 0 0.389740 470.32 366.12 28.79 44.25 1 0.389646 1588.87 878.59 35.33 51.10 0 0.387356 998.89 671.64 70.19 31.97 0 0.380686 702.72 372.62 24.26 43.78 0 0.378967 1323.28 291.94 24.58 36.63 0 0.378328 1626.30 31.68 20.83 29.23 0 0.374730 1478.46 413.29 28.19 43.23 0 0.373896 626.18 675.83 15.43 28.45 3 0.368934 1468.31 222.62 30.91 26.68 0 0.367494 229.64 453.64 38.90 49.51 0 0.367228 1629.74 683.95 49.17 28.60 1 0.363761 615.34 250.69 24.04 41.16 0 0.357526 771.27 123.65 31.00 24.25 0 0.357249 595.52 328.64 23.05 39.73 0 0.356590 1390.69 19.26 21.76 27.31 0 0.337050 608.12 676.28 15.48 27.10 3 0.333293 536.58 323.37 26.76 41.45 0 0.332426 484.38 679.39 15.93 28.67 3 0.331026 462.56 681.05 14.25 27.88 3 0.323786 609.19 250.80 25.52 41.02 0 0.319446 1424.77 27.50 23.05 26.86 0 0.310736 1888.55 135.44 31.28 34.06 0 0.310189 1413.57 125.48 30.95 27.19 0 0.302449 1341.77 418.42 31.12 58.09 0 0.299593 651.51 674.54 16.75 28.40 3 0.288400 1421.13 167.39 30.66 35.02 1 0.282443 1417.62 155.53 30.03 31.11 1 0.281211 1091.30 149.55 42.81 22.43 0 0.275477 1459.88 325.96 29.47 44.51 1 0.274601 1448.17 281.77 28.92 37.72 0 0.273986 1695.75 1003.83 34.63 16.42 3 0.273435 506.77 678.83 16.49 28.72 3 0.264434 711.46 328.22 23.86 37.80 0 0.260167 1639.08 840.78 60.25 56.32 0 0.258244 1002.66 671.77 69.54 32.80 1 0.252602 1767.91 706.36 48.50 30.24 0
205,0.571561 1156.53 9.96 17.16 21.13 2 0.439881 123.40 309.21 29.70 19.37 3 0.308626 921.47 274.73 13.80 16.86 2 0.304262 960.81 346.73 17.81 11.90 2 0.297016 238.43 176.19 20.26 13.36 3 0.291617 1285.20 0.00 28.81 10.75 1
206,0.415345 1147.96 609.93 35.37 31.05 1 0.375698 1166.78 520.73 38.03 27.73 0 0.368909 927.54 545.14 38.99 32.13 1 0.339613 943.54 551.85 32.93 30.64 0 0.319395 52.14 622.66 31.74 36.34 0 0.250837 1838.05 705.28 40.88 30.64 0
207,0.701105 719.32 118.53 136.38 58.03 1 0.593512 764.74 52.52 110.90 46.21 1 0.523470 729.54 111.23 127.40 43.73 1 0.479776 728.18 129.64 121.26 48.93 1 0.299750 692.22 70.37 35.55 106.18 1 0.276139 711.41 92.13 150.24 85.74 1 0.273687 48.69 0.00 44.92 29.54 0 0.264670 65.13 0.00 56.63 27.89 0
208,0.558031 419.14 624.92 12.13 17.55 2 0.468611 1056.86 426.19 15.11 14.38 3 0.387392 694.09 442.47 12.73 21.57 2 0.386499 1193.60 660.31 18.23 24.45 0 0.376743 973.99 514.58 20.49 21.22 1 0.350675 258.43 510.20 27.64 18.14 1 0.307075 1161.49 649.75 15.72 14.97 0 0.299232 336.14 152.64 11.36 17.94 3 0.294941 357.77 144.73 12.01 19.90 3 0.283900 257.11 499.27 30.03 19.81 1
209,0.666314 1244.40 608.97 67.82 30.61 0 0.658882 609.82 318.58 51.98 24.65 0 0.653894 1014.10 443.17 24.40 38.95 0 0.622283 1276.94 502.32 26.63 53.95 0 0.621265 820.29 818.95 59.99 31.18 0 0.612905 1219.19 511.87 29.24 53.30 0 0.601713 491.88 772.46 31.59 63.18 0 0.579471 1031.15 499.87 32.54 49.66 0 0.554019 69.05 796.18 36.23 65.89 0 0.552091 436.94 779.86 35.22 66.29 0 0.532190 843.43 377.84 54.53 22.50 0 0.515039 1246.15 510.65 25.59 51.91 0 0.511268 569.47 776.69 29.60 54.42 0 0.498838 604.89 770.31 33.17 60.26 0 0.480081 251.77 536.92 28.55 48.75 0 0.434974 1870.71 52.48 27.48 32.86 0 0.422172 971.72 386.06 30.85 46.27 0 0.421494 1017.55 351.69 51.29 19.44 0 0.410207 1545.52 536.15 51.01 25.22 0 0.406932 1901.17 194.86 18.37 41.20 0 0.369049 912.28 377.94 49.00 26.31 0 0.358672 81.31 954.08 75.06 30.63 0 0.347543 1027.19 352.96 49.52 19.70 0 0.340637 1384.18 0.00 25.01 34.69 0 0.334619 315.69 323.86 36.73 35.14 0 0.331179 5.35 985.62 54.07 34.99 0 0.327384 1126.57 510.54 32.22 51.90 0 0.327324 171.62 784.99 20.11 22.98 3 0.318093 851.76 377.13 56.15 20.69 0 0.315352 0.00 987.94 40.98 33.86 0 0.313362 1162.12 506.29 34.97 56.63 0 0.294601 1800.22 82.44 35.07 21.28 0 0.292638 1009.08 303.86 22.55 18.71 3 0.287404 886.06 790.25 32.06 36.84 0 0.276629 1446.26 703.27 31.81 58.92 0 0.274344 246.24 527.47 30.81 51.87 0 0.271528 386.58 771.05 13.43 25.22 3 0.267693 927.57 396.81 40.63 29.91 0 0.267111 1446.55 862.01 20.76 34.31 0 0.265466 1069.18 519.61 30.08 47.31 0 0.255632 1897.86 47.64 22.05 34.71 0 0.250139 1197.36 477.81 31.78 33.95 0
210,0.714713 936.97 389.86 28.59 60.33 0 0.706635 1298.04 219.95 31.24 75.13 1 0.686027 1128.41 602.89 29.15 64.47 0 0.678618 1007.56 170.27 23.66 50.67 0 0.669513 1176.28 685.31 25.32 57.36 0 0.666573 890.56 252.70 27.92 56.01 0 0.638648 763.40 260.66 29.68 56.81 0 0.638569 614.98 425.10 26.99 53.11 0 0.634049 882.19 178.28 25.95 51.92 0 0.633936 1097.88 384.30 26.38 54.23 0 0.624242 575.30 276.70 25.71 56.85 0 0.615118 914.76 178.25 24.78 50.72 0 0.614572 1296.92 54.01 15.71 29.11 3 0.613092 698.84 263.50 28.55 57.63 0 0.611936 606.25 207.59 24.65 52.94 0 0.610716 1110.65 228.92 25.79 53.09 0 0.609700 549.10 425.46 28.09 52.98 0 0.609649 795.81 262.53 26.58 54.11 0 0.609380 1038.08 168.31 23.77 48.91 0 0.608058 952.90 248.98 26.64 55.85 0 0.608022 646.27 422.63 27.73 54.13 0 0.607554 713.64 407.73 28.94 56.11 0 0.606860 1850.48 415.10 38.30 60.00 0 0.599660 542.01 281.76 28.76 56.67 0 0.599167 743.68 406.01 27.20 51.75 0 0.595416 621.39 499.94 28.26 59.47 0 0.588631 790.64 196.28 25.88 54.91 0 0.584483 582.29 423.54 26.97 54.95 0 0.577948 679.88 413.86 27.69 59.45 0 0.577138 1014.25 238.94 25.14 55.16 0 0.576478 583.96 493.26 27.76 59.80 0 0.575557 1839.57 342.87 34.14 62.17 0 0.567002 1809.48 199.23 34.37 59.60 0 0.565052 726.88 192.66 27.87 57.53 0 0.564476 1164.55 598.23 29.39 61.89 0 0.563007 808.70 404.10 27.93 56.18 0 0.562704 639.53 274.42 27.09 56.17 0 0.558540 966.11 389.78 28.39 59.91 0 0.549849 857.58 254.65 28.38 59.88 0 0.549792 758.55 192.00 25.84 54.87 0 0.547771 1869.27 485.72 36.95 63.27 0 0.545622 635.67 204.37 26.29 53.58 0 0.539813 1047.38 236.32 25.16 48.14 0 0.534512 820.63 194.44 25.14 48.23 0 0.528264 1001.05 386.58 26.87 57.29 0 0.528115 1035.64 387.93 25.90 55.04 0 0.527018 1081.35 232.70 24.62 51.76 0 0.525821 775.91 404.95 26.87 55.23 0 0.518289 840.03 401.93 27.97 54.18 0 0.517072 667.24 266.72 26.85 58.60 0 0.511014 607.61 276.18 27.88 57.20 0 0.500347 540.01 208.43 28.44 55.63 0 0.497323 548.37 497.85 27.84 57.67 0 0.492060 678.19 106.92 13.34 24.08 3 0.472433 975.77 179.19 24.84 53.68 0 0.466652 1068.33 386.84 26.87 55.17 0 0.457304 943.75 178.40 24.20 55.54 0 0.455651 703.83 106.10 13.22 23.98 3 0.449368 875.30 398.06 27.52 59.26 0 0.428550 1775.26 60.95 29.43 51.82 0 0.410812 1082.08 238.81 26.24 56.82 0 0.396800 923.10 252.99 28.38 56.98 0 0.389443 1777.21 65.54 31.77 53.82 0 0.372829 733.19 263.80 27.58 55.86 0 0.367603 827.76 253.73 27.76 57.78 0 0.359688 1062.81 604.74 29.96 68.35 0 0.342107 829.72 264.51 25.97 55.05 0 0.328955 848.96 192.00 25.68 49.15 0 0.312206 1251.03 57.76 14.81 26.49 3 0.291394 1069.36 170.05 25.32 49.97 0 0.271025 1280.87 54.98 14.97 28.54 3 0.267647 506.61 121.71 15.68 28.26 3 0.259308 656.12 106.27 12.74 22.43 3
211,0.774695 612.79 481.86 42.35 83.49 3 0.717583 616.95 472.26 38.31 70.79 3 0.546039 1118.87 0.00 70.06 126.30 0 0.526107 0.00 881.57 193.86 99.60 0 0.312014 1877.76 0.00 42.24 71.72 0 0.299683 1872.50 2.54 43.75 96.90 0 0.291527 515.35 360.61 72.74 41.09 3 0.260629 526.15 319.41 76.40 41.52 0
212,0.677137 433.91 597.36 50.59 60.65 0 0.669368 530.59 435.96 48.49 57.54 0 0.651107 381.40 282.31 46.70 52.02 0 0.619986 799.99 15.60 24.83 31.09 0 0.614074 275.00 398.65 55.93 65.05 0 0.595414 209.16 472.92 57.54 71.92 0 0.595148 540.85 91.12 31.86 38.75 0 0.592474 485.40 516.82 47.99 61.30 0 0.588875 572.15 373.86 43.51 54.50 0 0.580692 699.93 164.26 34.07 41.09 0 0.580344 633.29 274.33 37.58 41.35 1 0.570127 593.19 20.12 34.01 35.93 0 0.549615 812.18 395.11 10.76 19.04 2 0.547477 749.50 84.90 32.03 36.30 0 0.514515 461.27 180.25 43.76 47.87 0 0.374917 493.09 510.25 45.43 66.85 0 0.336524 438.00 582.31 52.84 66.61 0 0.315583 758.75 513.00 13.14 22.03 2
213,0.540377 1372.13 975.50 31.78 17.03 0 0.519411 1383.01 1002.06 32.26 15.75 0 0.448783 1326.62 904.97 29.15 17.22 0 0.442653 1348.37 947.34 30.06 16.72 0 0.425467 1337.62 928.51 30.51 13.53 0 0.416097 1330.80 906.55 29.63 17.43 0 0.361482 1375.83 979.77 35.50 20.86 0 0.322514 1294.70 1037.94 20.46 33.41 0 0.294592 1375.98 996.14 33.33 18.11 0 0.280924 1188.82 932.66 37.65 17.10 0 0.270548 1355.26 951.42 30.13 16.07 0 0.269119 1260.43 1003.19 36.23 25.56 1 0.263897 1340.34 880.77 24.33 15.74 0
214,0.657032 183.14 169.67 54.04 60.97 0 0.631373 134.78 168.47 52.01 58.70 0 0.630749 910.52 53.03 36.88 44.81 0 0.609806 639.67 465.24 35.41 24.75 3 0.607889 614.74 546.95 62.80 84.07 0 0.596229 18.54 165.89 80.51 66.87 0 0.561290 234.53 169.45 52.27 61.16 0 0.560285 292.83 170.51 61.28 63.39 0 0.559766 624.77 128.33 19.09 26.37 3 0.557483 890.14 229.60 20.63 30.29 2 0.549214 623.75 146.89 18.34 28.56 3 0.515802 615.66 524.08 56.14 55.01 0 0.502029 636.00 488.77 43.05 29.10 3 0.498011 652.72 450.67 30.93 22.88 3 0.456225 603.66 47.33 75.91 39.73 0 0.445927 605.65 34.86 76.52 36.22 0 0.410448 1040.17 706.02 46.58 31.04 3 0.408093 1032.78 747.34 40.29 24.71 3 0.403821 1710.08 4.04 49.78 23.68 0 0.403790 627.08 98.52 24.55 25.93 3 0.397753 657.16 447.03 31.25 20.58 3 0.390785 642.92 101.76 28.14 23.65 3 0.375157 621.38 7.31 66.29 29.77 0 0.363817 613.81 525.47 56.49 73.22 0 0.356316 1807.55 837.28 72.67 55.03 0 0.350636 608.57 40.28 74.46 37.49 0 0.317196 891.89 240.60 20.66 30.52 2 0.294817 644.95 149.55 19.80 29.37 3 0.285092 241.13 163.61 56.38 57.32 0 0.278936 554.40 108.26 19.13 23.33 3 0.272170 1846.39 105.02 51.88 35.40 0 0.270727 1084.86 840.46 26.31 30.52 3 0.260843 1032.79 685.14 48.51 28.11 3
215,0.388956 1839.82 630.54 44.32 29.55 0 0.355642 1844.06 750.35 49.68 44.46 1 0.336456 1553.90 612.47 34.87 31.33 0 0.321498 478.56 868.13 56.38 79.06 1 0.279618 1802.07 734.61 42.20 38.68 1 0.256961 488.51 862.89 57.26 78.98 1
216,0.522587 962.71 510.61 29.84 56.63 0 0.451325 930.78 312.95 25.29 40.97 0 0.361067 866.50 413.03 16.70 33.60 3 0.360602 919.74 271.76 27.75 28.17 0 0.347877 927.83 305.21 27.36 38.06 0 0.340935 948.63 361.40 27.07 38.18 0 0.279177 917.13 257.45 29.39 30.29 0
217,0.744315 67.75 271.93 29.22 64.26 0 0.671539 162.92 262.25 33.32 67.98 0 0.643781 27.46 34.96 28.62 54.73 0 0.608823 168.26 350.77 28.81 58.60 0 0.600760 93.12 41.85 29.99 53.13 0 0.551804 892.56 51.73 33.48 70.83 0 0.526800 133.21 270.61 30.96 61.92 0 0.511854 126.19 42.22 28.87 54.53 0 0.470321 0.00 37.26 23.02 57.01 0 0.468135 891.70 203.33 29.91 59.89 0 0.446089 61.40 38.14 28.81 57.33 0 0.432355 892.66 297.53 31.32 66.79 0 0.404716 894.38 129.60 31.06 66.14 0 0.296605 893.26 210.08 29.93 67.71 0 0.296328 1083.88 536.42 24.14 40.99 0 0.273798 1084.80 557.52 20.68 37.37 0
218,0.758522 1064.71 395.74 52.78 74.35 0 0.670706 2.69 474.21 35.92 79.97 0 0.636090 23.48 309.18 35.49 63.62 0 0.612013 275.54 306.06 29.61 59.08 0 0.593355 276.01 57.08 26.57 45.36 0 0.571606 57.35 58.43 26.78 47.13 0 0.569549 37.98 180.57 34.13 59.04 0 0.537062 273.94 175.66 26.24 43.66 0 0.521694 277.96 648.52 39.70 70.33 0 0.438307 28.07 248.12 22.40 39.51 0 0.377694 273.74 642.88 39.32 70.22 0
219,0.666358 442.66 400.67 207.28 92.20 0 0.506445 1296.36 938.01 147.01 140.17 0 0.500686 811.49 685.84 211.80 113.11 0 0.470548 0.03 480.77 86.97 59.17 0 0.435346 0.00 503.14 100.73 72.48 0 0.403795 0.00 466.50 75.58 64.35 0 0.351040 1184.83 967.90 242.27 112.10 0 0.333738 1233.75 950.49 203.52 129.51 0 0.328551 1.19 488.04 95.49 72.03 0
220,0.720828 1618.92 522.83 50.22 26.99 0 0.685652 1663.97 470.63 53.20 27.99 0 0.659946 1465.14 511.28 51.95 26.55 0 0.634712 1430.18 209.10 45.50 24.03 0 0.634431 1640.66 295.44 48.51 23.83 0 0.633176 1465.39 536.93 50.46 28.01 0 0.629749 1450.83 373.66 49.04 26.04 0 0.614335 1611.84 179.83 42.10 22.32 0 0.610806 1664.89 450.54 52.14 26.53 0 0.601027 1432.83 179.86 41.65 23.10 0 0.591788 1588.24 404.61 53.73 25.60 0 0.585356 1634.79 742.19 78.57 33.94 1 0.582331 1649.00 376.62 44.34 23.94 0 0.581178 1589.75 427.42 59.14 27.20 0 0.575381 1464.49 486.28 50.14 25.60 0 0.566438 1253.80 475.80 54.85 24.49 0 0.562298 1450.68 329.85 45.51 23.61 0 0.559437 1443.55 268.84 45.65 24.38 0 0.559144 1615.72 498.36 48.37 24.66 0 0.552570 1431.70 223.60 46.49 24.95 0 0.551202 1447.15 272.75 47.24 25.41 0 0.551159 1365.92 208.55 43.72 22.73 0 0.548807 1571.65 273.27 48.84 23.29 0 0.547391 1451.44 352.70 48.72 24.97 0 0.542445 1641.83 341.39 46.29 23.90 0 0.540750 1566.05 255.13 48.88 22.33 0 0.540152 1461.05 438.31 46.03 23.37 0 0.534882 1183.86 548.52 51.06 21.70 0 0.534332 1557.47 223.95 47.07 22.72 0 0.532458 1686.23 500.17 51.16 24.14 0 0.528594 1595.55 450.81 53.98 25.89 0 0.527714 1666.26 426.32 48.34 24.10 0 0.525151 1576.57 320.03 51.27 24.30 0 0.521716 1579.25 347.65 52.18 24.51 0 0.518675 1573.39 294.50 48.19 23.75 0 0.516490 1549.75 176.67 47.73 22.50 0 0.516235 1688.79 553.02 57.26 27.36 0 0.515662 1552.88 197.57 47.79 23.06 0 0.505263 1448.47 303.45 43.24 24.41 0 0.503555 1458.29 417.44 51.06 24.95 0 0.501698 1585.07 379.71 53.64 26.11 0 0.496765 1373.07 180.47 44.87 22.11 0 0.495632 1665.85 405.02 45.56 24.62 0 0.490631 1622.20 231.61 46.28 25.33 0 0.484987 1370.60 185.36 44.40 23.13 0 0.464764 1441.61 250.36 46.25 23.48 0 0.448425 1465.59 464.98 47.68 24.25 0 0.434060 1878.34 785.76 31.88 16.33 0 0.432014 1439.56 244.62 44.41 24.24 0 0.403439 1266.35 554.28 56.97 27.14 0 0.403423 1587.50 420.22 56.36 25.57 0 0.399916 1555.62 230.99 53.29 24.14 0 0.398080 1368.61 204.99 46.83 23.02 0 0.397389 1606.51 551.08 57.86 27.16 0 0.394436 1564.39 250.33 47.89 22.77 0 0.393447 1614.58 548.79 56.03 26.88 0 0.390940 1662.48 449.19 49.55 22.77 0 0.385817 1435.16 227.24 47.36 24.47 0 0.383781 1686.95 522.38 51.45 27.03 0 0.361957 1565.31 269.08 48.72 23.92 0 0.357817 1628.83 577.16 52.92 28.26 0 0.353111 1641.98 316.18 46.85 25.17 0 0.340600 1260.59 548.18 55.36 27.47 0 0.339580 1258.16 525.90 51.35 24.32 0 0.316607 1264.45 544.37 55.02 25.47 0 0.306367 1687.31 543.11 56.88 30.80 0 0.287896 1690.62 539.06 57.10 28.43 0 0.285598 1683.42 515.87 53.16 26.85 0 0.276735 1374.12 165.60 47.29 22.74 0 0.261792 1651.81 379.33 49.36 24.44 0 0.253671 1447.45 349.43 47.75 21.86 0 0.252922 1628.70 239.89 42.52 25.65 0 0.250846 1621.40 517.35 51.94 25.75 0
221,0.696045 1250.65 745.49 23.52 55.19 0 0.686772 483.33 590.16 25.76 56.46 0 0.683756 1214.25 662.69 25.57 55.36 0 0.679663 1249.13 663.59 23.54 55.09 0 0.674393 406.49 463.70 26.07 53.11 0 0.668724 1077.96 546.97 25.92 56.71 1 0.664609 1057.70 746.67 25.05 57.95 0 0.640631 1078.64 344.97 47.58 53.42 0 0.638090 362.19 780.54 27.34 56.32 0 0.630636 1290.45 742.22 25.10 54.53 0 0.628942 1326.36 741.00 23.98 54.69 0 0.614668 1268.22 966.97 55.56 26.53 0 0.612407 1155.49 743.55 24.27 53.82 0 0.602881 1183.84 742.61 23.89 55.24 0 0.592502 1180.81 665.25 23.58 55.27 0 0.585124 1023.78 749.68 25.34 56.89 0 0.581366 1149.55 664.99 24.25 56.00 0 0.571193 534.38 459.19 27.51 55.68 0 0.565886 622.74 577.61 28.45 61.54 0 0.563374 1217.83 744.87 23.77 55.83 0 0.560673 1249.12 860.92 24.81 54.92 0 0.559803 769.19 948.02 50.93 27.45 0 0.559628 1278.82 861.32 24.60 55.65 0 0.559511 992.67 663.64 24.57 55.71 0 0.556822 500.21 462.69 25.95 53.96 0 0.550195 787.14 985.76 52.86 28.62 0 0.550170 1024.65 669.99 25.46 55.92 0 0.549206 1058.26 669.65 24.22 57.32 0 0.543715 423.08 778.33 30.31 52.75 0 0.535772 1125.34 871.60 53.20 23.11 0 0.533294 780.79 1019.36 56.10 30.07 0 0.531036 922.95 367.62 45.61 54.08 0 0.525950 960.26 668.90 24.34 53.23 0 0.521362 445.48 590.76 28.16 54.55 0 0.498461 928.40 669.53 24.41 54.96 0 0.490216 392.73 778.64 29.37 55.50 0 0.490031 872.95 758.70 26.89 58.87 0 0.487397 465.47 459.34 26.45 53.77 0 0.486574 348.51 341.26 29.26 57.75 0 0.466365 1093.16 747.67 26.73 58.08 0 0.465491 1285.04 1007.53 56.00 27.48 0 0.460695 893.26 672.94 25.84 56.70 0 0.452922 1213.60 860.54 25.95 53.28 0 0.397482 1284.43 660.73 26.02 55.97 0 0.385808 914.57 295.28 30.27 58.95 0 0.382051 1056.80 860.03 54.28 25.80 0 0.381406 324.77 785.77 28.45 56.45 0 0.380863 1117.94 664.52 26.16 56.84 0 0.357113 840.80 775.29 22.17 46.75 0 0.289927 811.43 478.43 28.99 64.75 0 0.267134 538.11 461.09 28.83 56.36 0 0.253355 1056.11 864.64 54.45 26.19 0
222,0.449698 879.32 797.31 45.39 98.28 0 0.361186 947.55 132.46 33.81 22.03 0 0.314261 993.75 167.75 25.18 32.22 0 0.290325 513.09 56.69 19.77 21.66 1 0.285257 981.27 41.60 17.59 23.96 0 0.261999 997.44 166.01 24.57 32.15 0
223,0.767634 613.94 402.86 282.37 115.73 1 0.687307 1747.17 374.22 172.83 80.38 0 0.680137 949.29 415.52 221.35 78.46 0 0.663412 1190.70 412.38 166.55 71.69 0 0.657200 1385.84 405.32 197.57 72.34 0 0.520208 271.29 452.95 316.17 86.62 0 0.382473 233.10 451.46 296.77 93.64 0 0.275939 334.38 437.45 252.81 95.94 0
224,0.715516 1868.63 167.69 24.97 39.90 0 0.672616 1843.80 168.54 23.63 38.77 0 0.659683 1747.03 168.56 24.06 40.42 0 0.641932 1797.16 171.23 24.75 40.81 0 0.640058 1770.59 167.89 24.02 40.26 0 0.635551 1462.53 55.17 27.79 38.29 0 0.628684 1651.64 300.00 26.23 42.24 0 0.618582 1821.00 171.77 23.32 38.61 0 0.613782 1607.41 262.09 23.82 41.81 0 0.612026 1372.27 246.96 25.28 52.25 1 0.606541 1624.98 171.88 22.34 40.59 0 0.605751 1032.60 473.36 43.36 21.97 0 0.603966 1584.28 262.32 23.88 40.47 0 0.600823 1486.36 51.79 24.09 37.10 0 0.598958 1864.55 259.62 25.08 41.92 0 0.584279 1025.18 493.29 48.12 23.99 0 0.573792 1721.24 170.82 24.86 41.46 0 0.568890 1676.21 300.65 26.17 42.16 0 0.557900 1755.37 301.56 27.62 43.65 0 0.554968 1681.61 256.47 24.48 38.12 0 0.554649 1034.49 1045.83 62.71 31.35 0 0.553452 1728.98 308.05 26.77 42.62 0 0.550184 1627.17 306.02 26.24 44.36 0 0.549988 1704.77 308.50 26.73 43.66 0 0.543873 1806.28 301.07 27.56 44.87 0 0.533349 1839.68 305.65 27.34 41.78 0 0.522532 1599.69 310.36 25.20 42.12 0 0.510840 1838.36 261.49 25.07 41.64 0 0.509241 930.11 883.22 30.83 60.16 0 0.502257 1694.55 169.35 25.47 40.81 0 0.500998 1602.33 171.67 21.60 40.98 0 0.493694 1709.01 258.54 25.15 39.81 0 0.487225 944.64 464.21 22.48 50.61 0 0.482457 1024.52 518.72 49.72 24.42 0 0.473625 1555.05 261.31 22.56 39.29 0 0.470897 1528.67 49.28 24.28 39.40 0 0.464512 1551.55 169.04 23.70 39.92 0 0.462693 1867.43 125.09 24.72 34.29 0 0.454053 1894.17 166.35 23.86 41.80 0 0.451644 1655.84 258.61 27.49 41.57 0 0.449092 1576.73 169.62 23.15 41.56 0 0.444706 1035.24 446.46 36.53 19.71 0 0.439098 1782.14 252.56 25.84 39.96 0 0.433506 1031.15 832.88 53.97 28.88 0 0.404014 1731.89 256.61 24.20 38.52 0 0.397746 1792.17 254.06 26.15 38.54 0 0.387324 1649.18 170.76 22.41 39.03 0 0.381745 1573.46 309.59 27.31 41.18 0 0.381552 1891.16 256.00 24.68 44.24 0 0.371385 1531.06 262.29 25.16 40.56 0 0.371180 1897.91 125.04 21.93 33.95 0 0.369948 1815.31 256.79 25.67 37.56 0 0.362708 1700.91 305.76 26.61 42.55 0 0.362300 956.62 260.23 17.89 34.28 0 0.344948 1527.08 168.60 24.97 39.25 0 0.284466 955.11 149.65 22.15 47.10 0 0.266228 1211.91 1020.19 46.05 27.32 0 0.252609 1196.93 1018.73 37.63 27.47 0 0.250039 1742.95 257.14 27.01 40.76 0
225,0.693304 686.86 366.73 70.30 152.65 1 0.689176 743.73 255.90 27.86 55.87 0 0.626043 832.92 250.59 31.91 57.63 0 0.624612 1022.88 741.38 30.97 62.65 0 0.596839 1168.35 412.10 30.97 56.43 0 0.576655 1023.57 405.05 29.84 58.40 0 0.574020 63.68 769.92 33.12 53.01 0 0.567318 111.24 600.67 58.80 28.94 0 0.562886 1174.25 652.61 60.16 31.29 0 0.560827 678.89 706.00 54.48 25.86 0 0.557260 841.24 192.46 26.92 52.42 0 0.550359 592.22 708.27 64.30 27.63 0 0.548200 745.46 192.43 27.69 51.69 0 0.546684 1197.30 409.22 31.22 55.20 0 0.545606 297.42 686.61 63.39 36.89 0 0.539330 328.68 814.53 30.60 59.22 0 0.532848 445.03 813.42 31.76 63.17 0 0.506941 991.02 742.29 29.38 63.89 0 0.505879 988.89 405.74 31.16 62.37 0 0.505172 1055.69 742.64 28.68 58.72 0 0.502337 299.11 807.68 34.08 64.17 0 0.494693 139.10 679.62 60.33 29.62 0 0.465177 1293.24 409.62 71.04 32.67 1 0.458716 0.00 899.99 26.86 61.86 0 0.439871 96.36 767.24 30.11 47.77 0 0.434758 810.99 194.08 25.52 51.18 0 0.433960 290.44 558.80 68.56 24.40 0 0.428944 774.63 253.64 26.83 54.86 0 0.428613 633.39 353.61 55.61 27.07 0 0.428073 1111.06 422.48 26.41 49.72 0 0.426517 451.15 692.01 69.91 29.19 0 0.341364 158.34 681.81 58.73 28.95 0 0.329401 408.37 722.68 54.57 28.57 0 0.316581 781.56 194.47 26.56 51.57 0 0.313590 606.00 704.65 66.92 25.10 0 0.281289 169.99 600.63 32.50 28.10 0 0.278429 27.50 925.31 34.23 62.62 0 0.267947 552.15 707.17 44.49 24.57 0 0.266691 41.04 605.04 46.60 23.38 0 0.263311 383.33 689.14 35.57 26.14 3 0.262228 794.44 807.38 32.80 65.70 1 0.261974 382.05 696.81 38.43 27.45 3 0.258395 0.51 907.35 28.27 63.85 0 0.258205 364.94 817.88 29.10 56.50 0 0.253926 535.30 703.41 43.15 23.72 0
226,0.631690 1332.03 559.42 54.40 27.89 0 0.623413 1062.09 543.66 48.98 24.02 0 0.618236 996.21 537.81 47.33 24.33 0 0.611295 1258.45 557.50 62.90 29.47 0 0.579914 1124.13 544.59 55.92 26.75 0 0.572476 1193.41 553.97 53.15 25.62 0 0.558995 723.45 516.67 52.13 24.91 0 0.483157 922.20 532.85 54.89 25.64 0 0.383575 987.34 539.20 49.43 25.32 0 0.340255 597.89 509.28 48.08 23.82 0 0.334971 854.87 532.53 45.63 22.00 0
227,0.458313 984.20 143.62 24.83 45.98 1 0.371153 987.44 136.95 23.63 40.72 0 0.346938 1053.56 233.49 33.17 26.53 1 0.269218 1167.93 259.90 34.50 16.57 0
228,0.627752 1324.00 468.59 256.73 86.77 0 0.557343 939.10 446.21 339.88 103.40 0 0.548147 490.94 409.20 332.59 141.15 1 0.543667 1629.24 463.11 269.53 105.54 0 0.496712 14.70 448.18 354.82 102.26 0 0.406385 99.60 446.75 335.76 102.95 0 0.374660 996.31 458.39 287.78 100.99 0 0.289812 493.82 408.96 252.72 131.23 0 0.270763 1266.31 469.05 257.95 89.81 0 0.269948 0.00 452.34 293.79 96.07 0
229,0.538463 781.06 684.41 36.13 24.02 0 0.522057 819.40 661.78 39.66 28.92 0 0.475647 821.80 659.34 40.46 26.84 0 0.471543 666.76 746.33 38.59 25.15 0 0.458816 432.88 797.03 37.71 33.24 0 0.414097 623.68 762.82 38.12 26.17 0 0.404844 738.18 713.66 37.08 23.68 0 0.378083 926.95 501.27 34.66 28.09 1 0.365361 715.42 721.57 36.26 24.79 0 0.355074 1206.60 323.76 25.12 23.64 0 0.343328 631.37 761.85 39.43 23.10 0 0.330874 8.56 673.12 44.84 29.72 0 0.328504 679.10 737.56 37.66 22.32 0 0.296982 1031.95 425.31 21.65 21.12 0 0.286931 670.46 741.00 40.45 25.57 0 0.269245 1053.58 392.03 23.82 28.54 0 0.265248 1468.23 449.14 21.22 14.90 0
230,0.466173 1008.54 452.32 22.24 15.36 0 0.461763 1049.33 441.68 28.07 17.28 0 0.451547 925.36 473.36 31.66 15.54 0 0.439658 955.68 466.36 28.79 16.65 0 0.393499 225.23 511.30 39.08 19.66 0 0.371860 1193.01 332.33 25.02 18.63 0 0.333827 920.64 474.75 27.62 16.70 0 0.323748 221.82 512.86 36.70 19.46 0 0.314850 1517.44 512.01 21.71 20.65 0 0.310117 1268.69 202.88 19.43 24.45 0 0.267778 1178.04 371.60 25.03 17.29 0
231,0.696398 1075.99 622.02 106.00 52.57 0 0.690513 587.19 472.23 121.22 57.68 0 0.676264 583.51 659.57 128.30 62.56 0 0.675566 1062.97 373.03 102.72 59.04 0 0.675006 881.81 268.62 112.58 60.37 0 0.674268 576.30 352.30 125.84 54.02 0 0.652354 889.17 103.33 105.66 53.00 0 0.648980 1082.87 689.67 103.90 54.40 0 0.646070 890.03 453.29 116.51 59.04 0 0.644060 584.44 529.01 124.29 58.92 0 0.636512 1027.41 256.28 112.10 56.40 0 0.633488 1060.79 437.31 114.64 57.90 0 0.626072 894.66 328.84 104.73 58.00 0 0.623708 888.08 389.98 105.95 55.63 0 0.623345 596.75 233.19 105.81 57.38 0 0.617289 1025.72 92.39 111.25 55.22 0 0.608111 589.73 292.76 119.86 61.03 0 0.606993 1028.95 313.14 116.42 62.38 0 0.605696 878.18 45.77 104.74 55.04 0 0.605145 578.29 727.04 126.36 68.09 0 0.604957 1041.27 557.01 105.55 51.47 0 0.601363 601.10 121.22 111.17 54.22 0 0.599384 879.33 214.51 111.41 58.85 0 0.596459 1022.99 201.76 106.32 57.85 0 0.585159 580.83 177.22 116.45 59.03 0 0.582071 877.31 152.34 107.13 60.72 0 0.574882 573.83 795.72 136.53 60.51 0 0.573389 1042.23 494.61 115.88 58.48 0 0.572014 111.21 705.80 113.03 57.13 0 0.570688 594.80 592.89 120.98 61.12 0 0.570305 93.76 833.76 127.06 63.63 0 0.564585 1040.45 145.15 98.06 52.43 0 0.559629 102.85 907.34 133.61 60.34 0 0.556638 1072.16 753.61 106.05 55.10 0 0.544642 599.19 78.38 109.66 50.64 0 0.539442 870.90 0.00 106.10 44.25 0 0.538619 887.20 510.02 126.48 64.42 0 0.531601 913.65 635.24 110.86 57.25 0 0.512302 928.85 701.38 99.36 56.85 0 0.508148 909.13 775.28 125.62 60.91 0 0.499652 0.59 918.33 36.91 55.52 0 0.495583 588.68 17.90 111.91 55.27 0 0.445941 932.40 840.58 112.21 60.91 0 0.428104 1272.35 41.75 41.01 25.52 3 0.388487 581.98 0.00 104.57 33.30 0 0.383146 1267.80 8.22 41.31 24.59 3 0.371043 597.38 86.58 110.02 51.49 0 0.361291 586.03 12.33 107.99 51.01 0 0.352827 1115.73 753.87 82.87 56.85 0 0.351230 93.83 699.57 109.37 60.40 0 0.278777 1032.34 287.16 111.60 53.95 0 0.273117 878.09 200.22 109.52 56.29 0 0.266144 587.75 29.78 109.99 51.41 0
232,0.764214 1125.36 384.92 24.02 66.12 1 0.696800 872.97 389.89 21.37 45.96 0 0.690230 794.23 340.83 20.46 41.93 0 0.687869 907.71 505.57 23.26 48.84 0 0.674455 428.47 570.62 26.57 48.43 0 0.662966 978.76 768.07 28.78 52.42 0 0.661612 485.83 401.27 24.56 46.64 0 0.650342 1573.38 395.54 30.22 45.24 0 0.643047 873.08 337.59 20.34 41.85 0 0.636924 500.33 516.76 23.02 48.48 0 0.635062 819.47 344.32 18.61 41.02 0 0.631766 794.45 397.61 21.12 46.62 0 0.631486 459.82 571.90 24.71 49.74 0 0.630596 527.28 513.96 24.28 48.01 0 0.628693 942.58 690.23 27.54 59.03 0 0.627394 1428.56 221.63 44.33 21.83 0 0.626903 673.30 506.26 24.47 48.60 0 0.625979 818.43 503.76 23.14 50.91 0 0.622676 975.67 687.09 26.95 55.63 0 0.620463 958.69 385.47 21.83 45.99 0 0.616481 847.20 504.53 22.67 48.05 0 0.615597 821.60 394.23 20.38 49.25 0 0.614046 736.86 391.22 22.05 48.45 0 0.609502 766.16 340.35 20.56 41.43 0 0.607927 935.19 504.99 22.31 48.13 0 0.606818 1424.25 183.40 42.93 21.41 0 0.606355 626.92 396.68 23.11 43.58 0 0.603708 522.90 347.70 22.06 43.11 0 0.600564 789.57 504.05 23.65 51.67 0 0.599532 845.70 344.67 20.41 43.18 0 0.586557 595.80 395.45 25.21 46.07 0 0.581216 702.84 505.34 24.00 49.28 0 0.578547 643.47 506.48 24.49 48.20 0 0.577177 680.75 395.71 22.13 45.41 0 0.576927 764.44 393.49 22.30 46.77 0 0.574242 459.58 404.27 24.00 45.36 0 0.569924 652.91 396.58 23.29 45.79 0 0.567332 470.23 514.34 24.35 46.76 0 0.554585 549.62 348.39 21.25 41.24 0 0.541448 1520.56 192.84 22.59 45.53 0 0.535860 615.72 504.61 23.53 49.32 0 0.532702 932.24 390.77 22.12 45.75 0 0.528789 880.35 692.36 28.32 60.21 0 0.525336 1643.74 632.77 33.29 50.11 0 0.524319 558.32 510.76 24.09 47.56 0 0.502176 1607.63 500.64 31.55 58.61 0 0.482971 632.48 345.00 21.81 38.73 0 0.459360 570.00 397.74 22.86 42.69 0 0.439698 464.47 347.79 27.18 45.03 0 0.437651 657.13 343.82 21.76 39.75 0 0.436376 438.81 514.25 25.94 45.86 0 0.433103 733.80 504.88 24.63 52.41 0 0.425478 1625.43 567.27 33.61 54.94 0 0.424869 902.15 391.49 23.69 43.65 0 0.417398 585.48 506.26 24.06 50.41 0 0.416349 710.73 391.98 22.95 46.06 0 0.405679 546.56 398.84 21.07 43.89 0 0.394137 1108.33 81.20 30.89 45.07 0 0.383652 514.23 400.63 24.98 45.54 0 0.373398 736.90 346.49 21.62 40.82 0 0.364320 877.88 504.73 24.17 50.81 0 0.357039 481.58 277.78 14.49 23.06 3 0.356777 630.47 282.37 14.55 17.66 3 0.351035 518.97 396.84 23.54 47.32 0 0.344563 489.52 578.58 25.98 50.96 0 0.343408 682.23 347.95 23.29 41.43 0 0.332484 1426.90 201.55 41.39 20.99 0 0.323472 460.31 281.79 13.20 21.86 3 0.319076 463.88 514.29 23.33 46.42 0 0.293220 1544.91 298.29 25.37 40.65 0 0.269030 685.58 348.26 23.86 43.33 0
233,0.704336 404.81 702.11 29.41 30.00 0 0.588422 435.23 704.89 23.66 28.51 0 0.526805 483.79 713.59 22.93 22.88 0 0.480303 1128.39 633.88 17.52 20.09 0 0.472613 580.38 662.06 28.01 16.58 0 0.465400 696.03 738.58 21.03 28.05 0 0.460891 619.30 663.30 27.15 15.92 0 0.427217 365.90 696.30 29.52 29.16 0 0.376574 1031.42 623.15 18.91 27.59 0 0.366032 694.71 740.84 20.11 30.02 0 0.351341 501.54 715.17 23.84 22.00 0 0.340560 395.99 617.67 29.23 19.62 0 0.286290 648.96 666.63 23.50 15.14 0 0.278997 547.13 657.40 26.60 17.82 0
234,0.642400 872.82 848.87 47.40 26.99 0 0.632627 1430.17 505.35 30.82 47.11 0 0.629919 443.85 25.62 29.80 51.26 1 0.618765 1272.25 199.75 30.09 40.43 0 0.611115 882.39 915.28 53.69 28.35 0 0.597868 1623.15 435.19 38.74 49.23 0 0.573411 1818.62 385.31 41.43 43.00 0 0.571351 1177.96 178.49 31.25 31.00 0 0.567946 1400.08 506.06 31.74 46.83 0 0.558204 1385.44 332.97 30.41 41.63 0 0.557825 1504.42 469.78 33.65 49.32 0 0.544355 689.66 498.13 27.97 43.67 0 0.541938 1359.24 336.91 30.24 45.39 0 0.536952 881.33 879.37 47.42 29.30 0 0.531010 1396.59 447.79 30.53 41.41 0 0.527301 1431.14 319.13 37.03 43.70 0 0.522681 1407.78 325.95 34.02 42.97 0 0.520138 1749.22 405.62 38.42 44.46 0 0.509825 1558.18 468.31 33.05 46.71 0 0.507025 1369.12 453.16 31.41 41.17 0 0.506217 1502.63 299.72 35.39 44.13 0 0.505534 1691.82 361.69 35.94 44.89 0 0.501777 677.35 440.39 25.05 43.56 0 0.501470 1333.16 343.35 28.84 44.17 0 0.501405 715.23 621.02 27.48 47.26 0 0.493051 1597.07 385.76 34.83 43.88 0 0.492286 1425.12 441.44 33.80 47.55 0 0.492046 1523.94 409.41 33.40 41.45 0 0.483914 1526.40 290.57 33.89 45.53 0 0.483508 772.71 897.06 25.96 69.58 0 0.483456 1764.78 342.89 34.11 40.81 0 0.483446 1675.04 204.93 30.93 37.84 0 0.481735 1411.39 442.56 37.45 42.38 0 0.477170 1459.65 493.58 31.88 50.98 0 0.476756 1482.25 419.04 37.19 40.62 0 0.473069 1309.45 347.34 29.69 41.98 0 0.471223 1478.28 477.98 32.99 48.38 0 0.466110 1744.48 348.13 35.44 40.57 0 0.465073 1784.19 338.56 33.78 41.46 0 0.464983 1533.30 473.31 32.29 46.05 0 0.462107 890.50 947.32 55.51 26.64 0 0.457201 1606.28 274.04 33.97 41.55 0 0.451968 1642.61 384.47 34.93 41.49 0 0.449642 1547.49 404.21 35.11 42.10 0 0.448952 1718.96 353.21 38.32 41.91 0 0.446336 1574.43 284.18 34.17 42.75 0 0.443691 1462.88 423.83 36.68 40.74 0 0.443622 1621.50 207.88 27.79 33.82 0 0.443063 1649.54 208.57 28.42 35.19 0 0.435886 1773.92 397.24 37.63 47.72 0 0.434283 1546.31 286.34 32.50 44.33 0 0.433011 1715.38 355.88 35.63 41.91 0 0.432280 1583.52 451.74 34.14 44.98 0 0.429091 1575.80 393.89 34.37 41.72 0 0.428010 1342.12 459.95 33.54 47.84 0 0.427466 1621.57 265.84 33.05 41.35 0 0.426107 1179.03 480.42 30.95 65.60 1 0.422262 1215.65 222.56 33.94 39.42 0 0.421290 1474.41 302.91 35.84 41.72 0 0.419217 1204.92 224.48 32.24 39.32 0 0.416146 1465.03 427.61 38.76 43.95 0 0.411573 1601.13 279.84 32.88 38.92 0 0.410332 1228.17 212.38 32.01 36.39 0 0.402403 1667.37 256.03 29.87 40.63 0 0.399377 1650.22 213.29 29.42 37.29 0 0.389623 1397.52 449.36 35.65 45.19 0 0.380765 666.11 394.90 24.31 39.74 0 0.371986 1184.40 180.35 30.20 31.17 0 0.366930 1762.38 404.24 40.14 44.24 0 0.362535 887.38 944.24 52.87 25.99 0 0.357324 1668.72 374.98 34.21 41.42 0 0.354291 1644.00 262.10 31.00 40.06 0 0.345447 1736.63 349.39 35.40 43.69 0 0.337406 1343.84 468.07 34.42 44.85 0 0.331221 1699.32 248.32 33.39 41.30 0 0.329589 1499.31 416.38 33.52 41.88 0 0.328342 743.47 754.86 28.20 46.33 0 0.321715 1692.61 251.60 29.93 41.22 0 0.302171 1676.11 368.87 36.81 41.95 0 0.301153 1650.19 257.52 32.71 38.44 0 0.298324 1661.59 431.72 32.08 47.81 0 0.296779 1537.83 284.61 36.61 40.40 0 0.289748 1625.86 214.40 29.48 35.89 0 0.287712 1629.41 260.08 35.28 37.00 0 0.287393 1619.55 384.89 35.35 42.23 0 0.279804 773.23 906.08 29.07 66.75 0 0.272787 1533.00 403.59 37.56 40.46 0 0.271718 1603.14 441.59 32.09 47.87 0 0.267845 1688.15 436.90 32.52 45.15 0 0.253968 1554.44 400.10 35.92 41.95 0 0.253953 464.47 298.10 20.14 31.49 0 0.253854 1477.54 482.59 31.18 52.71 0
235,0.447289 923.64 926.62 49.78 95.02 0 0.367643 1030.65 321.47 33.36 22.61 0
236,0.585720 418.78 435.98 327.87 105.18 0 0.545057 1102.83 436.34 321.60 106.59 0 0.493855 0.00 464.15 261.55 90.73 0 0.406540 1786.45 473.66 133.55 69.43 0 0.395350 1.30 79.69 21.94 24.08 0 0.321812 1169.37 443.49 270.65 101.96 0 0.318780 817.37 440.77 249.58 100.26 0 0.298199 416.96 439.62 251.11 95.04 0
237,0.730901 888.10 530.41 66.21 36.09 0 0.720707 881.33 460.73 60.06 31.54 0 0.715717 921.08 796.28 65.39 35.15 0 0.694281 622.48 652.68 60.95 33.69 0 0.684922 876.21 418.54 64.53 33.32 0 0.680142 742.07 748.40 62.25 34.83 0 0.678017 936.46 870.91 70.58 37.05 0 0.672570 642.65 841.57 71.65 38.61 0 0.666187 949.61 914.24 73.15 39.75 0 0.659665 1212.50 295.21 56.23 30.60 0 0.654807 610.42 505.14 59.29 32.63 0 0.653716 671.09 1006.38 67.36 36.23 0 0.649087 714.37 557.61 64.34 32.26 0 0.648751 629.10 576.71 60.64 35.48 0 0.638758 602.53 468.72 59.52 30.74 0 0.632979 717.77 672.51 64.18 33.41 0 0.631163 908.60 676.67 68.05 37.74 0 0.628525 673.08 169.52 80.61 37.21 1 0.616993 657.96 964.99 73.69 37.91 0 0.613344 749.91 908.83 66.08 36.61 0 0.609466 601.94 505.86 59.85 35.74 0 0.606776 736.00 824.52 65.91 37.59 0 0.598179 724.65 632.77 58.86 33.52 0 0.592492 908.00 638.91 67.66 34.19 0 0.591005 1049.22 977.94 71.73 42.59 0 0.587990 618.47 611.70 61.20 34.15 0 0.587430 640.66 804.78 58.59 33.60 0 0.579147 701.87 489.02 57.44 30.79 0 0.579026 689.22 415.32 60.38 33.50 0 0.578816 878.60 389.23 58.80 32.89 0 0.568586 624.14 539.61 64.92 32.66 0 0.568485 731.15 710.09 66.99 34.30 0 0.567559 763.10 987.31 71.44 40.27 0 0.559666 744.03 867.75 69.41 38.63 0 0.558857 1143.77 409.10 63.02 33.86 0 0.551914 605.50 435.24 61.83 32.65 0 0.548748 764.71 1029.81 74.37 37.79 0 0.547502 649.86 767.05 61.47 35.23 0 0.544748 643.89 726.47 63.42 33.01 0 0.533917 952.72 955.93 68.38 36.12 0 0.533910 917.60 716.01 66.38 37.76 0 0.532687 1053.85 930.69 67.95 40.36 0 0.523615 921.42 751.88 69.39 35.65 0 0.517814 1124.54 345.40 68.43 33.10 0 0.517616 957.47 993.59 69.46 40.50 0 0.515985 892.10 566.29 65.23 33.62 0 0.515910 693.88 452.05 55.69 31.11 0 0.512618 1114.23 308.12 65.03 33.75 0 0.509838 879.10 495.16 65.63 35.24 0 0.505533 741.57 787.20 60.72 35.44 0 0.502981 454.36 206.21 33.69 18.72 3 0.487334 713.36 597.12 65.57 31.98 0 0.479278 923.68 831.54 67.69 34.20 0 0.476559 718.41 590.65 69.27 34.87 0 0.475864 959.72 1036.99 68.95 39.53 0 0.472038 744.93 780.98 67.98 37.83 0 0.463908 649.69 760.91 64.98 35.88 0 0.449785 1414.62 823.26 56.14 26.71 0 0.436623 673.28 382.32 65.68 31.33 0 0.435040 635.29 692.68 66.08 32.91 0 0.427338 916.81 756.85 68.40 35.60 0 0.425585 692.13 490.05 61.72 33.00 0 0.399975 665.80 1001.37 71.95 35.96 0 0.372395 682.02 379.38 61.86 31.34 0 0.366464 724.02 668.22 64.15 34.86 0 0.353954 1052.46 1021.86 71.28 35.49 0 0.353270 911.83 711.75 68.17 37.58 0 0.347298 727.36 751.96 62.04 33.01 0 0.331105 758.39 940.10 67.29 36.60 0 0.328998 701.62 413.01 63.54 36.52 0 0.295753 605.90 429.40 63.25 30.98 0 0.288376 675.34 166.25 87.66 33.25 1 0.287817 746.28 895.00 69.74 38.00 0 0.267389 526.45 954.39 24.33 17.35 3 0.266120 919.42 767.47 69.15 34.69 0 0.264472 722.35 553.82 62.59 34.55 0 0.260740 881.36 502.12 66.46 36.87 0 0.251797 944.38 900.05 75.31 37.87 0
238,0.767358 610.01 309.05 9.52 16.29 2 0.738509 255.81 559.83 11.86 17.20 2 0.720305 657.65 397.64 9.24 15.85 2 0.701175 500.36 286.99 15.36 25.03 2 0.563681 1095.11 65.25 28.12 38.76 0 0.547878 999.20 0.00 27.25 36.48 0 0.517334 1067.83 43.17 27.05 40.45 0 0.499744 673.69 340.85 10.53 17.45 2 0.483113 568.28 397.34 13.77 19.24 2 0.481151 558.31 297.60 12.72 18.70 2 0.464192 753.88 646.61 12.17 15.17 2 0.448769 559.87 306.45 13.24 22.72 2 0.447011 655.67 577.85 12.83 16.62 2 0.438742 290.43 663.95 13.16 14.44 2 0.413418 880.58 309.17 12.46 13.72 2 0.397849 928.97 178.70 11.27 17.74 2 0.391071 788.39 280.83 12.14 15.01 2 0.371848 705.80 375.11 10.50 19.86 2 0.358991 826.64 381.85 9.58 13.14 2 0.353102 929.39 60.93 38.79 24.31 1 0.325131 914.20 62.19 26.33 23.55 1 0.316918 822.99 350.57 11.89 12.86 2 0.302122 639.82 548.19 14.52 15.60 2 0.297578 542.63 545.26 11.78 17.89 2 0.267915 500.40 282.38 15.21 24.69 2 0.267745 458.03 205.17 14.62 19.99 2 0.267623 806.55 364.81 10.12 12.84 2 0.259804 217.61 255.48 11.92 16.33 2
239,0.727977 700.96 553.02 21.95 36.28 0 0.686153 357.36 510.98 26.08 34.34 0 0.661793 885.83 359.35 46.72 75.17 1 0.556880 605.76 548.10 24.31 36.45 0 0.544563 400.76 512.13 23.93 34.88 0 0.543709 316.81 503.69 28.99 36.40 0 0.502198 382.76 513.43 22.69 32.56 0 0.495435 962.79 319.61 17.64 24.84 0 0.480606 334.02 403.31 36.72 21.06 0 0.462236 982.14 336.47 20.41 30.29 0 0.452095 724.21 464.69 39.89 23.25 0 0.451341 477.02 526.36 23.15 32.35 0 0.448634 181.47 565.78 38.20 31.06 0 0.448073 1074.95 395.31 20.47 30.98 0 0.433810 522.02 449.62 29.83 19.61 0 0.401994 455.49 523.06 22.83 30.01 0 0.401103 939.18 319.95 18.94 26.94 0 0.398683 630.12 554.67 21.41 34.17 0 0.374010 1150.47 409.52 17.00 27.26 0 0.359815 404.97 584.23 28.38 26.07 0 0.316265 1206.83 409.58 16.89 26.97 0 0.306381 473.17 445.66 28.84 17.07 0 0.304243 980.11 329.76 21.68 31.28 0 0.267598 1185.69 408.11 18.28 27.54 0 0.251263 304.19 423.93 25.59 22.88 0
240,0.600940 818.99 211.62 24.64 48.23 0 0.600120 791.97 749.89 31.81 65.98 0 0.464810 799.75 540.93 29.20 53.78 0
241,0.635161 1104.80 410.95 182.45 112.49 0 0.508011 703.23 580.48 140.03 163.66 0 0.481108 446.70 536.78 153.33 119.69 0 0.461078 562.61 571.42 156.42 174.87 0 0.458992 1492.63 359.47 140.65 84.39 0 0.427665 1513.20 347.16 134.88 65.03 0 0.358356 1493.78 365.24 99.96 77.91 0 0.299488 1331.66 391.36 155.26 85.32 0 0.297328 1088.14 428.59 183.35 107.31 0
242,0.325790 887.04 154.47 19.98 21.57 0
243,0.565247 1167.82 348.28 27.69 44.68 0 0.554780 1149.44 179.22 26.66 39.23 0 0.406555 1167.52 260.14 26.95 39.00 0 0.397174 1134.31 126.60 28.14 34.19 0 0.387065 1164.23 220.49 25.86 35.48 0 0.304511 1139.66 139.09 29.41 38.21 0 0.278955 1128.54 106.01 24.98 26.85 0
244,0.904900 848.30 901.90 42.66 79.01 1 0.796513 908.87 111.55 32.83 54.71 1 0.288048 500.72 820.71 23.12 26.51 0 0.277563 497.50 803.42 24.18 23.84 0 0.254709 674.34 826.04 26.89 17.48 0
245,0.716170 1425.84 653.72 48.18 27.51 3 0.673167 1509.87 354.15 44.75 26.55 3 0.657824 1203.43 414.68 114.62 67.19 0 0.652323 660.27 555.91 115.92 72.07 0 0.648253 990.36 596.87 108.11 68.79 0 0.646339 697.18 121.13 113.04 67.88 0 0.641192 806.07 218.14 106.40 66.47 0 0.641042 1059.83 370.97 112.64 64.53 0 0.631221 1084.16 309.66 109.31 69.21 0 0.630716 830.13 169.13 106.34 66.59 0 0.628044 1103.14 261.01 106.76 62.81 0 0.627353 782.29 270.86 113.46 64.24 0 0.619272 507.32 924.34 121.13 79.33 0 0.614387 614.00 673.66 116.35 74.06 0 0.613279 578.69 730.80 120.76 79.68 0 0.607863 1076.27 764.78 110.14 74.48 0 0.605386 1028.47 480.66 105.06 67.98 0 0.599717 1243.07 295.27 115.80 74.34 0 0.596567 739.41 383.46 103.64 69.99 0 0.589661 928.83 719.68 109.24 67.12 0 0.589604 1128.02 712.51 101.70 68.38 0 0.589339 1133.51 649.30 115.30 82.07 0 0.586994 678.64 171.30 101.33 66.73 0 0.586452 629.77 224.47 103.43 64.97 0 0.581884 753.17 322.17 110.58 65.03 0 0.580376 1056.67 831.45 108.37 70.58 0 0.579477 1044.12 430.04 112.66 66.07 0 0.579108 710.16 494.37 106.68 74.23 0 0.575692 1036.42 966.80 99.36 67.14 0 0.565037 955.92 654.34 118.64 77.00 0 0.564233 525.91 863.96 121.83 72.54 0 0.557001 1006.85 530.88 113.94 72.61 0 0.555096 651.14 615.51 103.26 71.15 0 0.550427 1038.50 899.57 112.18 70.22 0 0.546787 902.47 777.94 117.62 73.17 0 0.546167 1523.23 325.57 47.87 28.26 3 0.537050 823.08 976.66 130.84 82.25 0 0.536171 886.00 843.10 117.71 77.09 0 0.528780 856.83 908.06 112.31 70.23 0 0.515123 1186.68 463.48 111.93 72.18 0 0.496998 480.74 995.61 112.23 73.22 0 0.491918 0.57 902.15 106.79 74.23 0 0.486698 727.56 451.59 101.16 69.26 0 0.440544 722.89 443.67 108.95 64.74 0 0.429091 1067.15 377.20 114.50 70.50 0 0.406168 1504.92 379.41 51.94 28.82 3 0.395554 1412.53 692.47 42.92 26.52 3 0.383837 1027.83 884.10 103.77 67.29 0 0.378188 86.28 160.52 62.57 54.69 0 0.376787 758.43 329.23 111.69 71.69 0 0.362230 799.03 1030.81 127.54 49.19 0 0.362228 1404.29 727.98 48.23 28.97 3 0.361859 1002.41 1031.48 106.96 48.52 0 0.360597 0.99 882.75 102.42 83.34 0 0.347071 934.33 708.77 116.43 64.76 0 0.346168 1051.00 417.11 115.38 65.66 0 0.335744 754.70 337.79 101.28 69.98 0 0.332820 919.31 788.77 109.99 64.73 0 0.332332 700.00 114.86 103.57 61.61 0 0.321709 499.27 915.89 122.79 70.46 0 0.318413 514.51 909.15 118.81 70.77 0 0.316422 94.77 167.27 56.92 56.41 0 0.302794 141.52 163.60 46.15 48.19 0 0.298518 1093.78 296.98 108.28 60.89 0 0.296948 819.63 231.24 100.02 66.21 0 0.293384 1433.64 624.30 48.52 27.62 3 0.291257 1033.05 473.59 112.39 58.85 0 0.283198 1435.33 619.96 45.61 27.26 3 0.280654 1131.71 642.70 107.56 65.45 0 0.277628 1514.89 328.11 56.51 30.08 3 0.274582 622.16 658.80 119.34 64.53 0 0.274157 745.87 375.19 106.72 62.43 0 0.270471 0.03 1045.08 47.17 34.92 0 0.269257 1014.97 543.63 110.24 64.97 0 0.267440 894.24 783.31 112.62 78.72 0 0.258996 1040.66 868.84 115.81 64.87 0 0.258932 944.64 674.50 111.18 71.98 0 0.254433 970.83 665.56 104.43 60.54 0
246,0.745689 352.42 412.27 280.80 115.49 1 0.727500 1566.74 386.91 184.53 72.93 0 0.722583 0.00 460.92 298.19 85.18 0 0.649524 1184.19 409.91 199.58 75.91 0 0.606556 975.48 415.96 176.56 80.64 0 0.599964 713.34 418.62 236.81 85.83 0 0.548890 1780.92 380.51 137.63 76.30 0
247,0.606925 767.14 94.36 94.10 44.20 1 0.476005 763.17 0.77 51.57 30.65 1 0.326147 719.76 156.12 131.92 57.83 1 0.321293 806.89 96.04 62.01 41.88 1 0.318018 763.81 104.03 90.01 39.97 1 0.297700 0.40 51.31 18.71 41.70 0 0.287147 19.99 4.20 31.48 47.79 0
248,0.840665 591.45 661.93 146.43 56.70 1 0.832241 473.34 703.01 58.76 153.29 1 0.796356 506.42 806.53 191.49 55.51 1 0.710836 283.79 151.49 25.24 39.76 0 0.684798 408.32 176.50 42.75 27.83 0 0.642299 342.55 155.92 24.14 33.35 0 0.559308 540.02 755.83 170.07 56.65 1 0.544329 740.90 0.97 26.20 41.22 0 0.540045 530.51 180.14 44.50 22.85 0 0.521094 245.75 154.50 27.66 41.67 0 0.511547 367.79 152.08 24.60 39.91 0 0.465877 870.92 63.40 45.14 19.64 0 0.448055 784.78 0.61 27.11 44.16 0 0.428553 817.32 0.00 24.18 41.08 0 0.417998 407.79 0.00 33.72 18.21 0 0.369686 941.81 9.10 19.16 29.03 0 0.361692 965.22 9.41 18.35 30.38 0 0.355855 985.30 2.69 19.85 31.72 0 0.354263 510.82 2.45 24.69 34.16 0 0.349353 105.77 0.00 46.95 24.99 0 0.333446 468.19 724.91 54.67 141.61 1 0.331107 514.14 757.26 184.29 64.79 1 0.315134 606.33 0.00 37.60 14.67 0 0.304764 858.18 1.61 23.13 42.55 0 0.299868 478.86 0.00 29.78 20.73 0 0.292577 920.53 2.54 20.31 32.57 0 0.288025 715.30 0.00 27.74 37.84 0 0.280804 452.54 0.00 30.76 15.42 0 0.267160 508.79 0.00 26.94 26.37 0 0.259438 882.14 1.49 22.53 37.44 0
249,0.703666 959.23 610.67 24.32 48.42 0 0.620189 1513.06 55.26 25.12 37.16 0 0.605400 1051.04 159.48 34.01 16.75 0 0.604502 1233.79 987.38 62.35 33.25 0 0.593340 1561.16 53.27 25.10 39.43 0 0.587982 1792.62 11.84 24.78 35.72 0 0.580597 1539.50 56.23 22.63 36.53 0 0.577391 1232.98 922.29 51.88 25.19 0 0.571495 961.40 734.01 25.65 61.50 0 0.570440 1044.03 440.23 41.90 21.52 0 0.563809 1607.48 50.87 23.42 36.33 0 0.563511 1827.21 48.30 27.31 36.08 0 0.563316 1584.41 49.76 23.44 37.08 0 0.542063 1700.62 9.94 25.00 36.86 0 0.541866 1053.94 589.51 51.39 27.13 0 0.537204 1656.53 13.58 22.88 34.47 0 0.532967 1065.13 984.81 50.64 28.02 0 0.530812 1064.78 1021.77 61.30 30.40 0 0.528151 965.55 478.41 23.98 45.93 0 0.519977 1609.61 14.55 23.03 32.88 0 0.516706 1063.17 755.65 54.50 29.47 0 0.491455 1672.17 48.37 24.99 38.00 0 0.469273 1066.41 1057.00 57.82 23.00 0 0.467434 1044.43 207.21 37.82 17.90 0 0.460777 970.55 177.71 18.67 33.33 0 0.454867 1635.73 16.17 22.63 33.22 0 0.447092 1046.61 180.01 36.02 18.44 0 0.435858 1652.64 51.70 22.60 35.70 0 0.421032 1053.58 785.62 58.95 28.73 0 0.378742 1480.60 21.80 26.37 30.99 0 0.372192 1486.77 19.81 24.13 29.31 0 0.363640 1088.94 699.22 31.37 26.00 0 0.356048 1586.99 18.69 22.72 31.27 0 0.347133 1864.40 11.29 31.99 33.08 0 0.339625 1724.65 13.92 22.33 33.79 0 0.332724 1703.70 49.06 27.04 37.11 0 0.325815 1079.38 728.35 42.49 23.52 0 0.317891 1772.58 15.42 21.76 33.47 0 0.313907 1820.08 12.09 27.10 31.85 0 0.310622 1747.83 17.00 23.98 33.22 0 0.297857 1852.27 49.15 26.03 35.71 0 0.292204 956.49 906.91 28.24 59.71 0 0.276726 1586.28 27.12 24.49 34.49 0 0.274131 1895.66 47.08 22.57 36.39 0 0.273310 1079.51 701.04 38.16 25.62 0 0.265522 1703.44 14.87 24.94 38.82 0 0.261885 1341.56 5.41 23.27 42.89 1 0.259708 1852.77 11.77 27.57 31.77 0 0.259290 1341.73 16.11 23.61 36.15 1 0.258862 1629.28 52.86 21.93 34.99 0 0.255443 1069.88 672.45 44.21 27.68 0 0.252999 1167.64 557.99 31.26 22.77 0
250,0.703755 412.51 172.16 26.18 59.20 0 0.681800 1268.86 458.34 24.61 54.85 0 0.674834 1128.70 456.89 24.60 59.65 0 0.671552 336.49 494.35 28.35 50.07 0 0.664501 1036.09 460.19 25.17 62.70 0 0.664116 1221.07 578.29 25.43 54.67 0 0.654987 1158.22 456.76 24.49 60.56 0 0.653357 1209.22 683.14 52.44 24.22 0 0.642211 478.78 174.72 26.35 58.29 0 0.639609 789.82 797.72 24.96 52.05 0 0.637845 1062.45 381.78 24.65 57.33 0 0.632521 427.29 302.05 26.73 57.11 0 0.630004 858.85 9.75 30.59 61.20 0 0.625591 715.08 792.73 27.56 58.42 0 0.622677 1156.22 576.94 23.62 51.40 0 0.621794 1013.83 803.26 26.22 55.14 0 0.617529 966.51 388.20 24.23 53.12 0 0.613965 728.45 697.97 56.10 27.87 0 0.608295 1021.85 63.63 46.22 49.13 0 0.604082 869.42 387.09 24.66 55.19 0 0.603650 1231.73 456.10 26.30 58.20 0 0.600136 1191.63 382.22 24.63 55.78 0 0.597820 1085.60 820.40 24.13 58.78 0 0.595769 938.88 383.72 21.76 51.65 0 0.594878 1123.76 381.42 25.23 57.68 0 0.594564 305.06 497.52 27.49 54.79 0 0.584361 1001.05 462.00 24.68 59.04 0 0.578992 387.97 306.63 27.22 56.89 0 0.575450 819.53 477.34 23.63 56.74 0 0.574585 726.23 735.23 55.69 29.15 0 0.573757 348.78 179.95 27.50 58.10 0 0.569148 1000.15 382.20 26.28 56.43 0 0.568595 1188.96 576.17 27.91 56.43 0 0.565720 712.80 661.45 51.23 27.48 0 0.563554 750.44 798.78 25.73 57.08 0 0.560138 904.05 793.15 26.48 56.64 0 0.560035 445.54 176.10 25.95 53.55 0 0.555632 980.12 802.41 26.98 51.83 0 0.544505 1192.54 460.03 25.11 56.33 0 0.522675 1000.32 579.39 51.99 25.18 0 0.521682 1228.61 723.76 53.91 25.54 0 0.518648 1226.30 380.85 23.97 59.22 0 0.515840 966.05 463.45 24.60 58.90 0 0.512134 1158.42 379.90 24.59 57.10 0 0.509754 1096.18 457.49 25.63 57.06 0 0.509088 1059.40 375.94 23.96 58.38 0 0.507071 292.53 50.15 29.74 66.01 0 0.505296 837.58 797.46 23.47 51.48 0 0.498721 1044.22 816.85 27.21 61.08 0 0.486589 871.80 82.01 43.16 52.35 0 0.473378 865.29 85.23 45.90 53.82 0 0.473246 267.35 494.23 28.89 60.22 0 0.466834 835.33 388.91 26.05 58.55 0 0.432657 902.19 382.81 25.76 54.94 0 0.425951 1092.79 380.19 26.80 57.94 0 0.418810 565.93 291.67 28.52 56.84 0 0.397021 1021.32 261.77 26.93 56.64 0 0.394979 366.88 491.24 29.19 52.21 0 0.391335 1068.72 584.15 53.23 23.91 0 0.370418 780.77 485.69 25.78 51.11 0 0.336873 754.96 194.41 32.01 67.90 0 0.279036 346.46 59.10 30.45 54.47 0 0.262439 1007.95 8.03 39.15 37.17 0 0.253078 755.49 800.17 27.43 54.16 0 0.251759 1009.88 12.57 42.15 40.51 0
251,0.663764 1183.07 446.51 28.97 57.99 0 0.644503 1049.74 762.30 29.00 47.43 0 0.644307 864.52 308.34 30.47 49.93 0 0.634002 840.81 257.87 25.93 45.87 0 0.630301 1195.98 677.71 58.28 28.76 0 0.607141 706.17 728.48 55.96 26.28 0 0.601002 469.38 830.45 32.72 66.50 0 0.590771 563.13 724.76 53.08 27.17 0 0.580772 164.76 628.76 42.81 25.96 0 0.577336 92.73 795.88 30.49 52.56 0 0.577133 324.98 831.84 34.74 61.48 0 0.565429 1127.08 453.61 31.62 54.88 0 0.561910 1012.16 441.35 31.44 62.17 0 0.553477 355.86 834.06 32.18 58.20 0 0.551923 725.15 400.65 65.82 149.19 1 0.543693 686.56 45.25 35.41 49.32 1 0.541575 1078.05 764.77 30.08 45.60 0 0.534037 329.40 713.53 68.76 30.42 0 0.492282 812.57 313.63 24.41 43.83 0 0.489938 1044.70 445.98 29.66 49.89 0 0.482602 215.24 628.19 24.78 26.63 0 0.481998 622.99 735.15 63.75 26.62 0 0.481955 868.20 255.81 26.87 47.14 0 0.480448 123.15 789.73 29.35 51.65 0 0.469811 40.66 954.11 35.16 56.91 0 0.469555 670.60 397.61 53.30 26.88 0 0.466281 781.19 315.36 25.31 46.47 0 0.456273 4.00 926.05 36.18 57.86 0 0.454491 261.75 708.63 46.91 25.02 0 0.453605 485.01 715.07 63.05 29.48 0 0.394189 1018.48 758.79 30.29 45.81 0 0.374953 778.65 254.89 29.45 55.60 0 0.371010 1647.31 411.56 49.09 25.77 0 0.368674 99.32 627.62 32.49 26.82 0 0.366538 810.50 260.25 26.30 47.20 0 0.341425 220.41 705.50 30.56 33.01 0 0.340423 1237.16 418.00 45.02 27.89 0 0.337301 1213.85 451.63 26.74 54.84 0 0.332504 1.55 698.05 30.89 32.63 0 0.321838 18.33 710.16 41.03 26.37 0 0.303498 692.84 730.48 60.56 23.60 0 0.282695 718.45 431.95 55.01 130.09 1 0.281827 291.08 633.72 33.01 21.12 0 0.280250 233.55 629.64 27.45 25.83 0 0.267630 145.31 627.65 38.07 27.86 0 0.261260 97.47 785.00 29.98 51.42 0 0.258446 107.12 625.81 29.36 28.41 0 0.256795 266.01 711.29 55.93 24.03 0 0.254595 1301.50 449.57 68.59 31.95 1 0.250695 296.95 712.26 43.03 25.24 0 0.250454 341.38 572.76 63.80 25.57 0
252,0.652369 1063.32 444.97 194.36 102.53 0 0.529763 492.87 544.73 156.71 121.58 0 0.453500 1793.14 733.87 126.22 106.85 0 0.415466 396.22 499.00 189.39 113.72 0 0.377699 1291.65 419.74 227.88 106.33 0 0.340380 1669.10 690.84 94.02 69.84 0 0.304147 1496.17 415.36 93.89 86.89 0 0.277887 1100.20 426.40 163.85 111.65 0 0.269187 1203.97 142.49 38.14 43.68 0 0.253129 1152.11 150.70 55.66 39.88 0
253,0.661288 493.80 771.40 30.09 60.92 0 0.657883 573.48 776.42 28.17 51.67 0 0.650827 824.12 819.61 57.36 29.03 0 0.645863 1016.31 441.68 24.28 42.79 0 0.642417 1244.76 609.61 71.16 31.60 0 0.617062 1222.18 514.71 28.53 51.76 0 0.614578 1448.77 798.41 32.25 63.36 1 0.561474 70.67 792.66 36.65 66.70 0 0.557514 1031.90 500.94 35.71 54.19 0 0.547814 1279.08 504.62 26.29 52.92 0 0.540159 1250.96 514.63 24.96 49.95 0 0.535037 1551.71 538.61 54.11 26.41 0 0.516235 84.77 952.20 65.62 29.96 0 0.512920 438.37 779.18 35.70 65.79 0 0.512857 253.32 534.52 28.75 49.89 0 0.490280 1105.32 387.69 24.79 39.14 0 0.469902 614.64 315.67 57.35 24.76 0 0.444697 1448.65 947.80 20.33 31.60 0 0.428576 1019.67 352.92 51.85 18.06 0 0.426485 607.17 773.18 30.71 56.40 0 0.408718 1875.81 52.23 24.01 32.58 0 0.403248 972.62 385.43 30.83 45.23 0 0.401644 911.29 378.16 48.88 25.01 0 0.393922 0.00 984.42 45.23 32.91 0 0.382589 1387.05 0.00 26.10 32.99 0 0.355866 185.87 782.11 24.45 23.51 3 0.351072 452.55 326.14 48.44 22.81 0 0.339041 1903.09 45.90 16.91 36.98 0 0.335208 322.16 312.10 35.93 44.20 0 0.318565 841.23 378.11 53.96 22.04 0 0.302221 1073.24 526.44 28.97 39.28 0 0.301301 379.15 323.85 54.44 28.24 0 0.285256 1070.55 512.01 28.14 51.04 0 0.284215 322.09 304.47 32.87 45.93 0 0.274010 1904.59 197.31 15.41 34.54 0 0.259365 1902.10 41.45 17.90 34.50 0 0.256504 1675.22 1049.61 43.33 21.18 0 0.254014 173.74 783.16 23.13 23.68 3
254,
255,0.677405 596.70 936.90 39.55 54.49 0 0.672387 758.67 728.05 44.51 56.77 0 0.658982 1122.79 791.04 45.33 51.54 0 0.640427 616.73 631.64 42.30 55.09 0 0.638557 664.05 780.99 46.56 52.34 0 0.635397 929.62 624.71 41.70 49.53 0 0.629223 686.59 490.55 42.73 48.43 0 0.624582 839.35 669.45 45.88 54.58 0 0.615453 406.14 755.29 43.83 57.86 0 0.615350 734.69 562.36 44.19 52.96 0 0.604374 1659.06 275.45 50.51 58.53 0 0.601179 577.18 842.90 46.14 54.45 0 0.596937 859.57 403.21 36.51 45.11 0 0.592374 455.61 632.50 40.38 53.23 0 0.589548 362.26 685.22 43.38 60.60 0 0.586182 958.77 605.97 43.15 50.80 0 0.583403 547.24 863.10 45.62 53.96 0 0.580037 1703.45 338.81 50.59 52.67 0 0.573201 428.89 742.24 47.01 55.76 0 0.571746 424.32 656.61 39.70 49.26 0 0.570785 1063.23 826.52 48.36 55.16 0 0.567028 1007.33 185.45 20.87 25.36 3 0.566907 727.85 747.59 42.28 52.99 0 0.566860 1615.36 214.53 47.49 52.37 0 0.565574 489.44 894.45 44.11 61.65 0 0.565562 638.66 800.43 47.31 51.75 0 0.556432 695.77 768.60 43.19 50.47 0 0.551728 608.80 821.75 47.41 55.97 0 0.549472 901.77 639.93 42.27 49.21 0 0.543030 786.48 713.58 44.53 50.87 0 0.542453 568.06 560.97 38.50 49.88 0 0.536298 1200.71 843.07 44.95 50.73 0 0.534667 517.58 880.52 45.00 61.38 0 0.529749 738.71 461.40 37.45 42.24 0 0.526502 467.70 719.48 41.54 55.92 0 0.519603 545.14 580.28 41.07 53.69 0 0.519491 518.77 967.13 40.49 55.04 0 0.519211 991.47 595.12 41.60 50.77 0 0.514633 584.18 646.83 41.95 52.02 0 0.505910 662.59 530.53 40.52 41.37 0 0.503298 830.88 412.27 36.08 48.36 0 0.496582 541.24 573.91 39.51 55.99 0 0.494291 869.71 655.97 43.88 55.58 0 0.492015 1154.73 767.79 50.32 55.36 0 0.488292 1522.28 102.58 40.65 46.62 0 0.487575 525.12 689.44 43.13 46.38 0 0.480316 646.45 619.84 40.65 48.42 0 0.475012 715.58 474.97 39.82 53.01 0 0.474181 778.22 466.18 39.30 43.38 0 0.472165 786.07 526.24 42.70 50.97 0 0.471809 841.03 502.33 37.88 39.46 0 0.461466 704.35 579.83 41.29 49.83 0 0.460735 760.59 546.83 42.67 50.47 0 0.460264 495.80 709.60 43.08 51.62 0 0.450714 641.34 617.01 39.58 45.13 0 0.443425 554.56 943.75 44.47 53.11 0 0.441429 515.09 876.83 42.18 55.66 0 0.440993 748.06 477.79 39.94 43.01 0 0.440169 633.18 541.85 42.44 44.46 0 0.440150 834.83 480.61 33.57 44.95 0 0.437712 546.80 669.71 44.50 50.74 0 0.436910 558.62 947.67 43.64 58.52 0 0.423107 608.66 552.64 41.39 54.03 0 0.419952 923.25 434.20 40.64 48.11 0 0.416225 696.86 576.26 43.03 51.33 0 0.408220 710.01 470.58 38.37 50.27 0 0.400970 1205.09 849.02 45.70 51.33 0 0.398370 674.81 603.59 40.73 47.97 0 0.398182 746.17 731.79 47.46 55.80 0 0.396999 905.70 465.36 38.74 46.36 0 0.396813 795.14 418.59 40.02 44.51 0 0.394954 679.48 493.13 41.08 44.51 0 0.391804 869.07 471.50 35.49 44.27 0 0.390695 538.69 869.05 48.87 58.64 0 0.388455 899.24 460.95 37.80 47.26 0 0.384441 1146.24 759.28 51.29 51.51 0 0.380780 1443.79 0.00 41.68 36.22 0 0.377659 801.90 429.81 38.83 43.55 0 0.377425 580.12 642.25 45.32 45.22 0 0.374181 964.01 603.98 43.52 48.65 0 0.367777 789.75 531.03 44.53 54.27 0 0.367588 599.06 549.35 44.22 51.77 0 0.351708 660.98 511.86 39.81 39.56 0 0.346955 554.98 673.68 43.98 52.67 0 0.346765 811.07 417.06 42.22 50.16 0 0.346104 309.52 601.73 19.78 29.89 3 0.340971 557.40 860.37 47.54 56.69 0 0.338207 539.78 568.08 36.86 53.24 0 0.336493 619.10 545.16 43.63 46.88 0 0.328725 1548.94 93.33 38.79 47.05 0 0.322806 531.07 974.36 42.14 58.24 0 0.318016 650.10 785.54 48.53 49.07 0 0.313546 783.34 523.55 38.91 44.60 0 0.309787 431.17 653.23 43.35 55.02 0 0.305936 892.62 641.23 43.81 48.04 0 0.305470 949.35 613.04 44.77 50.52 0 0.297796 764.92 466.64 44.71 46.27 0 0.290053 912.48 434.53 42.07 49.27 0 0.289465 629.10 807.60 48.16 53.01 0 0.286988 1069.41 831.46 50.69 53.73 0 0.284834 366.39 691.29 44.36 59.36 0 0.269788 720.46 569.18 44.40 47.99 0 0.262527 875.13 471.45 38.94 42.82 0 0.261114 768.22 542.58 43.51 54.15 0 0.254075 1092.26 339.62 40.92 56.81 1
256,0.804216 887.18 821.50 186.16 105.11 1 0.784636 426.89 476.89 85.86 106.05 1 0.782814 216.78 574.14 85.46 90.12 1 0.749959 1212.95 972.13 49.19 36.64 3 0.676975 283.62 294.74 39.95 36.98 0 0.662065 1126.51 650.16 39.60 31.56 3 0.658319 1662.59 584.21 79.07 63.60 0 0.652853 68.06 796.10 94.03 96.60 0 0.652225 237.83 449.76 50.11 48.52 0 0.649224 1615.01 537.13 60.02 47.03 0 0.642481 1390.87 564.21 61.99 71.67 0 0.617318 0.00 919.24 115.75 83.45 0 0.616103 1837.27 527.12 77.10 53.60 0 0.613484 1349.24 499.90 61.48 63.03 0 0.612723 214.55 369.80 53.69 52.18 0 0.608275 172.76 370.81 49.20 52.51 0 0.603264 860.50 772.47 25.22 48.27 3 0.593066 30.07 450.69 48.99 48.71 0 0.591619 1241.97 338.47 40.54 35.86 0 0.586297 127.54 453.75 67.12 47.96 0 0.585725 1574.75 179.18 35.95 26.59 0 0.585467 346.82 380.39 52.26 44.60 0 0.576558 6.22 789.26 84.46 102.66 0 0.574409 1281.53 412.17 49.57 47.38 0 0.573962 91.90 652.06 85.21 85.95 0 0.572098 1724.49 243.55 39.02 22.97 0 0.568413 84.54 591.33 71.33 60.38 0 0.555012 322.83 299.43 37.98 39.34 0 0.552647 1626.58 181.44 33.50 23.88 0 0.548617 1323.71 465.57 47.55 50.69 0 0.547881 720.14 469.62 21.25 37.06 2 0.546018 1822.87 181.10 38.59 24.44 0 0.543634 120.73 358.32 53.52 33.20 0 0.539171 418.56 784.79 43.46 26.06 3 0.537475 33.90 391.37 47.02 35.62 0 0.536103 250.25 300.14 31.40 31.99 0 0.532416 166.01 808.09 76.87 83.96 0 0.530877 1430.42 343.67 42.24 33.23 0 0.525708 146.72 591.68 65.86 56.07 0 0.522540 823.29 291.69 71.44 26.78 0 0.521922 82.18 450.27 55.16 48.37 0 0.516086 335.25 602.25 21.07 29.68 3 0.515225 982.22 289.70 55.30 25.82 0 0.513015 303.80 493.47 63.20 51.62 0 0.503820 499.82 631.19 36.82 38.41 3 0.491598 856.68 259.28 34.28 24.53 0 0.491051 1533.99 155.74 38.66 22.04 0 0.482231 1559.54 477.51 72.56 66.20 1 0.479954 807.81 256.78 31.18 23.74 0 0.477097 282.46 438.71 57.46 60.34 1 0.473842 692.47 256.08 31.47 22.66 0 0.470856 246.52 302.76 32.74 33.82 0 0.469701 169.04 301.25 49.72 34.64 0 0.469377 1651.91 184.21 33.37 22.30 0 0.467755 362.00 302.83 37.61 36.07 0 0.460795 734.77 289.58 73.08 27.98 0 0.459360 1769.85 180.87 39.38 23.37 0 0.456601 633.27 656.12 21.79 38.02 3 0.455920 442.74 282.84 64.41 26.83 0 0.455084 1153.02 67.14 31.56 19.19 0 0.453118 1664.57 271.29 45.20 26.53 0 0.452710 1351.34 273.15 37.35 26.82 0 0.449945 1584.21 156.06 37.32 22.10 0 0.447538 737.01 257.38 30.63 21.54 0 0.447070 906.70 292.93 61.41 26.41 0 0.437577 1321.78 243.77 33.03 27.52 0 0.433147 1592.92 154.73 35.02 20.89 0 0.431925 133.85 294.57 41.10 27.12 0 0.428484 907.80 777.05 29.67 48.03 3 0.425845 0.98 239.84 31.07 30.64 0 0.425747 1284.87 203.76 32.98 27.18 0 0.411424 1307.92 226.16 31.55 26.03 0 0.406781 1216.90 136.86 27.89 23.21 0 0.405234 1796.86 275.67 69.13 40.70 0 0.403157 373.38 691.35 32.69 37.55 3 0.399378 413.87 821.97 53.10 31.22 3 0.398785 1863.51 918.98 54.23 33.64 0 0.387470 1757.16 224.23 36.61 22.39 0 0.382214 566.27 260.49 29.13 22.43 0 0.377479 1263.20 387.45 43.32 35.01 0 0.377270 127.48 312.01 42.31 30.12 0 0.374271 2.17 445.92 28.45 49.89 0 0.373722 721.95 473.16 20.35 38.50 3 0.370122 185.61 676.57 37.19 44.22 3 0.368119 544.52 568.48 29.57 19.80 3 0.362726 1160.86 68.22 35.13 20.89 0 0.358616 1450.93 372.89 50.22 46.41 0 0.357464 1129.60 42.50 29.23 18.72 0 0.356738 41.56 387.53 51.37 38.16 0 0.353573 282.36 299.54 40.08 40.11 0 0.353349 673.25 592.05 27.55 33.95 3 0.353257 744.57 285.84 65.84 27.91 0 0.350948 605.41 277.54 36.33 20.24 0 0.348807 1493.41 401.78 52.57 43.29 1 0.348136 1487.47 409.75 47.99 42.96 1 0.347833 799.29 253.88 30.47 23.08 0 0.346919 641.77 594.45 23.61 30.19 3 0.341135 586.93 276.99 47.78 23.83 0 0.338200 1297.29 219.28 33.88 27.24 0 0.337031 407.20 816.43 52.29 29.21 3 0.331558 383.57 562.69 20.96 30.04 2 0.326369 309.86 709.63 29.01 39.30 3 0.326183 1112.53 239.10 44.00 27.51 0 0.325073 1685.46 182.68 33.38 23.34 0 0.323555 1542.09 155.60 38.37 21.04 0 0.320030 1436.50 357.74 53.49 40.80 0 0.318269 1739.07 227.72 44.60 23.10 0 0.316417 323.95 657.39 40.95 27.48 3 0.316131 36.95 355.43 45.19 27.56 0 0.314840 308.89 574.37 22.57 36.03 2 0.314483 1689.18 184.78 36.23 21.80 0 0.312998 1610.61 181.45 28.76 24.51 0 0.312651 846.35 274.10 53.88 29.86 0 0.311942 127.04 592.02 78.44 58.06 0 0.311800 1564.03 176.07 32.91 26.31 0 0.308312 673.94 597.87 25.23 32.38 3 0.307714 36.76 365.80 49.81 33.12 0 0.307068 384.70 580.36 17.01 26.49 2 0.305012 0.21 234.19 30.58 31.42 0 0.299177 908.89 284.32 59.07 29.07 0 0.298037 282.84 700.64 21.62 33.76 3 0.296354 981.16 284.18 57.80 26.44 0 0.293567 621.00 599.15 21.11 29.59 3 0.291564 1243.75 350.00 39.86 39.98 0 0.291426 1071.03 0.00 35.22 16.69 0 0.288614 1874.59 260.62 44.83 26.24 0 0.288352 640.20 258.83 30.70 22.87 0 0.287040 533.60 566.05 32.76 23.16 3 0.283268 120.40 455.00 57.27 46.64 0 0.280099 1117.90 227.38 40.56 28.68 0 0.279081 349.69 630.24 27.38 27.04 3 0.278023 1389.58 311.62 47.00 36.51 0 0.274004 709.55 614.08 43.95 28.89 3 0.273445 620.97 258.60 29.27 20.33 0 0.272461 570.88 268.59 41.08 25.01 0 0.272002 1173.92 92.53 29.11 18.45 0 0.270608 1210.96 976.30 57.92 37.27 3 0.268324 1499.09 868.45 47.80 26.09 3 0.267792 1380.74 299.41 42.25 35.10 0 0.265911 1684.67 556.90 47.03 37.01 0 0.261111 1207.12 130.54 26.16 21.31 0 0.261011 1347.32 269.67 39.19 26.88 0 0.260192 298.33 300.23 44.71 37.64 0 0.259745 554.16 259.34 30.38 22.44 0 0.259615 1273.27 396.88 48.21 35.45 0 0.252784 30.73 362.10 46.08 30.21 0
257,0.787244 797.07 624.23 29.12 74.51 2 0.748910 767.90 622.40 25.07 73.34 2 0.730373 1160.24 475.74 146.06 58.65 1 0.692962 1477.09 501.76 97.58 38.87 0 0.634632 1815.80 502.45 102.56 45.56 0 0.610538 1344.05 494.80 118.35 43.82 0 0.531039 691.28 483.15 106.85 44.86 0 0.509581 1020.93 497.82 105.43 38.97 0 0.508279 835.82 477.07 140.05 51.04 0 0.475745 0.00 635.34 101.60 41.59 0 0.462090 769.45 615.21 23.14 60.42 2 0.323797 987.96 495.39 136.96 42.92 0 0.313373 866.21 481.14 147.30 47.25 0 0.280760 920.26 488.42 124.95 43.72 0
258,0.568910 438.24 569.95 43.76 18.28 0 0.555678 991.80 535.55 35.99 21.29 0 0.553109 885.06 542.97 42.26 21.17 0 0.552756 489.38 565.06 36.58 20.41 0 0.540114 837.84 545.24 38.35 20.06 0 0.509173 936.20 539.58 37.10 22.08 0 0.499327 638.81 559.80 38.74 19.51 0 0.327121 378.78 570.49 40.51 22.53 0 0.301540 740.39 549.26 36.34 20.49 0 0.283038 387.13 571.30 37.37 19.89 0
259,0.701873 571.19 375.70 129.00 55.52 0 0.699562 569.64 821.54 124.18 57.56 0 0.694915 1264.56 31.70 42.60 25.38 3 0.676833 874.42 236.66 113.93 56.38 0 0.664720 571.15 757.50 130.61 62.03 0 0.661980 575.26 690.40 129.82 57.54 0 0.659718 1073.79 714.64 109.27 55.86 0 0.656869 582.73 497.95 116.17 57.82 0 0.655174 1036.45 520.22 114.66 56.16 0 0.650156 1072.16 645.32 117.15 59.69 0 0.645075 1024.77 282.59 105.25 55.14 0 0.644721 927.74 730.46 96.44 55.84 0 0.638499 1055.61 463.38 111.07 57.50 0 0.636185 1021.15 115.06 115.84 53.86 0 0.635199 924.52 867.42 124.14 61.86 0 0.630847 596.82 143.85 114.98 54.68 0 0.628850 879.86 538.58 122.53 59.37 0 0.625750 589.78 253.71 103.31 58.98 0 0.621048 93.36 726.10 125.43 62.98 0 0.618981 580.97 315.60 123.80 61.62 0 0.616777 575.61 201.87 116.27 59.84 0 0.616723 584.06 40.86 102.98 50.16 0 0.606083 878.43 291.07 112.87 61.24 0 0.603404 1014.55 226.47 104.50 55.46 0 0.600485 576.52 553.75 128.58 62.57 0 0.600358 884.18 415.48 104.36 55.93 0 0.599507 1060.16 398.17 101.70 57.81 0 0.599383 595.22 619.09 108.44 58.02 0 0.599048 1270.52 66.09 40.19 25.73 3 0.597827 573.42 0.00 107.81 39.89 0 0.597304 884.00 477.59 117.19 59.19 0 0.596052 875.30 68.97 104.98 55.40 0 0.587531 889.80 351.55 107.67 59.58 0 0.582539 90.49 933.90 129.53 61.14 0 0.576151 885.41 126.09 107.24 54.79 0 0.574361 81.62 862.30 138.14 66.15 0 0.564379 1042.88 170.32 95.35 54.72 0 0.564359 1026.13 336.38 107.50 55.29 0 0.562437 1066.34 780.89 129.81 56.95 0 0.552823 1036.30 585.72 106.16 53.05 0 0.538429 907.69 658.27 104.79 58.41 0 0.537065 872.46 14.52 104.64 53.75 0 0.509980 900.20 803.41 129.88 61.14 0 0.501282 871.33 178.59 112.75 57.32 0 0.475876 592.51 94.71 113.14 52.26 0 0.417012 1033.47 343.53 105.32 60.18 0 0.394760 929.53 654.82 105.50 60.32 0 0.346679 594.88 131.36 109.35 46.07 0 0.337557 0.50 944.44 32.60 64.24 0 0.320557 1264.26 3.45 40.62 24.58 3 0.316414 591.12 115.69 117.59 50.96 0 0.280440 862.56 10.60 109.06 49.47 0 0.261600 1029.06 298.15 103.09 52.51 0
260,0.707997 646.50 749.60 66.47 49.22 1 0.551107 1088.12 531.49 46.42 37.11 0 0.540650 1148.18 484.66 40.38 27.70 0 0.482066 1683.89 76.90 35.48 42.80 0 0.479084 786.85 901.59 57.69 52.53 0 0.416749 1646.82 240.31 47.34 26.49 0 0.402108 1896.66 268.07 23.21 44.84 0 0.390830 1297.36 365.63 36.24 30.93 0 0.292490 1191.88 444.58 38.32 35.40 0 0.279071 1243.33 297.08 31.37 34.86 0 0.266136 529.54 842.11 38.35 39.86 0 0.255090 1304.27 362.74 37.23 30.15 0 0.251254 1094.64 524.80 43.03 35.53 0
261,0.618853 1632.25 433.62 281.34 92.54 0 0.571910 803.45 367.23 339.81 155.34 1 0.549173 1273.16 412.68 345.07 110.63 0 0.508695 327.90 404.27 352.72 110.11 0 0.415926 0.00 372.18 261.16 120.80 0 0.405838 382.51 394.51 336.01 122.37 0 0.382233 788.06 379.66 294.14 134.50 1 0.329347 1605.89 439.74 257.76 82.14 0 0.318860 433.94 401.56 335.56 111.42 0 0.266432 0.00 385.43 209.67 110.72 0 0.265719 3.53 373.03 336.62 128.59 0 0.261166 1242.07 416.98 297.64 105.39 0 0.259575 304.43 418.31 328.23 93.63 0
262,0.879230 1112.76 389.31 31.16 51.70 1 0.782405 737.32 129.12 43.90 36.99 1 0.564397 1262.50 411.14 64.08 38.62 1 0.545623 1115.41 340.32 26.25 41.46 0 0.526057 574.00 671.21 58.07 33.01 0 0.504491 1133.72 200.71 24.34 34.58 0 0.499263 871.64 46.82 36.86 22.47 0 0.492545 833.66 239.14 32.62 28.78 0 0.480433 1091.56 553.78 25.33 46.09 0 0.480315 837.89 210.74 43.97 26.15 0 0.478939 1119.77 299.45 25.02 34.83 0 0.456097 356.59 53.97 11.02 16.83 2 0.429809 336.84 108.53 10.50 13.55 2 0.399550 1250.19 582.13 32.83 64.24 1 0.380311 1128.94 258.43 22.27 36.07 0 0.336974 850.18 159.44 20.15 20.88 0 0.332641 443.19 698.06 9.98 16.38 2 0.309299 570.10 665.24 57.57 35.63 0 0.292962 421.28 60.34 12.04 17.88 2 0.274467 1249.01 576.44 33.72 107.67 1 0.265629 391.53 73.89 13.22 14.51 2
263,0.655108 674.16 676.63 25.53 44.54 0 0.636269 306.33 644.53 28.09 43.29 0 0.632938 258.12 642.78 26.95 43.94 0 0.575234 1174.41 448.62 22.23 32.78 0 0.569999 283.66 645.65 26.26 41.58 0 0.560387 209.52 630.28 33.65 44.29 0 0.555890 325.45 743.90 31.15 38.35 0 0.552532 1087.14 442.71 23.05 36.00 0 0.512020 216.98 493.35 41.57 25.25 0 0.503328 558.82 673.83 27.94 45.55 0 0.501697 1177.26 453.68 19.65 30.13 0 0.495385 690.58 555.78 55.48 25.58 0 0.490907 1242.07 572.13 46.49 25.33 0 0.485896 440.12 548.59 45.20 21.49 0 0.479763 10.56 613.64 48.48 37.95 0 0.473710 933.84 344.31 19.38 30.57 0 0.472094 910.33 344.18 19.78 32.06 0 0.467522 1111.77 442.47 23.07 37.60 0 0.464729 335.87 542.75 31.73 24.77 0 0.458976 400.12 649.77 27.69 39.85 0 0.436385 912.53 372.22 19.73 32.16 0 0.436162 376.44 546.06 44.89 24.44 0 0.430171 935.48 369.96 19.01 30.48 0 0.426189 375.66 650.13 25.84 39.81 0 0.402366 48.96 725.28 42.43 45.26 0 0.401354 892.13 93.73 20.20 36.25 1 0.394422 487.34 550.07 46.73 19.70 0 0.385622 833.16 418.55 43.65 20.09 0 0.382813 957.95 343.07 18.79 28.61 0 0.359390 595.60 1030.77 41.78 43.65 0 0.330429 1062.44 437.23 20.94 28.93 0 0.324611 973.19 367.46 26.61 34.97 0 0.312464 1219.02 448.15 23.89 32.60 0 0.302520 599.06 1023.49 39.36 40.66 0 0.299503 978.81 349.16 22.88 29.66 0 0.288311 224.82 728.94 34.84 20.84 0 0.286970 878.78 419.89 41.75 81.97 1 0.274002 891.84 87.95 21.72 34.21 1 0.264084 539.23 549.58 41.35 19.76 0
264,0.663112 973.56 816.22 65.48 54.06 0 0.630265 799.30 547.35 63.92 53.25 0 0.629203 806.80 935.52 69.12 59.57 0 0.588262 540.75 673.92 65.86 44.20 0 0.576698 929.07 240.54 62.58 47.95 0 0.574527 783.48 898.19 68.08 60.46 0 0.571269 971.23 294.76 60.11 47.99 0 0.570214 885.49 677.52 61.66 53.36 0 0.565012 925.02 746.05 68.18 60.67 0 0.563726 669.41 922.60 72.47 64.25 0 0.562924 719.13 416.97 59.65 47.81 0 0.561916 662.21 684.54 58.63 52.29 0 0.557055 623.98 810.08 63.11 52.05 0 0.554291 854.94 1004.95 70.47 61.72 0 0.552630 896.34 206.83 67.89 52.47 0 0.546465 1029.53 884.34 66.35 51.18 0 0.545999 1109.45 817.08 66.90 54.43 0 0.545693 747.51 820.55 68.00 52.44 0 0.543804 843.14 605.27 66.12 56.57 0 0.540377 741.22 823.27 65.99 55.90 0 0.538268 761.91 866.17 63.21 55.54 0 0.537792 726.11 790.46 64.03 51.36 0 0.537622 739.76 449.78 59.87 48.92 0 0.529081 503.99 465.60 67.21 45.98 0 0.528518 596.58 789.10 69.26 52.60 0 0.528354 677.26 723.79 63.25 51.90 0 0.528253 748.60 1031.03 73.14 48.97 0 0.526030 643.10 846.20 67.33 53.46 0 0.523847 570.40 749.49 62.96 56.11 0 0.519399 521.60 494.46 70.27 44.54 0 0.518271 699.66 380.86 62.85 46.49 0 0.507851 548.69 525.69 60.47 46.80 0 0.504955 1131.44 865.00 64.40 53.88 0 0.499221 1055.21 918.87 62.55 57.78 0 0.496876 700.97 754.21 65.68 57.76 0 0.493409 906.34 708.91 65.86 57.22 0 0.492993 546.12 712.93 67.09 53.88 0 0.492848 569.86 560.11 67.38 53.61 0 0.491658 639.68 658.31 63.93 47.35 0 0.490348 678.62 918.77 71.78 59.71 0 0.489109 1008.86 849.12 60.61 54.24 0 0.487194 777.78 512.25 65.94 49.98 0 0.483258 447.04 543.54 70.45 51.46 0 0.480790 188.05 397.12 36.10 22.09 3 0.478020 858.51 648.78 66.96 55.42 0 0.475085 983.72 162.32 54.66 45.11 0 0.473884 527.42 485.33 71.86 44.49 0 0.473708 1142.44 909.51 72.34 57.97 0 0.469601 614.26 613.08 70.93 52.74 0 0.459095 487.59 609.10 63.78 54.60 0 0.451611 759.24 484.68 58.20 51.33 0 0.450692 525.43 638.81 60.18 48.75 0 0.444748 950.11 776.14 64.03 57.21 0 0.438594 1377.99 563.45 68.06 47.63 0 0.432332 468.11 581.86 64.89 48.90 0 0.430731 553.41 707.51 66.87 49.01 0 0.426839 833.11 968.30 69.34 62.91 0 0.423140 658.40 893.24 65.34 52.70 0 0.414383 593.18 780.19 73.39 49.41 0 0.413461 853.36 630.30 67.08 50.03 0 0.405626 1152.28 900.77 71.55 56.78 0 0.405255 772.44 518.02 65.86 50.75 0 0.401580 678.74 716.65 66.43 51.40 0 0.388834 1065.24 968.03 64.60 51.53 0 0.385689 1022.28 889.36 70.79 56.65 0 0.385221 1072.41 959.67 66.82 48.69 0 0.384870 481.28 614.69 64.80 56.89 0 0.381455 536.39 684.79 68.35 52.60 0 0.379362 617.67 814.87 68.97 56.95 0 0.377894 793.43 536.61 62.01 50.72 0 0.374934 650.31 895.95 64.32 53.48 0 0.374564 813.80 940.15 68.08 62.34 0 0.370573 1024.65 876.67 66.60 47.20 0 0.365524 735.25 811.64 68.49 57.98 0 0.364502 628.50 641.26 73.16 46.82 0 0.363455 635.67 646.13 69.12 49.41 0 0.360051 459.65 544.60 66.38 43.49 0 0.354141 936.47 763.13 65.04 59.12 0 0.353550 880.83 1040.41 66.06 39.59 0 0.351832 395.68 262.40 86.13 55.27 1 0.351465 726.23 427.93 58.90 50.98 0 0.333310 508.58 479.27 68.74 48.90 0 0.332575 461.67 591.21 60.88 47.48 0 0.328077 713.97 779.25 69.99 64.12 0 0.315254 791.57 910.69 66.89 58.16 0 0.310656 712.07 769.55 64.50 56.89 0 0.302572 665.15 692.65 61.68 51.54 0 0.301175 1000.04 840.73 60.85 56.74 0 0.300302 800.74 928.63 69.22 54.36 0 0.300143 866.26 1013.03 70.56 62.68 0 0.295289 908.60 223.16 67.20 52.07 0 0.294886 752.60 842.26 65.60 52.30 0 0.293000 1117.30 844.28 70.57 51.96 0 0.283702 1044.85 913.06 67.78 61.50 0 0.282783 936.81 245.62 62.64 50.32 0 0.279489 450.95 561.07 65.71 45.63 0 0.276880 867.03 642.56 67.15 59.62 0 0.275681 698.75 390.70 63.35 48.10 0 0.274805 506.69 624.87 62.97 54.43 0 0.273248 403.87 255.54 88.58 51.57 1 0.269929 876.41 669.54 63.73 53.36 0 0.268445 1366.93 553.43 74.37 53.08 0 0.257965 570.66 1042.93 32.26 29.39 3
265,0.777459 508.90 546.61 164.80 77.16 1 0.740904 1587.79 657.70 26.37 44.42 3 0.740720 809.87 960.12 42.80 40.05 3 0.739240 1612.35 656.88 25.58 44.27 3 0.733249 572.80 657.96 22.63 44.26 3 0.729416 923.06 440.11 113.43 42.51 0 0.721060 1562.88 656.91 25.98 44.92 3 0.717376 1636.04 658.28 27.09 44.16 3 0.699298 504.80 1004.53 68.98 41.05 3 0.694190 556.02 409.05 94.93 39.92 0 0.674442 1326.01 675.91 60.89 116.64 0 0.669234 801.26 430.53 103.87 42.61 0 0.666281 1498.76 844.48 47.37 42.92 3 0.656400 1690.50 710.93 98.89 111.76 0 0.656336 1242.22 663.86 68.13 102.08 0 0.649071 1392.54 868.82 23.06 42.26 2 0.646618 672.74 417.98 100.78 40.50 0 0.643663 1284.76 604.65 125.22 68.05 0 0.631668 1740.90 549.31 119.02 49.41 0 0.626046 743.08 902.23 61.14 39.10 3 0.622062 1778.23 713.92 87.47 109.68 0 0.619489 1532.98 652.28 26.78 45.50 3 0.618575 1726.97 487.79 24.38 39.14 3 0.615389 1478.02 906.66 95.21 114.00 0 0.600829 1397.94 698.86 73.93 107.66 0 0.595674 1737.96 924.84 140.63 152.13 0 0.590133 1453.63 480.92 35.22 28.55 3 0.586139 619.13 656.52 24.30 51.99 3 0.584636 1111.29 861.33 22.80 48.99 2 0.568348 1609.67 480.63 26.14 40.64 3 0.565083 1503.16 654.36 27.03 45.38 3 0.559576 1881.12 590.81 38.88 56.43 0 0.546189 1669.48 663.76 28.38 37.08 3 0.543378 1698.91 486.49 24.69 40.74 3 0.538192 1507.07 484.17 28.73 34.01 3 0.534640 1579.17 480.59 25.53 38.62 3 0.532835 1798.28 488.75 23.40 36.10 3 0.521152 1721.60 675.14 30.65 34.66 3 0.495478 1779.16 832.38 57.72 41.93 3 0.486733 1650.69 484.11 23.66 39.76 3 0.482884 996.50 891.06 49.90 40.44 3 0.470891 1773.14 501.62 20.49 31.47 3 0.464776 1495.23 850.73 51.56 44.34 3 0.462165 1458.12 467.20 28.14 27.81 3 0.458709 984.75 801.62 22.66 41.67 2 0.452147 1696.79 670.50 32.92 34.59 3 0.451669 1659.32 660.68 27.34 39.24 3 0.450484 527.51 969.94 49.48 49.97 3 0.448459 1867.79 503.54 24.11 31.59 3 0.443594 1674.62 485.60 23.78 40.31 3 0.431097 1493.32 483.65 29.28 29.52 3 0.427832 933.83 569.84 20.89 36.82 2 0.427489 825.14 959.15 40.19 37.69 3 0.425587 1854.43 952.26 63.04 115.83 0 0.424843 1313.43 897.07 23.14 38.42 2 0.407144 1636.96 481.81 23.34 39.25 3 0.406926 508.46 990.42 67.31 53.35 3 0.404105 458.90 394.46 26.82 28.13 3 0.403018 1551.09 486.50 25.00 38.84 3 0.402194 932.28 574.94 21.41 38.40 2 0.376789 814.42 1004.81 36.62 42.85 3 0.375786 1114.01 352.86 18.99 32.08 2 0.375494 784.82 1012.61 45.15 42.04 3 0.345046 966.45 983.32 25.31 44.59 2 0.339907 1390.38 873.38 24.79 44.12 3 0.331553 1797.10 499.05 22.48 33.43 3 0.331302 976.92 1024.17 26.32 45.46 2 0.329574 1853.45 502.33 25.32 31.92 3 0.328456 1897.25 502.05 22.00 33.19 3 0.328423 980.71 564.55 25.34 34.66 2 0.313356 1132.40 1032.64 32.43 46.97 2 0.312089 1161.29 773.94 22.55 43.50 2 0.307367 845.50 1003.29 31.09 44.18 3 0.298377 1656.28 661.34 26.95 43.95 3 0.294159 1448.76 481.60 33.66 26.63 3 0.292707 1514.26 467.19 22.06 31.13 3 0.291455 1058.46 1029.41 30.40 45.50 3 0.290137 991.17 878.52 48.56 42.36 3 0.289770 1060.41 1024.67 30.24 49.15 2 0.278859 1852.02 496.92 24.78 33.63 3 0.277526 474.37 394.51 25.14 33.02 3 0.277012 1731.25 920.30 113.87 113.58 0 0.266818 1872.98 595.63 47.02 59.00 0
266,0.721848 503.84 618.54 24.71 49.92 0 0.720351 1207.09 430.82 23.87 61.29 1 0.716172 785.81 437.14 22.76 48.71 0 0.696793 810.36 552.31 23.99 50.88 0 0.687004 546.91 557.96 24.11 48.56 0 0.672118 595.90 386.93 22.26 43.95 0 0.671968 573.55 558.52 23.98 48.03 0 0.660774 1030.62 744.27 27.98 56.84 0 0.648927 920.93 386.62 21.76 45.01 0 0.645047 534.76 615.59 24.92 51.77 0 0.631080 720.77 552.74 26.02 48.49 0 0.629489 602.42 558.64 24.92 48.58 0 0.621376 869.87 550.27 24.27 52.98 0 0.619703 843.08 382.33 19.40 39.91 0 0.618641 1037.17 431.05 21.82 47.38 0 0.613779 956.75 553.08 24.42 46.56 0 0.611954 1630.76 338.88 28.21 45.68 0 0.611617 622.15 384.77 22.21 42.87 0 0.604504 1011.42 432.59 22.81 47.24 0 0.603273 569.46 623.65 25.91 50.62 0 0.602005 671.95 437.83 25.86 46.79 0 0.599574 559.19 441.32 24.77 47.30 0 0.597734 751.10 553.39 24.39 47.66 0 0.597198 979.86 433.39 22.61 44.27 0 0.594009 988.50 555.80 23.91 47.07 0 0.588380 811.91 436.00 23.51 48.19 0 0.587859 590.79 440.45 23.85 46.30 0 0.587202 530.67 441.51 25.43 46.98 0 0.586939 896.68 438.69 22.76 46.61 0 0.578891 1181.90 123.26 28.98 39.87 0 0.576589 643.13 438.80 25.11 44.78 0 0.574051 691.15 551.24 24.92 47.45 0 0.573476 966.62 744.69 28.45 63.72 0 0.567068 664.02 551.96 25.16 50.32 0 0.563563 1660.78 444.22 30.44 46.89 0 0.560056 841.47 439.01 23.41 46.75 0 0.558528 870.00 382.14 20.55 40.19 0 0.552313 619.66 441.10 23.00 43.93 0 0.545537 1017.02 554.83 22.87 49.41 0 0.535505 1061.97 739.69 27.43 58.82 0 0.534548 927.99 550.43 24.89 48.05 0 0.526453 729.74 382.66 21.54 37.95 0 0.521080 701.98 436.96 23.76 47.11 0 0.519400 896.32 548.84 24.83 54.28 0 0.514219 704.55 382.47 22.64 40.44 0 0.514010 1739.52 685.51 38.74 58.58 0 0.503408 812.33 385.01 21.25 44.82 0 0.493867 1700.11 555.91 31.49 57.44 0 0.488880 895.40 384.51 21.38 43.37 0 0.479371 1501.91 226.00 44.64 22.28 0 0.448285 977.84 381.76 20.87 41.42 0 0.445814 781.04 551.72 25.74 52.81 0 0.442373 870.97 438.98 23.54 46.96 0 0.440592 1718.01 622.72 34.40 51.28 0 0.425041 542.61 387.23 23.59 42.75 0 0.421917 1588.12 81.93 25.51 38.58 0 0.417639 1004.29 381.01 19.96 40.34 0 0.416583 513.35 554.66 26.92 48.06 0 0.416312 1508.95 267.55 42.24 23.08 0 0.415533 631.92 555.39 25.19 52.92 0 0.413839 1499.85 209.90 44.58 19.81 0 0.407514 785.60 388.09 22.29 44.49 0 0.403172 950.54 432.74 23.54 42.76 0 0.403168 1600.45 239.59 25.37 39.87 0 0.394945 1589.32 88.45 25.93 36.79 0 0.394904 727.36 436.36 23.50 50.48 0 0.392682 758.89 388.83 23.07 43.48 0 0.383926 1067.53 825.24 30.95 59.89 0 0.364355 1635.08 144.63 27.77 44.63 1 0.355154 758.10 436.46 23.83 49.35 0 0.349276 553.25 316.76 14.43 24.17 3 0.326779 537.67 388.37 24.60 43.36 0 0.314472 701.68 318.24 13.70 21.26 3 0.306201 1505.34 246.32 42.60 22.24 0 0.304002 532.53 320.50 13.16 21.80 3 0.295797 1181.66 113.97 30.60 40.05 0 0.278700 584.67 441.43 24.11 47.10 0 0.256921 1513.69 271.08 42.03 21.70 0
267,0.653912 1003.04 378.73 30.49 51.40 0 0.633057 985.39 248.49 26.98 35.82 0 0.440251 957.30 171.20 29.16 32.60 0 0.356021 953.02 162.62 33.00 31.73 0 0.321992 994.86 284.16 28.57 43.69 0 0.302895 992.12 287.44 27.56 44.29 0 0.282047 968.59 204.32 27.13 39.53 0 0.276489 971.95 200.16 26.76 38.82 0 0.255655 990.91 270.90 26.85 42.50 0
268,0.665301 888.01 333.30 45.93 64.51 1 0.654418 698.31 515.49 21.47 35.79 0 0.626135 333.62 460.25 29.96 35.10 0 0.581908 412.27 470.38 24.66 34.31 0 0.571259 483.61 482.73 23.59 31.99 0 0.569963 606.60 506.81 23.45 35.99 0 0.503245 388.02 469.22 25.28 34.19 0 0.483897 1087.64 373.08 20.03 29.20 0 0.460689 964.05 295.85 18.25 27.46 0 0.435587 560.84 415.98 38.22 21.04 0 0.428500 980.44 311.42 21.41 31.83 0 0.425247 979.53 305.32 22.55 32.25 0 0.420264 1065.30 372.62 20.18 29.57 0 0.403262 937.59 296.75 20.06 29.08 0 0.396135 347.90 368.74 40.96 20.16 0 0.385231 411.44 535.27 28.84 29.21 0 0.380460 528.06 412.03 33.19 22.50 0 0.378248 1136.40 386.21 20.00 25.28 0 0.360014 645.96 421.29 29.52 20.21 0 0.357861 1179.11 386.06 17.13 26.09 0 0.355613 463.52 482.13 21.81 31.39 0 0.256981 389.47 530.82 33.22 29.95 0 0.253016 367.67 468.34 23.34 33.73 0
269,0.686786 1482.58 1008.65 67.45 55.92 1 0.664834 1526.68 870.07 47.78 34.96 0 0.603932 1196.73 874.89 42.30 34.82 0 0.601910 1482.40 925.80 47.07 35.12 0 0.584704 877.20 1030.74 45.37 43.86 0 0.576623 1580.22 891.12 46.64 37.15 0 0.574436 1333.57 711.80 43.66 32.69 0 0.571881 1687.42 945.79 51.25 37.03 0 0.568015 930.79 970.78 38.37 36.97 0 0.565908 1872.06 977.28 42.83 35.65 0 0.562898 1369.17 899.06 45.23 33.94 0 0.557670 1527.75 964.95 48.27 35.93 0 0.555205 1226.35 847.06 40.79 34.87 0 0.554234 1558.42 922.68 44.82 36.60 0 0.552783 6.66 542.03 40.70 21.37 0 0.549523 1618.84 765.82 43.40 32.78 0 0.548354 1348.50 848.05 41.36 33.10 0 0.545331 1385.91 875.71 44.19 31.58 0 0.539173 1235.65 825.85 48.08 35.47 0 0.530139 1376.81 810.71 43.30 31.79 0 0.529082 1706.13 897.07 44.78 33.75 0 0.523836 1440.43 734.81 39.38 31.38 0 0.520209 1375.75 820.53 43.12 33.92 0 0.517674 1291.44 755.00 43.34 33.00 0 0.517387 1665.84 985.58 48.63 36.90 0 0.514375 1617.60 760.72 41.08 33.95 0 0.513883 449.38 818.37 40.15 32.86 0 0.513379 1494.06 913.87 47.28 32.93 0 0.512582 1548.20 840.43 44.84 31.96 0 0.506209 1374.49 895.45 44.35 33.63 0 0.505238 234.91 683.47 36.34 33.26 0 0.503310 1774.57 842.18 41.45 30.42 0 0.500799 1708.08 911.99 48.80 34.98 0 0.497338 1720.31 1014.09 48.44 37.25 0 0.497130 1786.24 848.03 41.62 31.90 0 0.494125 1702.62 921.81 45.80 32.95 0 0.493863 1013.69 1010.00 42.93 44.64 0 0.489780 200.98 604.10 37.02 24.83 0 0.486466 1678.14 945.79 50.99 37.34 0 0.481290 1434.91 747.12 38.78 31.10 0 0.481160 916.09 938.68 32.47 33.88 0 0.478595 883.52 1025.62 46.86 41.22 0 0.473230 377.70 755.69 39.45 32.45 0 0.462896 475.88 1016.61 32.60 41.06 0 0.456874 395.14 769.84 41.24 33.58 0 0.448125 1646.95 994.79 50.32 36.23 0 0.444031 1430.28 967.98 55.54 45.59 1 0.442035 1242.23 781.25 28.08 28.23 0 0.441376 1269.96 749.45 35.77 28.12 0 0.436684 1651.30 1007.39 51.04 34.20 0 0.436262 1287.61 774.13 43.22 34.80 0 0.436006 1276.97 779.39 42.78 34.42 0 0.429812 1478.82 932.15 48.02 34.37 0 0.428423 1674.57 793.53 38.99 29.83 0 0.426476 1329.48 721.42 43.98 33.70 0 0.426250 1731.76 823.67 38.98 29.29 0 0.425576 1858.40 1027.54 52.73 41.88 0 0.418571 1650.09 1017.29 49.63 36.39 0 0.418319 246.11 642.28 37.09 23.90 0 0.414665 1523.25 987.24 49.52 34.36 0 0.410673 1875.87 980.45 44.13 38.48 0 0.409655 1224.77 801.73 34.60 28.16 0 0.409530 0.28 540.67 36.47 21.44 0 0.409362 1247.14 824.05 45.76 36.67 0 0.408803 1443.83 965.11 54.76 41.36 0 0.408690 152.69 563.05 35.70 24.69 0 0.407323 120.51 827.28 41.06 25.88 0 0.406491 1583.48 883.15 49.45 31.92 0 0.404784 1724.49 819.54 42.24 29.35 0 0.404706 1693.74 936.37 51.07 37.81 0 0.403435 1856.41 885.98 46.85 33.92 0 0.402159 24.24 776.92 32.58 19.54 0 0.400522 1568.67 740.00 40.43 29.35 0 0.398926 1519.98 712.94 36.21 28.82 0 0.396311 1368.81 821.40 40.20 32.24 0 0.389401 48.83 635.63 43.58 23.42 0 0.387527 1430.21 972.76 48.85 47.38 1 0.386803 24.43 632.64 39.50 23.94 0 0.383814 587.32 934.00 38.31 33.82 0 0.380636 1740.12 985.50 48.65 36.03 0 0.376422 1196.52 884.99 43.84 33.12 0 0.375696 8.00 588.81 35.89 23.82 0 0.369414 1666.37 785.67 35.44 30.20 0 0.369006 49.10 826.66 29.60 19.12 0 0.367783 1296.01 752.71 44.67 32.28 0 0.363847 1845.51 884.60 51.33 32.93 0 0.357889 1503.28 904.87 49.06 30.52 0 0.357115 1642.09 1030.53 46.81 32.97 0 0.356685 0.00 561.14 32.75 21.48 0 0.354660 1681.35 953.50 52.31 34.87 0 0.352696 1456.38 962.16 51.80 39.74 0 0.344753 17.60 608.87 39.60 23.10 0 0.340705 1423.20 833.17 43.40 33.69 0 0.340290 1449.88 987.44 48.46 40.58 1 0.334623 1269.66 805.01 38.35 29.46 0 0.332754 1531.63 961.37 49.82 33.17 0 0.326672 1291.82 770.54 44.77 32.09 0 0.325209 1393.35 868.79 43.59 33.28 0 0.323914 62.75 854.31 45.81 28.82 0 0.320288 1589.24 876.84 46.23 30.24 0 0.319316 3.30 585.87 37.98 25.40 0 0.318687 1529.85 982.57 51.35 32.69 0 0.318264 1606.57 847.73 34.88 28.16 0 0.317195 1512.86 969.91 52.42 37.10 0 0.313521 1228.17 833.37 48.24 33.50 0 0.313328 29.85 636.91 43.36 23.71 0 0.312102 1340.34 929.85 54.23 39.37 0 0.311155 1003.41 1021.34 39.39 41.37 0 0.310902 187.96 590.81 36.22 22.24 0 0.308531 34.17 609.04 42.48 23.80 0 0.307606 126.37 834.16 44.39 24.73 0 0.306881 1415.08 850.51 43.76 31.19 0 0.305439 67.61 691.19 50.62 24.60 0 0.302857 1618.20 1042.69 46.11 36.59 0 0.302512 1483.34 696.71 32.80 27.16 0 0.298119 1614.31 767.02 40.54 34.76 0 0.295980 1385.30 887.89 48.49 31.46 0 0.293715 1660.41 778.56 32.74 30.28 0 0.292571 39.79 661.50 46.71 25.64 0 0.292100 1055.99 973.12 40.42 39.87 0 0.291801 1862.51 1033.01 52.39 40.30 0 0.291443 1546.66 940.07 45.41 34.09 0 0.289649 924.10 979.95 40.33 35.68 0 0.285887 1481.11 692.87 31.33 25.82 0 0.285839 1345.84 926.19 54.31 38.14 0 0.284120 1441.94 740.05 41.69 33.67 0 0.283351 1693.14 796.16 34.57 27.84 0 0.280474 445.40 812.22 39.88 31.69 0 0.276738 586.32 930.50 35.77 32.34 0 0.266307 386.48 762.13 42.75 35.39 0 0.263326 341.21 710.53 26.16 27.74 0 0.263262 1368.23 678.04 34.86 26.58 0 0.262981 1744.90 978.52 43.04 35.02 0 0.261366 0.56 516.83 32.97 20.06 0 0.257142 1658.09 979.57 44.02 33.01 0 0.251273 871.86 1033.55 41.38 43.17 0
270,0.629183 768.45 282.07 30.02 51.56 0 0.574072 770.95 355.32 32.23 48.93 0 0.533109 614.58 906.17 36.53 58.27 0 0.525713 682.30 499.47 32.90 47.12 0 0.453988 611.44 914.67 36.29 54.88 0 0.368364 855.47 64.02 25.53 38.83 0 0.359754 864.48 756.82 23.25 34.00 0 0.300008 557.22 870.32 26.24 42.21 0 0.299058 619.94 903.49 34.27 54.65 0 0.296793 554.37 879.39 27.03 39.34 0 0.274076 776.07 414.80 41.10 26.09 0
271,0.907943 901.45 334.33 241.00 101.32 1 0.740628 1166.01 353.64 185.27 71.05 0 0.729920 665.41 387.04 188.87 66.06 0 0.717296 1524.81 355.36 149.38 57.19 0 0.594030 1827.81 348.64 90.06 56.08 0 0.460872 0.00 560.16 81.56 42.69 0 0.421754 1364.23 357.51 144.14 58.23 0 0.337717 1363.31 357.24 148.34 58.85 1
272,0.870584 954.63 598.87 36.52 73.07 1 0.847833 762.27 951.67 32.29 20.70 3 0.623972 836.78 943.70 34.99 75.20 0 0.591350 765.70 1019.62 29.69 18.12 3 0.579421 910.29 983.33 32.50 73.01 0 0.578164 787.72 24.55 25.27 34.80 0 0.531969 909.79 96.80 28.52 44.92 0 0.530666 899.05 889.18 37.03 62.40 0 0.518965 787.98 162.57 24.93 15.64 3 0.512014 764.58 1001.38 29.32 19.23 3 0.416034 826.56 822.53 31.39 52.76 1 0.411264 965.17 542.42 29.29 53.11 0 0.372958 437.29 964.43 46.26 56.14 0 0.363715 882.78 811.89 21.20 35.71 3 0.343604 909.31 827.52 20.21 32.24 3 0.331539 788.78 112.31 25.06 17.09 3 0.293904 878.98 180.94 23.52 38.45 0 0.291841 787.28 139.79 25.61 13.18 3 0.289743 907.90 91.03 26.91 41.08 0 0.283928 768.36 1065.79 27.21 14.21 3 0.276926 920.29 171.23 21.53 39.08 0 0.276156 858.20 0.00 25.59 22.03 0 0.271015 959.06 597.88 39.85 71.32 1
273,0.321158 1368.99 644.86 24.90 23.96 1 0.310589 1370.61 652.28 26.82 23.54 1 0.258815 1196.39 513.33 58.98 25.01 1
274,0.643507 1071.25 538.76 48.21 26.10 0 0.630596 1141.47 542.00 47.42 25.68 0 0.581883 891.32 522.52 48.12 22.80 0 0.554103 824.96 520.16 51.41 23.92 0 0.550258 1014.82 532.43 46.69 25.19 0 0.547597 1125.22 541.70 46.29 24.61 0 0.502245 1196.66 548.39 52.33 23.41 0 0.479146 763.42 514.55 48.26 23.72 0 0.438041 951.63 528.43 43.63 26.49 0 0.421768 520.24 491.43 46.46 21.78 0 0.408942 648.20 499.99 35.27 21.33 0 0.362987 654.16 499.60 37.07 23.14 0 0.286625 530.93 491.40 42.42 20.07 0
275,
276,0.644378 655.51 795.29 47.34 44.47 1 0.484497 1638.54 703.29 26.15 47.31 1 0.483882 1197.78 1036.21 53.39 34.62 0 0.479552 806.76 856.55 38.12 43.00 0 0.371121 1221.38 349.98 33.32 20.70 0 0.288815 1635.97 679.08 23.67 37.42 1
277,0.798384 1248.24 485.74 38.46 26.22 3 0.720738 1248.39 512.67 37.93 26.42 3 0.702804 822.53 726.99 81.51 119.12 0 0.665266 1240.27 778.40 52.23 31.86 3 0.657319 1230.56 1011.29 60.85 35.01 3 0.655952 1241.71 738.13 49.51 31.67 3 0.642415 1234.88 940.48 58.77 41.07 3 0.641546 1238.52 743.51 51.37 30.68 3 0.640590 1229.08 1032.52 61.98 35.53 3 0.605722 1230.47 891.23 50.77 32.71 3 0.590179 865.43 639.75 69.71 86.97 0 0.587368 1249.03 560.19 38.43 26.46 3 0.586083 952.52 459.57 49.36 63.32 0 0.584809 1230.41 844.76 53.72 33.72 3 0.576394 1227.99 916.46 55.85 32.27 3 0.565373 930.52 521.97 50.81 81.51 0 0.547999 975.68 425.31 38.44 23.91 3 0.512579 1237.22 815.99 54.69 35.06 3 0.499578 1236.96 803.44 54.35 36.32 3 0.490827 1002.33 394.83 29.29 20.68 3 0.438820 1076.66 182.27 31.45 40.31 0 0.435025 1247.59 542.42 38.84 25.44 3 0.431298 1234.01 985.62 63.30 37.47 3 0.391055 1018.45 311.83 40.76 30.17 0 0.388720 1004.47 377.19 29.86 20.06 3 0.386027 1079.36 174.54 30.64 41.47 0 0.367306 1092.67 138.66 30.12 28.39 0 0.308111 1171.53 7.04 22.51 24.57 0 0.285401 987.72 401.73 34.43 22.51 3 0.284532 1232.57 923.42 60.48 37.41 3 0.264932 1230.09 873.09 50.83 36.65 3 0.253750 898.20 969.83 35.26 71.32 3
278,0.554258 636.99 481.13 278.35 87.29 0 0.548072 0.00 430.25 188.78 103.35 0 0.323278 695.29 483.92 275.50 87.61 0 0.291987 956.24 474.13 249.72 94.34 1
279,0.763790 1269.01 318.43 40.95 26.27 3 0.738145 1000.71 542.57 118.86 58.09 0 0.709252 545.22 563.26 130.84 63.07 0 0.683553 844.71 487.98 124.47 58.23 0 0.678297 1266.38 276.34 41.01 27.70 3 0.677192 849.79 87.72 110.16 51.99 0 0.670713 870.19 950.76 108.21 55.67 0 0.659858 1026.52 744.28 112.87 54.14 0 0.652957 857.76 309.48 110.06 55.98 0 0.649313 996.18 484.75 111.70 57.57 0 0.645383 567.15 379.14 117.75 56.67 0 0.629287 857.05 611.10 116.73 61.42 0 0.629156 404.09 162.56 111.69 52.11 0 0.628611 540.56 760.07 121.69 59.31 0 0.628319 1268.77 348.53 44.15 29.15 3 0.625311 1033.61 672.37 107.30 51.38 0 0.623303 429.01 99.93 112.34 54.75 0 0.620833 555.95 207.76 108.18 57.34 0 0.614552 864.37 370.29 108.51 60.05 0 0.613824 877.84 1024.95 111.57 51.09 0 0.612620 853.46 149.19 109.62 53.61 0 0.605839 851.11 37.02 103.77 51.29 0 0.605580 991.83 137.64 106.15 52.19 0 0.598957 851.04 429.01 113.76 56.14 0 0.598027 569.52 43.26 106.77 54.82 0 0.597368 1006.77 364.55 119.76 60.04 0 0.595043 1243.12 14.26 44.01 31.99 3 0.593704 430.18 44.83 118.08 56.10 0 0.592641 559.93 267.83 109.47 54.45 0 0.589182 534.50 819.19 122.60 66.49 0 0.586346 1003.43 801.03 121.04 61.23 0 0.583865 852.26 680.55 112.87 61.66 0 0.582819 1024.77 424.33 93.65 52.40 0 0.577321 556.89 504.56 111.33 57.65 0 0.575895 1007.01 872.49 106.54 52.83 0 0.571004 39.81 994.65 120.89 58.36 0 0.570703 997.54 188.40 106.16 55.10 0 0.570649 1035.43 939.52 109.21 62.78 0 0.565344 853.28 253.88 112.46 51.92 0 0.563201 990.52 21.69 117.25 59.38 0 0.557818 534.27 628.81 132.64 58.64 0 0.556513 853.88 553.29 116.40 61.26 0 0.550959 1044.02 1010.53 107.26 57.79 0 0.547428 1242.44 0.00 41.06 22.16 3 0.546818 841.19 815.39 142.87 63.28 0 0.532317 530.25 963.86 120.15 59.26 0 0.529348 850.32 202.14 110.82 54.42 0 0.529277 844.18 746.58 132.51 63.17 0 0.528836 572.02 327.79 107.72 56.38 0 0.524981 997.68 604.35 116.21 56.10 0 0.518090 542.67 440.29 121.52 59.12 0 0.509971 559.85 153.01 107.77 56.27 0 0.501595 575.16 99.39 105.63 60.94 0 0.501502 546.76 894.33 111.82 60.53 0 0.488567 1264.33 248.56 39.29 25.23 3 0.441244 517.89 1037.51 135.96 42.49 0 0.404218 20.85 988.43 79.40 66.91 0 0.313446 1243.43 19.99 43.89 31.63 3 0.284946 1272.13 315.73 42.94 26.47 3 0.284536 1265.72 296.89 44.51 27.91 3 0.282630 427.51 41.98 108.16 49.19 0
280,0.860632 1014.57 444.09 39.28 65.87 1 0.680309 498.00 835.10 39.47 72.29 1 0.665555 957.86 681.47 30.41 56.83 0 0.663653 967.87 634.97 17.84 27.45 3 0.631709 836.07 782.48 26.13 16.13 3 0.625025 242.46 939.16 63.81 33.20 0 0.616070 649.64 934.93 67.01 35.80 0 0.554146 899.49 719.88 32.29 64.95 0 0.548372 805.45 886.43 54.03 63.89 0 0.546060 1005.34 80.72 21.47 36.25 0 0.542163 959.60 757.81 29.92 59.17 0 0.526868 550.61 722.90 47.68 42.07 0 0.526749 562.53 837.67 36.66 75.64 1 0.490591 891.25 622.32 29.86 49.20 1 0.467163 881.92 65.45 26.81 17.02 3 0.456228 834.93 764.31 27.14 20.81 3 0.413290 599.37 842.84 32.67 65.75 0 0.412224 599.01 841.17 33.88 64.68 1 0.400723 318.45 939.31 25.55 30.02 3 0.399032 1028.24 393.53 27.72 49.47 0 0.372741 1336.38 904.85 73.47 39.84 0 0.365962 1058.02 667.26 31.74 42.52 0 0.365795 1000.95 53.83 23.03 28.89 0 0.364789 892.16 185.93 20.04 13.50 3 0.330416 990.47 545.89 29.72 47.22 0 0.315627 832.69 833.68 24.53 16.28 3 0.312446 833.87 728.34 28.99 21.01 3 0.301605 834.64 813.25 23.51 19.17 3 0.292197 831.01 860.54 26.54 19.05 3 0.284317 655.87 930.73 72.66 35.99 0 0.278081 999.37 23.76 28.37 28.94 0 0.263941 879.65 13.23 30.48 18.33 3 0.259625 995.62 10.66 31.38 34.15 0
281,0.695833 1066.37 345.70 50.92 68.00 0 0.663801 293.30 22.70 27.27 43.99 0 0.632290 48.04 260.23 33.77 60.51 0 0.609974 293.12 257.00 29.81 59.01 0 0.605864 78.68 24.26 28.61 44.36 0 0.570736 299.04 674.32 35.61 42.51 0 0.562477 61.94 138.69 33.54 55.54 0 0.555491 300.32 588.38 39.08 70.13 0 0.530089 24.84 419.17 41.44 74.42 0 0.528307 292.13 133.14 26.49 44.11 0 0.520641 4.56 612.15 38.67 79.98 0 0.487145 509.89 408.80 12.24 23.39 2 0.485534 52.43 204.44 23.16 40.79 0 0.392431 294.67 581.05 41.04 72.00 0
282,0.698071 1101.29 427.89 26.04 54.12 0 0.689519 866.81 435.77 26.07 62.60 0 0.684168 764.59 359.82 24.41 53.40 0 0.665915 745.92 774.81 24.42 54.97 0 0.650819 1046.74 652.76 54.78 25.80 0 0.648368 696.86 365.26 25.06 55.81 0 0.648175 1056.31 548.31 25.07 56.91 0 0.644530 885.54 794.51 26.22 56.37 0 0.638060 260.70 169.07 28.33 54.41 0 0.621069 989.96 429.65 25.43 56.98 0 0.617603 1056.22 345.93 25.58 62.11 0 0.616021 163.51 487.27 31.26 55.32 0 0.615185 649.37 458.30 25.12 57.78 0 0.612809 841.44 32.92 42.43 55.82 0 0.602885 959.44 431.70 24.50 56.30 0 0.601009 796.46 362.71 24.22 55.33 0 0.600537 294.17 162.67 28.82 56.62 0 0.597089 987.29 348.71 24.61 60.32 0 0.592808 247.61 296.54 27.90 54.51 0 0.592804 166.67 172.76 28.09 59.37 0 0.591682 553.97 778.11 25.96 59.96 0 0.590730 594.33 788.34 24.24 50.30 0 0.578381 1023.97 545.25 27.17 56.34 0 0.571221 576.30 176.97 27.41 65.51 0 0.570040 832.04 437.94 25.88 59.97 0 0.566592 953.02 348.39 25.50 61.96 0 0.564967 796.79 442.90 25.34 58.18 0 0.563280 1021.31 349.33 25.62 56.88 0 0.555551 205.36 298.10 30.81 54.37 0 0.554573 631.10 785.40 23.97 49.20 0 0.551828 678.34 780.58 26.00 58.44 0 0.548680 891.18 352.84 26.27 59.28 0 0.542975 1063.97 427.59 26.14 57.36 0 0.541759 664.40 368.13 28.45 57.42 0 0.531027 927.86 795.16 24.09 57.47 0 0.531001 542.02 648.78 55.73 27.11 0 0.524137 834.75 554.27 55.02 26.04 0 0.520877 674.17 0.00 29.65 51.19 0 0.518112 1023.72 432.12 25.42 54.39 0 0.512757 991.67 549.24 22.97 51.98 0 0.506383 844.43 237.46 26.73 57.94 0 0.496296 684.74 61.35 43.83 56.14 0 0.494281 919.77 350.16 25.60 60.60 0 0.493585 828.85 358.43 27.38 60.73 0 0.485510 224.84 166.57 29.83 57.28 0 0.484140 855.52 774.11 24.22 56.33 0 0.482544 927.45 433.49 26.28 56.61 0 0.478950 93.29 497.03 31.33 57.27 0 0.478132 132.26 493.71 29.33 54.30 0 0.476649 388.37 282.83 29.03 57.20 0 0.473638 106.39 47.73 32.82 58.45 0 0.430770 832.92 0.00 40.82 22.94 0 0.420266 729.02 361.22 26.97 56.16 0 0.408766 901.90 560.41 51.76 22.51 0 0.406941 556.23 685.06 48.49 27.22 0 0.379031 563.98 722.01 52.91 25.97 0 0.376293 1062.46 691.72 59.27 27.84 0 0.364674 155.94 52.87 30.54 52.92 0 0.363055 494.56 259.37 30.55 55.67 1 0.301454 608.96 466.45 26.77 53.10 0 0.294533 188.07 487.04 29.45 51.03 0 0.291640 824.07 777.95 25.80 50.85 0 0.280621 573.75 722.16 51.06 25.49 0 0.257943 297.80 166.53 31.10 58.75 0
283,0.694595 797.09 379.87 239.19 79.45 0 0.667947 0.00 426.87 230.52 85.33 0 0.617734 1459.27 353.51 186.48 65.90 0 0.567117 511.22 400.26 233.91 75.53 0 0.404313 781.83 384.64 266.18 94.70 0 0.284330 0.00 434.90 186.50 88.26 0
284,0.692618 616.15 790.50 67.40 64.00 0 0.637739 645.08 658.86 60.71 57.06 0 0.621077 863.61 177.92 58.41 51.10 0 0.608015 718.68 445.53 59.18 55.87 0 0.606404 663.00 691.40 66.69 65.35 0 0.605181 913.77 995.45 65.82 67.32 0 0.603673 826.58 153.20 61.36 55.65 0 0.587914 558.30 737.02 60.77 57.80 0 0.586570 644.69 822.33 67.33 60.92 0 0.584298 950.69 725.30 62.83 58.61 0 0.580093 765.74 504.56 62.27 56.65 0 0.577807 806.01 1030.16 67.32 49.84 0 0.577523 881.14 957.18 67.44 66.43 0 0.574842 534.69 700.58 60.20 56.11 0 0.574161 741.38 790.25 64.60 64.35 0 0.566007 828.00 890.30 67.39 65.62 0 0.562045 798.24 865.48 65.21 58.40 0 0.559196 980.33 751.36 62.94 58.17 0 0.555911 909.25 95.47 56.15 46.08 0 0.552850 507.09 513.16 60.62 55.64 0 0.552844 661.43 868.64 64.66 59.34 0 0.541884 1117.23 737.05 65.77 52.89 0 0.536560 878.42 623.19 57.17 58.75 0 0.535165 452.64 451.63 64.38 53.39 0 0.533124 435.38 578.46 56.29 52.93 0 0.530964 535.82 545.31 68.41 59.74 0 0.528651 688.03 894.98 71.14 67.84 0 0.528248 457.30 607.07 60.60 56.59 0 0.519754 906.15 228.71 60.31 53.85 0 0.518562 693.91 413.05 59.03 57.04 0 0.517968 773.07 828.26 61.66 57.02 0 0.517484 1072.59 846.48 65.37 61.85 0 0.515507 690.40 725.99 66.41 63.56 0 0.512187 925.84 691.98 59.79 56.30 0 0.509280 740.07 471.75 63.63 56.38 0 0.503870 821.23 554.04 65.26 65.69 0 0.498819 1169.17 817.61 69.73 56.09 0 0.497740 479.15 480.16 65.73 52.59 0 0.496891 517.94 661.62 63.28 56.06 0 0.493673 616.76 629.16 62.64 58.09 0 0.492185 318.28 255.68 84.08 64.75 1 0.488177 412.61 540.41 66.97 54.66 0 0.485025 853.53 926.60 66.79 63.07 0 0.483763 939.68 1028.68 73.35 51.32 0 0.483736 1041.29 819.69 65.07 59.30 0 0.478645 585.88 589.96 70.35 61.53 0 0.475809 643.72 347.71 64.47 56.14 0 0.474654 588.88 768.22 67.95 60.69 0 0.473734 902.32 650.30 60.24 58.57 0 0.472586 668.00 383.07 61.88 51.80 0 0.469909 722.05 755.90 62.35 60.43 0 0.461881 493.70 630.32 62.18 58.18 0 0.458403 1015.55 781.29 63.11 57.42 0 0.456201 1095.28 885.28 69.74 60.08 0 0.452607 402.48 541.25 67.18 59.11 0 0.443780 528.38 702.96 60.89 61.62 0 0.431526 1142.11 782.71 66.10 55.05 0 0.430878 845.99 593.60 60.50 59.03 0 0.430545 774.37 996.31 72.07 62.75 0 0.428854 1041.09 810.08 66.25 53.85 0 0.420597 485.51 467.30 69.71 57.89 0 0.406915 615.12 780.40 65.33 62.12 0 0.397430 1160.25 823.01 72.38 62.30 0 0.390087 837.52 582.43 63.41 57.75 0 0.384427 595.31 760.03 63.80 54.74 0 0.373577 969.46 743.37 62.91 60.39 0 0.371403 749.22 784.14 67.97 57.03 0 0.366774 1343.46 432.75 70.54 41.20 0 0.365624 537.80 696.79 61.22 50.25 0 0.363488 630.68 644.38 60.33 59.72 0 0.360974 1140.01 792.98 68.60 54.55 0 0.359285 840.04 168.41 64.95 52.24 0 0.352126 420.30 557.91 63.75 55.85 0 0.348630 600.08 614.43 76.14 55.61 0 0.347069 1133.55 776.27 69.47 55.02 0 0.341898 506.69 668.58 61.32 62.73 0 0.339867 525.77 547.29 63.91 62.64 0 0.334684 799.97 857.26 66.80 57.60 0 0.332404 851.47 599.18 61.23 59.55 0 0.329790 760.19 495.10 61.67 52.98 0 0.322714 1340.45 458.84 76.16 39.82 0 0.319988 468.80 462.17 64.84 57.16 0 0.308991 1117.76 746.96 68.27 53.38 0 0.308284 921.59 222.15 55.90 51.03 0 0.306992 635.40 806.88 67.68 68.49 0 0.305082 327.07 247.48 84.00 48.15 1 0.304775 1076.59 862.40 62.17 57.53 0 0.302106 922.67 1010.05 71.34 63.79 0 0.288891 746.78 463.23 64.54 55.80 0 0.282612 679.11 709.35 65.95 69.53 0 0.279991 111.50 421.58 38.09 25.97 3 0.271206 653.39 669.60 59.35 64.32 0 0.270504 673.35 696.35 66.77 71.30 0 0.270450 1062.04 842.02 63.26 62.16 0 0.263668 625.83 789.39 66.82 59.29 0 0.259296 319.22 265.61 69.19 56.56 1 0.256586 702.19 421.61 57.10 60.91 0 0.255854 1134.07 786.74 63.53 55.45 0 0.254144 516.68 680.11 64.30 59.02 0 0.252835 439.78 579.01 62.40 58.49 0 0.251272 697.23 734.51 61.64 66.83 0 0.251214 738.58 775.88 62.06 60.51 0 0.251183 444.63 593.30 60.80 60.23 0
285,0.479865 812.25 609.52 26.95 31.02 0 0.443772 499.31 488.12 31.35 32.57 0 0.426854 164.64 557.35 90.22 47.09 0 0.423347 457.40 489.29 33.34 33.87 0 0.378748 860.95 593.37 37.60 47.60 0 0.347119 452.30 455.33 34.08 35.69 0 0.334722 779.24 598.68 33.90 34.28 0 0.328775 769.53 599.55 38.16 32.83 0 0.324633 526.12 459.85 26.60 30.37 0 0.313231 687.65 600.42 42.20 28.17 0 0.303268 989.06 616.79 42.85 38.11 0 0.277031 994.33 606.71 38.11 42.89 0 0.266974 384.98 412.06 35.10 25.94 0 0.263297 816.30 585.04 33.00 38.32 0 0.253610 505.15 465.57 31.20 29.88 0
286,0.484879 1815.79 791.74 51.47 51.42 3 0.432869 1830.51 988.04 85.41 89.64 0
287,0.642011 370.79 748.61 58.81 28.42 0 0.614946 535.98 728.80 62.75 29.58 0 0.558204 376.94 746.56 61.66 28.74 0 0.550981 295.77 753.70 62.36 28.74 0 0.522191 472.57 738.92 49.51 24.74 0 0.491949 927.54 711.32 51.18 28.76 0 0.444028 1424.80 449.79 47.71 24.04 0 0.432456 1632.10 385.70 50.47 27.03 0 0.386606 1353.93 473.68 50.57 32.61 0 0.385066 776.72 657.72 59.07 30.06 0 0.382595 1071.61 449.33 62.83 34.66 0 0.362655 719.04 557.70 31.69 31.88 0 0.352953 226.27 756.72 56.02 27.37 0 0.343203 792.20 538.76 34.82 31.85 0 0.323546 1344.56 474.14 47.94 35.86 0 0.294294 481.62 737.12 51.61 25.33 0 0.275364 747.34 552.67 33.45 31.56 0 0.274668 1335.68 466.71 44.96 35.10 0 0.273094 1350.97 476.57 48.33 34.77 0 0.270209 754.06 549.31 35.48 31.77 0
288,0.677815 1364.79 462.34 25.70 43.49 0 0.665303 879.49 618.92 28.62 53.44 0 0.664845 1411.28 879.35 32.66 52.70 0 0.631812 1420.30 466.28 26.13 44.94 0 0.628163 1824.91 642.17 31.39 54.46 0 0.627836 1313.06 883.49 34.89 64.54 0 0.625843 872.34 761.24 28.03 56.84 1 0.620382 1396.97 656.17 29.05 53.07 0 0.614476 1196.21 552.30 26.58 54.27 0 0.605510 1127.46 709.45 51.14 24.15 0 0.605109 1120.28 680.54 55.11 27.50 0 0.601620 1004.93 522.36 25.42 46.06 0 0.599891 1559.01 652.26 30.57 54.74 0 0.597787 1555.34 461.40 29.24 46.09 0 0.597323 1821.21 874.14 32.88 55.52 0 0.593791 1209.84 257.72 39.54 18.10 0 0.587968 1869.88 767.62 31.86 53.96 0 0.587701 1445.22 463.65 24.90 45.96 0 0.581719 1491.53 648.12 29.44 52.06 0 0.580843 1525.14 651.10 30.04 53.89 0 0.576541 1805.05 453.60 29.31 47.56 0 0.567647 1433.81 657.59 28.95 53.69 0 0.567099 1515.86 887.46 31.99 48.78 0 0.556617 1336.57 657.83 28.88 51.00 0 0.552751 1450.25 875.52 34.11 60.01 0 0.551048 1365.72 660.16 30.70 51.02 0 0.531909 1691.21 877.02 32.66 57.69 0 0.531374 991.84 51.77 16.04 34.71 0 0.523725 1589.65 458.72 28.45 51.23 0 0.522547 1361.33 574.15 27.40 45.33 0 0.520332 1658.75 877.75 31.24 60.47 0 0.519411 1851.14 873.64 33.19 54.78 0 0.517153 1080.16 295.80 45.15 21.14 0 0.515260 1622.86 878.31 34.26 61.99 0 0.510595 1725.80 875.28 31.22 59.83 0 0.508359 1863.76 446.81 31.74 49.53 0 0.504407 1087.79 295.79 46.35 22.82 0 0.496686 838.47 793.92 18.99 37.22 3 0.494077 1837.65 769.08 30.14 51.29 0 0.493259 1588.33 1035.95 38.08 42.04 0 0.478780 1095.06 330.53 44.49 23.54 0 0.474850 1870.49 1026.76 31.99 53.24 0 0.474630 1653.81 774.46 32.23 53.39 0 0.467835 1619.34 776.29 34.98 55.01 0 0.467047 1304.94 468.55 28.59 46.15 0 0.465463 1084.06 277.69 42.78 19.36 0 0.444535 1388.99 574.51 28.35 45.83 0 0.443690 1673.85 649.53 34.31 54.36 0 0.433132 1070.59 111.43 41.51 18.33 0 0.432875 1788.94 874.37 28.07 56.19 0 0.431198 1560.27 890.08 31.75 51.77 0 0.426319 1069.56 127.65 43.02 20.71 0 0.425173 1891.27 446.56 26.88 50.22 0 0.424474 1767.77 1030.49 39.54 48.81 0 0.422839 1627.18 779.08 33.94 56.77 0 0.421635 1082.44 257.36 37.79 18.16 0 0.420058 1076.79 42.34 30.62 16.71 0 0.417712 1897.80 767.76 22.20 52.55 0 0.415569 1797.85 769.68 34.52 48.85 0 0.400892 1873.74 639.42 31.77 51.11 0 0.400490 1081.49 274.36 42.51 19.69 0 0.391969 1253.13 471.35 24.71 48.09 0 0.386921 1892.89 1023.73 27.11 53.28 0 0.385215 1882.73 871.61 34.83 59.50 0 0.366521 839.79 713.76 25.94 66.16 0 0.364908 1633.89 564.81 28.25 46.67 0 0.364026 862.37 66.81 24.16 45.57 0 0.357743 1328.18 655.23 27.87 44.84 0 0.348330 1521.34 888.43 31.52 49.00 0 0.332418 1834.19 450.34 31.48 50.68 0 0.320081 1695.83 1041.90 38.28 38.10 0 0.316582 1860.71 873.36 41.80 57.11 0 0.309564 1882.32 642.94 31.92 50.31 0 0.306825 1142.49 770.87 48.58 24.37 0 0.304193 1829.33 449.41 30.28 47.34 0 0.296671 833.54 634.79 32.39 66.80 0 0.291202 1779.78 877.51 28.57 53.52 0 0.290666 994.54 126.48 20.00 36.63 0 0.290362 859.07 58.06 26.35 52.77 1 0.284642 839.23 712.84 27.37 66.33 1 0.280272 1401.56 657.47 30.27 56.12 0 0.279971 1854.20 876.11 37.71 54.88 0 0.279682 1095.05 348.57 45.08 20.79 0 0.279220 1000.36 218.20 21.67 38.18 0 0.276672 1683.77 877.34 34.94 58.72 0 0.275120 1092.35 361.86 47.10 23.76 0 0.263821 1801.16 643.27 29.99 58.21 0 0.256053 1594.10 462.62 29.61 51.04 0
289,0.396975 1226.32 521.60 60.52 28.02 1 0.328550 1400.80 658.56 22.23 23.89 1
290,0.485394 1021.55 927.97 42.12 19.94 1 0.399512 1132.57 157.02 27.68 21.70 0 0.362248 1112.41 112.32 18.73 27.83 0 0.288721 1144.51 158.22 27.65 21.31 0 0.272154 798.05 516.46 24.11 24.86 0
291,0.673006 846.74 656.72 54.46 38.70 0 0.643941 864.84 629.48 54.82 37.98 0 0.621826 475.18 821.83 54.31 41.47 0 0.619109 743.22 839.59 57.55 40.04 0 0.611471 791.99 748.47 58.36 40.06 0 0.606261 654.58 675.31 56.81 37.66 0 0.604110 630.45 553.89 54.72 36.91 0 0.600580 617.74 587.49 57.90 38.86 0 0.599446 683.56 934.18 57.57 40.97 0 0.598364 691.55 582.73 55.02 37.58 0 0.588817 577.03 632.27 54.50 39.36 0 0.581770 611.59 730.77 57.41 40.35 0 0.581615 419.14 914.14 57.10 43.04 0 0.578064 505.50 920.53 56.58 40.78 0 0.576815 716.38 557.13 50.62 37.15 0 0.566019 669.19 964.84 57.78 38.55 0 0.564287 1103.60 671.62 61.91 40.70 0 0.564225 656.04 996.41 58.12 41.11 0 0.564008 401.94 947.22 59.72 48.32 0 0.560647 636.25 702.95 57.25 37.52 0 0.559571 600.80 607.67 52.22 39.35 0 0.556111 1092.04 705.06 58.36 38.52 0 0.555231 806.00 719.38 59.74 41.61 0 0.552914 539.21 854.63 55.77 39.73 0 0.549875 827.55 688.28 54.33 36.52 0 0.546790 473.22 988.45 61.49 41.19 0 0.544791 743.98 491.73 53.22 37.07 0 0.543622 555.17 666.49 54.73 38.65 0 0.539794 1359.34 49.96 55.41 40.25 0 0.537845 531.46 733.13 54.47 37.95 0 0.536774 360.21 1009.63 58.98 47.79 0 0.535832 522.92 887.63 59.88 42.60 0 0.527818 1232.70 0.00 52.82 26.33 0 0.527519 487.52 788.31 54.56 39.79 0 0.527425 563.13 827.79 63.52 41.23 0 0.524226 763.36 811.09 60.98 42.55 0 0.521193 668.78 645.33 61.68 40.74 0 0.519320 661.54 491.44 54.93 38.00 0 0.517287 726.15 873.40 55.69 39.59 0 0.514516 1064.06 764.87 58.57 40.31 0 0.509039 1184.69 713.09 52.67 35.10 0 0.506034 637.29 1032.61 60.97 46.34 0 0.503228 495.05 944.10 59.42 40.82 0 0.502119 881.38 600.82 57.82 39.86 0 0.490632 582.22 799.21 57.03 37.50 0 0.485767 546.17 857.82 56.85 39.55 0 0.484170 742.12 528.49 55.14 37.78 0 0.481314 1191.47 718.31 52.90 36.32 0 0.478347 454.74 1019.74 60.43 39.85 0 0.475453 545.67 702.41 55.40 39.04 0 0.467647 428.98 78.67 51.31 52.92 0 0.466334 1294.46 19.11 60.97 44.12 0 0.462775 621.57 545.18 59.89 35.55 0 0.457376 512.55 759.90 57.91 39.31 0 0.453494 1098.64 665.20 62.32 38.21 0 0.449295 645.12 521.04 55.39 35.59 0 0.444327 652.61 511.51 56.22 40.33 0 0.443403 707.89 901.75 58.99 38.81 0 0.442820 490.47 953.98 59.37 37.94 0 0.421429 253.57 969.99 32.13 19.19 3 0.420370 1235.06 0.00 54.58 33.00 0 0.415704 541.23 697.99 55.36 37.42 0 0.414065 619.45 1051.33 58.73 28.67 0 0.404338 469.52 806.18 59.81 38.03 0 0.389990 595.45 614.61 59.10 38.82 0 0.389296 501.17 925.92 60.85 42.36 0 0.387583 341.17 832.17 23.32 16.11 3 0.385987 600.03 768.90 53.93 37.47 0 0.380007 734.53 523.01 53.70 35.13 0 0.362959 673.94 946.73 59.90 39.39 0 0.362390 853.70 324.89 62.16 43.48 1 0.360676 689.03 929.11 59.35 39.47 0 0.354320 627.84 1043.39 64.05 36.61 0 0.347950 704.47 907.65 59.54 38.52 0 0.345754 723.75 866.16 56.16 40.17 0 0.336192 743.55 500.23 55.78 37.34 0 0.332182 660.84 986.14 61.23 46.67 0 0.328825 237.66 995.69 33.13 17.61 3 0.327553 853.41 649.99 55.61 43.90 0 0.323693 591.58 760.65 51.49 35.77 0 0.317346 431.50 1049.77 58.23 30.23 0 0.310326 640.42 705.51 56.73 42.39 0 0.309608 527.53 739.79 58.14 44.02 0 0.297524 717.79 548.82 49.56 33.54 0 0.296341 757.20 819.15 62.31 43.54 0 0.294471 579.28 796.78 54.98 33.99 0 0.286808 695.31 587.00 56.27 42.12 0 0.286132 539.87 713.23 60.39 39.87 0 0.278217 799.25 744.71 61.06 43.59 0 0.277622 558.28 836.61 62.25 49.53 0 0.277578 441.98 1038.01 60.04 41.70 0 0.277159 493.27 783.87 53.16 38.43 0 0.269085 1091.17 710.65 57.23 42.22 0 0.269047 834.11 668.40 59.34 44.04 0 0.263598 557.39 830.67 58.27 39.74 0 0.256079 463.02 985.51 58.09 40.33 0 0.254846 514.18 906.15 60.99 46.39 0
292,0.664511 1819.07 821.63 65.11 32.41 0 0.657255 445.26 681.54 46.58 24.16 0 0.656856 671.38 774.31 58.84 26.49 0 0.641945 912.45 731.17 53.27 25.72 0 0.605637 1564.29 206.08 48.39 24.95 0 0.605597 1720.29 126.09 44.82 22.90 0 0.605273 211.58 658.77 54.07 24.67 0 0.599725 1844.42 152.68 48.87 24.35 0 0.559560 1695.46 35.57 43.56 20.20 0 0.549174 1746.32 814.11 59.41 32.47 0 0.544770 1751.14 232.63 42.10 23.39 0 0.528505 1855.50 186.99 48.88 25.00 0 0.517750 1738.52 177.04 44.94 22.99 0 0.517562 1819.48 61.61 39.66 20.26 0 0.492658 1748.70 208.74 40.29 21.80 0 0.492082 1894.70 823.07 25.30 34.17 0 0.484808 1759.06 253.01 43.32 22.04 0 0.483599 1823.73 81.60 41.73 21.41 0 0.479570 1688.66 16.57 42.44 23.10 0 0.477768 1851.06 11.62 42.42 23.51 0 0.472237 1514.56 260.46 46.84 21.45 0 0.467432 1718.00 105.14 43.72 22.53 0 0.461014 1578.80 264.68 47.63 25.16 0 0.447733 1715.58 87.65 41.68 21.71 0 0.443305 1834.05 111.57 40.83 19.84 0 0.440530 1686.23 10.42 42.02 21.01 0 0.428857 1840.99 128.45 43.87 22.68 0 0.425594 1875.50 220.63 43.40 24.76 0 0.421915 1712.99 346.47 66.71 30.28 1 0.418939 1846.22 157.69 50.49 24.45 0 0.416358 1874.41 68.67 36.54 18.98 0 0.407606 1849.93 13.94 45.35 26.58 0 0.407280 1710.04 60.17 40.33 21.45 0 0.403151 1577.08 251.68 47.37 24.03 0 0.388694 1789.88 5.18 45.23 22.94 0 0.385005 1735.33 161.85 43.71 22.48 0 0.381255 1895.22 280.02 24.78 24.60 0 0.377528 1622.11 0.00 46.28 18.70 0 0.374542 1852.62 181.95 48.79 26.80 0 0.364909 1803.40 31.32 40.25 21.29 0 0.361265 1706.55 54.12 41.17 22.20 0 0.358894 1897.91 130.72 21.30 20.28 0 0.353465 1851.05 129.51 40.50 20.77 0 0.320688 1682.54 0.00 40.47 17.36 0 0.316996 1827.48 86.79 42.67 20.90 0 0.313850 1710.88 79.35 39.43 21.31 0 0.308865 1727.28 129.65 42.90 23.58 0 0.303656 1732.16 159.48 39.63 20.33 0 0.301969 1885.47 257.02 34.53 22.26 0 0.298919 1733.61 172.04 44.76 23.50 0 0.290266 1579.52 259.54 50.03 27.19 0 0.284384 1888.71 101.63 29.52 22.15 0 0.275452 1730.30 351.65 52.38 26.64 1 0.270672 1688.48 0.00 43.69 17.08 0 0.261204 1787.98 0.00 47.14 16.59 0
293,0.431905 1151.76 544.58 21.83 12.79 0 0.276075 1102.11 549.77 22.14 12.28 0 0.266957 1322.00 401.13 19.14 13.85 0
294,0.599023 1012.26 619.72 31.17 58.35 0 0.506908 1010.36 694.27 31.92 55.59 0 0.427477 1010.95 785.37 37.16 63.51 0 0.353231 1007.83 702.08 32.90 68.34 0 0.340547 860.94 5.82 24.18 24.68 0 0.339388 1005.52 714.02 32.57 64.85 0 0.338413 873.26 52.75 19.52 23.31 0 0.330335 878.89 1001.33 29.81 56.05 0 0.302281 880.82 998.36 28.54 54.66 3 0.295050 1015.08 773.35 34.15 64.62 0 0.294802 1005.74 855.04 41.93 78.65 0
295,0.539722 462.04 827.63 41.47 43.59 0 0.509780 452.30 838.72 48.79 58.58 0 0.412343 1760.01 616.77 49.84 33.30 0 0.313793 1481.43 608.42 41.89 28.09 0 0.293229 1471.46 585.06 38.27 28.79 0 0.286866 550.52 704.65 36.11 31.69 0 0.274002 1884.59 790.20 35.32 43.22 0 0.264792 1794.45 749.44 53.91 43.10 0 0.253475 1784.75 745.97 55.43 41.56 0
296,0.615402 991.22 511.88 57.22 27.58 0 0.594146 1487.96 582.10 45.76 28.16 0 0.514566 1731.02 610.02 57.49 33.93 0 0.463151 167.43 402.87 52.75 27.54 0 0.452229 152.31 399.65 53.05 29.75 0 0.447305 70.65 386.77 55.13 31.64 0 0.406737 3.94 381.06 60.05 34.52 0 0.340802 249.54 411.90 60.24 29.75 0 0.297169 98.78 389.82 45.53 31.38 0
297,0.516687 976.06 613.52 33.13 57.27 0 0.432515 970.31 484.75 31.48 54.99 0 0.411295 942.04 330.38 30.46 45.06 0 0.355451 952.80 382.81 27.57 46.84 0
298,0.831666 31.86 317.15 162.92 81.86 1 0.698252 1297.31 980.76 66.48 50.03 3 0.690340 1513.60 354.03 138.47 56.77 0 0.654721 1249.26 809.29 63.84 35.62 3 0.636850 1562.42 531.79 157.97 66.82 0 0.630027 1245.29 70.98 46.57 58.27 0 0.623204 1250.74 775.75 62.34 34.82 3 0.615287 757.84 3.34 42.20 82.32 0 0.602394 1250.23 816.18 63.23 34.81 3 0.579108 1701.30 357.61 126.36 59.99 0 0.578360 1233.63 720.93 53.77 33.59 3 0.574468 1291.75 962.37 69.57 48.25 3 0.565173 1293.13 941.11 69.89 44.77 3 0.565142 947.84 431.98 51.92 29.03 3 0.555701 1005.17 7.92 38.56 38.37 1 0.542194 1854.19 356.45 65.81 52.50 0 0.516819 1340.07 346.47 160.64 64.97 0 0.506204 528.87 539.84 49.97 33.19 3 0.499410 1218.67 683.93 56.26 33.58 3 0.495338 1295.63 935.18 69.45 42.90 3 0.471482 38.44 299.56 204.68 95.88 1 0.453968 1300.02 416.22 41.47 26.91 3 0.419729 100.53 87.91 39.84 23.75 3 0.411836 947.51 426.82 48.62 30.59 3 0.398131 1008.57 103.47 38.90 21.72 0 0.394240 1008.25 122.76 39.14 35.46 0 0.386471 731.73 108.54 51.55 54.89 0 0.382297 1292.97 957.09 67.16 42.76 3 0.357083 754.95 31.12 48.98 76.81 0 0.335493 736.76 114.73 59.07 49.23 0 0.307812 1236.45 710.07 55.61 36.45 3 0.307774 1249.91 800.84 61.24 37.27 3 0.296629 1008.10 145.28 40.22 37.29 0 0.279732 1291.14 415.29 44.20 24.66 3 0.260982 1004.80 12.95 39.93 45.51 1
299,0.659093 1033.45 410.23 20.64 37.59 0 0.649201 1112.51 504.55 21.07 42.50 0 0.648609 1447.31 125.65 24.51 40.20 0 0.646352 1704.71 117.05 26.91 39.78 0 0.637580 1072.07 444.25 24.07 48.31 0 0.631658 1370.56 85.39 21.56 35.69 0 0.602742 1421.43 270.15 23.39 35.15 0 0.600133 1170.15 154.48 37.46 18.47 0 0.597847 1375.89 829.84 55.00 31.48 0 0.595745 1674.65 254.38 25.62 38.99 0 0.591349 1580.51 264.60 25.37 41.55 0 0.588072 1285.87 439.07 47.40 21.23 0 0.584832 1217.37 83.45 24.09 38.72 0 0.566225 1411.77 11.50 21.61 37.41 0 0.565985 1358.44 702.18 49.07 23.71 0 0.565806 1744.47 196.70 25.86 36.12 0 0.565682 1812.03 245.23 35.49 44.39 0 0.560320 1603.43 262.19 24.52 39.44 0 0.549973 1629.98 260.70 24.76 40.25 0 0.549719 1724.58 254.00 27.47 41.21 0 0.547673 1390.90 15.81 21.01 33.83 0 0.546081 1097.69 673.53 26.87 49.52 0 0.531880 1552.01 265.32 26.84 43.17 0 0.531196 1355.97 879.68 46.14 37.92 0 0.530699 1539.82 359.25 23.74 44.59 0 0.514663 1696.63 0.00 27.50 33.64 0 0.510607 1699.98 256.20 27.43 40.51 0 0.508887 1348.56 16.20 19.59 30.44 0 0.507884 1063.57 60.71 21.05 39.38 0 0.498962 942.94 138.40 19.86 38.19 0 0.496997 1327.43 137.14 23.36 37.45 0 0.471944 1396.24 271.84 23.50 35.31 0 0.469593 1376.52 138.44 23.46 40.18 0 0.465266 1679.27 256.79 24.47 40.50 0 0.462632 1470.85 266.29 26.08 36.59 0 0.457020 1748.08 253.44 28.15 42.33 0 0.445496 1343.01 673.56 55.50 26.14 0 0.444240 1318.81 94.80 21.03 35.03 0 0.441026 1564.53 73.30 25.05 36.33 0 0.440775 1685.81 117.65 24.06 41.97 0 0.440397 1318.51 275.80 24.92 42.25 0 0.439524 1662.06 121.24 23.84 39.52 0 0.438069 1495.53 6.91 22.50 34.79 0 0.437402 1558.12 208.09 26.38 34.88 0 0.432828 1748.11 116.76 27.35 38.23 0 0.430120 1576.49 205.47 26.08 38.98 0 0.429471 1282.82 411.37 50.47 24.53 0 0.428099 1396.36 370.02 29.61 40.30 0 0.421867 1588.31 123.62 29.84 36.09 0 0.418113 1501.37 128.42 25.62 40.88 0 0.415097 1293.16 482.68 42.02 23.75 0 0.413248 1767.00 194.96 24.75 34.36 0 0.409974 1302.02 22.77 22.59 33.35 0 0.407911 1400.32 129.38 23.20 39.24 0 0.398422 980.62 450.11 27.29 57.24 0 0.392987 1723.58 0.00 28.20 31.13 0 0.373453 1293.75 510.59 35.60 20.41 0 0.372965 1808.00 246.92 32.86 45.01 0 0.362707 1172.68 171.73 37.85 22.20 0 0.345478 1351.34 136.85 20.04 37.56 0 0.339188 1494.05 127.41 24.79 41.82 0 0.319205 1769.17 251.80 28.85 43.90 0 0.318274 1524.40 3.50 26.15 41.71 0 0.315213 1353.29 140.55 21.27 37.71 0 0.302865 1474.17 125.77 22.67 41.57 0 0.297102 1345.12 84.66 18.99 36.52 0 0.288550 1369.56 889.10 45.05 39.86 0 0.273444 1172.91 455.27 21.91 48.34 0 0.262956 1501.84 267.98 25.38 42.88 0 0.252493 1346.40 703.22 47.35 24.52 0 0.252072 974.39 192.18 24.11 43.69 1
300,
301,0.656363 1000.25 534.51 31.08 58.69 0 0.655998 805.16 367.80 31.52 61.86 0 0.614099 996.71 882.15 31.28 65.57 0 0.611468 410.77 954.78 32.19 66.28 0 0.608072 649.47 489.60 72.64 180.69 1 0.605808 1147.72 543.45 29.62 57.72 0 0.598080 965.26 531.88 31.68 64.07 0 0.595117 712.21 380.78 29.35 56.11 0 0.575221 264.68 950.15 35.95 64.82 0 0.572643 28.06 923.11 29.83 41.02 0 0.567140 746.59 377.17 26.42 50.53 0 0.566730 810.16 314.60 27.58 53.24 0 0.533472 1153.82 793.23 60.01 31.08 0 0.524445 561.66 847.50 67.58 28.11 0 0.523563 74.87 739.24 56.13 28.89 0 0.513587 1176.85 543.00 31.34 61.39 0 0.503209 646.30 848.54 57.90 26.69 0 0.500346 965.08 881.46 30.78 65.82 0 0.500086 260.89 829.92 55.72 28.23 0 0.497078 416.95 832.48 69.58 32.82 0 0.457175 713.79 310.49 27.22 53.92 0 0.454581 1086.25 548.96 30.25 55.32 0 0.445673 747.70 365.36 27.59 46.16 0 0.441891 247.97 709.14 68.73 25.55 0 0.411707 500.69 842.05 50.63 28.27 0 0.409116 712.29 321.97 27.45 52.26 0 0.395159 270.59 830.59 54.49 26.84 0 0.388419 75.48 711.88 52.16 25.98 0 0.371014 1028.30 883.08 31.08 63.38 0 0.368611 180.78 825.98 57.22 28.88 0 0.364942 1271.96 542.68 68.80 31.94 1 0.362882 776.19 315.14 28.10 50.47 0 0.360100 95.04 824.35 59.32 31.35 0 0.347746 745.27 324.26 26.66 44.77 0 0.342155 99.01 822.67 65.11 28.59 0 0.340801 599.69 479.26 55.98 29.54 0 0.333508 19.13 737.98 37.27 25.13 0 0.313954 58.76 919.14 29.21 46.53 0 0.302224 508.90 844.58 48.61 25.24 0 0.296424 647.27 511.71 62.82 152.29 1 0.290648 714.26 363.41 30.20 65.09 0 0.289842 600.70 47.18 38.35 88.64 1 0.279305 112.91 823.34 63.47 27.08 0 0.278472 6.68 826.51 44.32 30.47 0 0.266807 842.37 527.59 26.62 51.04 0 0.260338 484.83 933.85 32.13 47.26 0 0.258811 272.20 952.72 35.75 60.44 0
302,0.689239 837.52 533.28 61.54 31.61 0 0.643526 1051.39 217.32 31.62 51.09 0 0.621786 516.77 485.87 28.95 59.29 0 0.617949 260.34 241.22 30.57 55.33 0 0.608497 1245.41 231.23 29.65 55.99 0 0.578923 594.44 488.74 28.36 52.89 0 0.568155 43.43 680.29 47.22 32.31 0 0.559318 109.07 503.25 35.15 62.28 0 0.553575 1129.32 91.83 26.71 45.52 0 0.552704 1269.19 334.88 64.21 32.32 0 0.539686 1304.96 224.70 26.90 53.23 0 0.539450 134.58 651.64 66.67 28.50 0 0.502244 1036.79 154.25 23.07 39.44 0 0.479226 1091.61 232.12 29.26 50.19 0 0.466992 1276.95 227.51 26.69 54.43 0 0.462742 466.25 490.97 34.50 59.94 0 0.459622 629.62 489.26 29.56 52.65 0 0.441196 1098.71 94.79 23.20 41.79 0 0.427100 1530.49 57.55 28.33 52.00 1 0.420785 1532.45 60.64 27.54 47.20 0 0.418199 932.18 82.49 46.64 24.98 0 0.415324 213.93 489.68 23.87 27.64 3 0.398776 1048.00 55.99 46.91 18.48 0 0.386513 867.18 81.03 49.10 21.29 0 0.369735 1580.35 262.20 62.99 30.76 0 0.356563 995.49 92.14 29.21 45.97 0 0.346694 616.78 11.01 64.23 28.13 0 0.346375 618.99 0.00 70.18 22.96 1 0.344712 306.01 8.17 36.66 47.51 0 0.340282 1149.41 243.62 35.74 44.84 0 0.332134 1058.48 57.46 45.31 17.16 0 0.258677 953.87 112.42 35.68 24.32 0
303,0.793536 552.66 598.16 61.96 56.18 1 0.536334 123.51 663.65 22.51 25.72 0 0.532463 142.86 664.44 24.06 23.08 0 0.490608 671.45 590.18 22.78 18.82 0 0.464916 91.05 657.99 24.31 21.43 0 0.450717 622.87 589.45 26.23 22.52 0 0.438584 264.14 707.15 24.50 21.86 0 0.400890 722.11 637.69 23.34 22.50 0 0.378207 638.07 589.25 26.78 19.47 0 0.351383 315.87 640.72 24.77 17.51 0 0.344714 79.85 654.46 25.52 23.72 0 0.268884 550.88 593.75 55.19 52.91 1
304,0.713942 920.01 381.84 27.17 60.68 1 0.657299 1172.41 553.35 55.34 33.41 1 0.446475 917.22 151.67 21.62 43.58 1 0.317792 901.09 0.00 28.24 20.61 0 0.313182 455.38 988.67 28.35 30.24 0 0.274535 642.24 1001.66 32.22 17.95 0
305,0.692295 553.46 699.00 34.35 57.37 0 0.662102 626.81 166.75 24.41 43.53 0 0.598063 522.29 683.06 29.00 55.75 0 0.571397 647.69 36.62 23.51 38.53 0 0.520280 574.32 427.23 30.67 53.15 0 0.445856 768.21 901.84 36.86 22.25 0 0.275282 767.32 945.93 38.40 21.71 0 0.275188 767.55 926.33 38.87 20.19 0
306,0.685755 24.76 70.05 19.41 36.95 0 0.673482 284.55 229.36 22.34 39.13 0 0.620378 27.98 0.00 20.70 33.94 0 0.599470 270.31 184.39 21.84 37.59 0 0.579499 1.51 70.11 19.93 38.05 0 0.573157 75.88 0.00 19.77 31.91 0 0.570804 138.61 71.08 20.68 37.07 0 0.554767 219.73 184.18 25.15 41.76 0 0.536837 846.04 54.99 21.26 40.95 0 0.518870 3.00 0.00 19.63 37.24 0 0.512099 165.83 0.00 18.46 33.50 0 0.510071 123.46 0.00 19.08 33.59 0 0.502770 844.69 102.44 22.72 44.31 0 0.501070 43.02 70.54 20.76 36.62 0 0.496037 91.81 72.32 19.68 34.87 0 0.495453 66.84 71.61 20.59 36.24 0 0.486906 114.18 72.09 20.48 36.33 0 0.477433 98.28 0.00 19.42 32.17 0 0.472480 52.94 0.00 20.49 32.94 0 0.470654 843.20 135.61 23.06 43.54 0 0.464838 294.09 182.64 23.15 40.13 0 0.461717 189.58 0.00 19.93 35.48 0 0.433009 842.76 122.63 23.36 49.83 0 0.428506 234.94 0.00 21.79 33.56 0 0.426226 188.18 68.15 19.49 37.40 0 0.390812 844.65 63.24 20.29 39.31 0 0.358762 210.17 0.00 21.11 37.68 0 0.354990 822.76 699.10 25.63 54.23 0 0.349546 209.20 68.17 21.11 36.90 0 0.343688 295.90 70.53 18.32 32.85 0 0.341040 271.23 69.44 17.56 33.19 0 0.335256 141.55 0.00 18.66 32.90 0 0.333304 343.00 0.00 22.04 22.04 0 0.314501 320.94 0.00 19.81 27.89 0 0.296894 237.02 68.86 19.16 34.44 0 0.281066 175.97 68.81 20.97 37.07 0 0.270411 272.88 0.00 20.00 28.06 0
307,0.713422 710.90 494.73 53.59 31.03 1 0.393160 798.79 494.07 20.18 17.80 0 0.339214 820.15 494.99 20.39 17.16 0 0.307926 887.91 596.12 24.48 23.74 1
308,0.816072 1249.82 335.64 35.13 92.80 1 0.719671 985.09 339.10 26.08 56.57 0 0.694531 1796.75 644.23 33.32 61.64 0 0.689646 582.03 174.50 13.47 26.40 3 0.682559 812.37 268.15 27.98 56.18 0 0.676348 1077.72 732.99 29.48 58.46 0 0.673548 450.45 287.69 31.88 65.61 0 0.663962 620.75 359.12 28.38 59.39 0 0.659779 1027.24 505.75 27.96 58.91 0 0.658737 1050.83 336.19 28.60 60.70 0 0.655988 1793.79 565.51 34.44 63.65 0 0.652949 719.37 361.42 26.37 56.43 0 0.646961 978.72 741.89 30.04 61.91 0 0.646455 455.50 369.47 31.60 64.06 0 0.645718 763.31 509.49 29.70 61.91 0 0.645681 885.14 346.88 29.18 63.70 0 0.643569 879.19 274.26 27.18 57.53 0 0.633955 503.64 599.94 28.14 59.44 0 0.620288 534.00 526.56 28.17 56.78 0 0.618446 523.04 363.89 31.05 63.69 0 0.615904 821.03 356.06 27.88 57.66 0 0.615524 913.01 276.45 24.08 55.00 0 0.609985 550.23 286.98 28.21 59.88 0 0.608111 861.55 505.62 28.27 61.05 0 0.591295 558.16 363.13 27.99 60.86 0 0.591168 979.44 264.12 24.36 55.62 0 0.590034 963.41 505.64 27.25 58.83 0 0.588373 1081.94 818.93 27.83 59.43 0 0.584438 1012.02 264.77 24.39 59.02 0 0.584407 649.92 276.20 28.56 59.06 0 0.583922 663.67 512.05 30.53 61.05 0 0.583493 654.67 356.86 27.53 58.80 0 0.582618 798.58 512.43 27.73 61.34 0 0.578486 846.17 267.70 27.93 59.18 0 0.576038 1790.22 332.01 34.56 62.97 0 0.568848 1664.09 55.90 53.67 27.29 0 0.568641 501.97 526.38 28.44 57.42 0 0.568435 566.27 526.53 29.08 58.32 0 0.567263 715.90 281.73 29.24 57.18 0 0.561506 893.74 506.22 27.49 60.85 0 0.555820 518.10 287.74 27.92 63.35 0 0.553605 1800.77 730.43 34.81 72.75 0 0.551164 687.68 358.63 28.97 58.48 0 0.543701 928.40 504.56 26.33 58.64 0 0.536822 995.70 505.79 29.23 59.91 0 0.534085 601.05 522.25 29.64 55.53 0 0.532290 469.29 526.51 28.75 59.52 0 0.529555 785.24 347.90 26.80 60.14 0 0.512415 730.64 511.89 30.15 57.90 0 0.498220 588.76 361.64 28.49 60.49 0 0.483023 1019.70 337.64 28.29 63.88 0 0.482953 748.20 282.76 26.37 53.50 0 0.482789 1793.24 487.40 33.13 67.34 0 0.479271 697.37 516.31 29.06 58.31 0 0.471014 541.96 606.90 28.05 56.53 0 0.459296 944.51 265.35 27.24 55.66 0 0.453196 780.02 280.10 27.92 57.05 0 0.451149 683.84 280.33 27.56 53.14 0 0.444393 600.56 173.09 14.79 28.70 3 0.428892 1663.38 0.00 58.31 21.02 0 0.424823 630.36 174.65 14.88 26.54 3 0.414872 489.04 366.56 28.73 63.20 0 0.412672 1784.80 37.81 28.05 38.21 0 0.409020 632.73 516.41 29.04 58.97 0 0.406249 468.78 599.63 29.37 62.18 0 0.385515 752.15 356.81 28.31 58.85 0 0.383414 755.73 360.08 27.99 60.43 0 0.381484 853.37 351.43 28.78 61.77 0 0.379410 1786.11 167.21 35.37 69.64 0 0.369930 949.63 340.44 26.10 58.66 0 0.338512 755.12 349.40 28.76 58.62 0 0.336243 1812.76 335.03 29.32 52.98 0 0.309125 1782.37 169.76 32.43 69.94 0 0.302498 439.61 181.06 14.92 24.26 3 0.301862 1041.99 732.64 27.39 55.15 0 0.296901 631.06 919.18 25.19 45.24 0 0.294687 961.76 499.58 26.30 57.84 0 0.276901 895.08 499.54 27.77 58.28 0 0.276430 1655.74 0.00 56.75 18.97 0 0.271973 602.65 930.94 25.41 38.83 0 0.269145 788.44 355.64 26.83 61.63 0 0.266245 1659.28 20.87 55.36 28.41 0 0.265637 411.47 182.69 15.94 26.35 3 0.255875 634.25 521.43 31.28 60.57 0
309,0.553394 1251.87 735.65 55.44 26.96 0 0.502973 807.24 816.34 57.69 30.78 0 0.401075 1567.02 742.46 60.79 30.28 0 0.332387 1096.00 1015.52 45.47 20.88 0 0.327272 704.17 317.85 25.19 41.23 0 0.314797 807.24 810.93 62.33 30.45 0 0.301109 717.24 60.20 28.20 19.14 0 0.294057 683.03 89.44 38.15 19.62 0
310,0.590003 942.04 238.60 115.94 58.35 0 0.589073 1116.04 449.99 115.69 59.27 0 0.583926 1179.21 563.92 171.64 80.73 0 0.554760 945.43 755.00 159.00 180.88 0 0.552260 1075.35 415.47 97.86 53.58 0 0.490715 1430.99 0.00 86.69 42.40 0 0.440454 1161.58 516.59 97.66 54.01 0 0.344258 1104.03 444.83 112.55 54.65 0 0.343183 1078.61 411.90 122.00 62.61 0 0.340764 1140.78 467.05 131.74 61.95 0 0.298646 657.85 153.93 65.93 40.13 0 0.260897 1179.40 568.45 136.00 68.98 0
311,0.636494 1771.34 683.53 38.52 21.53 0 0.571470 1722.69 680.59 40.86 23.09 0 0.566758 1479.72 667.62 38.92 18.66 0 0.557643 1823.77 686.08 40.20 22.33 0 0.537774 1535.11 668.74 30.54 18.76 0 0.513540 1670.36 679.09 36.36 19.91 0 0.502052 1426.39 665.20 38.26 17.55 0 0.373863 1730.75 682.87 37.15 20.64 0 0.338513 1420.43 663.71 38.19 19.84 0 0.327701 1012.16 692.52 30.73 34.05 0 0.321893 1663.99 679.51 33.71 20.54 0 0.299249 228.22 622.15 27.82 34.70 0 0.299139 1331.47 656.49 38.89 19.49 0 0.289764 1572.96 670.18 38.78 21.02 0 0.254826 1712.11 682.09 34.51 20.85 0
312,0.623571 323.72 344.27 48.99 23.20 0 0.620832 137.84 811.77 36.55 66.65 0 0.618574 220.79 814.02 32.25 60.24 0 0.576765 934.77 634.31 66.68 30.92 0 0.559237 472.16 855.43 64.57 32.74 0 0.551778 1632.41 51.02 29.29 38.81 0 0.543663 257.89 811.92 33.10 63.84 0 0.538800 678.55 412.41 27.72 42.19 0 0.537546 83.84 821.31 39.86 68.25 0 0.535692 975.21 527.40 26.04 52.85 0 0.534697 915.84 538.18 28.86 51.77 0 0.526922 1671.52 39.80 30.74 39.65 0 0.517285 893.25 664.27 51.50 27.00 0 0.502946 724.81 527.84 36.29 57.61 0 0.487728 1701.72 28.17 35.25 41.14 0 0.459433 1146.33 0.00 25.84 39.78 0 0.459094 760.82 537.75 28.89 55.39 0 0.449023 727.98 373.03 55.46 18.07 0 0.397101 715.56 468.96 21.47 36.46 0 0.396405 942.70 534.26 27.89 52.97 0 0.388986 1633.21 310.40 36.40 44.86 0 0.387681 1247.53 554.99 52.38 24.76 0 0.368433 336.22 321.83 62.79 28.23 1 0.333300 1647.34 199.65 33.28 42.82 0 0.332843 544.72 401.62 61.78 24.34 0 0.318199 615.36 402.36 43.00 23.17 0 0.312138 314.77 323.04 31.87 18.63 0 0.307878 866.83 855.32 50.57 33.30 0 0.304031 812.07 402.63 26.48 44.62 0 0.298119 742.54 373.93 47.02 17.93 0 0.294233 1249.72 560.33 56.35 24.21 0 0.288238 1659.64 40.77 32.75 37.98 0 0.277980 1650.62 47.13 27.33 37.52 0
313,0.660255 709.75 681.76 90.63 91.66 0 0.653702 409.55 914.75 89.26 100.55 0 0.649799 944.00 855.52 91.63 94.72 0 0.640042 1165.65 662.49 77.94 85.63 0 0.636823 971.75 452.43 87.46 90.72 0 0.630222 1020.96 773.75 92.64 97.97 0 0.628262 1255.31 760.64 103.63 104.29 0 0.615034 890.08 353.59 81.78 88.74 0 0.614795 1063.11 733.27 93.57 98.82 0 0.586676 612.67 755.04 83.53 88.55 0 0.584632 928.43 494.36 88.66 85.84 0 0.580952 5.96 699.65 75.91 95.79 0 0.577103 1114.42 692.40 91.58 95.39 0 0.574281 363.72 953.92 92.03 101.68 0 0.571481 882.60 531.87 78.00 87.09 0 0.570293 785.95 971.03 94.81 105.60 0 0.567352 835.41 935.61 98.94 100.71 0 0.562989 840.01 557.40 82.97 93.02 0 0.559948 844.34 393.23 78.23 79.55 0 0.557378 555.83 793.52 95.44 97.78 0 0.556610 793.58 598.33 85.86 93.41 0 0.550148 1166.62 841.81 95.12 95.59 0 0.549702 500.14 825.54 101.43 102.56 0 0.545721 749.19 646.03 89.25 91.23 0 0.542037 896.53 898.25 85.48 95.63 0 0.529172 783.43 417.90 82.93 92.46 0 0.522945 650.83 709.52 86.42 100.92 0 0.518396 0.99 697.09 56.93 95.65 0 0.518126 1118.94 882.20 99.88 99.96 0 0.500611 981.91 819.41 84.28 92.92 0 0.456911 981.11 1011.20 90.12 68.80 0 0.449533 727.42 1011.28 98.24 68.72 0 0.437535 311.13 1002.47 90.53 77.53 0 0.417141 1455.24 951.80 44.54 34.26 3 0.411159 1464.37 940.65 45.40 30.26 3 0.364032 917.34 503.05 84.91 94.93 0 0.347361 384.32 133.08 73.52 70.97 0 0.344090 723.28 672.10 94.50 95.27 0 0.343350 624.17 733.36 87.14 100.23 0 0.342783 901.96 362.28 77.44 90.06 0 0.331903 734.68 999.29 101.34 80.71 0 0.308864 804.38 587.40 85.68 103.46 0 0.291033 1454.55 960.05 47.06 37.64 3 0.290017 15.58 705.68 78.32 92.39 0 0.270462 932.22 844.04 98.29 97.03 0 0.267097 1003.37 792.55 95.99 108.16 0 0.259095 937.26 868.81 89.76 88.97 0 0.250135 1135.41 866.66 95.37 109.42 0
314,0.698999 450.23 808.34 41.41 48.49 0 0.660088 548.76 601.92 33.91 38.22 0 0.653213 403.60 603.77 37.03 40.98 0 0.651840 350.40 860.28 42.24 50.70 0 0.646420 195.54 959.03 38.54 54.62 0 0.641172 592.79 185.96 30.45 42.98 0 0.633382 737.44 871.58 43.73 54.84 0 0.627377 264.35 1014.34 35.71 58.03 0 0.611678 225.53 940.45 42.35 56.69 0 0.610948 579.12 576.94 32.55 36.62 0 0.609488 138.87 759.16 40.07 45.16 0 0.607233 593.53 719.03 38.57 46.50 0 0.593228 414.89 823.90 41.09 50.50 0 0.586416 444.06 659.78 36.74 46.84 0 0.585622 385.97 840.18 41.88 50.80 0 0.585263 623.40 704.44 36.34 45.40 0 0.583563 379.81 628.57 35.02 41.19 0 0.577391 912.88 130.73 37.03 27.23 0 0.574131 1318.38 440.22 40.68 41.24 0 0.572689 325.14 724.29 37.47 53.31 0 0.571914 221.42 1023.34 34.94 54.97 0 0.569602 480.16 788.85 39.36 49.30 0 0.567188 351.56 642.67 33.26 40.19 0 0.564208 355.00 715.58 38.48 43.23 0 0.564084 321.31 876.45 42.13 52.99 0 0.558151 134.68 831.02 41.77 55.54 0 0.555894 169.91 811.70 39.20 49.37 0 0.554900 257.53 757.93 40.03 48.53 0 0.554612 69.77 789.63 38.00 52.18 0 0.554348 256.72 681.29 36.14 45.56 0 0.554220 1716.78 738.52 39.72 39.35 0 0.551268 431.34 584.61 34.83 39.45 0 0.548678 951.12 171.48 38.84 27.47 0 0.542041 1078.28 195.67 36.19 36.15 0 0.541679 256.81 926.57 44.51 53.46 0 0.541103 155.83 982.67 39.42 57.24 0 0.531907 287.66 666.89 35.77 42.97 0 0.523813 531.38 751.07 41.56 47.08 0 0.522602 565.59 734.15 37.02 53.49 0 0.518113 289.00 739.95 36.84 45.53 0 0.513613 796.19 838.91 41.63 50.04 0 0.512690 874.57 894.42 44.09 50.06 0 0.511647 168.61 734.30 33.73 43.81 0 0.510796 680.12 676.49 38.64 45.99 0 0.510426 385.21 692.61 37.96 46.35 0 0.509071 570.91 522.97 31.43 37.11 0 0.507891 1710.87 727.87 40.55 41.75 0 0.500616 491.61 569.11 35.18 41.80 0 0.500189 98.06 849.55 41.12 54.77 0 0.499947 1703.39 721.99 38.20 38.57 0 0.494754 290.72 895.80 44.74 53.48 0 0.492686 322.72 658.74 33.80 46.36 0 0.489547 545.64 588.79 32.44 38.79 0 0.487710 453.88 578.74 38.04 42.77 0 0.484752 499.35 631.13 39.08 44.12 0 0.481932 626.69 545.43 34.63 32.60 0 0.481264 649.63 687.06 37.85 47.19 0 0.480154 1674.54 740.48 44.16 39.45 0 0.479585 610.76 567.58 37.53 41.77 0 0.476067 1669.75 732.19 43.76 38.52 0 0.475758 1009.88 125.23 30.35 31.87 0 0.470462 1228.46 348.04 44.35 42.44 0 0.470131 154.17 976.04 36.10 54.28 0 0.468416 1150.78 268.82 36.60 34.69 0 0.463154 923.11 137.66 37.60 28.19 0 0.463147 228.30 774.88 36.26 47.76 0 0.457897 469.69 643.64 38.19 48.44 0 0.453833 1271.18 395.62 41.02 40.48 0 0.442658 613.12 563.14 40.58 39.04 0 0.436457 546.16 530.31 30.80 40.27 0 0.435276 410.35 674.06 37.91 47.04 0 0.431292 1682.80 746.55 39.70 39.18 0 0.425157 1234.03 351.39 40.68 44.92 0 0.421604 828.84 820.85 43.67 52.01 0 0.419100 744.79 877.58 44.21 54.47 0 0.416087 666.73 679.15 41.79 46.86 0 0.415029 606.54 566.46 35.64 38.91 0 0.413736 199.66 798.96 36.39 46.81 0 0.411521 464.66 583.74 34.51 39.51 0 0.410774 800.30 846.98 39.07 47.55 0 0.408456 568.98 517.27 29.52 38.85 0 0.401983 1623.00 537.69 47.04 42.75 0 0.397212 516.50 542.87 33.10 39.18 0 0.387940 811.26 820.90 43.43 54.66 0 0.386103 184.62 1042.54 32.37 37.46 0 0.383586 1725.65 700.58 37.16 32.08 0 0.378836 1163.32 272.09 36.08 36.17 0 0.373623 935.35 151.20 33.93 26.05 0 0.371335 943.48 169.45 37.55 28.72 0 0.368369 510.57 540.68 35.32 38.94 0 0.368056 629.53 552.55 37.89 36.73 0 0.360110 1169.40 108.62 26.75 20.55 0 0.352481 169.37 643.01 18.77 20.94 3 0.348091 378.81 688.72 38.13 43.51 0 0.343415 284.64 908.68 42.55 50.84 0 0.339623 382.37 835.36 40.82 50.84 0 0.337806 641.55 695.59 38.92 44.08 0 0.329593 871.03 886.26 40.79 50.72 0 0.329109 172.62 738.62 34.48 44.83 0 0.327747 725.26 62.30 21.41 17.55 0 0.324846 1279.27 400.63 38.59 40.08 0 0.305700 310.29 724.62 40.21 49.28 0 0.301240 1070.67 185.39 31.09 31.47 0 0.298850 219.65 620.12 19.41 21.27 3 0.296329 342.56 866.14 43.99 55.18 0 0.292073 224.06 1028.10 36.27 51.90 0 0.285324 437.41 590.97 37.79 43.10 0 0.274842 558.70 735.17 37.68 52.08 0 0.274296 193.53 803.09 38.94 45.41 0 0.274002 1323.58 444.68 40.99 41.71 0 0.272360 783.82 459.39 32.72 48.96 1 0.268600 947.21 166.10 37.62 26.96 0 0.268481 378.15 848.37 43.84 51.96 0 0.261840 380.30 617.61 34.17 39.43 0 0.260036 21.59 726.28 25.54 23.21 3 0.257651 406.43 667.02 34.58 39.30 0 0.253748 405.49 597.14 35.04 39.77 0 0.250148 1084.74 197.06 34.35 37.17 0
315,0.595938 1192.97 556.12 74.26 31.39 1 0.457482 1318.42 588.78 25.27 15.13 0 0.426006 1388.80 711.57 28.34 28.87 1 0.301889 305.26 424.99 34.75 15.83 0 0.298933 1321.12 567.93 26.08 15.08 0 0.250843 1298.91 569.63 25.11 14.80 0
316,0.438110 627.19 549.44 13.62 16.30 3 0.354879 722.03 456.12 24.85 20.70 0 0.338025 743.71 223.88 17.42 25.02 1 0.325220 512.32 188.65 35.09 22.49 0 0.323366 370.80 422.31 37.82 39.28 1 0.308349 730.81 455.94 28.20 19.81 0 0.299305 514.88 185.11 37.41 22.25 0 0.295284 876.96 311.39 14.30 17.26 3 0.293480 1242.46 344.00 31.06 21.19 1 0.285897 301.10 527.47 38.86 20.82 1 0.265200 366.35 426.01 39.01 45.60 1 0.261401 1009.44 235.31 28.03 26.20 0 0.253839 770.23 185.47 13.79 19.56 0
317,0.593004 838.72 80.47 36.41 19.73 0 0.542210 1254.03 736.02 52.79 26.91 0 0.498374 702.09 318.94 26.57 40.87 0 0.439358 1566.22 742.68 59.82 30.12 0 0.345877 831.40 134.07 35.65 19.96 0 0.326383 806.55 815.35 54.69 32.12 0 0.324863 832.79 52.54 40.91 22.05 0 0.310111 620.69 1009.62 26.98 29.70 0 0.307908 674.06 89.11 47.90 21.67 0 0.284394 846.38 108.41 35.82 19.13 0 0.252536 690.51 30.39 42.86 20.91 0
318,0.566103 1166.77 585.75 38.98 20.78 0 0.530319 793.31 1009.63 26.29 45.95 0 0.354987 919.81 943.59 26.13 26.60 0 0.286122 853.67 898.77 30.53 25.80 0 0.279407 1160.72 587.83 33.08 21.35 0 0.256356 730.95 919.95 30.41 26.00 0 0.252666 828.19 944.28 29.05 28.99 0
319,0.608643 742.72 672.07 30.27 59.05 0 0.413282 755.76 470.28 27.97 52.84 0 0.255626 777.99 163.62 22.79 43.19 0
320,0.488450 764.27 3.00 43.65 26.97 0 0.458073 287.67 1.63 38.95 28.00 1 0.253979 817.75 54.95 56.31 23.93 1 0.253571 718.70 57.37 23.99 37.69 1
321,0.752733 21.29 385.21 244.64 82.38 0 0.736275 538.09 384.27 183.03 71.50 0 0.726421 1179.00 362.49 174.83 68.73 0 0.718158 951.96 361.09 172.48 73.82 0 0.691431 303.69 392.07 183.38 69.59 0 0.683217 1742.53 330.77 177.47 69.84 0 0.632488 1551.47 343.48 161.78 57.25 0 0.316375 524.80 390.45 211.74 76.66 0
322,0.789037 1290.18 146.02 31.00 81.14 1 0.691437 1104.50 156.43 25.13 54.60 0 0.683761 1168.59 601.08 30.70 64.18 0 0.657750 624.27 424.85 27.81 56.63 0 0.653794 933.29 314.85 27.48 60.08 0 0.653134 616.41 350.95 27.06 52.42 0 0.643515 1791.74 124.75 33.05 56.46 0 0.639659 1029.41 312.69 26.63 50.62 0 0.638168 941.98 112.04 25.23 52.22 0 0.628632 763.64 189.63 28.17 55.57 0 0.623737 886.86 184.15 29.07 53.81 0 0.623163 1124.12 522.86 27.96 57.95 0 0.622781 699.21 192.51 27.85 56.16 0 0.615289 920.57 179.63 27.44 58.29 0 0.615108 879.65 109.17 24.69 49.17 0 0.612097 872.51 324.38 25.17 59.15 0 0.608861 787.54 123.85 25.80 51.64 0 0.607978 1836.89 332.49 37.64 56.95 0 0.606923 1009.52 166.71 26.58 53.07 0 0.602126 742.71 332.77 26.59 50.90 0 0.599861 1062.46 311.51 26.54 52.22 0 0.599564 726.71 122.69 26.56 54.24 0 0.596935 1850.60 404.71 39.23 59.91 0 0.591164 1030.08 97.61 25.53 48.04 0 0.582607 807.71 328.91 26.81 55.66 0 0.582165 793.18 191.38 26.63 52.89 0 0.581952 1001.47 100.06 25.87 51.23 0 0.581329 604.21 138.35 25.23 53.46 0 0.577349 632.41 135.61 25.08 52.71 0 0.576506 909.46 106.87 25.18 52.16 0 0.574573 576.56 204.65 24.94 57.32 0 0.567279 553.00 416.65 26.02 59.19 0 0.567192 1157.62 517.51 28.72 62.10 0 0.566820 818.21 122.96 24.72 49.81 0 0.565095 714.50 334.10 27.99 54.33 0 0.564815 963.13 314.09 26.89 56.79 0 0.556484 839.50 328.21 26.14 53.41 0 0.553707 543.85 209.78 28.82 57.92 0 0.552202 607.98 205.55 27.06 54.66 0 0.549968 774.14 331.64 26.18 54.51 0 0.547409 666.71 195.70 26.66 58.06 0 0.546857 1823.98 261.15 33.73 63.04 0 0.546089 646.40 347.46 28.79 53.09 0 0.545834 553.52 351.03 26.63 52.25 0 0.540537 1060.02 527.83 28.21 66.46 0 0.535792 680.04 340.98 27.51 55.42 0 0.533703 949.62 177.61 27.08 57.04 0 0.533197 1074.03 162.72 26.11 54.72 0 0.531691 997.58 314.24 26.72 52.27 0 0.526354 1041.54 165.74 25.69 50.69 0 0.522240 1094.24 312.19 26.13 52.73 0 0.520893 639.70 204.91 26.03 54.01 0 0.516176 1062.81 101.37 24.22 49.00 0 0.499980 703.94 40.90 14.42 21.22 3 0.497962 823.65 188.63 26.94 53.81 0 0.465619 1762.17 0.00 37.06 49.80 0 0.464258 540.30 139.59 28.64 55.59 0 0.454776 587.55 416.35 27.54 57.54 0 0.442303 583.86 348.38 26.24 52.53 0 0.440405 855.39 183.59 27.37 58.74 0 0.400897 758.17 121.77 24.93 53.98 0 0.389412 968.94 114.76 25.90 48.05 0 0.354660 732.93 192.37 26.02 56.15 0 0.346620 847.60 119.27 24.68 51.16 0 0.323466 1278.68 0.00 25.12 13.39 3 0.321984 676.98 39.66 12.47 21.38 3 0.300629 1034.08 101.24 23.11 50.88 0 0.285972 532.59 51.43 14.99 28.11 3 0.273447 828.93 182.08 28.17 56.70 0 0.267282 587.12 351.48 28.30 52.27 0 0.261580 719.16 41.71 15.38 21.09 3 0.256414 684.64 738.17 29.44 39.46 0
323,0.859612 837.58 425.85 50.93 100.89 1 0.721009 10.44 873.56 193.24 84.97 0 0.719424 553.07 563.32 45.38 27.44 3 0.703090 63.24 630.37 153.11 73.85 0 0.656906 1648.30 612.44 149.61 61.78 0 0.616023 552.55 539.78 43.89 27.72 3 0.602220 766.64 463.15 21.31 35.20 3 0.599004 682.53 811.30 67.95 43.37 3 0.583159 546.02 565.02 46.81 26.69 3 0.573553 62.52 318.25 54.55 34.98 0 0.557239 1486.42 612.17 139.08 60.24 0 0.524241 568.32 488.19 46.68 28.93 3 0.488914 588.72 421.70 44.63 23.77 3 0.475038 1331.78 871.38 60.90 41.18 3 0.439196 1772.52 889.63 145.45 104.87 1 0.430010 0.35 479.00 42.37 43.63 0 0.425294 585.60 438.10 42.82 25.01 3 0.418620 1351.82 607.60 40.27 33.29 3 0.412710 1441.47 616.36 30.21 45.57 3 0.393184 1354.21 608.87 48.25 35.62 3 0.376536 1826.26 608.85 93.74 64.02 0 0.367855 524.72 538.87 23.05 24.93 3 0.312348 767.44 470.47 21.39 41.89 3 0.300923 969.06 0.96 24.06 39.05 0 0.295747 1411.75 618.05 30.51 45.45 3 0.274871 1795.03 1011.84 25.25 28.66 3 0.252118 1303.67 604.06 37.96 25.30 3
324,0.622662 707.76 718.46 42.52 38.44 1 0.582156 533.44 1013.77 44.05 43.34 0 0.574961 583.68 968.60 50.17 43.79 0 0.463171 806.21 606.34 35.41 30.16 0 0.420983 863.81 674.30 26.69 32.72 0 0.390612 839.63 543.39 25.72 34.04 0 0.373676 846.34 776.98 32.47 36.13 0 0.368816 840.72 556.18 29.22 38.29 0 0.355994 1219.15 944.10 46.17 30.09 0 0.342776 783.73 635.15 34.19 27.90 0 0.332850 1248.32 318.36 33.11 20.21 0 0.308230 577.77 848.63 33.27 38.25 0 0.297502 1398.08 304.82 24.62 24.43 0 0.277729 639.28 786.98 38.88 27.85 0
325,0.806235 278.18 836.69 37.77 60.25 1 0.778946 302.88 819.32 43.73 66.94 1 0.777505 782.29 920.75 72.18 48.31 1 0.731059 282.43 954.82 38.98 54.95 0 0.689002 347.09 919.53 44.45 63.78 1 0.667938 230.01 540.63 46.76 59.54 1 0.665577 69.01 765.54 35.53 49.36 0 0.665173 193.57 811.91 35.65 49.80 0 0.662917 164.08 828.09 34.52 50.62 0 0.640066 165.29 536.47 48.61 26.93 0 0.629927 255.34 786.39 35.84 47.20 0 0.627322 707.60 969.18 63.31 47.35 0 0.613088 1477.49 130.24 37.35 38.33 0 0.610822 28.70 892.73 35.74 52.99 0 0.600078 314.11 823.87 41.71 60.33 1 0.590484 192.31 707.62 35.09 50.95 0 0.580633 998.94 549.89 36.67 36.94 0 0.577486 808.51 490.41 33.09 39.63 0 0.574264 859.93 9.33 34.11 20.61 0 0.571039 942.88 73.43 18.30 31.27 0 0.570109 1267.79 817.35 58.39 36.98 0 0.569740 251.16 972.37 34.61 49.77 0 0.569673 401.72 446.93 55.91 28.30 0 0.567205 252.05 679.39 38.14 47.65 1 0.566983 1028.82 586.12 36.69 38.67 0 0.561966 182.01 887.11 38.45 53.67 0 0.535395 859.73 360.87 37.81 32.75 0 0.535257 314.89 933.56 42.41 56.39 0 0.531094 1344.31 4.55 31.01 28.89 0 0.519979 1489.93 97.11 32.37 31.16 0 0.516025 507.70 404.87 51.12 26.82 0 0.514351 982.19 59.93 21.13 31.63 0 0.511828 844.25 543.87 32.04 35.67 0 0.511304 1454.41 108.75 31.48 30.48 0 0.510970 45.01 945.37 40.45 62.37 1 0.509977 0.42 902.02 29.05 55.32 0 0.509396 889.62 393.90 33.47 35.75 0 0.506902 1439.72 748.48 48.42 46.52 0 0.504466 158.30 716.52 36.12 54.29 0 0.503129 1546.97 485.46 49.40 39.57 0 0.501460 66.08 610.51 36.56 50.47 0 0.499818 1649.92 421.32 47.01 36.36 0 0.498540 1228.48 345.80 26.31 36.68 0 0.498507 54.79 717.45 30.50 40.79 0 0.497458 1.10 788.60 35.79 61.31 0 0.496570 604.81 7.96 27.05 30.07 0 0.486712 755.58 413.00 33.04 37.78 0 0.486604 0.73 984.87 19.98 50.77 0 0.485201 793.51 31.52 32.63 22.77 0 0.478924 1524.04 122.02 34.01 28.54 0 0.478669 224.85 803.17 35.70 46.69 0 0.477947 1427.88 79.26 29.69 30.18 0 0.477322 876.94 596.39 38.05 36.70 0 0.475381 1317.41 0.00 30.07 17.01 0 0.473276 184.70 566.42 38.44 42.74 0 0.471961 867.11 578.91 36.36 34.13 0 0.468939 1047.95 372.43 35.12 28.71 1 0.467558 1482.15 535.63 40.46 31.04 0 0.463323 1530.09 496.08 46.78 40.24 0 0.463278 1467.32 727.98 48.03 48.08 0 0.457185 1357.38 732.02 41.57 39.10 0 0.447429 1274.98 1006.40 54.67 54.48 0 0.447343 970.79 510.20 37.63 37.68 0 0.439071 9.29 635.35 36.31 47.80 0 0.438601 1005.04 51.20 19.97 31.87 0 0.437896 918.86 13.57 25.53 24.24 0 0.436494 252.03 842.11 32.20 55.52 1 0.436465 732.72 58.27 41.59 28.93 0 0.433602 1407.62 9.48 35.91 31.84 0 0.427026 1605.85 456.06 41.67 32.26 0 0.425982 178.26 536.04 45.93 25.12 0 0.425756 1449.32 38.78 34.24 30.51 0 0.424401 1088.56 34.90 19.84 25.88 0 0.424346 714.99 262.71 26.88 35.96 1 0.424079 591.79 375.03 50.86 28.25 0 0.422068 1462.50 72.62 32.84 32.03 0 0.419673 231.88 531.80 52.75 62.58 1 0.419554 98.93 749.12 36.43 50.56 0 0.417007 1502.89 703.71 46.66 46.56 0 0.415581 565.05 385.83 41.82 26.12 0 0.413443 926.26 515.67 32.09 38.84 0 0.413295 1436.07 41.95 34.85 32.05 0 0.411581 713.03 150.38 34.08 29.66 0 0.411144 1115.12 82.62 33.06 21.14 0 0.409605 1672.19 0.00 34.64 12.89 0 0.409144 1337.49 746.62 37.53 40.17 0 0.406619 872.86 584.64 36.44 39.29 0 0.404981 361.51 418.80 26.27 20.67 0 0.400923 831.40 18.11 35.14 20.07 0 0.399616 162.85 727.65 35.79 49.31 0 0.397829 917.12 83.60 20.48 27.34 0 0.393162 811.68 494.98 33.13 41.56 0 0.392260 784.16 454.39 31.65 32.75 0 0.385614 284.35 768.60 36.93 48.34 0 0.382792 1244.52 684.38 39.43 32.51 0 0.380339 1489.46 528.27 44.32 31.50 0 0.371185 1389.08 6.15 34.73 30.18 0 0.370716 785.17 247.72 35.88 33.90 1 0.367934 916.06 431.27 32.14 33.01 0 0.366420 344.59 921.46 43.97 62.96 0 0.365223 1295.16 644.03 41.36 30.78 1 0.363745 230.49 983.99 38.03 51.21 0 0.360615 983.20 0.00 26.88 14.77 0 0.357603 855.04 299.06 26.99 23.57 0 0.356664 201.31 476.18 32.01 23.43 0 0.353112 221.91 988.71 36.00 51.71 0 0.352123 996.27 547.96 35.11 34.11 0 0.351075 960.96 69.64 19.34 30.53 0 0.345801 1295.49 648.19 39.38 33.43 1 0.342881 900.25 634.71 33.41 32.69 0 0.340534 1573.72 470.73 39.44 30.73 0 0.340342 1441.53 564.06 36.60 26.34 0 0.338381 1394.76 589.33 34.41 28.73 0 0.334467 1118.27 455.15 32.38 34.86 0 0.331862 1433.74 45.04 33.71 32.96 0 0.326427 1507.98 51.27 27.19 26.50 0 0.325543 711.98 259.01 28.43 35.04 1 0.322662 1259.58 664.53 41.06 29.82 1 0.322349 1610.67 51.46 25.18 26.84 0 0.314246 1558.69 479.51 44.30 34.64 0 0.311847 100.91 749.88 40.60 53.36 1 0.308519 245.13 845.99 34.60 49.26 1 0.307688 1432.11 753.90 48.76 48.06 0 0.306134 856.90 356.24 35.18 30.22 0 0.305354 1107.24 445.68 31.60 34.79 0 0.303945 894.86 631.46 33.46 33.65 0 0.302411 1510.99 709.24 45.96 46.76 0 0.295744 952.79 44.43 26.68 28.49 0 0.293731 881.78 91.94 25.97 27.87 0 0.290550 743.90 191.67 34.09 30.01 0 0.285961 742.87 188.16 33.59 29.07 1 0.282539 833.72 318.48 31.49 32.82 0 0.281803 1237.70 276.06 27.96 22.70 0 0.279662 956.35 0.00 29.74 17.93 0 0.277252 245.78 976.66 35.95 49.90 0 0.274852 164.09 611.92 23.68 21.52 3 0.274243 832.07 273.97 28.25 25.95 0 0.272822 1237.93 869.26 38.56 35.16 0 0.271193 569.48 381.00 50.87 28.36 0 0.268643 1612.52 457.40 45.17 31.52 0 0.268375 907.04 0.00 31.23 14.48 0 0.267740 928.08 520.88 33.05 37.46 0 0.267705 908.35 648.88 33.02 31.54 0 0.267215 1396.66 49.90 28.61 28.72 0 0.266885 944.03 64.86 20.75 32.54 0 0.264390 301.56 798.49 39.37 38.43 1 0.254479 700.33 972.74 58.64 45.15 0 0.252212 1462.01 67.74 31.64 31.19 0 0.251397 505.67 409.68 53.21 28.56 0 0.251046 152.30 901.03 39.33 58.47 0
326,0.679155 598.40 772.19 29.93 54.85 0 0.664750 133.02 728.91 34.43 49.15 0 0.637802 268.89 611.16 51.55 25.02 0 0.632611 97.67 543.33 45.43 26.55 0 0.628153 453.80 618.02 41.46 20.74 0 0.625141 266.21 739.03 30.56 45.11 0 0.595742 336.65 610.05 52.47 26.52 0 0.595735 82.46 718.64 38.34 53.54 0 0.580863 941.41 386.80 24.58 36.82 0 0.579934 1096.99 479.21 23.16 39.44 0 0.566712 467.84 764.39 34.64 57.88 0 0.557894 390.98 611.57 49.92 26.90 0 0.551295 161.41 733.51 30.11 47.79 0 0.540762 186.06 739.89 31.41 43.91 0 0.533413 829.48 440.82 55.30 107.31 1 0.531151 92.37 842.79 45.45 31.68 0 0.509155 1237.00 643.06 51.90 28.13 0 0.493380 204.89 857.05 34.83 54.85 0 0.481541 1310.17 477.55 49.30 27.38 1 0.463469 915.36 346.08 20.94 31.65 0 0.454510 896.79 388.75 19.89 38.11 0 0.435219 294.95 737.79 27.62 46.66 0 0.432379 786.97 449.79 40.38 21.96 0 0.412162 871.61 352.56 23.06 35.75 0 0.405984 824.96 432.77 51.85 127.28 1 0.375293 179.58 845.48 37.86 50.72 0 0.356038 1165.78 483.93 25.94 44.22 0 0.352227 872.66 390.92 21.13 38.63 0 0.349437 1065.97 476.01 25.47 44.60 0 0.335483 1312.19 479.54 53.91 30.08 1 0.325718 897.05 349.72 21.25 34.99 0 0.318997 498.80 766.66 31.12 57.85 0 0.316429 834.67 10.78 22.75 32.70 0 0.298767 479.95 672.93 49.05 27.45 0 0.294292 936.30 350.97 20.51 33.48 0 0.293349 944.02 369.15 22.70 32.40 0 0.290575 104.75 846.45 45.41 33.81 0 0.289042 912.98 193.30 20.44 38.09 0 0.286583 46.47 588.72 41.59 29.92 0 0.261728 1229.22 487.10 23.92 34.05 0 0.261488 619.08 674.81 36.50 25.39 0 0.260241 1209.35 485.15 25.49 36.55 0 0.252840 503.47 760.92 26.63 49.25 0
327,0.779294 1101.67 654.91 29.85 62.57 3 0.765961 1177.03 658.15 29.15 60.67 3 0.751575 1441.46 366.55 31.39 53.39 3 0.749291 733.50 697.45 76.54 157.88 0 0.746302 1142.79 651.81 30.34 59.38 3 0.744878 994.88 388.01 51.48 29.88 3 0.743056 1576.12 674.82 36.07 68.02 3 0.718639 1316.13 665.40 32.10 58.74 3 0.717977 1426.65 748.81 101.31 170.52 0 0.712291 1122.45 482.74 39.10 39.04 3 0.709961 1385.59 365.53 27.52 48.70 3 0.693762 839.47 714.99 74.08 162.95 0 0.691037 1318.62 744.26 98.13 175.79 0 0.677710 1626.71 374.90 37.59 57.68 3 0.676392 446.91 305.29 151.62 56.96 0 0.669690 292.71 293.07 141.61 61.78 0 0.668833 751.71 554.15 56.07 35.21 3 0.659285 931.89 730.56 78.52 156.98 0 0.652832 1840.92 682.72 35.95 68.11 3 0.650349 1720.76 680.87 36.54 68.22 3 0.644407 127.26 277.52 137.72 56.60 0 0.641490 1189.02 384.07 55.18 31.61 3 0.634052 1534.30 369.01 30.63 56.27 3 0.626101 1276.26 658.63 30.64 62.04 3 0.623496 1607.93 763.99 108.12 152.78 0 0.617573 1216.59 666.36 30.24 61.00 3 0.616021 1565.31 368.08 29.89 57.90 3 0.606042 1242.33 659.00 29.98 59.48 3 0.591886 1711.03 747.02 118.87 189.87 0 0.581462 0.00 258.69 105.52 60.50 0 0.573564 1390.44 674.44 32.36 62.39 3 0.568806 1295.84 365.16 28.71 44.12 3 0.566789 1359.54 366.39 26.77 48.66 3 0.565879 1764.02 680.22 41.70 72.08 3 0.559905 1654.42 375.74 33.07 55.83 3 0.544467 1355.83 670.77 30.70 60.37 3 0.536375 1123.97 362.82 51.18 31.95 3 0.521949 1650.21 677.94 38.57 75.22 3 0.506575 998.02 378.21 44.29 35.42 3 0.502674 1794.92 384.61 89.67 59.78 1 0.488300 1336.55 363.52 27.25 46.29 3 0.488240 1079.75 352.34 34.55 42.41 3 0.488034 1801.55 681.42 34.81 67.64 3 0.483034 1617.27 678.53 38.15 72.30 3 0.473750 1696.38 682.43 37.71 73.49 3 0.459670 1296.60 372.32 33.96 41.55 3 0.447774 1323.72 378.05 31.29 37.01 3 0.437667 1756.47 681.33 40.98 69.07 3 0.415273 1679.25 372.56 36.45 57.31 3 0.412395 1316.47 363.88 27.59 44.29 3 0.407258 754.58 548.18 49.68 37.34 3 0.402026 1391.01 664.80 29.14 54.85 3 0.390683 1610.88 677.99 35.54 66.06 3 0.376721 1207.21 317.87 19.53 28.56 2 0.371279 1335.33 412.97 40.98 29.57 3 0.365525 1484.20 366.09 32.24 52.48 3 0.345820 1599.59 371.10 34.67 59.63 3 0.343646 0.48 535.13 32.75 67.04 3 0.343147 1687.08 376.78 34.26 55.32 3 0.338177 1334.88 376.11 29.11 40.04 3 0.331276 686.81 633.01 28.07 56.66 2 0.328688 1464.89 364.59 29.04 53.32 3 0.326941 1658.54 381.33 30.90 56.49 3 0.315332 1128.36 476.79 29.43 34.00 3 0.306429 1574.42 366.17 32.81 59.41 3 0.304035 389.06 898.46 38.10 43.98 2 0.300135 433.06 847.52 30.95 55.17 2 0.289740 1189.03 376.19 49.58 33.19 3 0.284026 1893.90 767.02 26.10 85.16 3 0.279706 1351.46 410.09 34.73 31.70 3 0.269477 1144.26 644.03 31.06 57.86 3 0.260080 1356.79 665.79 31.39 52.97 3
328,
329,0.469231 903.05 886.28 34.22 65.26 0 0.377170 913.10 960.44 32.92 66.30 0 0.370382 899.08 814.36 30.82 65.41 0
330,0.459740 340.75 350.15 9.79 13.72 2 0.374673 306.08 448.56 12.99 17.43 2 0.345132 385.18 684.27 14.24 13.02 2 0.324047 1119.61 557.16 16.98 17.94 2 0.298191 324.64 330.46 9.00 12.32 2 0.290491 289.92 545.49 11.56 15.36 2 0.277295 880.10 247.29 37.77 38.34 1 0.258114 392.28 313.06 8.59 14.41 2 0.255017 466.38 632.09 14.58 18.19 2 0.254886 1040.29 456.13 13.47 18.85 2
331,0.772018 1294.49 609.88 31.74 46.33 3 0.730790 916.08 659.75 24.35 40.58 3 0.728515 722.87 725.90 60.25 102.40 0 0.721069 816.55 509.61 31.92 27.52 3 0.702056 755.27 906.96 76.54 114.71 0 0.698963 280.52 535.18 122.17 42.96 0 0.695414 1364.87 643.74 92.47 95.64 0 0.693307 1106.79 482.95 19.45 33.41 3 0.692404 1291.46 614.46 31.65 46.16 3 0.691276 1450.77 641.77 95.63 78.72 0 0.689013 958.28 654.87 24.63 39.27 3 0.686431 1463.73 841.18 122.02 104.58 0 0.681150 650.98 717.65 59.42 112.63 0 0.680096 568.96 724.99 59.52 104.33 0 0.674850 1185.49 671.56 76.57 80.85 0 0.663392 965.04 489.80 23.05 39.26 3 0.661245 862.48 662.09 24.26 40.58 3 0.660534 1320.69 609.72 28.98 49.27 3 0.660396 1323.82 844.89 104.19 125.81 0 0.654145 997.88 682.15 72.62 109.04 0 0.651311 1721.36 445.68 27.64 29.77 3 0.651233 932.62 657.56 24.34 39.74 3 0.640668 1248.38 652.77 83.26 98.21 0 0.639498 911.24 504.94 23.70 33.23 3 0.636555 985.19 650.83 22.90 35.42 3 0.634546 1158.87 629.50 24.62 42.98 3 0.631899 3.04 549.65 104.69 45.32 0 0.622173 590.97 985.82 36.93 57.62 3 0.621427 1703.89 827.74 129.21 115.58 0 0.608754 1198.49 625.84 29.21 42.67 3 0.607149 1098.97 877.25 84.11 121.09 0 0.604210 140.58 540.73 120.87 46.96 0 0.599804 997.67 870.55 94.63 137.77 0 0.596773 1075.00 481.68 22.96 35.50 3 0.595723 1066.08 680.17 70.16 96.01 0 0.589309 616.70 654.63 128.57 61.77 0 0.580162 1278.54 458.21 85.60 41.22 1 0.575201 1010.84 649.87 25.40 34.66 3 0.574823 1034.46 649.19 24.33 37.03 3 0.570803 530.85 1024.85 28.43 52.82 2 0.566495 1849.50 504.09 69.46 47.91 0 0.558678 1468.60 398.46 25.44 31.35 3 0.552911 891.63 663.98 22.46 40.24 3 0.551392 1317.40 592.64 32.19 38.49 3 0.541589 1563.07 416.39 27.30 35.02 3 0.537901 1805.26 577.42 21.87 35.43 3 0.537875 1241.28 622.46 28.87 41.67 3 0.528736 940.60 494.75 22.83 36.88 3 0.528598 863.78 508.58 29.99 28.18 3 0.528082 1316.74 602.22 32.41 52.17 3 0.525975 833.19 669.55 24.17 41.52 3 0.510144 1228.96 857.87 117.70 129.01 0 0.509287 1645.47 453.26 27.96 29.92 3 0.497374 1610.92 829.89 128.52 116.87 0 0.484088 1798.29 443.23 31.14 29.58 3 0.483890 1166.06 628.65 26.44 42.49 3 0.473679 252.67 1004.80 47.06 45.48 3 0.468238 1649.53 448.50 24.94 29.97 3 0.468125 873.02 464.88 16.24 26.76 2 0.467218 1213.27 625.54 29.12 44.00 3 0.461564 1276.01 617.16 30.96 42.34 3 0.457610 1176.98 469.58 25.12 36.23 3 0.452724 1820.03 438.91 24.67 30.40 3 0.449079 986.69 487.69 21.02 38.37 3 0.444676 1174.70 478.39 23.52 30.97 3 0.433006 683.99 931.12 30.10 56.20 3 0.422096 911.11 492.77 21.14 32.95 3 0.418923 1764.73 449.31 31.07 27.25 3 0.409786 1472.38 957.71 122.05 115.19 0 0.403435 1204.67 467.76 26.64 36.18 3 0.392297 574.40 634.29 30.86 37.26 3 0.380027 1752.24 474.35 37.22 28.12 3 0.374647 1565.50 426.81 28.60 35.78 3 0.373948 1141.25 1011.29 81.81 64.65 0 0.371538 1030.90 486.77 23.69 37.10 3 0.370811 1062.99 482.02 22.70 35.56 3 0.368795 1126.66 478.53 20.72 34.83 3 0.362915 1624.32 451.04 35.35 29.22 3 0.359901 1757.93 448.86 29.92 27.25 3 0.343638 1606.91 446.14 35.40 28.52 3 0.342423 1124.38 472.88 23.24 35.88 3 0.337901 79.99 685.69 20.79 33.06 3 0.336785 1577.88 420.44 24.13 28.94 3 0.327858 1004.23 486.78 22.94 37.82 3 0.322068 221.66 1003.21 30.74 41.06 3 0.319651 1580.48 435.01 23.69 29.31 3 0.303524 877.78 504.25 24.70 31.63 3 0.296689 1207.37 473.10 26.52 34.68 3 0.288740 1580.31 839.40 31.53 68.83 3 0.286798 573.64 639.31 35.26 37.07 3 0.270591 957.43 656.39 21.54 43.82 3 0.268931 1389.01 645.53 97.93 85.66 0 0.261522 421.25 815.58 26.18 42.99 2 0.259389 1687.58 439.85 26.12 34.76 3 0.256798 340.32 846.97 30.65 44.46 3 0.253306 1500.18 411.48 37.23 31.49 3 0.252612 214.85 1051.31 29.38 28.69 3
332,0.685292 696.46 623.15 24.73 39.46 0 0.601321 880.17 409.45 39.04 71.25 1 0.591596 591.98 620.16 26.66 41.27 0 0.586324 280.19 584.11 29.49 39.28 0 0.559837 279.84 474.59 42.88 22.18 0 0.546911 364.16 594.33 27.13 39.28 0 0.542976 1205.17 444.14 20.40 24.37 0 0.541792 318.75 592.34 25.81 40.47 0 0.537466 1148.83 444.63 19.23 25.63 0 0.526659 967.01 369.58 21.53 32.83 0 0.526079 529.74 517.69 39.42 23.27 0 0.516655 343.14 595.16 23.41 39.42 0 0.507808 910.21 361.84 20.61 38.52 0 0.506636 908.30 351.24 22.32 36.32 0 0.499733 713.66 524.33 42.99 21.47 0 0.484251 382.58 675.09 27.70 29.66 0 0.480995 427.91 600.27 24.09 34.94 0 0.480128 1184.54 441.51 20.88 26.22 0 0.464479 488.38 516.39 37.72 20.41 0 0.439191 617.26 626.39 24.02 37.14 0 0.427003 582.21 519.90 37.18 20.54 0 0.415453 1080.21 437.00 23.45 29.80 0 0.414527 451.03 601.88 24.63 34.68 0 0.408401 433.32 514.30 39.12 23.64 0 0.402167 897.01 153.20 21.31 34.74 1 0.364562 364.26 674.27 32.86 29.85 0 0.359588 0.45 273.82 38.71 28.17 0 0.338976 932.57 364.44 19.91 33.79 0 0.337396 934.99 350.34 19.63 29.68 0 0.325800 332.77 592.55 29.53 40.02 0 0.316978 134.73 668.04 45.75 33.89 0 0.285667 0.51 277.67 41.67 30.65 0 0.268819 741.88 620.42 22.04 34.87 0
333,0.776499 442.35 697.36 68.60 36.82 1 0.651385 1416.08 476.99 51.66 40.87 0 0.626859 1772.20 178.38 33.23 54.37 0 0.626401 88.78 35.42 65.97 36.09 0 0.603785 1521.32 308.75 62.87 39.55 0 0.588321 0.68 809.50 31.23 58.54 0 0.585843 1195.19 439.03 58.97 38.98 0 0.573037 1175.39 639.22 41.64 53.75 0 0.561789 682.73 386.39 34.68 60.25 0 0.549452 60.33 789.05 37.08 61.98 0 0.530460 758.36 295.58 35.34 50.15 0 0.526842 814.87 966.98 27.39 41.35 0 0.521116 1334.17 387.25 51.48 36.45 0 0.517110 1076.16 607.52 59.46 38.05 0 0.512029 532.72 116.67 33.40 48.10 1 0.511912 998.06 515.50 53.89 31.93 0 0.511794 215.03 0.00 57.34 29.69 0 0.510012 1398.25 358.25 61.06 39.75 0 0.507198 625.21 388.73 35.57 57.90 0 0.501633 1014.60 978.44 30.39 41.86 1 0.494785 122.58 761.55 37.85 59.94 0 0.489561 958.28 678.18 48.74 43.78 0 0.481848 696.70 118.62 34.94 48.44 1 0.463864 1265.57 418.75 51.49 30.09 0 0.460037 677.19 51.89 30.29 43.69 0 0.451363 1209.10 628.76 39.80 61.21 0 0.442971 661.53 0.00 28.99 43.08 0 0.441659 1592.35 280.94 67.63 40.76 0 0.441194 28.72 799.50 34.78 62.30 0 0.439739 371.24 731.98 49.17 35.88 0 0.437113 1002.70 784.89 23.28 15.39 3 0.435634 1714.42 390.09 63.16 29.61 0 0.425806 1271.04 754.54 49.43 34.84 0 0.418831 0.00 494.55 23.84 60.93 0 0.418307 551.28 169.51 36.34 60.51 0 0.413347 1598.99 277.21 64.21 37.58 0 0.411165 12.19 609.01 35.89 62.51 0 0.402434 784.83 365.14 32.16 50.31 0 0.399962 284.51 0.00 46.54 13.59 0 0.398929 1587.66 283.91 61.03 40.74 0 0.390881 1065.05 145.05 40.12 27.45 0 0.376191 479.15 863.88 56.89 31.31 0 0.359116 722.28 181.75 32.81 49.83 0 0.350652 1322.94 390.94 51.17 35.93 0 0.349132 737.50 237.98 39.39 52.01 0 0.346695 681.92 65.34 31.08 45.71 0 0.335163 0.00 616.74 25.74 57.59 0 0.334199 961.70 682.64 50.09 43.91 0 0.327029 1192.86 628.99 41.71 51.82 0 0.319308 656.18 0.00 29.05 40.14 0 0.306676 515.67 58.82 31.82 47.78 0 0.304213 931.63 185.00 31.38 54.30 1 0.304020 735.48 234.56 38.17 53.59 1 0.303548 1458.68 340.20 53.71 34.36 0 0.288520 601.05 316.07 38.23 62.65 1 0.287412 582.92 264.15 34.26 50.38 0 0.283122 679.33 59.44 29.85 48.53 0 0.282603 1060.79 140.17 38.12 27.17 0 0.278552 1083.58 674.60 46.90 26.52 0 0.272479 699.03 493.32 26.37 27.58 3 0.269909 783.64 359.50 33.15 52.07 1 0.269432 1173.89 660.05 40.29 50.04 0 0.267936 0.00 1.21 30.71 26.71 0 0.266406 1259.24 609.07 36.45 59.21 1 0.260635 1404.54 351.71 54.96 36.65 0 0.252383 604.55 316.71 36.96 66.83 0 0.252239 0.00 484.87 19.38 71.47 0 0.251253 1384.16 492.29 28.04 33.46 0 0.250807 970.77 690.62 46.76 41.03 0
334,0.619731 1239.98 562.37 66.93 31.40 1 0.362718 1366.48 595.27 25.74 14.41 0 0.286948 1339.78 638.11 24.70 15.44 0 0.278778 1897.83 632.01 18.69 27.26 0 0.256409 1409.25 687.67 24.62 15.62 0 0.253743 1434.35 726.04 29.66 25.55 1
335,0.573656 375.31 326.68 9.22 14.20 2 0.550152 1256.86 70.82 28.85 33.23 0 0.536435 333.71 202.91 13.91 23.20 2 0.483979 691.81 105.23 14.07 17.62 2 0.457322 675.26 74.66 12.27 17.28 2 0.443998 1235.20 107.44 30.02 27.28 0 0.425480 488.33 306.35 10.88 14.53 2 0.416153 692.61 96.23 14.47 19.93 2 0.333620 331.34 197.28 16.08 24.15 2 0.324528 517.82 191.25 14.48 16.83 2 0.293483 659.65 417.53 10.96 13.91 2 0.279339 706.93 149.05 13.82 13.42 2 0.269352 207.03 542.85 10.17 14.85 2 0.265021 404.33 130.63 10.79 16.86 2 0.262150 405.51 133.28 9.94 19.24 2
336,0.685046 1105.95 640.30 18.93 24.87 0 0.636664 873.18 603.65 43.79 46.90 1 0.624846 699.13 751.45 19.70 32.57 0 0.595583 1060.32 633.64 19.86 26.89 0 0.531897 1039.02 630.47 20.00 28.61 0 0.528301 504.97 724.22 20.46 29.49 0 0.512334 1157.65 641.92 19.03 24.30 0 0.491521 402.93 712.76 23.99 29.35 0 0.482792 364.22 706.79 27.47 29.71 0 0.482466 625.60 748.14 20.89 28.45 0 0.453819 933.40 568.70 20.63 31.61 0 0.451693 485.73 722.54 20.56 30.19 0 0.445352 960.14 577.20 19.92 31.38 0 0.440446 550.55 667.56 28.87 17.92 0 0.410658 437.20 714.05 22.27 30.73 0 0.359623 956.66 570.52 21.44 31.86 0 0.358753 933.79 575.58 19.54 31.33 0 0.288162 648.46 755.90 18.24 26.03 0 0.286416 404.20 716.94 23.32 29.58 0
337,0.583642 938.87 447.81 25.30 14.07 0 0.405069 1298.61 261.28 19.01 27.46 0 0.385978 1184.84 326.05 18.17 20.43 0 0.347043 1670.25 204.23 29.52 15.49 0 0.286348 1011.82 429.43 24.61 14.57 0 0.265221 1195.19 326.81 19.83 19.77 0
338,0.720692 1729.80 353.59 33.53 52.45 0 0.706655 722.21 495.87 30.16 54.97 1 0.702547 1190.43 163.11 29.81 49.24 0 0.702296 1678.81 188.95 34.76 52.08 0 0.677172 639.18 995.03 40.23 77.65 0 0.671999 1128.21 163.46 31.99 44.64 0 0.668026 1774.76 531.17 39.91 53.61 0 0.655847 746.51 904.50 30.87 58.57 0 0.652761 311.17 484.72 60.66 30.55 0 0.641355 1744.12 414.75 37.41 51.54 0 0.620669 887.52 30.18 42.76 26.48 0 0.609321 183.88 497.94 55.51 27.00 0 0.609135 1131.33 41.12 26.79 45.94 0 0.600454 1727.45 594.17 34.45 52.64 0 0.598408 1766.31 350.42 33.78 49.01 0 0.593712 1695.51 473.81 34.48 56.74 0 0.587441 964.30 366.37 55.55 29.30 0 0.586275 1681.58 415.25 34.37 48.64 0 0.576667 742.33 838.24 32.52 63.95 0 0.575274 1031.51 165.50 28.65 44.19 0 0.567221 1816.08 543.86 38.33 57.90 0 0.563777 717.30 383.22 29.61 49.84 1 0.560155 1097.17 162.85 30.90 45.64 0 0.552830 1705.39 532.78 35.98 57.95 0 0.552711 574.01 594.48 27.90 54.76 0 0.547395 575.45 729.70 31.05 63.07 0 0.546872 1206.46 36.23 25.56 40.78 0 0.541895 572.31 676.21 31.84 46.18 1 0.540740 893.45 62.85 23.41 34.30 0 0.535081 393.56 481.08 81.85 31.68 0 0.529204 1618.87 498.10 31.77 52.48 0 0.520092 1739.05 287.17 33.42 53.68 0 0.514023 1093.31 817.41 48.23 36.22 0 0.513316 1001.14 166.11 26.31 46.31 0 0.508466 1226.13 164.16 28.93 48.21 0 0.497672 997.13 232.19 47.36 31.32 0 0.496251 580.17 828.17 31.50 56.06 0 0.494431 1062.98 53.45 23.73 39.81 0 0.492462 571.01 654.31 33.88 62.24 1 0.485887 1649.15 309.13 31.92 48.66 0 0.480427 1697.78 245.76 34.50 48.04 0 0.479456 965.70 494.57 28.22 54.40 0 0.477220 383.53 480.54 63.93 27.84 0 0.469452 938.44 27.24 48.68 24.93 0 0.465140 1065.04 162.94 27.60 45.75 0 0.464272 740.42 772.14 30.23 54.81 0 0.461591 1260.68 164.52 31.26 40.20 0 0.452247 1170.80 33.69 31.10 44.64 0 0.444286 1051.96 19.61 48.47 23.11 0 0.435803 733.98 636.90 30.26 57.37 0 0.435330 1255.50 36.41 25.72 39.51 0 0.432358 1619.09 193.25 33.26 49.81 0 0.430471 582.28 966.39 34.72 74.50 0 0.430228 991.43 20.70 48.48 23.43 0 0.430189 751.22 979.35 30.29 63.85 0 0.427397 1714.56 295.36 33.77 47.53 0 0.416795 1167.00 8.05 39.51 30.92 0 0.415572 1710.50 296.32 32.49 49.77 0 0.412153 1609.09 146.86 31.03 50.96 0 0.402708 921.12 171.21 25.11 46.80 0 0.402085 1654.71 95.42 31.93 44.13 0 0.401356 714.51 262.15 25.35 43.19 0 0.389437 975.17 170.87 24.72 46.26 0 0.382320 1122.00 16.80 40.69 30.77 0 0.376127 1600.78 94.78 29.53 49.44 1 0.372850 726.40 560.49 31.98 61.47 1 0.359187 1639.86 247.54 31.96 57.53 0 0.354995 739.15 761.41 33.09 57.45 1 0.353166 1352.17 717.62 58.37 33.48 0 0.348623 1320.98 348.89 44.90 27.10 0 0.342133 1691.90 105.35 35.29 56.24 0 0.338211 1761.33 468.26 35.57 54.21 0 0.337305 1157.80 38.41 25.60 45.14 0 0.334874 734.64 709.24 31.39 59.95 1 0.331933 1228.69 37.46 24.81 40.25 0 0.330489 1688.43 472.97 36.76 54.09 0 0.327214 718.37 430.56 29.82 43.31 1 0.324742 1667.02 358.93 29.11 38.44 0 0.307829 791.59 56.82 54.14 31.38 0 0.306816 581.67 891.43 33.34 69.13 0 0.292124 1654.77 85.60 32.01 46.73 1 0.289033 1095.85 821.93 50.21 36.52 0 0.288412 943.61 825.80 34.94 66.65 0 0.283765 355.25 0.69 23.92 31.05 0 0.281286 1756.16 466.22 34.20 54.72 0 0.280386 713.75 254.38 27.10 47.11 1 0.273359 95.44 447.33 20.98 19.65 0 0.265814 572.67 600.17 29.28 53.82 1 0.265748 1178.12 38.23 26.75 43.63 0 0.265090 1243.27 633.65 39.79 22.92 0 0.262662 1667.95 382.16 29.78 39.18 0 0.262012 714.75 142.20 26.72 41.72 0 0.254682 989.41 23.88 51.15 27.28 0 0.250996 946.59 825.92 35.05 63.59 1
339,0.664788 1620.42 558.71 55.57 29.14 0 0.623215 1577.65 230.65 40.12 20.73 0 0.616352 1014.36 1019.80 58.70 30.87 0 0.602786 1781.09 38.93 21.82 31.72 0 0.591622 1758.83 35.62 20.77 30.09 0 0.589623 1580.35 252.03 42.44 22.24 0 0.554632 1079.07 646.18 28.48 80.80 1 0.541175 1015.34 951.47 57.34 29.65 0 0.532018 1609.21 438.55 53.83 25.43 0 0.530460 1647.86 886.69 53.55 51.24 0 0.525289 1688.94 29.77 18.35 28.21 0 0.511776 1579.16 284.31 40.45 21.92 0 0.503522 1839.86 156.77 24.39 38.27 0 0.490887 1806.14 39.74 22.98 30.11 0 0.485111 1615.89 460.54 50.28 23.68 0 0.483616 1434.43 836.57 30.40 60.51 0 0.479415 1870.82 115.74 21.06 28.87 0 0.477645 1687.33 222.22 24.11 32.48 0 0.477137 1420.94 278.87 17.01 32.36 0 0.467261 1604.54 593.28 43.41 28.53 0 0.463250 1711.65 29.61 19.95 32.62 0 0.460710 998.38 903.84 67.41 33.77 1 0.424672 1868.60 158.59 22.56 36.28 0 0.418922 1682.99 0.00 25.49 16.72 0 0.408392 1791.31 151.98 23.64 37.77 0 0.382474 188.35 752.26 135.19 38.46 0 0.369754 1415.32 183.35 31.36 29.93 0 0.356208 1581.98 304.61 35.72 20.46 0 0.311721 1664.15 29.67 17.57 25.15 0 0.308833 1500.63 17.49 33.66 14.75 0 0.307412 1855.95 115.57 20.48 29.98 0 0.306666 1638.03 0.00 23.32 16.13 0 0.266719 1622.75 130.67 24.78 37.41 0 0.257667 1745.21 3.33 21.62 27.85 0 0.257255 1641.35 28.75 18.99 25.54 0
340,0.686631 745.11 865.63 66.43 41.17 0 0.660610 834.92 533.97 67.60 39.35 0 0.624748 959.34 866.08 62.81 43.27 0 0.613521 325.25 301.84 31.40 18.68 3 0.612878 790.88 393.09 66.38 37.28 0 0.611486 770.57 943.15 69.41 44.91 0 0.603841 577.19 675.59 64.18 38.75 0 0.601992 877.92 637.23 67.53 44.20 0 0.595001 1065.85 366.87 62.65 36.09 0 0.593932 920.91 793.93 68.67 41.55 0 0.592777 607.70 462.19 64.33 38.83 0 0.587960 579.78 636.08 65.09 38.99 0 0.586872 1011.91 269.87 68.99 38.20 0 0.584929 591.65 714.21 65.19 44.29 0 0.580199 738.76 819.85 67.91 40.09 0 0.577989 642.70 868.33 70.50 42.27 0 0.576636 695.50 673.41 60.60 42.33 0 0.574099 645.81 906.63 72.69 44.60 0 0.570687 662.71 598.95 69.29 40.13 0 0.567950 974.40 905.35 71.02 46.80 0 0.563933 988.97 946.43 69.73 41.43 0 0.562452 532.64 532.25 63.84 37.71 0 0.561645 1083.68 898.54 66.69 43.73 0 0.554978 693.68 711.06 67.52 44.43 0 0.554806 848.00 571.41 67.92 40.37 0 0.554104 811.98 462.66 63.72 36.01 0 0.553366 634.96 784.62 61.73 39.35 0 0.552878 631.62 533.82 66.28 42.30 0 0.550622 527.47 494.96 66.10 38.65 0 0.545277 824.77 503.70 59.90 39.61 0 0.535187 753.23 903.25 73.44 46.74 0 0.533625 915.44 753.20 67.51 39.41 0 0.527769 713.19 748.33 70.57 42.70 0 0.527464 574.03 641.01 62.54 39.58 0 0.518254 732.65 782.47 65.97 41.48 0 0.518059 802.66 1019.57 71.29 44.49 0 0.517905 678.87 636.25 67.94 38.03 0 0.516935 1103.01 988.96 69.61 43.26 0 0.515342 802.52 429.37 63.95 39.92 0 0.510664 578.70 597.78 60.10 40.11 0 0.507643 653.72 901.21 72.77 44.05 0 0.505266 696.63 1020.75 67.05 41.37 0 0.504080 643.44 816.75 65.62 40.90 0 0.493970 901.42 717.09 68.69 44.26 0 0.490090 1091.34 945.79 69.69 43.53 0 0.487331 619.65 754.50 63.71 37.19 0 0.486728 1001.07 983.91 69.65 46.17 0 0.483957 936.86 834.88 67.61 39.77 0 0.478034 884.05 678.46 70.61 42.23 0 0.477943 1107.93 242.13 52.23 32.43 0 0.477572 620.65 498.52 61.22 37.00 0 0.472809 536.12 211.44 92.63 49.92 1 0.471220 519.79 498.52 68.58 38.78 0 0.467356 1028.71 305.29 72.87 34.81 0 0.462221 699.91 704.92 69.47 42.88 0 0.454999 544.11 566.53 63.94 40.89 0 0.451723 587.82 429.04 69.22 39.40 0 0.443936 982.34 950.00 70.75 43.77 0 0.442989 1016.71 1026.73 70.52 42.55 0 0.429809 787.58 982.85 67.08 43.66 0 0.416622 1010.31 1031.13 63.58 44.39 0 0.415452 845.87 566.06 63.97 38.93 0 0.414068 795.58 421.43 65.62 37.86 0 0.407732 934.33 827.79 70.19 39.41 0 0.406309 1404.56 717.18 64.84 35.36 0 0.405642 776.96 956.26 74.09 53.19 0 0.400640 728.29 774.27 65.42 45.99 0 0.396808 978.63 898.70 72.82 42.61 0 0.396171 820.34 489.71 58.69 37.75 0 0.385850 334.03 348.91 29.96 16.77 3 0.377650 913.28 759.77 65.57 39.82 0 0.370409 1112.54 236.70 53.38 31.61 0 0.367590 719.99 791.74 69.20 36.83 0 0.367103 686.73 665.89 67.21 39.63 0 0.352996 636.08 825.68 65.29 42.55 0 0.349856 763.83 899.06 71.61 42.00 0 0.339630 624.63 540.48 60.02 42.08 0 0.338234 735.51 824.85 66.95 44.73 0 0.333657 994.72 970.34 71.61 44.80 0 0.320726 645.97 889.50 73.23 45.54 0 0.313661 1396.55 689.31 55.05 28.22 0 0.305061 575.73 681.45 62.19 41.90 0 0.298883 667.90 594.44 71.63 40.14 0 0.296341 812.11 472.09 59.31 35.03 0 0.292169 597.08 430.28 72.71 48.45 0 0.291608 641.88 805.39 63.58 36.54 0 0.285414 540.50 999.04 32.10 19.20 3 0.284777 790.61 400.85 64.94 37.07 0 0.283862 721.91 1054.15 61.24 25.85 0 0.283584 795.26 973.14 66.92 45.70 0 0.281291 927.48 811.92 69.38 39.09 0 0.277823 704.13 1037.60 71.34 41.95 0 0.271830 826.84 495.96 57.49 38.08 0 0.267605 832.54 1054.05 53.29 25.95 0 0.262558 917.66 777.48 68.25 42.69 0 0.261727 1012.01 1007.37 69.10 48.89 0 0.256634 1084.90 954.85 67.74 39.70 0 0.254440 890.82 696.93 67.63 47.05 0 0.250327 821.32 1047.52 65.83 32.48 0
341,0.670715 1312.01 779.64 65.16 30.07 0 0.659225 576.95 775.25 56.77 28.48 0 0.631226 898.02 779.56 63.18 29.44 0 0.604104 1564.82 778.20 60.65 27.27 0 0.493604 174.98 856.98 58.17 30.03 0 0.250739 132.09 339.85 31.19 46.64 0
342,0.709438 940.68 137.23 77.55 41.19 1 0.699156 742.56 406.60 58.25 35.84 0 0.692224 692.33 537.00 56.80 37.09 0 0.683920 892.96 790.72 62.02 38.92 0 0.673395 869.55 859.67 65.08 43.83 0 0.670891 692.86 815.35 66.02 37.66 0 0.665182 984.75 510.74 60.71 37.37 0 0.657431 879.31 823.30 63.48 37.44 0 0.640423 785.95 569.16 63.56 33.17 0 0.629302 1021.93 411.05 64.71 39.00 0 0.627285 800.99 531.90 61.67 34.65 0 0.626264 705.24 776.00 66.32 40.22 0 0.625333 1010.94 443.26 62.97 37.09 0 0.620002 852.92 362.54 65.52 35.80 0 0.619333 907.32 753.53 67.80 41.24 0 0.609983 595.32 822.23 64.15 40.45 0 0.608167 706.65 503.55 62.21 35.97 0 0.604989 585.30 863.35 66.48 39.65 0 0.602144 645.88 965.10 65.73 41.39 0 0.593160 741.04 442.17 59.79 35.51 0 0.589799 951.08 969.13 63.40 42.08 0 0.589549 1270.89 482.71 64.10 38.02 0 0.588579 655.49 928.22 70.15 39.14 0 0.578621 736.96 701.85 64.50 39.69 0 0.577309 686.37 582.75 65.58 34.39 0 0.575735 856.91 327.44 61.16 33.17 0 0.574772 847.30 942.97 71.78 41.96 0 0.573166 970.59 545.24 67.88 36.60 0 0.570922 754.20 673.22 59.13 36.70 0 0.565160 944.78 646.85 67.32 39.75 0 0.564865 962.11 578.88 63.55 38.03 0 0.558824 718.29 740.03 61.55 37.26 0 0.558373 920.47 716.88 63.65 38.80 0 0.554347 646.08 678.43 60.96 36.71 0 0.553057 754.23 371.82 62.80 36.06 0 0.550934 1271.97 443.73 64.73 35.74 0 0.550109 841.47 396.21 55.52 32.43 0 0.549939 683.19 851.72 65.69 36.80 0 0.548687 770.53 598.19 62.65 35.12 0 0.546904 671.13 885.76 69.70 41.21 0 0.543341 769.00 341.59 60.70 36.86 0 0.542657 859.09 906.45 72.40 42.77 0 0.538641 832.88 980.14 70.38 45.53 0 0.534630 1371.89 471.77 56.69 34.65 0 0.530642 810.15 496.34 63.16 34.10 0 0.526347 820.01 428.75 61.78 35.78 0 0.523355 998.43 478.26 62.45 35.00 0 0.520393 553.80 937.85 61.86 40.99 0 0.508441 926.59 682.02 66.50 38.33 0 0.479409 630.15 713.14 67.28 40.94 0 0.470897 664.68 645.43 66.60 40.76 0 0.468663 681.92 612.73 60.90 34.84 0 0.457362 1255.93 546.25 64.65 38.82 0 0.449580 755.34 633.12 66.06 37.65 0 0.440897 727.18 475.85 60.78 32.41 0 0.435494 924.13 1011.15 64.27 41.18 0 0.418909 1250.19 541.57 64.56 38.95 0 0.415951 814.39 1016.44 73.63 43.05 0 0.415799 500.55 736.44 28.39 14.75 3 0.411433 684.11 576.24 63.99 34.51 0 0.376916 1315.67 1038.25 60.13 33.09 0 0.371822 816.30 426.39 60.68 32.01 0 0.369642 492.28 755.61 30.69 17.36 3 0.355084 822.78 1021.93 69.59 43.77 0 0.349847 699.59 502.43 58.33 35.16 0 0.346302 623.38 709.62 67.41 38.63 0 0.330896 745.40 659.85 66.26 37.01 0 0.321495 917.15 1052.58 59.28 27.42 0 0.314558 588.96 833.62 70.22 39.14 0 0.313320 507.52 713.96 27.72 19.82 3 0.308752 913.52 713.27 61.59 38.16 0 0.296456 731.99 458.81 66.21 38.71 0 0.295758 424.64 929.17 32.18 14.09 3 0.295720 1004.02 454.17 66.26 37.72 0 0.294457 876.03 835.57 67.19 37.78 0 0.291375 807.83 502.31 63.11 33.61 0 0.281982 742.12 399.72 62.14 35.21 0 0.278572 838.61 963.33 70.12 47.44 0 0.277544 419.74 946.89 35.42 17.56 3 0.267470 759.10 641.32 63.62 36.54 0 0.265483 677.16 863.44 69.18 41.07 0 0.265262 896.87 781.48 68.19 38.79 0 0.262204 685.10 546.22 63.67 43.20 0 0.262103 899.24 1049.36 63.03 30.64 0 0.256420 851.89 333.85 64.61 36.51 0
343,0.671494 411.00 294.54 21.21 41.19 0 0.665336 429.48 504.35 24.77 48.04 0 0.642746 383.47 292.77 21.79 42.37 0 0.642728 121.24 298.13 24.18 41.04 0 0.638313 354.45 203.41 22.22 43.34 0 0.636730 411.33 446.74 23.41 48.12 0 0.629442 404.35 202.19 19.97 38.96 0 0.621433 145.73 297.97 22.62 40.70 0 0.618690 49.11 215.12 25.35 39.19 0 0.614317 481.88 198.87 20.16 39.88 0 0.600682 316.18 161.95 17.85 32.22 0 0.600580 45.89 172.30 24.20 33.80 0 0.594856 125.20 210.74 21.25 36.66 0 0.594810 633.16 196.24 22.17 46.53 1 0.586572 1036.07 33.23 17.74 35.82 0 0.572474 1038.47 127.50 18.60 32.42 0 0.569797 461.04 160.68 17.74 31.88 0 0.569164 198.55 300.40 22.20 39.48 0 0.566226 429.56 201.53 19.61 38.26 0 0.563751 454.79 202.10 21.13 39.09 0 0.560805 0.28 355.71 19.27 41.28 0 0.559268 330.64 296.51 21.56 41.80 0 0.554902 68.05 308.19 24.30 41.76 0 0.549250 437.93 440.89 25.65 49.86 0 0.545486 74.90 215.33 22.26 36.94 0 0.545316 952.53 57.87 35.87 18.07 0 0.542997 353.08 446.59 25.08 50.00 0 0.536639 437.10 295.05 21.04 41.22 0 0.532237 150.89 209.92 22.66 39.93 0 0.531957 437.25 159.68 17.22 31.92 0 0.531231 356.99 292.34 21.19 42.50 0 0.530654 413.67 158.78 17.98 32.43 0 0.529012 340.90 160.79 17.39 33.05 0 0.527034 20.26 216.51 24.80 39.26 0 0.521966 174.61 208.33 20.72 36.86 0 0.519014 384.91 164.81 18.63 35.87 0 0.512685 171.26 301.44 22.97 39.61 0 0.511579 238.81 169.28 23.00 33.49 0 0.508145 949.53 34.51 34.68 17.88 0 0.507516 97.98 302.78 25.23 40.59 0 0.497303 114.66 171.62 21.49 33.48 0 0.493564 222.22 206.99 20.30 39.81 0 0.492226 306.62 201.96 21.80 43.66 0 0.488153 1052.89 388.69 22.48 43.02 0 0.486047 273.44 202.64 23.91 43.01 0 0.482793 363.56 163.12 17.88 32.31 0 0.480740 254.04 296.55 24.49 45.78 0 0.476430 95.25 305.64 24.12 40.22 0 0.475858 328.80 201.65 22.11 43.54 0 0.473745 100.39 214.18 22.20 35.94 0 0.473206 90.88 173.08 22.02 35.21 0 0.470385 41.34 308.13 22.69 41.42 0 0.464738 223.54 299.94 23.63 41.31 0 0.457574 306.29 297.51 21.17 41.00 0 0.449819 278.57 199.92 23.90 44.59 0 0.431578 171.21 113.73 13.78 15.53 3 0.430946 22.80 356.67 24.88 41.11 0 0.421897 198.81 207.85 20.63 38.08 0 0.418767 249.70 207.98 21.68 39.78 0 0.413986 224.36 209.36 21.54 39.72 0 0.409353 22.40 307.65 21.28 41.12 0 0.403613 190.77 167.90 24.49 34.31 0 0.403498 286.52 164.91 19.67 34.06 0 0.371234 1039.33 114.27 17.87 30.86 0 0.346693 947.67 13.22 32.56 15.53 0 0.341818 248.17 299.58 23.74 42.53 0 0.322846 1047.08 286.88 24.12 44.39 1 0.322354 213.78 165.14 19.36 30.63 0 0.319638 216.10 167.39 20.58 31.35 0 0.315609 1054.46 396.01 22.58 41.07 0 0.313735 33.26 173.58 29.20 30.54 0 0.286077 1042.07 198.32 18.51 38.11 0 0.282303 201.09 113.49 13.26 15.34 3 0.279352 1049.78 335.90 23.39 45.06 0
344,0.736353 570.57 296.22 14.16 19.03 2 0.655713 743.86 662.70 11.37 15.81 2 0.638355 676.77 427.84 8.44 16.24 2 0.629000 975.82 141.54 12.50 16.88 2 0.619247 712.14 580.96 12.46 18.98 2 0.613560 1107.74 69.20 27.96 37.26 0 0.567342 946.70 176.92 10.60 16.13 2 0.531020 672.99 327.38 10.72 21.00 2 0.501251 609.26 379.16 9.12 15.25 2 0.492052 240.75 558.43 11.73 16.53 2 0.487880 935.31 64.47 46.59 26.52 1 0.454415 926.44 66.06 30.89 27.09 1 0.434428 551.21 272.65 15.37 19.59 2 0.422388 274.09 558.28 12.74 18.84 2 0.407999 980.08 212.80 13.23 16.24 2 0.390481 1082.25 51.86 24.79 33.02 0 0.385552 643.89 448.35 11.22 16.53 2 0.372482 307.81 660.24 12.92 15.68 2 0.347613 807.79 651.26 11.12 14.59 2 0.346831 928.44 64.31 32.53 24.70 1 0.328875 1014.23 0.00 26.66 31.65 0 0.326868 841.91 241.53 12.02 17.86 2 0.314689 891.68 275.92 16.00 17.85 2 0.307871 911.76 231.77 12.24 18.67 2 0.295849 777.92 395.68 7.85 16.60 2 0.292695 1012.07 10.37 26.49 30.01 0 0.283873 607.22 396.02 10.39 14.49 2 0.281190 757.31 634.27 12.68 16.47 2 0.277103 551.86 424.55 12.87 16.45 2 0.268707 674.39 582.22 12.00 16.07 2 0.260658 861.03 209.14 10.63 16.37 2 0.255587 888.57 399.84 14.54 16.09 2 0.253104 693.74 321.16 10.94 20.22 2
345,0.835382 692.33 97.31 24.27 33.44 3 0.754616 414.77 505.68 114.13 126.64 0 0.745783 1050.38 172.97 91.96 67.90 0 0.737010 770.07 267.64 90.84 82.52 0 0.721478 1642.23 400.57 121.88 87.60 0 0.705705 899.85 305.48 114.19 104.13 0 0.705561 1290.45 156.03 104.43 67.23 0 0.703712 1143.54 439.28 135.32 113.05 1 0.697297 528.58 921.40 175.48 158.60 1 0.692559 1218.84 106.81 77.84 60.21 0 0.682384 1033.64 2.26 64.32 61.98 0 0.681993 1608.40 739.83 171.85 134.24 0 0.676054 870.36 227.41 101.17 76.03 0 0.674908 585.97 345.06 87.99 83.69 0 0.674852 763.14 95.81 92.97 79.09 0 0.664750 606.50 163.25 79.22 66.98 0 0.660399 503.62 194.85 74.65 77.98 0 0.649581 356.66 821.33 127.92 176.37 0 0.648729 1210.95 570.17 134.69 131.46 0 0.648516 93.73 581.18 58.86 40.06 3 0.646331 720.90 86.12 25.65 35.06 3 0.645733 169.49 320.90 87.70 91.63 0 0.642291 688.36 296.34 113.89 89.34 0 0.641213 653.17 418.10 109.27 112.37 0 0.633172 980.12 192.26 107.33 78.63 0 0.631084 820.24 776.56 161.66 166.55 0 0.629024 329.43 542.21 119.63 132.73 0 0.625541 437.23 216.36 86.59 89.04 0 0.625281 1130.73 603.62 149.16 137.68 0 0.625147 272.57 455.33 94.03 95.19 0 0.623074 575.67 139.41 32.26 38.02 3 0.622440 1526.49 315.22 124.83 80.75 0 0.606556 912.64 728.59 154.27 163.75 0 0.604512 1403.62 878.68 193.72 169.45 0 0.604089 457.40 178.68 28.03 34.32 3 0.601131 412.53 194.60 25.60 34.10 3 0.600280 1.43 360.55 88.05 105.00 0 0.599855 1400.13 228.10 110.64 81.58 0 0.599020 260.76 248.11 31.91 37.83 3 0.597954 85.62 334.47 95.58 102.08 0 0.594448 999.07 691.06 160.47 147.37 0 0.593901 412.78 737.37 63.63 35.70 3 0.592209 497.69 362.03 101.17 104.62 0 0.586550 386.63 204.69 26.95 37.15 3 0.586110 576.89 135.02 28.32 36.55 3 0.585258 646.24 886.94 162.92 190.86 0 0.583400 662.26 133.80 83.94 74.27 0 0.573454 336.23 50.00 26.55 37.51 3 0.564188 363.92 47.39 23.58 33.66 3 0.559828 1787.44 483.06 132.56 97.82 0 0.559247 673.58 100.31 23.84 32.53 3 0.551207 1639.31 965.34 174.11 114.66 0 0.547574 837.22 78.11 76.02 65.18 0 0.546970 290.10 231.49 28.54 37.95 3 0.545154 449.21 22.99 28.15 31.04 3 0.543263 1294.47 559.82 98.16 99.76 0 0.539234 1166.58 426.84 144.65 94.53 0 0.537187 275.75 76.97 33.46 35.59 3 0.535534 497.81 0.00 28.25 36.83 3 0.529890 604.66 128.00 23.62 33.46 3 0.528941 21.22 272.03 145.47 70.07 0 0.528332 157.06 906.54 53.75 59.05 3 0.515874 233.10 86.00 39.09 30.79 3 0.509067 1324.74 521.69 139.14 118.91 0 0.501442 356.89 208.55 25.44 36.60 3 0.500938 718.47 93.06 27.30 34.72 3 0.494600 1488.66 498.19 76.94 48.44 0 0.494002 165.13 741.09 34.13 48.89 3 0.491295 233.50 580.60 123.84 151.77 1 0.489001 694.04 91.68 26.05 34.84 3 0.482905 384.83 38.67 26.26 34.41 3 0.479787 653.07 102.87 23.77 31.74 3 0.474408 352.42 218.07 27.44 37.98 3 0.471698 1073.50 650.69 132.81 136.89 0 0.469399 425.21 27.85 26.52 34.84 3 0.465682 484.66 6.39 25.47 38.53 3 0.451181 313.96 58.48 25.16 36.13 3 0.437423 620.68 124.08 27.42 36.31 3 0.435351 1822.94 805.56 97.06 147.25 0 0.433205 307.03 231.44 27.90 35.71 3 0.432491 380.36 45.76 25.48 31.68 3 0.427706 331.95 227.46 28.44 37.53 3 0.423947 191.81 730.29 45.27 56.32 3 0.421931 21.58 279.41 122.06 74.31 0 0.414994 323.39 233.90 28.31 36.55 3 0.412196 1348.84 535.82 120.80 109.64 0 0.409685 405.54 33.68 25.55 35.38 3 0.406455 428.85 13.51 24.74 29.32 3 0.405686 148.46 896.29 51.71 60.21 3 0.401333 242.42 66.03 26.22 26.81 3 0.400359 1293.40 422.87 46.79 44.08 3 0.389620 38.45 268.19 133.21 61.30 0 0.387219 1837.54 792.36 82.46 135.76 0 0.379332 1195.01 428.91 122.52 83.59 0 0.366427 214.36 87.03 43.15 29.40 3 0.361852 0.00 775.37 82.94 192.77 1 0.347185 92.38 672.63 30.44 44.53 2 0.329563 547.58 0.28 25.58 27.58 3 0.318106 1301.71 421.53 46.52 42.89 3 0.317683 1049.21 122.40 29.49 29.83 3 0.314446 4.56 938.79 116.62 141.21 1 0.308097 336.89 44.55 23.81 35.19 3 0.305575 303.10 234.69 30.38 38.16 3 0.302210 455.07 14.81 28.29 33.97 3 0.299561 1327.80 548.45 143.54 106.26 0 0.293384 87.43 667.10 32.64 46.64 2 0.276668 752.62 281.69 99.74 80.61 0 0.275008 269.95 74.83 33.87 32.76 3 0.268544 639.07 871.13 141.91 183.18 0 0.267085 816.65 772.57 140.34 136.20 0 0.265842 479.87 14.74 24.48 36.01 3 0.254928 218.77 701.24 34.82 63.15 2 0.250823 1200.46 562.62 121.40 125.04 0
346,0.673227 1222.53 605.36 68.62 32.90 0 0.628365 800.93 819.92 58.48 30.06 0 0.617334 1196.85 508.67 30.19 54.13 0 0.608196 469.52 772.00 32.82 66.92 0 0.605719 549.57 776.43 30.04 54.07 0 0.592113 58.99 966.49 58.51 27.56 0 0.558747 1255.75 497.64 27.05 53.23 0 0.558646 1355.78 634.05 54.78 31.17 0 0.534510 991.94 440.76 23.84 40.25 0 0.529273 826.01 375.24 49.27 21.10 0 0.515008 227.95 542.35 28.95 46.92 0 0.509257 44.71 802.84 35.19 66.43 0 0.500509 1007.04 498.10 38.39 48.56 0 0.495042 417.44 780.50 36.52 66.59 0 0.490190 586.20 774.91 32.01 56.10 0 0.481291 1227.77 507.62 25.42 51.89 0 0.465356 952.85 385.75 25.76 39.96 0 0.465197 994.51 349.02 50.57 16.64 0 0.463841 1873.17 29.99 29.98 32.79 0 0.448777 1845.12 39.54 31.07 33.76 0 0.425136 986.07 298.23 23.38 22.11 3 0.419060 1876.22 190.70 31.07 39.48 0 0.378629 894.47 375.38 39.77 25.01 0 0.377126 589.35 319.18 54.79 24.53 0 0.359326 883.79 374.37 38.67 21.51 0 0.350010 291.35 335.37 36.56 30.82 0 0.333665 1875.24 284.08 37.38 51.82 0 0.330057 1046.30 510.28 27.77 46.73 0 0.309179 1081.08 381.33 26.15 42.77 0 0.308176 1652.72 1038.30 50.19 23.71 0 0.302847 1047.61 524.93 29.79 37.39 0 0.298734 1210.19 817.35 50.66 31.82 0 0.279059 591.72 294.25 68.27 30.02 1 0.275450 1103.00 519.94 37.33 46.50 0 0.250486 222.31 534.88 31.72 50.77 0
347,0.609675 36.88 632.49 221.33 89.43 0
348,0.494445 1172.26 586.92 41.01 25.40 0 0.434198 835.42 943.18 35.48 32.57 0 0.403201 934.55 777.59 31.62 36.66 0 0.378211 1363.13 557.44 25.42 33.26 0 0.336916 859.42 903.97 35.19 23.25 0 0.319934 1174.75 584.87 43.50 23.48 0 0.300857 1495.38 563.53 20.72 27.59 0 0.263765 797.71 1015.68 32.51 45.19 0
349,0.540457 982.78 497.10 27.18 14.20 0 0.512827 897.92 514.36 33.34 17.79 0 0.456436 894.80 515.91 32.48 18.20 0 0.450623 1514.02 542.52 24.67 27.98 0 0.437009 1061.22 469.88 31.08 17.97 0 0.425627 1252.25 229.04 17.46 22.72 0 0.390304 868.14 37.44 28.63 15.94 0 0.372324 1065.47 468.74 32.94 17.74 0 0.361274 49.35 562.48 36.09 18.67 0 0.320297 1250.29 321.79 19.64 19.85 0 0.313681 1031.34 476.63 29.30 18.09 0 0.309333 1829.41 222.65 26.76 23.85 0 0.288687 1103.77 274.68 17.63 18.16 0 0.287000 57.37 562.65 33.31 18.45 0 0.256329 1171.99 366.04 23.45 21.59 0
350,0.766999 304.62 462.10 136.51 47.50 0 0.690087 125.19 454.44 147.66 49.45 0 0.574528 1358.54 485.75 65.20 30.81 0 0.566525 631.62 459.08 116.37 42.41 0 0.546612 1253.46 467.93 109.04 43.03 0 0.432254 1482.95 436.45 52.29 34.93 0 0.256295 0.85 366.66 38.29 36.16 0
351,0.570891 1159.45 315.51 344.04 162.27 1 0.537152 20.43 322.09 266.59 104.76 0 0.503032 1109.23 329.94 309.82 136.18 1 0.486297 647.06 358.25 348.76 113.11 0 0.461411 1664.95 367.45 255.05 107.31 0 0.409929 1567.63 379.82 308.59 95.71 0 0.330238 30.23 341.08 305.52 98.84 0 0.326913 217.06 336.62 341.69 105.63 0 0.304336 775.34 359.95 317.00 101.42 0 0.281908 622.46 367.46 318.96 99.04 0 0.271505 259.39 326.81 359.82 119.83 0 0.257471 1540.55 393.24 274.55 83.51 0
352,0.486136 887.18 799.87 33.59 42.13 0 0.414344 643.45 943.41 44.21 47.52 0 0.405033 708.12 859.55 44.99 51.15 0 0.390046 630.91 962.65 47.86 46.25 0 0.372611 1034.17 586.45 31.37 29.12 0 0.358157 926.00 734.06 36.15 35.54 0 0.346614 1512.61 375.75 27.07 25.04 0 0.295941 1300.19 403.00 43.20 20.46 0 0.259686 1275.82 255.84 32.01 33.67 0
353,0.549570 730.45 595.57 92.34 111.54 0 0.359011 1520.67 330.29 44.72 47.70 0 0.314885 447.40 945.38 60.24 108.90 1 0.251921 683.38 712.12 41.90 27.05 3
354,0.588390 1168.05 345.74 29.38 48.28 0 0.461377 1149.52 177.93 25.71 36.68 0 0.376862 173.32 965.15 55.05 54.16 0 0.328678 1164.51 218.19 25.72 33.12 0
355,0.431451 772.75 54.57 26.42 41.48 0 0.430780 1148.21 101.69 31.19 23.05 0 0.418731 253.58 6.62 42.79 31.11 1 0.393592 806.64 52.98 55.23 32.07 1 0.362851 807.60 52.37 76.84 28.96 1 0.362456 836.11 55.69 57.89 24.48 1 0.338962 305.43 0.00 42.64 15.69 1 0.321054 308.72 0.00 50.69 16.59 1 0.307465 741.79 62.82 24.18 34.12 0 0.287672 114.65 210.52 26.15 20.21 0
356,0.880363 904.40 555.65 68.19 37.80 1 0.268348 1034.78 570.81 20.30 14.82 0 0.260745 1009.19 564.00 21.96 16.46 0
357,0.513105 656.47 175.24 39.66 103.69 1 0.507892 744.69 144.96 105.19 46.59 1 0.487702 690.38 215.28 138.75 66.26 1 0.468472 695.22 205.38 131.73 55.02 1 0.466406 0.42 11.55 51.49 100.69 1 0.376416 702.29 217.99 123.38 45.15 1 0.317964 765.36 147.28 93.86 42.79 1 0.296105 1862.86 1.03 47.27 33.55 0 0.261830 0.25 31.35 45.16 80.80 1 0.255273 711.16 209.91 125.21 41.90 1
358,0.894859 593.25 362.62 45.41 121.52 1 0.635453 696.29 329.74 115.73 54.61 1 0.530720 648.34 405.96 131.47 44.10 1 0.484695 630.99 436.67 153.25 44.75 1 0.340135 1896.01 581.92 23.17 49.33 0 0.286711 1872.07 579.76 28.24 47.21 0 0.262196 1080.41 506.07 44.49 24.74 0 0.257905 642.12 435.02 135.94 36.57 1
359,0.768718 647.59 496.45 48.60 30.08 1 0.423125 744.93 496.46 24.29 13.65 0
360,0.763466 189.98 402.29 203.98 78.37 0 0.733081 904.09 381.70 177.15 67.91 0 0.724463 654.05 382.73 184.77 72.79 0 0.722514 0.00 406.48 143.25 76.41 0 0.678788 1501.64 342.94 204.20 72.87 0 0.657253 1292.56 360.00 186.67 65.50 0 0.352405 394.76 139.95 54.43 40.11 0
361,0.583720 832.63 721.94 28.95 58.49 0 0.516864 844.30 347.42 21.27 44.28 0 0.478735 828.73 962.74 31.92 71.95 0
362,0.610047 501.87 921.16 44.69 30.29 0 0.566588 718.83 779.76 45.75 35.88 0 0.508805 829.23 585.18 39.42 35.85 1 0.482717 613.06 855.23 46.74 31.72 0 0.480049 170.59 690.02 24.32 19.58 0 0.419765 558.57 890.45 42.06 28.43 0 0.417044 682.59 808.41 39.97 28.16 0 0.395753 554.19 893.11 42.36 28.83 0 0.368463 958.40 640.16 31.16 26.08 0 0.360092 1710.31 569.68 20.53 35.67 1 0.355295 1708.25 584.84 22.25 38.16 1 0.353919 771.81 634.22 29.99 33.63 0 0.344516 1354.99 272.74 34.50 19.84 0 0.309931 1351.01 275.01 30.23 19.15 0 0.308459 670.51 818.34 39.83 27.36 0 0.305202 609.20 861.46 46.28 30.05 0 0.296738 713.97 786.08 45.24 35.08 0 0.288434 675.96 811.85 42.01 29.18 0 0.279446 621.55 850.50 43.45 31.00 0 0.273418 958.36 447.29 25.94 35.09 0
363,0.597528 1271.01 535.56 60.75 42.89 1 0.596591 1697.28 911.21 59.07 41.21 0 0.564952 875.38 392.70 54.03 51.57 0 0.564587 729.11 246.09 53.52 51.60 0 0.545908 924.00 436.92 56.09 49.77 0 0.480335 772.59 293.12 48.01 49.23 0 0.464996 1187.69 712.76 47.80 44.37 0 0.458147 1494.90 650.74 48.53 42.83 0 0.403671 880.46 397.06 55.72 51.44 0 0.390708 1868.26 870.98 45.48 36.08 0 0.344414 811.58 335.73 47.65 47.14 0 0.310332 790.51 308.76 49.58 49.76 0 0.295331 1786.57 957.43 51.99 45.05 0 0.283995 1864.56 999.64 45.06 40.97 0 0.278678 1183.54 710.02 43.74 42.92 0 0.274611 1822.87 847.85 37.70 27.91 0 0.272832 1508.08 658.08 50.21 45.76 0 0.268049 1580.68 710.90 45.53 35.74 0 0.265206 1877.08 877.88 41.25 37.03 0 0.251726 824.48 345.07 44.31 45.83 0
364,0.817781 438.39 473.24 88.25 107.11 1 0.770193 1354.67 941.18 46.17 26.64 3 0.748156 359.67 587.54 19.56 24.91 2 0.719185 292.04 429.87 61.89 61.52 1 0.691951 99.44 774.44 89.57 92.91 0 0.687435 230.55 563.91 85.46 84.48 1 0.677681 116.50 639.68 81.12 78.55 0 0.675948 358.36 371.35 55.80 46.17 0 0.670034 893.43 804.54 176.47 96.88 1 0.651788 186.19 296.81 48.42 30.61 0 0.648063 477.87 798.09 43.70 34.76 3 0.641796 0.00 887.93 137.63 86.44 0 0.637787 141.74 346.39 46.66 36.32 0 0.635464 188.68 364.30 45.31 46.77 0 0.633492 1388.39 555.74 62.46 66.73 0 0.625439 577.86 253.46 31.84 25.61 0 0.619946 373.92 298.69 41.54 31.25 0 0.618758 1827.06 515.36 82.97 53.36 0 0.615245 252.60 438.14 48.17 49.40 0 0.613214 906.91 276.14 59.15 29.59 0 0.608721 1654.42 573.34 78.76 61.63 0 0.602510 813.85 251.75 34.07 22.54 0 0.601785 55.06 437.48 49.39 50.86 0 0.601014 333.17 296.35 37.63 33.97 0 0.595289 340.19 538.55 18.23 24.77 2 0.576039 317.91 483.59 60.49 49.20 1 0.575886 23.55 768.47 97.06 99.53 0 0.566598 105.55 579.26 70.33 62.53 0 0.561952 862.63 257.23 34.68 24.31 0 0.561462 3.17 437.98 47.59 46.84 0 0.560326 912.59 752.66 29.69 48.53 3 0.559103 1578.13 178.05 34.68 24.72 0 0.557864 391.09 560.79 19.42 25.15 2 0.556562 102.74 437.45 52.10 51.20 0 0.554164 58.07 377.82 53.79 43.88 0 0.551955 868.41 749.92 23.63 48.84 3 0.542442 1239.29 335.22 41.61 40.49 0 0.540459 646.22 639.43 19.99 35.26 3 0.538180 1655.29 272.36 40.39 22.02 0 0.533910 142.65 298.13 45.95 31.84 0 0.532329 295.28 292.73 42.08 35.99 0 0.531475 1453.03 370.53 47.58 42.66 0 0.529784 221.59 579.82 83.99 69.29 1 0.528383 152.53 444.46 61.40 50.78 0 0.525715 1347.75 488.95 56.61 59.47 0 0.522174 1601.99 179.33 30.72 22.84 0 0.518310 1535.90 154.64 38.31 24.04 0 0.517601 167.77 575.01 64.96 55.55 0 0.516131 1426.94 340.84 43.36 32.84 0 0.505963 1.49 238.55 42.89 31.27 0 0.504802 231.32 362.76 49.24 49.11 0 0.503255 1867.12 257.81 45.17 24.65 0 0.498765 1320.32 457.60 47.14 41.82 0 0.498324 1823.27 179.61 35.96 23.27 0 0.495594 620.55 269.68 57.07 26.32 0 0.491689 186.83 784.63 80.20 81.89 0 0.488012 1285.62 200.95 32.97 26.66 0 0.486707 1284.79 411.78 46.06 46.75 0 0.483820 1277.68 400.61 47.11 38.97 0 0.483712 496.45 877.70 32.04 25.06 3 0.472432 693.27 254.72 33.77 22.26 0 0.467706 1556.48 465.71 76.68 65.76 1 0.459486 1603.01 524.72 64.89 50.02 0 0.454945 649.24 584.22 27.31 26.00 3 0.451590 744.86 253.40 32.39 21.57 0 0.449397 1263.83 382.80 46.65 37.40 0 0.447759 1154.70 66.97 29.61 18.24 0 0.444989 829.20 286.55 66.76 28.23 0 0.444411 1117.62 231.35 40.41 30.06 0 0.441975 1766.93 179.21 37.53 20.80 0 0.440814 481.94 786.72 38.71 32.85 3 0.440747 1639.08 210.34 30.52 23.82 0 0.436472 1580.54 160.26 36.23 19.28 0 0.435174 691.97 853.13 35.88 27.44 3 0.432759 258.50 297.18 36.41 29.73 0 0.430786 1392.26 311.16 44.71 33.36 0 0.429136 1215.06 136.62 30.67 22.31 0 0.425269 1788.13 275.51 67.27 35.53 0 0.424918 988.44 285.02 52.19 24.73 0 0.422672 1356.84 934.05 44.63 28.00 3 0.422138 1874.50 256.78 45.13 23.76 0 0.404673 147.11 294.31 44.83 32.50 0 0.398073 753.37 280.77 60.68 27.06 0 0.388803 452.62 279.17 58.20 24.90 0 0.385625 238.68 560.00 78.17 67.44 1 0.382046 1627.69 179.91 30.06 20.98 0 0.381664 50.88 350.31 49.63 31.80 0 0.381265 1175.94 655.77 37.36 28.47 3 0.381207 446.16 762.07 31.26 25.16 3 0.380611 728.83 448.02 21.04 33.25 2 0.376821 1652.34 181.78 30.98 20.42 0 0.371032 1322.88 240.83 31.41 27.16 0 0.369924 799.97 252.78 31.27 21.24 0 0.369702 1736.67 229.99 44.71 24.37 0 0.368517 1312.64 233.04 31.17 25.26 0 0.367719 144.54 350.08 49.06 37.01 0 0.363915 1205.88 129.59 27.98 20.53 0 0.360810 1353.31 272.48 35.48 25.23 0 0.350564 519.12 624.89 33.54 30.20 3 0.347830 745.44 287.19 67.20 27.04 0 0.343746 1258.97 370.37 38.49 36.88 0 0.342241 1298.24 221.20 31.38 25.30 0 0.339363 0.22 232.35 42.61 33.94 0 0.336385 1719.48 182.48 34.36 18.01 0 0.332879 496.29 848.15 31.36 23.26 3 0.330184 1114.71 236.75 42.68 29.58 0 0.329135 1644.67 209.62 39.12 22.47 0 0.328594 424.30 794.10 42.83 30.11 3 0.326588 1467.91 389.10 40.84 45.29 1 0.325546 1678.11 181.62 32.50 20.47 0 0.324868 1260.61 222.67 26.59 25.80 0 0.323888 416.56 586.66 18.25 30.29 2 0.323211 360.52 615.07 22.79 22.18 2 0.323085 1393.75 304.99 43.98 33.95 0 0.321735 424.86 592.15 21.86 31.78 2 0.320921 1553.17 1028.12 67.81 51.48 0 0.317021 1592.94 158.67 33.90 18.89 0 0.313837 1309.20 995.87 50.47 29.92 3 0.302629 350.11 637.68 33.43 25.34 3 0.298051 1386.03 299.90 43.41 34.13 0 0.290237 1659.35 268.88 42.80 23.89 0 0.289499 309.05 674.87 20.62 32.21 2 0.288747 1347.36 268.50 36.68 25.22 0 0.288532 206.50 661.55 33.19 39.32 3 0.286220 519.53 618.98 30.25 29.41 3 0.285675 1725.01 240.70 40.82 24.95 0 0.285538 402.78 662.67 34.58 35.38 3 0.281860 1194.35 110.69 27.33 16.42 0 0.281342 1279.55 200.54 31.71 27.07 0 0.276491 1761.62 182.26 32.87 20.94 0 0.274653 680.19 581.25 24.92 29.94 3 0.270028 594.75 630.49 20.24 38.63 3 0.268583 0.19 576.64 20.60 40.02 0 0.265175 660.74 844.73 50.50 36.47 3 0.265098 479.55 665.37 21.12 28.57 2 0.264226 451.70 469.80 72.93 96.31 1 0.259741 231.82 371.78 51.47 46.56 0 0.259179 130.87 783.67 90.29 91.63 0 0.258013 631.05 587.27 25.33 26.86 3 0.257004 50.47 363.38 52.35 42.28 0 0.256666 1731.09 236.72 37.90 25.27 0
365,0.675793 339.17 348.84 53.80 23.70 0 0.658681 163.99 819.19 36.86 64.96 0 0.622894 747.49 531.05 35.83 56.77 0 0.620526 500.42 862.95 62.48 32.53 0 0.599194 282.75 818.58 31.40 58.18 0 0.589085 965.98 535.41 27.27 53.64 0 0.576823 245.05 818.51 31.89 63.08 0 0.572338 939.35 538.40 28.34 54.78 0 0.555845 700.88 413.44 27.47 45.59 0 0.555466 109.29 830.22 39.19 66.11 0 0.519798 1721.06 29.34 32.32 38.07 0 0.513622 1651.06 48.71 26.34 36.20 0 0.506045 998.68 528.52 26.59 52.37 0 0.483523 754.56 374.95 54.10 21.23 0 0.449341 784.90 540.38 30.26 53.17 0 0.443859 970.95 638.18 57.03 28.09 0 0.412787 938.35 668.03 52.52 26.27 0 0.389443 1676.33 41.49 26.15 34.27 0 0.370807 1664.81 200.45 28.18 39.77 0 0.370003 762.56 375.70 55.37 20.84 0 0.367235 1691.25 41.74 27.48 35.61 0 0.355356 737.38 474.71 23.29 37.46 0 0.345495 1653.39 309.79 34.33 43.71 0 0.344113 643.23 403.54 43.15 24.67 0 0.330918 573.60 403.28 59.75 24.54 0 0.314240 744.83 326.86 23.43 17.25 3 0.289025 1674.02 44.30 25.22 35.25 0 0.286209 957.20 638.57 61.09 27.69 0 0.283955 1272.95 556.52 45.18 24.29 0 0.271527 409.33 47.86 26.53 43.44 0 0.269818 37.16 371.98 34.80 20.66 0 0.260258 1295.91 561.64 38.11 25.55 0 0.260257 1226.42 345.86 28.51 28.46 0 0.259628 331.06 320.54 30.07 20.92 0 0.256928 1053.86 545.69 22.01 38.20 0 0.252158 800.50 410.68 24.43 41.09 0
366,0.660287 282.93 876.81 37.08 64.16 0 0.583299 190.79 862.63 39.86 66.67 0 0.551643 499.72 904.38 31.69 20.47 3 0.521588 471.42 942.11 42.99 64.16 0 0.494152 799.08 3.30 23.83 38.21 0 0.479007 593.16 681.76 34.93 40.92 1 0.475253 248.05 870.02 35.84 69.93 0 0.433268 503.56 879.41 29.53 21.18 3 0.376727 321.76 976.26 49.29 29.36 0 0.317246 555.03 923.26 42.66 61.17 0 0.316636 353.01 978.84 45.37 24.79 0 0.275355 525.12 781.32 22.97 18.78 3 0.262594 0.20 1058.98 34.91 21.02 0 0.252115 1328.61 1058.48 48.43 21.52 0
367,0.635227 727.17 281.61 85.06 57.82 0 0.621584 1780.19 554.88 67.91 110.00 0 0.621135 1456.34 986.27 72.09 89.86 0 0.616946 1625.31 387.97 39.75 27.33 3 0.616041 1232.39 362.95 71.97 63.10 0 0.607868 1600.29 415.42 32.61 29.08 3 0.603528 611.03 336.45 95.51 74.41 0 0.598957 1176.02 340.03 70.66 64.09 0 0.576650 0.13 306.39 80.08 61.13 0 0.574682 37.82 563.74 67.76 56.11 0 0.570947 1085.36 306.62 63.82 60.69 0 0.555790 992.54 281.91 79.60 57.83 0 0.547694 1821.10 100.49 35.45 49.86 0 0.544941 1513.74 893.40 56.44 39.36 3 0.540620 1126.24 321.57 62.39 63.13 0 0.529667 304.12 339.14 55.79 44.13 0 0.519588 1500.64 939.50 57.12 41.72 3 0.514813 116.12 526.63 59.87 43.90 0 0.512157 1631.73 316.41 78.15 48.90 0 0.493396 1644.94 394.71 40.61 27.75 3 0.490098 861.87 241.34 57.18 50.80 0 0.470710 1674.89 243.87 67.86 36.39 0 0.452485 1604.61 447.83 26.58 28.95 3 0.433434 1622.40 417.85 31.32 29.73 3 0.427590 807.55 251.83 68.53 45.83 0 0.422820 194.83 496.43 60.29 48.00 0 0.418662 802.84 260.20 57.15 52.95 0 0.416454 1619.41 367.58 44.61 31.69 3 0.393896 1643.62 274.11 78.11 41.81 0 0.386132 1520.46 880.26 48.39 32.72 3 0.376125 1759.47 560.96 83.79 106.54 0 0.374543 1642.14 292.50 75.40 40.44 0 0.372908 1098.57 310.84 60.36 61.66 0 0.371366 1608.73 388.08 34.01 26.94 3 0.366826 1635.81 446.26 29.26 28.24 3 0.364751 9.46 990.06 118.89 89.94 0 0.352447 269.60 463.26 49.88 41.97 0 0.345216 1661.20 264.63 73.81 38.44 0 0.332005 619.45 329.97 91.55 66.34 0 0.325887 842.49 233.56 64.52 44.83 0 0.315713 1506.37 904.35 55.50 41.57 3 0.300907 1222.59 352.56 80.76 66.18 0 0.295396 1610.62 371.55 41.61 31.19 3 0.283003 364.35 910.33 62.60 52.63 3 0.278080 293.01 344.79 51.44 42.39 0 0.275620 743.25 274.17 91.64 58.20 0 0.271003 1637.31 298.51 78.25 42.78 0 0.270651 833.90 252.16 54.48 48.71 0 0.267786 258.15 883.38 36.62 47.02 3 0.261072 1485.60 962.20 64.83 40.06 3 0.260669 836.66 233.92 61.74 35.67 0
368,0.591011 1223.40 486.75 61.25 37.19 1 0.535497 702.41 297.07 50.77 49.07 0 0.522334 658.87 258.45 47.87 47.60 0 0.519436 1156.65 672.95 53.70 39.95 0 0.513253 872.21 430.21 56.08 42.04 0 0.496627 1551.22 629.58 54.03 34.46 0 0.456154 822.20 393.95 50.00 41.37 0 0.433668 1672.69 803.80 49.69 38.70 0 0.419743 1682.49 810.32 57.43 38.67 0 0.417893 1467.08 587.28 49.15 39.34 0 0.413874 1775.09 724.73 36.82 34.09 0 0.402961 815.84 390.39 52.49 41.32 0 0.392180 746.91 335.05 44.26 41.69 0 0.386219 756.20 343.77 47.50 40.60 0 0.361900 828.44 398.04 50.64 44.61 0 0.359097 1557.15 634.77 51.92 34.07 0 0.355299 1776.14 849.98 48.03 39.92 0 0.348434 1406.48 562.27 52.25 30.56 0 0.306823 1842.50 877.31 52.34 38.53 0 0.296472 1447.52 575.68 53.36 36.88 0 0.296109 1334.39 673.18 42.85 29.87 0 0.294823 845.34 409.59 44.29 41.55 0 0.253108 1878.22 888.71 41.78 40.98 0 0.252447 1849.09 879.93 60.56 41.25 0
369,0.620919 361.74 472.48 25.69 33.26 0 0.619992 875.88 345.54 38.84 61.34 1 0.584411 1174.56 388.71 20.49 28.92 0 0.547157 963.78 320.21 21.71 33.69 0 0.513110 326.49 463.79 28.46 35.91 0 0.507107 348.83 373.27 34.45 22.61 0 0.502694 1157.70 388.79 18.21 27.23 0 0.481523 933.17 304.08 20.17 32.02 0 0.467095 595.64 509.61 24.45 34.00 0 0.457425 933.30 312.51 18.73 35.13 0 0.451333 453.57 484.84 21.45 32.38 0 0.430345 402.36 475.10 24.82 35.31 0 0.406729 553.93 424.17 32.34 20.48 0 0.406148 913.86 305.80 22.27 33.32 0 0.405119 381.18 474.54 23.20 31.96 0 0.397293 474.27 487.16 23.02 30.37 0 0.396140 1050.50 378.28 22.88 30.88 0 0.388787 1123.27 387.99 19.75 28.23 0 0.386935 518.49 416.37 25.55 21.58 0 0.361451 598.46 427.60 31.20 19.29 0 0.350270 388.58 533.41 30.18 29.73 0 0.311622 871.75 220.91 23.36 30.55 0 0.309484 190.52 440.50 29.58 30.86 0 0.303919 686.76 515.19 23.71 36.64 0 0.302045 680.94 517.59 22.72 35.12 0
370,0.723523 1065.34 397.78 52.35 74.10 0 0.661297 3.08 476.02 36.21 79.95 0 0.636366 24.69 309.29 34.87 63.85 0 0.600006 276.73 58.65 27.07 44.83 0 0.587804 274.69 175.20 27.12 44.71 0 0.584931 276.01 305.81 30.25 62.48 0 0.563483 278.08 646.91 40.32 72.39 0 0.543968 39.75 180.63 33.48 59.63 0 0.531528 58.03 59.95 27.43 47.10 0 0.374733 28.95 249.66 23.51 41.10 0 0.271850 437.67 126.49 11.82 21.27 2
371,0.524002 690.75 690.70 13.72 17.93 2 0.518184 402.72 564.29 11.47 14.27 2 0.471395 492.70 555.53 12.83 20.65 2 0.469469 920.54 634.65 14.66 17.32 2 0.441773 320.73 357.28 13.71 15.70 2 0.437958 1110.88 382.22 42.45 32.14 1 0.421169 556.03 621.79 17.21 21.53 2 0.411963 604.78 658.47 13.55 17.39 2 0.376549 553.95 612.84 18.44 24.63 2 0.333834 606.36 627.61 10.96 16.41 2 0.283181 2.53 527.36 41.19 59.66 0 0.283174 1113.15 460.16 18.31 20.77 2 0.271901 1116.78 461.48 18.96 19.40 2 0.270180 690.74 687.07 12.75 18.02 2 0.256903 357.04 261.66 9.70 13.79 2
372,0.759452 1030.95 363.70 196.70 73.99 0 0.677275 242.65 401.79 223.81 82.51 0 0.660066 0.00 418.93 194.50 79.87 0 0.467814 250.62 393.24 257.54 96.77 0 0.449651 0.00 429.36 162.72 70.72 0 0.259689 20.78 219.19 21.96 29.20 0
373,0.545672 200.14 563.00 87.26 43.17 0 0.502648 528.37 489.32 28.75 33.46 0 0.466483 1033.17 628.56 36.94 31.79 0 0.439683 859.59 582.85 35.32 30.83 0 0.334280 408.25 411.65 35.59 26.08 0 0.329705 491.38 487.15 30.74 32.12 0 0.328961 573.18 479.50 28.36 37.01 0 0.310648 553.83 463.46 23.89 26.24 0 0.308603 814.03 605.21 37.07 31.55 0 0.282875 724.63 600.51 51.76 30.94 0 0.279899 478.61 457.63 34.48 29.43 0 0.276754 901.49 596.50 41.86 47.01 0 0.264808 1034.01 610.46 33.85 40.02 0 0.263863 486.49 492.12 30.77 31.71 0
374,0.676302 1291.89 539.27 58.15 28.06 0 0.642237 1085.65 520.95 53.08 27.27 0 0.610956 1222.32 529.75 56.86 28.29 0 0.592762 1366.73 541.17 61.63 26.11 0 0.576052 1004.11 517.55 64.08 27.38 0 0.533898 1150.05 527.47 51.81 27.71 0 0.519504 1438.20 545.79 58.44 26.36 0 0.452184 801.31 498.95 51.30 27.05 0 0.450219 952.64 517.87 37.97 20.72 0 0.370971 1132.27 472.83 41.04 24.72 0 0.356752 1124.58 470.93 42.26 24.80 0 0.350508 1156.55 526.34 52.97 26.66 0 0.312718 933.77 515.61 29.23 20.49 0 0.289253 1226.64 526.76 54.89 27.36 0 0.264377 289.10 561.85 31.42 35.68 0 0.256255 797.66 503.17 54.90 28.57 0
375,0.613325 1061.18 442.81 199.82 105.15 0 0.438477 1788.92 758.57 131.08 109.32 0 0.424419 492.96 528.02 142.54 132.33 0 0.419112 394.56 484.69 198.96 117.52 0 0.382882 1378.89 454.51 125.39 59.44 0 0.373764 1419.18 465.17 79.29 53.23 0 0.322875 1094.30 434.34 173.34 103.82 0 0.282727 1892.03 692.28 27.97 41.54 0 0.267942 1347.33 450.43 160.92 67.89 0 0.266992 1820.00 744.46 98.87 106.86 0
376,0.574763 301.10 576.64 97.99 51.41 0 0.540314 671.19 498.76 33.77 38.61 0 0.490121 1170.86 628.50 34.18 27.49 0 0.485379 532.48 727.86 60.56 26.68 0 0.479863 630.31 503.50 35.41 36.00 0 0.459789 1035.21 608.25 38.27 53.40 0 0.426651 984.87 630.22 29.07 31.16 0 0.406548 1219.18 611.42 34.01 24.20 0 0.380065 568.37 463.65 39.97 30.21 0 0.340053 1221.85 650.75 36.06 25.40 0 0.316780 945.39 616.74 36.80 39.55 0 0.312466 1166.17 653.39 34.93 23.17 0 0.291515 634.81 497.37 33.92 36.41 0 0.274084 988.55 603.74 32.39 43.48 0 0.270084 940.03 607.15 35.71 44.57 0 0.262363 1220.33 629.82 34.69 28.44 0
377,0.612177 1460.55 596.07 33.01 16.19 0 0.574112 1234.81 594.78 41.23 19.28 0 0.558508 1280.65 591.54 37.55 21.57 0 0.528572 1413.02 596.81 35.15 17.78 0 0.489406 1502.47 596.69 37.97 18.52 0 0.427238 1726.64 596.83 36.43 17.68 0 0.412308 1364.92 595.63 34.52 18.69 0 0.400536 1641.55 597.00 41.10 19.24 0 0.395329 1584.60 597.11 36.27 18.83 0 0.338002 989.86 640.12 29.18 34.40 0 0.289555 1676.62 597.57 34.49 17.44 0 0.253338 1631.47 597.67 36.49 18.43 0
378,0.834106 1003.90 465.55 143.23 56.49 1 0.772300 530.73 599.77 25.18 71.19 2 0.729418 1188.29 476.30 116.54 46.41 0 0.691802 1319.69 487.30 95.15 36.99 0 0.669836 681.84 465.15 124.90 42.95 0 0.635660 557.24 598.82 30.26 75.98 2 0.630273 1659.11 489.75 112.67 39.96 0 0.618127 529.28 465.79 130.47 42.76 0 0.500934 711.11 470.93 102.01 38.74 0 0.484542 832.78 475.65 133.51 42.67 0 0.481146 565.08 603.91 27.96 71.10 2 0.448600 804.01 476.50 157.91 47.46 0 0.424543 1791.54 491.79 109.41 38.46 0 0.303793 532.21 591.28 23.03 59.32 2 0.255295 569.33 608.98 26.06 70.95 2
379,0.719168 590.85 799.09 70.55 159.05 1 0.673297 744.93 595.16 29.03 57.07 0 0.666304 646.22 668.55 28.23 52.53 0 0.660397 1085.81 831.23 28.41 57.84 0 0.648549 739.81 657.02 32.42 61.13 0 0.600564 678.97 660.11 28.58 54.49 0 0.589158 645.37 599.13 29.90 55.95 0 0.586929 711.95 600.76 26.75 53.24 0 0.536011 935.23 831.34 28.65 58.35 0 0.515793 1024.08 844.16 30.83 50.78 0 0.500141 23.59 1030.56 62.21 29.94 0 0.453169 1148.96 796.43 37.75 31.77 0 0.422556 677.52 600.40 27.77 53.86 0 0.416416 901.92 829.97 31.11 58.84 0 0.404300 565.83 767.54 35.48 32.28 0 0.394322 648.53 654.25 27.42 56.25 0 0.378994 1117.37 837.06 27.01 54.54 0 0.358479 538.32 768.18 45.77 31.64 0 0.308839 760.84 906.19 37.60 73.82 0 0.291283 529.72 572.36 32.25 53.93 0 0.280037 19.14 1027.77 60.17 28.21 0 0.273134 814.02 792.68 47.71 29.44 0 0.262901 781.64 815.78 31.37 49.55 0
380,0.652203 1246.52 506.89 62.53 39.11 1 0.527124 695.86 246.90 49.21 48.08 0 0.521714 739.14 290.83 50.37 47.86 0 0.486677 850.52 387.33 47.98 46.21 0 0.469784 1690.82 858.78 56.27 37.53 0 0.467338 1175.40 693.36 49.72 37.78 0 0.449145 898.21 429.12 55.74 43.34 0 0.440310 780.55 325.04 47.18 46.09 0 0.413887 795.08 337.64 44.41 44.80 0 0.377692 786.37 332.32 47.42 44.81 0 0.377019 1526.31 636.78 37.97 36.30 0 0.368863 1468.24 607.20 46.33 40.00 0 0.343324 1775.03 898.61 47.09 38.21 0 0.337337 744.83 292.52 52.15 52.19 0 0.331709 1496.40 622.21 41.04 35.87 0 0.319878 1167.87 687.25 49.13 39.54 0 0.294065 872.86 404.58 47.74 44.13 0 0.288552 1486.26 616.61 48.91 38.89 0 0.285086 1854.53 935.18 43.74 38.94 0 0.281534 1791.21 784.99 34.58 31.42 0 0.276813 1783.93 901.89 49.35 43.55 0 0.269517 855.21 392.02 49.09 48.00 0 0.261907 1349.88 697.36 37.26 30.23 0 0.260747 1476.87 616.53 47.09 39.99 0 0.256022 1560.76 615.30 41.00 27.99 0 0.252794 1685.44 853.59 51.57 37.03 0
381,0.362694 570.94 967.32 37.69 56.90 0 0.343079 1114.96 952.83 53.38 60.45 0
382,0.694314 452.57 26.46 25.11 54.11 0 0.683152 553.08 102.76 26.07 64.39 0 0.673269 646.59 98.74 26.54 61.99 0 0.654927 447.42 537.56 51.80 28.49 0 0.645378 677.64 98.24 25.68 61.79 0 0.638565 677.60 219.57 24.16 50.12 0 0.637243 245.89 393.28 48.39 21.89 0 0.633270 358.53 446.08 27.78 58.08 0 0.620004 579.31 23.46 25.51 56.49 0 0.615249 789.41 97.42 25.57 59.29 0 0.612501 313.80 451.46 26.60 53.51 0 0.611132 518.09 28.50 26.22 58.51 0 0.609867 425.49 446.15 28.45 51.57 0 0.603800 483.40 29.47 24.63 54.84 0 0.601118 1705.18 712.77 52.52 25.61 0 0.600776 520.47 223.71 42.51 22.91 0 0.598652 333.61 124.66 27.09 60.78 0 0.587020 745.09 21.05 23.77 60.87 0 0.583023 710.15 219.13 27.96 58.01 0 0.580309 641.41 21.83 26.79 59.79 0 0.578058 384.57 33.66 24.50 57.11 0 0.569950 752.05 96.92 27.63 60.23 0 0.569117 606.70 467.74 27.08 56.63 0 0.566490 677.25 18.95 25.28 58.02 0 0.560139 732.52 324.00 49.55 26.13 0 0.559202 350.95 34.41 29.59 59.64 0 0.558503 713.96 100.41 25.48 58.90 0 0.558494 608.09 20.89 26.55 57.34 0 0.551428 568.95 462.16 27.10 56.57 0 0.539331 234.35 445.32 29.63 59.01 0 0.539164 749.87 324.31 42.78 24.22 0 0.524202 709.78 21.51 25.29 56.51 0 0.518312 536.93 448.70 26.60 56.32 0 0.513832 615.67 99.51 27.37 60.43 0 0.489156 484.55 114.97 26.72 56.23 0 0.485748 416.64 27.48 26.64 58.91 0 0.480040 516.94 106.65 27.83 61.09 0 0.468290 244.81 351.98 54.03 27.54 0 0.449057 506.01 452.31 26.47 53.49 0 0.436966 270.74 450.41 26.82 56.59 0 0.436599 739.66 220.63 23.50 54.56 0 0.423415 228.18 312.85 54.06 26.89 0 0.394778 1762.21 504.64 48.77 29.79 0 0.387518 538.32 223.86 41.75 22.49 0 0.375452 295.37 126.63 28.75 60.70 0 0.364585 1897.46 517.66 22.06 51.61 0 0.345570 275.57 453.56 27.79 52.80 0 0.308529 1812.39 698.28 75.08 30.47 1 0.285544 1829.50 406.24 28.64 49.30 0 0.266035 600.50 230.17 44.65 21.87 0 0.250478 613.23 233.25 37.49 21.27 0
383,0.679881 1258.52 668.06 47.71 50.89 0 0.632870 1197.90 556.44 42.25 42.71 0 0.560635 859.77 326.14 31.50 18.97 0 0.559596 759.96 592.21 62.10 29.39 0 0.546018 1233.82 367.99 50.41 31.31 1 0.524978 1154.00 468.55 32.39 32.00 0 0.517500 1070.62 662.18 39.18 55.79 0 0.508447 785.68 193.01 20.18 13.58 0 0.499895 1065.21 289.91 25.91 23.23 0 0.482581 835.64 232.01 28.22 17.21 0 0.475395 1236.47 374.01 50.06 28.08 1 0.452984 1099.52 356.80 28.56 24.01 0 0.418848 855.84 311.15 29.08 16.42 0 0.414249 849.31 288.11 28.09 16.72 0 0.411137 775.45 193.11 19.97 14.92 0 0.399228 721.20 239.85 24.44 16.27 0 0.397013 834.50 235.70 29.29 18.17 0 0.395782 1084.57 332.63 28.39 26.14 0 0.386478 1082.41 329.84 27.43 26.82 0 0.373003 700.61 238.50 19.76 16.72 0 0.363766 806.50 191.02 21.01 13.83 0 0.355909 1019.07 191.65 19.34 16.10 0 0.354465 1286.81 229.48 22.15 13.14 0 0.340146 966.14 300.34 20.54 24.28 0 0.339362 1113.93 375.57 32.03 34.30 1 0.269052 1052.58 192.82 17.58 15.41 0 0.268358 761.29 282.54 34.18 20.79 1 0.267825 1281.98 457.13 39.34 36.79 1 0.266698 670.64 228.78 19.96 15.01 0 0.251383 883.21 138.23 18.53 18.52 0
384,0.697276 125.29 247.96 22.96 40.45 0 0.696996 197.46 243.47 23.18 40.65 0 0.676306 412.68 331.16 22.30 41.90 0 0.669968 96.45 248.12 24.77 41.76 0 0.667503 500.04 488.92 24.56 46.30 0 0.656980 434.54 238.05 22.20 43.48 0 0.647018 42.44 391.00 27.58 41.80 0 0.640728 71.87 394.38 25.66 41.05 0 0.628280 223.94 241.66 25.25 41.79 0 0.626754 142.89 343.12 24.74 43.68 0 0.620577 440.11 330.59 22.25 40.15 0 0.617992 333.65 334.75 22.66 44.15 0 0.616370 389.82 192.58 19.27 38.14 0 0.613287 409.47 238.89 21.89 44.05 0 0.609413 1135.02 228.86 20.31 38.09 0 0.602659 313.45 201.21 21.71 35.44 0 0.601875 530.69 487.92 25.27 47.16 0 0.600607 172.45 339.07 25.01 44.04 0 0.594284 224.78 335.18 23.51 41.15 0 0.590918 522.82 550.48 26.12 50.16 0 0.586226 98.90 393.96 25.08 44.49 0 0.585447 356.93 239.12 21.57 42.53 0 0.583131 415.44 192.15 18.90 38.64 0 0.581719 163.88 201.05 21.97 35.91 0 0.575773 388.22 331.67 22.13 45.13 0 0.575223 306.48 335.53 22.87 42.71 0 0.575006 535.79 234.35 22.19 41.66 0 0.571093 149.10 248.26 22.16 39.85 0 0.569371 509.56 235.86 20.60 38.08 0 0.568611 92.62 343.72 22.70 40.53 0 0.566185 1029.54 59.21 35.45 18.17 0 0.566184 383.04 238.77 22.65 43.69 0 0.565587 362.67 195.16 21.29 38.88 0 0.563143 116.25 344.66 23.46 41.41 0 0.559880 200.29 335.35 24.01 43.00 0 0.554087 439.21 192.12 19.37 38.97 0 0.551078 462.56 192.89 19.88 39.07 0 0.540219 264.75 198.25 21.45 37.37 0 0.540097 117.84 202.42 22.30 33.26 0 0.531402 1156.82 428.80 24.98 49.28 0 0.524423 189.67 200.52 21.55 34.11 0 0.518624 289.26 197.50 19.72 34.22 0 0.501916 173.69 246.56 21.70 39.39 0 0.499325 1032.05 82.76 34.09 19.71 0 0.498616 466.21 329.99 22.11 41.89 0 0.497790 444.46 492.25 26.53 50.36 0 0.485020 1142.99 322.06 25.95 49.58 1 0.461135 522.21 333.86 21.39 39.42 0 0.460165 561.17 233.29 22.29 40.75 0 0.456066 484.84 237.08 20.01 36.20 0 0.452496 306.71 242.82 20.84 40.87 0 0.441856 1029.39 35.66 32.67 16.81 0 0.440519 64.88 344.76 22.88 37.67 0 0.419935 719.32 226.27 18.85 48.37 1 0.417046 1318.46 821.58 17.40 34.95 0 0.409721 330.21 241.40 21.37 41.98 0 0.395679 487.86 190.15 20.71 38.47 0 0.390992 280.96 240.07 22.70 41.77 0 0.388001 338.34 198.24 20.01 37.02 0 0.384382 255.95 241.37 23.70 41.08 0 0.381444 279.66 336.90 23.10 42.49 0 0.381382 249.32 337.02 23.16 42.50 0 0.381192 1037.30 86.01 34.92 19.69 0 0.373050 243.60 139.22 14.53 19.66 3 0.358588 1151.83 376.67 23.35 43.37 0 0.344828 495.34 334.25 22.92 41.06 0 0.334496 513.38 189.62 21.11 37.46 0 0.332659 242.48 241.58 22.93 39.60 0 0.317554 1119.25 57.75 22.00 36.65 0 0.302846 537.87 190.16 22.02 38.02 0 0.263956 273.68 139.80 14.03 19.02 3
385,0.529510 1099.20 595.66 25.28 11.57 0 0.448810 1245.69 515.62 19.50 17.90 0 0.354299 782.16 636.90 28.64 15.07 0 0.327175 1031.28 584.49 27.60 17.78 0 0.267581 1077.22 595.87 26.02 12.38 0
386,0.510567 474.01 725.08 32.25 26.32 1 0.494996 410.60 852.22 17.81 19.34 0 0.454795 436.57 851.80 16.21 20.14 0 0.404697 347.21 738.58 32.86 20.21 0 0.341331 385.55 690.01 23.57 16.22 0 0.302100 427.87 759.78 31.67 22.77 1 0.297716 279.40 991.81 27.22 27.77 0 0.283764 354.38 854.45 23.68 18.42 0 0.252989 339.77 739.50 31.71 23.01 0
387,0.867092 419.92 850.11 61.18 181.78 1 0.784276 459.84 967.91 199.37 51.35 1 0.764171 533.76 809.91 167.46 56.19 1 0.693686 474.77 910.07 195.06 67.41 1 0.684437 193.74 240.94 29.37 45.48 0 0.620893 234.73 234.78 30.13 44.09 0 0.598633 427.31 240.88 44.10 28.56 0 0.589392 716.11 71.50 23.64 43.16 0 0.567263 839.42 73.95 20.76 43.29 0 0.557928 885.77 69.76 19.02 38.96 0 0.549062 294.80 233.94 26.88 43.16 0 0.544651 425.50 856.68 58.31 129.47 1 0.515676 845.44 137.79 54.92 25.42 0 0.492448 862.18 73.44 19.63 41.30 0 0.479753 968.22 78.92 18.32 29.57 0 0.478630 492.94 267.53 43.30 24.21 0 0.457307 522.76 222.00 26.18 26.42 0 0.455924 1029.08 65.85 22.67 44.21 1 0.438966 678.74 31.03 21.10 27.88 0 0.425402 324.41 233.48 29.11 43.46 0 0.405540 506.68 906.41 159.98 59.53 1 0.403717 655.89 0.00 22.27 28.92 0 0.392508 916.09 77.53 15.12 33.17 0 0.378127 686.40 66.82 28.43 44.07 0 0.349839 494.51 262.09 43.43 26.36 0 0.312204 840.65 134.69 52.14 25.37 0 0.300511 760.95 0.00 26.10 23.73 0 0.293086 414.55 864.74 57.22 177.18 1 0.285828 1055.20 181.67 23.39 34.67 0 0.276839 409.18 887.81 55.95 149.29 1 0.259840 445.58 968.03 184.42 59.30 1
388,0.619973 1042.42 775.60 38.91 68.27 0 0.536691 938.78 63.33 20.61 19.94 0 0.474604 1025.41 973.40 44.28 93.74 0 0.438644 894.78 500.21 28.37 56.29 1 0.363639 1033.37 865.42 38.10 59.64 0 0.350495 944.32 112.46 21.77 20.06 0 0.333504 854.14 81.54 27.60 18.59 0 0.306924 894.79 510.29 27.94 60.30 1 0.272450 1020.93 987.78 48.12 88.94 0 0.268065 1032.37 872.97 39.21 76.79 0
389,0.680468 1004.76 81.70 22.91 29.25 0 0.474415 1032.80 153.92 24.59 32.41 0 0.315632 980.12 10.79 21.09 22.81 0 0.297955 1041.33 223.77 24.89 36.84 0
390,0.676141 931.29 560.65 77.56 32.47 0 0.640933 750.55 553.11 69.24 30.45 0 0.630520 1028.94 561.40 80.89 33.38 0 0.616263 278.85 531.67 77.15 34.36 0 0.604837 467.73 542.18 73.32 31.83 0 0.561251 842.21 554.27 71.89 32.34 0 0.545738 1124.35 562.65 72.96 35.42 0 0.538796 657.06 551.08 74.48 31.22 0 0.523185 558.62 547.60 84.87 34.07 0 0.390922 730.12 493.34 51.79 25.73 0 0.376721 83.69 520.79 96.17 36.97 0 0.337094 1025.73 567.52 82.46 35.83 0 0.328767 843.98 549.86 71.64 30.44 0 0.311711 788.09 498.77 47.09 26.22 0 0.309842 1376.08 651.03 52.75 24.48 0
391,0.523712 1112.35 791.64 62.11 32.12 0 0.523690 1527.20 791.30 68.06 31.66 0 0.468028 304.19 348.78 32.88 42.68 0 0.430893 300.81 352.89 33.30 43.55 0 0.393888 1784.27 787.95 57.85 27.96 0 0.367105 786.07 786.19 56.18 28.69 0
392,0.659104 530.75 658.04 48.02 24.27 0 0.613118 590.27 737.08 59.49 30.28 0 0.602831 1767.89 63.91 42.44 20.93 0 0.600552 994.57 708.03 54.23 27.62 0 0.580202 298.64 633.00 53.66 26.72 0 0.570704 1584.19 248.79 41.11 22.86 0 0.558970 1825.18 794.71 60.60 33.35 0 0.546352 1775.90 85.59 40.46 21.73 0 0.535306 1800.18 154.43 42.10 23.12 0 0.516523 1816.71 222.14 45.02 23.17 0 0.511240 1782.55 112.50 45.51 23.64 0 0.508868 1810.08 181.49 43.41 21.16 0 0.496784 1639.95 232.93 49.11 24.25 0 0.486165 1813.97 197.68 45.57 23.44 0 0.485599 1876.69 57.51 35.95 20.39 0 0.482544 1801.67 158.39 44.75 23.33 0 0.473570 1761.48 34.20 44.78 21.76 0 0.467906 1644.30 251.95 48.01 26.27 0 0.441484 1630.58 195.48 45.34 24.08 0 0.433889 1897.27 799.40 22.73 32.69 0 0.417009 1744.95 7.42 44.18 22.36 0 0.414754 1855.58 13.28 41.46 23.32 0 0.412373 1779.90 109.10 44.39 23.88 0 0.388280 1867.49 40.54 39.92 20.81 0 0.376665 1756.96 32.10 43.33 21.17 0 0.360878 1852.28 6.42 40.35 24.02 0 0.318750 1820.77 227.31 45.46 22.02 0 0.312431 1637.48 231.82 44.50 22.12 0 0.307549 1742.73 0.00 43.30 17.82 0 0.299533 1903.12 133.47 16.88 22.38 0 0.279146 1886.89 84.88 32.74 19.17 0 0.274858 1752.44 18.42 44.22 21.13 0 0.271654 1854.14 0.00 46.82 19.02 0 0.262751 1897.89 105.71 21.09 20.74 0
393,0.547408 376.91 354.96 97.83 91.04 0 0.522485 793.38 612.70 133.07 105.53 0 0.512319 128.54 22.91 81.72 62.81 0 0.507815 116.19 9.35 73.26 51.98 0 0.470543 639.79 504.58 148.03 133.56 0 0.458188 162.66 197.21 66.59 55.84 0 0.440398 177.17 215.61 72.29 61.60 0 0.425723 514.45 447.37 101.60 94.68 0 0.371508 193.48 237.25 82.25 62.75 0 0.368508 499.53 438.31 105.70 83.72 0 0.337266 458.72 414.67 53.69 53.52 0 0.300526 166.90 204.54 69.34 62.49 0 0.290138 120.44 14.32 80.79 63.63 0 0.267010 793.86 607.36 113.38 94.49 0
394,0.537597 717.57 637.03 34.57 17.46 0 0.408974 1348.22 468.99 17.41 19.59 0 0.358344 1100.69 593.78 24.03 13.06 0 0.307952 1154.74 564.55 20.19 14.79 0 0.292976 1201.76 571.82 19.14 14.66 0 0.288996 1267.67 516.79 19.22 15.99 0 0.271062 1127.93 591.98 20.11 11.91 0
395,0.568978 1212.71 1003.57 38.18 20.41 1 0.520698 1355.35 979.40 32.00 21.33 0 0.459832 1103.96 984.80 25.47 34.39 1 0.378136 1370.71 998.70 32.41 19.13 0 0.313084 1353.60 977.45 29.49 21.01 0 0.307319 1181.33 911.39 29.24 32.61 0 0.287942 1374.48 1012.21 32.85 22.08 0 0.265763 1365.16 947.95 25.69 18.29 0 0.263106 1375.76 1003.11 32.06 22.21 0 0.257475 1381.52 1020.75 34.26 16.38 0 0.257390 1219.09 962.05 23.62 25.83 1 0.254227 1179.78 905.12 28.29 33.41 0
396,0.648054 734.22 639.25 103.50 161.00 0 0.631664 570.37 600.54 114.64 176.38 0 0.623667 1110.22 370.00 169.93 130.14 0 0.589674 1533.74 224.45 62.19 46.91 0 0.544852 1748.74 371.95 68.99 59.80 0 0.522104 1404.18 282.86 77.28 60.38 0 0.509837 1445.31 250.63 81.54 58.81 0 0.424543 1280.51 338.23 69.62 63.75 0 0.387770 852.58 641.50 133.48 204.49 0 0.361652 1550.54 205.08 77.79 42.96 0 0.345027 1304.81 320.08 97.67 72.41 0 0.344617 1127.21 367.41 149.09 95.77 0 0.319835 1278.97 325.12 87.06 75.51 0 0.312242 1845.38 390.85 69.41 57.91 0 0.281500 1348.73 317.30 65.92 63.58 0 0.275579 1563.36 206.59 74.79 43.84 0 0.270101 1535.57 217.38 71.54 51.59 0
397,0.459447 883.95 978.11 30.13 65.41 0
398,0.780049 1044.16 319.15 202.63 91.41 1 0.727533 409.66 688.69 46.90 125.36 2 0.715285 1285.61 338.97 171.06 59.30 0 0.673136 400.26 687.15 48.53 111.55 2 0.636705 1468.07 348.79 127.34 51.16 0 0.613845 1613.50 341.34 148.07 53.42 0 0.541755 910.71 369.69 87.34 51.36 0 0.484492 403.16 699.66 49.55 123.10 2 0.444044 413.26 716.24 39.36 99.79 2 0.393402 316.25 506.24 71.01 33.18 0 0.365095 425.54 657.28 29.24 69.16 2 0.364952 83.34 516.03 90.98 38.69 0 0.340078 422.81 661.43 34.67 110.02 2 0.294593 1604.74 350.93 127.95 48.28 0 0.273331 1037.34 332.35 156.46 80.33 1
399,0.698299 87.64 549.42 9.55 14.72 2 0.667095 0.62 199.58 26.00 29.62 0 0.629940 190.77 579.16 9.57 12.88 2 0.475018 203.95 0.00 44.25 21.55 0 0.462811 251.48 516.70 12.21 10.12 2 0.444423 515.75 75.43 30.64 26.95 0 0.416221 173.77 548.46 10.99 13.09 2 0.395293 1273.62 284.89 29.75 28.17 0 0.346536 675.50 648.22 10.51 11.14 2 0.336905 533.74 101.44 24.57 24.87 0 0.318905 200.06 602.92 11.70 13.38 2 0.282423 140.11 683.97 11.51 9.62 2 0.279735 173.18 530.28 11.78 13.94 2 0.260075 219.37 563.49 10.15 11.21 2
400,0.690299 1477.59 632.54 66.79 30.60 0 0.667315 1314.87 630.51 63.47 27.71 0 0.629316 1239.65 623.26 61.41 29.87 0 0.614634 999.21 611.56 69.24 29.53 0 0.613933 1084.40 616.38 59.20 27.85 0 0.608039 928.20 610.04 55.78 26.52 0 0.602946 1401.83 634.26 68.09 29.15 0 0.554728 764.70 600.57 61.27 28.45 0 0.497956 607.49 590.35 62.23 31.14 0 0.441906 1391.03 633.71 61.66 28.44 0 0.423502 1160.60 620.91 57.53 27.03 0 0.401880 919.77 610.23 48.84 23.43 0 0.297969 742.12 604.75 35.82 23.87 0 0.292553 1126.05 565.05 44.34 25.26 0
401,0.781816 719.36 87.53 39.05 35.61 1 0.722749 1084.06 321.17 30.04 52.33 1 0.676392 1227.22 341.33 61.95 38.73 1 0.603171 1064.89 477.14 26.83 44.57 0 0.601457 568.91 593.33 56.23 32.34 0 0.597688 1086.84 280.75 24.39 34.78 0 0.596200 1216.23 497.95 31.64 49.85 1 0.540767 1050.72 614.84 31.03 55.65 0 0.539202 1101.36 149.39 23.79 32.03 0 0.520968 375.05 43.42 11.94 15.04 2 0.513962 812.98 190.25 31.84 24.88 0 0.485001 1090.11 239.18 22.60 34.52 0 0.484202 817.03 162.54 41.53 25.38 0 0.373066 1098.94 200.14 21.90 35.99 0 0.360509 1215.17 508.69 31.96 80.85 1 0.350368 847.66 7.16 34.13 20.38 0 0.302623 1219.77 611.55 48.87 26.47 0 0.275250 963.59 11.20 11.61 16.64 3 0.258614 1231.92 348.11 59.72 34.37 1 0.254553 389.04 7.67 10.54 13.21 2
402,0.709925 1057.00 747.72 25.15 56.60 0 0.686031 482.71 586.97 27.67 59.26 0 0.683904 403.84 466.77 27.00 51.68 0 0.681334 1249.28 746.54 23.24 54.65 0 0.673027 390.96 778.84 28.16 55.81 0 0.671626 1179.90 666.19 23.22 54.94 0 0.632379 1247.17 861.10 26.03 55.35 0 0.631500 1325.98 740.34 24.10 56.11 0 0.627401 765.63 947.97 53.45 27.80 0 0.620724 1289.56 742.68 25.48 55.52 0 0.619103 1214.46 664.88 25.11 56.33 0 0.619030 531.83 459.74 26.25 54.83 0 0.618053 361.37 784.42 26.56 54.04 0 0.617862 992.40 664.78 24.97 53.49 0 0.612881 1183.38 741.71 25.12 57.12 0 0.607178 1264.66 968.04 54.48 25.55 0 0.604945 1248.32 666.27 22.43 54.40 0 0.590127 1076.08 548.97 26.45 55.89 1 0.581425 1215.89 744.06 24.73 56.04 0 0.580437 1154.70 743.04 23.70 53.11 0 0.570848 784.13 986.25 51.78 28.91 0 0.569406 779.93 1019.73 56.02 30.44 0 0.568107 1072.54 347.72 48.30 51.97 0 0.567089 1126.64 873.32 49.48 22.41 0 0.564692 463.66 460.47 26.41 55.01 0 0.555285 498.79 463.93 26.40 53.06 0 0.551896 872.93 759.88 26.65 57.45 0 0.548128 958.61 669.93 24.11 53.25 0 0.543632 1149.02 665.38 24.89 57.77 0 0.525688 422.41 778.68 28.64 54.08 0 0.524779 1283.73 1008.42 56.00 26.59 0 0.519344 1277.43 861.41 25.35 58.22 0 0.511281 924.21 364.49 41.51 50.48 0 0.510663 440.38 588.43 29.14 57.19 0 0.508296 1279.72 661.15 25.54 59.55 0 0.501585 1022.35 751.76 26.01 55.77 0 0.494571 892.37 672.93 25.64 53.31 0 0.494167 1024.18 669.51 25.83 56.11 0 0.488795 913.77 297.39 30.86 59.17 0 0.472229 1057.28 668.77 24.18 57.64 0 0.457638 1063.94 296.45 47.38 45.31 0 0.454584 1092.66 746.36 27.04 59.63 0 0.441481 320.48 781.33 29.66 61.86 0 0.437306 926.17 670.48 25.30 54.37 0 0.419395 1117.54 666.12 26.50 55.49 0 0.410368 620.23 578.73 32.32 62.15 0 0.372907 347.03 339.83 29.52 60.77 0 0.365281 1209.98 864.12 25.84 49.62 0 0.363103 773.54 1022.73 58.06 30.43 0 0.310843 1053.93 866.19 50.58 23.98 0 0.307449 467.91 463.35 27.46 55.05 0 0.296490 839.27 781.43 22.74 41.67 0 0.282984 1283.39 663.75 26.85 56.31 0 0.269189 1209.99 658.60 25.75 61.36 0 0.261761 323.54 788.45 30.26 58.81 0
403,0.668077 591.99 957.06 32.69 67.33 0 0.544951 671.23 336.86 25.69 48.66 0 0.539367 687.84 186.90 24.12 40.79 0 0.483176 635.38 646.89 29.79 56.28 0
404,0.651902 781.35 825.69 63.30 29.06 0 0.640767 1833.17 870.95 72.38 35.10 0 0.635182 115.02 699.61 56.32 29.15 0 0.615865 1846.90 151.91 37.88 20.78 0 0.604607 1695.75 257.91 44.52 23.62 0 0.603522 1510.43 228.04 46.48 26.42 0 0.590079 1632.02 17.06 38.25 19.05 0 0.585473 1795.10 176.70 48.39 23.47 0 0.549881 1761.46 866.94 60.07 31.34 0 0.543668 1771.83 105.84 43.64 21.69 0 0.541099 1647.46 62.14 43.46 20.50 0 0.539998 349.18 722.79 53.19 27.32 0 0.532873 827.86 770.60 53.98 29.10 0 0.528751 1674.04 856.50 65.75 31.99 0 0.523036 1686.58 200.52 42.30 23.76 0 0.516962 1698.20 277.37 45.82 24.58 0 0.513945 1639.71 41.71 42.87 20.82 0 0.512320 1694.90 232.47 41.22 21.90 0 0.506921 1667.94 148.78 46.03 23.98 0 0.504635 1863.89 202.79 43.80 20.83 0 0.504198 1802.10 204.99 45.91 25.53 0 0.500895 1681.83 198.81 42.27 22.93 0 0.496127 1869.10 224.43 40.41 20.24 0 0.487142 1746.54 29.23 43.62 22.83 0 0.486529 1511.55 269.86 48.16 21.98 0 0.485200 1789.17 150.73 44.95 22.05 0 0.481121 1519.91 290.12 51.97 25.16 0 0.468976 1635.30 35.33 41.50 19.56 0 0.467077 1824.02 246.16 43.27 23.49 0 0.466557 1801.72 36.22 41.71 23.73 0 0.458604 1766.31 79.82 43.33 21.45 0 0.458389 1576.75 15.19 39.87 20.97 0 0.445325 1749.88 864.77 64.06 32.91 0 0.441484 1661.32 107.91 39.14 21.97 0 0.431712 1827.77 249.94 44.52 22.83 0 0.427608 1513.45 273.87 55.23 23.97 0 0.427325 1824.73 281.25 48.87 24.88 0 0.419335 1664.11 110.86 40.62 22.03 0 0.414993 1802.45 209.31 49.45 24.90 0 0.414784 1656.39 80.13 39.94 21.83 0 0.414162 1862.64 176.83 41.44 21.18 0 0.413378 1823.14 90.68 39.98 20.57 0 0.412148 1666.76 128.45 44.44 22.99 0 0.410984 1802.43 39.58 45.55 25.24 0 0.410747 1738.53 5.37 44.08 24.08 0 0.409437 1780.84 129.23 42.63 21.87 0 0.399423 1828.28 276.53 46.70 24.95 0 0.397642 1847.40 305.20 45.90 25.46 0 0.397073 1834.98 125.75 41.36 22.20 0 0.394529 1859.32 426.71 54.45 27.87 1 0.393377 1784.31 135.24 41.73 19.08 0 0.388967 1757.60 56.49 43.04 22.98 0 0.385178 1455.78 285.40 44.14 22.37 0 0.378068 1760.30 60.85 43.54 21.62 0 0.367553 1678.97 182.03 41.08 21.43 0 0.361753 1895.01 278.87 24.99 23.29 0 0.351097 1892.26 249.08 27.74 21.76 0 0.331182 1660.19 86.06 40.48 21.83 0 0.330803 1680.68 184.33 44.36 22.64 0 0.326984 1789.26 0.00 43.46 18.16 0 0.325698 1850.11 157.53 40.36 22.48 0 0.321387 434.71 754.85 39.07 18.03 0 0.320294 1792.74 9.30 43.84 21.32 0 0.301073 1735.50 0.00 46.28 20.20 0 0.273064 1735.04 2.07 42.41 25.07 0 0.265402 1878.13 227.82 37.55 20.59 0 0.258141 1775.49 110.51 43.55 21.63 0 0.258120 1795.56 181.55 52.17 24.19 0 0.250555 1576.82 0.00 40.70 16.32 0
405,0.703160 1045.75 629.34 49.55 34.56 0 0.672732 1027.65 510.65 52.48 35.24 0 0.662300 970.54 631.86 50.43 34.89 0 0.660348 919.53 438.85 49.65 30.43 0 0.622567 1090.69 532.19 53.80 33.82 0 0.620212 1119.58 496.88 52.80 33.73 0 0.609825 1001.32 582.08 47.90 31.98 0 0.604937 656.84 495.56 46.49 28.61 0 0.603153 1131.68 464.03 50.85 34.37 0 0.597276 1232.82 275.67 47.30 30.48 0 0.595260 1164.62 276.32 47.37 25.77 0 0.593666 1079.94 558.23 50.23 31.94 0 0.584511 1041.31 250.74 43.36 27.89 0 0.582736 978.63 226.62 38.52 26.74 0 0.568430 1037.37 490.59 53.70 31.58 0 0.565891 1062.06 607.16 48.07 34.06 0 0.552363 1125.47 344.09 46.69 29.67 0 0.544826 863.45 527.23 46.10 29.16 0 0.540174 1077.82 583.55 45.83 35.03 0 0.536961 981.32 344.90 42.82 29.13 0 0.536332 1055.76 470.43 48.14 28.20 0 0.535925 1148.20 433.51 47.99 32.93 0 0.534946 1010.97 557.19 54.43 36.56 0 0.533062 1155.86 295.14 43.51 27.16 0 0.530382 1210.42 319.44 45.35 26.47 0 0.528920 1112.89 368.17 48.38 29.30 0 0.527777 984.59 605.99 47.65 33.60 0 0.526662 598.09 467.75 39.42 29.68 0 0.522220 1102.98 387.08 49.49 29.15 0 0.520788 998.21 321.91 44.68 28.07 0 0.519382 1138.31 323.38 46.73 28.59 0 0.513603 671.49 468.67 41.48 30.28 0 0.513062 1008.97 300.99 41.99 28.72 0 0.494170 1174.10 391.13 47.06 30.65 0 0.493641 1098.85 393.55 49.61 29.99 0 0.491380 1175.19 255.02 42.22 24.97 0 0.484580 1066.48 448.37 49.84 29.84 0 0.475935 907.71 462.51 46.18 29.16 0 0.473184 1145.42 429.27 48.09 27.57 0 0.460305 1055.81 227.29 40.10 26.76 0 0.460183 1160.61 416.15 49.13 30.22 0 0.454545 1026.84 272.38 41.96 27.68 0 0.453504 985.19 339.12 44.76 27.38 0 0.449997 1011.50 297.09 44.15 28.04 0 0.446621 861.55 522.69 44.49 29.24 0 0.444118 876.55 506.85 47.50 32.77 0 0.443556 944.83 396.68 48.27 31.37 0 0.440899 1013.61 199.27 41.70 25.79 0 0.438071 851.81 770.24 59.70 39.63 1 0.434738 849.66 549.76 48.94 31.55 0 0.426252 1108.37 375.04 49.83 29.64 0 0.417577 913.95 442.74 53.34 31.13 0 0.408700 1007.17 208.25 42.58 25.84 0 0.405801 1088.89 414.93 47.85 30.02 0 0.405371 854.82 536.86 48.50 32.92 0 0.392725 897.95 482.44 46.91 30.51 0 0.392574 1135.07 327.60 47.84 30.55 0 0.391992 700.13 426.75 40.32 29.07 0 0.389849 1203.05 342.76 43.41 25.25 0 0.387261 1169.62 273.49 49.26 26.84 0 0.386870 1110.66 507.44 56.96 34.94 0 0.382706 1081.52 426.01 48.76 29.45 0 0.382046 1207.25 337.42 45.16 25.57 0 0.376601 940.81 401.88 49.52 29.75 0 0.369071 969.22 366.03 46.95 28.41 0 0.364054 1289.70 424.96 27.84 17.84 3 0.357333 956.52 384.83 48.30 28.65 0 0.356540 704.10 432.72 41.70 29.99 0 0.355610 957.75 379.97 44.71 27.22 0 0.350953 1300.20 398.95 24.33 17.42 3 0.343309 1005.21 220.88 35.78 26.53 0 0.329760 884.85 503.01 46.10 30.34 0 0.329545 1061.99 218.73 45.39 28.73 0 0.321562 1084.16 539.11 54.92 34.03 0 0.308254 1344.28 305.07 27.06 18.40 3 0.305421 1119.67 368.49 51.64 28.45 0 0.301731 1067.09 906.44 29.25 20.01 3 0.300791 1144.85 315.90 48.99 25.47 0 0.299056 986.25 332.26 45.68 26.93 0 0.291586 1204.48 329.94 46.60 26.81 0 0.291542 1217.17 309.19 43.66 25.63 0 0.283557 1031.04 266.98 43.29 26.64 0 0.280205 1063.80 904.23 28.50 20.49 3 0.268622 885.93 496.94 47.06 31.18 0 0.264996 1169.17 408.37 51.40 30.28 0 0.260365 1078.22 432.80 50.28 30.33 0 0.255920 1105.52 524.86 54.82 29.98 0 0.252270 858.32 775.83 59.48 44.78 1
406,0.772035 1327.78 212.40 44.98 123.16 1 0.755868 975.25 110.25 34.97 68.68 0 0.702657 1025.35 210.25 34.19 78.01 0 0.700339 500.88 216.73 37.21 80.92 0 0.686584 851.26 216.06 37.38 83.02 0 0.674987 930.38 103.32 35.00 73.38 0 0.673938 1029.23 428.85 35.69 77.74 0 0.673331 804.41 113.13 34.82 74.70 0 0.672124 885.96 121.86 32.18 75.78 0 0.669535 857.14 424.73 35.70 77.89 0 0.662613 469.80 427.75 38.59 79.08 0 0.661403 683.35 427.00 39.19 77.59 0 0.659479 1069.71 204.29 34.21 76.32 0 0.659204 546.60 216.64 35.49 76.50 0 0.653172 587.15 221.86 37.45 76.45 0 0.649009 552.18 419.73 38.31 79.47 0 0.648390 762.86 222.42 36.77 78.26 0 0.648318 717.86 214.97 37.61 81.07 0 0.640045 373.72 225.26 36.92 78.60 0 0.639479 757.51 109.55 35.48 68.58 0 0.635310 979.78 207.86 34.55 71.76 0 0.634124 424.09 436.56 36.51 77.73 0 0.633606 669.10 122.77 33.99 73.67 0 0.633523 543.35 117.92 35.30 73.47 0 0.628415 328.49 229.37 37.47 77.92 0 0.619153 807.53 219.85 35.88 84.44 0 0.616378 280.06 120.76 37.07 83.68 0 0.610376 284.65 229.37 38.22 76.23 0 0.610023 899.73 424.96 37.58 74.92 0 0.607182 485.64 0.00 14.03 15.03 3 0.606466 340.42 533.93 36.51 75.57 0 0.603525 411.91 124.58 35.07 73.19 0 0.602590 1092.37 838.52 33.95 73.54 0 0.600463 383.88 437.27 34.75 75.07 0 0.596811 626.46 125.61 36.80 72.06 0 0.593235 1043.14 730.10 36.73 75.24 0 0.586889 957.44 730.94 34.68 85.12 0 0.584900 370.88 126.26 33.34 72.01 0 0.583468 339.11 436.52 36.38 72.45 0 0.581424 640.20 428.99 37.52 75.10 0 0.579130 457.16 221.20 37.07 77.21 0 0.578121 675.12 222.81 36.92 81.16 0 0.576268 813.01 425.58 37.80 77.03 0 0.569025 936.00 207.88 34.37 76.04 0 0.566602 632.05 222.36 37.04 78.24 0 0.566342 295.55 528.34 38.44 83.05 0 0.565896 387.62 539.94 37.64 80.57 0 0.562563 1085.17 723.14 37.93 82.82 0 0.562279 417.01 222.16 37.40 76.82 0 0.557506 728.12 425.64 36.18 81.23 0 0.556553 458.52 0.00 13.61 12.93 3 0.553155 945.01 426.87 34.78 74.01 0 0.551262 585.15 116.23 34.51 70.14 0 0.547142 844.43 118.28 32.88 73.60 0 0.546428 988.72 427.42 34.74 76.94 0 0.543406 295.12 434.90 37.99 77.79 0 0.539011 1017.39 105.11 36.25 81.79 0 0.516731 512.48 423.62 37.17 77.42 0 0.496500 712.78 114.85 37.83 66.33 0 0.493524 596.57 427.99 38.29 79.09 0 0.472999 513.09 0.00 16.12 14.44 3 0.429663 458.20 958.10 35.05 62.19 0 0.409201 532.90 0.00 19.91 15.75 3 0.351382 712.78 125.81 36.08 76.36 0 0.323211 499.29 956.27 31.27 56.48 0 0.301827 691.83 123.38 34.16 74.59 0 0.301394 263.18 0.00 25.11 17.46 3 0.270352 234.38 0.00 22.26 16.45 3
407,0.519335 1468.13 560.78 44.19 26.34 0 0.471168 1473.10 563.84 43.57 29.12 0 0.274029 1438.97 652.39 37.31 34.89 0
408,0.718602 1772.54 266.60 26.35 42.62 0 0.676537 1746.16 268.16 27.47 43.10 0 0.666914 1603.40 367.12 24.06 42.01 0 0.652949 1796.94 264.52 26.10 42.62 0 0.649571 1719.13 268.47 26.93 42.14 0 0.638894 1680.64 366.54 27.26 42.91 0 0.635125 1817.98 362.96 27.46 44.29 0 0.632846 1631.39 371.02 24.64 40.96 0 0.622606 1705.96 365.45 27.80 41.49 0 0.616298 1829.19 268.81 25.37 42.87 0 0.602689 1544.09 266.19 23.86 43.26 0 0.594486 1873.29 364.57 27.56 43.96 0 0.589288 1651.06 417.66 28.36 46.37 0 0.574133 1791.67 364.01 25.96 43.37 0 0.572322 1568.93 266.33 23.26 42.94 0 0.564745 1844.28 363.97 26.10 43.30 0 0.563499 1840.15 414.39 27.88 45.33 0 0.561326 1873.37 420.08 26.99 46.80 0 0.559841 1677.99 414.84 26.79 45.78 0 0.551451 1647.28 270.28 24.53 41.91 0 0.542850 1575.35 371.17 24.05 40.72 0 0.537621 1703.44 414.63 27.11 46.51 0 0.535686 1624.24 422.45 25.09 45.16 0 0.528465 1790.99 413.76 27.79 47.47 0 0.526269 1019.64 657.36 47.28 24.22 0 0.519322 1878.61 266.43 23.96 40.35 0 0.518954 1018.67 630.47 45.16 22.38 0 0.512995 1592.16 421.11 27.10 47.88 0 0.507683 1544.36 134.81 26.38 36.85 0 0.507231 1767.57 369.60 26.55 38.73 0 0.503604 1730.69 418.55 28.02 45.80 0 0.496261 1020.45 1018.61 55.81 28.59 0 0.489459 1854.98 268.95 24.42 41.17 0 0.466544 1550.04 374.86 25.88 38.50 0 0.461293 1671.53 267.82 24.55 41.75 0 0.458541 1477.80 143.54 27.92 37.37 0 0.456606 1465.57 97.87 23.22 35.85 0 0.445626 937.36 469.21 22.52 44.39 0 0.431381 1768.21 417.75 27.16 45.82 0 0.415111 1898.73 365.70 21.27 42.68 0 0.406476 1818.49 415.05 27.64 45.56 0 0.401717 928.86 596.21 25.36 52.51 0 0.385797 1763.97 420.29 28.89 48.26 0 0.379118 1899.78 418.17 20.22 43.45 0 0.379078 1593.43 267.88 23.86 40.52 0 0.371640 1025.66 1014.25 53.76 29.11 0 0.367722 1745.21 370.71 25.22 36.85 0 0.359744 944.03 219.21 22.41 47.01 0 0.358993 1901.34 263.41 18.66 37.50 0 0.355279 1022.59 579.06 45.45 24.74 0 0.351985 1731.20 368.23 25.82 37.60 0 0.343209 1543.41 373.39 29.46 41.23 0 0.326057 940.34 360.10 19.98 46.10 0 0.323652 1758.02 421.38 28.72 47.02 0 0.321872 945.19 255.39 21.66 43.62 0 0.310059 1598.79 419.34 26.06 46.06 0 0.302548 1472.76 143.82 27.51 36.84 0 0.283225 894.73 63.37 14.32 27.14 0 0.277666 1603.17 269.89 23.99 40.00 0 0.273102 1899.00 214.13 21.00 36.97 0 0.269976 1383.20 346.61 26.19 60.88 1
409,0.707151 658.31 535.75 74.97 32.91 0 0.668294 756.80 538.03 72.48 32.82 0 0.640636 183.85 512.86 68.46 30.83 0 0.605132 568.78 534.99 73.95 30.62 0 0.603757 464.63 531.74 83.36 32.46 0 0.590210 944.69 542.23 82.05 39.26 0 0.583277 1043.91 550.07 75.70 33.33 0 0.561510 845.87 542.49 78.15 34.99 0 0.493138 372.02 527.18 73.45 30.55 0 0.338754 8.33 507.79 75.02 32.86 0
410,0.568452 769.52 698.83 43.08 100.11 1 0.551875 770.48 87.02 24.05 24.79 0 0.527411 796.26 145.03 26.19 33.64 0 0.464415 758.33 56.65 24.60 23.92 0 0.418888 592.83 960.35 46.28 61.24 0 0.387774 752.29 56.82 23.90 24.23 0 0.384925 594.20 958.20 46.00 65.13 1 0.339968 737.48 30.83 22.50 23.39 0 0.323269 773.63 697.38 42.96 96.49 0 0.309965 720.14 5.51 24.07 22.16 0 0.309676 796.15 140.16 27.51 31.86 0 0.304168 704.40 994.78 46.68 82.59 1
411,0.654873 736.12 242.72 28.82 35.30 0 0.546190 718.73 204.00 30.92 27.23 0 0.493431 773.58 321.42 28.45 44.61 0 0.414793 798.68 414.28 29.33 52.15 0 0.388338 759.24 280.91 29.22 34.86 0 0.298078 693.21 155.82 24.11 20.07 0
412,0.665365 911.37 813.93 31.11 61.22 0 0.582950 1125.55 819.90 32.61 57.77 0 0.576666 755.60 584.99 30.29 56.99 0 0.567505 948.47 820.93 29.12 56.99 0 0.566173 748.72 643.05 33.40 61.43 0 0.564855 1097.76 818.40 31.45 57.68 0 0.554792 691.39 585.20 28.96 56.96 0 0.524680 547.76 751.89 56.12 33.40 0 0.519692 721.17 583.40 28.85 56.00 0 0.510653 565.59 753.50 42.80 31.95 0 0.496767 691.13 647.99 27.37 50.24 0 0.488072 1036.90 837.21 29.16 46.85 0 0.462264 30.63 1019.68 48.27 28.71 0 0.439309 18.80 1018.72 42.95 28.37 0 0.415788 655.54 654.09 28.90 54.46 0 0.392065 25.24 988.71 46.43 27.68 0 0.391630 1098.07 778.63 36.41 32.37 0 0.376910 602.20 788.61 62.31 150.77 1 0.375135 787.88 802.07 36.30 55.16 0 0.358739 691.25 630.80 26.29 46.19 0 0.358529 653.47 578.13 32.29 57.37 0 0.333828 194.86 1015.39 63.16 35.17 0 0.321433 802.43 781.61 55.69 35.77 0 0.297817 543.36 563.37 30.43 50.46 0 0.295277 1144.07 781.06 46.40 32.10 0 0.291718 658.71 647.38 29.14 59.10 0 0.271652 751.07 634.46 34.06 61.04 0 0.250374 1158.04 782.31 49.58 34.89 0
413,0.812033 656.76 546.24 64.16 42.93 1 0.311979 337.93 537.29 23.37 17.67 0
414,0.620518 288.92 683.19 25.46 26.06 0 0.520762 607.04 726.75 19.01 29.69 0 0.502188 319.37 689.34 21.57 26.07 0 0.499638 528.20 722.28 21.44 27.67 0 0.474903 356.08 689.26 22.90 25.93 0 0.469225 413.94 705.08 20.44 20.40 0 0.469177 870.74 559.87 15.16 28.03 0 0.448963 839.15 556.98 17.34 28.46 0 0.444032 963.28 611.93 18.54 23.94 0 0.406082 557.48 733.15 16.98 21.61 0 0.373416 885.04 561.52 18.14 27.03 0 0.352761 162.83 728.42 34.05 20.54 0 0.348352 333.48 689.62 21.28 25.80 0 0.332359 318.06 613.08 23.74 16.09 0 0.299177 913.56 557.71 16.19 24.61 0 0.280823 327.81 610.51 26.10 15.85 0
415,0.707825 400.06 24.76 23.83 32.57 0 0.655621 1041.30 349.46 43.78 63.28 0 0.603026 104.39 293.33 40.88 59.71 0 0.587826 269.13 623.31 41.00 77.78 0 0.579086 155.38 175.73 31.63 48.09 0 0.578012 359.67 200.37 27.45 47.97 0 0.570332 188.02 86.12 31.83 43.95 0 0.549299 378.60 105.33 25.48 32.68 0 0.549201 305.75 449.44 36.62 61.88 0 0.547715 50.13 434.63 43.57 66.71 0 0.536052 222.62 6.61 27.94 35.22 0 0.518522 0.00 606.35 26.05 73.40 0 0.512654 1270.78 579.80 50.49 66.26 0 0.504921 284.94 528.05 39.62 70.49 0 0.444988 475.93 511.59 11.13 16.62 2 0.317045 328.91 333.41 33.41 45.05 1 0.261618 534.50 579.13 13.82 22.90 2
416,0.715390 1331.47 584.76 70.36 31.23 0 0.677696 757.61 562.50 62.40 28.65 0 0.671767 1250.63 585.26 72.51 31.66 0 0.651719 1163.04 582.08 71.21 28.66 0 0.619658 835.01 564.15 70.39 29.73 0 0.591659 595.32 551.82 62.12 30.30 0 0.570733 923.54 569.24 65.91 29.97 0 0.509149 1005.87 572.06 61.00 28.23 0 0.501112 1087.18 575.87 62.91 30.16 0 0.440085 420.22 543.65 80.87 31.57 0 0.346024 437.70 552.48 71.70 29.88 0 0.338168 1026.25 524.20 42.79 24.71 0 0.314067 1081.54 573.41 61.49 28.34 0 0.286088 977.30 517.14 46.30 24.86 0 0.282898 417.87 547.19 74.82 32.86 0 0.268566 753.02 564.51 56.88 24.68 0 0.254255 983.14 522.82 44.82 24.95 0
417,0.841453 872.14 552.20 68.89 36.54 1 0.450767 1087.47 684.55 23.48 19.69 1 0.296898 981.87 620.28 28.01 16.23 0 0.263465 603.95 496.29 21.64 16.35 0
418,0.721677 1007.06 504.99 21.47 43.05 0 0.718173 913.71 704.13 28.55 53.12 0 0.712258 601.74 542.03 24.50 48.51 0 0.699689 891.48 513.22 23.16 46.63 0 0.687120 749.01 586.40 25.49 50.86 0 0.679451 719.89 528.85 24.32 50.08 0 0.670636 788.06 718.45 27.02 53.07 0 0.669215 869.95 577.03 24.98 54.32 0 0.665570 597.78 741.46 26.36 50.90 0 0.661606 600.98 604.87 26.42 50.35 0 0.652710 808.41 582.47 26.33 53.17 0 0.642425 665.51 728.30 26.32 56.87 0 0.640291 861.84 515.87 23.16 46.40 0 0.634984 1015.48 562.45 23.76 47.72 0 0.630514 838.76 577.19 25.72 53.49 0 0.629975 986.47 565.20 23.22 45.98 0 0.623719 1034.26 504.94 22.12 45.87 0 0.619234 1047.71 561.91 25.09 48.25 0 0.613422 697.25 720.85 26.72 54.10 0 0.611214 602.02 815.69 26.36 59.58 0 0.602084 630.83 733.57 27.46 58.62 0 0.601577 1797.08 706.87 40.48 59.11 0 0.600270 1145.77 902.08 31.50 64.87 0 0.594065 720.35 592.80 24.35 46.47 0 0.594021 1009.30 698.70 25.28 48.69 0 0.585027 725.29 719.42 26.16 52.95 0 0.581080 569.28 743.25 25.86 53.37 0 0.580725 1825.67 778.00 43.82 60.79 0 0.577076 690.53 591.08 24.11 51.37 0 0.572818 1075.25 556.41 23.89 47.82 0 0.558652 1438.95 81.62 37.22 21.60 0 0.554147 630.04 540.97 23.43 47.33 0 0.553935 943.76 701.58 25.41 54.49 0 0.553233 1768.48 640.43 39.61 55.90 0 0.552169 1523.50 297.98 44.10 22.69 0 0.551980 1110.69 909.18 30.00 59.95 0 0.547980 1071.89 696.81 25.17 52.48 0 0.547570 572.26 609.38 24.94 51.34 0 0.543144 820.32 716.83 26.66 53.53 0 0.541318 977.29 699.70 25.26 51.77 0 0.532812 1772.52 311.31 34.94 37.23 1 0.532414 528.60 811.37 27.80 60.40 0 0.522090 775.09 531.78 24.41 47.71 0 0.516972 929.95 573.84 26.44 53.91 0 0.512451 978.46 507.32 22.62 42.00 0 0.509677 746.30 527.87 22.21 46.36 0 0.499426 564.75 810.65 26.97 57.64 0 0.493853 1182.94 199.78 28.35 43.40 0 0.493431 919.08 515.69 22.66 45.89 0 0.493393 757.27 721.02 27.64 56.33 0 0.487804 853.19 714.12 26.09 53.91 0 0.485670 534.31 742.64 27.34 54.09 0 0.473130 1040.82 698.55 25.77 50.72 0 0.462645 1715.97 517.30 33.26 49.14 0 0.456624 1390.31 0.00 39.82 13.07 0 0.454142 1044.81 913.59 29.40 67.64 0 0.452112 1625.93 309.98 24.42 38.11 0 0.444306 1516.78 296.53 42.70 22.55 0 0.439859 541.22 548.79 25.72 48.67 0 0.432048 631.13 601.91 25.29 51.72 0 0.428707 1162.25 996.42 32.22 62.02 0 0.423723 1249.32 545.38 30.38 65.20 1 0.417324 928.27 570.41 24.58 50.01 0 0.408662 539.73 609.10 26.77 54.26 0 0.400799 1663.71 397.88 27.33 45.47 0 0.394871 1533.33 338.90 40.19 24.07 0 0.389045 1512.23 276.13 44.95 20.65 0 0.369417 782.19 587.20 24.63 49.98 0 0.368630 1528.24 322.98 42.86 21.79 0 0.334313 900.26 577.35 26.40 54.05 0 0.334307 1396.58 0.00 41.44 11.78 0 0.334211 1539.10 343.01 40.34 22.16 0 0.323438 1043.70 700.94 26.85 51.63 0 0.320173 657.96 597.81 26.07 50.86 0 0.314940 833.55 524.59 22.76 45.49 0 0.300970 1297.53 135.07 24.91 21.31 0 0.279791 775.62 583.76 22.64 51.63 0 0.277772 1423.13 87.91 26.69 17.43 0
419,0.701070 36.47 465.48 11.59 15.96 2 0.585540 545.84 166.74 33.46 40.88 0 0.568287 250.19 77.05 45.59 23.89 0 0.564711 473.88 7.47 38.97 23.99 0 0.547265 40.68 268.25 42.45 32.69 0 0.471058 40.51 63.10 43.71 27.13 0 0.467377 3.27 282.65 47.07 31.92 0 0.433205 121.13 625.12 11.07 15.28 2 0.418365 88.97 34.93 52.10 35.99 1 0.381797 0.86 76.51 25.93 26.07 0 0.349059 139.89 543.47 13.12 15.06 2 0.344059 219.87 617.64 14.27 11.37 2 0.321005 244.76 0.86 34.04 26.45 0 0.303321 256.99 634.67 8.78 10.03 2 0.297573 231.90 652.09 12.70 10.00 2 0.295361 117.69 461.12 13.56 14.07 2 0.290615 553.16 172.06 30.59 41.63 0 0.290480 266.47 509.12 12.81 16.34 2 0.286835 214.61 602.37 15.21 13.26 2 0.275055 90.67 35.39 50.82 36.13 0 0.265589 1222.51 469.98 29.57 26.94 0 0.263165 1309.07 563.26 33.02 58.40 0 0.255194 207.20 568.33 13.26 18.01 2
420,0.602694 740.91 474.93 320.52 93.49 0 0.571925 390.54 439.37 313.37 102.55 0 0.338937 830.83 479.14 305.87 99.64 0 0.317649 706.67 478.25 276.41 86.27 0 0.251432 448.00 432.17 311.48 112.55 0
421,0.593329 395.94 333.49 29.20 43.10 0 0.563232 1622.24 763.36 60.68 27.85 0 0.559285 893.29 758.53 54.36 28.29 0 0.495702 1867.45 764.21 42.94 22.66 0 0.449701 571.15 61.72 42.76 22.01 0 0.449672 1213.36 764.33 55.09 26.69 0 0.358583 1874.70 762.84 44.15 24.27 0 0.263609 855.78 182.91 41.33 24.29 0
422,0.721643 544.24 403.06 247.54 80.10 0 0.688042 1426.14 411.43 235.17 86.14 0 0.649362 831.11 405.70 290.77 87.29 0 0.646217 171.72 378.50 315.88 91.78 0 0.377925 227.46 376.09 297.76 109.13 0 0.356296 0.00 380.92 143.85 88.41 1
423,0.635214 1470.97 33.33 18.14 30.81 0 0.620966 1173.60 755.37 28.14 58.25 0 0.609856 1142.67 833.78 29.29 56.80 0 0.579458 785.34 1019.17 59.56 30.25 0 0.525400 1248.44 204.79 28.78 15.90 0 0.521400 1366.12 40.60 19.18 29.72 0 0.496003 1319.02 450.81 42.69 24.28 0 0.481622 776.86 952.34 59.75 29.64 0 0.476472 1411.67 35.69 19.31 33.00 0 0.474974 1433.86 35.34 20.46 34.24 0 0.462688 1245.28 159.30 40.95 18.42 0 0.452839 1310.59 489.56 37.79 23.59 0 0.430829 1342.75 41.65 18.26 28.60 0 0.427558 1343.98 130.21 22.90 21.16 0 0.424104 1276.28 49.66 20.54 28.70 0 0.388272 753.26 909.34 74.43 37.09 1 0.364383 1292.69 343.83 40.96 20.04 0 0.363817 1491.36 0.00 21.44 15.65 0 0.348957 1398.08 38.40 15.36 30.23 0 0.344214 1089.38 537.49 23.55 41.14 0 0.341869 1276.51 41.89 20.01 28.13 0 0.332358 1249.57 161.99 40.57 17.77 0 0.326329 1299.42 352.12 43.52 19.16 0 0.307836 806.84 649.08 30.68 64.83 1 0.300073 1331.77 540.88 33.71 21.13 0 0.290750 1079.77 133.14 19.14 30.20 0 0.289904 1288.26 331.58 41.45 19.87 0 0.286650 1332.58 512.78 36.88 22.55 0 0.286097 1635.88 375.97 25.82 17.02 0 0.265488 1372.42 758.62 36.11 33.41 0
424,0.620982 577.26 413.20 313.41 87.71 0 0.458048 592.99 272.18 54.15 43.95 0 0.437723 152.25 410.83 336.28 94.86 0 0.366779 1030.68 434.62 338.59 107.79 0 0.356874 627.11 407.45 263.82 111.00 0 0.346656 1427.54 444.98 204.88 95.88 0 0.345448 1453.04 401.84 320.23 156.88 1 0.321954 846.07 83.81 23.78 17.60 0 0.305848 857.96 83.48 23.20 17.65 0 0.286046 1123.26 444.06 245.60 94.93 0 0.278191 263.05 410.84 237.82 92.30 0 0.255985 976.06 445.81 360.24 113.32 0
425,0.748239 950.29 559.67 51.74 26.21 0 0.723998 755.51 489.77 50.26 26.15 0 0.675486 978.65 392.25 51.51 26.58 0 0.670416 1169.78 497.36 50.01 26.15 0 0.665347 746.55 564.34 54.64 27.83 0 0.660449 1110.64 543.35 46.95 26.60 0 0.645626 1190.16 203.14 46.37 24.79 0 0.638320 936.51 223.01 45.72 22.56 0 0.633814 1113.31 521.47 49.26 24.61 0 0.633365 1111.81 426.67 49.08 24.99 0 0.626393 1126.40 200.83 47.51 24.01 0 0.621287 1102.58 471.37 53.12 28.15 0 0.605166 747.50 538.54 50.95 26.48 0 0.596543 1179.54 401.49 51.13 25.71 0 0.594399 1122.77 293.70 44.47 24.04 0 0.577063 1171.91 576.42 50.37 26.82 0 0.576856 955.43 534.53 53.99 25.19 0 0.576417 1178.86 366.00 50.83 23.54 0 0.576336 672.39 560.67 46.47 24.79 0 0.574394 1187.35 319.29 44.96 22.60 0 0.570981 1116.21 402.72 49.23 25.58 0 0.565612 1184.42 440.68 49.64 24.28 0 0.547937 1174.47 470.72 56.93 26.92 0 0.539254 997.38 305.34 46.20 25.48 0 0.535153 998.94 247.87 44.42 23.75 0 0.530064 1105.61 451.47 51.73 26.01 0 0.523575 1003.96 225.26 42.30 23.45 0 0.520981 1123.02 235.11 46.74 24.17 0 0.519026 1186.70 258.15 44.62 23.54 0 0.513319 981.55 368.85 54.22 27.09 0 0.510965 1007.90 210.10 43.38 24.37 0 0.502479 1124.85 270.92 42.55 23.43 0 0.494414 987.33 347.00 46.16 24.34 0 0.489558 972.96 458.44 48.94 24.24 0 0.483240 1069.67 770.44 67.57 30.27 1 0.477790 944.57 203.86 45.95 22.03 0 0.465917 1122.80 247.81 43.92 23.38 0 0.464908 1186.24 341.37 47.93 25.31 0 0.464715 1120.84 319.77 47.15 24.38 0 0.464183 1000.34 274.31 44.02 24.15 0 0.462263 951.80 186.85 45.94 22.55 0 0.458967 1104.62 600.45 56.24 28.38 0 0.450854 1117.30 374.56 46.73 24.98 0 0.449253 991.81 328.65 43.95 24.91 0 0.436922 1095.59 572.17 53.36 26.43 0 0.436646 1122.72 277.63 48.61 20.84 0 0.433818 1010.17 189.28 42.45 24.16 0 0.429119 1296.49 329.79 23.57 13.75 3 0.425656 961.64 507.59 51.25 24.84 0 0.422634 959.08 187.02 47.06 20.61 0 0.422301 1184.53 427.18 47.89 25.16 0 0.418577 1180.25 524.94 50.01 26.12 0 0.409222 974.61 435.15 48.73 25.29 0 0.403685 1115.70 346.20 51.18 25.03 0 0.402762 1124.13 297.35 49.39 22.10 0 0.399262 1123.23 228.35 50.80 20.77 0 0.396169 1174.74 554.13 52.07 26.17 0 0.352195 1170.48 569.69 54.09 27.55 0 0.337711 1295.72 210.50 26.48 14.68 3 0.332847 1123.76 254.90 47.00 21.42 0 0.316680 1177.45 546.54 50.98 26.38 0 0.310863 970.28 484.00 48.86 23.71 0 0.277250 754.32 541.15 53.31 23.92 0 0.272956 1181.62 532.18 50.35 26.27 0 0.266490 1120.38 342.72 50.46 22.37 0
426,0.490978 568.78 945.09 69.64 97.58 0 0.483000 1715.91 456.54 37.86 33.29 0 0.367832 1010.86 979.18 41.74 48.12 0 0.312820 755.15 513.19 33.39 39.56 1
427,0.654795 492.91 776.38 54.07 29.02 0 0.650237 724.44 992.24 62.18 30.52 0 0.591004 874.65 997.54 54.61 35.13 0 0.583294 256.17 574.30 43.55 34.57 0 0.533630 70.81 531.41 32.86 48.48 0 0.503742 97.88 528.71 32.90 49.63 0 0.500223 219.22 547.10 37.38 43.04 0 0.455486 1100.96 629.24 24.67 41.35 0 0.432967 1097.70 560.78 27.01 50.82 0 0.399621 1103.28 638.63 26.23 43.53 0 0.330661 560.53 587.21 51.44 38.03 0 0.316433 106.32 527.41 33.29 47.68 0 0.303767 556.96 595.40 43.69 35.11 0 0.258550 177.36 322.42 20.90 30.10 0 0.253358 1083.14 631.50 21.45 38.28 0
428,0.718445 1005.91 380.79 23.24 53.67 0 0.698108 747.50 304.58 23.12 53.09 0 0.698044 907.11 741.12 26.51 54.77 0 0.694627 1005.88 495.02 25.68 54.70 0 0.656684 871.14 301.08 25.07 57.45 0 0.637263 188.12 243.02 30.22 52.95 0 0.632892 1036.86 294.34 24.40 57.97 0 0.628433 1001.54 295.41 24.41 56.30 0 0.626937 1036.80 497.64 23.56 53.90 0 0.622791 933.75 298.00 25.57 57.30 0 0.615290 143.60 433.06 30.53 51.34 0 0.615016 723.98 719.67 27.44 59.91 0 0.612154 966.93 292.78 24.25 58.75 0 0.608647 910.11 379.60 23.73 51.54 0 0.607999 1081.42 371.94 24.26 58.06 0 0.607167 85.95 0.00 35.19 56.58 0 0.601285 864.34 738.36 28.15 57.40 0 0.595286 112.40 436.89 29.01 55.95 0 0.593638 677.53 311.50 25.72 55.72 0 0.585007 139.66 0.00 27.68 51.39 0 0.583758 846.39 383.79 26.81 60.80 0 0.581860 146.77 117.09 30.00 59.65 0 0.579943 835.98 720.82 24.53 56.98 0 0.575903 539.27 631.80 53.34 27.80 0 0.572499 940.25 375.04 23.61 56.22 0 0.566426 810.99 385.47 27.08 59.16 0 0.559745 775.35 308.91 24.56 54.99 0 0.555200 1046.18 637.84 56.89 28.55 0 0.549298 573.15 733.45 24.85 50.52 0 0.546708 228.14 240.50 28.95 55.79 0 0.540853 524.89 594.11 50.43 24.42 0 0.540011 629.10 398.09 25.83 59.80 0 0.537559 901.37 298.44 26.54 59.74 0 0.533088 276.79 107.76 28.76 58.28 0 0.532721 809.59 307.47 25.77 57.91 0 0.530774 241.34 112.55 27.91 54.79 0 0.523778 534.19 724.88 26.94 61.87 0 0.523329 1027.47 601.01 54.71 26.73 0 0.500305 643.72 315.03 27.05 58.67 0 0.490486 204.20 108.14 30.03 59.19 0 0.484166 607.24 730.57 27.32 47.85 0 0.477360 1046.46 376.23 24.79 56.90 0 0.469173 589.46 410.20 27.18 56.94 0 0.468483 72.87 439.82 33.33 57.86 0 0.462479 655.75 724.76 24.81 54.51 0 0.461206 367.06 226.29 30.19 58.26 0 0.453945 818.41 0.00 47.00 28.83 0 0.449152 666.23 7.95 41.30 53.47 0 0.447516 968.98 495.51 24.77 50.03 0 0.446429 776.57 390.14 25.98 53.80 0 0.440331 809.65 498.55 59.42 27.52 0 0.438344 553.97 125.02 30.28 60.43 0 0.405734 539.68 669.13 62.44 27.54 0 0.385220 162.88 434.21 29.92 50.99 0 0.367040 971.77 374.52 26.61 60.80 0 0.357203 708.91 300.15 26.34 62.35 0 0.330055 827.58 183.05 29.07 57.05 1 0.282931 801.24 723.18 27.02 56.34 0 0.277255 151.17 115.85 32.82 61.27 0 0.272334 541.07 628.41 59.24 28.36 0 0.264251 780.72 389.91 26.46 56.13 0
429,0.603818 217.48 427.04 312.78 102.82 0 0.561517 661.24 459.14 324.92 96.62 0 0.378119 705.66 459.48 322.74 106.67 0 0.342247 23.41 448.97 173.76 79.71 0 0.333935 984.45 426.76 316.64 112.69 0 0.308627 907.29 424.35 354.61 114.00 0
430,0.680087 49.91 579.10 40.01 58.51 0 0.668603 490.17 730.20 53.41 37.30 0 0.664410 1612.75 921.07 49.94 46.88 1 0.661339 549.41 705.02 56.76 36.34 0 0.661282 1309.97 862.57 41.72 58.36 1 0.637848 1660.74 753.81 48.51 53.70 0 0.631826 1575.23 734.97 43.97 53.60 0 0.592936 1321.58 705.97 53.50 30.30 0 0.589348 56.20 169.47 53.19 32.61 0 0.587567 1506.32 611.10 43.08 54.75 0 0.576480 314.28 61.94 52.35 35.33 0 0.565492 524.91 560.30 56.96 33.39 0 0.555023 1439.98 989.51 39.14 38.06 0 0.553863 1569.42 831.05 49.52 38.86 0 0.535518 203.02 55.30 50.55 27.62 0 0.534837 1322.61 679.83 52.39 30.18 0 0.533681 1429.54 951.09 59.21 33.76 0 0.532947 222.91 122.27 54.81 34.22 0 0.532847 208.94 987.37 30.07 58.59 0 0.532733 1371.49 800.71 55.86 32.16 0 0.531965 414.63 758.83 66.54 37.03 0 0.529560 1581.07 863.88 63.50 63.00 1 0.529403 1560.26 834.59 51.55 40.40 0 0.526469 1343.69 734.09 49.58 29.55 0 0.510464 143.86 62.65 52.73 27.61 0 0.507776 1539.49 667.74 43.48 51.34 0 0.500514 79.48 215.44 56.83 37.47 0 0.499159 209.04 75.68 51.01 28.37 0 0.496343 617.64 680.72 56.67 33.78 0 0.495339 116.03 0.00 55.74 23.02 0 0.488554 821.45 269.15 31.93 35.64 0 0.487165 744.19 631.79 54.99 33.84 0 0.485534 486.06 27.56 55.86 31.61 0 0.480445 15.93 57.50 59.44 34.90 0 0.478994 401.64 608.75 56.31 32.45 0 0.475888 362.83 19.75 55.36 28.83 0 0.475368 632.38 0.00 71.09 32.71 0 0.474929 798.33 216.21 33.08 47.87 0 0.474773 463.57 585.49 62.29 32.81 0 0.471737 358.13 3.61 54.93 28.79 0 0.469441 311.11 821.68 55.26 36.33 0 0.464521 290.88 0.00 56.65 30.65 0 0.463139 1124.29 479.55 54.22 28.21 0 0.462597 51.60 126.21 52.80 30.01 0 0.456800 1366.18 768.94 56.34 33.86 0 0.456160 1608.69 798.87 48.67 46.17 0 0.446700 1611.69 808.86 47.97 48.13 0 0.444048 1540.53 748.44 40.64 42.08 0 0.437266 200.26 38.60 49.39 25.29 0 0.425534 360.15 0.00 53.48 21.71 0 0.418910 5.33 41.40 60.77 31.56 0 0.418849 217.60 101.23 55.61 30.53 0 0.409801 967.60 807.38 43.26 24.01 0 0.404977 374.52 54.95 64.46 38.44 0 0.404064 600.91 899.39 64.42 42.42 0 0.401312 1307.65 648.50 56.56 33.83 0 0.400595 825.69 270.48 31.43 38.75 0 0.392436 1388.66 469.44 44.92 57.69 1 0.391685 1127.93 476.00 55.19 28.78 0 0.390138 767.43 990.60 47.01 24.52 0 0.385483 1522.55 756.79 50.60 37.88 0 0.384890 1402.81 877.46 61.89 35.73 1 0.383294 749.24 474.38 49.42 25.97 1 0.378503 1560.44 568.81 37.59 57.85 1 0.376196 263.07 1013.40 30.84 42.66 0 0.372841 123.48 17.49 53.54 29.34 0 0.372102 1471.09 1031.61 56.12 42.73 0 0.367167 1643.53 985.48 45.56 35.79 0 0.365977 11.92 487.15 36.71 53.79 0 0.365920 606.78 526.96 60.04 36.40 0 0.365789 1388.88 837.29 57.79 34.75 0 0.361898 0.00 104.88 29.02 23.93 0 0.352228 1638.09 863.07 46.94 47.47 0 0.348535 292.73 0.00 56.11 24.34 0 0.347829 832.23 313.61 28.72 40.76 0 0.343654 6.70 130.37 31.68 28.24 0 0.339184 1351.30 734.83 50.98 30.61 0 0.331504 22.75 67.28 49.00 31.72 0 0.330896 49.32 152.58 51.88 28.94 0 0.314709 806.06 602.76 63.14 34.56 0 0.314329 468.83 0.00 46.66 19.24 0 0.312794 829.11 287.83 32.98 40.85 0 0.310099 1485.07 568.37 36.26 43.25 0 0.308911 1166.76 1004.52 59.22 44.22 0 0.302386 1621.53 941.94 51.10 52.13 1 0.301644 754.35 120.00 33.16 51.42 1 0.301091 58.53 966.51 67.01 57.54 0 0.300818 1475.97 547.26 35.24 48.30 1 0.298137 1447.59 488.15 36.69 40.40 0 0.296234 1206.42 447.29 44.40 28.53 0 0.293236 1398.95 468.29 47.53 51.39 1 0.289011 117.46 480.71 37.15 44.55 1 0.285383 1629.83 688.85 39.91 50.45 0 0.281561 218.29 107.19 57.71 34.82 0 0.277090 1523.94 484.12 29.53 44.55 0 0.275825 113.93 461.36 35.01 34.46 1 0.266943 1336.99 708.58 48.36 29.59 0 0.266767 1443.19 992.17 50.33 36.73 0 0.260664 678.06 1045.50 24.38 31.81 0 0.256269 1478.34 552.70 36.37 49.78 0 0.252443 770.64 987.23 50.42 25.72 0 0.251075 65.45 972.68 57.95 61.76 0
431,0.870250 1114.60 391.53 31.78 52.51 1 0.704646 740.72 134.15 40.27 36.91 1 0.556879 1259.07 410.70 66.97 43.39 1 0.537886 573.97 674.55 57.88 32.96 0 0.521288 1092.81 556.13 24.96 46.18 0 0.515430 839.49 212.92 39.99 25.68 0 0.509626 1116.61 341.94 25.94 40.19 0 0.508085 1134.00 202.86 24.84 34.04 0 0.504270 1121.27 302.19 24.24 34.24 0 0.503979 834.34 242.01 32.68 27.47 0 0.463556 874.75 46.89 36.85 22.59 0 0.427944 1132.56 260.09 21.86 35.83 0 0.386822 1251.00 583.36 33.20 77.22 1 0.384955 1110.94 396.06 31.78 51.31 1 0.367194 1248.68 579.99 35.59 110.35 1 0.305532 759.64 262.38 9.90 15.93 2 0.298483 420.47 70.50 11.22 18.83 2 0.298170 850.43 161.94 20.27 20.18 0 0.258717 992.26 55.57 11.85 15.57 3 0.257420 336.35 109.07 10.72 13.88 2
432,0.798538 1025.58 450.22 37.49 63.32 1 0.746082 518.07 832.94 39.42 70.32 1 0.726672 578.96 833.71 35.76 75.00 1 0.690799 911.36 721.26 27.85 57.58 0 0.549166 567.56 721.78 46.49 41.55 0 0.545733 906.08 627.13 28.27 46.30 1 0.542504 919.17 977.80 62.12 39.76 0 0.533952 667.21 925.44 70.70 35.53 0 0.525896 268.44 929.10 63.25 34.06 0 0.466262 971.13 755.43 29.89 59.79 0 0.441140 967.23 683.78 30.78 53.63 0 0.430459 976.97 1048.20 33.51 16.44 3 0.413409 617.95 840.30 33.05 64.65 0 0.411903 1012.36 62.74 25.78 22.25 0 0.384906 909.64 205.07 17.93 18.45 3 0.377768 1340.68 908.24 67.12 35.08 0 0.369817 1037.22 402.86 29.92 45.46 1 0.356027 284.48 1065.70 47.31 14.30 0 0.352390 820.82 885.78 49.57 61.41 0 0.340389 908.72 184.83 18.73 17.87 3 0.337770 1009.74 31.54 29.73 23.04 0 0.327145 1070.98 666.67 27.61 45.83 0 0.310326 1005.52 13.71 26.78 26.66 0 0.305599 1046.59 886.63 51.53 57.23 0 0.301365 844.35 832.14 26.56 16.19 3 0.288729 675.94 922.86 72.56 35.75 0 0.278268 728.48 1063.04 46.36 16.96 0 0.267082 709.35 1063.48 53.23 16.52 0 0.260893 841.88 857.88 26.69 19.81 3 0.259163 699.98 1061.79 54.66 18.21 0 0.255993 1015.29 91.97 25.38 24.53 0
433,0.682848 1244.18 447.11 286.04 95.25 0 0.668203 948.70 448.61 260.73 83.45 0 0.563166 583.04 423.25 338.60 102.90 0 0.386205 284.63 428.40 260.86 97.08 0 0.373656 127.76 392.18 337.52 130.75 1
434,0.655260 341.35 82.42 22.37 38.28 0 0.574752 845.45 477.36 24.53 48.07 0 0.521015 830.04 902.31 28.85 57.36 0 0.461118 856.68 0.01 22.52 34.84 0 0.367112 280.31 43.81 23.14 37.22 0 0.317462 358.50 42.41 19.60 27.42 0 0.274196 326.95 40.40 23.49 33.28 0
435,0.615127 701.48 702.43 53.40 49.69 0 0.615077 1044.69 712.98 46.19 51.56 0 0.597727 940.28 607.99 53.90 44.86 0 0.596814 1135.26 525.02 43.26 53.96 0 0.594001 668.25 467.86 51.79 40.03 0 0.583920 1092.05 760.38 46.35 47.86 0 0.574706 1307.28 250.97 59.18 31.78 0 0.574235 1215.68 707.11 42.41 42.28 0 0.568823 785.84 822.06 55.37 53.93 0 0.561177 818.43 847.84 52.13 52.00 0 0.557968 588.03 606.63 40.09 45.35 0 0.556068 1018.40 419.09 43.51 41.51 0 0.555910 1109.33 607.17 43.19 45.14 0 0.545004 492.56 77.15 43.04 48.13 0 0.542957 434.64 35.79 43.97 53.71 0 0.536166 1184.05 683.42 44.36 47.41 0 0.536106 865.49 406.47 42.17 46.34 0 0.534563 621.26 623.88 43.28 44.02 0 0.534333 1008.98 875.38 55.56 51.76 0 0.531987 1184.31 571.29 48.36 51.42 0 0.519500 980.97 500.51 45.92 53.29 0 0.515564 1020.92 833.29 52.10 42.86 0 0.514097 1167.25 386.00 43.38 49.07 0 0.510745 1006.54 526.82 46.74 47.91 0 0.508965 1177.14 159.67 52.61 27.07 0 0.506508 1133.03 628.42 43.78 45.93 0 0.499328 695.29 0.00 47.83 48.67 0 0.494899 654.76 506.84 49.30 37.15 0 0.493250 1105.06 616.65 47.85 44.09 0 0.492308 1107.40 502.76 43.38 49.87 0 0.489122 1192.16 566.01 42.70 47.98 0 0.484943 1225.03 82.19 47.02 32.73 0 0.483604 625.95 532.30 53.56 46.86 0 0.480116 751.93 762.96 49.22 45.85 0 0.476827 989.88 662.06 52.81 48.61 0 0.472552 832.13 391.74 37.81 44.53 0 0.469783 1158.82 543.62 44.75 49.90 0 0.469070 558.16 562.68 49.70 56.91 0 0.468657 971.76 369.87 37.44 48.84 0 0.461733 518.47 103.60 43.15 44.17 0 0.459324 1042.35 546.61 39.77 46.74 0 0.458014 1206.49 592.24 47.88 50.88 0 0.455420 1236.45 616.63 43.10 41.99 0 0.453604 1009.36 161.22 43.89 44.84 0 0.451423 936.64 352.13 45.72 52.57 0 0.450334 987.18 400.41 49.15 45.25 0 0.449912 809.75 89.09 42.45 54.45 0 0.444218 659.42 0.00 39.21 26.50 0 0.441606 1070.90 458.77 40.53 50.95 0 0.438023 1082.27 590.31 47.17 45.97 0 0.436110 468.60 55.38 42.63 52.61 0 0.434454 1114.87 502.08 42.88 54.99 0 0.420763 1035.34 450.43 44.31 42.86 0 0.419009 1153.31 657.35 43.97 45.45 0 0.418277 1152.73 538.35 41.44 51.44 0 0.415285 1067.13 738.13 48.81 52.84 0 0.414460 1213.96 98.73 48.18 34.95 0 0.413987 1140.14 520.13 41.42 53.16 0 0.410561 964.68 378.39 46.67 46.70 0 0.406667 993.72 394.31 45.59 45.67 0 0.400699 1232.70 621.14 46.57 45.50 0 0.387465 1021.72 425.54 45.44 40.04 0 0.385832 438.51 31.02 48.54 57.81 0 0.382733 1024.69 838.59 54.93 45.11 0 0.361676 771.97 784.75 53.06 46.64 0 0.359284 1221.91 86.93 48.27 36.99 0 0.352928 812.49 842.69 51.40 50.07 0 0.351590 665.09 475.79 54.23 39.24 0 0.345807 1044.24 452.50 45.86 49.52 0 0.344496 944.96 350.57 45.03 52.20 0 0.324426 1119.92 627.24 47.69 47.46 0 0.313935 1034.84 551.23 43.25 48.27 0 0.302237 1144.60 653.39 46.18 49.33 0 0.291570 1128.46 632.86 45.09 47.48 0 0.278518 1060.77 732.89 48.50 55.19 0 0.274684 1094.21 597.85 48.22 47.47 0 0.261987 1060.94 462.12 44.94 50.87 0 0.253151 767.83 774.35 52.26 54.46 0
436,0.809323 0.00 774.92 114.29 102.78 1 0.700097 1185.86 941.51 180.26 113.26 0 0.686806 1049.13 677.08 147.90 88.93 0 0.661063 106.04 946.28 213.57 108.41 0 0.657731 726.92 356.42 120.50 64.45 0 0.637123 658.93 490.63 123.48 60.71 0 0.637046 250.27 432.54 135.85 66.38 0 0.624558 522.81 772.34 172.78 108.97 0 0.601749 108.88 871.61 207.25 103.46 0 0.593874 567.19 370.60 116.04 64.50 0 0.590712 731.69 805.34 189.87 96.21 0 0.576424 113.63 446.25 129.36 56.84 0 0.575058 409.55 402.63 110.98 63.82 0 0.572699 75.21 507.99 120.87 53.84 0 0.564983 661.18 530.84 142.40 79.02 0 0.564047 132.53 805.83 181.89 91.74 0 0.562863 1193.26 290.43 102.72 45.40 0 0.562333 1019.55 615.61 153.98 86.08 0 0.561529 689.58 675.52 166.49 89.01 0 0.559717 555.02 992.89 196.60 84.53 0 0.551725 1128.34 790.41 152.37 97.31 0 0.550180 505.20 600.99 151.19 86.21 0 0.546444 1155.10 866.11 168.21 98.47 0 0.519788 0.43 467.50 46.90 60.09 0 0.517680 156.16 688.36 159.56 75.72 0 0.487970 0.00 724.74 110.09 70.96 0 0.461177 171.06 737.82 131.21 77.30 0 0.348072 31.73 682.52 66.52 42.98 3 0.314665 164.24 695.27 146.11 91.52 0 0.313244 93.49 957.78 215.41 117.86 0 0.305597 638.84 494.23 124.06 59.23 0 0.305431 1027.27 608.31 149.48 74.10 0 0.297056 44.42 519.11 109.10 59.15 0 0.275519 99.14 933.21 221.14 98.57 0 0.267811 151.24 795.80 165.37 81.89 0
437,0.366138 1620.46 510.44 43.13 30.02 0 0.364023 673.02 628.48 36.57 41.16 0
438,0.840880 604.15 849.09 30.27 59.63 3 0.762536 1236.78 729.25 47.86 34.64 3 0.741937 1523.77 619.12 175.13 81.50 1 0.714069 609.86 422.23 39.27 21.08 3 0.693166 239.70 452.63 114.43 55.70 0 0.666872 221.53 588.20 133.21 56.97 0 0.665311 68.21 590.94 130.11 55.15 0 0.653742 1471.37 460.30 111.63 41.71 0 0.647449 1617.79 461.93 114.97 43.99 0 0.641960 1347.10 457.54 105.23 42.71 0 0.633607 1745.80 463.46 125.90 43.61 0 0.612722 622.34 376.95 36.22 21.12 3 0.611849 1594.39 774.46 53.58 47.16 3 0.597664 167.71 360.55 49.78 38.70 0 0.592965 1216.43 523.52 120.90 46.82 0 0.546983 2.43 457.37 110.26 53.37 0 0.521318 485.75 969.27 99.05 107.53 0 0.452851 1759.50 739.07 42.32 51.79 3 0.441603 1236.09 738.64 51.79 32.94 3 0.429432 1.86 359.09 42.89 38.52 0 0.398425 78.91 261.22 39.98 34.58 0 0.386259 1698.56 740.24 55.39 50.11 3 0.380079 1525.04 610.24 158.63 75.17 1 0.379702 961.44 9.54 21.63 22.67 0 0.379433 1237.38 457.53 31.87 27.03 3 0.360243 77.41 255.28 37.16 36.26 0 0.357568 216.96 262.42 41.83 30.76 0 0.349385 60.91 358.69 46.57 37.21 0 0.342896 4.06 354.88 45.34 37.73 0 0.339998 124.32 262.71 37.41 31.94 0 0.338315 33.28 256.82 38.39 33.31 0 0.326325 992.31 1037.11 65.45 42.41 0 0.322730 637.82 349.14 34.82 15.04 3 0.315925 873.86 25.33 21.08 29.56 0 0.315726 906.39 16.92 23.04 29.99 0 0.295907 473.44 587.52 31.58 29.32 3 0.295015 491.67 584.32 29.08 31.41 3 0.274912 134.70 453.40 68.39 36.46 0 0.252602 25.31 256.85 36.92 31.54 0
439,0.574010 1078.69 726.10 57.70 28.23 0 0.528393 1795.99 733.10 65.02 27.32 0 0.526110 1395.73 731.91 56.56 24.67 0 0.334001 666.84 734.06 50.24 26.18 0 0.266915 565.46 311.14 26.00 40.36 0 0.260225 1583.59 2.00 21.14 31.87 0 0.250394 627.08 804.34 45.54 28.83 0
440,0.647957 853.25 876.79 64.83 29.36 0 0.632477 967.55 1031.41 69.38 37.00 0 0.629087 21.17 590.37 24.43 39.88 0 0.628917 662.28 822.43 61.01 30.12 0 0.616273 710.29 636.53 45.40 27.42 0 0.615489 208.11 587.57 30.48 46.30 0 0.576201 0.96 587.25 18.95 40.94 0 0.540460 364.45 591.11 32.93 47.31 0 0.527885 401.30 621.75 37.12 35.47 0 0.510209 609.73 1018.70 69.90 30.52 0 0.476168 1265.77 652.28 28.10 45.44 0 0.468197 235.10 593.77 29.20 42.70 0 0.465414 199.18 881.93 56.90 26.44 0 0.456823 1251.21 654.02 24.22 37.68 0 0.419057 1265.46 656.18 31.65 49.70 0 0.415707 1255.10 576.73 28.99 54.56 0 0.411301 1318.16 323.47 20.93 36.36 0 0.404107 50.42 596.96 24.98 36.34 0 0.394091 294.69 325.30 17.04 31.77 0 0.384994 1319.53 333.93 19.03 31.16 0 0.309938 1315.23 291.42 21.25 33.94 0 0.272223 314.43 365.50 15.77 28.62 0
441,0.608166 0.00 429.37 303.65 117.84 0 0.445427 722.07 443.36 293.72 108.38 0 0.421743 422.30 466.61 358.38 109.82 0 0.409938 0.00 440.04 242.62 95.75 0 0.388869 1377.74 437.86 336.56 113.63 0 0.298601 380.26 458.50 354.55 125.16 0 0.254164 1433.89 442.22 352.67 111.59 0
442,0.712330 577.97 309.20 26.33 37.28 0 0.676855 356.35 701.90 59.24 28.90 0 0.654645 45.96 653.55 35.67 62.95 0 0.613607 120.99 660.71 30.02 52.32 0 0.595744 845.28 416.35 25.76 47.46 0 0.595329 605.41 360.42 21.25 33.02 0 0.583154 798.17 512.12 65.09 30.62 0 0.580023 1516.86 128.74 26.07 32.73 0 0.579879 1.38 666.97 29.52 56.64 0 0.567683 792.02 425.48 27.18 47.69 0 0.563457 1101.01 442.99 53.28 27.24 0 0.545656 540.36 546.64 50.93 23.37 0 0.533349 155.69 655.16 32.15 56.59 0 0.525155 516.09 297.29 47.28 24.50 0 0.517920 644.46 429.03 30.74 43.21 0 0.513301 631.39 274.57 53.83 18.57 0 0.494866 610.69 411.66 31.14 51.79 0 0.482738 673.01 308.92 22.26 38.66 0 0.461082 818.63 423.59 25.06 46.13 0 0.403921 243.88 244.98 49.80 22.77 0 0.374299 700.09 302.13 24.56 42.23 0 0.368872 711.51 696.66 47.22 28.40 0 0.343165 520.75 301.18 48.55 31.27 0 0.325766 1379.16 437.07 50.17 37.30 0 0.290898 1451.80 157.40 42.99 71.13 1 0.288118 869.46 421.15 22.44 43.20 0 0.286746 1565.12 263.09 32.02 42.33 0 0.286137 450.08 297.74 56.12 20.15 0 0.284894 1552.49 0.00 32.05 13.23 0 0.270432 1515.74 0.00 27.72 18.93 0 0.270298 627.18 273.46 51.93 22.33 0 0.263137 1516.51 137.92 26.92 34.56 0 0.255610 641.29 274.02 52.07 23.07 0
443,0.462657 1246.80 534.25 64.45 26.54 1 0.324383 1429.84 685.29 29.55 22.73 1 0.308367 1803.94 543.28 21.09 22.80 0 0.302917 1366.41 545.94 25.23 12.20 0
444,0.728957 772.88 795.69 61.37 37.80 0 0.698842 893.52 458.00 58.42 34.55 0 0.697008 581.96 552.74 57.15 33.73 0 0.694386 819.40 154.32 81.21 44.43 1 0.664134 743.72 342.67 56.79 32.40 0 0.641781 878.90 487.24 60.84 35.21 0 0.641183 583.90 820.16 60.00 36.52 0 0.635953 629.09 421.27 60.96 33.34 0 0.634124 672.61 578.91 59.74 33.40 0 0.629403 521.90 723.53 63.84 39.72 0 0.627506 762.38 828.21 63.86 38.25 0 0.621441 751.78 866.26 64.73 40.76 0 0.613906 823.37 651.38 67.07 40.57 0 0.608786 731.73 944.28 69.53 40.82 0 0.608317 724.06 411.81 53.44 31.62 0 0.605285 613.25 488.53 61.82 34.63 0 0.603050 475.74 869.29 62.87 39.12 0 0.600983 707.96 444.40 59.35 34.61 0 0.600836 844.24 586.79 61.55 36.80 0 0.595221 854.00 554.54 64.92 39.13 0 0.591591 654.42 607.60 62.78 33.50 0 0.589564 1145.17 491.41 61.18 36.11 0 0.585864 607.98 748.38 61.49 35.16 0 0.581196 630.17 460.29 64.77 34.24 0 0.580241 635.55 681.77 60.99 35.23 0 0.580143 800.14 1007.45 63.87 40.69 0 0.570391 649.22 644.15 61.14 38.09 0 0.570108 786.03 759.86 69.35 36.94 0 0.568861 530.80 970.02 68.00 39.06 0 0.568463 596.80 518.38 58.57 34.95 0 0.567035 694.51 507.62 61.71 35.17 0 0.565080 1126.63 552.41 60.40 36.46 0 0.563020 443.38 943.39 68.30 42.96 0 0.562562 585.17 784.91 70.62 36.54 0 0.559738 557.52 654.32 59.87 38.71 0 0.558149 682.58 543.43 65.65 34.72 0 0.557695 824.84 966.69 66.21 42.72 0 0.556377 746.96 910.19 68.74 42.13 0 0.555201 800.67 723.88 63.60 37.83 0 0.554311 558.27 891.76 69.33 38.94 0 0.551689 643.33 390.55 58.40 30.99 0 0.546744 1239.06 480.27 58.91 34.08 0 0.544454 804.74 687.77 71.48 36.86 0 0.535366 714.01 980.87 67.42 45.26 0 0.523224 572.04 587.33 61.70 33.22 0 0.518624 904.22 424.92 60.77 34.06 0 0.513898 618.49 713.97 64.11 35.77 0 0.495961 569.91 626.51 61.02 33.34 0 0.493822 658.79 612.25 61.01 34.58 0 0.490254 864.80 520.32 60.59 37.42 0 0.489914 1148.22 453.47 62.67 34.67 0 0.487966 569.47 856.10 63.88 36.30 0 0.486494 482.10 830.13 62.29 39.02 0 0.473959 657.59 362.55 61.84 33.32 0 0.473309 530.62 686.44 56.57 33.90 0 0.470943 738.68 377.61 62.33 32.71 0 0.470534 696.04 1013.25 69.67 44.81 0 0.466364 642.49 639.64 62.20 35.84 0 0.451454 743.17 905.56 63.50 41.55 0 0.447346 542.89 932.87 68.00 38.92 0 0.431585 406.32 710.90 24.65 17.04 3 0.407173 341.27 0.00 53.93 38.86 0 0.394671 487.21 834.04 65.24 38.73 0 0.380482 312.87 953.70 31.54 16.76 3 0.379587 705.19 1018.23 67.88 43.22 0 0.341542 626.26 456.45 59.16 31.93 0 0.331722 520.36 711.10 63.25 37.08 0 0.330622 573.62 602.25 61.32 32.26 0 0.323061 569.64 616.09 63.60 33.90 0 0.314546 720.53 970.73 66.59 45.05 0 0.308860 780.25 1045.44 71.08 34.56 0 0.303066 628.52 710.13 66.27 40.68 0 0.298532 691.74 502.48 58.00 32.42 0 0.295606 900.15 431.98 61.57 35.50 0 0.294818 526.42 692.05 61.82 35.52 0 0.281697 801.71 1002.89 69.77 37.08 0 0.267541 755.86 844.78 65.64 41.00 0 0.264002 336.83 0.00 56.28 31.24 0 0.263140 383.58 764.27 28.42 16.71 3 0.255899 781.04 765.68 68.50 38.11 0
445,0.629312 612.13 417.42 121.28 51.98 0 0.499684 0.00 435.94 96.20 46.67 0 0.466038 864.53 428.65 103.23 57.47 1 0.402731 0.00 202.56 21.86 19.89 0 0.352333 862.76 434.14 100.08 49.63 0 0.336501 1029.68 227.86 30.10 27.79 0 0.331766 9.46 424.60 98.78 41.25 0
446,0.696395 908.80 961.71 63.96 73.24 0 0.682656 211.54 338.72 74.02 65.96 1 0.622642 850.62 622.66 55.56 61.60 0 0.618431 574.81 814.69 63.07 65.81 0 0.616550 643.18 725.25 63.17 69.02 0 0.612567 739.33 814.91 62.35 65.13 0 0.610830 1051.11 790.25 62.27 66.22 0 0.609222 685.29 484.84 62.40 65.72 0 0.608770 717.27 512.58 62.60 64.85 0 0.603886 1087.29 816.97 53.78 65.14 0 0.602925 578.61 668.71 60.70 65.59 0 0.601040 675.35 752.88 63.93 68.93 0 0.599247 388.97 512.27 60.61 58.99 0 0.596247 485.36 716.31 61.76 62.86 0 0.594078 880.37 646.26 58.04 61.61 0 0.588050 452.36 564.93 59.43 57.54 0 0.586529 415.57 673.61 57.15 65.30 0 0.582507 880.46 934.76 61.18 65.15 0 0.579819 1150.56 741.16 58.88 54.21 0 0.575581 658.63 462.32 52.18 59.30 0 0.573236 807.90 875.69 60.94 68.51 0 0.572584 541.38 790.52 57.50 63.03 0 0.571995 569.39 377.04 58.54 65.82 0 0.571565 667.78 908.84 66.10 66.13 0 0.570286 455.83 690.85 60.67 67.27 0 0.569995 950.14 989.41 63.43 75.16 0 0.569677 628.01 436.17 56.01 57.77 0 0.564093 599.55 405.05 56.62 57.22 0 0.561949 642.66 860.54 66.06 69.89 0 0.558934 916.17 681.82 54.29 62.49 0 0.558877 487.25 595.59 61.08 57.47 0 0.554389 1120.23 696.73 58.65 53.54 0 0.549861 347.92 611.26 64.85 67.08 0 0.547319 549.33 635.77 60.34 71.76 0 0.546738 709.99 778.23 64.42 65.45 0 0.541349 1120.51 847.82 63.87 64.25 0 0.537812 814.35 1016.40 61.77 61.58 0 0.533135 614.06 835.53 60.72 64.15 0 0.528987 781.48 556.79 63.51 66.03 0 0.526927 725.65 151.47 56.05 55.12 0 0.526746 976.20 730.02 63.76 63.01 0 0.523350 705.53 922.89 67.55 73.18 0 0.522844 497.74 761.81 64.82 65.97 0 0.522397 761.52 171.76 58.39 52.17 0 0.519633 418.65 535.38 57.74 60.55 0 0.513194 616.01 692.58 57.02 65.29 0 0.513036 844.63 902.64 60.63 68.30 0 0.505280 775.37 849.72 56.51 61.61 0 0.502182 693.92 931.87 65.56 77.42 0 0.499195 1175.56 788.57 59.46 58.70 0 0.495444 991.50 1020.24 58.95 59.76 0 0.493473 383.58 646.94 59.07 60.65 0 0.493359 1017.25 761.34 60.78 61.68 0 0.473508 818.18 213.06 58.34 58.55 0 0.471927 651.61 859.90 65.21 63.48 0 0.466206 478.49 591.26 65.99 71.11 0 0.463871 799.52 76.17 56.04 55.22 0 0.463126 812.63 588.89 60.50 60.21 0 0.460161 939.50 705.05 59.47 67.47 0 0.454799 1116.35 702.07 64.07 58.39 0 0.451544 813.22 595.44 63.14 67.12 0 0.450695 853.05 1039.57 56.23 40.43 0 0.449375 1179.11 779.55 62.97 64.53 0 0.444303 212.38 320.13 89.24 81.16 1 0.435290 506.19 754.32 60.76 62.95 0 0.425972 1189.19 771.79 58.80 58.41 0 0.425631 877.12 923.90 60.17 63.23 0 0.406217 749.04 804.82 57.66 61.98 0 0.385145 557.19 795.77 56.82 73.89 0 0.371971 1051.83 784.88 56.93 59.30 0 0.364901 587.64 665.78 61.29 70.52 0 0.360552 770.78 176.28 55.83 53.43 0 0.356059 673.71 479.82 58.90 67.50 0 0.352741 447.06 521.88 48.08 57.60 0 0.342238 693.56 488.88 60.82 71.87 0 0.339094 785.53 566.78 63.62 66.66 0 0.336225 734.23 143.81 55.42 52.25 0 0.331441 917.89 953.79 54.92 64.96 0 0.323826 591.10 805.43 57.17 59.94 0 0.316755 421.01 528.58 66.80 63.26 0 0.315967 713.51 790.02 63.26 65.47 0 0.312456 597.54 816.23 58.23 69.00 0 0.300582 575.85 655.93 63.17 70.03 0 0.299874 942.65 984.30 58.53 74.34 0 0.295268 1113.57 856.10 60.89 65.35 0 0.294586 1008.74 754.94 58.34 63.44 0 0.294361 798.26 202.08 56.65 56.41 0 0.292687 798.45 867.59 55.41 67.42 0 0.291187 1110.52 843.37 61.07 61.36 0 0.291084 766.29 163.74 56.32 52.03 0 0.290665 842.64 613.81 52.31 58.74 0 0.280599 634.27 710.63 58.25 73.27 0 0.279945 823.22 603.05 61.37 65.10 0 0.279215 476.77 702.66 55.29 65.48 0 0.279196 892.16 662.40 57.69 67.16 0 0.278143 689.50 761.55 63.14 70.16 0 0.276713 828.38 216.73 55.53 60.57 0 0.274301 430.19 552.65 63.55 58.98 0 0.272673 669.00 902.56 60.42 58.91 0 0.270101 962.91 722.80 61.47 64.89 0 0.265288 982.06 1026.12 61.87 53.88 0 0.261729 395.19 652.30 56.21 66.11 0 0.259361 1101.58 842.19 60.43 72.36 0 0.258021 1109.28 714.79 62.10 55.14 0 0.257836 1299.87 362.39 68.10 62.12 0 0.256130 835.80 893.35 63.64 72.43 0
447,
448,0.707773 266.18 535.78 30.82 77.16 1 0.669288 4.84 443.87 26.39 54.83 0 0.646746 4.84 522.05 27.91 52.12 0 0.641754 72.27 522.30 28.78 56.95 0 0.637560 41.71 689.21 29.77 52.93 0 0.634476 44.65 918.05 28.96 59.59 0 0.629011 41.79 521.51 30.02 55.26 0 0.626620 813.71 549.75 28.84 61.19 0 0.620059 702.25 273.32 48.45 23.80 0 0.614072 706.53 176.01 45.81 24.20 0 0.582197 75.88 912.81 31.67 62.48 0 0.568844 804.15 785.66 31.89 65.97 0 0.563792 819.32 394.46 26.43 56.45 0 0.519920 706.11 204.35 41.94 23.95 0 0.499252 38.27 444.28 29.62 54.53 0 0.481264 78.91 1002.01 29.93 55.87 0 0.466735 804.37 957.13 28.96 58.51 0 0.450636 1.96 684.54 31.90 59.89 0 0.447358 804.57 713.37 31.04 63.73 0 0.435250 9.17 684.47 31.76 57.83 0 0.424317 800.76 864.05 28.42 58.71 0 0.374523 828.94 221.95 26.94 63.59 0 0.340262 0.26 913.11 17.74 61.49 0 0.326326 270.93 526.89 33.55 83.27 1 0.255171 847.60 551.56 25.31 62.21 0
449,0.838516 853.14 399.79 47.26 90.56 1 0.688548 65.04 810.92 182.85 71.80 0 0.686816 1478.57 573.35 132.42 55.13 0 0.641300 1810.13 571.08 109.87 59.57 0 0.640648 108.90 590.31 145.63 69.81 0 0.632148 1747.29 831.83 170.71 107.80 1 0.631918 1639.61 573.13 145.94 60.40 0 0.616253 3.11 822.19 53.46 66.61 0 0.573667 610.44 394.77 40.73 23.22 3 0.566354 28.34 444.38 61.25 45.20 0 0.550736 0.00 294.61 30.24 38.79 0 0.524593 96.82 292.73 49.51 36.74 0 0.510313 593.69 820.43 67.64 39.86 3 0.449294 580.49 515.37 37.94 24.21 3 0.444037 1353.12 568.95 45.12 33.31 3 0.376441 587.36 459.95 46.21 25.83 3 0.305433 3.22 582.26 63.53 42.70 0 0.294314 608.50 411.60 38.55 24.00 3 0.293256 785.31 439.60 20.92 34.90 3 0.292880 591.45 448.41 43.86 24.83 3 0.286246 606.57 398.35 41.89 26.66 3 0.279234 569.80 529.86 43.35 23.89 3 0.276651 575.73 514.64 36.43 23.34 3 0.270191 978.56 0.45 22.33 31.34 0 0.267657 581.61 528.85 41.90 24.97 3 0.266853 987.30 58.30 24.54 30.73 0 0.252650 514.21 1038.60 36.47 40.00 3 0.251811 952.78 1.69 23.40 32.58 0
450,0.834371 552.21 552.25 71.46 50.17 1 0.543833 195.00 567.14 23.75 18.02 0 0.441729 120.31 522.59 17.65 19.88 0 0.431408 210.66 568.65 24.62 19.86 0 0.399593 172.70 557.08 27.41 22.28 0 0.309036 565.48 550.62 58.43 37.95 1
451,0.539021 1128.94 840.72 59.33 31.35 0 0.488000 1144.69 771.65 48.36 25.04 0 0.431934 1862.95 697.14 52.08 29.16 0 0.413948 917.08 350.65 25.86 41.77 0 0.413836 1158.22 805.12 48.58 24.63 0 0.403826 1398.59 1015.12 27.98 23.03 3 0.385647 1549.58 720.48 54.13 28.18 0 0.381228 999.04 35.22 42.37 22.48 0 0.377693 1001.58 91.79 44.83 22.73 0 0.356510 1414.74 1014.60 23.86 22.81 3 0.338876 1136.47 836.48 55.96 29.75 0 0.305686 1007.44 91.24 42.93 20.50 0 0.257450 1840.66 703.01 38.95 25.80 0
452,0.731542 115.67 822.06 59.62 27.87 0 0.670437 1338.74 750.46 57.77 27.05 0 0.635151 686.86 748.63 53.47 25.15 0 0.632216 1091.70 749.81 54.03 26.80 0 0.520253 1835.37 753.59 54.48 27.90 0 0.459687 365.02 743.15 54.44 29.04 0 0.385737 1822.40 754.47 54.34 26.31 0
453,0.449311 1258.66 541.23 59.97 27.39 1 0.431337 1434.79 685.61 28.58 28.76 1 0.332275 1252.45 541.22 60.45 22.86 1
454,0.540245 833.28 384.55 44.70 51.69 0 0.505165 925.74 496.79 52.85 54.22 0 0.487446 970.83 548.64 53.92 49.17 0 0.485366 1211.45 859.21 48.69 53.70 0 0.445219 1639.93 918.23 42.10 37.91 0 0.414021 1674.38 909.55 42.93 36.28 0 0.408977 799.54 336.55 47.02 51.02 0 0.408326 1619.29 904.43 42.38 34.98 0 0.394611 1188.30 557.75 41.72 38.17 0 0.379065 875.08 441.18 49.60 49.19 0 0.361022 931.85 502.96 50.94 52.56 0 0.342913 1550.20 843.56 48.80 42.19 0 0.316369 1309.96 681.99 68.75 53.56 1 0.314510 1137.22 524.78 46.96 41.20 0 0.314361 1493.85 806.82 48.28 36.67 0 0.278800 1687.75 911.17 43.54 35.21 0 0.270291 946.74 511.16 47.99 52.67 0 0.259568 1414.45 460.98 35.68 41.69 0 0.258921 1519.17 820.30 47.01 39.43 0 0.258072 1264.15 635.43 42.96 32.25 0 0.252338 1627.86 906.29 43.95 38.07 0
455,0.704621 726.61 533.26 58.06 34.75 0 0.667988 670.62 413.89 59.89 34.25 0 0.654782 862.12 143.13 84.16 44.26 1 0.641414 634.67 508.37 62.11 35.75 0 0.637893 632.15 777.95 65.01 39.51 0 0.637853 619.25 815.80 62.98 36.99 0 0.631292 801.28 821.84 63.28 37.47 0 0.627101 657.81 705.42 67.54 39.27 0 0.627022 708.33 571.01 63.06 33.30 0 0.624162 594.69 885.38 70.47 40.19 0 0.612808 811.01 791.25 64.18 38.60 0 0.608718 779.34 365.99 60.00 35.82 0 0.606888 924.07 482.04 58.81 36.32 0 0.606110 888.44 582.50 59.38 37.32 0 0.605866 520.68 822.24 63.64 36.35 0 0.601056 618.45 541.80 59.37 35.11 0 0.600305 569.96 961.86 65.28 37.27 0 0.600107 904.97 516.47 63.00 36.59 0 0.594059 943.66 416.12 64.50 38.56 0 0.590947 608.27 850.62 63.75 36.52 0 0.581613 867.82 964.67 66.65 43.03 0 0.580599 677.05 674.05 61.90 35.11 0 0.578449 793.59 861.85 65.12 39.98 0 0.578331 774.54 940.79 63.18 39.79 0 0.572766 848.03 681.05 69.35 39.58 0 0.569703 591.36 647.81 64.93 37.84 0 0.565642 898.99 549.85 63.97 39.29 0 0.564920 612.75 581.60 64.48 35.19 0 0.563845 570.24 682.25 59.79 36.25 0 0.560802 752.22 437.84 56.83 34.69 0 0.558673 1191.62 487.56 59.98 36.14 0 0.556720 512.46 863.01 62.40 34.92 0 0.555713 781.93 334.84 62.59 35.48 0 0.554026 1285.18 473.51 59.08 31.99 0 0.551917 866.06 647.81 65.39 38.47 0 0.539487 610.14 612.40 58.93 35.34 0 0.539060 828.93 754.38 70.46 39.93 0 0.532768 840.64 720.92 64.59 38.17 0 0.530983 932.35 448.46 62.64 35.30 0 0.525547 761.37 400.92 56.51 33.70 0 0.508098 780.37 904.64 72.68 40.11 0 0.505413 647.07 743.23 60.86 35.73 0 0.504700 698.84 602.13 64.57 34.21 0 0.502361 741.01 1013.47 65.87 40.47 0 0.501585 754.57 977.69 64.96 45.17 0 0.495946 668.55 448.67 61.81 34.75 0 0.495645 480.42 940.94 66.91 38.68 0 0.493526 580.45 926.71 71.91 38.16 0 0.489368 562.33 717.45 66.10 38.00 0 0.486656 1173.68 549.49 62.61 35.46 0 0.478688 651.11 481.20 62.06 31.85 0 0.475498 851.24 1007.82 61.45 37.26 0 0.470929 697.38 344.92 57.88 35.45 0 0.470758 685.82 636.03 63.47 36.79 0 0.464071 684.52 382.15 59.03 32.31 0 0.459441 734.98 501.96 65.41 34.79 0 0.452609 1188.60 445.84 65.39 35.00 0 0.433602 688.17 642.37 62.02 36.59 0 0.418754 757.02 968.88 66.98 44.11 0 0.388014 419.65 757.82 33.20 18.08 3 0.381981 743.91 434.54 61.02 32.39 0 0.374057 836.02 1042.59 60.27 34.14 0 0.365714 837.73 1002.29 65.49 39.39 0 0.363900 356.16 927.78 31.25 15.59 3 0.347453 611.56 607.27 61.86 35.11 0 0.331764 573.08 965.13 69.75 42.51 0 0.329873 517.09 839.21 67.55 36.00 0 0.329583 554.03 712.85 61.79 35.58 0 0.318004 840.08 714.59 66.35 37.81 0 0.304319 348.88 950.74 34.17 16.55 3 0.303678 679.71 454.67 60.37 33.19 0 0.302776 800.54 833.19 66.19 37.50 0 0.297039 749.04 1017.22 66.22 42.55 0 0.293981 901.01 526.79 63.19 38.52 0 0.292161 619.80 810.12 68.71 36.17 0 0.286768 437.10 711.65 28.73 19.81 3 0.274671 562.86 704.53 64.14 39.52 0 0.273521 689.52 360.32 64.12 37.03 0 0.273108 892.61 545.34 63.33 38.46 0 0.266939 697.00 586.72 64.59 35.41 0 0.266320 677.67 90.96 24.70 17.85 3 0.255322 606.06 619.81 64.43 34.46 0 0.253675 701.28 350.39 60.70 36.10 0
456,0.746978 1079.49 478.40 30.28 66.35 1 0.699962 865.89 480.40 22.61 43.58 0 0.660835 1438.80 288.87 35.45 42.04 0 0.652821 381.91 670.22 28.61 52.83 0 0.647517 483.79 862.03 28.40 60.54 0 0.647384 961.28 161.75 29.03 38.77 0 0.641976 506.58 637.95 25.94 48.56 0 0.632630 399.18 801.22 29.44 55.38 0 0.625456 932.32 656.73 28.36 51.75 0 0.621414 725.30 511.39 24.67 43.81 0 0.618843 811.11 686.53 27.86 53.35 0 0.617278 554.30 556.98 25.71 49.08 0 0.612726 437.73 592.99 24.89 46.18 0 0.607840 839.90 484.15 22.50 43.15 0 0.604395 772.98 562.83 27.87 51.34 0 0.592576 1175.03 10.13 43.44 24.01 0 0.585670 1006.52 854.52 30.98 59.68 0 0.582402 628.59 738.03 27.84 53.40 0 0.580497 722.78 717.40 28.34 52.46 0 0.575920 904.33 661.32 29.19 53.41 0 0.573693 627.78 607.97 26.37 47.03 0 0.571787 695.66 517.31 26.14 44.52 0 0.571148 371.86 606.76 29.44 53.05 0 0.571113 1600.97 544.00 43.65 51.35 0 0.567041 445.98 860.26 28.42 57.60 0 0.566811 593.68 610.59 27.82 48.44 0 0.560615 532.78 768.02 28.76 53.05 0 0.559954 841.99 678.14 28.46 47.25 0 0.555094 593.06 743.61 29.84 53.49 0 0.554029 1384.77 197.77 31.55 40.00 0 0.552824 1287.62 201.90 44.46 26.78 0 0.550626 500.47 781.08 29.58 55.59 0 0.547686 408.27 873.45 29.98 61.64 0 0.547680 582.34 551.99 23.64 43.31 0 0.543414 413.27 664.11 27.60 54.57 0 0.542127 1497.22 384.59 41.40 46.69 0 0.538702 718.72 580.25 25.62 53.05 0 0.538273 439.55 794.15 25.92 53.49 0 0.535314 1178.98 7.93 42.91 23.00 0 0.535045 469.29 790.63 27.40 52.09 0 0.529435 1036.63 837.73 32.43 58.54 0 0.528555 1565.19 486.01 43.32 53.86 0 0.528118 447.20 653.53 28.49 54.17 0 0.523708 690.45 723.42 29.02 54.41 0 0.510892 1638.30 602.94 42.99 48.14 0 0.510650 858.94 538.74 24.21 45.64 0 0.504446 463.76 583.78 25.77 46.93 0 0.500937 913.42 519.73 26.24 43.34 0 0.495239 747.85 572.83 28.00 53.35 0 0.488189 1308.28 235.71 47.21 27.02 0 0.485263 942.29 870.52 32.53 67.46 0 0.484407 475.18 646.29 28.48 51.90 0 0.478505 887.67 531.20 27.17 45.13 0 0.471552 659.55 730.52 28.34 52.15 0 0.470299 784.31 506.32 23.32 46.59 0 0.469928 810.23 491.08 22.71 42.03 0 0.466739 1701.53 440.92 44.25 45.10 1 0.450699 598.09 612.48 28.04 48.79 0 0.439439 669.40 535.87 26.22 45.66 0 0.432939 643.67 543.97 23.63 43.25 0 0.429310 566.45 753.73 27.75 52.90 0 0.426254 686.73 583.52 26.63 52.42 0 0.422605 614.56 550.82 25.40 44.49 0 0.420820 780.66 694.84 29.91 55.92 0 0.419089 1041.19 841.02 33.55 58.96 0 0.416335 536.00 624.89 27.84 52.41 0 0.407640 567.88 618.84 28.11 49.20 0 0.399161 891.16 537.16 25.72 45.76 0 0.394690 777.77 693.54 28.55 51.52 0 0.381611 787.16 511.11 21.96 47.37 0 0.378723 1281.55 187.44 44.34 23.77 0 0.348643 667.10 587.09 26.07 54.35 0 0.345091 1068.52 925.79 35.51 54.99 0 0.342049 777.33 567.33 29.31 51.58 0 0.325334 512.11 494.59 12.96 18.06 3 0.320293 533.31 494.37 13.26 18.80 3 0.303963 659.78 598.96 27.48 51.02 0 0.298901 482.69 498.79 13.64 18.43 3 0.297805 876.07 674.24 27.94 50.58 0 0.292543 1384.04 204.64 34.73 39.34 0 0.288438 360.04 531.16 15.69 27.80 3 0.282257 655.02 597.92 27.33 49.12 0 0.277500 830.23 548.06 25.06 43.95 0 0.271416 871.47 671.20 28.67 49.62 0 0.268711 745.68 509.22 23.50 44.61 0
457,0.595301 858.38 345.64 29.41 47.77 0 0.551678 812.97 219.38 27.78 34.58 0 0.530630 877.04 443.26 33.59 54.45 0 0.416055 829.50 260.87 26.57 41.95 0 0.388056 847.42 302.62 28.30 37.59 0 0.348900 825.84 263.47 24.67 39.46 0 0.326132 128.01 1053.84 64.96 26.16 1 0.262774 767.10 156.03 24.03 25.71 0
458,0.586489 504.23 669.34 85.16 139.99 0 0.529992 668.44 102.70 50.02 72.36 0 0.527729 630.43 258.84 56.74 73.63 0 0.369217 655.58 189.19 40.92 49.14 0 0.354039 658.99 217.18 39.76 37.25 0 0.341073 556.94 632.16 43.74 41.72 3 0.301642 541.82 600.56 34.47 44.96 3 0.294168 981.42 54.31 22.15 34.11 3 0.275467 685.63 66.49 40.83 22.76 3 0.268568 551.73 594.63 55.07 46.87 3
459,0.629043 1707.77 48.54 22.54 37.03 0 0.619276 1657.31 49.65 22.10 35.80 0 0.610252 961.40 311.00 19.33 40.27 0 0.609414 1540.35 169.05 24.14 40.06 0 0.606960 1684.11 50.37 23.37 38.08 0 0.602498 1797.67 49.01 21.83 35.31 0 0.599968 1590.28 166.81 24.17 42.98 0 0.589643 1776.33 50.43 22.12 35.40 0 0.569957 1615.05 51.36 22.15 34.83 0 0.567382 1753.97 50.79 22.94 36.60 0 0.563577 1844.24 48.07 22.26 36.61 0 0.562257 1042.48 795.74 60.69 31.93 0 0.550591 1591.96 51.58 21.63 34.16 0 0.550160 1758.20 163.89 26.60 42.00 0 0.549552 1038.68 1030.58 71.04 33.21 0 0.545542 1615.33 163.25 24.88 41.45 0 0.539580 1039.00 354.07 39.66 18.72 0 0.537367 1820.07 48.80 22.18 35.67 0 0.536801 944.71 813.84 25.38 53.15 0 0.531141 1521.27 48.72 21.63 35.07 0 0.520523 1839.88 123.75 23.48 40.06 0 0.520218 1816.97 126.43 23.24 38.86 0 0.514858 1726.63 46.61 22.32 35.44 0 0.509163 1711.11 163.99 27.23 41.49 0 0.508994 1864.40 123.77 23.71 36.26 0 0.506852 942.67 972.16 31.63 68.14 0 0.501668 1056.51 993.58 62.49 34.64 0 0.499938 1567.37 170.04 22.84 40.87 0 0.487590 1504.19 131.76 26.46 35.44 0 0.467023 1041.90 618.30 42.50 20.70 0 0.461941 1640.40 165.75 23.75 39.81 0 0.454644 1649.53 127.66 23.93 33.33 0 0.444444 1792.72 130.07 23.82 35.36 0 0.441467 1044.38 303.32 39.00 19.94 0 0.441391 1063.67 890.82 45.50 30.58 0 0.437580 1544.98 50.92 21.04 34.51 0 0.436086 1746.32 125.80 24.77 36.04 0 0.435822 1849.06 13.92 22.74 31.87 0 0.435668 1696.38 128.20 23.84 35.95 0 0.420133 1770.61 125.87 23.13 35.88 0 0.408588 1553.86 130.20 23.28 36.59 0 0.408532 1632.72 129.69 22.55 31.79 0 0.406615 969.21 133.14 15.62 32.54 0 0.400689 966.39 37.53 22.12 46.50 0 0.400478 1869.43 11.66 23.92 34.17 0 0.398979 1575.96 132.14 24.21 37.08 0 0.394526 1868.00 46.79 23.21 35.83 0 0.391561 1687.52 168.44 24.26 38.90 0 0.386813 1563.68 51.33 20.49 32.80 0 0.366285 1076.29 890.35 43.47 32.00 0 0.366192 1822.66 10.14 20.55 30.16 0 0.363632 1041.00 329.73 37.36 18.29 0 0.361803 949.58 662.29 30.02 51.27 0 0.359180 964.91 212.36 18.01 37.13 0 0.358063 1894.83 259.28 24.97 38.67 0 0.343004 1085.15 924.64 35.46 30.53 0 0.334592 1583.39 147.28 22.89 43.26 0 0.330685 1876.90 166.25 28.84 38.64 0 0.328872 1614.96 131.20 25.49 34.46 0 0.319213 1673.05 127.61 23.24 34.60 0 0.313671 1038.30 331.57 38.16 19.88 0 0.306971 1895.54 125.22 21.56 30.04 0 0.305572 1718.91 164.90 27.67 41.08 0 0.281784 1530.13 132.63 22.90 34.33 0 0.278197 1789.91 165.97 25.61 40.19 0 0.273295 1507.77 615.89 21.15 38.48 3 0.272221 1041.62 627.68 43.95 23.42 0 0.271652 1662.13 167.36 23.29 38.88 0 0.252478 1495.97 47.50 22.60 32.87 0 0.252213 1356.74 112.23 27.12 48.08 1
460,0.656531 871.87 496.34 46.05 23.78 0 0.505424 0.00 804.49 173.13 92.50 0 0.422959 86.30 711.73 207.43 99.72 0 0.346846 892.40 227.17 26.38 17.96 0 0.308411 935.07 133.39 23.31 14.77 0 0.305187 1099.26 530.87 23.48 40.63 0 0.304607 1040.89 287.90 22.98 37.66 0 0.303100 1719.44 852.44 28.93 41.72 0
461,0.883008 534.48 528.44 51.26 149.24 1 0.865957 644.00 493.35 134.64 57.24 1 0.627568 340.63 54.79 23.23 33.84 0 0.533481 391.67 53.36 26.19 33.04 0 0.491948 576.54 618.90 162.02 52.68 1 0.488569 303.73 56.42 24.72 36.86 0 0.411769 530.54 562.28 45.29 115.83 1 0.408034 43.76 61.74 30.19 43.54 0 0.390729 630.28 497.75 143.17 62.61 1 0.383630 382.65 82.96 31.72 28.77 0 0.349701 422.40 52.80 24.94 33.50 0 0.330346 586.60 580.57 163.42 54.60 1 0.294290 1005.07 730.30 23.65 17.50 3
462,
463,0.709111 1705.31 438.48 214.69 92.82 0 0.662011 832.01 431.26 242.68 87.09 0 0.652082 0.00 374.48 321.06 139.34 1 0.631283 493.21 408.21 323.44 108.10 0 0.560941 1132.72 438.25 258.56 92.14 0 0.396978 50.03 375.75 341.73 134.52 1 0.299107 454.57 415.96 290.73 99.88 0
464,0.714268 843.63 40.14 102.70 52.61 0 0.712267 1260.84 200.22 39.93 24.86 3 0.688992 986.92 29.13 102.93 52.64 0 0.684206 551.78 450.71 122.64 57.68 0 0.683421 1001.07 422.23 116.06 59.37 0 0.677861 1261.68 230.10 40.77 25.78 3 0.673304 890.18 892.27 102.81 48.89 0 0.670886 844.94 374.30 123.34 58.28 0 0.648067 851.10 315.74 109.24 51.03 0 0.646058 526.68 976.41 141.12 65.75 0 0.643360 422.54 5.15 114.78 53.59 0 0.642237 538.10 511.36 130.12 58.78 0 0.637601 1044.07 880.13 107.40 53.82 0 0.636623 406.55 65.07 106.57 48.24 0 0.635601 1036.57 543.68 102.81 59.28 0 0.630987 1010.74 670.72 116.17 56.55 0 0.628196 540.42 840.26 124.92 59.35 0 0.625903 573.26 222.16 98.56 50.91 0 0.620019 851.28 146.81 106.19 51.50 0 0.613109 531.56 910.59 131.56 64.62 0 0.612693 1006.46 741.38 107.10 48.63 0 0.607166 1041.78 805.21 115.08 57.51 0 0.606512 998.55 482.01 118.05 56.70 0 0.603874 546.60 333.84 119.98 56.49 0 0.601701 989.33 77.10 103.29 53.04 0 0.596533 67.64 876.22 108.72 56.14 0 0.588455 860.70 257.78 109.33 56.77 0 0.586602 994.48 366.20 108.74 54.72 0 0.570282 561.42 163.09 103.73 55.74 0 0.569477 1028.02 609.46 113.19 61.43 0 0.565412 857.10 558.98 102.71 55.38 0 0.565373 855.44 627.08 119.33 58.65 0 0.564321 558.11 387.22 110.29 60.02 0 0.562424 859.79 492.72 114.24 61.39 0 0.562423 1037.24 946.39 106.74 53.32 0 0.560819 851.39 689.78 124.63 59.67 0 0.559640 1004.70 250.74 110.68 57.96 0 0.556713 853.89 433.39 113.44 60.11 0 0.553494 880.36 811.41 118.04 58.57 0 0.546525 852.69 97.15 100.64 52.50 0 0.544082 551.76 638.91 113.67 60.66 0 0.542022 550.37 107.81 108.96 54.39 0 0.541815 839.99 0.00 105.16 42.49 0 0.533356 565.98 270.38 113.33 56.69 0 0.530598 851.91 201.60 110.15 54.62 0 0.530409 544.93 700.30 124.79 61.22 0 0.528978 1021.71 303.78 95.45 55.79 0 0.515290 870.28 963.68 128.31 64.15 0 0.508084 558.80 766.37 111.74 60.07 0 0.501168 557.47 51.71 104.33 56.27 0 0.498654 565.27 2.12 102.69 56.87 0 0.465634 1253.01 162.43 43.08 25.14 3 0.446030 1252.39 132.95 42.33 26.22 3 0.443059 888.27 1028.95 104.50 51.05 0 0.437184 46.71 872.32 82.29 60.08 0 0.431722 34.01 1015.23 135.60 59.17 0 0.295955 573.27 231.30 101.01 49.69 0 0.284279 865.89 487.68 117.19 57.02 0 0.279615 1027.91 637.20 109.51 57.60 0
465,0.756287 847.78 376.63 119.72 57.02 0 0.735615 1000.50 425.33 114.60 57.37 0 0.729760 537.24 516.28 131.85 56.93 0 0.701362 1001.97 742.38 104.20 50.88 0 0.690842 1023.31 617.80 119.39 56.34 0 0.673429 1040.21 810.56 100.74 53.10 0 0.669196 61.64 881.09 112.87 54.94 0 0.668569 546.87 337.61 120.88 58.96 0 0.664777 552.73 455.99 120.76 58.93 0 0.653906 848.12 434.36 124.79 65.00 0 0.651760 982.33 33.12 105.91 55.04 0 0.637784 845.98 43.30 103.82 55.01 0 0.626473 1046.37 879.43 108.10 55.98 0 0.618985 1035.55 547.29 100.45 57.37 0 0.611725 1031.74 946.57 109.64 58.65 0 0.610158 541.94 701.25 130.33 63.39 0 0.605291 404.64 69.47 106.90 49.31 0 0.601202 853.00 319.68 105.48 55.90 0 0.600367 873.60 966.67 126.17 65.28 0 0.599294 890.06 894.18 102.77 53.37 0 0.599225 850.03 149.64 108.38 52.87 0 0.597141 423.89 7.73 110.64 55.35 0 0.595973 1257.86 201.70 45.80 30.19 3 0.586156 540.11 843.08 127.51 61.86 0 0.583840 1018.50 306.55 99.26 56.97 0 0.582415 1005.18 673.75 124.45 58.06 0 0.581362 864.60 496.90 106.80 60.20 0 0.578110 561.08 166.74 102.41 53.57 0 0.576904 986.16 82.27 105.80 53.92 0 0.575340 854.20 558.90 112.22 61.92 0 0.573709 1001.43 251.70 114.29 60.05 0 0.573184 546.43 645.49 117.57 56.63 0 0.571076 995.83 490.81 110.76 52.20 0 0.570145 554.34 111.24 104.75 52.60 0 0.569260 849.07 99.52 107.16 52.74 0 0.565935 991.05 365.60 113.09 60.28 0 0.565002 569.54 231.80 101.96 53.29 0 0.554705 849.90 628.54 124.96 60.26 0 0.546517 566.42 275.52 112.74 54.21 0 0.546402 1252.99 137.56 40.30 23.61 3 0.543135 880.87 819.05 120.04 58.83 0 0.541780 524.06 984.75 140.15 61.73 0 0.540394 846.66 691.42 139.90 61.62 0 0.539364 556.23 54.21 104.05 56.95 0 0.538005 861.04 261.46 106.36 56.62 0 0.531173 840.46 0.00 106.22 44.74 0 0.530341 533.06 915.56 130.64 64.03 0 0.529926 563.20 3.42 102.41 58.83 0 0.523222 558.06 771.93 112.02 64.03 0 0.521170 853.27 205.58 112.80 59.52 0 0.504750 562.64 393.05 103.82 57.99 0 0.482714 1045.44 951.11 115.26 55.79 0 0.451428 887.49 1037.27 120.24 42.73 0 0.423866 43.87 876.47 103.68 62.25 0 0.405497 34.72 1018.10 133.33 58.80 0 0.389033 1253.81 164.75 42.04 25.42 3 0.377179 1259.39 233.48 44.53 28.01 3 0.364001 572.43 225.01 102.72 49.05 0 0.349831 1060.00 806.68 100.39 57.54 0 0.323739 1253.98 173.28 43.85 25.89 3 0.259069 1251.23 167.01 42.35 27.67 3 0.257034 1010.21 290.74 107.51 60.43 0
466,0.637967 871.15 344.35 60.00 31.62 0 0.619098 951.19 348.20 57.66 30.08 0 0.591763 351.43 408.81 30.96 57.67 0 0.588834 286.73 411.87 27.95 52.09 0 0.584980 1785.08 397.30 53.23 25.06 0 0.583559 317.05 414.04 28.74 49.45 0 0.578702 254.11 405.64 29.74 57.95 0 0.565741 306.02 311.82 66.20 30.27 0 0.543518 795.69 342.47 60.47 30.11 0 0.480994 475.90 323.59 63.43 29.20 0 0.477284 1040.94 355.20 58.48 26.53 0 0.465493 632.19 335.82 62.67 27.79 0 0.375726 604.52 871.01 72.23 31.07 1 0.333663 585.68 1062.49 54.66 17.51 0 0.295788 407.87 854.32 27.40 22.51 0 0.274952 386.40 411.64 28.71 55.09 0
467,0.696348 0.00 407.13 173.93 88.38 0
468,0.771186 596.40 569.08 71.71 55.46 1 0.578972 218.63 612.15 24.67 21.08 0 0.466722 693.24 563.81 22.34 18.96 0 0.451768 726.52 569.33 18.18 17.72 0 0.416264 366.17 593.32 19.11 18.17 0 0.401467 200.52 609.83 21.09 21.23 0 0.367487 391.12 590.39 20.64 18.18 0 0.337947 763.85 616.61 21.12 19.43 0 0.307621 174.77 597.16 22.80 22.30 0 0.305402 100.38 568.00 20.69 22.37 0 0.300523 750.60 616.17 20.96 21.11 0 0.263665 123.37 566.50 16.85 20.08 0 0.262355 248.33 544.42 20.58 15.58 0
469,0.602228 431.90 485.10 276.51 77.01 0 0.429214 382.04 120.35 31.35 31.48 0 0.413670 481.96 485.90 274.38 88.26 0 0.276059 427.50 490.30 313.72 91.82 0
470,0.683626 58.99 394.03 275.09 94.18 0 0.606220 1035.87 408.05 273.84 90.89 0 0.600742 389.93 399.04 299.29 93.04 0 0.500877 1617.48 408.80 302.52 97.72 0 0.462135 1359.26 412.07 261.81 100.30 0 0.433085 352.98 60.11 26.71 25.29 0 0.310762 0.76 375.20 36.34 94.79 0 0.290233 25.58 405.42 312.19 105.40 0 0.269721 453.78 398.89 256.06 100.37 0 0.259918 356.90 85.89 28.17 24.14 0
471,0.807186 395.27 349.54 39.88 61.95 1 0.798697 398.42 630.38 32.83 57.36 1 0.732989 424.12 616.94 38.06 64.00 1 0.722692 165.46 646.86 29.84 44.50 0 0.690783 1175.79 100.43 24.30 33.14 0 0.675341 304.56 959.90 35.12 64.52 0 0.667967 233.71 856.65 35.35 64.05 0 0.657804 560.74 297.73 50.95 21.96 0 0.657621 137.12 655.68 30.12 45.12 0 0.655103 1127.64 462.46 34.47 35.77 0 0.650526 388.70 740.27 31.52 51.52 0 0.645736 473.66 887.95 34.94 58.93 0 0.643115 336.36 502.00 30.93 49.65 0 0.642805 867.53 785.18 67.63 44.02 1 0.642214 1131.90 5.68 18.78 28.68 0 0.637405 16.69 930.32 37.85 64.73 0 0.633794 386.01 577.89 27.92 44.71 0 0.631924 55.65 916.01 36.97 67.21 0 0.628768 334.96 344.61 43.02 25.13 0 0.615945 410.95 911.64 32.42 58.15 0 0.611425 123.20 431.09 29.49 46.59 0 0.601506 303.51 506.17 32.77 52.82 0 0.599176 295.76 608.03 26.30 41.45 0 0.598412 729.71 255.52 44.36 20.90 0 0.597970 1060.46 341.43 32.02 32.87 0 0.597144 354.58 590.95 28.03 44.60 0 0.593625 218.21 536.59 29.76 47.06 0 0.592052 29.31 448.58 33.39 51.31 0 0.565536 1369.49 759.88 56.12 42.87 0 0.562469 1103.79 419.59 33.78 38.42 0 0.560982 230.47 624.40 30.73 49.12 0 0.560541 421.91 728.20 32.67 55.81 0 0.557796 1320.65 39.86 33.39 18.05 0 0.552365 237.86 991.31 31.01 56.61 0 0.544655 1827.41 433.87 54.72 33.14 0 0.542098 784.95 821.49 58.70 37.04 0 0.541195 1632.19 63.68 30.10 28.52 0 0.534683 1082.53 377.50 29.08 33.96 0 0.534523 359.23 750.62 29.76 48.71 0 0.512724 60.01 584.86 32.47 51.84 0 0.511912 1588.98 698.67 49.55 53.58 0 0.507935 1558.63 716.85 45.39 49.71 0 0.499469 1110.53 9.03 19.58 25.93 0 0.494950 305.40 660.04 31.08 52.20 0 0.490843 1388.31 294.41 22.97 34.55 0 0.485456 268.59 839.70 35.22 64.42 0 0.484815 666.60 272.10 42.29 23.27 0 0.483235 449.13 719.52 35.91 54.37 0 0.483054 371.98 295.24 32.51 25.25 0 0.481866 1371.03 977.49 50.41 57.03 0 0.479268 955.76 154.18 31.42 31.11 0 0.479073 1684.75 491.34 45.21 35.55 0 0.472602 227.45 794.06 32.00 52.43 0 0.465238 902.14 58.80 24.42 25.83 0 0.464628 1156.01 323.43 37.84 20.84 0 0.461547 1152.52 1.33 17.66 29.32 0 0.461510 327.75 763.47 30.13 50.39 0 0.460686 1041.57 301.43 30.13 34.65 0 0.458637 335.66 819.79 33.75 55.53 0 0.458562 1019.25 535.66 35.65 42.02 0 0.450308 928.35 347.47 30.23 29.52 0 0.450159 271.47 977.57 33.93 62.41 0 0.449379 1223.17 720.23 35.68 44.58 0 0.446008 93.68 575.33 32.77 49.92 0 0.443806 1635.62 689.43 44.96 49.61 0 0.442032 544.32 860.43 34.28 58.12 0 0.441689 1675.25 60.32 31.52 28.35 0 0.438317 1329.60 43.23 33.37 16.77 0 0.433981 215.98 505.12 24.77 34.93 0 0.429743 442.15 902.27 33.63 60.11 0 0.426301 235.27 401.38 31.67 47.17 1 0.424649 1084.99 15.33 23.81 25.35 0 0.422262 65.35 743.20 40.74 40.43 0 0.421044 363.57 1016.85 16.65 26.00 3 0.419507 1660.57 98.69 30.45 27.43 0 0.419451 1700.92 86.53 28.77 25.92 0 0.418219 1258.15 388.88 35.84 32.31 0 0.417537 325.79 598.42 26.92 42.30 0 0.413992 903.18 296.68 28.32 32.28 0 0.412389 1159.99 321.24 39.29 19.28 0 0.411891 996.85 479.80 36.28 47.79 0 0.409090 349.33 378.08 30.52 41.54 0 0.405927 721.69 258.37 40.67 21.57 0 0.392962 1018.07 268.27 28.64 32.29 0 0.392632 947.20 388.97 29.76 37.67 0 0.391302 1636.06 516.79 44.79 27.18 0 0.390788 344.08 374.40 31.38 41.26 0 0.383300 364.54 638.43 28.42 46.03 0 0.382604 244.96 531.11 29.85 48.54 0 0.381304 413.73 568.92 31.33 49.55 0 0.380694 1630.29 522.15 43.26 27.03 0 0.376552 1252.72 385.22 34.92 33.05 0 0.375693 233.71 398.42 32.22 46.19 0 0.367048 991.05 154.92 28.00 29.11 0 0.366974 250.10 533.02 30.22 48.55 0 0.363344 697.02 225.58 28.23 18.78 0 0.361820 411.07 996.81 15.30 24.75 3 0.360089 1746.50 115.42 29.43 19.33 0 0.358913 154.54 551.35 36.37 55.26 1 0.357127 1380.41 612.38 40.48 35.16 0 0.355843 1665.60 101.92 31.02 27.95 0 0.352708 1485.63 1037.07 37.16 42.93 1 0.350337 1270.34 0.00 23.99 10.17 0 0.349672 1652.45 30.10 30.09 27.17 0 0.348818 1245.24 0.00 20.43 13.67 0 0.348075 180.96 416.61 32.08 43.04 0 0.346947 761.54 255.48 38.95 18.91 0 0.346285 1669.74 27.57 29.52 28.13 0 0.346012 396.31 488.78 30.81 45.99 1 0.345464 1602.49 0.00 31.14 20.54 0 0.343181 366.66 638.16 29.26 46.27 1 0.341631 1688.84 126.57 33.85 34.18 0 0.340947 343.79 344.79 39.08 23.54 0 0.333228 1361.11 621.98 35.71 34.30 0 0.331071 1174.28 0.09 17.92 29.00 0 0.330097 1774.78 458.89 40.32 30.80 0 0.327705 1732.62 467.77 40.13 29.79 0 0.325630 1581.30 702.45 49.45 52.29 0 0.324242 1159.48 504.11 34.25 41.90 0 0.321489 375.04 635.99 30.85 51.32 1 0.320045 1725.37 115.16 31.00 23.13 0 0.319177 1363.11 902.53 59.94 53.84 1 0.318573 1592.02 536.18 34.56 27.82 0 0.318146 105.12 728.78 38.21 45.45 0 0.317728 476.23 279.32 25.42 17.37 0 0.317344 1531.47 556.75 38.82 32.90 0 0.311856 379.80 632.54 28.38 50.84 1 0.308186 1246.57 424.02 21.05 22.20 0 0.308140 1632.61 0.00 29.28 21.58 0 0.306169 1363.71 902.45 57.57 50.97 0 0.305293 178.27 695.81 32.79 54.18 0 0.303326 276.31 969.54 33.00 64.00 0 0.303076 974.04 439.14 29.62 36.75 0 0.301557 1487.21 1022.19 35.44 56.95 1 0.297885 1608.17 2.11 30.92 28.25 0 0.286661 1634.52 1.48 28.28 28.62 0 0.285514 1453.19 700.79 39.00 33.40 0 0.285066 277.86 671.31 33.04 56.17 1 0.278903 967.39 185.00 29.45 29.34 0 0.276006 313.40 601.62 29.20 44.44 0 0.273552 1830.27 54.87 26.71 25.12 0 0.271953 995.75 226.64 30.66 28.03 0 0.265281 925.88 95.30 25.12 30.65 0 0.260298 793.55 67.09 17.37 22.37 0 0.259716 1637.98 352.55 34.56 17.70 0 0.258066 1104.19 425.68 34.70 38.34 0 0.255802 531.60 260.17 23.50 15.88 0 0.255263 1196.92 0.00 20.06 22.01 0 0.254850 992.30 222.30 30.33 28.20 0 0.254449 1253.79 380.05 33.37 30.50 0 0.253054 1655.33 87.44 26.36 27.65 0
472,0.711584 1077.04 848.99 41.22 28.03 3 0.674933 736.72 849.97 57.52 88.56 0 0.666610 1076.84 802.62 36.15 23.59 3 0.582092 1074.97 784.11 35.30 24.57 3 0.542543 807.69 707.81 30.63 20.11 3 0.538525 761.32 776.25 51.56 73.09 0 0.523656 1076.41 874.38 40.80 25.68 3 0.506242 1076.82 820.63 39.05 24.92 3 0.466484 958.46 324.16 20.66 21.65 0 0.455768 790.70 737.17 34.30 22.05 3 0.452549 662.81 987.04 89.52 89.10 0 0.452451 994.17 488.42 32.93 31.14 0 0.440448 892.98 445.42 26.85 25.87 0 0.440281 798.86 712.97 30.94 21.19 3 0.400017 880.78 490.35 26.09 29.09 0 0.393966 815.86 687.56 27.82 17.59 3 0.386568 952.14 448.74 27.59 28.59 0 0.383810 825.58 617.54 38.66 28.55 0 0.351256 407.16 281.64 19.86 13.43 0 0.343222 390.73 279.24 18.80 13.89 0 0.325780 458.99 281.89 21.58 13.55 0 0.313886 507.23 277.52 22.46 15.36 0 0.301942 723.75 261.25 19.63 14.38 0 0.296370 534.76 278.33 19.68 15.29 0 0.289260 962.84 257.50 20.79 14.99 0 0.260543 750.62 260.19 16.65 12.84 0 0.258548 676.37 257.95 21.95 15.56 0
473,0.480232 907.08 703.10 46.90 61.50 0 0.378693 909.00 727.73 52.80 77.77 0 0.342379 952.35 209.15 33.54 32.98 1 0.278203 945.62 912.62 61.40 107.40 0 0.270160 945.89 919.05 65.47 128.61 0 0.259842 1054.86 69.79 16.70 24.58 1
474,0.743069 1480.06 680.42 47.78 31.47 3 0.678856 983.00 792.49 106.35 67.60 0 0.620192 706.52 673.84 100.88 70.02 0 0.608359 664.07 792.90 103.75 69.85 0 0.603532 1024.07 676.27 114.42 71.08 0 0.602131 756.44 556.16 102.11 67.91 0 0.587456 1170.09 732.01 103.35 73.28 0 0.582439 1213.64 611.82 112.99 82.07 0 0.571818 1473.55 708.02 49.16 31.86 3 0.567794 1145.89 784.40 108.73 73.26 0 0.565835 593.17 908.88 104.82 73.15 0 0.562525 612.47 504.64 94.52 69.66 0 0.559619 683.11 393.63 105.66 66.06 0 0.554498 1055.60 615.10 108.72 67.68 0 0.551958 729.22 610.39 106.45 71.60 0 0.544749 790.78 511.19 96.87 70.33 0 0.542500 820.92 459.39 96.64 65.55 0 0.527592 942.30 913.83 98.19 69.15 0 0.524122 1495.40 650.31 52.51 31.71 3 0.521195 961.63 851.50 108.23 75.69 0 0.514940 1086.04 979.26 113.47 78.74 0 0.514660 1005.85 738.22 105.59 69.22 0 0.511668 1375.81 994.86 48.77 28.56 3 0.501886 1071.61 560.75 111.43 70.56 0 0.487042 554.65 967.59 118.44 78.99 0 0.480447 953.29 836.42 113.44 70.86 0 0.462921 681.14 458.31 86.68 63.02 0 0.459890 902.40 978.31 110.85 67.76 0 0.455388 806.83 442.87 84.19 63.80 0 0.452883 884.89 968.21 124.44 91.05 0 0.441605 1081.41 969.47 107.58 74.43 0 0.440480 697.15 402.51 108.35 70.44 0 0.435012 683.30 744.34 100.31 69.34 0 0.432574 603.43 500.54 93.60 61.43 0 0.430071 1355.88 1037.52 47.31 26.67 3 0.429817 614.66 849.90 116.17 75.76 0 0.412332 658.88 444.20 80.81 62.35 0 0.403651 516.84 1014.80 126.51 65.20 0 0.393876 808.28 444.42 100.85 70.96 0 0.384850 625.97 515.60 93.60 61.15 0 0.378753 661.32 450.34 97.55 66.54 0 0.372354 1386.03 962.42 46.09 27.51 3 0.367554 949.01 921.17 97.33 74.61 0 0.364160 761.70 564.50 100.41 73.13 0 0.363591 77.31 404.21 84.23 64.56 0 0.362590 893.20 957.12 119.34 84.61 0 0.321189 719.18 606.40 104.38 65.35 0 0.293589 651.93 440.65 74.75 58.43 0 0.289752 870.44 1012.62 124.72 67.38 0 0.289261 945.47 907.21 104.32 62.13 0 0.285452 662.92 435.33 100.98 64.93 0 0.283971 707.97 667.74 106.84 61.73 0 0.277388 966.95 808.53 121.60 75.29 0 0.276603 1075.78 985.03 122.92 91.30 0 0.271894 673.13 782.68 105.65 60.52 0 0.261702 532.32 999.81 124.78 79.48 0 0.259126 686.69 724.88 101.42 65.88 0 0.258535 1069.08 1015.40 118.83 64.60 0
475,
476,0.641629 364.34 489.32 24.89 32.12 0 0.629918 403.74 488.55 23.81 32.62 0 0.591288 1061.55 397.20 19.50 28.00 0 0.512079 958.62 337.31 20.46 31.84 0 0.460826 383.48 488.51 23.64 32.33 0 0.449020 933.76 323.05 20.07 32.75 0 0.442442 203.43 533.39 36.56 25.42 0 0.422837 593.31 523.52 25.77 34.29 0 0.412665 329.52 481.11 26.91 32.12 0 0.404042 908.79 324.07 20.86 34.58 0 0.376690 864.91 357.62 42.96 66.16 1 0.366218 1151.29 409.77 19.93 25.19 0 0.362825 1041.15 396.94 18.81 27.41 0 0.357223 556.06 440.25 26.37 20.38 0 0.353482 195.81 534.28 35.92 25.49 0 0.346444 345.08 392.34 36.85 19.62 0 0.342549 680.49 532.70 22.06 31.82 0 0.334080 1111.95 407.89 19.26 26.80 0 0.308366 474.21 504.20 22.34 27.22 0 0.283964 457.23 500.59 21.24 25.88 0 0.279976 341.65 397.45 33.50 19.59 0 0.276354 870.17 243.13 19.94 28.46 0 0.269983 911.45 331.73 18.16 32.36 0
477,0.671194 142.12 397.40 300.84 107.42 0 0.572411 816.28 408.47 279.58 94.26 0 0.537483 1434.75 409.84 322.19 105.97 0 0.468370 0.00 387.41 100.56 112.12 0 0.465574 1167.29 422.28 283.81 100.66 1 0.377077 0.00 389.87 108.77 111.12 1 0.361067 131.00 405.97 246.88 91.50 0 0.277230 156.22 52.37 29.51 23.63 0 0.272657 1173.53 421.26 271.79 106.29 0 0.255363 218.48 56.28 28.33 23.91 0
478,0.785192 556.94 680.61 51.41 67.18 1 0.681868 1147.64 530.58 37.51 32.78 1 0.660492 287.03 90.61 59.95 44.44 0 0.655414 573.84 247.79 50.46 35.95 0 0.640926 516.52 216.38 50.09 39.09 0 0.639859 280.08 264.08 60.00 46.96 0 0.617157 1053.09 154.17 63.79 47.50 1 0.608681 111.31 1033.85 53.76 39.24 0 0.591880 0.03 1004.45 43.83 40.19 0 0.589030 226.42 58.21 53.72 42.68 0 0.587099 925.58 351.14 50.67 31.90 0 0.552416 957.14 253.97 27.27 33.79 0 0.549797 412.92 329.29 67.52 57.02 0 0.549566 156.91 195.83 51.35 43.08 0 0.549278 477.56 368.04 50.52 43.36 0 0.545532 165.59 942.35 59.26 39.24 0 0.540469 178.33 147.70 60.63 44.99 0 0.539405 362.65 305.26 56.15 45.36 0 0.530258 219.90 227.19 52.92 44.54 0 0.530002 462.78 186.44 51.61 40.31 0 0.493122 357.80 976.77 54.70 42.29 0 0.491511 133.39 1002.81 53.13 35.67 0 0.488469 520.25 771.00 42.79 44.98 0 0.488432 1145.60 510.88 33.55 31.00 1 0.488062 861.58 422.13 63.16 35.74 0 0.483177 968.76 214.62 33.61 44.79 0 0.480327 319.37 1042.61 63.67 37.39 0 0.479895 936.26 32.89 31.72 38.38 0 0.448679 148.23 975.60 54.82 34.35 0 0.443686 118.48 3.12 53.07 42.96 1 0.441102 163.48 23.11 41.86 35.94 1 0.440049 1170.28 538.64 30.20 29.84 1 0.434072 403.19 320.78 71.74 59.82 0 0.427175 458.12 181.98 49.37 38.12 0 0.427042 411.93 159.26 45.02 36.19 0 0.422541 354.67 125.32 45.57 38.11 1 0.419531 564.01 24.78 47.89 34.26 0 0.415861 865.02 159.25 36.80 35.54 1 0.414361 515.39 790.00 39.23 39.90 0 0.406526 209.83 222.70 54.46 47.84 0 0.405807 162.95 197.50 51.62 46.18 0 0.400091 0.29 997.14 47.97 41.57 0 0.397540 402.08 151.54 48.49 39.30 0 0.384578 1046.24 183.89 55.49 39.79 1 0.383041 673.76 274.57 34.22 30.71 3 0.379187 172.68 929.29 55.56 34.51 0 0.376983 0.00 1039.78 37.47 36.86 0 0.371109 1044.94 189.24 52.32 40.40 0 0.363565 692.95 277.60 30.09 27.19 3 0.358334 1860.99 1045.04 37.99 31.78 0 0.357727 169.46 27.92 45.23 39.05 1 0.353343 552.40 691.87 50.09 62.91 1 0.339803 228.90 63.71 57.22 41.03 0 0.335797 141.81 985.93 57.17 43.29 0 0.335069 871.50 150.86 39.75 41.91 1 0.332067 275.08 260.05 51.60 48.96 0 0.327723 836.47 213.21 38.71 47.60 0 0.326735 16.77 936.68 47.61 37.80 0 0.318544 841.92 200.44 38.62 51.85 1 0.311821 688.80 806.65 27.37 23.18 0 0.310650 573.74 35.17 50.02 34.18 0 0.309606 87.90 0.00 36.08 18.51 1 0.291161 0.00 885.03 24.20 38.30 0 0.286763 1086.51 115.78 54.33 39.46 0 0.270825 1119.23 455.44 31.80 30.56 0 0.267691 869.84 428.89 71.86 42.31 0 0.266427 157.32 959.10 58.33 44.10 0 0.259991 1224.11 610.88 20.56 17.50 3 0.255771 562.03 677.86 53.00 55.93 1 0.254777 949.85 5.02 34.14 31.79 0 0.253493 1212.70 204.88 40.06 31.25 0
479,0.534538 1150.82 234.29 73.61 66.60 0 0.508877 931.08 265.67 198.15 84.84 0 0.478592 1104.53 379.56 186.63 89.32 0 0.419052 1088.36 381.86 190.97 107.91 0 0.415834 796.66 101.13 109.35 40.17 0 0.387188 927.60 267.13 160.52 93.46 0 0.360416 850.54 243.16 84.51 68.00 0 0.349337 793.95 99.98 53.44 35.01 0 0.316646 1144.91 379.18 152.39 75.21 0 0.273053 1213.55 457.04 220.76 100.74 0
480,0.757681 1064.63 396.47 53.66 73.70 0 0.668624 2.51 474.06 36.23 79.84 0 0.622279 275.76 305.51 29.62 59.56 0 0.621133 23.49 308.94 35.57 63.87 0 0.614284 276.17 57.65 26.74 44.67 0 0.567395 57.45 58.75 26.73 46.90 0 0.556641 38.35 180.73 33.91 59.09 0 0.533831 273.83 174.82 27.18 44.58 0 0.505838 276.09 646.37 38.98 70.29 0 0.380626 28.06 248.26 22.66 39.78 0 0.287343 525.53 644.74 10.24 20.88 2
481,0.753381 622.13 556.32 56.85 36.71 1 0.614186 240.86 567.12 18.93 17.51 0 0.424617 266.09 572.40 20.42 19.25 0 0.384052 172.73 525.82 14.39 19.27 0 0.363114 623.68 581.58 45.70 27.00 1 0.302292 633.39 589.68 39.24 22.02 1 0.259840 224.85 562.31 20.80 18.44 0
482,0.649142 605.96 511.88 54.92 39.07 0 0.607533 582.59 730.52 62.62 45.28 0 0.607254 978.39 902.22 68.59 48.03 0 0.602658 533.45 586.57 59.41 41.00 0 0.601217 957.09 862.96 68.47 45.91 0 0.600549 666.95 645.93 64.27 44.41 0 0.598359 922.25 792.63 68.77 43.62 0 0.596508 811.86 505.94 57.22 39.60 0 0.595113 1098.24 940.03 67.85 41.69 0 0.592583 782.93 432.90 63.42 41.56 0 0.592024 692.13 720.08 64.61 44.59 0 0.582699 769.01 397.78 65.47 36.44 0 0.582163 760.56 911.93 73.87 46.65 0 0.575520 779.51 953.89 70.06 48.94 0 0.566565 814.03 1022.93 70.33 51.92 0 0.566321 1081.74 225.85 56.26 35.90 0 0.564427 657.04 607.91 62.76 39.78 0 0.554327 511.55 515.13 62.21 39.09 0 0.549988 1040.95 354.94 63.36 39.90 0 0.549285 871.33 637.39 65.82 49.14 0 0.548212 568.81 651.76 66.15 40.91 0 0.543723 838.48 574.89 61.28 42.60 0 0.543548 519.12 551.66 61.31 40.26 0 0.542551 567.98 441.81 68.47 41.96 0 0.541671 587.25 473.48 62.73 43.46 0 0.538133 653.79 914.60 75.20 49.70 0 0.534696 1404.54 688.09 63.84 39.38 0 0.534051 569.02 693.45 64.75 42.88 0 0.533962 711.30 1032.20 66.01 42.61 0 0.533820 751.05 874.41 63.12 43.07 0 0.530528 686.04 685.08 61.68 40.33 0 0.530387 629.73 800.85 61.87 40.98 0 0.529025 618.19 768.30 61.03 41.82 0 0.527866 503.67 235.13 82.52 48.86 1 0.522621 563.65 615.08 59.21 39.32 0 0.521870 727.81 793.57 68.04 43.36 0 0.514947 681.21 678.92 65.12 39.49 0 0.508171 638.64 881.42 69.33 45.89 0 0.506632 997.20 943.05 66.79 44.77 0 0.503531 875.24 676.32 71.53 43.49 0 0.503340 896.30 713.90 64.44 47.54 0 0.503212 1002.30 295.67 72.57 40.45 0 0.501836 795.87 472.81 61.80 36.26 0 0.499297 1090.53 887.98 65.33 41.72 0 0.498937 980.97 897.59 74.49 46.95 0 0.498309 708.56 757.46 67.81 49.10 0 0.496366 1025.17 1026.17 68.39 43.22 0 0.494568 642.63 833.84 63.96 44.04 0 0.490696 520.40 592.53 67.35 42.23 0 0.490280 913.48 751.58 64.40 40.90 0 0.490046 612.94 545.39 67.98 44.54 0 0.488323 817.49 542.52 65.76 39.01 0 0.486740 0.00 0.00 22.26 35.69 0 0.485438 291.16 326.89 31.84 20.78 3 0.465378 984.64 262.70 71.25 41.36 0 0.450990 763.50 400.31 66.58 41.85 0 0.449958 934.53 826.58 69.60 40.49 0 0.446511 1120.56 980.80 65.60 43.88 0 0.441623 733.29 830.52 70.14 49.07 0 0.441327 937.33 833.65 64.74 41.35 0 0.426187 662.42 638.96 68.12 42.41 0 0.419252 909.52 756.48 65.18 42.08 0 0.416281 16.95 0.00 36.26 31.14 0 0.405561 1020.85 977.81 61.91 46.09 0 0.403215 1006.41 968.86 66.25 47.13 0 0.398451 791.14 990.60 66.37 46.53 0 0.395503 652.76 622.51 66.39 41.20 0 0.392900 820.88 1016.81 68.44 49.76 0 0.381274 1009.10 982.49 64.34 47.79 0 0.362713 744.38 825.69 65.99 42.99 0 0.362103 603.38 766.94 64.43 44.99 0 0.357103 798.82 986.64 68.79 48.55 0 0.354782 911.99 763.41 65.91 41.03 0 0.354321 502.98 518.14 65.77 40.85 0 0.354309 639.52 825.64 60.93 46.44 0 0.352401 572.86 455.57 71.14 45.57 0 0.346812 1083.75 893.96 66.81 42.25 0 0.340418 778.67 427.41 64.50 37.21 0 0.339952 771.28 941.20 73.52 48.29 0 0.339213 992.52 258.13 63.76 39.10 0 0.338641 764.82 917.59 74.51 47.77 0 0.338253 716.05 796.82 73.15 44.91 0 0.332205 832.64 570.00 64.78 37.89 0 0.327069 890.03 705.07 65.08 45.50 0 0.326374 575.34 436.88 68.01 42.31 0 0.316783 623.38 794.11 61.78 45.18 0 0.309588 302.73 371.78 32.29 19.61 3 0.307281 1386.64 662.44 61.97 45.70 0 0.288144 559.63 620.31 58.23 41.37 0 0.286929 648.92 612.32 61.82 42.30 0 0.283015 928.47 812.60 67.89 38.84 0 0.282012 803.30 995.87 68.18 49.93 0 0.281028 641.70 871.77 65.64 47.43 0 0.279054 605.92 552.06 56.35 41.47 0 0.277499 511.78 225.82 85.55 37.83 1 0.277154 814.48 526.43 62.21 38.77 0 0.274679 952.44 856.44 68.74 40.24 0 0.272028 45.51 0.00 38.17 17.91 0 0.271975 592.07 747.30 68.67 44.36 0 0.271597 19.78 0.00 39.38 24.55 0 0.270973 721.57 773.94 70.42 50.08 0 0.265409 792.60 461.81 60.02 40.28 0 0.264125 920.21 784.79 67.36 43.82 0 0.263344 792.32 968.21 70.34 52.28 0 0.261134 564.25 662.73 63.63 45.01 0 0.252746 854.03 1054.40 46.76 25.60 0
483,0.409751 1204.36 547.68 19.13 13.85 0 0.385345 1087.11 567.18 21.31 14.24 0 0.365011 1272.79 491.73 19.22 16.20 0 0.262981 1130.74 561.45 25.39 15.96 0 0.255059 1770.64 418.29 27.86 16.78 0 0.251617 1101.23 565.03 21.88 14.10 0
484,0.666026 865.26 309.38 30.47 51.29 0 0.646757 327.09 833.35 34.92 62.69 0 0.642841 564.86 727.38 56.66 28.14 0 0.639655 843.49 263.50 23.63 43.10 0 0.634079 96.82 792.57 31.69 56.13 0 0.632028 163.34 630.39 53.12 26.89 0 0.622193 471.18 832.50 34.79 67.22 0 0.616430 224.40 633.99 50.84 24.82 0 0.602169 726.76 410.00 60.58 147.28 1 0.588540 816.18 316.29 22.68 41.27 0 0.582675 1049.91 763.48 30.10 46.68 0 0.577287 1199.94 678.88 56.56 29.31 0 0.572942 782.51 321.69 24.70 44.81 0 0.548298 1128.00 460.60 31.49 50.41 0 0.539150 1183.61 455.39 28.23 53.42 0 0.535001 868.53 262.16 24.99 44.37 0 0.528583 785.00 264.17 25.17 50.33 0 0.522979 1078.92 763.94 32.68 47.44 0 0.518768 707.79 730.02 57.12 26.65 0 0.504173 1047.25 447.24 28.29 50.07 0 0.502062 1012.88 444.59 32.34 61.94 0 0.498465 486.97 716.21 63.71 28.93 0 0.498393 358.58 834.73 31.21 58.90 0 0.488820 42.68 951.46 37.30 55.43 0 0.472069 333.73 713.54 61.69 29.53 0 0.467855 6.59 923.10 38.43 60.97 0 0.463394 90.34 632.77 44.72 24.23 0 0.450621 722.96 427.94 52.50 134.27 1 0.439859 1019.58 759.59 30.18 46.67 0 0.434006 287.40 635.68 38.57 21.28 0 0.402005 3.71 930.58 37.57 60.26 0 0.389347 671.72 401.47 51.27 23.66 0 0.386504 691.96 55.39 32.16 45.31 1 0.375000 1214.02 453.66 27.64 54.72 0 0.369623 261.54 706.44 40.09 30.93 0 0.363895 813.55 266.39 24.12 44.80 0 0.343372 335.34 576.41 71.51 28.13 0 0.331619 783.37 271.85 25.46 50.21 0 0.331543 3.94 697.83 29.31 34.31 0 0.320904 625.46 735.44 67.29 27.84 0 0.314179 98.77 785.58 32.60 57.15 0 0.305869 344.76 713.56 60.90 29.00 0 0.296771 22.34 706.73 37.70 29.71 0 0.289947 222.42 707.62 29.46 32.50 0 0.270734 1226.93 420.21 53.37 28.55 0 0.261151 696.07 730.80 53.63 25.33 0 0.257657 44.48 958.55 35.51 60.87 0 0.256541 1017.32 442.74 32.64 55.01 0 0.255540 1306.38 453.61 69.74 33.08 1
485,0.769012 0.00 498.55 229.01 89.12 0
486,0.768571 919.29 402.37 27.86 60.37 1 0.657537 1171.56 561.68 57.78 33.53 1 0.575307 903.39 0.00 26.48 36.91 0 0.346921 919.08 170.17 20.58 43.34 0 0.284703 918.68 162.04 20.62 35.88 0 0.276653 641.82 1013.39 39.96 23.30 0 0.275717 922.24 399.78 29.11 57.74 1
487,0.425185 1665.90 455.09 35.52 31.75 0 0.363195 1663.31 444.91 37.22 33.50 0 0.279050 637.01 674.88 59.77 73.41 1 0.274486 1655.34 435.87 39.02 32.03 0
488,0.759388 625.09 281.23 38.30 111.59 1 0.737689 729.28 245.62 102.46 50.40 1 0.661020 657.22 337.48 150.75 55.02 1 0.650302 671.21 315.10 136.11 42.92 1 0.437391 765.23 249.11 69.12 50.59 1 0.412317 0.00 142.70 25.31 57.32 0 0.326513 663.14 338.21 139.96 39.87 1 0.301443 629.66 275.70 38.29 104.60 1 0.259041 624.67 314.97 34.30 83.09 1
489,0.687879 706.35 721.51 67.31 48.36 1 0.554231 1789.93 319.48 45.71 25.16 0 0.521656 1782.60 320.04 44.92 24.64 0 0.505306 832.30 892.25 50.32 37.22 0 0.476350 1169.40 552.99 44.61 30.85 0 0.458064 707.03 728.56 54.68 46.91 1 0.408964 424.37 1020.90 77.06 44.31 0 0.392643 1409.92 403.07 39.88 28.12 0 0.383646 1406.48 407.72 42.00 27.99 0 0.380472 1240.67 510.91 39.22 28.78 0 0.379108 1299.29 466.32 45.35 31.59 0 0.374322 1284.83 479.32 39.44 29.74 0 0.365758 896.20 608.00 51.96 34.32 0 0.356686 548.73 802.82 47.85 38.65 0 0.339840 370.90 1048.12 53.51 30.26 0 0.331264 589.15 792.98 35.09 33.81 0 0.331183 983.27 560.08 33.13 34.83 0 0.327939 1840.78 154.87 37.86 45.07 1 0.312549 923.32 1039.59 39.59 37.91 0 0.304947 1844.57 159.65 37.39 45.44 0 0.303203 997.34 549.31 38.33 36.60 0 0.278137 824.66 893.24 53.32 40.46 0 0.251801 1231.75 516.86 33.62 29.11 0 0.250833 916.58 592.92 49.68 32.28 0
490,0.666679 1162.82 388.33 179.88 114.93 0 0.513670 1518.54 325.22 70.62 69.71 0 0.454910 706.94 578.42 118.11 135.44 0 0.450959 1563.45 300.88 103.83 56.19 0 0.443458 551.46 517.73 149.77 147.50 0 0.441762 1884.56 465.41 35.44 68.97 0 0.367176 813.43 602.28 136.70 166.97 0 0.357848 742.59 588.99 84.30 113.31 0 0.318040 1694.22 281.25 45.02 46.65 0 0.282895 1368.74 379.79 66.17 53.24 0 0.265382 1160.49 413.64 154.27 91.58 0
491,0.486499 932.98 957.22 50.85 63.39 0 0.440472 932.35 945.84 47.83 52.98 0 0.254959 934.53 962.02 52.11 80.68 0
492,0.700492 1009.75 613.42 23.14 53.90 0 0.686751 1265.41 695.36 25.41 53.86 0 0.674680 1196.94 612.51 23.65 56.22 0 0.672954 458.38 539.72 26.31 53.83 0 0.670055 1265.01 611.51 24.06 53.45 0 0.664915 789.17 1027.41 25.81 52.59 0 0.658706 481.72 408.18 27.13 57.16 0 0.647059 785.78 896.13 50.02 27.64 0 0.646447 410.11 728.01 28.85 53.61 0 0.636253 1169.34 693.78 25.46 53.96 0 0.634402 799.00 968.29 55.13 29.24 0 0.632629 499.35 538.61 24.58 54.02 0 0.623618 1132.28 611.47 25.32 57.08 0 0.617107 1108.29 694.96 25.14 56.17 0 0.613608 1293.96 813.47 23.82 52.28 0 0.610707 1344.83 692.27 23.36 50.32 0 0.606158 942.79 620.29 23.73 53.89 0 0.601333 380.03 730.31 27.53 56.27 0 0.589463 1298.53 610.84 24.17 57.28 0 0.587911 1261.82 809.64 26.46 54.47 0 0.583023 421.81 414.14 26.52 58.24 0 0.576726 1228.21 807.15 22.35 50.44 0 0.575856 1230.28 609.78 23.34 57.16 0 0.575379 1038.99 614.39 23.37 54.63 0 0.572547 362.88 287.86 27.58 64.61 0 0.571099 550.28 408.08 27.53 60.47 0 0.566463 1074.11 697.73 25.29 57.20 0 0.561509 1201.14 692.61 25.04 54.91 0 0.549148 1071.96 612.27 25.19 57.99 0 0.548335 1231.27 692.24 25.91 55.50 0 0.545255 1039.21 698.13 24.05 57.45 0 0.541889 868.19 1042.50 20.87 37.50 0 0.536043 1091.56 298.61 48.22 50.24 0 0.531348 890.46 704.87 23.92 63.19 0 0.530148 1165.10 610.34 25.91 59.14 0 0.524643 1143.12 820.34 50.78 23.86 0 0.512264 339.69 730.97 30.61 61.81 0 0.509977 1088.89 1030.22 24.23 49.78 0 0.502406 799.64 935.40 54.62 27.60 0 0.500741 974.30 615.73 25.51 56.49 0 0.495064 1055.88 1034.22 25.27 45.78 0 0.483236 1282.54 917.47 52.82 24.13 0 0.481880 1160.87 1048.33 22.94 31.67 0 0.468627 442.62 727.83 29.61 56.03 0 0.458936 1300.37 955.02 54.23 26.83 0 0.457503 943.96 318.65 38.85 50.17 0 0.436913 938.13 322.96 38.39 49.93 0 0.426710 515.98 411.65 27.07 57.11 0 0.425553 636.08 526.00 31.62 61.73 0 0.395474 1081.19 244.63 47.45 39.89 0 0.380436 822.66 1034.05 21.93 45.95 0 0.372915 1122.91 1045.66 26.22 34.34 0 0.369549 1305.14 689.90 26.35 57.65 0 0.366130 910.80 621.15 26.03 54.54 0 0.364163 1069.18 807.94 57.94 28.43 0 0.360710 1038.41 621.17 24.85 58.61 0 0.343357 798.56 931.59 50.37 28.20 0 0.307564 928.11 250.07 31.38 56.63 1 0.294517 854.35 721.96 24.60 47.88 0 0.292861 510.27 410.19 26.94 58.28 0 0.291064 829.43 430.40 28.36 60.62 0 0.289418 979.20 1031.00 26.61 47.05 0 0.278346 829.16 1039.72 25.33 40.28 0 0.254640 909.48 1039.81 21.35 37.93 0
493,0.914702 415.33 476.49 185.20 81.31 1 0.728690 665.14 500.50 157.78 57.44 0 0.726714 1478.98 516.36 127.54 50.35 0 0.713214 1307.59 506.35 137.59 53.55 0 0.683977 847.37 509.82 127.18 51.89 0 0.579996 185.09 498.19 183.48 60.23 0 0.563857 5.05 487.81 142.68 63.04 0 0.528385 1744.48 518.61 161.96 47.92 0 0.311779 1741.98 525.28 129.80 36.99 0
494,0.700617 1171.96 658.09 62.78 29.39 0 0.644054 785.07 635.41 64.93 30.30 0 0.620594 1098.95 655.25 63.47 29.52 0 0.608529 1255.98 660.54 57.45 29.97 0 0.600706 1016.16 652.36 66.29 27.61 0 0.559405 1493.56 676.78 63.48 27.80 0 0.492892 1410.74 673.15 72.07 32.10 0 0.474166 1328.38 667.92 68.49 29.32 0 0.430685 631.43 624.61 65.11 32.23 0 0.377162 947.03 649.71 52.74 25.81 0 0.356616 212.20 703.98 35.07 35.48 0 0.344334 1146.51 606.66 43.96 24.29 0 0.336548 202.51 721.37 36.25 31.55 0
495,0.409429 852.75 537.79 33.23 34.17 1 0.349687 883.90 553.55 31.57 29.82 0 0.332648 1103.46 516.88 32.30 29.06 0 0.284961 1799.27 729.45 63.24 59.33 1
496,0.806727 1568.80 487.36 65.51 57.19 1 0.789767 1458.18 740.46 97.80 110.79 0 0.785392 685.25 773.85 55.52 40.54 3 0.781693 167.29 622.88 155.59 174.33 1 0.774285 257.86 883.61 61.19 48.63 3 0.767213 424.23 917.24 41.18 55.85 3 0.743554 553.12 839.20 55.91 32.07 3 0.733443 756.15 318.23 77.01 32.66 0 0.700461 944.81 317.86 71.98 30.39 0 0.675625 1362.60 578.47 63.95 62.42 0 0.669760 1822.87 768.32 97.13 100.02 0 0.662231 1746.76 679.60 97.33 74.52 0 0.658015 660.19 276.69 35.37 25.65 0 0.649394 41.24 631.76 98.08 83.94 0 0.648901 848.94 317.31 79.33 33.70 0 0.638624 1407.72 631.77 80.17 92.25 0 0.633088 1559.92 482.38 59.28 53.38 1 0.625519 554.06 829.82 50.23 35.25 3 0.623579 116.31 761.47 27.57 32.67 2 0.613019 798.28 279.15 45.00 29.02 0 0.610445 0.58 433.54 46.40 59.46 0 0.602603 0.00 342.05 33.27 40.71 0 0.598848 1292.92 198.26 40.88 30.41 0 0.598547 142.81 457.68 75.27 58.93 0 0.597649 1706.03 207.05 35.85 27.04 0 0.597218 1805.58 250.65 45.72 25.09 0 0.594450 657.11 318.92 83.04 32.46 0 0.589221 743.87 273.04 36.74 30.43 0 0.571135 0.36 442.60 49.02 68.41 0 0.569910 1620.42 156.53 39.59 28.90 0 0.569033 1251.34 387.53 52.63 53.20 0 0.563933 1515.24 436.77 61.32 51.66 0 0.556330 476.51 287.19 29.47 35.64 0 0.554876 598.46 274.70 30.96 29.02 0 0.550456 93.94 340.45 49.42 45.58 0 0.537936 1741.35 209.83 32.04 24.87 0 0.530030 298.50 312.09 74.63 34.22 0 0.520504 1482.34 393.99 53.98 38.49 0 0.517533 1799.95 251.61 46.06 26.56 0 0.516318 189.41 343.91 51.84 43.42 0 0.505393 456.06 280.28 32.43 33.14 0 0.504842 1438.15 349.75 57.40 42.57 1 0.496927 1372.63 286.84 45.46 35.94 0 0.493645 145.75 341.83 46.15 44.86 0 0.492262 1316.91 488.49 57.06 66.00 0 0.485184 50.88 340.22 46.76 44.98 0 0.482762 1098.85 254.89 42.31 24.99 0 0.481359 1280.37 448.63 46.73 49.11 0 0.479225 1581.05 135.86 39.48 24.89 0 0.477922 1346.92 249.30 36.33 35.39 0 0.474787 546.24 275.55 28.26 30.76 0 0.464465 1760.28 289.90 39.69 27.65 0 0.449665 119.85 765.78 24.34 33.38 2 0.439187 1177.64 63.24 28.54 20.29 0 0.435899 1321.34 221.96 35.35 32.33 0 0.427931 1821.76 209.99 34.37 23.45 0 0.417319 143.06 299.68 54.13 27.73 0 0.412113 1849.52 208.52 34.40 22.98 0 0.409443 181.01 837.01 46.69 41.93 3 0.408168 459.59 285.12 29.09 33.64 0 0.403192 1409.57 318.77 42.29 37.31 0 0.400313 653.59 278.30 38.36 25.02 0 0.397611 1606.61 154.52 36.89 28.73 0 0.390531 480.80 345.50 20.01 23.94 3 0.389626 1717.07 208.97 41.47 25.76 0 0.386212 1301.57 197.44 39.89 29.70 0 0.384142 263.95 878.81 49.97 46.17 3 0.383764 1639.99 137.03 38.05 21.10 0 0.382877 459.08 767.23 43.27 35.27 3 0.370965 498.05 806.03 43.88 39.28 3 0.366155 1313.24 497.70 58.46 70.44 0 0.359643 457.05 770.76 41.51 39.62 3 0.359354 468.07 281.62 33.48 33.70 0 0.356806 1076.40 28.56 28.38 22.62 0 0.356103 1670.75 583.22 84.44 52.09 1 0.354686 432.47 815.65 58.80 35.02 3 0.353992 101.39 332.53 50.72 38.75 0 0.352676 12.55 550.77 110.98 83.44 1 0.347577 1589.04 135.68 39.33 23.49 0 0.346418 1105.75 252.48 46.21 28.07 0 0.339717 1028.27 317.31 40.25 24.13 0 0.331953 1238.35 110.07 26.32 23.15 0 0.329806 1205.59 104.21 26.13 22.54 0 0.328238 1220.31 114.34 26.75 23.86 0 0.321050 1631.58 139.37 39.55 23.48 0 0.320137 1197.24 65.11 26.47 19.27 0 0.319898 1845.44 702.81 34.50 45.92 0 0.316867 0.00 454.98 59.09 60.56 0 0.306753 1567.07 476.16 58.80 55.70 1 0.306340 355.58 755.02 27.59 28.56 2 0.304767 47.00 726.51 24.97 42.91 2 0.302856 330.70 705.79 33.98 27.61 3 0.294188 1111.32 232.24 50.97 27.80 0 0.289282 1717.98 163.57 30.11 19.58 0 0.289228 1581.33 474.11 61.17 54.10 1 0.288196 1686.71 613.33 98.73 68.12 1 0.287701 447.38 808.91 59.12 36.37 3 0.287681 1482.19 398.38 49.42 42.40 0 0.282236 1394.52 253.87 35.48 32.18 0 0.281378 1752.69 165.29 33.96 23.90 0 0.276208 1864.75 127.80 40.04 22.05 0 0.275851 1843.69 164.55 37.20 23.12 0 0.268785 1794.86 172.56 36.12 23.49 0 0.267654 1491.97 409.64 55.25 45.25 0 0.266648 209.10 999.86 32.55 46.64 3 0.266277 489.01 809.14 51.12 40.38 3 0.265617 197.73 622.51 121.30 124.55 1 0.262385 1207.59 225.52 30.71 27.18 0 0.261037 145.54 830.67 26.88 41.10 2 0.255363 517.96 274.28 25.34 31.55 0 0.254004 1796.35 162.31 36.17 19.50 0 0.251757 658.06 310.55 79.31 32.82 0 0.250456 158.95 636.87 154.32 227.55 1
497,0.600620 1143.78 613.27 44.91 23.53 0 0.567308 1243.17 609.52 41.69 21.49 0 0.545552 756.20 635.92 39.90 18.70 0 0.544403 1193.77 612.10 47.78 22.15 0 0.519578 1052.20 620.41 36.66 18.98 0 0.498625 1296.00 608.55 40.68 20.42 0 0.450063 1301.62 607.24 40.82 20.95 0 0.445922 439.18 723.56 30.08 36.35 0 0.437847 804.88 630.68 35.32 20.78 0 0.388436 1006.41 621.70 32.53 18.38 0 0.362400 706.24 637.83 37.96 20.19 0 0.288164 1251.32 608.08 35.64 21.86 0 0.275990 954.48 625.84 36.91 23.87 0 0.261461 955.96 622.46 35.93 21.97 0
498,0.653003 1075.07 541.10 54.94 26.99 0 0.650140 1355.07 560.60 52.79 26.00 0 0.636012 1012.44 536.88 51.99 24.87 0 0.602407 1280.92 557.14 62.63 30.07 0 0.581312 734.67 516.21 51.47 26.78 0 0.580156 1142.52 542.28 55.04 28.09 0 0.541141 1215.05 554.68 53.16 24.90 0 0.503125 944.62 533.52 53.02 24.74 0 0.451670 936.30 531.40 54.11 24.77 0 0.415307 596.92 505.22 61.57 28.59 0 0.310577 875.08 533.40 41.06 21.42 0 0.309441 1051.54 489.96 42.66 22.43 0 0.300979 233.93 580.05 34.75 32.71 0 0.272678 865.96 533.15 36.98 20.98 0
499,0.669161 45.66 571.41 37.13 55.64 0 0.649269 131.88 444.16 56.79 41.68 0 0.634910 534.88 110.15 58.26 40.11 0 0.622867 251.78 606.11 47.86 34.22 0 0.567678 191.36 627.74 54.38 36.93 0 0.561242 657.07 854.72 40.46 63.71 1 0.557553 568.68 196.00 52.59 32.70 0 0.543012 281.16 749.17 59.69 40.27 0 0.503810 288.81 0.00 48.22 38.91 0 0.498751 6.92 870.65 51.89 39.48 0 0.490020 67.73 681.79 55.14 37.95 1 0.477758 675.91 432.20 51.87 35.13 0 0.467042 550.29 156.70 63.39 36.77 0 0.465181 619.74 382.76 38.19 39.82 0 0.430370 345.11 114.90 43.61 42.84 0 0.415555 4.88 705.39 52.88 38.73 0 0.412260 338.85 103.03 39.15 38.81 0 0.407946 84.98 310.30 31.12 37.86 0 0.405082 567.98 188.89 57.20 31.44 0 0.397747 308.30 579.84 54.20 37.28 0 0.394989 1652.39 123.37 35.32 26.08 0 0.392352 434.14 302.76 35.66 48.14 1 0.387735 83.81 841.64 41.72 36.05 0 0.382947 371.40 161.37 39.03 53.98 0 0.380054 692.17 943.29 37.85 36.46 0 0.377779 243.08 54.35 55.17 22.90 0 0.365770 559.75 158.54 58.11 31.60 0 0.365104 321.68 48.35 36.34 40.48 0 0.354847 219.10 779.69 52.45 42.48 0 0.354730 144.44 819.35 55.71 32.63 0 0.343689 123.66 656.04 53.79 35.17 0 0.333542 743.07 342.29 18.82 23.35 3 0.318926 863.21 488.17 37.83 31.96 0 0.314934 669.42 366.70 23.44 28.73 3 0.311503 349.63 730.58 54.03 34.35 0 0.306897 328.02 70.83 37.92 34.38 0 0.302499 368.35 166.80 46.70 56.15 0 0.300019 689.49 366.62 23.32 26.75 3 0.288858 890.04 327.35 36.52 32.40 1 0.287118 621.79 370.69 36.22 43.06 0 0.279667 124.61 824.40 57.98 35.69 0 0.271429 892.75 321.62 41.85 32.60 1 0.264355 247.27 608.60 45.21 33.19 0 0.263322 310.94 576.78 54.42 38.32 1 0.260602 456.54 356.08 35.78 41.27 0 0.256627 1740.83 77.88 35.98 30.63 0 0.253110 554.45 499.41 21.12 23.00 3
500,0.504437 908.15 636.68 34.45 61.99 0 0.441248 921.01 704.22 41.13 62.86 0 0.440379 970.65 863.98 41.73 70.45 0 0.402458 994.76 929.76 43.44 73.06 0
501,0.601067 604.63 537.88 23.91 30.92 0 0.537517 380.73 502.81 27.98 30.86 0 0.522065 1112.50 423.19 17.90 24.36 0 0.508453 1063.31 415.30 18.18 27.87 0 0.497533 691.68 543.23 22.70 33.16 0 0.493917 484.52 517.69 25.60 25.93 0 0.430814 342.68 496.30 28.15 29.05 0 0.422639 415.47 507.83 24.06 30.48 0 0.420307 1151.91 421.33 17.78 25.23 0 0.409401 876.52 380.34 38.93 61.11 1 0.392375 933.26 346.03 19.81 24.56 0 0.382378 404.00 560.03 28.24 24.96 0 0.360552 1041.83 413.41 18.80 27.75 0 0.307984 532.91 450.83 28.06 17.85 0 0.300121 912.73 351.42 20.19 25.89 0 0.283573 464.95 517.02 26.02 26.81 0 0.275990 963.14 361.67 18.87 26.98 0 0.269770 961.14 355.28 19.81 27.15 0 0.267300 419.58 507.60 27.78 33.58 0 0.264429 227.58 542.07 37.18 28.84 1 0.261790 657.90 632.09 42.83 31.17 0
502,0.571670 961.56 511.06 29.67 52.23 0 0.519481 975.47 655.53 31.83 51.81 0 0.346063 785.41 261.60 26.03 42.77 1 0.335020 974.74 711.99 36.60 70.58 1 0.300563 972.82 867.12 38.03 85.15 0 0.281225 784.56 1.85 24.72 28.37 0
503,0.897446 584.12 392.09 47.40 128.83 1 0.744142 682.62 358.64 116.95 57.32 1 0.702276 618.05 467.99 154.62 52.53 1 0.484298 633.36 438.23 148.08 51.26 1 0.443128 589.52 395.36 44.79 100.65 1 0.361756 1080.80 544.04 47.23 22.37 0 0.311750 581.95 417.27 42.45 109.21 1
504,0.698068 1160.89 492.54 55.44 28.14 0 0.684410 1461.00 510.76 56.70 26.57 0 0.649316 1096.95 488.40 53.77 27.04 0 0.631716 1383.87 509.35 66.47 30.79 0 0.597560 1306.91 506.71 57.98 25.90 0 0.596001 1235.24 495.12 61.10 29.84 0 0.593630 1021.16 486.33 60.36 25.67 0 0.513469 796.55 466.61 57.38 26.53 0 0.391033 265.43 533.47 38.42 39.14 0 0.384578 1012.03 485.49 59.20 25.30 0 0.362182 955.06 485.58 42.26 21.49 0 0.331616 1135.95 439.65 45.19 22.50 0 0.293901 271.79 530.67 39.49 36.88 0 0.283492 99.63 548.69 28.74 16.56 3 0.252595 677.06 470.19 47.09 21.89 0
505,0.650938 1696.95 349.58 70.13 61.45 0 0.601276 1407.79 247.05 72.33 50.38 0 0.593158 1091.37 369.07 149.98 111.02 0 0.586299 711.65 651.29 100.64 146.56 0 0.554356 1487.06 208.46 65.90 52.67 0 0.500907 546.75 616.03 118.12 179.59 0 0.477229 1494.39 200.20 74.34 53.84 0 0.437055 1057.21 568.39 27.67 52.17 2 0.420415 1357.85 276.02 81.18 57.74 0 0.388208 1797.86 352.63 74.92 75.63 0 0.293576 1529.42 199.22 56.80 41.14 0 0.252733 1597.46 493.68 28.22 27.57 3
506,0.754202 82.49 964.62 76.40 35.69 1 0.629709 1777.50 515.57 54.25 27.40 0 0.616531 1285.23 487.04 50.57 24.40 0 0.606509 532.22 439.69 63.31 30.92 0 0.578486 438.48 439.35 61.65 30.05 0 0.535152 121.51 422.78 61.80 29.04 0 0.505358 360.30 434.98 64.80 30.84 0 0.484721 277.35 431.87 68.36 31.34 0 0.266471 81.28 957.91 72.74 37.57 1
507,0.684999 675.42 574.49 23.12 36.61 0 0.605825 521.74 474.23 38.45 19.90 0 0.593403 364.49 539.27 23.29 38.11 0 0.575409 916.79 327.09 19.53 30.06 0 0.555951 1160.26 410.12 17.42 28.84 0 0.546466 574.76 568.92 27.05 39.26 0 0.533807 342.24 538.49 23.60 37.00 0 0.533238 282.68 532.01 27.46 34.57 0 0.522318 1178.92 409.98 17.37 29.92 0 0.507053 297.80 427.48 35.99 19.01 0 0.466496 319.04 537.80 24.45 36.38 0 0.426165 936.52 324.68 16.91 25.87 0 0.408782 483.81 471.07 32.36 20.76 0 0.401308 354.45 610.96 32.69 28.48 0 0.396690 374.40 612.84 26.70 31.67 0 0.377279 1122.89 411.17 19.76 28.37 0 0.359543 600.17 576.19 23.52 33.30 0 0.355411 139.07 603.41 44.37 31.48 0 0.351624 917.38 337.12 18.40 30.23 0 0.345523 567.24 476.00 37.11 17.30 0 0.345387 610.92 421.39 42.55 19.40 0 0.313883 256.61 449.86 30.65 22.77 0 0.310879 1061.70 408.49 22.01 28.67 0 0.308834 433.11 466.57 33.82 21.41 0 0.306014 860.34 377.90 39.95 62.34 1 0.292192 896.09 336.56 19.74 30.65 0 0.291551 894.33 329.48 20.26 31.59 0 0.289589 435.98 549.35 21.39 34.03 0 0.274153 953.79 347.32 22.15 27.58 0 0.262090 15.79 236.45 56.08 26.13 0
508,0.627785 918.59 462.74 203.25 91.75 0 0.570944 1732.05 949.44 105.95 104.47 0 0.516145 1573.81 799.14 202.10 133.40 0 0.501158 1174.52 448.56 221.06 92.00 0 0.454979 256.16 458.67 207.11 108.77 0 0.405279 1558.69 813.34 199.65 142.86 0 0.391744 691.16 694.16 87.94 102.75 0 0.373988 1434.60 759.15 77.26 74.04 0 0.333345 1642.91 784.77 148.36 92.92 0 0.330545 469.86 553.01 172.78 114.36 0 0.320193 952.95 455.07 180.13 87.39 0 0.283696 279.81 453.17 174.84 85.84 0 0.276245 472.33 540.81 141.50 107.73 0 0.273250 1060.23 147.13 64.88 44.29 0 0.261175 693.96 716.70 132.53 110.60 0 0.259290 1159.68 159.12 105.48 44.75 0
509,0.707529 1265.22 558.01 66.96 30.58 0 0.706987 853.49 541.40 61.36 26.93 0 0.693266 757.64 536.74 72.86 30.61 0 0.647689 677.22 534.54 59.18 28.47 0 0.621834 1092.28 552.98 70.88 29.87 0 0.592743 1175.48 556.02 77.60 31.71 0 0.586620 329.65 515.68 81.79 34.85 0 0.583063 1013.72 544.42 60.52 30.04 0 0.565149 925.31 545.96 65.79 28.83 0 0.550465 511.60 521.28 64.89 32.88 0 0.431898 1010.06 548.93 65.46 30.58 0 0.419518 957.39 496.78 42.25 22.44 0 0.405945 505.43 525.32 63.11 31.03 0 0.355203 902.65 491.44 46.40 21.64 0 0.320785 841.10 543.01 64.01 26.19 0 0.256068 1112.07 277.28 17.33 21.27 0
510,0.429572 868.29 941.22 31.75 66.60 0 0.330007 1149.13 1045.09 61.96 32.78 0 0.310420 897.02 575.05 28.35 56.58 0 0.278345 1171.81 912.86 62.54 34.73 0
511,0.702198 1450.08 782.19 90.18 35.21 1 0.676311 1452.91 583.44 60.21 25.08 0 0.670912 1308.17 446.13 54.44 27.15 0 0.651845 1482.53 200.69 47.70 25.27 0 0.641501 1446.93 484.12 53.24 24.53 0 0.630346 1533.67 584.20 55.33 27.92 0 0.626185 1308.55 468.02 53.50 28.55 0 0.623991 1534.88 558.69 51.60 25.19 0 0.616619 1432.61 295.29 50.13 24.95 0 0.605695 1308.80 547.42 49.64 26.34 0 0.602649 1294.48 232.88 46.53 22.80 0 0.599347 1233.50 207.47 45.40 22.02 0 0.598988 1095.35 584.13 52.19 26.64 0 0.597287 1521.76 436.48 49.02 23.69 0 0.596528 1499.92 365.18 47.00 23.10 0 0.593376 1094.87 508.07 49.43 25.34 0 0.584208 1305.81 353.42 45.53 24.90 0 0.581024 1416.99 199.26 49.36 23.49 0 0.571516 1310.33 522.69 52.80 26.91 0 0.562656 1306.09 298.14 48.55 25.97 0 0.558941 1500.22 321.53 46.69 23.52 0 0.558266 1233.31 228.72 42.75 22.22 0 0.558121 1015.92 581.59 51.99 24.41 0 0.556895 1437.48 371.02 49.82 25.47 0 0.551619 1235.53 187.67 48.23 22.71 0 0.551567 1433.18 275.87 48.68 24.16 0 0.547690 1304.08 377.11 51.42 26.57 0 0.547026 1507.38 393.18 45.54 25.64 0 0.546357 1313.78 498.15 50.77 26.89 0 0.542238 1433.63 318.76 48.01 24.17 0 0.539828 1301.03 398.62 55.22 28.40 0 0.530290 1441.71 425.16 55.61 25.88 0 0.505280 1095.53 558.39 51.94 24.70 0 0.504454 1458.92 556.29 54.56 25.08 0 0.503349 1295.58 249.39 46.15 23.16 0 0.496913 1465.11 610.66 56.51 29.37 0 0.495267 1305.35 327.96 44.51 25.22 0 0.494084 1518.41 464.03 51.51 25.34 0 0.492070 1302.58 269.13 47.20 25.02 0 0.489695 1296.06 210.34 46.10 23.34 0 0.484690 1536.66 532.01 41.78 23.96 0 0.482731 1302.08 294.54 49.01 24.50 0 0.478149 1487.65 256.41 45.89 22.21 0 0.476460 1487.79 259.50 49.43 24.41 0 0.471604 1503.25 341.83 45.94 25.11 0 0.461782 1439.69 402.15 54.34 26.11 0 0.456916 1431.59 342.44 50.90 24.03 0 0.440362 1297.78 188.62 42.13 24.61 0 0.419705 1306.87 572.29 48.95 25.89 0 0.418394 1432.62 280.99 52.23 23.47 0 0.411046 1439.47 446.97 58.09 27.97 0 0.407518 1442.04 415.30 54.28 25.65 0 0.405031 1420.11 226.78 50.95 23.15 0 0.390132 1426.56 251.02 49.04 22.97 0 0.362671 1439.93 394.05 52.47 24.81 0 0.357866 1522.60 508.09 47.49 23.22 0 0.350291 1228.39 230.18 42.63 23.95 0 0.345609 1461.92 529.24 51.78 26.63 0 0.340476 1519.64 482.40 50.54 25.08 0 0.336177 1509.37 408.67 48.01 25.14 0 0.327297 1503.42 325.98 48.73 24.96 0 0.311950 1440.24 460.86 59.43 26.71 0 0.303424 1419.33 220.54 48.08 24.07 0 0.293148 1513.80 411.66 50.09 25.26 0 0.286957 1473.56 612.92 54.32 28.04 0 0.283405 1309.50 566.57 51.43 26.06 0 0.267280 1439.68 456.02 57.16 26.64 0 0.256885 1243.85 185.59 46.92 20.79 0 0.250460 1304.28 465.41 54.73 26.13 0
512,0.870143 16.46 265.27 50.57 82.29 1 0.702846 763.37 295.68 29.65 56.41 0 0.696302 743.57 0.00 27.43 46.42 0 0.695160 772.36 424.08 30.23 52.23 1 0.680599 791.86 677.25 31.27 62.59 0 0.667287 227.42 228.30 59.25 28.64 0 0.645034 360.11 947.14 72.18 42.94 1 0.642656 689.62 691.82 36.38 66.97 0 0.626550 1399.64 960.28 62.67 32.87 0 0.623922 1773.04 205.03 30.65 49.55 0 0.609741 1744.56 94.25 34.46 48.36 0 0.597044 1708.98 208.77 29.34 52.81 0 0.590109 1695.13 146.99 33.35 49.64 0 0.589226 1758.30 148.97 33.67 51.26 0 0.588839 1727.58 817.29 59.49 40.58 0 0.587146 768.53 358.88 30.25 55.78 0 0.586619 1731.40 33.91 30.71 48.59 0 0.579986 355.61 218.04 54.99 27.47 0 0.575953 1714.87 263.86 34.92 57.54 0 0.570614 1635.23 247.06 28.46 50.83 0 0.570536 1409.44 829.75 62.35 30.57 0 0.568373 1477.82 820.59 59.66 29.06 0 0.559501 425.04 211.12 60.77 28.20 0 0.555254 1545.98 809.21 63.04 30.47 0 0.546069 626.39 539.86 30.53 53.75 0 0.542994 4.98 263.15 55.24 85.48 1 0.541371 1018.55 1016.70 69.19 34.43 0 0.537716 1684.40 97.37 29.55 48.27 0 0.535203 750.80 162.97 28.04 54.15 1 0.523496 614.22 386.18 31.61 52.60 1 0.521908 619.47 443.34 33.55 57.91 0 0.518859 1628.51 794.72 67.57 33.40 0 0.517048 1347.35 842.68 44.11 31.28 0 0.515310 1780.15 87.85 32.17 48.97 0 0.511218 1186.26 862.78 64.53 31.55 0 0.508133 34.39 937.71 36.55 64.21 0 0.507094 976.06 536.53 31.22 62.62 0 0.506348 1782.56 260.75 33.66 51.25 0 0.502280 1262.62 856.03 60.13 26.04 0 0.500877 962.06 893.04 59.91 32.81 0 0.496583 634.16 665.03 32.19 61.12 0 0.495343 786.09 605.83 34.26 60.10 0 0.493163 1722.43 0.00 35.60 35.79 0 0.479358 781.80 547.74 31.79 55.64 0 0.477281 992.18 228.50 28.80 52.03 0 0.477276 0.20 635.38 21.98 60.06 0 0.462540 1821.36 271.83 34.39 51.04 0 0.448714 996.56 100.65 52.24 29.74 1 0.436304 1119.11 531.72 45.11 31.07 0 0.435852 1671.28 46.02 28.13 46.80 0 0.433998 242.50 973.21 21.69 35.35 3 0.430659 269.36 967.82 21.42 36.99 3 0.430190 26.11 181.49 32.54 25.26 0 0.404900 0.00 245.01 32.22 29.44 0 0.395710 1755.38 28.15 28.98 47.73 0 0.392967 0.42 450.43 21.05 56.40 0 0.392708 0.00 560.26 22.51 63.34 0 0.392549 1662.73 0.00 28.41 46.12 0 0.392403 632.83 596.47 34.40 65.38 0 0.390619 788.13 119.17 27.94 37.21 0 0.390538 1786.07 264.50 33.62 54.98 0 0.389209 0.22 762.17 20.64 54.61 0 0.382583 756.19 221.22 31.09 42.63 1 0.369723 1324.61 845.14 37.66 30.17 0 0.367591 0.00 561.79 23.71 62.98 1 0.348575 1264.50 373.62 37.86 26.41 0 0.346040 753.32 165.53 31.19 57.65 1 0.338877 1522.54 494.07 36.33 26.79 0 0.332352 750.48 110.66 25.19 51.85 1 0.328054 1759.11 24.90 31.74 52.34 0 0.319602 474.74 221.75 42.21 25.41 0 0.311354 0.31 750.59 19.80 55.59 0 0.311140 630.84 669.57 31.41 61.17 0 0.284401 787.66 96.65 27.41 45.58 0 0.277176 780.55 485.04 29.23 56.39 0 0.274980 1372.97 436.95 38.46 24.03 0 0.271695 408.09 154.75 36.55 19.11 0 0.256961 1119.05 517.14 42.12 31.50 0 0.252548 979.42 542.16 36.73 63.16 0 0.251913 292.06 963.95 33.56 37.79 3 0.250424 613.96 323.96 29.78 53.99 0
513,0.820423 881.56 817.94 38.23 82.81 1 0.732874 1174.25 722.10 61.79 35.99 1 0.501008 907.56 243.68 27.19 44.83 0 0.408306 904.62 483.78 26.85 51.59 0 0.345884 188.04 191.65 31.35 53.09 0 0.286726 945.61 536.76 16.36 28.93 0
514,0.696530 1149.40 817.95 28.64 52.38 0 0.640169 1826.49 56.19 21.76 32.50 0 0.620779 839.84 615.51 32.02 92.58 1 0.618386 1133.55 287.61 19.98 36.29 0 0.614796 769.15 994.56 56.24 25.90 0 0.593715 1802.43 55.71 21.26 31.55 0 0.590517 1358.39 178.45 37.29 19.97 0 0.587716 840.98 611.55 28.77 76.31 1 0.581154 1378.35 377.18 48.78 22.86 0 0.568028 1628.88 52.00 20.67 33.67 0 0.553497 1192.42 787.17 29.25 55.72 0 0.551497 771.08 926.27 54.76 28.99 0 0.535178 1159.37 483.07 24.88 44.68 0 0.519062 1367.84 534.23 41.66 30.52 0 0.514609 1296.89 101.88 39.01 22.47 0 0.506152 1496.84 86.20 21.64 32.61 0 0.500937 1388.15 497.76 48.88 26.48 0 0.500040 1359.06 202.67 41.53 21.32 0 0.468977 1653.71 49.09 20.58 33.31 0 0.436961 1473.49 85.42 19.53 29.36 0 0.417293 1359.39 234.13 34.75 18.39 0 0.414627 1746.56 59.08 20.46 25.92 0 0.414572 1632.35 399.27 27.68 15.84 0 0.394123 1380.28 393.05 49.69 22.49 0 0.378665 1760.58 0.00 20.80 22.68 0 0.377078 1360.43 254.82 28.72 16.66 0 0.371836 1352.98 201.06 41.20 22.09 0 0.369827 1197.92 237.87 19.66 31.84 0 0.369284 1543.71 0.00 25.21 12.24 0 0.369105 1727.08 344.12 22.99 17.88 0 0.367529 1660.56 0.00 19.80 11.39 0 0.356337 1543.64 90.38 21.76 31.04 0 0.355551 1736.51 0.70 20.55 26.97 0 0.347743 1406.96 838.46 45.49 39.35 0 0.345208 1567.69 88.74 21.24 33.67 0 0.328729 838.33 654.37 32.16 60.89 1 0.325239 1466.54 172.05 24.70 28.42 0 0.319660 1824.10 379.62 24.40 16.13 0 0.312723 1561.57 0.00 29.61 12.51 0 0.305828 1393.53 503.16 47.71 29.05 0 0.302203 1398.04 822.98 34.93 39.27 0 0.297456 1775.98 377.24 21.81 16.58 0 0.282986 1583.40 0.00 29.16 11.90 0 0.273749 1823.35 0.35 22.92 27.84 0 0.270747 1761.07 0.20 19.60 28.82 0 0.266413 1782.51 0.00 20.75 22.77 0 0.263887 754.26 878.49 64.90 34.11 0 0.263496 1751.65 375.00 21.13 16.59 0 0.261497 1869.79 104.84 21.15 20.87 0 0.254736 1255.28 198.02 20.57 35.02 0 0.254441 1681.37 372.36 22.90 15.70 0
515,0.653087 133.69 15.85 38.47 51.73 0 0.630803 49.87 144.52 40.70 55.22 0 0.567069 284.31 661.29 76.66 40.63 0 0.565388 1190.97 265.74 26.19 49.64 0 0.537278 1089.04 239.07 27.01 53.27 0 0.264915 588.28 47.29 19.28 19.52 2
516,0.707882 1272.57 771.27 75.84 34.92 1 0.654677 1147.49 393.31 49.53 26.07 0 0.650690 1289.02 402.43 49.91 26.07 0 0.644164 1351.03 495.51 48.11 26.85 0 0.637157 1141.38 536.57 51.69 27.06 0 0.634038 1159.49 304.67 48.74 24.79 0 0.628309 1295.83 547.31 47.55 26.84 0 0.625169 1139.64 561.95 50.35 28.05 0 0.623277 1157.23 224.00 45.32 25.59 0 0.619717 1286.82 293.25 47.25 24.11 0 0.617236 1343.64 199.21 42.66 24.03 0 0.608720 1363.00 579.55 58.31 27.75 0 0.608588 1150.95 460.84 46.85 22.93 0 0.604825 1152.37 369.74 53.02 27.02 0 0.597491 1289.35 426.51 48.58 25.74 0 0.591567 1353.98 318.58 47.13 23.40 0 0.574516 1284.37 450.48 53.76 26.29 0 0.573861 1296.61 521.92 49.93 25.54 0 0.570976 854.43 569.65 46.94 22.09 0 0.569791 1285.61 269.02 47.19 23.88 0 0.564791 1101.09 202.03 47.90 24.32 0 0.560858 935.37 497.74 53.65 25.30 0 0.559962 926.98 547.61 55.91 26.07 0 0.557348 1287.99 322.92 47.74 25.01 0 0.556798 1284.69 474.60 50.57 25.54 0 0.552092 1354.86 475.41 49.56 25.82 0 0.550510 1153.76 351.60 46.90 22.97 0 0.538636 1297.07 604.26 54.07 26.48 0 0.529996 1281.04 201.27 46.65 22.92 0 0.528484 1154.06 325.72 44.52 23.01 0 0.522738 1282.50 235.40 45.76 21.86 0 0.519216 1348.56 365.16 49.72 25.35 0 0.518306 1090.61 223.33 44.12 23.06 0 0.516278 1344.55 257.40 46.32 23.59 0 0.509919 1353.81 401.32 47.06 25.93 0 0.498154 1283.46 378.92 46.61 25.05 0 0.497808 1147.31 510.00 51.62 26.08 0 0.495986 1104.56 184.93 47.85 20.95 0 0.489748 1151.70 437.90 51.61 23.98 0 0.484484 1353.63 341.60 47.91 25.55 0 0.469745 1154.77 329.42 47.04 24.87 0 0.465793 1154.49 247.44 45.36 23.18 0 0.465549 1363.08 524.06 49.52 26.20 0 0.463680 1360.72 428.65 46.87 25.35 0 0.461830 1160.23 207.90 43.41 21.93 0 0.442974 1361.70 450.23 45.88 24.64 0 0.440531 1155.85 251.96 44.62 23.51 0 0.428950 1283.64 351.44 48.23 25.39 0 0.403512 930.90 575.80 55.72 28.91 0 0.397586 1284.59 251.42 44.83 21.97 0 0.384121 1365.26 555.52 53.81 26.03 0 0.371219 1161.93 189.16 43.58 22.37 0 0.364038 1366.78 561.02 51.20 26.43 0 0.358188 1150.73 486.41 50.66 24.32 0 0.357174 1156.40 273.79 47.50 22.36 0 0.344741 1348.06 353.13 49.95 25.73 0 0.343006 1350.19 320.80 45.85 23.36 0 0.339226 1518.41 781.72 25.14 13.84 3 0.328562 1286.83 276.05 50.80 21.97 0 0.326805 1289.99 319.88 48.48 21.90 0 0.314069 1285.87 575.23 60.37 27.39 0 0.300095 1086.93 227.02 43.32 23.07 0 0.289778 1280.12 447.80 52.19 25.00 0 0.261485 1279.62 230.49 46.53 24.88 0 0.255818 1370.51 529.30 49.88 26.73 0
517,0.703558 279.99 786.02 48.92 98.24 0 0.684086 807.86 685.06 46.56 92.62 0 0.682131 335.49 778.94 51.89 95.92 0 0.681543 590.53 981.76 45.96 89.67 0 0.657167 970.51 902.30 50.25 98.81 0 0.649817 494.83 742.32 47.20 98.88 0 0.645556 390.89 769.45 48.51 95.45 0 0.639359 183.82 436.13 44.14 88.48 0 0.634693 226.59 788.98 49.90 99.96 0 0.617191 1050.04 1017.19 45.82 62.81 0 0.607431 752.21 941.83 49.01 88.66 0 0.606474 1066.90 872.75 50.97 99.92 0 0.601048 905.89 649.40 46.33 97.22 0 0.599528 1181.24 855.90 47.83 89.82 0 0.589645 703.27 698.31 50.51 87.94 0 0.587778 650.57 705.99 50.33 95.81 0 0.587026 276.33 413.42 45.99 97.22 0 0.586856 916.74 912.46 50.53 107.46 0 0.585053 1013.38 887.58 53.19 97.46 0 0.581962 1028.80 501.26 46.13 81.48 0 0.580956 1109.73 606.08 46.62 85.80 0 0.578747 129.40 463.71 49.36 82.75 0 0.577041 955.72 628.35 51.92 96.54 0 0.574273 1124.31 864.74 54.63 95.15 0 0.570605 1080.93 491.50 49.30 89.82 0 0.567310 700.63 959.60 51.86 99.13 0 0.565896 1210.93 973.53 54.63 99.07 0 0.564866 640.81 970.92 55.68 102.93 0 0.557861 1052.31 616.79 55.25 93.85 0 0.552913 446.59 750.20 45.60 100.12 0 0.552891 857.28 933.39 51.21 98.54 0 0.546911 596.67 715.32 45.12 97.41 0 0.542801 1001.84 620.87 53.78 96.80 0 0.538891 753.02 683.61 48.81 95.02 0 0.535324 855.75 668.43 43.76 97.40 0 0.531723 972.04 501.31 44.63 85.82 0 0.523892 535.71 987.12 49.67 89.47 0 0.520633 1099.33 1002.42 50.26 70.63 0 0.485931 1074.92 882.72 50.52 93.98 0 0.481542 807.32 933.25 48.04 104.60 0 0.458050 481.13 1001.07 46.39 78.93 0 0.384332 814.74 100.18 32.76 71.69 0 0.379459 762.03 958.25 45.86 90.95 0 0.351848 1033.01 505.03 48.81 87.15 0 0.325631 378.24 1043.64 45.08 36.36 0 0.321390 234.01 785.66 54.23 98.31 0 0.310643 138.87 461.20 45.35 80.24 0 0.303801 801.21 923.43 50.47 93.96 0 0.302636 761.17 685.76 51.24 94.54 0 0.291408 1131.34 886.77 48.88 83.57 0 0.290390 811.39 951.61 46.96 89.52 0 0.288839 1116.80 853.27 49.67 83.94 0 0.277255 889.64 1061.32 42.75 18.68 0 0.260675 1022.22 905.38 51.26 90.89 0 0.260564 245.09 789.04 64.49 98.72 0 0.255837 710.33 977.02 47.93 90.03 0
518,0.637580 287.90 683.55 28.51 27.48 0 0.448442 358.10 691.62 23.31 24.71 0 0.440708 529.78 726.74 20.53 23.04 0 0.422357 408.94 705.15 22.69 20.19 0 0.414296 838.44 554.16 19.53 30.99 0 0.413817 330.69 690.91 24.15 25.57 0 0.401930 866.69 559.75 16.81 27.25 0 0.399212 958.88 611.22 21.04 25.75 0 0.366332 318.22 690.18 21.66 25.79 0 0.351810 885.63 563.79 18.29 26.23 0 0.342204 607.69 729.45 18.73 26.24 0 0.314815 557.83 733.66 16.96 20.33 0 0.313054 356.56 693.09 22.71 28.83 0 0.284085 317.87 612.86 26.00 17.09 0 0.280835 325.62 609.45 27.40 17.23 0 0.280720 813.38 488.64 18.36 22.11 0 0.274790 163.33 727.30 34.32 21.11 0 0.264303 787.64 586.22 48.27 39.67 1
519,0.729321 1028.05 462.99 23.64 52.52 0 0.719953 1040.43 606.03 54.60 26.39 0 0.692310 1072.92 338.15 24.24 54.05 0 0.685699 220.98 203.01 27.54 59.99 0 0.682494 737.86 269.60 23.15 52.15 0 0.678799 818.73 144.69 25.79 62.34 1 0.676729 266.99 70.24 28.62 58.88 0 0.675282 838.25 346.63 24.00 61.89 0 0.672224 932.37 340.26 23.54 57.86 0 0.672119 198.19 71.95 27.36 59.86 0 0.659468 1038.27 336.87 23.92 60.55 0 0.644062 962.05 339.85 23.69 57.96 0 0.644009 768.28 275.06 23.25 51.07 0 0.641352 619.78 368.32 25.29 55.28 0 0.637026 603.89 699.09 22.77 47.21 0 0.622640 649.30 690.77 23.16 54.26 0 0.616191 960.77 460.35 25.54 54.13 0 0.611534 131.00 394.44 33.46 59.76 0 0.611376 991.80 263.59 23.53 55.97 0 0.610842 892.22 263.15 24.86 55.50 0 0.610491 138.43 80.85 28.10 60.54 0 0.592654 63.29 404.19 32.18 55.57 0 0.589675 860.34 265.17 25.47 57.01 0 0.589669 895.99 707.27 27.18 55.10 0 0.589391 804.10 463.95 56.42 25.51 0 0.570603 1019.05 563.44 55.16 27.88 0 0.552405 769.33 356.76 24.23 53.19 0 0.550462 523.14 687.99 28.19 57.69 0 0.550188 799.51 271.94 24.85 60.50 0 0.548554 702.39 268.01 24.93 57.81 0 0.534605 713.61 687.24 28.16 57.09 0 0.532807 232.53 74.50 27.99 58.79 0 0.532648 359.01 189.55 29.74 58.92 0 0.525110 180.00 206.53 28.73 55.11 0 0.524533 926.96 264.05 25.44 57.30 0 0.520245 1027.55 263.83 23.91 57.11 0 0.510049 855.89 705.14 26.57 56.30 0 0.500376 533.26 632.31 55.71 26.39 0 0.498670 582.37 379.00 25.66 53.35 0 0.498316 103.87 399.97 27.82 57.13 0 0.498050 530.65 593.06 55.60 26.83 0 0.496238 668.02 275.45 26.59 58.34 0 0.484952 516.11 556.33 54.37 28.23 0 0.482285 960.59 265.74 22.16 56.14 0 0.476002 800.36 348.81 27.79 58.70 0 0.469051 792.77 692.12 25.01 52.38 0 0.463639 824.61 688.14 26.41 58.07 0 0.447101 993.83 458.18 25.97 59.13 0 0.435247 545.11 86.62 30.33 65.12 0 0.429831 996.86 342.44 25.61 58.06 0 0.419166 461.29 645.11 27.55 57.34 0 0.404657 558.54 696.00 23.80 52.93 0 0.374076 898.49 342.51 25.75 57.08 0 0.353902 77.84 0.00 42.78 16.31 0 0.352860 635.75 282.25 27.51 57.12 0 0.274813 566.60 704.88 25.31 46.11 0 0.256981 959.37 255.33 22.39 60.95 0
520,0.676689 275.13 388.34 58.70 63.13 0 0.651307 475.23 507.76 53.11 64.46 0 0.632994 524.98 435.45 50.03 54.03 0 0.626041 422.27 586.16 56.06 61.57 0 0.618884 206.60 462.71 60.02 73.07 0 0.601887 386.58 278.18 45.61 51.27 0 0.600351 634.64 278.07 36.73 37.72 1 0.598440 606.72 19.96 35.25 36.28 0 0.581159 761.59 86.27 31.70 33.61 0 0.571842 551.19 89.63 33.85 38.20 0 0.566661 707.96 166.45 34.42 40.69 0 0.561655 570.41 371.82 44.61 54.22 0 0.561447 466.22 173.37 46.31 47.17 0 0.529780 813.47 16.74 26.90 33.97 0 0.483719 803.64 416.33 12.71 18.14 2 0.445778 531.46 427.98 49.29 62.57 0 0.440644 743.56 542.84 12.86 19.66 2 0.329507 577.20 55.52 27.68 28.04 0 0.329357 431.34 575.40 52.26 71.63 0
521,0.671757 1569.68 989.84 64.34 31.90 0 0.655439 1019.85 981.43 63.43 36.88 0 0.652879 1762.41 185.69 44.80 24.38 0 0.650560 1649.38 995.00 68.82 36.65 0 0.636613 1421.46 299.79 50.39 24.47 0 0.622624 1604.95 269.37 43.66 22.78 0 0.617166 1618.60 352.02 45.01 23.22 0 0.603761 680.70 895.71 56.31 28.28 0 0.599049 1728.03 279.50 51.17 24.95 0 0.595972 1817.87 318.45 43.20 24.05 0 0.595010 1675.91 81.39 44.70 21.60 0 0.586843 1618.16 330.26 44.57 23.69 0 0.582982 1554.64 41.66 39.75 20.23 0 0.579739 1778.01 217.43 39.83 24.10 0 0.576848 1782.89 513.63 75.76 34.67 1 0.558703 1797.78 294.22 43.78 22.47 0 0.553457 1589.66 207.24 49.53 26.35 0 0.553290 1687.15 112.61 43.45 21.76 0 0.541226 181.41 842.29 53.12 27.00 0 0.536815 1734.55 1001.41 77.00 36.48 0 0.531633 1693.59 133.66 46.09 23.12 0 0.527626 1435.36 366.81 46.03 24.82 0 0.519854 1559.15 58.61 39.45 20.85 0 0.516354 1748.97 316.79 45.28 23.56 0 0.511994 1586.38 174.51 42.89 24.33 0 0.507822 1427.86 342.21 48.85 22.84 0 0.504397 1723.02 255.22 46.26 21.79 0 0.504212 1756.85 154.28 44.72 21.98 0 0.504031 1822.63 360.43 46.96 26.05 0 0.502808 1749.15 347.91 55.17 26.00 0 0.497081 1571.07 107.27 42.82 22.17 0 0.489722 1717.36 222.27 47.94 23.71 0 0.488981 1794.44 271.09 44.53 23.13 0 0.486445 1582.59 153.03 39.39 23.21 0 0.477607 1502.37 38.40 42.44 21.00 0 0.472245 1563.95 79.49 38.46 21.16 0 0.468856 1668.73 61.94 47.13 22.54 0 0.461248 1711.92 204.38 45.00 21.26 0 0.460730 1705.22 179.35 41.24 20.78 0 0.460628 1795.97 278.32 48.62 23.32 0 0.453021 1759.89 183.59 43.26 21.38 0 0.452185 1792.32 248.11 42.88 22.42 0 0.451543 1602.81 247.93 45.92 25.22 0 0.444758 1771.11 206.66 41.89 21.55 0 0.442326 1578.42 127.58 41.78 22.98 0 0.440985 1501.29 57.35 43.22 22.14 0 0.440766 1615.91 304.68 43.04 23.55 0 0.435013 1752.81 152.12 42.56 20.55 0 0.432256 1685.45 107.70 43.00 21.06 0 0.424279 1782.90 222.30 41.48 22.89 0 0.419778 1820.41 349.64 46.44 25.76 0 0.413957 1726.25 50.39 43.25 23.73 0 0.407442 1749.23 361.59 51.12 25.39 0 0.406328 1699.41 160.23 45.13 21.97 0 0.400653 1566.56 86.25 39.53 20.68 0 0.395316 1366.07 364.47 40.88 23.42 0 0.384318 1733.08 86.75 47.69 23.19 0 0.382050 1613.00 302.58 42.17 22.19 0 0.372892 1708.91 197.74 43.25 22.79 0 0.365072 1732.03 82.05 42.23 22.29 0 0.363513 1566.62 102.56 42.16 23.23 0 0.355846 1755.62 374.75 56.08 27.42 0 0.353937 1679.62 85.18 44.22 21.52 0 0.350426 1804.86 300.93 46.30 23.34 0 0.346145 1667.42 44.64 45.39 23.90 0 0.320007 1687.37 128.33 44.04 22.73 0 0.298838 1561.62 62.75 39.80 21.86 0 0.295835 1583.42 158.68 42.62 22.61 0 0.291709 1739.57 98.36 43.79 24.71 0 0.260863 1014.05 977.48 63.87 35.19 0
522,0.741594 1059.04 624.05 63.33 100.32 1 0.734114 666.64 793.03 70.70 129.12 0 0.688802 709.66 671.01 68.44 116.03 0 0.678386 1047.52 496.74 46.46 69.29 1 0.660540 1069.25 722.43 62.21 91.04 0 0.644105 1502.89 293.45 47.57 36.98 0 0.629858 1407.17 717.01 100.61 113.29 0 0.627616 521.71 311.14 76.04 32.60 0 0.621197 210.63 301.96 95.74 44.69 0 0.616329 1310.02 157.65 32.37 23.62 0 0.613551 1703.57 154.46 39.33 28.39 0 0.612035 322.02 307.59 85.80 36.65 0 0.609779 1083.96 828.07 72.98 126.29 0 0.607787 778.83 390.09 42.35 64.58 0 0.598844 1091.59 1026.17 41.48 48.94 3 0.592781 416.53 309.61 88.00 36.94 0 0.566561 1636.43 155.48 43.21 25.49 0 0.563570 1478.89 201.20 31.61 23.82 0 0.559268 1407.59 195.03 28.45 28.03 0 0.556771 50.28 266.07 38.96 32.88 0 0.553842 130.46 266.48 43.15 30.69 0 0.549305 1597.93 202.50 38.91 23.52 0 0.548829 721.01 605.23 54.70 76.06 0 0.539869 343.90 264.08 49.19 29.59 0 0.538783 1459.76 153.67 33.21 23.87 0 0.534828 1375.36 196.56 27.43 26.26 0 0.518693 403.79 264.55 47.67 30.57 0 0.516957 1436.61 155.79 31.09 24.18 0 0.503998 1040.58 439.61 39.90 53.12 0 0.497398 1444.15 196.39 28.84 27.10 0 0.490604 1695.13 335.45 62.93 42.70 0 0.477145 1526.25 152.69 45.70 26.14 0 0.475124 262.38 263.33 47.58 30.08 0 0.464782 1345.80 152.08 31.38 24.16 0 0.453432 195.36 263.39 38.33 30.22 0 0.446248 817.30 63.37 44.79 24.26 0 0.440565 1294.48 156.93 29.41 20.88 0 0.437994 1013.49 175.79 25.48 38.97 0 0.435786 1680.35 113.18 30.22 20.50 0 0.435123 752.14 510.93 48.79 74.31 0 0.417272 1339.47 138.95 35.13 19.51 0 0.400613 1342.06 197.48 29.21 23.71 0 0.396278 1022.91 314.90 36.39 40.02 0 0.393323 890.38 28.36 24.65 22.85 0 0.388604 625.10 368.46 32.95 20.03 3 0.387061 1018.36 294.74 36.96 45.39 0 0.385684 1036.58 399.68 34.29 31.82 0 0.385318 758.74 456.48 41.76 51.95 0 0.376774 117.05 265.82 36.93 29.49 0 0.374104 813.18 90.63 40.13 23.28 0 0.370671 1457.41 199.24 29.99 24.22 0 0.369617 1568.17 203.89 32.57 24.53 0 0.363178 1485.69 182.87 31.68 19.65 0 0.359106 1307.29 130.61 32.82 18.77 0 0.359011 1012.03 197.61 25.08 33.59 0 0.356659 1283.21 131.39 35.39 20.50 0 0.353847 1689.53 332.04 65.08 39.06 0 0.347345 1038.41 450.11 40.17 47.96 0 0.347330 1274.29 130.25 33.80 20.61 0 0.346294 1014.25 234.69 27.97 40.42 0 0.343583 1014.85 227.07 27.47 39.59 0 0.341322 1064.74 245.41 38.93 37.66 0 0.330177 1426.69 123.95 40.38 23.43 0 0.321471 344.54 495.89 22.84 38.26 3 0.303963 1015.51 281.34 33.06 39.08 0 0.298760 1087.03 1019.69 39.91 53.39 3 0.294998 744.76 241.43 41.74 25.52 0 0.294824 1357.89 127.69 37.00 21.77 0 0.293623 1403.24 156.87 29.63 24.08 0 0.289592 1532.24 156.22 45.56 23.40 0 0.288477 596.95 294.40 46.92 26.96 0 0.287339 749.38 223.20 42.76 25.38 0 0.285851 1408.37 131.08 35.60 19.91 0 0.281776 1707.40 286.71 53.65 31.82 0 0.276617 1029.50 360.26 36.33 38.16 0 0.276487 1581.29 152.59 39.01 22.03 0 0.266864 141.40 264.95 42.84 30.95 0 0.266632 1015.91 286.86 33.45 43.02 0 0.266465 819.00 89.79 41.00 19.87 0 0.263739 717.28 604.07 59.53 107.19 0 0.259260 749.86 244.42 41.05 25.02 0
523,0.676025 1519.46 295.02 50.52 25.74 0 0.675701 1543.21 425.36 46.78 25.30 0 0.670647 1337.83 392.08 50.73 25.43 0 0.598579 1433.06 107.06 42.87 20.55 0 0.592513 1642.76 281.13 49.27 23.97 0 0.581133 1695.59 226.32 46.18 24.66 0 0.579583 1544.80 446.32 47.93 25.74 0 0.579251 1349.59 463.00 54.58 26.44 0 0.566757 1665.83 369.01 48.49 22.39 0 0.566618 1703.92 629.97 81.57 33.02 1 0.563664 1517.50 254.93 44.64 23.11 0 0.561850 1433.19 131.73 40.95 20.53 0 0.561579 1342.69 438.31 49.64 22.02 0 0.561055 1654.25 342.33 49.91 23.88 0 0.558910 1700.35 482.74 50.26 26.33 0 0.553406 1675.26 154.79 43.20 21.44 0 0.546277 1626.73 200.47 45.58 22.67 0 0.542754 1715.56 300.38 44.88 24.37 0 0.540730 1490.58 130.72 40.33 20.30 0 0.539594 1506.66 197.61 45.27 24.22 0 0.539532 1656.42 320.44 49.27 23.49 0 0.538879 1624.20 183.11 44.65 24.24 0 0.533848 1752.84 410.29 44.83 24.91 0 0.533752 1541.49 403.00 44.62 23.68 0 0.533090 1540.05 380.04 44.02 23.68 0 0.527335 1512.54 230.08 44.23 24.19 0 0.525708 2.61 990.99 50.77 31.37 0 0.521918 1632.83 221.45 46.95 23.22 0 0.520273 1273.05 458.93 46.83 25.65 0 0.518628 1489.83 107.79 38.67 20.78 0 0.516211 1698.91 267.59 45.68 22.86 0 0.501543 1634.75 255.97 52.71 24.34 0 0.500107 1758.30 458.12 53.55 26.50 0 0.497048 1495.98 157.78 42.50 22.61 0 0.496188 1729.85 345.43 47.29 22.60 0 0.495688 1603.73 116.06 48.24 24.11 0 0.491816 1728.97 364.86 46.93 23.98 0 0.489178 1518.71 272.60 49.53 25.15 0 0.485427 1504.08 178.67 45.05 23.28 0 0.483571 1677.71 457.07 57.14 25.46 0 0.483552 1633.44 248.26 50.82 22.79 0 0.481894 1727.95 321.08 41.00 24.24 0 0.476474 1684.92 426.68 51.00 27.46 0 0.465356 1711.59 299.14 39.11 20.92 0 0.464978 1664.77 115.65 47.41 21.83 0 0.458086 1611.86 148.45 42.31 24.08 0 0.454658 1530.72 353.82 47.06 25.44 0 0.439588 1652.50 300.32 50.49 24.01 0 0.436000 1608.06 128.27 45.23 21.89 0 0.434047 1629.37 207.36 47.74 21.83 0 0.424995 1608.67 133.56 46.40 20.24 0 0.421708 516.94 1051.56 67.85 28.44 0 0.402094 1698.20 252.21 46.68 21.60 0 0.401279 1739.31 391.48 48.03 23.39 0 0.382807 1615.72 152.05 43.06 22.95 0 0.354597 1752.96 441.26 51.69 24.40 0 0.333166 1703.96 272.11 45.99 22.38 0 0.316103 1510.06 201.30 46.43 25.05 0 0.314253 1680.61 171.27 41.25 22.93 0 0.301200 1274.75 454.03 50.83 26.65 0 0.281293 1638.99 276.36 49.04 24.44 0 0.281198 1682.26 459.47 60.25 25.39 0 0.280547 1679.89 403.01 52.83 26.00 0 0.277698 1731.57 388.27 44.51 22.54 0 0.261679 1674.51 159.76 48.05 22.13 0 0.260017 1685.28 435.93 52.48 25.47 0 0.259027 1681.74 411.85 49.85 25.60 0
524,0.648036 1624.66 299.43 39.04 71.08 0 0.617521 1394.12 327.13 37.05 62.84 0 0.610551 278.03 353.53 42.18 87.05 0 0.607667 979.58 443.10 34.65 70.05 0 0.602454 216.56 366.15 30.55 69.25 0 0.600177 377.66 499.12 32.72 69.98 0 0.599176 45.48 530.56 42.58 67.30 0 0.591308 1333.32 333.52 33.84 71.21 0 0.564839 1426.69 320.24 37.02 68.28 0 0.556969 605.71 278.85 63.36 31.15 0 0.556477 1795.42 289.04 43.03 73.19 0 0.541088 845.46 168.44 55.93 69.28 0 0.537639 915.39 450.70 34.92 70.03 0 0.533981 409.41 495.24 35.12 68.12 0 0.523987 685.12 811.16 76.42 44.48 0 0.523853 882.50 454.35 32.04 69.18 0 0.517466 830.29 38.00 60.74 60.69 0 0.507857 1200.14 0.00 60.55 23.54 0 0.493117 280.99 511.26 32.46 66.88 0 0.481883 841.49 181.42 57.61 62.38 0 0.467517 844.73 236.21 56.60 45.66 0 0.458865 951.01 788.15 75.38 44.16 0 0.447654 1070.92 176.64 59.51 43.07 0 0.443387 347.13 503.69 32.17 68.84 0 0.438010 1301.34 332.98 35.39 70.39 0 0.435419 682.46 620.67 85.19 36.76 0 0.424650 1206.46 71.35 58.36 38.74 0 0.424371 965.75 0.00 44.72 39.68 0 0.424111 28.59 671.31 70.99 35.98 0 0.421742 600.25 141.92 59.32 49.96 0 0.421181 824.71 38.60 60.06 73.75 0 0.421030 75.63 526.95 43.55 72.79 0 0.404108 205.38 657.01 71.29 38.36 0 0.400541 845.07 256.50 54.75 43.33 0 0.390172 355.78 650.59 65.55 31.17 0 0.387133 1658.08 293.93 36.91 69.86 0 0.377091 1090.07 0.00 33.99 61.89 0 0.372306 603.20 218.75 54.72 29.98 0 0.362522 986.18 742.12 79.92 39.82 0 0.357558 595.96 128.27 64.46 54.43 0 0.352347 1057.54 0.00 62.17 38.15 0 0.347800 1239.75 223.64 51.02 35.91 0 0.344505 54.75 527.40 55.01 70.31 0 0.338256 1458.69 319.64 34.86 65.30 0 0.322932 827.24 112.49 53.97 36.05 0 0.317345 1050.63 0.00 55.88 27.69 0 0.315818 846.54 221.51 55.25 55.39 0 0.314123 1108.75 296.17 44.29 43.29 0 0.310350 313.53 506.82 31.57 69.19 0 0.299937 1073.15 0.00 50.58 58.73 0 0.295041 1220.72 92.18 47.34 63.40 0 0.259664 952.26 0.00 43.72 53.10 0 0.253214 879.64 447.66 32.08 68.18 0
525,0.684092 883.25 669.47 26.80 55.65 0 0.683275 983.40 308.95 23.59 54.71 0 0.677331 982.10 423.35 25.26 54.53 0 0.673298 723.84 231.43 23.39 54.47 0 0.652035 700.69 648.68 26.68 58.45 0 0.651269 120.37 359.70 30.45 51.96 0 0.641295 812.22 648.98 24.25 55.69 0 0.640285 847.44 225.88 24.17 58.62 0 0.632324 165.09 168.12 29.82 55.57 0 0.631174 1059.14 299.24 23.22 59.61 0 0.629497 89.28 361.39 29.42 54.10 0 0.626616 911.51 228.70 23.23 55.33 0 0.626054 977.41 223.95 24.19 58.95 0 0.625597 886.89 308.33 24.72 54.83 0 0.624042 1013.42 423.27 24.52 57.60 0 0.621425 879.21 228.55 25.25 58.53 0 0.613987 1011.37 221.94 23.63 57.82 0 0.601093 252.48 33.49 28.77 59.04 0 0.591047 1002.46 529.61 55.27 26.17 0 0.583337 218.46 36.90 28.24 55.74 0 0.582836 122.58 37.52 30.60 58.02 0 0.578576 840.54 666.51 29.02 57.59 0 0.577309 205.04 165.94 29.56 55.98 0 0.574911 547.14 661.45 27.51 50.89 0 0.568209 654.44 238.94 25.21 55.26 0 0.566334 752.23 235.17 25.23 56.04 0 0.563952 507.97 651.57 30.30 58.09 0 0.563406 944.17 222.30 24.17 60.30 0 0.552214 517.21 595.24 59.75 26.67 0 0.548757 822.45 311.85 26.92 63.43 0 0.548217 786.94 235.76 25.32 57.51 0 0.542082 1023.39 305.15 24.48 57.25 0 0.540872 517.31 558.89 54.05 26.46 0 0.535990 605.33 330.38 25.61 59.69 0 0.533602 789.08 314.85 25.91 58.46 0 0.529953 1021.40 568.89 58.61 28.70 0 0.525007 583.07 657.95 27.81 49.70 0 0.517865 181.82 36.38 31.17 59.61 0 0.514028 47.58 365.40 31.34 58.16 0 0.493060 916.98 303.47 23.43 58.25 0 0.486066 631.58 651.26 25.31 55.35 0 0.477832 566.86 336.24 26.57 55.19 0 0.473205 686.96 233.10 25.91 58.23 0 0.472857 346.35 152.04 31.11 56.33 0 0.466097 501.93 521.69 51.26 25.10 0 0.443265 949.08 302.93 25.30 58.44 0 0.428250 787.27 427.05 60.80 27.79 0 0.421930 752.94 318.40 26.49 56.87 0 0.414226 621.71 242.27 27.32 56.90 0 0.414080 460.47 680.55 39.82 48.82 0 0.348959 944.97 422.39 25.37 52.26 0 0.338570 530.90 47.59 29.74 66.32 0 0.337730 776.97 651.74 27.71 55.29 0 0.296631 804.92 110.85 27.85 54.94 0 0.272557 948.04 226.78 26.49 58.06 0 0.253624 521.10 554.85 56.49 27.66 0
526,0.621858 530.56 380.82 206.16 82.27 0 0.252435 508.95 388.45 216.35 93.47 0
527,0.639949 1104.53 431.26 25.07 39.22 0 0.627952 961.84 345.52 23.52 38.74 0 0.615329 643.37 686.92 30.36 54.11 0 0.609374 521.70 684.52 34.02 50.17 0 0.601293 1080.53 429.12 25.53 41.23 0 0.589614 1174.03 436.84 22.98 36.33 0 0.573278 234.75 651.60 29.16 44.35 0 0.569891 208.60 650.07 32.18 47.16 0 0.569091 159.61 640.13 36.67 46.33 0 0.548041 860.46 396.52 48.14 82.12 1 0.543864 165.76 485.05 46.58 29.08 0 0.534736 1217.51 435.82 24.12 34.69 0 0.525149 399.49 547.94 43.28 23.05 0 0.509087 258.14 654.73 30.10 44.60 0 0.509033 332.97 661.14 30.71 39.86 0 0.477744 279.09 764.23 30.80 45.40 0 0.467766 328.41 544.98 53.70 24.67 0 0.455679 920.25 319.31 20.16 32.64 0 0.443425 549.96 691.43 28.19 45.28 0 0.413182 1242.17 576.61 50.67 27.14 0 0.411304 987.50 434.04 25.05 33.87 0 0.403905 896.06 350.70 22.91 35.89 0 0.399073 663.55 557.18 50.54 22.67 0 0.377138 448.20 549.80 45.50 22.09 0 0.371886 354.29 666.13 30.13 37.93 0 0.347759 895.33 320.00 21.18 34.01 0 0.347261 209.84 753.04 29.47 27.91 0 0.341992 564.01 562.51 33.35 24.19 0 0.323444 813.94 405.18 36.98 18.49 0 0.319729 538.05 601.45 44.09 24.90 0 0.316086 174.46 754.43 31.55 23.20 0 0.313518 964.33 324.52 20.91 30.19 0 0.308534 920.84 351.22 20.10 38.82 0 0.307848 179.95 749.69 33.42 24.55 0 0.305886 255.28 751.73 33.94 45.87 0 0.302243 0.00 746.28 28.69 50.48 0 0.300327 940.76 320.87 20.84 29.60 0 0.299577 561.11 490.33 39.88 19.67 0
528,0.764895 737.26 224.22 28.80 20.12 0 0.671333 1156.02 621.09 44.28 45.62 0 0.635213 1119.51 341.32 48.74 27.58 1 0.619696 955.55 271.92 26.64 23.37 0 0.598547 1095.88 518.81 38.74 38.66 0 0.594997 1048.67 435.54 33.85 31.79 0 0.577706 753.48 280.57 27.77 15.86 0 0.559838 1310.84 223.35 30.05 17.58 0 0.557041 926.53 459.51 25.12 40.47 0 0.542680 687.27 585.20 58.17 30.02 0 0.520159 1239.18 195.21 29.41 17.31 0 0.519045 1270.67 224.72 25.11 15.67 0 0.505714 1011.35 353.89 29.59 33.72 1 0.451119 764.58 315.74 33.02 19.39 0 0.445180 1206.59 196.50 27.10 14.19 0 0.437299 573.79 229.47 20.02 15.12 0 0.435599 990.47 330.24 25.25 24.25 0 0.425746 941.76 176.85 19.73 16.50 0 0.416347 981.12 314.63 24.67 20.25 0 0.383886 1222.18 486.82 41.02 22.24 0 0.382210 747.93 255.95 29.43 21.01 0 0.380923 765.88 318.99 31.98 20.20 0 0.378103 972.34 296.10 25.65 21.93 0 0.365268 925.92 172.34 20.81 17.15 0 0.340206 770.69 112.44 15.69 15.56 0 0.338745 1165.91 415.71 37.10 34.59 1 0.337276 776.35 128.64 16.87 16.73 0 0.319857 740.87 180.17 18.66 15.17 0 0.297005 908.03 175.27 18.96 16.41 0 0.290096 761.67 93.41 13.70 14.81 0 0.268559 662.92 278.91 28.12 21.42 1 0.266820 604.50 236.35 20.70 18.18 0 0.265193 1214.07 195.41 24.27 14.26 0 0.250779 992.55 334.54 25.10 25.10 0
529,0.692849 386.12 122.89 18.55 37.60 0 0.681409 53.66 174.91 22.39 35.87 0 0.639432 382.65 166.15 19.62 38.55 0 0.632608 78.35 173.63 23.43 36.87 0 0.632197 289.19 126.98 18.33 32.36 0 0.629636 555.16 158.01 19.46 48.65 1 0.622444 25.49 262.38 24.37 40.30 0 0.617009 52.70 260.05 22.77 39.90 0 0.614131 552.29 160.96 21.48 52.98 1 0.608286 244.80 126.81 17.60 32.20 0 0.606679 335.99 258.47 20.56 38.85 0 0.604721 76.04 259.27 21.51 39.35 0 0.587643 126.67 261.26 22.19 37.46 0 0.585000 152.17 259.90 23.15 38.60 0 0.579520 363.34 122.65 17.52 35.65 0 0.576127 122.61 131.90 20.89 31.08 0 0.575629 344.89 455.00 21.89 46.86 0 0.568832 356.47 395.51 25.66 44.50 0 0.565637 283.36 169.09 20.67 40.84 0 0.552754 171.07 134.55 19.17 31.51 0 0.545531 99.19 260.14 22.29 39.19 0 0.543525 359.31 257.70 21.01 36.05 0 0.534557 328.11 396.94 24.13 44.17 0 0.528761 217.15 130.54 19.44 32.10 0 0.526083 312.87 127.63 20.02 35.62 0 0.522502 307.87 255.02 21.48 37.38 0 0.517925 341.91 123.42 18.43 35.16 0 0.503631 144.14 171.38 21.96 34.73 0 0.502378 0.66 264.89 20.00 39.58 0 0.497329 102.77 172.91 21.78 35.96 0 0.494520 408.31 163.23 21.32 36.78 0 0.493214 256.72 255.87 22.23 38.34 0 0.488742 25.87 136.39 18.57 30.92 0 0.471184 52.36 136.46 19.22 29.58 0 0.463855 2.83 178.62 21.28 35.57 0 0.453901 271.52 402.20 26.51 46.40 0 0.444095 356.98 166.72 18.75 35.76 0 0.440973 333.13 164.65 19.18 34.45 0 0.437995 954.62 0.00 22.45 35.54 0 0.436239 955.62 81.60 18.94 36.49 0 0.434867 268.28 126.64 16.97 31.16 0 0.431528 149.50 132.02 18.60 30.45 0 0.425823 117.09 172.89 21.09 35.44 0 0.421436 233.82 168.27 21.51 42.46 0 0.418887 169.56 171.31 20.64 36.46 0 0.411423 27.85 176.72 22.74 35.46 0 0.393208 258.71 168.76 21.04 42.51 0 0.379120 177.99 259.24 24.57 41.25 0 0.377533 961.45 356.63 21.05 34.45 0 0.376870 282.10 254.61 21.52 37.86 0 0.365398 957.38 161.57 18.42 34.64 0 0.352073 875.20 18.74 29.29 16.16 0 0.333914 870.77 18.18 29.84 15.73 0 0.310010 190.21 133.94 18.91 30.52 0 0.308081 237.12 254.15 20.60 42.93 0 0.306381 960.12 344.76 21.06 38.67 0 0.305605 195.05 169.00 21.41 38.32 0 0.299293 207.93 168.13 22.66 41.73 0 0.275908 959.45 297.32 21.63 32.80 0 0.259113 961.23 311.00 20.92 30.61 0 0.253521 957.65 243.25 22.10 38.11 1 0.251222 181.14 255.27 25.08 43.40 0
530,0.773081 420.64 890.94 194.53 103.72 0 0.768412 356.13 721.11 155.23 94.67 1 0.726217 880.23 731.38 169.87 89.53 0 0.712081 1056.87 484.64 127.81 67.10 0 0.710112 1035.09 905.93 186.78 108.12 0 0.703732 627.98 432.11 120.16 59.56 0 0.696588 332.75 387.90 116.74 54.80 0 0.695801 817.26 963.60 196.98 103.21 0 0.672222 897.53 465.33 113.95 62.10 0 0.665121 142.33 409.71 112.27 59.68 0 0.661953 1083.01 654.69 143.99 71.90 0 0.652503 1230.40 516.51 144.84 70.57 0 0.651335 1075.69 702.01 162.81 95.19 0 0.648452 1447.75 1004.67 211.77 73.13 0 0.623255 230.65 370.90 96.95 52.81 0 0.623156 753.50 457.68 121.59 60.26 0 0.618131 480.21 817.14 160.12 95.78 0 0.607934 393.54 981.21 186.88 95.59 0 0.585963 479.10 405.24 115.58 55.86 0 0.571286 1.00 740.65 135.66 94.29 0 0.558530 545.14 758.72 137.69 75.85 0 0.527196 9.81 83.31 101.33 63.15 0 0.506106 63.53 517.93 141.75 64.57 0 0.504247 0.00 568.02 146.11 73.32 0 0.502685 549.75 704.24 166.31 74.83 0 0.499695 387.39 675.51 146.37 68.01 0 0.473835 496.67 632.58 55.21 40.52 3 0.388041 1860.53 604.20 59.37 57.96 1 0.385531 1860.52 599.84 58.19 63.04 0 0.367395 4.02 562.12 164.09 69.86 0 0.308481 487.04 631.83 52.60 38.43 3 0.305488 521.34 5.20 65.14 33.34 0 0.301379 1867.02 578.29 50.94 67.13 1 0.300704 1427.99 993.86 203.19 85.47 0 0.299763 1831.39 540.43 34.16 22.01 0 0.299475 0.00 673.24 33.72 61.01 0 0.298313 1699.13 585.50 58.41 33.19 0 0.250102 151.55 48.79 134.42 69.25 1
531,
532,0.609767 358.52 855.79 196.66 72.52 0 0.503086 0.00 973.94 143.24 72.89 0 0.457902 554.24 789.97 176.36 80.43 0 0.381670 1459.17 114.37 33.19 28.12 0 0.348495 0.77 793.16 151.78 84.34 0 0.346327 1575.91 42.16 37.48 34.27 0 0.282480 933.92 354.76 31.76 55.24 0
533,0.544377 1032.21 495.65 30.55 17.63 0 0.460559 904.40 539.63 28.72 15.87 0 0.450395 1792.67 226.43 27.61 22.26 0 0.428277 858.96 548.17 31.83 15.85 0 0.387441 1815.99 228.23 27.51 24.23 0 0.332349 1491.60 564.67 23.84 28.36 0 0.312253 952.78 523.42 26.83 15.24 0 0.297589 1658.81 106.70 21.69 24.98 0 0.283212 942.73 525.11 26.71 17.37 0 0.265957 881.12 545.07 29.86 13.84 0
534,0.568788 541.75 189.80 13.77 20.54 2 0.374089 457.59 126.94 39.06 22.25 1 0.366865 1246.87 366.54 14.85 12.17 0 0.330376 1140.58 361.15 12.84 14.37 0 0.323599 1172.91 424.59 17.00 17.32 0 0.302979 447.21 127.86 38.07 21.10 1 0.299991 1151.79 397.24 17.55 17.36 0 0.279197 923.39 607.89 20.89 32.71 1 0.270844 1275.01 449.47 17.87 11.78 0 0.269728 422.97 125.12 20.00 21.75 0 0.256341 1040.38 223.04 19.26 21.34 0
535,0.433199 1034.11 847.31 35.95 76.42 0 0.391891 945.32 145.89 19.82 30.34 0 0.318882 884.05 533.53 27.73 59.03 1 0.282012 1025.79 950.36 38.10 68.18 0 0.263921 937.98 91.12 21.42 28.73 0
536,0.511310 966.40 76.70 21.36 37.26 1
537,0.662938 697.31 627.68 23.79 39.66 0 0.655167 594.04 622.50 28.19 40.98 0 0.651681 1151.82 445.92 20.21 27.37 0 0.585342 381.24 677.30 31.44 31.46 0 0.579257 451.85 603.37 26.77 38.95 0 0.575005 366.15 598.07 28.41 39.67 0 0.570084 283.85 587.72 32.12 40.87 0 0.551786 910.79 364.29 22.46 36.32 0 0.537063 427.16 604.24 26.73 38.01 0 0.531006 319.35 595.32 27.25 41.12 0 0.528945 1204.63 443.68 22.80 26.97 0 0.494267 881.18 409.82 40.21 74.69 1 0.476929 896.95 153.58 21.72 32.32 1 0.466256 343.31 598.04 25.09 39.00 0 0.458024 491.12 521.43 39.41 20.60 0 0.430773 741.70 623.65 22.42 32.97 0 0.427648 282.77 476.59 41.13 22.28 0 0.419477 535.31 522.36 37.55 21.55 0 0.418392 1073.06 436.39 22.51 32.31 0 0.412561 912.25 355.45 22.99 31.37 0 0.408681 135.03 668.77 41.89 37.26 0 0.400352 968.79 370.80 24.19 34.57 0 0.395732 933.03 368.67 21.27 33.33 0 0.388093 361.22 676.81 37.57 31.54 0 0.384390 718.64 525.41 41.39 21.71 0 0.375491 1097.81 440.95 21.78 29.40 0 0.371785 935.47 354.50 21.08 28.60 0 0.350249 441.33 519.70 33.73 19.80 0 0.328692 212.04 509.88 26.09 24.61 0 0.301316 584.96 521.61 33.72 21.06 0 0.298654 0.00 275.86 37.68 25.75 0 0.290854 618.27 633.26 24.75 34.88 0 0.289080 288.84 475.44 40.60 20.80 0 0.259819 651.78 519.18 25.03 20.24 0 0.253425 897.18 223.97 17.24 26.47 0
538,0.660013 1170.86 678.74 78.76 86.50 0 0.653607 1116.02 711.13 87.47 94.52 0 0.646360 938.84 862.05 87.41 92.74 0 0.622862 1254.14 778.58 102.52 111.26 0 0.615975 717.28 674.63 85.22 91.72 0 0.610853 837.11 934.61 78.42 94.89 0 0.609108 313.78 959.75 88.17 92.63 0 0.608687 1019.72 781.29 85.75 99.87 0 0.608437 565.56 769.07 83.08 95.91 0 0.603721 1112.76 893.35 95.59 103.45 0 0.583047 508.95 801.90 93.41 96.32 0 0.579971 419.16 879.98 77.46 97.42 0 0.575577 1064.08 741.43 92.93 96.55 0 0.574723 652.80 694.71 91.73 99.82 0 0.570360 896.29 526.40 81.25 89.35 0 0.566934 1162.29 859.46 85.50 95.78 0 0.563210 776.67 959.33 82.44 99.00 0 0.550159 809.56 415.74 75.46 88.60 0 0.546920 758.19 638.12 83.65 99.70 0 0.539277 982.10 821.13 83.92 95.77 0 0.539127 30.63 650.75 72.55 91.27 0 0.538737 803.71 593.34 77.10 93.67 0 0.530882 995.83 469.57 76.91 87.98 0 0.530764 869.53 396.10 74.01 79.21 0 0.522976 616.48 733.99 84.18 93.05 0 0.522909 941.78 494.25 79.17 90.27 0 0.522536 890.67 899.22 82.80 94.82 0 0.521044 918.21 358.47 74.92 92.80 0 0.501557 727.19 1002.78 81.79 77.22 0 0.498822 245.73 993.58 85.60 85.09 0 0.486023 364.98 911.06 85.33 109.01 0 0.484771 863.17 397.30 65.48 74.01 0 0.483525 853.98 552.68 76.87 94.58 0 0.481919 886.77 899.21 67.81 82.02 0 0.473924 1439.79 987.07 39.23 32.65 3 0.470301 912.05 358.45 72.95 75.80 0 0.466129 1460.72 964.27 33.51 32.33 3 0.460512 966.10 1014.19 81.23 65.81 0 0.406994 18.15 640.94 67.78 92.89 0 0.404829 741.50 654.08 89.36 99.11 0 0.351949 435.01 114.54 48.07 62.66 0 0.346318 196.88 1026.15 68.61 53.85 0 0.336471 821.86 432.04 68.75 82.60 0 0.327974 677.23 1033.67 71.11 46.33 0 0.326100 954.93 841.38 85.58 107.62 0 0.311304 640.17 713.73 93.48 98.60 0 0.308456 358.56 906.88 78.05 95.89 0 0.303244 1441.52 978.81 34.78 31.51 3 0.291950 463.53 129.19 48.78 56.75 0 0.290670 210.60 1013.51 76.97 65.49 0 0.281778 1037.96 752.98 101.52 103.55 0 0.269882 413.32 877.96 69.67 92.04 0 0.269324 226.06 1001.21 84.74 75.96 0 0.268803 1130.66 702.64 84.84 96.84 0 0.267801 383.89 893.40 82.51 107.34 0 0.266342 766.77 619.92 89.61 98.95 0
539,0.752087 1160.66 386.45 174.18 110.81 0 0.522961 536.78 517.59 158.21 146.73 0 0.516031 1516.86 320.15 137.34 81.39 0 0.374116 689.84 583.56 114.54 128.61 0 0.345141 1532.83 311.88 137.56 77.64 0 0.335168 797.94 575.09 147.16 183.10 0 0.300556 1362.91 372.41 65.73 67.05 0 0.280433 1887.01 477.91 32.55 60.92 0 0.255675 703.13 449.51 25.59 40.13 2
540,0.359958 1464.62 712.76 25.89 25.18 1 0.286413 1272.19 555.26 66.23 27.67 1 0.266361 1037.90 447.93 17.03 16.11 0
541,0.707305 395.72 528.58 72.29 31.89 0 0.641274 1107.18 560.85 74.48 30.54 0 0.635738 1013.53 559.21 70.74 30.21 0 0.621157 1193.25 562.95 69.80 29.26 0 0.616969 570.15 539.33 69.60 31.21 0 0.603219 925.92 552.38 69.07 32.68 0 0.528390 655.96 543.20 80.86 31.59 0 0.510287 759.52 547.15 64.92 28.99 0 0.503770 930.76 548.86 64.19 29.82 0 0.495451 838.87 550.99 65.11 30.64 0 0.431737 206.36 518.84 93.80 38.86 0 0.336906 1037.06 328.06 21.72 23.35 0 0.305689 822.37 493.10 44.89 23.44 0
542,0.723677 625.45 75.04 22.44 30.82 0 0.720534 471.07 982.32 184.14 64.00 1 0.644743 242.03 341.30 24.51 44.01 0 0.627811 444.73 371.50 50.01 24.85 0 0.597715 863.14 153.24 22.88 44.14 0 0.582258 814.65 163.36 25.94 43.66 0 0.539639 133.35 341.26 31.01 51.20 0 0.530044 655.75 156.42 27.34 42.73 0 0.526793 271.08 339.31 25.61 45.53 0 0.518777 434.99 310.31 39.71 31.70 0 0.511586 176.08 338.29 28.12 49.83 0 0.489640 980.11 294.16 26.26 52.69 0 0.480437 820.73 232.44 54.30 27.22 0 0.475697 839.27 161.86 21.88 40.78 0 0.429867 689.50 160.55 23.31 43.49 0 0.383566 886.89 160.12 19.31 39.02 0 0.382075 660.80 154.83 26.43 44.45 0 0.364701 567.16 65.60 40.92 16.79 0 0.330185 1084.15 177.81 44.20 22.68 0 0.324869 909.09 165.27 19.20 34.25 0 0.313767 517.85 62.40 43.06 16.71 0 0.307053 526.66 64.94 47.35 15.32 0 0.305219 365.37 1045.10 60.57 34.90 0 0.296749 592.03 77.92 27.16 24.80 0 0.265679 958.22 164.32 18.31 33.47 0 0.259336 938.67 168.71 16.91 30.74 0 0.254032 337.00 7.23 56.84 26.90 1
543,0.368012 1078.56 442.87 35.10 21.35 0 0.358715 574.51 923.10 34.77 36.41 0 0.349955 564.67 936.17 37.73 35.75 0
544,0.720713 528.79 589.34 64.70 58.63 1 0.518444 68.60 640.89 28.65 22.48 0 0.513423 122.34 652.53 23.04 24.13 0 0.492972 242.35 690.45 21.98 27.23 0 0.422669 697.33 633.73 21.75 19.55 0 0.417924 97.40 649.25 25.77 25.17 0 0.346200 96.68 646.31 23.66 23.95 0 0.302673 654.62 584.70 19.92 19.81 0 0.268746 1771.74 521.87 42.49 24.04 0 0.255698 286.94 659.76 20.77 19.19 0
545,0.719491 1245.32 747.44 25.18 55.62 0 0.701364 1261.44 969.50 54.00 26.36 0 0.668211 387.21 780.83 28.33 55.14 0 0.664267 1179.58 743.64 25.67 56.14 0 0.658707 459.20 463.41 26.60 53.21 0 0.639817 527.99 461.82 27.45 56.71 0 0.637744 1273.31 864.86 25.09 56.71 0 0.636886 778.68 1021.57 49.30 27.31 0 0.633546 356.86 785.57 28.14 55.48 0 0.631041 1322.61 743.81 23.37 54.83 0 0.629035 478.80 592.43 26.27 56.38 0 0.613878 870.06 762.53 25.21 56.87 0 0.613728 1175.88 667.10 24.99 54.07 0 0.597381 780.70 993.29 47.77 26.05 0 0.587381 1149.29 745.63 24.85 58.32 0 0.587283 398.29 467.68 28.14 53.15 0 0.585763 1208.71 863.26 23.09 51.58 0 0.582474 990.98 667.58 24.79 54.62 0 0.581587 1071.68 349.45 48.09 51.29 0 0.581437 1088.06 748.67 27.16 59.73 0 0.573562 1111.67 668.56 26.54 56.82 0 0.573185 1277.54 664.67 25.06 58.77 0 0.572183 1242.24 861.58 26.50 55.83 0 0.565548 1243.27 668.22 24.95 54.80 0 0.558255 1052.06 668.47 26.41 57.98 0 0.557464 909.73 299.65 30.31 60.10 0 0.551724 919.52 371.95 44.40 52.49 0 0.544780 1121.84 873.47 52.77 24.60 0 0.537569 762.62 951.32 48.21 25.66 0 0.529751 317.17 782.40 30.06 59.39 0 0.519299 956.17 672.80 21.83 55.04 0 0.519278 1283.56 1008.98 53.19 28.16 0 0.501161 1208.69 664.26 25.38 58.26 0 0.481580 1053.88 751.62 25.45 55.52 0 0.477084 341.42 340.83 27.06 60.44 0 0.474537 1286.58 744.24 25.06 54.77 0 0.470443 438.67 592.52 26.15 53.50 0 0.460833 614.70 580.86 29.75 59.65 0 0.455065 1052.36 866.48 52.47 25.77 0 0.455015 889.51 677.01 24.86 55.38 0 0.451811 494.69 464.73 24.75 52.18 0 0.435636 421.24 782.99 29.70 51.32 0 0.426762 1017.65 669.41 25.90 54.46 0 0.407642 1143.96 666.14 26.42 60.30 0 0.401841 1019.93 752.95 26.66 58.48 0 0.400844 921.50 673.64 23.69 54.44 0 0.349059 1212.69 744.95 26.62 58.68 0 0.337090 773.10 1024.15 50.08 27.23 0 0.333550 789.24 993.53 49.88 23.66 0 0.306620 833.09 779.30 24.27 44.45 0 0.300568 1058.38 294.53 41.87 39.84 0 0.295257 808.51 483.23 27.05 62.43 0 0.252064 413.69 784.95 26.67 50.66 0
546,0.730993 735.68 213.82 81.58 36.68 1 0.729624 718.47 921.91 56.55 30.94 0 0.712297 915.47 439.32 57.20 29.24 0 0.693301 918.20 538.46 54.53 30.86 0 0.688351 774.61 584.81 54.88 29.93 0 0.685033 914.10 469.94 57.80 30.09 0 0.673147 686.11 630.84 52.89 26.93 0 0.664724 937.15 799.59 57.15 29.20 0 0.658534 1039.40 917.76 54.68 29.20 0 0.652807 679.70 533.55 52.89 27.05 0 0.651912 930.58 702.91 57.51 28.84 0 0.643802 692.75 564.46 55.78 29.97 0 0.639470 784.21 848.26 61.58 33.57 0 0.637869 923.94 605.23 55.24 26.26 0 0.637406 797.60 944.80 58.60 29.52 0 0.626275 775.15 682.81 55.78 32.23 0 0.618767 755.88 490.28 50.19 27.97 0 0.618376 934.81 733.89 58.57 30.34 0 0.617540 1030.62 949.99 58.27 30.13 0 0.616172 686.64 662.52 56.55 28.21 0 0.612590 702.53 759.55 59.68 30.35 0 0.609324 700.44 795.57 57.10 29.38 0 0.607714 917.58 504.86 55.11 27.28 0 0.607525 677.13 465.06 57.50 30.62 0 0.604581 742.71 421.61 57.23 30.53 0 0.599729 725.23 1017.71 58.15 32.52 0 0.596734 675.49 496.66 55.68 29.39 0 0.595531 707.09 703.96 50.31 27.13 0 0.593477 697.96 822.14 59.24 32.72 0 0.592831 952.83 894.87 56.84 31.02 0 0.588882 1230.11 370.16 51.35 26.07 0 0.588496 1146.26 415.11 47.93 27.82 0 0.585791 938.74 828.72 57.90 30.46 0 0.579859 776.36 653.20 52.98 29.01 0 0.567822 701.98 730.87 59.42 28.92 0 0.563533 1035.38 988.72 58.75 27.99 0 0.563359 781.06 780.04 62.24 31.11 0 0.562365 959.09 992.52 55.27 31.53 0 0.543286 930.68 665.97 60.29 29.07 0 0.543084 804.21 1011.43 55.51 27.70 0 0.537836 957.98 963.95 55.15 29.98 0 0.535916 951.40 928.46 58.15 30.51 0 0.528956 936.39 768.22 59.30 29.30 0 0.510140 946.68 862.66 59.20 29.90 0 0.509385 1139.35 376.06 54.49 30.49 0 0.507857 770.32 616.01 61.35 30.21 0 0.488899 722.01 954.35 59.38 29.36 0 0.485563 784.69 881.99 63.91 32.11 0 0.481379 780.05 815.44 57.94 29.60 0 0.464150 1.38 915.77 18.33 41.98 0 0.460986 782.51 748.70 59.74 29.78 0 0.459106 689.78 597.37 58.08 27.81 0 0.450889 795.05 919.96 56.34 27.16 0 0.450611 781.28 722.06 57.57 31.96 0 0.449383 801.76 975.32 60.27 30.24 0 0.448347 25.22 910.79 23.57 39.74 0 0.445894 922.58 571.35 57.17 28.38 0 0.444425 1156.47 473.77 55.76 31.15 0 0.441249 927.98 672.18 61.61 29.31 0 0.412332 751.21 521.68 57.97 30.96 0 0.405319 1150.64 412.96 52.14 29.00 0 0.400448 1348.37 850.04 47.05 23.36 0 0.382246 748.59 454.36 57.01 28.93 0 0.381328 755.10 452.56 59.80 28.60 0 0.365627 706.74 728.89 55.76 25.54 0 0.343218 1150.90 477.38 56.25 30.85 0 0.331419 696.92 698.34 56.97 27.68 0 0.328349 776.02 710.03 55.70 31.53 0 0.323212 938.99 762.21 58.75 30.44 0 0.296897 770.72 626.43 57.28 31.55 0 0.289109 779.88 807.62 57.39 32.40 0 0.279103 769.33 622.64 55.01 29.06 0 0.273759 754.23 525.81 59.98 30.94 0 0.259494 1030.18 960.02 59.31 31.12 0 0.257075 954.98 939.13 56.27 30.78 0 0.254301 702.09 689.76 54.23 27.13 0 0.252696 603.61 856.79 20.83 14.34 3
547,0.570051 575.69 719.49 19.42 34.00 0 0.554480 763.19 584.20 44.01 40.66 1 0.548574 293.56 685.96 22.42 27.76 0 0.542563 262.99 676.41 23.61 28.00 0 0.538106 940.06 609.98 18.99 25.91 0 0.515766 988.51 619.84 18.06 23.43 0 0.497170 330.88 687.29 22.53 25.34 0 0.404839 314.34 686.78 20.26 27.44 0 0.369170 815.24 556.05 21.02 27.55 0 0.359107 195.61 707.21 29.07 20.79 0 0.326197 921.32 608.30 18.39 26.89 0 0.310191 503.99 723.61 19.38 25.89 0 0.305017 499.76 712.10 20.55 24.56 0 0.294500 308.40 733.31 29.65 23.25 0 0.269974 846.99 560.75 16.42 24.62 0 0.259843 812.96 548.83 22.95 27.71 0 0.257876 527.70 726.29 18.19 26.62 0
548,0.723130 790.94 268.83 26.91 63.71 0 0.694720 981.22 382.22 25.63 54.89 0 0.683241 1027.79 258.70 25.52 55.13 0 0.666422 974.30 485.68 54.43 25.64 0 0.647595 602.01 610.97 25.46 55.51 0 0.640208 218.10 0.00 29.31 50.31 0 0.637239 170.21 128.44 29.24 58.04 0 0.635710 88.67 3.55 32.20 59.95 0 0.634674 916.54 260.82 25.60 60.18 0 0.629663 991.26 258.49 25.01 60.97 0 0.628941 555.92 619.29 24.01 49.50 0 0.628618 670.56 610.01 26.07 54.00 0 0.628589 811.03 624.64 26.82 58.18 0 0.621509 571.86 290.45 27.52 57.47 0 0.618922 980.77 180.96 24.77 57.47 0 0.616422 690.69 190.40 25.14 53.85 0 0.613275 478.50 611.58 28.56 57.28 0 0.604210 885.98 263.28 24.47 60.62 0 0.602555 14.46 330.13 33.30 55.96 0 0.587419 149.58 0.00 29.54 55.21 0 0.583188 621.62 196.78 25.25 59.31 0 0.579883 722.06 277.00 25.92 57.88 0 0.577885 878.81 183.26 25.94 59.36 0 0.566261 757.18 387.54 57.75 25.36 0 0.565339 846.00 183.16 25.37 60.42 0 0.564938 310.06 112.24 31.09 56.35 0 0.564449 82.92 318.73 32.40 59.01 0 0.560510 183.51 0.63 29.71 53.11 0 0.554551 915.97 381.25 24.47 53.68 0 0.553671 717.43 193.70 25.64 53.89 0 0.549236 948.59 378.67 27.58 55.82 0 0.547884 497.28 8.11 31.08 65.89 0 0.545130 518.72 621.38 25.42 51.30 0 0.526688 483.75 517.90 59.82 28.56 0 0.521114 912.73 177.97 23.76 67.40 0 0.520206 747.61 613.54 26.62 53.36 0 0.516220 815.56 185.96 25.74 59.79 0 0.515935 655.51 192.16 25.91 56.21 0 0.500218 56.47 322.36 29.15 59.17 0 0.490268 470.08 696.50 56.85 30.59 0 0.488622 132.79 130.78 31.36 54.05 0 0.483747 751.85 190.42 26.69 59.52 0 0.479050 756.27 269.87 28.09 61.99 0 0.477975 944.33 181.13 26.46 60.53 0 0.473190 485.95 555.74 55.65 26.21 0 0.466217 535.51 297.20 26.66 53.98 0 0.448040 472.27 482.05 53.80 26.94 0 0.438910 853.33 629.84 26.38 55.89 0 0.427025 781.21 605.34 25.48 60.99 0 0.418525 770.62 66.98 25.62 60.64 1 0.404568 588.36 201.79 28.50 58.35 0 0.386863 991.76 526.01 63.19 29.06 0 0.385367 949.48 263.28 25.80 59.41 0 0.379148 466.53 690.88 54.11 32.20 0 0.371764 853.11 265.79 26.51 59.44 0 0.297547 62.92 321.45 38.99 56.79 0
549,0.763240 647.84 601.71 63.97 62.25 1 0.512704 185.17 658.64 26.43 22.87 0 0.455697 218.70 667.87 22.99 24.23 0 0.442741 768.74 592.16 18.75 19.97 0 0.422107 242.77 667.98 22.69 24.10 0 0.373987 719.97 590.88 25.16 22.39 0 0.363911 871.18 654.08 20.52 22.33 0 0.349093 411.06 677.62 26.73 22.30 0 0.302823 375.81 712.41 26.30 21.40 0 0.299947 246.57 594.49 24.80 16.20 0 0.278188 816.02 642.15 21.11 23.84 0 0.278111 241.78 670.95 22.48 26.81 0
550,0.664931 194.63 299.14 24.96 45.06 0 0.651429 264.33 352.77 21.52 39.92 0 0.629887 259.76 170.58 20.25 35.79 0 0.615000 31.61 173.08 21.85 36.44 0 0.591442 77.38 173.67 21.77 35.09 0 0.583254 140.80 91.21 19.86 36.95 0 0.582540 3.77 169.27 21.22 38.26 0 0.572428 114.68 171.43 21.60 38.30 0 0.566044 166.11 91.81 20.31 37.33 0 0.555638 248.80 301.66 22.27 39.20 0 0.550177 218.56 53.58 20.35 33.12 0 0.547594 147.29 54.60 20.55 33.69 0 0.542190 1.40 93.70 18.19 36.16 0 0.541872 212.40 91.58 21.37 37.97 0 0.539200 243.91 51.65 19.16 35.21 0 0.539006 45.07 93.09 20.35 35.71 0 0.531783 56.39 174.98 21.80 34.31 0 0.529933 102.71 60.07 21.66 31.88 0 0.528533 92.79 92.50 20.78 38.05 0 0.526420 175.01 53.52 18.88 32.92 0 0.521382 211.62 168.19 18.89 37.04 0 0.520158 189.39 92.23 20.50 37.88 0 0.505520 235.51 168.57 19.45 37.90 0 0.499254 313.02 50.04 19.54 31.90 0 0.498581 829.96 889.96 28.75 59.93 0 0.488204 283.88 85.70 19.25 35.28 0 0.485980 115.87 92.95 20.39 36.15 0 0.482822 22.67 93.78 19.76 35.50 0 0.475883 195.37 53.72 17.44 32.81 0 0.459132 187.27 168.10 20.46 37.46 0 0.446433 271.88 298.34 23.18 41.81 0 0.442917 260.00 86.23 19.76 35.74 0 0.427653 90.46 173.19 21.69 36.21 0 0.420815 67.61 92.41 22.03 36.92 0 0.411919 268.81 49.06 17.47 32.29 0 0.411725 114.73 59.13 21.45 32.07 0 0.399457 162.69 168.88 20.85 39.92 0 0.396349 329.49 85.83 22.76 34.57 0 0.395145 74.49 58.35 19.92 30.07 0 0.350329 0.14 54.69 15.90 37.52 0 0.348480 280.72 171.29 22.17 33.81 0 0.335860 894.11 397.69 15.66 30.46 0 0.334931 306.87 86.90 21.66 35.02 0 0.299844 850.52 245.56 21.62 42.09 0 0.294841 292.12 48.41 16.86 31.60 0 0.254886 471.53 78.38 24.77 42.27 1
