Image_ID,PredictionString
1,0.770042 597.17 391.40 78.40 141.70 1 0.685890 361.88 169.17 22.69 35.79 2 0.673154 993.31 336.99 99.68 124.68 0 0.657853 1668.05 138.97 93.01 66.35 0 0.650032 686.10 381.05 87.85 139.10 0 0.642200 869.07 250.36 84.05 114.05 0 0.640608 916.31 91.19 65.14 86.30 0 0.638453 338.31 488.45 42.57 51.44 2 0.636460 767.83 373.91 82.20 125.61 0 0.635549 655.59 293.39 77.52 86.92 0 0.634874 1263.09 196.18 99.06 76.39 0 0.620897 847.67 99.81 75.73 92.61 0 0.620553 650.28 649.36 85.57 163.45 0 0.618691 529.46 153.64 66.46 99.71 0 0.618562 1267.05 282.91 107.19 122.61 0 0.615825 441.14 457.14 24.21 45.06 2 0.615035 1489.48 473.46 160.04 132.76 1 0.614542 597.73 156.12 64.75 92.93 0 0.611053 1258.23 38.48 85.86 77.68 0 0.610617 892.09 789.25 107.99 197.28 0 0.610090 1187.61 39.38 86.85 86.84 0 0.606138 1019.61 79.83 73.34 69.33 0 0.601943 1148.97 216.91 80.59 87.65 0 0.601808 1462.23 179.64 94.76 87.68 0 0.598797 1031.01 38.80 25.12 37.57 3 0.597077 1487.82 476.93 117.99 128.03 1 0.595031 518.54 366.41 37.99 45.32 2 0.594870 777.62 788.36 116.29 192.60 1 0.594548 1.36 25.21 80.28 50.37 0 0.591318 1539.74 627.58 106.47 160.05 0 0.588424 1743.46 203.99 116.48 92.24 0 0.584266 955.25 252.30 75.13 93.67 0 0.581690 1384.14 184.24 104.12 89.38 0 0.580335 100.99 7.68 125.24 55.73 0 0.579636 487.28 95.09 121.99 63.12 0 0.573529 231.93 360.16 32.56 40.01 2 0.570655 1659.88 602.16 149.80 160.68 0 0.562320 1074.00 52.77 78.29 88.90 0 0.558402 1071.83 229.33 88.60 102.46 0 0.558304 744.40 90.58 25.31 40.93 3 0.554844 1074.47 27.10 30.82 39.54 3 0.549580 1079.64 718.21 113.53 199.55 0 0.546668 1435.16 647.11 132.71 169.25 0 0.538506 1192.18 699.16 110.39 192.18 0 0.537725 1848.81 308.31 71.19 90.45 0 0.534031 1269.15 688.35 123.82 185.44 0 0.526339 1356.41 669.96 110.12 173.52 0 0.524286 910.76 792.81 103.78 182.75 0 0.521901 771.25 85.18 24.74 39.07 3 0.514466 720.88 88.24 24.57 39.97 3 0.505039 1142.92 23.76 28.39 36.18 3 0.502845 1375.99 675.99 102.10 157.66 0 0.492130 692.49 99.00 26.50 40.37 3 0.491340 278.79 504.00 36.27 48.65 2 0.488488 809.58 79.05 26.87 35.66 3 0.487186 1533.24 476.62 162.48 116.95 0 0.475939 218.10 408.93 70.26 43.64 3 0.469925 1613.29 632.83 119.03 142.31 0 0.463182 999.20 47.23 23.65 36.91 3 0.451467 1513.40 108.51 36.91 32.59 3 0.451301 574.48 308.90 22.35 38.13 2 0.443680 41.20 511.00 68.61 44.73 3 0.439925 457.37 164.40 58.52 88.12 0 0.438934 233.39 350.71 31.50 41.48 2 0.438870 23.38 556.61 74.85 45.55 3 0.437347 789.02 81.19 24.04 37.64 3 0.435494 906.70 678.83 46.89 54.45 3 0.429279 834.79 74.28 24.48 33.48 3 0.423960 1023.83 45.24 27.02 38.49 3 0.410642 1123.49 26.04 34.94 34.48 3 0.406528 1043.71 33.88 30.93 36.54 3 0.406000 18.44 563.84 70.84 47.48 3 0.401954 795.72 803.43 112.88 197.03 1 0.395071 280.19 543.09 159.76 249.93 1 0.393848 865.69 65.35 29.73 34.50 3 0.380993 1099.66 26.55 40.11 38.04 3 0.380844 534.76 515.49 30.86 54.59 2 0.380476 221.26 455.85 48.25 56.36 2 0.376726 570.63 312.85 26.02 41.92 2 0.375636 504.92 293.74 19.71 34.26 2 0.368805 1517.94 105.48 36.48 32.53 3 0.366002 876.17 63.47 29.73 34.40 3 0.365551 1460.10 0.00 20.75 23.12 3 0.364199 1288.91 715.86 101.81 155.54 0 0.355800 1103.46 737.00 98.34 167.81 0 0.355419 539.65 520.72 34.89 51.62 2 0.349929 519.46 369.26 40.42 48.19 3 0.346848 494.56 623.28 32.26 46.78 2 0.346228 783.73 85.48 25.41 41.01 3 0.345707 1630.94 593.64 138.16 171.21 0 0.340761 260.97 518.45 207.16 257.30 1 0.339414 328.74 491.27 45.09 50.33 2 0.337316 1127.59 19.47 31.71 38.16 3 0.326677 30.85 548.04 72.07 42.21 3 0.311572 1551.73 468.43 136.69 101.69 0 0.306902 0.57 16.66 85.61 50.93 0 0.301994 1868.29 646.98 51.71 37.29 0 0.301520 550.17 59.38 30.15 31.87 3 0.299877 92.97 368.49 40.27 49.28 2 0.297121 871.41 69.83 35.39 34.00 3 0.294652 598.30 331.07 35.07 47.58 3 0.291719 1648.48 243.06 22.23 36.46 2 0.290417 1063.37 224.38 88.99 91.98 0 0.284492 1680.85 628.30 163.33 127.76 0 0.278391 93.12 373.84 42.82 46.46 3 0.272060 1417.74 183.35 122.49 88.82 0 0.268065 0.00 5.35 74.09 58.27 0 0.266316 595.79 350.13 40.26 45.30 3 0.263815 38.73 521.11 70.07 44.83 3 0.258152 435.09 314.19 39.10 47.80 2 0.255867 1492.32 622.17 132.03 179.42 0 0.252183 1648.95 587.62 147.44 153.27 0
2,0.750045 809.11 183.28 34.06 56.59 1 0.674712 604.17 566.77 31.34 48.62 0 0.652583 1490.13 569.40 36.83 45.46 0 0.643962 1442.78 338.76 30.37 34.81 0 0.637206 1078.85 729.49 88.17 36.49 1 0.635115 548.60 286.94 30.49 44.40 0 0.632770 766.08 305.17 27.19 43.23 0 0.627476 541.65 564.29 28.99 51.61 0 0.617719 1778.46 106.63 25.09 23.56 0 0.610634 763.83 190.83 27.51 42.47 0 0.608099 533.31 672.81 31.74 55.47 0 0.600963 1340.95 549.69 29.85 44.44 0 0.600772 356.41 560.32 30.20 51.63 0 0.598592 325.01 559.46 29.37 50.57 0 0.598161 695.32 670.36 31.96 55.46 0 0.597386 762.15 670.69 34.84 52.55 0 0.595269 521.92 512.54 31.66 45.22 0 0.591620 1772.73 897.21 67.07 31.31 0 0.587071 268.88 392.17 39.97 44.97 0 0.584563 1458.92 418.14 32.18 32.68 0 0.582597 1317.87 378.71 26.55 43.99 0 0.576092 499.28 673.35 30.43 55.57 0 0.575968 1651.04 488.79 32.83 40.31 0 0.567765 1431.99 293.48 28.22 34.64 0 0.554881 518.72 416.61 34.58 44.23 0 0.554316 1679.74 773.07 74.89 31.09 0 0.553977 1409.02 200.14 33.23 32.46 1 0.549915 746.55 413.03 35.02 60.31 1 0.548195 332.48 258.84 32.98 42.02 0 0.545577 329.88 677.98 33.37 52.28 0 0.544589 975.29 188.63 46.81 25.51 0 0.541231 603.13 293.63 27.04 40.98 0 0.537977 469.25 674.27 30.68 55.18 0 0.537364 602.21 427.13 29.66 46.23 0 0.537093 711.89 297.49 26.36 42.68 0 0.536611 676.79 517.32 25.94 46.58 0 0.536292 813.04 136.93 23.95 22.19 0 0.535947 1395.47 106.21 22.33 29.11 0 0.533479 1726.68 32.17 30.35 22.63 0 0.532217 752.13 381.09 33.08 41.96 1 0.530803 1635.92 917.34 66.86 59.09 0 0.527017 662.40 189.23 27.31 42.21 0 0.526904 1572.58 951.76 42.24 56.28 0 0.526662 1469.11 474.65 31.74 43.66 0 0.523910 615.91 516.76 27.83 41.81 0 0.522926 641.37 380.12 25.70 39.64 0 0.522746 218.54 505.88 35.22 46.65 0 0.519348 662.20 671.64 30.00 54.59 0 0.519009 1773.29 33.57 29.59 21.26 0 0.517708 357.70 209.54 29.64 41.28 0 0.516230 668.77 378.35 26.14 42.91 0 0.514391 632.36 671.31 29.01 49.88 0 0.513053 1407.88 174.80 32.12 29.28 1 0.509955 617.15 187.13 27.23 41.14 0 0.499750 1081.87 201.12 46.38 19.14 0 0.498455 501.07 372.31 25.50 37.09 0 0.494957 1140.69 200.89 43.03 21.17 0 0.492377 1468.86 469.67 32.73 38.34 0 0.492337 370.56 678.18 35.44 52.13 0 0.491351 627.82 423.56 30.47 48.80 0 0.488120 580.86 378.80 30.45 41.54 0 0.485982 1481.75 521.65 31.97 38.14 0 0.484358 1707.72 31.15 26.48 21.72 0 0.484265 1650.14 8.45 30.47 19.81 0 0.482224 244.01 447.46 33.08 48.75 0 0.480767 494.06 291.21 26.78 41.89 0 0.479556 511.67 561.43 32.30 52.82 0 0.477813 609.29 188.56 27.81 39.75 0 0.477759 314.78 308.37 29.91 40.73 0 0.475623 733.55 517.12 30.93 49.88 0 0.475172 195.42 558.06 33.52 42.70 0 0.475076 366.41 677.85 33.46 56.36 0 0.473214 1626.32 83.73 22.86 25.18 0 0.472594 632.13 298.07 27.23 42.65 0 0.470334 265.47 395.26 39.21 47.49 0 0.459791 248.60 445.15 33.73 48.35 0 0.459326 1625.28 202.01 39.42 21.05 0 0.458481 410.10 736.50 16.74 27.45 3 0.453518 1421.76 100.77 28.07 28.18 0 0.446178 696.62 379.66 24.72 37.93 0 0.443916 713.36 302.20 29.35 42.73 0 0.442782 984.24 731.19 73.79 35.60 0 0.441448 648.32 519.87 23.10 42.97 0 0.436457 528.63 371.43 29.74 40.79 0 0.436040 297.33 346.75 33.61 38.12 0 0.435055 582.67 372.48 30.07 41.06 0 0.432962 1697.88 6.60 29.67 21.21 0 0.432752 724.74 380.04 27.13 42.60 0 0.427681 1747.49 898.78 67.54 32.70 0 0.427148 1745.15 32.45 28.40 21.85 0 0.424396 421.42 433.31 36.52 34.25 0 0.422944 1807.57 106.29 25.88 25.20 0 0.420156 1582.64 83.49 23.76 23.65 0 0.418404 1722.66 101.00 27.16 21.51 0 0.414199 1851.99 442.75 36.68 25.34 0 0.413396 1653.29 30.56 26.78 21.82 0 0.411821 1790.39 35.99 34.34 21.30 0 0.402316 1397.36 14.91 30.93 20.36 0 0.401027 692.78 423.37 30.48 48.09 0 0.399861 681.33 291.97 27.74 46.12 0 0.399644 1856.45 440.08 36.09 25.29 0 0.399591 562.09 186.16 26.71 38.23 0 0.398692 1467.53 293.50 32.55 36.90 0 0.394273 1719.72 135.66 28.05 19.58 0 0.384823 1459.83 430.60 31.44 31.48 0 0.384189 485.95 179.33 29.23 46.38 0 0.382033 1388.02 43.25 25.39 19.38 0 0.379877 1673.88 90.36 20.84 24.47 0 0.378698 1605.68 86.04 22.76 23.83 0 0.373084 1334.86 483.23 29.64 52.26 0 0.369157 1337.91 491.94 29.10 48.70 0 0.368010 1442.34 330.74 29.20 35.57 0 0.366618 566.82 185.12 24.89 35.35 0 0.359495 1462.18 281.82 34.19 37.88 0 0.350057 1555.09 0.00 29.73 18.27 0 0.340291 1837.84 108.54 26.39 22.84 0 0.339739 385.31 732.15 23.57 31.98 3 0.335765 1473.84 475.67 31.13 39.84 0 0.329767 1162.73 202.09 45.69 21.76 0 0.326642 547.32 295.19 31.57 43.97 0 0.324950 707.11 515.22 29.36 50.09 0 0.323452 1673.29 1025.45 29.37 19.66 3 0.319015 480.11 731.81 24.10 30.41 3 0.318086 1385.96 66.43 25.58 28.05 0 0.317277 1518.89 0.00 26.72 17.56 0 0.316671 1528.41 1051.13 43.40 28.63 0 0.308250 434.22 736.33 15.52 27.74 3 0.306677 413.93 83.01 27.10 32.91 0 0.305853 607.83 254.51 27.84 35.58 0 0.304694 1451.15 383.02 33.23 32.73 0 0.302839 317.99 302.26 30.67 42.59 0 0.301519 1386.94 74.41 24.23 26.07 0 0.299762 1463.78 250.52 30.50 29.55 0 0.292709 1888.39 398.14 31.61 22.26 0 0.288831 1651.65 88.17 20.12 24.54 0 0.285809 1453.12 379.75 34.28 32.08 0 0.284858 629.57 732.73 21.03 27.55 3 0.283614 611.66 257.28 28.71 37.15 0 0.282290 1598.39 0.00 34.17 18.33 0 0.272426 1700.54 93.26 20.32 24.54 0 0.269375 1482.66 0.00 25.02 18.36 0 0.268883 1754.22 779.97 40.41 25.93 0 0.265801 1740.01 8.51 29.83 19.69 0 0.263813 1699.84 97.10 21.81 24.50 0 0.263692 460.92 418.42 30.98 41.88 0 0.263603 288.47 358.17 36.60 36.64 0 0.253528 633.03 422.68 29.87 48.59 0 0.250986 468.31 291.07 29.12 37.84 0 0.250750 556.56 734.56 19.07 26.56 3
3,0.575950 103.29 18.54 51.90 25.61 0 0.498024 169.07 682.70 18.10 16.08 2 0.474907 0.00 192.37 20.73 30.53 0 0.467557 512.89 71.39 33.85 23.11 0 0.454330 154.89 494.55 13.06 16.38 2 0.451865 85.77 465.38 12.79 16.50 2 0.444570 205.99 647.24 16.97 13.95 2 0.388667 50.69 506.10 14.04 17.29 2 0.371009 659.11 642.91 14.49 15.71 2 0.340863 574.65 632.30 11.36 12.19 2 0.337480 1307.40 227.47 31.02 21.06 0 0.327120 526.81 94.18 28.89 23.60 0 0.318129 551.33 667.89 13.73 16.97 2 0.311125 12.43 408.42 14.86 15.67 2 0.305266 183.78 566.52 12.98 14.68 2 0.292548 237.86 492.61 15.27 16.81 2 0.290724 173.31 445.57 13.44 15.86 2 0.267717 1281.62 271.42 28.18 23.81 0 0.257494 466.64 270.12 32.45 24.25 0 0.250405 659.88 636.72 12.11 17.23 2
4,0.705789 916.24 58.38 57.64 28.66 1 0.646217 540.34 271.87 15.94 18.56 2 0.629571 824.42 254.60 12.76 17.55 2 0.613015 1099.22 65.11 26.96 42.55 0 0.585081 559.18 294.19 15.08 21.31 2 0.583224 1001.36 1.30 29.60 35.57 0 0.568162 1069.48 46.94 31.20 44.16 0 0.551033 603.79 296.09 15.53 18.10 2 0.512580 890.12 338.66 17.43 18.80 2 0.467950 826.08 248.08 13.02 18.26 2 0.461171 675.87 344.22 12.92 15.51 2 0.447514 755.43 355.99 14.81 17.57 2 0.441648 840.63 378.24 14.67 15.02 2 0.434907 928.76 307.10 14.26 17.06 2 0.421730 492.11 275.88 18.10 26.49 2 0.419776 707.41 375.72 14.67 17.23 2 0.413343 988.99 110.89 13.39 13.77 3 0.391942 635.26 447.38 13.76 18.60 2 0.386844 652.23 576.29 18.10 18.30 2 0.371442 254.48 240.21 57.91 38.40 1 0.359390 431.12 665.36 17.78 22.64 2 0.352441 808.03 329.39 13.71 15.48 2 0.342796 906.84 191.69 16.58 18.48 2 0.339986 620.11 270.33 13.03 18.67 2 0.323600 914.50 62.83 54.35 29.53 1 0.303289 775.21 668.92 18.90 19.37 2 0.301603 722.64 323.75 12.60 16.50 2 0.300706 658.81 510.93 17.34 19.43 2 0.296727 552.95 590.95 15.69 16.99 2 0.295658 751.93 626.06 15.31 16.84 2 0.295330 538.95 426.96 13.36 15.79 2 0.290710 634.90 544.75 24.99 19.39 2 0.284736 234.56 687.78 17.65 20.38 2 0.281348 640.19 479.11 16.01 17.16 2 0.277215 755.15 348.33 15.53 19.81 2 0.274312 672.65 398.28 15.61 17.81 2 0.272917 551.55 530.21 13.99 17.19 2 0.269252 784.95 649.52 18.38 18.27 2 0.268047 937.91 180.76 13.66 17.30 2 0.266183 772.51 674.46 18.67 18.73 2 0.266092 619.83 264.60 14.50 19.71 2 0.258708 255.38 556.83 21.54 23.85 2 0.257887 489.72 279.69 18.90 25.76 2 0.257699 258.68 558.10 20.27 24.59 2 0.252797 1310.74 0.00 29.14 15.34 0 0.250887 1001.61 0.00 27.87 29.86 0
5,0.772722 1102.83 369.35 33.23 51.34 1 0.712406 115.34 192.40 15.62 18.11 2 0.616674 1120.80 240.34 25.78 32.16 0 0.601538 570.96 647.09 61.70 33.43 0 0.593021 1083.83 528.32 28.51 49.36 0 0.563277 735.38 119.18 43.57 36.31 1 0.520192 830.58 226.90 33.30 22.32 0 0.499831 1111.68 324.85 23.67 38.55 0 0.486032 1065.82 676.41 33.85 41.69 0 0.473733 1115.17 283.80 24.17 30.62 0 0.465108 365.90 1.41 16.02 29.87 2 0.443245 543.39 631.76 12.12 14.94 2 0.438777 834.85 199.43 39.33 20.05 0 0.428165 404.67 79.10 11.46 16.25 2 0.414329 870.51 36.62 35.73 18.73 0 0.398718 1237.09 557.51 34.72 67.35 1 0.397847 833.91 204.40 38.47 23.06 0 0.390635 67.61 110.92 18.38 14.84 2 0.386007 1251.14 392.09 69.57 41.92 1 0.382580 1126.77 185.98 24.28 35.22 0 0.358994 1233.60 560.53 39.85 101.79 1 0.315518 356.62 42.26 14.70 20.42 2 0.286512 940.28 80.65 14.63 10.65 3 0.266269 554.29 143.70 12.12 10.72 2 0.263817 943.22 94.69 12.71 9.20 3 0.253299 757.69 246.04 8.64 15.15 2 0.250712 425.20 25.38 17.01 17.05 2
6,0.771077 1102.54 361.83 32.21 55.90 1 0.607783 114.07 189.10 16.53 18.30 2 0.578043 567.53 638.68 63.08 34.06 0 0.575669 1124.83 183.12 23.67 33.38 0 0.563835 832.77 195.97 40.58 21.56 0 0.554254 1105.85 320.41 27.90 35.49 0 0.552655 830.11 223.16 34.04 21.25 0 0.547951 1118.52 238.11 26.01 31.78 0 0.513221 1081.54 524.93 29.58 46.38 0 0.506900 1063.82 669.87 36.45 50.13 0 0.498882 735.27 116.63 43.99 35.20 1 0.468074 1248.76 388.20 67.02 39.53 1 0.443128 1236.01 552.12 36.72 72.90 1 0.419526 1232.01 547.42 38.95 102.59 1 0.408657 734.08 113.09 36.77 27.39 1 0.408297 425.26 24.49 15.52 16.83 2 0.402326 1112.53 278.13 23.65 34.15 0 0.400377 866.65 30.74 36.59 19.46 0 0.399010 367.37 1.94 13.74 26.79 2 0.384830 78.95 111.14 17.04 15.82 2 0.376444 402.41 24.73 15.43 17.21 2 0.372812 864.94 35.93 38.68 20.90 0 0.362375 403.69 78.88 12.21 14.88 2 0.360929 355.78 41.66 13.82 19.52 2 0.332374 740.61 124.13 35.67 31.63 1 0.324881 391.15 129.06 10.67 13.44 2 0.303748 1243.48 377.72 68.68 46.47 1 0.297157 543.22 630.30 10.87 16.14 2 0.277133 422.60 144.91 9.51 13.29 2
7,0.725862 573.04 987.73 37.85 78.97 3 0.663140 756.18 921.26 37.33 74.62 3 0.649965 1036.06 820.72 43.79 70.54 3 0.649048 832.46 910.39 44.15 67.44 3 0.613973 1158.65 685.94 47.00 34.78 3 0.605786 832.52 574.11 33.63 52.93 3 0.592525 615.29 973.92 39.70 66.79 3 0.584372 592.38 663.75 59.98 32.23 3 0.581809 926.67 948.26 109.56 131.74 0 0.579086 865.97 566.76 30.77 48.89 3 0.577481 724.56 691.70 52.70 35.23 3 0.577285 1414.04 769.72 152.12 136.45 0 0.575015 1526.63 510.69 36.37 36.33 3 0.563104 1175.53 850.06 129.94 163.46 0 0.561515 155.78 835.04 181.43 89.76 0 0.544795 1003.69 532.52 38.30 42.93 3 0.544092 1673.75 389.88 34.95 29.63 3 0.543934 776.44 590.04 33.52 50.21 3 0.527188 1093.34 893.17 122.55 138.71 0 0.522005 881.66 561.46 33.65 51.87 3 0.521180 1099.95 802.74 44.44 71.77 3 0.514767 651.05 966.26 38.28 73.57 3 0.503048 1142.64 786.38 41.03 64.82 3 0.499036 796.09 916.13 39.43 69.24 3 0.497589 1630.64 395.91 31.16 31.67 3 0.494896 1131.99 469.77 97.13 68.52 1 0.493090 694.24 946.95 44.01 80.45 3 0.488112 488.90 695.61 56.42 34.29 3 0.486301 1140.66 599.87 41.53 35.92 3 0.478656 827.54 980.21 99.47 99.79 0 0.475978 1076.69 816.67 36.15 68.09 3 0.467866 1191.50 771.31 40.56 61.89 3 0.465369 694.29 659.39 53.52 35.13 3 0.462867 759.25 602.31 36.07 42.64 3 0.451515 963.48 657.40 31.84 37.39 3 0.451162 704.64 939.00 51.00 85.50 3 0.447921 1216.24 760.15 41.14 64.56 3 0.446897 730.87 684.46 48.23 37.24 3 0.440725 1160.12 777.66 38.48 67.64 3 0.433089 1300.72 476.45 23.77 34.24 2 0.429081 1247.57 749.94 42.73 64.33 3 0.428964 172.38 822.43 176.07 87.76 0 0.426810 1093.97 809.10 46.02 71.70 3 0.413010 910.64 555.08 33.72 51.08 3 0.411713 933.13 545.99 39.17 55.63 3 0.408256 714.05 630.21 45.55 32.79 3 0.405523 489.35 677.43 74.28 43.53 3 0.398644 838.15 902.49 39.14 64.32 3 0.390644 1707.27 375.48 28.51 32.32 3 0.390548 1298.51 481.35 24.39 32.95 2 0.390323 1865.44 386.19 37.51 30.20 3 0.387827 1045.38 531.68 32.05 37.67 3 0.386441 1337.02 792.04 135.27 162.36 0 0.385218 866.06 891.66 36.54 64.25 3 0.383160 1526.67 514.73 38.54 40.47 3 0.381091 1850.05 333.52 63.38 48.02 0 0.372568 1024.55 535.84 39.12 37.51 3 0.367781 1168.94 777.97 41.17 61.45 3 0.364352 737.42 603.67 38.15 41.84 3 0.363095 1225.25 488.26 37.89 28.63 3 0.359048 987.92 534.64 33.61 47.64 3 0.355764 1723.40 371.93 31.25 32.95 3 0.347145 942.25 540.28 34.59 57.83 3 0.342483 837.11 569.64 33.58 53.88 3 0.337892 1002.14 539.33 38.18 43.96 3 0.335248 641.06 965.49 44.32 69.52 3 0.331591 1151.98 783.00 38.26 62.33 3 0.324129 494.87 670.86 82.42 39.55 3 0.322201 1357.35 439.58 34.32 36.16 3 0.313914 1155.72 786.82 41.21 64.66 3 0.308623 1704.18 381.28 32.15 32.88 3 0.300443 1151.41 588.35 30.71 36.39 2 0.289119 501.79 666.33 74.48 34.92 3 0.283551 740.58 594.74 31.52 49.67 3 0.283124 708.88 664.09 59.90 43.05 3 0.279415 722.10 613.79 38.30 38.66 3 0.279287 725.59 621.26 39.79 33.90 3 0.274904 1135.66 469.08 71.47 65.44 1 0.269612 1648.66 391.13 29.56 28.86 3 0.255332 1855.65 324.84 63.28 55.22 0 0.252064 1596.38 396.22 34.54 35.98 3
8,0.764781 1899.15 659.64 19.65 39.00 3 0.762810 511.31 552.24 163.78 83.00 1 0.721571 771.38 915.40 63.18 38.91 3 0.711406 1409.52 689.67 73.33 100.87 0 0.699409 1695.35 693.98 98.62 113.71 0 0.690088 1507.57 889.18 95.87 130.84 0 0.688650 1785.87 697.49 81.24 108.82 0 0.687451 1362.48 860.64 22.85 46.13 2 0.663837 1288.31 603.30 120.13 66.15 0 0.661849 1255.87 665.79 66.10 101.21 0 0.656429 626.22 670.23 26.39 49.32 3 0.655244 799.72 433.16 102.52 41.41 0 0.654923 924.34 440.30 110.11 45.70 0 0.632630 1009.47 569.03 22.29 30.38 2 0.629993 1508.14 646.88 28.03 41.17 3 0.628566 551.79 417.45 88.68 39.84 0 0.628294 1493.87 518.77 119.11 49.91 0 0.620704 671.47 425.29 101.53 41.95 0 0.618677 1572.95 840.74 61.13 46.18 3 0.614894 1782.44 477.00 24.52 40.48 3 0.614848 582.46 671.65 23.61 46.68 3 0.614526 1333.45 675.73 71.86 107.71 0 0.609795 1867.39 657.62 33.80 42.23 3 0.596289 1449.30 470.13 35.96 26.66 3 0.584834 849.17 1015.16 46.84 39.09 3 0.567416 1699.32 652.67 34.24 39.55 3 0.566150 1760.17 479.60 20.82 38.71 3 0.562613 1601.45 648.95 28.90 43.25 3 0.558946 967.16 571.38 18.08 30.70 2 0.555580 1842.96 487.04 31.17 32.13 3 0.553735 1771.36 907.63 126.84 134.49 0 0.548272 1537.84 644.14 27.78 40.66 3 0.546505 1629.90 476.99 23.38 34.46 3 0.529741 1560.72 647.12 27.07 41.42 3 0.526151 536.74 1011.93 73.53 53.66 3 0.519271 1670.47 650.38 26.65 41.86 3 0.506944 838.96 965.43 60.88 42.51 3 0.504737 1728.74 479.49 22.50 36.38 3 0.502334 1447.37 852.44 23.57 39.52 2 0.494005 1176.65 742.25 18.70 33.67 2 0.485520 1010.45 796.96 23.22 42.27 2 0.476589 1111.86 352.86 16.99 29.71 2 0.446428 1656.11 474.04 23.35 36.52 3 0.442022 1706.22 480.63 22.84 33.29 3 0.430586 1587.67 648.79 28.29 41.72 3 0.423942 968.11 577.73 21.04 32.02 2 0.422807 1660.01 469.38 23.99 38.02 3 0.422149 854.00 950.81 46.81 43.26 3 0.413293 1829.77 484.28 30.46 36.52 3 0.412433 1422.81 990.15 122.56 89.85 1 0.410887 1142.73 882.14 24.77 46.60 2 0.406577 1599.25 476.68 24.88 32.81 3 0.403855 1717.07 651.68 35.99 39.78 3 0.402634 1644.97 649.83 26.45 41.98 3 0.400350 1630.89 648.73 30.36 42.45 3 0.386742 1632.09 472.84 24.50 36.38 3 0.379673 1027.05 892.31 53.40 43.79 3 0.361916 1016.38 891.34 54.57 41.60 3 0.361091 1866.44 483.82 30.42 36.61 3 0.361058 1578.35 836.51 46.95 45.34 3 0.358557 1489.99 471.84 34.44 30.07 3 0.355594 1757.59 474.96 21.93 38.42 3 0.346118 1601.70 472.40 24.01 34.04 3 0.344732 1009.59 572.46 25.77 33.54 2 0.343233 542.41 999.22 54.91 52.82 2 0.329551 1861.25 923.20 58.75 107.06 0 0.322364 1679.89 471.49 24.31 37.91 3 0.319028 1505.27 425.46 21.29 27.15 2 0.318931 1110.23 357.56 17.63 31.47 2 0.312913 1800.37 473.79 23.86 38.40 3 0.302696 1845.11 460.03 31.28 25.54 3 0.301551 1199.45 656.73 24.33 32.04 2 0.286092 1790.29 924.22 123.00 122.11 0 0.280896 1831.51 921.08 88.49 116.31 0 0.276343 809.74 1025.63 59.29 40.36 3 0.263552 1011.97 939.60 51.50 43.55 3 0.261526 1578.08 482.85 30.03 30.03 3 0.255087 876.97 1014.04 38.82 41.76 3
9,0.798517 315.22 463.97 48.23 64.03 1 0.778798 1098.13 584.24 36.98 32.35 0 0.747996 363.30 747.45 44.49 65.44 1 0.738312 1068.11 538.75 32.87 34.45 0 0.663239 98.19 549.78 34.95 45.51 0 0.653475 307.90 775.10 38.76 48.47 0 0.650226 823.15 891.32 71.18 38.41 1 0.636309 1319.90 832.32 62.31 41.82 0 0.618761 333.10 880.73 37.05 56.16 0 0.602355 169.23 954.98 36.15 56.36 0 0.601466 878.86 463.82 34.95 38.35 0 0.597123 742.97 936.17 60.53 35.13 0 0.596872 487.74 398.02 48.57 24.50 0 0.581697 834.46 389.21 32.50 28.54 0 0.576615 152.01 527.95 37.51 50.43 0 0.575985 1564.86 560.17 43.45 28.37 0 0.574034 931.38 559.86 37.82 34.07 0 0.567677 283.53 965.48 44.21 63.12 0 0.560761 1609.68 534.87 50.04 33.56 0 0.560080 1606.00 113.05 30.03 28.40 0 0.557989 1044.15 503.09 28.90 33.02 0 0.554877 735.43 941.58 60.79 37.28 0 0.552831 269.96 498.39 32.90 43.79 0 0.551715 256.88 734.03 32.13 47.01 0 0.551406 135.31 628.07 34.55 47.68 0 0.550683 255.97 463.08 44.42 28.09 0 0.550385 232.65 641.88 35.41 54.28 0 0.549993 164.05 768.64 34.73 47.92 0 0.548761 36.50 571.30 34.72 48.67 0 0.547564 397.13 848.57 39.27 60.68 0 0.544872 1529.73 31.77 30.52 25.42 0 0.544675 1562.12 127.94 34.72 29.62 0 0.542784 265.83 632.30 33.16 51.39 0 0.542687 217.49 1000.81 39.91 64.87 0 0.541028 946.34 345.38 30.03 25.91 0 0.538081 230.36 745.80 30.16 47.10 0 0.537470 1041.71 581.69 30.76 29.15 0 0.536973 1574.86 743.87 45.83 42.78 0 0.536362 908.49 34.93 25.53 19.41 0 0.535472 877.03 226.33 37.49 36.37 1 0.534220 1412.52 756.06 45.97 32.25 0 0.527321 1086.92 51.48 18.70 32.35 0 0.523840 589.79 368.88 44.04 23.41 0 0.522887 1741.53 463.19 56.19 33.75 0 0.522812 147.11 683.43 34.96 49.61 0 0.516409 1553.56 59.96 32.75 29.32 0 0.516245 1326.61 1037.38 49.29 41.79 0 0.516054 302.50 896.50 35.21 50.35 0 0.514701 143.43 676.58 33.95 52.87 0 0.509088 291.12 724.74 32.55 48.77 0 0.508380 1191.47 456.92 34.24 30.39 0 0.504788 1120.44 372.06 33.29 22.96 0 0.504598 1417.34 752.85 45.83 30.88 0 0.502695 431.94 1029.79 40.12 47.95 0 0.500299 497.82 993.81 41.25 50.15 0 0.499738 1021.33 454.13 26.56 37.26 0 0.498658 502.47 1000.23 39.34 49.62 0 0.498215 833.96 38.24 30.33 23.07 0 0.497949 178.30 672.28 35.43 49.53 0 0.496804 1313.55 679.50 45.47 30.08 0 0.496666 1060.63 34.38 22.41 28.70 0 0.495338 213.76 827.17 40.22 52.51 0 0.492237 1558.05 565.25 43.44 28.70 0 0.491324 181.91 1011.17 34.60 65.24 0 0.488555 1690.85 490.53 48.81 31.96 0 0.486631 956.56 614.28 35.32 27.98 0 0.485350 1515.48 35.49 32.54 23.57 0 0.481527 1669.86 619.77 42.50 25.03 0 0.478418 1087.52 161.17 25.64 26.69 0 0.474519 841.45 170.15 26.33 26.64 0 0.471192 68.51 808.37 32.28 49.26 0 0.469048 650.11 344.93 55.41 24.64 0 0.468641 483.50 400.23 47.41 26.44 0 0.467674 1490.08 7.46 32.93 23.85 0 0.465017 1108.56 49.41 19.25 30.68 0 0.464890 99.13 796.74 34.20 49.39 0 0.463927 973.44 386.43 28.55 27.86 0 0.460378 289.06 413.81 33.75 23.37 0 0.454877 769.78 176.23 26.59 31.17 0 0.454640 244.84 800.32 34.71 51.60 0 0.454080 39.70 883.95 44.52 52.57 1 0.451086 350.09 698.67 37.75 45.91 1 0.447188 644.19 349.80 52.94 23.97 0 0.444125 1063.11 52.03 20.61 32.09 0 0.438908 1095.80 154.83 26.31 23.40 0 0.436350 79.80 697.88 40.30 59.40 0 0.435316 1110.22 374.86 33.30 21.89 0 0.433478 991.10 419.00 32.39 29.60 0 0.432773 1176.66 36.99 20.85 26.20 0 0.432583 327.94 609.53 34.21 50.37 0 0.432436 1507.16 774.30 41.97 44.86 0 0.428655 1471.05 602.50 44.89 34.14 0 0.427638 902.29 10.23 28.38 19.93 0 0.427236 1191.14 446.99 32.78 32.76 0 0.422714 861.63 35.86 26.68 20.67 0 0.419928 111.10 847.25 40.75 58.65 0 0.417273 391.33 1038.25 43.97 41.23 0 0.416201 1456.74 14.58 32.06 24.84 0 0.415166 1465.82 0.00 33.43 16.48 0 0.412556 923.25 544.04 37.12 31.50 0 0.412001 1148.41 37.83 20.32 29.09 0 0.410704 1074.79 0.00 35.00 12.53 0 0.409360 1568.84 131.02 35.00 30.87 0 0.408176 365.27 866.12 39.11 57.85 0 0.408137 834.57 380.68 29.37 28.47 0 0.407568 0.00 732.62 21.71 57.98 0 0.406723 328.25 772.01 39.66 51.64 1 0.403802 1264.24 889.97 37.15 43.74 0 0.399088 980.47 83.32 32.05 21.71 0 0.398307 963.50 628.48 34.42 31.94 0 0.396491 1077.31 37.69 23.52 33.09 0 0.394958 1576.20 88.44 29.81 26.69 0 0.393712 1628.30 146.75 35.61 26.24 0 0.391446 1523.52 584.31 34.02 24.00 0 0.381336 1216.77 83.06 39.26 21.15 0 0.374380 916.37 531.80 32.91 35.25 0 0.370337 357.92 751.06 42.59 65.08 1 0.362799 1660.90 507.79 45.47 27.76 0 0.361171 1539.58 93.23 25.88 22.72 0 0.359500 1396.74 762.58 48.07 31.79 0 0.359110 679.82 344.47 49.92 21.91 0 0.351037 1590.96 155.14 36.41 31.71 0 0.350548 1359.41 660.87 35.89 31.27 1 0.349902 1020.07 0.24 28.89 25.99 0 0.348837 1528.52 17.95 30.18 22.72 0 0.346899 235.28 738.03 36.70 52.27 0 0.345860 910.90 223.00 25.56 33.97 0 0.344344 1570.28 58.18 29.64 25.78 0 0.342218 270.98 912.26 35.40 44.69 0 0.339901 248.13 807.49 35.04 50.10 0 0.339041 384.07 1044.53 50.52 35.47 0 0.336521 278.64 901.29 39.92 50.37 0 0.336343 1607.24 57.68 28.94 22.06 0 0.335740 73.06 652.76 30.50 40.24 0 0.334836 1034.26 65.20 25.16 26.48 0 0.334719 942.00 581.46 35.77 28.48 0 0.334590 407.23 378.00 28.32 13.53 0 0.333916 1539.83 100.18 27.98 23.11 0 0.331562 1040.99 499.84 30.30 32.57 0 0.328764 1650.59 516.44 49.82 31.23 0 0.324695 352.26 1058.52 54.37 21.48 0 0.324400 1439.88 7.70 30.72 23.36 0 0.319959 330.27 890.47 41.24 54.44 0 0.314935 0.00 839.80 22.11 52.58 0 0.312796 1428.52 0.00 29.26 19.55 0 0.311693 285.73 403.78 33.96 21.15 0 0.309666 315.70 709.25 33.33 49.39 0 0.308487 860.36 427.74 32.30 25.56 0 0.304606 1161.03 764.95 24.22 23.37 3 0.304190 13.75 724.23 34.34 58.34 1 0.303492 882.33 80.43 23.06 21.70 0 0.301217 1497.67 12.64 35.25 24.33 0 0.299870 861.33 438.40 35.13 21.82 0 0.299537 289.49 973.06 43.70 65.39 0 0.299380 1266.33 944.48 41.89 39.29 0 0.299002 72.85 806.19 34.05 49.62 0 0.298415 1648.55 634.40 51.99 37.23 0 0.296263 447.79 367.75 28.36 19.24 0 0.293436 883.61 248.73 34.68 29.34 1 0.292487 932.05 270.65 37.27 27.05 0 0.292316 1672.17 496.40 55.38 30.37 0 0.289236 1320.10 677.09 43.46 30.57 0 0.288411 1645.61 145.57 30.36 25.57 0 0.283141 894.40 8.33 31.20 22.57 0 0.283012 1195.10 32.72 22.67 25.52 0 0.282163 1545.30 748.02 35.07 46.80 0 0.282062 1011.52 447.40 30.39 30.94 0 0.278364 1048.31 376.80 43.57 23.26 0 0.277259 1293.71 891.34 31.41 43.09 0 0.275417 15.61 724.27 33.72 57.29 0 0.273871 1396.09 769.36 33.94 29.52 0 0.272537 302.87 718.34 40.88 46.79 0 0.269216 1313.25 357.11 25.81 31.27 0 0.268906 1021.79 0.00 28.30 19.68 0 0.268819 1477.47 0.00 34.92 20.65 0 0.268548 811.86 100.50 22.29 30.02 1 0.263222 815.07 127.40 24.07 29.46 1 0.260715 1726.89 80.38 32.87 19.98 0 0.260410 970.16 0.00 34.21 15.65 0 0.258031 273.45 924.65 39.85 45.10 0 0.256280 1.06 829.02 30.18 39.28 0 0.255808 996.60 78.24 28.08 24.08 0 0.253771 813.65 895.67 80.09 40.10 1 0.252298 1660.33 620.52 43.38 27.42 0
10,0.732590 753.05 647.97 16.76 18.49 2 0.569905 1098.48 64.60 28.72 46.12 0 0.551739 1003.29 1.00 30.50 35.30 0 0.517316 736.47 667.55 21.17 19.44 2 0.496593 1073.65 46.73 29.51 48.33 0 0.462117 468.54 266.47 17.12 23.27 2 0.461080 542.58 272.18 15.73 18.65 2 0.452675 469.53 261.51 15.94 23.02 2 0.450400 238.35 526.64 16.33 18.45 2 0.446921 840.45 375.71 16.57 17.89 2 0.442592 921.19 58.93 54.11 27.74 1 0.437684 654.88 516.31 16.69 18.39 2 0.425015 891.33 338.31 17.20 18.87 2 0.424094 532.00 609.77 18.49 16.48 2 0.420205 902.36 228.76 15.93 13.55 2 0.410810 560.04 294.35 15.21 18.84 2 0.399311 672.26 413.09 16.34 18.66 2 0.390963 262.27 556.72 18.10 23.03 2 0.390310 708.04 600.53 17.74 19.44 2 0.381807 940.26 176.92 11.80 15.37 2 0.376714 718.36 374.42 15.06 21.77 2 0.371556 768.62 390.88 15.49 19.61 2 0.366090 667.75 581.64 16.61 19.64 2 0.356869 792.57 648.74 15.92 16.68 2 0.347108 824.00 258.11 13.58 15.51 2 0.330826 670.14 496.57 14.57 19.03 2 0.326399 919.19 62.02 58.09 30.58 1 0.318320 929.69 307.39 16.37 17.93 2 0.313868 636.31 446.09 14.16 20.49 2 0.310074 483.01 616.52 17.37 21.77 2 0.309578 844.10 235.90 14.39 20.07 2 0.298958 550.34 580.65 14.96 17.57 2 0.291879 652.02 574.18 20.57 18.77 2 0.288842 542.70 580.57 15.88 18.50 2 0.285423 505.70 276.72 14.45 21.68 2 0.280381 638.24 544.99 24.28 21.56 2 0.279535 753.53 597.07 16.84 14.03 2 0.278140 482.98 620.20 17.76 22.01 2 0.274989 876.29 209.69 12.76 14.73 2 0.274980 690.43 361.55 14.31 20.98 2 0.272784 593.43 279.21 14.09 17.34 2 0.272765 787.41 680.71 20.33 19.52 2 0.262296 1312.19 0.00 28.20 15.96 0 0.261650 87.07 396.05 14.67 15.94 2 0.260483 755.62 354.85 14.53 18.73 2 0.260338 640.54 480.45 16.01 18.79 2 0.254712 974.50 0.00 21.78 14.57 0 0.252960 582.05 315.10 16.37 20.17 2
11,0.595661 353.93 95.15 17.08 32.39 3 0.539379 355.28 211.74 15.67 15.13 2 0.484076 1075.27 210.67 26.54 14.45 0 0.402148 807.72 259.52 16.10 17.82 3 0.386620 459.62 340.09 19.45 28.14 2 0.311973 1139.92 346.81 14.59 13.10 0 0.304152 1076.85 209.22 30.05 15.35 0 0.252130 328.71 95.31 17.76 32.90 3
12,0.722926 1108.62 375.19 30.44 49.91 1 0.684922 114.83 195.26 15.87 19.11 2 0.580456 570.05 652.86 62.30 34.42 0 0.576358 738.64 130.74 38.83 29.79 1 0.570132 1115.71 287.12 26.71 30.15 0 0.550125 1123.45 242.29 25.07 32.49 0 0.531007 735.36 123.25 40.58 31.51 1 0.527367 1084.39 534.31 28.50 49.10 0 0.508300 834.80 204.22 41.23 23.17 0 0.507346 868.09 40.69 35.27 17.41 0 0.479533 1122.20 246.65 25.36 34.17 0 0.478668 1066.47 683.87 34.34 34.34 0 0.473681 734.83 122.08 36.87 24.24 1 0.469149 1242.85 561.99 35.31 58.67 1 0.466986 831.79 229.02 35.98 21.83 0 0.415761 404.92 40.44 13.72 15.28 2 0.412890 1112.42 331.87 24.73 34.76 0 0.407823 1237.17 567.41 36.96 104.76 1 0.398441 1258.27 403.39 62.91 37.06 1 0.353981 1129.28 196.32 22.09 30.78 0 0.334065 66.46 111.69 17.38 14.98 2 0.329203 1130.76 190.47 23.56 33.33 0 0.318507 1249.06 404.62 61.13 35.69 1 0.302607 1269.39 407.76 56.20 31.91 1 0.299779 555.04 145.32 11.22 9.40 2 0.271132 391.67 164.43 9.79 13.26 2
13,0.705113 826.30 256.51 12.91 17.84 2 0.609558 941.58 176.30 12.90 18.64 2 0.584279 750.89 645.84 16.37 17.51 2 0.580476 921.78 59.05 56.34 27.05 1 0.577081 771.25 390.54 14.97 20.66 2 0.574384 735.38 665.06 21.11 18.46 2 0.566236 705.49 594.54 17.37 18.83 2 0.555663 1005.27 0.00 28.90 37.93 0 0.553756 674.01 581.28 14.90 18.32 2 0.529533 1099.76 62.93 29.59 48.87 0 0.503428 1074.61 47.99 29.61 47.70 0 0.469721 657.41 516.21 16.46 18.53 2 0.446783 904.16 229.17 15.68 15.47 2 0.445374 584.35 316.11 15.05 19.45 2 0.438030 721.03 374.18 15.41 22.47 2 0.416719 585.17 321.37 14.56 18.03 2 0.410761 892.37 338.99 17.89 18.68 2 0.394862 591.96 380.07 13.41 19.82 2 0.392421 672.68 498.95 13.23 17.71 2 0.391196 468.03 267.21 16.23 22.88 2 0.382932 467.83 261.45 15.28 22.82 2 0.365548 753.10 627.06 16.44 17.56 2 0.363881 722.71 362.39 15.61 21.38 2 0.360075 794.30 649.38 17.14 16.58 2 0.346858 133.58 296.12 16.04 16.01 2 0.345977 483.77 615.56 17.33 21.49 2 0.338593 918.11 61.63 49.16 25.54 1 0.337856 593.21 390.51 14.26 19.08 2 0.337053 300.22 558.92 17.11 21.47 2 0.333673 593.06 278.85 13.41 17.00 2 0.330950 839.63 375.24 17.57 18.98 2 0.327050 637.52 446.02 14.30 19.71 2 0.302763 264.69 558.52 17.15 21.04 2 0.299903 842.30 237.70 13.58 19.38 2 0.294161 690.76 362.05 14.90 19.16 2 0.293949 753.85 597.14 17.59 15.14 2 0.276173 561.11 293.58 16.15 19.97 2 0.274068 791.77 683.91 18.15 19.30 2 0.265989 757.36 314.38 13.26 16.53 2 0.262650 671.97 416.16 17.82 18.72 2 0.257280 929.96 306.97 17.28 17.66 2 0.252601 876.70 209.49 13.36 15.72 2 0.251975 542.58 273.35 16.88 18.17 2
14,0.747432 574.38 376.41 16.52 23.59 2 0.661043 655.75 414.83 15.10 18.51 2 0.637013 689.64 101.64 16.26 18.88 2 0.559487 734.02 474.36 18.36 21.42 2 0.545921 204.36 542.18 12.90 18.23 2 0.544496 515.85 614.41 15.49 19.41 2 0.511623 1255.16 68.85 31.34 37.14 0 0.484084 534.32 207.77 18.76 22.83 2 0.483353 535.14 364.22 17.56 17.75 2 0.474497 1233.52 107.98 40.38 25.24 0 0.458673 526.23 208.25 17.74 20.85 2 0.445887 578.15 44.16 15.74 16.11 2 0.440852 738.09 465.25 17.83 19.95 2 0.440670 653.40 160.10 15.72 13.03 2 0.440338 758.04 458.49 15.43 19.89 2 0.436017 587.82 46.27 15.76 15.54 2 0.429077 593.68 196.26 15.34 18.42 2 0.411627 148.87 557.66 18.45 18.69 2 0.409452 810.14 533.80 15.16 19.90 2 0.402387 1232.60 100.10 45.01 32.49 0 0.396603 573.16 382.93 17.18 23.17 2 0.389436 706.64 139.90 18.21 15.74 2 0.387633 655.18 419.19 14.52 20.05 2 0.377486 397.85 515.80 19.76 21.73 2 0.372441 809.73 537.90 14.98 20.22 2 0.354178 710.41 448.57 16.12 20.42 2 0.348517 591.24 93.18 12.92 18.82 2 0.342245 488.10 182.17 13.03 16.70 2 0.342038 458.63 446.22 17.69 19.32 2 0.335965 519.92 191.35 14.94 15.77 2 0.312728 1247.61 69.60 38.40 41.52 0 0.310003 538.99 340.93 14.07 15.28 2 0.297166 336.39 204.52 17.85 21.15 2 0.296754 702.38 411.48 16.05 16.42 2 0.295261 508.42 328.76 12.24 18.64 2 0.293589 753.87 443.33 16.55 18.77 2 0.289657 401.24 128.74 15.15 19.52 2 0.282892 549.93 407.24 23.59 21.75 2 0.274764 201.66 98.50 11.68 15.12 2 0.273360 743.03 443.57 18.05 18.84 2 0.266628 519.71 96.67 12.44 19.15 2 0.260669 731.48 488.70 18.66 18.88 2 0.258704 397.11 519.60 19.53 21.06 2 0.255428 370.15 110.32 12.87 14.23 2 0.251941 654.95 147.12 16.24 14.16 2 0.251461 388.97 516.16 21.10 21.44 2 0.250911 517.40 181.11 16.15 17.81 2
15,0.700829 1100.80 769.71 82.27 41.89 1 0.687097 594.52 221.01 23.40 36.64 0 0.663135 641.48 223.56 24.27 34.80 0 0.657627 767.74 437.86 38.45 78.36 1 0.642824 791.86 341.52 26.12 41.78 0 0.630997 527.77 404.62 26.20 41.37 0 0.623776 1490.62 515.98 31.81 33.71 0 0.614860 710.86 326.60 23.80 45.94 0 0.613456 836.39 229.29 31.42 52.98 1 0.609015 718.24 702.26 32.49 56.70 0 0.607438 786.58 705.09 29.62 56.19 0 0.606915 1009.23 770.26 66.85 38.95 0 0.603028 669.81 413.17 22.62 37.76 0 0.599550 629.75 602.34 30.16 48.98 0 0.597272 578.11 329.32 25.51 40.74 0 0.595131 1671.13 536.81 37.02 36.15 0 0.592332 1000.18 230.97 42.27 22.07 0 0.591684 695.81 415.05 23.45 39.16 0 0.591337 278.52 479.10 34.64 38.23 0 0.586325 1514.51 609.32 35.68 33.54 0 0.583019 549.46 544.91 28.39 46.91 0 0.582874 1703.26 822.82 70.89 29.02 0 0.578722 545.74 452.79 30.69 41.35 0 0.577682 690.08 228.35 25.14 36.15 0 0.577573 644.42 294.37 20.03 31.37 0 0.571080 1514.62 625.52 34.65 34.18 0 0.570962 1482.18 465.47 31.67 32.52 0 0.567845 1333.93 392.21 32.20 54.12 1 0.565912 1595.29 1000.04 45.81 56.64 0 0.562055 736.64 335.89 25.53 45.55 0 0.558137 352.45 589.29 31.80 53.76 0 0.557186 1499.79 565.05 32.41 33.02 0 0.554794 697.77 551.22 27.59 46.88 0 0.552775 669.76 551.29 25.07 43.58 0 0.552343 1453.58 340.39 26.77 31.54 0 0.551293 659.54 454.83 27.72 39.12 0 0.549303 1795.66 154.48 26.86 19.87 0 0.549030 628.12 461.00 27.21 46.92 0 0.548863 642.54 552.27 24.44 40.69 0 0.545934 1794.06 76.53 22.94 25.99 0 0.542267 687.69 708.94 29.63 52.95 0 0.542074 566.13 598.62 30.31 49.86 0 0.541279 355.83 710.77 33.46 49.52 0 0.536844 497.87 328.87 24.91 40.27 0 0.535478 1814.50 948.53 47.52 26.63 0 0.531413 1750.94 79.21 27.84 22.88 0 0.530013 1673.86 57.20 26.18 19.47 0 0.524112 517.90 217.37 28.08 40.30 0 0.523708 654.55 705.51 29.28 53.40 0 0.519436 494.84 709.77 29.60 54.33 0 0.517244 1456.07 192.95 26.38 29.80 0 0.515864 346.88 338.97 33.27 34.07 0 0.512030 535.73 598.77 32.97 48.23 0 0.511010 756.49 553.57 29.68 49.34 0 0.510419 390.45 710.53 33.96 53.83 0 0.510255 487.00 453.41 29.55 41.26 0 0.509579 364.51 291.25 33.37 41.36 0 0.504613 1108.10 235.98 44.15 21.40 0 0.504286 1824.81 155.52 24.67 21.70 0 0.504037 1855.01 157.20 25.40 20.89 0 0.502966 385.44 588.32 31.84 55.29 0 0.502431 721.19 417.16 24.87 36.85 0 0.502326 299.35 425.93 39.62 43.16 0 0.501755 525.11 706.90 27.07 56.86 0 0.500964 557.56 706.92 28.56 53.11 0 0.500458 1461.68 384.37 31.40 32.96 0 0.498782 631.43 335.30 25.50 39.89 0 0.496491 450.00 459.66 32.92 39.20 0 0.491363 396.02 708.41 35.35 52.45 0 0.488626 741.04 455.41 38.33 57.16 1 0.487951 1347.64 484.81 26.68 39.52 0 0.487192 580.76 325.19 25.26 39.56 0 0.484304 1655.96 965.86 65.96 57.34 0 0.478025 1577.77 44.03 28.94 17.70 0 0.477380 1360.12 587.37 29.81 47.95 0 0.471879 1772.18 952.01 47.58 25.81 0 0.470841 1660.72 962.58 68.63 51.52 0 0.469021 556.91 405.96 29.20 41.98 0 0.464217 249.91 534.97 33.85 48.09 0 0.463301 1731.13 80.45 23.79 20.39 0 0.462131 1501.67 400.49 28.86 32.88 0 0.456209 790.13 230.72 25.95 42.97 0 0.453368 1491.71 524.73 33.31 34.41 0 0.449278 594.55 295.26 22.76 28.90 0 0.448252 224.99 594.12 33.29 39.79 0 0.443008 1559.77 15.81 35.69 20.40 0 0.441372 1418.14 155.59 24.41 25.42 0 0.441313 648.96 457.34 31.38 41.80 0 0.436441 1539.48 43.32 24.34 17.78 0 0.436432 1778.46 826.53 46.06 26.30 0 0.434819 325.22 379.26 34.79 42.67 0 0.432135 1337.06 408.52 31.61 51.44 1 0.428306 609.15 411.67 27.63 39.55 0 0.421449 1634.61 132.57 27.49 20.92 0 0.403779 740.44 457.79 29.90 59.37 1 0.401877 1671.32 543.24 37.43 38.37 0 0.399231 530.55 322.81 21.84 39.80 0 0.392615 1865.12 488.74 28.80 34.43 0 0.390733 1819.72 78.20 21.15 24.95 0 0.390321 1506.83 43.01 23.09 21.28 0 0.383413 1461.83 227.91 28.25 27.38 0 0.380124 1781.10 949.33 62.00 27.16 0 0.376574 657.89 334.90 26.22 41.30 0 0.375727 1664.20 248.17 29.60 22.64 0 0.372541 1164.76 244.93 43.93 21.32 0 0.369750 411.11 772.96 19.01 25.36 3 0.368987 1195.41 248.95 35.13 19.53 0 0.365311 1457.20 186.13 25.93 32.27 0 0.357727 1445.29 292.86 32.21 32.63 1 0.354685 1419.35 61.13 21.90 21.07 0 0.350110 786.55 209.23 32.94 20.28 0 0.348042 580.41 768.79 16.77 28.77 3 0.347963 1721.22 139.45 21.73 25.03 0 0.347907 1430.05 225.39 33.03 23.03 0 0.343484 432.53 771.09 16.98 24.79 3 0.339628 245.23 541.88 35.27 47.12 0 0.337350 937.43 184.79 20.80 18.05 0 0.335556 1619.57 43.11 32.44 19.55 0 0.329975 1870.04 127.13 26.44 19.73 0 0.328525 1354.05 530.39 29.55 43.33 0 0.327554 456.12 444.68 28.20 37.18 0 0.327068 1687.55 135.91 23.75 24.95 0 0.322456 659.26 707.24 29.59 52.90 0 0.321679 569.61 594.35 31.25 51.42 0 0.321466 1407.47 115.60 24.00 27.08 0 0.319250 845.56 182.51 19.73 18.71 0 0.317404 1615.25 41.61 30.66 19.53 0 0.314089 737.95 329.61 24.72 43.90 0 0.313341 1504.30 576.56 33.03 27.96 0 0.312690 1771.38 178.65 36.50 17.24 0 0.309424 1676.17 76.97 24.20 21.95 0 0.308602 1721.58 56.14 27.93 20.04 0 0.305599 1497.34 560.24 32.79 34.69 0 0.303523 1635.96 17.24 31.55 16.54 0 0.301072 1698.31 137.90 21.79 24.79 0 0.299733 607.34 769.59 14.69 27.42 3 0.298929 1335.67 406.48 32.58 57.77 0 0.298918 562.33 706.50 30.25 52.65 0 0.296191 720.12 454.65 29.07 41.52 0 0.289789 446.84 126.26 25.82 28.35 0 0.289252 651.23 328.52 25.65 43.92 0 0.289043 730.73 555.25 27.88 45.13 0 0.287847 1645.79 19.67 30.40 19.19 0 0.286032 632.27 329.15 27.08 39.17 0 0.285375 1866.74 0.00 29.00 18.90 0 0.284954 773.42 428.25 33.95 72.68 1 0.284589 1657.20 133.05 23.55 22.68 0 0.284107 389.70 244.04 29.56 40.64 0 0.283199 656.44 460.18 30.98 50.63 0 0.282347 749.39 420.85 24.84 37.21 0 0.281467 490.40 712.28 30.26 48.57 0 0.279231 1471.94 421.50 33.64 32.54 0 0.269833 1328.75 357.18 27.40 38.24 1 0.268658 585.29 296.89 26.41 30.56 0 0.267151 1884.78 127.52 31.09 20.86 0 0.263997 1440.00 186.51 26.81 26.21 0 0.261736 1474.75 435.40 35.01 28.28 0 0.261542 1647.75 803.96 36.33 23.63 3 0.256596 1356.55 546.75 30.23 36.27 0 0.253675 430.28 158.48 25.07 21.85 0
16,0.620180 557.25 290.72 53.41 44.96 0 0.615463 1400.92 815.63 52.29 37.26 0 0.610531 404.41 701.04 54.71 40.59 0 0.610318 1338.83 447.21 61.48 52.75 0 0.603609 1437.84 539.50 53.99 52.94 0 0.590582 482.12 209.85 56.96 49.66 0 0.571236 1182.75 537.95 51.89 46.73 1 0.563518 1383.86 487.30 56.02 53.40 0 0.558868 141.71 49.11 49.91 34.89 0 0.557857 1401.88 574.80 52.29 43.97 0 0.547926 181.37 189.62 57.00 45.33 0 0.539187 1520.28 533.51 57.26 45.93 0 0.539178 57.92 43.86 49.69 42.93 0 0.537949 8.53 1.81 58.51 36.62 0 0.528998 1301.26 406.17 51.73 44.29 0 0.527790 75.39 247.00 71.30 52.03 0 0.527333 1377.85 777.02 65.16 39.83 0 0.525389 474.39 639.86 60.07 48.85 0 0.522971 360.83 933.44 59.23 54.48 0 0.522481 1473.69 485.04 58.88 52.26 0 0.520670 1166.33 912.76 66.35 40.82 0 0.513203 647.47 698.71 50.76 49.73 0 0.511859 1327.83 715.88 65.70 41.66 0 0.511635 603.49 340.57 52.36 49.83 0 0.511052 243.73 7.66 55.49 38.83 0 0.509998 1165.38 444.97 47.23 45.16 0 0.509825 110.39 99.61 46.48 37.79 0 0.508598 531.66 596.63 57.22 45.13 1 0.508069 478.80 834.25 55.85 48.32 0 0.508049 47.20 215.20 57.26 39.28 0 0.506608 0.00 144.08 49.47 34.84 0 0.505355 1708.97 796.52 50.74 53.23 0 0.503797 1254.28 729.04 40.62 60.14 0 0.493016 288.09 795.46 59.67 43.37 0 0.488877 959.86 435.60 49.37 41.20 0 0.488792 328.85 106.23 67.30 55.58 0 0.481510 1495.21 594.24 50.43 42.57 0 0.481220 423.77 879.59 59.67 51.53 0 0.475247 1446.25 841.95 53.49 36.92 0 0.473127 700.07 653.08 51.28 46.18 0 0.469390 1465.02 624.31 52.81 46.27 0 0.466388 1203.54 351.87 56.82 57.39 0 0.463596 353.22 49.09 44.04 39.40 0 0.459885 305.86 73.63 53.41 41.37 0 0.459849 102.30 12.03 56.48 35.07 0 0.458396 147.98 146.94 51.06 37.83 0 0.448215 1286.82 663.81 60.20 33.61 0 0.439945 0.00 104.54 23.98 33.30 0 0.437096 899.48 802.32 52.71 48.30 0 0.432506 1177.03 160.07 20.73 13.96 3 0.426129 103.91 22.67 51.53 32.63 0 0.424496 92.13 80.37 49.16 40.42 0 0.422478 1389.40 492.97 55.69 52.49 0 0.418912 1384.42 395.45 48.22 53.66 0 0.415442 1718.44 795.99 45.44 61.72 0 0.413020 591.99 1001.92 61.79 58.62 0 0.409921 639.07 703.26 52.58 51.22 0 0.409172 32.29 195.42 56.10 39.90 0 0.408123 1481.17 492.05 55.11 52.77 0 0.406136 1493.41 657.25 53.83 53.76 1 0.405802 244.33 15.65 54.39 36.42 0 0.402648 20.25 183.23 59.37 37.80 0 0.384389 588.17 747.15 47.89 39.70 1 0.377268 49.46 202.14 51.31 40.60 0 0.377024 1392.22 402.81 44.95 51.54 0 0.374986 909.52 795.00 49.84 48.39 0 0.374906 1231.19 93.62 21.95 18.20 3 0.370059 532.54 588.74 66.67 51.71 1 0.362975 1259.24 353.48 43.12 39.83 0 0.362591 1418.47 810.89 52.84 34.77 0 0.361520 1540.89 636.42 50.87 41.33 0 0.361284 372.37 927.87 61.05 53.89 0 0.361018 1181.93 548.49 58.54 45.81 1 0.360801 966.37 432.12 48.49 40.91 0 0.357387 0.00 219.62 25.31 30.85 0 0.354161 1263.45 636.05 62.71 36.35 0 0.353074 136.79 128.81 47.84 36.42 0 0.352939 1047.00 722.20 55.16 54.62 0 0.352381 1555.16 724.35 63.33 59.13 1 0.349456 116.63 106.18 44.05 32.84 0 0.346142 97.37 88.89 46.65 41.65 0 0.340508 635.82 267.69 43.23 45.62 0 0.323588 540.71 781.77 67.55 47.58 0 0.322091 1515.81 678.17 58.89 58.31 1 0.315613 1406.87 569.69 54.34 44.90 0 0.312372 362.61 930.17 72.00 67.67 0 0.304407 589.88 553.72 54.78 38.48 0 0.303530 534.29 793.78 56.54 44.08 0 0.301097 1530.85 689.89 49.41 47.80 1 0.300921 351.32 742.20 60.37 50.56 1 0.286869 369.81 939.87 76.51 84.70 0 0.283954 0.00 273.50 46.45 35.89 0 0.281008 211.53 0.00 45.79 20.38 0 0.277674 1280.46 430.43 46.75 35.75 0 0.276219 1311.13 691.84 58.71 36.14 0 0.269047 79.56 27.19 56.27 39.54 0 0.267434 24.30 297.87 53.35 47.25 0 0.267091 622.72 376.13 39.60 38.45 0 0.263061 1509.59 529.85 57.09 44.13 0 0.262264 65.88 55.56 47.37 37.97 0 0.261202 1427.96 547.60 53.82 53.84 0 0.260446 307.84 80.04 50.57 44.40 0 0.253735 15.15 178.31 56.88 39.11 0 0.252950 3.46 138.46 48.18 36.91 0 0.251677 21.43 291.42 60.67 52.49 1 0.251391 1073.19 351.17 45.55 39.88 1 0.250886 1214.29 586.56 59.70 41.04 0 0.250176 1214.71 359.11 52.97 58.54 0
17,0.733834 687.29 661.06 43.04 33.65 0 0.675866 642.00 631.59 43.14 33.86 0 0.650119 587.45 693.43 50.28 39.97 0 0.623205 577.79 742.30 48.66 43.27 0 0.611394 350.42 437.61 46.81 35.44 1 0.608224 516.61 550.67 48.44 35.17 0 0.596402 734.06 692.13 44.65 35.14 0 0.578321 469.77 681.03 50.22 38.57 0 0.546525 395.66 148.86 37.00 23.11 0 0.545578 976.79 816.57 33.37 36.52 0 0.545184 621.18 786.24 54.30 38.98 0 0.544895 434.78 650.69 42.73 34.58 0 0.544009 598.75 603.12 41.88 30.94 0 0.541499 281.26 393.41 44.99 29.25 0 0.541295 907.28 37.06 34.26 19.54 0 0.532738 975.85 802.41 35.36 36.27 0 0.530116 48.90 252.37 37.82 25.51 0 0.524235 397.86 204.94 37.32 23.54 0 0.518399 834.10 395.39 34.69 26.32 0 0.516563 1123.60 466.28 35.73 33.53 0 0.516013 642.37 37.23 32.86 19.37 0 0.513293 975.67 675.23 32.24 32.79 0 0.507793 110.34 709.94 52.14 35.97 0 0.506973 106.73 714.11 54.87 38.65 0 0.504931 1190.77 629.22 50.10 33.65 0 0.504210 954.74 898.33 48.95 34.01 0 0.502726 162.34 664.72 44.64 42.09 0 0.499772 540.63 724.86 47.73 41.27 0 0.497749 1006.27 81.20 37.07 21.23 0 0.494889 650.49 630.03 39.76 34.40 0 0.494678 382.27 616.71 53.07 33.65 0 0.490113 163.19 660.15 54.18 45.23 0 0.485297 238.04 366.33 37.50 24.40 0 0.482064 1434.62 8.20 37.60 28.17 1 0.471868 539.37 270.96 34.56 29.96 0 0.464853 758.50 523.13 45.69 28.96 0 0.464257 256.32 429.36 40.34 25.36 0 0.449827 0.00 801.84 61.34 46.62 0 0.443268 1190.18 370.07 30.74 26.59 0 0.442076 472.67 524.82 45.04 27.08 0 0.440228 505.10 170.77 27.51 27.85 0 0.436018 380.14 133.66 37.53 23.39 0 0.434404 450.83 202.25 33.79 24.06 0 0.431556 1041.89 890.67 36.35 38.84 0 0.426348 544.11 150.11 24.92 23.64 0 0.423490 1015.72 79.73 31.83 22.56 0 0.422288 561.21 578.02 43.50 33.95 0 0.421731 998.21 639.66 37.84 30.01 0 0.421546 759.10 528.24 46.37 31.29 0 0.421100 172.21 652.85 51.14 44.95 0 0.418292 508.91 162.13 24.69 31.04 0 0.413870 536.34 275.29 33.80 28.78 0 0.412595 566.68 130.79 34.76 22.87 0 0.410773 1061.26 554.73 33.61 33.18 0 0.409923 875.33 10.02 33.94 21.91 0 0.407433 1152.87 687.09 47.97 36.37 0 0.406041 8.64 796.13 61.01 45.83 0 0.405614 451.50 111.19 33.83 24.46 0 0.400764 425.54 225.60 30.29 24.65 0 0.397903 690.89 424.44 32.72 36.43 0 0.395543 973.11 64.79 29.41 20.19 0 0.394277 1093.19 508.97 31.65 27.31 0 0.393770 954.23 88.06 31.38 21.05 0 0.392431 480.79 84.92 29.54 22.60 0 0.392351 1132.89 988.05 71.46 45.78 0 0.387575 1057.85 0.00 33.74 13.80 0 0.383756 808.98 16.93 36.65 20.13 0 0.381953 32.13 224.28 40.72 28.55 0 0.376687 910.96 65.99 34.14 17.64 0 0.376259 1037.95 812.23 51.13 26.27 0 0.375423 810.86 0.00 38.69 13.37 0 0.374068 1220.89 317.98 32.64 36.93 0 0.373033 1080.57 697.66 30.98 38.32 0 0.371009 467.36 102.53 30.89 24.96 0 0.362557 30.46 222.17 36.49 27.15 0 0.362469 1022.98 890.56 40.78 36.12 0 0.360464 361.12 445.46 45.77 30.65 1 0.352957 219.62 248.38 40.38 34.75 0 0.351776 533.08 720.06 48.01 37.59 0 0.349893 787.72 10.55 39.40 21.36 0 0.349387 476.12 528.22 47.80 29.27 0 0.347259 410.77 111.70 28.42 22.62 0 0.344448 689.14 429.37 28.28 37.69 0 0.333066 565.16 737.50 46.92 39.50 0 0.332793 501.08 77.51 33.83 24.50 0 0.332775 994.82 921.35 41.90 35.90 0 0.331066 226.01 247.86 44.23 33.45 0 0.328013 387.63 460.73 36.64 32.56 1 0.327850 1167.55 661.61 48.56 33.21 0 0.321882 913.32 16.53 32.97 20.34 0 0.317910 259.34 437.02 34.85 23.41 0 0.310003 997.61 111.32 38.26 24.76 0 0.308313 982.19 107.65 38.11 21.33 0 0.307883 551.05 133.59 32.35 25.49 0 0.307390 281.26 204.19 36.01 23.14 0 0.307117 619.85 162.23 37.52 23.47 0 0.304660 982.71 542.88 44.11 23.82 0 0.304291 484.07 181.69 26.39 27.60 0 0.294791 933.25 36.38 33.67 21.02 0 0.291820 1101.76 864.34 29.67 33.22 0 0.289040 375.31 92.51 27.22 20.33 0 0.285124 858.93 8.54 41.06 22.17 0 0.284364 451.90 464.31 37.24 26.06 0 0.273979 1220.95 487.23 34.35 29.31 0 0.271755 333.54 158.11 42.86 26.03 0 0.271301 1072.19 536.96 40.25 31.04 0 0.270828 1150.74 420.33 39.79 35.33 0 0.270176 1037.50 817.59 51.76 28.19 0 0.267146 774.48 986.86 17.76 25.95 3 0.265932 1148.61 695.47 46.28 32.37 0 0.265727 406.17 235.75 36.04 26.01 0 0.265000 1060.20 545.75 36.43 35.41 0 0.263581 288.92 223.91 34.34 20.99 0 0.259937 305.78 181.92 36.33 25.71 0 0.259022 990.04 540.54 41.76 24.07 0 0.258926 243.35 368.31 36.53 26.32 0 0.258551 1064.15 0.00 37.53 15.48 0 0.252637 1552.74 0.00 33.81 16.35 0
18,0.683147 1115.84 391.65 33.60 54.15 1 0.628281 1135.99 204.16 26.49 36.20 0 0.580949 1119.97 350.75 27.04 36.86 0 0.576749 1124.65 304.30 23.93 33.18 0 0.562525 1268.75 418.50 68.22 43.64 1 0.552498 738.49 134.50 42.30 34.59 1 0.530773 573.30 678.53 59.77 34.01 0 0.518260 1131.12 261.07 28.00 36.35 0 0.489760 874.38 50.97 40.64 22.92 0 0.483820 1093.70 557.87 28.47 49.17 0 0.463318 837.67 244.52 38.01 26.30 0 0.422680 745.92 137.55 40.62 32.61 1 0.400496 1247.56 593.71 40.83 104.72 1 0.400083 875.30 48.30 39.43 20.73 0 0.395922 1250.52 587.85 37.32 75.29 1 0.380374 841.42 218.05 44.14 22.99 0 0.357434 834.80 248.76 35.94 25.51 0 0.342807 403.50 180.32 9.81 14.85 2 0.340212 567.81 672.07 63.35 36.29 0 0.305952 418.59 92.69 11.65 13.87 2 0.300446 423.17 163.72 10.53 13.06 2 0.291371 866.86 135.66 29.17 25.73 0 0.275342 406.34 96.74 12.36 16.94 2 0.273340 575.01 176.29 11.10 13.36 2
19,0.698088 582.47 785.28 39.75 69.13 1 0.696089 423.51 963.82 44.33 81.97 1 0.680391 791.71 406.37 26.72 48.58 0 0.669238 931.04 463.54 51.85 36.05 0 0.652330 574.55 654.87 36.72 82.69 1 0.633385 938.33 264.36 28.15 41.64 0 0.624516 1010.51 386.44 33.08 49.22 0 0.618037 1642.20 155.64 47.96 26.90 0 0.616230 1664.50 631.41 42.13 59.58 0 0.614250 1599.99 640.87 38.73 53.21 0 0.611992 1582.00 582.50 32.66 47.26 0 0.611607 753.08 251.76 42.95 23.25 0 0.605087 1549.30 462.46 36.93 56.35 0 0.603857 1076.85 382.96 33.17 51.76 0 0.602556 599.14 940.60 36.41 67.64 0 0.596385 940.26 388.28 29.64 50.54 0 0.595997 1514.40 344.61 37.85 51.27 0 0.595888 1653.19 844.07 40.17 58.50 0 0.588806 807.55 244.82 45.16 23.96 0 0.587401 1007.11 255.18 28.96 44.71 0 0.585253 1536.32 730.89 37.28 61.15 0 0.583052 1681.83 703.44 37.79 54.47 0 0.580206 1608.13 448.54 39.15 52.45 0 0.577942 1151.17 378.50 36.15 50.15 0 0.575853 1642.65 573.95 42.59 56.40 0 0.573691 927.66 231.94 41.62 25.21 0 0.573078 877.42 396.44 29.12 52.00 0 0.568679 1525.23 412.16 40.95 41.27 0 0.566302 138.33 792.90 65.81 32.14 0 0.565971 1677.48 565.15 40.07 53.34 0 0.564886 1564.86 523.60 32.00 50.07 0 0.563500 847.35 404.08 26.21 48.74 0 0.562307 572.27 510.24 29.90 54.76 1 0.561950 558.31 388.40 37.52 41.11 1 0.561018 1699.16 764.78 49.59 60.58 0 0.560426 1.85 816.94 63.74 31.60 0 0.558573 1694.46 154.01 51.13 28.18 0 0.558463 909.21 393.05 28.71 53.14 0 0.556912 591.95 864.47 34.61 63.69 0 0.552765 866.41 235.82 47.14 25.03 0 0.547294 645.84 279.77 61.24 38.38 1 0.542168 998.88 223.11 41.65 26.96 0 0.541557 1628.15 504.40 35.95 52.01 0 0.541529 577.42 706.34 36.24 82.81 1 0.540196 976.40 391.24 29.43 48.29 0 0.539939 1614.24 711.74 36.93 56.68 0 0.527801 1116.02 215.85 47.41 66.97 1 0.517648 1733.00 772.09 49.93 62.44 0 0.515817 429.57 901.57 28.82 58.47 0 0.515634 1524.45 401.11 40.19 40.39 0 0.511295 1656.27 500.58 36.45 53.24 0 0.509295 746.63 250.23 42.64 28.09 0 0.508079 219.13 785.62 63.37 28.74 0 0.498703 821.66 406.58 24.83 48.17 0 0.495883 1585.90 388.55 39.50 56.40 0 0.493488 1756.23 150.49 50.84 26.28 0 0.492299 1600.29 298.11 36.73 51.54 1 0.488513 1628.43 772.26 44.11 63.10 0 0.487364 904.39 393.16 27.68 55.36 0 0.479675 698.63 375.52 50.13 28.37 0 0.479396 1589.55 457.18 27.90 48.49 0 0.479244 1114.58 385.77 30.32 48.36 0 0.477839 1584.14 587.29 32.53 52.00 0 0.472366 839.48 625.79 57.69 33.35 0 0.458260 575.32 652.86 35.42 61.79 1 0.448051 1502.21 288.90 33.18 48.31 0 0.439328 1611.02 703.96 39.25 56.63 0 0.436263 1747.01 153.11 54.68 26.58 0 0.422793 1707.46 152.38 48.93 27.45 0 0.419561 992.13 226.36 40.77 26.97 0 0.415542 844.45 767.19 32.30 59.88 0 0.414765 271.39 792.26 49.36 27.25 0 0.414699 1035.69 251.20 47.50 44.38 0 0.402514 575.02 676.96 37.50 86.54 1 0.397935 1032.31 253.48 41.54 45.63 0 0.397660 1111.68 392.90 30.50 49.15 0 0.389740 1275.13 1000.10 63.44 35.32 0 0.362836 1128.24 214.72 45.98 66.30 1 0.360932 58.59 85.31 41.22 29.95 0 0.358786 431.54 1062.32 35.06 17.68 3 0.349245 760.24 290.48 25.34 32.85 0 0.348689 563.19 447.98 32.26 53.69 1 0.348047 856.17 397.53 28.96 50.04 0 0.343041 1112.29 236.19 35.58 51.35 1 0.337275 933.74 232.68 45.75 23.74 0 0.334435 786.56 187.39 60.72 27.54 1 0.329126 1582.80 644.47 36.61 51.99 0 0.324051 688.40 251.45 28.04 23.76 0 0.306857 898.61 176.28 42.89 26.18 1 0.306532 1567.16 536.91 34.94 53.11 0 0.305006 529.97 129.97 29.96 43.72 0 0.304468 861.25 240.62 53.29 27.41 0 0.303073 602.48 1026.90 37.31 53.10 1 0.302919 947.59 387.91 28.50 50.72 0 0.302654 1559.74 281.85 42.54 50.30 1 0.292795 254.55 787.74 64.50 29.08 0 0.292311 672.52 255.14 42.47 25.41 1 0.289580 1265.85 1007.54 61.28 35.55 0 0.288529 1104.58 601.54 56.70 30.21 0 0.287550 1237.22 194.31 47.56 25.31 0 0.287450 1860.88 75.68 50.64 25.87 0 0.283369 932.76 260.04 34.19 42.17 0 0.280523 1560.42 284.67 40.89 46.61 0 0.277026 1849.48 74.56 42.73 27.02 0 0.270659 959.87 168.89 53.21 28.05 0 0.266958 1566.65 251.21 42.70 35.04 1 0.265485 1646.98 567.70 43.67 59.25 0 0.250673 1527.31 426.81 39.12 34.08 0
20,0.569294 164.76 697.50 25.10 19.53 3 0.524520 1027.23 612.80 20.87 30.90 2 0.522771 340.64 396.62 15.18 18.37 2 0.473040 940.35 339.50 14.14 18.41 2 0.461038 570.94 258.96 15.39 20.64 2 0.457892 306.84 257.92 19.09 23.15 2 0.445199 894.31 574.85 15.32 20.33 2 0.442872 920.58 642.84 17.02 24.39 2 0.422328 1090.84 668.46 14.43 15.72 2 0.421416 91.37 589.41 26.93 29.16 2 0.420987 969.96 564.54 21.41 23.91 2 0.416147 676.90 261.86 14.95 19.53 2 0.391431 1287.45 615.23 23.42 15.92 3 0.379221 331.89 275.97 15.90 21.76 2 0.364511 989.11 305.69 19.66 16.18 2 0.346987 707.18 495.01 12.78 15.02 2 0.336693 230.53 395.19 19.18 18.59 2 0.330270 205.35 515.88 14.14 17.66 2 0.324039 818.22 692.55 20.64 26.12 3 0.319710 954.24 644.93 19.22 21.62 2 0.318073 586.40 474.86 15.84 17.82 2 0.316397 1123.42 574.68 16.45 16.85 2 0.312009 190.01 615.03 16.22 19.94 2 0.311507 1073.05 246.02 15.67 20.02 3 0.310191 841.44 633.98 15.71 20.23 2 0.304967 1159.72 579.86 14.97 13.98 2 0.304106 910.60 342.07 16.21 19.32 2 0.300031 1131.27 617.64 13.89 13.53 2 0.279644 1045.98 309.58 18.13 20.34 2 0.277417 1041.63 295.32 15.41 18.38 2 0.272647 1289.55 599.10 22.26 19.12 3 0.271458 86.75 699.47 26.26 19.60 3 0.271410 894.96 424.15 20.10 24.28 2 0.267948 159.99 358.02 23.19 15.49 3 0.267887 1055.92 310.33 18.74 19.06 2 0.263787 189.58 631.83 16.11 22.31 2 0.261798 815.64 658.63 17.72 22.17 2 0.256289 843.85 638.23 14.37 20.11 2 0.252178 866.54 682.95 21.27 21.33 2 0.251440 541.01 472.32 16.49 25.47 2
21,0.515322 838.71 308.85 14.49 18.37 2 0.383696 363.48 21.99 19.94 40.92 3 0.372183 803.20 197.52 17.02 17.94 3 0.363665 861.80 270.75 12.19 16.96 2 0.360665 472.11 274.49 16.75 24.74 3 0.319301 1128.40 152.93 25.15 20.01 0 0.310508 1055.42 198.82 24.16 24.16 2 0.306282 1169.59 161.16 30.76 16.15 0 0.304081 338.92 22.50 18.95 38.22 3 0.279409 1048.61 146.07 24.72 20.21 0 0.272670 1002.99 145.73 28.19 16.33 0 0.254848 1171.21 309.19 21.29 22.80 2
22,0.711583 797.56 120.18 23.56 43.04 0 0.707707 722.99 120.11 23.44 41.26 0 0.680826 818.01 411.83 24.87 39.68 0 0.661382 701.11 295.10 21.99 34.88 0 0.658036 671.83 337.45 25.00 37.41 0 0.651587 601.88 108.45 25.66 49.47 0 0.646871 1823.94 463.58 60.74 26.03 0 0.637673 649.56 40.05 22.34 29.29 0 0.629018 607.52 36.30 22.10 32.51 0 0.618935 1558.18 702.38 37.00 42.46 0 0.611454 1629.53 462.80 54.38 23.91 0 0.610494 1438.55 279.64 31.16 27.79 0 0.592482 594.15 294.14 22.29 34.96 0 0.592257 757.37 411.41 27.37 44.26 0 0.591543 677.19 123.32 20.73 38.69 0 0.591049 726.99 295.09 21.72 36.71 0 0.587271 581.27 218.71 25.05 38.79 0 0.585967 533.59 220.58 24.43 39.36 0 0.585227 748.40 121.69 22.07 41.69 0 0.585024 1507.45 682.11 30.39 34.92 0 0.582099 701.01 414.86 25.58 38.73 0 0.580381 1391.59 277.78 28.87 34.32 0 0.579210 650.62 121.55 23.63 38.05 0 0.563619 975.90 34.14 41.78 18.91 0 0.558001 783.99 198.64 29.05 64.56 1 0.549355 303.19 339.35 29.68 37.13 0 0.548765 500.44 222.97 26.30 39.31 0 0.548367 614.68 333.13 25.57 43.48 0 0.547998 437.39 429.03 25.26 40.02 0 0.545704 695.14 34.41 23.25 35.46 0 0.543974 1077.75 38.36 30.44 16.43 0 0.533940 420.29 331.88 29.47 45.07 0 0.533623 1531.32 603.03 33.43 44.41 0 0.533193 403.07 96.85 29.61 35.14 0 0.532542 1097.80 443.00 77.24 34.69 1 0.526068 1459.20 679.07 25.70 31.85 0 0.524297 1127.40 38.76 35.88 17.43 0 0.523766 676.73 296.48 22.42 34.90 0 0.519531 1633.20 687.19 22.38 19.13 3 0.519400 781.09 292.77 25.82 39.86 0 0.515830 534.23 32.78 26.62 36.78 0 0.508292 1416.69 200.77 28.19 32.29 0 0.505806 526.86 119.88 25.21 36.88 0 0.501326 1578.59 568.29 45.63 24.81 0 0.499107 685.99 213.88 24.72 44.15 0 0.490422 1429.30 243.31 28.28 30.33 0 0.489500 557.08 423.58 26.57 37.75 0 0.488978 739.06 215.19 22.99 43.33 0 0.487533 1453.63 316.96 30.45 33.66 0 0.480393 1389.36 107.04 28.01 26.38 0 0.477702 449.23 329.57 27.39 39.71 0 0.476075 615.82 422.38 26.06 35.42 0 0.472297 375.26 168.85 30.27 35.05 0 0.464305 426.28 61.61 24.08 33.03 0 0.462302 903.96 495.03 32.19 16.09 3 0.460493 1622.44 465.31 58.47 25.19 0 0.459136 319.95 295.20 32.83 39.39 0 0.459056 1616.89 1039.18 49.76 40.82 0 0.455081 1290.42 175.32 25.85 35.48 0 0.447696 651.02 96.30 25.58 37.55 0 0.444211 783.53 17.19 30.41 22.65 0 0.442350 830.32 37.24 27.19 45.48 1 0.437902 1362.50 9.87 35.62 26.42 0 0.428494 554.02 116.62 24.26 45.62 0 0.428005 465.48 427.08 28.49 44.02 0 0.425027 1316.88 302.98 27.21 34.14 0 0.422426 583.67 420.76 26.09 40.75 0 0.419358 739.74 186.67 21.57 36.65 0 0.418772 1409.83 176.65 32.16 28.02 0 0.415766 1889.49 464.82 30.51 25.09 0 0.414824 784.88 190.62 29.84 61.01 1 0.405234 1590.09 254.87 27.94 29.34 0 0.404766 1348.04 100.18 23.65 24.57 0 0.402381 1299.06 224.79 22.12 27.75 0 0.401831 1621.20 846.12 35.96 38.39 0 0.400070 670.90 220.34 24.65 41.37 0 0.396052 339.86 247.87 32.88 39.20 0 0.394848 687.23 194.30 23.81 40.39 0 0.389742 470.09 424.54 28.75 41.20 0 0.388665 715.49 183.74 20.52 36.45 0 0.387496 691.97 184.92 20.65 35.07 0 0.386599 1317.26 307.92 24.44 33.09 0 0.386041 757.90 209.09 26.34 53.55 1 0.383777 1311.11 251.57 26.11 31.33 0 0.379385 586.38 334.39 25.88 43.35 0 0.378932 1398.43 136.13 27.75 28.31 0 0.375063 1600.74 592.84 42.67 22.83 0 0.371533 656.02 229.85 25.84 34.79 0 0.370296 980.26 37.44 44.74 18.52 0 0.367942 793.84 115.52 24.55 46.48 0 0.356390 727.27 414.56 26.28 41.83 0 0.343712 356.94 203.74 36.76 38.96 0 0.340963 352.71 207.12 38.70 40.00 0 0.335752 1310.46 267.51 27.60 31.52 0 0.334405 1687.92 464.66 47.97 25.92 0 0.323195 1555.39 693.29 34.44 49.47 0 0.321754 1624.20 663.70 24.26 14.88 3 0.316518 463.30 225.00 23.42 26.72 3 0.309672 758.17 294.08 25.85 38.60 0 0.307936 731.53 416.17 27.64 40.26 0 0.307520 498.40 230.77 25.59 36.59 0 0.299747 1016.49 452.76 59.77 26.02 0 0.298731 1580.25 569.35 54.65 27.10 0 0.296645 1277.07 109.64 23.54 28.50 0 0.289208 1133.79 37.11 34.31 18.53 0 0.289090 385.55 147.34 30.48 34.44 0 0.284433 787.61 39.90 25.14 36.96 0 0.283281 641.99 186.63 22.35 31.22 0 0.281595 1620.56 829.92 39.29 35.78 0 0.279149 746.78 114.32 22.64 44.97 0 0.276156 649.18 463.27 17.46 23.33 3 0.275587 582.18 184.74 28.02 33.28 0 0.271087 1609.62 638.79 25.89 17.32 3 0.269705 537.71 34.73 29.06 37.74 0 0.269157 1414.17 84.73 28.90 22.90 0 0.268768 560.67 185.32 24.70 35.19 0 0.258836 0.13 481.29 49.62 25.97 0 0.257374 775.97 42.96 27.58 28.55 0 0.254980 736.86 189.14 22.44 44.34 0 0.253700 1171.36 43.46 26.01 18.70 0 0.250429 1489.61 374.52 24.93 25.86 0
23,0.781537 419.87 639.06 43.36 69.73 1 0.747207 1128.68 486.86 30.78 34.36 0 0.692113 393.34 370.28 42.95 62.66 1 0.691389 1101.52 446.83 33.74 32.54 0 0.670877 234.19 427.40 31.79 45.22 0 0.648647 232.07 654.68 34.07 47.46 0 0.644730 107.09 747.68 41.14 52.03 1 0.639651 863.25 818.30 66.97 37.26 1 0.624866 121.71 456.25 33.20 47.52 0 0.622030 474.11 914.67 39.57 59.95 0 0.614589 306.86 985.75 40.00 68.35 0 0.614423 1363.74 786.78 60.25 42.46 0 0.609690 449.81 745.55 36.63 54.36 0 0.597808 334.51 532.37 30.80 45.54 0 0.597295 61.05 610.33 33.26 52.05 0 0.589266 1600.32 58.50 26.92 23.45 0 0.584874 1627.57 82.75 27.91 26.08 0 0.582962 305.52 691.41 35.99 51.00 0 0.580306 560.83 320.29 47.66 24.36 0 0.572515 276.77 699.86 35.70 56.09 0 0.556757 52.94 942.84 44.09 74.69 0 0.554343 1765.08 480.22 47.45 34.91 0 0.554015 303.89 534.66 33.55 51.08 0 0.553765 97.01 600.48 32.07 47.81 0 0.553118 788.01 851.14 53.81 32.41 0 0.549937 238.12 1015.48 32.93 61.93 0 0.549599 974.73 463.90 30.59 32.31 0 0.542688 233.53 883.15 35.93 59.12 0 0.541673 542.81 891.49 37.70 47.76 0 0.539927 373.14 324.24 26.63 20.74 0 0.539870 420.01 755.45 32.72 56.37 0 0.538242 1037.21 329.13 31.04 27.78 0 0.537895 227.64 821.19 37.43 57.20 0 0.535316 1823.26 457.63 54.29 29.17 0 0.532745 1319.14 64.00 29.07 14.60 0 0.529997 1149.52 538.38 40.10 28.84 0 0.528542 220.30 568.13 29.96 47.58 0 0.528475 158.40 587.04 36.85 49.64 0 0.525461 326.75 793.84 32.64 48.20 0 0.525155 409.34 940.14 34.05 59.34 0 0.522258 323.66 625.84 29.42 46.42 0 0.521831 1012.21 296.05 30.65 25.86 0 0.520851 165.28 674.57 36.16 43.10 0 0.518429 351.58 617.72 30.25 48.62 0 0.517394 179.01 438.60 35.43 47.70 0 0.517164 339.08 849.18 36.42 58.07 0 0.511571 212.96 512.64 30.26 37.13 0 0.510128 996.80 504.55 34.19 38.88 0 0.510001 19.15 957.79 40.17 66.73 0 0.506294 1724.24 137.98 32.07 24.54 0 0.504903 155.35 577.29 35.45 48.92 0 0.502315 1652.55 116.24 29.27 27.42 0 0.500243 1358.47 992.39 54.20 59.32 0 0.499149 1059.25 368.43 33.24 28.64 0 0.498316 145.57 536.03 32.67 37.49 0 0.496500 355.43 781.78 31.90 48.05 0 0.495980 1163.76 346.47 32.83 19.45 0 0.493515 1079.44 39.28 29.30 23.14 0 0.486680 1079.38 407.68 28.44 29.90 0 0.484719 267.81 871.22 37.66 58.85 0 0.484375 718.58 281.53 43.59 20.57 0 0.481219 663.22 298.11 43.76 20.58 0 0.480486 1678.60 518.91 43.94 29.20 0 0.479894 1252.05 418.61 33.57 25.16 0 0.479866 442.19 929.01 33.04 60.63 0 0.478880 1106.58 37.30 24.06 20.53 0 0.477223 1099.39 453.96 36.84 31.73 0 0.477072 1683.45 513.13 44.87 30.90 0 0.475992 249.38 558.17 34.47 50.16 0 0.472208 953.23 180.94 31.27 28.54 0 0.464129 137.37 688.10 31.71 42.20 0 0.462495 60.44 717.12 33.28 45.36 0 0.462473 32.10 477.18 32.27 50.21 0 0.460897 1527.77 582.71 39.07 32.93 0 0.460864 1695.06 103.72 29.80 28.30 0 0.459521 1179.69 677.44 32.92 39.01 0 0.457702 348.55 402.73 31.21 43.73 0 0.452260 390.02 768.98 34.18 51.16 0 0.450511 213.55 525.39 27.62 36.94 0 0.444497 1734.55 605.62 44.06 27.52 0 0.444043 1016.15 297.71 32.47 22.49 0 0.442209 273.14 1003.18 34.68 64.39 0 0.441129 1626.14 18.73 29.61 23.65 0 0.440672 333.54 370.37 39.93 25.79 0 0.436751 1126.68 32.33 18.38 23.82 0 0.434543 1816.57 460.21 57.13 30.92 0 0.431940 1727.00 608.08 49.40 28.84 0 0.430542 1172.27 128.81 20.88 24.65 0 0.430239 390.99 1025.57 19.48 30.15 3 0.429535 293.62 634.50 30.89 47.53 0 0.419026 752.86 279.48 40.72 17.75 0 0.418075 1358.06 941.27 53.72 40.19 0 0.414906 726.85 280.23 48.69 19.87 0 0.413614 385.98 609.49 29.26 44.86 0 0.411199 1032.04 278.27 31.92 21.37 0 0.410622 942.11 411.14 31.68 34.27 0 0.410353 1603.96 15.23 30.39 22.76 0 0.409935 861.95 809.69 69.71 37.90 1 0.407068 1381.15 319.92 25.92 31.01 0 0.404449 996.08 200.54 26.88 28.33 0 0.402507 245.24 556.50 31.51 50.53 0 0.393321 1556.93 746.41 43.23 42.71 0 0.387154 478.56 302.65 24.33 14.08 0 0.383750 1721.94 505.18 36.88 29.23 0 0.381514 393.88 651.26 50.11 63.41 1 0.381041 1672.50 78.46 29.41 28.60 0 0.381001 1624.61 543.38 42.01 28.18 0 0.377689 178.97 724.90 36.86 57.47 1 0.376997 1529.66 0.00 27.27 13.21 0 0.376992 1725.71 499.15 37.92 30.02 0 0.372734 410.59 1019.47 18.75 29.88 3 0.371781 1255.02 421.16 34.52 24.88 0 0.369952 896.22 78.92 26.71 29.12 1 0.369780 3.54 732.69 41.27 29.63 0 0.367343 928.37 373.98 28.57 24.56 0 0.365620 1375.18 319.29 28.19 30.44 0 0.365416 1404.40 256.94 34.70 17.94 0 0.364972 1194.09 18.88 21.03 24.32 0 0.361357 1627.97 716.85 45.53 45.36 0 0.358800 136.39 681.60 32.08 40.79 0 0.358110 1890.74 0.00 26.62 30.88 0 0.356295 1455.60 724.32 48.15 31.94 0 0.352346 367.71 668.31 32.21 41.65 0 0.351347 1869.10 0.00 32.07 19.05 0 0.345393 1378.63 639.29 46.38 28.82 1 0.345180 394.83 517.45 38.08 48.64 0 0.343588 334.92 524.33 29.55 46.20 0 0.341780 1146.31 26.47 21.55 24.93 0 0.338881 417.54 592.37 33.11 48.73 1 0.338471 557.26 321.79 46.98 27.35 0 0.331866 776.88 860.06 53.24 33.69 0 0.330284 1769.26 475.67 45.71 33.00 0 0.330233 1742.75 488.24 41.41 32.35 0 0.327761 1635.50 542.04 42.93 27.99 0 0.323477 62.03 746.13 36.14 40.77 0 0.322501 426.21 644.66 45.67 64.19 1 0.320742 1677.94 148.14 36.90 29.69 0 0.320309 984.73 496.52 36.13 32.62 0 0.317318 100.83 608.06 30.52 50.31 0 0.316445 1578.68 33.74 27.04 20.84 0 0.313668 796.66 14.95 25.09 25.54 0 0.313625 1063.78 370.96 35.31 29.48 0 0.313542 1550.59 5.50 26.19 23.65 0 0.310648 1441.76 730.34 42.78 32.46 0 0.310194 961.08 199.37 29.43 27.49 0 0.309296 432.68 1012.59 18.43 31.30 3 0.308811 1829.43 453.57 52.05 26.55 0 0.300499 1662.30 81.34 28.30 24.11 0 0.298255 936.68 400.65 32.43 26.06 0 0.296175 397.70 659.36 33.66 56.41 1 0.295726 1718.98 64.49 28.73 26.48 0 0.295272 60.47 709.64 36.62 39.02 0 0.294803 329.98 785.58 35.10 54.54 0 0.294125 904.11 324.14 26.87 29.79 0 0.293539 1013.84 556.78 30.45 27.57 0 0.293073 1506.42 278.10 25.37 26.00 0 0.289354 367.06 323.80 28.53 21.32 0 0.285186 177.60 725.15 36.12 58.75 0 0.284675 393.26 511.19 35.57 43.87 1 0.277841 1077.48 402.58 31.43 28.28 0 0.277570 1028.48 254.23 28.86 23.59 0 0.276346 1419.55 868.31 25.97 27.63 3 0.275023 1652.33 121.28 30.76 27.37 0 0.273090 1464.14 721.32 47.70 31.04 0 0.273016 385.65 656.32 42.91 57.71 1 0.269704 343.81 400.98 32.18 42.49 0 0.262405 384.82 1036.52 20.85 26.46 3 0.262030 1008.13 283.10 30.37 21.83 0 0.260481 1037.04 333.10 32.68 30.97 0 0.256264 1407.20 629.12 46.99 30.15 1 0.251564 1737.40 133.78 36.03 24.10 0 0.250256 1636.31 54.39 29.09 25.59 0 0.250044 1232.42 14.85 23.43 22.59 0
24,0.710697 746.23 398.31 36.49 70.72 1 0.684469 1483.86 509.35 34.82 37.23 0 0.648038 1653.71 483.27 35.05 38.60 0 0.643754 544.80 554.13 33.17 51.92 0 0.638675 547.55 276.42 29.87 49.47 0 0.637807 766.91 294.75 26.29 42.26 0 0.636065 768.11 661.36 28.34 53.74 0 0.634995 1678.78 1017.36 25.65 22.60 3 0.632100 809.23 177.49 33.16 52.96 1 0.625438 817.42 131.24 21.80 19.30 0 0.623106 604.21 284.24 26.84 45.56 0 0.619042 994.61 723.01 66.86 31.78 0 0.618289 486.34 168.09 30.52 43.12 0 0.612114 523.62 503.99 28.53 44.98 0 0.608807 1342.71 531.57 30.95 46.54 0 0.608418 1463.47 411.94 28.29 35.13 0 0.598509 645.30 506.54 28.43 44.52 0 0.597930 641.86 368.90 23.83 35.92 0 0.596340 1434.41 286.61 27.08 33.43 0 0.596287 974.34 179.41 43.53 23.19 0 0.594990 673.26 506.50 28.75 46.05 0 0.591016 1080.65 722.48 86.41 37.53 1 0.590662 696.01 658.81 31.03 54.58 0 0.585372 1079.29 184.84 50.95 23.45 0 0.582455 1445.59 325.86 28.76 33.81 0 0.579937 1472.61 460.62 30.36 40.03 0 0.578314 353.39 549.90 34.09 51.49 0 0.576591 1658.48 12.86 27.75 24.48 0 0.574467 511.52 555.33 32.18 54.33 0 0.574419 501.17 363.92 25.01 37.68 0 0.573587 602.27 414.25 29.79 50.29 0 0.572975 732.88 507.86 30.95 47.79 0 0.571816 695.87 371.08 25.82 38.24 0 0.567249 410.84 76.30 26.87 33.75 0 0.560952 331.18 246.27 34.65 43.45 0 0.558964 663.23 178.69 26.38 43.07 0 0.558018 518.12 405.85 33.54 43.60 0 0.554900 322.97 549.79 32.44 48.50 0 0.553743 616.52 507.51 26.66 41.09 0 0.552278 1496.83 558.08 38.15 34.90 0 0.548177 667.78 368.66 28.26 39.56 0 0.546285 606.71 547.21 32.83 61.41 0 0.542503 1728.22 88.17 22.64 18.23 0 0.540154 1575.52 939.10 41.56 57.86 0 0.539799 568.16 173.59 27.11 39.01 0 0.537144 632.20 287.16 26.95 44.72 0 0.535437 246.63 438.70 39.26 40.57 0 0.529438 580.48 370.80 28.85 35.20 0 0.528738 710.75 286.38 25.61 46.62 0 0.520178 533.12 665.69 30.66 52.33 0 0.517382 366.04 669.22 37.64 53.39 0 0.514974 498.67 668.23 30.47 52.62 0 0.512858 1319.87 364.07 27.71 45.95 0 0.511115 329.42 669.54 35.05 54.15 0 0.510050 629.94 412.10 31.21 50.79 0 0.510028 264.13 384.32 40.10 46.17 0 0.506527 1627.00 187.56 42.60 22.91 0 0.505840 723.26 372.83 26.40 40.11 0 0.497651 1640.73 901.11 72.98 55.99 0 0.497607 613.74 178.44 26.67 37.26 0 0.496550 1674.18 78.73 21.63 25.06 0 0.494481 468.29 668.10 30.80 50.44 0 0.491564 195.90 551.42 32.30 44.56 0 0.490601 763.39 183.01 26.91 45.02 0 0.489380 1703.18 83.88 20.40 23.28 0 0.488595 460.25 407.86 30.27 44.36 0 0.485623 1675.24 995.16 28.86 22.23 3 0.478939 1142.59 188.32 38.11 21.17 0 0.464780 312.61 296.36 33.68 37.50 0 0.464560 707.98 509.68 26.94 43.49 0 0.462834 663.97 664.85 28.77 52.04 0 0.461625 1333.72 467.62 30.97 49.06 0 0.460734 1626.10 75.30 21.07 25.77 0 0.460709 634.58 660.56 30.25 53.33 0 0.459546 1578.77 356.89 40.82 20.59 0 0.459240 1453.09 370.79 33.81 29.29 0 0.454740 1779.71 18.70 24.19 21.12 0 0.454061 1702.26 760.56 55.73 28.20 0 0.452975 219.52 494.09 37.96 49.74 0 0.451385 526.26 361.24 31.04 38.81 0 0.451331 494.12 284.09 26.34 41.56 0 0.448107 1764.25 884.74 79.69 33.11 0 0.440127 562.04 174.45 27.16 38.93 0 0.439867 298.85 333.87 34.21 37.43 0 0.432968 1781.45 89.84 23.47 25.85 0 0.431369 911.08 135.20 22.45 17.45 0 0.429087 428.72 399.15 27.63 38.76 0 0.425316 1861.79 426.02 40.19 24.42 0 0.420406 427.30 406.50 31.14 43.21 0 0.417472 763.03 160.65 30.94 19.13 0 0.415207 356.09 197.10 32.42 43.01 0 0.415089 683.77 279.40 26.19 47.10 0 0.406469 1397.53 98.11 21.54 27.41 0 0.405323 1650.90 475.89 36.43 38.37 0 0.404488 1652.43 0.00 27.79 19.49 0 0.400621 1446.42 331.22 28.91 34.06 0 0.396392 1640.37 911.34 70.14 58.98 0 0.393964 1560.69 0.00 24.43 14.17 0 0.393512 962.09 137.17 28.49 18.53 0 0.390927 721.41 161.29 16.66 17.32 3 0.387884 465.35 286.34 27.81 37.25 0 0.385455 1711.00 19.45 30.77 20.76 0 0.381598 1309.67 313.93 30.42 37.04 1 0.381411 714.79 416.34 36.70 55.33 1 0.378716 1724.97 20.37 36.05 22.27 0 0.374853 588.40 369.47 28.49 34.74 0 0.371825 292.62 340.07 34.66 37.64 0 0.369586 423.69 423.06 32.18 37.58 0 0.369457 695.12 412.43 29.45 47.74 0 0.362713 980.28 180.60 46.45 24.70 0 0.360487 1747.26 19.17 27.82 21.44 0 0.360022 750.42 378.95 34.19 63.94 1 0.359935 754.83 370.18 31.08 49.70 1 0.356848 1533.04 1039.71 41.05 31.99 0 0.354445 1648.17 76.24 21.43 25.41 0 0.353483 1633.13 898.70 64.05 53.69 0 0.347188 1457.86 402.76 32.66 28.24 0 0.346580 1682.66 760.97 53.86 29.91 0 0.343826 1804.28 19.04 32.36 22.62 0 0.343443 1409.42 171.37 36.88 31.49 1 0.333074 1756.33 886.02 72.99 34.80 0 0.330877 538.43 660.12 33.21 52.93 0 0.326840 1389.47 59.34 25.01 24.70 1 0.318426 244.17 441.95 35.52 44.63 0 0.315728 1537.78 1042.71 40.61 32.20 0 0.314169 358.01 546.31 34.43 51.53 0 0.307830 1602.76 76.53 20.55 24.96 0 0.306306 627.14 729.96 20.24 23.15 3 0.298914 1841.74 92.54 23.85 23.83 0 0.296797 385.31 732.08 27.01 26.85 3 0.295418 1088.82 717.02 86.06 39.36 1 0.293915 1496.46 510.09 36.75 33.66 0 0.292237 1466.86 273.68 31.72 37.31 0 0.291812 609.00 181.63 26.79 38.20 0 0.290545 405.01 730.23 23.14 23.28 3 0.288319 1811.53 18.41 31.79 21.80 0 0.280371 657.11 181.32 28.51 42.51 0 0.278391 1502.79 579.87 34.13 27.43 0 0.275954 1658.56 479.29 36.12 40.50 0 0.274711 438.60 731.78 17.31 23.06 3 0.267776 1168.08 189.25 39.53 23.22 0 0.267455 553.61 728.87 22.41 30.05 3 0.266351 1420.58 130.58 21.75 24.10 0 0.265627 1462.93 284.13 33.36 34.58 0 0.265248 468.78 282.51 28.90 41.71 0 0.262722 1327.10 429.75 27.35 39.35 0 0.259651 1424.93 232.45 34.88 30.26 1 0.257031 1324.69 425.64 28.02 38.66 0 0.254817 1633.09 185.43 40.54 23.31 0 0.254612 1189.75 206.73 33.96 15.37 0 0.254296 1410.04 194.71 34.98 31.51 1
25,0.579220 40.61 102.36 36.99 23.31 0 0.570394 87.83 85.28 47.29 27.65 0 0.568890 45.55 304.26 48.07 31.22 0 0.561507 0.00 111.13 35.71 22.95 0 0.550190 76.27 290.53 52.90 34.42 0 0.547833 392.89 4.87 39.33 21.48 0 0.542333 283.26 34.15 40.59 22.22 0 0.541161 633.37 8.22 41.04 21.98 0 0.540968 188.57 160.09 51.86 24.81 0 0.471449 136.96 65.30 48.91 31.15 1 0.471287 170.83 564.99 13.28 18.58 2 0.469673 278.80 37.56 42.83 21.42 0 0.455903 439.88 66.65 41.87 22.32 0 0.406890 575.17 204.25 33.76 48.33 0 0.404440 262.98 597.55 17.66 21.95 2 0.345111 262.98 604.71 17.53 20.38 2 0.323515 53.03 302.01 48.83 38.46 0 0.317638 305.04 609.25 15.64 19.86 2 0.309187 741.44 682.71 14.60 11.70 2 0.306932 231.74 596.15 16.79 21.03 2 0.297713 173.76 681.27 19.99 20.84 2 0.272231 186.67 163.82 50.24 24.85 0 0.266139 443.44 63.15 41.12 23.09 0 0.260850 248.71 679.57 15.61 14.57 2 0.252595 215.16 679.90 17.15 18.79 2
26,0.667513 1027.25 112.38 17.30 28.34 2 0.567782 1009.84 103.07 16.24 27.61 2 0.529226 1068.28 154.12 22.31 28.95 2 0.505229 592.46 0.00 13.85 20.69 2 0.474095 940.25 123.67 19.44 28.24 2 0.452456 909.08 15.62 18.35 25.10 2 0.435940 939.04 104.40 22.52 27.78 2 0.387651 927.91 23.64 16.22 24.37 2 0.368512 909.28 224.97 19.81 26.10 2 0.368469 1034.50 172.47 22.50 26.20 2 0.365148 844.03 170.50 17.81 27.98 2 0.363695 1068.80 145.01 20.10 30.63 2 0.361463 1176.18 157.11 13.54 17.87 2 0.350083 1095.26 118.03 22.06 23.25 2 0.342572 1165.72 190.63 17.29 20.43 2 0.338278 1089.57 10.51 15.57 20.86 2 0.331493 906.32 378.79 14.37 21.44 2 0.298080 590.06 0.00 15.29 17.95 2 0.293703 204.13 478.17 18.42 15.44 3 0.288149 219.13 382.91 19.37 14.86 3 0.278993 891.01 164.65 18.47 20.97 2 0.278616 860.57 503.62 19.09 21.67 2 0.274368 617.34 0.79 18.80 22.70 3 0.267201 1293.07 26.96 17.18 16.68 3 0.260092 872.67 440.82 23.54 27.64 2 0.259527 890.69 192.57 20.14 23.59 2 0.257524 869.27 375.85 17.91 27.02 2 0.256281 1057.42 156.12 24.27 29.28 2 0.250781 859.60 499.77 19.62 22.12 2
27,0.870035 612.94 750.06 47.66 72.95 1 0.651838 273.92 224.18 48.60 28.32 0 0.603060 336.09 244.40 49.27 31.35 0 0.581339 443.31 288.07 41.96 29.05 0 0.567795 0.77 111.62 47.39 27.75 0 0.566726 936.45 413.62 48.39 26.43 0 0.561445 957.78 196.57 27.18 34.39 0 0.552525 560.44 386.24 47.35 26.58 0 0.544510 1059.68 196.57 50.24 30.25 0 0.544454 586.92 846.64 34.00 40.24 0 0.539084 605.02 348.67 44.58 28.65 0 0.532046 584.35 168.48 49.06 29.51 0 0.527774 471.72 440.53 43.17 35.46 0 0.518740 931.51 418.15 52.79 26.01 0 0.515869 210.33 344.25 51.81 34.12 0 0.508109 220.19 348.34 53.04 36.24 0 0.507255 579.61 858.00 33.67 42.80 0 0.505868 328.61 398.48 58.86 32.57 0 0.503758 496.71 305.74 46.21 27.43 0 0.498600 855.36 543.16 46.73 28.09 0 0.492065 546.92 329.71 45.99 27.56 0 0.491194 38.55 1014.96 63.70 37.06 0 0.485999 4.52 408.51 46.74 64.03 1 0.479121 449.82 433.24 43.15 36.99 0 0.479034 958.35 316.55 23.49 34.16 0 0.476710 502.63 312.33 42.97 29.04 0 0.451796 704.38 372.48 39.54 24.64 0 0.447620 633.97 1.74 36.66 28.34 0 0.443976 434.56 280.08 38.20 27.20 0 0.443533 1163.49 559.09 41.57 24.20 1 0.433413 600.63 350.97 44.28 28.92 0 0.427042 1025.65 270.56 52.97 26.51 0 0.423863 283.79 365.85 33.69 34.01 0 0.423679 962.50 291.27 27.41 34.15 0 0.418862 519.13 470.97 48.56 28.44 0 0.415043 109.93 1010.68 77.32 48.38 1 0.415029 841.13 310.91 33.00 29.13 0 0.411688 961.82 29.97 30.08 32.96 0 0.409693 321.04 393.31 61.95 34.61 0 0.401841 0.00 422.45 48.28 71.96 1 0.399499 391.42 267.97 48.60 30.12 0 0.396304 406.14 422.35 45.81 33.71 0 0.389337 310.08 386.36 60.56 37.22 0 0.385463 633.39 0.00 38.52 23.95 0 0.379953 580.53 850.06 37.54 45.35 0 0.375202 1030.48 231.35 63.99 35.73 1 0.370387 8.69 1055.06 68.44 24.94 0 0.366876 893.65 509.19 62.59 35.56 0 0.365801 504.51 17.21 27.26 34.95 0 0.358680 53.14 972.13 70.03 35.16 0 0.356167 412.10 427.08 52.43 35.18 0 0.350618 101.33 151.23 51.86 35.06 1 0.345290 1513.57 56.97 23.35 27.64 0 0.331096 917.41 126.73 31.36 40.75 0 0.330894 230.72 1057.31 65.13 22.69 0 0.330341 915.79 134.87 30.31 41.91 0 0.325006 926.78 0.00 38.70 13.36 0 0.323807 866.25 547.13 46.02 26.45 0 0.321480 554.34 336.98 43.27 27.75 0 0.304305 962.86 187.94 27.78 33.75 0 0.302082 962.53 21.01 32.48 31.82 0 0.293265 561.50 380.48 45.52 28.46 0 0.289264 230.44 1049.98 61.38 28.10 0 0.285311 1756.57 762.67 20.18 18.49 3 0.281479 976.91 0.00 33.16 15.97 0 0.279469 47.58 989.41 72.83 39.02 0 0.277766 500.43 22.20 27.67 33.22 0 0.264414 580.17 163.12 47.56 28.64 0 0.261875 422.96 427.87 48.04 37.39 0 0.259365 151.33 168.28 46.46 32.31 1 0.258000 844.63 295.29 32.37 33.87 0 0.257810 1781.01 774.04 16.66 23.58 3 0.252885 950.73 490.90 32.99 27.31 0
28,0.516313 786.83 449.62 15.68 20.09 2 0.511459 957.69 696.89 13.96 14.12 2 0.503305 526.12 442.71 12.93 18.71 2 0.454094 786.20 452.74 16.34 20.71 2 0.442986 516.80 344.12 16.10 14.72 2 0.415689 684.07 660.94 15.77 20.93 2 0.411712 828.01 673.60 19.24 21.32 2 0.410827 489.36 439.28 15.05 19.00 2 0.387828 690.60 628.76 12.38 18.68 2 0.352228 400.22 423.66 17.68 21.70 2 0.341973 654.96 540.14 16.06 20.39 2 0.321576 509.22 447.34 13.25 19.07 2 0.314921 834.30 674.64 17.72 21.07 2 0.314131 1072.59 613.77 15.12 19.21 2 0.306393 583.14 564.70 15.20 20.45 2 0.282638 533.80 560.01 14.22 19.13 2 0.274347 607.13 528.63 13.38 16.58 2 0.273588 960.53 407.44 19.61 17.89 2 0.257049 422.83 441.06 19.71 19.56 2 0.255232 456.33 488.08 20.28 21.82 2
29,0.560566 278.65 39.95 38.12 20.90 0 0.503822 329.30 23.02 38.25 21.50 0 0.496466 375.63 5.18 42.13 22.81 0 0.484810 467.34 150.99 46.78 23.35 0 0.463111 430.76 158.26 52.16 26.28 0 0.456414 339.40 204.67 47.62 23.92 0 0.439388 427.07 167.08 52.30 23.33 0 0.419468 150.63 280.34 36.25 20.98 0 0.410976 925.86 263.19 11.98 15.50 2 0.341096 888.97 533.32 14.04 16.40 2 0.330293 371.55 10.22 41.38 22.34 0 0.329315 957.69 481.35 12.26 12.92 2 0.327386 120.54 669.51 15.02 16.01 2 0.325630 1297.27 467.62 11.76 15.34 2 0.323149 423.04 0.00 46.39 18.93 0 0.308110 0.15 70.32 24.38 21.14 0 0.282960 272.38 40.38 38.85 22.12 0 0.265481 877.32 608.36 18.62 24.45 2 0.258674 0.00 36.84 16.74 26.08 0 0.252215 832.40 683.09 25.23 17.83 3
30,0.535985 394.87 184.60 57.94 26.35 1 0.427984 279.80 203.10 17.59 28.90 3 0.394382 1202.54 193.08 17.77 19.30 2 0.358903 1031.20 143.31 28.91 15.41 0 0.346099 995.17 145.93 27.87 20.42 0 0.345902 1198.41 193.53 19.46 18.09 2 0.322581 992.83 144.90 25.22 22.56 0 0.319991 306.51 197.20 18.53 29.35 3 0.299281 990.10 632.15 14.75 15.82 2 0.277429 1017.86 197.52 26.97 21.79 2 0.268243 324.25 310.35 20.62 20.16 2 0.254256 1294.70 265.45 19.91 22.75 2 0.253858 996.95 149.73 26.78 22.87 0
31,0.697475 873.29 590.01 35.98 33.44 0 0.695546 839.71 556.41 41.72 33.90 0 0.690547 186.63 977.20 65.74 72.35 1 0.683563 707.40 985.16 76.57 63.97 1 0.638815 668.44 558.24 41.20 37.63 0 0.633858 1156.71 961.08 49.15 39.70 0 0.633566 739.06 450.67 39.24 31.12 0 0.624988 905.41 629.14 44.75 32.33 0 0.616499 529.33 228.36 30.05 24.41 0 0.614235 27.53 731.52 38.94 52.05 0 0.611843 608.06 483.20 39.37 34.89 0 0.611508 1433.60 416.52 38.00 30.05 0 0.607974 379.55 63.50 31.11 28.12 0 0.605723 49.91 888.24 53.34 47.09 0 0.602226 749.71 645.84 47.10 42.97 0 0.601561 0.00 699.10 52.31 32.12 0 0.597874 112.13 837.64 55.79 56.92 0 0.597604 1766.90 124.11 36.91 28.41 0 0.592656 665.64 439.10 35.97 25.43 0 0.589145 814.40 203.50 29.78 22.34 0 0.587816 706.00 413.90 36.49 31.44 0 0.580829 804.49 518.65 37.16 32.26 0 0.579862 72.33 694.57 62.40 53.58 1 0.556313 1219.17 34.07 33.66 23.19 0 0.551227 1.97 704.31 46.77 31.60 0 0.549598 715.31 604.79 35.83 36.04 0 0.545651 1169.36 821.31 53.77 28.75 0 0.531831 1333.14 504.40 36.60 32.26 0 0.529443 742.00 635.24 47.28 38.17 0 0.522296 348.30 511.14 46.91 30.04 0 0.520587 716.56 60.05 30.15 18.68 0 0.520138 1262.38 563.14 40.84 37.19 0 0.518629 761.78 33.56 30.89 23.06 0 0.518596 37.95 1017.00 41.31 48.90 0 0.507554 102.74 971.08 44.69 51.79 0 0.506643 652.59 460.98 33.26 31.12 0 0.506091 766.34 109.34 21.38 27.63 0 0.496853 694.15 40.74 30.84 19.27 0 0.487331 387.50 86.46 31.54 24.97 0 0.486859 1315.13 98.76 36.12 24.34 0 0.484876 24.71 635.82 36.36 27.54 0 0.483882 1475.71 373.53 45.96 34.39 0 0.483448 69.19 991.20 43.40 52.86 0 0.477611 971.64 479.64 39.35 32.18 0 0.472802 893.29 55.24 19.51 27.41 0 0.466273 1295.32 537.42 40.09 29.93 0 0.464488 774.95 486.02 40.48 32.14 0 0.453469 1384.23 679.30 37.47 35.30 0 0.452888 135.48 1018.83 40.75 52.26 0 0.451836 673.19 563.41 41.01 34.30 0 0.450855 1676.40 195.77 34.80 27.18 0 0.447208 809.84 13.35 33.86 19.13 0 0.446165 870.85 61.19 21.76 30.92 0 0.445269 908.76 389.51 27.53 30.58 0 0.444643 39.77 885.12 57.38 51.87 0 0.443325 403.68 485.38 45.87 28.22 0 0.442896 247.14 571.18 56.60 29.83 0 0.442620 1115.37 904.75 37.77 41.41 0 0.440390 1379.79 465.44 41.61 33.05 0 0.438867 781.71 691.46 47.68 36.80 0 0.437523 134.67 951.88 45.68 51.37 0 0.436209 596.55 90.78 28.04 16.91 0 0.435636 19.22 904.33 48.32 50.49 0 0.434906 791.42 101.52 18.17 27.34 0 0.434123 1164.29 892.14 32.17 39.02 0 0.433067 166.73 988.32 56.04 72.49 1 0.432994 45.95 880.29 49.37 49.83 0 0.432789 1402.45 443.80 42.99 33.12 0 0.431162 1872.13 37.47 29.36 18.96 0 0.428163 723.44 102.96 24.93 22.84 0 0.424580 1066.97 362.30 31.45 33.54 0 0.421597 745.03 640.84 48.85 41.71 0 0.420196 639.77 521.94 37.45 32.76 0 0.419628 1757.92 135.61 32.81 26.55 0 0.417462 31.89 635.56 32.65 25.86 0 0.413963 658.28 57.25 32.90 20.61 0 0.412697 237.53 576.07 58.15 35.30 0 0.412604 1251.52 88.69 28.81 25.27 0 0.412220 160.16 1003.06 51.33 60.05 1 0.411667 1435.58 542.44 41.57 24.71 0 0.409853 160.64 925.76 56.89 57.04 1 0.404622 10.52 895.72 55.03 51.77 0 0.403695 1216.82 65.71 32.28 22.06 0 0.401261 1285.01 77.85 27.79 25.65 0 0.401169 1466.46 384.28 37.38 36.41 0 0.394595 1252.24 1048.87 65.79 29.17 0 0.393198 1282.79 123.85 41.77 25.49 0 0.389168 1372.81 471.67 37.47 30.03 0 0.389064 1191.61 5.59 29.38 23.73 0 0.388958 407.25 481.25 47.57 30.95 0 0.388230 1254.01 56.31 29.43 22.00 0 0.387242 747.88 111.56 23.34 26.70 0 0.381519 1239.11 35.71 30.55 23.84 0 0.381235 970.04 474.11 39.11 33.20 0 0.380990 1241.73 721.54 36.98 32.05 0 0.377554 1239.03 12.89 33.29 26.18 0 0.371921 1261.29 60.15 30.09 23.64 0 0.370379 1274.78 109.80 36.11 27.20 0 0.367121 698.26 139.94 30.76 26.12 0 0.366716 966.83 469.75 34.40 32.97 0 0.366388 714.65 136.29 26.59 22.19 0 0.365875 1130.10 5.03 33.23 23.63 0 0.364696 615.50 314.58 40.90 31.80 1 0.361424 543.62 114.91 32.12 29.27 0 0.360740 607.03 112.43 26.50 15.45 0 0.351925 1457.32 247.22 40.43 33.89 0 0.351180 200.55 976.86 56.70 66.15 1 0.349650 748.01 122.68 22.76 25.11 0 0.349353 1644.65 227.21 33.14 21.81 0 0.348653 708.05 41.47 30.39 20.12 0 0.348556 1259.08 571.47 35.56 36.06 0 0.347578 1107.15 867.44 34.24 44.42 0 0.347257 652.83 451.50 34.08 29.41 0 0.345167 956.28 0.00 36.69 10.80 0 0.338426 766.45 8.20 29.11 20.92 0 0.337990 190.44 969.51 57.07 68.09 1 0.337873 777.21 30.10 31.60 23.54 0 0.337280 534.69 123.19 32.21 30.41 0 0.331398 1231.02 871.24 27.75 30.71 0 0.331145 1304.00 533.90 34.44 28.62 0 0.330198 1327.41 720.21 42.78 41.73 0 0.329663 784.04 695.35 50.11 37.50 0 0.329419 1236.83 874.53 27.42 31.49 0 0.328485 833.73 548.23 42.72 30.63 0 0.324700 1112.90 877.42 36.10 43.72 0 0.324129 412.57 475.29 55.52 29.17 0 0.321776 1229.10 746.86 27.85 26.49 0 0.320755 240.08 573.10 58.50 31.62 0 0.318365 912.43 108.71 31.56 22.08 0 0.318150 669.03 14.89 35.42 24.48 0 0.315809 538.39 121.54 35.69 30.44 0 0.312938 1145.65 892.99 31.13 41.04 0 0.310025 664.89 345.28 40.07 31.56 1 0.309675 811.13 89.87 22.15 29.12 0 0.308963 1803.55 92.50 31.28 26.44 0 0.307719 647.35 58.20 33.13 19.86 0 0.303259 1416.73 425.86 40.34 28.42 0 0.302687 1699.94 109.00 37.00 27.99 0 0.302640 641.39 526.86 40.14 31.19 0 0.298765 1316.73 93.97 33.52 24.13 0 0.291709 1250.45 99.95 29.14 23.84 0 0.291195 1200.35 59.62 34.07 20.83 0 0.289945 1292.46 34.14 28.30 20.06 0 0.289756 1105.15 913.90 38.03 34.84 0 0.288983 668.26 377.87 39.14 26.24 1 0.283979 519.72 201.08 29.07 23.06 0 0.283715 1145.50 10.23 29.21 24.49 0 0.281670 1155.18 875.22 30.48 41.39 0 0.277213 1102.02 857.86 31.83 42.33 0 0.273595 669.60 428.97 31.82 26.43 0 0.271542 87.01 979.64 49.00 51.55 0 0.269616 86.78 693.63 53.06 49.47 1 0.268595 624.32 81.84 26.84 18.50 0 0.268063 0.00 653.31 23.65 27.10 0 0.266483 1143.95 666.57 37.85 36.17 1 0.266238 1130.93 679.72 38.85 38.60 0 0.265782 1728.58 155.73 29.28 23.41 0 0.264454 1341.82 1060.34 42.41 19.66 0 0.264151 1139.54 671.44 37.16 37.03 0 0.264081 1117.48 893.41 38.69 42.54 0 0.263740 1889.78 113.47 27.04 25.26 0 0.263281 1192.28 542.99 35.83 26.66 0 0.262573 1066.32 283.99 32.95 20.43 0 0.261492 564.83 259.40 29.44 27.90 0 0.261225 928.74 107.86 29.34 20.05 0 0.261204 691.52 146.41 27.53 24.17 0 0.258023 1472.30 376.85 46.45 37.67 0 0.256741 702.09 413.67 34.50 29.18 0 0.254846 1175.00 637.46 35.86 35.27 1 0.254227 1246.03 715.86 34.76 30.87 0 0.251971 639.27 342.03 34.39 31.19 1 0.251027 65.03 161.93 37.24 20.90 0
32,0.674023 994.33 825.51 49.36 27.20 0 0.668639 627.54 699.54 44.87 32.09 0 0.651664 310.30 680.52 48.55 35.29 0 0.636683 678.75 727.99 43.53 32.86 0 0.635003 30.48 795.28 48.34 38.51 0 0.633105 443.98 601.05 47.37 34.14 0 0.578431 581.76 673.44 47.31 33.14 0 0.578047 65.41 449.60 39.71 21.75 0 0.575485 1139.73 629.70 43.55 26.43 0 0.575036 399.23 578.07 43.10 27.35 0 0.569106 906.89 83.18 39.60 23.70 0 0.562733 878.56 111.41 40.17 26.44 0 0.557859 183.89 455.09 41.37 32.95 0 0.552780 807.33 79.15 33.98 20.92 0 0.551997 754.21 418.88 38.84 23.77 0 0.549192 1068.99 979.37 80.39 46.06 0 0.548076 565.03 830.44 58.60 40.37 0 0.539802 437.84 181.39 26.79 27.84 0 0.534917 618.50 448.81 29.95 35.83 0 0.533239 685.36 555.57 50.10 31.80 0 0.532626 400.22 205.48 25.64 26.78 0 0.530121 534.47 649.34 41.24 31.83 0 0.519698 1054.37 472.52 31.11 22.03 0 0.509879 83.29 741.61 48.65 43.72 0 0.502223 382.64 225.69 25.46 26.22 0 0.498745 851.12 881.50 54.08 31.55 0 0.498554 612.78 791.12 50.07 33.53 0 0.497685 1001.73 557.26 33.98 25.43 0 0.497050 1031.73 703.38 27.53 29.87 0 0.495079 805.90 36.76 34.60 22.13 0 0.493544 532.93 62.48 29.30 21.38 0 0.481819 26.04 733.29 31.17 26.08 0 0.478168 761.76 32.74 34.32 19.14 0 0.477196 396.71 732.81 56.18 40.43 0 0.474280 913.32 701.52 33.64 31.22 0 0.472724 361.50 234.92 28.96 27.71 0 0.470999 137.49 432.83 39.79 27.25 0 0.469508 839.24 62.24 31.43 21.00 0 0.454521 1098.23 688.83 45.04 29.01 0 0.452206 449.51 307.69 32.35 28.56 0 0.448763 283.15 260.28 29.97 26.49 0 0.439973 329.73 156.13 34.67 27.86 0 0.438554 178.92 278.75 30.45 22.75 0 0.437399 639.31 18.58 39.93 20.42 0 0.432781 765.34 18.52 36.42 19.08 0 0.431165 1147.82 486.41 32.62 26.08 0 0.430029 488.42 624.15 44.65 31.39 0 0.429857 473.17 151.87 27.60 25.84 0 0.428840 734.00 16.82 37.65 19.65 0 0.426282 524.35 795.11 45.86 37.51 0 0.421811 368.68 520.69 36.30 25.49 0 0.420018 1029.79 518.11 29.46 19.24 0 0.417959 614.51 452.42 29.71 37.81 0 0.413356 191.33 236.51 36.47 24.91 0 0.412983 695.46 4.82 36.55 22.46 0 0.410264 1103.52 371.54 34.33 23.91 0 0.408028 284.71 197.08 33.77 21.39 0 0.400954 747.50 416.81 40.13 24.27 0 0.400746 707.04 38.91 34.42 19.34 0 0.397244 25.26 797.89 50.34 42.04 0 0.395141 1008.40 547.20 34.79 25.78 0 0.384932 454.80 172.82 29.29 29.87 0 0.383763 135.66 427.24 36.07 28.01 0 0.365627 946.27 0.00 36.81 14.37 0 0.364294 215.63 208.96 38.97 23.44 0 0.360943 616.42 794.77 51.25 36.23 0 0.360611 1148.48 475.42 29.11 21.55 0 0.352860 1094.73 391.99 31.45 21.59 0 0.352769 861.15 66.45 34.17 23.22 0 0.352071 1076.65 424.71 35.63 23.50 0 0.350074 313.94 278.65 34.40 26.80 0 0.347749 336.64 256.33 29.30 22.66 0 0.347253 321.63 268.73 32.30 26.43 0 0.346596 1046.24 486.59 29.02 21.19 0 0.344662 518.69 194.66 27.90 27.56 0 0.342463 112.41 304.91 44.62 31.55 0 0.340610 110.43 315.07 44.96 34.65 0 0.334085 257.57 182.32 31.18 20.95 0 0.333181 331.09 132.73 34.22 27.19 0 0.322685 303.79 291.18 33.02 24.40 0 0.321908 883.33 737.90 24.27 26.53 0 0.320589 472.28 773.36 42.87 38.62 0 0.320214 991.45 908.15 51.17 36.74 0 0.308835 363.87 712.59 42.26 31.20 0 0.307182 1109.55 659.14 44.73 29.98 0 0.307122 381.89 569.24 41.53 25.85 0 0.305346 447.06 310.23 30.11 31.32 0 0.303081 20.97 521.13 25.20 16.81 0 0.302586 491.81 778.86 48.93 41.04 0 0.302218 342.02 145.68 38.59 27.50 0 0.297468 213.23 174.14 35.19 23.73 0 0.297468 99.07 403.83 36.31 25.96 0 0.294728 292.58 155.32 28.57 24.01 0 0.293270 1126.52 633.73 49.86 28.73 0 0.293094 1139.84 312.36 29.13 36.15 0 0.288707 269.31 489.37 43.83 32.14 0 0.287567 612.11 787.79 47.76 30.74 0 0.284317 165.91 258.80 33.55 22.77 0 0.283307 80.04 747.11 45.10 42.62 0 0.283244 947.76 777.78 29.78 29.73 0 0.282689 163.22 272.53 36.92 24.44 0 0.281948 457.42 161.16 29.51 29.70 0 0.281948 403.49 738.37 52.31 37.77 0 0.281076 1314.85 11.71 30.89 20.86 0 0.277048 272.93 267.44 32.53 26.11 0 0.276823 374.00 122.12 37.43 25.50 0 0.276058 578.13 668.16 44.95 32.93 0 0.275377 980.58 898.10 59.44 38.79 0 0.273095 118.53 304.64 45.51 28.24 0 0.272020 1025.04 732.80 24.49 23.53 0 0.271569 1223.35 999.73 58.10 30.36 1 0.267557 274.46 507.32 49.14 34.17 1 0.265569 291.65 297.62 29.49 20.91 0 0.264521 1027.62 438.42 32.72 21.81 0 0.264473 693.34 34.39 40.67 20.72 0 0.264204 1211.55 995.64 46.97 31.11 1 0.262879 400.12 569.65 43.17 28.59 0 0.262626 28.38 805.66 40.91 37.58 0 0.260654 526.91 641.83 44.51 31.15 0 0.258416 997.32 830.28 51.50 24.59 0 0.257518 854.29 102.80 39.04 24.18 0 0.256777 198.70 244.93 34.06 25.01 0 0.256123 356.81 240.91 30.56 25.29 0 0.254147 917.62 692.63 35.65 34.59 0 0.252739 1251.70 17.76 27.74 15.33 0 0.251795 796.32 84.79 37.64 22.16 0 0.251015 940.01 796.69 31.69 28.31 0
33,0.779367 1087.98 333.38 35.01 51.07 1 0.590076 567.27 605.69 61.93 32.06 0 0.567379 1102.76 208.99 25.38 32.29 0 0.555483 1101.30 213.00 26.23 33.96 0 0.545592 823.56 173.96 37.56 21.11 0 0.536161 1069.29 489.74 27.33 43.19 0 0.519081 1106.22 161.89 24.97 30.92 0 0.515418 103.34 173.17 16.74 16.75 2 0.514684 1054.84 630.51 30.69 55.47 0 0.513838 724.57 94.90 47.01 35.39 1 0.485303 1094.20 290.20 23.75 35.27 0 0.469053 1230.42 355.01 71.26 40.58 1 0.443779 817.14 203.98 32.54 21.55 0 0.397228 390.57 145.22 10.77 15.71 2 0.394418 851.04 11.62 38.97 21.60 0 0.393647 1098.11 251.17 22.85 31.08 0 0.390924 401.91 23.43 14.60 15.48 2 0.377680 1218.51 511.25 38.09 65.90 1 0.369180 351.76 27.08 13.86 18.91 2 0.352451 819.03 198.29 33.22 21.60 0 0.336328 1216.03 518.04 38.26 94.90 1 0.321542 723.19 94.54 40.88 27.02 1 0.318326 418.17 2.16 14.97 17.66 2 0.308032 54.07 27.27 15.54 19.88 2 0.287054 850.20 16.21 39.77 21.85 0 0.267789 383.52 46.66 15.66 18.73 2 0.266436 490.77 112.30 10.83 14.43 2
34,0.686421 739.07 577.01 19.99 21.80 2 0.655216 655.63 507.29 15.92 18.31 2 0.505359 591.20 143.10 13.49 18.11 2 0.457954 655.93 500.80 15.76 18.72 2 0.451612 691.44 190.91 15.74 19.73 2 0.431485 549.74 494.03 21.82 20.66 2 0.431285 450.98 527.65 16.53 17.85 2 0.425044 358.03 271.84 15.54 23.55 2 0.415176 1239.91 162.27 34.75 46.86 0 0.411355 487.58 275.12 14.50 15.89 2 0.393042 1117.26 317.80 40.06 33.09 0 0.373249 489.08 390.54 11.93 16.40 2 0.366255 1226.24 192.66 40.62 33.47 0 0.364112 536.46 448.88 15.43 18.57 2 0.359711 564.47 455.64 16.86 22.33 2 0.356875 701.95 511.07 18.01 19.18 2 0.349132 509.70 422.85 14.17 18.91 2 0.335185 534.16 297.73 14.32 18.79 2 0.333442 541.52 426.05 13.62 16.52 2 0.319486 523.90 189.10 12.29 20.50 2 0.316766 726.29 557.26 16.94 19.98 2 0.312425 759.42 546.21 17.20 21.51 2 0.311593 733.18 563.52 18.30 21.86 2 0.289402 807.50 558.84 14.66 20.07 2 0.287237 694.65 531.18 19.00 21.22 2 0.284238 785.83 556.66 16.69 21.36 2 0.273624 501.75 463.68 18.41 20.23 2 0.252351 536.75 311.34 14.04 16.99 2
35,0.834131 586.24 682.70 40.31 66.70 1 0.657652 817.82 232.09 16.37 19.35 3 0.649434 483.20 268.07 56.95 29.39 0 0.639115 366.23 238.18 52.39 33.83 0 0.616714 916.54 62.76 69.19 35.05 1 0.598847 174.06 194.34 55.90 32.58 0 0.577487 913.19 104.29 62.10 30.80 0 0.563175 103.07 177.73 55.22 31.05 0 0.542127 294.00 220.26 49.21 34.38 0 0.532346 425.28 253.57 52.67 29.59 0 0.529213 854.40 141.23 30.43 47.64 0 0.519597 572.30 787.25 31.42 45.24 0 0.512799 460.66 1016.48 52.40 33.04 0 0.511393 418.19 62.01 59.22 31.50 0 0.510837 744.39 92.55 28.51 54.77 1 0.490111 419.60 409.98 64.44 31.43 0 0.478528 359.98 387.85 56.75 35.14 0 0.466223 351.84 385.99 54.53 32.78 0 0.465324 257.59 1033.99 64.76 31.86 0 0.453982 219.99 362.19 56.80 31.59 0 0.450920 571.45 778.49 33.13 43.29 0 0.441610 731.53 155.63 31.36 58.70 0 0.439005 67.52 323.87 48.97 32.65 0 0.437665 583.71 685.87 36.36 71.52 1 0.430161 233.70 206.83 61.86 32.88 0 0.427816 80.94 323.60 53.33 36.03 0 0.418318 1.58 151.79 23.86 35.41 0 0.410602 197.03 358.36 65.33 32.47 0 0.395579 850.47 358.25 50.64 36.16 0 0.394504 292.45 376.76 48.71 32.75 0 0.387620 357.28 232.47 54.69 31.78 0 0.384527 1097.47 389.96 40.99 32.91 1 0.362871 1757.83 521.45 18.23 20.59 3 0.359210 63.60 1033.50 63.01 27.87 0 0.357029 295.61 51.05 29.89 46.09 0 0.348104 130.64 1005.11 78.09 45.54 1 0.343997 68.30 1025.88 61.19 29.73 0 0.341276 0.00 966.03 21.73 37.60 0 0.334142 75.28 990.98 62.56 37.19 0 0.332551 141.55 338.85 47.82 34.36 1 0.320002 1113.46 388.94 61.09 34.00 1 0.319259 913.10 297.41 23.77 25.44 3 0.312350 845.78 351.23 54.45 37.26 0 0.312079 733.53 156.42 32.39 59.03 1 0.307922 846.84 277.36 53.22 31.76 0 0.305285 152.64 341.38 41.61 33.48 0 0.302593 259.73 1025.69 64.26 30.05 0 0.302366 182.05 349.77 66.35 33.18 0 0.298433 930.77 15.47 66.79 35.57 0 0.294526 59.36 1057.76 59.96 22.24 0 0.289901 416.83 64.83 64.47 35.52 0 0.284411 252.96 1059.22 64.58 20.78 0 0.271748 853.00 159.12 27.39 51.68 0 0.261445 1727.88 518.81 18.38 20.37 3 0.253803 416.49 404.09 67.06 33.24 0 0.251559 489.15 270.03 58.25 31.91 0
36,0.805594 449.51 911.51 43.51 78.73 1 0.704428 625.46 964.96 35.91 86.19 1 0.693458 605.77 737.37 39.47 68.93 1 0.683628 1607.89 587.53 40.63 55.97 0 0.681884 597.37 605.20 35.75 60.64 1 0.654011 1672.42 584.26 42.96 57.44 0 0.651902 1023.64 216.01 29.08 39.90 0 0.642556 1638.12 721.51 46.45 65.53 0 0.641841 959.61 345.84 29.20 49.88 0 0.641592 1127.98 338.99 30.86 50.60 0 0.635473 867.24 357.84 25.93 48.24 0 0.634118 1547.00 687.69 40.02 56.05 0 0.631289 1599.83 341.33 36.60 57.18 0 0.629126 1662.43 455.16 40.57 50.25 0 0.629004 1029.43 339.84 33.09 48.41 0 0.616367 956.68 223.32 31.37 40.62 0 0.616319 623.37 889.12 34.08 63.71 0 0.609891 1092.80 343.14 30.05 48.07 0 0.608631 809.81 360.53 28.25 48.48 0 0.596301 940.76 418.03 52.71 33.15 0 0.593756 1524.84 304.45 35.01 50.37 0 0.588892 1556.04 413.67 36.72 57.96 0 0.581354 803.44 150.03 58.83 29.29 1 0.578509 592.97 467.94 26.62 50.12 0 0.577701 1574.55 203.88 44.48 52.98 1 0.569591 771.63 208.32 46.25 23.38 0 0.569579 1690.85 523.85 40.11 47.62 0 0.568201 878.58 198.26 52.71 23.94 0 0.567084 605.39 673.64 32.31 55.46 1 0.564695 841.30 360.95 25.16 46.98 0 0.564597 1573.65 478.15 33.86 47.70 0 0.564490 827.16 200.42 41.72 23.56 0 0.564075 862.27 720.27 32.26 51.99 0 0.563623 1017.71 181.31 37.47 25.71 0 0.558317 1535.48 362.42 38.61 44.05 0 0.555937 1625.63 661.43 38.28 55.12 0 0.554330 1652.48 526.68 44.32 52.37 0 0.553927 1667.92 794.10 37.77 55.48 0 0.550490 254.23 727.65 62.38 30.81 0 0.543636 1692.50 650.75 42.14 57.64 0 0.539484 1761.08 109.47 49.88 27.23 0 0.538646 32.64 759.59 65.57 29.54 0 0.535277 1284.08 940.17 70.71 42.44 0 0.533439 1585.88 531.68 40.27 38.45 0 0.528601 1612.93 260.87 38.20 55.09 1 0.522348 1010.19 182.66 37.47 28.56 0 0.522248 1711.94 718.24 46.32 57.41 0 0.521678 169.28 738.94 63.82 28.57 0 0.521516 452.46 1000.39 41.12 73.94 0 0.519441 1619.38 410.32 41.04 49.37 0 0.515578 613.25 806.53 36.21 63.55 0 0.513039 1515.61 249.76 33.30 54.03 0 0.511101 860.96 575.51 54.50 30.41 0 0.509869 1167.61 330.42 30.71 46.21 0 0.506919 896.55 351.86 25.92 50.09 0 0.505101 246.27 732.39 61.43 27.70 0 0.497945 989.33 348.21 29.97 47.43 0 0.489003 1703.50 109.05 52.25 29.65 0 0.473053 995.62 343.84 30.03 46.58 0 0.470501 924.98 350.27 27.29 51.47 0 0.470269 452.71 847.12 30.79 54.15 0 0.467778 1638.47 458.39 39.35 53.19 0 0.465284 1123.75 342.62 31.32 50.84 0 0.461176 954.39 226.57 29.52 42.32 0 0.452708 1147.24 176.85 37.22 62.38 1 0.449990 717.76 331.53 50.72 26.79 0 0.448674 578.21 338.14 36.50 43.60 1 0.440542 1593.52 564.68 38.22 37.58 0 0.436008 1749.52 723.00 43.71 55.96 0 0.433525 1648.87 114.72 53.04 29.52 0 0.421116 1253.04 150.74 40.95 25.94 0 0.418655 1139.76 546.92 58.15 30.81 0 0.416896 553.29 99.17 27.52 34.73 0 0.393562 25.31 762.10 61.92 29.12 0 0.391849 1062.71 174.15 40.01 27.47 0 0.381082 1130.90 199.75 32.50 45.81 1 0.380460 1623.09 474.98 42.47 46.14 0 0.377699 1644.00 460.50 44.77 49.66 0 0.376925 586.40 404.68 32.83 48.58 1 0.376718 1052.20 206.52 39.18 45.14 0 0.371656 1156.00 188.91 32.61 53.14 1 0.367738 1608.02 251.02 38.38 56.06 1 0.366340 619.22 882.06 39.49 63.45 0 0.366067 598.66 639.81 37.30 56.95 1 0.364074 584.86 391.80 33.64 48.63 1 0.363300 301.53 736.23 44.21 25.89 0 0.361530 822.24 204.56 44.46 23.77 0 0.348342 777.10 245.41 27.50 35.36 0 0.343765 1578.06 495.69 40.16 44.72 0 0.330566 175.00 735.69 60.42 27.16 0 0.318829 1703.42 708.62 45.14 46.49 0 0.317652 628.17 993.17 38.17 86.83 1 0.316842 1646.40 119.82 52.83 29.81 0 0.313121 1104.56 205.77 29.62 42.36 0 0.313110 1618.37 400.71 41.23 52.41 0 0.311454 1708.35 711.25 44.25 59.24 0 0.305898 673.69 228.21 60.12 39.65 1 0.305190 667.13 231.75 58.47 39.05 1 0.298904 1754.32 733.98 40.59 58.83 0 0.298864 1064.43 207.18 37.59 44.75 0 0.296684 671.79 241.24 60.82 37.65 1 0.289190 1568.96 242.51 41.42 45.99 1 0.286812 166.82 742.39 62.70 31.07 0 0.277210 982.75 124.44 45.79 30.22 0 0.270900 602.88 610.83 37.38 55.99 1 0.269909 1568.68 236.59 37.40 50.88 0 0.264433 1888.90 34.05 30.26 30.60 0 0.261695 1701.17 116.70 54.08 31.61 0 0.259860 863.84 570.18 53.26 31.27 0 0.253311 1282.74 946.24 64.82 45.20 0
37,0.638358 83.69 542.84 14.89 18.27 2 0.618931 540.77 679.78 13.48 15.43 2 0.562923 173.28 1.43 47.91 25.89 0 0.499065 515.80 76.19 29.54 21.65 0 0.456039 0.00 193.66 26.10 36.26 0 0.436241 533.66 105.26 26.40 20.30 0 0.379724 135.26 677.16 14.76 14.27 2 0.378338 118.59 481.37 12.53 16.59 2 0.375937 728.06 535.52 11.11 11.96 2 0.353166 213.61 649.11 15.57 12.53 2 0.323053 120.84 630.19 9.28 14.51 2 0.314653 184.77 575.50 13.12 15.11 2 0.311291 185.44 567.64 13.85 14.37 2 0.294469 172.67 682.90 17.84 15.98 2 0.280048 240.17 494.19 15.05 15.85 2 0.278505 550.92 641.79 13.55 17.98 2 0.256258 183.49 447.97 14.57 17.29 2 0.250403 1274.62 282.50 22.24 25.02 0
38,0.795411 413.70 603.70 47.69 67.06 1 0.684959 210.71 523.22 33.06 48.29 0 0.668634 390.29 338.09 45.10 57.74 1 0.660833 1042.77 294.42 33.69 30.21 0 0.658194 403.65 902.62 33.18 61.46 0 0.654338 288.05 597.43 30.75 44.39 0 0.626871 259.53 831.78 41.88 66.70 0 0.621754 329.36 491.98 32.32 47.42 0 0.617872 114.17 416.31 33.69 46.45 0 0.614773 471.17 879.85 36.92 59.54 0 0.610654 873.65 775.67 66.82 33.39 1 0.610495 1159.89 495.77 37.63 32.73 0 0.608649 227.55 385.45 35.91 47.72 0 0.608001 1023.11 529.64 35.47 34.39 0 0.603372 1066.79 331.59 36.21 29.29 0 0.601512 1672.01 87.13 30.55 28.17 0 0.601122 243.55 514.58 32.52 53.18 0 0.600745 214.56 785.57 36.09 52.45 0 0.598929 174.95 403.57 31.03 45.87 0 0.584171 1392.85 988.07 51.38 57.42 0 0.582798 1395.05 285.87 25.73 34.91 0 0.582645 227.97 983.57 35.50 62.38 0 0.577270 102.73 715.41 40.00 41.84 1 0.575166 339.91 362.41 36.29 41.65 0 0.574423 1110.46 412.60 34.47 32.62 0 0.573721 52.50 573.92 31.81 47.16 0 0.573054 1646.70 508.57 48.30 29.25 0 0.569494 1133.13 456.57 34.35 32.56 0 0.561402 47.07 904.22 42.19 73.15 0 0.560629 997.88 466.64 36.88 34.68 0 0.558125 444.26 704.48 38.41 61.58 0 0.556028 300.28 941.01 36.26 66.35 0 0.554712 361.63 622.76 32.81 51.41 0 0.552631 436.31 891.65 34.73 63.56 0 0.551255 300.17 650.44 35.61 56.00 0 0.550221 1678.53 8.22 26.90 29.54 0 0.547120 21.13 437.04 36.93 52.87 0 0.547057 128.26 646.75 29.05 44.89 0 0.544911 112.89 1025.03 38.41 52.34 0 0.544833 947.91 371.76 36.03 38.30 0 0.542403 1257.64 770.67 38.89 40.28 0 0.538981 1647.05 682.06 42.51 48.18 0 0.537964 1377.59 897.20 51.24 57.16 0 0.530548 300.45 492.46 31.98 56.79 0 0.529885 1263.09 373.64 35.17 33.36 0 0.529263 377.35 570.12 31.54 47.01 0 0.528491 788.81 814.48 53.43 33.57 0 0.528293 148.61 539.41 35.40 54.29 1 0.526526 223.98 841.56 38.83 65.54 0 0.523883 380.76 729.48 33.89 53.86 0 0.522906 205.97 471.87 29.72 46.06 0 0.522759 778.39 819.84 53.29 36.04 0 0.519293 350.82 740.20 31.46 52.19 0 0.517653 390.34 470.06 33.42 54.47 0 0.515713 1372.01 753.65 66.97 39.40 0 0.513626 1341.99 809.11 38.38 53.21 0 0.510529 1084.96 369.81 33.07 29.66 0 0.509213 559.88 282.33 50.52 25.59 0 0.509043 665.32 256.50 46.65 22.70 0 0.504180 227.35 622.81 32.34 42.25 0 0.503255 1742.49 105.56 38.90 26.49 0 0.503182 901.46 42.52 30.81 27.15 1 0.501122 390.09 617.32 35.32 57.99 1 0.496722 1693.20 482.23 47.36 35.24 0 0.495378 348.64 577.74 31.67 47.63 0 0.488198 1645.47 52.84 25.79 26.56 0 0.487739 157.60 637.04 31.24 49.91 0 0.483666 370.48 282.19 30.77 24.53 0 0.482159 167.54 687.41 37.02 53.11 0 0.480314 260.97 964.91 38.96 67.60 0 0.479957 477.13 258.54 26.82 17.06 0 0.473137 1003.75 481.96 35.37 32.10 0 0.468318 384.54 994.20 19.85 25.88 3 0.467202 270.38 664.21 33.21 52.23 0 0.464862 1839.96 423.89 55.60 30.90 0 0.461254 909.11 297.78 32.32 27.84 0 0.457363 326.17 801.97 43.97 62.82 0 0.453530 1834.79 429.08 57.95 33.11 0 0.447634 360.26 1003.04 19.57 27.15 3 0.443626 1371.03 612.67 50.84 32.28 0 0.440090 1263.87 381.47 35.43 31.66 0 0.439144 992.82 146.78 31.20 26.07 0 0.438178 1694.44 121.61 43.92 32.95 0 0.435234 1785.82 447.99 45.32 29.16 0 0.432161 1572.53 704.05 43.89 53.64 0 0.424881 1019.44 252.42 29.56 29.66 0 0.422001 1713.27 77.91 30.75 26.21 0 0.420795 525.03 252.40 27.93 17.26 0 0.419547 1095.37 6.68 24.99 25.24 0 0.419501 1322.45 983.45 31.63 40.63 0 0.415778 1804.18 468.56 39.16 29.91 0 0.415124 5.19 912.76 42.17 73.34 0 0.413169 1182.19 0.00 26.89 16.04 0 0.409754 1161.42 502.12 36.38 32.08 0 0.409190 1628.35 0.00 31.21 18.84 0 0.407144 1379.37 760.10 58.41 38.08 0 0.403832 1681.81 52.16 29.03 23.91 0 0.400080 69.32 1040.07 35.84 35.48 0 0.399961 1699.85 326.59 33.11 19.89 0 0.399600 1158.00 0.00 20.60 18.89 0 0.399324 418.83 718.21 32.39 52.19 0 0.392380 224.24 616.62 31.54 43.49 0 0.390866 1601.11 690.48 43.71 53.59 0 0.390295 319.65 587.67 30.49 49.38 0 0.389041 143.04 502.48 28.25 40.19 0 0.387410 319.19 751.94 32.03 50.69 0 0.384537 1149.53 306.16 41.56 23.14 0 0.382901 1739.11 581.00 47.48 36.82 0 0.380896 1458.45 698.50 43.63 31.74 0 0.378993 1696.58 59.18 30.99 26.53 0 0.378930 434.49 972.15 19.48 28.95 3 0.378563 1068.58 340.94 37.83 30.76 0 0.377484 1476.64 689.63 50.39 28.67 0 0.375995 536.69 851.54 40.81 54.76 0 0.375422 1022.84 519.59 33.48 32.98 0 0.374658 1183.07 760.69 17.93 21.55 3 0.374416 1711.59 3.93 29.69 31.26 0 0.373593 1428.25 589.18 43.64 30.43 1 0.373482 351.36 749.78 30.39 50.38 0 0.372169 142.73 494.85 28.01 36.67 0 0.370265 1659.57 15.74 25.71 28.11 0 0.369265 1634.73 515.45 37.79 29.48 0 0.368728 1377.25 608.60 51.45 29.92 0 0.365219 85.17 561.85 29.69 51.60 0 0.364501 1193.53 0.00 27.55 12.71 0 0.363505 1383.84 907.44 52.50 49.18 0 0.362036 1708.67 76.50 30.59 26.54 0 0.360227 1177.53 89.82 28.40 28.33 0 0.356923 1709.65 479.80 54.32 33.30 0 0.355744 1787.90 456.71 46.97 29.78 0 0.354865 1409.54 224.97 39.27 22.34 0 0.352796 720.74 247.15 45.50 21.99 0 0.351008 1539.11 549.60 43.49 34.70 0 0.350137 1741.49 467.29 44.72 31.97 0 0.348888 396.61 606.49 51.88 66.03 1 0.348233 297.30 487.40 30.36 52.30 0 0.342412 336.32 1013.34 20.93 28.18 3 0.340183 859.72 776.78 77.54 37.69 1 0.334758 365.18 281.00 31.59 25.39 0 0.332871 1075.81 10.67 22.15 22.74 0 0.329041 333.84 330.58 41.92 27.66 0 0.328433 1149.85 316.81 40.71 22.05 0 0.328142 1731.86 31.39 30.68 24.09 0 0.326109 926.07 82.79 26.83 27.20 0 0.325695 1369.24 763.18 64.59 41.92 0 0.324487 977.09 438.84 36.34 29.94 0 0.319472 275.86 657.54 40.42 58.46 0 0.318171 1463.59 691.19 56.90 31.91 0 0.317918 534.94 849.79 37.69 45.19 0 0.316471 998.44 140.65 30.97 22.63 0 0.315159 927.70 338.96 33.91 24.59 0 0.313826 773.63 824.54 47.85 34.26 0 0.307475 1176.53 97.46 26.73 26.44 0 0.306515 1766.22 64.85 34.75 26.83 0 0.305558 1680.63 38.40 26.33 24.89 0 0.302903 1135.93 451.99 37.58 33.16 0 0.300924 409.87 559.40 43.72 58.61 1 0.299862 413.47 557.91 37.35 47.82 1 0.299300 1614.14 29.50 28.73 24.38 0 0.296810 1133.93 0.00 22.15 22.96 0 0.285070 351.52 572.49 33.57 48.73 0 0.282674 284.07 1042.00 24.12 23.00 3 0.282612 324.93 584.03 37.34 47.79 0 0.282152 1663.80 86.73 33.17 25.85 0 0.275577 340.33 328.17 40.02 27.82 0 0.275502 1062.83 330.38 35.40 26.05 0 0.274532 906.77 284.94 26.05 27.48 0 0.270063 1651.47 32.57 27.92 22.27 0 0.265539 1569.35 54.72 33.58 23.70 0 0.264954 1500.41 1052.07 44.83 23.41 1 0.263853 1685.14 326.09 30.85 19.62 0 0.262982 1754.33 101.29 41.21 26.74 0 0.257859 901.54 50.51 29.71 25.80 1 0.254371 1766.21 461.21 46.61 31.21 0 0.251941 1721.40 471.54 52.38 33.17 0
39,0.711163 789.55 383.95 25.33 43.09 0 0.666085 602.42 456.13 25.68 39.15 0 0.627949 665.73 457.09 22.76 37.68 0 0.622269 686.68 262.86 26.22 39.94 0 0.621151 760.09 484.98 39.21 76.74 1 0.619494 1755.83 179.14 20.88 24.45 0 0.615706 1487.74 512.09 30.33 37.36 0 0.607943 832.17 265.33 35.08 54.70 1 0.606134 1359.90 637.96 34.34 48.02 0 0.589401 1456.54 381.64 29.62 35.95 0 0.587703 1104.54 275.26 49.04 22.33 0 0.585627 527.26 647.52 32.92 52.93 0 0.580631 291.45 468.63 36.72 49.61 0 0.579936 1097.97 828.54 87.67 37.55 1 0.576248 654.93 376.91 26.92 45.08 0 0.575262 622.40 503.91 31.37 48.74 0 0.571108 688.86 458.82 24.30 42.10 0 0.566782 620.38 661.62 32.51 42.58 0 0.565745 377.61 764.60 38.70 57.44 0 0.565743 1679.37 585.79 33.89 37.81 0 0.565263 268.03 523.89 33.01 47.33 0 0.564722 238.06 583.46 37.50 50.03 0 0.559827 545.99 763.86 32.98 51.23 0 0.556614 711.44 759.07 29.51 57.07 0 0.555551 1805.79 110.02 21.25 24.67 0 0.553331 1003.20 831.20 73.26 33.35 0 0.552798 521.07 447.42 27.92 44.89 0 0.549335 995.42 269.25 48.73 23.68 0 0.548934 651.38 501.54 31.43 47.68 0 0.547980 370.18 637.99 35.58 52.33 0 0.547733 1338.98 459.28 29.84 50.25 0 0.543804 549.72 759.76 35.45 53.09 0 0.543370 641.42 263.32 26.81 38.43 0 0.536715 1864.02 160.82 35.67 19.92 0 0.536691 545.10 591.32 31.35 47.61 0 0.536139 721.13 602.25 28.97 48.00 0 0.535941 211.92 636.46 34.29 48.86 0 0.533558 1162.39 278.80 44.08 22.67 0 0.533543 779.87 763.43 31.36 54.05 0 0.530379 628.08 374.88 26.40 44.38 0 0.529691 573.91 362.28 28.46 45.90 0 0.529491 1682.22 106.68 24.06 22.80 0 0.526510 1727.78 175.91 21.39 26.19 0 0.524539 1467.04 423.19 30.49 35.46 0 0.523882 384.55 282.59 30.61 41.28 0 0.521780 690.35 601.86 29.29 49.70 0 0.521583 733.35 504.21 30.23 58.34 1 0.520563 754.20 602.02 30.38 48.81 0 0.518186 1726.51 89.70 26.33 18.74 0 0.515817 1496.06 562.00 31.26 41.01 0 0.513515 1519.81 675.48 38.85 35.35 0 0.511505 1774.25 109.53 26.07 24.40 0 0.508894 1680.05 591.08 35.97 40.64 0 0.508797 344.00 763.91 36.21 49.64 0 0.507660 340.32 377.41 31.53 41.93 0 0.506833 514.85 764.20 31.94 52.48 0 0.505408 1417.89 186.71 23.98 28.17 0 0.504698 715.94 461.78 25.21 40.17 0 0.504638 1507.30 622.40 34.73 31.49 0 0.503500 339.29 636.92 40.03 52.16 0 0.500445 323.16 420.85 33.25 40.75 0 0.498504 1676.52 88.74 26.33 22.05 0 0.498270 589.95 261.82 26.73 41.14 0 0.497153 1718.46 883.97 63.22 27.18 0 0.496832 1627.11 79.25 26.34 19.81 0 0.496362 1828.23 1019.12 50.18 26.32 0 0.496288 535.74 497.11 34.61 44.72 0 0.494824 647.67 759.18 31.27 56.27 0 0.493008 1507.72 616.58 34.70 31.60 0 0.492859 1454.43 227.00 32.01 32.68 0 0.492179 661.86 598.73 26.15 48.33 0 0.489747 1804.62 1014.04 59.56 30.11 0 0.489370 585.22 259.46 28.23 39.98 0 0.488144 484.12 764.11 29.44 53.37 0 0.485449 360.29 331.12 32.91 39.40 0 0.480614 1697.69 171.18 23.81 27.17 0 0.478272 784.38 269.08 31.67 42.22 0 0.473836 436.33 828.67 17.48 27.57 3 0.468617 1582.39 79.26 26.80 20.40 0 0.468279 632.85 264.18 27.18 37.20 0 0.466834 735.68 377.10 25.16 40.15 0 0.464627 1349.35 530.99 28.45 38.84 0 0.455298 1665.56 1030.81 64.91 46.90 0 0.447619 679.52 759.86 29.59 56.28 0 0.445313 1410.35 151.74 24.74 25.41 0 0.445057 1735.72 112.78 26.98 19.72 0 0.444203 1332.97 409.23 28.20 44.12 1 0.439052 1455.82 243.50 32.03 28.15 0 0.438818 560.40 645.93 32.79 54.10 0 0.436333 510.82 254.91 30.38 43.95 0 0.435814 702.59 375.09 29.69 48.22 0 0.435245 449.33 504.95 29.74 40.80 0 0.431643 1519.25 663.35 42.49 35.34 0 0.429377 547.83 451.60 27.74 42.09 0 0.426982 788.95 246.50 37.63 26.05 0 0.416863 633.30 601.43 26.21 45.40 0 0.412127 489.67 369.99 27.18 37.74 0 0.409392 1355.04 572.05 33.18 52.26 0 0.407689 1650.23 168.47 21.60 26.93 0 0.406072 1468.36 428.58 30.44 34.97 0 0.405174 1652.58 55.24 25.51 20.01 0 0.404246 1788.74 1017.70 64.22 30.54 0 0.395136 404.93 827.26 20.98 29.59 3 0.393377 1807.94 186.30 26.96 20.45 0 0.392421 766.65 476.17 37.71 76.59 1 0.392177 505.73 825.18 24.06 30.77 3 0.389066 1511.50 461.51 34.53 39.26 0 0.387701 1675.86 281.13 31.28 23.75 0 0.386992 1872.09 537.81 30.87 34.65 0 0.386763 479.62 497.05 31.74 42.76 0 0.381416 1683.51 586.96 35.41 40.01 0 0.379336 1609.68 161.52 23.78 27.90 0 0.376223 1771.21 91.51 24.72 19.88 0 0.372657 1498.65 569.14 30.54 39.94 0 0.367968 515.69 371.79 27.86 43.26 0 0.366104 1710.11 886.77 71.96 31.95 0 0.363901 1747.14 89.71 27.92 20.57 0 0.351023 1671.92 169.68 22.27 27.19 0 0.349971 493.78 367.08 28.79 39.54 0 0.349209 1545.08 81.94 25.75 22.79 0 0.345107 1846.26 115.69 23.82 21.97 0 0.344056 713.18 500.97 28.77 50.97 1 0.341692 988.01 225.96 26.59 19.49 0 0.338155 1511.86 79.22 21.72 21.98 0 0.338008 1444.05 222.65 34.29 28.17 0 0.335289 638.85 329.90 26.87 32.92 0 0.332693 513.34 252.19 33.14 42.45 0 0.331811 1175.47 281.29 52.94 24.30 0 0.330113 1010.82 230.99 26.85 18.11 0 0.319260 1838.83 188.53 26.48 24.08 0 0.318808 1519.67 467.53 35.44 35.25 0 0.314035 1753.00 113.13 27.69 20.96 0 0.313553 316.12 429.86 33.65 40.23 0 0.309391 600.45 824.50 21.93 28.03 3 0.308529 707.95 371.77 28.73 43.46 0 0.302406 936.34 225.05 23.68 17.56 0 0.299991 1433.48 252.65 39.71 26.29 0 0.293469 1048.88 232.74 23.71 18.96 0 0.293180 1479.21 466.71 32.53 37.63 0 0.286307 1702.37 53.95 28.64 21.50 0 0.286293 628.40 824.13 17.26 26.67 3 0.285818 540.71 492.30 34.20 46.47 0 0.283752 1657.85 1025.20 54.99 41.59 0 0.281462 1626.92 167.51 20.75 28.73 0 0.280824 347.90 637.04 43.64 53.45 0 0.280202 487.01 375.57 26.91 36.64 0 0.279750 1448.94 337.62 30.80 33.32 0 0.278195 1625.66 164.05 21.52 27.39 0 0.270402 273.40 518.87 33.49 47.50 0 0.270108 462.16 829.13 16.99 25.81 3 0.269014 1368.46 0.00 23.79 19.39 0 0.267120 557.13 823.99 24.60 30.44 3 0.266529 643.19 598.86 29.46 47.49 0 0.262411 501.17 761.76 36.41 57.39 0 0.262136 483.14 827.08 22.42 29.31 3 0.259233 578.14 824.42 18.25 28.57 3 0.259200 1515.97 632.11 39.13 25.01 0 0.258056 1149.76 235.36 31.63 19.58 0 0.257672 1552.22 84.39 23.78 19.31 0 0.253300 537.83 595.06 30.20 44.84 0 0.252166 1468.05 67.23 33.17 27.43 0 0.250770 1854.42 157.03 33.00 23.77 0
40,0.772421 757.55 335.29 36.75 62.46 1 0.698705 1097.02 631.90 80.28 38.63 1 0.679703 733.62 339.95 30.38 57.85 1 0.666026 722.43 581.48 28.78 49.93 0 0.655351 575.40 118.54 24.92 38.26 0 0.644119 626.68 484.25 29.04 45.19 0 0.640445 648.78 341.33 28.43 46.67 0 0.638404 771.94 122.76 24.67 41.37 0 0.631514 627.32 120.09 22.69 37.10 0 0.630993 1486.41 427.15 31.14 38.41 0 0.628610 1009.48 635.07 66.10 32.12 0 0.624181 789.06 580.46 27.00 51.34 0 0.621937 1434.08 217.68 29.56 31.64 0 0.619861 485.76 342.65 28.53 37.55 0 0.617839 696.95 220.10 26.72 46.19 0 0.616530 1550.08 932.82 39.33 50.91 0 0.614724 687.03 581.00 29.43 52.97 0 0.607596 600.76 299.59 27.70 38.39 0 0.604349 675.37 119.38 25.40 41.46 0 0.598752 565.41 478.43 31.07 49.27 0 0.593785 665.07 433.67 26.22 44.12 0 0.592609 694.87 433.77 27.13 45.18 0 0.589537 519.39 299.75 23.69 34.92 0 0.581819 545.47 432.06 25.57 44.61 0 0.581112 1323.35 295.72 25.85 41.20 0 0.578357 380.15 477.22 33.30 49.67 0 0.577269 1771.74 776.16 73.43 32.93 0 0.574342 1655.94 400.42 32.69 43.68 0 0.572537 1463.35 334.34 31.00 38.52 0 0.572434 821.74 115.41 32.05 55.63 1 0.571523 545.56 297.49 28.95 37.84 0 0.570595 1501.59 476.68 33.61 42.85 0 0.565594 497.13 114.38 32.93 41.90 0 0.564316 167.33 688.42 24.42 18.59 3 0.553765 330.87 233.21 33.76 40.72 0 0.552767 1773.45 33.41 25.73 22.81 0 0.550932 1446.58 254.16 28.13 31.85 0 0.550916 618.98 222.59 25.25 38.08 0 0.549974 1464.69 173.93 31.78 38.42 0 0.549407 1477.74 386.02 31.65 38.01 0 0.547231 1579.77 833.09 40.74 60.60 0 0.545791 1610.88 956.12 46.18 63.36 0 0.543193 622.89 344.92 29.88 47.28 0 0.539729 725.68 434.40 27.10 45.52 0 0.537067 599.26 640.94 18.36 25.71 3 0.536355 531.05 586.47 26.55 51.08 0 0.532748 498.12 589.28 28.87 51.28 0 0.531618 349.94 476.34 29.45 47.63 0 0.529405 395.84 590.54 33.08 49.18 0 0.527611 270.16 369.92 38.76 44.55 0 0.523617 349.45 191.59 32.38 37.77 0 0.521729 534.33 479.12 32.14 49.60 0 0.519900 565.88 217.10 26.36 44.91 0 0.517274 359.11 592.12 32.92 45.62 0 0.508997 756.33 434.35 26.71 44.83 0 0.505568 1805.07 34.85 20.72 22.95 0 0.502989 483.13 225.90 24.86 34.19 0 0.501512 291.11 318.61 40.81 41.04 0 0.500206 1647.22 797.55 69.43 50.26 0 0.495684 1340.90 393.90 33.46 42.45 0 0.495406 362.22 586.19 33.48 48.40 0 0.486193 1398.26 35.79 20.22 29.54 0 0.476530 452.71 362.78 26.27 29.71 0 0.474066 1784.15 780.42 62.43 30.16 0 0.474010 1830.72 34.38 25.85 22.30 0 0.471700 1762.25 780.75 73.81 32.04 0 0.471614 1335.58 357.68 30.13 43.74 0 0.469257 1146.34 128.09 47.79 20.89 0 0.468867 536.47 341.03 33.94 41.29 0 0.467700 1421.94 0.00 21.36 33.99 0 0.466031 370.12 143.63 33.58 39.38 0 0.463439 1456.83 299.65 32.66 30.12 0 0.455096 728.26 229.14 26.38 43.42 0 0.454807 1676.46 902.98 32.25 21.39 3 0.451630 245.32 424.95 33.60 50.07 0 0.450472 1709.56 62.97 30.28 21.74 0 0.447047 1088.31 125.71 45.79 21.00 0 0.446391 619.17 348.84 29.78 46.73 0 0.444101 1858.15 348.58 36.58 23.75 0 0.442647 890.76 85.75 20.64 24.26 0 0.439227 645.33 224.13 28.25 42.60 0 0.437904 1342.99 398.89 32.73 46.12 0 0.437621 286.28 326.38 42.06 42.73 0 0.431993 714.29 305.35 22.64 39.34 0 0.430667 656.64 581.92 28.26 47.06 0 0.420461 1310.86 215.26 26.06 44.53 0 0.417692 560.40 589.73 26.49 47.73 0 0.410972 687.83 300.46 23.32 38.95 0 0.410133 775.73 231.23 29.09 44.00 0 0.410095 1600.95 11.33 25.39 24.69 0 0.400885 226.65 480.63 32.64 38.30 0 0.398956 1871.40 111.49 35.63 22.97 0 0.395635 1353.76 36.97 22.68 33.35 0 0.390647 1154.95 129.89 49.71 20.23 0 0.387286 639.21 433.28 24.49 42.26 0 0.377625 1854.08 351.97 36.29 24.00 0 0.376930 1625.93 11.55 24.68 23.61 0 0.374746 315.39 273.47 34.74 40.85 0 0.374043 566.80 583.68 28.24 44.97 0 0.370396 769.72 105.52 32.68 35.50 0 0.363403 1464.29 160.06 31.14 42.24 0 0.362398 630.00 183.90 24.77 32.33 0 0.360718 310.49 282.47 37.13 40.82 0 0.360371 1582.91 10.83 24.16 23.93 0 0.359635 1478.50 380.28 32.56 37.26 0 0.359477 986.47 117.38 44.40 24.20 0 0.359325 820.88 65.17 26.53 27.10 0 0.358290 627.02 639.71 16.11 24.98 3 0.355930 1686.26 666.10 57.57 28.18 0 0.354030 712.46 340.20 25.03 48.95 1 0.351526 480.96 233.19 24.53 35.47 0 0.348274 1352.05 451.71 28.65 46.68 0 0.347300 1653.00 15.65 21.56 24.07 0 0.347183 780.29 229.50 26.76 40.90 0 0.345900 628.77 116.15 23.66 36.45 0 0.342641 1448.43 258.15 27.52 34.79 0 0.338098 744.70 306.65 22.71 34.37 0 0.333080 1759.07 782.50 54.29 30.72 0 0.332000 1673.29 17.20 22.08 24.19 0 0.330208 1607.26 950.03 39.77 64.52 0 0.328485 697.47 205.58 24.02 47.30 0 0.321754 768.54 306.91 31.00 39.45 1 0.321015 266.66 373.81 37.38 45.68 0 0.320935 1091.04 118.58 41.02 23.46 0 0.319118 1710.84 664.77 50.12 26.48 0 0.317718 1180.56 133.61 40.50 19.97 0 0.311228 1698.81 20.28 21.90 23.55 0 0.310624 983.83 122.38 49.03 23.47 0 0.306482 1408.90 104.05 31.69 25.99 1 0.303161 453.51 327.11 23.37 30.99 0 0.302712 1582.82 828.21 42.92 50.31 0 0.301441 1761.89 661.15 37.03 31.44 1 0.298568 1660.49 399.24 33.99 42.81 0 0.298252 1419.55 0.00 22.67 28.85 0 0.297615 1568.66 282.80 43.99 21.59 0 0.294729 577.05 638.40 20.75 30.23 3 0.292304 1390.39 0.00 21.76 31.76 0 0.290555 425.65 7.35 26.93 43.91 0 0.285383 456.82 642.47 16.60 27.94 3 0.284415 1672.87 878.27 33.35 19.32 3 0.281768 622.85 196.59 23.31 29.78 0 0.276039 454.10 336.91 26.10 36.45 0 0.275589 657.52 304.13 25.05 36.18 0 0.265761 1497.09 470.64 32.26 44.75 0 0.262745 1507.04 435.84 27.53 31.94 0 0.261684 968.88 79.28 24.28 19.17 0 0.259224 568.91 203.67 24.15 46.35 0 0.255828 665.66 301.51 22.69 39.36 0 0.252761 1712.34 61.06 31.73 21.59 0 0.251241 1724.09 1042.78 65.94 37.22 0
41,0.685156 390.48 177.78 15.64 18.98 2 0.557372 340.71 160.16 12.76 16.88 2 0.433619 515.82 342.58 15.92 16.41 2 0.432804 450.20 146.93 13.53 17.44 2 0.417333 995.27 560.31 15.31 15.70 2 0.359943 397.29 160.77 16.82 18.20 2 0.350572 197.97 206.09 17.05 19.44 2 0.341717 542.14 57.48 15.84 17.63 2 0.315691 365.36 495.59 16.66 18.65 2 0.308954 470.61 76.40 12.13 15.67 2 0.294753 133.35 639.79 14.90 18.93 2 0.288382 670.67 373.03 16.20 15.92 2 0.279195 234.36 142.53 13.04 17.22 2 0.277145 507.87 567.39 16.09 19.68 2 0.272715 132.56 635.30 16.08 19.27 2 0.270834 584.33 342.25 14.07 15.25 2 0.264731 1006.73 533.12 16.90 14.74 2 0.259704 454.52 329.78 16.00 16.36 2 0.256094 321.29 193.56 12.70 13.44 2 0.255244 371.32 509.25 16.54 18.71 2 0.252545 674.57 363.90 14.52 13.68 2
42,0.729734 1116.69 391.26 32.64 55.68 1 0.649813 1136.01 204.89 26.91 35.75 0 0.575406 1124.86 304.50 23.79 32.79 0 0.564160 1121.69 350.31 25.95 34.70 0 0.545554 738.65 134.71 40.51 34.11 1 0.532212 573.96 679.18 59.47 33.45 0 0.527599 1265.88 419.59 69.88 43.77 1 0.508904 1130.87 260.08 28.44 37.67 0 0.473846 874.90 51.53 40.06 22.19 0 0.458952 1093.97 558.66 28.35 49.03 0 0.458179 838.40 244.37 38.77 26.21 0 0.445331 1250.89 594.24 38.75 103.08 1 0.396883 1119.00 356.39 28.42 36.48 0 0.396407 747.02 138.03 39.51 31.75 1 0.382252 742.45 137.97 38.52 35.81 1 0.378747 842.02 218.39 44.37 22.59 0 0.373783 876.28 48.76 38.21 20.10 0 0.363798 1251.86 588.88 35.83 75.49 1 0.349997 403.42 180.48 10.11 15.44 2 0.340552 836.12 248.77 36.29 25.19 0 0.330808 568.61 672.17 61.82 35.45 0 0.327970 421.98 162.54 10.31 13.40 2 0.291488 416.99 93.53 13.18 14.02 2
43,0.731647 780.95 242.16 28.98 62.73 1 0.701280 627.56 223.40 21.52 32.41 0 0.649024 648.92 261.57 27.38 43.05 0 0.644009 1528.34 768.83 35.44 44.56 0 0.639750 690.72 339.45 24.80 40.25 0 0.639682 794.13 154.77 25.42 39.61 0 0.629182 716.75 150.08 22.43 39.71 0 0.619227 1099.34 506.47 81.66 35.82 1 0.615308 579.61 335.53 26.78 39.46 0 0.611617 527.05 54.34 25.80 38.95 0 0.607459 810.90 467.26 32.03 44.91 0 0.598089 571.39 382.39 26.50 40.36 0 0.595451 1588.18 786.36 40.93 53.83 0 0.590145 645.28 61.53 23.04 30.22 0 0.588495 601.73 57.65 20.57 33.15 0 0.585201 678.03 260.52 26.93 41.72 0 0.582829 1462.61 328.47 32.15 30.41 0 0.582277 591.59 149.39 24.55 34.79 0 0.582266 1661.14 532.85 59.36 27.73 0 0.581369 665.32 340.69 24.29 37.61 0 0.579376 642.69 150.83 23.39 36.29 0 0.576343 984.51 56.48 47.44 22.51 0 0.573217 1473.96 368.38 40.44 34.46 0 0.570781 719.08 339.27 26.09 39.87 0 0.567892 397.00 378.61 28.39 45.06 0 0.565592 510.80 259.86 29.85 39.44 0 0.558204 750.64 467.13 26.60 44.04 0 0.557798 482.29 263.86 28.19 39.44 0 0.556996 549.21 221.59 22.20 32.92 0 0.556845 1334.08 350.24 30.09 44.14 0 0.556822 744.48 151.38 22.06 40.94 0 0.556805 603.06 378.15 29.74 46.05 0 0.555988 693.11 61.82 22.39 32.15 0 0.554923 413.04 479.70 26.88 41.94 0 0.554718 1609.26 1028.31 47.09 51.69 0 0.553345 276.70 382.28 32.26 40.20 0 0.549011 668.78 152.14 22.90 39.11 0 0.544758 746.73 338.71 26.37 41.13 0 0.543671 649.91 566.02 22.20 18.09 3 0.540695 1862.90 534.31 57.10 31.37 0 0.538890 719.70 469.41 26.24 44.85 0 0.535917 1020.01 512.40 64.08 27.54 0 0.528528 689.85 468.87 27.08 43.80 0 0.517646 1340.32 17.43 26.53 28.52 0 0.516471 1085.53 62.18 41.18 18.97 0 0.515565 331.77 244.19 38.58 36.21 0 0.513454 355.88 202.52 31.38 35.31 0 0.512474 1610.94 647.26 67.18 42.02 0 0.510361 832.23 62.80 27.32 42.65 0 0.510240 574.61 219.63 23.60 30.87 0 0.509240 569.54 476.45 24.49 44.50 0 0.507105 646.06 122.38 23.27 30.11 0 0.505516 1138.52 62.27 39.56 20.21 0 0.493279 445.16 479.43 29.19 41.73 0 0.488987 1453.61 288.43 29.83 34.71 0 0.484755 1377.42 165.89 25.87 37.75 0 0.482206 425.05 379.68 28.34 45.30 0 0.476304 1560.23 680.39 37.38 48.84 0 0.469028 1621.29 299.27 33.18 34.16 0 0.468293 278.10 377.75 34.40 38.27 0 0.467603 317.87 290.11 33.12 39.20 0 0.466550 1728.91 627.71 70.12 29.85 0 0.466364 1721.24 631.56 71.81 28.98 0 0.457932 1581.79 780.69 40.92 56.89 0 0.457806 1174.98 62.04 34.62 20.90 0 0.457700 569.95 256.48 28.96 38.41 0 0.455705 513.70 258.38 31.53 37.26 0 0.450870 1649.65 931.73 53.01 43.61 1 0.450732 602.55 472.60 24.19 41.72 0 0.449672 599.42 475.10 23.29 39.67 0 0.444049 1647.08 735.09 29.18 20.41 3 0.442824 1319.36 269.56 28.65 39.78 0 0.440726 386.42 124.80 31.07 32.04 0 0.437562 1412.72 143.89 28.57 30.64 0 0.435957 725.85 222.70 24.00 35.70 0 0.435800 1438.94 242.68 33.61 34.51 0 0.432910 785.62 64.15 24.18 40.75 0 0.426977 1664.08 778.95 27.23 18.99 3 0.418620 596.20 126.63 22.11 31.61 0 0.415286 775.40 337.71 30.02 41.56 0 0.411310 717.27 156.57 23.15 38.84 0 0.406757 607.06 376.62 27.80 41.37 0 0.406035 408.52 82.41 26.98 36.08 0 0.403291 659.95 383.83 29.02 40.65 0 0.399303 871.32 10.87 22.88 27.05 0 0.398323 1134.70 64.43 38.38 20.36 0 0.391854 485.03 251.13 29.14 40.93 0 0.390131 746.07 158.31 20.67 38.26 0 0.384890 1419.72 172.56 30.40 34.42 0 0.384780 537.53 478.79 25.97 42.90 0 0.379874 1409.81 36.90 27.42 27.45 0 0.375955 784.12 38.97 26.32 25.34 0 0.375530 1434.39 215.97 36.92 42.37 1 0.373808 375.44 159.39 31.30 32.25 0 0.361302 887.81 11.64 21.30 28.07 0 0.360061 1848.32 673.74 38.81 43.11 0 0.358813 296.25 335.93 33.83 37.19 0 0.358001 514.05 156.41 25.26 30.97 0 0.354704 1311.39 210.82 25.76 38.23 0 0.352036 1293.54 139.30 26.65 27.92 0 0.350408 652.27 521.81 21.21 21.31 3 0.348003 660.34 365.89 28.72 42.06 0 0.347492 1302.83 178.26 24.59 29.59 0 0.346736 1340.18 23.36 24.76 28.33 0 0.338155 1326.59 296.51 29.61 40.80 0 0.337033 835.13 9.63 22.19 28.05 0 0.330876 734.81 223.10 23.49 36.92 0 0.328569 1295.22 144.12 26.76 32.46 0 0.324909 1481.45 772.60 28.56 39.97 0 0.319300 371.38 166.26 30.82 33.93 0 0.313686 528.98 147.69 27.47 35.89 0 0.309879 701.50 223.68 22.88 33.42 0 0.305548 543.06 476.56 25.59 44.45 0 0.303625 937.06 79.33 35.10 23.82 0 0.298593 1726.03 534.13 64.07 30.24 1 0.285225 785.02 218.85 26.19 46.16 1 0.285188 599.96 61.57 22.35 36.35 0 0.283627 649.82 115.26 25.17 30.59 0 0.282581 1480.01 327.60 31.17 30.38 0 0.279660 757.08 247.44 28.39 57.43 1 0.277166 976.94 18.48 25.80 24.43 0 0.276597 1328.62 303.06 29.66 44.71 0 0.271550 1661.55 932.67 56.82 40.36 1 0.270768 317.52 281.85 35.14 42.68 0 0.268323 1878.47 669.26 38.96 46.88 0 0.266596 1245.98 0.00 22.30 19.72 0 0.265686 1652.72 955.71 42.94 42.24 1 0.257496 1392.17 35.73 32.13 27.30 0 0.256246 1558.12 692.84 33.12 45.82 0 0.251949 1721.99 532.41 66.96 31.82 0 0.251936 964.35 17.04 24.66 24.00 0
44,0.672912 1009.21 338.34 15.73 22.86 2 0.612334 402.34 209.45 19.20 23.78 2 0.530904 1011.76 104.60 21.14 28.07 2 0.512792 1310.06 374.98 28.59 22.85 3 0.501697 954.81 70.05 15.14 21.71 2 0.443093 1052.73 387.37 17.89 22.51 2 0.426811 924.25 35.21 17.52 19.52 2 0.419472 799.31 701.77 16.71 18.23 2 0.407232 1307.64 364.95 28.57 20.47 3 0.403498 822.75 403.82 18.14 21.54 2 0.402837 285.41 162.36 19.62 18.99 2 0.393761 657.87 0.00 15.76 23.03 2 0.391934 659.26 4.13 15.89 27.97 2 0.387249 987.21 330.87 15.36 21.54 2 0.382370 796.09 700.53 16.55 19.47 2 0.372482 853.38 666.76 22.72 22.80 2 0.369727 196.20 616.36 18.31 15.11 3 0.369036 919.68 335.64 16.88 22.59 2 0.365623 1008.21 332.33 16.52 22.43 2 0.352460 296.21 88.63 25.85 17.54 3 0.345588 978.08 408.66 14.45 21.41 2 0.335213 918.67 331.91 17.45 22.43 2 0.326024 339.58 182.15 17.35 22.29 2 0.323843 1011.96 60.86 17.67 20.13 2 0.319543 350.43 30.16 19.90 24.22 2 0.316399 1072.23 76.06 16.38 19.35 2 0.315612 1107.88 375.64 17.81 17.26 2 0.314207 558.57 19.91 15.58 19.86 2 0.304794 1044.48 374.40 18.33 26.90 2 0.303937 800.48 705.79 16.27 14.21 2 0.300792 943.84 411.29 15.94 21.85 2 0.300776 846.04 670.47 21.71 24.71 2 0.299400 902.02 372.42 16.64 18.53 2 0.298988 1038.69 352.59 20.59 23.16 2 0.294303 659.01 10.40 15.80 27.04 2 0.292544 1013.65 95.52 21.42 28.82 2 0.285991 353.47 38.82 18.90 21.57 2 0.283544 312.50 41.43 16.69 19.90 2 0.278243 1036.52 136.77 19.26 26.22 2 0.277578 843.17 451.05 21.10 28.51 2 0.269567 887.58 448.71 20.63 21.39 2 0.265428 535.09 222.18 17.42 23.31 2 0.265097 1145.08 414.63 15.68 16.33 2 0.263656 937.03 108.69 22.06 26.91 2 0.258952 1108.11 247.04 13.88 12.67 2 0.255797 180.91 461.01 21.50 13.80 3 0.253810 1111.10 431.89 15.27 17.77 2 0.252290 936.67 119.21 23.22 22.76 2
45,0.642885 824.69 255.04 12.59 17.38 2 0.602758 559.24 293.73 14.98 20.43 2 0.596995 541.26 271.72 15.59 18.58 2 0.571662 1099.02 65.57 27.99 43.56 0 0.560830 1071.73 47.44 30.87 43.05 0 0.543246 918.15 59.46 55.09 27.69 1 0.513684 484.96 271.29 15.57 24.81 2 0.496111 1001.58 2.42 29.95 36.61 0 0.491143 541.50 594.66 16.94 16.38 2 0.487577 890.57 338.67 17.02 18.60 2 0.461774 603.16 294.31 14.30 15.59 2 0.403998 420.66 668.51 16.97 22.64 2 0.403016 675.62 343.49 11.87 15.64 2 0.390685 651.28 575.21 17.20 18.26 2 0.388627 756.94 357.03 13.56 17.11 2 0.383653 636.02 446.29 13.67 20.75 2 0.354513 929.79 307.58 15.32 16.63 2 0.347853 824.83 246.29 12.39 18.67 2 0.347585 638.05 544.87 21.87 18.93 2 0.345520 841.05 376.16 16.13 16.83 2 0.343682 620.95 270.44 12.71 17.72 2 0.339370 673.13 408.55 15.43 18.00 2 0.337504 485.88 264.44 14.71 24.52 2 0.337163 767.93 663.30 17.02 19.95 2 0.320719 254.19 241.57 58.37 38.80 1 0.320193 875.49 210.20 14.11 15.57 2 0.313865 907.89 224.55 15.59 16.38 2 0.310885 752.31 625.55 14.44 16.63 2 0.310016 709.65 374.89 15.35 17.13 2 0.309062 261.83 557.35 17.51 22.77 2 0.301141 85.68 396.08 15.03 15.68 2 0.293280 724.38 622.64 17.37 20.01 2 0.292078 768.65 392.16 14.79 18.22 2 0.282681 661.57 499.32 16.34 16.29 2 0.276268 668.54 590.55 16.39 20.69 2 0.271343 556.28 567.21 13.15 18.25 2 0.266361 591.54 397.03 11.58 15.89 2 0.264788 620.67 264.90 14.22 18.48 2 0.263539 1310.97 0.00 29.30 15.66 0 0.260042 640.88 479.48 15.87 17.71 2 0.259947 539.24 427.81 12.09 15.09 2 0.258247 421.55 673.80 16.81 22.14 2 0.251958 905.49 194.60 16.96 16.86 2
46,0.683571 666.07 465.08 41.59 65.66 1 0.656219 839.95 125.69 27.16 35.44 0 0.654752 935.08 84.32 51.16 23.45 0 0.646696 250.56 585.02 65.10 32.16 0 0.641823 692.47 731.14 33.92 55.94 0 0.627320 696.90 812.09 35.41 68.20 1 0.627309 1711.52 461.48 41.94 53.22 0 0.621405 1078.25 221.27 36.40 49.01 0 0.621073 1688.84 401.90 41.76 52.80 0 0.617593 998.29 78.80 40.73 24.94 0 0.615557 524.98 754.68 41.44 67.64 1 0.609754 1738.24 9.23 49.55 26.00 0 0.605996 1587.75 554.11 36.02 54.65 0 0.604729 709.08 942.17 33.17 62.05 0 0.603240 1653.58 286.94 40.98 47.51 0 0.601527 1726.82 395.12 38.02 51.68 0 0.599282 1704.50 650.51 32.89 49.43 0 0.592900 714.51 1014.36 35.73 61.71 0 0.591985 1721.40 527.92 43.71 40.42 0 0.585749 1649.08 463.53 37.04 53.66 0 0.585632 1634.27 233.82 36.47 48.62 0 0.583602 1632.62 412.56 33.57 51.77 0 0.582232 325.89 582.61 69.33 26.56 0 0.580723 1596.73 295.97 40.84 55.59 0 0.580395 684.34 657.91 32.83 58.18 0 0.580223 967.65 297.78 58.44 34.38 0 0.576053 117.13 608.00 66.59 30.98 0 0.575291 1145.02 221.65 29.82 49.06 0 0.574055 1676.83 338.50 34.41 49.25 0 0.573914 1216.77 217.15 31.11 41.45 0 0.573151 1578.83 246.50 36.29 46.82 0 0.572346 543.24 938.69 31.61 56.07 0 0.569910 1078.33 103.86 31.63 35.68 0 0.569493 903.69 239.37 24.52 45.04 0 0.568120 1014.43 228.89 26.37 45.68 0 0.561098 924.09 236.38 26.91 45.26 0 0.557375 1662.82 532.79 37.91 55.00 0 0.556986 869.80 240.83 28.66 46.12 0 0.555392 1048.64 228.93 28.70 45.83 0 0.549890 1743.58 579.69 39.79 55.65 0 0.549806 1687.02 15.21 45.09 25.77 0 0.548794 1155.68 90.83 28.36 42.90 0 0.548389 1793.51 11.89 47.31 24.63 0 0.541609 526.54 697.45 32.40 56.32 0 0.539936 1702.05 336.47 37.03 49.86 0 0.537401 1179.25 221.30 30.76 48.48 0 0.536785 1607.52 137.56 36.49 45.35 0 0.529368 1011.01 114.12 25.67 38.77 0 0.524966 883.76 88.26 41.58 26.50 0 0.519599 951.57 234.62 25.59 45.36 0 0.518504 922.61 442.50 55.46 27.99 0 0.515983 782.75 210.68 43.55 22.21 0 0.507034 1550.82 141.25 31.62 46.72 0 0.504973 1778.31 587.56 46.09 57.96 0 0.501126 984.29 229.52 26.95 46.22 0 0.498057 925.14 574.34 28.33 51.80 0 0.497568 1660.97 523.89 35.46 50.65 0 0.494330 1099.33 100.83 44.72 38.64 0 0.481778 356.51 585.25 64.69 25.52 0 0.476552 979.87 231.53 27.05 47.95 0 0.473444 1065.87 906.46 49.43 28.25 0 0.473424 1721.15 507.19 44.95 43.21 0 0.466908 1564.65 194.30 36.49 49.09 0 0.466163 675.17 584.33 36.00 56.92 1 0.455605 1112.05 95.72 41.99 42.93 0 0.454524 912.73 916.27 42.12 69.54 0 0.441201 676.62 594.82 39.63 56.92 1 0.440119 648.14 216.98 34.73 43.79 1 0.438114 1630.02 191.17 32.36 38.41 0 0.434898 862.58 38.32 54.14 27.87 1 0.417954 700.55 820.68 33.90 81.01 1 0.417105 533.06 834.04 37.93 68.11 0 0.413103 731.58 123.75 64.06 38.27 0 0.406118 661.22 337.44 29.74 45.57 0 0.396981 1675.68 584.16 39.69 57.48 0 0.396848 672.51 531.80 35.37 64.52 1 0.396489 1029.98 14.67 49.70 28.11 0 0.393652 1116.37 64.54 36.86 25.92 0 0.386852 1602.14 350.40 39.84 33.96 0 0.383008 544.67 1005.06 34.02 71.05 0 0.366120 1646.81 156.87 38.39 49.78 0 0.359072 668.94 520.01 36.75 66.91 1 0.355020 1734.36 597.92 28.30 40.84 0 0.353535 991.83 80.59 42.48 27.20 0 0.352750 1726.16 522.89 42.42 40.87 0 0.347460 1065.58 72.95 39.59 26.75 0 0.336880 974.48 29.48 48.85 26.31 0 0.324273 1182.77 88.67 27.45 43.25 0 0.324091 1213.63 707.00 39.43 22.56 0 0.321035 652.60 267.39 29.63 48.29 1 0.318764 1330.99 792.74 48.92 34.55 0 0.316015 1612.18 360.04 32.29 40.39 0 0.315459 1735.03 586.36 35.24 51.39 0 0.311123 983.07 27.97 52.63 27.06 0 0.308902 1205.08 80.13 31.90 49.24 1 0.306222 1251.93 411.74 61.72 30.52 0 0.305230 1072.41 916.79 50.49 31.15 0 0.302642 656.46 281.49 34.52 48.71 1 0.299285 660.54 343.08 31.62 48.52 0 0.295880 1019.84 225.69 27.68 48.94 0 0.293016 654.43 274.87 30.60 51.00 1 0.292891 831.28 97.20 42.20 28.10 0 0.292521 1732.13 11.82 53.69 27.94 0 0.291815 827.74 92.66 43.25 26.98 0 0.287997 1020.56 23.57 48.82 27.82 0 0.287627 1635.35 460.34 36.67 51.81 0 0.285391 930.99 38.88 29.09 18.19 0 0.277161 1566.57 200.68 36.90 58.47 0 0.273955 697.80 807.84 32.55 56.56 1 0.261335 1617.63 101.45 36.97 35.90 0 0.261264 702.77 864.58 31.86 63.30 0 0.258768 542.65 991.07 37.74 69.87 0
47,0.460275 233.62 244.41 20.44 12.47 3 0.453354 944.38 567.79 15.56 17.35 2 0.377509 922.19 583.82 19.87 17.60 2 0.375599 877.41 92.52 21.11 24.86 2 0.356849 825.65 404.98 14.35 18.62 2 0.324004 1086.62 11.19 17.31 20.65 2 0.310375 1223.65 57.31 20.39 14.76 0 0.287565 907.37 339.68 20.45 19.89 2 0.287480 113.61 428.84 30.40 18.10 3 0.283283 924.98 91.54 18.89 23.22 2 0.268228 1276.01 62.92 21.94 16.70 3 0.265670 921.65 393.60 17.82 16.36 2
48,0.562372 1043.75 77.67 20.41 25.17 2 0.528971 1078.31 56.21 20.35 29.63 2 0.523067 951.97 6.41 20.52 29.93 2 0.521007 874.91 131.16 22.04 27.53 2 0.495105 1042.93 83.83 20.32 25.49 2 0.479246 1076.00 64.17 21.26 25.57 2 0.478357 953.96 14.45 20.84 34.68 2 0.457004 909.69 58.75 16.85 25.04 2 0.428360 822.52 435.42 16.10 22.44 2 0.409192 904.05 375.75 19.29 24.37 2 0.407199 878.17 349.32 21.10 28.61 2 0.335642 819.83 430.71 19.72 22.37 2 0.335155 862.19 407.86 19.41 23.29 2 0.333401 926.21 324.86 18.21 23.40 2 0.329775 924.69 574.24 16.76 25.49 2 0.319035 199.62 382.67 20.06 13.71 3 0.313188 132.51 248.10 22.91 16.38 3 0.307533 230.83 282.99 18.07 13.80 3 0.303166 1141.92 113.05 19.03 21.12 2 0.301684 133.03 228.63 23.83 15.85 3 0.296786 946.61 7.04 20.26 27.91 2 0.292437 910.16 65.11 15.64 23.19 2 0.290383 1140.85 116.86 18.05 21.30 2 0.279485 1039.32 13.90 16.49 27.96 2 0.269096 921.37 87.46 18.40 25.21 2 0.267577 854.61 76.81 19.80 28.18 2 0.262020 1180.24 60.27 14.97 19.35 2 0.259813 919.50 131.10 18.86 21.34 2 0.257963 889.28 421.40 23.10 23.35 2 0.253221 974.23 102.85 17.41 21.32 2
49,0.771976 1111.75 388.14 31.48 53.81 1 0.599253 1118.98 300.55 27.51 32.01 0 0.596812 1132.29 199.79 27.54 36.26 0 0.579853 568.76 672.40 61.81 33.18 0 0.572803 1115.90 347.09 28.38 34.64 0 0.554442 138.39 222.22 16.17 17.65 2 0.542655 833.31 240.45 34.99 25.28 0 0.510401 1128.82 255.62 23.29 36.79 0 0.493941 872.73 48.00 36.96 19.74 0 0.488904 1290.95 426.08 39.82 30.58 1 0.487569 738.06 132.43 44.51 37.88 1 0.466161 837.35 214.20 44.12 21.30 0 0.460726 1090.31 554.81 26.94 46.57 0 0.440884 504.96 160.12 11.97 14.01 2 0.407477 567.81 667.99 59.55 32.10 0 0.384292 1269.34 423.79 61.43 35.35 1 0.379200 437.83 2.12 15.39 22.35 2 0.366081 1247.27 586.21 34.70 49.68 1 0.362748 403.95 108.15 11.16 14.08 2 0.344314 471.45 180.39 10.30 10.51 2 0.325189 885.77 25.69 29.34 17.91 0 0.320454 421.19 62.52 14.13 14.87 2 0.315729 866.30 120.92 26.10 30.44 0 0.304520 869.05 50.67 40.42 21.71 0 0.304169 1244.61 582.68 37.34 95.67 1 0.299939 836.59 219.90 40.24 25.22 0 0.290200 137.90 216.62 15.18 19.63 2 0.283714 1264.26 408.38 64.05 48.09 1 0.281371 423.37 130.70 8.44 11.09 2 0.273094 390.22 72.08 14.25 17.55 2 0.270830 943.36 94.30 15.76 14.49 3 0.270074 848.11 159.26 25.31 22.47 0 0.258811 475.10 126.79 9.69 14.53 2 0.254917 1262.13 422.89 51.90 32.96 1
50,0.559973 333.05 15.72 44.69 23.33 0 0.549956 423.76 153.26 56.09 27.42 0 0.523329 233.09 48.16 44.41 24.14 0 0.509621 303.36 214.63 58.60 29.22 0 0.473061 385.55 0.00 45.71 20.53 0 0.472213 397.71 169.83 63.39 28.80 0 0.468511 1260.87 446.28 14.88 17.72 2 0.462307 770.07 702.69 18.56 17.31 2 0.434633 1228.85 457.86 13.78 16.02 2 0.433317 288.65 32.62 38.75 22.66 0 0.416576 1308.81 329.57 15.56 14.70 2 0.413387 893.50 260.24 14.03 19.75 2 0.367117 972.17 310.00 14.08 13.22 2 0.350299 1292.35 633.78 18.58 17.79 2 0.346423 1226.29 448.35 14.56 15.84 2 0.329685 1188.16 541.72 19.22 23.21 2 0.323248 945.83 646.16 16.55 20.01 2 0.322215 845.69 483.74 17.72 19.44 2 0.308019 988.05 665.62 17.79 18.83 2 0.286240 928.35 305.82 18.09 20.65 2 0.285524 895.40 273.54 15.43 17.57 2
51,0.784391 1112.95 390.82 31.80 53.22 1 0.621349 147.41 226.06 14.77 17.41 2 0.601498 1120.08 301.18 26.78 31.81 0 0.595603 1132.52 201.53 26.83 35.93 0 0.583506 568.09 673.17 62.64 33.12 0 0.572994 1115.51 347.16 29.93 36.79 0 0.549026 740.23 133.93 41.14 35.98 1 0.510454 834.17 242.57 35.28 24.38 0 0.501862 1128.83 259.37 22.97 37.99 0 0.480807 1274.72 422.77 55.59 36.84 1 0.479509 1090.52 554.41 27.31 48.28 0 0.452765 873.68 48.31 38.28 19.76 0 0.419027 1244.85 583.06 37.85 102.65 1 0.392686 838.02 214.73 42.85 20.84 0 0.385427 1247.03 586.39 36.39 47.97 1 0.367083 422.35 72.67 11.59 14.33 2 0.362558 438.01 2.26 15.30 22.36 2 0.358897 422.88 164.08 9.87 13.07 2 0.345057 1261.15 423.50 58.98 35.17 1 0.335711 870.93 51.20 39.81 21.74 0 0.325187 849.19 160.16 25.03 21.91 0 0.317206 944.48 95.45 14.79 13.05 3 0.316972 866.93 120.51 25.32 31.17 0 0.314285 1248.68 607.98 34.45 78.07 1 0.307203 441.51 698.43 12.75 13.81 2 0.291438 424.60 179.30 7.55 13.07 2 0.289378 837.54 220.31 39.02 23.37 0 0.267141 390.95 70.36 13.31 20.61 2 0.262137 356.72 57.92 14.47 18.16 2 0.258022 837.96 217.81 43.25 22.39 0 0.251983 374.10 161.87 8.02 13.51 2
52,0.553994 398.45 91.76 17.36 23.42 2 0.468798 1058.60 259.44 17.74 27.89 2 0.399965 927.45 219.21 18.15 22.81 2 0.389525 327.51 75.34 24.26 23.63 2 0.354186 1058.66 269.91 19.43 23.38 2 0.353331 921.99 247.64 16.65 21.16 2 0.348080 870.99 278.56 19.42 21.50 2 0.344298 1024.91 288.18 18.95 21.49 2 0.330640 206.61 252.79 18.50 19.81 2 0.322419 1324.78 254.74 19.22 21.85 3 0.321915 1108.86 194.26 15.61 19.32 2 0.310653 603.65 110.74 20.54 22.18 2 0.308095 198.33 583.03 20.43 12.11 3 0.297582 291.43 38.32 19.33 21.30 2 0.284664 222.95 312.29 16.72 21.08 2 0.280752 996.77 215.01 17.02 21.50 2 0.279398 1098.10 240.96 19.48 20.07 2 0.276172 690.49 74.74 13.40 14.10 2 0.271075 1120.23 259.44 17.74 17.55 2 0.268744 857.59 483.58 18.53 26.67 2 0.267633 853.46 616.05 17.99 20.04 2 0.259515 807.36 610.19 14.97 18.67 2 0.256976 927.39 214.43 19.27 23.81 2
53,0.458284 354.12 311.03 51.65 37.61 1 0.457576 867.89 11.98 25.12 22.81 0 0.385322 1053.32 491.35 27.45 17.29 3 0.376388 337.43 317.26 61.84 42.58 1 0.356316 754.53 193.70 13.86 12.79 3 0.346771 576.60 495.34 18.80 14.37 3 0.332160 417.96 618.24 20.03 15.17 3 0.323400 592.63 142.05 33.78 34.93 0 0.304658 1187.47 38.19 24.06 17.40 0 0.300331 588.20 148.04 32.17 31.21 0 0.278868 752.54 111.99 17.30 17.08 0 0.258509 344.24 314.22 60.23 41.02 1 0.253514 340.05 467.33 16.12 18.34 2
54,0.720879 1139.03 511.03 32.78 34.21 0 0.698656 396.62 390.60 38.62 61.11 1 0.675510 1167.87 559.81 36.55 29.86 0 0.666009 414.90 652.08 45.03 76.38 1 0.643581 281.51 1009.56 41.75 67.87 0 0.638648 243.26 573.69 32.90 49.13 0 0.634195 230.62 440.78 34.67 49.39 0 0.626967 1027.45 583.43 34.97 36.43 0 0.624795 122.09 699.50 27.87 46.55 0 0.614489 159.31 745.06 35.85 52.04 0 0.608137 175.59 456.04 30.88 44.45 0 0.597716 1155.65 759.97 19.13 21.61 3 0.596120 1023.67 317.32 29.46 27.26 0 0.594300 1069.71 392.58 34.46 27.42 0 0.593342 563.32 342.15 47.59 24.30 0 0.585423 328.04 547.50 36.11 50.12 0 0.585245 23.91 489.82 36.09 55.38 0 0.580787 407.69 649.52 45.88 70.37 1 0.578698 315.41 811.22 31.23 50.21 0 0.578374 1491.17 747.57 51.32 30.15 0 0.576438 1667.29 744.13 41.09 48.54 0 0.575880 208.64 578.01 31.87 51.70 0 0.571782 144.72 591.44 35.42 53.55 1 0.570910 247.93 891.19 40.01 64.28 0 0.569528 317.26 642.14 30.31 47.51 0 0.569509 217.15 668.31 34.98 49.07 0 0.567143 284.90 648.67 30.11 47.83 0 0.566893 1625.83 58.74 31.40 25.68 0 0.565050 1391.17 820.19 61.16 42.70 0 0.560851 1266.16 442.12 40.45 28.38 0 0.554810 393.39 655.64 54.42 78.66 1 0.554495 532.78 911.94 35.40 51.89 0 0.554034 372.84 789.77 35.96 55.91 0 0.549223 1183.56 56.20 20.07 25.73 0 0.549136 1115.68 473.91 32.58 29.78 0 0.549004 1048.86 354.57 30.90 27.61 0 0.543246 205.36 844.67 37.03 54.77 0 0.541341 952.66 433.64 34.20 34.95 0 0.540804 45.09 627.65 32.16 49.93 0 0.539949 1677.61 81.26 28.38 26.64 0 0.535976 1391.90 971.52 56.63 56.00 0 0.531097 115.42 472.45 31.45 48.34 0 0.530716 261.17 718.28 37.41 56.17 0 0.529504 210.79 903.13 35.87 63.72 0 0.525939 441.44 765.09 37.52 55.87 0 0.523446 292.06 706.01 33.91 55.88 0 0.522677 1553.40 608.94 36.64 31.16 0 0.519077 1000.83 530.70 39.34 34.86 0 0.518215 932.05 150.61 26.93 23.48 0 0.517281 423.09 954.99 35.40 64.56 0 0.512352 1764.49 636.95 45.24 33.26 0 0.509360 1118.07 481.36 32.73 28.40 0 0.506325 997.86 519.96 35.89 31.83 0 0.505127 931.21 394.65 33.44 23.75 0 0.504410 1481.53 749.45 56.79 31.81 0 0.503250 951.21 427.06 33.68 31.43 0 0.503072 1145.59 377.40 43.43 22.09 0 0.502436 1670.95 151.75 29.13 28.01 0 0.499317 1853.75 485.18 53.50 28.90 0 0.493933 781.92 875.46 62.76 33.81 0 0.491648 318.24 863.95 43.80 65.18 0 0.490262 1704.09 542.55 46.55 33.86 0 0.487973 1287.58 888.80 49.95 46.06 0 0.484552 998.64 201.69 28.45 26.56 0 0.482263 383.59 673.57 38.74 59.79 1 0.481635 980.84 486.80 32.58 33.11 0 0.479760 1660.06 567.33 44.25 27.87 0 0.476479 866.31 842.39 69.90 39.43 1 0.475695 203.58 535.45 32.08 40.34 0 0.474298 1112.00 469.54 33.83 29.14 0 0.473808 243.74 1019.94 36.67 59.17 0 0.472848 1005.59 13.13 26.91 18.33 0 0.470392 20.62 966.63 43.12 74.00 0 0.469196 343.26 799.57 30.72 52.40 0 0.465878 1181.76 159.11 23.48 25.40 0 0.465613 1566.53 8.66 31.07 25.27 0 0.465167 337.50 388.64 40.80 27.03 0 0.464365 1156.73 56.82 21.88 26.63 0 0.464331 298.91 548.89 30.79 51.29 0 0.463226 1353.35 870.20 36.73 56.68 0 0.461674 140.49 551.21 28.38 39.75 0 0.460132 1791.40 513.84 47.38 32.05 0 0.457334 389.39 524.53 35.97 55.83 0 0.450786 408.39 776.47 36.16 56.78 0 0.450772 1556.17 114.69 32.04 23.66 0 0.450701 1151.71 372.82 41.70 19.84 0 0.449278 392.59 962.64 35.52 64.22 0 0.448259 459.80 939.48 39.69 60.82 0 0.444398 912.66 349.72 29.82 26.12 0 0.442402 1207.92 51.74 20.94 28.19 0 0.441644 1398.91 342.25 24.53 34.81 0 0.437500 1093.60 437.23 29.41 25.41 0 0.431863 1682.02 113.70 28.76 26.81 0 0.430854 768.63 884.23 65.45 36.77 0 0.429360 1122.45 6.13 27.90 20.86 0 0.427720 733.35 304.89 42.51 20.56 0 0.426385 0.00 977.96 26.93 66.29 0 0.422374 1073.77 0.00 30.56 13.75 0 0.421684 1743.69 170.81 34.27 25.28 0 0.419967 1801.64 510.75 47.45 29.14 0 0.418481 375.87 344.74 27.07 19.81 0 0.417921 1050.20 361.87 29.42 25.37 0 0.416922 1562.69 37.75 28.05 23.44 0 0.412192 1657.62 88.04 26.24 27.52 0 0.411462 1386.44 810.94 69.85 43.59 0 0.405206 1598.43 39.45 28.69 23.70 0 0.403989 345.18 417.13 31.60 44.67 0 0.403649 296.59 541.02 28.78 47.84 0 0.403427 1845.85 493.10 51.93 28.44 0 0.403287 1200.34 0.00 30.04 13.62 0 0.401243 1101.34 68.93 26.20 24.23 0 0.399758 1247.71 56.24 20.39 19.85 0 0.396023 435.47 330.43 27.95 15.56 0 0.392660 1707.40 546.17 48.69 34.32 0 0.392207 88.67 772.88 39.68 43.48 0 0.388879 1696.14 183.15 39.73 30.51 0 0.388807 668.49 322.98 45.61 20.97 0 0.382509 1669.21 752.65 41.83 43.81 0 0.371962 909.12 112.11 26.96 22.89 1 0.371821 1318.22 59.21 34.02 19.48 0 0.370824 1243.94 0.00 28.10 9.77 0 0.370355 863.86 833.52 74.99 38.98 1 0.368827 1540.47 10.69 24.69 30.72 0 0.367175 1590.77 771.25 47.50 48.48 0 0.366676 535.20 913.85 40.24 55.66 0 0.365865 1169.23 0.00 27.15 16.17 0 0.365549 1223.31 0.00 30.59 11.14 0 0.365212 1167.64 548.85 36.75 31.10 0 0.363856 1000.14 272.50 33.11 24.93 1 0.363721 1750.52 532.18 38.04 31.68 0 0.361460 406.97 619.68 39.01 57.61 1 0.358759 979.54 203.89 35.45 28.36 0 0.357878 1083.64 421.81 34.43 22.01 0 0.355751 356.93 678.89 34.17 47.83 0 0.354666 1565.85 606.45 41.27 27.04 0 0.350359 1383.55 0.00 41.33 14.92 0 0.349177 763.74 888.83 60.75 37.14 0 0.348711 670.68 318.36 47.49 22.17 0 0.347350 962.29 205.52 32.95 28.45 0 0.346862 1268.09 52.61 22.93 23.10 0 0.343913 387.57 1049.77 20.57 26.26 3 0.342291 1090.12 427.74 30.73 26.91 0 0.334655 1342.90 869.51 40.80 55.54 0 0.334066 150.94 689.26 31.42 47.96 0 0.325132 728.19 305.94 41.41 22.74 0 0.324091 1570.36 11.75 32.13 23.79 0 0.323900 754.33 301.02 48.30 21.46 0 0.322068 40.23 776.60 35.30 37.57 0 0.319599 1615.69 587.56 37.35 26.54 0 0.319454 1122.81 0.00 24.58 19.36 0 0.317646 344.90 630.60 33.69 49.38 0 0.317069 409.00 770.24 42.26 57.51 0 0.317034 1339.69 92.98 31.98 20.15 0 0.316959 1394.76 824.91 53.80 45.27 0 0.316943 1469.19 757.56 46.73 33.08 0 0.315163 906.67 83.27 22.52 22.68 1 0.312861 1647.95 576.95 41.17 27.67 0 0.312667 287.84 642.11 31.57 51.46 0 0.312623 1769.85 520.74 40.73 29.41 0 0.310318 972.53 232.21 30.84 22.57 0 0.305882 1604.48 589.70 41.68 26.90 0 0.302733 1398.64 661.45 39.06 32.12 1 0.300708 212.93 1036.99 33.95 42.42 0 0.296650 1702.20 548.65 46.39 32.89 0 0.293906 1624.50 755.50 42.31 49.63 0 0.293865 51.08 814.13 45.11 32.92 0 0.292247 1331.49 678.99 40.33 24.92 0 0.291631 376.34 625.23 30.16 45.91 0 0.288996 1269.49 43.60 22.99 21.63 0 0.287925 1265.43 429.19 37.41 27.14 0 0.286530 1718.46 197.72 32.66 22.83 0 0.284456 1653.34 570.67 45.39 28.94 0 0.281020 1512.93 2.56 30.35 28.12 0 0.279402 205.71 546.75 31.10 43.29 0 0.276866 529.87 306.08 27.02 14.05 0 0.276517 1439.60 654.02 52.51 28.82 0 0.275664 698.62 1049.12 30.12 18.35 3 0.274517 341.19 390.32 43.14 34.80 0 0.271665 1434.40 653.50 53.00 33.88 1 0.271534 1271.29 894.16 57.92 43.54 0 0.270683 546.23 306.08 27.54 17.24 0 0.270611 352.75 1061.02 27.74 18.98 3 0.268448 1506.58 0.00 28.78 21.96 0 0.266343 300.47 553.36 37.26 55.37 0 0.264372 1202.19 589.23 24.31 23.06 0 0.264154 1636.62 58.94 34.52 24.22 0 0.263744 479.42 326.11 22.18 14.58 0 0.262782 1750.95 642.44 48.27 32.31 0 0.259271 1716.66 85.80 32.94 29.10 0 0.258477 773.03 305.28 38.10 16.90 0 0.258282 317.32 834.87 38.98 58.50 0 0.258248 1289.31 40.73 25.38 18.31 0 0.256444 1541.05 24.40 25.45 26.31 0 0.255961 1128.78 66.32 21.20 25.06 0 0.253762 938.03 29.29 28.24 26.01 0 0.252208 673.39 309.60 45.48 21.60 0 0.252072 1708.32 79.20 28.20 24.55 0 0.250694 1668.11 532.08 41.74 30.07 0
55,0.516614 923.37 579.58 16.93 23.25 2 0.506585 168.27 633.31 25.97 18.40 3 0.484031 568.43 195.09 15.42 21.17 2 0.480896 340.80 340.88 16.74 19.62 2 0.465495 1034.32 556.03 20.17 31.31 2 0.451273 971.95 504.91 19.85 22.19 2 0.440078 336.14 212.79 18.60 20.70 2 0.433930 826.18 594.25 17.18 22.86 2 0.421013 1072.79 550.40 22.41 18.61 2 0.405726 273.88 348.41 16.55 20.69 2 0.394705 672.11 196.12 15.69 19.98 2 0.384397 1056.42 504.85 21.21 18.66 2 0.380467 993.96 238.19 18.50 18.28 2 0.370210 870.96 624.21 20.15 24.13 2 0.362274 569.61 200.86 15.49 21.76 2 0.362166 961.04 575.34 19.96 25.66 2 0.360775 164.52 292.74 25.58 15.19 3 0.358127 165.47 565.23 18.54 21.50 2 0.351599 1008.73 615.15 21.81 25.35 2 0.350411 803.23 570.20 15.80 27.01 2 0.330131 1324.43 544.39 19.14 19.26 3 0.321938 1289.61 560.91 24.78 15.71 3 0.317180 1087.74 548.38 19.41 19.46 2 0.314739 969.14 625.40 23.85 19.22 3 0.313861 1173.83 513.36 16.75 18.67 2 0.310776 643.43 174.87 12.63 18.64 2 0.310767 918.16 296.21 24.08 17.26 2 0.309103 901.05 509.25 17.96 24.10 2 0.304970 871.77 557.90 16.33 19.05 2 0.301912 1291.92 541.76 29.07 18.31 3 0.301801 924.39 582.56 16.70 25.63 2 0.300777 1141.85 447.50 22.29 18.48 2 0.289554 408.60 382.02 17.04 21.42 2 0.289035 164.70 570.51 18.52 20.85 2 0.286979 407.41 385.49 17.83 22.18 2 0.272029 951.84 381.44 17.97 17.39 2 0.267274 306.96 203.77 18.02 21.37 2 0.262696 966.49 591.86 22.32 23.14 2 0.261237 1012.10 469.20 19.38 21.02 2 0.251255 874.35 618.07 18.89 22.23 2 0.250947 909.24 208.85 17.18 17.08 2
56,0.663366 1056.03 645.05 20.49 42.43 0 0.652883 1248.63 370.99 30.22 48.23 0 0.652721 1133.69 164.79 24.33 39.51 0 0.643920 1635.34 176.37 24.97 38.21 0 0.640269 1328.24 844.92 56.87 27.45 0 0.620885 1324.53 79.19 25.57 37.85 0 0.619021 1301.82 217.02 24.13 39.88 0 0.615070 1411.69 354.52 29.46 42.04 0 0.610519 1672.40 322.93 25.86 40.88 0 0.610442 1489.60 345.15 32.96 44.24 0 0.604006 1172.95 104.81 22.72 29.87 0 0.601009 1412.56 71.23 24.96 37.71 0 0.580685 1657.70 36.81 25.70 39.14 0 0.579338 1443.11 67.39 25.82 38.68 0 0.577826 1679.63 34.64 26.06 38.87 0 0.572950 1252.89 222.11 22.83 36.31 0 0.566090 1573.15 335.08 27.15 44.12 0 0.561030 963.60 544.52 20.44 41.12 0 0.560113 1536.11 339.22 33.06 44.44 0 0.548142 1373.36 203.35 24.22 39.04 0 0.545957 1358.47 993.52 67.59 32.25 0 0.545548 1759.59 310.85 32.48 42.17 0 0.540411 1444.73 355.35 28.97 42.88 0 0.535682 1515.45 275.30 25.02 38.10 0 0.530709 1324.14 211.69 27.31 40.95 0 0.529836 1025.19 13.91 38.14 20.40 0 0.527936 1232.29 556.33 56.87 26.51 0 0.527657 1359.51 357.81 26.01 41.69 0 0.522044 1696.44 319.96 28.73 43.16 0 0.517659 944.34 1.50 17.81 35.33 0 0.511981 1218.01 97.46 23.43 30.38 0 0.511845 1679.65 171.09 23.88 38.10 0 0.509692 1646.95 324.11 25.35 45.69 0 0.506958 1489.12 453.84 25.71 40.57 0 0.506022 1430.62 199.97 24.28 40.61 0 0.505670 1247.14 604.90 56.54 26.01 0 0.505313 1007.19 580.15 28.71 44.93 0 0.499255 1086.77 250.53 43.83 19.00 0 0.498794 1752.52 311.62 33.57 41.59 0 0.496446 1609.39 46.05 29.03 38.63 0 0.491810 1277.52 219.90 20.62 38.47 0 0.491638 1557.99 441.56 32.48 39.57 0 0.486445 928.16 726.64 33.15 65.65 0 0.480972 1327.79 207.68 26.47 43.12 0 0.466148 1080.76 253.53 47.55 20.24 0 0.457751 850.23 23.77 23.56 38.00 0 0.457158 1634.06 40.44 27.19 38.47 0 0.448051 1681.97 259.53 23.72 34.16 0 0.448006 1706.56 259.11 22.72 35.93 0 0.446215 1037.79 745.95 25.78 48.37 0 0.445318 1693.03 430.64 29.07 36.52 0 0.439467 1622.03 326.67 25.03 45.42 0 0.436939 1615.02 324.73 27.23 44.66 0 0.434763 1703.21 257.82 23.82 32.79 0 0.423492 833.86 148.34 24.61 47.05 1 0.422931 1608.34 188.37 26.41 35.91 0 0.421481 1722.11 415.31 33.80 34.13 0 0.419916 1527.26 192.31 23.76 38.59 0 0.416675 1341.40 488.99 35.95 27.18 0 0.414935 1338.70 1050.58 44.68 27.69 0 0.414308 1712.77 319.88 31.77 42.43 0 0.412392 1266.00 158.23 20.60 35.90 0 0.409811 1300.16 82.46 22.12 34.66 0 0.406983 1329.07 363.26 26.08 39.30 0 0.392226 1405.94 202.16 23.95 41.65 0 0.391265 1395.47 200.17 24.34 42.34 0 0.380817 1289.65 156.88 22.52 36.65 0 0.377123 1494.03 282.70 25.06 38.14 0 0.376233 1254.19 631.42 46.52 23.91 0 0.374050 1089.07 271.82 47.08 21.25 0 0.372233 1511.29 195.68 23.35 36.58 0 0.368498 1308.85 811.40 50.83 27.50 0 0.367370 1491.42 135.84 23.08 34.00 0 0.364205 1269.12 892.96 21.07 27.05 0 0.359625 1227.37 524.28 54.27 26.44 0 0.351979 1314.67 818.03 57.24 27.84 0 0.351860 1546.25 336.66 28.76 43.90 0 0.351416 1863.02 414.54 27.23 32.47 0 0.333775 1335.70 472.33 36.56 24.87 0 0.330248 1717.25 427.10 30.06 39.09 0 0.325606 1033.51 11.14 37.81 24.06 0 0.323334 888.40 322.65 24.61 45.32 1 0.317823 1843.63 401.27 24.51 30.31 0 0.312396 1610.18 327.75 26.65 43.41 0 0.311150 1483.78 984.04 26.63 29.92 0 0.305661 1083.67 464.68 43.39 21.51 0 0.296293 1612.13 183.26 26.48 37.26 0 0.294291 1531.05 341.75 30.77 46.24 0 0.291736 1849.90 407.57 27.79 31.97 0 0.285669 1267.93 160.91 22.00 39.77 0 0.283377 1492.86 143.68 25.17 32.14 0 0.283042 1588.92 188.78 24.82 35.85 0 0.278220 1119.14 305.01 33.46 20.54 0 0.277010 1264.29 85.35 22.88 31.54 0 0.275130 1697.90 424.78 32.67 38.67 0 0.270117 1028.37 0.00 37.03 19.19 0 0.262103 1369.63 998.68 65.12 29.48 0 0.259236 1228.87 535.06 55.55 25.64 0 0.252325 1862.64 399.58 30.92 33.64 0
57,0.595432 687.61 383.85 14.57 18.42 2 0.474596 919.06 633.08 16.17 21.17 2 0.453616 927.42 467.84 13.96 18.88 2 0.430611 687.16 387.35 15.53 19.16 2 0.420350 77.97 685.86 30.94 34.14 3 0.370224 1175.86 649.59 21.46 21.12 2 0.356820 869.59 608.74 18.69 25.99 2 0.354169 147.43 481.60 25.37 15.90 3 0.352858 386.03 94.43 16.26 19.41 2 0.347811 1179.89 657.47 21.04 19.54 2 0.347163 1125.37 627.77 21.07 21.58 2 0.339045 576.27 380.22 15.61 21.31 2 0.311767 1022.75 508.89 13.44 17.40 2 0.307898 1105.10 684.18 16.53 20.29 2 0.307541 308.03 90.35 16.14 22.70 2 0.290342 262.24 446.32 24.27 17.22 3 0.286398 892.19 462.81 10.26 14.86 2 0.283232 1025.89 666.98 23.98 20.58 2 0.280997 558.10 596.64 13.15 18.93 2 0.264404 1029.84 674.95 20.77 21.73 2 0.255446 283.65 101.48 18.54 19.44 2 0.251061 1093.31 684.96 17.65 18.51 2
58,0.543282 164.81 563.50 15.68 20.81 2 0.526946 0.00 251.29 36.31 36.85 0 0.503823 108.17 82.93 47.67 26.77 0 0.480176 357.97 0.00 44.95 22.69 0 0.455621 237.53 526.22 12.83 17.49 2 0.440408 0.23 33.57 32.50 28.51 0 0.400168 533.04 149.59 31.33 33.39 0 0.395684 216.68 627.66 14.10 17.66 2 0.388585 251.87 579.43 13.63 16.35 2 0.387665 1271.21 400.22 30.90 28.24 0 0.385745 113.77 623.47 16.49 18.89 2 0.378670 13.66 430.29 14.72 12.78 2 0.364584 200.39 675.16 17.10 16.39 2 0.354407 727.37 612.25 16.71 13.31 2 0.352986 524.25 129.42 27.59 28.66 0 0.327459 35.91 8.61 52.95 36.00 1 0.326407 152.58 649.33 19.19 20.81 2 0.324894 89.12 641.13 18.41 17.82 2 0.303280 34.23 4.32 53.04 32.45 1 0.299722 186.06 515.71 14.26 18.17 2 0.293900 67.57 446.24 18.86 14.60 2 0.271973 199.53 562.17 18.59 22.23 2 0.269245 100.50 629.90 15.39 20.56 2 0.267348 522.88 129.57 34.32 35.21 0 0.267319 707.61 599.21 11.06 11.28 2 0.256922 623.70 651.95 11.20 10.47 2
59,0.666195 588.28 626.56 16.22 20.37 2 0.620425 1096.36 41.15 37.09 17.19 0 0.507854 708.38 625.75 15.93 19.37 2 0.502763 314.30 593.48 18.08 21.84 2 0.485554 1142.66 43.97 32.61 22.64 0 0.461935 1059.03 38.73 21.86 22.57 0 0.428082 952.75 658.68 18.05 17.24 2 0.409241 707.50 619.15 15.46 21.95 2 0.377494 602.91 596.31 14.16 22.11 2 0.348240 1061.32 40.50 24.93 21.94 0 0.332270 588.67 619.62 17.80 22.89 2 0.321586 1184.70 45.40 29.45 25.29 0 0.321252 873.95 155.68 14.15 17.57 2 0.300243 860.69 624.98 19.12 19.35 2 0.295450 803.07 87.32 15.51 16.88 3 0.269477 1145.00 47.43 30.82 23.02 0
60,0.522665 1282.15 300.79 29.25 25.12 0 0.520554 0.00 205.52 26.17 32.35 0 0.497147 83.45 564.70 13.75 17.36 2 0.490243 516.33 83.32 33.36 26.82 0 0.387082 233.68 0.00 47.42 16.73 0 0.358393 184.76 583.91 14.28 16.21 2 0.347028 531.83 110.95 29.51 23.59 0 0.342957 89.04 390.69 16.89 17.40 2 0.312371 66.52 383.06 15.74 16.15 2 0.299144 728.05 552.18 11.48 11.06 2 0.297991 240.30 507.95 13.72 18.93 2 0.296229 86.96 480.98 14.65 15.13 2 0.294182 21.24 396.61 13.52 17.31 2 0.285977 1323.35 273.70 20.65 23.25 0 0.274874 183.41 591.15 14.87 16.19 2 0.269324 150.83 477.32 12.91 15.99 2 0.266060 534.48 118.63 29.31 20.45 0 0.259369 119.95 514.00 10.89 14.80 2 0.258619 117.11 496.27 12.40 13.95 2 0.254316 571.46 241.58 28.34 23.33 0
61,0.755414 1112.11 386.31 30.65 52.23 1 0.592015 1116.46 342.27 26.72 36.50 0 0.591009 833.14 239.28 34.77 22.41 0 0.585056 740.72 132.35 41.23 36.60 1 0.568089 572.13 669.17 61.25 32.89 0 0.560586 1132.01 199.78 26.50 33.75 0 0.540589 1089.59 546.58 27.91 53.99 0 0.539161 1127.75 254.69 23.87 37.55 0 0.510232 129.10 213.20 16.57 18.81 2 0.492985 871.17 47.26 37.63 19.56 0 0.491697 424.58 127.71 9.00 12.98 2 0.484677 567.07 663.90 63.38 32.71 0 0.466228 1118.46 300.02 26.79 30.70 0 0.462722 836.33 213.09 43.81 22.73 0 0.451839 405.96 76.84 11.98 14.43 2 0.443040 1242.04 576.73 40.28 108.66 1 0.413985 375.04 159.33 8.61 14.02 2 0.401709 1244.75 579.76 39.04 60.07 1 0.396529 436.26 0.00 16.95 22.63 2 0.392398 739.28 130.47 37.10 31.53 1 0.390719 737.13 129.06 34.65 26.45 1 0.367808 419.78 57.66 13.52 13.26 2 0.353992 52.17 58.71 17.25 17.12 2 0.327291 943.31 94.05 13.86 13.40 3 0.313157 1258.58 404.98 69.67 48.25 1 0.309484 1264.37 418.99 64.51 35.64 1 0.302641 123.50 211.77 19.23 19.04 2 0.284094 66.32 112.50 17.59 13.23 2 0.281687 130.75 216.73 16.34 20.69 2 0.274258 402.01 108.18 12.82 15.60 2
62,0.660937 602.19 646.71 16.90 22.08 2 0.608752 337.74 396.84 17.89 19.12 2 0.545949 784.54 482.18 17.16 21.47 2 0.538881 690.81 710.02 16.67 9.98 2 0.507610 600.42 675.51 20.60 18.09 2 0.501748 316.71 373.33 16.02 17.55 2 0.469365 552.20 641.52 20.19 21.07 2 0.454076 835.19 695.55 18.12 21.24 2 0.440688 352.68 277.97 13.00 12.97 2 0.432897 381.51 473.14 19.41 21.12 2 0.431930 488.86 574.50 16.09 21.52 2 0.408750 505.63 492.75 12.95 19.97 2 0.332175 302.27 447.14 18.16 22.32 2 0.324682 550.88 627.60 22.47 21.86 2 0.322664 402.00 241.94 13.48 15.00 2 0.317502 473.31 554.14 17.52 22.57 2 0.316236 655.62 593.47 15.52 19.89 2 0.313651 631.34 700.07 18.11 19.93 2 0.305508 706.15 229.01 13.49 18.97 2 0.290844 525.86 489.38 16.13 20.44 2 0.290241 1028.20 540.26 18.42 23.82 2 0.287572 772.92 681.21 15.12 17.48 2 0.278521 357.75 446.45 21.80 23.43 2 0.269251 350.62 416.70 21.86 19.34 2 0.265740 1113.45 478.21 18.85 19.93 2 0.263758 417.20 488.44 20.74 18.74 2 0.252771 380.67 466.00 20.46 21.50 2 0.251101 362.08 445.95 23.23 23.30 2
63,0.601280 720.14 412.21 17.95 18.65 2 0.595817 775.43 376.38 15.09 18.17 2 0.580994 516.54 117.67 19.16 22.37 2 0.576158 471.94 90.35 17.83 18.14 2 0.477931 650.38 329.52 15.47 18.04 2 0.477199 676.23 1.42 18.42 22.73 2 0.475242 1232.87 0.00 44.01 25.90 0 0.470143 640.42 308.14 12.76 18.42 2 0.465140 503.66 84.78 15.78 20.07 2 0.459977 991.68 668.00 17.11 19.55 2 0.456124 515.99 524.93 15.97 20.44 2 0.434160 577.68 303.45 17.93 22.76 2 0.421550 519.92 110.91 22.62 24.30 2 0.412617 1009.87 648.83 16.02 19.38 2 0.395530 331.36 94.48 18.03 20.48 2 0.392717 302.84 71.69 19.62 23.58 2 0.378234 703.17 37.33 16.78 17.95 2 0.376425 151.85 476.08 19.53 23.28 2 0.371104 737.42 375.73 16.48 18.23 2 0.366667 989.29 674.87 17.51 18.14 2 0.348102 694.16 322.32 15.88 18.51 2 0.333287 693.29 315.28 14.28 17.18 2 0.330876 502.90 79.62 19.73 20.97 2 0.326635 398.03 414.16 19.13 24.93 2 0.325964 720.40 391.93 17.08 16.24 2 0.315828 585.86 599.22 15.44 20.27 2 0.301148 1027.70 614.79 13.06 16.46 2 0.299323 404.56 156.65 13.78 16.64 2 0.283754 213.00 575.54 18.35 18.31 2 0.282774 166.34 632.05 17.79 19.39 2 0.275107 719.23 378.77 18.23 19.50 2 0.270259 1253.27 77.17 32.72 16.17 0 0.258150 707.75 360.12 13.17 18.82 2 0.256214 530.53 278.89 20.69 20.34 2
64,0.631909 684.28 326.96 14.43 19.33 2 0.561105 1023.83 676.93 18.61 25.29 2 0.464070 182.38 676.14 21.06 30.77 2 0.432893 888.10 633.00 14.49 20.23 2 0.429872 873.53 550.55 19.43 27.75 2 0.426758 502.46 678.75 15.11 24.65 3 0.414204 266.82 473.56 17.40 20.14 2 0.411503 573.35 322.23 16.50 21.59 2 0.379636 366.62 25.83 14.42 22.29 2 0.378981 986.34 694.62 20.84 24.53 2 0.367603 961.28 627.80 19.60 24.33 2 0.362153 307.99 313.49 19.48 21.05 2 0.361427 1289.72 589.40 26.25 22.55 3 0.340992 975.18 655.68 20.43 22.69 2 0.340698 181.54 687.82 20.72 23.28 2 0.328654 231.91 448.91 19.24 21.38 2 0.319099 310.74 312.69 19.72 20.30 2 0.315471 202.99 566.49 15.55 19.26 2 0.307946 1288.20 662.82 19.27 16.39 3 0.305223 1041.12 626.38 16.70 17.88 2 0.298232 1059.94 666.73 17.98 19.79 2 0.297846 183.81 664.79 22.08 27.94 2 0.295898 535.17 530.79 15.48 23.11 2 0.294463 238.52 174.19 15.03 21.98 2 0.285425 1023.18 683.92 17.06 25.13 2 0.282481 896.11 332.20 16.24 18.26 2 0.281214 1128.67 568.35 20.41 18.71 2 0.279878 389.92 196.92 14.92 25.86 2 0.279673 877.40 380.09 11.77 16.64 2 0.279243 1041.47 373.52 19.20 16.77 2 0.278504 872.70 543.91 23.30 28.25 2 0.267207 574.13 317.06 14.68 21.69 2 0.263460 192.81 94.96 20.91 22.50 2 0.262650 290.90 37.90 18.94 20.45 2 0.261444 1192.30 666.90 20.43 15.55 3 0.259645 889.85 484.87 20.44 30.65 2 0.252097 1310.69 678.19 18.86 15.25 3
65,0.422084 1121.20 542.57 17.74 24.00 2 0.391348 706.77 95.50 20.51 18.08 0 0.368242 604.50 508.56 16.41 14.79 3 0.365875 545.87 173.09 37.43 22.90 0 0.327683 1246.31 393.75 20.57 34.30 2 0.297292 553.60 158.91 38.20 24.53 0 0.296164 681.68 164.47 21.65 20.70 0 0.282100 547.70 160.35 37.37 23.48 0 0.269036 540.59 523.66 20.03 20.58 3 0.263015 852.48 169.98 24.80 31.27 1 0.250271 1251.38 398.69 19.53 30.41 2
66,0.728460 1115.31 390.98 33.66 54.77 1 0.601837 1271.34 419.68 64.06 42.61 1 0.597039 1135.66 203.57 26.12 35.49 0 0.583787 1123.31 303.96 24.90 33.43 0 0.572094 1119.63 351.45 26.84 34.54 0 0.519120 573.93 677.87 60.04 32.89 0 0.499684 738.37 133.70 42.03 35.35 1 0.499383 568.10 671.92 62.72 35.40 0 0.484415 875.21 51.09 39.81 22.97 0 0.483909 1131.22 261.66 26.94 35.28 0 0.476766 837.08 244.65 36.03 25.24 0 0.450582 1092.67 555.91 27.43 50.94 0 0.430669 875.87 48.03 38.98 20.77 0 0.422313 1250.78 587.31 37.70 62.20 1 0.406570 742.99 137.57 38.66 37.14 1 0.405301 1247.38 590.96 41.27 105.55 1 0.371810 422.41 163.18 9.87 13.02 2 0.367868 842.01 218.15 44.74 23.58 0 0.363885 357.44 59.07 12.61 17.51 2 0.354851 418.33 91.33 12.10 13.60 2 0.346281 166.34 145.77 14.25 14.03 2 0.343267 866.51 132.57 29.00 26.95 0 0.323862 391.81 57.07 12.19 17.72 2 0.317546 835.14 249.01 33.37 24.79 0 0.309188 389.25 76.60 12.26 16.55 2 0.309055 474.50 128.53 9.28 12.80 2 0.303902 437.72 2.84 18.34 21.96 2 0.302116 556.50 158.02 10.19 12.61 2 0.284296 1294.50 419.38 46.58 43.02 1 0.281747 437.97 130.33 10.27 15.25 2
67,0.683079 753.14 645.51 15.81 16.33 2 0.598785 710.41 590.21 16.11 20.96 2 0.598547 803.96 647.78 15.46 17.66 2 0.564406 1103.43 66.10 31.52 45.44 0 0.524026 756.79 628.96 14.99 16.17 2 0.514534 1010.90 0.00 25.52 38.41 0 0.510417 567.89 293.71 15.09 18.53 2 0.507399 642.36 446.70 14.46 19.27 2 0.479683 928.04 61.64 54.76 26.65 1 0.473005 414.41 694.78 17.29 20.72 2 0.472727 945.46 177.34 10.80 16.21 2 0.468005 726.06 375.57 13.32 20.83 2 0.462957 774.29 391.38 14.52 22.01 2 0.461899 739.53 662.98 20.30 17.58 2 0.418665 908.18 231.38 14.60 16.33 2 0.410093 710.28 584.60 15.41 20.52 2 0.406199 1078.31 48.83 27.83 40.90 0 0.398370 591.37 316.91 13.11 18.25 2 0.388190 531.76 616.17 19.08 18.45 2 0.384350 810.46 375.92 12.92 18.33 2 0.371005 842.13 239.17 14.43 19.68 2 0.370287 589.84 321.11 13.56 17.95 2 0.360659 605.12 394.45 12.45 16.71 2 0.334583 675.82 499.07 12.05 15.33 2 0.329294 648.74 548.29 20.23 16.87 2 0.325304 550.60 273.50 15.67 15.79 2 0.316798 549.63 590.93 17.35 16.18 2 0.309337 904.04 338.19 18.02 19.15 2 0.307108 267.30 556.86 21.16 23.61 2 0.295322 97.98 397.37 14.73 15.88 2 0.288401 674.02 424.13 15.09 18.64 2 0.288383 852.00 377.61 17.91 15.81 2 0.287729 906.57 331.83 18.28 18.53 2 0.287399 937.46 309.43 15.81 15.36 2 0.281064 895.15 338.84 16.82 19.15 2 0.273509 468.44 261.33 16.01 21.96 2 0.254168 608.18 243.88 11.17 15.16 2 0.253850 669.53 512.88 14.84 16.45 2 0.250761 944.93 361.29 12.93 12.56 2
68,0.705390 789.58 313.33 25.61 43.02 0 0.694137 625.85 568.88 31.48 50.10 0 0.688105 1505.96 583.16 39.06 32.06 0 0.668484 765.65 412.40 36.65 67.51 1 0.661969 716.08 673.27 32.07 54.78 0 0.659158 1095.59 732.46 89.11 37.43 1 0.643957 993.33 205.31 43.22 21.99 0 0.640027 351.23 558.14 31.85 50.18 0 0.637635 832.22 204.61 32.16 48.18 1 0.634711 1484.66 487.66 33.14 34.61 0 0.632584 1491.98 534.63 35.48 32.66 0 0.628790 628.48 306.89 26.12 40.76 0 0.623024 1443.32 153.30 28.75 34.00 0 0.621236 666.91 386.45 22.31 37.94 0 0.601816 381.74 559.24 30.67 49.82 0 0.599871 1664.96 506.78 35.12 37.77 0 0.597940 690.76 386.90 25.67 42.39 0 0.597905 626.92 430.80 27.26 46.59 0 0.595437 573.60 302.61 28.61 41.20 0 0.590143 839.03 157.16 23.61 21.31 0 0.581097 783.79 675.02 29.12 48.00 0 0.579005 1458.80 351.62 27.09 34.91 0 0.577618 565.48 567.18 27.88 49.03 0 0.574607 1659.78 108.37 19.91 27.14 0 0.570620 755.89 524.69 29.10 45.31 0 0.570343 557.42 674.15 30.14 51.73 0 0.569960 590.09 196.72 27.79 38.15 0 0.566760 1850.29 132.22 24.36 22.04 0 0.560575 533.55 565.49 32.36 52.95 0 0.558441 363.65 265.23 29.69 38.92 0 0.555296 1324.62 338.86 29.84 42.79 1 0.552952 684.30 673.35 29.49 55.11 0 0.552586 493.02 675.01 30.40 52.05 0 0.551767 652.63 672.21 30.40 50.14 0 0.550508 1466.51 395.47 31.88 33.07 0 0.547862 1098.27 212.57 40.08 20.76 0 0.542695 1819.99 130.39 22.94 23.65 0 0.539775 224.88 555.39 33.41 44.78 0 0.538255 1653.14 922.57 66.60 56.86 0 0.538119 524.38 378.27 28.46 38.45 0 0.537082 522.98 674.74 29.70 54.16 0 0.534287 1007.90 738.37 63.62 29.46 0 0.533770 696.82 523.57 26.41 41.09 0 0.530703 607.44 387.96 27.85 37.97 0 0.529727 686.26 199.37 26.45 38.96 0 0.529173 276.84 452.03 36.63 40.11 0 0.528810 716.90 388.30 25.60 40.40 0 0.527865 1582.35 955.70 41.75 60.69 0 0.527619 1446.44 309.46 27.73 37.08 0 0.527562 1661.68 33.61 29.26 20.22 0 0.526509 638.55 199.66 26.99 37.57 0 0.525971 299.21 403.14 36.80 40.80 0 0.524907 1747.34 56.12 26.99 22.22 0 0.522044 667.27 521.14 24.93 42.11 0 0.520940 544.69 517.67 35.36 43.31 0 0.520900 726.75 525.52 26.19 43.92 0 0.517642 539.77 421.44 39.34 45.69 0 0.510472 355.13 673.32 32.39 52.64 0 0.497657 1724.85 59.11 24.50 19.36 0 0.496329 1638.04 106.33 18.78 24.84 0 0.496276 733.92 311.13 27.84 42.33 0 0.495487 324.31 355.58 33.98 40.12 0 0.495124 657.13 309.09 25.28 40.83 0 0.494002 495.00 302.27 27.11 38.08 0 0.484307 392.53 677.57 35.55 52.71 0 0.481267 1685.84 111.92 19.98 25.48 0 0.480889 747.04 389.41 24.79 39.47 0 0.480368 936.48 160.79 25.29 18.41 0 0.479915 1716.00 783.86 64.27 28.20 0 0.479766 1458.35 13.70 32.00 29.66 0 0.477687 639.16 523.78 26.23 42.90 0 0.470408 1708.72 30.56 28.94 20.76 0 0.469868 1355.67 555.91 28.60 44.65 0 0.465873 1656.45 224.04 33.05 22.50 0 0.464178 1347.75 494.50 31.58 43.17 0 0.459269 1338.76 449.41 29.67 37.92 0 0.456885 1829.21 55.73 23.43 23.00 0 0.452862 784.84 184.39 35.48 21.30 0 0.448891 654.58 427.57 30.18 47.64 0 0.448719 1666.29 35.03 29.10 18.02 0 0.446839 1510.18 601.99 36.34 27.73 0 0.443361 783.05 210.89 31.70 37.40 0 0.442285 1339.24 455.25 30.98 37.30 0 0.438798 1744.97 156.87 29.24 16.21 0 0.438129 1493.83 363.74 30.47 33.10 0 0.433170 514.64 189.49 30.65 45.13 0 0.428682 247.50 502.01 37.62 43.75 0 0.427099 1613.07 107.80 20.52 23.57 0 0.425108 1689.67 784.11 55.76 29.12 0 0.425030 1590.34 958.15 40.78 57.80 0 0.423387 553.20 378.60 27.31 36.65 0 0.422570 346.18 312.32 31.02 36.79 0 0.412715 1770.01 906.44 73.68 30.58 0 0.411633 1203.70 229.30 30.81 18.19 0 0.410245 1791.34 126.69 23.71 25.17 0 0.405601 1408.81 125.90 23.48 28.78 0 0.404433 735.37 306.32 25.29 40.68 0 0.401202 1750.03 36.44 26.90 18.75 0 0.398030 633.41 200.35 27.96 38.43 0 0.391897 1657.35 933.25 56.85 57.32 0 0.389068 483.79 420.05 32.37 45.99 0 0.384881 385.50 218.54 31.49 39.91 0 0.379518 520.36 304.33 24.93 38.55 0 0.379110 1147.17 178.79 26.87 20.19 0 0.378220 1461.20 201.16 26.78 32.97 0 0.377317 736.28 431.58 33.26 51.31 1 0.375989 0.00 610.64 24.61 70.34 1 0.371541 1320.00 313.40 28.32 41.46 1 0.368787 887.23 160.53 21.46 15.77 0 0.362506 456.56 432.48 30.96 39.11 0 0.361682 627.22 731.25 20.59 25.38 3 0.361034 1530.29 19.89 25.93 22.02 0 0.356761 1710.15 113.99 20.61 24.82 0 0.350185 713.89 430.57 28.18 43.43 0 0.349533 1434.82 260.59 31.85 36.75 1 0.343434 591.71 273.02 27.18 30.85 0 0.341786 1796.44 58.23 23.14 21.55 0 0.340987 1611.21 20.20 33.86 22.17 0 0.339470 705.61 302.57 26.06 41.29 0 0.339193 1715.37 34.78 28.63 18.50 0 0.334350 1783.79 908.99 71.99 30.96 0 0.321525 1333.19 402.25 29.31 37.11 0 0.317747 1641.69 762.49 40.01 26.49 0 0.315346 1331.23 383.16 29.26 44.51 0 0.314054 1473.27 435.64 28.63 38.69 0 0.313511 1885.26 105.84 32.45 19.45 0 0.310706 604.39 733.21 18.67 24.14 3 0.309978 1530.10 614.71 30.91 20.77 0 0.309447 575.26 732.91 21.04 27.80 3 0.303624 979.55 161.95 25.73 16.96 0 0.295294 1321.38 308.86 25.18 32.26 0 0.291012 243.04 502.68 39.71 54.61 0 0.290461 1395.09 649.57 27.94 34.80 1 0.289981 773.63 405.79 33.13 63.74 1 0.288330 1778.72 57.35 21.82 21.86 0 0.287518 1495.92 13.76 24.31 24.15 0 0.286509 680.91 206.22 28.78 39.48 0 0.282419 777.97 387.45 28.98 41.85 1 0.280736 1440.70 175.57 29.26 26.17 0 0.280366 293.85 399.10 37.03 44.05 0 0.279113 440.80 100.86 27.71 31.98 0 0.278929 774.34 182.80 35.34 22.59 0 0.278888 1631.53 762.45 46.14 28.21 0 0.277392 1435.30 256.63 36.37 36.77 1 0.270793 1164.63 220.04 35.19 22.13 0 0.270592 1679.79 1015.66 30.77 23.86 3 0.270431 1667.74 53.26 28.36 21.51 0 0.268135 1685.07 1037.72 29.03 24.48 3 0.267481 458.85 736.35 17.65 25.90 3 0.266528 633.82 272.37 25.55 32.95 0 0.266433 1351.40 500.93 31.07 46.04 0 0.266285 1853.36 464.07 34.31 30.05 0 0.263885 560.59 673.24 31.83 47.56 0 0.258979 1774.72 782.71 55.19 34.24 1 0.258676 1493.07 355.08 30.06 36.90 0 0.257545 504.20 733.86 20.26 28.96 3 0.256206 610.88 385.43 29.47 38.37 0 0.255080 641.60 269.46 23.41 33.96 0
69,0.683291 1491.48 530.59 32.42 37.04 0 0.675187 1484.83 483.07 31.26 37.99 0 0.674073 621.90 307.83 25.51 40.01 0 0.668884 762.15 417.02 34.92 58.66 1 0.659290 600.70 380.61 25.50 39.54 0 0.656393 379.22 556.50 31.63 50.74 0 0.641646 1504.72 580.41 39.22 34.79 0 0.638492 1439.62 149.47 27.88 30.28 0 0.634942 1095.82 210.34 40.96 19.52 0 0.633311 711.06 671.17 31.31 53.39 0 0.621766 509.07 188.65 29.10 43.20 0 0.618454 622.24 571.03 30.79 43.76 0 0.609889 551.97 672.26 29.08 50.44 0 0.609145 990.36 201.79 45.91 22.16 0 0.608221 700.05 302.67 26.89 47.18 0 0.596210 712.84 385.69 23.68 41.89 0 0.590494 629.88 200.31 29.14 35.18 0 0.590008 687.32 383.31 25.22 40.89 0 0.582432 1456.23 349.01 28.37 35.07 0 0.581081 1665.42 500.70 31.82 41.16 0 0.578521 542.03 515.36 31.97 44.43 0 0.576170 650.36 671.73 28.28 49.80 0 0.573395 649.79 426.45 30.70 47.51 0 0.570976 584.08 194.70 28.21 37.18 0 0.568881 570.71 297.08 28.04 38.33 0 0.568824 691.63 521.89 27.35 47.04 0 0.562240 350.74 672.62 33.86 51.94 0 0.557931 346.48 556.79 32.27 49.36 0 0.555092 721.76 522.58 25.37 46.86 0 0.552044 1002.91 737.38 68.49 29.69 0 0.548511 530.82 567.97 29.13 49.47 0 0.545392 571.60 302.07 26.69 40.83 0 0.543515 380.53 216.23 29.49 37.46 0 0.543274 386.01 672.85 34.92 55.77 0 0.543043 622.15 431.60 27.19 45.26 0 0.540359 1648.65 921.75 70.27 55.06 0 0.540023 564.11 563.52 31.28 51.24 0 0.537736 1632.10 103.96 20.54 24.32 0 0.537604 485.50 673.77 30.03 51.72 0 0.537374 652.83 305.65 23.65 42.83 0 0.535356 752.16 524.88 28.52 45.53 0 0.535013 1610.32 20.14 32.57 20.89 0 0.534622 517.80 673.50 29.96 54.33 0 0.534166 268.19 451.37 33.19 46.21 0 0.533275 240.20 506.49 36.11 43.57 0 0.529498 780.99 672.96 30.27 52.10 0 0.523820 1818.99 128.97 21.94 23.00 0 0.518822 1828.07 51.97 21.54 27.40 0 0.516706 217.82 557.26 33.63 43.64 0 0.514213 1846.75 129.80 24.57 20.68 0 0.513081 338.10 313.44 33.79 33.74 0 0.512907 1657.16 106.77 20.79 24.56 0 0.510421 1339.95 455.61 27.50 41.01 0 0.507861 782.95 311.40 28.58 41.89 0 0.500967 324.08 349.68 32.97 36.02 0 0.499707 444.75 435.85 34.70 34.05 0 0.497683 294.84 394.41 36.79 43.09 0 0.494025 437.92 735.94 18.65 31.08 3 0.492272 1684.61 107.96 21.02 23.35 0 0.487124 681.04 673.47 30.50 50.46 0 0.484322 1444.27 309.82 26.91 31.60 0 0.482356 521.42 376.74 24.13 36.08 0 0.481868 981.95 161.68 28.27 18.93 0 0.478950 1749.71 50.85 26.92 25.45 0 0.476989 1771.39 902.62 74.01 32.33 0 0.476633 1566.85 17.61 29.17 19.74 0 0.474832 1715.08 782.87 56.11 26.70 0 0.474357 827.87 201.57 31.55 52.54 1 0.472909 357.86 264.04 31.63 36.28 0 0.472362 835.81 154.38 21.60 18.53 0 0.471657 535.37 422.95 34.01 42.64 0 0.466210 1455.21 11.74 33.45 27.09 0 0.466062 1463.78 390.65 33.54 32.32 0 0.461135 663.34 521.13 25.36 43.31 0 0.458346 1611.49 104.16 20.99 25.42 0 0.458149 1528.62 15.07 25.76 20.64 0 0.454781 1710.57 111.03 20.74 25.81 0 0.454282 1490.93 346.48 27.36 33.78 0 0.453358 680.87 197.06 27.32 39.59 0 0.452481 1473.22 433.43 27.65 37.84 0 0.452432 1662.91 38.14 29.22 21.57 0 0.442158 932.82 157.62 25.30 17.13 0 0.438158 273.63 447.09 33.51 44.74 0 0.435495 559.09 566.11 30.40 49.30 0 0.432577 322.00 353.70 33.19 37.86 0 0.418615 628.83 264.67 26.13 35.88 0 0.417165 787.93 181.38 28.61 21.12 0 0.416239 742.01 384.69 23.49 40.48 0 0.416043 483.13 425.65 29.37 32.33 0 0.415427 603.21 733.16 17.10 27.67 3 0.407995 547.66 375.64 29.35 38.77 0 0.403941 1582.45 962.00 40.44 45.45 0 0.403195 633.74 520.51 26.15 38.84 0 0.400677 487.77 302.31 27.46 33.55 0 0.399743 1750.34 40.44 25.25 22.64 0 0.394258 1791.43 125.08 23.61 25.91 0 0.393919 1152.35 212.58 39.94 21.03 0 0.388870 727.85 309.67 25.35 41.32 0 0.380731 1431.22 184.81 34.75 28.18 0 0.379740 1159.11 213.13 40.97 22.35 0 0.376277 1589.31 966.80 39.73 43.60 0 0.369717 287.39 400.99 40.02 45.02 0 0.363614 1319.85 305.70 25.39 34.80 0 0.360881 777.96 212.67 28.40 36.95 0 0.360172 1348.28 493.09 29.35 48.52 0 0.359935 1325.08 346.22 28.50 31.64 1 0.358643 579.60 265.99 27.26 30.91 0 0.354690 340.92 306.13 33.64 38.15 0 0.353939 1803.18 53.76 19.23 25.71 0 0.352076 1691.39 781.75 59.39 28.87 0 0.351119 630.24 732.13 16.15 26.63 3 0.344795 731.32 429.12 30.88 50.19 1 0.343363 1783.02 51.78 21.48 26.01 0 0.342512 451.02 423.58 31.76 32.81 0 0.341371 1353.21 545.22 31.94 51.87 0 0.337916 581.94 733.15 19.38 26.82 3 0.333263 1094.82 734.23 85.60 35.45 1 0.319499 1733.72 152.80 29.84 18.74 0 0.316996 1509.04 595.59 36.03 32.50 0 0.316425 1421.61 197.61 32.76 28.85 1 0.311988 1329.07 382.49 27.78 47.45 0 0.309911 1719.42 39.82 24.96 18.93 0 0.309433 1628.35 0.00 29.17 14.00 0 0.307825 1892.26 103.21 25.83 20.73 0 0.307334 1656.35 212.81 35.27 23.11 0 0.301879 514.70 305.69 28.30 35.72 0 0.298249 772.00 383.47 31.99 41.60 0 0.291142 637.12 523.58 28.39 41.72 0 0.291007 314.33 361.87 33.90 36.46 0 0.289936 830.12 788.48 27.33 19.94 3 0.289535 1063.37 180.38 26.54 17.84 0 0.288511 1589.03 952.02 38.91 45.87 0 0.285457 662.97 383.72 23.77 39.83 0 0.283127 1460.16 196.21 25.37 29.22 0 0.281803 433.43 304.05 20.45 14.27 3 0.280343 537.11 514.60 31.26 44.05 0 0.278254 1397.87 83.06 24.16 28.46 0 0.276998 733.98 300.99 26.08 34.93 0 0.274322 782.05 208.84 27.51 40.06 0 0.273481 1643.64 759.14 36.24 24.68 0 0.271796 279.27 677.41 27.98 36.66 0 0.270320 1595.51 379.21 32.73 17.92 0 0.266468 1736.35 113.47 26.46 24.65 0 0.265072 724.75 303.06 24.58 41.89 0 0.258597 622.42 376.79 21.94 36.50 0 0.257434 1737.36 153.68 32.53 17.83 0 0.256880 1492.92 10.00 22.66 24.35 0 0.254185 1319.54 307.47 26.37 37.78 1 0.254006 1535.80 612.05 30.59 22.23 0 0.252802 461.80 733.97 14.35 29.40 3 0.252522 824.59 788.02 28.48 21.34 3 0.252214 438.17 95.56 26.96 32.98 0 0.251247 1710.03 32.56 27.73 20.29 0
70,0.801704 756.29 511.87 39.86 72.55 1 0.770591 828.10 281.97 37.36 58.33 1 0.655113 1096.02 853.48 88.08 39.43 1 0.648122 616.99 675.87 33.88 50.75 0 0.616191 730.04 522.07 34.19 58.36 1 0.614527 530.37 518.30 35.54 45.44 0 0.611676 1805.64 126.12 21.15 27.69 0 0.606621 567.08 384.07 29.09 43.70 0 0.606249 505.62 271.98 29.49 41.11 0 0.600510 1457.74 245.53 32.88 33.41 0 0.597236 1680.94 609.98 34.64 41.51 0 0.595707 282.73 488.97 40.01 52.05 0 0.595164 533.09 618.90 29.75 46.78 0 0.593957 614.90 528.03 31.81 47.24 0 0.593495 645.78 524.16 32.30 47.36 0 0.583460 1719.59 913.09 69.47 29.78 0 0.582952 473.81 790.27 31.23 55.87 0 0.581445 521.83 672.40 34.82 52.13 0 0.575046 1775.45 127.29 25.32 28.07 0 0.572235 539.71 788.01 32.47 52.30 0 0.572201 258.58 548.25 36.72 46.50 0 0.571641 507.46 789.62 30.41 58.45 0 0.569854 1104.43 296.65 48.45 20.35 0 0.568962 1495.58 582.88 32.34 46.24 0 0.566755 1339.85 482.44 30.13 47.00 0 0.564479 748.18 625.51 31.17 53.45 0 0.563631 336.45 789.91 35.95 55.13 0 0.555934 1485.09 533.86 35.20 37.20 0 0.548365 1528.36 490.97 38.84 38.71 0 0.547580 782.21 287.39 32.04 40.39 0 0.547168 475.27 522.97 32.12 39.64 0 0.547007 630.39 624.28 26.41 43.53 0 0.545649 545.03 470.81 30.89 40.57 0 0.543920 1678.31 304.77 32.74 21.91 0 0.542574 329.82 400.92 33.84 40.82 0 0.539627 640.81 787.43 31.05 54.49 0 0.537795 334.01 662.66 36.17 53.11 0 0.536212 715.63 625.36 29.69 50.13 0 0.535596 371.02 792.83 36.49 55.56 0 0.534690 380.04 302.17 30.22 42.33 0 0.533762 230.42 605.69 38.51 49.76 0 0.533590 687.24 479.69 26.59 42.03 0 0.533088 598.97 477.89 25.26 38.47 0 0.532503 1371.13 1.79 23.97 33.11 0 0.530276 1469.22 443.20 28.99 37.39 0 0.529556 772.29 788.52 34.65 58.61 0 0.527017 631.86 282.10 27.50 38.94 0 0.526672 711.17 481.34 26.01 43.50 0 0.523323 1506.43 643.39 33.27 35.37 0 0.520319 584.13 277.73 26.63 37.56 0 0.516096 1519.17 696.14 38.13 38.33 0 0.515162 1362.54 655.87 31.57 57.23 0 0.513770 1757.44 195.56 23.96 24.96 0 0.513042 1651.69 67.54 32.49 17.88 0 0.512750 554.63 671.70 31.81 51.10 0 0.511892 1583.45 90.87 24.24 18.14 0 0.507622 1857.72 176.78 35.22 21.05 0 0.507429 1851.23 173.91 34.64 24.33 0 0.507348 1162.29 298.59 43.71 21.80 0 0.505861 657.09 622.09 27.68 45.75 0 0.503704 1853.83 133.34 22.25 25.45 0 0.502205 783.25 399.28 30.37 48.80 0 0.498270 669.68 786.27 31.98 57.05 0 0.480484 1420.34 205.35 24.65 29.25 0 0.479972 204.46 662.94 33.13 45.76 0 0.478249 997.08 285.32 45.42 24.44 0 0.478214 1680.67 103.99 32.40 21.60 0 0.477668 365.43 665.12 34.85 51.58 0 0.474798 685.17 623.91 29.89 50.89 0 0.474171 705.36 783.88 32.52 60.18 0 0.473186 353.53 349.86 33.53 43.63 0 0.472607 1875.65 557.21 28.64 42.35 0 0.472143 1457.84 395.70 28.57 38.65 0 0.471994 1519.54 688.33 40.81 37.05 0 0.470578 621.41 395.41 28.44 34.97 0 0.469972 649.89 391.10 30.00 40.79 0 0.469151 1727.62 193.84 20.96 26.11 0 0.464437 1611.72 178.87 21.39 23.36 0 0.462792 1831.31 130.65 20.36 24.72 0 0.461036 1507.64 638.60 33.85 34.77 0 0.456848 701.12 396.39 27.08 43.13 0 0.456265 333.16 396.33 34.04 42.23 0 0.455864 679.41 282.00 28.17 40.62 0 0.454462 373.05 786.22 38.30 55.41 0 0.454380 1820.09 234.03 33.28 17.74 0 0.451319 1433.60 290.67 35.10 39.70 1 0.450146 1727.70 102.59 31.45 21.16 0 0.448224 578.46 350.35 27.19 32.02 0 0.447543 433.34 535.01 35.98 34.97 0 0.446997 1841.73 210.19 26.37 21.24 0 0.446658 1812.78 1049.42 65.84 26.87 0 0.444975 434.51 856.63 16.78 26.07 3 0.442993 1625.63 92.86 31.20 20.04 0 0.441831 619.14 398.92 29.06 38.02 0 0.438761 837.23 233.30 25.15 19.51 0 0.435209 1814.33 208.24 28.97 19.76 0 0.433476 740.13 481.30 26.34 43.88 0 0.432015 1000.73 857.99 71.03 31.02 0 0.431132 1508.61 90.72 23.57 21.39 0 0.427798 484.88 390.09 26.21 37.19 0 0.426214 1652.33 183.15 19.62 27.08 0 0.425648 1867.91 209.55 28.70 21.90 0 0.423106 1350.83 554.24 28.53 42.45 0 0.398654 1628.40 184.07 21.70 26.15 0 0.394252 311.08 438.28 37.57 45.14 0 0.392779 1499.01 588.56 31.18 45.34 0 0.389492 1563.03 63.91 31.04 19.61 0 0.388201 372.28 659.92 34.33 48.99 0 0.382352 713.67 521.35 35.98 58.45 1 0.380310 1709.98 915.08 64.17 33.35 0 0.380298 630.31 350.52 27.41 34.87 0 0.371276 1703.12 187.99 20.31 27.37 0 0.369729 540.62 616.99 30.40 46.24 0 0.368151 1793.18 918.38 48.24 26.98 0 0.367707 450.71 481.28 29.16 32.86 0 0.367604 723.47 402.85 32.06 42.85 0 0.364250 552.97 851.32 22.91 30.08 3 0.363933 444.14 519.94 35.42 37.01 0 0.361712 514.23 471.01 27.33 36.45 0 0.352318 1731.19 915.78 68.48 27.53 0 0.350284 1433.60 303.30 35.31 40.01 1 0.350206 1355.49 590.46 29.19 51.27 0 0.346015 406.17 852.96 22.38 27.02 3 0.342906 1808.29 204.94 28.91 22.07 0 0.341019 674.22 478.79 28.34 40.15 0 0.335700 785.52 271.69 36.53 34.67 0 0.333341 1783.65 63.33 19.91 17.89 0 0.325082 1673.84 186.28 21.17 27.77 0 0.324449 438.06 170.60 28.86 33.67 0 0.323641 1686.22 614.06 34.34 41.44 0 0.323223 577.73 852.02 17.44 25.91 3 0.321826 829.16 280.22 35.71 55.58 0 0.318647 529.53 787.97 33.97 56.05 0 0.318491 559.20 670.21 36.45 53.43 0 0.318433 437.71 528.48 35.11 39.69 0 0.317985 1432.99 275.58 36.93 33.21 1 0.314967 1545.56 89.06 26.58 19.95 0 0.311298 433.21 388.92 21.00 22.37 3 0.309731 1477.66 491.02 33.92 40.92 0 0.308525 1189.88 299.53 43.67 22.15 0 0.303575 777.66 289.84 31.89 39.72 0 0.294631 1747.21 126.58 25.86 24.32 0 0.291077 1792.50 1050.24 71.44 27.08 0 0.284216 1572.49 62.19 30.59 18.75 0 0.282340 1654.75 1060.57 46.23 19.43 0 0.282291 625.41 361.31 27.90 31.10 0 0.282228 1683.71 124.93 27.07 23.49 0 0.280106 1553.55 89.90 25.10 17.33 0 0.279159 590.10 280.40 27.75 36.67 0 0.279069 627.54 852.04 16.11 24.29 3 0.277296 1332.93 442.32 30.36 35.14 1 0.275838 936.81 237.94 32.01 22.19 0 0.274211 647.99 396.63 29.22 41.72 0 0.273981 1774.09 110.06 24.51 21.28 0 0.273481 732.69 393.29 28.16 36.70 0 0.272024 1203.19 299.64 37.76 23.14 0 0.270251 700.18 788.35 33.03 59.85 0 0.270207 1734.71 128.08 29.73 21.79 0 0.269847 705.53 525.26 30.99 48.99 0 0.268030 1488.12 390.03 28.49 38.40 0 0.267085 772.22 480.27 31.37 44.34 0 0.263075 481.98 854.97 20.96 29.25 3 0.256875 600.51 850.85 17.16 24.67 3 0.254069 723.60 394.10 30.79 41.20 0 0.253063 1873.20 562.44 32.03 42.77 0 0.251854 575.52 364.45 29.78 32.54 0 0.250397 439.74 517.83 30.60 33.44 0 0.250307 1154.72 259.38 29.18 17.11 0
71,0.748522 620.23 243.65 23.82 36.78 0 0.694016 1464.80 320.64 30.65 31.04 0 0.659758 791.80 178.00 24.20 40.55 0 0.653102 503.95 173.00 23.82 35.25 0 0.649290 741.14 502.05 28.48 48.21 0 0.647303 1434.98 198.66 30.81 32.47 0 0.643695 711.62 168.60 24.21 43.37 0 0.641454 593.18 73.84 23.92 37.98 0 0.632474 674.59 244.73 24.25 35.52 0 0.629371 702.54 244.25 21.69 38.12 0 0.621826 669.32 284.51 25.11 44.69 0 0.617951 568.19 368.51 28.24 37.17 0 0.616516 1571.40 730.45 37.42 57.23 0 0.615506 640.28 286.24 27.42 45.10 0 0.613869 641.18 75.40 25.52 36.54 0 0.612969 770.88 367.46 27.57 42.62 0 0.606396 303.54 312.97 32.21 40.31 0 0.604816 648.83 413.59 30.60 40.17 0 0.604747 1598.96 842.25 42.12 58.94 0 0.598516 804.28 500.15 33.29 49.08 0 0.587659 1486.88 408.47 35.45 36.19 0 0.587610 1637.43 332.71 31.35 39.16 0 0.587003 321.48 267.17 36.79 36.14 0 0.583231 475.85 288.61 27.50 38.20 0 0.576893 524.17 509.06 29.71 48.19 0 0.573808 381.39 407.16 29.12 45.56 0 0.568806 584.35 164.24 28.01 46.03 0 0.568606 1680.73 834.87 23.84 18.85 3 0.566994 588.83 410.11 30.91 45.31 0 0.565649 1606.39 1041.14 47.10 38.86 0 0.561327 1488.77 399.66 35.15 35.09 0 0.560516 533.00 172.06 23.02 39.25 0 0.559035 427.22 513.41 31.05 48.29 0 0.558126 686.78 71.75 25.19 41.73 0 0.558125 739.58 171.36 24.37 42.72 0 0.557930 518.95 69.64 27.25 41.63 0 0.556564 741.18 367.01 27.41 43.21 0 0.543792 1372.61 120.76 24.25 31.11 0 0.540951 558.34 411.48 32.65 46.05 0 0.540114 1757.87 678.44 61.76 29.80 0 0.536859 706.64 503.94 29.79 47.89 0 0.536572 727.35 279.64 25.74 47.85 0 0.530469 558.68 281.26 30.53 41.16 0 0.529845 276.95 363.98 34.12 46.15 0 0.529155 504.45 280.79 27.99 39.45 0 0.515910 782.31 59.04 33.41 31.49 0 0.512434 589.96 504.24 27.38 45.12 0 0.508510 1144.55 80.83 39.66 19.95 0 0.508446 554.94 507.15 27.00 50.11 0 0.503834 710.98 366.43 27.34 43.74 0 0.502218 1544.26 827.14 33.71 43.85 0 0.495292 1626.64 697.70 67.94 46.66 0 0.494851 568.49 240.99 26.29 34.57 0 0.490223 701.44 7.04 27.50 33.18 0 0.488429 1344.24 382.77 29.13 43.81 0 0.487831 782.06 74.91 28.45 44.34 0 0.484260 1540.74 825.03 31.85 43.58 0 0.481181 728.48 246.57 21.97 37.96 0 0.480316 344.62 221.32 33.58 33.75 0 0.478224 1477.17 362.21 29.82 31.75 0 0.468224 1101.47 545.71 81.05 32.31 1 0.464235 828.44 75.67 30.09 48.65 0 0.460167 1020.86 551.88 63.75 28.19 0 0.457987 1339.48 0.00 26.03 15.28 0 0.456527 779.94 274.96 26.71 57.03 1 0.454313 663.10 173.41 24.81 41.92 0 0.447282 413.90 405.73 30.22 48.62 0 0.437143 542.71 241.76 25.75 38.72 0 0.430905 639.30 171.36 23.24 39.43 0 0.427764 1089.67 79.09 42.43 20.04 0 0.425711 1386.19 0.00 23.66 20.18 0 0.423132 259.28 405.98 34.47 42.30 0 0.421243 935.94 37.24 18.04 15.22 0 0.420303 1453.09 267.70 29.48 34.94 0 0.416447 1667.42 575.99 71.00 29.52 0 0.415133 397.11 511.42 29.14 45.48 0 0.414526 1164.07 84.51 34.10 18.47 0 0.414210 504.68 568.62 17.87 19.27 3 0.413760 1336.28 325.75 29.39 41.93 0 0.413648 1422.65 161.03 25.24 30.49 0 0.412073 536.95 248.70 26.62 35.99 0 0.410973 1318.24 233.84 28.44 41.80 0 0.409379 989.12 75.96 44.52 22.15 0 0.408424 709.52 7.23 33.22 31.39 0 0.407995 645.49 138.59 22.98 29.92 0 0.398696 1453.78 157.78 28.17 29.83 0 0.392375 1436.50 62.41 23.56 30.63 0 0.391481 354.20 191.48 33.42 34.26 0 0.390390 0.00 532.49 29.49 46.07 0 0.389847 340.28 223.78 33.82 33.70 0 0.389641 1670.57 1028.70 38.65 39.59 0 0.376099 641.91 143.05 22.11 34.69 0 0.375856 982.56 38.34 22.98 15.09 0 0.369543 676.15 368.05 24.90 37.96 0 0.368696 656.84 370.24 24.37 36.33 0 0.364478 677.79 506.53 27.73 43.16 0 0.357643 479.16 280.82 28.07 38.09 0 0.354879 488.13 567.68 17.88 22.85 3 0.354204 1498.45 394.88 35.07 33.54 0 0.348959 691.46 503.59 32.04 46.20 0 0.348450 1870.25 724.04 42.94 48.30 0 0.348096 1093.40 70.09 38.09 22.19 0 0.343111 410.94 34.42 22.57 26.70 0 0.337440 588.66 151.68 27.53 47.66 0 0.336974 1455.47 104.26 29.42 30.46 0 0.336869 1643.12 330.87 30.29 36.56 0 0.335845 622.47 559.07 20.29 23.37 3 0.335788 373.21 144.10 31.10 36.59 0 0.330887 633.04 177.61 26.07 37.16 0 0.330584 1667.39 787.02 29.73 20.71 3 0.325825 1840.26 43.91 31.40 23.13 0 0.320464 1657.48 781.12 27.80 22.42 3 0.318547 1881.88 579.11 37.91 30.44 0 0.316550 1435.94 158.19 29.37 30.11 0 0.313899 360.70 182.32 34.53 31.86 0 0.309084 919.17 36.56 17.49 16.82 0 0.304177 1826.43 283.25 37.10 21.63 0 0.299178 1598.03 835.68 37.03 58.64 0 0.297828 394.85 99.79 29.85 38.87 1 0.296574 685.77 365.88 24.43 40.18 0 0.294984 1416.03 120.47 24.74 31.35 0 0.280694 1326.90 293.62 24.16 30.66 0 0.280417 269.67 368.34 36.97 54.94 0 0.277588 1696.88 900.05 37.72 18.94 3 0.275021 1303.15 162.40 23.99 29.27 0 0.272659 1492.85 837.06 30.08 42.76 0 0.267727 595.46 138.54 22.03 34.55 0 0.265975 1738.97 572.00 69.55 32.77 1 0.265281 750.84 282.83 25.23 50.30 0 0.262296 1747.47 0.00 27.56 10.65 0 0.260598 1477.63 356.57 31.97 30.91 0 0.259939 690.11 65.22 25.14 42.51 0 0.257763 1471.36 350.99 30.18 27.63 0 0.256544 1686.38 19.33 36.10 21.86 0 0.252814 1630.87 692.75 71.20 45.58 0 0.250741 1414.70 110.94 27.29 32.92 0
72,0.821695 567.47 676.99 47.42 74.35 1 0.701127 488.51 223.97 49.77 35.34 0 0.676891 432.89 199.32 52.68 39.99 0 0.653425 1009.99 126.08 65.36 37.99 1 0.647404 189.04 99.18 54.76 36.88 0 0.618771 367.20 172.44 51.51 38.18 0 0.602735 249.32 124.12 59.79 38.27 0 0.577982 540.76 250.16 52.23 32.59 0 0.577205 1037.21 79.89 54.70 33.58 0 0.543842 939.18 131.85 17.58 19.99 3 0.539098 2.71 932.14 59.16 38.81 0 0.532901 903.56 323.98 54.23 30.03 0 0.526937 887.35 0.96 32.43 42.98 0 0.512466 1007.99 113.84 71.97 44.52 1 0.510703 181.09 1008.93 59.88 31.06 0 0.508910 538.93 778.23 35.69 34.02 0 0.507578 262.58 296.72 67.11 39.57 0 0.503087 933.37 189.44 31.73 41.44 0 0.501952 401.26 348.59 55.85 38.99 0 0.493708 0.00 967.89 51.06 35.11 0 0.491599 49.76 151.05 63.91 37.52 0 0.487104 828.95 138.05 37.66 42.72 1 0.484640 139.98 241.74 49.49 35.18 0 0.481821 252.18 292.24 63.99 40.00 0 0.480760 163.82 1036.34 63.06 32.85 0 0.476371 834.52 123.05 34.96 46.70 1 0.470058 459.25 384.81 61.26 35.24 0 0.449504 387.22 996.57 51.92 30.67 0 0.439398 197.34 972.05 60.06 32.35 0 0.423747 867.59 390.82 60.96 36.52 0 0.420144 15.89 1042.59 68.20 33.67 0 0.418790 808.01 187.89 34.96 44.61 0 0.405672 204.76 264.86 43.87 37.08 0 0.401298 517.90 32.80 58.70 35.78 0 0.399305 935.81 183.91 31.49 43.00 0 0.393786 78.31 928.16 71.20 44.46 1 0.383921 49.51 982.45 49.24 34.96 0 0.380996 366.08 1057.94 58.06 22.06 0 0.377493 18.55 0.00 41.25 21.71 0 0.377190 929.17 215.40 25.93 37.20 0 0.356244 34.11 0.00 41.86 19.61 0 0.351655 0.00 997.36 30.37 30.23 0 0.349222 1139.90 484.02 45.84 27.14 1 0.346878 404.33 0.00 27.72 22.81 0 0.344260 186.14 1001.08 62.33 31.20 0 0.342677 531.79 979.60 19.42 18.62 3 0.332226 338.11 320.04 37.29 40.23 0 0.330614 367.18 1050.08 57.71 28.96 0 0.326552 1001.14 163.19 55.54 37.24 0 0.318016 0.00 14.40 49.28 36.01 0 0.316638 533.18 792.25 36.14 39.01 0 0.315820 187.86 986.18 65.01 29.80 0 0.305528 357.35 1052.00 54.27 27.83 0 0.302839 375.47 175.04 50.70 34.16 0 0.301516 0.00 1034.79 35.91 33.20 0 0.294899 132.56 236.55 49.40 32.23 0 0.290318 993.22 588.97 40.48 27.03 0 0.287491 1181.34 163.13 32.61 24.11 0 0.287465 168.68 1044.27 68.59 31.39 0 0.284732 49.44 33.65 34.91 34.10 0 0.276304 1881.36 924.39 35.05 33.15 0 0.275320 0.00 920.65 50.96 40.87 0 0.275102 41.01 984.48 51.20 33.48 0 0.268879 818.13 428.24 18.31 21.09 3 0.267141 728.15 491.26 18.25 21.08 3 0.263308 87.85 966.40 54.04 30.32 0 0.260813 117.61 67.38 49.71 30.98 1 0.257442 315.60 150.58 52.67 38.66 0 0.256554 57.27 967.45 53.40 39.37 0 0.250264 27.87 1048.20 64.75 31.28 0
73,0.806198 993.87 846.41 80.45 42.04 1 0.755744 604.77 570.52 39.86 70.53 1 0.705498 1344.30 579.75 35.92 34.18 0 0.682589 1366.63 633.19 39.55 33.17 0 0.677147 527.97 449.20 28.51 50.07 0 0.671032 435.16 546.46 27.29 47.46 0 0.651972 903.94 865.72 68.00 34.68 0 0.646472 646.04 319.14 36.51 59.36 1 0.615866 449.21 417.12 26.57 36.25 0 0.614808 287.72 3.89 27.07 33.98 1 0.613839 614.41 448.92 31.30 45.90 0 0.610235 386.34 460.04 29.42 46.20 0 0.609301 808.15 303.27 50.73 24.29 0 0.607349 1502.09 526.39 35.83 38.73 0 0.605320 1315.38 484.49 29.56 29.55 0 0.601551 1583.20 57.54 25.06 21.41 0 0.601086 483.83 747.65 32.50 59.56 0 0.601029 385.53 344.97 26.97 42.35 0 0.600884 241.30 907.54 35.41 69.35 0 0.599114 1217.21 624.21 30.62 43.45 0 0.596019 495.92 541.46 25.07 44.15 0 0.595457 115.31 556.36 39.11 47.47 0 0.595241 438.88 343.02 28.45 41.37 0 0.593482 381.48 765.43 33.96 54.09 0 0.589636 420.80 877.24 32.99 64.55 0 0.588895 343.17 558.04 27.29 40.04 0 0.583811 386.35 703.91 31.04 49.40 0 0.583549 594.22 846.04 32.66 63.71 0 0.576639 370.66 599.46 31.73 52.76 0 0.575483 1287.05 399.59 32.02 30.17 0 0.575242 1515.57 125.19 17.63 25.90 0 0.574564 168.91 399.98 30.05 45.40 0 0.574555 1579.41 797.82 58.36 27.91 0 0.573764 145.22 456.50 33.86 43.63 0 0.572410 663.93 840.36 34.30 54.82 0 0.572385 602.91 545.36 38.41 77.97 1 0.570520 1509.26 58.23 28.31 22.30 0 0.568227 918.06 297.87 44.38 19.06 0 0.567364 547.77 690.10 29.43 51.83 0 0.565548 351.21 890.36 32.51 65.76 0 0.564758 1490.52 124.98 17.39 25.52 0 0.562810 296.57 477.51 28.18 43.20 0 0.560493 1364.69 442.75 35.62 22.83 0 0.559507 473.42 458.44 29.39 47.84 0 0.559327 613.30 680.68 31.04 52.37 0 0.558670 525.73 859.13 32.56 58.72 0 0.552543 1269.78 359.20 25.51 30.69 0 0.550703 1490.30 61.21 26.67 21.94 0 0.549332 1381.92 445.04 32.44 22.89 0 0.548991 558.01 445.35 27.32 52.29 0 0.548270 326.58 473.82 26.94 46.22 0 0.545357 52.15 744.45 36.51 58.66 0 0.543356 595.64 333.75 28.14 42.20 0 0.543283 1562.68 129.50 21.58 21.32 0 0.542566 73.44 675.07 35.92 57.99 0 0.538517 487.18 697.17 26.92 45.85 0 0.538139 1321.53 18.36 30.63 16.69 0 0.535636 556.36 583.68 28.53 49.11 0 0.534937 1440.15 123.85 16.40 26.72 0 0.531443 302.93 352.03 30.59 44.36 0 0.528312 1245.52 201.64 32.63 35.57 0 0.526050 460.40 597.24 30.34 52.91 0 0.524410 493.12 596.43 27.18 47.95 0 0.523541 1192.60 540.39 31.55 30.99 0 0.523248 385.39 884.49 33.87 67.38 0 0.521542 444.46 458.97 27.50 45.45 0 0.518288 553.33 538.38 26.15 43.67 0 0.515604 174.49 784.31 39.76 60.25 0 0.514388 1548.06 947.03 69.67 53.19 0 0.513387 580.56 682.07 29.00 55.11 0 0.512799 1172.16 460.42 30.49 29.51 0 0.509530 133.19 508.15 32.37 43.88 0 0.507060 198.27 911.31 40.65 67.68 0 0.506544 1635.52 790.02 66.00 32.87 1 0.502944 77.34 676.17 38.80 53.01 0 0.502006 211.96 780.42 34.72 60.67 0 0.500581 1464.07 122.50 17.31 27.53 0 0.499060 507.54 929.50 16.83 29.42 3 0.489246 1300.14 440.30 34.99 29.44 0 0.488871 1787.69 950.77 44.89 61.07 0 0.488815 1698.18 401.32 36.23 19.49 0 0.487029 742.53 260.80 28.56 20.08 0 0.486171 489.07 335.67 30.26 44.88 0 0.484049 1332.44 528.53 30.39 37.20 0 0.481405 416.34 758.17 33.60 56.13 0 0.480781 1019.36 299.81 38.15 18.40 0 0.478617 1419.71 124.08 15.88 27.69 0 0.478573 523.96 540.26 26.45 44.93 0 0.477737 1384.16 43.51 30.84 17.32 0 0.476860 608.12 529.56 33.56 48.16 1 0.475318 1573.94 802.62 63.43 27.75 0 0.461803 373.75 552.56 28.61 43.50 0 0.460513 1497.40 993.08 47.03 63.19 0 0.455612 33.50 807.97 34.66 49.32 0 0.454040 1897.28 148.41 21.65 25.75 0 0.450505 1439.88 66.48 24.90 18.66 0 0.446670 1588.08 128.64 21.77 21.77 0 0.445221 1396.33 12.72 32.03 19.84 0 0.444934 516.50 691.46 28.31 47.81 0 0.444060 210.42 251.29 28.56 36.11 0 0.442698 389.91 422.63 28.34 35.79 0 0.442022 973.58 295.10 47.68 20.56 0 0.434178 792.43 260.12 25.22 19.70 0 0.434066 486.39 931.42 19.31 34.60 3 0.432091 559.89 849.82 32.20 65.13 0 0.430856 1191.84 520.99 28.64 34.37 0 0.430162 642.52 272.91 24.10 18.63 0 0.425043 336.78 966.21 16.50 29.94 3 0.422365 1670.82 906.90 62.41 29.06 0 0.421097 1774.37 773.86 64.18 33.60 0 0.418492 1348.72 580.65 37.42 29.53 0 0.416385 1343.57 44.84 27.00 19.56 0 0.415958 1464.73 229.76 23.52 21.71 0 0.413172 1403.83 12.49 33.26 18.63 0 0.410805 1881.34 930.40 37.09 77.68 0 0.409643 1548.73 963.25 64.93 51.80 0 0.407314 1560.07 58.61 24.53 20.21 0 0.407181 289.90 974.76 17.47 28.67 3 0.406869 1471.31 39.87 26.14 19.98 0 0.406373 1662.64 456.87 27.71 35.17 0 0.404227 1539.68 948.67 59.16 46.22 0 0.398324 242.68 486.86 18.59 23.91 3 0.398085 1432.57 43.41 28.00 17.19 0 0.391953 593.12 306.39 39.44 23.06 0 0.391938 1609.70 128.28 27.38 21.84 0 0.391733 1270.41 354.89 26.94 29.52 0 0.387074 1654.36 911.46 67.77 35.71 0 0.386829 484.81 938.81 17.90 29.03 3 0.386321 1162.10 423.43 30.73 25.30 0 0.381203 305.82 614.76 32.91 44.77 0 0.380063 1660.95 909.60 70.28 33.53 0 0.377685 1397.48 125.31 19.00 26.90 0 0.374357 306.89 613.09 32.59 45.25 1 0.367614 1894.40 85.22 23.36 27.77 0 0.358311 461.79 943.65 20.14 28.26 3 0.349419 1869.56 123.45 30.68 27.28 0 0.341013 1194.87 134.01 26.91 25.87 1 0.340523 506.39 933.43 16.00 31.73 3 0.339883 92.95 608.48 38.69 55.81 0 0.330586 1327.37 523.54 30.70 34.73 0 0.327526 914.34 299.88 44.49 20.21 0 0.324571 1724.19 93.55 41.07 21.08 0 0.321949 581.65 577.15 34.07 61.34 1 0.311155 1206.75 173.51 29.53 25.25 0 0.306260 313.14 972.75 17.04 27.91 3 0.304387 1540.53 953.45 61.15 51.57 0 0.300320 1311.51 476.14 32.08 27.09 0 0.294015 1149.19 372.23 28.16 25.91 0 0.291423 1486.69 991.15 52.51 66.67 0 0.286745 1241.09 60.74 31.16 21.98 0 0.279984 583.23 541.80 30.28 42.32 0 0.277713 494.98 601.28 28.33 52.71 0 0.277177 99.63 611.69 37.21 54.09 0 0.276635 300.52 475.13 29.00 46.30 0 0.275830 1824.16 936.50 48.55 69.70 1 0.275580 1312.79 59.96 24.02 18.53 0 0.272312 265.99 983.59 23.19 27.52 3 0.270783 1666.75 455.90 27.57 34.16 0 0.269754 365.71 962.29 17.00 30.74 3 0.269343 348.92 554.93 28.27 42.48 0 0.264626 446.40 436.95 26.97 39.79 0 0.262954 1512.16 40.88 26.78 16.44 0 0.258964 1367.70 642.85 38.07 33.07 0 0.255494 129.10 512.12 32.50 42.07 0
74,0.766678 800.79 296.73 40.24 56.07 1 0.752517 734.45 532.20 37.15 65.52 1 0.716421 1079.79 868.60 87.23 38.46 1 0.649094 558.31 292.47 28.44 40.13 0 0.644331 596.21 695.64 31.34 48.62 0 0.641781 479.40 288.57 32.74 41.03 0 0.639567 575.10 492.19 27.74 43.93 0 0.630946 970.49 296.35 44.40 22.81 0 0.628051 676.58 405.69 26.70 46.92 0 0.616498 604.00 295.89 31.04 38.35 0 0.610043 521.43 812.36 32.14 54.75 0 0.600810 687.83 805.66 35.34 54.60 0 0.600461 653.55 295.19 30.66 42.88 0 0.591911 1461.03 537.54 31.51 37.79 0 0.588991 322.24 371.73 34.26 41.48 0 0.582901 1650.22 298.41 29.80 24.00 0 0.582024 1495.51 694.74 36.77 42.65 0 0.581986 234.65 571.18 35.71 47.47 0 0.581144 1391.11 207.66 25.06 29.46 0 0.579894 756.76 805.72 32.29 54.55 0 0.578293 1846.14 557.68 25.57 36.75 0 0.577358 349.37 818.36 36.75 55.95 0 0.574779 283.82 464.21 37.67 40.09 0 0.571175 694.34 644.11 30.32 49.36 0 0.570555 1073.52 303.77 46.03 21.68 0 0.569600 1341.15 667.52 29.94 47.72 0 0.568879 984.47 871.03 70.87 34.23 0 0.566444 760.31 416.37 28.04 42.26 0 0.566214 254.14 514.41 43.60 52.85 0 0.563908 541.82 404.74 27.43 41.81 0 0.561433 1471.55 586.68 31.17 39.42 0 0.561204 621.19 543.41 30.89 50.68 0 0.560390 1653.21 607.49 31.12 38.04 0 0.560386 316.15 813.63 34.35 58.31 0 0.559596 180.57 691.18 33.95 41.49 0 0.546582 1798.20 231.84 36.67 18.30 0 0.544958 205.85 632.70 36.93 51.51 0 0.538452 1792.44 1042.55 65.13 27.36 0 0.529563 1482.26 644.84 35.20 35.94 0 0.529109 508.46 541.65 32.49 42.78 0 0.528215 1726.90 124.67 26.22 25.47 0 0.527709 1650.10 106.05 25.16 19.83 0 0.527567 664.43 644.56 28.98 49.42 0 0.526316 592.96 549.29 28.73 46.67 0 0.521727 1768.61 125.00 23.60 25.73 0 0.521134 257.91 511.05 40.94 46.96 0 0.520662 515.89 639.43 32.38 47.38 0 0.518424 497.96 695.52 34.91 50.75 0 0.516418 456.52 813.86 29.89 57.39 0 0.514875 1441.20 448.86 29.70 33.40 0 0.514667 312.44 686.32 35.49 55.59 0 0.513327 1139.20 306.72 41.21 19.48 0 0.506459 1482.14 638.33 35.48 35.38 0 0.503322 622.88 806.24 32.31 59.71 0 0.502775 1764.55 1044.94 69.79 26.31 0 0.500375 607.66 644.07 25.91 45.57 0 0.495079 726.96 644.22 29.66 48.59 0 0.492107 489.62 812.65 30.69 55.89 0 0.490648 1706.68 128.09 25.17 21.10 0 0.483396 447.79 541.08 32.63 41.04 0 0.483315 1775.33 203.75 25.16 21.45 0 0.482658 690.52 497.96 24.37 44.24 0 0.482244 1515.91 506.28 42.27 26.60 0 0.480884 662.68 493.71 25.53 45.06 0 0.479524 596.71 411.36 27.08 39.96 0 0.476799 1430.35 403.96 26.64 37.74 0 0.474765 518.88 490.27 30.06 41.55 0 0.474054 622.41 411.89 28.28 43.07 0 0.469398 343.23 685.59 36.68 54.18 0 0.469173 1821.34 205.80 35.65 21.16 0 0.460886 654.29 803.41 31.15 60.83 0 0.460786 407.53 197.37 26.31 25.50 0 0.457717 412.80 878.66 16.59 30.01 3 0.453607 1323.23 556.36 27.60 38.13 0 0.449078 708.05 410.60 29.75 37.62 0 0.445751 637.37 640.56 26.43 47.11 0 0.445102 301.63 426.82 32.59 37.29 0 0.441051 1614.50 182.93 23.54 25.90 0 0.433572 347.82 326.11 31.60 41.40 0 0.431988 1431.14 250.90 26.37 34.41 0 0.431007 305.32 419.51 31.19 38.19 0 0.425912 1493.15 688.22 36.87 41.52 0 0.421246 407.70 184.13 27.80 21.77 0 0.415911 1803.28 204.78 30.55 20.49 0 0.414250 1695.29 911.56 64.81 32.31 0 0.414154 605.18 370.80 24.38 31.89 0 0.414094 1334.00 605.48 34.39 53.45 0 0.411620 1797.02 129.01 25.19 24.37 0 0.410526 1314.44 486.87 32.75 50.05 1 0.410057 1530.24 65.55 33.87 18.65 0 0.408595 1719.51 194.34 24.11 26.21 0 0.407984 493.95 491.77 27.86 37.16 0 0.407796 1658.58 606.20 36.73 40.32 0 0.406098 353.22 318.87 27.94 37.78 0 0.405004 961.01 254.82 26.90 17.90 0 0.404004 756.91 278.35 39.25 22.66 0 0.403131 811.27 248.89 24.42 18.02 0 0.401525 552.77 369.32 23.12 30.37 0 0.400196 532.61 692.51 32.90 52.22 0 0.391726 1505.02 497.65 39.87 28.19 0 0.386464 1552.93 92.04 26.75 20.63 0 0.382441 470.88 950.81 42.58 19.46 0 0.378016 1314.56 484.86 32.42 56.45 0 0.372448 1650.52 124.77 23.82 22.62 0 0.370924 556.33 875.69 19.17 27.16 3 0.369803 1867.49 281.62 41.42 25.20 0 0.356797 1420.30 349.29 34.79 34.68 1 0.356385 1381.04 777.01 27.42 29.95 0 0.354933 602.04 875.70 18.79 24.72 3 0.352907 456.97 407.36 29.39 40.33 0 0.352497 752.28 275.54 38.16 24.90 0 0.351016 1613.25 67.03 31.06 18.21 0 0.348131 632.95 496.18 26.03 41.89 0 0.347631 383.68 877.85 21.24 31.68 3 0.347429 1662.06 187.18 22.38 26.48 0 0.346301 1704.63 908.63 61.11 27.77 0 0.345531 1451.41 493.96 31.32 32.60 0 0.338566 1088.95 864.98 91.06 36.91 1 0.336857 1506.45 503.60 44.65 28.38 0 0.334933 974.73 259.32 25.99 20.54 0 0.333459 1655.24 611.32 34.67 43.12 0 0.332514 745.49 497.14 32.50 43.18 1 0.330315 678.61 944.99 40.75 19.49 0 0.329554 353.47 811.59 39.04 55.30 0 0.329354 915.59 254.04 26.72 17.29 0 0.326837 1637.13 184.35 20.69 26.05 0 0.324768 1871.15 297.50 39.16 21.86 0 0.324587 720.76 496.61 22.17 43.29 0 0.323584 1729.83 103.32 27.62 21.47 0 0.322011 630.70 642.47 27.97 46.43 0 0.318410 709.58 538.32 31.09 59.34 1 0.317255 704.98 409.78 28.05 42.34 0 0.315530 777.27 280.41 34.77 27.07 0 0.315528 1894.17 508.63 24.31 27.00 0 0.311547 737.21 540.48 37.67 65.74 1 0.307661 412.57 554.62 29.22 34.47 0 0.307241 1591.38 89.92 31.04 22.51 0 0.305126 1416.17 247.81 27.88 32.11 0 0.301926 758.49 305.21 26.95 41.90 0 0.299504 1576.10 180.50 23.39 24.41 0 0.299488 1302.33 406.33 28.51 40.53 0 0.297226 1513.37 106.75 23.01 21.83 0 0.292078 1639.69 891.00 39.20 26.13 0 0.291022 627.12 638.76 27.26 47.71 0 0.290975 487.63 492.42 30.01 41.54 0 0.289098 1404.19 274.69 29.41 26.78 0 0.286926 1685.21 101.43 27.24 22.34 0 0.284995 1676.70 187.67 21.18 27.70 0 0.284226 434.99 878.35 15.42 28.81 3 0.281387 1805.63 172.42 31.99 22.69 0 0.280247 1371.56 776.96 28.21 28.56 0 0.279371 1306.55 437.67 30.68 39.69 1 0.279337 1748.46 66.98 19.75 20.50 0 0.276635 529.60 694.82 40.10 56.83 0 0.275971 703.87 418.43 28.58 42.51 0 0.274577 1767.96 908.78 64.71 32.11 1 0.273367 1812.81 174.39 34.25 20.99 0 0.272891 1436.65 289.71 27.01 30.32 0 0.272650 1697.78 193.38 22.13 26.81 0 0.267731 465.47 1001.08 35.23 19.56 0 0.267477 577.49 876.07 19.44 26.08 3 0.263676 1335.92 6.70 28.43 31.42 0 0.263342 1390.21 213.43 25.28 28.72 0 0.258231 655.87 298.22 33.46 44.64 0 0.258188 480.79 874.06 21.97 30.59 3 0.252818 752.92 306.20 28.79 37.21 0 0.251204 1341.60 0.00 32.77 21.64 0
75,0.537523 785.55 456.08 16.34 18.56 2 0.517276 685.52 672.01 16.48 20.57 2 0.456063 603.20 610.88 17.31 21.88 2 0.422145 341.72 364.51 16.48 16.42 2 0.412206 1028.59 507.91 17.92 24.27 2 0.407738 1.73 483.45 50.58 79.06 0 0.407271 956.02 698.47 15.40 16.18 2 0.397837 940.19 259.56 13.26 15.78 2 0.377233 603.15 641.44 18.36 18.66 2 0.375253 419.96 450.09 19.03 18.32 2 0.352516 0.00 496.45 44.84 75.39 0 0.346215 685.59 668.11 16.77 21.22 2 0.344002 322.28 339.25 15.56 18.11 2 0.330642 418.40 454.37 19.66 18.90 2 0.318411 490.85 540.06 17.16 22.29 2 0.315756 488.47 445.28 15.27 18.86 2 0.289833 475.66 519.82 18.89 23.14 2 0.284519 655.75 548.83 15.59 21.62 2 0.284447 835.74 675.08 18.20 21.14 2 0.276141 486.83 529.03 17.27 22.23 2 0.255412 835.72 668.96 17.66 22.66 2 0.250614 505.70 457.04 13.74 19.80 2
76,0.616310 39.05 88.79 35.41 21.82 0 0.583560 112.91 170.26 48.76 26.13 0 0.574423 42.60 288.20 48.32 31.08 0 0.560421 376.56 69.98 43.09 22.50 0 0.547573 77.78 276.10 49.47 32.01 0 0.524951 156.23 627.80 14.85 20.49 2 0.519441 0.00 101.20 30.91 24.56 0 0.513669 85.39 73.42 42.89 23.93 0 0.481452 578.22 9.53 40.19 22.29 0 0.479555 232.72 578.72 14.75 16.97 2 0.475133 133.07 51.64 49.36 28.87 1 0.416636 278.40 24.41 36.27 20.98 0 0.375326 389.13 0.00 38.08 13.61 0 0.373486 171.29 544.10 13.52 19.31 2 0.363106 252.98 650.56 12.83 15.91 2 0.362474 568.13 189.10 31.85 36.78 0 0.355253 250.87 530.88 15.36 20.76 2 0.339860 115.09 164.51 49.41 27.13 0 0.339504 52.60 285.09 49.60 39.35 0 0.338361 72.97 465.82 15.40 17.91 2 0.324644 170.41 658.08 13.93 19.28 2 0.311161 198.81 563.33 14.47 15.17 2 0.307577 38.16 91.55 35.51 23.85 0 0.289121 218.17 651.25 16.11 17.76 2 0.289024 264.35 579.73 15.24 19.18 2 0.288418 304.63 578.88 14.82 18.34 2 0.283353 0.92 435.51 16.90 34.71 0 0.281374 187.83 597.68 13.05 17.72 2 0.271188 304.46 592.74 15.36 16.73 2 0.255135 273.66 24.68 33.38 21.74 0 0.254865 68.39 278.48 54.64 36.11 0 0.251752 580.01 198.50 23.50 36.15 0
77,0.530691 82.55 582.56 15.79 19.45 2 0.509752 0.00 218.29 21.41 30.66 0 0.460406 532.15 117.10 29.14 25.23 0 0.443610 518.56 94.35 30.95 25.88 0 0.415376 206.24 681.49 15.29 14.74 2 0.391567 1327.60 292.23 16.01 19.92 0 0.390479 1291.99 325.59 26.38 24.56 0 0.384574 551.43 676.18 14.02 17.41 2 0.373974 85.08 497.52 13.46 15.71 2 0.354944 82.84 589.09 14.20 18.08 2 0.349308 1.82 75.62 42.89 23.67 0 0.348329 554.60 651.15 13.50 12.42 2 0.348037 569.81 256.43 31.00 25.03 0 0.345582 154.54 526.64 14.99 17.24 2 0.339748 238.34 526.01 14.68 17.34 2 0.326168 116.55 514.90 13.30 14.25 2 0.314170 186.10 516.61 17.87 18.98 2 0.312747 265.55 0.00 43.99 15.20 0 0.309900 182.68 599.64 13.93 15.88 2 0.276847 643.30 615.82 11.32 11.78 2 0.274750 102.22 561.88 15.09 16.20 2 0.270887 522.14 100.69 33.13 32.91 0 0.268465 470.93 303.43 30.60 25.60 0 0.264153 187.30 525.16 17.22 18.42 2 0.261331 173.15 477.00 15.25 15.76 2 0.261280 145.86 612.54 16.85 17.31 2 0.260335 1297.12 324.21 28.06 25.83 0 0.256478 726.71 567.79 10.88 10.52 2
78,0.741134 1115.17 390.38 33.17 54.77 1 0.600451 1134.88 203.69 26.78 35.43 0 0.595420 1122.98 303.56 24.81 33.34 0 0.594184 1118.89 351.08 27.98 33.63 0 0.551230 567.93 671.79 61.35 34.25 0 0.543108 1268.19 419.30 65.86 43.22 1 0.507206 572.93 676.84 59.88 32.88 0 0.495716 836.09 244.57 36.43 25.11 0 0.495294 738.83 132.96 42.22 36.89 1 0.478663 874.88 50.81 40.21 22.71 0 0.475182 1130.89 261.24 26.91 35.73 0 0.438890 1092.94 556.96 26.56 49.45 0 0.432007 391.60 76.67 10.76 16.32 2 0.426846 1247.65 582.17 39.59 108.43 1 0.395873 437.87 2.03 18.85 23.26 2 0.381462 1249.74 587.09 37.58 75.25 1 0.364917 357.44 58.91 12.62 17.77 2 0.340623 421.87 163.16 10.49 12.60 2 0.339830 556.25 158.20 10.34 12.42 2 0.335976 474.56 128.62 9.36 13.03 2 0.333215 872.75 48.27 39.90 20.83 0 0.323674 841.60 217.73 45.01 24.13 0 0.316854 169.49 146.52 13.56 14.04 2 0.315758 392.35 59.57 12.00 17.23 2 0.307232 441.72 142.86 8.46 11.20 2 0.299526 440.29 130.30 9.24 15.13 2 0.295833 335.45 110.59 15.20 16.04 2 0.287043 834.27 248.48 34.54 25.24 0 0.273270 442.00 700.43 13.55 14.29 2 0.264673 866.80 132.59 29.49 25.42 0 0.252303 50.49 61.58 17.01 16.07 2
79,0.741440 915.16 58.34 58.79 28.32 1 0.657132 607.17 306.86 13.05 19.51 2 0.616016 999.55 0.00 29.25 37.50 0 0.609298 1099.33 66.54 24.96 39.89 0 0.569103 674.52 343.20 12.02 15.54 2 0.557681 1068.03 46.93 29.65 45.06 0 0.540264 537.95 272.07 17.74 19.03 2 0.525793 889.19 338.47 16.48 18.43 2 0.514416 651.14 577.09 18.73 18.58 2 0.513535 704.49 375.09 14.56 17.60 2 0.468252 558.92 294.36 15.57 22.11 2 0.460172 559.57 302.86 16.35 23.02 2 0.452140 657.35 397.29 11.53 16.34 2 0.430817 914.09 62.10 57.21 30.27 1 0.416606 432.12 651.38 18.46 24.29 2 0.416498 499.17 279.96 18.35 22.59 2 0.403070 553.09 581.86 16.69 18.69 2 0.401448 744.81 644.36 17.63 18.04 2 0.398964 432.42 658.46 18.72 22.36 2 0.389562 823.48 256.47 13.52 16.31 2 0.385914 926.63 306.37 15.11 17.21 2 0.381746 838.08 375.85 16.18 16.72 2 0.368621 659.11 513.78 18.14 21.85 2 0.351994 787.77 646.09 15.06 18.84 2 0.348776 633.54 544.61 24.74 19.70 2 0.348530 497.42 285.24 18.69 23.14 2 0.347221 634.71 448.67 14.12 18.22 2 0.341059 807.16 329.56 14.19 14.83 2 0.339644 789.55 293.83 14.21 15.66 2 0.338665 989.61 95.10 14.25 16.34 3 0.334872 826.34 247.26 13.34 17.32 2 0.329197 252.58 558.14 18.32 22.76 2 0.318307 754.58 355.94 15.69 17.34 2 0.300450 640.05 478.90 16.54 18.04 2 0.296323 972.97 209.33 13.06 19.51 2 0.289145 910.07 192.95 14.22 19.48 2 0.285091 459.79 205.33 13.63 17.81 2 0.259550 675.90 393.49 12.30 16.38 2
80,0.613096 238.68 291.35 14.05 14.98 2 0.487590 793.01 314.46 12.40 10.59 2 0.437222 624.84 349.98 10.01 11.53 2 0.420721 520.42 631.36 16.12 17.97 2 0.418302 452.51 425.26 16.99 18.85 2 0.411818 187.58 415.18 12.57 13.19 2 0.383902 183.72 326.65 12.54 17.50 2 0.364403 669.08 382.08 13.68 12.41 2 0.349923 206.33 580.61 12.00 16.18 2 0.342992 369.24 549.28 13.46 16.12 2 0.334539 341.46 128.31 13.41 14.30 2 0.332944 290.83 264.38 14.75 11.55 2 0.319494 268.67 142.85 14.75 15.18 2 0.317532 789.74 665.19 13.95 15.88 2 0.312943 341.42 141.21 15.03 13.40 2 0.306280 248.43 322.90 15.03 15.02 2 0.302777 298.67 121.27 16.20 16.55 2 0.294411 953.51 415.02 16.77 14.19 2 0.282658 266.11 110.34 14.42 14.38 2 0.277498 374.24 429.69 14.49 16.18 2 0.268273 453.70 418.18 15.84 19.45 2 0.264243 70.93 429.21 15.62 19.29 2 0.262780 499.54 391.49 14.45 15.90 2 0.262768 761.37 548.89 11.44 14.10 2 0.250035 249.40 317.09 14.99 16.19 2
81,0.522628 881.76 21.78 32.76 27.62 0 0.361963 335.06 300.38 67.05 46.77 1 0.359960 549.86 516.42 20.75 18.18 3 0.357803 350.21 294.85 57.26 42.48 1 0.351535 505.19 483.33 17.15 21.79 2 0.329532 571.14 489.80 19.07 16.34 3 0.325274 506.58 490.21 17.57 23.23 3 0.324307 1172.95 7.96 22.42 23.99 2 0.301613 1177.35 37.19 20.01 22.43 2 0.287721 1078.70 85.92 18.62 29.07 2 0.283202 757.50 196.55 16.15 16.27 3 0.280445 1223.61 540.05 20.31 27.67 2 0.276570 1189.51 33.40 24.31 24.58 2 0.267091 1174.91 12.91 23.69 30.69 2 0.263480 1091.64 667.07 14.83 17.59 2 0.262924 915.63 2.23 34.60 23.17 0 0.260984 658.61 476.23 40.56 25.42 0 0.260640 1201.64 60.13 27.44 24.29 2 0.251636 1138.82 18.85 19.78 22.64 2
82,0.610784 824.86 256.77 12.56 16.19 2 0.601675 536.14 596.41 16.81 15.96 2 0.587209 559.57 295.06 14.37 19.29 2 0.563511 1073.01 47.39 28.99 44.02 0 0.562150 1098.83 65.34 28.09 44.67 0 0.544410 541.22 272.19 15.81 18.16 2 0.538894 918.86 59.55 55.25 27.29 1 0.529578 890.70 339.09 16.89 18.30 2 0.511065 1002.22 0.61 29.90 34.28 0 0.484781 674.25 343.33 12.75 14.96 2 0.480315 906.06 225.25 15.62 16.23 2 0.387973 757.06 357.16 13.51 16.56 2 0.374329 875.76 209.14 14.47 16.34 2 0.371958 742.93 678.97 20.70 24.41 2 0.371211 841.19 377.03 15.85 15.91 2 0.368849 85.79 395.62 14.85 15.49 2 0.342020 555.04 575.21 14.94 16.60 2 0.330444 603.59 293.84 13.62 14.39 2 0.326317 419.06 669.50 16.79 23.41 2 0.319981 593.76 395.47 13.71 16.13 2 0.318284 253.51 241.49 59.46 38.28 1 0.316444 667.66 588.57 16.68 20.75 2 0.315072 636.15 447.02 13.72 19.66 2 0.311933 768.41 392.10 14.83 18.33 2 0.309947 557.65 411.39 11.92 14.41 2 0.303095 638.82 545.68 22.41 19.72 2 0.298457 418.93 677.79 17.46 20.73 2 0.297358 299.01 558.18 15.84 22.17 2 0.297123 752.79 626.02 14.19 15.92 2 0.288647 661.45 497.59 15.54 15.99 2 0.280350 1311.27 0.00 29.24 15.88 0 0.278214 718.10 617.11 16.52 19.36 2 0.274008 929.97 307.25 15.87 16.93 2 0.271918 621.33 271.18 12.48 16.82 2 0.271898 262.08 557.05 17.74 22.31 2 0.270209 651.63 575.28 18.37 18.44 2 0.260213 807.84 375.35 10.85 17.40 2
83,0.835187 605.88 692.72 18.42 19.90 2 0.597892 621.01 691.81 19.46 20.10 2 0.596295 607.40 686.93 17.86 21.11 2 0.456036 551.09 653.63 19.34 24.99 2 0.411890 1229.13 390.22 17.75 23.27 2 0.406269 637.21 522.69 18.78 22.75 2 0.397437 778.17 362.06 13.70 20.61 2 0.375504 969.91 614.86 14.55 21.06 2 0.340665 422.87 283.11 15.66 18.52 2 0.334740 661.19 509.09 14.58 24.33 2 0.330055 0.19 8.11 31.01 37.78 0 0.322478 1178.83 625.62 13.76 19.72 2 0.315632 533.27 699.20 19.39 20.80 3 0.304514 554.06 645.97 22.68 23.14 2 0.300152 687.48 550.42 15.61 21.80 2 0.289349 873.27 397.53 16.17 17.64 2 0.278457 569.56 616.65 18.10 20.90 2 0.273052 56.11 467.33 34.36 16.97 3 0.272326 1226.75 380.00 19.73 22.55 2 0.266177 555.97 560.72 18.86 21.81 2 0.260110 926.44 604.35 16.70 23.15 2 0.250654 1156.27 497.59 17.94 22.12 2
84,0.655256 654.77 508.05 16.31 17.61 2 0.643325 690.92 528.30 15.56 19.47 2 0.570482 722.05 556.30 15.31 18.80 2 0.546557 742.94 579.05 19.62 21.95 2 0.460871 359.20 273.19 16.11 23.31 2 0.438908 486.71 275.58 14.21 14.60 2 0.436194 509.75 423.70 14.35 18.20 2 0.417964 489.73 391.45 12.32 15.93 2 0.410998 1242.81 161.69 31.88 44.44 0 0.396863 759.67 547.12 17.12 21.10 2 0.394921 420.15 343.57 13.82 16.22 2 0.383760 536.38 449.57 16.10 17.31 2 0.382064 691.67 191.86 16.00 18.63 2 0.373954 144.42 644.86 18.04 22.25 2 0.367404 702.78 508.61 16.47 19.76 2 0.362471 1226.88 197.67 38.76 28.20 0 0.352752 569.84 510.27 18.12 19.00 2 0.348700 539.11 315.24 13.14 16.12 2 0.337043 591.61 145.19 12.90 12.89 2 0.335120 1119.21 318.60 36.87 32.69 0 0.334547 319.38 281.28 16.43 22.88 2 0.330629 550.02 493.73 20.65 20.63 2 0.330094 319.44 286.06 16.08 22.88 2 0.326469 536.86 297.13 12.69 16.00 2 0.322165 654.81 500.97 15.84 17.69 2 0.306394 541.57 426.78 13.93 15.17 2 0.292696 523.01 293.56 14.43 16.38 2 0.288992 500.81 463.75 18.86 19.47 2 0.287993 588.83 158.47 12.61 14.14 2 0.287634 558.33 455.86 18.89 18.54 2 0.287300 331.42 255.27 15.24 18.32 2 0.275562 504.48 242.69 13.41 15.79 2 0.272666 700.31 498.22 17.84 21.17 2 0.269671 386.47 399.01 13.04 17.67 2 0.264802 785.42 555.51 16.54 21.32 2 0.257480 784.76 546.31 16.52 21.44 2 0.255250 956.65 663.20 15.45 13.60 2
85,0.482954 863.14 9.27 28.95 25.55 0 0.394303 355.16 312.28 48.92 37.12 1 0.270941 554.12 525.91 18.76 14.63 3 0.269890 576.66 495.75 18.57 14.74 3 0.254581 669.86 477.54 36.82 27.34 0
86,0.503407 1278.60 390.68 20.38 22.33 2 0.382853 338.99 129.32 18.23 36.06 3 0.381305 312.42 130.78 17.95 36.81 3 0.376129 1174.42 363.08 14.69 17.96 2 0.370051 1293.26 389.19 22.38 23.36 2 0.357331 458.86 374.79 15.84 25.54 2 0.352599 1025.45 210.47 29.01 22.28 0 0.347794 1023.88 208.34 26.96 22.29 0 0.338528 1261.63 376.20 15.85 20.94 2 0.291950 1063.84 210.04 27.85 18.83 0 0.265200 1037.02 264.28 24.89 22.03 2
87,0.668833 634.76 465.56 53.00 25.50 0 0.664198 1052.94 117.68 29.08 51.01 0 0.661741 417.32 10.68 52.19 25.85 0 0.660568 570.45 465.78 56.40 25.80 0 0.630982 697.68 460.48 54.60 26.57 0 0.610700 646.61 798.25 67.83 37.39 0 0.603021 1629.86 852.00 36.06 55.25 0 0.599989 1649.13 989.70 35.90 64.73 0 0.593115 1360.68 579.12 62.23 30.05 0 0.583548 191.56 805.47 37.21 67.79 1 0.575515 1618.67 783.75 32.66 58.18 0 0.572602 1178.17 870.27 35.19 59.56 0 0.563673 1285.26 583.90 52.68 23.28 0 0.554755 282.42 336.59 32.06 59.27 0 0.549659 605.84 604.35 55.63 27.10 0 0.547061 667.41 601.85 63.04 27.98 0 0.541188 1067.08 281.94 28.96 51.69 0 0.540337 776.51 456.04 70.40 29.79 0 0.535960 283.56 739.30 28.61 48.38 0 0.533521 1407.01 853.19 59.27 29.82 0 0.518760 1637.04 912.89 36.69 62.51 0 0.516895 532.40 608.73 66.47 28.18 0 0.510049 1417.98 989.07 61.00 36.61 0 0.501518 1650.19 998.83 36.88 69.00 0 0.495008 745.01 600.18 73.50 30.78 0 0.486797 1000.77 842.40 61.23 27.98 0 0.484466 1587.99 1006.24 53.27 33.85 0 0.465687 936.03 592.60 63.46 30.19 0 0.459966 863.89 599.10 59.03 29.72 0 0.453918 1405.95 817.88 59.56 30.93 0 0.446383 1607.84 690.60 37.05 59.58 1 0.443551 1558.04 667.62 47.60 67.77 1 0.437276 1563.67 790.08 46.44 34.77 0 0.419937 663.41 956.54 33.49 40.64 0 0.418596 1695.45 832.97 35.14 66.26 1 0.387977 1403.89 879.40 60.04 33.57 0 0.386270 1155.97 582.52 44.36 29.73 0 0.381906 924.96 451.03 57.61 27.15 0 0.380664 1062.74 219.09 31.21 48.94 0 0.378316 1601.28 679.98 41.86 63.25 1 0.377531 423.74 631.31 52.55 28.99 0 0.366956 1413.99 942.91 59.31 33.55 0 0.362523 916.17 451.63 55.96 26.44 0 0.359201 170.21 689.39 55.52 29.12 0 0.341156 1418.72 1027.81 58.16 45.85 0 0.332095 871.57 456.30 42.79 28.13 0 0.326383 371.53 243.49 35.42 48.55 0 0.321232 1415.29 913.87 60.03 35.21 0 0.317860 668.19 953.71 34.70 40.28 0 0.306394 1066.96 225.16 28.84 48.17 0 0.302912 123.58 817.34 42.46 40.50 0 0.301612 1308.40 1036.39 60.29 42.34 0 0.298856 164.36 697.92 48.51 34.54 0 0.297529 1417.44 948.11 58.75 39.81 0 0.297420 1397.02 875.35 60.80 31.05 0 0.296473 1465.52 722.13 28.06 39.76 0 0.292407 276.48 256.31 27.99 48.51 0 0.290889 229.28 239.89 29.02 51.53 0 0.286476 229.37 254.38 27.07 46.93 0 0.285948 138.10 805.50 35.81 32.89 0 0.283824 317.60 831.87 31.43 26.69 0 0.282497 320.56 780.48 32.17 39.02 0 0.279839 320.85 830.09 33.55 25.45 0 0.279479 384.07 178.78 25.67 41.30 0 0.278574 1006.54 837.93 60.28 27.30 0 0.277996 1725.20 972.13 40.18 44.93 0 0.266477 308.57 986.30 30.84 61.46 0 0.264615 1727.12 991.62 40.70 45.50 0 0.263122 1408.91 893.87 59.10 36.31 0 0.262491 1736.19 554.27 49.48 26.00 0
88,0.669655 80.13 626.51 18.53 19.56 2 0.518170 21.53 0.00 60.39 31.66 1 0.496159 62.07 83.29 50.93 27.39 0 0.473407 323.79 0.00 47.13 17.59 0 0.470815 146.70 646.01 17.36 19.89 2 0.457709 518.55 116.99 34.06 32.00 0 0.431532 0.00 244.23 25.24 31.95 0 0.399349 527.92 133.14 32.96 37.37 0 0.393137 183.25 643.84 13.76 15.64 2 0.390393 62.72 80.01 53.70 26.05 0 0.377307 98.47 410.07 16.95 13.44 2 0.365717 86.59 529.29 14.20 16.32 2 0.364275 892.59 646.06 17.41 15.22 2 0.362587 239.27 559.64 15.41 19.35 2 0.356097 1290.33 383.54 26.72 25.54 0 0.341371 658.75 632.51 17.49 15.82 2 0.323034 116.31 547.28 13.77 15.51 2 0.296016 98.86 608.61 17.43 19.10 2 0.290494 1291.81 380.97 27.43 24.09 0 0.289541 186.07 549.32 19.45 21.55 2 0.288658 130.62 580.58 16.90 19.12 2 0.275326 727.46 600.66 13.88 11.27 2 0.273806 218.54 487.11 14.12 20.32 2 0.265247 532.71 139.27 29.95 33.80 0 0.259853 522.46 121.62 34.33 40.74 0 0.258583 707.92 585.25 11.11 11.84 2 0.258014 1320.85 408.74 21.77 26.04 0
89,0.428453 833.10 339.88 16.58 19.78 2 0.343924 819.26 500.82 14.32 17.63 2 0.321230 252.23 15.92 20.01 21.69 3 0.320139 920.27 247.39 17.45 19.64 2 0.291567 183.85 657.38 26.71 19.77 3 0.290279 940.68 192.38 17.80 23.35 2 0.289213 250.49 11.46 18.99 19.94 3 0.280802 819.26 507.55 14.47 16.33 2 0.253557 922.62 202.30 16.58 21.65 2
90,0.540245 587.49 562.16 15.02 18.72 2 0.537464 907.84 644.51 14.66 24.37 2 0.469613 704.15 564.48 14.64 19.46 2 0.428749 958.43 637.50 22.75 26.28 2 0.371337 801.59 23.81 17.65 19.36 3 0.314754 1013.16 660.21 15.80 19.22 2 0.298282 857.41 613.69 17.24 18.33 2 0.270778 1021.60 606.81 23.36 19.75 2 0.269269 243.38 681.26 22.73 18.48 3 0.263492 522.14 73.08 13.07 17.07 3 0.258968 1081.28 37.82 23.34 17.11 3 0.254349 885.39 651.46 17.78 21.07 2
91,0.720633 608.48 966.50 64.44 75.18 1 0.676595 617.79 538.79 43.45 29.69 0 0.675136 663.65 562.45 45.55 29.14 0 0.666764 521.55 486.82 42.50 29.41 0 0.665925 569.48 512.58 46.62 31.14 0 0.661296 377.14 415.49 46.80 26.86 0 0.640982 427.43 438.21 49.11 33.06 0 0.615825 133.31 103.98 28.88 21.22 0 0.614616 151.52 294.46 43.94 27.69 0 0.606019 599.05 277.94 27.86 30.01 0 0.600595 781.41 674.10 52.42 32.16 0 0.588445 982.44 652.83 48.82 26.43 0 0.574530 1043.87 294.46 30.72 29.57 0 0.573580 353.36 19.44 31.82 24.91 0 0.569419 674.60 390.07 48.86 29.96 0 0.559067 27.89 643.17 43.77 41.92 0 0.546822 297.85 520.95 52.28 34.87 0 0.545392 101.55 269.96 41.20 26.33 0 0.545096 606.00 977.74 55.89 66.22 1 0.542161 235.37 8.66 34.41 21.99 0 0.523881 336.93 39.58 35.18 26.33 0 0.523460 734.56 244.24 39.45 28.86 0 0.519420 311.21 59.28 34.05 21.29 0 0.504795 989.89 391.96 29.15 33.72 0 0.500042 958.78 566.89 29.12 35.33 0 0.498546 391.25 575.20 59.78 37.07 0 0.497443 672.65 565.59 41.70 28.59 0 0.497218 29.17 637.36 49.93 40.76 0 0.493563 349.06 29.53 34.86 26.18 0 0.487245 260.91 113.50 32.64 26.34 0 0.486146 1131.08 457.20 45.69 29.27 0 0.480763 416.55 128.81 34.98 30.45 0 0.473456 520.65 635.05 47.19 33.42 0 0.472769 76.28 587.50 43.74 45.42 0 0.460855 969.58 733.08 50.19 28.72 0 0.443421 1101.66 182.17 35.22 29.48 0 0.443264 413.65 132.87 32.58 30.50 0 0.436723 1014.06 566.25 25.78 26.41 0 0.432627 571.76 673.19 51.14 30.01 0 0.432485 219.37 100.48 27.86 24.83 0 0.425356 911.73 519.78 34.37 37.33 1 0.422322 477.07 10.11 33.42 24.01 0 0.419111 733.92 680.81 44.27 33.74 0 0.412077 908.90 531.86 31.03 34.30 0 0.412041 93.40 41.91 34.86 24.94 1 0.406937 1038.86 300.56 31.98 30.90 0 0.406466 1088.54 518.05 45.61 33.13 0 0.404062 114.56 85.19 30.60 23.31 0 0.399358 1023.12 535.19 28.90 27.77 0 0.395444 527.81 639.97 41.85 30.35 0 0.390637 958.92 574.51 26.08 33.29 0 0.388963 1000.95 374.09 28.94 23.81 0 0.387603 283.96 85.58 35.95 24.57 0 0.382526 947.34 773.82 42.20 23.40 0 0.381899 365.43 553.91 56.25 35.13 0 0.381849 158.48 0.00 28.31 13.45 0 0.380377 703.54 676.52 45.11 28.51 0 0.371249 293.04 516.15 51.50 36.19 0 0.360056 168.51 25.60 35.76 26.36 0 0.357339 62.39 233.70 36.17 28.12 0 0.350392 755.16 672.58 59.30 30.97 0 0.349711 978.08 730.93 53.33 30.12 0 0.349063 237.89 91.03 26.17 25.28 0 0.337097 1120.04 452.29 54.03 28.46 0 0.336637 566.04 668.09 51.88 32.21 0 0.327570 466.50 610.76 42.33 35.27 0 0.326243 137.56 58.80 30.41 23.23 0 0.324741 760.48 660.64 48.60 28.77 0 0.321328 249.50 323.69 48.65 30.09 0 0.319701 295.30 79.23 34.51 24.50 0 0.317736 210.27 0.00 27.40 18.75 0 0.313273 1067.91 251.37 35.43 26.86 0 0.310776 477.53 461.16 52.86 34.36 1 0.310064 735.88 237.13 37.39 30.67 0 0.305363 952.87 761.31 47.54 22.40 0 0.298396 1011.27 346.31 34.60 24.43 0 0.295233 171.30 22.15 33.54 24.46 0 0.294897 388.59 387.73 42.45 26.90 0 0.291972 1131.44 126.29 33.07 41.22 1 0.287359 77.23 136.90 38.17 26.79 0 0.286855 273.68 106.71 32.07 24.52 0 0.285297 476.49 462.91 51.99 33.70 0 0.285199 933.75 490.31 28.28 29.61 1 0.282035 125.72 106.06 32.37 20.70 0 0.280792 396.39 0.00 33.50 18.39 0 0.280056 177.48 19.10 32.07 23.68 0 0.274065 174.68 26.94 35.67 25.98 0 0.271886 989.70 378.84 31.14 31.83 0 0.267562 1030.29 316.38 33.04 24.33 0 0.265336 965.89 736.21 47.69 28.94 0 0.260685 1018.70 344.07 30.31 23.37 0 0.259840 220.43 91.42 31.10 28.52 0 0.259602 699.17 673.28 42.04 28.20 0 0.258430 1145.70 306.36 30.51 19.93 0 0.257723 361.43 550.77 47.71 31.51 0 0.256481 1081.02 225.92 34.66 26.47 0
92,0.560407 1041.94 441.52 19.32 22.36 2 0.523542 1008.46 154.27 21.74 27.78 2 0.507066 1003.72 389.77 15.40 23.70 2 0.497983 183.56 442.10 15.66 18.85 2 0.436710 876.78 657.83 15.34 21.80 2 0.403218 184.15 435.18 15.19 18.46 2 0.397419 405.85 266.49 16.04 24.13 2 0.379485 1027.75 404.21 19.97 22.41 2 0.367202 944.01 475.04 16.07 23.00 2 0.364983 292.17 142.95 24.25 17.87 3 0.364567 920.10 86.94 17.83 19.86 2 0.364070 1006.27 120.11 18.03 17.22 2 0.355913 1252.64 650.91 36.59 24.64 3 0.347293 404.09 262.86 17.47 22.73 2 0.343711 555.14 286.23 17.46 23.75 2 0.342935 937.79 462.58 15.50 23.75 2 0.341086 843.62 463.22 15.39 22.46 2 0.337526 340.26 231.32 14.32 20.26 2 0.336572 349.14 91.47 17.27 22.75 2 0.334401 1305.59 442.56 26.86 15.25 3 0.331547 1006.66 157.86 20.66 29.42 2 0.328643 1256.78 657.55 30.45 22.97 3 0.324914 975.07 471.87 17.26 21.75 2 0.308472 884.42 505.62 17.92 27.41 2 0.301142 842.84 652.55 16.95 30.75 2 0.299733 757.66 462.35 14.72 18.18 2 0.299602 306.42 247.93 19.86 19.51 2 0.299514 1080.54 410.94 18.52 18.17 2 0.299380 1081.56 429.50 18.79 19.56 2 0.295594 1042.33 429.30 19.99 23.49 2 0.292886 836.19 508.35 22.37 31.26 2 0.282930 929.85 162.40 19.39 22.74 2 0.278969 843.53 659.92 19.33 29.97 2 0.278350 1028.51 447.37 16.75 20.39 2 0.275841 989.02 389.89 16.45 24.56 2 0.274677 723.81 315.37 12.66 11.73 2 0.269547 282.42 222.59 16.91 19.11 2 0.265109 920.58 81.57 18.99 21.11 2 0.264003 911.07 391.18 18.73 21.02 2 0.261629 973.17 461.19 17.97 23.28 2 0.259938 1306.90 427.21 28.85 14.54 3 0.253993 1262.67 659.37 28.34 21.98 3
93,0.795957 750.17 410.32 37.15 67.61 1 0.695278 1074.66 784.57 28.12 19.90 3 0.664635 669.83 192.54 26.67 41.62 0 0.662856 621.66 189.57 24.23 39.91 0 0.657835 1702.58 776.26 55.35 27.65 0 0.635359 638.82 421.00 27.58 48.92 0 0.620014 1081.35 726.45 89.33 40.24 1 0.617918 551.06 560.12 30.93 53.32 0 0.616498 1482.59 522.95 33.75 37.46 0 0.616452 1087.97 203.99 44.28 19.15 0 0.609123 739.40 517.29 30.78 47.71 0 0.606093 473.24 673.15 30.48 51.49 0 0.597781 1770.51 896.04 68.86 31.76 0 0.590641 768.21 196.44 28.22 41.30 0 0.590434 1320.89 386.99 27.82 38.60 0 0.587543 557.43 289.06 30.60 45.00 0 0.584637 653.08 513.84 27.11 42.33 0 0.575070 667.93 669.58 31.09 51.80 0 0.574644 506.29 671.23 29.54 56.58 0 0.571696 771.60 668.81 30.46 50.83 0 0.566732 701.66 668.42 31.11 53.15 0 0.561719 1656.43 498.21 31.73 40.66 0 0.560211 1762.89 777.10 39.79 28.47 0 0.559080 574.57 188.69 23.64 38.83 0 0.558613 338.50 671.41 33.12 55.46 0 0.558385 204.20 552.23 34.25 40.69 0 0.555399 527.77 414.91 31.88 42.17 0 0.552124 518.38 561.90 32.39 54.32 0 0.550534 1727.65 110.35 24.36 17.16 0 0.547002 527.60 509.95 33.84 43.45 0 0.544553 770.45 302.15 28.34 48.11 0 0.543138 651.43 377.36 23.68 38.27 0 0.542499 332.98 552.79 31.67 52.56 0 0.541135 1479.08 318.64 25.65 35.91 0 0.537771 476.68 292.90 25.41 35.34 0 0.536377 677.70 378.07 23.98 41.35 0 0.534791 1560.18 8.27 28.53 20.37 0 0.533295 371.96 674.73 35.04 54.10 0 0.532400 817.98 188.87 33.92 57.87 1 0.532060 637.99 669.84 30.06 50.43 0 0.530864 1650.98 17.34 30.20 17.67 0 0.529941 609.34 566.05 37.51 50.46 0 0.526747 540.78 669.56 31.23 52.94 0 0.526370 990.70 731.77 73.64 34.35 0 0.518077 1340.46 486.26 32.22 45.53 0 0.516332 497.27 182.07 30.93 39.42 0 0.514880 1656.44 35.59 25.40 20.20 0 0.513919 1860.91 445.43 35.59 21.76 0 0.513680 1573.57 951.10 45.41 58.33 0 0.510195 1143.75 208.91 44.97 19.25 0 0.509149 256.85 447.52 34.16 42.56 0 0.505175 504.82 291.72 26.82 40.94 0 0.504096 304.70 346.99 33.22 39.71 0 0.503406 690.19 295.73 29.32 46.79 0 0.503289 1704.05 103.93 19.85 23.29 0 0.501001 983.16 195.83 47.90 22.84 0 0.500037 626.04 516.08 25.74 40.35 0 0.499827 1782.21 111.07 23.27 25.03 0 0.498178 1642.55 914.00 68.18 50.59 0 0.497979 277.80 389.49 37.57 43.16 0 0.495335 593.91 380.40 27.08 38.72 0 0.495223 698.83 418.54 26.51 50.85 0 0.494862 1463.21 426.62 30.74 39.96 0 0.493216 721.20 301.42 23.47 46.73 0 0.492671 710.20 517.58 27.61 48.23 0 0.492601 326.17 302.15 31.72 40.64 0 0.490241 1456.36 388.05 32.21 33.54 0 0.490055 1781.32 38.77 25.96 21.11 0 0.489160 1448.41 343.72 27.22 33.47 0 0.489096 757.23 383.16 33.47 48.81 1 0.486459 680.98 517.36 27.68 46.13 0 0.484769 509.34 371.62 27.50 38.00 0 0.484256 1484.91 6.64 22.12 24.96 0 0.484254 1498.51 569.67 38.34 38.99 0 0.483404 1436.84 300.82 26.65 32.13 0 0.480686 1343.31 543.55 29.69 50.86 0 0.477339 1679.94 775.81 54.21 33.30 0 0.475061 1727.51 41.42 37.69 21.23 0 0.470504 1472.31 473.54 30.88 45.21 0 0.470216 1675.45 98.82 20.71 25.50 0 0.469968 635.65 300.16 31.21 43.13 0 0.461621 1478.82 473.11 31.58 39.53 0 0.457081 368.17 214.35 29.44 36.95 0 0.455768 1600.90 7.07 31.99 20.85 0 0.455203 227.58 500.70 37.42 42.80 0 0.453279 609.38 426.81 30.92 45.55 0 0.452117 1497.16 575.84 35.97 38.48 0 0.451686 1687.43 777.03 69.37 31.59 0 0.446733 609.35 306.92 28.50 36.54 0 0.446388 1756.48 898.75 73.58 30.92 0 0.445926 622.95 258.13 26.06 30.97 0 0.444726 1638.83 210.22 32.07 20.65 0 0.444519 1388.95 81.28 27.47 26.55 0 0.429045 1431.15 124.06 24.99 29.18 0 0.427657 366.99 551.25 35.90 52.90 0 0.425420 1840.19 115.00 25.42 23.58 0 0.425027 346.67 260.75 30.65 38.55 0 0.424916 427.12 83.70 24.92 33.90 0 0.415945 1677.27 1023.04 27.18 22.39 3 0.408636 617.80 295.32 28.34 37.59 0 0.407858 704.77 379.97 26.06 40.51 0 0.407502 1629.69 0.00 29.97 10.99 0 0.399292 1751.99 900.09 62.43 30.61 0 0.391665 438.65 734.20 16.26 23.62 3 0.388949 1643.62 209.51 34.75 19.91 0 0.386728 1781.77 898.09 63.75 30.95 0 0.385436 1493.99 568.50 36.72 36.94 0 0.384188 1738.68 39.92 36.43 21.08 0 0.380115 1309.35 296.87 26.53 32.84 0 0.376689 1821.63 41.00 23.39 20.38 0 0.374346 1701.77 17.52 31.47 18.29 0 0.371893 1711.45 40.82 29.91 18.90 0 0.367699 1662.35 498.41 32.76 39.54 0 0.358665 1855.45 450.67 33.68 22.20 0 0.354862 766.60 176.94 35.22 29.46 0 0.352660 1519.15 5.56 28.36 22.67 0 0.352513 735.55 413.40 47.43 65.42 1 0.348361 425.61 95.31 24.72 32.42 0 0.342796 1588.56 90.16 20.69 25.96 0 0.342016 374.06 668.70 36.20 52.60 0 0.335450 1626.83 91.96 19.70 27.04 0 0.331443 405.42 730.95 23.05 27.82 3 0.330295 621.67 519.57 26.50 41.67 0 0.327345 705.03 666.28 31.74 50.00 0 0.320479 625.12 733.59 26.41 21.75 3 0.313755 1448.38 3.77 26.06 30.43 0 0.312900 374.87 211.32 26.71 31.07 0 0.312250 618.54 262.15 24.08 31.70 0 0.311873 616.19 422.57 34.48 49.85 0 0.307934 1410.99 182.39 32.97 28.81 1 0.305775 469.43 415.84 30.42 39.41 0 0.301343 702.68 378.46 23.34 38.58 0 0.299619 1315.62 348.12 28.38 27.74 0 0.299071 573.25 258.03 24.43 31.12 0 0.297139 1430.34 270.65 31.65 28.30 1 0.295493 1399.22 114.68 24.52 28.63 0 0.293987 1819.32 115.50 23.98 22.94 0 0.291716 1413.41 198.67 32.55 31.78 1 0.290399 342.11 261.60 31.09 40.08 0 0.289749 601.77 733.42 24.92 22.36 3 0.287374 475.55 300.11 25.55 39.34 0 0.287081 1601.90 91.32 20.89 26.75 0 0.284954 1425.20 251.39 35.07 30.86 1 0.276610 1652.62 0.00 31.22 11.17 0 0.272175 1794.70 40.86 27.55 20.64 0 0.272008 1530.63 1051.95 43.78 27.61 0 0.268000 1627.27 754.32 46.45 29.65 0 0.265350 1649.17 97.08 20.55 26.43 0 0.263150 1445.12 338.32 32.99 35.47 0 0.262760 567.56 264.74 31.30 34.87 0 0.258283 1670.05 998.19 31.60 21.79 3 0.257688 616.18 302.38 34.55 42.56 0 0.254089 1532.66 1058.12 43.65 21.88 0 0.250079 531.22 671.24 32.96 57.04 0
94,0.677459 1236.48 367.53 54.03 34.82 1 0.648861 1068.17 293.54 25.96 17.44 0 0.636184 765.31 593.41 60.43 29.17 0 0.604612 966.74 288.64 21.49 25.05 0 0.575123 1100.87 360.04 29.62 20.81 0 0.563693 1158.93 472.89 31.86 28.19 0 0.562521 1203.42 559.50 42.72 37.96 0 0.558780 1062.08 629.77 43.73 51.00 0 0.557998 762.50 287.23 36.43 20.12 1 0.555186 863.67 330.25 33.25 15.40 0 0.547539 1261.85 668.02 49.25 50.26 0 0.513880 852.43 290.61 30.80 15.60 0 0.494361 762.51 283.07 35.11 20.09 1 0.465325 1058.66 194.15 16.13 13.16 0 0.458123 873.83 96.53 16.61 12.57 0 0.457303 1113.16 376.19 37.56 29.36 1 0.454536 1021.61 193.09 22.53 14.72 0 0.447513 1085.95 326.28 25.61 17.08 0 0.441057 1082.11 315.85 23.88 18.61 0 0.434433 848.42 211.65 24.44 14.20 0 0.432863 837.86 233.37 30.26 16.65 0 0.427172 1078.43 311.12 23.32 16.96 0 0.406733 1038.97 191.57 21.91 14.77 0 0.382425 836.06 190.67 20.84 12.75 0 0.379472 804.19 191.52 21.51 13.65 0 0.378940 1248.11 370.53 43.76 29.57 1 0.375927 907.72 207.46 21.16 15.24 0 0.375470 783.00 193.26 26.15 14.35 0 0.366298 815.29 192.52 22.63 11.77 0 0.358993 814.38 209.77 24.85 15.07 0 0.352457 838.87 239.11 28.96 15.40 0 0.352072 886.47 143.58 18.15 12.84 0 0.347168 860.53 313.36 32.04 17.01 0 0.284469 875.15 110.97 18.26 13.38 0 0.267424 1202.47 223.73 24.13 13.97 0 0.266104 1093.83 339.66 24.45 16.87 0 0.254478 1203.32 216.94 22.79 14.62 0
95,0.662320 661.27 313.91 33.82 19.06 1 0.650125 1152.80 675.03 45.86 44.58 0 0.605193 1094.55 570.85 40.31 36.69 0 0.602446 1049.75 482.14 32.29 30.29 0 0.584652 680.13 639.47 57.69 31.20 0 0.568974 733.05 260.23 28.42 14.21 0 0.542407 1116.22 371.05 53.85 35.76 1 0.529731 959.36 306.44 21.51 19.95 0 0.523960 972.09 331.01 24.48 20.89 0 0.479985 751.56 315.19 27.27 14.46 0 0.444652 761.80 358.41 31.98 15.49 0 0.440263 732.90 209.77 24.74 13.28 0 0.437115 1269.08 250.36 24.32 16.45 0 0.435143 1236.18 225.64 21.60 13.68 0 0.427729 977.98 340.05 22.91 25.16 0 0.424806 1073.73 223.84 24.82 16.62 0 0.421739 719.73 210.95 27.17 12.71 0 0.410286 995.39 375.23 25.03 23.47 0 0.386762 757.52 111.16 16.48 10.63 0 0.361041 1203.66 227.59 25.61 11.50 0 0.354139 908.28 199.21 17.26 13.63 0 0.339661 925.08 197.65 15.26 12.38 0 0.338518 774.82 160.01 15.47 11.80 0 0.331970 1007.90 388.26 30.25 33.34 1 0.330964 1011.45 394.52 26.64 32.69 1 0.317982 979.82 345.63 22.66 23.80 0 0.313645 706.91 212.11 22.01 12.61 0 0.303842 761.91 348.35 30.78 15.94 0 0.286279 957.84 300.18 19.58 19.80 0 0.286150 760.13 343.74 29.88 16.20 0 0.279023 982.61 355.66 23.49 20.46 0 0.267673 749.34 230.46 23.57 14.90 0 0.264071 865.32 210.36 18.06 13.36 0 0.259110 768.91 131.25 15.74 11.52 0
96,0.678186 1073.24 634.41 64.99 29.49 0 0.617698 1107.68 523.23 28.14 51.09 0 0.606299 842.57 324.28 26.41 15.52 3 0.605175 374.15 807.55 33.03 62.37 0 0.602867 234.16 816.08 42.20 73.18 0 0.595954 1130.91 654.10 54.66 31.25 0 0.585248 1077.24 531.04 29.53 49.38 0 0.572906 1377.93 546.73 55.46 27.72 0 0.565470 806.40 409.05 28.53 39.96 0 0.558183 628.53 853.77 64.31 31.00 0 0.537101 845.09 463.72 23.75 41.22 0 0.516982 291.85 807.26 36.96 71.64 0 0.496591 859.06 524.69 35.09 52.26 0 0.486130 853.17 368.20 62.34 23.99 0 0.484712 1799.84 26.52 36.14 34.47 0 0.483329 890.05 530.18 35.33 52.64 0 0.479279 1051.08 536.95 29.68 50.50 0 0.474250 744.55 395.69 49.62 26.35 0 0.469788 411.58 804.14 36.11 67.78 0 0.460184 133.55 348.83 44.47 26.39 0 0.454148 1753.90 200.39 38.00 36.72 0 0.451138 135.36 367.20 44.16 24.53 0 0.446815 57.60 578.07 32.59 45.54 0 0.436341 933.87 386.97 38.04 56.09 1 0.434187 1727.67 42.26 38.66 33.34 0 0.431068 1759.74 32.71 39.12 35.50 0 0.404539 681.58 400.89 52.36 26.31 0 0.390741 669.05 401.65 54.34 27.50 0 0.375915 1753.56 35.92 37.71 36.23 0 0.369093 897.29 531.16 32.80 50.75 0 0.365333 469.77 315.40 48.85 31.89 1 0.339545 692.50 397.76 47.74 27.10 0 0.304619 443.31 342.99 49.72 25.39 0 0.301581 907.24 409.55 22.96 39.26 0 0.297495 1396.37 554.10 45.21 27.44 0 0.296121 1871.22 27.91 39.80 36.67 0 0.287859 1157.54 534.61 30.08 38.18 0 0.277067 1745.64 43.16 39.82 35.30 0 0.263912 1245.40 9.16 26.56 22.04 0 0.263418 767.01 421.92 34.39 26.43 0 0.261287 1881.37 11.96 36.90 52.59 0 0.251071 1667.17 74.05 44.22 25.93 0
97,0.726832 1014.27 445.27 42.05 63.35 1 0.680477 886.49 66.41 21.05 12.75 3 0.655967 955.58 757.11 34.05 60.67 0 0.621995 839.11 813.09 21.10 13.98 3 0.611305 955.48 683.80 31.68 51.82 0 0.593936 504.46 830.06 39.25 79.04 1 0.559946 834.42 730.89 26.57 16.61 3 0.557327 994.63 835.63 37.87 59.04 0 0.541825 250.38 934.11 71.40 37.35 0 0.538994 890.70 595.23 32.41 64.41 1 0.534880 840.53 781.21 24.83 13.76 3 0.522459 898.50 717.84 31.42 65.17 0 0.514159 921.01 419.94 18.07 18.79 3 0.511438 840.59 765.16 26.82 18.38 3 0.500209 994.69 610.26 27.98 53.22 0 0.490194 562.44 836.11 39.18 75.66 1 0.457398 603.61 836.63 36.98 68.38 0 0.455611 888.86 613.18 34.80 54.89 1 0.454421 556.81 725.63 47.38 33.15 0 0.449724 998.31 34.53 32.42 19.36 0 0.447127 1000.57 63.21 28.89 19.48 0 0.432942 1054.41 947.30 20.43 19.06 3 0.427708 838.41 833.38 21.76 20.07 3 0.423249 1352.99 1048.49 27.20 16.30 3 0.416083 653.22 922.76 73.76 37.34 0 0.391516 1002.37 90.06 28.24 24.13 0 0.353273 1022.12 312.59 28.19 46.83 0 0.339275 994.86 14.65 32.19 25.29 0 0.316944 887.98 587.75 33.17 55.47 1 0.315762 1024.51 400.28 31.30 49.51 0 0.309220 1333.10 906.73 71.29 33.95 0 0.307957 556.73 832.85 38.65 77.70 1 0.284760 805.63 891.76 58.93 53.32 0 0.280571 887.37 42.62 18.52 10.42 3
98,0.715222 1352.95 292.69 44.88 35.20 0 0.678085 907.14 680.76 41.89 29.08 3 0.677924 177.55 504.17 75.08 67.45 1 0.658174 1370.39 570.19 78.22 77.92 0 0.644018 198.21 567.47 77.35 62.92 0 0.639792 882.84 319.70 64.20 27.76 0 0.634089 649.41 720.16 46.05 29.21 3 0.630552 1729.64 673.60 98.03 77.85 0 0.625047 699.64 314.54 76.48 32.50 0 0.621855 1765.60 233.91 41.17 23.53 0 0.616669 964.30 321.47 62.17 26.14 0 0.614005 158.93 337.87 42.36 37.38 0 0.613319 1519.26 457.89 64.26 47.12 1 0.606732 1667.28 608.99 77.51 59.09 0 0.606405 1416.05 651.91 72.99 83.48 0 0.604440 8.20 515.78 82.93 59.02 0 0.592339 812.22 926.20 31.28 61.50 3 0.585596 1447.94 385.40 47.09 36.87 0 0.573876 118.40 413.34 67.82 64.55 0 0.567222 17.55 407.78 65.44 39.64 0 0.564206 1289.52 461.85 59.79 64.02 0 0.560509 77.09 341.43 60.35 38.40 0 0.559914 256.34 435.93 67.53 45.54 0 0.554329 864.75 933.93 34.88 54.99 3 0.546699 1336.63 531.22 65.90 53.17 0 0.546064 828.07 291.77 41.69 24.51 0 0.544938 288.72 340.32 54.09 35.22 0 0.544392 1171.28 104.97 35.84 23.85 0 0.533673 247.51 337.77 44.26 39.40 0 0.531555 1696.47 199.57 39.86 23.51 0 0.530817 1241.36 376.49 46.42 49.30 0 0.528627 198.69 335.53 46.30 40.67 0 0.527104 518.93 290.46 37.25 24.16 0 0.524392 1657.43 227.86 37.28 25.04 0 0.521706 1687.89 231.93 38.31 22.81 0 0.519913 793.30 319.48 70.22 31.17 0 0.519159 1856.23 200.42 39.23 18.74 0 0.513077 0.13 690.48 76.37 61.45 0 0.510624 1701.18 298.99 40.73 24.56 0 0.510176 68.90 425.03 54.17 52.64 0 0.507763 1791.93 197.64 44.46 22.14 0 0.507267 647.88 714.05 45.91 31.53 3 0.503039 31.68 346.99 48.01 34.03 0 0.491528 273.15 988.88 53.68 41.52 3 0.486911 1715.18 198.74 42.35 22.07 0 0.483707 595.67 292.25 38.71 23.65 0 0.481197 1609.57 549.35 102.74 69.85 1 0.474636 302.04 552.17 143.28 173.17 1 0.470174 81.78 675.75 101.61 90.17 1 0.469457 194.04 782.06 45.52 30.98 3 0.468937 1036.86 319.26 44.63 26.02 0 0.467790 24.78 811.48 49.57 44.17 3 0.467308 62.88 677.90 116.97 103.36 1 0.464355 1477.43 422.03 62.20 43.86 0 0.459510 539.07 774.85 41.15 36.30 3 0.457506 541.08 781.33 40.98 39.23 3 0.446333 1214.14 151.50 28.69 21.80 0 0.446068 201.79 331.83 45.66 37.35 0 0.445813 195.96 777.16 50.27 32.63 3 0.443125 1262.92 432.09 48.50 40.78 0 0.438109 1324.85 266.80 36.09 27.77 0 0.433942 376.46 312.49 65.22 29.47 0 0.425961 778.43 284.48 35.95 25.53 0 0.424279 1605.02 534.46 93.39 82.37 1 0.417104 694.08 317.47 75.95 35.01 0 0.415323 28.96 817.50 42.29 40.92 3 0.414835 1594.89 179.66 41.02 21.82 0 0.410408 321.19 558.04 116.35 147.53 1 0.407954 1364.00 562.84 80.48 73.24 0 0.405969 0.00 973.45 80.50 104.34 0 0.404245 1288.94 228.44 35.96 25.31 0 0.403363 1674.64 196.22 41.66 24.93 0 0.399960 1668.31 229.81 42.57 26.35 0 0.397031 121.43 513.97 56.91 56.46 0 0.390720 43.55 328.21 49.59 31.73 0 0.388811 601.56 697.15 34.10 37.13 3 0.385511 405.44 749.06 49.15 38.06 3 0.383047 1783.56 230.27 45.85 22.69 0 0.382768 1309.84 253.64 39.33 24.22 0 0.376046 1103.10 253.54 54.33 30.70 0 0.375955 1105.53 249.77 54.38 28.05 0 0.375122 229.73 733.53 34.87 32.94 3 0.374278 1103.07 262.46 53.15 29.46 0 0.371822 28.75 801.34 47.98 48.00 3 0.365770 1554.92 175.20 39.75 22.27 0 0.363870 1403.56 344.61 60.68 41.09 1 0.360986 377.37 309.35 65.56 26.14 0 0.360121 832.21 284.65 41.05 24.37 0 0.358512 547.45 703.35 45.04 32.21 3 0.358117 699.57 301.10 66.93 31.46 0 0.355856 54.43 329.86 52.33 34.08 0 0.353172 1739.19 197.43 40.24 22.27 0 0.350916 186.35 931.46 32.03 50.52 3 0.347413 161.93 331.92 47.17 37.47 0 0.340633 1196.61 137.87 27.64 19.37 0 0.339346 776.87 1032.23 53.16 38.05 3 0.334035 632.64 619.66 29.12 41.20 3 0.332777 271.92 661.80 19.29 32.43 2 0.332339 1206.69 149.97 30.50 23.26 0 0.322831 598.39 685.57 37.05 39.52 3 0.320308 374.71 839.68 26.55 30.23 2 0.319015 1758.51 259.64 39.86 23.76 0 0.316786 1651.81 195.63 40.60 24.31 0 0.316517 1299.14 244.16 42.75 24.73 0 0.314185 556.03 698.50 43.48 31.78 3 0.310702 1628.40 194.39 35.74 24.69 0 0.308707 369.37 825.55 31.76 32.71 2 0.300973 286.96 700.80 26.68 35.55 2 0.292071 1606.75 529.65 70.24 69.37 1 0.291970 521.78 285.99 33.79 24.44 0 0.289992 332.43 495.69 18.36 23.82 3 0.288976 292.95 938.34 50.82 32.96 3 0.288344 643.52 284.71 42.66 25.63 0 0.288238 355.36 524.19 20.78 31.70 2 0.283229 1848.86 296.11 68.77 29.82 0 0.283220 216.19 704.11 27.97 35.71 2 0.277576 1585.62 197.44 39.77 24.21 0 0.275273 55.35 693.85 106.98 85.74 1 0.274754 1387.83 319.14 45.55 34.03 0 0.272765 282.10 678.84 25.05 32.19 2 0.271339 1592.47 195.96 40.67 25.13 0 0.269123 266.89 441.75 65.46 39.05 0 0.264823 1339.58 529.69 72.00 72.07 0 0.261359 1747.06 268.26 45.29 22.26 0
99,0.387874 1418.32 667.21 22.60 23.29 1 0.358977 1242.17 531.45 58.74 26.10 1
100,0.611160 1229.08 394.12 151.18 99.28 0 0.540283 1208.06 420.34 180.74 95.57 0 0.523387 753.08 592.45 127.54 134.13 0 0.479112 1718.88 284.24 75.25 60.70 0 0.411636 854.66 490.73 27.93 35.55 2 0.377204 1403.70 375.11 133.01 64.71 0 0.371511 1203.37 425.11 142.85 83.93 0 0.361834 865.46 602.35 142.38 186.89 0 0.350813 1249.42 386.15 133.81 71.35 0 0.346101 608.59 542.26 132.92 149.05 0 0.330853 1576.71 308.11 130.22 80.31 0 0.326333 1402.58 383.43 83.53 55.01 0 0.317363 1439.54 370.71 118.61 61.96 0 0.307856 856.51 510.92 28.97 31.65 2 0.284591 1561.53 320.34 141.82 79.79 0 0.261090 1217.21 380.20 166.73 84.19 0
101,0.582517 670.07 563.97 63.39 45.48 1 0.377285 452.75 569.73 26.16 15.50 0 0.372432 814.99 611.08 24.73 16.80 0 0.341882 764.95 547.60 23.89 13.81 0 0.305693 834.57 612.22 20.91 16.36 0 0.285679 789.92 563.44 22.89 17.39 0 0.281825 475.41 568.05 21.43 15.05 0 0.273789 285.99 572.20 23.65 16.72 0
102,0.823240 1572.02 480.82 80.64 63.17 1 0.683676 1443.59 343.92 54.42 45.59 1 0.672848 735.51 268.92 40.90 28.05 0 0.670756 1412.78 637.81 83.81 103.95 0 0.668936 229.88 902.85 68.63 54.00 3 0.648378 1761.13 688.07 91.10 80.72 0 0.647254 1486.33 390.01 54.23 38.13 0 0.643110 446.37 274.63 36.22 37.66 0 0.628682 1831.37 200.47 47.41 27.38 0 0.628083 1376.51 278.54 50.11 34.27 0 0.625061 1463.61 752.42 93.21 106.42 0 0.622495 15.43 641.66 100.71 83.74 0 0.598164 284.34 304.38 76.52 32.56 0 0.589063 1520.58 436.09 69.08 53.48 0 0.581969 94.02 773.94 26.05 40.52 2 0.580571 664.60 789.95 58.18 40.60 3 0.579549 1346.87 245.82 35.51 30.95 0 0.578912 1364.80 581.19 72.87 65.08 0 0.571164 750.65 313.37 77.61 30.33 0 0.570539 1745.13 201.54 38.59 23.31 0 0.567335 648.38 315.18 84.17 33.73 0 0.563909 32.61 338.02 50.14 44.19 0 0.558078 122.29 451.61 80.52 62.79 0 0.543687 172.39 336.89 60.72 45.82 0 0.533632 67.97 331.73 64.04 51.07 0 0.532816 1848.97 157.62 47.65 24.23 0 0.530775 1316.88 494.98 67.01 74.11 0 0.529379 1711.01 631.22 90.78 53.91 1 0.525583 127.82 333.87 45.33 49.23 0 0.518968 793.13 274.69 42.08 28.21 0 0.515388 1844.01 199.28 47.47 25.31 0 0.505946 1253.66 385.48 53.69 58.77 0 0.504769 1172.89 53.10 37.42 23.32 0 0.497599 943.06 313.90 68.44 28.25 0 0.493757 1838.69 777.23 81.31 100.29 0 0.493372 148.99 610.40 22.98 36.01 2 0.484365 1320.74 216.76 45.06 31.80 0 0.481964 1214.14 107.56 36.64 23.72 0 0.478359 651.62 270.44 38.49 26.92 0 0.473991 180.81 1026.77 37.16 43.57 2 0.473923 1099.16 242.88 52.16 28.69 0 0.470687 1749.09 157.08 39.54 25.77 0 0.470141 1483.09 394.74 60.36 44.90 0 0.469736 1693.61 156.96 40.78 26.46 0 0.469391 535.72 270.39 33.56 31.87 0 0.466447 1804.35 242.89 52.75 25.85 0 0.464668 1718.60 156.83 38.64 25.50 0 0.460942 286.03 309.05 82.20 35.87 0 0.460007 1641.22 125.84 40.92 23.94 0 0.455973 592.62 266.89 30.16 28.33 0 0.446759 1669.28 157.89 38.37 26.49 0 0.445943 95.06 295.22 66.04 30.13 0 0.439186 1705.03 198.46 40.40 25.30 0 0.437226 1276.76 445.88 56.78 53.66 0 0.431147 1202.85 88.46 29.30 19.71 0 0.428666 1765.32 279.55 50.05 30.77 0 0.428596 1629.86 151.22 37.65 27.07 0 0.428037 426.86 822.55 58.95 38.80 3 0.425108 125.39 842.30 26.36 44.94 2 0.418417 1395.70 248.90 43.25 29.25 0 0.417749 1597.83 130.04 39.50 23.01 0 0.414054 441.92 284.58 38.37 34.73 0 0.410878 21.95 745.08 22.72 34.36 2 0.407439 0.63 427.53 34.66 47.32 0 0.405820 10.46 555.34 92.14 76.28 1 0.404509 1676.03 586.29 83.19 55.28 1 0.401661 71.20 329.78 70.49 45.43 0 0.398166 535.98 842.17 61.26 44.45 3 0.396987 1408.53 312.70 56.46 38.70 0 0.377517 89.32 299.94 69.62 31.31 0 0.375490 1328.60 222.07 38.82 29.55 0 0.373544 19.81 739.40 22.91 33.63 2 0.371149 161.77 938.33 40.33 40.21 2 0.369276 847.10 313.59 77.00 30.21 0 0.368813 1071.05 20.72 33.55 19.14 0 0.368023 405.06 936.15 46.07 62.24 3 0.366309 1307.56 203.71 49.82 31.85 0 0.357412 1489.60 401.27 56.82 41.36 0 0.355297 1575.78 127.75 46.82 24.17 0 0.351818 1607.96 150.04 36.66 23.95 0 0.350715 1099.42 232.44 57.28 30.71 0 0.350276 1762.23 157.45 37.82 24.00 0 0.345628 1157.03 12.57 40.62 25.16 0 0.343749 1799.38 244.13 50.12 26.83 0 0.342072 100.37 847.51 26.04 46.10 2 0.338547 850.25 307.43 68.73 28.36 0 0.336933 176.32 1015.60 42.01 49.82 2 0.330033 162.98 927.60 38.03 42.60 2 0.329967 65.40 305.00 70.45 28.90 0 0.329938 1782.37 681.73 77.60 79.26 0 0.325262 1713.55 198.02 38.66 24.97 0 0.323910 35.83 332.06 63.10 45.25 0 0.322378 667.32 786.03 47.41 41.11 3 0.314338 153.89 853.69 50.40 39.37 3 0.309178 140.69 625.90 175.16 172.93 1 0.306676 1648.11 152.42 41.48 28.36 0 0.303010 1.02 452.62 40.28 52.41 0 0.298762 112.95 654.11 189.82 214.30 1 0.290119 470.60 825.00 43.28 38.76 3 0.287689 1857.06 788.07 62.94 93.51 0 0.282998 1802.49 156.01 33.33 22.78 0 0.281070 1144.99 13.16 43.31 23.05 0 0.278053 1258.16 380.42 48.06 45.58 0 0.271880 466.15 348.19 21.41 23.74 3 0.270922 1316.87 211.02 43.67 28.29 0 0.270259 1410.67 306.99 57.31 38.40 0 0.270215 24.00 864.84 48.00 54.47 3 0.266190 1229.27 103.02 38.94 23.64 0 0.261845 1761.32 287.72 48.97 26.68 0 0.257529 1816.21 160.45 35.70 23.62 0 0.251020 0.00 337.55 22.12 34.04 0 0.250254 428.26 787.69 52.92 41.30 3
103,0.644270 1049.86 584.26 56.68 24.45 0 0.638155 1131.55 513.86 53.34 24.02 0 0.622602 1558.67 440.22 47.11 24.37 0 0.607597 1571.55 587.63 54.54 27.91 0 0.607057 1130.50 587.08 57.54 25.12 0 0.597181 1513.08 204.86 47.55 23.58 0 0.570908 1327.47 232.21 48.75 20.38 0 0.569162 1574.42 558.89 49.57 24.76 0 0.565016 1497.49 586.08 57.65 27.75 0 0.555859 1467.89 324.18 45.38 19.41 0 0.554863 1499.23 557.42 56.45 26.30 0 0.551460 1343.36 472.53 49.52 25.27 0 0.549432 1519.25 258.38 47.57 23.24 0 0.547591 1334.85 327.38 50.71 21.89 0 0.534364 1533.39 366.28 48.43 24.78 0 0.531663 1459.97 276.77 50.55 21.89 0 0.530627 1450.39 203.24 46.73 20.80 0 0.522828 1539.05 327.16 47.81 24.05 0 0.522243 1259.17 231.76 41.48 17.40 0 0.520017 1462.12 346.34 53.24 23.25 0 0.515431 1477.41 486.00 57.64 25.72 0 0.515356 1336.55 295.39 50.30 22.22 0 0.515038 1343.15 444.85 53.02 28.48 0 0.510068 1332.31 273.49 48.44 20.84 0 0.509693 1508.71 617.42 51.60 26.54 0 0.509487 1571.95 536.06 48.19 24.16 0 0.507118 1550.76 483.93 56.87 26.41 0 0.506344 1554.95 463.75 52.66 25.24 0 0.501452 1130.31 562.22 55.44 24.94 0 0.498341 1499.00 591.22 59.79 27.35 0 0.485469 1462.52 301.82 48.17 20.79 0 0.481192 1349.10 521.54 46.06 23.17 0 0.478930 1454.11 250.04 49.38 21.14 0 0.471652 1326.50 203.73 44.64 22.42 0 0.470361 1465.32 326.25 50.32 20.97 0 0.470282 1335.36 354.35 49.49 22.60 0 0.468466 1335.14 403.12 53.47 25.76 0 0.465870 1335.14 378.43 50.06 24.83 0 0.462576 1349.32 500.61 44.76 22.78 0 0.462337 1452.96 227.65 47.71 20.39 0 0.441915 1547.76 414.74 46.56 21.67 0 0.440839 1266.95 206.62 46.21 19.02 0 0.439003 1329.19 252.82 48.47 19.56 0 0.436444 1576.87 590.95 56.91 26.61 0 0.432125 1477.86 461.69 53.85 24.18 0 0.431010 1553.35 488.10 56.79 25.40 0 0.417761 1475.42 436.68 52.48 24.71 0 0.417017 1752.81 835.53 28.37 15.33 3 0.416952 1538.25 349.53 47.66 20.13 0 0.414598 1342.06 547.24 52.70 26.60 0 0.407080 1459.73 283.21 48.96 23.33 0 0.400953 1348.98 579.87 50.77 23.73 0 0.396606 1472.74 393.46 51.12 22.65 0 0.388205 1477.49 416.39 53.59 25.40 0 0.384521 1499.05 531.20 54.53 26.40 0 0.366343 1269.21 188.89 45.22 22.60 0 0.366104 1535.87 345.51 47.37 21.77 0 0.359883 1574.61 539.46 50.76 24.07 0 0.356068 1553.51 470.60 54.05 24.47 0 0.346416 1467.61 373.25 50.08 21.22 0 0.336160 1478.28 467.66 53.98 23.57 0 0.324666 1498.48 788.62 85.52 32.02 1 0.322637 1510.81 793.06 70.92 30.64 1 0.318903 1517.32 250.75 48.18 26.41 0 0.318146 1551.57 506.66 57.13 25.73 0 0.317606 1467.03 366.64 50.14 24.36 0 0.307541 1561.56 513.37 51.27 22.96 0 0.280488 1542.73 398.03 44.94 21.20 0 0.268457 1454.90 254.41 52.25 21.88 0 0.262655 1563.84 531.63 52.97 27.16 0 0.250974 1270.48 202.72 48.52 21.56 0
104,0.702603 797.86 456.43 55.99 119.50 1 0.666151 1204.96 507.41 24.36 35.86 0 0.652491 1050.94 499.06 24.93 43.23 0 0.628194 548.56 826.25 30.43 59.61 0 0.604734 410.90 822.32 37.60 56.78 0 0.601656 1154.05 509.14 23.14 41.88 0 0.598776 1081.66 502.25 22.40 43.15 0 0.597529 843.63 403.29 22.88 36.84 0 0.547634 914.79 389.82 29.13 42.03 0 0.542857 1230.19 508.99 23.55 35.44 0 0.536510 0.99 763.68 39.47 59.06 0 0.514998 331.50 652.13 52.27 23.25 0 0.512695 39.32 912.38 44.55 43.16 0 0.511227 1229.93 687.72 52.05 25.98 0 0.505971 196.29 790.48 32.50 47.18 0 0.503421 130.02 931.29 41.42 55.16 0 0.501878 272.55 650.66 52.18 25.59 0 0.499166 54.92 783.47 39.76 49.67 0 0.495752 12.09 571.13 51.30 26.46 0 0.493747 870.55 358.18 20.46 36.14 0 0.490756 640.68 660.03 52.38 23.59 0 0.480986 394.19 654.93 43.59 22.25 0 0.473593 84.75 790.79 30.71 42.72 0 0.454135 188.50 648.24 64.57 27.56 0 0.440189 447.13 586.43 54.50 21.98 0 0.423301 767.88 205.19 28.17 33.79 1 0.402224 870.87 401.57 24.79 36.79 0 0.400900 750.36 462.40 41.82 24.91 0 0.394686 9.14 904.34 51.54 41.22 0 0.394319 844.07 355.87 23.27 37.88 0 0.388649 837.36 16.55 23.11 39.02 1 0.388298 786.05 78.69 24.94 40.87 1 0.386328 584.42 663.13 47.31 18.61 0 0.375672 895.33 361.08 21.59 33.57 0 0.359706 789.65 458.62 59.09 135.19 1 0.358053 890.94 352.30 25.12 38.94 0 0.352445 421.74 718.95 63.80 27.72 0 0.339500 744.87 469.13 46.54 21.85 0 0.324138 112.39 800.38 31.97 37.19 0 0.303008 18.00 904.12 57.95 44.78 0 0.301856 1310.07 498.14 40.93 28.07 1 0.293768 105.51 918.00 49.32 54.49 0 0.291534 96.87 917.21 44.72 48.72 0 0.290974 566.28 722.04 47.07 25.83 0 0.284270 3.61 911.16 49.33 42.44 0 0.264891 135.57 680.36 33.98 33.30 0 0.257960 833.76 2.13 24.82 40.59 1
105,
106,0.686048 912.47 593.46 30.32 63.64 1 0.640212 209.25 461.17 29.64 46.20 0 0.605541 653.94 264.63 24.45 42.39 0 0.597671 390.65 497.26 56.62 26.93 0 0.597398 108.91 459.82 33.11 48.94 0 0.579099 57.54 466.11 35.92 53.67 0 0.577368 797.96 340.18 63.02 26.95 0 0.548564 175.19 464.05 30.25 45.70 0 0.538117 620.47 257.69 26.94 39.60 0 0.528098 427.44 398.58 48.72 27.41 0 0.501657 815.92 270.40 23.40 35.45 0 0.498575 1465.19 9.63 28.12 28.86 0 0.459269 476.29 157.04 44.95 22.16 0 0.458963 481.72 156.44 50.15 21.91 0 0.436259 840.89 263.22 21.09 37.74 0 0.431959 1073.62 279.90 52.15 23.58 0 0.425041 592.57 166.70 23.06 33.82 0 0.410859 308.83 84.43 48.83 23.86 1 0.389598 104.12 463.65 35.53 50.94 0 0.389030 649.68 257.01 27.04 45.20 0 0.384231 591.63 162.27 26.68 33.33 0 0.379133 394.70 493.94 58.64 27.38 0 0.360601 890.71 272.61 19.43 28.38 0 0.350155 792.99 269.73 21.75 34.67 0 0.334390 1443.13 102.03 28.48 29.62 0 0.330179 840.98 252.89 24.34 42.41 0 0.329257 678.57 171.57 23.90 27.55 0 0.321386 1333.11 269.58 43.11 25.65 0 0.320438 1511.46 127.98 32.18 34.37 0 0.293388 1466.51 20.46 31.93 32.66 0 0.262816 523.43 155.97 34.04 22.67 0 0.250633 868.56 269.37 19.51 33.45 0
107,0.380864 1606.90 613.67 34.84 25.80 0 0.327598 686.27 680.26 33.27 38.17 0 0.250218 638.29 679.33 29.03 37.91 1
108,0.568892 63.90 694.55 238.43 92.70 0 0.336867 0.10 879.63 31.76 61.23 0 0.255335 103.84 685.78 194.98 76.45 0
109,0.599940 894.69 366.15 68.16 66.42 0 0.588205 1216.33 962.56 75.64 117.44 0 0.585835 844.59 348.97 61.52 65.41 0 0.581623 786.52 340.03 64.21 64.51 0 0.572015 1425.50 145.94 41.29 48.59 0 0.566394 1596.14 340.22 56.50 53.58 0 0.564391 638.22 313.32 84.64 62.98 0 0.549346 1490.00 81.59 31.95 26.15 0 0.548829 342.61 362.30 96.07 54.66 0 0.544013 740.68 330.10 61.20 64.31 0 0.542204 1250.77 272.48 71.76 42.52 0 0.524441 1282.02 197.39 60.69 30.94 0 0.521206 1273.99 223.24 63.83 30.35 0 0.520452 219.07 448.45 105.07 65.46 0 0.468714 1546.27 814.19 79.50 148.44 1 0.458760 1239.93 942.72 57.85 30.34 3 0.453609 433.33 312.56 79.27 41.64 0 0.440042 1248.72 920.68 56.19 37.40 3 0.435882 1257.00 853.36 45.39 33.88 3 0.426474 424.72 315.67 80.50 47.80 0 0.416751 417.94 334.93 70.51 47.23 0 0.403579 1250.82 915.37 53.56 32.36 3 0.392955 1374.93 58.41 29.64 32.66 0 0.389787 1261.29 248.55 69.34 34.26 0 0.388331 462.35 289.00 84.16 46.05 0 0.386219 837.25 353.56 61.16 67.46 0 0.385247 1252.24 864.62 50.96 34.95 3 0.375691 1244.56 377.92 23.15 22.44 3 0.360928 1253.49 416.07 20.21 20.43 3 0.344509 1272.94 201.90 66.61 35.59 0 0.341508 1489.70 59.12 31.04 21.19 0 0.331507 1257.62 336.02 52.02 34.66 3 0.325080 213.45 438.93 107.34 65.44 0 0.316503 1371.12 70.31 31.04 28.20 0 0.290777 1539.77 130.48 20.25 20.01 3 0.285563 1544.31 837.17 82.24 151.03 0 0.283956 1796.77 1026.16 111.39 53.84 0 0.274184 1552.10 838.75 74.58 142.48 1 0.268642 1202.87 350.83 22.12 23.90 3 0.264171 1252.55 905.24 52.09 31.81 3 0.260659 1259.06 255.01 71.35 34.96 0 0.253469 451.73 290.62 80.34 39.39 0
110,0.624170 1045.85 212.68 48.01 60.26 0 0.622625 84.84 273.34 42.93 68.85 0 0.608455 71.74 438.89 41.54 66.92 0 0.591487 112.53 34.33 33.33 50.12 0 0.587609 328.76 137.22 33.42 51.96 0 0.582502 46.77 626.06 47.94 82.34 0 0.581968 340.09 416.45 39.07 63.31 0 0.526914 1281.78 404.43 52.33 71.12 0 0.515499 338.46 496.10 43.31 77.38 0 0.490671 104.46 143.03 32.31 51.36 0 0.473096 326.94 30.72 23.99 37.16 0 0.469776 606.80 507.22 12.50 20.25 2 0.469719 345.40 592.14 44.61 90.67 0 0.409598 335.81 282.93 32.31 47.68 1 0.336354 606.40 501.52 12.17 20.44 2 0.304290 342.77 602.92 47.42 113.72 0 0.264890 530.96 245.52 16.69 25.50 2
111,0.753147 1675.49 331.93 91.12 72.77 1 0.640808 735.91 149.14 47.31 35.74 0 0.639374 1402.68 389.42 72.02 104.45 0 0.633436 1537.69 797.30 102.48 143.26 0 0.624594 1589.46 202.04 70.19 56.33 0 0.595778 477.51 144.97 42.54 38.04 0 0.592283 366.34 147.02 55.43 36.84 0 0.592262 1738.37 418.60 83.53 65.08 0 0.592211 1425.88 499.90 82.57 101.87 0 0.590815 736.38 225.27 102.88 43.90 0 0.587023 1796.58 510.88 93.46 99.66 0 0.566975 859.70 229.62 106.78 49.45 0 0.564815 1632.08 262.16 77.35 54.34 0 0.563998 595.64 216.88 116.74 50.45 0 0.561926 1546.98 140.68 53.66 49.98 0 0.532377 1596.23 935.62 111.33 144.38 0 0.529833 1475.13 607.92 83.78 121.92 0 0.527703 628.90 146.30 51.24 37.50 0 0.521495 1524.29 381.57 32.57 32.89 3 0.520746 984.86 238.25 95.28 36.08 0 0.518443 1737.19 424.87 76.73 73.71 0 0.508805 146.87 189.72 102.01 37.44 0 0.500955 1527.50 371.54 29.45 31.71 3 0.496983 806.19 147.61 52.84 45.22 0 0.460836 2.77 227.31 78.92 75.30 0 0.442670 167.19 522.92 37.63 42.06 3 0.430000 148.20 193.24 111.16 42.16 0 0.419440 1861.76 607.30 57.72 99.47 1 0.401888 1511.28 83.15 59.26 52.00 0 0.385634 1216.30 131.56 71.24 34.89 0 0.379760 17.43 976.20 45.89 59.87 3 0.370295 1101.95 270.00 58.15 28.48 0 0.350926 1782.91 504.64 96.52 94.29 0 0.350887 614.26 224.15 105.41 45.99 0 0.343563 1519.08 368.64 35.04 39.45 3 0.341318 1501.73 78.26 68.64 46.49 0 0.326296 1612.84 144.68 61.63 46.08 0 0.272231 1490.13 618.32 82.77 116.19 0 0.261441 367.29 138.57 55.85 39.41 0
112,0.701797 706.66 425.46 288.36 89.54 0 0.592847 1399.24 427.40 258.63 85.85 0 0.581750 1097.19 430.77 239.22 88.95 0 0.459808 45.70 408.41 272.91 101.40 0 0.316103 313.96 134.66 27.57 16.94 0
113,0.587510 1668.17 745.75 64.45 28.25 0 0.541622 1258.95 746.84 62.89 27.88 0 0.505867 444.41 322.66 29.98 26.12 0 0.463639 594.78 140.05 40.78 16.79 0 0.453601 611.76 85.63 37.36 14.69 0 0.430459 524.09 756.07 45.36 25.03 0 0.408710 271.31 1024.85 38.51 21.73 0 0.400301 329.06 329.41 42.07 21.42 0 0.396456 943.77 741.58 59.10 27.67 0 0.370962 509.23 188.61 17.88 15.13 0 0.368323 613.30 60.44 37.70 15.07 0 0.357253 604.70 87.93 34.79 15.10 0 0.346217 542.06 422.23 42.76 27.75 0 0.345405 526.76 112.41 17.07 12.94 0 0.335879 610.22 108.30 36.27 15.15 0 0.312496 549.25 233.24 28.33 18.68 0 0.308942 598.83 111.27 35.45 12.74 0 0.305344 599.03 137.88 43.44 16.50 0 0.287855 572.17 229.00 35.13 20.04 0 0.282451 438.69 325.99 31.25 28.52 0 0.261728 545.25 401.24 26.77 22.09 0
114,0.690024 602.09 546.60 23.02 44.66 0 0.686038 788.20 718.83 27.64 52.05 0 0.682612 602.14 606.30 25.51 50.19 0 0.662307 1794.69 710.06 41.17 52.96 0 0.654788 1006.37 696.75 28.06 53.07 0 0.654504 719.32 530.60 24.81 48.97 0 0.654006 697.75 723.36 27.24 53.35 0 0.646606 598.46 742.50 27.93 53.60 0 0.646495 630.28 543.05 22.13 45.78 0 0.645797 689.23 595.43 24.96 50.68 0 0.640251 1249.75 541.05 31.05 73.52 1 0.639332 853.59 715.36 26.44 53.45 0 0.637839 571.46 608.80 25.11 54.12 0 0.636398 1035.27 508.79 22.18 42.09 0 0.630876 929.30 576.29 25.53 49.23 0 0.629636 1830.39 780.93 38.97 54.38 0 0.621716 726.48 720.60 25.99 52.21 0 0.616403 915.93 703.57 26.65 55.65 0 0.614584 832.62 526.35 24.55 44.02 0 0.611785 1007.47 507.87 24.80 42.85 0 0.610982 839.12 580.25 26.12 52.56 0 0.606565 820.07 716.22 28.20 53.18 0 0.602850 1044.38 918.69 31.40 63.09 0 0.601576 1072.33 557.95 27.74 42.72 0 0.598414 983.82 563.80 25.42 49.65 0 0.588813 1016.36 563.15 25.82 48.19 0 0.588206 776.15 533.24 25.02 47.03 0 0.586653 566.61 742.62 27.52 54.42 0 0.586087 630.82 738.77 28.04 55.81 0 0.585310 808.33 583.96 25.76 54.00 0 0.584970 1769.56 301.54 34.36 35.55 1 0.584945 975.98 700.96 27.41 52.51 0 0.584009 977.02 507.96 23.30 44.46 0 0.580089 869.19 582.64 25.97 50.25 0 0.578195 666.66 731.26 26.84 54.22 0 0.577180 1716.90 528.94 34.16 43.16 0 0.576616 892.69 518.22 22.98 43.29 0 0.576511 864.58 518.72 22.84 44.47 0 0.571974 746.80 529.90 23.46 46.36 0 0.566493 599.82 817.35 28.80 52.98 0 0.565244 721.84 588.03 23.60 52.36 0 0.564038 630.47 603.23 24.85 49.22 0 0.553682 919.06 516.99 23.16 44.48 0 0.550991 529.42 812.16 27.62 57.79 0 0.548319 1768.45 645.92 40.32 48.59 0 0.547453 532.97 741.69 29.72 56.52 0 0.545296 1521.22 297.40 52.25 24.68 0 0.541650 1111.51 911.23 30.48 64.55 0 0.529333 536.08 551.15 27.94 45.46 0 0.528790 1141.66 900.98 32.40 62.55 0 0.521716 758.12 722.07 28.59 54.83 0 0.521433 1071.51 697.32 25.86 48.67 0 0.520531 1039.83 698.06 26.80 51.33 0 0.519441 1437.18 84.24 41.76 20.92 0 0.512602 752.19 590.68 25.70 53.64 0 0.511833 1625.48 312.35 27.02 36.92 0 0.510733 1666.58 412.96 35.62 42.38 0 0.503737 1515.63 279.22 51.50 23.06 0 0.498334 1162.15 994.05 32.59 61.11 0 0.497379 945.31 703.57 26.86 56.13 0 0.495228 901.54 578.49 26.32 49.95 0 0.494122 564.44 811.75 28.75 53.39 0 0.494112 540.43 611.52 26.85 54.86 0 0.472930 1394.37 0.00 40.09 13.89 0 0.466980 1182.57 216.55 27.95 31.98 0 0.458533 1047.08 570.67 26.93 43.76 0 0.439652 806.40 530.16 24.69 43.69 0 0.434184 1530.79 340.43 55.85 24.73 0 0.428540 948.07 521.20 26.79 42.59 0 0.427057 781.82 591.03 24.48 50.71 0 0.420530 1046.16 560.26 26.09 44.30 0 0.394925 1249.99 541.45 24.18 51.12 1 0.362101 1534.48 333.10 50.96 24.79 0 0.338707 1528.64 323.09 52.97 22.29 0 0.320922 660.69 599.09 25.34 48.46 0 0.300298 533.62 474.10 11.50 21.08 3
115,0.658762 129.96 411.88 246.01 103.72 1 0.631772 495.85 415.19 219.04 73.48 0 0.596791 1380.77 383.99 173.13 69.78 0 0.594239 1590.44 383.58 169.87 67.65 0 0.549158 755.40 422.53 175.96 65.41 0 0.541531 980.38 405.95 191.60 69.11 0 0.263436 156.01 406.57 285.88 114.82 1
116,0.494703 738.07 896.80 27.66 34.82 0 0.458994 768.45 836.54 27.21 31.44 0 0.451293 766.18 842.37 27.24 31.57 0 0.451071 790.02 798.56 29.23 27.85 0 0.360510 1066.60 510.65 41.00 20.70 0 0.335183 791.51 901.91 28.46 33.17 0 0.313531 716.43 901.12 20.12 30.54 0 0.308127 722.23 913.02 23.99 28.94 0 0.279019 1059.54 511.09 39.03 21.39 0 0.258010 735.00 903.97 28.35 36.61 0 0.255686 1611.62 995.04 33.54 32.00 1
117,0.678798 1212.81 480.14 43.14 36.93 0 0.640229 1135.37 454.96 42.29 30.66 0 0.639849 1260.68 194.03 38.40 28.29 0 0.637070 1282.50 409.91 40.45 33.73 0 0.631484 1407.52 285.69 42.05 35.91 0 0.630865 1358.27 334.45 44.79 35.94 0 0.622668 1112.86 317.17 39.97 35.25 0 0.617119 1230.42 457.85 45.27 35.38 0 0.607399 1239.50 439.12 45.07 39.02 0 0.604229 1159.09 527.33 43.55 39.78 0 0.599612 856.73 299.36 37.76 31.92 0 0.598089 1192.16 253.95 38.89 28.08 0 0.597678 1196.07 487.14 38.43 40.98 0 0.587609 1165.86 273.00 41.55 31.76 0 0.584889 1228.13 219.55 41.67 29.46 0 0.577417 801.53 346.42 48.87 34.07 0 0.576152 301.23 775.34 48.25 55.95 0 0.572788 1174.71 417.11 40.91 31.12 0 0.570744 1045.76 538.02 50.56 33.70 0 0.559412 1161.81 436.55 38.78 29.25 0 0.559034 1117.31 561.20 43.91 42.63 0 0.558635 1196.92 396.68 45.23 34.95 0 0.557579 1224.82 463.79 46.73 39.83 0 0.554152 1049.38 369.05 42.14 33.60 0 0.549543 977.70 421.64 42.59 35.66 0 0.549200 1353.73 256.69 42.90 29.08 0 0.545163 1000.28 409.05 41.11 33.56 0 0.542468 1284.39 322.50 44.86 32.10 0 0.540291 1312.84 373.95 46.85 35.61 0 0.538020 1171.35 182.09 31.02 26.13 0 0.535122 1361.08 327.42 47.07 36.21 0 0.534627 1206.25 389.16 43.75 35.52 0 0.534443 1350.14 264.07 41.77 28.77 0 0.533489 1090.88 331.95 41.93 32.11 0 0.532395 1372.20 321.05 44.81 38.33 0 0.531220 1099.54 489.82 44.56 38.18 0 0.531210 1215.54 226.50 42.09 31.48 0 0.530420 1186.02 408.39 43.24 32.17 0 0.522887 1318.95 287.21 45.07 31.25 0 0.522877 338.24 824.95 50.70 55.23 0 0.522650 1312.07 385.92 44.31 37.63 0 0.521012 1085.61 501.94 40.85 35.27 0 0.517939 1125.32 300.23 40.97 32.00 0 0.517364 1049.57 521.13 50.49 31.53 0 0.517027 1236.17 362.86 53.01 33.48 0 0.517026 1165.57 508.55 44.28 41.47 0 0.514589 973.54 433.39 42.97 33.83 0 0.514439 1144.97 281.63 43.27 31.76 0 0.513481 815.67 337.36 43.82 30.82 0 0.509631 1095.33 325.30 45.55 34.67 0 0.506395 897.89 630.35 44.99 54.35 1 0.506393 1295.91 311.66 43.71 30.48 0 0.500656 1223.55 367.36 49.55 37.09 0 0.498513 1320.67 280.56 44.84 32.44 0 0.497619 1194.76 179.28 34.08 26.43 0 0.493223 1312.77 293.06 44.95 32.25 0 0.492224 954.70 438.66 44.04 29.82 0 0.485946 1239.29 201.78 38.15 28.93 0 0.481642 1239.05 351.94 51.00 34.32 0 0.479660 1151.30 535.84 41.77 40.57 0 0.476983 1275.56 331.41 43.92 33.48 0 0.473742 815.05 330.71 42.40 29.81 0 0.472642 1139.99 446.15 46.15 33.09 0 0.472436 1329.00 273.50 46.04 32.16 0 0.468189 1140.54 289.88 40.46 31.32 0 0.465970 907.61 639.23 41.25 50.42 1 0.464795 752.12 312.28 38.87 27.75 0 0.461182 370.64 873.18 56.43 62.04 0 0.461134 1259.17 343.77 45.76 31.40 0 0.456873 1129.66 450.23 46.79 32.04 0 0.456798 1140.04 547.11 38.70 37.69 0 0.455743 1041.31 378.64 38.61 32.79 0 0.455314 1200.34 230.53 43.16 31.43 0 0.454185 1274.53 325.61 46.35 33.27 0 0.452749 466.29 1005.76 60.05 69.71 0 0.452315 1056.26 524.87 44.90 35.00 0 0.447044 1033.78 375.32 42.05 33.72 0 0.437613 1240.47 358.37 49.91 33.61 0 0.433200 1173.62 496.80 39.80 40.37 0 0.425727 753.79 307.79 39.84 27.64 0 0.424251 1076.28 510.74 44.92 37.47 0 0.421435 1211.90 177.39 34.97 25.71 0 0.418747 86.64 706.96 41.85 36.35 0 0.408645 1008.51 402.82 38.27 32.21 0 0.404482 1298.24 303.50 44.87 31.51 0 0.393066 1047.65 548.93 42.94 33.00 0 0.392280 1059.36 361.50 38.33 30.36 0 0.391015 1320.02 383.95 44.41 34.78 0 0.386743 1390.76 302.63 41.05 30.85 0 0.384519 1291.13 400.24 41.90 33.76 0 0.380955 1207.94 240.77 39.89 28.19 0 0.373504 1022.81 388.68 37.98 32.22 0 0.371745 444.55 1016.50 60.29 62.41 0 0.369341 1038.91 536.46 47.89 33.80 0 0.367424 105.87 692.62 40.43 40.52 0 0.351384 1321.00 369.92 45.24 38.00 0 0.340732 131.26 673.88 42.13 40.08 0 0.312312 1214.54 158.03 40.24 27.47 0 0.311431 1156.63 517.51 46.35 40.13 0 0.307070 1186.51 496.36 39.39 37.26 0 0.304384 854.78 305.61 38.82 33.53 0 0.304115 46.39 733.08 41.10 41.67 0 0.301759 1044.93 800.34 33.25 30.89 3 0.299763 1270.46 401.31 37.75 32.13 0 0.295613 447.81 1010.19 73.08 69.33 0 0.294982 308.13 782.62 46.95 53.05 0 0.282357 119.89 685.03 39.47 41.31 0 0.277292 1150.97 423.76 47.57 32.27 0 0.273274 803.54 353.50 44.55 33.93 0 0.272937 1227.29 354.54 55.29 38.26 0 0.270784 56.56 726.72 39.20 40.99 0 0.266704 1201.77 160.74 39.24 26.76 0 0.265421 38.25 736.69 40.83 42.08 0 0.263450 1155.48 284.07 41.39 30.52 0 0.257291 822.23 331.55 41.34 27.14 0
118,0.678083 908.18 561.77 22.93 48.94 0 0.669021 1751.83 699.79 35.78 50.60 0 0.668340 597.15 450.32 23.66 43.20 0 0.668226 580.42 570.77 24.86 44.81 0 0.665232 1672.29 454.52 32.01 44.40 0 0.658609 959.56 390.12 18.94 40.49 0 0.656175 939.77 559.90 22.49 47.07 0 0.655112 1728.52 634.89 34.83 48.81 0 0.651965 966.66 561.46 24.54 45.37 0 0.650269 701.72 560.31 24.39 46.59 0 0.631678 674.69 560.56 23.33 47.06 0 0.630404 1012.76 393.63 19.85 39.00 0 0.627038 736.51 447.37 23.16 44.46 0 0.620956 819.69 447.53 24.23 45.34 0 0.617256 978.51 755.36 26.33 60.65 0 0.617179 791.01 565.76 22.69 47.22 0 0.616004 987.60 391.98 19.53 39.83 0 0.610876 906.58 449.09 20.99 45.16 0 0.605026 820.68 566.51 23.14 45.71 0 0.604774 603.75 397.56 21.80 42.40 0 0.603194 1080.11 835.21 27.08 51.63 0 0.600389 768.10 399.01 22.10 42.31 0 0.597825 652.58 450.48 23.56 41.61 0 0.594773 962.72 438.59 21.06 44.17 0 0.594395 760.23 565.66 23.39 47.19 0 0.593016 849.48 392.05 20.93 40.66 0 0.592436 521.03 567.05 25.08 47.10 0 0.586084 575.97 633.62 24.48 50.36 0 0.581415 641.53 564.45 24.82 48.28 0 0.580207 989.94 441.97 23.93 44.49 0 0.577759 609.36 571.95 24.88 45.98 0 0.577146 680.43 451.46 21.46 42.18 0 0.575032 766.90 448.75 21.70 44.70 0 0.571704 548.06 396.78 22.35 43.04 0 0.569822 510.34 625.68 24.40 48.79 0 0.565803 714.59 394.06 21.22 42.92 0 0.558624 1661.80 262.81 21.90 33.73 0 0.556804 878.35 563.11 23.82 48.76 0 0.544833 625.10 448.37 22.71 45.33 0 0.538032 630.74 397.04 21.71 42.35 0 0.535399 739.74 394.81 19.71 41.88 0 0.534630 1189.91 131.71 28.82 28.76 0 0.533882 792.14 448.42 23.25 46.61 0 0.528854 998.40 565.88 23.97 45.00 0 0.528109 1027.79 565.76 22.26 46.74 0 0.522413 1611.48 252.80 21.19 34.27 0 0.516135 567.61 452.50 23.42 44.35 0 0.510816 1638.92 355.16 27.57 36.58 0 0.504895 822.22 397.48 20.40 40.90 0 0.498896 729.02 560.46 24.68 50.39 0 0.497425 848.88 449.08 22.07 44.99 0 0.492132 1522.49 277.16 41.92 19.50 0 0.486857 556.84 570.10 20.46 44.82 0 0.481190 1215.39 441.04 24.56 61.25 1 0.478055 877.90 449.69 24.10 44.43 0 0.476540 931.28 397.71 20.98 40.29 0 0.466981 1073.18 748.25 28.31 60.33 0 0.463368 1040.71 757.31 26.61 55.81 0 0.460277 1709.70 332.88 31.13 45.88 1 0.458603 796.58 400.26 20.06 40.64 0 0.456278 1709.15 567.43 32.83 55.83 0 0.455669 1510.06 247.86 44.32 20.79 0 0.455512 542.90 626.89 25.08 48.69 0 0.455438 537.35 454.13 26.19 43.72 0 0.433149 1451.03 34.85 40.50 18.13 0 0.419112 903.11 394.59 22.68 41.32 0 0.400004 1018.26 445.83 25.24 44.76 0 0.353646 882.62 394.97 20.61 38.80 0 0.353024 711.47 446.39 22.50 44.12 0 0.345406 1733.22 638.69 34.47 47.78 0 0.344297 558.22 328.80 11.68 17.91 3 0.318463 1187.94 140.07 29.73 32.37 0 0.316986 1444.65 33.71 43.23 20.97 0 0.316543 1516.12 234.03 38.34 21.47 0 0.296163 1410.05 0.00 23.32 23.27 0 0.294042 705.52 329.55 11.32 17.87 3 0.279786 1408.69 0.00 23.96 27.13 0 0.274737 1015.35 398.55 19.41 38.11 0 0.268476 1046.11 438.14 24.42 44.27 0 0.266748 1023.12 441.40 24.71 46.70 0 0.266642 612.12 568.94 28.19 45.62 0 0.255999 1507.27 228.04 44.14 21.23 0
119,0.638984 528.42 409.71 178.58 70.53 0 0.605954 1208.27 363.17 212.25 80.60 0 0.598459 249.50 421.52 189.28 71.26 0 0.592826 994.18 384.01 174.18 66.75 0 0.447537 1798.43 347.43 121.57 63.07 0 0.393515 1827.59 350.17 92.41 57.80 0 0.352745 1784.87 358.95 111.71 51.16 0 0.269200 252.58 406.80 214.03 78.16 0
120,0.537480 1330.51 704.07 46.61 24.60 0 0.450057 1202.52 326.41 23.30 16.47 0 0.445131 613.38 774.90 40.22 22.79 0 0.436265 780.42 687.39 38.26 22.45 0 0.419653 662.33 749.92 44.17 22.71 0 0.399619 814.60 668.01 37.91 24.17 0 0.386542 922.98 507.64 29.06 27.55 1 0.385432 714.82 724.49 39.35 25.63 0 0.344037 924.06 501.47 32.93 27.46 1 0.342986 413.58 807.27 43.80 33.39 0 0.316078 1758.07 531.42 19.70 40.10 1 0.280575 772.46 690.21 35.99 25.07 0 0.277527 1035.43 554.26 25.02 26.23 0 0.267800 1429.43 245.16 33.76 21.23 0 0.259111 719.85 716.38 36.13 26.28 0
121,0.442850 790.90 617.68 35.92 13.49 0 0.349052 1007.37 572.57 32.63 12.56 0 0.340718 1099.78 573.76 26.46 15.87 0 0.320737 1034.65 591.90 28.36 12.02 0
122,0.620829 1280.96 640.26 46.15 54.54 0 0.603256 1380.80 646.72 49.70 54.44 0 0.602178 1573.14 647.96 57.58 57.54 0 0.574679 1330.73 642.95 43.11 57.04 0 0.572726 1519.69 661.18 52.78 54.40 0 0.518550 1188.61 633.65 49.56 55.29 0 0.506700 627.63 621.56 85.14 48.11 0 0.446910 912.50 770.57 82.18 36.00 0 0.418152 757.74 364.39 37.79 30.42 0 0.371930 870.59 519.03 36.43 55.43 0 0.325423 910.93 517.73 31.28 54.15 0 0.316954 835.19 488.99 35.36 36.62 0 0.279762 912.84 510.12 31.42 52.74 0 0.254422 1133.12 623.03 30.35 46.25 0
123,0.651937 13.01 598.93 34.16 59.22 0 0.647330 70.06 119.23 36.15 65.81 0 0.621574 841.89 390.33 33.86 61.42 0 0.615628 116.24 678.66 31.91 58.94 0 0.594265 839.92 627.73 34.62 67.69 0 0.575248 839.31 539.90 33.67 63.16 0 0.574854 856.32 72.74 28.86 56.96 0 0.568038 111.18 592.07 32.42 61.03 0 0.562129 77.08 201.37 30.98 63.84 0 0.561967 301.34 218.87 35.01 78.59 1 0.559226 850.13 230.03 30.58 60.92 0 0.556439 39.71 202.77 30.05 56.92 0 0.556122 10.27 361.13 34.74 63.29 0 0.545988 44.14 363.80 33.69 58.76 0 0.544146 842.85 461.38 32.92 64.56 0 0.528815 294.51 13.41 14.79 27.36 3 0.520614 107.62 196.23 33.05 61.74 0 0.501162 33.93 120.64 32.95 60.57 0 0.493287 79.18 366.42 35.01 57.57 0 0.491632 4.36 117.75 31.10 57.16 0 0.489238 1049.32 265.92 26.87 53.91 0 0.455972 81.20 598.69 28.96 63.78 0 0.435079 7.69 198.80 30.48 58.90 0 0.406717 337.08 12.65 19.37 27.90 3 0.389597 306.24 212.91 35.87 85.12 1 0.319191 310.52 207.51 32.74 53.33 1 0.310671 4.55 361.24 33.37 61.69 0
124,0.666657 1112.02 627.93 62.69 34.40 3 0.663159 707.04 452.18 80.22 113.64 0 0.623876 658.15 569.28 90.79 132.56 0 0.579839 478.36 989.44 122.09 90.56 0 0.540231 548.55 812.78 115.20 177.15 0 0.526605 1117.20 529.73 57.57 31.23 3 0.509889 1116.54 605.68 62.08 32.15 3 0.476648 1118.17 584.06 57.63 32.50 3 0.462027 1124.89 487.09 54.93 32.32 3 0.444094 754.98 385.49 58.67 30.61 3 0.438756 799.21 294.30 43.41 24.74 3 0.432327 1088.44 988.39 74.54 37.79 3 0.412214 760.77 365.00 61.43 36.46 3 0.405380 765.00 360.37 56.28 29.10 3 0.399961 1098.41 978.80 67.64 33.80 3 0.396467 1128.33 471.77 54.46 30.68 3 0.392031 1122.68 514.23 54.90 32.21 3 0.391567 790.24 319.70 46.13 30.57 3 0.356007 794.51 296.67 46.50 32.05 3 0.300500 747.87 413.28 51.84 33.92 3 0.285776 802.99 282.41 41.13 23.63 3 0.275570 749.74 383.32 59.98 38.23 3 0.260231 768.07 354.56 59.32 29.35 3
125,0.699193 745.58 281.75 35.54 19.97 1 0.610718 1240.19 654.56 50.01 51.67 0 0.608210 1216.01 362.26 52.08 32.64 1 0.606336 751.77 587.58 57.79 29.76 0 0.593060 1138.07 461.43 33.09 29.91 0 0.589703 1050.02 290.11 23.98 18.15 0 0.572713 1181.93 549.69 43.48 39.01 0 0.566697 914.05 208.09 26.20 15.51 0 0.562902 981.45 401.09 26.84 30.95 0 0.561961 846.14 327.98 31.92 14.75 0 0.552686 822.02 231.99 28.37 15.80 0 0.510594 1005.17 191.98 21.24 14.96 0 0.504481 1063.71 313.32 26.27 21.19 0 0.489394 1067.85 327.88 28.21 21.25 0 0.433477 1085.29 360.13 27.24 24.37 0 0.415026 842.52 308.89 30.11 15.81 0 0.410442 855.93 113.28 18.83 12.22 0 0.408096 798.96 208.03 27.13 15.84 0 0.406844 1045.50 291.30 26.84 18.96 0 0.392079 1019.09 181.81 18.80 14.44 0 0.358029 854.30 96.94 17.83 10.42 0 0.350523 1101.61 368.38 31.17 30.05 1 0.343435 745.47 284.88 36.64 20.76 1 0.332380 836.50 181.98 21.27 12.16 0 0.294755 1208.98 359.58 50.78 36.56 1 0.289741 974.15 109.71 16.48 12.79 0 0.283389 836.56 282.97 30.22 16.31 0 0.262692 869.46 141.45 17.16 12.49 0 0.261094 850.68 205.32 21.50 15.34 0 0.256605 843.97 312.26 31.81 17.29 0 0.253076 839.23 62.86 13.54 11.29 0 0.251139 654.72 229.11 25.53 12.34 0
126,0.597567 1094.54 582.40 37.91 34.41 0 0.592574 1045.84 488.00 31.72 29.88 0 0.578561 1151.56 686.87 42.62 33.13 0 0.571519 954.54 310.33 23.70 20.37 0 0.562543 1115.91 378.13 50.91 35.37 1 0.526766 660.34 321.84 33.99 20.39 1 0.526420 677.22 652.27 57.19 29.58 0 0.521692 1073.89 229.42 26.93 16.02 0 0.515479 760.48 362.25 31.83 16.00 0 0.511519 757.64 343.91 29.84 16.87 0 0.510992 732.62 261.78 26.04 14.24 0 0.499446 971.00 340.99 24.85 18.96 0 0.488548 1267.51 259.45 24.64 12.81 0 0.480565 991.35 381.51 25.91 19.95 0 0.474654 993.81 400.97 39.89 31.44 1 0.471514 938.68 210.96 15.40 11.77 0 0.469862 756.88 112.28 16.53 11.18 0 0.445975 684.08 647.15 55.51 29.56 0 0.436166 908.71 211.02 16.30 11.24 0 0.395015 979.65 356.70 24.21 20.25 0 0.392871 818.58 245.61 28.55 16.90 0 0.385280 986.55 405.23 41.37 28.89 1 0.381153 1308.74 258.18 32.14 13.85 0 0.380906 732.68 213.10 24.10 13.49 0 0.379403 718.18 215.24 27.13 13.93 0 0.342435 1224.21 540.84 41.94 20.05 0 0.340979 758.37 346.48 30.59 18.41 0 0.338462 1129.57 387.05 38.22 28.36 1 0.329756 751.48 211.52 18.74 12.10 0 0.308649 1112.08 385.05 42.94 31.82 1 0.304682 1206.88 232.51 18.91 11.33 0 0.299660 1005.31 402.00 32.78 29.01 1 0.292858 861.50 208.52 20.04 12.13 0 0.277009 1146.95 684.59 40.29 35.41 0 0.271300 703.32 215.82 24.22 13.82 0 0.262747 1107.97 378.19 44.55 36.56 1 0.258702 909.02 230.44 17.34 11.85 0
127,0.683133 1407.26 862.52 33.84 60.02 0 0.664061 1506.27 866.01 30.97 63.56 0 0.657458 1340.10 872.54 35.34 61.88 0 0.631031 981.86 935.77 29.11 60.05 0 0.612115 1676.70 864.88 39.61 66.85 0 0.610179 984.28 521.38 23.69 44.50 0 0.606665 1275.37 873.59 32.12 61.89 0 0.575939 1205.52 976.71 33.46 68.72 0 0.572929 1635.74 866.11 35.75 70.42 0 0.557921 983.36 301.12 18.25 38.29 0 0.555852 1432.15 1017.29 33.92 55.35 0 0.550913 1472.60 871.23 32.19 64.57 0 0.543923 1089.46 683.90 55.52 23.75 0 0.536876 981.61 634.81 22.42 45.24 0 0.515860 1401.91 1019.39 32.13 57.89 0 0.513027 1086.94 655.18 54.56 23.60 0 0.510634 1533.76 1014.08 36.22 43.42 0 0.487402 1091.43 715.48 53.05 25.12 0 0.484052 985.54 203.46 20.65 33.54 0 0.477628 1075.66 604.20 54.92 25.52 0 0.470756 1214.75 525.10 51.39 23.99 0 0.464842 1072.21 573.69 49.11 24.26 0 0.460733 1223.17 572.55 53.71 25.14 0 0.460487 1362.64 1017.08 27.47 43.98 0 0.438346 1216.01 577.32 59.49 26.75 0 0.422364 1845.20 1008.15 43.44 36.02 0 0.417289 1083.00 628.88 51.53 23.79 0 0.416550 984.16 401.44 20.74 40.22 0 0.390248 1881.52 1005.76 35.78 38.19 0 0.387913 1069.29 402.65 44.52 20.99 0 0.384384 811.51 611.59 28.19 50.34 1 0.382376 1395.47 1018.06 33.95 56.08 0 0.368719 1882.27 1000.23 35.20 33.09 0 0.364005 1463.30 1012.89 37.25 44.62 0 0.355163 1741.70 1007.09 45.54 72.91 0 0.335306 813.82 608.29 28.25 47.31 0 0.331460 1072.79 588.75 51.88 21.80 0 0.330323 1063.43 422.09 52.08 24.51 0 0.329809 1050.46 178.11 36.57 19.17 0 0.302776 1216.74 532.23 52.75 24.39 0 0.296758 1078.93 422.68 47.91 25.14 0 0.288866 985.34 211.22 20.11 33.94 0 0.256213 1074.76 284.78 32.75 21.90 0 0.252327 1090.76 347.66 29.49 22.07 0
128,0.643431 553.87 666.11 12.17 17.52 2 0.512732 574.76 629.87 11.28 13.46 2 0.497274 58.08 27.78 52.77 24.47 0 0.496555 67.77 532.39 15.21 18.21 2 0.431885 521.93 85.50 25.47 30.14 0 0.394038 506.92 66.16 32.33 30.99 0 0.386621 56.46 30.74 53.17 26.64 0 0.370791 201.34 649.88 15.68 13.33 2 0.363242 506.45 63.75 29.47 25.14 0 0.341861 906.77 596.06 19.13 15.95 2 0.335052 234.39 510.21 14.04 14.25 2 0.304606 651.57 643.09 15.77 14.37 2 0.294772 171.66 565.87 13.91 13.89 2 0.272263 101.42 632.47 12.24 14.51 2 0.269910 161.82 684.60 18.27 16.19 2 0.269121 167.34 446.70 14.29 16.42 2 0.268558 115.24 679.37 15.26 11.81 2 0.261264 652.87 637.07 14.38 16.65 2 0.251757 69.32 537.51 12.69 18.77 2
129,0.562637 1196.83 421.07 160.46 90.49 0 0.517918 1521.92 287.01 139.19 87.82 0 0.517037 779.88 617.38 117.95 140.26 0 0.504741 1209.90 390.17 150.41 99.00 0 0.460020 1384.62 341.43 146.15 87.92 0 0.449525 1662.12 249.19 75.48 65.08 0 0.401413 1220.99 385.60 138.06 82.59 0 0.375524 893.02 623.75 142.19 177.56 0 0.314697 1876.61 409.53 43.39 77.17 0 0.308240 612.05 556.10 141.94 180.78 0
130,0.732155 1116.86 390.86 32.71 56.26 1 0.605937 1135.90 205.46 27.85 35.88 0 0.600175 1124.85 304.22 24.16 32.36 0 0.567423 1267.95 420.11 67.11 43.03 1 0.564698 1122.42 349.92 25.08 35.47 0 0.556339 739.89 134.48 38.39 34.17 1 0.547702 574.16 678.87 60.31 32.67 0 0.484611 1131.02 262.74 28.56 35.28 0 0.475677 875.61 51.45 39.47 22.01 0 0.470551 1094.55 557.67 29.63 50.96 0 0.450681 837.94 244.75 38.94 25.78 0 0.440249 743.12 138.27 37.39 35.15 1 0.437412 406.98 95.65 14.14 16.44 2 0.401786 747.75 138.53 39.19 31.29 1 0.398294 842.61 218.48 44.62 23.32 0 0.363840 1119.57 356.02 28.08 37.12 0 0.362602 876.54 48.82 38.32 20.01 0 0.361665 1251.55 589.24 36.19 72.87 1 0.352188 1250.32 593.65 37.67 103.70 1 0.346771 568.99 672.49 61.29 35.13 0 0.344439 835.57 249.00 36.64 24.90 0 0.307684 403.43 180.35 10.02 14.86 2 0.290253 422.44 162.72 10.93 13.69 2 0.284801 421.91 130.90 12.66 16.09 2 0.280103 441.96 162.97 8.80 12.88 2 0.272671 474.97 128.69 10.13 13.45 2 0.269896 573.03 174.89 11.94 14.39 2 0.263568 525.76 145.53 8.45 10.01 2 0.263480 865.76 137.93 30.39 24.25 0 0.261555 556.11 158.12 10.84 12.67 2
131,0.600904 857.54 336.40 25.25 39.67 0 0.484131 1756.27 762.37 70.64 29.14 0 0.480956 1443.22 759.03 59.23 25.05 0 0.461840 1297.98 1043.48 63.42 25.85 0 0.354517 1012.36 867.95 48.45 25.86 0 0.314261 977.85 65.05 40.61 16.22 0 0.283620 1055.76 714.98 57.35 27.37 0 0.261686 680.48 966.76 46.41 23.77 0 0.261165 998.64 835.23 67.98 32.52 0
132,0.633354 277.99 225.75 105.51 59.77 0 0.599506 1232.43 279.06 60.74 48.63 0 0.599197 1434.53 341.69 70.18 61.68 0 0.593364 93.18 71.90 85.56 51.42 0 0.588145 979.15 195.11 58.23 45.58 0 0.587599 1351.18 314.35 65.46 50.00 0 0.586973 132.94 248.56 111.48 70.42 0 0.581108 511.27 164.68 88.26 58.42 0 0.578515 1072.63 230.53 59.50 45.89 0 0.574809 1306.65 423.11 129.01 77.50 0 0.571227 395.09 391.17 127.97 85.28 0 0.561316 190.66 73.78 94.52 45.76 0 0.551508 1616.00 543.10 137.46 71.22 0 0.548045 200.28 192.81 102.40 53.41 0 0.546084 1159.52 361.79 128.66 81.30 0 0.542275 764.35 201.73 94.26 60.18 0 0.540024 10.59 673.09 165.35 108.94 0 0.535807 238.19 288.39 118.99 77.67 0 0.534886 619.88 209.47 85.12 58.87 0 0.530226 126.51 516.53 161.86 104.17 1 0.529273 29.32 198.48 106.64 66.57 0 0.527281 75.51 142.56 126.83 60.62 0 0.509104 434.97 130.88 86.84 58.86 0 0.501307 0.77 457.73 147.45 78.94 0 0.498757 0.00 102.64 64.29 51.12 0 0.495827 266.50 318.67 124.00 83.33 0 0.493866 1496.89 497.36 100.30 70.28 0 0.479077 396.72 117.78 94.11 53.29 0 0.475016 5.83 465.51 129.65 83.72 0 0.473419 0.00 420.57 128.37 63.59 0 0.473198 88.25 150.32 128.96 61.14 0 0.460751 265.53 293.01 116.48 87.20 0 0.451161 521.96 157.32 92.27 53.94 0 0.439423 1302.74 414.04 119.80 69.71 0 0.433888 580.06 185.47 58.23 59.04 0 0.428672 1152.03 247.20 59.44 42.60 0 0.424000 392.77 124.12 80.09 55.08 0 0.420011 103.88 535.07 180.28 107.14 1 0.415616 574.57 194.96 60.39 56.24 0 0.408173 107.78 144.24 113.42 55.23 0 0.404490 1466.66 488.53 130.79 83.36 0 0.404115 565.20 172.44 65.97 54.59 0 0.403117 0.00 394.58 100.13 53.73 0 0.395751 252.99 936.17 35.01 61.49 2 0.392985 411.09 112.96 86.56 43.91 0 0.390883 0.00 369.45 65.60 47.51 0 0.386304 1615.85 537.54 124.16 63.74 0 0.375627 150.38 520.69 146.86 88.85 1 0.375444 1048.80 213.44 54.23 48.06 0 0.372820 1612.30 545.49 156.58 85.00 0 0.366599 91.22 133.96 123.97 57.76 0 0.354211 231.11 300.83 133.96 77.96 0 0.352368 233.58 302.65 95.97 73.25 0 0.347856 8.38 662.65 180.63 97.99 0 0.345946 483.43 38.75 22.77 24.71 3 0.341772 82.85 506.56 116.82 83.47 0 0.339999 1456.73 467.89 90.80 54.59 0 0.334443 426.20 139.84 83.30 49.25 0 0.333593 1163.57 353.63 116.72 65.77 0 0.330449 71.04 148.23 102.51 57.74 0 0.319340 1066.41 221.43 68.92 51.88 0 0.308014 0.00 400.94 110.10 56.43 0 0.306918 223.53 200.24 92.42 45.48 0 0.300019 276.41 294.05 109.81 65.57 0 0.293587 1451.33 466.94 132.71 74.86 0 0.291924 352.75 759.40 60.88 58.70 3 0.288802 95.74 503.44 178.98 76.18 0 0.281314 76.69 512.07 168.60 86.17 0 0.270441 80.33 519.61 123.71 87.36 0 0.270061 1448.73 470.31 110.21 61.47 0 0.259833 0.00 432.81 140.60 88.47 0 0.250288 416.80 127.95 100.95 56.03 0
133,
134,0.681996 502.19 272.74 21.10 38.05 0 0.672651 674.69 416.02 21.73 42.56 0 0.657442 308.93 430.85 22.51 40.79 0 0.652117 722.25 585.90 26.70 51.57 0 0.642673 679.75 309.08 23.20 41.77 0 0.631798 534.98 418.54 24.64 45.88 0 0.629094 656.37 265.28 19.56 41.79 0 0.627104 575.12 313.67 20.44 45.21 0 0.625923 631.32 264.41 19.31 39.70 0 0.618159 292.93 484.72 26.40 43.11 0 0.614918 601.92 315.57 21.99 43.16 0 0.614889 580.75 263.94 20.08 38.62 0 0.609747 411.20 318.61 23.50 40.41 0 0.608615 505.99 419.48 24.07 44.17 0 0.607082 289.54 275.60 26.22 36.93 0 0.601517 451.11 269.96 21.51 36.53 0 0.598974 662.07 588.16 28.06 53.43 0 0.598974 644.97 415.64 22.59 42.86 0 0.594800 478.78 422.14 22.70 40.55 0 0.593342 617.32 417.01 22.53 42.68 0 0.591646 550.23 266.15 20.62 40.34 0 0.591284 335.71 430.09 22.60 43.58 0 0.590427 265.13 484.08 24.49 43.20 0 0.582959 1322.98 125.24 19.13 37.52 0 0.581253 607.29 264.02 18.94 39.32 0 0.575309 701.86 417.08 23.31 42.33 0 0.567560 545.36 311.46 21.56 44.52 0 0.564065 282.96 430.94 22.65 39.66 0 0.561843 1389.39 465.81 30.66 49.91 0 0.556237 343.31 276.19 23.60 35.40 0 0.555654 630.57 313.85 20.00 42.41 0 0.550922 236.41 482.38 26.56 44.06 0 0.550726 439.82 319.12 21.96 38.11 0 0.549129 385.49 318.74 22.00 41.12 0 0.546509 450.47 422.06 22.85 42.40 0 0.542691 334.09 323.65 23.08 40.52 0 0.541391 306.46 319.98 22.68 43.44 0 0.538052 365.34 427.16 22.51 40.22 0 0.531701 368.71 273.94 21.85 37.29 0 0.516095 928.59 26.58 32.72 29.99 0 0.495212 474.67 270.61 21.18 38.06 0 0.485223 1337.36 214.07 22.91 40.41 0 0.459221 927.05 19.40 34.53 29.32 0 0.458626 279.75 326.34 25.15 41.18 0 0.446518 360.99 321.31 21.20 40.00 0 0.444678 1225.28 154.04 45.45 20.14 0 0.436130 499.61 319.99 22.33 40.04 0 0.435191 734.69 307.49 23.76 41.41 0 0.434880 590.35 415.76 23.71 41.89 0 0.433429 1359.02 308.20 24.26 40.81 0 0.430086 532.29 271.23 17.42 38.27 0 0.414565 393.52 424.24 25.25 40.19 0 0.408661 1399.11 521.15 29.15 48.61 0 0.406302 753.51 652.83 25.58 51.13 0 0.405057 475.98 317.39 23.00 40.23 0 0.396911 252.72 430.60 27.80 40.70 0 0.396466 682.13 262.52 22.71 38.03 0 0.395820 764.66 301.82 20.93 41.91 0 0.390320 1231.04 115.22 41.81 21.02 0 0.390051 247.64 431.51 26.95 37.16 0 0.382393 1378.55 404.16 28.35 51.64 0 0.376611 520.87 315.84 20.78 42.21 0 0.369127 729.53 418.70 23.91 41.37 0 0.367820 465.62 317.27 26.39 39.46 0 0.364886 706.30 307.73 22.02 39.38 0 0.350013 461.37 209.63 10.91 18.70 3 0.322406 753.12 581.63 27.77 52.80 0 0.307250 274.21 325.88 27.50 43.38 0 0.306589 1226.43 128.27 45.52 20.48 0 0.305716 1228.13 111.42 45.52 20.95 0 0.291166 921.91 304.31 24.99 54.78 1 0.277235 654.12 261.17 20.16 40.04 0 0.272305 421.64 419.94 23.98 41.62 0 0.269531 607.22 261.36 21.05 34.69 0 0.267735 294.71 212.09 12.86 19.74 3 0.257313 237.95 476.82 28.11 41.75 0
135,0.595356 1133.72 104.44 33.13 21.25 0 0.525069 857.58 676.30 19.00 27.09 2 0.449772 1180.82 108.32 27.86 19.75 0 0.429928 592.54 683.73 16.24 18.87 2 0.423963 1054.13 99.82 25.23 24.04 0 0.413646 592.04 689.30 18.42 19.76 2 0.389065 1086.92 100.66 38.68 21.46 0 0.360319 894.91 278.82 17.25 20.26 2 0.354989 1176.03 108.14 27.87 18.88 0 0.351902 1053.98 96.15 23.07 23.04 0 0.321497 845.06 258.42 16.05 20.29 2 0.313642 454.79 0.00 59.00 24.16 0 0.309321 763.26 3.39 21.74 45.12 3 0.303619 1089.44 98.14 30.73 20.51 0 0.264515 315.95 644.01 18.39 22.78 2 0.263998 279.79 391.80 16.82 21.10 2 0.255323 710.73 685.16 18.25 19.58 2
136,0.671944 382.86 65.96 27.30 51.80 0 0.643329 1197.71 463.31 23.03 56.07 0 0.639800 1099.84 385.51 25.24 54.10 0 0.633517 1226.79 581.82 24.56 51.17 0 0.629876 1197.12 386.70 24.20 50.61 0 0.617958 1123.90 825.82 25.50 47.96 0 0.615933 445.31 180.20 28.66 58.89 0 0.614568 326.24 57.74 30.46 60.56 0 0.614242 939.38 388.90 25.91 53.15 0 0.613451 1074.05 466.00 24.78 57.03 0 0.610980 1053.50 798.07 24.01 52.63 0 0.609947 382.93 185.69 33.93 57.24 0 0.609841 1080.99 819.63 29.97 57.02 0 0.609689 907.65 391.88 24.79 54.23 0 0.608012 422.89 310.33 29.43 53.80 0 0.607713 854.89 476.82 27.80 55.62 0 0.602084 1131.91 385.69 24.88 52.87 0 0.599785 1004.64 470.36 26.02 54.65 0 0.592831 974.60 387.04 24.58 49.75 0 0.590212 1271.34 462.55 24.92 55.25 0 0.588699 1134.27 460.86 23.88 54.75 0 0.588348 795.04 805.00 23.83 52.61 0 0.586771 1007.65 388.97 24.01 57.08 0 0.584616 1248.99 686.37 56.19 25.95 0 0.582065 1037.86 388.27 25.51 54.46 0 0.576669 1037.38 465.39 26.97 58.55 0 0.574356 403.34 496.47 28.54 52.19 0 0.568368 1230.05 463.97 24.22 58.24 0 0.567773 1229.11 386.79 23.67 49.06 0 0.565238 1056.39 265.11 28.21 60.46 0 0.563875 941.56 799.03 25.79 52.31 0 0.560495 1166.34 462.22 24.19 53.46 0 0.560489 1192.68 582.11 23.90 49.54 0 0.549193 1037.06 581.80 55.88 26.82 0 0.543992 462.25 308.92 29.85 54.55 0 0.540980 765.97 703.53 50.42 27.29 0 0.539001 1269.72 727.67 52.21 23.36 0 0.538729 481.59 182.68 25.49 54.66 0 0.537671 1264.82 387.72 22.73 47.71 0 0.532403 831.50 802.65 24.90 50.21 0 0.529337 1257.20 582.33 24.37 49.07 0 0.526367 303.93 503.14 31.16 58.05 0 0.521062 341.68 501.67 28.05 54.06 0 0.510295 373.13 497.56 27.25 50.94 0 0.504221 1161.33 386.47 25.89 52.86 0 0.497338 756.12 800.50 27.25 55.02 0 0.496405 751.28 666.76 52.63 26.54 0 0.487245 1303.72 460.88 26.24 54.80 0 0.486504 1021.64 805.38 25.65 49.71 0 0.483322 516.01 180.16 26.71 53.15 0 0.479956 875.28 396.41 27.85 54.65 0 0.468173 764.97 739.16 53.81 25.85 0 0.461431 601.07 297.86 31.26 57.34 0 0.432295 1110.63 589.73 52.78 22.44 0 0.407014 895.28 17.31 32.65 58.22 0 0.403253 820.04 487.96 23.76 49.96 0 0.397435 1047.62 23.60 47.99 38.93 3 0.385111 899.69 97.71 38.28 41.71 0 0.370917 793.37 202.73 27.03 60.64 0 0.369592 1195.56 378.22 23.40 50.21 0 0.285628 906.60 90.05 40.05 38.28 0 0.275480 764.43 743.37 51.26 27.53 0 0.270502 1054.06 63.66 49.31 54.04 0 0.267456 1226.86 380.26 23.35 51.46 0
137,0.606592 840.69 534.15 58.62 30.75 1 0.457892 557.20 488.34 22.14 18.91 0
138,0.698585 1108.96 378.69 31.93 50.07 1 0.582888 567.18 655.96 62.31 33.38 0 0.528354 1122.87 249.22 25.78 32.66 0 0.521201 1084.91 538.96 29.19 48.11 0 0.515419 1116.24 289.65 27.59 31.94 0 0.499725 117.16 198.55 15.33 18.52 2 0.496341 1259.04 401.00 67.28 43.98 1 0.492585 1129.74 194.69 22.05 35.36 0 0.482862 835.76 207.59 39.18 21.67 0 0.461992 1113.64 332.66 27.97 36.40 0 0.460687 738.78 125.39 38.98 32.81 1 0.460602 65.81 111.94 17.17 16.09 2 0.454785 1068.40 690.18 33.28 29.82 0 0.444604 871.77 41.76 35.35 18.67 0 0.421081 1241.00 569.43 38.07 101.97 1 0.406139 744.85 129.62 36.50 33.03 1 0.389984 830.61 235.09 34.96 24.13 0 0.385639 116.70 201.91 16.64 19.13 2 0.350501 736.20 123.94 35.39 23.85 1 0.348255 1242.90 571.72 36.34 73.27 1 0.317677 832.66 230.91 35.70 24.04 0 0.317433 942.24 92.53 15.38 12.28 3 0.292369 404.03 78.26 12.22 17.27 2 0.290772 434.45 0.24 16.03 20.05 2 0.285964 555.51 146.70 10.86 9.64 2 0.274824 441.51 682.73 12.97 14.13 2 0.260344 365.80 4.59 16.34 28.15 2 0.258134 406.75 145.82 7.40 12.49 2 0.250888 1112.88 336.61 27.33 40.21 0
139,0.682266 449.62 635.28 56.15 26.50 0 0.677171 835.95 191.32 26.09 55.26 0 0.655383 769.83 557.16 26.08 52.81 0 0.652460 477.12 543.60 24.93 45.13 0 0.651678 572.23 117.29 29.51 56.26 0 0.645838 910.99 186.68 25.21 57.54 0 0.634448 670.41 116.76 28.63 55.08 0 0.633364 869.57 189.88 26.66 59.34 0 0.621548 643.22 202.26 26.30 56.56 0 0.615055 590.15 534.97 28.20 52.37 0 0.612999 766.89 111.03 26.56 54.87 0 0.607473 836.56 309.41 22.97 49.15 0 0.604935 522.31 535.26 24.88 50.52 0 0.603066 668.91 540.44 26.25 51.72 0 0.601642 541.73 122.27 26.87 54.31 0 0.596031 773.53 189.50 25.05 52.82 0 0.594917 700.48 534.04 25.58 50.80 0 0.589758 710.87 192.87 27.00 58.70 0 0.588704 832.97 108.79 25.10 55.11 0 0.588684 676.87 198.09 27.10 59.46 0 0.582931 867.79 106.68 24.66 57.47 0 0.580557 437.31 546.97 25.19 47.83 0 0.577142 901.27 106.77 26.10 54.14 0 0.565569 901.09 307.12 26.71 50.77 0 0.565316 50.93 56.06 28.57 57.19 0 0.563852 91.33 56.40 26.08 48.09 0 0.559767 735.51 113.37 25.21 53.53 0 0.555692 868.68 306.61 26.98 53.78 0 0.546683 397.87 543.35 28.34 51.32 0 0.542858 607.32 111.08 26.87 55.86 0 0.542107 797.71 107.25 26.47 57.30 0 0.540242 805.39 191.34 26.43 54.85 0 0.538851 893.36 413.06 56.15 25.74 0 0.537361 638.56 117.32 25.36 56.20 0 0.531847 491.46 214.81 28.61 57.22 0 0.521980 454.49 217.00 28.90 58.27 0 0.502862 509.27 136.68 28.25 50.26 0 0.471766 1862.91 788.30 55.44 25.17 0 0.468130 690.48 0.00 27.80 49.31 0 0.463634 944.35 182.69 27.04 57.20 0 0.462497 341.29 20.86 31.27 51.35 0 0.452364 731.50 553.31 28.09 55.28 0 0.447304 405.84 442.94 33.04 26.03 0 0.423168 407.92 483.87 43.28 26.25 0 0.373563 914.34 448.90 50.54 25.74 0 0.354776 677.29 312.94 56.42 27.83 0 0.354249 229.96 35.04 31.24 41.57 0 0.339638 230.63 44.04 28.58 43.66 0 0.290561 412.63 482.22 42.90 25.35 0 0.272425 392.18 404.42 48.44 25.75 0 0.259628 935.79 447.98 41.77 27.59 0
140,0.647871 839.49 752.22 54.91 26.01 0 0.635563 825.11 848.95 57.36 31.60 0 0.631985 666.89 939.64 58.45 30.44 0 0.625401 671.29 871.77 63.52 31.44 0 0.609303 674.27 746.41 51.55 26.81 0 0.607000 658.26 1039.63 63.14 32.76 0 0.598879 589.76 875.71 57.01 29.96 0 0.594212 597.81 946.61 51.18 27.31 0 0.593759 603.16 844.90 54.07 26.94 0 0.593172 353.83 2.38 32.62 60.43 0 0.590263 448.60 12.24 34.46 62.48 0 0.588908 606.32 713.45 53.66 26.97 0 0.586833 832.79 784.62 57.42 28.38 0 0.585545 824.74 945.36 59.63 32.11 0 0.577595 582.42 1039.80 56.61 25.63 0 0.572815 679.68 711.48 57.73 29.58 0 0.572185 820.46 1014.08 55.96 29.73 0 0.572153 596.57 781.51 49.74 27.11 0 0.552277 386.96 4.27 29.95 61.99 0 0.550820 674.31 842.15 61.30 29.15 0 0.549931 663.26 1010.20 62.54 28.68 0 0.547261 693.75 470.09 69.26 34.72 1 0.543090 1071.17 726.40 59.60 28.76 0 0.517969 672.73 679.94 60.60 29.24 0 0.513083 664.24 778.83 58.75 30.40 0 0.496369 590.05 976.28 56.60 28.50 0 0.494841 1155.42 696.48 55.58 26.28 0 0.483486 831.12 820.52 55.31 28.60 0 0.461653 601.27 747.72 52.04 26.53 0 0.459667 416.18 11.67 32.90 60.87 0 0.458299 604.76 813.59 50.50 26.68 0 0.453872 819.34 1046.37 58.11 29.68 0 0.447667 1066.82 790.83 62.55 30.86 0 0.433374 669.12 979.18 54.55 27.40 0 0.431232 584.82 906.24 55.92 28.19 0 0.417953 1065.07 688.59 63.62 31.02 0 0.415341 824.99 883.16 56.45 26.96 0 0.414883 844.84 716.84 53.89 26.24 0 0.409988 588.11 1008.06 58.74 28.38 0 0.408524 1885.66 30.62 34.34 26.44 0 0.403152 822.15 984.16 57.05 28.96 0 0.396612 1068.40 785.44 58.09 29.63 0 0.393436 669.55 908.79 61.74 26.85 0 0.378617 822.02 977.38 58.19 28.35 0 0.367593 0.00 0.00 25.97 47.55 0 0.358651 668.33 913.51 59.67 28.42 0 0.354528 846.13 721.27 52.36 26.44 0 0.331983 1068.47 694.72 58.93 28.95 0 0.330993 672.27 994.05 52.92 24.01 0 0.300984 501.82 448.87 27.76 20.34 3 0.298724 693.57 477.54 75.87 31.08 1 0.285130 582.49 871.73 57.04 30.46 0 0.284243 586.16 910.18 57.33 29.53 0 0.270817 821.95 887.09 57.65 29.37 0 0.268705 594.00 1004.23 56.48 25.03 0 0.268528 498.24 498.65 25.45 14.93 3 0.257868 601.35 821.31 54.80 26.50 0 0.251308 655.44 1045.97 59.09 30.03 0
141,0.574966 156.07 708.62 50.77 23.91 0 0.555248 1592.26 726.07 65.44 28.00 0 0.516670 863.77 716.52 62.05 27.79 0 0.498201 139.55 787.61 61.02 27.92 0 0.497753 161.53 710.34 50.91 24.60 0 0.421462 1110.20 717.10 57.75 26.94 0 0.396875 462.04 714.58 57.73 26.14 0 0.378298 139.25 792.67 60.02 29.18 0
142,0.378789 880.12 949.64 79.68 110.98 0 0.355062 833.69 797.64 61.38 107.81 1 0.261479 832.35 800.46 65.09 110.28 0 0.253281 877.61 933.75 66.74 104.51 0
143,0.593549 536.14 749.97 77.35 99.66 0 0.592149 1169.78 723.04 74.70 83.61 0 0.590317 1239.61 831.03 83.88 107.82 0 0.588266 744.68 660.68 77.10 94.85 0 0.584220 277.04 895.57 71.64 97.40 0 0.576822 210.08 917.10 88.61 112.75 0 0.575943 1137.71 889.26 76.99 98.61 0 0.575311 683.75 672.85 73.22 98.08 0 0.568704 1030.93 494.74 67.48 86.86 0 0.567168 1116.07 745.34 79.64 90.53 0 0.562183 1089.57 918.00 72.05 89.90 0 0.551160 973.54 828.57 72.29 91.13 0 0.549128 866.29 432.80 59.61 69.70 0 0.536411 438.44 818.10 68.26 97.35 0 0.533321 837.76 593.95 73.49 90.49 0 0.526440 116.55 549.98 67.75 89.17 0 0.521929 637.74 698.66 81.40 97.17 0 0.517911 932.66 866.60 72.48 93.57 0 0.516061 1062.72 767.48 79.20 100.44 0 0.513556 928.99 538.01 72.82 86.33 0 0.511610 976.66 413.14 70.45 79.94 0 0.509143 329.37 874.11 76.81 98.56 0 0.507193 712.72 965.39 79.36 104.72 0 0.506404 877.54 438.59 59.85 84.81 0 0.495733 883.49 567.23 73.61 86.89 0 0.493791 874.69 892.46 60.90 96.95 0 0.492255 590.48 729.38 81.99 100.27 0 0.489911 12.92 599.29 72.44 87.99 0 0.485400 384.67 833.16 77.14 107.35 0 0.481818 923.07 418.74 64.19 76.77 0 0.475088 966.19 388.49 67.45 70.48 0 0.469036 975.11 511.62 73.21 92.79 0 0.466483 1041.16 503.06 67.82 84.02 0 0.457335 761.74 939.06 79.63 97.69 0 0.455198 809.12 909.29 78.61 105.57 0 0.454606 784.72 634.58 74.35 91.15 0 0.447872 944.14 542.40 71.63 93.47 0 0.442629 915.85 415.03 61.30 71.72 0 0.434672 945.30 1011.67 67.23 68.33 0 0.428190 1017.64 793.15 78.13 93.88 0 0.408428 661.95 994.79 67.98 85.21 0 0.404267 169.76 947.34 71.70 92.60 0 0.382117 892.97 574.59 70.22 85.73 0 0.372739 182.17 943.95 70.59 106.93 0 0.368214 669.56 680.80 84.50 109.21 0 0.351739 654.31 692.66 73.95 103.56 0 0.340276 882.84 909.49 71.39 87.30 0 0.334074 594.10 750.26 82.55 83.46 0 0.332278 785.50 953.97 69.24 93.76 0 0.328814 735.50 982.29 69.84 95.34 0 0.327757 387.91 837.99 59.05 91.81 0 0.323261 971.16 392.25 71.07 83.88 0 0.317016 594.27 726.03 64.87 91.15 0 0.315946 184.49 934.20 100.70 103.98 0 0.313042 291.60 889.20 75.43 105.72 0 0.308303 405.45 827.37 84.81 100.58 0 0.307123 693.83 670.59 78.12 98.19 0 0.306261 348.17 841.16 83.70 121.90 0 0.298918 230.47 910.11 92.57 103.22 0 0.295463 987.82 507.83 72.57 97.70 0 0.294981 1082.70 770.63 69.56 97.67 0 0.287375 895.41 552.00 68.16 96.28 0 0.275405 886.27 559.38 63.48 83.84 0 0.270819 988.77 428.87 60.56 66.27 0 0.270622 0.00 632.90 37.16 90.18 0 0.269440 735.72 947.59 88.88 112.05 0 0.262451 300.46 887.11 86.64 100.61 0 0.256384 1075.07 783.76 71.80 90.33 0 0.256286 578.37 744.59 90.28 94.42 0 0.251287 861.51 426.87 54.84 60.44 0
144,0.722157 1717.13 691.99 154.22 92.22 1 0.683482 886.64 333.75 46.34 67.89 1 0.664603 214.18 494.13 110.55 57.29 0 0.644674 1619.17 480.57 124.18 53.52 0 0.611161 657.88 330.64 41.92 21.96 3 0.597477 1468.79 478.51 128.88 56.96 0 0.576614 122.58 364.06 61.80 43.85 0 0.553368 643.55 377.58 41.11 25.75 3 0.550501 1781.77 480.45 138.00 57.48 0 0.528323 28.74 674.53 156.69 60.68 0 0.513143 18.21 622.51 65.76 40.31 3 0.493740 69.72 238.17 44.52 33.34 0 0.493726 17.65 230.41 44.40 38.91 0 0.468867 2.40 502.26 69.75 51.91 0 0.466714 172.18 232.65 58.45 32.85 0 0.466101 206.96 672.35 147.47 61.43 0 0.456063 10.16 362.65 67.78 43.79 0 0.450083 633.93 419.41 45.71 26.05 3 0.436909 0.82 363.67 52.90 44.28 0 0.385597 75.07 232.90 48.70 34.69 0 0.366134 181.63 236.03 57.02 33.46 0 0.360349 1349.30 481.20 51.42 28.15 3 0.356238 647.79 374.78 45.47 24.40 3 0.354564 667.91 1022.46 36.87 56.86 2 0.350476 666.11 1024.79 38.38 55.21 3 0.335449 641.05 436.93 40.71 27.51 3 0.315870 655.14 337.93 42.49 24.55 3 0.297795 295.46 544.03 44.79 40.14 3 0.297648 824.62 366.76 17.72 34.05 3 0.294712 1346.24 476.73 52.31 28.64 3
145,0.494023 585.64 893.54 41.30 28.02 0 0.441504 1748.22 458.02 46.46 28.66 0 0.398184 854.22 643.22 37.91 60.45 1 0.387544 537.21 985.21 35.74 50.04 0 0.384775 795.32 514.85 33.92 25.93 1 0.367971 1744.40 441.57 49.13 31.50 0 0.344696 954.07 425.49 24.20 21.89 0 0.329933 579.00 893.93 44.10 30.88 0 0.292908 534.74 990.67 32.16 51.08 0 0.275562 562.53 937.03 39.38 30.77 0
146,0.547254 1204.18 627.09 43.47 55.51 0 0.493707 1384.32 629.89 47.23 62.35 0 0.473793 1156.76 635.12 34.31 49.07 0 0.451827 1106.17 618.75 42.51 56.03 0 0.444968 1336.44 634.49 45.48 61.41 0 0.437694 1010.46 612.50 47.66 54.57 0 0.375251 811.22 500.90 35.00 48.50 0 0.358351 697.47 477.89 38.32 40.41 0 0.352859 712.55 751.15 66.80 38.16 0 0.306043 760.97 510.61 35.21 39.30 0 0.290588 444.27 602.23 100.77 50.15 0 0.260811 725.22 512.52 31.18 38.03 0
147,0.740836 905.94 674.95 37.41 37.25 3 0.662283 908.55 659.48 33.80 34.16 3 0.649406 758.26 135.76 33.48 17.24 3 0.582446 766.38 112.08 28.86 13.33 3 0.573634 786.53 13.59 29.43 16.28 3 0.501077 780.26 42.16 31.49 21.00 3 0.451522 973.47 101.32 33.92 41.71 0 0.422935 963.75 11.59 25.72 41.45 0 0.397800 1016.26 655.08 52.27 108.12 0 0.372738 768.84 86.98 25.16 15.77 3 0.324482 1016.25 544.11 46.60 91.96 0 0.311900 789.35 0.00 25.63 15.09 3 0.280295 577.67 792.40 30.62 38.78 3
148,0.777822 494.26 359.20 42.51 60.50 1 0.729544 490.66 612.33 40.56 78.42 1 0.686856 1225.33 534.97 32.85 35.93 0 0.678135 283.15 405.99 28.48 42.75 0 0.652731 301.81 523.65 29.27 49.10 0 0.646353 916.09 841.33 78.07 39.55 1 0.635415 303.99 617.61 30.72 47.60 0 0.634223 334.39 952.34 38.65 68.95 0 0.625401 662.45 321.39 50.91 24.90 0 0.616605 96.14 889.77 36.04 65.73 0 0.608854 136.37 428.38 30.19 47.43 0 0.593956 411.99 1002.21 17.40 29.71 3 0.588203 380.68 813.21 41.20 63.22 0 0.586775 768.71 304.36 48.78 19.25 0 0.586407 223.54 412.12 30.48 48.69 0 0.583205 333.12 524.23 28.73 47.94 0 0.580771 276.87 843.45 35.72 64.18 0 0.577381 1070.54 514.49 35.26 30.37 0 0.575640 241.20 681.73 34.07 52.11 0 0.574819 397.58 596.04 29.15 47.82 0 0.573847 312.98 833.44 36.04 65.41 0 0.573398 420.86 501.56 31.16 45.82 0 0.573092 474.27 911.34 34.37 65.80 0 0.571132 261.04 982.21 32.49 64.69 0 0.567425 1248.78 583.62 35.91 31.52 0 0.564000 369.13 653.66 34.68 62.04 0 0.559196 1146.50 369.01 31.04 28.99 0 0.558173 1786.93 176.09 30.76 29.94 0 0.554329 1361.34 468.03 34.29 29.91 0 0.552525 408.44 751.90 30.93 50.52 0 0.550484 1406.03 1024.42 36.83 49.77 0 0.550317 1370.14 9.87 25.77 21.80 0 0.544670 239.00 627.61 35.60 45.69 0 0.542644 827.51 872.00 68.69 34.70 0 0.540683 1298.36 181.75 22.55 25.39 0 0.539534 1457.51 868.72 67.84 53.06 0 0.538115 1206.42 492.73 35.23 34.97 0 0.532791 1238.73 400.97 37.20 20.96 0 0.529845 1816.84 614.72 49.02 31.73 0 0.528887 1181.48 443.76 30.01 31.58 0 0.521993 335.16 394.97 31.39 45.54 0 0.516543 378.42 759.86 32.14 50.21 0 0.515316 1076.28 183.16 29.06 26.50 0 0.513580 1106.14 603.46 32.93 32.52 0 0.513330 473.88 738.85 33.00 54.04 0 0.513155 144.14 558.76 32.12 49.57 0 0.511619 488.93 604.66 36.57 76.22 1 0.505526 274.59 779.10 35.48 56.63 0 0.505032 207.23 633.11 32.16 51.59 0 0.503873 1822.93 170.37 35.37 27.01 0 0.502209 0.00 496.32 22.95 47.10 0 0.501654 1246.55 11.01 28.26 18.57 0 0.501144 490.39 572.89 29.67 45.30 1 0.494277 1676.02 62.97 29.24 29.72 0 0.491576 1101.99 594.39 32.82 29.79 0 0.491244 1328.06 78.03 23.49 26.94 0 0.490963 483.04 306.55 28.20 22.30 0 0.490496 1125.21 329.46 30.33 27.03 0 0.490376 1127.46 34.45 26.02 22.29 0 0.490009 426.67 587.82 29.93 50.08 0 0.487756 364.92 604.08 29.70 41.29 0 0.487281 1705.40 89.08 28.17 27.20 0 0.485644 296.00 964.88 34.89 67.64 0 0.484285 141.38 1013.01 39.33 63.08 0 0.481745 381.33 753.81 32.35 52.83 0 0.481512 581.76 881.06 37.40 53.21 0 0.477552 1773.40 635.12 39.41 30.12 0 0.477364 1672.38 6.70 28.40 34.01 0 0.476901 1838.04 244.20 40.12 32.18 0 0.476761 1770.19 112.73 34.00 28.15 0 0.476163 1508.07 384.56 23.53 35.62 0 0.475186 447.36 378.47 30.38 44.40 0 0.474961 510.99 900.84 38.30 69.59 0 0.473848 339.46 663.67 33.39 55.40 0 0.467527 390.02 498.53 27.57 42.77 0 0.464899 1106.18 38.88 22.52 20.86 0 0.463678 1516.75 703.74 53.46 30.64 1 0.460434 1373.82 78.05 21.21 25.54 0 0.460144 1702.54 10.58 25.98 33.84 0 0.458612 443.82 741.61 31.56 53.19 0 0.456326 55.57 894.06 38.39 69.96 0 0.453209 1711.88 652.21 42.46 29.30 0 0.452920 1316.78 15.16 29.27 21.51 0 0.452138 1194.68 10.55 30.14 19.41 0 0.449163 479.96 492.52 32.54 48.69 0 0.446051 1760.56 819.90 48.23 55.58 0 0.441273 1819.25 138.15 32.53 26.92 0 0.440641 0.00 561.17 17.18 48.02 0 0.440329 1711.36 59.61 29.70 27.80 0 0.440040 1715.54 59.25 32.17 27.94 0 0.435097 1069.27 498.96 33.62 33.45 0 0.435051 443.33 916.85 32.39 66.48 0 0.434253 1230.59 400.84 34.82 20.75 0 0.433054 1165.13 410.88 35.07 32.12 0 0.431014 99.43 1024.79 38.26 50.67 0 0.430586 1565.84 809.68 55.98 29.23 0 0.428989 239.34 526.11 36.10 59.52 1 0.428828 1817.20 621.94 46.96 31.91 0 0.428623 1522.66 33.31 38.75 18.47 0 0.428039 1550.26 816.71 56.93 33.40 0 0.424428 1095.18 199.90 32.39 26.37 0 0.423947 1096.18 561.90 27.65 28.44 0 0.423351 1010.05 355.73 26.27 27.24 0 0.423273 172.71 704.68 37.24 46.76 1 0.415967 1891.28 235.44 28.62 27.36 0 0.415508 1299.06 16.73 28.69 19.71 0 0.413456 509.06 726.78 33.00 57.59 0 0.413211 1801.66 206.35 32.64 28.03 0 0.410200 430.94 999.73 19.92 28.40 3 0.409842 828.05 298.67 36.80 18.22 0 0.408679 236.76 493.50 30.08 44.33 0 0.407829 125.50 719.51 30.72 42.33 0 0.406071 640.24 282.27 29.04 19.86 0 0.404910 1530.74 324.92 34.53 21.08 0 0.403483 1027.04 399.46 30.22 23.43 0 0.402495 1060.23 37.00 30.61 22.39 0 0.401406 1784.09 110.66 33.40 26.75 0 0.400756 1248.48 29.52 27.18 21.45 0 0.399389 1245.81 86.81 21.06 24.52 0 0.397955 1712.33 819.66 41.21 55.47 0 0.397803 1009.80 360.11 27.32 30.24 0 0.397696 1236.40 536.50 31.19 33.29 0 0.394744 1813.07 211.50 32.87 28.88 0 0.391774 1303.63 81.27 19.58 23.61 0 0.389181 1039.07 435.96 29.38 34.50 0 0.388222 1866.47 722.86 49.84 43.19 0 0.383665 67.54 79.62 31.08 20.56 0 0.379300 1126.38 335.29 30.21 27.48 0 0.379006 1706.00 33.37 28.73 24.04 0 0.378906 1277.90 83.35 21.40 23.04 0 0.374841 1217.30 89.62 23.26 25.53 0 0.372047 356.04 1017.22 26.33 35.98 3 0.365368 1042.50 441.15 29.23 32.60 0 0.364941 98.18 882.90 33.03 60.51 0 0.364135 1880.95 602.71 37.85 34.11 0 0.362210 1825.07 615.33 51.38 30.63 0 0.361843 1746.49 91.15 27.88 26.93 0 0.360738 1385.45 9.58 24.88 22.34 0 0.359680 1871.89 605.37 44.45 33.99 0 0.358952 1756.74 641.57 33.29 30.15 0 0.358382 1857.64 198.38 31.85 29.19 0 0.353504 1455.51 718.36 56.20 34.43 0 0.353357 1130.30 20.76 24.59 19.83 0 0.352973 1309.66 662.18 31.68 35.56 0 0.352188 1362.20 481.78 35.33 28.02 0 0.350525 0.00 568.66 16.24 48.48 0 0.348358 1457.12 1039.16 51.11 40.84 0 0.346875 1132.82 563.49 22.75 23.38 0 0.346085 463.84 629.45 33.76 63.80 1 0.343744 1528.36 702.74 59.90 30.23 1 0.338785 351.86 656.94 41.55 60.46 0 0.338733 1875.43 719.78 41.86 40.48 0 0.338488 455.50 995.90 22.71 27.75 3 0.337175 1079.07 534.16 35.96 26.92 0 0.334268 1461.27 859.56 69.35 45.55 0 0.332406 20.17 336.05 29.47 41.74 0 0.330458 1045.19 151.23 25.42 24.26 0 0.329642 1398.69 74.99 19.30 27.41 0 0.327583 1637.47 13.78 26.23 29.36 0 0.326275 1795.65 145.31 34.02 27.11 0 0.324830 292.92 972.79 33.71 69.11 0 0.324026 1089.17 220.18 40.12 28.64 0 0.323838 459.87 584.64 28.47 48.03 0 0.322748 435.19 639.61 27.83 49.39 0 0.322600 1822.15 620.27 50.24 31.31 0 0.318552 1752.76 645.82 33.63 29.54 0 0.317640 390.16 513.30 30.99 49.86 0 0.317620 1747.62 819.00 50.07 56.02 0 0.317367 408.74 1009.34 17.95 29.19 3 0.316804 1852.65 200.16 30.31 26.71 0 0.314501 1185.33 448.90 28.69 30.77 0 0.313999 1148.66 323.01 29.62 27.39 0 0.311672 138.39 714.69 37.17 49.65 0 0.310986 1421.59 922.97 34.33 52.59 0 0.310068 1167.09 16.34 27.25 19.86 0 0.308137 1860.98 138.07 31.59 25.74 0 0.305899 1040.40 153.11 28.00 25.60 0 0.303750 1032.04 425.89 31.44 25.49 0 0.303567 1817.22 152.46 36.05 30.42 0 0.299528 1511.82 958.50 29.48 31.63 3 0.295830 1817.80 223.03 35.54 26.54 0 0.294581 1644.64 669.40 53.55 35.63 0 0.293934 385.84 1018.38 20.73 30.04 3 0.293458 1424.32 81.52 26.20 25.50 0 0.293012 1158.26 18.50 25.84 20.00 0 0.281379 379.33 801.25 40.25 65.86 0 0.276492 1147.30 307.23 27.93 24.08 0 0.275761 552.26 303.73 19.80 14.82 0 0.275402 499.93 361.53 43.58 61.35 1 0.273586 491.87 307.88 27.78 20.94 0 0.271185 358.19 1031.23 22.31 27.78 3 0.269239 1650.81 40.68 29.96 21.56 0 0.265942 1410.69 916.84 42.64 58.29 0 0.264820 1705.50 656.02 48.76 30.35 0 0.264791 1202.60 90.98 25.44 23.98 0 0.262324 1101.99 276.86 31.53 24.76 1 0.261337 824.02 301.89 37.04 18.43 0 0.259868 1801.66 88.07 26.15 22.57 0 0.259664 599.61 284.99 31.19 21.09 0 0.257707 871.84 298.85 35.45 18.01 0 0.252440 1657.66 11.13 32.10 32.48 0 0.251450 68.04 673.10 44.44 27.24 0 0.251016 1892.03 81.03 24.72 21.43 0 0.250309 1828.25 176.86 37.19 27.62 0
149,0.682830 711.21 531.94 64.12 33.00 0 0.657504 713.12 104.65 71.85 37.57 0 0.641335 880.73 767.22 32.90 65.42 0 0.633451 1182.77 702.20 62.47 29.51 0 0.630702 732.55 487.23 68.93 39.19 0 0.619410 1129.33 172.78 69.17 34.38 0 0.616207 1284.12 652.93 69.61 34.63 0 0.602954 709.82 584.70 66.51 33.61 0 0.598775 1272.59 365.40 59.82 34.28 0 0.598404 1260.84 317.00 66.02 35.63 0 0.594380 1184.76 655.94 60.89 32.45 0 0.591875 725.87 201.19 55.22 31.83 0 0.590054 1035.18 660.05 64.10 30.97 0 0.584761 715.26 153.65 63.21 34.93 0 0.576639 1196.30 757.23 60.53 29.99 0 0.564873 1037.84 705.15 62.22 33.82 0 0.563816 1158.20 411.10 68.47 33.26 0 0.561725 933.99 736.24 30.57 58.52 0 0.561566 1206.31 800.83 54.87 27.63 0 0.560816 1255.59 275.35 67.64 35.52 0 0.560462 1428.64 463.05 68.19 32.53 0 0.559515 1036.94 749.30 63.85 30.03 0 0.555565 1180.91 615.19 64.90 31.40 0 0.551472 733.32 349.99 68.79 31.25 0 0.551434 1140.66 218.36 66.22 30.53 0 0.551333 1286.76 605.29 57.84 31.80 0 0.544376 725.26 449.59 69.98 30.95 0 0.535007 830.52 118.13 32.55 60.98 0 0.529650 1736.40 241.95 71.48 36.87 0 0.524198 1054.98 461.51 34.58 64.57 0 0.518121 925.64 91.88 28.80 54.04 0 0.516399 1280.59 560.38 69.40 34.27 0 0.515781 1168.14 579.71 73.71 31.09 0 0.514032 1183.40 580.81 65.10 33.15 0 0.505223 1264.62 445.66 68.54 31.89 0 0.495865 1273.27 530.30 59.12 30.54 0 0.491771 1166.93 495.38 72.06 31.67 0 0.477390 877.09 107.51 28.20 51.82 0 0.474462 1164.94 458.34 69.00 32.38 0 0.472269 728.98 264.80 67.31 32.13 0 0.464399 1243.03 241.88 67.78 33.16 0 0.461261 1257.57 409.70 66.58 28.59 0 0.456639 1282.34 696.54 72.08 31.21 0 0.455702 1289.88 735.16 64.31 31.42 0 0.440484 1684.43 454.11 61.27 43.98 0 0.391187 1286.04 690.93 71.02 29.86 0 0.373506 1131.47 220.92 68.92 30.46 0 0.371549 1049.03 545.17 29.29 35.65 0 0.367204 1303.60 733.89 59.89 31.06 0 0.360949 730.81 259.37 63.73 32.46 0 0.351624 1242.31 237.09 67.49 28.31 0 0.340236 722.94 489.29 67.01 36.59 0 0.339323 743.80 492.85 66.93 31.50 0 0.338626 1386.84 17.52 57.21 33.99 0 0.331698 1285.07 740.70 66.37 30.24 0 0.331598 1260.36 404.31 69.72 28.46 0 0.322982 1275.53 526.34 65.79 27.01 0 0.303815 1167.02 452.11 66.73 29.46 0 0.302408 1295.15 649.62 67.34 32.68 0 0.288699 1279.73 529.07 70.00 29.87 0 0.285375 1288.44 645.36 70.21 29.52 0 0.282872 1164.08 501.67 76.28 29.75 0 0.281382 1249.68 234.52 69.92 32.23 0 0.277666 727.90 454.87 69.33 31.02 0 0.272541 1276.48 320.71 61.58 30.02 0 0.262818 1158.40 406.15 67.87 30.59 0 0.257707 1260.61 455.19 72.49 28.61 0
150,0.780784 879.38 556.07 66.52 35.15 1 0.401581 605.21 494.43 21.47 17.25 0 0.278767 579.80 448.80 12.86 13.77 0
151,0.716610 585.89 749.31 71.13 40.41 0 0.634131 773.61 725.58 63.50 38.60 0 0.633299 729.72 865.43 65.27 35.01 0 0.627684 649.94 580.69 62.87 35.42 0 0.625254 804.25 627.04 68.31 32.63 0 0.618728 561.45 820.16 69.68 40.57 0 0.615085 703.28 417.13 60.68 35.26 0 0.610989 677.68 485.80 61.55 33.06 0 0.609913 1196.47 512.50 61.21 31.12 0 0.608410 734.62 831.23 68.11 34.72 0 0.606781 601.28 463.52 55.62 29.90 0 0.606018 825.73 559.35 63.31 37.00 0 0.604508 757.56 795.65 61.30 35.52 0 0.599201 515.61 964.15 71.33 41.08 0 0.596659 1085.27 583.64 55.93 34.96 0 0.595242 1102.65 528.65 61.25 32.37 0 0.585468 723.44 898.16 65.81 39.14 0 0.581280 503.11 727.38 59.94 37.68 0 0.574630 563.52 560.51 61.32 36.37 0 0.574335 659.21 544.31 66.12 32.37 0 0.565452 762.65 760.93 65.85 31.65 0 0.564638 528.09 923.92 74.66 37.11 0 0.564083 526.56 695.52 68.28 36.66 0 0.560578 711.18 939.52 70.17 40.27 0 0.560035 789.33 694.17 66.85 35.47 0 0.559238 854.32 496.38 63.76 32.87 0 0.556217 610.56 721.39 57.07 29.76 0 0.550641 1103.18 490.53 66.68 33.99 0 0.549870 779.97 1039.54 55.60 34.12 0 0.547071 637.03 617.62 67.28 31.56 0 0.538697 412.62 981.55 75.96 39.53 0 0.528461 614.84 679.27 65.44 38.41 0 0.522208 865.55 463.87 61.33 32.64 0 0.522057 780.92 198.24 75.55 37.09 1 0.517198 548.38 860.45 68.74 33.66 0 0.516011 297.65 36.98 56.73 43.38 0 0.514775 506.67 1007.23 67.63 33.77 0 0.512795 446.84 909.76 67.21 30.86 0 0.510930 575.27 785.63 65.47 32.41 0 0.503176 624.54 648.05 64.20 32.16 0 0.502890 545.67 631.21 61.76 33.37 0 0.495886 697.83 981.56 70.15 32.28 0 0.495595 686.96 1011.91 66.25 37.95 0 0.488551 842.68 528.17 60.88 28.75 0 0.482462 459.88 869.52 68.43 36.77 0 0.481553 682.31 1017.35 69.09 37.60 0 0.480276 731.90 848.75 68.13 36.17 0 0.472091 1099.44 523.36 64.26 31.53 0 0.471480 811.37 592.28 67.79 33.31 0 0.470995 540.31 892.72 69.80 36.30 0 0.450781 791.51 996.64 68.48 36.32 0 0.445601 536.42 662.57 67.17 31.75 0 0.445587 609.91 433.14 62.69 29.85 0 0.442062 487.95 760.25 67.61 33.22 0 0.440413 587.10 531.21 59.72 31.82 0 0.437929 550.28 592.60 57.58 30.25 0 0.436161 541.80 628.17 62.89 30.15 0 0.430892 620.52 399.10 61.58 29.82 0 0.414273 365.52 785.12 27.78 15.91 3 0.406183 847.57 510.68 64.77 34.52 0 0.403985 690.04 450.95 58.87 29.13 0 0.402503 379.91 755.18 25.78 18.77 3 0.388751 414.68 976.70 74.63 35.46 0 0.379138 301.32 44.86 57.77 42.88 0 0.378171 547.63 866.68 66.69 36.10 0 0.373811 708.72 386.52 60.57 31.13 0 0.365788 672.93 1053.60 71.89 26.40 0 0.363052 603.00 504.22 56.55 30.41 0 0.361774 359.89 805.59 26.91 17.07 3 0.353734 691.76 984.39 70.25 38.01 0 0.350800 796.61 1002.61 64.83 34.52 0 0.344045 761.47 1038.79 59.53 33.03 0 0.342486 659.17 548.95 68.28 35.41 0 0.341244 547.64 597.90 61.79 29.79 0 0.340346 528.64 684.06 69.58 36.44 0 0.336346 598.58 500.32 56.70 27.40 0 0.328624 592.27 727.64 67.79 36.04 0 0.325869 301.52 977.86 30.03 13.26 3 0.322378 617.28 427.59 63.55 30.02 0 0.309287 508.94 994.53 68.04 35.53 0 0.306881 629.86 624.76 71.88 39.40 0 0.303328 715.57 926.77 67.16 38.01 0 0.300602 503.46 1000.18 69.59 34.73 0 0.300038 576.95 531.13 58.18 33.71 0 0.296909 664.03 1046.96 69.15 32.27 0 0.296175 623.33 411.47 61.93 29.79 0 0.295036 522.69 691.87 67.74 34.89 0 0.290276 600.75 748.17 65.45 37.23 0 0.280377 541.20 656.05 64.47 31.87 0 0.276267 598.07 507.18 54.27 29.37 0 0.273364 687.48 453.94 57.84 32.82 0 0.268985 719.76 903.78 67.46 41.59 0 0.261960 566.86 795.51 68.59 39.64 0 0.261833 618.84 641.39 71.77 34.11 0 0.261669 511.31 723.65 63.31 38.93 0 0.257035 603.98 139.05 23.86 18.79 3
152,0.612100 714.98 609.44 27.68 54.30 0 0.466006 727.63 420.25 26.09 47.60 0 0.439750 677.47 994.94 41.88 82.92 0 0.343878 753.10 117.93 26.05 45.56 1
153,0.615364 954.36 595.48 32.96 61.74 0 0.613144 591.15 541.94 55.98 28.81 0 0.575071 1171.72 607.25 29.82 53.37 0 0.571515 701.63 446.77 30.11 50.12 0 0.570405 250.38 892.21 66.04 38.03 0 0.556968 765.88 371.35 30.74 57.01 0 0.547717 399.58 1020.22 32.51 59.61 0 0.540398 639.95 566.62 74.31 148.07 1 0.540227 58.89 802.01 54.27 29.71 0 0.535450 795.01 434.51 32.45 55.52 0 0.528578 1079.41 614.29 32.71 53.85 0 0.524366 735.62 380.48 28.74 55.28 0 0.523242 1140.60 607.18 28.77 55.78 0 0.517753 250.64 1019.48 36.25 58.77 0 0.502717 952.18 948.43 35.48 70.71 0 0.502522 701.33 378.81 31.00 60.75 0 0.500688 551.50 915.30 71.01 33.50 0 0.498690 987.27 948.36 34.84 72.68 0 0.495221 1267.05 607.53 73.56 31.09 1 0.493945 402.94 899.39 71.62 33.74 0 0.488151 989.11 593.87 33.27 64.61 0 0.430500 472.06 1003.81 35.85 55.03 0 0.419375 633.76 916.89 59.11 26.76 0 0.392067 0.53 803.30 37.80 28.51 0 0.390480 1141.90 862.26 66.13 33.68 0 0.357164 487.70 905.34 53.85 29.52 0 0.350197 418.81 898.99 64.91 30.92 0 0.348067 84.86 893.66 63.50 28.73 0 0.345090 11.89 992.83 31.07 39.32 0 0.342957 738.15 445.49 25.67 44.51 0 0.338838 240.59 892.77 66.42 40.31 0 0.306867 253.94 777.69 56.50 25.43 0 0.303464 1199.61 567.70 47.08 32.54 0 0.302253 65.42 759.25 54.90 27.51 0 0.294522 201.64 892.42 38.53 29.34 0 0.257266 597.44 251.12 25.09 30.19 3 0.255514 105.97 890.81 56.17 32.98 0
154,0.641464 953.44 539.51 43.37 22.46 0 0.612801 1198.43 557.45 51.13 23.29 0 0.599354 1137.03 559.30 48.56 22.57 0 0.584779 894.11 535.19 43.05 21.09 0 0.566093 829.59 532.20 48.89 23.34 0 0.561549 1012.67 542.15 46.00 22.27 0 0.500404 1008.15 544.16 46.75 24.29 0 0.490124 647.12 517.16 45.93 20.00 0 0.430160 887.51 538.08 45.21 21.78 0 0.383315 1071.60 555.33 48.33 23.29 0 0.381504 1130.33 557.29 50.15 23.11 0 0.341338 1073.13 549.57 47.47 24.35 0 0.264484 521.78 499.60 47.81 25.31 0
155,0.664586 390.37 728.83 59.93 26.96 0 0.631099 450.33 658.98 61.17 27.20 0 0.550705 68.82 639.34 63.42 30.14 0 0.517835 685.38 666.86 57.00 26.17 0 0.506629 1830.43 15.22 47.96 23.96 0 0.500948 1158.98 690.49 60.35 26.10 0 0.499443 1716.10 152.63 49.37 22.46 0 0.498923 1669.72 210.32 46.54 20.12 0 0.493198 1844.53 61.80 45.39 21.82 0 0.469897 1819.47 0.00 49.97 18.09 0 0.465721 1869.45 106.61 43.66 23.15 0 0.427335 1839.34 39.34 45.24 21.23 0 0.418908 1735.58 208.62 47.05 20.63 0 0.412302 1729.16 186.33 49.40 22.98 0 0.399334 1849.30 64.97 42.66 22.90 0 0.397703 1724.57 184.26 47.71 21.09 0 0.397321 1889.61 156.69 30.39 19.38 0 0.311651 1893.05 177.94 26.95 20.97 0 0.282286 1885.04 136.27 34.27 19.97 0 0.279697 1873.88 111.00 43.38 22.23 0
156,0.707048 837.76 590.13 59.03 31.50 0 0.706415 809.96 649.35 59.39 32.01 0 0.696188 714.11 915.13 62.02 34.93 0 0.680395 742.50 847.74 62.31 36.79 0 0.659468 775.08 295.58 77.22 36.34 1 0.655750 798.78 680.04 63.07 37.59 0 0.645850 674.87 543.16 55.18 31.51 0 0.644582 538.13 677.21 61.75 34.17 0 0.642307 705.50 949.41 64.89 34.21 0 0.628428 534.72 939.05 65.92 36.25 0 0.621485 772.17 777.67 61.06 35.48 0 0.615549 693.02 509.27 57.14 30.04 0 0.607390 628.46 700.45 58.45 31.69 0 0.595087 827.03 619.87 57.87 29.58 0 0.592065 755.54 816.28 62.62 30.82 0 0.588993 787.47 719.51 61.27 28.85 0 0.567670 1060.17 682.88 55.44 32.12 0 0.565050 671.23 578.01 52.92 28.78 0 0.564732 603.86 768.60 61.31 35.14 0 0.562491 1078.38 587.89 63.13 32.59 0 0.561492 696.51 987.10 67.70 36.72 0 0.558572 513.05 1007.11 68.66 36.45 0 0.556192 493.27 1042.25 73.34 36.84 0 0.552553 844.96 557.68 61.32 32.97 0 0.546754 543.88 901.02 68.96 35.24 0 0.540031 620.73 496.19 57.02 28.30 0 0.537293 1166.28 615.53 59.69 26.54 0 0.534176 652.72 635.68 59.62 34.86 0 0.533660 559.34 866.39 64.56 36.39 0 0.530469 309.65 125.62 57.24 48.87 0 0.528734 733.38 886.94 63.95 29.85 0 0.527719 586.87 804.90 64.78 36.08 0 0.522321 483.16 844.53 64.28 33.24 0 0.514851 581.99 622.92 52.22 29.87 0 0.512972 686.57 1020.67 69.25 36.16 0 0.512916 436.57 988.38 66.03 29.80 0 0.510988 289.72 1051.63 27.74 11.18 3 0.508640 444.43 947.75 66.49 34.86 0 0.506029 589.05 589.95 60.00 32.96 0 0.505804 586.79 553.22 59.09 30.21 0 0.497514 527.05 749.81 58.47 32.51 0 0.495565 806.34 652.21 64.29 37.02 0 0.494944 1079.82 629.40 58.45 29.43 0 0.490772 608.25 729.88 66.57 36.83 0 0.488927 511.97 777.21 66.42 36.17 0 0.463619 522.85 969.70 65.15 33.33 0 0.456018 489.03 810.89 64.30 32.39 0 0.452555 292.21 1028.21 24.56 12.45 3 0.450977 602.69 520.75 62.31 30.39 0 0.449702 1075.40 616.59 63.31 27.79 0 0.449302 637.37 670.82 63.95 29.26 0 0.446790 572.01 828.73 66.80 36.54 0 0.434226 541.32 721.65 56.43 31.28 0 0.427547 514.59 1001.56 68.28 33.49 0 0.413388 581.69 614.62 57.10 29.42 0 0.408454 402.27 1056.90 68.44 23.10 0 0.400564 570.36 616.52 61.61 31.39 0 0.396936 478.81 830.30 66.18 33.90 0 0.396179 688.51 1026.43 69.66 35.77 0 0.394058 769.81 290.63 85.25 36.39 1 0.387093 576.94 836.40 68.97 34.35 0 0.384200 532.18 712.01 61.33 28.51 0 0.377007 702.89 961.76 66.54 35.51 0 0.367785 486.60 816.51 65.19 36.29 0 0.365627 1074.70 625.27 61.74 29.41 0 0.360050 401.98 1047.16 69.48 29.77 0 0.355834 505.56 782.18 63.44 33.16 0 0.352696 723.58 882.17 62.54 31.02 0 0.342655 696.21 475.31 56.05 27.64 0 0.340878 554.70 648.22 57.83 28.39 0 0.335021 355.18 882.01 24.99 14.14 3 0.329016 561.83 638.37 61.76 31.00 0 0.328229 588.47 547.89 58.86 28.88 0 0.325977 549.84 643.51 56.18 28.41 0 0.317834 700.64 482.72 57.38 27.52 0 0.317626 683.68 1057.87 65.12 22.13 0 0.317618 441.37 962.27 68.21 32.17 0 0.314985 1060.70 689.97 56.24 35.20 0 0.300472 444.46 955.83 61.55 33.79 0 0.298024 696.75 977.49 65.93 34.48 0 0.288936 601.67 235.93 26.68 16.33 3 0.274610 573.14 839.89 63.54 39.03 0 0.268351 431.97 975.93 67.88 30.50 0 0.254446 703.50 954.92 64.17 33.93 0 0.254418 640.70 656.73 68.65 36.08 0 0.253616 718.98 906.91 63.36 29.84 0
157,0.701459 1090.23 364.77 34.40 58.44 1 0.664331 1238.47 609.13 67.56 32.74 0 0.628811 1057.24 510.09 27.89 49.22 0 0.622203 812.68 820.07 63.40 30.38 0 0.618612 1267.51 502.02 23.37 47.56 0 0.611707 236.11 540.60 33.93 48.80 0 0.607224 428.93 780.62 36.13 64.53 0 0.605482 1004.13 440.09 22.29 41.05 0 0.578940 560.13 769.93 30.65 62.20 0 0.569396 480.30 770.89 36.18 64.56 0 0.565415 56.10 799.64 40.33 66.62 0 0.555196 597.79 774.31 30.79 52.48 0 0.520286 1378.89 639.19 51.29 28.59 0 0.501091 1542.75 530.58 53.67 29.64 0 0.489494 1014.64 495.02 33.58 56.60 0 0.483574 1011.26 348.22 54.00 21.71 0 0.483094 837.64 377.05 52.67 23.23 0 0.482481 66.86 965.60 68.03 29.91 0 0.476766 1020.75 497.38 34.35 56.11 0 0.469415 962.21 384.91 25.78 37.10 0 0.458289 901.81 375.93 41.97 20.99 0 0.435834 1214.24 513.20 26.75 50.00 0 0.417269 1002.56 349.98 55.89 21.71 0 0.410991 604.36 297.36 66.73 29.94 1 0.398828 1890.56 193.40 27.82 37.08 0 0.394319 613.73 292.98 59.76 29.73 1 0.393515 303.33 318.54 35.05 38.43 0 0.386795 1891.36 293.48 27.47 41.50 0 0.344518 957.26 376.86 31.93 38.39 0 0.332169 1239.18 515.14 24.45 46.62 0 0.319195 1270.18 498.72 24.13 48.85 0 0.313576 383.24 779.58 14.82 17.40 3 0.312269 1229.13 607.40 71.60 29.76 0 0.305019 999.98 303.40 23.96 17.20 3 0.299745 1026.00 507.00 30.54 54.36 0 0.299561 1862.73 40.71 38.94 29.97 0 0.283529 303.23 329.48 35.66 34.84 0 0.278305 78.63 961.26 79.59 30.80 0 0.277070 990.94 304.95 22.81 15.09 3 0.272238 1371.20 0.00 22.43 20.46 0 0.257491 1052.87 499.15 30.31 52.43 0 0.255437 1322.40 520.37 24.10 30.21 0 0.252862 159.73 783.74 32.21 27.93 3 0.250968 1886.21 27.95 32.99 28.58 0
158,0.669352 1241.84 608.32 68.00 33.50 0 0.616385 568.30 774.62 29.79 57.14 0 0.599959 1411.95 652.00 51.07 43.77 0 0.599559 433.39 779.20 37.17 62.54 0 0.597236 815.56 818.15 62.97 32.35 0 0.593612 1025.73 499.78 30.88 50.63 0 0.584927 1271.98 504.41 24.55 47.44 0 0.584177 1092.26 358.19 43.03 66.09 1 0.579072 65.49 800.13 36.67 61.37 0 0.578776 1217.23 514.90 27.17 49.72 0 0.562054 1093.76 368.34 33.62 56.50 1 0.556858 1546.24 531.85 53.26 27.82 0 0.550015 1002.98 305.35 22.02 14.90 3 0.549480 1060.65 505.93 31.54 51.43 0 0.544277 485.50 770.02 36.78 65.84 0 0.544181 1008.48 441.24 24.40 40.55 0 0.540679 239.88 534.47 36.38 51.58 0 0.526136 1243.50 510.60 27.88 48.77 0 0.504751 1864.50 48.28 39.08 31.20 0 0.490852 1016.08 350.83 49.67 21.51 0 0.480096 74.27 961.59 51.34 28.35 0 0.479456 603.40 770.40 31.33 57.77 0 0.458563 312.44 320.44 32.28 36.81 0 0.456488 1898.20 197.78 21.24 31.98 0 0.439550 840.31 377.26 54.29 22.52 0 0.435010 1061.32 516.68 29.69 46.95 0 0.421650 905.35 374.79 45.39 23.06 0 0.419965 1864.54 41.13 42.79 34.62 0 0.392394 312.36 329.90 31.39 34.50 0 0.389323 384.83 778.43 14.41 17.22 3 0.377365 1071.20 364.39 60.63 64.70 1 0.370142 1326.17 525.75 21.97 30.83 0 0.360758 966.88 390.68 29.69 36.99 0 0.358411 165.54 782.68 29.64 22.42 3 0.329235 1892.47 298.21 27.53 38.52 0 0.319081 1299.24 511.75 25.27 43.40 0 0.305762 1066.52 507.62 29.50 51.09 0 0.294999 609.22 320.55 51.72 23.99 0 0.272210 1876.02 44.49 40.31 36.12 0 0.254166 1883.84 36.16 34.52 35.06 0
159,0.671894 1643.88 545.20 79.34 57.34 0 0.667769 323.98 411.31 61.43 55.05 1 0.664017 39.01 834.13 167.19 78.93 0 0.659198 593.95 246.21 33.72 24.12 0 0.642602 912.68 764.33 168.21 82.80 1 0.636965 1521.53 665.74 20.06 24.07 2 0.636215 391.13 358.09 51.53 37.88 0 0.620052 1596.59 504.97 55.61 43.21 0 0.616797 660.83 247.78 37.60 22.94 0 0.611756 86.58 720.24 96.01 88.24 0 0.610320 995.84 273.43 53.47 24.29 0 0.609496 1217.18 133.59 37.10 21.25 0 0.599577 1322.07 439.89 49.61 38.35 0 0.595506 1375.40 531.29 66.04 63.32 0 0.585706 1429.29 329.70 41.18 31.96 0 0.584082 923.14 273.39 58.61 25.90 0 0.580545 191.65 420.95 68.02 46.51 0 0.579673 357.93 460.37 58.12 49.69 0 0.578046 1457.79 363.10 43.07 42.07 0 0.575048 1818.03 178.45 39.76 17.81 0 0.573760 264.38 336.85 52.39 50.84 0 0.569312 152.93 547.91 74.86 58.09 0 0.567739 1762.10 177.51 34.69 17.88 0 0.567233 475.64 448.81 61.17 89.29 1 0.559781 843.56 272.65 57.57 27.04 0 0.559274 263.00 345.38 55.87 50.28 0 0.556475 91.54 363.07 59.42 36.41 0 0.555021 160.01 726.76 82.08 81.38 0 0.549133 238.12 736.56 76.59 76.13 0 0.547400 1719.35 231.82 41.06 20.40 0 0.546558 629.87 686.35 41.19 30.41 3 0.540389 1391.71 297.55 45.33 34.14 0 0.531169 1346.10 472.39 59.39 51.85 0 0.529877 1240.01 323.50 49.77 31.85 0 0.529432 762.76 271.17 65.40 25.84 0 0.526175 222.44 351.76 45.56 45.11 0 0.525818 0.00 597.61 73.94 71.22 0 0.524193 1261.97 368.98 47.52 34.86 0 0.516113 162.41 601.36 80.33 75.81 0 0.515321 178.11 276.61 52.02 28.96 0 0.512577 759.11 274.94 63.23 26.71 0 0.510676 1149.64 159.94 25.74 17.78 0 0.505975 868.21 247.82 42.01 22.24 0 0.503782 1320.52 229.04 35.14 26.28 0 0.503484 1340.22 467.73 65.59 46.71 0 0.498334 1811.64 492.97 72.92 50.00 0 0.497457 224.18 344.13 47.56 45.76 0 0.497030 23.20 227.74 54.72 31.27 0 0.496199 671.78 609.97 22.73 30.75 3 0.490032 1349.76 257.52 40.48 28.11 0 0.487963 176.19 290.39 46.71 30.93 0 0.485427 176.01 334.14 49.78 32.13 0 0.482598 1549.16 451.15 62.76 50.56 1 0.482143 211.74 286.83 55.79 33.35 0 0.482085 1601.31 497.87 62.39 48.56 0 0.480769 0.50 422.54 52.53 47.00 0 0.480015 534.80 739.08 26.52 41.63 2 0.476976 315.62 279.30 48.25 33.57 0 0.476047 92.04 418.32 48.75 47.79 0 0.475540 396.26 287.34 41.73 33.57 0 0.475243 886.72 709.80 23.13 38.90 3 0.472639 312.09 285.25 50.60 31.69 0 0.470172 528.94 650.77 23.55 29.08 2 0.469006 46.52 425.51 48.51 45.40 0 0.464685 286.24 287.34 40.22 28.90 0 0.459490 141.55 416.72 54.82 47.37 0 0.452350 1283.97 385.96 46.79 40.60 0 0.449169 0.00 544.89 61.34 48.71 0 0.447036 1243.02 334.99 49.39 32.40 0 0.439723 1857.59 251.37 38.13 20.23 0 0.439547 1635.54 204.34 26.87 20.20 0 0.434042 1286.01 399.57 46.34 40.26 0 0.430948 1290.63 199.94 42.75 25.51 0 0.428886 292.63 414.84 58.73 50.14 1 0.426733 1591.82 154.71 35.27 17.14 0 0.425098 1671.79 177.56 34.62 20.03 0 0.424651 360.94 281.60 37.46 34.36 0 0.423729 365.40 284.97 36.72 33.22 0 0.419692 287.84 281.31 47.61 30.66 0 0.418641 1603.13 174.29 31.82 22.26 0 0.418314 884.21 713.17 25.99 42.71 3 0.416445 828.66 248.33 30.86 18.87 0 0.414237 1859.53 865.11 57.86 36.19 3 0.411048 284.25 533.11 70.19 63.09 1 0.410595 743.50 387.89 18.85 25.87 3 0.409410 1626.07 176.40 31.18 20.94 0 0.407666 743.36 571.44 38.03 23.27 3 0.406979 496.86 613.21 28.99 26.77 3 0.400052 88.88 332.52 51.86 28.61 0 0.397927 1537.71 155.00 39.44 19.03 0 0.396311 1660.85 208.30 35.36 20.85 0 0.395008 179.16 555.20 88.16 56.04 0 0.390558 204.76 282.24 60.15 32.55 0 0.390507 375.11 608.48 34.48 28.43 3 0.390129 855.26 275.38 56.87 23.26 0 0.384477 1659.75 257.23 41.31 22.89 0 0.384390 89.23 338.83 56.19 32.83 0 0.381272 708.86 244.59 30.54 21.34 0 0.375702 549.83 591.12 29.45 28.29 3 0.374775 1583.72 175.96 36.88 21.99 0 0.374670 1696.02 177.21 35.11 19.42 0 0.369835 1866.97 856.77 53.03 42.75 3 0.369335 1748.52 209.73 40.06 22.49 0 0.366937 1323.69 688.39 43.27 30.01 3 0.361858 763.47 258.47 55.28 23.69 0 0.358956 193.02 543.59 79.51 59.80 0 0.356702 1377.90 273.66 40.70 29.94 0 0.356055 1248.46 339.41 45.51 33.08 0 0.351621 209.18 544.18 68.14 52.56 0 0.351491 1587.09 156.10 36.43 16.97 0 0.348672 1361.70 265.82 46.16 32.45 0 0.347385 484.12 615.36 26.76 25.89 3 0.347037 475.13 744.63 40.53 31.12 3 0.346125 289.94 418.56 50.51 46.33 0 0.346038 930.15 713.70 24.34 34.72 3 0.345914 1755.48 178.78 36.66 18.49 0 0.340889 1334.23 234.47 35.60 25.84 0 0.339047 627.31 694.95 42.54 31.09 3 0.331679 1273.80 379.67 49.23 33.51 0 0.325679 399.01 578.38 33.53 28.32 3 0.324563 1061.34 271.44 39.56 25.37 0 0.322050 272.49 539.84 76.43 65.53 1 0.315959 301.98 282.08 59.15 32.71 0 0.314095 0.00 360.30 32.36 32.66 0 0.313496 1729.08 221.99 46.17 24.62 0 0.306247 1785.44 271.03 49.35 24.95 0 0.296124 1640.50 551.84 66.52 49.55 0 0.295366 1121.67 227.80 40.58 24.07 0 0.295057 1233.93 128.35 35.14 23.10 0 0.294811 1322.55 692.86 44.25 32.47 3 0.294397 250.62 622.59 39.24 41.32 3 0.294359 1354.39 490.74 59.28 41.98 0 0.287221 1514.95 690.22 23.47 27.19 2 0.280247 1663.10 539.69 69.09 54.02 0 0.273905 1188.55 91.52 34.60 23.01 0 0.271861 1333.78 461.91 63.14 46.99 0 0.269834 0.00 560.06 65.58 78.78 0 0.269206 744.04 381.62 17.06 25.41 2 0.269029 472.30 269.90 53.75 24.88 0 0.267812 1653.83 175.52 35.19 21.31 0 0.266647 434.87 519.98 18.40 30.89 2 0.264529 535.29 748.32 26.23 40.51 3 0.262987 270.85 555.30 69.75 56.62 1 0.262012 701.73 559.65 27.65 29.65 3 0.256344 669.98 554.61 32.22 26.91 3 0.256073 0.00 573.62 75.69 68.65 0 0.253450 1853.38 255.99 39.25 19.60 0 0.251582 368.30 285.73 48.18 35.35 0 0.251573 93.98 348.70 58.49 38.36 0 0.251230 0.00 349.45 33.56 31.00 0
160,0.757389 811.80 186.89 35.99 58.52 1 0.701273 1075.63 727.61 92.55 41.25 1 0.650614 665.94 189.67 28.05 39.57 0 0.648100 1445.17 343.82 29.43 33.34 0 0.644792 545.93 561.69 29.07 50.40 0 0.634729 768.18 195.05 29.11 41.89 0 0.634718 521.85 417.23 31.07 40.92 0 0.633137 1434.36 296.44 28.39 33.18 0 0.627067 553.05 287.88 30.46 42.26 0 0.621064 766.97 669.37 28.11 53.54 0 0.618983 698.03 668.06 32.13 52.12 0 0.612882 768.79 306.27 27.03 41.66 0 0.610290 1491.48 572.39 36.91 42.99 0 0.606886 985.16 729.25 73.24 36.41 0 0.604817 1317.32 377.76 26.96 46.72 0 0.602661 751.07 411.71 33.17 60.37 1 0.601853 407.03 733.20 20.24 30.04 3 0.600757 716.93 305.28 27.52 40.78 0 0.595351 325.97 553.28 33.70 52.04 0 0.594737 1627.47 206.78 40.99 22.61 0 0.590214 1651.97 496.41 34.85 41.07 0 0.585214 1724.08 105.66 25.62 18.63 0 0.583443 501.86 671.06 31.30 53.32 0 0.579596 522.50 509.84 35.66 44.06 0 0.571086 1775.73 896.46 62.98 30.83 0 0.566767 606.20 567.46 31.73 46.29 0 0.566124 635.15 421.64 28.06 47.31 0 0.562228 676.77 516.39 25.38 45.23 0 0.560551 617.81 190.27 25.99 37.27 0 0.559661 270.01 390.36 40.57 43.67 0 0.558477 1692.73 772.63 64.55 27.33 0 0.557712 1397.13 109.14 21.03 29.62 0 0.556678 1778.60 109.32 24.13 23.18 0 0.555949 503.17 371.76 26.55 36.53 0 0.550577 672.75 375.00 24.78 42.53 0 0.550046 735.99 517.59 30.90 48.74 0 0.547785 332.28 676.49 34.79 49.25 0 0.546655 1774.82 37.41 26.53 21.36 0 0.543024 202.03 553.13 32.50 42.47 0 0.542654 645.29 376.71 24.71 42.42 0 0.541363 664.49 670.65 30.99 50.71 0 0.540640 1086.87 200.88 45.45 19.48 0 0.540346 647.51 516.61 25.52 41.18 0 0.536175 1651.12 492.32 32.86 36.94 0 0.535668 1469.29 473.99 31.27 43.40 0 0.534075 604.74 428.21 28.95 43.47 0 0.534064 1731.69 35.46 28.54 21.63 0 0.533818 1340.22 545.30 29.98 47.91 0 0.531976 1678.05 772.24 60.93 33.04 0 0.531524 1462.32 422.97 29.39 34.07 0 0.530110 700.18 378.32 24.00 41.22 0 0.527856 619.81 516.34 27.30 41.34 0 0.523969 471.34 672.34 30.07 51.49 0 0.520678 1709.18 36.95 24.62 20.18 0 0.512156 471.89 290.13 25.72 36.26 0 0.510803 685.11 293.93 25.82 42.82 0 0.509190 515.65 562.43 32.24 54.71 0 0.507702 537.54 670.42 33.40 49.63 0 0.503748 1481.62 522.48 33.26 37.17 0 0.502279 567.41 185.10 27.41 34.72 0 0.501786 426.10 431.17 33.80 35.95 0 0.499681 1460.17 427.85 29.64 35.93 0 0.499502 370.50 676.34 34.65 51.50 0 0.498783 363.22 210.78 29.17 39.61 0 0.497234 1570.68 949.79 44.09 56.04 0 0.494467 1853.38 448.24 34.94 21.03 0 0.493225 299.63 347.32 34.63 39.50 0 0.492757 1700.19 100.60 21.65 23.07 0 0.491894 708.38 516.13 29.85 48.04 0 0.489222 360.58 552.53 35.09 54.65 0 0.488551 1656.74 32.44 23.52 22.08 0 0.487265 1858.39 443.90 34.86 21.66 0 0.486501 1636.66 202.29 38.83 23.60 0 0.482101 1746.40 898.32 61.68 31.19 0 0.481391 499.96 290.01 27.37 42.34 0 0.479921 1423.73 109.94 25.10 29.68 0 0.479811 223.88 501.08 36.46 47.63 0 0.474733 494.29 178.81 31.10 41.12 0 0.471221 714.03 297.32 26.63 46.02 0 0.469098 817.02 137.54 26.02 21.84 0 0.466096 252.24 444.58 33.01 43.20 0 0.465676 616.63 258.16 24.70 33.42 0 0.463812 1651.67 9.55 28.88 19.74 0 0.455986 1179.50 778.83 30.72 18.37 3 0.444026 1637.99 914.09 69.85 49.52 0 0.442068 1491.62 566.91 35.46 39.59 0 0.441816 1629.97 87.98 19.22 25.05 0 0.440540 533.49 370.54 29.87 38.67 0 0.439533 323.16 294.53 32.62 38.10 0 0.437370 1636.14 919.65 65.66 53.54 0 0.437081 1142.46 202.67 47.10 21.48 0 0.436398 1793.68 40.34 33.69 21.56 0 0.435665 978.92 189.35 44.48 25.02 0 0.434973 607.45 301.69 26.86 34.65 0 0.430734 1324.98 444.26 27.53 34.40 0 0.424076 1626.04 754.72 44.64 28.16 0 0.423263 1743.38 36.73 28.49 20.96 0 0.422705 463.90 420.39 28.93 39.25 0 0.421852 636.65 667.99 29.16 47.74 0 0.411632 696.20 421.94 28.33 49.01 0 0.410349 1341.60 543.85 30.71 51.06 1 0.409985 385.83 731.29 24.64 33.07 3 0.400570 1699.02 11.47 27.61 20.27 0 0.395474 1155.42 201.64 45.99 22.15 0 0.395416 1583.10 85.56 19.86 24.33 0 0.381409 1808.94 110.03 25.45 25.74 0 0.379469 717.20 423.44 31.61 54.46 0 0.378900 1603.68 87.99 20.91 26.16 0 0.377697 1452.29 385.30 30.65 31.98 0 0.375197 1339.25 488.79 28.77 49.96 0 0.373441 339.96 254.99 32.44 38.94 0 0.373039 584.90 372.04 28.52 40.92 0 0.371259 1788.73 899.62 53.27 29.95 0 0.349965 627.97 419.46 31.99 49.59 0 0.346561 1755.73 778.12 42.01 27.57 0 0.346556 1840.00 112.86 25.70 22.21 0 0.346245 337.78 261.73 32.51 39.38 0 0.345223 637.59 300.28 28.48 38.06 0 0.344041 1410.88 199.49 33.96 33.02 1 0.343870 1810.05 39.60 30.27 20.28 0 0.342942 728.40 377.56 24.49 38.70 0 0.342777 1723.43 139.04 27.70 19.50 0 0.342579 962.85 152.02 30.63 19.13 0 0.332855 1556.42 5.69 32.95 20.98 0 0.332457 1472.76 473.52 34.08 39.46 0 0.329232 1529.71 1051.11 43.75 27.95 0 0.321832 1674.02 97.28 22.04 25.63 0 0.319811 766.98 175.34 35.53 30.85 0 0.319618 265.65 396.74 39.89 45.81 0 0.318402 754.62 382.73 32.95 43.99 1 0.317903 1081.50 201.73 44.94 20.32 0 0.315057 1602.36 3.76 31.52 21.80 0 0.313307 622.78 426.41 31.19 45.88 0 0.309373 975.65 192.65 51.65 24.69 0 0.308985 364.36 207.25 27.94 38.40 1 0.302801 510.83 752.85 16.68 20.78 3 0.300878 462.51 731.64 15.80 27.61 3 0.297955 1517.60 2.16 28.91 25.16 0 0.297446 1397.22 17.05 24.29 22.25 0 0.296945 1889.15 400.06 30.26 21.34 0 0.292987 1675.00 92.68 19.57 25.93 0 0.283749 611.51 565.60 33.80 44.51 0 0.283349 1531.43 1057.34 43.06 22.66 0 0.282032 1569.97 960.20 41.44 55.54 0 0.279668 1409.91 179.54 36.04 28.39 1 0.279657 568.08 255.58 26.63 32.31 0 0.279550 435.42 732.72 15.79 28.86 3 0.277600 320.67 300.93 31.13 40.88 0 0.275979 1632.19 928.69 63.19 47.31 0 0.275434 628.51 731.90 19.92 24.38 3 0.272628 552.81 295.19 31.11 44.04 0 0.272581 1731.95 13.77 31.82 18.73 0 0.271790 632.89 305.78 28.12 36.89 0 0.269924 1130.11 163.57 26.42 15.58 0 0.268614 553.42 729.78 24.59 28.05 3 0.268461 629.45 301.06 27.51 37.88 0 0.266259 435.74 395.65 27.36 22.03 0 0.263142 1445.46 2.51 31.25 26.43 0 0.262371 533.51 669.78 32.16 55.28 0 0.259828 317.17 311.73 32.18 37.45 0 0.257390 1482.12 0.00 24.90 20.02 0 0.256016 1429.90 112.73 25.79 27.03 0 0.255033 392.69 417.28 25.51 23.89 3 0.254790 1650.35 90.72 20.00 25.72 0 0.253947 1438.05 181.39 28.98 28.25 0 0.250712 721.54 419.69 31.53 53.50 0
161,0.500731 767.42 279.38 27.56 20.50 0 0.471378 745.05 245.36 26.65 23.63 0 0.463777 744.35 231.42 27.54 21.17 0 0.442668 723.92 199.87 29.50 26.05 0 0.346084 809.30 415.38 26.58 29.07 0 0.333973 807.08 403.28 28.88 27.51 0 0.308917 719.34 181.36 31.99 28.34 0
162,0.714646 910.31 584.10 24.53 48.08 0 0.702667 1739.19 494.66 38.65 49.61 0 0.695334 1738.42 651.74 41.50 53.38 0 0.692556 1719.30 584.51 35.69 48.86 0 0.670669 881.93 583.87 23.82 47.95 0 0.655902 581.41 593.24 25.37 46.75 0 0.652134 1764.38 722.54 37.09 49.02 0 0.648461 603.82 417.03 21.88 42.59 0 0.648302 1001.82 589.54 22.71 44.95 0 0.643408 960.80 408.37 19.64 42.11 0 0.642939 702.35 584.19 24.81 45.47 0 0.642489 768.48 418.31 22.65 39.81 0 0.639058 940.58 582.73 22.72 47.22 0 0.636259 716.27 414.83 20.43 40.64 0 0.628014 983.09 780.12 28.28 58.08 0 0.626152 596.69 469.58 24.22 46.08 0 0.621630 1681.88 475.07 30.13 44.89 0 0.618326 1194.67 146.63 26.83 34.78 0 0.613805 1794.02 572.17 43.01 59.54 1 0.613021 822.86 463.99 24.56 47.07 0 0.612546 630.64 414.55 21.68 42.43 0 0.610586 966.63 460.87 20.21 41.33 0 0.608778 547.48 417.88 23.46 42.02 0 0.605723 1422.11 39.85 22.15 32.35 0 0.605494 790.63 587.30 23.85 47.45 0 0.605109 1016.40 411.07 20.05 42.63 0 0.604032 674.52 586.94 24.25 45.18 0 0.601179 1051.52 456.46 21.84 44.79 0 0.600552 880.09 467.59 23.23 46.78 0 0.595543 988.17 409.03 20.37 43.03 0 0.592314 760.34 589.77 23.98 47.03 0 0.591121 935.57 415.88 19.73 41.62 0 0.587834 736.85 465.44 24.42 50.39 0 0.582293 1030.06 586.52 22.06 46.60 0 0.581105 821.65 586.56 24.17 47.87 0 0.574221 520.92 591.39 25.11 45.50 0 0.571592 510.87 650.97 24.59 49.38 0 0.567877 623.23 467.20 23.30 47.38 0 0.567825 643.48 590.58 25.43 47.86 0 0.567140 904.63 411.47 22.45 43.26 0 0.564283 821.62 415.15 22.16 42.27 0 0.563853 765.36 466.03 23.68 48.46 0 0.554618 653.47 469.49 23.70 43.65 0 0.554383 1046.75 779.96 27.35 59.72 0 0.549798 576.39 656.95 24.93 51.06 0 0.546133 794.48 418.37 22.75 38.63 0 0.541972 740.44 415.19 21.03 40.38 0 0.540954 795.73 462.69 24.12 49.72 0 0.539813 1514.59 250.23 45.62 20.46 0 0.534105 1078.25 774.06 29.33 58.92 0 0.532152 909.95 461.02 22.48 47.90 0 0.526672 567.34 471.47 24.04 45.97 0 0.525229 992.28 461.01 22.15 42.32 0 0.523047 879.97 411.99 22.31 42.85 0 0.516323 681.28 467.73 23.72 46.71 0 0.504877 1617.39 266.27 25.11 38.45 0 0.486529 1645.61 367.23 30.45 38.84 0 0.484448 1022.93 464.46 23.71 44.20 0 0.479283 556.86 593.26 20.69 44.62 0 0.473248 1222.50 458.17 21.47 51.72 1 0.472752 850.12 408.78 23.34 43.21 0 0.467313 609.93 593.66 25.53 47.28 0 0.461231 542.96 651.97 25.43 49.75 0 0.460689 1087.29 861.34 27.59 53.09 0 0.456746 711.11 462.91 23.74 50.72 0 0.454887 1222.66 461.66 21.23 68.20 1 0.450963 536.24 473.71 27.02 46.37 0 0.411687 1462.18 42.40 37.32 19.12 0 0.406558 1508.83 233.72 48.73 20.79 0 0.400632 732.64 588.64 26.12 47.01 0 0.367173 970.33 585.20 25.10 46.19 0 0.363701 1522.39 281.37 45.09 18.26 0 0.358720 1762.17 305.51 33.12 41.06 1 0.355443 854.52 469.66 23.99 45.45 0 0.338431 1516.19 275.89 47.57 20.94 0 0.330868 559.40 350.24 12.32 18.94 3 0.314297 543.16 470.72 26.33 48.47 0 0.309836 676.61 344.53 11.32 19.69 3 0.299962 1790.78 572.36 44.83 61.12 0 0.298788 1523.90 294.44 44.73 20.24 0 0.294837 1720.45 539.06 39.37 30.21 0
163,0.695503 623.79 684.40 34.54 70.43 3 0.678492 863.12 685.42 107.53 163.36 0 0.665970 960.95 656.32 101.37 161.80 0 0.662717 663.51 675.07 32.78 60.54 3 0.632900 825.26 621.39 40.50 64.84 3 0.617147 1296.25 370.42 44.58 33.28 3 0.614607 953.10 362.73 34.05 41.53 3 0.611994 374.31 855.52 89.01 172.28 0 0.600655 1147.35 210.34 105.14 63.66 1 0.600367 1299.54 363.35 45.30 34.84 3 0.600107 481.93 836.04 96.21 188.66 0 0.591381 1054.09 536.54 39.67 65.34 3 0.589392 697.88 669.89 36.22 61.42 3 0.587644 1178.38 557.15 120.46 156.55 0 0.582720 1091.59 527.55 32.63 70.62 3 0.572805 792.95 627.10 38.88 66.75 3 0.564670 1107.35 606.44 110.38 127.10 0 0.544288 692.64 427.22 60.17 36.99 3 0.539712 932.69 290.65 29.53 45.65 3 0.539364 1116.06 518.41 41.31 68.17 3 0.532704 1422.84 494.04 125.63 129.30 0 0.529967 1629.58 124.29 67.55 42.98 3 0.520860 1168.81 505.66 42.41 61.02 3 0.509652 0.00 602.58 114.27 93.45 0 0.506994 961.64 279.40 30.25 49.92 3 0.504237 1010.09 267.96 32.48 46.13 3 0.502090 247.45 875.78 99.48 196.48 0 0.492658 1332.18 514.52 127.23 158.51 0 0.489914 1207.67 490.31 35.38 64.56 3 0.486393 620.16 388.59 56.42 37.32 3 0.483173 856.30 301.01 33.16 53.95 3 0.477797 1777.12 768.86 140.79 170.77 0 0.474860 1260.17 476.31 35.01 62.63 3 0.473152 737.17 649.56 35.29 75.87 3 0.470654 506.16 398.41 43.11 44.25 3 0.467796 1472.05 183.78 42.69 39.77 3 0.467424 891.28 597.30 39.46 74.63 3 0.459024 804.41 317.67 30.60 52.25 3 0.453919 508.50 405.38 45.56 40.33 3 0.446046 863.78 612.17 37.83 59.01 3 0.441121 562.50 387.86 49.14 36.10 3 0.423062 761.21 336.03 33.99 44.21 3 0.415129 783.32 322.98 31.63 51.58 3 0.413881 1300.58 221.41 26.10 30.77 3 0.412138 1025.21 264.32 33.57 42.03 3 0.411950 718.78 387.39 49.87 30.23 3 0.408531 1749.35 102.06 35.88 40.01 3 0.406085 1789.67 132.45 42.46 35.27 3 0.381560 1328.35 896.09 154.61 183.91 0 0.377533 1226.58 480.69 38.72 65.99 3 0.376482 886.04 296.17 34.38 47.28 3 0.375172 1217.44 486.56 40.26 61.34 3 0.370362 1070.33 259.91 29.81 40.06 3 0.367376 1716.73 103.11 31.21 41.42 3 0.365382 1738.26 759.00 181.74 183.80 0 0.359456 1497.28 839.36 170.42 180.99 0 0.358955 1142.27 509.89 43.26 62.78 3 0.357733 1202.24 493.99 36.59 58.33 3 0.351300 1235.78 483.21 35.25 62.63 3 0.346435 1248.76 207.11 38.66 38.34 3 0.339850 1060.97 354.85 33.59 43.62 2 0.339068 154.95 862.23 45.15 49.16 2 0.331777 1642.25 121.52 60.92 42.40 3 0.329029 900.39 298.15 32.13 44.02 3 0.327250 1066.13 535.99 45.54 65.87 3 0.325530 794.87 321.35 36.02 52.02 3 0.324166 810.68 622.71 49.64 68.78 3 0.320632 1677.78 778.37 166.99 187.41 0 0.320628 550.41 391.41 45.90 36.94 3 0.320475 1703.06 108.75 36.03 39.94 3 0.319149 905.66 294.70 29.48 44.07 3 0.315738 1867.14 65.59 42.54 48.01 3 0.313523 1048.66 267.03 31.48 38.80 3 0.313293 1050.83 370.53 40.63 36.14 3 0.308781 1651.58 110.08 41.87 54.35 3 0.305559 1247.21 215.75 40.40 33.75 3 0.298566 882.79 597.37 41.47 68.03 3 0.296492 667.84 343.59 24.41 38.87 2 0.296360 796.56 622.62 47.16 69.71 3 0.291442 1184.94 499.61 41.45 64.76 3 0.289694 1305.99 354.67 37.39 32.49 3 0.287441 1822.03 786.97 97.25 151.52 0 0.286108 150.23 866.96 34.72 60.90 2 0.285554 1176.22 497.46 36.50 59.59 3 0.284711 633.20 679.88 39.81 70.14 3 0.276314 651.37 678.24 34.68 66.83 3 0.271816 1671.68 110.03 35.48 47.30 3 0.265538 733.04 362.64 43.32 31.14 3 0.257674 754.36 643.52 37.70 78.69 3 0.254108 1102.26 520.77 39.14 65.40 3
164,0.674869 1050.30 502.99 25.10 53.78 0 0.668756 839.47 840.38 24.47 48.12 0 0.658144 1102.24 298.04 28.19 55.43 0 0.648908 430.23 218.03 29.69 57.66 0 0.635950 1273.65 496.80 23.83 54.23 0 0.633710 1118.88 499.85 24.57 54.94 0 0.630943 428.47 98.39 29.30 51.50 0 0.630814 951.10 427.71 25.18 51.01 0 0.616066 1177.28 415.19 24.76 57.03 0 0.610494 1242.73 496.26 22.78 52.11 0 0.608508 1240.99 415.49 24.64 54.09 0 0.601746 555.81 210.71 31.30 57.13 0 0.600605 1169.07 857.46 25.00 54.67 0 0.595055 1088.53 49.22 48.04 41.29 0 0.594730 1084.81 501.37 25.39 53.30 0 0.593554 1082.04 421.39 24.70 54.35 0 0.588624 985.04 419.42 25.76 56.27 0 0.587638 1303.32 615.46 24.16 48.75 0 0.585240 1129.51 854.01 27.22 56.95 0 0.584235 797.84 700.94 52.32 26.80 0 0.579532 814.50 736.87 48.83 26.69 0 0.577940 1319.88 492.19 23.11 51.74 0 0.577379 1051.91 427.21 22.51 52.63 0 0.572561 989.93 830.78 24.62 52.10 0 0.570539 1145.09 415.99 25.52 56.75 0 0.566938 371.79 93.72 31.36 58.37 0 0.561821 1276.06 616.45 23.13 49.50 0 0.552686 1274.95 414.09 24.11 54.85 0 0.552366 524.00 214.70 28.21 53.11 0 0.550187 507.87 340.02 28.89 56.18 0 0.541745 1180.80 495.61 25.50 51.83 0 0.537309 1207.93 418.27 25.53 54.26 0 0.535904 1064.59 839.68 26.24 47.26 0 0.523507 872.64 835.40 24.88 46.66 0 0.521550 1240.23 613.79 24.34 46.56 0 0.515821 814.00 773.38 47.11 24.85 0 0.512433 347.29 537.63 30.76 59.26 0 0.509897 1020.62 420.06 25.78 50.50 0 0.506795 419.75 531.50 27.74 51.07 0 0.499623 647.70 333.71 28.15 57.09 0 0.499583 467.39 340.48 31.62 59.65 0 0.498783 1315.92 759.91 46.78 24.67 0 0.497777 447.34 531.14 28.53 51.05 0 0.495055 1100.18 836.30 23.54 49.40 0 0.490514 901.18 510.41 26.08 53.46 0 0.486018 488.76 212.89 28.83 60.53 0 0.480881 1084.96 610.38 51.55 26.33 0 0.468939 1309.48 417.18 25.50 51.06 0 0.468485 949.48 122.24 37.51 46.66 0 0.467304 1351.60 487.58 27.81 57.03 0 0.463302 920.32 431.76 27.28 53.49 0 0.457301 387.20 534.21 25.09 59.09 0 0.443061 800.14 835.57 27.11 52.03 0 0.440033 940.09 53.58 31.46 52.29 0 0.416449 866.65 524.89 24.64 46.72 0 0.408092 1099.28 99.89 50.28 52.16 0 0.398882 1127.59 859.76 26.65 58.26 0 0.393245 1211.64 492.35 26.62 56.59 0 0.387461 1324.47 760.58 46.18 23.22 0 0.327266 876.63 835.95 25.49 44.95 0 0.324418 1293.78 721.33 50.63 25.42 0 0.279205 1294.81 717.10 47.62 25.11 0 0.268403 838.24 239.26 28.54 55.87 0
165,0.656587 674.58 5.91 23.71 36.00 0 0.621119 596.78 382.64 27.48 48.57 0 0.549909 539.93 628.29 31.30 54.66 0 0.478002 647.23 134.22 24.73 35.13 0 0.363704 584.75 586.72 31.92 56.57 0
166,0.707341 1334.73 419.52 43.07 40.40 0 0.702812 666.00 681.48 34.57 44.92 0 0.685629 275.60 722.85 35.81 50.35 0 0.676936 400.59 668.07 36.99 47.43 0 0.676351 266.16 885.50 34.84 55.17 0 0.660154 1662.17 674.17 52.16 56.36 0 0.645232 519.45 759.55 36.86 45.43 0 0.643934 570.37 516.90 30.02 37.44 0 0.636545 1379.31 464.15 38.39 38.15 0 0.632991 178.60 771.20 40.78 58.26 0 0.627010 427.10 656.84 35.72 46.96 0 0.626096 1294.83 369.95 38.81 39.43 0 0.624224 432.11 584.39 31.51 40.94 0 0.622967 627.19 551.97 32.26 38.49 0 0.615164 901.14 882.20 37.44 49.08 0 0.607228 548.53 598.45 36.80 47.85 0 0.600625 600.82 574.19 31.96 34.97 0 0.600479 628.27 492.44 28.03 40.26 0 0.597290 422.09 802.33 39.11 49.40 0 0.595981 575.59 720.49 35.43 45.74 0 0.594018 548.16 537.22 30.89 41.52 0 0.590711 251.62 966.87 37.22 58.31 0 0.586707 458.32 788.20 35.17 45.94 0 0.586251 827.76 831.22 38.30 47.22 0 0.584524 232.20 897.74 34.13 56.88 0 0.576421 126.96 723.80 38.85 51.01 0 0.575816 192.05 916.15 36.26 52.07 0 0.574753 326.55 853.34 41.88 50.17 0 0.573500 1822.36 719.30 54.29 45.61 0 0.572577 374.89 615.11 35.52 43.32 0 0.571660 598.35 502.97 27.40 38.37 0 0.571566 516.44 606.58 36.00 51.97 0 0.569151 493.27 552.46 28.61 45.36 0 0.569000 606.38 703.89 30.46 49.10 0 0.567817 372.70 680.07 36.14 51.92 0 0.567334 305.23 712.77 38.68 47.85 0 0.563720 197.78 699.70 33.33 44.44 0 0.556518 855.28 803.57 40.70 52.15 0 0.544492 697.42 667.82 30.82 44.40 0 0.544369 671.67 169.40 28.24 36.32 0 0.543873 314.22 632.30 34.79 46.91 0 0.533175 363.24 824.13 34.25 53.31 0 0.528186 218.06 750.56 37.86 49.99 0 0.528008 1610.33 669.80 43.93 46.21 0 0.522666 460.94 564.23 30.71 43.67 0 0.511775 662.10 552.99 32.43 35.41 0 0.511068 514.46 546.75 31.91 43.67 0 0.509973 214.45 984.55 37.78 59.46 0 0.507053 678.91 528.69 36.80 36.40 0 0.506373 296.69 867.98 38.67 56.71 0 0.502419 771.56 862.85 41.18 54.07 0 0.502178 637.20 696.40 28.56 42.86 0 0.498173 295.79 956.35 34.95 55.24 0 0.489006 357.61 832.26 38.39 48.95 0 0.484109 249.19 742.40 35.75 50.19 0 0.481973 1023.83 180.53 43.44 20.28 0 0.473866 1221.92 293.23 36.05 30.64 0 0.468185 600.67 559.26 31.84 42.78 0 0.466593 492.79 625.09 32.20 47.71 0 0.463101 340.36 692.87 33.17 45.93 0 0.457462 723.18 652.62 30.77 42.67 0 0.454054 459.28 633.24 34.93 52.04 0 0.448557 996.31 135.17 45.04 21.94 0 0.444208 1381.76 473.26 42.12 35.53 0 0.443567 429.30 588.74 32.20 41.49 0 0.438658 666.14 536.07 38.58 37.26 0 0.431914 424.42 665.44 37.61 42.35 0 0.429897 221.90 678.99 32.36 46.75 0 0.427395 256.36 886.03 40.72 59.92 0 0.424618 1152.99 203.41 30.59 28.96 0 0.423198 385.51 815.22 38.78 49.84 0 0.422156 492.77 771.51 31.59 47.53 0 0.415905 403.23 602.18 32.17 43.08 0 0.413818 1606.58 664.89 43.31 40.75 0 0.407329 1000.92 154.72 46.47 22.11 0 0.405903 1218.85 278.73 38.17 31.95 0 0.394455 693.64 662.99 30.75 47.34 0 0.390335 150.22 786.34 33.10 48.67 0 0.389179 1012.62 159.84 43.73 22.32 0 0.385779 463.90 638.99 34.22 45.40 0 0.385289 1312.98 316.67 31.76 30.92 0 0.379485 824.43 823.03 35.11 45.12 0 0.370628 229.10 748.15 45.54 51.42 0 0.367060 1154.79 216.97 32.12 26.02 0 0.366195 1239.28 278.69 36.51 31.20 0 0.360094 299.17 959.98 35.65 58.84 0 0.350268 594.33 711.43 40.85 51.11 0 0.349002 676.28 523.11 33.49 36.59 0 0.338600 97.89 653.69 19.86 27.26 3 0.323339 819.20 42.52 28.50 22.57 0 0.318788 408.04 593.17 32.99 40.46 0 0.297738 473.22 630.11 40.83 48.82 0 0.297180 841.14 451.88 27.49 39.13 1 0.295095 503.55 544.78 32.86 47.22 0 0.291394 355.73 677.00 41.94 53.28 0 0.289946 262.75 728.01 42.88 57.95 0 0.289029 647.97 537.64 34.05 39.38 0 0.288155 327.06 628.66 42.33 49.93 0 0.286162 1268.66 324.93 30.83 26.77 0 0.277071 451.45 641.91 40.56 48.50 0 0.271632 194.16 698.48 42.43 50.61 0 0.269263 610.94 702.42 32.03 46.49 0 0.267111 348.27 623.70 29.88 42.90 0 0.266988 269.78 573.42 17.98 21.70 3 0.266031 831.38 41.11 28.31 24.14 0 0.265218 1164.20 199.69 37.40 29.18 0 0.255600 244.74 588.77 13.84 17.49 3 0.253152 475.70 553.75 33.63 44.62 0 0.252473 152.80 790.40 36.37 54.47 0
167,0.515022 0.00 406.80 165.62 94.81 0
168,0.670095 910.76 543.93 70.03 39.33 1 0.409064 1021.77 612.50 36.40 17.23 0 0.396553 644.63 488.18 22.69 18.11 0 0.332953 1031.57 546.93 30.71 14.52 0 0.330082 91.12 778.99 27.38 22.32 0 0.321521 1009.44 546.79 28.94 15.18 0
169,0.734101 1664.64 982.66 75.23 43.76 3 0.676108 1146.10 454.50 110.48 43.88 0 0.669101 1262.77 721.75 34.08 50.91 3 0.666947 1580.29 819.51 64.13 38.68 3 0.641662 1314.63 723.59 34.98 58.99 3 0.628769 1017.39 450.37 96.55 42.72 0 0.619334 1414.71 457.17 115.61 45.01 0 0.617246 1287.75 455.29 111.90 46.67 0 0.604169 1128.69 609.52 152.07 79.26 1 0.582546 931.76 510.40 111.78 47.25 0 0.565442 416.25 1003.51 89.32 76.49 0 0.554866 528.99 320.92 19.09 22.17 3 0.544097 1883.06 923.86 36.94 40.06 3 0.468969 1804.29 788.70 54.19 43.60 3 0.466280 1584.36 813.28 58.63 36.49 3 0.377205 178.16 758.14 34.18 53.62 3 0.374328 1702.84 591.71 19.26 28.40 2 0.369260 1799.47 777.40 55.27 46.26 3 0.366654 121.42 576.46 39.42 26.96 3 0.360535 342.91 369.56 36.52 21.87 3 0.343556 1880.40 932.16 38.87 38.29 3 0.336204 1847.84 847.79 28.47 39.37 2 0.324628 0.00 957.35 57.29 106.91 0 0.322870 1418.82 463.86 120.08 55.55 0 0.299225 120.34 571.54 36.28 26.37 3 0.296017 0.00 444.60 43.72 55.30 0 0.291403 419.81 654.89 41.25 28.83 3 0.280733 914.74 452.52 29.75 22.74 3 0.278546 310.21 417.48 36.97 20.65 3 0.277051 318.75 401.95 36.24 21.39 3 0.271102 340.78 374.35 32.89 20.43 3 0.266704 1789.15 593.51 33.34 28.06 3 0.256895 1146.84 602.33 142.65 75.29 1
170,0.435629 614.87 275.53 24.70 41.93 0 0.428529 561.86 565.15 31.90 55.57 0 0.397274 632.29 130.66 23.55 40.87 0 0.373431 509.91 851.30 35.11 62.21 0 0.337515 609.63 278.25 25.44 43.40 0
171,0.764504 894.74 555.41 66.04 35.96 1 0.486075 618.95 495.01 21.27 17.61 0 0.374295 986.32 564.24 24.83 15.27 0 0.304774 1004.58 632.29 31.19 17.58 0 0.284241 1005.80 569.28 30.42 15.29 0
172,
173,0.604425 0.00 104.16 34.46 23.65 0 0.577577 81.00 280.07 47.73 34.09 0 0.556941 606.17 7.28 39.78 22.04 0 0.526017 90.90 76.18 44.52 25.19 0 0.507146 45.99 292.99 47.31 30.01 0 0.504825 155.32 160.88 48.95 24.43 0 0.499712 41.94 93.69 37.68 23.90 0 0.455216 409.82 66.83 40.63 24.62 0 0.437941 56.99 289.88 52.36 39.60 0 0.429988 389.95 0.00 42.98 20.13 0 0.427429 578.05 200.31 30.59 41.61 0 0.398264 264.43 591.73 15.76 18.18 2 0.392312 571.57 195.37 31.90 35.09 0 0.360864 305.66 594.48 15.62 18.07 2 0.349710 282.89 27.09 37.71 21.83 0 0.334698 152.91 164.79 46.96 25.26 0 0.322159 263.48 581.34 16.36 20.25 2 0.320273 80.95 473.65 14.20 19.00 2 0.316279 232.92 580.92 15.95 17.40 2 0.313666 180.93 462.46 17.71 16.24 2 0.298664 251.87 662.14 13.89 15.14 2 0.290897 251.11 541.31 14.79 17.99 2 0.285062 83.87 82.34 45.52 23.21 0 0.283118 137.94 61.54 49.36 29.29 1 0.281898 137.72 54.51 49.21 28.35 1 0.279201 218.86 663.77 16.91 18.09 2 0.272701 412.21 63.50 40.08 24.44 0 0.262074 137.48 54.81 49.61 30.13 0 0.262070 120.36 509.32 15.77 20.36 2
174,0.558701 863.21 560.58 23.01 25.34 0 0.547670 911.44 568.98 18.12 23.37 0 0.512203 357.59 699.62 21.72 24.60 0 0.511331 316.50 689.28 28.93 23.41 0 0.464925 558.37 729.99 22.28 24.24 0 0.460366 388.89 699.29 19.59 25.28 0 0.449485 982.38 620.57 21.41 20.09 0 0.432895 352.85 614.24 30.20 16.15 0 0.384677 1083.02 632.37 18.55 19.18 0 0.381329 569.39 658.90 26.51 16.01 0 0.377924 578.84 733.30 20.31 23.33 0 0.367349 880.80 562.19 22.54 23.71 0 0.312672 1180.66 634.55 16.43 18.52 0 0.310111 437.86 712.59 21.68 17.61 0 0.305998 530.36 656.89 27.67 18.91 0 0.297879 644.14 736.66 19.48 24.48 0 0.296612 448.53 713.19 22.92 20.40 0 0.281321 597.55 739.26 19.32 24.22 0 0.278996 359.75 694.15 20.81 24.80 0
175,0.582783 696.71 455.09 25.08 47.23 0 0.573330 662.17 793.72 32.25 64.65 0 0.446266 710.56 285.03 24.55 44.38 0 0.418087 737.96 13.22 22.87 41.17 0
176,0.269363 973.92 451.62 43.27 27.38 0
177,0.709365 940.07 357.05 23.50 42.07 3 0.592065 1113.12 881.22 92.58 137.21 0 0.587153 686.18 585.38 41.73 23.00 3 0.546800 672.74 629.35 57.10 36.32 3 0.539119 693.17 466.68 55.18 101.49 1 0.523891 940.46 349.59 23.32 35.64 3 0.510070 620.42 909.84 64.14 35.79 3 0.496710 633.40 852.97 63.78 32.11 3 0.491973 624.73 894.55 63.69 36.53 3 0.473326 653.87 725.05 60.35 32.62 3 0.469497 652.72 770.89 57.92 35.95 3 0.465499 653.43 753.56 57.45 32.98 3 0.452249 638.03 824.20 59.81 34.51 3 0.442172 635.80 846.14 63.51 33.70 3 0.440330 1076.17 737.60 74.38 121.23 0 0.429658 656.78 677.74 62.45 33.71 3 0.426409 644.74 798.06 59.62 33.76 3 0.420838 670.62 635.10 56.14 35.17 3 0.408783 679.39 617.44 49.59 27.24 3 0.366008 627.35 900.87 64.81 35.46 3 0.360459 655.71 700.10 62.17 35.09 3 0.335329 630.49 860.58 65.90 33.60 3 0.295591 663.04 653.67 60.60 29.62 3 0.274358 1040.48 862.94 27.71 52.94 3
178,0.729975 728.43 686.08 40.08 39.51 1 0.556238 1267.26 305.44 30.41 16.68 0 0.489033 1005.37 472.55 34.32 22.64 0 0.478086 496.88 1018.40 53.04 36.68 0 0.471993 484.27 1025.72 58.25 41.58 0 0.441192 571.18 963.45 38.39 35.23 0 0.425039 608.88 919.17 55.54 41.97 0 0.383412 863.35 742.83 32.85 35.53 0 0.377902 1650.72 636.25 19.45 32.05 0 0.356200 604.95 924.30 56.84 45.98 0 0.327313 1225.58 904.12 35.71 24.81 0 0.304760 1636.32 564.86 26.83 25.33 0 0.289632 864.75 531.19 28.59 38.97 0 0.284664 867.78 738.10 31.83 35.88 0 0.273462 692.36 735.41 22.65 18.15 1
179,0.429399 890.05 706.48 24.59 53.17 0 0.312192 1166.65 973.18 72.58 36.37 0
180,0.610262 1011.71 674.79 111.58 61.90 0 0.603671 1495.45 631.21 61.94 29.14 3 0.597366 700.29 625.07 113.24 68.18 0 0.585122 997.16 736.50 116.86 68.76 0 0.583942 1188.00 668.07 113.64 64.51 0 0.582896 1056.06 555.59 123.73 69.34 0 0.578657 593.44 879.64 122.11 71.68 0 0.578309 1079.19 501.46 122.71 59.38 0 0.573927 1226.35 539.53 128.80 79.98 0 0.567620 1164.63 720.84 109.34 62.10 0 0.555182 1106.21 919.41 120.21 77.63 0 0.555000 1089.48 991.69 112.55 70.61 0 0.552161 974.49 800.37 118.56 69.54 0 0.548774 611.76 822.13 121.78 74.23 0 0.546889 656.95 758.58 123.61 66.18 0 0.546714 683.54 699.80 118.20 63.01 0 0.542855 805.51 398.35 106.86 65.58 0 0.540430 565.23 949.92 130.84 69.80 0 0.538064 523.98 1006.26 130.28 70.95 0 0.534936 595.14 456.61 105.51 62.75 0 0.531996 719.11 565.91 115.21 66.53 0 0.531233 746.63 506.17 114.73 65.20 0 0.528266 1399.46 972.02 45.75 25.55 3 0.528137 1103.56 911.87 114.55 70.05 0 0.524250 1029.35 618.32 122.96 65.89 0 0.520068 771.98 461.76 112.85 64.40 0 0.517213 635.89 399.74 110.66 64.09 0 0.513346 798.20 386.45 106.66 63.82 0 0.509395 909.52 925.98 129.48 75.50 0 0.507736 952.87 864.31 110.52 64.43 0 0.505735 668.72 341.73 108.96 63.96 0 0.498842 881.57 983.93 139.77 73.14 0 0.495067 668.77 350.27 121.87 66.68 0 0.494133 1408.33 926.03 55.67 31.10 3 0.490837 993.62 725.43 120.13 67.52 0 0.490740 30.40 388.64 74.74 48.08 0 0.490407 609.54 459.40 101.07 67.49 0 0.489670 875.84 995.41 145.50 80.94 0 0.485227 1078.50 490.73 109.69 60.92 0 0.480733 32.67 395.01 68.33 52.55 0 0.477636 657.18 410.71 96.05 61.17 0 0.470728 1502.08 601.60 59.65 29.86 3 0.459736 679.60 714.25 116.92 64.42 0 0.458933 824.53 403.66 92.64 64.39 0 0.452860 968.52 785.23 123.27 75.55 0 0.443892 712.75 551.61 115.23 69.21 0 0.436602 1418.58 892.77 57.70 29.71 3 0.433435 1385.74 1011.43 53.46 28.60 3 0.419299 1025.42 611.63 102.78 66.43 0 0.419018 759.13 517.75 108.32 58.50 0 0.410505 662.43 748.67 125.32 66.95 0 0.403245 1179.34 658.26 119.44 64.52 0 0.389114 1044.69 1037.49 121.15 42.51 0 0.384300 40.34 343.35 95.85 54.67 0 0.376669 1098.77 933.46 132.98 71.41 0 0.369579 71.46 394.41 68.16 45.54 0 0.365608 562.70 935.47 128.55 72.63 0 0.350380 1199.59 631.02 104.05 52.57 0 0.324333 1019.69 682.22 113.39 63.12 0 0.321590 612.99 806.67 136.12 58.95 0 0.303105 895.19 937.40 140.43 78.25 0 0.292845 759.07 479.18 112.73 56.46 0 0.292516 1183.12 633.98 115.70 67.75 0 0.288557 596.86 872.92 122.22 63.04 0 0.282012 699.48 635.95 123.73 67.03 0 0.276954 735.72 577.07 102.99 57.97 0 0.276327 609.67 811.38 127.36 72.22 0 0.262742 985.56 868.88 96.52 70.25 0 0.256848 1403.17 944.20 55.92 27.32 3 0.252770 580.66 886.24 123.83 77.15 0 0.251211 697.66 358.30 94.74 60.34 0
181,0.647934 388.72 798.58 66.97 29.96 0 0.605227 146.71 744.38 31.59 61.82 0 0.603542 181.07 744.93 36.86 60.83 0 0.588383 64.86 745.71 40.26 63.44 0 0.588376 838.88 500.99 26.76 48.55 0 0.559075 849.61 592.77 68.66 32.40 0 0.554081 1162.82 518.26 57.39 28.80 0 0.549428 14.65 753.85 40.47 64.17 0 0.523726 1580.78 193.41 28.63 36.62 0 0.522582 1609.28 30.75 34.49 33.62 0 0.509151 644.11 433.41 20.88 35.81 0 0.506964 615.46 372.96 27.30 42.55 0 0.498150 896.81 491.04 26.76 50.91 0 0.497906 1576.18 37.94 29.90 31.11 0 0.497515 686.44 495.37 28.29 51.08 0 0.497310 1649.18 21.04 31.37 33.77 0 0.483549 867.69 498.78 25.12 50.77 0 0.482458 652.15 483.96 33.14 56.68 0 0.459979 1514.18 59.84 49.75 27.70 0 0.447575 309.39 275.19 37.55 30.64 1 0.369172 740.27 348.53 38.99 51.58 1 0.369023 1559.16 295.95 36.04 35.95 0 0.355789 1501.94 59.39 55.86 27.70 0 0.351204 672.76 487.55 33.80 55.62 0 0.350185 661.92 485.15 35.44 57.45 0 0.346753 1290.94 1067.63 30.74 12.37 3 0.345731 1580.66 186.53 32.85 38.28 0 0.304082 6.95 754.96 43.52 66.93 0 0.274290 1602.52 199.43 33.17 40.84 0 0.262140 984.42 516.35 29.49 25.19 0 0.251712 1576.59 46.64 29.11 29.57 0 0.251024 318.41 272.94 37.04 27.02 1
182,0.506008 934.70 970.11 53.43 102.90 0
183,0.603240 844.10 522.10 54.99 18.97 0 0.602156 775.38 519.60 52.47 19.66 0 0.590586 1095.51 540.29 54.13 21.91 0 0.559161 1035.75 533.00 49.18 22.12 0 0.551046 836.43 520.40 57.00 21.93 0 0.547279 1099.74 537.29 52.54 22.53 0 0.541489 1164.27 542.26 51.03 24.05 0 0.529501 1231.07 546.98 50.54 23.60 0 0.509357 910.82 525.11 44.17 21.57 0 0.397944 768.84 521.22 53.99 20.35 0 0.397807 523.81 491.97 51.58 22.17 0 0.386622 973.47 531.03 47.70 22.88 0 0.370887 515.16 490.82 54.32 25.12 0 0.368815 974.93 525.83 45.82 23.67 0
184,0.678138 911.36 544.14 62.37 25.26 0 0.643498 651.23 534.75 73.79 28.73 0 0.641008 829.56 540.87 64.31 28.79 0 0.616681 743.74 539.23 67.81 26.39 0 0.528123 1249.06 555.90 64.09 25.79 0 0.526965 1169.37 555.54 67.82 32.27 0 0.488919 1077.90 551.72 68.99 28.55 0 0.467659 995.22 546.88 64.26 28.03 0 0.435360 484.99 520.66 71.47 31.12 0 0.392335 307.58 515.42 78.74 31.38 0 0.345328 1157.96 553.34 70.23 31.33 0 0.281496 1171.49 549.16 67.67 30.80 0
185,0.641369 1687.47 557.00 76.69 120.01 0 0.606075 878.87 172.50 48.15 40.51 0 0.593950 426.66 170.68 87.60 38.28 0 0.584298 630.87 145.86 50.97 36.03 0 0.582098 1098.28 286.32 110.13 51.62 0 0.580236 1658.70 0.30 38.30 41.10 0 0.580110 835.60 246.77 110.66 53.33 0 0.579540 971.15 270.61 110.83 53.15 0 0.578587 985.78 188.59 51.11 35.69 0 0.537223 283.61 196.50 88.61 63.53 0 0.533444 1229.98 310.06 95.45 39.94 0 0.530633 47.59 152.36 97.23 65.57 0 0.523139 1696.82 697.73 91.35 130.14 0 0.521180 1513.78 216.42 80.25 48.39 0 0.511238 236.43 186.48 60.84 62.09 0 0.495498 148.10 167.11 72.36 59.23 0 0.494081 179.72 175.54 72.12 64.96 0 0.487441 4.28 332.46 64.62 89.77 0 0.481602 110.01 380.72 127.54 82.46 0 0.480483 428.14 172.42 95.93 44.95 0 0.471039 726.87 162.84 46.81 33.36 0 0.470462 1058.54 195.88 54.67 44.60 0 0.466814 0.63 150.03 75.22 66.52 0 0.434539 3.63 142.70 87.43 68.29 0 0.417853 1348.73 314.42 75.79 48.37 0 0.402226 1.77 543.80 42.70 78.16 1 0.395510 731.18 150.06 43.06 40.83 0 0.395281 164.80 168.77 83.33 67.37 0 0.389456 1230.38 313.46 110.88 48.14 0 0.371137 1092.14 290.72 121.99 58.33 0 0.366232 144.82 100.07 30.37 26.57 3 0.346278 302.12 575.98 46.58 48.70 3 0.341783 1740.02 871.64 98.01 141.46 0 0.338974 0.00 544.13 65.18 78.89 1 0.336925 224.10 175.01 55.18 62.12 0 0.331569 18.93 0.00 30.97 19.71 3 0.324166 16.17 134.95 90.62 61.68 0 0.317805 0.00 324.45 58.84 85.09 0 0.315801 1852.55 147.32 66.03 68.51 0 0.309524 92.93 740.74 26.88 39.34 2 0.304141 1348.98 321.88 70.55 50.79 0 0.294095 45.11 158.25 78.30 63.77 0 0.280582 427.98 177.52 100.54 49.64 0 0.272253 1514.33 199.01 81.65 59.26 0 0.264089 1056.12 205.83 55.73 38.15 0
186,0.670382 713.30 553.58 31.61 55.80 0 0.647106 1002.36 293.20 27.12 47.87 0 0.644786 1052.38 753.17 37.94 63.70 0 0.636997 1865.45 577.88 42.09 63.48 0 0.636778 592.86 350.20 25.36 53.62 0 0.632431 1845.15 504.32 39.28 58.76 0 0.632088 493.85 361.93 30.93 55.43 0 0.629905 597.02 661.18 28.40 59.03 0 0.628149 914.37 526.61 28.21 59.91 0 0.625277 649.30 567.26 30.49 59.99 0 0.624941 501.46 435.23 31.05 61.48 0 0.624265 759.32 401.82 29.24 56.45 0 0.622827 1077.59 514.99 28.93 55.57 0 0.620925 908.04 311.49 27.99 50.98 0 0.618877 1010.98 518.08 28.95 58.45 0 0.617634 517.59 586.97 29.84 58.73 0 0.616696 856.98 391.03 30.02 54.91 0 0.616523 1171.96 827.63 30.69 55.74 0 0.612612 977.98 524.28 30.02 56.66 0 0.610589 1119.13 741.34 34.43 65.23 0 0.608305 1276.81 333.41 32.87 72.26 1 0.606775 568.71 426.63 29.31 60.77 0 0.606564 793.41 393.60 28.60 58.21 0 0.602853 556.05 582.32 27.89 60.32 0 0.600429 1609.65 56.08 55.18 24.25 0 0.599177 1750.99 146.89 34.99 51.82 0 0.599115 614.30 576.89 31.02 59.05 0 0.595024 849.85 539.17 29.69 61.99 0 0.592570 1050.45 359.37 28.59 55.02 0 0.588633 686.11 555.81 30.30 56.33 0 0.586147 1081.43 351.71 27.70 52.70 0 0.586137 982.46 362.98 30.08 55.28 0 0.585697 888.68 383.21 31.09 62.52 0 0.585428 878.59 311.50 27.61 51.83 0 0.584316 1045.60 518.21 26.85 52.63 0 0.582351 813.73 543.87 31.93 58.29 0 0.582337 941.73 307.69 25.81 52.59 0 0.579789 746.76 553.92 30.26 59.03 0 0.576787 583.41 581.25 28.40 57.46 0 0.575751 1033.66 291.89 26.94 48.84 0 0.573888 1786.99 279.30 39.39 60.21 0 0.571626 603.76 421.62 27.11 57.85 0 0.569211 522.24 660.16 29.98 61.94 0 0.567065 721.65 332.36 26.15 52.16 0 0.566603 750.96 332.54 29.76 54.67 0 0.562293 662.03 407.34 30.36 61.54 0 0.560208 848.44 309.80 26.62 52.11 0 0.558187 556.53 656.07 31.45 64.42 0 0.557375 780.58 549.90 29.05 54.84 0 0.553398 923.29 380.90 31.62 62.20 0 0.550954 688.60 331.55 28.97 57.01 0 0.530377 946.68 525.00 29.80 62.84 0 0.524588 810.90 319.28 27.45 55.36 0 0.523823 697.78 405.62 27.72 56.60 0 0.522995 1824.80 428.28 37.28 63.13 0 0.520028 1153.57 730.48 34.94 68.95 0 0.517657 633.01 415.59 27.17 57.53 0 0.515316 783.17 332.25 27.88 50.62 0 0.507658 816.10 316.61 28.16 56.22 0 0.493426 535.80 433.37 27.97 60.12 0 0.486931 1017.10 360.15 28.58 54.04 0 0.484931 973.15 294.62 27.22 50.97 0 0.477228 560.81 355.09 28.23 54.99 0 0.451824 827.46 391.77 28.50 56.28 0 0.441972 731.79 405.59 28.25 57.47 0 0.430859 460.34 274.08 17.24 23.73 3 0.418931 1606.25 27.70 56.78 26.22 0 0.411903 1722.73 23.39 25.53 39.00 0 0.410734 628.40 250.47 13.03 22.03 3 0.401716 656.90 248.72 12.53 23.36 3 0.383191 485.48 271.61 15.70 22.95 3 0.349039 1254.04 162.78 16.38 21.80 3 0.338484 676.08 250.62 12.54 22.23 3 0.332415 1601.06 0.00 56.56 23.28 0 0.331361 1598.31 1.91 60.95 27.66 0 0.298586 676.02 986.99 24.41 49.74 0 0.274967 1755.92 143.10 40.04 51.70 0 0.274824 728.76 399.47 27.30 58.27 0 0.272700 795.14 406.56 28.15 54.08 0 0.268964 1750.76 139.70 33.06 49.14 0
187,0.503031 721.07 607.57 59.46 52.57 1 0.502838 287.44 679.53 19.66 20.47 0 0.462715 942.03 662.79 20.16 19.18 0 0.462325 792.27 590.21 20.66 20.93 0 0.413917 310.00 680.39 20.72 20.88 0 0.365993 261.56 667.25 21.34 16.94 0 0.364818 246.54 667.29 24.02 16.99 0 0.356385 838.34 594.24 18.77 17.84 0 0.337929 820.68 593.18 15.95 19.03 0 0.318943 450.34 716.42 22.86 23.58 0 0.299882 315.93 598.52 23.78 18.00 0 0.298934 792.59 521.64 18.20 12.32 0 0.274624 508.00 642.11 20.87 16.64 0
188,0.625453 714.54 255.81 35.07 17.28 3 0.611842 724.92 231.87 30.73 12.58 3 0.555337 744.24 138.04 34.67 16.66 3 0.538848 711.11 273.95 37.16 21.55 3 0.529273 757.06 88.62 30.09 15.51 3 0.510933 972.73 226.88 43.08 59.22 0 0.494994 960.84 103.62 30.39 60.16 0 0.426849 728.18 228.35 34.33 17.78 3 0.418460 763.59 58.82 28.64 16.93 3 0.400882 919.74 434.32 21.78 38.42 3 0.368325 750.03 112.94 31.17 14.38 3 0.353685 821.91 155.94 17.94 25.20 3 0.343317 971.56 195.10 39.04 44.30 0 0.319168 728.12 207.76 28.59 14.14 3 0.304022 962.81 116.19 30.89 58.04 0 0.279566 730.91 208.56 31.56 14.73 3 0.277117 972.50 238.28 42.87 59.77 0 0.269776 984.26 340.20 33.55 43.86 0 0.252675 752.87 108.91 34.39 15.30 3
189,0.651617 335.12 164.02 143.13 60.75 0 0.476830 565.82 313.01 165.86 68.60 0 0.461388 672.82 421.15 105.68 73.00 0 0.391914 655.87 404.71 126.41 70.02 0 0.380701 514.91 293.99 122.29 64.57 0 0.316089 621.63 386.58 141.48 61.37 0 0.296210 549.33 307.43 148.53 64.62 0 0.282312 515.76 296.11 165.28 64.15 0 0.266672 575.37 351.13 190.61 71.70 0
190,0.299386 871.47 625.06 25.72 47.81 1 0.266826 761.76 637.59 33.15 18.53 0
191,0.725664 155.90 484.14 150.45 74.17 1 0.654262 751.16 913.38 200.78 107.00 0 0.650704 778.94 412.25 129.98 68.85 0 0.641160 1197.84 123.35 89.78 46.22 0 0.637067 821.57 500.94 147.33 68.41 0 0.609552 785.53 178.49 104.25 49.78 0 0.607780 1477.02 717.75 130.76 170.88 0 0.601313 645.68 480.05 137.03 74.32 0 0.600333 469.94 262.24 106.90 51.65 0 0.593058 377.39 233.28 108.96 54.36 0 0.591558 505.22 210.18 98.06 52.11 0 0.588725 610.18 361.06 125.13 61.02 0 0.584015 1068.03 412.74 136.00 78.34 0 0.582138 323.60 714.14 170.93 80.22 0 0.581907 736.39 313.71 121.37 59.27 0 0.578600 82.54 264.98 115.15 52.70 0 0.559658 700.59 690.07 166.52 93.69 0 0.556168 320.99 650.95 170.29 84.40 0 0.554527 1045.66 364.21 128.88 69.60 0 0.551296 245.42 241.16 115.57 58.90 0 0.551237 306.20 941.87 207.91 103.21 0 0.551229 313.17 720.41 189.12 90.62 0 0.547131 1182.89 594.48 147.60 75.45 0 0.546038 309.72 785.96 190.41 101.71 0 0.542812 1222.29 660.62 153.67 90.42 0 0.538040 0.00 266.58 49.50 65.55 0 0.537889 1142.51 489.47 115.91 65.82 0 0.528663 643.56 190.65 102.17 50.93 0 0.525486 315.43 421.70 138.14 66.03 0 0.518746 1155.76 537.36 145.49 82.17 0 0.514242 686.15 624.12 144.99 75.51 0 0.513118 309.86 539.27 149.79 75.45 0 0.503806 159.75 443.96 136.02 59.28 0 0.501471 1123.84 489.05 139.52 80.83 0 0.490075 150.14 471.48 159.83 76.60 1 0.486361 320.44 601.81 154.26 68.79 0 0.482157 1149.85 529.01 146.44 74.32 0 0.470221 314.83 568.54 157.64 75.80 0 0.470091 318.63 491.50 140.28 75.94 0 0.461411 697.49 675.90 168.70 91.07 0 0.455158 372.07 219.89 113.84 54.50 0 0.455054 711.92 282.27 111.77 47.24 0 0.440463 323.21 613.92 154.92 71.07 0 0.440292 327.44 454.82 146.95 58.78 0 0.384788 1208.62 644.56 153.69 80.14 0 0.373427 325.63 487.35 142.35 62.14 0 0.369891 731.70 278.83 107.55 46.91 0 0.361340 312.09 754.97 187.04 89.23 0 0.356736 1845.43 867.85 74.57 103.79 0 0.355295 314.33 933.00 218.52 90.30 0 0.346289 314.39 438.92 147.74 64.33 0 0.332866 1164.22 555.73 144.32 78.74 0 0.321171 656.97 186.19 93.88 49.97 0 0.319691 1470.50 709.98 122.22 148.04 0 0.318506 1137.54 509.24 149.23 80.68 0 0.312846 307.79 554.85 157.00 79.05 0 0.311933 1195.99 626.54 157.12 78.18 0 0.311337 766.92 406.99 121.43 63.88 0 0.309987 742.56 925.21 226.86 112.03 0 0.296655 340.33 426.39 141.42 69.34 0 0.294602 1199.62 112.63 87.19 47.23 0 0.288645 690.08 657.19 170.29 85.59 0 0.285704 317.44 667.36 172.54 84.84 0 0.285236 321.26 532.73 145.38 67.59 0 0.280735 685.46 637.97 161.33 88.32 0 0.270418 302.43 956.69 218.44 118.24 0 0.267644 483.52 241.26 106.94 53.42 0 0.260293 731.41 299.36 127.52 57.01 0
192,0.650322 356.89 575.21 23.64 37.98 0 0.615621 311.72 575.93 25.08 32.36 0 0.601764 476.80 496.99 36.74 20.77 0 0.593483 576.79 601.05 25.03 35.53 0 0.591608 678.94 605.09 23.10 35.94 0 0.590329 859.78 397.53 50.15 75.83 1 0.589567 415.24 581.87 23.95 32.09 0 0.515514 519.36 498.10 35.57 21.01 0 0.510028 330.43 576.33 22.82 34.28 0 0.480190 605.53 611.39 18.28 30.44 0 0.469576 1050.11 421.87 22.90 31.05 0 0.453372 916.64 345.44 19.72 31.15 0 0.432092 523.12 14.15 35.12 21.79 0 0.420857 917.49 362.73 20.16 27.34 0 0.415570 440.06 581.24 24.42 33.56 0 0.414024 1129.99 429.95 20.51 24.30 0 0.413036 566.93 499.03 33.67 20.68 0 0.399508 277.14 453.26 43.56 23.26 0 0.395639 895.25 347.39 22.78 29.75 0 0.380990 425.94 497.24 34.15 17.13 0 0.374830 1073.40 422.11 21.60 28.64 0 0.356972 955.77 356.79 21.05 33.04 0 0.335868 268.12 566.42 32.09 32.64 0 0.328487 239.48 491.15 28.91 17.33 0 0.290452 937.74 346.32 17.29 31.06 0 0.289493 1128.53 435.00 22.49 23.79 0 0.286019 1176.80 429.28 26.57 19.32 0 0.276727 497.49 497.61 39.46 21.35 0
193,0.346909 1173.81 522.79 19.37 12.28 0 0.316651 1446.26 496.65 17.95 13.21 0 0.312462 1272.34 284.42 19.43 10.50 0 0.311028 1130.34 525.56 21.96 13.82 0
194,0.541501 1012.30 282.54 15.90 24.79 2 0.533826 992.35 272.34 14.44 24.02 2 0.471924 401.27 154.10 17.98 21.52 2 0.461870 1054.08 325.42 17.00 26.69 2 0.453844 1013.16 279.43 17.21 24.19 2 0.434675 943.44 58.42 20.94 24.46 2 0.432635 956.38 8.17 15.24 21.26 2 0.428480 180.52 399.54 23.18 12.74 3 0.392155 892.37 187.40 17.49 21.46 2 0.378414 1148.85 360.84 14.02 16.47 2 0.370966 1019.76 38.84 22.17 28.43 2 0.355129 201.45 561.43 18.47 13.17 3 0.354334 974.97 147.39 16.69 17.97 2 0.349944 1243.56 379.46 21.30 13.04 3 0.346965 804.15 660.50 14.77 19.83 2 0.346472 570.13 171.62 16.17 24.02 2 0.339177 1014.48 49.18 20.92 27.99 2 0.337899 922.66 278.85 19.39 19.33 2 0.310239 290.10 103.12 19.68 18.21 2 0.308410 911.00 192.98 15.31 23.24 2 0.300636 602.08 172.65 17.09 20.98 2 0.296276 1162.30 329.19 9.32 13.94 2 0.293931 1019.31 343.02 19.81 25.30 2 0.288821 113.35 328.05 27.72 16.18 3 0.288517 288.67 98.33 17.65 20.15 2 0.286013 1039.96 79.29 23.35 23.63 2 0.283589 303.10 29.18 21.16 15.97 3 0.278879 987.94 360.09 15.63 22.00 2 0.274685 1013.98 2.69 18.69 21.73 2 0.270663 1316.46 326.98 20.22 19.94 3 0.261601 328.11 131.26 26.92 21.14 2 0.251686 1055.40 291.49 18.17 23.64 2
195,0.625747 1071.67 105.40 23.99 27.46 2 0.584132 945.30 55.36 18.83 26.51 2 0.424607 1037.16 124.15 24.02 23.81 2 0.420482 901.68 111.97 19.08 22.86 2 0.413725 1030.45 68.63 17.16 22.22 2 0.402614 874.13 396.19 20.51 27.31 2 0.387155 952.13 69.98 17.80 27.96 2 0.351297 949.70 56.91 19.40 28.99 2 0.349870 901.82 424.49 16.89 20.34 2 0.348173 868.02 177.71 25.46 26.95 2 0.333766 971.46 149.92 18.94 21.33 2 0.309651 910.94 328.46 14.62 22.53 2 0.305161 1172.21 143.17 15.65 18.44 2 0.296806 1037.81 62.07 16.71 21.66 2 0.293201 116.43 396.32 28.03 17.76 3 0.289199 132.61 225.26 23.64 18.43 3 0.285369 131.47 246.45 23.01 19.20 3 0.275128 1331.82 258.38 12.05 18.44 2 0.274512 1006.46 138.93 19.17 27.67 2 0.268538 1072.52 96.86 22.04 27.41 2 0.264284 849.76 118.04 18.04 29.41 2 0.262416 1071.07 109.95 21.40 26.65 2 0.260419 112.81 472.23 28.37 25.01 3 0.252813 871.79 334.88 21.42 24.92 2 0.250405 111.36 491.80 27.14 20.82 3
196,0.654898 302.53 50.61 30.99 41.02 0 0.619090 114.32 646.40 62.93 40.37 0 0.603689 97.88 863.02 58.18 38.30 0 0.550710 248.52 107.10 40.74 49.27 0 0.547534 287.64 766.60 62.84 43.55 0 0.540686 171.21 827.63 56.13 37.99 0 0.529714 665.24 607.78 55.50 32.23 0 0.516788 276.33 202.05 52.59 53.37 0 0.500021 189.06 989.46 55.37 42.03 0 0.492830 105.85 1033.91 58.18 36.58 0 0.486438 1731.50 52.89 35.08 25.74 0 0.485876 405.34 187.96 32.80 40.49 0 0.484856 244.49 954.74 70.66 46.81 0 0.481201 607.66 552.74 38.80 44.09 0 0.481139 31.07 489.00 51.17 28.37 0 0.476352 527.65 305.80 50.62 31.27 0 0.471132 366.32 359.66 33.26 51.08 0 0.470518 252.37 951.71 67.23 43.57 0 0.465626 229.02 805.40 54.74 34.49 0 0.455950 219.03 51.37 48.32 49.57 0 0.449109 1745.74 43.16 35.82 27.04 0 0.448649 1106.69 470.48 41.43 25.12 0 0.445936 1099.62 472.53 43.05 25.08 0 0.440852 532.45 451.33 30.96 42.40 0 0.430472 264.26 157.89 47.19 49.91 0 0.429905 525.73 312.07 57.41 35.71 0 0.411175 164.07 832.36 62.01 39.62 0 0.403409 314.60 257.33 37.50 41.47 0 0.395007 0.00 916.57 29.67 35.39 0 0.394774 672.69 82.70 26.43 25.18 0 0.390455 327.27 921.24 62.13 50.20 0 0.387562 446.48 552.90 35.06 40.78 0 0.383299 193.57 985.21 61.91 45.14 0 0.380935 1657.28 91.73 20.02 22.42 3 0.370268 286.86 108.92 31.44 42.59 0 0.362368 322.68 263.32 39.88 44.62 0 0.351730 33.58 891.39 62.27 40.97 1 0.351414 371.77 787.06 73.61 48.04 0 0.344490 233.13 962.79 68.92 49.11 0 0.341717 561.32 380.37 50.98 30.33 0 0.312784 294.89 42.76 32.42 42.17 0 0.311610 552.40 382.37 52.07 33.83 0 0.304569 665.83 633.20 49.81 22.88 0 0.301175 542.19 343.23 59.20 38.32 0 0.294867 424.38 483.38 35.33 48.61 1 0.289420 728.12 519.04 15.11 18.23 3 0.286034 1740.38 47.53 41.14 28.46 0 0.277918 609.47 559.23 37.97 46.73 0 0.276532 223.89 972.38 52.05 48.49 0 0.265419 100.51 857.92 59.00 36.39 0 0.264999 615.08 548.76 33.06 34.17 0 0.262110 504.04 731.60 20.92 18.97 3 0.260302 2.93 323.66 41.89 29.38 0 0.256755 549.59 372.51 58.74 30.94 0 0.254709 86.22 1036.59 74.16 42.07 0 0.250563 1561.84 126.57 29.46 27.89 1 0.250245 440.46 538.02 38.53 47.47 0
197,0.581405 323.42 24.76 35.42 18.75 0 0.577382 272.32 40.48 38.07 19.25 0 0.542792 370.24 7.62 38.89 19.05 0 0.524821 423.27 159.98 58.99 26.71 0 0.467633 460.88 151.67 44.39 22.95 0 0.423827 330.75 205.48 54.70 25.23 0 0.416017 1205.57 560.03 19.96 21.36 2 0.410374 1161.55 567.33 12.77 18.32 2 0.396196 267.68 43.23 39.49 20.93 0 0.391125 461.02 148.37 44.38 20.75 0 0.389784 424.16 166.98 53.42 24.64 0 0.387556 874.64 606.79 15.78 24.24 2 0.358020 425.17 154.40 67.74 28.59 0 0.348909 363.76 16.77 41.34 18.84 0 0.340920 366.80 10.85 41.17 20.80 0 0.340112 415.88 0.00 43.54 18.88 0 0.314576 1197.61 531.80 17.05 17.87 2 0.310769 320.01 27.95 37.76 20.41 0 0.301857 921.86 509.69 15.76 14.51 2 0.300427 1257.88 473.48 15.68 17.90 2 0.283220 1080.81 583.77 14.88 18.13 2 0.281772 334.51 222.44 43.46 21.38 0 0.278768 196.90 62.71 29.67 16.22 0 0.274590 186.61 74.39 27.56 16.64 0 0.264503 189.92 72.01 32.48 17.65 0 0.261497 1011.26 611.59 13.06 24.83 2 0.252359 234.45 42.84 15.74 14.35 0 0.250785 956.99 314.30 14.18 17.03 2 0.250767 323.25 205.43 49.42 23.64 0
198,0.683543 234.70 978.11 61.90 44.41 3 0.618624 1377.10 333.52 96.16 53.59 0 0.607033 857.97 954.85 126.01 118.42 0 0.603153 1119.86 783.27 129.45 94.73 0 0.599883 1651.66 795.72 124.76 89.36 0 0.596044 810.56 568.85 94.70 59.43 1 0.594856 346.31 886.14 58.22 41.53 3 0.591689 1797.19 879.84 122.18 102.29 0 0.591125 1470.36 465.46 77.45 44.25 0 0.586623 238.75 973.31 60.28 37.96 3 0.577132 923.49 901.01 132.77 119.52 0 0.554644 87.49 825.65 27.27 35.58 2 0.554100 787.41 906.08 49.57 56.33 3 0.551402 205.32 876.11 61.25 33.39 3 0.548307 609.72 1022.18 39.07 55.96 3 0.543496 1468.63 950.10 187.00 113.36 0 0.534999 691.19 653.29 39.54 38.21 3 0.526852 740.14 823.13 27.67 45.15 3 0.511382 874.04 861.80 52.33 47.11 3 0.511152 573.78 702.96 38.56 40.69 3 0.501774 843.18 874.87 48.91 55.21 3 0.494030 403.55 823.37 51.34 34.26 3 0.490737 1385.40 329.66 95.37 49.92 0 0.490335 827.53 896.06 41.54 55.97 3 0.488495 1668.15 296.19 38.92 23.87 0 0.487758 478.65 748.89 36.02 40.62 3 0.486435 645.16 675.20 33.94 41.45 3 0.479294 538.95 715.34 37.77 47.33 3 0.476734 927.64 822.74 43.26 49.68 3 0.475812 666.83 729.25 114.82 79.06 0 0.463486 1054.85 813.60 152.18 116.07 0 0.449187 1219.94 442.24 27.95 23.88 3 0.442205 1671.64 275.81 43.34 21.70 0 0.427962 565.58 1042.04 37.97 37.96 3 0.426454 903.51 837.87 47.17 49.81 3 0.424868 634.94 1007.67 42.84 61.82 3 0.423739 1195.67 441.32 31.19 25.44 3 0.418802 1399.90 986.86 202.28 93.14 0 0.416707 1226.31 426.94 21.18 22.87 3 0.413138 972.44 487.48 33.03 29.98 3 0.407267 1647.47 324.83 43.23 22.57 0 0.402481 544.87 710.86 38.82 45.71 3 0.400188 830.98 891.56 51.84 51.20 3 0.385122 352.34 877.95 55.57 41.12 3 0.382448 849.87 870.76 49.07 56.48 3 0.382070 968.90 797.53 42.50 43.65 3 0.380047 1116.32 778.09 125.81 73.85 0 0.377727 737.62 827.65 28.84 48.06 3 0.376102 624.45 685.26 33.57 43.30 3 0.374071 884.56 844.36 44.58 50.50 3 0.372135 344.20 892.07 51.13 36.79 3 0.370770 886.88 564.66 47.57 26.31 3 0.370158 737.85 634.27 34.99 35.32 3 0.360484 213.84 868.85 63.50 37.11 3 0.359598 895.43 851.49 43.17 47.70 3 0.357538 880.05 562.86 47.95 30.22 3 0.354732 1268.07 470.69 25.93 26.96 3 0.354357 421.24 794.21 39.45 28.63 3 0.352667 408.88 798.62 39.03 32.75 3 0.347817 288.45 852.93 59.46 42.05 3 0.346837 958.13 800.38 40.09 43.53 3 0.338212 1293.97 610.17 33.94 32.99 3 0.334150 720.14 639.65 39.92 35.85 3 0.329195 1671.59 227.49 55.22 26.25 1 0.328232 1073.22 834.39 114.76 104.07 0 0.326179 685.20 663.13 35.65 38.31 3 0.326152 469.19 758.15 32.71 39.43 3 0.324310 939.93 810.96 45.38 51.05 3 0.322898 1659.53 325.78 42.30 22.93 0 0.321699 1788.10 867.28 131.90 93.70 0 0.317351 641.34 696.83 40.47 45.76 3 0.313751 919.42 892.89 109.91 95.60 0 0.311297 1291.77 402.73 25.41 23.90 3 0.309837 443.05 774.24 32.60 33.87 3 0.308344 1005.16 444.36 41.50 26.79 3 0.304787 294.26 847.38 60.51 39.20 3 0.301223 1806.52 1033.84 42.37 45.32 2 0.297082 837.42 946.61 136.08 110.94 0 0.293092 615.47 1015.25 45.44 60.74 3 0.284112 667.38 660.08 33.40 38.28 3 0.280691 635.71 710.41 38.12 42.34 3 0.277897 713.10 647.37 38.86 35.13 3 0.272979 1304.58 514.47 28.06 35.37 3 0.271439 655.59 670.15 34.86 39.06 3 0.269085 431.07 783.06 35.12 30.89 3 0.256747 1145.50 462.52 28.62 25.81 3 0.256700 1115.94 775.91 119.91 57.08 0 0.256343 487.05 747.11 34.57 42.98 3 0.253329 916.10 829.17 43.52 49.18 3 0.251262 647.38 731.62 130.59 89.09 0
199,0.610659 1056.94 492.15 64.14 33.84 1 0.280281 1228.02 616.98 22.51 25.87 1
200,0.691947 824.23 254.71 12.67 17.62 2 0.676592 916.76 58.75 57.46 28.08 1 0.610246 486.71 273.66 17.04 24.69 2 0.602538 1098.97 65.57 27.92 42.94 0 0.573254 559.71 294.11 14.87 20.68 2 0.567505 1069.99 48.20 31.33 40.91 0 0.561854 540.74 271.08 16.85 18.98 2 0.539396 890.41 338.64 17.34 18.69 2 0.495233 1002.13 0.81 30.18 34.15 0 0.465902 708.82 374.86 14.75 16.89 2 0.456341 772.27 665.44 19.42 19.30 2 0.443365 604.05 295.22 14.30 15.83 2 0.432826 756.52 356.84 14.12 17.02 2 0.431758 675.97 344.03 12.49 15.14 2 0.427694 825.07 247.26 12.60 18.90 2 0.400930 635.55 447.24 13.71 18.97 2 0.392026 671.55 408.44 14.29 16.12 2 0.390227 928.95 307.21 14.59 16.77 2 0.388332 988.50 112.20 14.04 14.32 3 0.383409 538.50 426.28 13.12 16.43 2 0.380974 753.33 625.69 14.50 16.87 2 0.377915 841.37 378.72 14.68 14.99 2 0.370346 569.32 310.71 14.94 20.69 2 0.362519 636.59 544.68 23.05 19.02 2 0.357687 255.34 241.34 56.58 38.87 1 0.349427 651.43 575.12 18.31 18.22 2 0.341897 550.19 592.24 17.33 16.05 2 0.322571 620.55 270.89 12.85 17.76 2 0.317215 749.84 684.41 17.29 20.43 2 0.316675 261.37 559.08 18.09 21.82 2 0.314532 559.15 565.14 13.44 18.88 2 0.309916 906.89 192.95 16.65 16.80 2 0.294123 553.57 527.42 12.76 17.14 2 0.286256 1310.63 0.00 29.20 15.85 0 0.283012 657.87 512.37 16.25 16.42 2 0.277188 423.75 670.75 18.43 23.97 2 0.272384 661.67 499.94 16.56 17.97 2 0.266097 298.81 558.37 15.79 21.79 2 0.265801 641.13 478.75 16.24 17.82 2 0.263359 756.12 348.53 14.46 19.58 2 0.262498 667.16 589.45 16.97 20.24 2 0.257491 807.68 329.58 13.96 14.95 2 0.253519 423.28 665.54 18.35 24.24 2 0.253265 85.31 395.79 14.93 15.98 2 0.251353 722.03 327.03 12.64 15.81 2 0.250469 769.06 392.22 14.61 18.00 2
201,0.823938 376.20 1009.42 46.36 70.58 1 0.757140 560.97 703.95 43.97 72.73 1 0.660182 836.78 247.37 61.22 31.84 1 0.654652 1596.88 744.53 36.68 55.42 0 0.646913 1577.70 614.66 38.32 53.43 0 0.638429 841.64 702.57 60.57 32.86 0 0.627464 1644.56 606.71 40.79 60.13 0 0.620212 811.70 473.70 28.03 48.67 0 0.620012 1653.68 670.51 39.74 55.81 0 0.618448 1102.83 483.11 30.98 52.05 0 0.615125 1047.17 341.01 36.77 45.17 0 0.614479 122.60 795.92 65.43 32.73 0 0.612464 719.25 434.83 53.45 27.88 0 0.612249 0.00 802.11 52.45 27.79 0 0.607878 964.01 472.57 32.84 51.99 0 0.606893 1620.22 881.73 38.39 64.28 0 0.605823 1560.31 490.10 34.91 55.26 0 0.604155 1629.74 543.12 39.69 58.14 0 0.595387 555.94 844.27 38.46 74.64 1 0.586510 1691.74 875.33 40.14 66.37 0 0.581318 577.38 559.73 29.40 53.73 0 0.580203 1607.22 812.22 42.56 56.48 0 0.565897 1669.30 740.23 39.88 60.88 0 0.560994 198.96 797.42 66.54 28.45 0 0.554066 1716.97 306.86 51.80 28.08 0 0.553147 976.31 343.19 36.19 43.37 0 0.541783 1032.44 477.69 38.33 51.18 0 0.540088 1531.82 895.59 37.97 60.09 0 0.540064 1681.58 809.24 38.78 64.80 0 0.539947 1140.72 484.95 34.75 49.25 0 0.534578 1132.90 338.12 32.32 44.40 0 0.533473 1620.54 391.34 43.41 47.70 1 0.531591 1587.31 682.64 35.56 55.63 0 0.529002 866.03 474.33 27.75 50.26 0 0.526234 974.77 344.49 32.07 48.52 0 0.523525 1684.27 665.60 39.67 61.63 0 0.523167 1705.35 738.64 40.30 59.87 0 0.516435 896.97 475.42 29.77 49.52 0 0.511722 929.02 473.98 30.12 51.68 0 0.503105 1598.84 751.30 35.54 59.43 0 0.502654 1012.47 245.18 53.87 27.79 0 0.496627 1626.72 955.72 43.34 69.88 0 0.492010 1707.33 957.51 41.39 62.40 0 0.491379 572.80 433.10 44.95 40.95 1 0.488337 1563.66 551.14 35.96 56.50 0 0.482527 841.16 475.11 25.77 49.71 0 0.481011 1089.69 306.88 49.74 26.22 0 0.480238 580.57 426.38 42.15 46.30 1 0.479802 1744.47 964.21 40.74 67.08 0 0.469873 1073.85 334.58 54.76 49.53 0 0.465498 553.81 999.63 35.78 71.63 0 0.458346 204.95 795.44 77.32 31.36 0 0.452599 1639.87 1028.17 43.38 51.34 0 0.449273 678.04 324.71 64.32 46.27 1 0.448424 817.74 849.97 33.20 61.79 0 0.445881 961.79 552.90 60.10 31.87 0 0.445370 793.90 346.82 31.64 34.57 0 0.443689 1114.02 1044.61 40.70 25.23 0 0.440316 784.08 307.16 52.89 28.68 0 0.439331 388.77 935.87 32.47 64.78 0 0.433085 903.40 309.19 54.58 27.67 0 0.429622 240.83 803.60 62.15 29.75 0 0.429567 558.46 762.77 41.59 76.49 1 0.427773 1135.32 489.55 34.37 53.29 0 0.412926 1616.39 394.36 45.77 55.36 1 0.411067 968.43 307.46 52.38 27.74 0 0.410973 996.15 476.24 32.52 50.88 0 0.408999 849.17 308.07 46.10 27.12 0 0.403225 1078.57 714.33 58.97 32.58 0 0.400104 1771.74 306.07 52.91 29.99 0 0.390308 1699.93 950.10 45.19 71.58 0 0.378680 1179.54 485.45 33.23 46.53 0 0.368797 1041.71 474.16 31.84 46.88 0 0.358710 1075.51 719.60 62.56 31.85 0 0.355178 680.49 331.68 65.18 40.95 0 0.349070 1169.95 320.15 47.87 62.39 1 0.342333 1234.44 1045.38 46.81 19.39 0 0.340389 554.73 916.73 42.14 71.09 1 0.339000 1770.54 311.45 54.73 30.96 0 0.334000 1551.79 430.70 34.86 53.90 0 0.333339 555.74 850.88 40.70 85.76 1 0.323770 723.89 305.06 45.14 25.32 0 0.323284 1577.49 622.88 40.22 56.84 0 0.323264 1613.63 433.75 40.57 50.80 1 0.323178 968.36 472.22 35.70 53.04 0 0.321878 1002.04 475.25 30.80 46.94 0 0.306644 579.49 485.14 33.17 61.32 1 0.300026 578.85 468.05 39.51 56.12 1 0.292753 1657.74 666.63 53.09 59.76 0 0.290224 488.23 533.11 25.91 39.82 0 0.285503 1185.53 484.72 31.91 44.34 0 0.282537 1005.51 247.74 63.06 30.01 0 0.277205 889.79 473.06 33.80 50.47 0 0.276618 950.12 245.74 67.43 30.50 0 0.270554 860.95 478.05 29.63 53.94 0 0.263379 715.13 305.05 47.75 27.54 0 0.261457 1054.20 306.91 63.64 27.74 0 0.260663 1650.53 452.62 40.32 54.55 1 0.260383 899.45 312.17 58.92 31.33 0 0.258950 846.61 311.69 49.66 27.97 0 0.256526 121.57 73.41 48.57 27.84 0 0.253262 1835.00 314.01 49.57 27.01 0
202,0.491582 986.56 545.21 32.03 48.36 0 0.348377 990.61 744.20 33.38 66.77 0 0.321913 970.38 423.17 29.81 45.33 0 0.297773 990.10 596.33 37.34 61.97 0 0.275768 848.17 275.93 15.92 22.90 0
203,0.592012 0.00 502.23 222.15 91.08 0
204,0.811307 756.18 366.86 33.81 58.14 1 0.698762 771.64 143.54 28.74 45.56 0 0.681718 620.67 141.19 24.23 39.87 0 0.674893 666.58 141.63 27.01 40.22 0 0.645709 1437.03 243.46 31.41 33.53 0 0.634048 619.72 516.61 32.33 47.55 0 0.626040 691.60 247.04 26.14 43.38 0 0.618775 1499.74 507.24 40.45 42.91 0 0.618102 1002.89 672.43 68.11 32.51 0 0.616491 1700.33 706.30 58.05 25.83 0 0.616344 641.93 371.06 27.82 48.85 0 0.615338 529.16 365.14 30.48 40.53 0 0.614799 1477.41 413.52 33.10 40.69 0 0.612109 652.42 325.52 24.39 38.43 0 0.609370 557.20 511.21 28.01 51.70 0 0.604512 594.14 323.63 27.19 42.55 0 0.603652 1094.11 663.50 83.63 40.46 1 0.600509 1659.87 434.40 33.41 39.77 0 0.598629 494.12 134.03 31.71 41.31 0 0.579029 1487.53 461.77 34.12 34.94 0 0.575572 470.63 367.11 31.16 42.48 0 0.574150 509.84 322.05 27.37 38.51 0 0.569401 613.61 375.41 28.68 47.99 0 0.565947 525.14 511.58 31.21 51.55 0 0.561595 336.05 504.25 34.04 52.77 0 0.548303 531.64 458.75 32.29 43.96 0 0.547053 748.14 464.62 27.25 45.40 0 0.546654 379.50 622.95 34.77 53.68 0 0.546435 1765.16 825.23 71.58 31.64 0 0.545790 231.57 454.48 36.28 49.53 0 0.543562 716.41 464.60 27.55 46.37 0 0.542330 1550.76 982.58 38.26 52.76 0 0.541732 1646.96 843.75 72.74 54.76 0 0.539637 546.44 623.10 30.08 45.80 0 0.538107 1342.69 1.01 21.25 30.25 0 0.535033 280.09 346.03 38.29 47.48 0 0.534112 343.30 623.41 39.24 53.02 0 0.532576 516.63 622.76 29.40 46.76 0 0.527966 780.06 611.33 30.41 53.97 0 0.527374 210.29 508.12 33.81 42.91 0 0.525120 1626.35 33.12 21.88 26.02 0 0.523080 712.30 614.71 29.10 48.79 0 0.521976 1686.16 707.00 67.12 29.08 0 0.520846 677.00 325.98 25.35 39.01 0 0.520438 257.75 395.94 36.41 47.20 0 0.519848 1611.11 1004.68 47.81 63.87 0 0.518530 620.73 210.07 27.21 33.35 0 0.516107 569.99 139.62 26.53 40.29 0 0.516010 773.71 253.55 28.69 44.13 0 0.514896 627.80 463.12 27.95 46.79 0 0.512805 1468.12 366.10 29.74 36.91 0 0.512051 685.52 462.61 28.66 47.61 0 0.511682 473.67 245.89 29.00 38.92 0 0.511555 1339.96 419.46 33.58 52.19 0 0.509430 817.06 136.65 32.88 58.05 0 0.508335 369.81 504.61 32.37 53.87 0 0.506257 304.16 303.08 33.18 40.83 0 0.504376 1771.30 821.36 72.01 31.81 0 0.503508 722.64 254.49 24.49 43.35 0 0.502013 982.20 140.67 45.95 25.26 0 0.501162 647.17 617.81 27.21 47.43 0 0.497572 1458.97 328.69 32.20 32.29 0 0.495476 1349.66 483.56 30.62 48.82 0 0.495390 1790.70 826.05 62.33 29.80 0 0.493015 655.84 462.34 26.65 45.15 0 0.492892 1578.51 875.29 39.04 51.14 0 0.488330 679.39 614.93 28.53 53.61 0 0.485925 557.21 239.52 31.43 48.12 0 0.481121 1143.71 152.58 45.20 19.55 0 0.475023 1676.20 38.02 20.95 24.27 0 0.473607 483.96 623.02 28.04 45.57 0 0.469440 552.74 617.41 29.68 48.55 0 0.463777 1782.97 53.19 23.54 25.22 0 0.461492 635.77 250.16 29.89 43.24 0 0.454739 326.76 249.19 34.70 42.49 0 0.451995 364.28 166.03 31.52 39.32 0 0.450704 1312.18 240.69 25.38 39.19 0 0.446464 1600.85 35.32 23.62 24.37 0 0.441166 1840.15 55.52 26.49 23.94 0 0.439242 1586.67 875.66 39.55 43.98 0 0.430757 618.43 215.83 24.24 34.40 0 0.428855 1323.01 316.30 28.97 48.46 1 0.428662 1705.89 42.69 19.64 23.05 0 0.427747 406.86 680.25 21.23 28.21 3 0.427223 1088.55 150.85 46.07 20.21 0 0.424130 1397.59 57.03 23.26 29.65 0 0.422856 1390.66 16.38 23.15 29.39 0 0.421789 1719.96 85.92 25.45 18.85 0 0.418243 1863.39 377.32 44.52 25.31 0 0.416744 1183.17 154.71 38.51 21.36 0 0.415855 1731.65 44.38 21.47 21.75 0 0.415551 1467.44 219.83 34.22 30.29 0 0.414485 1448.77 287.27 28.77 33.53 0 0.413225 1649.67 34.78 22.10 26.10 0 0.412942 538.52 322.64 31.24 40.32 0 0.402841 1325.07 40.79 16.75 24.71 0 0.396524 701.32 370.81 31.10 43.09 0 0.395669 1607.52 996.86 40.67 69.98 0 0.387620 1447.07 281.33 28.82 32.76 0 0.376382 504.18 243.04 27.72 41.92 0 0.373081 819.71 89.03 22.11 24.05 0 0.371373 429.33 385.57 36.78 35.31 0 0.371088 503.90 678.67 19.17 30.08 3 0.366715 1588.57 33.45 23.30 23.11 0 0.361968 529.36 371.20 28.07 43.61 0 0.358950 489.64 137.02 30.00 42.04 0 0.356159 735.64 370.40 41.98 56.13 1 0.354901 579.23 677.88 17.39 27.04 3 0.352912 608.30 253.18 28.90 41.52 0 0.352066 437.87 681.17 16.08 25.69 3 0.348026 653.29 468.73 25.23 42.60 0 0.343876 701.52 328.55 25.72 38.49 0 0.341805 615.02 246.48 27.70 38.02 0 0.340367 1816.58 55.88 23.34 24.22 0 0.340107 1451.70 283.38 30.78 33.57 0 0.335989 769.07 127.56 34.61 39.91 0 0.331032 561.19 510.09 32.75 51.64 0 0.324651 1456.80 131.37 29.11 30.42 0 0.323421 626.06 677.91 17.39 27.62 3 0.319295 704.35 330.60 28.12 40.40 0 0.318307 735.60 329.50 25.96 37.49 0 0.317016 1496.14 464.99 37.94 32.49 0 0.312734 1889.00 140.10 28.75 26.78 0 0.312109 1323.78 321.47 29.78 51.31 0 0.311096 605.13 676.04 17.95 27.16 3 0.304269 1334.72 386.40 29.58 46.31 0 0.302316 1087.86 142.62 45.52 23.34 0 0.302208 1156.38 153.88 48.23 19.96 0 0.301333 1412.13 130.28 36.11 26.34 1 0.301115 342.88 212.39 33.41 40.12 0 0.299921 1807.68 55.00 23.72 25.97 0 0.295569 720.90 373.00 34.39 48.03 0 0.291292 558.19 678.10 20.39 29.21 3 0.280798 569.31 210.11 24.96 35.42 0 0.280239 1677.96 949.52 35.63 23.24 3 0.268778 471.49 249.63 30.02 42.41 0 0.268444 1587.53 883.45 37.29 53.52 0 0.267954 455.97 320.25 22.78 26.01 0 0.261422 1796.17 0.00 38.83 10.89 0 0.260012 461.90 679.94 13.70 26.22 3 0.255005 1340.35 0.00 23.87 26.82 0
205,0.492043 182.15 678.95 26.51 21.06 3 0.357489 809.61 542.44 13.23 19.93 2 0.352669 939.13 499.77 17.06 17.02 2 0.310626 886.95 29.40 20.44 21.05 2 0.301437 918.77 274.08 17.09 19.34 2 0.296751 889.23 165.69 18.22 24.94 2 0.295704 925.59 178.30 13.39 20.14 2 0.283453 975.97 174.79 17.06 17.83 2 0.282969 240.05 175.73 18.70 13.79 3 0.274692 809.33 535.58 12.24 20.80 2 0.265512 889.67 171.95 18.72 26.00 2 0.262805 910.88 340.75 15.49 19.54 2 0.260000 922.60 221.36 18.88 24.37 2 0.250786 1192.29 7.58 14.79 19.66 2 0.250027 936.56 428.03 20.08 21.98 2
206,0.392985 50.52 633.14 31.56 26.11 0 0.321773 931.11 543.38 35.88 28.22 0
207,0.640726 734.79 119.16 116.54 40.75 1 0.499351 744.26 136.75 105.34 40.09 1 0.470883 682.06 72.19 41.83 101.58 1 0.440768 764.59 57.56 107.45 47.50 1 0.427456 736.02 106.12 120.88 44.46 1 0.383081 735.06 74.16 129.15 56.47 1 0.352327 746.49 63.57 120.85 43.74 1 0.311876 0.06 0.00 41.31 46.99 0 0.261129 724.10 112.73 126.49 60.79 1
208,0.506101 694.15 443.55 12.66 21.33 2 0.487470 1265.22 691.76 25.79 27.75 3 0.425014 882.48 605.74 18.71 26.62 2 0.389489 256.16 597.22 20.51 15.37 3 0.375097 525.86 649.52 13.25 20.24 2 0.372157 257.97 509.70 26.92 17.35 3 0.362674 1262.90 687.73 26.34 29.26 3 0.355242 926.32 616.65 18.43 20.92 2 0.339426 1121.36 685.89 18.00 19.11 2 0.320969 919.93 529.81 15.05 19.56 2 0.316306 1092.63 664.79 14.92 14.30 2 0.309587 522.09 663.67 14.28 15.94 2 0.296590 1021.78 557.08 15.14 19.39 2 0.281676 143.79 544.21 23.41 14.41 3 0.272226 1042.42 477.45 18.66 23.98 2 0.266269 1157.26 702.94 23.96 17.06 3 0.259075 357.76 144.60 15.59 20.98 2 0.256439 692.79 667.78 10.41 10.86 2 0.256076 571.55 651.40 16.58 16.86 2
209,0.631843 1274.64 503.47 26.70 52.16 0 0.628384 1869.68 48.93 32.42 37.08 0 0.622285 490.21 769.16 35.32 64.73 0 0.588129 571.23 767.40 32.20 61.49 0 0.585910 1544.84 533.53 55.74 28.22 0 0.577672 438.78 772.40 38.29 67.90 0 0.575392 1005.81 306.27 24.37 15.01 3 0.572823 1446.14 697.24 37.80 62.90 0 0.569821 817.95 816.98 63.35 32.81 0 0.568622 1244.91 610.53 68.55 31.59 0 0.567364 1099.07 360.53 41.77 65.12 1 0.563637 67.70 790.83 39.54 69.43 0 0.543828 1244.58 508.10 29.90 54.00 0 0.528644 1219.17 512.05 31.05 52.55 0 0.527942 1027.29 498.44 33.31 55.11 0 0.500212 971.49 387.94 30.82 39.02 0 0.498861 1068.78 506.50 28.39 49.35 0 0.497948 1012.25 441.24 25.00 40.42 0 0.487878 1020.26 351.33 51.08 23.26 0 0.475238 1099.62 373.31 31.98 55.19 1 0.473874 250.85 534.22 31.75 48.34 0 0.465411 605.16 766.57 33.61 61.24 0 0.460047 909.65 374.58 50.62 25.50 0 0.454099 863.01 376.81 49.29 23.49 0 0.436911 1896.82 44.91 21.31 39.56 0 0.436835 847.62 377.71 53.56 22.92 0 0.433715 315.82 319.71 34.20 39.15 0 0.421401 1806.91 78.53 44.59 22.84 0 0.405177 1025.87 349.27 53.86 23.27 0 0.387292 1902.22 197.61 17.78 32.50 0 0.378466 1056.55 503.25 33.06 54.57 0 0.373239 82.31 953.79 75.45 29.53 0 0.371574 170.39 785.08 29.43 21.73 3 0.362924 640.93 291.98 44.40 33.51 1 0.342510 1548.36 539.53 56.52 29.59 0 0.336398 434.77 779.41 38.45 68.99 0 0.332013 1063.39 516.37 28.27 47.17 0 0.324661 1384.76 0.06 25.48 32.05 0 0.306803 1449.00 824.99 17.45 24.29 3 0.303788 818.82 812.22 72.38 31.38 0 0.293386 611.76 318.15 50.86 26.39 0 0.292028 1383.34 0.00 25.25 26.56 0 0.291374 243.99 531.50 35.26 54.30 0 0.279383 388.81 778.18 12.48 18.77 3 0.272684 311.84 324.51 37.76 39.46 0 0.271063 79.96 958.25 70.78 29.71 0 0.270524 179.82 784.23 28.38 22.65 3 0.265721 1244.54 489.20 24.76 42.19 0
210,0.687974 605.99 209.41 24.86 51.95 0 0.685362 620.54 499.44 26.55 56.05 0 0.665478 1868.66 486.91 39.79 60.80 0 0.663587 1006.31 171.41 25.41 51.03 0 0.648619 667.22 267.90 29.08 55.53 0 0.643889 742.13 402.46 28.87 55.18 0 0.642804 856.31 253.80 27.43 56.10 0 0.642500 788.14 195.77 26.83 55.03 0 0.638754 1096.58 383.54 28.36 54.45 0 0.636354 1130.10 600.31 28.41 67.17 0 0.634035 1033.66 384.83 28.10 55.31 0 0.631096 548.22 424.68 29.41 55.09 0 0.625784 1837.14 338.51 38.76 62.35 0 0.625637 936.73 390.07 27.48 58.32 0 0.623450 645.49 416.76 28.45 61.54 0 0.618407 698.98 264.57 27.61 56.34 0 0.618095 712.92 407.62 30.14 58.76 0 0.612059 838.44 400.65 29.48 56.19 0 0.611519 1300.67 219.16 31.40 81.79 1 0.609651 1000.97 387.07 27.65 54.40 0 0.604178 890.68 253.44 28.66 55.76 0 0.601523 1173.64 687.62 28.85 54.14 0 0.601337 1037.17 170.11 25.38 49.51 0 0.600681 882.38 179.96 26.24 50.84 0 0.599871 549.43 494.64 28.43 60.46 0 0.598477 761.34 260.46 28.17 54.81 0 0.596547 874.22 395.81 28.54 59.55 0 0.595708 795.11 262.95 26.73 55.02 0 0.594159 1110.16 227.13 28.04 50.74 0 0.593824 639.53 271.28 26.29 58.41 0 0.589169 819.89 193.49 24.68 47.85 0 0.587344 541.33 279.84 29.40 56.95 0 0.583839 1850.51 411.42 36.65 61.24 0 0.582778 915.98 179.41 24.33 53.44 0 0.582110 1047.26 239.46 24.95 46.56 0 0.580897 1012.91 235.42 26.70 52.66 0 0.575599 1777.08 70.02 31.68 50.24 0 0.575137 613.86 422.16 26.41 56.03 0 0.570621 1810.48 197.33 35.76 61.71 0 0.569442 805.23 403.26 28.01 53.55 0 0.563680 577.36 281.54 27.69 54.84 0 0.558952 847.23 191.15 26.96 47.60 0 0.558724 1078.06 235.80 26.97 52.61 0 0.558190 608.76 272.50 27.35 57.24 0 0.556635 967.79 389.52 28.39 58.49 0 0.552302 727.15 192.49 26.17 54.38 0 0.551218 975.17 181.52 24.50 53.95 0 0.546998 955.82 246.41 26.09 54.73 0 0.542491 678.19 409.20 29.54 61.31 0 0.530704 757.47 193.62 25.69 51.36 0 0.527675 774.92 403.33 29.35 57.07 0 0.520180 536.00 209.69 29.83 53.10 0 0.519724 923.02 249.27 28.54 58.53 0 0.505763 1062.19 610.33 30.45 63.18 0 0.505208 584.04 492.11 27.70 60.67 0 0.499801 733.37 262.38 25.88 51.58 0 0.478919 1161.99 595.25 31.00 64.64 0 0.478215 582.69 425.82 23.89 54.83 0 0.451904 943.78 178.46 24.11 52.56 0 0.431081 1067.67 165.84 27.55 51.76 0 0.409547 1067.11 388.39 28.33 52.73 0 0.405937 828.97 258.42 27.04 54.63 0 0.392530 1253.68 60.17 11.98 21.33 3 0.363176 704.39 107.37 12.91 22.97 3 0.358615 633.32 205.66 25.21 51.14 0 0.329268 792.74 256.07 24.71 59.20 0 0.284474 510.06 122.58 15.26 27.14 3 0.284317 819.23 256.74 27.88 57.93 0 0.273186 678.59 108.47 10.23 22.67 3 0.261429 850.91 189.14 28.42 49.01 0 0.258998 1298.95 59.34 13.54 21.75 3
211,0.576353 613.49 483.69 47.62 84.31 3 0.573221 528.40 319.02 78.10 40.65 3 0.543095 516.97 362.43 77.43 39.13 3 0.532743 1113.67 0.00 78.25 133.61 0 0.527106 6.52 884.68 185.27 96.25 0 0.477959 616.51 469.66 41.87 60.15 3 0.350226 507.30 356.62 71.34 40.80 3 0.323977 512.86 346.07 82.34 41.41 3 0.315937 519.80 336.20 83.54 40.92 3 0.268175 524.50 329.58 77.36 37.57 3 0.253618 506.51 394.58 79.86 41.45 3
212,0.711298 631.71 266.55 39.15 47.39 1 0.691821 209.52 477.08 59.01 68.29 0 0.639265 480.86 512.61 56.49 64.21 0 0.617931 271.48 400.94 59.11 64.41 0 0.607776 591.49 20.51 39.23 39.44 0 0.607083 567.10 371.00 51.92 58.06 0 0.579611 526.68 433.82 51.87 61.89 0 0.579503 380.39 283.20 46.75 49.45 0 0.570782 430.19 592.25 55.24 65.77 0 0.567771 750.05 84.12 31.25 33.44 0 0.563228 698.81 164.24 36.15 39.82 0 0.560719 458.38 178.64 47.69 45.94 0 0.499349 797.20 7.26 28.96 37.26 0 0.497570 537.87 88.70 37.96 41.67 0 0.332094 435.50 578.97 53.56 72.57 0 0.321349 755.81 593.61 12.07 17.49 2 0.320793 810.84 395.35 11.90 18.38 2 0.287193 639.25 257.41 33.96 49.97 1
213,0.538477 1367.58 975.32 32.36 17.48 0 0.462611 1193.59 904.57 23.53 16.29 0 0.450844 1348.02 947.97 29.47 17.98 0 0.444306 1293.72 1047.75 22.85 22.59 0 0.434067 1327.75 903.70 24.62 17.17 0 0.432362 1387.13 1002.29 32.42 17.50 0 0.416507 1264.86 1003.21 30.86 22.70 1 0.404341 1340.26 928.27 23.92 15.09 0 0.402033 1358.06 950.79 28.72 17.03 0 0.378912 1439.59 929.46 25.36 15.90 0 0.363379 1417.69 883.09 26.77 14.66 0 0.325910 1342.23 882.02 19.13 12.85 0 0.297958 535.40 740.56 16.11 14.76 0 0.297294 1168.81 856.12 21.47 19.23 0 0.291024 1540.65 520.41 18.79 11.22 0 0.279798 1256.67 999.32 32.17 26.12 1 0.273374 1106.26 759.97 21.42 17.42 0 0.271323 1190.90 932.74 34.96 19.29 1 0.262260 1422.58 1026.57 21.40 16.59 0 0.261440 1334.90 906.21 24.39 14.03 0
214,0.599989 12.67 165.60 87.97 65.39 0 0.586340 287.02 163.72 69.13 65.78 0 0.574321 235.47 166.86 56.34 62.36 0 0.570222 183.39 168.28 54.10 64.42 0 0.558198 622.54 156.59 22.51 23.05 3 0.557280 607.52 518.92 69.09 113.26 0 0.553153 125.49 163.25 65.84 59.65 0 0.528963 602.38 47.07 76.33 39.04 0 0.458035 637.62 487.25 43.19 31.33 3 0.445290 1039.40 709.45 52.69 31.10 3 0.429785 604.29 32.45 81.15 33.63 0 0.427692 619.28 132.22 24.26 17.96 3 0.409690 909.06 57.97 42.19 37.93 0 0.397874 1041.26 722.83 52.41 32.66 3 0.393234 642.56 150.51 23.28 24.79 3 0.393025 615.90 4.02 74.38 37.75 0 0.374317 641.75 135.81 26.20 20.34 3 0.361765 576.06 116.67 19.40 19.72 3 0.361253 639.01 462.67 39.02 28.57 3 0.356787 631.71 2.95 59.95 30.23 0 0.345360 620.93 100.22 37.91 26.06 3 0.342336 602.49 40.79 82.07 38.12 0 0.322424 892.35 242.69 21.34 27.57 3 0.295948 636.06 98.97 37.11 28.07 3 0.277841 1039.15 743.36 56.93 35.25 3 0.270130 548.07 92.13 25.56 17.07 3 0.252481 296.37 160.57 66.92 59.49 0
215,0.482231 1555.31 612.51 34.28 25.14 0 0.382777 1811.79 737.32 35.97 27.04 1 0.363836 574.22 680.67 39.90 36.05 1 0.333015 408.88 913.95 27.71 36.26 0 0.292414 1798.16 750.01 27.55 21.60 1 0.287209 1538.87 599.01 37.31 34.52 0 0.260235 481.45 895.94 49.31 44.17 0 0.254583 1533.90 587.84 42.91 34.13 0
216,0.450535 918.64 269.19 28.00 30.96 0 0.435865 933.06 319.53 23.44 28.98 0 0.381634 946.08 367.90 24.68 29.82 0 0.340912 948.80 371.14 26.26 28.53 0 0.283308 964.07 528.67 25.34 37.64 0 0.266362 953.64 413.81 29.60 29.34 0 0.261585 868.02 414.88 13.73 29.78 0 0.261245 952.26 400.03 30.82 30.18 0 0.254826 932.36 308.09 26.09 28.68 0 0.254632 962.35 514.71 29.95 36.70 0
217,0.671904 63.47 271.65 37.69 63.67 0 0.626969 132.46 268.75 31.08 63.88 0 0.598751 160.07 263.10 34.99 64.28 0 0.590634 92.92 37.93 30.41 56.72 0 0.574807 167.12 353.31 32.89 55.86 0 0.554936 0.00 36.93 26.83 61.23 0 0.539999 59.52 37.34 29.14 60.23 0 0.520049 892.71 207.12 31.42 63.09 0 0.509331 25.79 37.26 31.54 58.00 0 0.459609 892.23 55.26 32.95 63.80 0 0.458349 125.30 42.02 31.83 56.00 0 0.451495 892.99 299.72 30.57 62.28 0 0.383403 893.05 128.93 33.17 72.28 0 0.382988 1085.20 543.13 23.02 40.12 0 0.327201 1087.22 549.86 21.04 43.19 0 0.264269 1102.37 720.94 18.19 31.40 0 0.254692 89.19 42.85 31.36 59.07 0
218,0.641384 1061.89 396.48 53.36 77.74 0 0.605155 20.46 311.57 38.77 60.41 0 0.582383 0.00 481.03 37.95 72.49 0 0.552616 54.78 57.69 32.53 48.76 0 0.539173 34.97 176.37 40.80 61.55 0 0.534202 274.39 306.83 35.95 58.45 0 0.533178 276.06 55.90 28.91 45.41 0 0.465790 26.94 249.29 24.14 40.59 0 0.454881 273.86 651.55 45.97 68.45 0 0.453993 273.65 173.37 27.20 43.72 0
219,0.527190 815.21 694.83 198.80 111.44 0 0.501899 1195.92 975.03 223.23 104.97 0 0.472227 456.90 413.12 189.40 77.34 0 0.439225 1235.55 957.20 199.16 120.61 0 0.433091 1282.07 935.95 143.92 112.58 0 0.414125 1061.85 916.57 150.75 83.62 0 0.341176 1052.05 896.72 157.37 93.76 0 0.331604 937.30 805.03 229.25 91.74 0
220,0.625039 1566.25 256.73 48.38 23.32 0 0.617297 1447.60 277.79 44.84 21.33 0 0.613650 1641.41 343.36 48.56 23.01 0 0.593591 1451.91 375.76 50.89 25.41 0 0.593445 1613.11 183.80 47.68 22.26 0 0.585990 1618.23 231.87 49.95 23.34 0 0.585925 1368.21 207.97 42.70 20.00 0 0.581838 1549.80 179.53 46.34 20.83 0 0.562217 1430.60 207.96 46.34 19.43 0 0.545773 1668.06 445.58 51.50 24.39 0 0.534634 1466.45 515.76 51.42 21.30 0 0.532944 1256.37 474.43 54.09 26.26 0 0.528915 1430.36 182.74 42.94 21.33 0 0.527700 1648.51 375.91 47.33 23.54 0 0.525186 1468.10 542.22 49.38 22.82 0 0.522625 1667.60 470.93 51.38 26.07 0 0.521777 1180.63 548.45 58.20 25.05 0 0.518843 1592.96 402.22 48.33 25.16 0 0.518197 1553.76 200.02 48.18 22.06 0 0.518066 1614.66 497.34 48.69 27.64 0 0.502422 1619.31 524.34 49.16 24.75 0 0.500728 1459.13 417.12 51.32 23.58 0 0.500439 1464.87 437.90 49.04 23.97 0 0.499573 1689.52 551.86 56.86 27.10 0 0.496486 1373.01 183.41 42.88 19.67 0 0.495838 1572.92 296.69 50.15 21.80 0 0.484465 1639.97 298.92 46.25 21.06 0 0.477289 1596.83 451.52 50.80 25.02 0 0.472182 1449.11 306.51 45.78 20.02 0 0.468160 1574.05 322.53 54.02 22.19 0 0.463262 1451.61 353.22 48.25 20.93 0 0.461600 1571.45 277.77 47.85 20.38 0 0.445316 1557.65 229.35 50.38 20.94 0 0.444644 1580.14 347.35 52.89 26.44 0 0.443482 1589.91 380.45 47.83 23.96 0 0.437730 1643.60 324.60 46.88 19.81 0 0.437714 1630.20 580.37 50.42 23.97 0 0.437609 1432.55 224.68 49.16 21.88 0 0.432939 1468.74 467.96 46.25 20.89 0 0.430548 1468.04 489.02 48.89 21.00 0 0.430245 1450.36 329.18 46.61 20.37 0 0.430183 1447.25 271.34 47.43 24.79 0 0.429045 1692.14 539.97 49.67 26.03 0 0.416859 1689.95 501.60 45.63 25.19 0 0.388969 1558.12 223.75 51.43 22.38 0 0.381763 1665.15 403.13 46.59 22.10 0 0.379410 1669.70 417.67 48.31 23.80 0 0.375232 1610.62 491.72 49.74 28.93 0 0.374641 1440.60 247.25 49.08 21.45 0 0.350074 1270.43 556.09 55.53 24.65 0 0.348173 1594.15 426.08 49.98 23.78 0 0.344626 1262.79 542.20 54.80 24.45 0 0.341449 1589.67 396.68 52.08 26.48 0 0.334263 1565.56 247.80 50.63 25.09 0 0.325540 1443.38 253.98 44.32 19.33 0 0.314462 1447.98 349.34 48.80 23.38 0 0.303831 1641.32 746.20 74.74 28.36 1 0.303193 1653.17 377.89 47.50 25.41 0 0.302415 1673.56 473.47 50.49 24.91 0 0.298742 1589.49 421.43 52.83 25.64 0 0.293980 1587.42 373.79 50.37 24.49 0 0.286297 1636.95 340.10 49.70 24.18 0 0.282086 1554.18 207.14 47.89 23.01 0 0.276066 1567.59 299.58 51.40 24.44 0 0.252923 1619.31 554.11 52.32 25.36 0
221,0.697609 1217.25 745.08 23.16 51.26 0 0.693353 1248.60 745.53 23.88 52.32 0 0.669296 1024.26 751.95 24.71 50.93 0 0.653010 1155.67 740.69 26.28 52.21 0 0.628377 1059.41 746.98 24.26 52.78 0 0.621877 773.21 948.22 52.22 27.00 0 0.614174 1250.26 863.46 23.74 52.45 0 0.613238 404.62 465.57 29.38 50.59 0 0.603199 1291.12 743.00 23.37 47.79 0 0.603112 1078.72 547.26 24.89 51.38 0 0.596047 362.42 782.05 26.90 55.35 0 0.585257 1326.62 740.10 23.61 44.33 0 0.584655 1151.42 664.87 23.63 51.04 0 0.576734 481.41 588.56 27.18 55.21 0 0.571486 1250.12 668.62 24.27 51.74 0 0.567950 1094.51 746.94 24.82 52.17 0 0.567901 1279.16 865.48 22.66 48.21 0 0.567859 1180.77 666.49 23.71 51.23 0 0.567809 1214.34 665.78 25.16 50.82 0 0.562300 1119.37 668.29 24.38 49.67 0 0.561042 1075.64 348.15 45.71 50.45 0 0.560495 1266.54 967.84 52.35 25.08 0 0.559537 1022.83 672.65 23.56 50.67 0 0.558586 531.55 462.29 29.27 53.14 0 0.558208 959.31 668.97 25.82 55.83 0 0.547989 992.64 666.49 25.06 51.21 0 0.547314 499.57 464.21 24.78 50.14 0 0.541348 463.87 461.31 27.41 52.75 0 0.540213 894.00 673.99 26.88 55.69 0 0.539872 925.79 671.78 25.38 52.72 0 0.535226 781.71 1022.68 52.88 25.13 0 0.525569 423.24 777.80 29.35 53.12 0 0.519680 1213.36 862.19 25.51 51.10 0 0.504217 912.74 311.19 32.78 45.28 0 0.495994 1065.03 296.88 44.11 40.41 0 0.495211 347.65 345.11 32.66 55.56 0 0.479432 1083.70 345.37 42.82 47.62 0 0.479323 1054.56 671.38 23.33 50.71 0 0.461609 622.30 581.31 26.66 55.73 0 0.460723 910.19 294.54 36.08 42.30 0 0.447449 1186.41 743.13 25.16 53.25 0 0.435998 1054.83 663.39 23.14 47.76 0 0.426458 1285.09 1010.30 58.86 25.38 0 0.425382 1127.01 872.49 55.49 23.71 0 0.416915 873.08 757.70 27.41 56.26 0 0.407226 444.72 592.24 27.52 54.42 0 0.388950 785.13 988.52 51.90 25.65 0 0.388203 811.36 483.48 29.24 60.76 0 0.380541 322.45 783.75 31.08 58.56 0 0.353685 1281.45 665.68 25.80 51.57 0 0.349747 1055.35 859.72 55.55 28.07 0 0.343738 1292.56 738.20 24.78 47.94 0 0.343229 840.06 768.21 26.51 48.84 0 0.318359 1057.76 676.85 22.25 48.60 0 0.308178 1071.96 299.49 39.50 42.19 0 0.298040 396.15 779.37 28.88 51.98 0 0.286577 920.79 374.06 41.94 46.83 0 0.266602 925.39 369.04 42.45 45.87 0 0.260179 775.63 1025.00 53.33 26.27 0 0.252637 1114.42 667.96 25.54 48.69 0 0.250984 1062.13 292.83 43.36 36.14 0
222,0.656536 873.46 796.10 48.40 92.48 1 0.513928 951.77 135.12 27.63 19.68 0 0.418520 993.15 173.65 23.18 27.38 0 0.300833 941.96 137.21 30.47 18.64 0
223,0.700672 633.18 408.87 236.38 103.79 1 0.602014 1185.63 421.52 174.05 66.13 0 0.591490 282.00 455.08 278.26 82.68 0 0.561649 1405.24 404.22 177.13 70.08 0 0.548574 961.91 415.73 205.45 72.58 0 0.518085 1752.52 382.61 164.05 70.38 0 0.426583 283.31 469.25 249.72 74.71 0 0.270172 1412.31 397.19 157.94 65.65 0
224,0.701682 1795.89 171.10 25.50 37.34 0 0.673075 1729.16 308.93 26.29 43.44 0 0.660136 1528.69 51.39 23.33 35.39 0 0.656044 928.29 880.08 35.00 61.19 0 0.654124 1841.62 170.52 25.08 35.76 0 0.650891 1531.72 265.03 24.72 37.32 0 0.630557 1746.93 169.42 25.38 36.77 0 0.623385 1599.53 309.16 24.27 42.15 0 0.622395 1700.87 307.10 27.10 44.43 0 0.621247 1486.99 55.81 23.08 32.56 0 0.614581 1625.01 307.28 26.31 41.54 0 0.612567 1625.10 173.35 22.72 35.00 0 0.612155 1719.67 170.80 25.77 37.62 0 0.599340 1867.65 170.20 25.02 36.18 0 0.580366 1556.21 263.75 20.67 38.12 0 0.576737 1371.59 242.13 27.34 51.85 1 0.575130 1585.80 263.85 19.73 35.99 0 0.569646 1864.36 261.31 27.89 39.88 0 0.558165 1655.13 261.49 24.89 38.44 0 0.557168 1769.58 169.47 25.36 37.69 0 0.543248 1867.95 129.64 24.33 31.07 0 0.542945 1608.93 264.48 22.98 38.15 0 0.542924 1576.79 171.32 21.88 35.20 0 0.540755 1757.84 302.64 27.34 42.79 0 0.532234 1694.98 171.39 25.43 34.85 0 0.531848 1025.30 492.20 47.62 22.48 0 0.521614 1042.77 1044.83 60.87 30.00 0 0.520181 1683.16 260.63 21.14 40.05 0 0.517102 1821.89 171.36 23.63 35.64 0 0.513270 1895.56 173.91 21.96 34.16 0 0.509148 1551.28 169.25 23.04 36.20 0 0.506210 1574.50 310.07 24.64 40.40 0 0.505044 1462.83 60.62 26.26 28.61 0 0.504779 1035.51 447.64 41.41 22.35 0 0.501697 1030.31 833.33 52.28 27.53 0 0.499532 1708.81 261.56 22.24 37.00 0 0.495964 1651.83 297.02 25.70 43.57 0 0.487727 959.68 86.31 18.00 36.89 0 0.483308 1838.13 261.11 25.34 43.28 0 0.483140 1675.62 299.89 26.83 47.02 0 0.474447 1804.29 301.38 29.56 40.01 0 0.473588 1839.14 308.64 26.93 37.59 0 0.468771 1022.36 522.27 55.25 22.89 0 0.447500 943.73 471.07 20.96 42.35 0 0.439425 1889.67 257.96 26.53 39.75 0 0.437664 953.60 252.91 21.67 38.05 0 0.424115 1896.34 132.32 21.51 28.34 0 0.406935 1649.41 174.12 23.90 32.75 0 0.398738 1733.79 261.61 24.12 35.98 0 0.390548 1034.72 472.54 44.20 19.79 0 0.382934 1568.92 310.24 25.99 40.89 0 0.361906 1446.29 18.13 25.41 26.80 0 0.348958 1607.40 260.68 22.86 35.59 0 0.347530 956.62 125.07 21.73 33.97 0 0.341260 955.38 156.87 22.52 39.40 0 0.332844 1815.66 260.22 25.57 40.60 0 0.320986 1600.99 173.52 22.52 35.46 0 0.320709 1689.10 172.43 27.92 34.71 0 0.305381 949.73 352.48 24.29 37.92 0 0.304096 1746.63 262.64 23.98 36.80 0 0.301878 1791.41 256.13 25.83 39.88 0 0.298427 1780.90 259.67 27.02 38.68 0 0.284834 1862.04 300.49 28.29 38.89 0 0.267208 1522.11 169.43 23.86 35.13 0 0.258064 1860.91 306.72 27.41 37.00 0 0.257576 1750.30 259.51 24.25 37.96 0 0.250692 1605.15 303.73 25.36 45.83 0
225,0.705846 691.81 373.30 66.45 141.11 1 0.701548 1174.48 655.33 63.14 30.93 0 0.659042 838.37 191.83 28.67 54.10 0 0.650508 1168.78 416.52 27.04 52.11 0 0.621826 633.40 351.75 59.41 28.83 0 0.619732 742.50 257.93 28.73 52.63 0 0.589106 443.01 810.83 33.36 64.30 0 0.587769 1302.58 418.03 66.39 28.16 1 0.586360 1022.63 405.51 29.94 56.26 0 0.577992 1197.53 415.99 30.29 50.83 0 0.571606 298.29 806.03 36.23 61.20 0 0.565475 1109.03 419.59 30.02 52.46 0 0.555178 832.36 248.35 33.23 57.01 0 0.530237 588.12 707.75 72.84 27.63 0 0.526525 678.97 707.84 54.32 25.22 0 0.518680 1289.19 413.47 64.55 29.45 1 0.495357 1019.10 742.64 31.82 62.75 0 0.492936 295.03 686.39 69.20 36.08 0 0.471971 806.43 192.94 29.94 57.75 0 0.465597 116.13 601.51 55.59 27.00 0 0.462808 46.47 603.28 52.17 23.73 0 0.461958 991.32 741.46 31.37 63.68 0 0.460577 990.00 404.71 31.99 62.50 0 0.457231 180.42 606.93 46.72 21.54 0 0.451043 327.60 810.63 29.71 54.39 0 0.442187 1051.35 742.21 37.45 66.13 0 0.441696 451.72 691.87 56.36 27.71 0 0.430397 744.82 193.95 28.24 59.89 0 0.428352 29.92 923.41 31.78 63.86 0 0.424146 774.68 253.42 30.89 53.08 0 0.403744 604.70 706.63 68.19 25.82 0 0.362732 529.05 702.38 48.67 26.22 0 0.361803 0.10 902.96 27.93 64.03 0 0.353434 290.94 689.39 71.46 41.18 0 0.349426 244.18 612.17 30.04 19.13 0 0.344382 485.11 696.26 44.24 28.04 0 0.340699 683.25 702.33 54.07 30.10 0 0.338748 479.32 692.47 45.36 27.67 0 0.335467 61.97 774.51 32.87 51.39 0 0.328093 677.59 374.88 73.31 150.13 1 0.317503 165.24 682.00 50.59 25.05 0 0.313477 779.12 192.29 30.07 58.50 0 0.297696 23.86 932.49 37.83 59.44 0 0.293640 776.89 202.03 28.66 52.47 0 0.265266 241.14 685.50 48.09 29.92 0 0.258889 95.71 767.65 27.38 45.67 0 0.256417 174.54 603.67 44.97 24.91 0 0.252363 634.63 169.43 32.59 44.52 0
226,0.681674 1059.60 541.38 49.26 24.38 0 0.636017 992.19 536.67 53.53 25.10 0 0.626241 719.95 517.47 55.80 23.02 0 0.622787 1332.83 557.83 59.06 27.48 0 0.614357 1127.27 544.98 52.01 24.20 0 0.578844 1263.01 557.63 61.02 28.10 0 0.551650 919.68 534.08 57.87 22.58 0 0.512101 1191.04 554.13 58.83 24.89 0 0.298025 852.85 531.34 51.58 22.97 0
227,0.372084 983.09 139.54 26.20 46.31 1 0.365393 818.55 400.02 32.73 22.14 0 0.264032 717.88 581.07 34.20 22.61 0
228,0.601841 993.97 445.68 281.99 100.48 0 0.593429 2.49 442.19 312.87 112.65 0 0.554403 509.03 402.31 303.32 154.92 1 0.546898 1325.09 470.05 244.17 83.17 0 0.539302 1648.14 468.92 259.83 90.79 0 0.323199 65.40 442.92 323.92 119.25 0 0.312197 488.24 414.68 270.37 130.62 1
229,0.646674 929.62 500.23 30.74 24.47 1 0.642749 817.29 660.73 46.56 28.02 0 0.497931 781.77 684.72 36.81 23.09 0 0.431997 426.16 800.83 43.07 30.67 0 0.409903 1340.11 705.08 27.29 18.40 0 0.374127 674.10 740.41 38.95 25.50 0 0.371505 678.81 738.91 40.44 24.94 0 0.349134 622.92 763.33 40.45 24.53 0 0.338023 735.88 709.37 35.96 23.36 0 0.321526 632.76 762.69 39.77 21.72 0 0.314439 928.11 504.18 29.45 27.17 1 0.306312 436.03 797.79 37.81 27.17 0 0.273630 720.78 722.39 32.59 25.34 0 0.270637 1205.97 327.43 22.89 14.17 0
230,0.529492 1003.76 452.63 30.75 18.52 0 0.434402 917.10 474.24 35.83 18.47 0 0.421360 1513.89 509.01 27.55 23.82 0 0.411631 924.77 472.59 33.25 15.86 0 0.363196 225.50 509.75 43.38 20.89 0 0.347108 1051.30 442.90 31.38 15.92 0 0.327532 1278.48 375.44 24.97 23.62 0 0.278940 959.21 466.60 33.63 16.48 0 0.274501 1080.23 430.08 31.24 19.97 0
231,0.656042 1274.09 43.48 43.89 25.82 3 0.619525 887.88 102.28 112.95 53.08 0 0.612553 1075.53 685.65 108.55 58.77 0 0.599953 597.52 594.40 114.30 67.38 0 0.597401 1079.70 620.79 99.75 57.13 0 0.595878 99.15 836.93 123.01 65.84 0 0.595448 1043.66 145.55 93.10 50.84 0 0.590632 1028.73 92.44 112.71 61.23 0 0.588136 1061.74 369.35 102.68 58.93 0 0.587833 111.45 702.27 114.29 59.03 0 0.587390 875.12 0.00 103.80 47.61 0 0.585456 579.08 351.94 132.48 57.13 0 0.585314 907.60 774.88 133.79 62.32 0 0.580879 1054.48 433.90 120.64 59.02 0 0.578866 1039.25 494.32 117.30 61.95 0 0.577939 580.03 731.96 128.37 64.20 0 0.576297 896.97 321.16 106.44 58.91 0 0.573507 1018.31 197.00 116.84 58.81 0 0.573195 1042.04 554.29 101.51 54.17 0 0.570879 887.96 389.26 106.48 56.76 0 0.567959 583.44 657.63 120.27 63.63 0 0.567786 598.49 119.86 113.48 58.33 0 0.565159 590.70 468.02 112.74 62.03 0 0.564033 917.93 638.51 107.41 51.57 0 0.563501 882.43 150.09 112.24 56.09 0 0.560839 878.09 49.22 107.85 56.29 0 0.553093 1070.03 753.41 99.41 57.28 0 0.549424 1027.34 261.26 106.57 53.65 0 0.547234 588.45 528.57 119.96 57.56 0 0.546732 882.72 451.03 120.69 61.79 0 0.541900 1032.07 308.41 114.08 58.55 0 0.540829 878.55 269.73 113.70 58.54 0 0.537951 587.29 184.11 109.97 51.72 0 0.536609 104.02 899.81 127.39 62.34 0 0.536496 575.67 798.28 115.11 54.68 0 0.524546 1269.31 11.65 41.20 22.40 3 0.520347 931.57 701.86 102.14 54.41 0 0.520316 589.65 10.36 105.43 54.51 0 0.516947 589.24 291.11 119.58 61.31 0 0.510217 929.53 840.90 110.39 52.88 0 0.508865 595.77 234.31 102.10 61.51 0 0.494004 878.50 212.10 116.84 57.43 0 0.484540 597.41 75.44 105.28 49.07 0 0.478437 890.28 509.87 118.12 57.50 0 0.470630 1043.50 486.24 123.14 61.75 0 0.453534 884.35 110.75 106.36 53.99 0 0.421740 598.76 127.75 107.24 61.79 0 0.413094 1274.67 75.52 48.14 27.03 3 0.406759 913.01 627.32 133.05 62.58 0 0.402477 92.50 702.33 110.92 63.58 0 0.385677 1021.94 80.58 118.44 62.30 0 0.353627 1044.99 437.16 115.92 63.30 0 0.351597 587.44 173.17 117.16 56.48 0 0.337996 1.18 914.98 41.44 70.17 0 0.336390 1077.67 750.92 124.93 61.39 0 0.328402 1140.48 749.87 60.60 59.29 0 0.318585 93.11 832.28 123.50 57.43 0 0.306788 591.95 221.56 106.51 59.73 0 0.303161 1268.79 0.00 40.69 20.15 3 0.301070 880.86 199.90 114.35 58.82 0 0.298644 598.86 100.38 111.19 52.75 0 0.291525 1277.18 61.97 47.78 26.44 3 0.276248 878.23 223.53 114.48 54.69 0 0.256006 948.63 835.12 111.27 57.70 0 0.250812 1033.84 102.40 103.14 64.45 0
232,0.682202 905.51 507.38 22.85 44.76 0 0.671366 457.14 405.52 24.72 42.04 0 0.657602 497.98 517.38 23.50 45.95 0 0.657252 1123.81 384.37 24.30 62.78 1 0.646586 427.86 568.45 25.90 47.69 0 0.641246 818.61 506.12 22.79 45.90 0 0.620760 1624.95 565.99 32.30 53.14 0 0.616281 557.26 513.60 24.27 43.64 0 0.611960 671.23 508.44 24.47 43.88 0 0.611554 846.41 349.16 20.83 38.51 0 0.607843 641.71 510.41 24.41 45.45 0 0.603129 700.32 506.72 25.03 45.97 0 0.602752 795.34 345.81 21.16 38.63 0 0.602560 1643.52 633.38 33.21 51.23 0 0.599181 934.51 506.62 22.27 43.70 0 0.598011 789.93 505.58 21.71 46.30 0 0.597726 1520.21 194.90 24.59 41.15 0 0.594617 526.30 516.10 24.07 47.70 0 0.593888 1574.21 394.48 33.33 43.99 0 0.584663 1605.65 500.21 33.41 51.25 0 0.582413 929.27 391.40 22.56 43.42 0 0.580938 980.53 766.23 25.76 51.01 0 0.576938 764.91 340.91 21.77 39.83 0 0.576061 847.53 504.97 22.86 45.54 0 0.574897 881.44 690.39 26.25 58.14 0 0.571134 458.78 573.18 23.73 48.45 0 0.570070 521.18 351.58 22.44 42.87 0 0.569633 818.50 345.85 21.66 39.20 0 0.568552 940.63 692.31 27.58 53.82 0 0.562696 871.77 343.35 21.24 39.66 0 0.560283 486.39 403.83 22.39 44.82 0 0.559684 766.09 396.45 21.51 45.64 0 0.558582 596.85 398.35 24.15 45.31 0 0.548644 549.77 349.41 22.27 39.30 0 0.546429 791.84 396.03 22.67 46.02 0 0.546260 489.23 578.63 26.88 46.82 0 0.544449 655.42 344.07 21.44 40.98 0 0.542900 626.14 395.26 23.65 43.60 0 0.539539 736.22 392.66 23.03 48.05 0 0.536635 871.75 391.63 22.23 40.55 0 0.534838 631.19 345.21 22.30 40.25 0 0.527890 680.31 399.18 22.81 44.62 0 0.523130 1108.36 82.18 29.24 37.92 0 0.512696 974.24 687.36 28.24 55.15 0 0.510825 732.76 506.12 26.51 50.12 0 0.506732 655.25 396.31 22.86 45.91 0 0.503191 438.61 516.59 24.73 43.86 0 0.502720 959.52 385.59 21.69 42.09 0 0.499888 821.78 395.59 21.60 45.95 0 0.499510 568.70 398.60 22.17 42.47 0 0.494990 1428.12 223.87 43.78 20.61 0 0.494552 614.07 506.46 24.14 44.28 0 0.486756 877.77 505.95 23.76 44.60 0 0.455532 1106.39 87.82 29.19 39.24 0 0.431257 682.27 347.51 24.14 44.24 0 0.428513 1424.45 186.44 45.68 20.92 0 0.427753 464.11 353.34 26.28 40.82 0 0.421994 472.13 515.54 22.70 44.43 0 0.416821 585.20 509.09 24.29 43.66 0 0.402377 542.20 397.64 23.67 44.20 0 0.402227 458.45 516.08 22.53 45.69 0 0.382372 1419.69 182.19 47.87 22.89 0 0.371275 470.94 352.64 25.15 41.58 0 0.364967 514.41 401.31 25.10 43.66 0 0.354524 686.55 349.98 23.69 41.75 0 0.340897 458.98 564.12 23.50 49.08 0 0.321301 737.04 349.50 22.00 36.84 0 0.316412 519.85 399.51 24.12 43.68 0 0.287950 463.27 521.69 22.87 43.33 0 0.283211 1427.06 202.83 45.54 18.39 0 0.265012 480.63 278.29 13.31 23.72 3 0.264152 715.66 350.39 21.07 39.51 0 0.253680 701.79 403.33 20.09 40.48 0
233,0.575399 403.65 707.54 24.61 21.45 0 0.566295 436.13 710.34 22.85 22.24 0 0.514380 1128.43 634.47 18.69 20.24 0 0.497545 617.64 664.08 28.31 15.38 0 0.459005 913.62 566.12 19.48 20.28 0 0.439409 365.30 699.75 28.25 23.34 0 0.393584 869.70 594.73 44.57 38.73 1 0.387423 484.90 716.12 29.71 19.26 0 0.369592 579.57 661.17 28.67 17.06 0 0.368189 614.93 734.35 26.87 19.58 0 0.316368 391.33 620.44 29.04 15.32 0 0.315312 1030.06 621.70 19.82 24.44 0 0.313944 492.78 716.76 28.84 21.62 0 0.311388 955.42 570.90 19.64 21.33 0 0.307194 1030.50 626.90 19.67 24.11 0 0.305534 696.33 739.34 20.06 26.74 0 0.294480 1098.14 634.72 19.25 19.47 0 0.286899 606.54 737.06 29.10 18.24 0 0.282523 930.71 565.21 21.34 19.40 0 0.260017 859.75 589.80 51.25 43.10 1
234,0.687784 1624.83 433.12 37.48 49.96 0 0.664636 1362.15 335.71 28.50 43.08 0 0.637074 443.70 16.59 32.12 61.02 1 0.636494 1335.01 342.08 25.85 41.99 0 0.628821 1751.24 404.86 35.99 45.55 0 0.628226 1545.91 400.87 34.93 45.93 0 0.624647 1817.96 383.54 43.52 46.65 0 0.620746 1455.93 487.79 35.92 50.94 0 0.619092 714.33 618.46 27.64 48.48 0 0.614456 873.98 849.39 49.04 26.40 0 0.613985 1479.50 478.47 33.80 47.28 0 0.605875 739.65 747.96 32.28 54.06 0 0.598135 1525.01 410.39 31.03 41.50 0 0.598098 1704.15 249.06 35.60 40.30 0 0.596690 1505.88 473.77 33.86 46.98 0 0.595244 1274.55 202.89 28.38 36.33 0 0.593614 1577.38 281.73 31.12 42.46 0 0.592736 1433.02 501.16 31.94 47.09 0 0.592440 1433.36 317.83 32.84 42.17 0 0.590608 1392.00 452.01 34.02 42.32 0 0.567912 1477.32 305.68 33.03 41.60 0 0.563388 1767.10 340.37 41.50 41.98 0 0.562273 1579.63 452.15 38.62 47.21 0 0.558722 881.86 917.31 57.21 27.94 0 0.555739 1554.34 468.21 36.92 46.45 0 0.549430 1217.15 220.97 31.65 35.90 0 0.547765 1692.08 359.08 36.73 47.49 0 0.543611 1388.08 331.90 27.61 43.75 0 0.538027 1715.60 354.36 38.17 46.47 0 0.532287 1549.44 284.77 30.36 43.23 0 0.530866 773.45 905.85 32.54 62.85 0 0.529967 1532.62 473.67 33.40 45.59 0 0.529911 1365.76 455.19 32.74 41.65 0 0.528214 1775.28 340.72 42.80 41.05 0 0.526593 1527.41 291.82 28.68 42.10 0 0.526157 1408.61 328.02 32.15 40.34 0 0.523693 651.69 568.37 47.50 29.47 0 0.518877 1623.93 267.07 30.23 40.73 0 0.517927 1343.85 465.14 33.33 37.07 0 0.516126 1181.33 479.64 30.92 64.14 1 0.513360 1644.44 263.98 29.68 38.89 0 0.511680 1599.91 385.26 35.99 45.23 0 0.510982 1422.22 442.76 37.44 46.90 0 0.506076 1654.90 211.68 27.98 42.46 0 0.504214 1403.11 507.62 35.03 47.47 0 0.503459 1503.23 413.07 35.43 43.69 0 0.493751 1503.11 302.09 30.64 41.94 0 0.490955 1676.53 207.58 28.63 42.59 0 0.483423 1624.34 379.93 32.00 44.13 0 0.482362 1310.63 346.78 26.16 41.38 0 0.477929 1728.87 344.73 39.56 47.84 0 0.472703 1668.15 262.05 29.99 37.89 0 0.471061 1670.56 366.52 33.82 49.67 0 0.470368 1507.29 299.43 31.36 40.49 0 0.469288 1207.60 224.53 29.23 34.30 0 0.463093 1605.28 273.42 29.38 39.88 0 0.461033 685.33 488.94 30.20 48.35 0 0.460971 880.14 877.77 48.13 24.03 0 0.457810 1178.84 182.02 29.26 28.69 0 0.457464 1465.80 425.47 32.68 39.68 0 0.455930 1657.16 432.06 33.68 50.07 0 0.451499 675.87 439.21 27.30 39.30 0 0.438384 1552.64 398.68 36.78 46.41 0 0.432018 1624.44 210.14 27.00 40.40 0 0.424246 890.24 950.69 55.36 26.78 0 0.420101 1673.64 430.07 35.72 45.91 0 0.416639 666.46 392.89 26.27 42.01 0 0.398681 1722.35 351.75 36.69 45.61 0 0.394860 1601.27 276.09 28.32 40.65 0 0.394498 1226.40 208.42 31.86 38.80 0 0.371506 1688.01 432.10 32.98 46.84 0 0.369061 1654.05 369.04 34.98 48.19 0 0.358598 1344.99 474.42 35.93 36.86 0 0.358208 1581.53 390.29 34.92 45.22 0 0.357628 1775.06 396.57 39.66 50.22 0 0.356968 1485.49 414.43 36.38 45.39 0 0.350499 1413.06 442.61 41.83 45.83 0 0.342182 1472.47 419.62 34.16 44.56 0 0.340596 1763.28 400.10 39.13 48.34 0 0.334818 1741.84 345.42 35.85 44.27 0 0.331765 1648.37 372.40 32.10 49.68 0 0.327928 1696.06 255.18 31.12 38.49 0 0.319022 1473.11 303.60 28.30 38.94 0 0.315078 1403.11 442.49 36.42 49.99 0 0.306651 736.98 740.94 31.08 56.07 0 0.306278 678.06 449.04 26.87 40.34 0 0.298157 1709.25 251.28 35.60 39.39 0 0.287569 887.67 905.92 52.87 24.65 0 0.283799 1353.51 467.45 33.00 40.16 0 0.281547 1572.33 460.91 36.10 49.34 0 0.273137 664.08 679.99 40.35 22.88 0 0.272784 885.28 896.38 54.48 25.26 0 0.270458 1574.13 390.85 33.30 47.38 0 0.263523 1605.60 379.39 33.38 45.05 0 0.263013 1588.23 448.97 37.63 48.45 0 0.256447 1648.70 253.69 32.74 39.95 0
235,0.347090 1030.62 325.49 34.87 19.85 0
236,0.587069 440.01 442.69 290.64 97.88 0 0.579755 821.09 449.09 260.47 95.15 0 0.544669 1144.36 447.79 274.56 91.41 0 0.482976 1788.53 475.29 131.47 64.90 0 0.442020 0.00 468.42 268.79 100.92 0 0.267325 1792.89 467.91 126.94 59.67 0
237,0.666621 624.90 652.41 59.06 35.75 0 0.649625 761.28 1034.40 72.99 37.37 0 0.646397 951.47 914.72 71.61 39.56 0 0.642116 762.31 987.71 74.19 41.33 0 0.631430 888.33 529.47 68.02 34.97 0 0.630703 741.48 868.03 70.70 40.65 0 0.627244 878.45 459.53 63.57 32.08 0 0.623317 908.41 639.14 66.46 33.20 0 0.620372 1145.58 410.69 61.94 30.45 0 0.616327 921.64 795.46 69.83 35.82 0 0.615200 697.05 487.27 64.70 34.72 0 0.614493 936.75 869.12 72.35 39.85 0 0.606671 736.39 747.62 70.93 37.24 0 0.604169 621.37 580.76 68.34 35.58 0 0.601196 712.42 556.97 69.00 37.60 0 0.600329 1211.18 295.37 63.54 30.02 0 0.594318 910.84 676.38 64.99 38.53 0 0.588149 634.86 535.48 61.39 36.57 0 0.582671 675.21 1007.20 66.05 35.22 0 0.582342 645.07 843.81 71.96 35.48 0 0.575422 601.78 439.97 68.60 31.44 0 0.572867 877.38 422.15 62.35 32.02 0 0.571460 610.07 504.93 66.01 32.45 0 0.567702 690.05 414.56 67.73 35.60 0 0.560974 737.37 821.84 68.28 39.89 0 0.556427 963.63 1035.58 69.95 37.67 0 0.551503 924.74 754.22 67.86 34.96 0 0.549908 876.83 386.89 59.50 31.85 0 0.545980 642.38 723.51 63.87 36.83 0 0.544791 749.35 865.08 68.27 38.28 0 0.538321 670.52 167.23 89.32 37.38 1 0.537307 601.56 470.07 66.90 32.76 0 0.536884 882.85 497.88 62.43 31.43 0 0.536017 659.83 964.26 72.38 38.45 0 0.535150 1048.07 981.73 74.47 42.82 0 0.532544 721.56 629.37 62.55 37.20 0 0.528793 965.83 990.52 65.13 43.30 0 0.526161 1127.55 344.85 68.82 35.91 0 0.524145 641.88 766.48 71.42 40.26 0 0.520645 894.46 568.42 66.73 31.61 0 0.518035 749.38 909.97 67.91 34.48 0 0.511670 723.44 671.30 66.84 33.46 0 0.510789 757.20 945.77 69.81 36.41 0 0.500073 952.02 956.95 70.48 34.28 0 0.491286 925.56 834.07 70.72 33.89 0 0.490243 734.38 783.76 75.85 34.07 0 0.488856 638.58 804.08 70.98 36.84 0 0.487183 1116.53 311.92 68.16 32.98 0 0.484690 714.15 597.04 67.74 35.15 0 0.484080 1049.16 934.75 79.09 41.80 0 0.482769 734.40 709.48 64.48 34.57 0 0.481314 616.43 609.54 70.09 35.93 0 0.477788 693.14 456.50 61.33 29.34 0 0.455728 910.37 719.16 70.82 33.23 0 0.447790 963.52 954.48 65.67 33.72 0 0.443622 632.60 576.01 63.74 32.75 0 0.440381 1050.78 971.13 73.15 40.44 0 0.439851 763.69 1027.39 73.96 35.48 0 0.436904 452.49 205.45 36.16 17.52 3 0.426740 607.91 435.31 63.05 31.13 0 0.414429 919.67 715.90 63.64 30.38 0 0.412960 601.85 508.02 65.43 31.74 0 0.407746 1066.52 1024.30 63.69 31.48 0 0.401702 636.49 691.19 66.69 30.96 0 0.399479 682.33 384.77 65.49 31.54 0 0.396071 1040.69 1029.43 63.87 32.58 0 0.392456 1424.19 823.68 47.31 24.47 0 0.390100 685.66 380.02 63.71 28.60 0 0.385127 650.63 764.10 66.21 31.85 0 0.383354 623.34 538.57 67.71 34.86 0 0.375545 1053.80 930.23 76.65 36.56 0 0.364574 1044.53 1025.88 71.66 31.72 0 0.357236 965.01 1002.18 67.74 39.61 0 0.325278 762.72 969.23 72.00 37.43 0 0.318761 453.83 187.95 35.14 20.26 3 0.312735 1385.09 802.22 50.72 28.99 0 0.307974 881.51 504.64 67.72 32.47 0 0.305014 964.94 1015.78 67.86 38.63 0 0.303030 765.78 978.79 72.23 37.96 0 0.298026 693.10 450.94 63.06 27.46 0 0.294069 677.55 1003.65 63.14 30.98 0 0.293943 1058.98 1027.56 72.41 33.00 0 0.278236 659.67 956.90 72.71 34.17 0 0.277573 519.50 900.79 32.11 22.58 3 0.276927 630.47 608.27 63.69 34.10 0 0.273805 736.48 725.23 68.72 31.31 0 0.267115 636.81 695.59 69.23 33.21 0 0.265436 919.90 723.17 65.22 31.99 0 0.260979 608.15 428.93 62.30 26.64 0 0.257417 716.28 550.27 68.75 33.69 0 0.257265 756.29 953.97 73.81 35.91 0
238,0.724928 914.50 58.13 58.24 28.90 1 0.666479 558.20 301.50 15.31 25.60 2 0.589928 1097.40 65.77 26.14 40.02 0 0.587915 607.40 308.50 12.78 21.19 2 0.556987 997.87 0.00 28.80 36.26 0 0.554835 1065.68 46.30 30.34 43.46 0 0.540213 673.58 343.10 11.58 16.32 2 0.514351 924.70 305.88 15.33 18.07 2 0.504993 888.32 337.42 17.50 19.40 2 0.498730 557.93 294.65 16.35 23.62 2 0.491521 651.13 576.15 17.59 19.27 2 0.475249 536.29 272.02 18.13 19.31 2 0.426048 459.65 206.35 14.35 18.02 2 0.425627 702.94 375.62 14.06 18.54 2 0.416925 435.76 647.49 18.00 23.85 2 0.406076 498.03 286.90 18.95 25.21 2 0.357553 558.66 578.97 16.78 18.28 2 0.357356 659.69 514.35 18.12 21.86 2 0.350122 632.95 543.89 23.85 21.43 2 0.349982 655.60 395.45 12.17 15.56 2 0.349429 807.35 328.53 13.92 16.20 2 0.344518 787.38 279.26 14.10 14.99 2 0.320944 692.69 407.47 15.11 17.67 2 0.313349 908.12 193.20 15.07 19.81 2 0.308807 368.70 511.72 15.33 20.52 2 0.305420 789.64 644.91 15.00 19.63 2 0.303311 836.86 375.47 16.63 17.26 2 0.297204 634.14 448.13 14.53 18.33 2 0.285552 437.27 655.79 18.01 22.44 2 0.279473 639.41 478.54 16.57 17.76 2 0.264322 888.37 331.05 19.41 20.60 2 0.253343 787.02 634.08 15.58 21.97 2 0.250330 250.73 558.12 19.77 21.10 2
239,0.657789 357.82 511.88 24.75 31.34 0 0.609527 702.31 556.43 20.61 33.11 0 0.500246 380.74 515.09 23.93 30.03 0 0.487698 884.80 369.21 48.14 66.39 1 0.461163 930.11 132.29 21.25 26.74 1 0.459502 319.38 506.02 28.91 31.67 0 0.454587 518.00 447.60 34.98 19.51 0 0.445929 980.52 329.92 21.79 29.01 0 0.445878 983.62 337.24 21.78 28.61 0 0.436514 603.35 553.55 24.79 29.26 0 0.436345 333.42 403.90 39.26 20.21 0 0.416392 627.95 559.50 23.15 26.56 0 0.391812 399.97 514.10 25.63 30.96 0 0.365672 1147.64 409.47 19.61 26.05 0 0.364835 728.79 464.12 35.84 21.70 0 0.355904 934.12 325.20 21.85 21.35 0 0.326502 1205.10 409.19 18.25 25.48 0 0.320539 595.76 0.00 30.59 13.86 0 0.318984 1073.58 401.08 24.44 25.24 0 0.313431 474.73 529.46 23.26 27.14 0 0.304562 1183.63 403.88 22.03 26.45 0 0.294212 413.45 587.35 19.10 23.81 0 0.289315 1184.50 408.09 20.56 27.35 0 0.286709 457.34 529.00 23.25 26.47 0 0.284642 474.79 524.90 24.45 27.58 0 0.284611 303.37 426.76 25.50 17.98 0
240,0.622673 822.08 214.98 19.23 41.40 0 0.471295 793.77 749.25 28.96 61.10 1 0.452110 797.84 537.60 31.82 55.52 0
241,0.548057 1101.39 445.28 176.08 86.87 0 0.510466 1336.97 397.15 157.79 77.65 0 0.503105 1113.28 417.54 160.51 94.82 0 0.499391 1510.04 345.50 143.16 85.66 0 0.480146 553.09 576.26 170.49 147.95 0 0.477397 419.54 548.93 199.62 122.23 0 0.411187 515.01 568.64 211.46 138.34 0 0.365179 444.16 558.16 141.79 111.33 0 0.338775 1122.90 408.87 159.23 81.16 0 0.284390 433.58 542.62 231.77 136.16 0 0.260396 1498.00 361.05 136.29 75.21 0 0.259333 1862.40 553.83 54.77 55.77 0 0.255931 1310.07 386.67 202.22 87.59 0 0.250615 539.50 429.26 35.87 46.58 2
242,
243,0.507235 1169.29 347.72 27.47 39.66 0 0.501890 1152.79 185.55 25.21 23.98 0 0.310167 1144.95 149.53 25.74 23.88 0 0.308733 1166.65 259.13 26.81 26.45 0 0.301452 1145.90 139.89 25.63 26.41 0 0.296971 1152.33 195.56 23.86 23.53 0
244,0.868765 849.05 900.65 43.19 81.77 1 0.741972 1157.17 420.82 55.48 29.97 1 0.730829 908.20 106.35 33.09 51.73 1 0.637540 910.12 113.00 26.80 49.36 1 0.416112 937.91 105.48 22.78 35.93 1 0.335741 497.20 815.26 28.95 27.63 0
245,0.620580 1202.24 409.89 111.51 65.08 0 0.601263 1125.93 715.90 102.77 61.75 0 0.596647 1024.44 481.03 110.68 67.02 0 0.585734 834.27 168.73 103.04 62.91 0 0.584521 644.51 618.73 111.59 65.84 0 0.584222 1031.57 970.63 112.56 69.38 0 0.581472 529.46 870.69 120.74 72.07 0 0.579962 1243.49 298.62 117.23 73.02 0 0.579203 1003.88 535.97 116.49 69.84 0 0.568604 1086.04 316.35 109.06 60.06 0 0.562369 1098.53 262.52 117.82 60.24 0 0.558465 576.19 735.86 125.01 70.36 0 0.557462 703.34 495.40 117.53 73.44 0 0.556235 656.43 556.70 118.44 69.83 0 0.554754 989.06 597.28 102.69 63.43 0 0.549873 1186.55 467.77 111.17 65.47 0 0.547002 1049.02 824.05 118.70 72.84 0 0.541213 697.14 121.61 108.56 63.18 0 0.537498 757.83 327.29 113.21 64.74 0 0.537382 1075.46 761.85 117.49 72.63 0 0.535753 741.43 382.45 104.68 65.71 0 0.530391 1046.32 432.62 112.30 57.21 0 0.529767 1055.04 363.17 123.02 63.11 0 0.528322 850.12 914.78 118.56 70.58 0 0.527252 881.60 849.44 128.19 70.35 0 0.525870 931.20 717.56 118.21 61.87 0 0.525127 612.45 677.55 123.22 68.85 0 0.524138 778.36 272.76 117.04 65.76 0 0.521805 1125.25 642.64 121.45 72.09 0 0.518170 630.79 222.15 108.57 67.24 0 0.514242 955.51 658.42 115.47 67.40 0 0.512442 674.08 172.84 104.18 54.10 0 0.503472 820.86 980.73 131.80 68.71 0 0.503056 801.66 226.35 110.51 64.14 0 0.500929 1131.61 650.30 124.26 77.77 0 0.499947 470.21 995.96 132.90 77.41 0 0.497770 497.78 931.17 130.66 71.10 0 0.491807 1.83 908.78 109.51 70.33 0 0.484675 719.10 453.93 110.56 64.55 0 0.482782 1506.01 375.51 56.23 29.69 3 0.482757 1057.22 372.47 118.09 67.48 0 0.479218 1402.97 726.13 52.09 31.42 3 0.478526 1034.74 897.30 128.51 71.97 0 0.465849 997.01 1034.87 120.92 45.13 0 0.461895 1028.50 886.91 125.40 65.22 0 0.460319 892.02 780.88 124.59 73.91 0 0.451798 814.32 987.91 140.01 81.93 0 0.449915 480.94 982.78 133.17 82.90 0 0.447020 704.56 126.41 117.83 65.15 0 0.432595 1048.34 909.83 109.36 64.08 0 0.432416 1097.51 252.56 110.58 59.78 0 0.424070 1422.74 651.94 52.04 29.78 3 0.418115 1524.24 324.98 51.61 31.21 3 0.414679 942.90 645.27 124.62 74.12 0 0.396864 501.38 915.34 129.84 72.21 0 0.395535 1509.73 365.59 54.21 29.00 3 0.388097 1503.47 384.80 61.03 29.00 3 0.382168 1514.40 351.98 52.56 29.00 3 0.380768 898.20 773.75 124.50 66.31 0 0.369705 82.03 164.64 73.24 53.26 0 0.367513 733.08 386.51 101.27 77.13 0 0.364292 642.75 236.60 100.28 61.55 0 0.362184 89.55 120.91 103.73 58.47 0 0.357830 642.06 612.42 120.45 58.91 0 0.352745 0.00 1032.94 54.56 47.06 0 0.350509 7.17 895.39 106.23 67.15 0 0.347224 1410.75 697.71 48.18 27.31 3 0.347159 721.56 445.65 108.20 56.18 0 0.330006 1208.92 418.70 115.39 64.52 0 0.329440 821.45 960.04 137.57 75.44 0 0.314302 707.21 466.27 118.16 65.84 0 0.308193 929.76 707.72 126.74 58.78 0 0.307818 792.72 237.41 109.88 62.14 0 0.298282 878.45 832.98 128.56 77.32 0 0.291787 1069.53 758.22 102.98 64.95 0 0.284823 1413.41 692.30 48.99 26.47 3 0.282720 1030.76 436.83 120.01 65.02 0 0.279552 1020.29 548.39 106.87 61.78 0 0.276423 1130.59 634.82 120.91 65.11 0 0.271197 1039.38 425.10 119.01 54.51 0 0.266297 677.78 177.10 112.99 61.24 0 0.262867 1049.61 383.58 118.80 63.44 0 0.259512 1042.09 838.17 127.53 73.84 0 0.258583 825.43 159.40 97.85 55.28 0
246,0.741175 392.68 432.56 224.91 86.70 1 0.635145 1577.99 390.52 172.13 70.61 0 0.567307 974.94 426.11 179.69 72.72 0 0.551495 11.07 473.65 256.76 76.07 0 0.547071 1177.35 411.85 201.65 77.41 0 0.529295 1776.65 389.39 143.35 67.10 0 0.489166 721.22 426.44 222.68 76.76 0 0.439436 0.00 464.15 244.57 89.59 0 0.421052 1205.89 408.15 170.48 67.99 0 0.362305 25.96 454.48 244.73 86.64 0
247,0.501144 19.86 0.00 40.57 52.92 0 0.488598 30.62 0.40 45.65 51.96 0 0.403894 717.29 165.42 120.33 43.36 1 0.341751 79.65 3.81 42.08 44.90 0 0.339109 679.39 111.85 35.42 76.46 1 0.330346 832.54 101.32 36.78 35.73 1 0.324195 73.21 4.30 41.84 50.33 0 0.312891 0.00 46.60 18.00 47.12 0 0.303852 766.68 98.75 95.71 36.72 1 0.288371 42.86 2.23 38.89 58.37 0 0.259029 718.50 153.50 126.53 44.33 1 0.255754 719.43 177.44 125.64 44.66 1 0.254560 675.70 115.53 35.85 95.98 1
248,0.746392 577.01 654.53 155.58 63.32 1 0.659141 284.49 151.82 27.15 39.62 0 0.643731 530.58 798.28 155.36 59.03 1 0.631752 535.77 763.69 159.27 70.05 1 0.624679 472.56 711.75 53.01 149.26 1 0.621169 537.98 751.49 162.57 68.28 1 0.555377 341.18 151.69 26.04 39.94 0 0.553438 244.64 156.05 30.81 40.78 0 0.523768 405.96 177.33 48.05 25.39 0 0.509341 240.73 161.50 33.69 38.70 0 0.502596 526.69 179.15 49.18 21.24 0 0.501531 737.09 6.46 25.63 33.90 0 0.498931 857.47 6.75 22.45 31.62 0 0.481137 367.84 148.78 29.03 41.94 0 0.456494 1104.27 16.72 39.50 19.52 0 0.441858 527.05 182.14 49.45 22.92 0 0.430915 981.39 5.00 22.11 29.56 0 0.410528 713.22 4.39 32.42 32.51 0 0.382152 942.86 8.75 18.62 29.56 0 0.381196 450.47 0.00 35.14 16.62 0 0.350195 872.68 63.00 44.03 19.85 0 0.327747 104.27 0.00 48.95 24.17 0 0.322212 915.47 5.81 20.32 29.40 0 0.299261 881.40 5.09 22.38 33.21 0 0.296818 613.91 662.24 120.86 56.26 1 0.288450 781.83 5.05 28.29 35.00 0 0.275812 670.31 665.83 64.05 52.37 1 0.256235 474.53 0.00 34.49 16.83 0
249,0.660225 957.22 909.22 28.15 58.26 0 0.651117 1650.69 52.89 25.07 38.86 0 0.627532 1673.11 49.17 25.19 39.59 0 0.614607 1513.70 58.74 25.17 31.78 0 0.613364 1561.47 55.06 24.46 34.02 0 0.599608 1056.51 593.57 49.86 23.95 0 0.597327 1234.31 924.33 59.28 27.91 0 0.580448 960.85 610.23 23.71 45.53 0 0.579001 1842.85 51.13 31.95 36.04 0 0.577220 964.90 479.88 23.34 42.52 0 0.572724 1234.50 985.66 64.64 31.28 0 0.570212 1043.04 443.91 41.64 18.20 0 0.570112 1061.33 755.35 57.91 32.86 0 0.568387 1828.34 51.53 32.62 36.51 0 0.565885 1062.31 1020.32 56.91 33.03 0 0.561729 1701.13 12.32 24.85 33.53 0 0.556645 1636.72 13.47 23.18 32.88 0 0.547113 960.82 740.87 27.31 53.54 0 0.535105 1658.88 12.08 21.96 33.69 0 0.526976 1063.00 986.13 57.33 29.29 0 0.525225 1539.39 55.85 21.32 32.46 0 0.520810 1047.19 162.72 36.48 15.53 0 0.519345 1586.64 18.44 23.17 29.12 0 0.513908 1791.02 10.46 25.92 35.80 0 0.505026 1612.14 14.57 23.02 31.41 0 0.492352 1747.03 13.04 24.57 32.73 0 0.491555 1607.45 51.71 25.32 34.05 0 0.489391 1863.07 10.52 35.25 33.80 0 0.486682 1047.31 187.07 39.53 15.03 0 0.486160 1820.39 9.34 26.80 34.42 0 0.473574 715.28 943.65 22.34 46.80 0 0.468518 1723.97 12.62 23.05 32.07 0 0.461645 1585.17 51.83 23.49 33.24 0 0.447858 1626.61 52.87 23.78 38.35 0 0.422461 1717.98 48.98 26.59 36.04 0 0.409412 1482.96 19.22 25.91 27.36 0 0.394154 1046.63 208.73 39.62 15.65 0 0.392081 1743.81 50.81 29.16 33.10 0 0.390944 1508.29 19.28 24.12 27.41 0 0.389418 1851.30 13.19 30.38 31.42 0 0.387636 1066.64 1058.21 58.89 21.79 0 0.371303 1767.02 11.87 25.11 34.99 0 0.357620 1063.92 980.34 55.00 27.65 0 0.351740 1892.86 49.12 24.77 29.22 0 0.350154 1695.23 47.82 27.67 36.78 0 0.334751 1173.49 589.83 38.21 18.25 0 0.332811 1698.16 24.09 26.00 35.39 0 0.329234 1745.43 23.89 25.24 36.92 0 0.316071 1052.38 786.52 62.80 28.40 0 0.309070 1071.97 668.85 33.72 26.28 0 0.308155 1586.64 22.92 23.79 31.18 0 0.306177 1480.95 25.49 25.80 27.42 0 0.303806 969.00 180.96 19.00 29.49 0 0.298553 1341.36 10.49 25.01 36.58 1 0.287863 1533.12 19.69 22.35 27.49 0 0.284818 1470.41 17.91 23.42 26.38 0 0.283465 968.83 12.38 19.15 32.31 0 0.270232 1765.53 16.00 26.69 37.96 0 0.268756 1511.08 28.66 25.14 25.13 0 0.258957 1068.83 739.90 52.68 28.58 0 0.252418 1649.34 57.27 28.10 42.98 0
250,0.675285 1158.26 457.84 24.01 53.93 0 0.663663 714.23 663.17 52.57 25.54 0 0.659194 936.46 383.30 24.83 51.22 0 0.653653 1210.01 684.36 48.34 25.10 0 0.651188 1128.27 458.30 23.48 57.03 0 0.649783 1033.86 460.98 26.98 59.46 0 0.645776 838.72 395.63 25.05 51.30 0 0.643789 904.26 794.09 26.47 50.34 0 0.639624 1124.94 383.19 25.45 52.85 0 0.637373 1097.61 458.31 24.73 55.22 0 0.636131 791.45 798.45 24.30 48.46 0 0.635316 981.38 800.68 26.75 54.78 0 0.633956 1082.66 818.57 25.94 54.21 0 0.627941 1270.39 457.83 23.22 49.94 0 0.625736 1014.18 797.76 25.31 50.65 0 0.622978 816.48 476.04 26.30 52.66 0 0.621005 386.50 305.12 28.91 55.84 0 0.614215 1157.46 380.08 25.46 55.43 0 0.612546 1189.94 384.43 25.08 51.54 0 0.610698 965.99 471.02 25.68 53.25 0 0.606301 477.98 178.79 27.09 50.70 0 0.606271 409.45 175.24 26.06 54.00 0 0.593999 1156.82 577.07 23.83 48.84 0 0.593596 717.60 794.48 27.09 51.77 0 0.587491 1194.07 461.72 25.27 56.59 0 0.580488 860.05 13.14 29.27 58.33 0 0.579135 426.06 304.98 25.21 54.24 0 0.578325 349.00 180.15 29.39 56.66 0 0.574281 1000.76 462.83 25.67 58.71 0 0.569974 1000.25 384.45 24.24 53.25 0 0.566483 1043.65 819.29 27.89 57.33 0 0.563216 1232.45 458.94 26.38 59.69 0 0.556261 838.32 796.25 22.37 49.96 0 0.549426 870.01 391.47 24.40 49.75 0 0.548828 334.52 493.42 27.17 52.89 0 0.543191 727.93 736.64 50.78 25.92 0 0.542746 967.50 388.23 24.80 51.87 0 0.536946 291.90 53.24 31.09 54.91 0 0.532695 1062.14 382.36 24.53 53.07 0 0.530872 1222.28 382.59 25.37 51.63 0 0.521207 305.35 499.74 24.52 51.00 0 0.509315 1019.71 261.67 29.49 55.00 0 0.506854 1228.51 726.49 55.35 24.32 0 0.499571 902.18 387.57 26.43 52.05 0 0.492037 1189.01 580.19 26.20 51.54 0 0.487144 752.10 798.11 24.85 54.67 0 0.482343 1221.82 579.34 22.61 50.85 0 0.460848 727.37 701.71 52.48 26.76 0 0.459186 1093.01 381.90 27.15 53.62 0 0.452659 565.75 295.65 29.89 52.52 0 0.424138 996.29 579.70 59.58 26.68 0 0.421332 445.83 181.70 24.48 49.22 0 0.420858 866.15 85.73 43.13 50.09 0 0.406328 781.22 488.80 25.89 49.71 0 0.401615 1067.59 587.97 56.26 22.55 0 0.371397 349.74 62.32 27.05 49.83 0 0.369962 870.70 83.69 41.07 44.57 0 0.353351 756.73 196.99 30.78 61.65 0 0.349187 1217.64 681.59 49.69 26.58 0 0.349148 365.74 491.67 30.68 51.18 0 0.341017 755.52 800.93 26.42 50.29 0 0.325863 1009.19 16.05 54.66 45.75 0 0.284361 266.09 494.85 28.32 51.40 0 0.284227 1018.84 54.58 48.41 61.34 0 0.276459 294.01 57.02 33.86 60.58 0 0.269100 267.12 501.82 29.09 53.45 0 0.251003 1156.79 452.93 22.70 50.51 0
251,0.719990 722.98 402.71 64.07 145.24 1 0.656026 468.91 835.68 33.84 59.45 0 0.629921 864.46 309.95 27.60 46.62 0 0.627971 1197.08 679.98 59.71 28.48 0 0.609869 323.42 833.32 33.32 56.66 0 0.602362 159.45 631.53 51.70 22.90 0 0.583842 670.74 399.26 50.39 24.62 0 0.579061 1128.78 456.33 27.36 48.39 0 0.561401 839.18 255.56 24.97 49.57 0 0.550992 708.04 732.15 51.26 21.43 0 0.531940 1183.06 448.46 28.50 52.33 0 0.515853 809.10 259.92 25.40 48.02 0 0.512328 1012.38 440.57 30.09 55.19 0 0.509419 327.26 710.03 72.04 29.97 0 0.499352 216.69 633.86 37.38 19.89 0 0.493923 616.27 732.30 56.46 26.61 0 0.488952 779.96 312.47 27.32 48.52 0 0.483595 89.05 630.38 47.95 25.08 0 0.476304 1046.10 444.55 24.49 52.02 0 0.473705 1046.78 767.10 27.00 43.46 0 0.473648 233.58 633.58 42.83 21.01 0 0.473405 39.64 946.88 37.26 59.88 0 0.471478 867.66 253.71 26.66 48.95 0 0.459292 1214.00 454.79 24.45 44.76 0 0.452912 91.93 798.35 32.29 47.24 0 0.430122 689.79 731.31 60.80 22.45 0 0.413357 287.66 637.16 38.37 22.39 0 0.411777 781.01 258.10 25.91 49.56 0 0.407805 776.01 261.72 26.82 47.64 0 0.400820 1303.07 448.54 60.64 31.74 1 0.379998 8.46 707.79 51.85 26.02 0 0.359633 808.32 310.33 25.71 48.67 0 0.358556 1075.19 766.20 39.16 41.02 0 0.355982 40.22 965.82 35.92 52.10 0 0.355714 5.04 928.66 38.99 57.76 0 0.351879 1237.81 419.23 41.05 24.25 0 0.336789 480.26 715.37 60.48 27.81 0 0.332298 259.85 712.02 38.29 20.78 0 0.331359 570.97 728.19 59.16 26.56 0 0.328176 354.65 836.64 27.91 51.97 0 0.327305 503.87 716.01 52.59 26.35 0 0.326652 564.18 725.89 54.05 25.60 0 0.316208 218.84 706.72 29.97 23.38 0 0.309937 687.09 35.01 32.93 61.89 1 0.274352 68.08 634.36 48.04 23.17 0 0.260823 1.18 701.93 43.23 28.03 0
252,0.545475 1075.68 454.47 182.30 91.51 0 0.542068 372.25 500.00 233.46 114.39 0 0.403618 1303.56 435.44 196.87 89.41 0 0.377303 459.17 541.70 185.05 123.16 0 0.358109 1524.19 442.95 125.39 66.49 0 0.266557 1282.96 416.00 243.78 108.37 0 0.262216 1794.60 742.56 117.23 98.13 0 0.252221 1095.85 431.68 160.64 88.30 0
253,0.613539 494.24 765.98 33.06 63.91 0 0.604875 1101.07 359.35 40.97 62.90 1 0.590482 573.17 770.48 30.90 56.68 0 0.585613 73.56 790.48 36.88 68.37 0 0.584103 1009.20 306.76 20.98 14.58 3 0.582449 1549.29 534.63 56.76 30.46 0 0.578124 821.70 818.30 62.86 32.03 0 0.558420 973.53 388.64 29.03 39.03 0 0.558113 1249.34 612.75 67.66 29.83 0 0.550933 441.64 773.52 36.13 65.29 0 0.545135 1879.32 52.51 27.93 32.82 0 0.531881 1028.15 499.27 34.71 58.81 0 0.514599 1221.65 513.86 26.92 53.04 0 0.509351 1070.45 508.74 27.72 53.48 0 0.498414 860.37 376.24 51.40 24.04 0 0.498394 1279.91 505.15 28.85 53.29 0 0.484817 1023.14 352.70 46.84 20.61 0 0.482561 1031.98 350.90 50.27 20.64 0 0.469908 606.85 770.20 31.06 57.56 0 0.468195 1102.51 374.75 31.67 50.92 1 0.455539 1249.52 510.94 24.92 54.63 0 0.453897 848.61 377.41 54.71 23.83 0 0.452043 86.32 949.91 74.52 29.18 0 0.449589 253.13 534.30 32.38 45.82 0 0.429608 914.37 375.06 50.35 24.95 0 0.429132 906.89 374.48 48.74 25.04 0 0.424079 1014.37 441.37 25.94 44.32 0 0.411060 1450.87 797.68 31.19 54.54 0 0.393069 322.07 318.25 29.76 38.08 0 0.370023 1449.21 796.01 30.94 58.31 1 0.366286 1895.21 49.78 23.53 34.32 0 0.339674 628.85 291.59 63.53 34.11 1 0.337924 1389.19 4.91 25.84 25.78 0 0.305397 436.16 778.93 39.43 69.14 0 0.289282 182.73 783.13 30.75 20.83 3 0.267946 1388.24 0.00 25.31 20.80 0 0.264853 173.88 784.23 31.13 22.26 3
254,0.477561 48.01 475.39 24.91 13.11 0 0.439532 120.58 492.53 33.23 13.27 0 0.384795 1125.27 521.77 25.27 12.47 0 0.364386 1529.97 643.73 27.01 14.72 0 0.325774 1178.76 518.41 24.01 12.93 0
255,0.652464 1616.54 215.92 46.62 54.03 0 0.629125 920.42 433.17 40.90 46.62 0 0.625123 1006.78 185.58 20.55 18.79 3 0.622324 1659.99 277.51 45.59 53.63 0 0.616374 755.88 541.67 44.58 52.63 0 0.615107 1705.67 342.35 49.23 51.56 0 0.610585 599.80 823.02 52.22 55.52 0 0.605328 549.10 865.80 42.71 54.89 0 0.599204 930.59 626.13 43.93 49.44 0 0.597072 898.41 642.06 43.79 47.62 0 0.594322 989.67 598.31 42.18 47.39 0 0.590227 800.21 429.05 42.76 43.06 0 0.587840 656.96 780.04 51.33 52.67 0 0.577048 585.10 650.76 38.21 44.76 0 0.573736 858.30 394.52 35.76 44.18 0 0.573665 1065.18 825.10 48.73 52.31 0 0.570498 426.05 655.28 40.26 48.93 0 0.569810 366.32 690.32 47.40 56.80 0 0.568708 599.39 939.45 39.57 54.99 0 0.567772 465.64 722.48 49.27 54.59 0 0.567658 545.74 578.50 42.92 53.37 0 0.561969 1119.46 793.30 46.78 47.59 0 0.546437 634.94 804.58 47.00 50.35 0 0.540460 1201.60 843.32 44.54 53.52 0 0.534725 778.52 459.49 34.16 38.95 0 0.533637 520.10 885.37 42.36 54.17 0 0.532823 867.52 655.00 44.52 50.96 0 0.531677 734.82 564.22 45.50 48.99 0 0.530903 681.49 494.39 42.20 40.35 0 0.529064 493.12 899.27 43.12 56.65 0 0.528094 787.27 716.67 48.16 51.66 0 0.527559 608.22 628.23 47.72 53.31 0 0.527509 959.66 606.68 42.72 51.69 0 0.524536 581.19 844.12 40.23 55.82 0 0.521320 831.03 415.42 35.02 41.88 0 0.519503 842.14 671.84 40.17 46.81 0 0.518021 652.76 531.16 43.99 38.11 0 0.517543 455.50 634.38 36.46 56.57 0 0.517522 901.47 457.05 41.38 45.44 0 0.512558 1448.33 0.00 36.54 38.68 0 0.505056 446.76 639.29 43.19 55.13 0 0.500595 519.81 690.76 46.39 45.68 0 0.500462 1150.62 769.92 43.41 48.96 0 0.500259 483.91 890.07 39.46 48.72 0 0.497104 757.21 725.25 46.65 55.84 0 0.496767 563.68 568.85 43.01 49.37 0 0.495603 605.48 557.15 45.85 47.58 0 0.495494 558.81 955.21 41.98 52.38 0 0.494325 678.59 611.79 41.43 43.80 0 0.493034 720.48 479.79 37.82 44.35 0 0.487523 835.71 479.54 37.45 45.19 0 0.483452 745.75 468.29 41.40 47.33 0 0.483229 701.24 577.05 42.00 50.10 0 0.482596 423.25 648.38 50.48 58.37 0 0.481693 1526.94 106.27 44.75 47.40 0 0.480070 521.72 957.17 39.20 51.24 0 0.468683 640.90 620.49 43.86 46.26 0 0.465919 438.39 745.29 44.94 52.39 0 0.464322 408.18 750.90 43.18 58.56 0 0.463980 667.63 607.19 39.85 46.32 0 0.463098 1093.64 336.25 33.98 50.27 1 0.459334 639.46 611.38 40.22 50.49 0 0.456148 872.01 475.81 36.07 40.54 0 0.454518 722.25 747.50 44.48 51.28 0 0.450303 1548.04 50.22 39.60 34.79 0 0.450013 653.66 622.16 39.26 43.52 0 0.446821 420.27 744.56 50.02 59.73 0 0.440097 842.57 497.71 39.62 41.25 0 0.436376 943.27 612.36 51.09 52.07 0 0.435438 554.16 943.58 38.30 59.72 0 0.435169 789.36 527.37 39.48 46.68 0 0.431693 616.87 635.84 43.72 48.21 0 0.430685 636.79 541.51 44.57 39.69 0 0.419749 486.43 891.76 46.71 56.74 0 0.414290 550.91 673.09 45.80 46.36 0 0.413323 695.11 769.51 44.05 51.14 0 0.410345 797.87 417.95 38.01 45.27 0 0.405404 734.28 479.58 48.68 44.42 0 0.403573 482.13 716.41 53.26 50.18 0 0.403161 784.77 522.16 37.33 44.43 0 0.399233 712.02 468.00 39.34 49.05 0 0.398259 1545.48 95.54 41.10 45.55 0 0.392318 628.84 541.42 45.47 45.41 0 0.389360 900.45 468.32 41.76 45.05 0 0.387531 580.38 641.09 34.68 47.38 0 0.381776 1120.75 802.64 50.46 45.34 0 0.380291 793.94 537.42 44.18 44.60 0 0.378122 1144.72 757.37 43.05 53.03 0 0.367135 550.09 663.43 41.60 52.57 0 0.364964 822.21 418.27 39.29 45.02 0 0.361932 645.14 514.91 47.43 38.64 0 0.357481 1542.82 56.34 38.20 33.33 0 0.356866 841.29 672.99 47.06 56.50 0 0.355577 671.00 589.07 39.02 50.75 0 0.352151 638.20 795.41 52.34 52.90 0 0.348821 530.88 972.80 46.75 52.04 0 0.341933 1617.11 144.02 43.00 36.44 0 0.341121 683.91 600.73 44.19 47.14 0 0.337303 981.12 585.73 41.56 47.68 0 0.328168 498.64 705.42 46.36 53.20 0 0.327696 1605.21 150.73 43.00 37.47 0 0.323691 806.73 421.75 45.44 46.77 0 0.317252 748.40 726.39 43.82 56.26 0 0.310453 632.21 416.64 11.34 19.56 3 0.309547 597.49 634.14 45.19 52.92 0 0.308107 560.36 854.16 48.63 59.08 0 0.306639 583.92 841.04 50.49 50.85 0 0.301394 850.21 665.57 48.60 53.43 0 0.299055 1549.54 89.69 39.21 37.83 0 0.298684 520.82 875.69 45.07 58.07 0 0.296948 701.15 765.22 47.39 51.03 0 0.293158 527.89 683.50 45.72 48.02 0 0.292229 718.42 565.46 45.61 55.24 0 0.291627 1095.49 335.20 38.83 63.33 1 0.290525 545.70 955.78 48.21 57.65 0 0.289228 661.91 507.80 46.92 36.71 0 0.284492 855.74 480.70 47.12 47.55 0 0.282299 456.53 724.55 49.78 62.58 0 0.276693 1122.53 783.67 44.21 51.00 0 0.275498 453.56 522.21 19.29 18.46 3 0.272876 470.23 715.25 49.69 57.44 0 0.261139 761.95 463.87 44.46 45.20 0 0.258739 669.32 776.46 53.01 52.10 0 0.257224 724.02 481.35 40.78 50.31 0 0.251111 722.70 735.89 39.50 54.90 0 0.250235 792.11 440.40 46.34 40.81 0
256,0.660664 1205.72 974.45 61.95 34.32 3 0.650150 280.59 295.00 43.63 38.65 0 0.645145 1766.95 181.72 41.46 22.56 0 0.643862 1664.69 582.59 76.53 63.61 0 0.637495 71.86 800.19 88.83 92.01 0 0.637397 274.09 437.26 66.14 63.27 1 0.634269 1428.35 345.37 46.46 34.98 0 0.631110 1860.51 918.22 56.82 34.76 3 0.622860 1353.11 503.95 57.64 62.04 0 0.614617 76.92 449.22 57.25 51.95 0 0.604997 1821.75 183.23 41.95 21.63 0 0.601459 1836.99 528.43 80.87 55.41 0 0.597136 1383.11 565.19 70.66 67.97 0 0.595499 303.89 492.16 64.60 54.80 0 0.587090 217.90 367.62 61.75 55.05 0 0.584742 0.00 925.69 116.87 85.01 0 0.583642 154.71 807.90 86.59 80.77 0 0.583476 862.57 774.77 23.82 43.32 3 0.579708 1323.79 468.24 48.43 45.43 0 0.578436 1610.75 533.36 73.46 50.35 0 0.576086 1396.44 316.38 50.32 32.49 0 0.576032 1238.52 343.47 44.35 33.01 0 0.570338 131.46 452.02 74.22 47.11 0 0.566390 342.72 380.21 64.95 47.38 0 0.564332 170.00 379.00 51.30 43.84 0 0.557731 87.66 652.21 93.27 86.40 0 0.554162 80.19 594.81 73.00 63.98 0 0.553514 1563.10 480.06 83.68 60.43 1 0.546266 887.24 854.57 163.60 78.87 1 0.541698 1127.87 653.44 37.91 28.09 3 0.534752 131.15 295.97 47.81 36.16 0 0.532528 121.30 356.80 56.41 35.11 0 0.525504 1664.11 276.11 42.10 21.98 0 0.524321 30.98 387.38 68.32 39.89 0 0.522945 1645.61 180.74 37.98 24.58 0 0.519933 1630.98 181.13 39.39 25.01 0 0.517045 1456.35 380.83 47.64 39.21 0 0.515311 688.15 253.32 36.28 25.28 0 0.513616 1285.53 412.09 49.08 43.97 0 0.512858 1580.03 178.48 37.83 24.16 0 0.510110 1211.50 137.27 33.80 25.57 0 0.492476 595.85 273.07 44.85 25.31 0 0.486189 984.48 290.71 55.63 24.31 0 0.484225 0.00 790.45 86.29 108.20 0 0.476746 207.21 579.50 80.40 64.67 1 0.474040 165.15 303.85 58.22 34.11 0 0.472688 27.22 449.53 50.06 49.70 0 0.471498 232.09 446.29 55.72 51.11 0 0.468388 742.03 290.69 66.64 26.63 0 0.465583 807.57 255.93 37.19 26.76 0 0.463311 1348.36 272.46 43.48 28.81 0 0.454327 907.99 779.45 27.58 36.98 3 0.448577 245.66 298.78 43.78 33.71 0 0.446915 1675.82 183.35 38.05 22.24 0 0.446073 1568.48 471.51 64.57 54.79 1 0.441596 129.01 309.53 47.33 33.25 0 0.438089 1259.79 390.86 40.94 32.64 0 0.434621 188.64 677.31 33.13 35.97 3 0.434514 739.70 258.67 48.91 25.50 0 0.434315 907.30 289.41 59.71 26.83 0 0.433268 32.53 443.46 50.47 50.17 0 0.432935 841.97 269.16 54.00 26.93 0 0.431460 320.18 306.45 42.65 33.96 0 0.427898 427.96 482.91 73.67 92.84 1 0.427191 825.52 289.38 63.67 26.37 0 0.426903 1800.42 275.98 58.91 26.81 0 0.426787 1533.02 159.31 41.64 18.75 0 0.426413 859.04 777.06 27.80 48.93 3 0.423617 1588.27 152.84 39.21 20.69 0 0.421250 358.00 302.82 46.64 37.11 0 0.414889 1740.25 225.87 42.49 22.88 0 0.410120 1318.29 244.61 36.69 26.65 0 0.404273 640.70 258.08 32.51 27.16 0 0.403731 422.95 782.78 42.48 27.50 3 0.403645 28.18 358.77 55.41 35.99 0 0.398907 710.22 616.28 41.10 26.31 3 0.397446 740.27 282.33 65.77 29.87 0 0.390628 408.25 484.81 97.52 98.94 1 0.389474 143.01 590.81 75.25 56.52 0 0.383023 1348.94 494.11 64.90 59.74 0 0.377863 1383.39 295.86 48.56 29.45 0 0.377778 1298.19 223.68 37.29 24.59 0 0.375971 571.79 258.86 40.97 25.69 0 0.372755 362.01 309.58 50.80 32.14 0 0.372225 30.45 361.43 67.57 38.53 0 0.367976 1207.02 132.59 30.90 23.81 0 0.365295 1601.45 181.51 34.44 23.90 0 0.359995 907.56 284.66 58.46 26.98 0 0.359595 1686.70 181.45 37.29 21.41 0 0.358368 1306.15 232.74 35.11 24.56 0 0.355152 245.46 577.47 59.28 59.12 1 0.353732 376.37 689.90 30.59 33.78 2 0.351915 0.00 244.15 31.94 28.34 0 0.351172 423.84 845.61 50.22 33.75 3 0.349632 337.91 374.77 63.75 46.65 0 0.345755 1870.75 260.85 47.93 25.54 0 0.342700 1253.45 370.57 39.23 33.01 0 0.342097 20.13 445.51 51.08 50.94 0 0.339365 1752.72 180.55 43.80 22.81 0 0.338700 498.99 639.91 38.22 29.66 3 0.338411 1242.52 352.89 45.49 38.40 0 0.336927 1287.14 206.79 37.03 21.91 0 0.335652 574.05 267.80 51.88 26.46 0 0.335154 1.38 445.80 31.89 42.13 0 0.333149 1728.86 180.65 32.66 21.54 0 0.331794 856.34 258.35 36.81 24.35 0 0.326469 423.47 821.14 48.24 31.88 3 0.325487 438.91 280.97 55.13 25.84 0 0.320944 1373.17 294.33 40.74 29.89 0 0.318466 1489.83 412.52 38.95 33.77 0 0.318155 721.69 475.74 17.99 23.84 3 0.315510 629.33 658.40 24.15 33.14 3 0.311853 669.93 593.18 26.58 30.13 3 0.311777 242.52 444.09 64.10 53.20 1 0.311558 1116.33 230.84 43.26 24.71 0 0.309084 1533.90 753.86 20.60 32.81 2 0.305944 420.31 488.77 77.55 107.59 1 0.302081 1563.15 176.97 32.71 22.87 0 0.300764 1505.40 868.24 38.22 28.11 3 0.300531 1432.44 356.34 48.98 33.88 0 0.296852 1877.97 907.78 41.36 42.82 3 0.287489 476.82 698.70 26.80 28.13 2 0.282247 739.90 276.84 65.76 27.82 0 0.280822 243.71 306.50 46.98 32.33 0 0.280531 275.12 301.63 48.62 37.62 0 0.270675 123.52 598.14 83.89 61.53 0 0.269280 639.66 595.95 32.81 27.65 3 0.268973 1647.62 213.04 39.97 24.07 0 0.266782 65.65 445.30 50.45 53.80 0 0.262550 326.59 655.74 33.71 27.03 3 0.261246 1383.58 283.67 37.82 24.78 0 0.260145 404.70 611.10 22.09 30.14 2 0.254027 1169.45 91.21 36.91 21.60 0 0.252225 1663.16 212.16 35.02 23.33 0 0.252092 1114.53 241.25 40.86 25.73 0 0.250211 1828.74 156.98 41.69 19.95 0
257,0.670866 766.10 624.83 31.36 68.79 2 0.616733 771.63 616.40 22.47 48.24 2 0.586721 1166.90 481.27 144.68 59.70 1 0.564127 1476.41 501.90 94.28 38.46 0 0.553224 1823.16 501.05 94.27 44.31 0 0.550838 1345.98 493.50 116.97 45.86 0 0.549530 1156.15 479.85 123.21 55.37 1 0.516837 788.82 627.67 32.83 67.99 2 0.481822 1036.47 498.53 88.04 36.84 0 0.476641 676.42 483.38 116.68 44.21 0 0.326784 851.31 480.49 125.85 46.71 0 0.322864 1190.73 492.98 122.67 46.32 1 0.306512 804.65 630.24 28.71 66.77 2 0.270845 867.11 486.26 141.65 41.39 0 0.255572 991.41 494.95 131.97 40.04 0 0.253890 1818.30 487.54 93.24 48.66 0
258,0.632644 834.44 547.68 41.94 17.62 0 0.548573 939.30 541.75 33.66 18.08 0 0.544084 886.88 546.61 40.85 19.30 0 0.539813 432.82 570.03 46.71 19.16 0 0.521962 986.88 540.10 36.58 18.26 0 0.507870 636.97 559.77 46.02 19.16 0 0.504735 378.59 571.58 43.32 20.94 0 0.480764 992.13 536.28 33.57 20.64 0 0.426777 489.94 566.37 36.92 17.48 0 0.361520 486.58 569.46 35.60 18.12 0 0.335908 102.23 663.87 30.09 25.52 0 0.310061 741.92 549.54 36.56 21.74 0 0.296256 388.00 571.48 36.80 20.01 0
259,0.660185 908.64 799.94 118.14 63.49 0 0.646842 1073.13 717.95 107.47 53.72 0 0.634074 1042.38 171.47 92.32 49.15 0 0.626974 571.55 755.44 131.31 65.77 0 0.616932 584.23 492.62 112.74 59.61 0 0.614531 574.55 375.47 128.69 56.28 0 0.614448 110.86 727.44 110.40 57.33 0 0.611433 884.69 126.20 106.24 55.23 0 0.608841 1269.93 66.23 44.78 26.00 3 0.605453 576.38 688.81 126.06 62.70 0 0.598427 874.44 297.17 108.13 57.57 0 0.596121 875.71 476.79 125.67 61.79 0 0.595190 581.05 313.86 119.89 59.83 0 0.590309 1264.18 30.77 44.18 24.76 3 0.584228 1064.17 782.35 120.82 58.68 0 0.583118 923.27 729.89 98.69 55.03 0 0.581481 880.84 414.55 109.31 54.13 0 0.575857 1059.00 397.33 101.14 57.15 0 0.572986 912.69 661.71 111.76 56.10 0 0.567023 576.61 199.41 116.95 55.14 0 0.565919 593.77 623.21 111.10 64.11 0 0.562812 1053.12 460.59 113.85 56.29 0 0.561473 1041.04 517.00 116.14 60.67 0 0.554191 592.59 142.26 113.72 56.48 0 0.553091 85.03 863.45 121.37 60.33 0 0.552473 886.78 344.96 116.11 60.89 0 0.549642 572.48 0.00 104.63 43.84 0 0.546337 101.58 926.71 123.07 60.68 0 0.545156 1039.37 585.08 100.95 50.24 0 0.540246 874.13 236.40 117.38 58.08 0 0.539424 1074.44 645.31 113.35 61.05 0 0.536973 571.93 820.68 122.65 60.51 0 0.529071 593.69 99.53 101.51 49.31 0 0.528412 875.03 10.94 107.03 57.55 0 0.527669 875.47 70.72 106.25 56.10 0 0.523993 1017.72 287.82 112.06 56.26 0 0.520919 1015.28 222.49 112.92 56.78 0 0.520652 1018.98 335.92 123.19 62.94 0 0.519082 1024.84 116.28 112.99 55.99 0 0.507948 587.42 257.96 105.32 56.20 0 0.500746 924.25 871.79 114.90 54.86 0 0.493000 880.68 175.22 108.13 53.55 0 0.488100 574.56 553.46 129.66 58.99 0 0.487737 890.22 533.38 117.39 59.95 0 0.479355 1272.76 91.04 49.23 25.93 3 0.460126 1043.55 464.35 112.41 61.44 0 0.448682 585.42 36.11 98.91 50.57 0 0.444260 1270.88 96.83 50.71 28.32 3 0.412661 81.98 727.12 116.02 61.29 0 0.410404 93.74 935.31 130.54 62.04 0 0.402696 1018.06 106.33 109.75 56.73 0 0.398776 918.66 651.69 122.33 63.59 0 0.386382 874.78 535.78 119.38 65.74 0 0.378279 864.49 0.00 108.44 39.59 0 0.375074 593.43 132.51 113.24 52.51 0 0.373280 577.11 678.60 129.42 62.58 0 0.371445 1262.96 0.00 43.41 22.60 3 0.370193 1261.62 3.70 45.69 26.42 3 0.353515 567.37 0.00 107.44 34.67 0 0.343451 586.70 0.00 100.66 38.23 0 0.335666 1017.35 257.32 110.98 60.98 0 0.329367 591.93 157.56 108.39 56.03 0 0.319196 586.05 163.19 112.47 63.15 0 0.315497 874.11 223.10 118.57 60.14 0 0.310155 860.78 176.67 108.65 57.89 0 0.287878 873.71 247.97 113.16 57.64 0 0.257571 1049.88 579.84 103.84 61.84 0
260,0.554155 649.25 751.62 72.03 54.92 1 0.501809 1089.06 531.96 47.24 36.74 0 0.501609 1190.26 443.33 53.15 31.57 0 0.492475 787.33 905.97 58.18 43.61 0 0.410120 1292.29 365.51 48.53 30.28 0 0.353416 1690.36 76.85 35.02 45.37 0 0.342856 1241.07 295.71 43.08 27.72 0 0.337659 1195.89 434.71 53.40 35.75 0 0.337062 1645.39 243.28 57.15 23.29 0 0.331261 1892.29 267.07 26.67 42.69 0 0.318266 1150.06 484.64 44.29 25.84 0 0.288882 1300.46 361.99 47.78 31.06 0
261,0.629811 829.42 388.40 291.56 118.37 1 0.592063 385.99 405.99 307.94 104.50 0 0.570561 1318.81 414.10 303.68 110.29 0 0.555490 1660.92 434.66 244.00 84.74 0 0.512555 0.00 373.24 253.01 104.05 0 0.479832 341.77 402.12 308.61 121.49 0 0.399948 809.98 383.20 249.03 118.18 1 0.366367 434.53 408.71 302.94 91.52 0 0.310190 862.76 381.09 311.40 131.83 1
262,0.758584 1111.61 387.82 31.73 53.51 1 0.633961 136.63 221.49 15.42 17.52 2 0.587232 1132.49 200.40 27.15 35.32 0 0.586998 833.96 239.89 34.91 25.36 0 0.580261 1115.70 346.57 27.40 35.46 0 0.573225 1118.52 300.92 28.02 31.12 0 0.558036 572.31 671.70 60.53 33.33 0 0.527343 1128.48 255.74 23.25 34.94 0 0.514624 872.48 47.57 36.61 19.85 0 0.497622 1089.90 553.08 27.39 47.66 0 0.472402 423.02 130.34 9.11 11.52 2 0.463575 507.17 160.02 12.26 14.82 2 0.450385 738.06 132.20 43.83 38.20 1 0.442344 1247.44 584.92 34.57 51.89 1 0.440124 837.06 213.80 43.17 21.46 0 0.436064 136.68 216.37 14.05 18.74 2 0.422180 1289.65 426.85 38.84 27.81 1 0.412659 567.26 667.52 59.32 31.36 0 0.390652 420.80 61.57 13.40 13.57 2 0.390621 437.75 1.16 16.01 23.77 2 0.355208 403.06 108.63 11.76 14.33 2 0.345316 1271.15 423.82 58.12 33.51 1 0.338393 471.31 180.32 10.55 10.71 2 0.316873 1244.17 581.85 37.74 96.42 1 0.310420 389.46 75.07 13.83 15.64 2 0.300390 340.36 163.62 12.43 11.52 2 0.294856 885.25 25.42 29.19 17.41 0 0.284064 1262.74 406.43 65.36 48.77 1 0.279336 1130.69 195.73 25.22 35.71 0 0.277735 868.85 50.17 40.41 21.25 0 0.276992 942.96 94.27 15.71 13.77 3 0.274117 837.24 218.99 39.01 23.61 0 0.269883 66.10 112.94 18.21 13.29 2 0.267809 374.23 162.29 8.43 12.64 2 0.260458 1130.99 202.57 24.07 38.07 0 0.256047 391.84 161.36 8.88 12.90 2
263,0.640413 257.60 644.07 25.59 42.06 0 0.605389 876.08 416.03 48.93 90.42 1 0.602617 674.79 676.00 25.18 44.90 0 0.592154 1086.61 443.06 21.14 34.51 0 0.575628 441.03 547.01 40.45 19.09 0 0.569905 556.58 668.62 29.42 49.30 0 0.553070 305.41 645.95 26.74 41.28 0 0.544836 280.31 645.03 25.01 42.70 0 0.524720 219.86 492.68 41.97 22.16 0 0.519250 377.08 651.61 24.26 35.99 0 0.505172 328.50 746.72 27.47 33.12 0 0.493440 209.55 636.20 33.71 37.86 0 0.477924 910.68 377.36 21.06 24.29 0 0.468724 910.01 347.19 18.67 23.30 0 0.456625 1220.40 449.81 22.20 24.14 0 0.455716 934.88 348.01 19.05 21.83 0 0.443079 959.75 346.73 18.74 25.73 0 0.428716 1110.53 447.19 21.72 32.01 0 0.423683 833.85 418.92 42.81 21.01 0 0.414057 399.78 655.45 25.16 35.56 0 0.399075 691.99 557.86 52.30 22.22 0 0.388162 487.06 548.24 41.14 19.41 0 0.378530 1175.26 451.87 22.42 28.34 0 0.366975 380.89 547.80 41.87 20.98 0 0.366056 595.17 559.54 27.96 19.43 0 0.355659 1174.64 456.05 20.93 27.08 0 0.354469 228.79 728.13 29.52 20.24 0 0.351319 888.85 88.88 22.84 30.35 1 0.351100 977.56 367.84 21.48 30.98 0 0.338700 598.40 489.37 40.67 17.97 0 0.325702 221.00 730.04 32.77 18.50 0 0.318739 114.75 725.54 38.73 24.06 0 0.281732 54.72 720.77 47.53 40.33 1 0.268383 310.69 738.37 26.68 31.79 0 0.252131 541.91 548.38 38.51 23.65 0 0.251263 609.45 477.10 32.88 19.61 0
264,0.609646 548.07 523.39 59.73 45.02 0 0.608268 924.49 238.08 65.23 43.29 0 0.603484 1026.95 882.98 66.39 55.18 0 0.597309 765.87 859.71 61.72 52.25 0 0.587367 782.53 902.57 69.83 56.42 0 0.586699 613.68 620.87 68.09 47.71 0 0.574160 904.08 703.92 69.71 56.89 0 0.572111 622.01 805.47 65.03 54.11 0 0.569789 737.17 453.07 64.66 46.48 0 0.568491 799.59 541.77 62.45 54.58 0 0.566463 752.09 869.25 57.07 54.51 0 0.554064 972.61 812.77 68.30 53.00 0 0.552290 649.94 837.10 64.88 54.56 0 0.551878 549.84 532.05 60.80 43.74 0 0.549589 541.32 719.20 67.86 48.15 0 0.549070 539.33 668.68 66.84 46.47 0 0.547951 1120.03 873.72 68.78 51.67 0 0.547123 860.99 643.38 67.68 55.44 0 0.541564 971.61 293.53 63.75 40.32 0 0.541222 924.24 749.67 67.39 57.96 0 0.537983 905.81 716.13 67.33 50.13 0 0.534354 662.13 693.09 57.73 45.26 0 0.529171 776.68 514.63 62.94 50.58 0 0.528271 676.56 918.92 70.88 52.94 0 0.526945 738.28 826.37 67.46 53.60 0 0.526533 849.27 1007.46 69.16 59.14 0 0.526398 448.16 552.35 68.78 47.11 0 0.526265 1129.27 868.04 66.60 47.32 0 0.523024 541.82 705.31 69.91 57.49 0 0.521544 887.19 680.46 59.70 46.93 0 0.519374 833.42 980.81 66.61 52.32 0 0.515264 655.00 896.03 72.06 50.29 0 0.510884 807.94 938.43 69.27 54.49 0 0.510148 599.29 784.45 70.81 54.09 0 0.504475 1006.39 849.86 63.79 53.30 0 0.504223 898.85 213.53 64.26 44.96 0 0.504208 730.90 787.39 63.29 52.03 0 0.503606 713.90 419.17 67.07 41.92 0 0.502015 569.37 751.78 63.96 49.56 0 0.501273 527.61 495.26 62.10 45.03 0 0.498669 638.84 844.73 70.53 57.06 0 0.497787 1113.31 820.51 64.93 45.93 0 0.493392 189.84 399.53 36.83 20.75 3 0.490891 749.46 1029.56 71.66 50.44 0 0.488752 701.48 388.31 66.56 43.42 0 0.485672 493.45 608.62 61.05 51.83 0 0.485446 983.32 167.67 63.80 36.04 0 0.483187 654.82 885.31 72.15 51.45 0 0.482342 567.61 560.20 72.28 52.91 0 0.479449 524.34 637.78 61.86 52.54 0 0.478272 705.75 759.10 62.40 52.00 0 0.477599 948.52 787.99 65.48 49.64 0 0.477369 748.57 819.64 67.56 54.29 0 0.470782 904.31 208.57 61.00 38.70 0 0.468291 1067.71 969.31 57.45 51.46 0 0.467715 842.28 606.69 66.05 54.92 0 0.461764 465.12 573.97 66.55 48.00 0 0.459202 663.97 930.13 74.28 55.08 0 0.458313 760.09 483.11 61.30 46.18 0 0.456468 634.61 647.54 70.19 52.20 0 0.452497 678.62 720.85 58.66 54.41 0 0.449839 683.94 710.14 59.95 55.63 0 0.438294 500.64 467.67 73.87 47.85 0 0.436993 968.49 301.16 62.78 44.79 0 0.428748 661.84 683.50 63.10 47.06 0 0.421896 1045.10 926.77 67.86 51.21 0 0.421410 468.93 580.93 65.39 49.29 0 0.420932 1051.17 919.56 63.52 51.30 0 0.420889 531.45 475.46 70.06 46.75 0 0.415497 1167.49 900.44 53.95 46.06 0 0.410450 1156.09 904.33 64.78 53.44 0 0.402735 1079.66 957.39 63.79 53.82 0 0.399010 454.08 544.17 65.86 44.14 0 0.394338 867.96 639.96 64.32 49.15 0 0.393010 620.97 614.72 64.13 49.26 0 0.389954 1142.29 918.88 66.41 49.46 0 0.388510 758.20 866.23 62.75 58.84 0 0.384808 871.91 641.69 62.60 64.10 0 0.383936 1106.87 823.71 67.24 49.52 0 0.382920 711.21 798.08 73.31 54.37 0 0.369593 696.00 768.72 67.25 46.07 0 0.365023 480.77 618.86 63.96 49.97 0 0.363627 556.61 705.05 60.89 46.43 0 0.363527 985.89 161.05 63.61 33.29 0 0.363298 610.56 778.69 61.61 48.18 0 0.354398 837.48 967.37 62.11 55.90 0 0.339858 724.06 427.76 64.39 45.10 0 0.337490 720.84 776.41 61.49 58.58 0 0.335768 663.61 697.29 61.05 49.79 0 0.334010 758.64 498.17 67.08 45.31 0 0.333608 506.67 461.22 68.76 46.15 0 0.331429 397.16 264.73 86.96 47.72 1 0.330997 894.04 685.21 61.29 49.57 0 0.330459 797.93 893.87 62.97 49.40 0 0.327499 573.89 1045.27 28.35 26.21 3 0.326852 707.64 753.45 58.51 48.21 0 0.317977 870.89 991.30 59.92 51.92 0 0.313640 854.07 992.51 65.63 59.10 0 0.311742 501.21 622.12 59.44 51.44 0 0.310873 1032.04 878.59 57.36 50.70 0 0.308836 756.17 1039.29 79.15 40.71 0 0.295624 1037.62 885.87 60.45 58.49 0 0.295560 1085.74 952.41 58.01 48.92 0 0.290932 211.79 445.06 31.57 18.85 3 0.288727 622.86 608.04 70.34 48.09 0 0.288302 784.67 526.78 66.84 52.88 0 0.286107 904.05 219.52 70.54 42.73 0 0.285757 905.55 1037.10 49.26 40.24 0 0.280038 535.91 695.28 69.88 46.09 0 0.272206 858.29 630.37 67.50 56.31 0 0.267871 878.17 662.31 65.24 55.19 0 0.265934 760.99 1047.96 80.15 32.04 0 0.261424 405.62 247.09 91.23 44.52 1 0.260563 941.59 783.00 64.93 51.34 0 0.254632 530.14 688.59 65.19 45.61 0
265,0.755967 502.52 543.90 161.94 80.87 1 0.726940 980.19 568.32 26.13 31.13 2 0.687042 1492.99 490.11 37.63 27.06 3 0.683678 1781.54 710.10 84.14 111.11 0 0.676843 1239.60 672.06 69.30 100.53 0 0.674541 1397.57 698.52 72.31 106.87 0 0.660850 740.66 901.50 65.21 36.24 3 0.659667 1284.57 607.86 119.93 69.02 0 0.658939 506.57 1001.24 72.16 44.97 3 0.654030 575.89 655.82 23.95 44.14 3 0.653425 1579.53 483.86 26.59 37.01 3 0.648471 925.67 438.56 109.80 46.18 0 0.639857 1482.84 900.21 92.51 125.82 0 0.633658 1690.10 706.66 94.39 114.07 0 0.624418 1608.50 484.06 26.43 39.00 3 0.610261 1321.72 680.51 69.38 112.34 0 0.607350 672.46 421.33 103.75 38.35 0 0.595080 805.48 428.26 101.41 42.35 0 0.592008 1312.92 896.91 24.31 47.43 2 0.576851 558.80 407.86 94.67 40.06 0 0.572021 1587.06 658.81 27.18 47.60 3 0.565828 933.07 580.18 22.60 31.53 2 0.564233 1531.64 652.15 28.79 44.83 3 0.562771 1866.78 676.45 35.63 41.59 3 0.559146 1605.45 656.77 28.47 50.87 3 0.555813 1747.54 549.97 93.69 41.04 0 0.552875 1798.33 492.10 25.36 36.14 3 0.551812 1703.16 486.41 22.91 39.36 3 0.550997 1722.58 666.28 31.36 38.52 3 0.550639 1744.71 920.68 122.16 145.45 0 0.543951 1503.02 656.59 26.99 41.51 3 0.537292 1651.43 483.42 25.54 40.91 3 0.531403 982.18 573.74 28.60 34.14 2 0.518569 1395.55 868.89 22.71 43.61 2 0.514873 864.07 941.81 29.81 44.07 2 0.506661 1695.62 668.22 32.87 40.32 3 0.500345 1451.41 483.36 31.98 25.84 3 0.497164 1674.81 482.13 25.58 41.55 3 0.496609 1563.76 658.74 25.65 42.81 3 0.496009 1702.10 666.91 29.87 38.74 3 0.495764 934.53 572.68 21.20 33.07 2 0.492380 1634.67 659.20 28.30 46.14 3 0.492078 1875.21 589.32 44.70 60.91 0 0.488805 1551.11 486.48 24.76 34.96 3 0.488719 1717.78 670.74 36.54 38.97 3 0.485135 805.58 962.38 48.65 39.46 3 0.478558 1110.25 856.42 24.21 48.80 2 0.477485 1732.61 490.48 21.92 37.53 3 0.467283 1499.13 838.98 48.55 48.87 3 0.463390 616.26 658.86 26.24 52.26 3 0.462350 989.31 889.54 56.75 44.13 3 0.445451 1773.45 497.43 22.42 33.72 3 0.445112 1750.98 541.49 100.73 45.53 0 0.444989 1752.33 549.62 115.39 46.70 0 0.442193 1502.18 488.56 33.95 27.32 3 0.441122 1669.30 663.90 27.49 41.02 3 0.421409 1849.64 506.21 30.46 29.09 3 0.421013 1389.82 873.75 25.66 45.01 2 0.417944 1113.43 352.91 21.67 28.33 2 0.417026 1060.81 1031.13 29.06 45.83 2 0.414969 1638.34 483.95 25.63 39.26 3 0.413384 523.65 534.98 142.36 76.80 1 0.412858 1062.29 1020.12 29.89 52.61 2 0.411080 1868.19 506.82 30.42 29.23 3 0.395312 1778.57 827.52 56.83 45.85 3 0.378134 1859.97 949.35 59.81 100.45 0 0.371114 1505.88 442.15 21.21 24.93 2 0.358106 1161.55 775.94 22.80 39.02 2 0.355687 965.19 987.54 27.98 40.16 2 0.355246 785.02 1018.10 55.66 36.17 3 0.348982 982.66 804.45 24.97 45.76 2 0.347027 510.59 991.99 69.69 48.70 3 0.342628 988.71 880.16 52.76 43.16 3 0.331167 1655.19 660.64 27.51 44.17 3 0.327819 808.14 953.68 42.55 45.93 3 0.327590 1504.74 834.74 41.15 46.88 3 0.325002 1770.77 501.99 28.67 32.22 3 0.323361 1888.37 679.73 25.60 35.76 3 0.313085 1395.11 860.57 21.48 46.81 2 0.310273 536.02 970.79 40.48 41.12 2 0.308058 794.73 1007.44 55.83 41.08 3 0.299960 1789.10 500.88 33.92 35.76 3 0.299669 1494.98 653.72 27.56 44.22 3 0.298413 980.29 1033.01 24.05 42.60 2 0.294343 998.34 578.49 25.41 31.54 2 0.294273 814.65 959.53 53.87 42.49 3 0.284894 1533.95 467.76 21.10 34.23 3 0.274494 1456.18 470.63 24.98 26.45 3 0.273409 213.79 366.94 48.25 29.01 0 0.270780 976.68 1024.46 27.35 42.13 2 0.267148 1759.43 538.36 102.63 43.39 0 0.252663 474.40 403.78 28.83 20.09 3 0.251764 984.70 909.04 51.59 46.04 3 0.250803 1784.90 832.38 57.78 42.52 3
266,0.676079 596.05 390.63 20.01 39.31 0 0.667467 810.67 554.58 24.19 48.87 0 0.666860 602.75 558.80 24.41 46.26 0 0.662397 1740.34 691.90 37.22 49.86 0 0.658105 503.89 618.27 23.85 48.45 0 0.657195 575.78 562.13 23.37 47.43 0 0.656660 1010.60 433.13 22.21 44.01 0 0.655145 841.96 383.85 19.95 38.23 0 0.653158 957.01 553.93 23.32 46.14 0 0.650026 621.69 389.93 20.68 40.73 0 0.643490 1719.50 627.35 36.33 48.58 0 0.637975 811.93 435.81 22.12 46.38 0 0.636804 841.19 438.08 21.70 47.02 0 0.626800 1038.03 429.63 22.48 43.22 0 0.619883 1631.51 344.34 24.52 35.59 0 0.616191 643.89 440.33 20.77 43.04 0 0.615823 868.43 438.27 23.89 48.14 0 0.614462 1030.35 743.98 27.82 58.25 0 0.608662 986.80 553.88 24.04 46.78 0 0.604597 980.49 432.06 20.56 42.33 0 0.601323 869.07 384.43 20.24 40.94 0 0.600842 813.27 387.47 20.70 39.55 0 0.598539 690.79 552.32 22.51 45.21 0 0.592227 702.05 439.51 22.01 41.65 0 0.591226 869.19 551.27 24.75 48.27 0 0.591096 750.44 552.24 24.71 46.11 0 0.589450 531.59 442.75 24.95 44.12 0 0.589108 963.31 743.00 33.58 61.56 0 0.578259 718.54 553.78 24.81 47.42 0 0.578172 556.95 441.80 23.69 45.14 0 0.575923 951.40 433.01 22.33 41.39 0 0.573902 1180.61 127.44 27.84 34.36 0 0.572369 569.88 625.43 22.57 45.79 0 0.566353 926.67 552.32 23.59 46.57 0 0.562721 1602.82 242.32 22.78 38.24 0 0.562649 672.51 441.10 23.21 44.46 0 0.557090 977.10 382.92 22.32 41.49 0 0.555993 632.99 556.68 25.61 46.32 0 0.555758 664.11 551.70 24.43 44.92 0 0.551707 1662.47 448.57 29.69 45.10 0 0.550438 533.78 616.00 23.57 50.36 0 0.547265 546.26 560.61 22.80 48.03 0 0.535709 1499.84 209.89 47.78 21.05 0 0.535482 758.65 392.94 23.49 37.54 0 0.516820 617.84 439.97 21.08 45.05 0 0.515859 1061.42 741.93 30.00 55.15 0 0.515196 592.54 440.41 21.91 44.51 0 0.515156 780.90 553.39 25.61 46.73 0 0.511815 1503.66 227.89 46.76 20.14 0 0.501673 784.55 439.07 22.08 45.97 0 0.497960 1590.13 83.04 25.21 33.20 0 0.496702 1207.44 433.63 27.20 65.10 1 0.491351 897.25 385.84 19.95 40.01 0 0.480102 897.29 551.36 25.42 48.22 0 0.479191 728.39 436.63 24.04 42.82 0 0.479060 921.38 387.50 21.39 41.54 0 0.469406 724.96 385.00 22.63 40.66 0 0.464570 541.24 391.49 25.06 38.02 0 0.460405 1451.44 20.95 42.69 21.54 0 0.459242 1068.10 821.76 29.13 57.81 0 0.453425 705.05 386.85 23.76 41.70 0 0.428362 1633.51 144.40 27.67 41.74 0 0.425309 1697.16 558.45 35.07 55.31 0 0.417837 1004.00 382.72 19.65 38.73 0 0.414447 1016.67 554.89 24.47 46.84 0 0.411986 897.67 436.92 25.56 48.21 0 0.396969 785.58 392.60 21.39 38.54 0 0.392112 1206.27 308.42 11.76 18.52 3 0.369615 536.66 391.24 25.57 39.36 0 0.362578 1507.60 250.77 45.49 19.87 0 0.359528 512.45 558.59 26.04 47.35 0 0.323810 702.82 320.32 13.62 19.04 3 0.314735 1505.55 269.34 46.47 21.29 0 0.306821 1589.09 90.57 26.66 33.27 0 0.286761 1629.45 349.82 27.73 37.37 0 0.284442 1512.09 257.67 44.84 21.34 0 0.281682 692.74 548.89 23.25 44.30 0 0.264578 1496.13 226.15 48.94 23.89 0 0.256234 1009.11 426.65 21.08 43.65 0 0.256232 653.69 390.61 20.31 37.79 0
267,0.518427 957.86 174.44 27.31 22.92 0 0.501710 1005.74 387.90 26.27 36.48 0 0.491506 985.68 254.40 28.01 21.28 0 0.389761 959.25 162.92 28.40 27.43 0 0.320149 969.46 221.36 25.59 23.82 0 0.302230 1005.49 375.61 26.84 39.08 0 0.297355 992.70 299.29 27.22 24.37 0
268,0.596236 333.60 467.68 23.66 22.30 0 0.571992 486.62 486.25 18.43 28.90 0 0.533493 606.35 511.65 22.83 29.91 0 0.477133 462.83 486.06 21.51 25.85 0 0.468612 978.79 305.14 21.46 22.62 0 0.454442 701.28 520.02 19.82 29.14 0 0.445145 628.67 514.53 18.88 28.33 0 0.432316 1178.80 388.68 17.99 22.51 0 0.398881 412.79 474.82 24.58 28.38 0 0.389686 566.44 418.62 28.91 17.09 0 0.388347 210.51 517.44 31.27 24.83 1 0.377917 351.83 369.15 37.75 19.15 0 0.359645 649.53 423.74 27.27 14.96 0 0.349459 983.10 317.71 19.48 22.98 0 0.349422 386.64 475.04 23.06 26.20 0 0.346004 933.86 301.88 23.19 22.88 0 0.320131 525.25 414.09 33.40 21.17 0 0.304962 1136.43 385.74 23.78 25.28 0 0.296021 961.11 299.54 20.01 19.14 0 0.293443 602.52 419.56 34.34 16.75 0 0.292256 413.48 536.15 23.15 27.14 0 0.290586 882.47 339.27 50.85 54.94 1 0.279556 1194.15 389.85 20.24 21.39 0 0.276835 366.88 474.99 22.47 24.71 0 0.268576 929.43 114.13 26.88 19.38 1 0.259521 1299.24 400.50 20.18 20.06 0 0.258000 608.92 421.68 31.92 15.81 0
269,0.652999 1329.12 727.55 43.82 25.46 0 0.616790 1375.48 894.52 45.89 33.11 0 0.614183 1246.58 825.95 47.21 31.26 0 0.601900 1543.07 961.96 45.74 32.82 0 0.600548 1562.89 925.34 47.96 32.10 0 0.584797 1192.54 879.99 47.94 30.87 0 0.573692 879.18 1032.05 46.10 41.07 0 0.569910 1588.93 893.00 46.59 31.25 0 0.569092 928.14 966.89 44.55 35.13 0 0.562793 1525.32 872.54 46.53 26.24 0 0.562268 1486.76 916.54 49.95 27.57 0 0.559292 1349.80 920.74 53.09 34.07 0 0.558735 1790.47 852.14 38.01 24.63 0 0.557309 1347.09 849.69 48.64 27.46 0 0.555236 1529.30 966.95 45.32 38.25 0 0.554989 1481.97 921.68 49.60 28.72 0 0.554351 1676.59 798.35 39.37 27.83 0 0.549936 1392.38 874.02 43.80 32.12 0 0.548556 236.63 687.75 31.49 24.30 0 0.543784 1699.49 904.06 45.40 30.01 0 0.541819 1646.87 993.85 47.88 30.75 0 0.536685 1423.78 841.77 41.35 27.92 0 0.535938 1501.85 1006.57 54.75 37.28 0 0.533858 1862.09 1038.03 48.64 27.12 0 0.532131 110.77 541.21 30.27 16.25 0 0.525736 1290.27 775.79 44.65 27.10 0 0.524471 1533.82 978.47 49.43 35.60 0 0.521020 1373.91 809.03 44.33 27.15 0 0.515090 1581.01 894.79 47.05 31.59 0 0.514810 1385.48 881.85 42.82 29.18 0 0.509179 1721.11 1018.14 52.48 34.52 0 0.505682 1717.65 1013.11 51.48 35.18 0 0.502988 1432.50 752.76 47.44 23.37 0 0.501098 1431.06 969.07 59.80 42.94 1 0.501062 1296.28 757.80 45.42 27.52 0 0.500909 1493.22 1012.18 60.45 42.82 0 0.498018 1546.45 843.76 45.70 27.61 0 0.496507 1654.42 1010.44 51.39 32.21 0 0.493750 1193.41 885.44 47.38 31.45 0 0.493680 1684.92 946.67 51.65 33.62 0 0.489341 914.80 938.65 38.22 30.62 0 0.487963 1289.14 733.60 33.23 20.24 0 0.485519 921.24 974.82 46.49 38.02 0 0.481639 886.60 1024.83 45.11 39.42 0 0.480610 1706.50 912.05 51.81 29.21 0 0.472065 1621.99 770.29 36.88 26.63 0 0.471862 1659.32 988.09 55.71 31.71 0 0.468293 1521.64 984.42 46.36 34.70 0 0.467794 1350.44 937.35 49.48 31.04 0 0.464941 1056.30 969.66 40.74 35.97 0 0.460175 1552.81 947.32 46.60 30.23 0 0.457545 1551.94 830.19 47.80 27.68 0 0.456893 1369.36 911.70 45.90 29.24 0 0.455334 448.84 821.02 38.46 35.90 0 0.453207 1364.32 681.32 37.64 21.65 0 0.449501 1635.98 1036.75 52.06 29.99 0 0.443534 1741.35 828.15 31.67 24.00 0 0.441774 1434.23 738.66 47.81 26.07 0 0.440284 1443.87 962.61 56.67 36.16 1 0.438963 1592.22 879.79 45.81 29.78 0 0.438579 589.32 936.30 34.89 29.74 0 0.436794 1337.60 708.75 43.69 25.36 0 0.432711 1364.77 898.98 47.37 31.06 0 0.430793 1859.94 892.56 43.18 24.31 0 0.421466 1651.00 978.28 50.47 29.64 0 0.421352 1870.30 979.30 47.59 27.92 0 0.419395 1724.63 824.12 35.38 23.31 0 0.418781 154.92 561.65 35.95 26.69 0 0.416629 1574.56 746.01 35.40 25.58 0 0.416335 394.10 767.30 44.80 40.07 0 0.412019 1370.15 820.64 47.67 25.67 0 0.408831 1872.63 985.65 46.84 28.92 0 0.406745 1709.35 905.31 45.10 28.95 0 0.402041 1866.70 1043.76 48.92 25.35 0 0.397482 1533.55 875.23 47.86 25.49 0 0.394382 1386.11 511.60 28.93 21.36 0 0.391753 1572.52 739.68 31.56 26.22 0 0.390643 1842.16 883.02 45.24 25.59 0 0.388621 1695.11 914.97 53.49 31.01 0 0.388471 1003.49 1009.40 52.75 45.38 0 0.387806 1341.91 925.47 50.42 32.68 0 0.387330 1224.71 849.41 44.57 31.36 0 0.368416 1428.99 981.71 50.57 38.74 1 0.368146 1303.98 554.30 41.20 30.86 1 0.364830 1850.63 1037.97 47.26 25.35 0 0.364756 1566.79 827.19 41.73 24.30 0 0.361296 1619.76 1048.33 51.59 30.41 0 0.360530 1490.64 1026.79 55.33 38.93 0 0.355792 1628.45 1025.85 54.30 29.65 0 0.353041 1516.88 713.16 30.98 23.92 0 0.349048 1437.32 745.56 47.71 26.61 0 0.347770 1265.41 809.67 39.36 22.38 0 0.341178 1735.80 985.69 50.32 33.86 0 0.336849 1643.34 1014.46 50.87 32.23 0 0.331870 1060.49 966.49 40.11 35.17 0 0.328777 1776.61 847.59 36.48 24.37 0 0.325018 1523.36 713.27 28.87 24.70 0 0.324296 1424.95 833.86 41.51 27.78 0 0.319667 1454.79 953.44 52.62 29.99 0 0.316998 922.75 929.50 33.10 30.62 0 0.316491 1293.29 770.88 45.77 26.27 0 0.314930 625.04 920.06 31.97 36.03 0 0.314478 1503.35 997.24 54.58 37.58 0 0.314396 1361.82 873.83 45.44 25.78 0 0.311497 1517.20 974.37 47.40 36.10 0 0.311214 1284.74 794.00 35.41 25.73 0 0.306974 1467.05 942.68 53.69 25.62 0 0.305894 1412.11 846.66 47.63 29.73 0 0.305003 1483.39 908.42 47.70 27.13 0 0.304511 1670.83 965.77 57.02 29.78 0 0.300781 1520.96 872.60 40.83 27.06 0 0.297281 1482.35 941.06 51.67 26.69 0 0.296431 1681.50 957.53 49.68 30.19 0 0.294390 1659.62 775.78 31.35 23.74 0 0.294304 1620.34 763.32 34.04 26.22 0 0.289398 1517.12 378.49 25.66 17.37 0 0.286199 1567.58 738.97 30.82 24.40 0 0.279823 1722.50 990.02 51.63 32.73 0 0.272529 337.52 707.66 26.41 32.43 0 0.271243 384.77 759.34 53.42 45.51 0 0.270856 915.93 984.59 44.95 32.83 0 0.269041 379.08 757.97 47.40 36.39 0 0.267401 1001.00 1013.74 54.20 53.36 0 0.263313 1844.65 892.25 45.88 24.14 0 0.261754 1902.36 852.81 17.64 33.43 0 0.260137 1593.20 847.26 38.50 24.95 0 0.259149 1483.60 1014.80 60.66 41.54 0 0.258301 1498.90 906.24 42.80 25.26 0
270,0.627118 765.02 361.58 34.83 39.48 0 0.543944 768.21 286.43 28.62 43.59 0 0.464126 855.13 62.59 25.85 31.61 0 0.410201 863.22 758.12 29.96 20.61 0 0.404919 611.37 913.92 40.44 43.67 0 0.389770 687.55 514.95 35.00 28.54 0 0.362327 608.69 926.91 37.11 40.17 0 0.304864 615.74 904.29 39.35 35.56 0 0.280685 714.54 519.30 33.52 24.79 0 0.279190 767.09 410.04 37.61 26.05 0
271,0.715074 913.90 342.59 210.14 91.19 1 0.622675 668.47 384.55 178.86 66.21 0 0.589965 1526.64 355.40 153.07 61.25 0 0.569937 1361.77 361.93 141.84 55.95 0 0.552496 1169.80 358.05 168.16 64.65 0 0.499707 1833.71 347.18 86.29 54.71 0 0.425121 1.11 561.30 80.74 37.05 0 0.253629 1820.88 337.16 99.12 61.11 0
272,0.738385 837.40 943.46 37.48 74.02 0 0.687267 952.41 598.99 44.06 71.39 1 0.641434 909.76 984.67 35.24 73.04 0 0.597651 792.45 134.82 24.33 12.48 3 0.580900 901.61 889.02 32.62 55.96 0 0.577722 437.82 970.13 51.62 45.87 0 0.552490 766.79 1001.60 24.96 15.77 3 0.513344 784.30 29.83 26.90 30.73 0 0.500744 767.43 1023.80 26.59 14.07 3 0.483814 825.46 823.60 34.50 52.79 1 0.461264 886.34 805.12 17.79 29.73 3 0.414403 909.52 107.49 29.09 26.44 0 0.411627 792.37 114.30 20.02 16.23 3 0.364136 879.65 183.73 25.43 32.38 0 0.346792 964.61 545.24 31.00 47.82 0 0.343272 860.04 0.00 21.66 22.11 0 0.303526 770.09 1069.08 27.04 10.92 3 0.302288 934.41 295.50 26.68 23.25 0 0.282445 908.83 89.97 26.46 23.16 0 0.282132 885.60 815.65 19.99 30.07 3 0.263996 1001.08 810.64 43.98 68.93 0 0.260624 1000.00 806.58 39.77 58.05 0
273,0.688451 1194.69 512.60 64.82 26.63 1 0.483929 1367.24 641.71 23.25 25.58 1 0.462218 340.74 621.21 26.22 11.64 0
274,0.615659 1073.27 541.77 49.40 22.19 0 0.579029 1012.53 533.22 46.95 21.89 0 0.565258 824.36 522.08 50.88 19.48 0 0.562361 1136.10 544.56 51.59 24.22 0 0.548674 888.04 524.60 48.57 19.89 0 0.510229 1199.72 548.91 49.10 22.87 0 0.419102 762.32 521.68 45.57 17.70 0 0.378318 956.78 525.90 40.10 23.02 0 0.359951 514.34 487.32 53.12 22.94 0 0.343379 956.03 530.86 42.53 22.84 0 0.332304 523.44 489.65 54.85 20.93 0 0.311387 771.83 519.58 43.21 17.08 0 0.252742 155.67 56.72 31.09 22.20 0 0.250688 644.42 501.62 40.80 22.68 0
275,
276,0.677334 655.79 794.32 45.67 43.05 1 0.480985 1196.93 1041.41 46.76 26.89 0 0.474328 1222.23 350.21 34.76 18.85 0 0.362962 805.35 857.04 38.15 43.61 0 0.327764 1824.02 1020.99 24.36 26.07 0 0.266596 1190.54 308.48 34.22 19.25 0 0.254895 652.63 804.21 38.98 42.66 1
277,0.625114 979.48 424.13 38.87 27.02 3 0.614416 1251.44 560.44 40.71 25.06 3 0.609002 1234.54 819.56 61.91 36.61 3 0.596004 1247.41 562.66 39.96 25.87 3 0.594123 863.07 642.05 73.23 84.49 0 0.584623 1231.96 894.58 50.23 30.51 3 0.566162 945.89 458.53 58.40 58.53 0 0.557479 822.18 731.05 81.36 120.15 0 0.555541 1246.93 491.26 41.14 22.03 3 0.554637 1227.98 1034.34 65.62 33.42 3 0.547000 1233.84 945.91 62.68 36.17 3 0.544757 1251.45 547.11 40.15 24.10 3 0.535252 1231.23 991.56 63.55 32.60 3 0.524391 1230.48 844.96 54.64 35.12 3 0.512828 927.83 520.04 56.00 78.34 0 0.487441 1250.46 542.08 37.35 24.58 3 0.458068 1244.28 738.78 51.90 28.37 3 0.440458 1016.38 313.15 44.39 30.65 0 0.436210 1081.64 168.28 33.05 43.47 0 0.425680 1095.06 133.22 29.03 29.59 0 0.424969 1229.29 1013.07 63.64 34.50 3 0.404796 1230.21 918.78 58.34 31.01 3 0.396693 1248.47 514.04 38.03 21.33 3 0.372583 1238.20 747.52 55.17 28.08 3 0.364180 1074.31 178.16 36.66 44.36 0 0.362900 1249.98 515.60 40.05 23.60 3 0.358666 1233.99 798.55 61.59 36.06 3 0.355469 1002.26 390.82 29.59 22.09 3 0.334676 1240.35 779.38 57.36 32.72 3 0.316205 1231.90 874.38 53.78 32.64 3 0.288109 1015.29 300.24 46.59 35.39 0 0.281423 1234.62 964.23 64.20 35.09 3 0.266185 1231.16 915.29 67.93 41.43 3 0.265087 984.89 421.36 41.54 25.74 3 0.253653 1085.78 157.15 31.92 47.31 0
278,0.517594 659.86 483.06 287.77 86.50 0 0.462220 0.00 445.12 172.17 88.21 0 0.353098 620.65 481.41 280.04 80.91 0 0.283899 7.34 473.24 153.12 69.31 0
279,0.634070 1264.06 279.14 46.94 27.54 3 0.628668 1035.59 671.73 102.81 52.07 0 0.611892 854.49 311.60 112.43 54.63 0 0.610835 852.78 430.84 113.65 57.41 0 0.606549 529.14 968.31 126.45 60.61 0 0.593807 564.51 264.85 108.57 58.64 0 0.593544 848.35 494.73 113.02 53.96 0 0.593387 1009.27 873.96 103.26 49.66 0 0.590088 848.26 552.52 119.37 59.38 0 0.588199 543.79 566.94 135.39 57.91 0 0.582722 1011.44 798.21 119.63 60.70 0 0.579255 1005.28 360.81 122.99 61.84 0 0.575832 998.65 183.29 110.19 57.84 0 0.573947 878.27 948.37 114.87 59.09 0 0.572777 851.31 205.90 114.21 53.87 0 0.572632 848.26 90.64 113.65 56.96 0 0.571331 1023.45 742.80 110.49 60.59 0 0.570881 556.87 501.93 109.92 56.42 0 0.570858 1270.65 349.09 49.90 26.66 3 0.569580 849.14 680.73 114.63 60.82 0 0.569565 408.99 162.98 105.16 53.55 0 0.565018 568.34 380.63 113.41 59.19 0 0.564665 542.10 757.96 117.14 62.26 0 0.563429 861.43 608.30 116.69 60.34 0 0.561934 1033.93 940.14 111.90 61.54 0 0.560047 993.46 20.76 116.09 60.67 0 0.559243 992.02 141.58 103.76 49.42 0 0.558064 999.15 481.62 113.97 60.44 0 0.556394 857.80 255.30 111.52 53.60 0 0.555495 545.33 888.14 123.34 62.48 0 0.554789 1017.19 429.84 104.42 50.37 0 0.550386 532.43 820.70 127.48 59.02 0 0.549379 430.72 102.22 108.16 48.93 0 0.549361 883.98 1022.37 97.69 57.34 0 0.544934 999.83 541.49 119.54 66.51 0 0.544633 46.10 991.47 113.11 58.79 0 0.541014 847.49 753.72 125.41 58.80 0 0.540999 844.68 32.11 104.08 53.13 0 0.539024 434.79 47.58 105.90 59.89 0 0.534260 567.04 331.81 117.56 56.02 0 0.533049 851.90 145.90 111.24 53.46 0 0.532713 1038.15 1012.12 119.78 65.14 0 0.527743 558.75 148.50 118.66 58.90 0 0.525218 863.77 366.51 115.92 57.44 0 0.525139 850.90 484.28 117.62 58.61 0 0.519836 537.76 627.58 128.72 56.42 0 0.513852 570.51 44.90 104.75 53.71 0 0.513083 545.75 438.57 134.64 61.51 0 0.505252 573.74 102.87 101.95 55.54 0 0.503696 851.27 817.69 120.39 51.29 0 0.486884 561.92 205.65 102.70 60.13 0 0.481565 853.53 81.67 114.84 58.70 0 0.456098 1246.55 12.78 48.47 31.41 3 0.443267 994.77 603.65 131.18 62.58 0 0.433453 1270.85 318.32 48.24 23.97 3 0.408227 1262.68 248.67 45.18 24.06 3 0.354309 21.48 987.57 108.55 64.86 0 0.338326 416.74 109.09 109.14 57.71 0 0.331585 562.06 109.55 113.37 62.02 0 0.319513 1249.49 0.00 40.36 23.79 3 0.318070 436.83 43.38 114.60 52.48 0 0.314837 1244.41 18.07 52.05 33.68 3 0.297821 999.80 130.93 108.43 52.14 0 0.295586 1006.79 345.66 115.82 60.45 0 0.295020 20.49 989.69 147.50 66.46 0 0.292573 551.38 509.90 119.38 67.61 0 0.282948 550.26 198.69 108.60 61.56 0 0.282864 556.34 385.37 130.97 80.73 0 0.268264 922.73 938.03 82.35 67.13 0
280,0.833023 1016.05 446.05 39.97 66.14 1 0.730588 495.99 836.79 42.26 72.29 1 0.692390 886.73 63.81 23.76 15.69 3 0.627921 245.48 938.21 67.45 36.50 0 0.616737 958.07 682.22 29.81 53.10 0 0.614493 651.30 935.40 72.22 37.28 0 0.613517 988.26 542.33 33.19 50.31 0 0.603652 958.44 763.16 33.44 57.80 0 0.580761 836.52 780.66 24.68 16.93 3 0.567332 557.72 727.68 44.09 33.82 0 0.534056 836.57 813.39 24.04 16.58 3 0.528294 835.70 830.25 23.97 19.99 3 0.518610 837.52 764.69 25.77 21.51 3 0.518459 597.59 842.82 35.12 60.81 0 0.515895 1336.87 905.79 74.96 37.40 0 0.513052 833.78 726.79 27.73 19.92 3 0.502454 557.88 839.72 41.13 70.19 1 0.477603 889.70 606.33 33.52 58.81 1 0.473963 897.69 720.92 35.00 65.37 0 0.455519 1002.20 85.77 27.36 27.51 0 0.429083 549.91 726.35 46.94 32.97 0 0.422175 887.85 42.77 22.92 10.41 3 0.405147 886.40 15.47 23.34 14.46 3 0.399058 896.26 807.18 26.19 27.95 3 0.395849 798.26 888.42 70.77 62.49 0 0.382033 998.04 59.82 28.88 19.81 0 0.373908 1029.95 394.30 29.18 45.68 0 0.370199 968.93 209.74 27.00 40.52 0 0.361281 907.71 804.64 29.45 28.69 3 0.351806 968.52 636.29 16.43 22.97 3 0.345572 649.96 929.97 75.52 34.84 0 0.341005 995.80 13.86 30.26 27.10 0 0.326797 836.22 855.43 23.88 22.46 3 0.308149 934.44 803.23 20.16 31.15 3 0.305020 951.00 512.75 23.24 30.55 3 0.287143 1013.79 206.21 25.39 33.36 0 0.274347 679.53 876.90 55.81 30.29 0 0.263647 895.15 164.07 21.56 14.30 3 0.262058 1004.97 134.69 26.58 23.79 0 0.252826 1043.80 617.90 44.90 52.83 0 0.250204 891.18 183.57 22.62 18.33 3
281,0.645686 1064.91 344.33 51.76 71.12 0 0.636424 59.25 137.97 39.64 57.93 0 0.589919 291.14 257.51 37.22 61.73 0 0.589713 291.01 19.74 30.52 42.92 0 0.576665 22.66 422.91 42.48 69.63 0 0.571145 78.17 23.69 31.55 45.42 0 0.543239 0.10 611.31 46.97 78.57 0 0.519703 46.94 263.34 35.60 58.36 0 0.503493 290.73 133.24 27.98 44.49 0 0.456254 296.18 587.20 45.79 74.08 0 0.405586 294.23 676.76 41.83 43.24 0 0.332486 51.88 203.33 24.36 43.39 0 0.312583 293.75 419.31 35.51 61.69 1 0.285970 202.51 436.04 16.71 23.15 3 0.265337 1322.76 578.47 20.40 46.87 0
282,0.693708 764.51 359.28 24.05 51.32 0 0.679730 591.93 789.82 24.37 46.47 0 0.679052 666.73 373.59 26.65 54.56 0 0.662841 958.72 431.98 26.57 56.45 0 0.655291 165.14 174.11 31.33 57.33 0 0.646983 927.62 433.51 26.32 55.06 0 0.642669 745.08 777.48 25.10 49.15 0 0.641001 798.19 443.25 28.07 57.79 0 0.628804 987.57 350.63 25.11 56.56 0 0.627348 629.96 784.76 27.05 48.34 0 0.620872 990.59 431.47 25.28 56.12 0 0.619846 1023.33 432.37 25.36 54.77 0 0.613447 927.61 794.70 24.68 51.32 0 0.606740 844.59 237.03 29.09 55.50 0 0.603695 698.64 365.97 25.62 55.14 0 0.598551 647.15 456.07 28.04 51.28 0 0.596618 887.05 795.97 27.70 54.18 0 0.594373 866.26 437.99 26.45 56.62 0 0.581035 831.92 438.14 25.70 57.08 0 0.574669 1049.69 653.80 56.75 26.35 0 0.568111 796.80 362.08 24.87 54.18 0 0.568094 990.58 550.94 23.50 49.56 0 0.566325 829.15 358.64 26.25 56.70 0 0.566063 207.71 299.08 30.10 57.03 0 0.563781 951.73 355.82 25.54 53.09 0 0.563549 675.69 779.90 26.79 51.66 0 0.562781 823.04 779.17 25.23 44.22 0 0.560767 1102.56 427.48 21.70 52.05 0 0.553510 1053.04 349.39 25.14 56.31 0 0.551297 891.86 355.02 25.24 54.28 0 0.550968 132.95 494.94 28.50 54.30 0 0.548088 1023.25 548.33 26.97 52.15 0 0.547478 673.19 0.00 31.86 48.09 0 0.546255 293.58 162.45 30.89 56.66 0 0.544780 1054.59 550.74 24.60 50.78 0 0.544055 729.51 363.25 26.98 56.76 0 0.543907 919.80 351.27 26.85 56.92 0 0.533695 854.69 771.98 24.53 47.15 0 0.533253 555.90 783.12 25.87 52.91 0 0.528993 246.71 294.79 29.72 56.36 0 0.528959 226.18 167.41 31.07 57.33 0 0.494873 161.02 489.19 29.59 54.75 0 0.491324 260.82 168.75 29.33 53.53 0 0.490223 559.30 684.68 40.66 26.58 0 0.483774 1063.38 428.56 26.97 60.28 0 0.464442 91.98 496.19 34.61 59.24 0 0.458814 564.70 724.44 37.04 24.86 0 0.457549 103.23 46.49 31.00 57.71 0 0.455102 386.14 284.94 28.89 52.82 0 0.440136 833.68 553.05 57.69 27.74 0 0.412976 1020.90 355.10 25.29 51.38 0 0.411246 1072.95 692.38 56.31 26.74 0 0.403724 610.39 462.74 28.77 55.78 0 0.393153 159.50 52.58 26.97 51.73 0 0.389852 558.00 725.35 40.75 26.11 0 0.384710 549.67 651.11 50.80 27.21 0 0.360176 961.30 427.83 22.48 53.56 0 0.358728 1067.12 431.69 26.58 51.71 0 0.304567 188.50 486.35 28.19 48.16 0 0.288161 574.46 176.34 30.72 63.44 0 0.287624 684.72 65.50 34.44 50.73 0 0.277383 834.30 0.00 39.35 28.19 0 0.274276 838.45 28.80 45.86 60.58 1
283,0.650378 0.00 437.94 181.22 77.53 0 0.595751 541.49 399.37 195.51 75.30 0 0.590834 798.67 384.83 220.67 78.21 0 0.530338 1468.35 354.84 179.36 70.54 0 0.294920 2.58 430.02 232.63 76.17 0 0.286287 803.66 402.11 219.35 67.01 0
284,0.611850 908.82 232.87 55.99 48.05 0 0.565145 537.36 538.60 63.25 63.37 0 0.556582 860.43 185.85 51.26 41.82 0 0.555491 911.12 94.60 56.42 43.87 0 0.548860 741.40 470.77 65.10 55.10 0 0.546535 737.33 793.47 66.07 59.84 0 0.546181 1142.60 791.04 64.45 52.05 0 0.545970 1043.78 807.12 66.90 62.63 0 0.542618 613.13 628.26 65.74 58.61 0 0.542074 899.85 648.87 61.45 59.23 0 0.539045 1118.88 733.05 64.72 57.95 0 0.538302 506.07 515.05 57.81 51.88 0 0.537081 553.55 731.37 63.86 61.57 0 0.533087 828.62 891.59 66.14 64.37 0 0.524255 431.23 575.56 63.48 52.30 0 0.523972 458.20 604.33 59.22 57.60 0 0.519897 878.10 957.95 66.16 64.91 0 0.516060 1156.02 831.93 68.20 55.54 0 0.514635 415.26 540.74 64.82 58.14 0 0.514221 1040.02 818.70 70.32 60.42 0 0.514025 668.18 688.23 63.68 61.96 0 0.513022 1018.85 784.04 64.57 57.26 0 0.512815 770.07 503.60 61.59 57.75 0 0.512770 642.67 819.02 70.16 61.45 0 0.511773 684.52 894.10 76.80 68.89 0 0.511732 808.84 1020.38 64.41 58.44 0 0.506699 691.16 412.91 63.50 56.99 0 0.502399 661.19 696.42 63.29 58.43 0 0.500542 827.17 159.88 48.97 46.64 0 0.498320 665.34 379.00 65.99 51.07 0 0.498081 495.66 628.09 61.77 50.57 0 0.498077 976.26 747.81 67.95 61.97 0 0.495027 875.05 178.65 50.37 38.94 0 0.492360 517.95 659.79 62.63 57.51 0 0.489203 910.28 1002.63 66.30 61.58 0 0.486756 837.70 151.40 53.23 38.55 0 0.486073 1101.18 885.39 65.29 60.48 0 0.484391 818.07 558.80 71.25 61.24 0 0.482926 793.35 865.47 59.24 59.38 0 0.482299 938.98 1020.51 72.90 55.68 0 0.481406 949.94 722.88 61.67 55.21 0 0.479384 724.32 754.25 63.39 57.05 0 0.478670 453.03 457.11 70.29 52.87 0 0.476377 1092.67 890.62 65.66 60.35 0 0.471120 480.01 478.26 63.76 54.80 0 0.469625 774.16 823.49 54.83 58.80 0 0.467771 720.13 445.20 53.60 46.27 0 0.465356 1177.65 819.57 62.96 58.08 0 0.464989 876.77 626.24 59.30 53.47 0 0.461201 498.96 634.11 61.24 55.60 0 0.460150 774.10 495.23 59.76 58.30 0 0.458393 644.76 355.00 65.66 51.03 0 0.457910 774.60 1007.34 70.14 58.94 0 0.454867 509.66 650.26 61.57 59.92 0 0.452228 843.93 590.96 60.06 64.89 0 0.450595 492.68 463.59 64.17 50.49 0 0.448800 854.10 936.79 60.80 58.67 0 0.447343 583.09 601.52 65.53 53.37 0 0.445675 1153.53 783.34 56.87 51.88 0 0.445175 757.67 778.95 60.95 54.07 0 0.438691 450.61 611.05 63.52 60.23 0 0.436327 691.65 734.48 70.20 53.74 0 0.435578 528.97 700.17 64.29 58.28 0 0.427127 620.30 786.91 64.30 55.42 0 0.424901 663.03 871.49 64.98 52.65 0 0.424732 761.13 838.25 60.14 54.61 0 0.424550 405.59 549.25 68.38 54.16 0 0.423311 598.19 763.65 69.30 63.98 0 0.422617 714.29 760.60 68.47 61.20 0 0.422126 643.34 660.73 61.68 52.33 0 0.419999 920.30 688.99 65.74 63.69 0 0.419808 1067.20 849.60 67.18 58.20 0 0.418899 924.22 983.10 58.99 55.86 0 0.417664 877.43 628.32 66.37 63.21 0 0.414417 699.87 890.04 64.99 59.28 0 0.414204 1113.17 743.62 64.93 57.36 0 0.412822 561.01 737.86 59.34 62.68 0 0.408157 593.10 1044.82 35.08 21.00 3 0.406524 614.13 799.16 69.14 58.73 0 0.404407 616.21 774.91 63.04 61.98 0 0.402374 698.59 726.52 64.54 54.40 0 0.399672 1162.28 821.92 72.88 61.14 0 0.397783 596.31 591.31 62.63 54.45 0 0.396572 804.78 854.91 63.59 65.38 0 0.392348 767.98 1013.52 61.66 55.87 0 0.388466 676.93 910.88 67.32 58.91 0 0.380224 460.76 448.94 66.79 52.48 0 0.379963 318.58 262.79 69.98 56.68 1 0.377385 829.33 154.46 55.70 44.19 0 0.370310 819.07 896.38 66.10 61.37 0 0.366138 550.59 743.15 60.44 55.98 0 0.358422 787.20 999.13 58.24 58.68 0 0.356538 682.25 687.64 50.12 50.19 0 0.356538 1186.00 814.11 57.73 56.13 0 0.353198 718.28 451.28 60.76 48.86 0 0.352592 112.33 423.93 40.17 25.87 3 0.351803 868.13 922.55 53.62 55.92 0 0.349777 860.36 930.48 64.21 70.89 0 0.348590 914.43 1010.56 72.50 60.53 0 0.333191 581.66 770.18 58.42 57.10 0 0.332463 587.19 766.01 66.24 61.68 0 0.315272 887.46 950.27 62.35 63.83 0 0.314919 616.22 760.62 53.48 47.98 0 0.314042 1116.65 882.45 54.87 52.85 0 0.311994 530.40 553.53 59.76 49.94 0 0.311760 140.94 469.19 40.56 24.82 3 0.300745 905.80 663.85 63.02 66.33 0 0.297669 626.76 642.15 64.20 58.34 0 0.291648 969.64 743.92 62.39 59.87 0 0.284848 927.74 1031.84 72.08 48.16 0 0.278828 467.45 610.37 55.40 55.55 0 0.275206 833.74 576.64 66.29 64.36 0 0.273910 854.08 179.84 57.34 43.39 0 0.272367 423.72 554.84 65.28 61.16 0 0.269488 899.20 948.71 56.22 57.50 0 0.264494 509.53 676.52 59.59 53.13 0 0.263619 740.36 773.48 63.72 57.81 0 0.262647 650.36 349.01 65.46 48.34 0 0.261978 114.80 434.81 40.99 25.82 3 0.261226 1061.62 838.06 63.98 60.08 0 0.259939 987.41 753.53 60.35 53.53 0
285,0.568245 858.13 585.75 49.48 53.09 0 0.435787 774.70 598.91 41.81 36.88 0 0.426570 166.76 556.45 89.49 50.08 0 0.411927 499.05 493.94 29.41 28.48 0 0.383524 448.31 451.96 39.46 27.58 0 0.383170 541.23 477.49 28.82 38.53 0 0.353862 812.95 592.21 38.03 45.92 0 0.312759 457.12 488.01 32.87 32.46 0 0.289337 522.33 460.78 29.75 29.05 0 0.269300 815.47 583.10 38.02 50.05 0 0.264008 683.87 594.66 54.04 34.45 0
286,0.384942 1818.77 800.14 55.58 39.81 3 0.336688 1820.72 812.61 49.95 33.21 3 0.284684 1820.24 989.22 92.08 90.78 1 0.276156 1818.57 786.02 53.51 35.09 3
287,0.570769 531.29 728.99 71.92 29.20 0 0.541326 231.90 759.46 59.91 25.52 0 0.531698 1427.07 450.58 46.89 21.95 0 0.527612 929.25 711.10 56.75 29.31 0 0.501698 301.60 754.93 60.88 25.84 0 0.473763 385.99 747.09 54.60 26.66 0 0.423212 473.45 738.17 53.43 25.81 0 0.416762 1357.74 474.02 47.10 26.60 0 0.414990 372.23 749.93 59.11 26.44 0 0.331159 287.02 757.48 57.08 25.68 0 0.324371 363.31 751.52 47.62 26.86 0 0.311509 854.63 526.35 70.20 34.75 1 0.261424 1501.37 422.97 45.10 24.35 0
288,0.698047 1195.11 554.51 27.53 48.62 0 0.697462 1553.76 652.60 36.29 52.41 0 0.681144 1488.99 648.30 29.99 53.90 0 0.675897 1309.44 884.41 37.78 66.72 0 0.675433 1365.67 467.73 23.76 39.45 0 0.675091 1554.77 460.45 30.32 48.28 0 0.645731 1815.84 636.53 38.27 58.52 0 0.623258 1815.71 869.93 34.81 61.65 0 0.620106 1364.07 656.68 29.72 54.70 0 0.619910 1204.59 255.29 47.16 20.27 0 0.617278 1336.59 657.60 30.21 56.11 0 0.617221 1672.87 649.66 37.99 53.19 0 0.616692 1620.92 881.93 36.20 58.38 0 0.614364 1396.38 652.67 31.12 56.65 0 0.600705 1447.51 462.68 27.12 46.60 0 0.599812 1418.57 466.97 27.59 48.17 0 0.596958 1804.14 453.19 31.94 47.25 0 0.594221 1653.95 775.36 35.30 57.04 0 0.593478 1844.75 866.56 40.34 61.09 0 0.592941 1557.96 892.51 34.01 47.89 0 0.587297 1067.83 136.28 44.38 16.36 0 0.586764 1253.27 473.54 25.98 46.18 0 0.584318 1448.72 878.55 33.91 58.16 0 0.573841 1432.53 659.12 28.33 52.28 0 0.568267 1414.73 877.88 31.22 54.98 0 0.567997 1125.67 710.66 58.54 25.83 0 0.567630 1627.38 780.11 31.66 54.46 0 0.565612 1523.77 651.55 28.82 52.82 0 0.559886 1865.54 770.85 36.64 50.40 0 0.558517 1787.60 871.50 32.37 59.83 0 0.556703 1006.86 519.67 24.77 48.11 0 0.554234 1766.99 1029.96 44.72 49.29 0 0.548150 1720.71 876.73 33.40 55.80 0 0.545531 1696.26 1041.18 39.90 38.34 0 0.540222 1865.92 1027.38 45.51 52.62 0 0.535492 1590.60 459.05 32.07 52.39 0 0.533466 1093.57 330.03 46.63 21.56 0 0.532362 1775.23 874.24 36.17 53.72 0 0.529379 1837.94 770.15 32.00 48.19 0 0.513711 1860.07 446.68 31.16 50.39 0 0.506280 990.97 53.64 15.70 32.91 0 0.504695 1080.04 259.58 40.15 20.42 0 0.504615 1659.71 881.24 33.30 58.52 0 0.502583 1880.64 865.56 36.06 65.24 0 0.502150 1087.35 298.81 46.47 19.90 0 0.501889 1121.47 681.54 57.49 25.54 0 0.501513 1835.32 452.36 29.10 49.06 0 0.501275 1509.77 887.54 38.08 49.60 0 0.494664 1310.48 469.97 28.39 46.22 0 0.491699 837.44 715.21 29.19 63.29 0 0.483891 1687.34 876.81 34.43 55.72 0 0.480408 1518.95 888.32 35.83 48.11 0 0.473620 1082.83 295.21 46.49 21.66 0 0.466076 1358.27 575.35 27.38 45.01 0 0.460193 1580.86 1032.46 50.85 42.19 0 0.456824 1385.90 575.67 29.41 47.26 0 0.453608 1870.87 643.18 38.82 51.83 0 0.452437 1891.88 765.38 26.14 50.01 0 0.450248 834.93 624.95 34.78 77.31 1 0.444203 1073.50 110.77 39.80 17.07 0 0.440883 1647.10 571.18 28.57 45.25 0 0.439104 1750.11 635.54 34.45 61.10 0 0.428235 1890.35 445.95 27.02 51.86 0 0.427607 1074.33 44.14 34.16 15.68 0 0.419822 1142.61 771.17 56.12 25.21 0 0.411460 1798.53 769.54 31.70 51.15 0 0.402836 1881.38 1020.05 37.01 51.98 0 0.400492 1082.12 275.52 43.40 19.69 0 0.398404 1874.91 1024.54 41.88 55.46 0 0.377595 1083.36 279.26 46.34 18.91 0 0.360491 1407.41 1045.73 42.64 29.40 0 0.360240 865.26 77.64 19.27 33.43 1 0.358031 1068.85 156.84 48.76 17.80 0 0.348264 1817.29 450.57 33.03 50.64 0 0.346107 1809.59 451.73 33.92 48.72 0 0.329619 1000.92 222.28 21.09 31.44 0 0.323754 1086.66 989.46 50.52 31.34 0 0.321458 1631.70 565.72 28.29 42.49 0 0.320161 879.15 614.94 27.95 56.34 0 0.318649 994.12 126.03 21.59 33.52 0 0.315667 1578.81 1036.26 50.39 43.74 0 0.311309 1793.50 652.16 35.71 50.91 0 0.306985 1196.26 223.70 45.81 20.20 0 0.303044 1860.06 868.90 48.97 63.61 0 0.298298 1092.32 346.77 51.71 21.22 0 0.295970 1668.62 877.18 43.70 59.29 0 0.292820 1006.37 516.41 25.02 50.13 1 0.272059 1889.46 568.08 27.48 50.94 0 0.266330 1791.84 773.15 33.19 58.75 0 0.265578 1304.91 473.17 30.31 45.33 0 0.264067 1661.07 649.55 36.95 56.83 0 0.263688 1635.26 565.37 31.26 47.46 0 0.255856 810.26 803.63 33.49 30.65 3
289,0.457482 1230.39 521.64 49.25 26.18 1 0.336628 1401.32 659.04 21.34 21.77 1 0.267538 1339.01 547.22 28.15 16.14 0
290,0.541667 1131.48 160.27 32.56 20.49 0 0.315258 1136.35 161.78 33.25 18.42 0
291,0.712986 846.61 656.64 51.04 36.59 0 0.678720 788.41 747.92 55.82 36.24 0 0.640347 683.23 934.92 60.57 38.06 0 0.634688 469.99 817.98 62.97 39.54 0 0.629841 717.40 554.98 48.82 34.10 0 0.615967 865.30 628.53 55.16 36.59 0 0.609332 743.59 530.34 53.39 32.03 0 0.602515 742.15 840.86 58.82 38.29 0 0.600454 1091.06 704.56 50.85 27.13 0 0.595308 671.52 965.62 59.80 37.84 0 0.591190 698.03 584.92 50.92 36.29 0 0.589303 653.97 674.90 58.16 35.62 0 0.583476 626.77 586.08 50.37 35.53 0 0.582849 542.95 859.74 57.46 35.37 0 0.582197 581.80 802.97 55.23 37.03 0 0.579306 629.73 550.29 54.81 35.25 0 0.574212 469.15 984.62 67.11 41.29 0 0.564214 1296.47 20.39 55.85 38.73 0 0.561401 805.28 717.76 61.40 36.77 0 0.560511 1363.13 57.32 53.56 32.50 0 0.559143 556.61 669.25 54.03 34.83 0 0.557025 636.38 704.39 59.30 38.55 0 0.553445 520.41 889.77 67.32 44.62 0 0.553068 726.48 872.48 56.05 39.40 0 0.547704 607.61 614.18 52.35 33.55 0 0.543260 604.70 767.78 56.56 36.28 0 0.542260 1233.60 0.00 56.27 25.29 0 0.539734 550.83 707.41 54.34 35.97 0 0.534210 419.46 914.63 60.93 40.73 0 0.533165 1062.30 769.26 58.52 35.09 0 0.532682 757.99 807.56 65.29 38.03 0 0.528156 427.47 83.29 57.16 53.27 0 0.517534 1290.45 16.29 58.56 36.98 0 0.517484 397.99 950.77 63.44 40.25 0 0.511645 603.80 620.90 48.93 32.13 0 0.510369 638.03 1035.76 63.59 40.88 0 0.507552 610.16 729.38 65.90 41.75 0 0.506390 477.80 956.81 65.27 39.46 0 0.505661 503.81 919.22 59.78 40.13 0 0.501746 668.89 640.21 59.94 36.77 0 0.500810 1117.71 677.97 48.12 31.97 0 0.500072 572.20 633.39 57.76 36.41 0 0.498785 654.91 996.70 64.13 44.97 0 0.495691 497.45 926.03 62.53 38.24 0 0.494741 564.45 828.11 63.05 40.52 0 0.489875 446.72 1020.05 68.84 41.65 0 0.481043 739.95 492.05 50.10 31.86 0 0.475316 708.40 907.77 62.35 33.57 0 0.470132 359.77 1010.78 63.85 44.98 0 0.468648 1192.17 723.71 51.46 25.39 0 0.468343 488.83 947.00 67.73 39.25 0 0.461779 522.93 877.44 64.17 41.69 0 0.460541 485.09 793.44 57.95 36.45 0 0.458236 749.08 496.84 48.85 32.71 0 0.455524 617.71 738.11 60.42 34.17 0 0.453068 1187.45 714.79 50.15 25.39 0 0.451355 1096.37 667.53 46.28 26.84 0 0.450406 663.00 494.93 55.26 33.75 0 0.447942 514.27 759.86 60.47 41.44 0 0.444011 1064.18 759.90 55.76 32.87 0 0.440745 807.44 713.01 64.59 34.87 0 0.434914 824.80 687.04 60.04 35.16 0 0.433884 619.59 543.53 62.37 34.12 0 0.431099 687.99 580.46 50.79 35.72 0 0.427890 569.02 823.48 61.56 39.89 0 0.425184 508.15 757.59 57.39 38.33 0 0.424176 397.42 959.08 64.87 40.83 0 0.423590 878.29 603.28 57.86 37.17 0 0.418649 596.92 612.84 56.77 36.79 0 0.416567 696.06 913.67 61.76 33.17 0 0.413755 551.31 661.79 59.04 36.56 0 0.413302 575.36 645.38 54.48 31.55 0 0.402710 585.14 635.15 55.90 34.75 0 0.402421 534.99 728.36 57.69 34.32 0 0.396568 543.41 699.97 58.43 32.56 0 0.390227 477.49 787.00 62.69 35.38 0 0.390190 644.63 528.18 53.45 30.04 0 0.389057 432.69 1052.54 62.39 27.46 0 0.383470 748.16 503.80 50.03 34.18 0 0.378905 848.84 316.62 71.67 46.62 1 0.377881 709.93 900.80 63.91 36.56 0 0.370251 717.59 880.46 59.09 39.03 0 0.368030 831.60 669.38 60.16 37.68 0 0.367025 641.53 522.47 58.37 29.70 0 0.366583 545.83 716.22 55.37 34.00 0 0.366314 535.10 863.54 63.63 41.10 0 0.361404 740.77 522.07 52.64 31.23 0 0.360413 653.85 515.12 55.95 32.36 0 0.351288 686.44 930.62 65.50 36.81 0 0.351235 753.70 814.38 66.17 41.95 0 0.348408 470.29 805.67 64.79 36.35 0 0.343390 255.29 973.23 31.39 16.99 3 0.340841 551.02 671.27 58.68 40.95 0 0.338019 813.80 695.88 64.45 36.88 0 0.333622 631.25 542.18 62.63 36.98 0 0.331435 739.79 834.41 66.04 36.60 0 0.329350 665.41 648.16 60.06 39.68 0 0.328321 462.83 808.66 57.76 35.74 0 0.328253 612.84 1058.23 56.81 21.77 0 0.327200 696.56 236.10 24.50 18.59 3 0.320615 531.91 887.58 61.92 44.73 0 0.318511 439.35 1030.65 68.60 45.00 0 0.314749 1100.16 675.04 55.01 27.80 0 0.311319 609.15 738.32 65.94 43.18 0 0.310781 736.30 527.57 54.48 33.58 0 0.304644 675.08 947.19 64.08 37.41 0 0.304237 1087.73 723.56 58.23 28.78 0 0.302742 519.21 748.20 60.81 36.65 0 0.301282 377.62 982.33 59.12 34.05 0 0.299729 620.06 589.98 54.05 37.28 0 0.295229 418.75 908.78 59.42 33.06 0 0.289876 1087.60 709.13 49.58 28.36 0 0.287818 475.27 973.51 65.40 38.30 0 0.283945 857.52 333.58 65.21 39.39 1 0.281227 700.84 904.23 59.82 37.04 0 0.279163 658.90 986.10 61.98 44.71 0 0.272486 414.08 912.60 59.52 34.65 0 0.271853 642.67 1020.80 65.76 37.56 0 0.266510 458.85 992.64 62.77 39.58 0 0.262710 240.03 997.99 35.38 16.78 3 0.261607 864.84 612.62 59.56 36.49 0 0.261272 1636.08 34.30 41.82 21.10 0 0.253026 628.47 1049.78 69.11 30.22 0 0.251038 596.39 774.03 57.81 37.22 0 0.250549 678.50 645.50 57.19 40.42 0
292,0.646132 210.32 658.20 61.96 28.92 0 0.615466 438.81 678.61 55.29 27.96 0 0.607912 670.67 771.37 64.78 29.78 0 0.607152 1827.06 822.51 57.46 28.95 0 0.561737 1815.82 56.93 47.05 23.10 0 0.558512 909.80 728.51 58.69 27.24 0 0.552030 1515.04 260.14 46.11 21.92 0 0.546299 1568.26 208.25 46.52 20.99 0 0.515642 1841.09 130.98 48.35 21.67 0 0.511160 1721.06 127.18 48.33 21.25 0 0.505336 1845.92 155.84 51.45 22.43 0 0.499818 1748.69 816.52 58.50 28.66 0 0.495935 1793.75 5.83 48.99 25.09 0 0.491539 1898.40 826.32 21.60 29.00 0 0.486071 1822.35 84.45 50.08 21.68 0 0.481575 1872.25 65.11 38.37 21.34 0 0.472235 1804.86 35.66 44.89 22.18 0 0.468492 1707.04 60.08 44.25 20.64 0 0.467613 1705.18 54.20 47.71 22.61 0 0.464302 1748.15 205.46 43.32 18.70 0 0.463217 1855.79 185.39 46.82 24.50 0 0.451115 1844.92 160.48 51.61 23.76 0 0.450965 1687.43 13.13 48.14 25.40 0 0.447476 1835.59 114.40 41.00 18.78 0 0.446716 1715.45 89.15 44.16 19.19 0 0.433957 1850.95 13.47 49.15 24.97 0 0.425976 1718.81 108.83 44.94 17.07 0 0.421057 1739.72 181.59 44.91 18.90 0 0.406377 1826.85 88.89 43.29 19.06 0 0.391352 1881.19 229.53 38.81 22.38 0 0.387341 1853.02 179.80 49.06 25.43 0 0.376931 1732.85 157.15 49.09 21.92 0 0.372710 1886.28 129.65 32.79 21.57 0 0.368141 1733.85 162.63 49.27 22.19 0 0.360948 1697.24 34.84 45.30 20.33 0 0.357459 1883.71 104.90 34.92 21.54 0 0.348169 1756.61 249.37 43.27 21.67 0 0.332636 1752.26 229.76 43.34 18.58 0 0.326991 1744.96 812.55 61.26 28.37 0 0.326950 1577.93 252.66 45.87 19.25 0 0.320177 1685.21 9.11 46.44 23.51 0 0.319944 1802.71 28.65 48.15 23.53 0 0.318516 1877.32 221.78 40.42 24.26 0 0.313414 1710.53 81.20 48.41 23.05 0 0.310703 1724.52 131.51 48.55 21.11 0 0.294899 1792.77 10.79 51.41 26.68 0 0.293230 1818.77 63.20 47.89 22.46 0 0.279682 1734.84 177.59 47.03 22.64 0 0.275848 1686.73 0.00 46.62 20.89 0 0.269567 1584.65 256.42 43.40 18.66 0 0.268536 1870.95 105.60 39.45 21.93 0 0.258573 1755.87 232.64 42.93 21.28 0 0.252044 1878.68 254.09 38.49 22.98 0 0.250753 1829.73 109.40 46.81 21.38 0
293,0.376711 1153.20 544.46 19.78 12.13 0 0.335540 1103.10 549.59 24.62 14.67 0
294,0.534054 1011.50 620.86 32.85 52.05 0 0.393550 1012.92 798.35 34.61 48.88 0 0.372365 862.23 13.81 23.47 18.50 0 0.324483 1382.39 417.21 29.62 23.20 0 0.282618 885.07 88.58 25.98 38.62 1 0.270157 879.66 1005.12 27.47 46.24 3 0.259790 1005.47 855.62 41.08 72.02 1 0.250727 1009.26 626.35 34.44 57.62 0
295,0.394375 1490.19 608.55 33.20 24.38 0 0.284382 508.73 709.62 33.67 27.02 1 0.275379 1727.54 731.47 34.62 26.33 1 0.261220 468.14 828.83 40.03 43.09 0
296,0.563780 81.40 390.83 53.85 28.18 0 0.529270 994.61 514.02 55.86 25.75 0 0.518546 1480.66 580.13 61.05 31.54 0 0.483719 240.59 410.34 62.16 28.17 0 0.472519 1732.66 613.94 60.45 30.06 0 0.454807 179.76 400.22 40.27 28.87 0 0.419123 151.29 399.28 43.00 27.84 0 0.381994 0.00 378.27 61.30 31.06 0 0.372224 8.32 383.31 62.93 28.83 0 0.353010 71.16 386.88 59.46 29.62 0 0.345634 258.47 413.48 53.73 27.29 0 0.309932 657.26 354.47 42.92 21.82 0
297,0.508863 974.61 608.18 34.77 50.70 0 0.416816 952.97 390.67 27.47 36.01 0 0.382596 944.72 338.17 29.75 40.08 0 0.362636 967.84 438.07 28.48 41.75 0 0.267054 970.66 486.32 34.06 52.77 0
298,0.659033 1362.56 351.72 136.78 57.13 0 0.625347 1521.35 357.78 125.38 55.20 0 0.601914 1851.64 356.41 68.36 55.39 0 0.597334 1251.19 817.15 66.72 35.80 3 0.583683 944.14 431.34 56.28 31.02 3 0.559069 1231.95 723.53 57.36 33.41 3 0.556602 1291.88 991.41 75.13 40.06 3 0.555346 1701.20 358.32 118.86 56.11 0 0.552223 1297.64 411.40 46.88 29.70 3 0.545171 1568.95 532.79 142.37 58.12 0 0.507900 1242.70 70.47 54.40 56.40 0 0.502302 1248.99 778.17 59.56 35.28 3 0.495613 731.59 100.91 53.53 65.11 0 0.472614 40.16 332.52 151.51 68.88 1 0.469672 754.47 6.53 48.92 84.75 0 0.463125 1304.16 403.49 38.54 28.44 3 0.433113 1286.07 414.50 53.37 28.81 3 0.429753 1218.81 687.65 53.33 29.74 3 0.427361 98.57 86.33 43.12 27.06 3 0.417258 1890.90 559.07 29.10 33.61 3 0.401704 596.81 569.00 40.03 28.60 3 0.400270 1291.39 959.33 70.21 37.49 3 0.396185 1291.11 947.63 71.80 39.17 3 0.338419 999.16 15.56 46.18 27.25 1 0.331330 1289.46 962.53 78.56 41.53 3 0.324076 1291.01 404.47 51.03 32.70 3 0.314892 526.68 545.32 58.46 30.12 3 0.300998 749.02 27.76 55.09 79.12 0 0.297924 41.89 337.75 140.12 67.31 0 0.278579 1006.22 118.94 41.81 52.30 0 0.271547 1835.43 596.26 36.81 28.62 3
299,0.707347 1552.45 264.30 25.47 40.44 0 0.666173 1421.32 270.95 24.34 32.92 0 0.650447 1813.15 246.22 36.02 42.92 0 0.649575 1703.53 117.50 24.92 36.64 0 0.632065 1316.90 274.35 28.65 43.46 0 0.624049 1578.60 263.66 25.14 41.38 0 0.620098 1447.71 127.79 21.59 36.09 0 0.617636 1768.28 247.97 28.41 37.01 0 0.607053 1676.76 254.43 25.46 41.94 0 0.601202 1599.85 261.49 27.26 40.36 0 0.600901 1700.15 257.72 26.75 41.09 0 0.595066 1743.72 198.04 25.46 33.72 0 0.593050 1396.03 273.73 23.72 32.61 0 0.582981 1098.37 675.97 26.54 43.25 0 0.573305 1072.32 442.51 24.23 48.74 0 0.570416 1628.07 257.87 26.57 41.20 0 0.570379 1286.75 438.40 56.26 24.72 0 0.559238 1357.46 879.54 48.25 38.58 0 0.558183 1031.51 407.29 22.06 40.74 0 0.543563 1578.77 205.21 23.06 33.57 0 0.543392 1348.79 18.26 19.51 30.01 0 0.543111 1726.89 251.97 26.30 39.03 0 0.541419 1111.51 506.04 20.50 42.06 0 0.538718 1748.40 253.28 27.99 34.19 0 0.538526 1217.82 82.11 22.50 37.24 0 0.533643 1502.28 270.45 25.11 39.31 0 0.532781 1494.61 7.75 23.18 34.94 0 0.517535 1368.14 84.79 22.01 35.08 0 0.504027 1256.81 25.48 22.19 34.42 0 0.500960 1381.83 831.39 69.77 29.31 0 0.500255 1698.79 0.00 24.09 31.90 0 0.497378 1301.30 23.05 21.84 32.74 0 0.486874 1169.84 156.73 38.91 19.37 0 0.485174 1764.34 198.94 28.44 33.50 0 0.474009 1346.16 676.18 57.19 25.56 0 0.473520 1409.62 11.45 21.76 34.70 0 0.472003 1353.97 701.73 59.26 25.66 0 0.471071 1662.04 127.34 24.00 31.97 0 0.470967 1389.17 14.32 20.47 32.31 0 0.462336 1557.42 207.97 20.91 31.92 0 0.457062 1293.35 485.05 46.89 24.47 0 0.452919 1588.22 127.44 25.50 32.66 0 0.452820 1749.14 261.59 31.56 35.92 0 0.446766 1724.47 0.00 22.07 31.25 0 0.443041 1539.54 357.66 25.21 39.84 0 0.438989 1376.19 141.58 25.32 36.30 0 0.438404 1469.75 268.95 27.57 35.59 0 0.433161 1369.27 889.63 45.36 36.02 0 0.430442 942.52 126.82 21.12 44.44 1 0.423512 1325.22 141.71 23.76 36.63 0 0.409625 1283.34 412.18 54.12 23.98 0 0.408796 1746.19 118.27 25.69 38.44 0 0.404785 1565.29 77.05 22.55 31.50 0 0.388888 1502.99 129.26 23.01 37.86 0 0.387264 1348.17 136.72 23.70 35.37 0 0.384930 1684.07 125.28 21.78 34.05 0 0.374193 1763.15 256.29 32.63 40.20 0 0.371066 1745.16 0.00 26.51 28.28 0 0.367711 982.16 441.87 25.64 53.94 1 0.353233 1804.31 246.24 39.56 44.09 0 0.351701 1317.26 98.57 24.16 27.16 0 0.342595 1367.49 832.83 72.12 29.67 0 0.340334 1255.19 19.08 22.88 37.96 0 0.339364 1349.72 142.12 22.37 36.03 0 0.336393 1032.11 399.24 20.04 44.06 0 0.330719 1525.48 5.61 24.82 37.75 0 0.330633 1395.50 372.68 31.83 27.14 0 0.325610 1735.54 195.55 26.44 32.25 0 0.325274 1350.34 274.96 24.61 41.08 0 0.310355 932.36 0.00 20.52 33.60 0 0.308369 1886.82 330.55 32.77 28.57 0 0.302672 1747.81 0.00 32.43 25.95 0 0.287754 734.59 1031.43 37.78 48.57 1 0.285554 1277.44 415.56 54.63 23.67 0 0.283311 1558.23 212.84 21.68 33.14 0 0.283026 1294.72 507.78 35.56 22.80 0 0.279796 1470.29 127.29 20.69 37.63 0 0.278942 931.18 0.00 22.03 24.66 0 0.268928 1299.78 19.36 20.38 32.69 0 0.259042 1884.59 335.85 34.22 29.60 0
300,
301,0.668372 1148.66 547.44 27.57 50.53 0 0.649028 1150.62 795.08 66.71 34.60 0 0.641936 808.69 311.80 30.37 53.50 0 0.623854 712.04 384.64 31.28 47.48 0 0.620858 963.64 881.72 30.76 68.36 0 0.605229 648.29 505.18 72.18 158.26 1 0.593728 804.89 371.31 32.26 53.60 0 0.585806 1084.46 550.50 32.61 52.74 0 0.583588 999.72 533.76 28.05 58.49 0 0.575676 1178.33 546.46 27.61 51.95 0 0.546914 994.74 884.65 32.56 67.09 0 0.529935 562.19 847.03 70.88 30.56 0 0.527767 263.50 952.74 36.25 59.93 0 0.517269 962.39 534.70 31.72 55.58 0 0.497748 712.80 308.71 30.69 63.70 0 0.492180 642.51 849.65 62.75 28.96 0 0.482827 69.90 735.57 60.37 30.97 0 0.464144 745.30 376.94 29.86 49.12 0 0.459109 774.51 311.84 32.53 56.33 0 0.454767 413.06 950.65 31.84 66.26 0 0.447894 72.94 701.42 57.07 32.69 0 0.439927 746.31 313.56 32.06 60.23 0 0.414623 1273.12 542.50 72.98 33.88 1 0.414545 595.37 0.00 48.85 110.04 1 0.412111 258.11 826.34 73.21 33.91 0 0.405129 199.58 825.88 54.33 27.44 0 0.395791 932.51 883.92 30.96 63.17 0 0.392143 595.43 482.47 56.80 30.17 0 0.384640 418.62 832.88 59.59 30.80 0 0.377184 129.79 821.79 49.30 29.03 0 0.369877 19.13 737.82 32.57 26.54 0 0.357418 747.38 357.47 32.65 42.39 0 0.350191 1151.78 543.43 27.92 51.63 0 0.343553 268.52 949.60 47.08 61.51 0 0.342879 183.28 828.52 57.90 27.13 0 0.329248 1214.11 506.24 39.64 31.85 0 0.321464 713.59 361.84 32.47 55.85 0 0.321383 100.02 824.96 60.20 26.21 0 0.314882 599.22 286.46 35.92 55.48 0 0.310385 258.86 705.94 63.20 25.28 0 0.307392 482.64 939.25 46.20 38.55 0 0.281977 1025.44 885.41 38.69 67.77 0 0.278176 292.92 957.72 35.18 52.21 0 0.268548 770.36 304.99 32.46 63.54 0 0.254843 331.09 965.31 28.80 45.99 0
302,0.639635 515.85 484.03 33.91 60.15 0 0.623448 1048.31 217.81 34.42 52.61 0 0.621413 838.37 534.09 59.29 30.24 0 0.617891 593.59 485.48 30.30 57.66 0 0.583518 1268.19 334.24 71.60 31.24 0 0.575100 106.71 495.69 39.54 65.43 0 0.568308 1245.37 231.90 28.51 53.25 0 0.563835 465.83 486.58 37.64 63.77 0 0.529099 39.17 681.59 57.55 30.71 0 0.527702 254.85 240.93 37.02 53.84 0 0.518694 1034.03 152.03 26.29 42.12 0 0.510660 1530.87 53.13 28.45 48.87 1 0.506093 1126.14 72.40 36.93 58.93 1 0.505756 1088.25 231.33 29.64 53.73 0 0.492704 1575.81 259.43 61.33 32.03 0 0.487769 860.71 80.78 58.35 24.81 0 0.464055 1304.86 220.67 28.74 57.80 0 0.452925 126.54 655.10 72.16 28.52 0 0.440196 996.06 93.22 27.66 43.15 0 0.403831 1275.17 229.44 26.57 55.96 0 0.397507 1045.19 54.40 56.05 22.86 0 0.393289 931.53 82.84 43.55 25.71 0 0.390681 629.76 481.22 30.86 58.40 0 0.353331 1126.00 81.75 31.30 53.53 1 0.337525 459.25 493.47 41.49 66.87 0 0.329062 630.42 0.00 62.12 23.77 1 0.320890 616.28 10.10 64.57 30.83 0 0.311870 209.96 494.07 29.30 21.39 3 0.301121 1532.37 36.89 29.82 60.16 1 0.296054 135.36 651.80 84.93 30.11 0 0.282564 22.77 510.21 17.16 24.02 3 0.254494 1224.24 191.17 34.49 34.50 0 0.251155 1338.16 241.78 29.78 41.36 0
303,0.737453 555.52 598.02 55.54 53.98 1 0.505442 122.26 668.13 23.60 18.36 0 0.479787 676.01 591.22 17.39 19.15 0 0.461965 718.71 640.89 25.68 19.94 0 0.460478 768.20 655.59 19.75 20.10 0 0.435935 266.91 712.10 22.03 16.57 0 0.429456 628.41 589.76 22.16 21.04 0 0.416537 144.25 667.44 21.56 18.97 0 0.366943 167.47 593.97 22.84 12.66 0 0.357145 91.45 659.24 22.84 18.22 0 0.347734 643.78 587.84 20.98 19.65 0 0.315891 596.67 563.24 21.17 17.49 0 0.269667 293.83 638.84 19.76 15.42 0
304,0.709539 921.77 381.60 31.09 62.36 1 0.661293 1165.78 553.51 63.62 32.44 1 0.485413 1167.49 547.74 61.82 33.08 1 0.333652 902.80 0.00 23.73 22.31 0 0.293110 917.92 151.12 21.73 38.04 1
305,0.631718 625.81 169.07 20.45 38.64 0 0.557111 649.12 36.39 21.21 34.65 0 0.553245 521.39 689.26 27.98 50.61 0 0.499051 573.70 427.05 27.60 50.03 0 0.490599 555.29 705.83 30.02 51.29 0 0.395984 648.37 42.46 20.49 35.49 0
306,0.631361 21.29 73.60 19.88 33.05 0 0.623675 164.25 0.00 19.60 33.52 0 0.595927 70.21 0.63 21.02 31.46 0 0.584779 140.22 71.95 19.90 33.69 0 0.567300 267.01 187.76 22.50 38.23 0 0.561458 49.36 1.24 19.32 32.81 0 0.560827 42.56 72.16 20.41 31.66 0 0.558355 190.55 0.00 18.69 35.58 0 0.558351 94.31 0.47 20.79 33.54 0 0.553875 843.37 142.59 21.83 35.17 0 0.552368 26.66 1.62 19.61 32.75 0 0.546278 114.59 73.61 20.79 32.65 0 0.542631 843.66 57.10 21.20 37.93 0 0.520792 233.99 0.00 21.85 31.60 0 0.517504 222.02 189.34 22.51 37.29 0 0.503883 121.08 0.00 18.44 33.81 0 0.478536 844.01 100.03 21.86 39.38 0 0.475268 285.79 233.68 22.26 33.37 0 0.456936 0.76 2.31 19.64 34.11 0 0.454908 0.00 75.96 17.94 33.57 0 0.453547 91.95 72.44 20.06 31.98 0 0.438275 210.97 0.17 20.18 34.39 0 0.430462 295.48 183.44 24.38 37.17 0 0.402711 137.67 0.00 20.22 34.04 0 0.390402 821.89 699.60 29.12 58.32 1 0.387054 66.03 72.30 21.54 31.87 0 0.369486 192.72 70.46 16.64 33.25 0 0.362132 143.32 68.77 18.29 33.17 0 0.359246 271.56 0.00 18.94 28.74 0 0.358951 287.03 67.57 19.41 31.07 0 0.348350 843.56 122.65 21.51 43.87 0 0.342485 45.21 68.07 19.93 34.29 0 0.333525 290.19 71.31 19.59 30.43 0 0.304546 265.73 66.16 16.83 30.76 0 0.285021 293.81 0.00 22.84 23.06 0 0.269887 304.74 179.75 23.87 32.47 0 0.269077 209.84 68.83 20.42 33.71 0 0.266166 340.11 0.00 29.22 22.89 0 0.263324 316.87 0.00 23.29 23.06 0 0.261445 842.26 75.46 22.72 39.30 0
307,0.781909 705.56 493.89 59.79 32.24 1 0.361563 811.75 498.90 25.06 13.54 0 0.348664 458.44 445.14 16.50 16.39 0
308,0.656246 600.65 519.73 29.69 59.95 0 0.655541 794.04 508.09 33.38 62.19 0 0.649236 535.00 527.48 28.09 57.89 0 0.648261 762.01 506.99 30.60 63.68 0 0.641162 1027.38 505.78 28.42 60.43 0 0.636409 820.80 351.45 30.58 62.52 0 0.635917 1009.10 264.44 28.18 56.31 0 0.635618 517.74 288.68 28.61 54.73 0 0.629611 714.55 283.50 29.90 57.35 0 0.629556 549.95 285.93 27.72 55.85 0 0.629238 784.82 350.89 30.32 60.62 0 0.627342 811.25 267.01 30.28 60.25 0 0.624828 978.71 741.71 29.29 58.53 0 0.624654 960.69 502.64 29.14 61.72 0 0.622661 976.47 262.33 26.82 54.49 0 0.616367 523.98 363.52 28.15 61.31 0 0.615695 565.23 525.01 29.53 59.96 0 0.614738 883.02 346.09 29.94 63.97 0 0.613173 620.80 357.83 30.28 60.60 0 0.612603 1798.23 644.46 31.10 58.05 0 0.612527 446.86 288.70 31.67 62.44 0 0.603677 925.73 502.22 29.09 60.92 0 0.602210 862.20 502.68 29.94 65.35 0 0.600211 717.54 355.15 29.98 61.16 0 0.595824 1662.77 55.24 60.45 28.49 0 0.593909 909.97 273.21 28.61 56.70 0 0.590011 696.76 511.18 29.25 61.12 0 0.586908 663.12 512.40 29.46 59.85 0 0.586547 502.93 525.52 30.10 59.90 0 0.585013 456.08 367.69 28.89 60.88 0 0.581860 651.38 278.45 26.88 58.27 0 0.581066 1051.52 335.58 26.84 56.13 0 0.576633 1078.94 819.36 30.75 52.23 0 0.574268 541.13 607.69 27.87 58.46 0 0.573240 1076.12 729.86 29.77 57.87 0 0.572193 983.98 342.10 27.13 52.65 0 0.565214 895.72 503.29 28.82 64.45 0 0.564101 879.17 275.20 28.37 56.93 0 0.562676 1788.37 327.51 35.55 66.07 0 0.561563 844.63 266.73 29.70 59.47 0 0.559622 588.07 360.03 29.16 59.59 0 0.558093 504.52 600.77 29.20 58.35 0 0.551827 1795.08 568.36 32.97 58.48 0 0.550411 994.95 505.13 29.97 59.60 0 0.547574 686.87 356.14 28.64 60.06 0 0.537051 852.88 351.14 28.22 60.36 0 0.535039 468.53 600.49 31.05 63.57 0 0.532131 728.56 507.27 29.35 61.38 0 0.530973 1793.04 488.53 36.66 64.33 0 0.524199 656.19 355.25 27.76 59.09 0 0.510096 747.14 281.28 26.58 54.42 0 0.504088 949.94 339.50 29.51 57.84 0 0.496292 1251.61 335.92 33.22 75.11 1 0.494576 464.95 522.04 32.07 63.13 0 0.476902 1663.54 0.00 59.14 22.87 0 0.476235 945.28 265.45 27.51 56.05 0 0.469894 439.17 181.30 16.44 25.08 3 0.468348 491.42 367.77 28.86 60.78 0 0.466884 774.15 283.20 30.39 55.23 0 0.464589 556.45 362.45 27.72 59.81 0 0.445257 1019.79 339.95 27.00 61.67 0 0.431756 632.80 513.03 29.49 59.45 0 0.427609 1785.68 178.14 35.79 58.09 0 0.411061 677.46 274.45 28.57 57.51 0 0.403743 1799.71 732.95 32.77 68.03 0 0.397903 581.60 178.43 15.12 23.81 3 0.377941 751.43 349.65 28.88 64.13 0 0.352415 412.93 183.62 14.92 26.79 3 0.340844 1784.72 32.98 27.20 39.30 0 0.322493 1657.92 13.32 66.14 32.20 0 0.319055 631.76 179.09 14.12 22.46 3 0.314846 1043.84 742.32 28.07 56.04 0 0.298873 1658.31 22.35 58.98 29.59 0 0.279727 682.77 277.15 27.42 56.48 0 0.272075 513.87 287.03 29.71 66.38 0 0.258768 604.26 178.84 12.67 21.46 3 0.254020 466.45 592.43 31.74 62.83 0
309,0.596457 1246.62 736.25 62.39 28.37 0 0.510445 704.11 321.45 28.62 33.78 0 0.508555 805.92 817.18 61.88 29.87 0 0.456128 1566.40 739.28 65.20 29.40 0 0.450167 840.19 84.41 39.46 18.69 0 0.446379 679.92 91.96 40.80 18.17 0 0.392555 1083.98 1015.39 61.23 27.51 0 0.392488 1562.35 743.36 61.75 29.61 0 0.391527 645.31 55.80 37.81 23.45 0 0.358471 638.61 89.88 39.30 18.98 0 0.357935 618.06 1015.93 34.15 20.86 0 0.334582 748.79 187.98 18.18 13.98 0 0.329651 831.82 136.28 40.61 17.30 0 0.323087 711.89 61.21 28.87 17.81 0 0.314712 816.55 801.18 56.79 29.50 0 0.309993 704.07 330.24 29.11 33.81 0 0.300845 688.21 61.64 41.21 18.33 0 0.293775 836.98 787.84 44.80 25.48 0 0.292830 814.97 399.34 25.75 26.75 0 0.281634 800.46 815.52 54.01 30.09 0 0.263201 832.87 227.93 36.40 19.24 0 0.262393 1069.82 1010.86 79.38 31.41 0 0.250050 797.26 113.06 16.48 13.36 0
310,0.585982 1114.31 442.64 113.90 60.16 0 0.574236 940.92 237.92 122.28 57.70 0 0.572677 960.06 751.37 139.99 169.72 0 0.565135 1160.02 500.82 119.42 62.62 0 0.551779 1182.20 568.89 152.31 76.06 0 0.459176 1070.63 403.32 98.96 49.18 0 0.413615 653.72 155.24 67.23 31.63 0 0.371632 1182.69 556.33 137.65 68.54 0 0.368897 1075.99 409.91 110.05 50.44 0 0.364437 1171.82 577.84 185.76 73.22 0 0.347325 1248.42 661.34 115.57 74.39 0 0.340575 661.01 167.29 69.41 33.67 0 0.324872 1115.36 453.93 132.84 69.92 0 0.283925 1160.33 516.68 140.05 71.33 0
311,0.555143 1770.80 687.24 37.66 17.32 0 0.540849 1666.24 680.47 41.39 18.35 0 0.523077 1822.88 689.30 42.78 20.77 0 0.522240 1720.69 682.01 45.09 19.93 0 0.494195 1475.18 666.89 39.80 16.60 0 0.433431 1332.35 657.14 37.99 18.08 0 0.411567 1424.38 663.82 37.99 15.47 0 0.392907 1527.93 667.71 34.46 18.45 0 0.360880 1010.45 700.82 31.62 24.90 0 0.315012 1471.37 667.19 37.28 18.58 0 0.251059 227.33 629.88 27.49 24.99 0
312,0.673765 931.96 634.77 69.11 33.77 0 0.636209 1631.57 51.77 32.85 32.07 0 0.596529 723.26 529.29 35.17 54.32 0 0.596121 221.02 808.13 33.34 65.26 0 0.591837 1246.18 556.90 55.87 25.20 0 0.581080 471.96 853.37 66.68 35.34 0 0.575777 83.25 817.45 40.88 69.17 0 0.556801 723.27 327.16 28.64 15.93 3 0.553471 808.14 405.70 32.39 41.69 1 0.550017 137.49 810.49 38.51 68.82 0 0.539378 757.54 540.74 32.67 49.49 0 0.539284 551.83 401.33 51.19 25.08 0 0.525070 917.40 539.59 26.76 49.63 0 0.524461 255.89 806.36 37.49 66.79 0 0.500445 734.31 373.34 52.36 22.27 0 0.486134 974.29 526.75 26.06 51.17 0 0.484769 1146.56 6.99 23.31 31.02 0 0.474141 612.85 400.31 43.83 22.45 0 0.453080 714.31 467.74 24.60 41.14 0 0.440151 1706.11 32.74 33.30 33.38 0 0.412307 896.35 667.14 48.76 25.83 0 0.390038 729.85 532.09 36.22 53.45 0 0.388653 1666.86 45.02 32.23 33.36 0 0.382216 716.89 535.03 37.89 50.77 0 0.379846 741.69 370.59 51.23 23.27 0 0.376348 325.01 345.04 51.36 23.15 0 0.360927 808.03 387.09 42.77 59.09 1 0.343182 678.91 414.37 29.37 39.04 0 0.341185 738.42 535.74 39.26 52.88 0 0.321970 1660.86 39.82 34.94 39.29 0 0.317163 941.22 536.03 30.19 52.87 0 0.313596 1679.75 229.73 28.45 32.88 0 0.312900 1024.09 540.85 27.13 37.03 0 0.291545 1630.84 312.83 36.95 37.70 0 0.274868 602.64 400.15 41.13 24.62 0 0.272333 1647.45 203.47 32.89 30.67 0 0.268100 1651.46 46.48 32.96 34.74 0 0.264664 1555.98 83.78 49.85 24.49 0
313,0.570460 841.20 948.64 87.93 88.34 0 0.568852 784.27 418.00 80.22 88.90 0 0.561535 1164.86 842.02 94.79 93.62 0 0.560283 502.27 826.10 97.40 101.79 0 0.557760 797.45 599.95 84.40 89.01 0 0.556048 1254.57 754.87 95.45 109.69 0 0.555249 1163.59 667.87 91.95 87.99 0 0.553278 783.64 978.09 90.14 99.03 0 0.545840 888.46 356.28 78.82 80.94 0 0.542749 604.71 754.36 88.69 89.52 0 0.537950 410.23 918.82 93.95 102.19 0 0.534329 979.46 819.52 91.10 91.80 0 0.524324 1022.43 775.59 90.34 90.33 0 0.517992 3.06 700.97 84.55 98.43 0 0.513143 1121.77 886.00 87.69 93.29 0 0.510916 752.48 653.47 84.59 87.79 0 0.510531 553.82 796.59 100.01 102.05 0 0.510434 972.85 451.13 81.34 85.69 0 0.503883 889.31 911.02 82.58 87.86 0 0.503717 947.33 867.93 80.36 87.05 0 0.502216 837.00 556.21 84.91 92.71 0 0.501467 708.39 682.44 88.57 93.79 0 0.493624 645.06 714.05 100.66 93.32 0 0.480170 1057.71 735.53 102.45 96.73 0 0.477509 983.78 1013.01 83.97 66.99 0 0.471307 875.87 527.68 86.54 92.67 0 0.470955 925.61 489.59 85.13 87.62 0 0.466813 843.42 398.58 78.65 75.48 0 0.463340 1464.19 939.21 50.19 37.04 3 0.462130 360.49 949.39 96.07 104.24 0 0.458906 1108.26 694.73 97.08 92.28 0 0.428704 1449.84 959.01 54.69 38.37 3 0.416634 983.60 460.61 78.29 87.56 0 0.402640 891.41 361.11 84.30 91.98 0 0.400557 933.70 856.55 92.58 91.23 0 0.398812 0.00 692.26 67.67 108.53 0 0.392363 368.58 938.12 104.02 106.02 0 0.391921 906.17 916.86 81.49 86.06 0 0.390792 1455.35 952.13 54.65 38.87 3 0.377743 1155.06 652.16 82.66 86.07 0 0.366817 796.97 432.54 73.09 83.56 0 0.360692 618.08 743.43 85.71 102.56 0 0.353306 857.22 950.29 81.20 82.74 0 0.347370 829.44 941.63 92.97 105.52 0 0.340209 730.10 998.31 91.79 81.69 0 0.304573 568.13 775.71 87.86 116.06 0 0.291126 839.37 388.36 73.86 77.45 0 0.280495 748.75 982.89 108.93 96.56 0 0.277992 961.56 843.58 74.32 104.20 0 0.276484 16.27 711.19 79.51 86.39 0 0.269224 1106.74 691.05 78.57 85.68 0 0.268764 1483.17 923.52 48.36 43.96 3 0.258778 390.41 923.75 97.74 106.09 0 0.257010 554.02 786.96 81.41 87.34 0 0.252531 868.94 918.55 81.37 109.84 0 0.251262 859.98 531.05 86.93 98.11 0
314,0.693664 347.38 857.21 44.70 47.86 0 0.689065 132.45 834.07 44.21 50.33 0 0.680221 547.47 598.66 34.15 36.80 0 0.670178 1268.18 397.65 41.61 34.97 0 0.668846 1313.19 440.01 42.57 35.21 0 0.662183 591.83 720.88 37.30 40.96 0 0.643940 1080.37 195.42 35.01 36.30 0 0.643875 579.59 577.11 32.42 39.33 0 0.642827 624.77 705.18 36.59 42.02 0 0.636362 468.66 641.45 39.85 47.61 0 0.622015 324.90 877.85 40.17 50.68 0 0.621817 407.25 603.85 33.98 38.68 0 0.605942 138.98 752.17 36.67 49.74 0 0.600688 155.89 978.60 41.44 55.31 0 0.598669 348.66 711.63 41.78 43.65 0 0.598638 412.87 670.54 37.18 46.16 0 0.594246 448.24 809.62 44.38 45.07 0 0.589106 257.59 926.84 44.08 52.99 0 0.587328 263.46 1011.54 39.03 60.38 0 0.577144 565.53 738.72 38.79 42.22 0 0.573606 499.10 629.80 38.94 44.38 0 0.570422 385.47 845.76 37.98 47.58 0 0.567420 1701.25 723.35 53.67 53.05 0 0.566673 547.02 531.71 30.45 37.42 0 0.559748 225.02 938.94 43.13 57.12 0 0.558179 950.82 178.06 41.79 22.16 0 0.558146 261.00 678.43 36.20 50.03 0 0.555722 738.95 873.74 39.31 39.24 0 0.550917 376.65 627.89 37.51 37.66 0 0.546094 800.89 850.59 41.06 44.63 0 0.542734 99.02 846.12 39.48 47.36 0 0.540955 1232.48 352.04 37.47 35.75 0 0.536026 827.21 822.22 41.17 49.41 0 0.535517 651.67 684.10 32.65 45.17 0 0.530965 189.77 962.96 38.20 51.48 0 0.527896 572.31 523.16 27.73 35.85 0 0.526861 613.60 572.57 31.94 36.00 0 0.523689 530.22 750.23 38.38 40.42 0 0.522768 252.75 759.09 41.86 48.45 0 0.520357 1152.51 272.50 37.34 34.39 0 0.519848 72.00 787.35 37.82 50.33 0 0.519472 445.80 662.88 34.94 39.94 0 0.516186 592.12 182.33 28.67 29.36 0 0.512865 682.71 675.70 32.34 40.33 0 0.511165 480.93 793.58 42.33 46.42 0 0.502864 291.25 895.18 39.58 54.76 0 0.498721 593.42 195.02 28.51 30.03 0 0.496791 222.68 774.56 41.31 47.87 0 0.496317 1161.76 270.05 36.55 34.73 0 0.495086 1008.30 129.87 32.56 26.51 0 0.493097 465.45 580.74 34.34 38.24 0 0.489490 320.82 722.33 39.90 46.68 0 0.488556 1671.77 734.25 47.47 46.91 0 0.486999 601.59 563.76 35.05 37.09 0 0.486548 434.61 589.63 33.82 37.07 0 0.485712 181.56 1033.20 36.81 43.79 0 0.484485 322.00 658.31 43.43 43.47 0 0.481640 416.57 824.99 39.10 45.84 0 0.480169 1275.19 398.88 39.38 36.94 0 0.477386 340.75 647.24 39.94 39.63 0 0.473215 488.56 571.05 33.26 35.90 0 0.472246 378.67 697.45 38.42 44.69 0 0.471793 281.30 671.32 37.49 45.28 0 0.467942 513.78 542.98 33.82 38.56 0 0.466754 873.24 884.74 40.85 47.06 0 0.462765 167.91 813.24 44.97 48.10 0 0.462048 220.54 1023.98 41.97 53.25 0 0.454527 911.59 133.43 42.06 23.10 0 0.451337 534.81 754.83 41.79 45.71 0 0.451264 285.54 740.01 40.06 40.63 0 0.445809 925.90 151.11 41.91 23.98 0 0.442669 616.35 560.95 37.42 37.01 0 0.442555 801.08 839.81 39.96 46.75 0 0.441857 168.26 733.25 35.06 48.77 0 0.435332 618.62 710.51 40.56 40.45 0 0.430924 751.27 890.71 38.67 38.51 0 0.430921 101.53 852.63 40.90 53.25 0 0.423429 744.55 880.83 40.83 44.94 0 0.421746 631.82 552.40 36.27 34.48 0 0.408215 518.69 540.53 34.33 36.26 0 0.402372 440.75 592.93 36.79 38.15 0 0.397697 725.04 58.37 28.27 22.64 0 0.397553 563.85 733.09 35.56 40.45 0 0.393571 546.83 589.26 32.34 42.81 0 0.391597 194.24 798.28 45.60 49.65 0 0.390987 1622.82 540.55 51.16 44.35 0 0.387127 627.20 546.55 33.44 37.21 0 0.382064 1681.39 732.18 60.28 51.84 0 0.381232 200.94 793.31 45.34 49.85 0 0.373787 454.95 582.14 39.51 39.65 0 0.371291 782.61 460.14 28.60 42.93 1 0.369193 540.85 751.58 44.68 42.36 0 0.363214 473.75 786.22 42.83 48.40 0 0.353010 182.85 964.31 39.58 53.45 0 0.351995 813.87 822.69 41.65 53.01 0 0.350949 717.09 353.80 17.17 16.71 3 0.336946 876.10 897.34 39.77 43.73 0 0.333892 319.33 656.42 37.47 40.64 0 0.331249 944.80 163.89 41.34 23.56 0 0.329509 494.64 561.71 37.52 36.27 0 0.324413 639.89 695.28 41.09 42.27 0 0.321710 1229.65 357.46 41.69 36.27 0 0.318812 771.88 0.00 30.18 15.89 0 0.315877 214.61 1017.22 42.96 56.64 0 0.313603 184.45 799.46 48.95 52.25 0 0.312106 433.69 661.07 38.34 47.32 0 0.304601 920.53 137.06 42.05 24.16 0 0.300913 280.20 905.08 46.83 53.31 0 0.295821 375.18 849.11 45.34 48.25 0 0.287207 261.05 762.69 44.11 46.59 0 0.286773 217.41 620.81 21.96 21.47 3 0.286629 289.05 667.13 32.09 42.36 0 0.285257 781.19 460.76 35.50 59.36 1 0.285000 1316.81 444.79 43.51 38.69 0 0.284794 1243.95 297.74 27.51 28.32 0 0.281365 307.97 723.97 44.90 47.11 0 0.275643 425.10 597.90 40.51 38.24 0 0.263033 204.77 950.40 44.65 56.68 0 0.260196 677.79 666.68 31.30 35.80 0 0.260167 176.00 1037.96 36.24 40.55 0 0.257665 196.82 961.43 41.54 54.52 0 0.256783 168.38 643.69 17.99 18.09 3 0.251302 820.32 810.55 36.59 49.24 0
315,0.751671 1193.86 554.94 69.54 33.55 1 0.497653 84.51 419.31 41.00 19.36 0 0.455263 1388.32 708.81 27.15 27.97 1 0.387660 958.60 464.32 20.21 18.09 0 0.368365 1316.03 570.33 31.26 14.09 0 0.332253 1289.93 636.78 33.19 14.14 0 0.325083 194.58 428.36 27.82 13.03 0 0.310546 1318.02 591.57 28.37 14.74 0 0.262928 73.05 420.37 40.11 21.42 0
316,0.574212 636.55 514.17 15.91 12.89 3 0.476421 626.41 551.11 17.82 14.62 3 0.462958 743.16 224.13 18.65 24.54 0 0.399620 298.17 526.25 44.12 22.32 0 0.369254 538.31 564.33 14.16 12.85 3 0.357028 578.89 546.43 20.09 15.84 3 0.346481 777.00 104.94 11.91 21.38 0 0.340290 807.03 143.73 22.07 17.55 0 0.321704 1153.97 429.72 20.88 16.90 2 0.297752 692.06 451.52 10.64 16.14 3 0.295672 1074.08 312.75 28.43 19.71 3 0.294275 270.04 574.74 44.93 25.88 0 0.280065 1155.34 445.26 18.96 15.03 2 0.275364 720.59 349.09 13.14 10.87 3 0.251132 514.43 189.44 34.66 24.55 0
317,0.609614 1245.77 735.40 64.84 29.16 0 0.547344 702.45 321.98 25.74 33.93 0 0.507070 830.35 79.21 45.26 21.64 0 0.463108 828.59 136.48 43.19 18.70 0 0.434058 1564.46 743.76 64.83 29.11 0 0.405282 835.26 110.99 41.56 20.25 0 0.400684 747.57 187.96 22.40 12.90 0 0.366297 1560.08 740.09 62.92 28.76 0 0.354390 805.88 816.61 53.37 30.28 0 0.337163 806.84 811.47 53.58 29.21 0 0.334666 616.33 1018.23 30.35 18.05 0 0.333174 676.78 90.93 45.00 17.19 0 0.320135 639.67 90.54 42.19 21.03 0 0.317015 814.92 393.17 25.78 31.20 0 0.297411 703.45 328.70 24.56 34.75 0 0.295877 796.57 111.67 16.16 13.95 0 0.285746 835.03 228.57 38.36 18.89 0
318,0.466395 822.51 944.53 31.15 34.46 0 0.427334 786.89 1013.00 31.60 36.95 0 0.425764 850.47 899.22 36.35 27.80 0 0.410046 863.42 870.40 37.10 27.19 0 0.368416 1164.29 585.48 43.56 21.99 0
319,0.581438 743.09 672.48 28.94 54.97 0 0.407836 756.45 473.85 27.26 49.80 0
320,0.400545 962.76 83.19 15.03 17.83 0
321,0.644854 37.12 390.01 213.63 74.30 0 0.635170 1177.89 363.66 165.76 65.06 0 0.592236 304.59 398.79 174.23 62.95 0 0.583934 541.73 386.37 178.70 68.17 0 0.568404 953.57 366.96 172.12 64.66 0 0.558725 1740.47 330.49 178.64 67.96 0 0.546303 1543.78 343.64 161.98 64.15 0 0.281512 47.82 400.25 186.76 72.54 0 0.272169 1585.98 346.24 132.40 55.03 0
322,0.703943 1290.76 144.70 30.43 78.37 1 0.682711 605.30 141.17 23.64 50.26 0 0.682138 740.97 330.62 28.28 53.57 0 0.666421 550.27 352.48 29.42 51.85 0 0.657238 933.60 314.99 27.97 58.87 0 0.657233 667.12 197.11 26.71 54.74 0 0.646034 1102.32 155.98 28.75 50.81 0 0.645767 792.60 191.01 26.98 53.10 0 0.643708 1031.56 98.91 25.65 48.56 0 0.640660 817.61 123.80 25.44 48.60 0 0.638952 648.12 343.67 28.05 57.45 0 0.631893 1790.03 125.84 38.65 57.33 0 0.631519 845.18 119.47 25.68 50.02 0 0.631028 1007.22 160.97 27.72 53.71 0 0.629247 941.00 111.77 24.80 50.37 0 0.626539 761.20 192.20 26.06 52.23 0 0.624444 1027.24 310.95 29.59 53.60 0 0.621720 1060.18 99.44 27.17 48.59 0 0.621093 1836.86 334.20 38.39 56.56 0 0.619826 713.23 334.16 29.59 55.55 0 0.619646 839.01 326.25 27.65 55.14 0 0.616087 622.29 420.99 26.31 55.58 0 0.608924 787.04 124.67 25.13 52.42 0 0.606428 640.34 201.36 26.08 56.74 0 0.603847 1058.41 530.31 30.29 55.61 0 0.600200 1823.28 261.41 36.83 62.19 0 0.596965 680.24 339.93 28.64 57.69 0 0.596778 965.49 314.74 27.19 56.29 0 0.595380 1060.84 310.12 27.71 52.59 0 0.592650 615.62 348.36 25.73 53.97 0 0.588417 870.97 323.02 28.54 55.86 0 0.586474 544.44 211.71 26.85 52.60 0 0.584938 1123.40 520.22 29.14 58.11 0 0.584560 887.04 182.00 27.54 52.84 0 0.582829 910.69 107.94 24.99 49.19 0 0.576950 700.68 194.55 25.55 53.15 0 0.573959 854.11 183.44 26.65 53.96 0 0.572873 551.64 417.49 26.77 58.42 0 0.572463 772.95 331.33 28.78 55.20 0 0.565436 951.58 180.81 25.42 52.96 0 0.563604 1093.90 310.69 26.43 50.13 0 0.561508 999.75 101.40 25.26 49.10 0 0.557455 1073.43 163.93 26.65 51.27 0 0.556286 997.65 312.73 26.13 51.22 0 0.554759 1761.23 0.00 39.72 47.51 0 0.549780 726.89 123.00 24.63 51.92 0 0.546232 1168.93 604.85 28.34 55.97 0 0.545104 806.09 328.87 26.80 51.49 0 0.544750 878.07 109.09 25.90 49.08 0 0.532781 577.18 210.01 26.97 53.81 0 0.532357 608.92 201.71 27.20 56.55 0 0.521634 919.59 180.89 26.41 54.63 0 0.520631 538.54 140.43 30.22 54.27 0 0.516597 583.03 412.07 28.55 56.83 0 0.501265 1156.22 513.32 32.18 61.04 0 0.492352 583.28 351.57 24.31 51.47 0 0.491189 1855.28 407.61 37.23 59.05 0 0.483130 1040.86 161.38 27.58 50.81 0 0.465997 757.03 123.20 25.42 49.11 0 0.445467 823.78 188.04 26.45 52.51 0 0.435929 733.11 193.65 25.42 49.77 0 0.392200 632.90 137.16 25.22 49.64 0 0.376336 586.68 415.87 28.51 56.06 0 0.367466 1847.75 403.29 39.99 59.42 0 0.343533 703.43 42.03 17.06 19.98 3 0.322786 969.99 113.54 25.79 46.69 0 0.318755 699.68 188.58 23.43 49.90 0 0.314546 677.83 41.74 11.18 19.00 3 0.303408 658.03 40.21 13.07 20.53 3 0.285749 790.96 185.45 24.00 54.62 0 0.283509 535.33 55.08 12.51 23.58 3 0.251686 590.41 350.41 27.60 52.31 0
323,0.779326 678.20 812.33 75.24 47.25 3 0.753509 837.51 429.88 52.99 97.44 1 0.677803 66.53 629.81 150.94 71.80 0 0.630533 1484.28 617.08 136.95 58.32 0 0.623801 1650.60 608.56 141.66 60.90 0 0.604511 563.99 487.12 51.03 31.33 3 0.592260 1774.92 896.97 145.08 109.60 1 0.551254 21.24 871.95 181.38 82.66 0 0.546307 62.61 315.52 62.48 38.15 0 0.532761 1824.13 608.29 95.87 64.04 0 0.504165 766.62 474.36 21.80 37.65 3 0.504131 581.67 435.11 47.78 28.08 3 0.495190 547.67 558.80 54.14 28.47 3 0.468549 545.86 563.88 50.15 26.13 3 0.448395 585.90 427.08 48.17 25.15 3 0.412918 0.00 477.89 54.38 47.29 0 0.399219 549.00 539.68 50.48 27.64 3 0.369753 1334.33 875.65 60.97 36.08 3 0.274846 1812.13 615.45 107.87 66.12 0 0.272353 769.09 467.91 19.81 33.75 3
324,0.707410 707.76 720.12 43.30 37.05 1 0.473545 537.44 1015.72 45.46 39.15 0 0.405166 581.58 965.70 59.48 48.42 0 0.393559 846.55 777.51 36.90 32.35 0 0.389980 576.26 975.31 51.29 46.98 0 0.386677 1248.38 319.86 36.40 19.82 0 0.381866 1217.91 948.81 37.64 22.46 0 0.345507 1640.80 655.61 25.68 36.98 1 0.331997 533.09 1020.85 45.52 37.27 0 0.299246 527.24 1025.59 51.38 38.71 0 0.285099 1000.63 496.65 32.23 24.65 0
325,0.743243 781.47 913.96 75.85 50.40 1 0.686634 1027.79 591.17 42.38 31.28 0 0.679709 973.36 511.66 36.27 34.21 0 0.675487 310.90 818.25 45.92 61.88 1 0.634144 250.11 845.68 43.34 56.57 1 0.605105 67.86 763.05 35.78 50.07 0 0.599204 894.00 397.50 29.82 29.01 0 0.598385 345.69 915.67 45.11 68.61 0 0.596934 283.74 953.97 42.63 54.13 0 0.595454 1270.49 821.23 57.32 33.98 0 0.594780 1454.07 105.64 34.10 28.16 0 0.591964 180.68 880.44 46.55 62.44 0 0.587566 183.19 571.70 41.83 43.19 0 0.586523 716.72 969.77 53.28 34.61 0 0.580039 927.58 516.02 32.56 31.17 0 0.574406 939.41 468.74 33.19 28.61 0 0.569604 755.49 414.58 34.89 30.58 0 0.566184 285.83 768.36 42.65 56.75 1 0.565549 864.63 364.43 32.98 29.44 0 0.560540 359.16 422.46 27.24 15.67 0 0.557675 808.52 492.24 34.17 34.36 0 0.555481 194.82 815.87 34.31 49.86 0 0.553506 161.62 823.17 34.40 53.49 0 0.551883 251.87 973.38 33.79 50.13 0 0.549235 1526.62 503.28 46.29 31.93 0 0.545950 1481.23 536.17 43.10 31.21 0 0.545850 998.08 546.08 34.47 33.73 0 0.543748 1275.65 1009.56 53.73 48.74 0 0.541438 404.74 447.58 54.06 26.42 0 0.539752 1408.09 10.22 37.46 30.28 0 0.526662 852.07 559.36 39.90 35.08 0 0.524905 1001.92 550.27 34.17 34.20 0 0.523451 1.28 785.29 40.15 61.89 0 0.521334 190.73 704.61 37.07 52.44 0 0.517149 166.19 537.22 44.61 26.97 0 0.508070 917.84 13.15 27.96 21.47 0 0.507082 1338.92 750.81 47.05 29.98 0 0.501151 1454.62 36.93 31.88 26.19 0 0.500040 983.38 62.40 23.08 26.51 0 0.495248 940.00 78.98 20.68 24.70 0 0.491857 289.19 765.60 44.22 52.28 1 0.488928 276.04 851.13 36.03 52.65 1 0.486616 999.95 55.43 25.50 26.07 0 0.479367 1196.67 896.90 41.75 58.13 0 0.474943 713.98 267.41 28.10 28.37 0 0.466336 0.00 985.80 24.36 52.12 0 0.466050 27.80 891.00 37.42 48.26 0 0.465519 882.19 603.57 35.24 25.55 0 0.464251 65.64 609.22 40.19 51.18 0 0.464013 42.04 939.87 43.14 61.31 0 0.462325 793.72 32.87 33.17 21.77 0 0.460343 48.84 947.38 40.95 59.26 0 0.458874 912.82 88.12 24.71 24.91 0 0.456337 504.67 404.31 49.24 25.22 0 0.455739 1490.68 85.26 30.78 30.10 0 0.454997 1113.32 455.97 35.99 31.99 0 0.453205 736.73 61.82 33.63 24.24 0 0.453078 858.15 6.80 36.16 22.12 0 0.451148 1213.93 897.54 39.43 57.60 0 0.449986 1391.34 6.36 37.39 29.81 0 0.446352 231.40 531.01 50.21 60.37 1 0.446010 1341.54 3.92 31.59 29.08 0 0.444941 830.62 18.35 32.18 20.56 0 0.443508 315.58 936.78 36.95 58.95 0 0.441607 900.35 647.92 37.19 30.02 0 0.437749 897.96 635.40 37.60 26.59 0 0.435888 1481.33 133.60 36.86 31.85 0 0.434653 1604.67 459.64 41.24 29.27 0 0.432840 779.84 924.47 72.42 46.47 1 0.432704 202.87 474.11 36.30 24.35 0 0.430878 2.51 792.22 46.19 62.35 0 0.428142 877.10 593.22 35.03 24.55 0 0.428019 1434.99 41.11 33.84 28.57 0 0.427698 960.38 63.66 23.22 26.82 0 0.425976 1651.67 423.56 50.51 30.15 0 0.425190 159.07 716.12 35.33 53.32 0 0.424599 602.35 7.72 29.88 28.07 0 0.423823 1425.20 79.26 32.60 24.96 0 0.419736 809.58 498.71 34.86 34.83 0 0.416939 1589.24 583.43 42.97 29.14 0 0.416593 220.76 987.66 36.20 59.13 0 0.415297 253.48 779.58 36.00 52.64 0 0.414876 1582.24 585.69 45.36 31.76 0 0.413368 1351.78 736.48 48.96 28.99 0 0.408322 5.66 637.54 42.45 50.26 0 0.407820 1644.02 428.32 48.11 34.53 0 0.403699 117.25 1038.14 31.60 40.58 0 0.403342 1567.57 480.59 39.67 32.45 0 0.402723 909.69 0.00 29.06 17.58 0 0.400444 1526.18 121.16 32.14 27.25 0 0.399941 860.28 356.92 32.71 26.28 0 0.398574 1396.17 583.04 38.35 34.52 0 0.394895 783.41 459.65 35.59 25.74 0 0.392337 1391.39 53.99 35.72 25.11 0 0.391350 1487.60 531.48 43.00 31.25 0 0.389199 1244.88 680.43 41.87 31.65 0 0.385231 0.00 904.91 30.95 50.13 0 0.379559 161.33 724.75 38.03 51.37 0 0.378859 718.83 155.05 27.15 25.00 0 0.377509 1106.99 444.32 34.22 30.18 0 0.374527 506.14 408.71 50.69 26.62 0 0.373662 1613.38 461.03 42.24 30.07 0 0.370237 846.38 544.96 30.93 35.68 0 0.363717 194.78 470.27 38.48 23.06 0 0.361437 1235.09 278.05 35.42 19.70 0 0.361337 1459.94 66.47 31.02 26.70 0 0.361046 1225.79 347.80 29.54 34.04 0 0.359465 101.42 753.94 40.74 49.87 0 0.358235 309.41 445.65 26.04 16.08 0 0.356977 707.36 984.34 47.01 34.99 0 0.355881 25.25 899.52 44.45 47.70 0 0.355273 156.93 897.91 42.09 63.00 0 0.354437 1489.49 33.49 30.73 22.97 0 0.354186 99.37 860.04 36.69 50.94 0 0.352849 1108.06 457.63 34.70 29.35 0 0.352452 921.38 439.20 35.44 26.97 0 0.346643 1573.69 473.09 40.45 30.73 0 0.343864 1440.66 566.62 34.28 25.63 0 0.342704 959.78 390.77 33.27 22.80 0 0.340941 53.93 709.48 32.79 45.52 0 0.340669 637.02 0.00 38.37 19.94 0 0.340461 852.39 295.18 30.03 24.71 0 0.337255 1113.30 448.43 35.16 31.18 0 0.335366 1171.76 780.48 27.33 20.22 3 0.331125 884.66 351.53 30.97 22.34 0 0.329659 766.57 61.75 24.98 18.95 0 0.328470 1096.72 648.29 33.98 39.50 1 0.327667 999.21 163.17 28.67 25.47 0 0.327228 795.90 0.00 32.82 19.25 0 0.324433 1272.30 809.22 59.34 32.80 0 0.324422 1320.10 0.00 29.88 18.51 0 0.320622 1506.36 350.06 31.56 19.03 0 0.320212 252.00 676.15 44.39 58.37 1 0.318060 1433.30 51.78 32.98 24.24 0 0.317880 582.69 377.13 55.86 26.16 0 0.316295 0.00 743.01 21.62 46.23 0 0.314460 1514.93 719.38 41.25 36.23 0 0.314376 162.05 890.37 47.58 68.39 0 0.313720 713.99 974.30 53.11 37.73 0 0.313354 226.31 798.88 33.15 44.65 0 0.312146 1409.50 587.80 37.22 28.79 0 0.311099 1506.11 714.63 39.43 41.82 0 0.307099 1446.20 106.22 33.06 27.64 0 0.306960 1344.80 739.89 48.82 32.92 0 0.301743 1243.65 882.86 37.13 49.39 0 0.301481 320.84 930.22 39.41 64.55 0 0.301471 1558.69 485.94 42.52 34.21 0 0.301146 287.70 777.39 49.35 77.57 1 0.300450 743.93 44.31 32.74 20.90 0 0.295224 70.66 766.97 36.92 53.06 0 0.295184 0.00 735.51 22.26 44.86 0 0.293141 562.77 388.62 43.68 23.62 0 0.292177 1095.12 698.16 31.17 36.06 1 0.290875 1029.76 597.67 40.10 31.81 0 0.289525 961.23 0.00 26.74 19.21 0 0.289242 961.90 71.12 21.77 28.50 0 0.289005 883.64 91.71 27.20 26.11 0 0.287369 195.30 716.43 42.34 44.94 0 0.285077 105.71 874.11 32.30 44.37 0 0.283394 20.43 892.22 42.86 55.25 0 0.281353 975.59 381.10 42.53 22.12 0 0.278241 1487.56 97.15 31.26 26.84 0 0.276807 1749.29 875.97 33.11 24.37 0 0.276545 1526.02 115.45 34.12 26.82 0 0.275794 334.05 920.54 48.13 63.56 0 0.270714 1335.45 0.00 32.60 25.95 0 0.270127 1461.61 74.35 31.28 25.21 0 0.268692 599.92 0.00 26.44 23.49 0 0.267252 832.01 319.83 31.16 23.21 0 0.267229 1111.93 82.11 38.33 21.22 0 0.266723 1457.69 9.70 33.05 25.00 0 0.264274 1274.31 1004.90 48.76 46.89 0 0.262999 801.20 35.74 30.66 21.21 0 0.262914 944.39 60.64 25.54 25.73 0 0.259635 961.60 1.32 25.44 24.40 0 0.258409 1080.58 704.14 27.42 35.56 1 0.258235 175.62 533.59 46.96 26.30 0 0.256763 1621.50 62.83 31.75 20.86 0 0.252007 847.98 551.39 38.77 39.08 0 0.251717 1038.95 48.74 27.93 27.46 0 0.251280 1052.55 371.09 30.21 25.62 0 0.250745 1466.73 725.73 45.58 50.58 0
326,0.718920 827.75 433.95 61.53 120.56 1 0.618891 599.70 771.75 28.07 49.65 0 0.608431 72.72 721.27 43.35 44.79 0 0.591987 267.83 741.70 28.08 42.07 0 0.591207 135.69 731.43 28.45 47.55 0 0.589731 469.22 767.09 32.66 52.43 0 0.583638 393.36 612.63 45.61 21.97 0 0.579376 185.35 738.89 30.51 42.95 0 0.575128 261.51 612.22 60.33 24.44 0 0.556250 161.92 736.17 25.91 44.16 0 0.545154 96.14 543.88 42.58 23.94 0 0.544332 870.41 391.81 23.81 34.83 0 0.536994 336.21 614.77 48.01 20.79 0 0.531727 1166.49 485.63 24.43 40.10 0 0.524534 207.95 860.84 32.96 45.80 0 0.522901 939.23 379.56 25.99 40.72 0 0.521006 893.95 395.26 22.95 32.23 0 0.495180 815.25 107.49 23.64 40.87 1 0.483749 90.97 845.28 39.05 27.23 0 0.470754 940.65 372.15 27.02 41.37 0 0.470611 295.16 740.83 28.62 44.09 0 0.457856 1095.77 480.27 22.82 41.94 0 0.455359 1233.76 642.49 54.57 29.06 0 0.454258 456.43 617.80 40.49 17.61 0 0.454225 169.81 847.95 43.91 45.99 0 0.412943 812.59 113.15 25.25 44.14 1 0.400325 1219.92 487.91 23.43 29.32 0 0.398092 80.44 715.81 42.27 40.01 0 0.385189 1695.22 135.73 26.43 15.43 0 0.382202 784.48 447.58 43.74 22.64 0 0.379984 1209.99 486.17 26.30 35.23 0 0.338372 910.31 349.28 25.60 30.60 0 0.317897 495.77 770.82 30.34 51.42 0 0.301052 1065.51 477.39 26.01 43.45 0 0.297584 522.89 541.28 40.33 20.81 0 0.284662 106.45 845.98 37.41 29.12 0 0.282884 516.55 635.50 45.18 27.25 0 0.263846 619.18 621.27 49.95 22.76 0 0.258872 288.27 734.12 31.47 49.03 0 0.255079 463.87 770.62 34.32 52.68 0 0.254538 895.29 361.98 23.39 32.72 0 0.252948 869.75 369.75 24.55 34.51 0 0.251558 215.45 628.23 33.01 25.59 0 0.250576 870.25 351.67 23.96 28.33 0
327,0.743026 992.89 385.85 52.70 33.94 3 0.697278 1195.14 385.08 53.86 30.02 3 0.694124 733.08 697.19 79.68 165.40 0 0.675014 831.38 713.65 82.54 171.63 0 0.647315 1314.18 662.48 34.28 61.48 3 0.645004 1578.46 673.22 36.99 69.22 3 0.641542 926.31 734.25 84.50 160.70 0 0.635175 1214.67 656.29 34.40 66.86 3 0.629912 1328.98 741.75 89.63 179.08 0 0.625000 1102.67 652.31 28.37 62.31 3 0.622884 1144.21 651.20 33.52 63.02 3 0.622856 0.90 537.44 31.31 62.46 3 0.617746 1534.55 367.93 33.48 58.18 3 0.616973 1114.42 484.39 50.72 38.02 3 0.616383 1122.97 359.52 51.95 36.18 3 0.611066 1429.28 749.28 95.02 174.51 0 0.609659 130.08 275.96 134.51 58.61 0 0.595218 447.49 307.28 146.83 57.15 0 0.587587 298.07 294.94 137.35 57.10 0 0.578365 1724.33 747.38 104.74 199.17 0 0.576984 1839.11 682.42 36.28 67.11 3 0.570488 1078.93 357.90 36.61 39.47 3 0.557607 1334.79 413.20 48.17 32.24 3 0.553498 393.10 897.89 36.46 42.91 2 0.551871 0.00 261.73 103.56 53.00 0 0.550397 1385.45 664.99 36.54 65.15 3 0.546945 1274.06 656.00 34.83 67.10 3 0.536397 1441.77 364.21 33.41 54.12 3 0.535458 1383.72 365.25 32.70 48.62 3 0.534217 1612.19 761.68 99.42 145.74 0 0.523935 1795.82 677.39 41.44 70.82 3 0.522961 1565.56 367.43 33.68 60.34 3 0.520473 1173.89 655.17 33.31 64.56 3 0.499173 1687.82 380.30 34.89 49.53 3 0.487320 1649.24 674.59 43.28 74.44 3 0.468592 1615.35 674.91 36.38 72.74 3 0.464120 434.63 856.86 33.39 41.87 3 0.455133 1478.16 364.29 34.16 52.82 3 0.451643 1761.26 679.92 42.78 71.55 3 0.447371 1122.80 477.12 38.93 34.39 2 0.444500 750.99 555.72 53.88 37.73 3 0.442317 1352.71 670.31 33.25 61.15 3 0.441826 1629.60 370.86 40.42 58.88 3 0.432718 1362.27 368.38 34.80 45.11 3 0.410368 1345.88 409.51 44.78 34.19 3 0.409062 1357.43 373.00 34.65 43.07 3 0.408666 1238.70 658.08 36.17 65.41 3 0.405992 1670.63 341.07 45.03 35.01 3 0.396179 761.56 546.68 43.59 34.68 3 0.390618 1328.18 372.19 39.96 41.70 3 0.384887 2.63 622.16 53.92 46.34 3 0.379353 1650.35 377.56 37.33 52.47 3 0.373346 1125.37 353.64 44.98 38.89 3 0.366100 1714.91 675.08 47.30 75.75 3 0.363776 1662.99 340.42 43.25 34.82 3 0.356899 1296.42 367.28 33.24 41.06 3 0.343246 687.49 630.14 28.82 53.08 2 0.343061 1692.46 675.36 41.60 76.17 3 0.342853 1608.31 672.77 39.52 69.33 3 0.340847 1709.10 745.99 104.60 180.50 0 0.337544 433.73 848.05 35.71 44.28 3 0.335606 1245.74 658.78 35.29 61.96 3 0.323887 389.32 904.06 38.84 44.06 2 0.320022 1464.40 363.60 32.97 51.57 3 0.316368 997.71 379.95 46.19 35.56 3 0.313881 836.59 707.98 70.69 148.17 0 0.295970 1343.68 667.65 38.12 63.57 3 0.289400 1492.24 363.51 36.24 55.72 3 0.279002 1082.28 346.55 32.10 47.33 3 0.275949 1192.11 378.55 50.95 31.51 3 0.256237 1356.97 665.90 33.46 56.88 3
328,0.271538 1514.85 569.46 18.32 13.53 0 0.261720 1445.66 519.68 18.58 12.13 0
329,0.459021 904.34 888.08 31.25 58.52 0
330,0.536656 776.42 561.46 17.24 21.59 2 0.418548 324.06 476.11 15.77 18.91 2 0.416376 403.26 503.62 16.80 19.49 2 0.402322 366.60 555.24 19.88 21.27 2 0.394702 402.92 499.35 17.64 20.09 2 0.336788 349.92 526.99 22.03 22.67 2 0.325210 500.43 423.19 18.04 17.36 2 0.324819 339.35 496.73 18.48 20.07 2 0.323583 648.28 694.04 19.27 24.30 2 0.316614 500.67 418.01 17.90 18.11 2 0.309063 420.90 595.85 20.59 22.86 2 0.308732 782.79 562.10 17.82 20.65 2 0.279200 366.84 549.56 23.71 22.58 2 0.252780 501.99 591.53 14.82 20.15 2
331,0.673551 624.17 656.72 117.03 59.85 0 0.671784 717.98 727.67 64.18 98.45 0 0.671625 755.62 907.67 79.49 118.92 0 0.670524 1065.32 677.53 71.01 94.30 0 0.666586 1249.00 651.46 84.53 98.19 0 0.666425 646.46 724.56 58.14 94.56 0 0.658725 998.41 680.77 68.80 105.35 0 0.650684 1270.13 460.92 94.32 38.65 1 0.649239 1450.99 645.99 91.90 76.93 0 0.639787 1181.15 672.86 85.35 79.42 0 0.634900 2.84 549.82 106.54 46.04 0 0.632676 1194.15 627.56 25.97 41.58 3 0.632252 1367.57 645.36 98.97 91.98 0 0.628358 1027.46 485.79 26.71 36.78 3 0.627251 1110.55 483.07 21.21 35.49 3 0.625771 279.64 534.70 116.96 48.14 0 0.622799 863.76 664.26 23.79 40.12 3 0.619518 1036.24 650.14 23.99 36.20 3 0.607682 1098.87 883.19 85.03 122.71 0 0.601633 1236.23 862.18 107.84 119.02 0 0.593418 566.55 725.00 60.67 101.83 0 0.593119 1464.57 838.73 115.11 113.56 0 0.593112 1127.69 475.27 21.46 34.17 3 0.589616 1137.16 1008.96 88.08 71.04 0 0.588733 1078.19 484.15 21.29 34.34 3 0.581473 998.02 871.67 90.29 139.12 0 0.576829 593.69 985.13 32.75 50.42 3 0.569625 1702.41 835.20 116.05 108.91 0 0.567478 1325.25 851.26 104.57 116.29 0 0.566858 985.26 651.07 21.66 38.42 3 0.560974 916.33 660.41 24.28 40.63 3 0.560181 1213.70 626.73 27.27 41.94 3 0.559542 892.60 665.55 20.64 38.83 3 0.556565 959.66 655.11 22.41 39.13 3 0.540889 910.68 506.68 23.66 31.08 3 0.537408 145.96 540.09 114.29 45.56 0 0.529977 938.77 657.75 23.96 39.34 3 0.525745 1318.72 594.84 29.15 30.25 3 0.519773 257.70 1008.29 50.54 45.63 3 0.516573 1124.35 476.88 23.07 36.29 3 0.516100 1848.47 504.52 71.53 46.18 0 0.514273 962.92 491.34 25.20 35.76 3 0.513847 341.49 849.15 27.11 47.32 3 0.500936 818.47 511.17 29.58 27.08 3 0.496910 1002.10 485.41 25.04 37.12 3 0.494832 1803.26 582.56 23.15 30.39 3 0.493593 1627.07 838.18 121.13 115.39 0 0.492824 573.51 638.02 31.72 31.95 3 0.492206 835.00 669.29 22.90 40.21 3 0.490103 531.22 1025.46 24.85 50.35 2 0.484034 592.35 979.01 30.43 51.59 2 0.481976 1240.62 624.96 26.97 41.63 3 0.475707 1796.68 444.67 22.46 27.06 3 0.471113 1159.63 634.41 25.11 38.51 3 0.464987 1320.47 605.92 32.37 38.64 3 0.463180 1298.26 614.98 29.17 37.32 3 0.456508 940.20 493.44 23.80 34.61 3 0.449050 533.02 1031.31 25.06 48.69 2 0.437472 859.78 508.81 28.65 27.49 3 0.431008 1008.01 650.71 23.65 36.67 3 0.423084 1268.89 620.28 27.37 35.08 3 0.422667 987.79 489.20 24.82 36.62 3 0.421375 1825.67 440.25 21.98 26.59 3 0.419305 1317.61 617.99 32.37 35.49 3 0.416422 1166.17 634.24 24.08 37.84 3 0.411963 1286.75 621.71 33.61 35.42 3 0.396334 272.97 927.32 27.04 43.48 2 0.387916 1753.25 475.24 32.05 24.94 3 0.373888 1725.28 448.36 25.61 26.65 3 0.364521 827.08 510.31 29.24 27.23 3 0.358848 1187.88 462.78 39.22 28.77 3 0.358691 1171.16 480.86 27.21 29.37 3 0.353177 1772.08 449.76 22.65 24.51 3 0.351467 1063.47 485.72 23.10 31.85 3 0.351044 575.42 640.04 35.78 37.03 3 0.337747 209.39 1047.08 41.18 32.92 3 0.329499 1644.35 457.82 28.76 24.81 3 0.329063 934.59 657.51 23.45 43.88 3 0.327167 275.41 932.24 27.41 41.24 2 0.322766 178.54 1030.02 32.57 46.89 3 0.319275 1760.89 473.51 31.07 23.99 3 0.318290 1248.56 620.93 24.66 36.96 3 0.313789 1650.24 452.36 24.92 23.80 3 0.303725 909.53 495.14 24.27 33.99 3 0.300591 79.19 688.53 27.15 30.89 2 0.299051 871.19 467.64 14.47 23.94 2 0.295209 837.95 666.99 23.82 39.52 3 0.285904 938.34 498.35 25.19 34.70 3 0.282252 533.22 1033.41 27.45 46.59 3 0.282239 228.26 1040.24 46.83 39.76 3 0.280087 1187.22 665.66 109.61 83.26 0 0.277075 1110.00 475.48 21.78 36.40 3 0.275329 1000.37 683.62 59.29 85.04 0 0.270840 1706.62 447.06 24.52 27.53 3 0.269544 1477.59 945.57 119.76 134.43 0 0.262481 681.08 934.37 31.36 54.44 3 0.258946 748.45 907.53 72.22 109.73 0 0.254876 1231.46 663.63 97.05 84.13 0 0.254593 17.40 707.65 20.55 31.20 2
332,0.625777 697.14 626.49 22.79 35.72 0 0.584889 877.69 403.83 45.23 79.00 1 0.578937 1149.32 446.39 18.12 26.10 0 0.569371 526.94 18.86 34.41 17.73 0 0.557318 283.80 475.28 40.37 18.79 0 0.541991 450.83 608.19 22.81 29.69 0 0.524965 592.63 622.26 24.08 36.49 0 0.524815 367.42 596.70 25.94 37.08 0 0.515929 909.44 367.09 21.28 29.76 0 0.511052 428.06 605.47 21.97 28.86 0 0.490948 531.88 520.24 33.47 18.30 0 0.479682 279.19 589.80 30.83 32.22 0 0.472979 1184.39 445.54 19.04 21.21 0 0.460208 910.43 352.25 20.18 25.69 0 0.458320 580.10 519.01 30.32 17.38 0 0.451821 320.38 598.17 24.75 32.77 0 0.448749 966.46 370.37 20.57 29.78 0 0.441452 383.78 678.13 23.29 26.37 0 0.437981 715.97 525.22 38.88 17.71 0 0.437111 342.12 599.50 20.37 33.12 0 0.429553 893.73 154.40 22.23 29.23 1 0.426397 487.15 519.52 39.42 18.30 0 0.416905 1205.05 444.43 19.82 21.68 0 0.404864 1076.02 439.81 20.36 25.83 0 0.385419 626.56 520.45 27.47 18.56 0 0.334285 506.21 61.42 31.71 23.83 0 0.320022 931.66 350.99 22.62 25.00 0 0.310698 932.97 367.62 18.65 29.66 0 0.309368 742.68 627.24 19.12 28.82 0 0.280192 1095.54 440.64 21.88 27.01 0 0.279153 956.63 353.17 22.10 24.49 0 0.250999 239.12 514.36 20.85 18.02 0
333,0.671013 436.50 697.83 72.47 37.84 1 0.655869 740.17 239.94 34.86 44.76 0 0.630959 684.22 387.99 37.07 57.42 0 0.627745 782.54 360.77 33.37 46.96 0 0.623954 762.50 301.54 33.92 45.96 0 0.621031 1767.96 180.81 36.77 50.23 0 0.618454 89.23 38.38 66.22 31.95 0 0.616889 657.62 0.00 34.11 44.05 0 0.614218 1262.30 611.49 37.56 59.35 1 0.596733 551.63 171.12 40.44 55.33 0 0.592478 929.48 188.58 32.49 46.18 0 0.574916 123.24 765.43 41.55 54.94 0 0.573000 759.93 296.16 35.20 42.24 0 0.570955 1071.57 607.75 63.21 37.95 0 0.566242 1196.87 436.22 63.21 37.29 0 0.559561 1397.55 362.41 58.74 37.19 0 0.556132 1333.28 387.31 54.15 35.84 0 0.553172 586.02 265.28 35.63 48.91 0 0.552676 969.56 684.45 47.99 47.67 0 0.552599 1273.03 756.95 50.05 30.12 0 0.547568 1518.21 312.79 64.96 39.35 0 0.545824 1411.85 481.32 58.16 37.00 0 0.545385 1269.19 410.31 54.98 31.46 0 0.531489 684.94 60.22 30.79 50.84 0 0.527637 354.40 734.72 64.51 33.93 0 0.525952 720.72 179.53 32.02 48.83 0 0.518127 1459.06 334.17 57.26 34.82 0 0.514735 679.51 53.58 32.06 48.16 0 0.510413 34.85 800.99 43.53 58.31 0 0.503357 9.05 606.91 43.85 61.60 0 0.500870 0.00 496.04 26.66 61.51 0 0.497555 1595.12 283.38 71.25 41.36 0 0.491627 695.31 120.95 37.79 48.79 1 0.480624 625.19 388.35 37.03 37.37 0 0.479458 0.00 813.54 33.44 57.83 0 0.476151 55.58 789.54 44.28 60.94 0 0.472865 214.25 0.00 61.04 29.42 0 0.461770 1599.04 279.98 67.12 35.20 0 0.443584 602.88 314.16 36.52 46.02 0 0.439778 1323.62 392.38 45.85 36.68 0 0.434207 1263.25 417.31 57.31 31.59 0 0.420443 1005.04 513.58 42.27 33.82 0 0.419992 816.92 968.29 25.58 37.20 0 0.417116 1206.31 622.99 43.21 60.18 1 0.416180 1063.69 146.61 40.72 25.55 0 0.400683 959.09 680.50 54.93 43.19 0 0.399229 26.23 801.24 34.86 61.31 0 0.394390 1419.33 474.76 55.38 34.87 0 0.392691 990.38 517.25 39.84 34.40 0 0.387621 744.57 247.21 36.70 46.23 0 0.386678 350.57 742.17 61.19 34.57 0 0.386039 0.00 488.16 21.13 63.82 0 0.364386 513.76 54.34 35.60 51.85 0 0.360409 591.08 284.75 39.22 53.81 0 0.357489 510.48 46.81 32.53 49.05 0 0.355509 1462.76 329.55 54.12 33.74 0 0.349429 0.97 610.78 38.90 61.02 0 0.348071 1171.44 637.44 38.75 51.80 0 0.346856 1062.57 138.89 40.91 26.41 0 0.343860 1713.31 386.72 68.58 36.50 0 0.334569 988.86 520.22 36.28 37.48 0 0.331286 64.27 782.88 49.08 62.40 0 0.329542 610.36 333.92 37.30 47.20 0 0.325906 479.85 862.84 60.51 33.94 0 0.325814 44.70 876.19 24.29 27.68 3 0.320603 626.45 399.70 36.09 45.00 0 0.312035 1522.32 306.68 64.89 37.27 0 0.311921 43.75 795.15 46.29 63.34 0 0.307503 1585.29 287.38 69.65 38.73 0 0.306431 26.06 880.18 25.07 26.44 3 0.303044 1704.46 391.61 76.69 35.35 0 0.293448 1703.88 307.43 22.58 21.29 3 0.285803 1005.50 786.11 21.53 12.41 3 0.279094 838.25 468.85 26.05 21.37 3 0.276367 529.47 117.42 37.32 44.88 0 0.271615 482.63 857.39 65.02 34.31 0 0.269784 1253.31 617.08 41.61 60.69 1 0.269727 74.31 909.88 21.38 24.54 3 0.266203 23.43 890.12 20.55 26.77 3 0.261921 700.23 492.82 21.08 23.98 3 0.259063 1815.20 689.60 36.08 19.61 0 0.253389 630.17 406.92 35.19 40.87 0 0.253181 1089.55 667.35 47.88 27.50 0
334,0.569739 1238.36 562.58 63.93 30.96 1 0.373945 1362.95 573.91 26.52 13.63 0 0.325604 1896.57 634.49 18.56 30.14 0 0.316714 1339.75 640.06 27.99 12.51 0 0.290615 1362.34 596.08 29.48 14.98 0
335,0.689430 570.73 376.02 16.59 22.40 2 0.618535 585.46 47.52 14.42 15.96 2 0.616689 655.49 415.29 15.54 17.27 2 0.594566 689.97 103.40 16.21 18.37 2 0.594523 733.37 475.16 17.52 27.17 2 0.519311 515.63 614.41 15.55 19.60 2 0.513436 1255.58 69.64 31.77 40.63 0 0.493271 707.52 448.66 16.93 21.22 2 0.449740 489.13 306.42 12.12 16.18 2 0.442158 533.86 211.12 17.94 22.48 2 0.438705 759.85 458.34 15.93 20.64 2 0.430894 653.36 160.09 16.55 13.17 2 0.422713 736.13 465.16 17.27 22.56 2 0.417403 332.67 206.00 15.93 20.34 2 0.416017 149.47 557.60 17.40 19.00 2 0.413430 1235.40 107.89 40.58 25.72 0 0.407951 519.10 191.75 15.85 19.18 2 0.392816 593.46 196.08 15.31 19.04 2 0.381075 1234.59 92.55 46.31 40.32 0 0.375352 535.09 364.05 18.01 17.85 2 0.366221 526.04 210.37 16.95 20.30 2 0.342446 589.87 104.38 11.98 16.28 2 0.340843 384.97 516.96 22.91 22.21 2 0.340357 655.71 419.89 14.50 19.24 2 0.333651 702.81 412.14 15.50 17.74 2 0.327881 707.26 141.03 17.91 15.21 2 0.327168 457.56 445.64 16.38 17.71 2 0.326673 205.04 542.68 12.22 17.04 2 0.325884 486.64 182.23 14.83 16.70 2 0.323917 507.64 329.33 12.27 17.73 2 0.318758 732.58 483.41 17.67 23.70 2 0.312907 520.04 96.70 12.05 19.15 2 0.308764 754.91 443.23 16.71 18.63 2 0.289862 487.88 186.66 14.25 18.37 2 0.287376 592.13 202.64 13.75 18.61 2 0.285884 551.21 407.77 23.84 20.55 2 0.283263 706.73 424.28 14.74 18.26 2 0.274074 811.01 533.91 16.10 18.52 2 0.272433 539.50 341.09 14.12 15.65 2 0.268932 586.83 24.05 14.47 14.05 2 0.268788 248.95 627.87 15.75 18.29 2 0.266274 402.60 129.41 15.15 19.03 2 0.261269 201.43 98.59 11.72 14.77 2 0.257450 536.33 220.29 16.57 18.27 2 0.255829 489.02 300.25 12.04 16.43 2
336,0.530817 1108.19 643.32 17.78 20.50 0 0.510318 701.21 755.08 19.45 27.46 0 0.465128 501.84 729.66 20.13 20.60 0 0.464354 365.13 710.32 24.49 23.87 0 0.447477 547.77 665.90 29.86 15.67 0 0.435717 1039.42 636.05 19.31 20.80 0 0.421971 1060.15 637.15 16.18 20.70 0 0.414622 620.91 753.19 21.85 20.92 0 0.413384 961.28 586.12 18.53 20.41 0 0.405069 652.69 762.03 21.81 19.23 0 0.392324 484.43 730.61 21.86 18.65 0 0.382220 405.22 716.56 20.83 24.66 0 0.368492 1157.07 642.29 19.08 17.12 0 0.352910 928.87 564.44 22.94 18.11 0 0.340703 436.41 717.25 24.37 26.64 0 0.314423 916.60 568.85 19.90 21.59 0 0.274183 623.07 667.92 23.92 20.29 0 0.269046 244.17 758.07 27.19 19.57 1 0.258395 666.10 664.10 26.94 16.57 0
337,0.513439 937.44 448.98 31.05 13.27 0 0.404777 1008.11 429.90 31.19 18.44 0 0.348537 1055.32 401.95 26.41 15.96 0 0.340206 1801.04 211.47 23.11 17.06 0 0.296812 1667.76 203.30 30.92 16.21 0
338,0.857594 572.74 651.64 39.52 67.78 1 0.693010 640.51 994.82 38.19 78.47 0 0.679689 1722.79 356.57 38.98 47.38 0 0.676018 716.33 380.29 36.13 59.87 1 0.670540 733.22 633.90 32.54 57.80 0 0.666095 1765.70 355.48 31.72 43.45 0 0.664018 1675.44 190.62 34.78 47.36 0 0.660559 1061.55 53.47 27.15 35.21 0 0.645482 311.63 484.70 60.54 28.14 0 0.636852 735.17 708.49 34.54 72.92 1 0.630109 1771.81 529.96 44.89 53.63 0 0.625386 1127.73 44.83 27.79 40.31 0 0.618113 742.16 836.63 32.39 58.95 0 0.607710 1743.36 412.15 37.92 53.53 0 0.607428 1205.39 38.31 30.55 38.44 0 0.605913 1063.94 163.94 27.44 44.91 0 0.604372 1128.37 159.65 31.98 48.66 0 0.601587 1691.85 475.08 36.64 54.12 0 0.598140 962.59 367.55 59.93 28.61 0 0.595664 1737.72 291.06 33.67 50.36 0 0.594357 181.50 496.11 64.65 28.95 0 0.592594 884.90 32.20 41.36 23.28 0 0.576540 713.45 260.52 25.21 42.60 0 0.576510 1190.77 165.78 27.67 44.62 0 0.573207 1618.57 498.88 32.60 54.60 0 0.570288 745.23 907.69 30.25 51.12 0 0.569813 1752.15 465.38 42.77 53.73 0 0.568077 1226.47 165.48 28.10 46.30 0 0.567460 1032.17 166.11 25.25 45.48 0 0.566604 1618.78 196.75 36.01 44.81 0 0.557332 1635.66 248.79 38.52 54.63 0 0.555262 1649.48 312.64 33.27 37.22 0 0.553183 574.29 726.13 34.97 60.48 0 0.536952 919.58 170.69 27.15 44.62 0 0.527520 952.91 169.91 23.11 44.49 0 0.526796 1698.65 245.92 34.58 47.51 0 0.525488 721.65 496.70 34.46 59.36 1 0.519393 1001.21 167.41 23.81 44.11 0 0.517650 1679.23 415.40 35.37 52.63 0 0.515717 964.09 494.67 31.28 52.26 0 0.510047 1727.63 597.69 33.51 45.52 0 0.509414 1598.69 95.39 29.64 50.66 0 0.508883 1056.31 19.09 46.22 24.02 0 0.503728 574.34 600.82 26.59 47.76 0 0.502412 973.89 169.84 25.09 44.15 0 0.501204 1666.89 384.14 33.93 44.57 0 0.497483 1607.33 151.71 32.98 42.04 0 0.495993 1262.14 159.05 33.58 38.88 0 0.495547 1707.78 294.82 36.86 52.10 0 0.491191 995.53 232.58 46.14 30.29 0 0.490181 738.11 382.93 40.11 60.18 1 0.489202 1706.51 532.41 37.12 59.87 0 0.487867 1095.90 163.56 26.60 45.57 0 0.485282 990.56 21.34 47.62 24.76 0 0.470200 582.03 888.15 35.77 70.44 0 0.462671 1092.81 816.47 52.78 36.29 0 0.457274 750.96 979.31 33.06 66.73 0 0.456478 1164.34 9.45 39.20 25.06 0 0.456289 934.33 24.79 50.34 26.46 0 0.453752 1715.51 294.42 35.20 47.67 0 0.450854 891.54 66.60 27.69 27.08 0 0.446536 715.00 418.91 35.07 69.12 1 0.442391 578.55 828.56 32.88 53.41 0 0.441803 1155.03 42.68 30.80 41.69 0 0.435734 1012.96 232.93 38.94 29.62 0 0.428346 381.83 482.31 59.55 25.98 0 0.414830 1125.31 16.34 38.86 23.97 0 0.413757 581.97 970.83 35.53 73.12 0 0.413085 429.68 490.27 51.41 26.17 0 0.407798 735.06 719.75 35.38 82.46 1 0.386152 728.17 562.27 36.74 57.91 1 0.383429 1811.19 538.46 38.83 54.82 0 0.377224 1161.84 39.01 39.88 39.40 0 0.375153 716.23 435.83 33.90 69.65 1 0.374792 1143.64 13.63 46.47 26.43 0 0.362650 1664.51 360.67 32.04 47.65 0 0.354567 794.48 56.59 51.35 31.83 0 0.341183 1034.88 162.90 27.91 42.82 0 0.338473 969.42 362.98 55.20 30.84 0 0.332106 1355.36 713.75 58.24 32.38 0 0.328920 1691.44 109.32 36.83 54.21 0 0.327617 574.17 750.90 36.64 56.40 0 0.327011 1693.01 105.33 38.34 56.19 1 0.319228 1654.88 94.27 32.01 42.51 0 0.312839 751.64 395.62 34.77 59.21 1 0.311658 625.21 559.45 13.40 21.87 3 0.310148 1322.29 342.14 47.04 32.07 0 0.303128 740.27 770.93 29.16 55.66 0 0.302714 1815.02 544.70 40.19 53.25 0 0.301785 937.03 22.19 46.26 24.53 0 0.300538 1253.57 32.48 31.80 43.21 0 0.297583 989.17 241.34 48.79 29.57 0 0.291274 818.44 30.75 39.15 23.11 0 0.291121 941.98 820.27 38.72 73.82 0 0.287507 726.76 565.52 32.41 56.06 0 0.284662 1679.02 192.62 35.49 50.77 0 0.279576 1656.93 341.61 31.32 29.66 0 0.279332 1730.26 355.13 39.10 47.74 0 0.259763 714.15 252.24 28.56 46.89 0 0.253674 1068.08 50.56 31.35 40.42 0 0.253152 1615.15 198.23 33.73 47.19 0 0.251216 1668.96 94.03 42.39 52.89 1 0.250405 1667.36 59.93 32.74 32.45 0
339,0.685692 1437.02 839.16 28.52 55.06 0 0.685571 1000.56 902.99 71.01 37.60 1 0.676809 1077.93 641.73 34.32 93.97 1 0.649010 1015.79 1020.65 60.69 28.68 0 0.615357 1626.01 561.45 48.71 27.28 0 0.580867 1840.20 157.98 23.29 33.47 0 0.533528 1017.18 951.50 54.94 28.86 0 0.533488 1582.34 252.37 44.28 18.79 0 0.523973 1790.96 152.05 23.99 33.86 0 0.522745 1581.06 232.71 43.27 17.96 0 0.509040 1807.72 40.32 24.95 26.11 0 0.496088 1686.21 31.33 18.65 24.56 0 0.485322 1783.56 40.63 19.66 27.90 0 0.462271 1611.99 442.52 48.78 20.23 0 0.460557 1868.11 114.48 25.76 25.71 0 0.459317 1418.19 279.10 18.12 33.05 0 0.456171 1875.09 11.86 24.27 24.19 0 0.453983 1620.78 130.81 26.80 35.54 0 0.448980 1639.49 29.95 22.49 22.98 0 0.443836 1647.13 891.58 37.65 33.02 0 0.436413 1579.98 283.50 43.41 17.90 0 0.435638 1759.47 38.12 18.37 27.49 0 0.423345 1653.62 31.10 20.84 21.93 0 0.419972 1603.61 594.28 43.79 27.11 0 0.409767 1710.82 31.32 17.26 28.25 0 0.390992 1413.77 182.47 35.68 24.13 0 0.371572 1608.67 605.60 38.97 25.96 0 0.348074 1871.24 87.32 23.33 15.56 0 0.347570 1712.30 143.38 24.82 33.88 0 0.335632 1869.92 159.80 21.00 31.46 0 0.333062 1688.15 139.29 24.01 31.87 0 0.330328 1614.47 465.51 47.49 19.35 0 0.329699 1660.39 913.87 43.18 30.87 0 0.328215 1768.07 150.56 23.20 31.55 0 0.327257 1581.18 303.64 42.89 18.13 0 0.305956 1710.61 140.09 24.52 32.80 0 0.300678 1684.21 0.00 23.30 18.28 0 0.299779 1009.05 909.68 63.40 34.26 1 0.296995 1718.23 143.03 24.08 31.99 0 0.290566 1888.76 55.71 26.49 22.29 0 0.279873 1757.95 150.03 25.39 31.97 0 0.250894 1748.04 5.88 19.89 22.97 0
340,0.679448 951.58 865.32 73.90 43.33 0 0.653019 636.69 535.09 63.65 40.08 0 0.628544 531.94 532.04 70.12 40.80 0 0.626996 661.20 600.34 70.76 41.59 0 0.623579 802.11 431.65 65.30 36.75 0 0.620853 974.72 908.46 72.17 45.42 0 0.618366 846.50 574.75 66.52 37.50 0 0.603149 917.63 794.58 71.90 40.98 0 0.599201 1061.26 362.93 67.93 36.23 0 0.597780 637.81 817.48 72.13 44.85 0 0.592022 832.16 536.34 73.47 41.70 0 0.586279 1017.20 269.21 64.41 37.50 0 0.578385 572.96 599.92 66.26 38.35 0 0.577701 989.32 941.17 72.27 40.20 0 0.577494 1112.20 990.79 65.60 37.62 0 0.572232 576.47 674.94 73.91 39.19 0 0.568953 587.97 719.33 67.09 39.48 0 0.567435 1109.41 240.05 62.51 35.50 0 0.564558 902.00 721.46 68.39 42.52 0 0.563320 885.51 675.93 69.90 44.91 0 0.561372 745.77 864.85 70.18 40.42 0 0.558347 689.05 670.33 68.40 43.59 0 0.555864 644.21 905.63 74.67 45.40 0 0.551690 755.89 908.00 73.70 45.07 0 0.548919 767.62 940.66 75.58 42.48 0 0.546441 1092.90 948.80 69.18 39.08 0 0.546052 656.05 899.29 71.43 41.74 0 0.544232 1001.87 982.79 68.94 44.00 0 0.535932 1017.69 1030.23 65.74 41.16 0 0.533199 813.76 465.34 62.92 37.23 0 0.529801 642.26 864.61 65.23 38.61 0 0.529406 794.31 399.08 66.40 33.51 0 0.527482 1035.48 304.23 69.84 34.96 0 0.525535 583.55 636.92 64.42 40.24 0 0.524685 794.40 981.26 66.98 43.96 0 0.523835 614.18 459.43 69.08 39.56 0 0.512318 524.73 494.11 72.75 36.49 0 0.512310 804.41 1015.55 71.10 43.48 0 0.511609 714.44 746.54 72.72 43.04 0 0.510882 878.40 640.03 68.69 40.62 0 0.506824 734.26 820.11 78.15 45.72 0 0.505943 825.02 505.98 64.17 38.43 0 0.498672 624.41 498.72 57.46 37.15 0 0.496536 594.93 431.96 66.85 36.99 0 0.493995 723.11 789.42 74.17 44.06 0 0.489563 911.43 755.56 67.88 41.77 0 0.485726 989.53 946.55 71.05 44.47 0 0.484995 1035.79 308.83 65.16 37.10 0 0.483807 675.84 633.57 72.38 45.76 0 0.482768 690.52 1028.48 73.69 40.96 0 0.471276 544.96 568.56 63.70 38.40 0 0.471079 522.47 505.84 70.54 38.25 0 0.463967 533.63 210.88 96.14 46.87 1 0.450454 934.11 829.88 68.52 42.88 0 0.445905 978.74 903.34 72.27 41.35 0 0.436753 699.03 706.28 71.38 38.62 0 0.435888 1094.56 994.46 67.14 40.17 0 0.416208 1076.80 907.63 69.86 39.20 0 0.409948 664.90 595.85 70.91 38.63 0 0.409089 767.42 901.44 68.28 39.65 0 0.408407 1087.66 899.56 67.44 39.25 0 0.408297 671.68 631.50 69.02 40.92 0 0.405934 549.47 1050.41 32.81 20.32 3 0.403140 325.85 302.83 34.20 16.46 3 0.402213 912.57 749.05 69.33 41.18 0 0.397363 621.13 781.54 69.60 43.53 0 0.395236 898.64 715.05 68.86 42.74 0 0.379294 610.47 754.85 66.27 41.62 0 0.375553 1023.43 1020.33 65.67 39.94 0 0.375401 629.88 787.75 65.70 39.68 0 0.371371 982.27 951.94 69.12 37.94 0 0.367669 694.55 1024.01 67.36 37.35 0 0.354845 598.16 426.46 64.55 34.72 0 0.349290 635.52 802.16 71.46 43.68 0 0.346645 706.97 759.60 86.61 44.70 0 0.335193 1086.65 1001.43 57.54 38.28 0 0.326661 573.45 645.51 72.24 34.62 0 0.320347 543.27 1026.09 36.04 20.11 3 0.318620 744.25 853.97 69.25 41.17 0 0.311937 1064.42 1013.89 49.82 38.96 0 0.311058 625.16 545.55 59.90 35.83 0 0.302224 1009.74 1034.67 62.77 38.49 0 0.302058 818.94 488.62 62.58 35.78 0 0.298734 1089.75 953.44 76.62 42.58 0 0.298652 684.52 662.94 69.73 44.37 0 0.293712 930.81 815.42 67.14 42.67 0 0.292016 587.04 709.97 68.44 37.58 0 0.291532 785.76 969.56 70.34 46.81 0 0.286297 721.44 778.15 78.09 46.13 0 0.282988 821.20 499.66 63.77 36.90 0 0.282505 916.78 778.96 67.41 44.96 0 0.277435 689.33 715.39 67.98 37.96 0 0.276703 601.02 461.53 67.20 37.51 0 0.269647 1081.46 952.03 74.68 38.41 0 0.267153 1016.48 1016.40 67.28 39.12 0 0.255798 1008.64 991.39 66.74 43.64 0
341,0.681489 578.01 775.40 58.49 29.11 0 0.660047 1315.71 777.98 63.13 29.30 0 0.612839 1568.68 776.29 64.12 29.68 0 0.522360 896.05 778.95 64.08 28.68 0 0.508802 130.02 344.74 36.64 32.95 0 0.493305 175.29 857.44 60.58 30.39 0 0.375201 124.46 349.48 33.90 31.25 0
342,0.682449 978.67 510.90 65.08 36.69 0 0.661980 798.28 531.20 67.32 35.93 0 0.643229 692.27 537.81 59.82 35.15 0 0.633453 851.17 361.17 61.61 32.11 0 0.623780 866.42 866.47 74.16 40.83 0 0.622738 703.29 775.32 70.01 41.11 0 0.621004 877.20 824.61 72.27 38.35 0 0.614749 924.89 682.91 71.21 38.32 0 0.606010 835.89 394.51 57.73 33.53 0 0.604206 691.79 818.44 69.53 36.09 0 0.598291 667.76 646.61 66.40 35.26 0 0.595720 755.75 673.88 59.11 31.88 0 0.594001 731.86 703.38 70.77 40.01 0 0.588356 679.99 851.76 71.57 36.41 0 0.588134 919.64 720.83 64.70 35.94 0 0.585800 653.02 926.58 71.32 36.87 0 0.583758 669.53 887.69 73.72 40.88 0 0.576517 939.30 649.55 71.87 37.63 0 0.575389 1273.00 485.87 63.79 33.06 0 0.574749 706.70 504.98 65.83 35.24 0 0.573770 886.76 793.71 70.53 37.57 0 0.573270 962.47 580.30 65.05 34.10 0 0.573078 739.42 442.05 62.42 34.52 0 0.572194 1012.71 444.85 61.93 35.15 0 0.570219 997.27 479.29 62.29 30.14 0 0.567496 594.09 823.87 68.88 38.34 0 0.564853 853.01 941.57 69.52 42.43 0 0.560598 1022.02 414.34 62.81 34.41 0 0.555729 969.35 546.30 69.02 31.98 0 0.554452 751.58 375.08 69.50 34.25 0 0.552488 642.85 678.69 60.74 36.58 0 0.551687 641.44 964.26 69.11 40.88 0 0.547942 681.21 613.08 64.98 33.69 0 0.544333 584.67 866.23 71.74 35.43 0 0.539764 904.09 753.25 71.79 38.93 0 0.534697 806.72 494.58 69.75 33.33 0 0.530323 930.32 1013.56 58.54 34.81 0 0.527992 837.52 984.46 67.39 38.82 0 0.523957 719.03 743.29 63.56 31.42 0 0.522662 769.90 599.90 68.58 36.74 0 0.520150 1273.02 445.30 67.36 34.80 0 0.519439 553.98 937.38 67.73 38.15 0 0.518774 744.22 407.64 60.69 30.07 0 0.511480 864.74 908.98 70.16 40.92 0 0.509767 782.35 565.59 69.65 34.57 0 0.507533 1252.30 545.11 63.15 31.89 0 0.500721 690.65 581.96 60.85 32.43 0 0.492954 743.69 675.11 71.04 35.90 0 0.492248 826.63 431.93 64.27 35.09 0 0.491404 764.97 347.96 68.26 32.97 0 0.482384 634.05 716.43 68.57 33.10 0 0.479133 949.50 968.31 69.34 45.39 0 0.478626 1367.12 472.30 60.83 27.82 0 0.470279 758.62 630.96 68.56 39.94 0 0.468712 1253.21 550.39 65.69 32.91 0 0.441547 858.02 904.43 74.89 37.49 0 0.425404 428.49 931.15 28.80 10.83 3 0.419343 856.27 329.23 63.10 31.68 0 0.406300 736.86 680.80 69.94 37.04 0 0.404827 819.07 1016.25 71.32 39.93 0 0.389898 874.35 834.04 70.83 38.75 0 0.389238 821.98 422.36 61.73 34.37 0 0.385013 730.52 473.30 65.03 32.68 0 0.381194 743.54 82.41 31.84 17.18 3 0.380336 935.61 133.69 84.87 38.45 1 0.373857 501.13 738.17 27.66 14.11 3 0.370198 730.54 477.48 59.79 34.84 0 0.365776 942.12 644.07 67.14 35.92 0 0.358253 691.28 807.32 73.34 34.01 0 0.356998 671.27 877.41 75.06 36.43 0 0.350208 678.42 860.99 68.42 35.76 0 0.345604 733.46 114.25 33.37 16.72 3 0.342646 871.59 853.44 72.01 36.99 0 0.336980 890.97 781.34 76.43 35.74 0 0.333200 854.16 343.49 66.65 33.79 0 0.331528 912.85 1044.27 62.19 31.33 0 0.328721 494.98 758.30 27.54 15.85 3 0.325507 919.49 707.21 70.24 37.18 0 0.317175 883.84 786.86 76.94 33.46 0 0.302931 507.62 706.89 28.07 22.44 3 0.299711 1005.20 455.49 64.32 34.45 0 0.298894 589.46 849.40 69.70 34.83 0 0.296397 834.07 979.97 72.79 36.03 0 0.295504 767.02 586.12 78.14 38.40 0 0.289152 554.63 928.27 69.34 37.48 0 0.288372 912.61 713.80 69.33 35.26 0 0.286743 746.94 68.89 26.36 17.15 3 0.286396 744.80 399.79 69.15 31.33 0 0.273677 431.06 907.51 25.45 14.45 3 0.270272 747.84 700.68 63.26 36.70 0 0.269525 913.69 1012.87 63.67 36.48 0 0.268932 760.28 593.47 72.18 33.80 0 0.264675 668.46 638.80 70.68 34.37 0 0.263174 714.32 498.01 67.00 34.22 0 0.262809 625.35 708.80 68.34 35.75 0 0.258738 938.80 144.32 82.97 34.56 1 0.255146 903.16 1047.96 68.03 31.68 0 0.254891 934.64 140.11 75.12 33.91 1 0.252021 1372.77 478.85 59.89 28.67 0
343,0.665025 237.40 171.36 21.33 32.93 0 0.636054 383.02 294.87 21.16 39.48 0 0.628399 355.39 295.27 20.62 38.10 0 0.604588 406.73 446.22 24.69 47.07 0 0.601744 349.39 447.61 27.99 48.17 0 0.599947 143.59 297.88 21.56 38.68 0 0.598729 434.89 296.06 20.94 36.84 0 0.597479 45.36 171.93 25.00 32.71 0 0.597410 48.71 214.71 23.74 38.29 0 0.585678 1055.77 387.25 23.85 42.47 0 0.582706 75.10 215.42 21.85 37.31 0 0.581814 430.87 506.39 21.67 43.40 0 0.580886 190.86 169.95 21.98 31.73 0 0.575238 479.18 196.21 23.28 37.65 0 0.569426 330.36 297.54 22.00 37.54 0 0.564200 1051.00 343.24 26.00 37.76 0 0.560917 409.07 295.87 20.60 38.33 0 0.559342 437.41 444.55 24.12 46.73 0 0.549749 1036.73 34.49 17.74 30.89 0 0.546512 115.34 171.60 21.20 31.63 0 0.544599 19.24 216.98 24.92 37.63 0 0.538266 64.42 310.62 25.81 37.26 0 0.537379 456.46 200.31 21.54 37.45 0 0.531743 459.44 162.45 19.91 33.89 0 0.531182 198.09 299.41 22.25 37.30 0 0.528159 405.11 200.97 18.89 36.97 0 0.526204 222.37 299.30 23.39 37.99 0 0.524554 428.84 199.10 20.28 37.96 0 0.522497 307.08 295.45 21.10 37.66 0 0.519177 147.62 213.09 22.82 37.85 0 0.517681 39.65 309.89 24.98 38.22 0 0.515490 90.88 173.20 21.31 31.92 0 0.514907 119.37 301.79 22.01 37.59 0 0.497016 15.81 357.61 28.94 37.61 0 0.496842 284.87 168.15 19.29 31.08 0 0.489412 94.42 214.52 21.70 35.74 0 0.488068 412.52 160.72 17.52 32.29 0 0.483759 312.21 163.10 17.89 30.85 0 0.479433 122.81 212.41 21.28 34.64 0 0.472041 19.94 311.91 24.58 39.09 0 0.471552 261.74 169.83 18.96 33.05 0 0.467119 438.28 161.63 19.52 32.26 0 0.465477 218.04 210.08 21.73 33.30 0 0.461822 384.62 165.24 19.35 34.08 0 0.453513 171.25 301.58 21.81 36.67 0 0.453458 354.51 206.15 22.70 40.62 0 0.450034 92.79 308.36 24.21 35.38 0 0.436481 214.94 170.57 19.02 32.36 0 0.432202 219.37 212.91 22.73 34.77 0 0.423828 337.68 161.80 18.20 31.64 0 0.423722 0.32 359.47 18.82 36.99 0 0.419888 359.05 162.59 19.24 32.65 0 0.408034 948.42 39.06 36.09 15.59 0 0.403827 631.30 194.68 24.67 52.75 1 0.402825 310.96 203.60 20.81 41.35 0 0.389638 174.10 208.86 22.54 35.02 0 0.384065 312.54 203.21 25.89 45.20 0 0.381093 952.01 59.79 36.04 16.24 0 0.378543 452.89 202.03 22.99 40.87 0 0.375816 483.90 170.32 21.66 35.87 0 0.363823 1037.98 130.91 18.56 23.92 0 0.355687 271.66 208.96 23.33 33.24 0 0.354855 1040.30 201.65 20.47 34.38 0 0.353793 0.21 352.59 20.42 37.91 0 0.353305 196.67 209.64 22.97 35.10 0 0.336077 327.58 202.99 23.02 42.46 0 0.329932 201.05 112.54 13.06 19.27 3 0.328988 199.81 212.89 22.10 34.94 0 0.325795 943.90 34.07 34.85 19.65 0 0.324107 244.98 213.47 20.65 33.70 0 0.323736 1046.17 284.83 25.29 46.95 0 0.320780 32.82 173.12 28.63 32.35 0 0.302895 948.61 10.67 34.05 17.73 0 0.297023 253.27 299.44 26.00 39.96 0 0.295124 1039.04 112.39 17.39 22.59 0 0.276787 1.32 314.69 19.70 36.07 0 0.275946 24.96 308.65 24.50 37.17 0 0.261776 248.79 301.48 24.67 37.58 0 0.254902 280.07 204.58 23.88 37.78 0
344,0.719522 740.73 660.64 16.73 17.27 2 0.582638 806.34 648.97 14.38 17.60 2 0.573937 414.12 697.04 18.04 20.78 2 0.570351 921.54 63.32 61.43 28.67 1 0.568296 1105.23 65.46 31.30 47.00 0 0.544883 570.63 293.09 15.91 19.76 2 0.503136 549.98 593.72 15.81 16.50 2 0.488895 851.89 376.24 17.82 16.65 2 0.475427 1014.14 0.00 27.79 35.62 0 0.443797 939.12 308.25 14.93 17.39 2 0.442421 903.64 338.10 18.35 19.94 2 0.436924 648.74 547.47 21.53 17.75 2 0.434098 552.30 271.83 16.05 17.51 2 0.432703 711.45 582.53 14.62 18.18 2 0.427053 1078.13 50.17 30.57 43.64 0 0.410157 756.50 631.16 16.35 17.09 2 0.403674 673.49 428.74 11.95 15.29 2 0.398260 723.91 326.98 13.40 16.07 2 0.394950 909.20 230.94 15.84 16.78 2 0.387525 974.77 142.03 12.89 13.92 2 0.383836 667.36 579.45 17.09 17.85 2 0.383473 153.12 289.28 13.23 16.59 2 0.360013 643.60 447.01 14.84 17.98 2 0.347767 669.03 513.83 14.97 17.94 2 0.334992 237.45 556.55 17.82 20.26 2 0.318585 609.74 243.86 11.60 15.42 2 0.313610 922.99 287.99 14.95 18.46 2 0.309452 840.55 257.18 13.64 17.66 2 0.300329 248.55 685.48 18.81 16.27 2 0.300266 593.05 321.10 16.17 19.19 2 0.299232 606.29 395.24 13.53 15.74 2 0.298960 570.37 412.08 13.87 17.25 2 0.293241 841.60 238.07 14.66 21.83 2 0.287155 384.21 510.49 14.74 21.55 2 0.281954 641.58 428.46 15.46 19.09 2 0.280437 773.74 393.20 13.30 19.52 2 0.276683 945.11 178.83 11.86 17.54 2 0.264072 811.54 376.52 13.47 18.85 2 0.261404 1004.83 106.16 20.33 16.92 3 0.252512 652.75 480.04 15.49 18.02 2 0.250101 905.01 332.56 19.66 19.78 2
345,0.810768 91.73 675.85 28.12 40.08 2 0.730532 3.28 362.28 86.68 105.70 0 0.674194 438.55 215.55 91.28 90.55 0 0.667165 167.80 322.35 84.24 101.04 0 0.665493 1034.55 2.56 62.28 56.44 0 0.660066 84.68 335.64 92.98 104.65 0 0.657873 606.92 158.83 90.02 70.91 0 0.651876 418.08 503.55 107.96 128.05 0 0.644836 503.98 190.90 79.96 84.23 0 0.644271 654.94 417.27 105.33 117.42 0 0.642265 332.06 51.42 28.56 38.01 3 0.639961 243.24 581.98 106.07 143.50 1 0.635720 312.24 59.79 29.25 34.82 3 0.634344 453.86 179.24 29.35 31.54 3 0.632992 586.63 350.86 87.38 85.32 0 0.620687 274.87 452.08 98.73 99.12 0 0.620140 766.84 95.49 93.46 78.42 0 0.618584 359.20 820.50 108.24 164.68 0 0.617346 1288.16 150.75 107.61 74.81 0 0.614411 539.66 904.67 145.35 167.06 1 0.613317 1216.47 103.38 80.62 62.45 0 0.612603 823.65 775.93 143.49 161.83 0 0.612237 877.87 222.11 95.83 73.51 0 0.611811 1397.81 229.17 113.11 76.44 0 0.609921 983.08 195.57 100.50 79.33 0 0.608822 1524.96 315.52 125.93 90.30 0 0.607821 497.11 0.26 28.08 36.08 3 0.605597 659.03 893.75 142.05 171.37 0 0.602599 1148.79 446.12 126.83 112.86 1 0.601970 692.23 296.39 107.98 88.96 0 0.600581 1193.55 422.63 128.73 90.64 0 0.599358 167.93 737.14 31.54 51.96 2 0.596014 1787.86 491.42 132.14 90.92 0 0.593667 24.67 272.30 139.02 80.46 0 0.591268 497.15 363.57 104.60 106.46 0 0.590937 818.88 76.15 94.58 73.81 0 0.590098 765.90 267.11 95.83 82.42 0 0.585157 1074.05 650.38 120.57 133.94 0 0.579337 1049.37 180.44 94.60 73.45 0 0.573875 658.63 126.75 86.26 82.29 0 0.573186 901.72 307.97 114.25 107.13 0 0.569949 1642.02 404.15 123.64 89.83 0 0.569169 384.76 203.52 28.82 38.51 3 0.565469 1598.84 740.44 173.43 136.76 0 0.554414 1218.08 569.61 114.48 131.51 0 0.548080 415.29 731.34 67.78 40.80 3 0.545305 226.68 81.56 44.11 35.64 3 0.543053 719.54 87.69 27.23 34.06 3 0.535075 648.02 101.74 25.98 34.04 3 0.527363 1132.12 603.44 132.20 141.03 0 0.526667 931.44 724.07 126.44 163.95 0 0.524837 333.03 533.89 108.08 141.27 0 0.524348 1632.00 966.37 171.73 113.63 0 0.510934 693.02 100.54 32.09 32.60 3 0.507925 1397.41 881.66 193.98 173.83 0 0.506462 663.78 101.33 35.21 35.08 3 0.504833 1003.36 687.24 138.18 163.33 0 0.496520 1341.73 529.08 144.93 123.39 0 0.488321 22.30 264.59 147.17 70.80 0 0.484988 1822.64 809.13 94.53 143.76 0 0.482424 277.99 78.68 30.87 34.18 3 0.472879 1327.87 518.36 138.70 123.38 0 0.467475 1293.33 559.79 97.25 119.08 0 0.460156 95.24 676.87 28.28 47.41 2 0.458452 828.10 778.49 124.65 129.20 0 0.455072 363.25 44.81 28.11 38.44 3 0.444549 448.16 20.39 27.62 33.10 3 0.444154 361.77 207.33 28.89 38.37 3 0.442838 615.60 121.18 29.99 37.71 3 0.433152 328.71 221.25 32.33 44.10 3 0.432869 289.96 229.81 29.07 42.34 3 0.423803 485.75 3.89 29.13 39.01 3 0.422048 228.74 572.16 97.08 141.87 1 0.416554 1026.03 704.75 120.23 138.17 0 0.416275 215.40 86.71 52.10 32.65 3 0.414395 592.70 344.29 82.67 73.32 0 0.410180 265.24 241.71 33.68 42.86 3 0.399505 377.63 41.15 28.24 37.83 3 0.399310 403.50 193.58 27.84 38.07 3 0.399008 152.77 902.34 60.05 62.25 3 0.397615 352.47 213.34 31.40 45.42 3 0.396674 608.41 127.95 25.01 35.66 3 0.390521 453.97 7.91 28.69 38.94 3 0.388559 214.71 435.21 26.02 42.13 2 0.383954 1149.47 626.08 126.63 136.25 0 0.379312 700.42 92.91 26.03 31.32 3 0.370504 535.17 930.81 176.88 149.19 1 0.366587 608.14 144.95 105.38 83.35 0 0.365974 427.69 29.73 28.32 33.26 3 0.365050 800.18 84.09 118.68 79.36 0 0.360202 382.52 33.17 27.19 39.56 3 0.355909 304.44 226.70 31.20 45.33 3 0.354132 494.91 367.06 95.38 83.89 0 0.354049 0.00 817.84 86.08 175.90 1 0.339858 578.18 134.75 23.73 36.80 3 0.335628 89.56 579.55 61.61 45.04 3 0.332691 1062.84 176.13 85.74 69.57 0 0.328828 749.12 272.56 110.79 91.08 0 0.328597 280.40 229.44 38.93 47.76 3 0.324881 1164.04 428.21 157.93 106.91 0 0.323349 777.84 87.11 112.87 81.75 0 0.313061 411.09 736.58 64.64 46.78 3 0.311644 133.83 810.67 27.24 39.94 2 0.309870 550.72 0.00 26.36 23.31 3 0.308048 1047.66 123.82 36.74 28.63 3 0.307985 1156.93 437.41 154.87 117.37 1 0.305550 438.37 186.31 29.06 32.61 3 0.301270 622.64 112.58 24.85 35.53 3 0.294819 0.00 920.97 107.46 156.76 1 0.285063 180.86 327.27 81.73 91.02 0 0.281740 405.62 33.53 28.34 37.35 3 0.269541 321.49 222.49 30.45 48.62 3 0.265416 1834.39 770.18 85.61 164.94 0 0.263852 108.35 786.65 37.96 43.11 2 0.260456 223.67 714.69 38.70 51.95 2 0.257029 1014.64 188.77 116.89 77.40 0
346,0.661324 468.23 773.10 34.52 63.95 0 0.629890 1224.28 608.49 72.22 31.05 0 0.618059 546.88 771.51 31.97 59.53 0 0.594306 950.63 384.45 27.58 40.06 0 0.581756 984.02 304.91 24.34 14.13 3 0.565046 799.06 817.96 67.41 32.07 0 0.561572 998.98 349.28 47.05 20.21 0 0.560113 990.42 437.97 24.81 41.97 0 0.559504 1354.74 636.25 52.83 26.92 0 0.550773 1078.68 361.21 36.42 59.31 1 0.545901 1046.55 506.69 25.97 45.68 0 0.544767 43.80 802.73 39.67 68.58 0 0.542846 1256.14 499.60 28.32 50.08 0 0.530723 414.66 780.11 39.92 65.98 0 0.512725 824.24 377.78 51.81 23.28 0 0.498737 1225.69 506.63 26.59 51.38 0 0.492273 1003.96 496.95 32.82 51.29 0 0.485433 1877.04 192.98 34.88 37.59 0 0.471138 583.84 769.60 33.99 58.62 0 0.470469 55.24 968.89 62.50 27.65 0 0.467255 1871.46 29.95 39.96 31.47 0 0.446837 226.15 548.49 31.52 41.91 0 0.422294 1009.10 347.83 44.28 19.95 0 0.420330 1201.16 511.20 28.12 48.44 0 0.408850 1845.31 39.43 37.39 31.16 0 0.407788 894.96 376.05 42.47 24.32 0 0.404177 1079.68 375.33 28.18 48.05 1 0.403291 599.35 292.48 64.13 33.67 1 0.399822 883.53 375.57 45.95 23.71 0 0.390431 58.77 963.36 74.34 30.47 0 0.389974 1532.22 531.92 52.20 27.66 0 0.387270 1874.70 291.64 37.99 42.36 0 0.376573 1875.60 182.92 34.97 38.93 0 0.365603 365.27 781.17 14.04 18.70 3 0.336580 1522.55 525.21 52.91 27.02 0 0.335962 832.23 377.06 51.70 24.97 0 0.323222 1026.02 499.27 29.22 50.75 0 0.290852 289.90 334.12 33.87 31.18 0 0.274151 1523.40 527.58 63.55 29.06 0 0.265907 801.09 812.33 67.50 29.80 0
347,0.582668 41.96 638.61 211.32 84.24 0
348,0.556467 833.43 945.20 42.54 31.65 0 0.499411 856.83 902.22 43.98 26.64 0 0.396678 932.35 779.61 34.55 34.50 0 0.394515 1171.85 591.90 40.87 20.29 0 0.341170 1180.20 588.02 38.14 21.63 0 0.336272 794.84 1008.65 35.03 46.27 0 0.316163 838.97 940.43 52.64 32.79 0 0.265333 804.74 1002.13 29.97 40.84 0 0.259475 930.30 784.28 36.03 37.86 0 0.257171 799.28 1006.69 35.04 44.96 0 0.254797 925.88 946.61 32.52 29.69 0
349,0.520945 979.53 495.94 29.82 17.73 0 0.438311 895.76 516.51 36.13 16.75 0 0.426281 1067.82 468.71 34.04 18.89 0 0.380970 1062.16 470.49 31.03 20.57 0 0.257087 1510.06 545.88 27.72 20.68 0
350,0.566634 124.24 446.86 143.65 57.40 0 0.520454 312.49 466.79 122.21 46.33 0 0.518238 1265.14 469.08 94.31 41.47 0 0.509590 635.10 462.73 111.89 42.18 0 0.414062 146.71 457.94 126.65 45.27 0 0.402766 304.86 461.64 115.97 47.44 0 0.361385 1365.11 479.53 66.66 38.14 0 0.263562 622.54 466.94 118.30 43.30 0
351,0.569018 682.88 372.56 291.06 87.14 0 0.498147 47.75 335.19 199.61 87.16 0 0.485791 1166.91 332.74 291.11 129.51 1 0.469262 258.84 332.53 264.32 95.07 0 0.462756 1633.65 370.12 286.35 105.40 0 0.421589 275.00 334.34 283.67 111.06 0 0.355971 720.42 370.12 307.17 95.62 0 0.351854 1178.50 317.01 309.61 162.91 1 0.300831 1594.89 373.87 289.47 99.66 0 0.252805 1135.85 336.10 264.12 121.29 1
352,0.518717 879.55 798.03 41.62 40.23 0 0.510963 1300.86 403.40 43.72 22.55 0 0.479032 928.37 732.34 39.62 35.80 0 0.423492 1030.08 584.11 37.78 30.52 0 0.366928 958.65 679.23 43.30 35.99 0 0.360499 1276.58 255.15 34.07 35.90 0 0.254044 964.31 668.22 38.76 38.65 0
353,0.513097 729.66 592.85 89.95 91.48 0 0.330729 998.58 248.51 47.37 25.33 0 0.304961 719.26 590.34 86.69 107.87 0
354,0.572887 1152.73 182.29 24.04 24.37 0 0.514767 1169.47 346.05 24.83 38.93 0 0.338509 1159.38 227.97 25.50 22.64 0 0.334770 1166.71 259.08 26.42 22.92 0 0.314782 1170.93 353.76 25.93 39.40 0 0.280432 1152.98 195.97 23.60 22.72 0 0.260445 1128.82 113.44 18.62 20.53 0
355,0.510092 1145.69 105.88 32.42 20.48 0 0.373402 770.01 50.81 24.86 38.92 1 0.325749 265.24 11.13 30.40 27.90 1
356,0.884946 900.49 555.93 67.66 36.11 1 0.511282 621.87 495.86 24.55 15.32 0 0.251455 902.74 550.40 66.18 35.20 1
357,0.563522 741.47 143.32 111.08 49.37 1 0.562698 713.10 227.12 112.73 47.50 1 0.561541 656.62 172.05 41.48 96.58 1 0.548318 721.78 218.67 108.22 39.27 1 0.462299 706.51 212.34 116.34 49.37 1 0.408156 728.52 209.24 110.59 37.11 1 0.302931 653.11 184.74 39.12 88.56 1 0.277114 695.72 215.44 133.64 59.28 1
358,0.545608 592.12 366.41 49.28 108.99 1 0.541153 687.84 327.44 119.10 54.30 1 0.504911 658.04 437.76 118.48 48.54 1 0.449868 668.01 433.58 110.54 42.46 1 0.356401 674.21 336.09 123.54 53.50 1 0.296272 679.61 402.10 104.54 41.83 1 0.289208 1201.94 84.75 31.41 32.47 1
359,0.727490 648.32 495.70 56.78 30.93 1 0.376618 745.63 499.10 24.97 14.67 0 0.305062 391.02 448.64 18.63 16.25 0 0.267092 744.47 472.01 25.83 11.84 0
360,0.652172 660.05 388.11 179.09 67.94 0 0.630567 909.02 385.94 158.89 67.19 0 0.621829 1294.10 359.92 171.34 65.62 0 0.574194 1509.15 343.05 197.54 78.46 0 0.559993 206.04 403.72 194.09 71.81 0 0.378658 0.00 417.16 133.69 67.93 0 0.310311 1588.47 760.76 52.18 69.61 2
361,0.532661 830.91 720.87 31.37 61.71 0 0.524664 827.79 969.09 33.07 67.11 0 0.338623 844.95 351.75 21.52 40.64 0 0.335338 845.03 344.62 20.56 41.71 0
362,0.645597 832.50 590.75 35.44 25.79 1 0.609029 715.55 778.52 54.74 35.94 0 0.511764 499.09 919.78 51.24 32.32 0 0.488026 1282.69 797.89 44.32 25.39 0 0.455625 959.39 641.91 30.37 27.41 0 0.444674 554.77 891.01 43.25 28.30 0 0.444191 610.17 853.97 53.46 31.48 0 0.349734 683.45 809.65 43.08 27.59 0 0.339962 1354.09 272.92 33.35 19.49 0 0.282666 1349.43 274.19 33.56 20.10 0 0.257046 711.08 783.96 56.89 38.63 0
363,0.688786 1270.63 533.05 71.91 54.15 1 0.617604 731.18 247.70 44.12 41.97 0 0.601926 772.44 293.24 48.80 46.72 0 0.521612 1700.49 918.43 59.18 31.65 0 0.518978 1186.66 712.20 49.33 45.41 0 0.450468 819.04 343.82 48.45 41.41 0 0.427380 875.40 397.29 57.87 47.08 0 0.404165 880.97 406.02 57.67 45.79 0 0.389248 915.55 438.52 64.91 48.85 0 0.377063 1818.84 851.13 41.32 26.75 0 0.328493 1785.25 956.69 49.75 34.80 0 0.325234 1870.39 877.61 40.84 25.85 0 0.309942 1834.63 855.57 37.78 22.15 0 0.282821 1691.67 905.36 56.08 30.19 0 0.260215 807.90 326.85 44.16 37.33 0
364,0.781684 1425.31 340.20 44.08 33.27 0 0.685809 442.92 470.82 72.42 91.98 1 0.671953 1377.15 554.82 70.00 67.28 0 0.670300 286.29 428.33 74.00 58.22 1 0.669945 1351.01 942.12 50.65 31.27 3 0.658538 903.14 815.08 168.33 86.75 1 0.658212 573.61 253.52 39.00 25.93 0 0.639834 1817.65 183.07 41.71 21.56 0 0.627166 1321.24 457.03 57.61 40.33 0 0.621958 360.94 378.32 53.82 38.65 0 0.615276 0.00 897.86 142.03 80.45 0 0.614629 255.74 297.18 41.46 30.60 0 0.614013 141.29 348.08 56.31 34.93 0 0.612977 1285.04 406.26 47.91 48.48 0 0.612708 1758.69 180.20 41.22 21.40 0 0.609888 97.48 781.38 84.95 81.38 0 0.608264 1602.17 522.24 69.16 50.90 0 0.605178 809.41 252.96 41.42 22.09 0 0.604784 106.00 577.08 67.81 60.51 0 0.604319 1562.38 464.26 62.66 41.96 1 0.601742 1833.29 518.84 78.46 51.69 0 0.598033 1658.47 573.30 74.87 58.01 0 0.596153 626.89 268.37 55.48 27.71 0 0.587831 1239.10 336.22 42.07 41.08 0 0.579595 868.92 755.90 23.37 40.42 3 0.578785 373.69 294.52 40.58 35.97 0 0.576042 114.41 635.17 88.88 82.52 0 0.571413 330.62 295.57 38.00 36.45 0 0.549496 1175.37 658.83 36.09 27.03 3 0.546097 99.77 436.79 51.19 49.47 0 0.542691 1348.83 492.22 60.32 60.47 0 0.542162 230.65 358.89 55.80 49.16 0 0.539306 150.24 441.94 63.23 49.60 0 0.537987 165.34 573.31 73.76 50.63 0 0.536201 49.28 378.66 60.94 39.16 0 0.523123 25.43 768.61 94.92 94.32 0 0.520237 688.92 251.45 37.47 23.84 0 0.519978 1320.60 992.67 49.76 33.50 3 0.518170 860.87 257.46 40.01 23.59 0 0.512428 1115.09 230.66 39.52 24.33 0 0.510665 746.07 278.22 60.99 30.03 0 0.510567 181.89 784.01 83.02 78.74 0 0.509926 1454.18 378.07 49.20 36.31 0 0.508966 229.13 566.32 74.37 73.92 1 0.505766 908.76 281.07 61.14 29.03 0 0.505184 48.37 351.50 52.29 31.83 0 0.503823 141.71 298.20 53.30 34.14 0 0.502582 183.27 376.78 45.05 37.81 0 0.495279 1579.58 178.76 38.35 24.11 0 0.492404 126.39 620.21 84.01 84.03 0 0.490452 51.24 435.90 48.73 48.01 0 0.487249 1597.67 179.46 37.13 23.01 0 0.485537 630.87 253.42 49.98 25.64 0 0.485060 178.26 298.40 52.35 33.55 0 0.479795 0.32 240.59 47.04 31.13 0 0.476502 1210.13 135.59 35.60 26.08 0 0.472005 1653.72 270.46 48.82 23.38 0 0.470165 1737.68 225.33 43.13 23.00 0 0.466049 1536.88 157.71 38.94 20.94 0 0.465941 0.00 436.40 48.36 40.64 0 0.456263 1560.60 1029.76 68.90 50.24 0 0.453417 1864.23 259.28 49.31 24.73 0 0.452499 290.08 295.73 48.95 35.57 0 0.452177 1350.44 272.55 43.62 30.34 0 0.443666 1288.86 204.17 38.03 23.10 0 0.439703 186.47 365.21 43.56 40.48 0 0.439406 1671.18 181.83 34.21 21.48 0 0.436043 1346.78 268.49 43.72 28.08 0 0.435976 1636.36 209.56 32.75 21.32 0 0.432953 1386.01 312.46 53.65 32.94 0 0.432267 987.73 283.32 54.71 26.09 0 0.429280 362.65 370.38 52.32 41.20 0 0.428672 1558.96 475.81 66.42 51.23 1 0.426751 912.57 757.52 28.18 36.93 3 0.421515 1792.21 275.90 60.72 31.57 0 0.413871 643.61 646.96 23.22 33.37 3 0.406952 1624.92 179.10 31.63 22.32 0 0.404851 1206.52 131.14 31.92 24.01 0 0.400985 480.33 800.21 40.56 34.29 3 0.376269 445.37 277.07 55.55 24.48 0 0.374629 1298.56 223.65 35.55 22.83 0 0.373774 49.91 348.35 58.70 31.67 0 0.373144 597.13 632.99 20.88 34.97 2 0.371489 644.55 584.87 30.48 27.99 3 0.370837 1317.33 242.77 35.54 25.98 0 0.365840 1585.58 157.48 38.53 17.90 0 0.362549 453.05 275.75 58.54 23.73 0 0.360374 149.20 295.75 59.46 34.98 0 0.358937 1308.23 234.78 34.73 24.23 0 0.358062 229.91 580.00 64.89 62.88 1 0.357274 322.56 483.44 58.95 48.36 1 0.355346 910.74 286.77 62.19 27.76 0 0.349805 487.76 795.08 38.02 30.02 3 0.344368 868.52 251.43 37.19 22.07 0 0.343855 744.53 256.46 46.19 23.80 0 0.343558 643.12 642.23 26.20 34.17 3 0.343240 271.98 567.16 48.82 47.94 1 0.342750 1532.72 833.42 42.36 28.79 3 0.341677 1588.09 154.22 38.75 18.94 0 0.338325 1046.61 279.84 42.56 23.69 0 0.334752 148.64 579.71 77.87 63.24 0 0.329293 238.99 561.32 71.90 59.97 1 0.328482 746.23 288.35 65.13 26.25 0 0.317625 1382.72 300.05 52.29 32.66 0 0.316780 0.34 453.49 42.89 40.59 0 0.313697 324.14 484.98 59.41 48.70 0 0.312288 426.10 793.98 43.12 31.58 3 0.312113 1148.05 65.77 34.32 19.91 1 0.312068 868.00 757.60 28.24 45.22 3 0.307280 307.03 449.47 61.36 49.80 1 0.305610 1694.91 181.60 37.63 19.27 0 0.304892 403.96 664.94 32.62 33.00 3 0.303194 433.47 794.80 42.79 30.58 3 0.301646 1256.13 374.92 40.95 35.57 0 0.300899 515.89 624.59 36.79 29.41 3 0.299986 1361.53 929.73 44.17 32.77 3 0.296688 12.53 779.26 93.93 100.00 0 0.289583 1563.63 177.94 32.12 23.94 0 0.288540 359.37 591.63 24.26 28.26 3 0.286446 0.00 233.60 47.20 32.72 0 0.283639 1672.91 568.21 67.24 54.81 0 0.281076 1725.78 233.92 41.04 23.20 0 0.280109 828.29 287.96 68.21 26.33 0 0.274648 1257.93 384.19 47.63 36.55 0 0.272108 251.16 437.19 55.67 48.67 1 0.270767 350.75 635.24 29.89 28.36 3 0.268723 1610.46 1024.15 60.30 55.85 0 0.263323 112.58 778.11 75.86 74.00 0 0.258547 1385.58 305.44 51.59 33.20 0 0.255683 1172.48 91.83 33.69 19.31 0 0.250035 728.47 451.39 19.00 26.87 2
365,0.645648 1649.22 51.75 31.44 34.01 0 0.640306 744.26 330.82 23.42 13.47 3 0.607591 243.72 817.36 33.47 63.12 0 0.588380 747.01 531.06 35.65 54.17 0 0.588202 281.52 817.08 36.45 60.02 0 0.582604 162.85 818.13 40.84 63.69 0 0.578791 939.02 538.74 26.32 53.11 0 0.578309 105.28 824.60 44.80 67.89 0 0.566608 1271.42 555.78 60.57 30.11 0 0.534773 782.35 537.26 31.06 54.38 0 0.524768 701.00 414.84 28.51 37.74 0 0.515904 367.12 320.88 49.70 26.77 1 0.501784 755.91 374.85 52.95 24.10 0 0.493186 958.75 635.20 68.43 32.58 0 0.470516 1723.84 33.52 29.75 32.89 0 0.457988 826.62 388.59 37.14 59.94 1 0.457840 498.89 861.39 62.51 33.04 0 0.441477 1603.35 77.03 38.01 24.99 0 0.436777 1678.30 40.49 34.40 36.04 0 0.429106 998.46 527.27 26.10 53.49 0 0.427492 762.53 534.86 40.25 56.40 0 0.426720 36.73 373.58 36.24 22.78 0 0.411926 753.81 532.84 37.95 55.50 0 0.394785 567.32 403.01 49.34 23.27 0 0.391497 342.65 347.70 51.40 23.31 0 0.391074 1664.40 202.45 29.95 40.17 0 0.371166 580.34 402.65 52.93 23.20 0 0.355869 1576.64 80.53 45.19 25.23 0 0.352946 1671.53 45.37 29.46 35.01 0 0.350341 940.33 667.58 55.56 27.81 0 0.334079 951.47 637.99 67.78 31.80 0 0.333903 808.55 390.69 55.18 62.26 1 0.324883 736.42 477.00 25.47 35.31 0 0.320090 966.33 532.35 28.39 58.39 0 0.289548 762.14 372.22 56.19 25.53 0 0.287508 1049.80 544.39 25.74 36.57 0 0.284937 1653.24 309.27 36.09 42.37 0 0.266676 637.75 403.10 44.11 27.11 0 0.265695 1159.69 5.23 25.84 31.69 0 0.263001 339.83 351.15 53.80 24.50 0 0.258268 1689.76 44.54 29.43 33.05 0
366,0.675080 799.54 2.12 22.76 36.95 0 0.546733 240.94 869.24 42.96 78.94 1 0.521871 184.88 863.62 44.27 68.70 1 0.498538 555.75 912.99 55.24 60.64 0 0.465708 282.27 873.59 39.81 70.44 0 0.454049 588.83 665.35 39.70 61.54 1 0.437885 320.37 973.28 46.57 31.69 0 0.433631 473.65 957.43 46.30 48.15 0 0.292002 314.64 975.10 53.72 38.41 0 0.289246 192.55 864.88 44.20 75.01 1
367,0.608394 1769.14 550.37 78.47 112.45 0 0.605690 993.31 278.60 84.42 58.42 0 0.593595 1450.27 987.58 81.77 92.42 0 0.590798 728.40 285.97 87.71 54.63 0 0.573823 1226.81 359.34 71.62 67.61 0 0.555764 1814.73 106.18 42.60 46.58 0 0.554715 118.23 523.58 64.27 49.66 0 0.530353 1171.30 342.31 68.00 69.07 0 0.524655 1512.29 892.85 57.74 36.48 3 0.521725 610.82 337.70 95.21 73.07 0 0.520334 22.35 993.88 104.08 86.12 0 0.510557 1127.40 323.87 59.26 65.05 0 0.501603 1085.41 305.47 61.06 60.64 0 0.501145 40.15 562.72 66.92 53.65 0 0.498568 1179.27 338.48 70.43 61.01 0 0.493314 193.23 497.72 69.01 49.07 0 0.485192 304.07 339.30 62.12 45.19 0 0.471135 802.49 265.52 61.39 48.17 0 0.463827 1681.67 243.47 70.38 38.18 0 0.462906 1629.15 316.15 84.79 49.91 0 0.459386 1668.96 263.26 70.12 40.83 0 0.438395 0.41 308.82 82.60 49.95 0 0.412894 266.58 460.72 69.67 46.39 0 0.407497 1498.80 942.22 61.58 37.85 3 0.407453 1664.40 272.50 72.73 39.69 0 0.401820 838.75 245.08 78.89 44.75 0 0.397371 817.63 249.33 81.47 45.41 0 0.385733 1675.16 248.82 70.50 45.68 0 0.378545 1601.82 416.23 33.13 28.49 3 0.374292 807.71 255.88 80.27 43.43 0 0.368988 784.35 268.67 62.54 50.55 0 0.355226 1644.64 296.17 80.44 46.97 0 0.351415 1482.98 965.87 73.08 38.39 3 0.345932 1516.83 880.89 53.79 34.33 3 0.337088 0.00 587.31 28.91 58.55 0 0.283868 1604.78 450.93 25.68 20.21 3 0.273958 1620.32 365.67 69.66 38.39 3 0.264469 1627.05 383.71 60.99 36.79 3 0.262755 1135.03 325.90 64.26 54.77 0 0.261369 1621.82 417.46 39.19 27.42 3
368,0.640021 1222.15 486.63 68.89 44.26 1 0.545507 1159.22 673.78 49.96 36.56 0 0.543121 700.37 298.72 50.31 49.17 0 0.518923 655.87 259.49 55.83 44.96 0 0.458838 1775.81 849.75 46.38 32.57 0 0.428671 818.43 394.91 53.24 32.43 0 0.371061 861.70 426.46 65.31 44.25 0 0.362572 758.02 342.02 42.26 38.40 0 0.285561 1678.35 809.12 53.08 29.62 0 0.270695 848.28 417.61 72.83 42.69 0
369,0.685378 872.52 348.87 45.92 55.96 1 0.644871 453.01 487.72 18.85 28.16 0 0.577796 1124.23 394.87 18.38 21.60 0 0.547222 554.20 424.20 33.56 16.80 0 0.529369 350.40 374.32 35.18 19.66 0 0.503192 595.36 513.64 21.21 27.74 0 0.496701 1173.88 394.91 18.84 21.41 0 0.490465 381.48 479.51 20.27 29.25 0 0.474881 1157.33 396.19 16.82 21.08 0 0.473620 964.89 323.86 18.74 26.04 0 0.459508 473.71 488.65 20.90 30.03 0 0.446004 913.10 314.04 20.65 27.74 0 0.440517 598.76 426.41 29.90 17.19 0 0.415011 407.95 479.57 18.71 30.02 0 0.412318 362.88 478.82 21.52 28.68 0 0.410554 1050.55 379.65 20.96 28.02 0 0.382219 912.39 304.40 20.79 23.59 0 0.382039 643.76 422.91 29.94 18.03 0 0.377566 517.13 419.64 29.50 17.87 0 0.373188 680.25 519.91 23.90 30.04 0 0.364724 687.07 520.69 24.58 29.65 0 0.336999 932.11 304.74 22.03 21.53 0 0.333336 931.46 317.35 19.52 26.67 0 0.329999 328.41 468.99 27.12 25.14 0 0.327476 406.17 476.31 22.56 29.89 0 0.324978 410.56 542.38 19.71 20.99 0 0.319970 865.99 357.70 49.62 54.93 1 0.280530 841.16 347.23 33.64 22.07 0 0.277468 1275.87 396.47 21.13 20.35 0 0.272811 958.94 306.38 21.81 20.14 0 0.267340 507.65 419.76 36.52 19.19 0 0.256761 191.56 447.61 30.09 23.18 0
370,0.667904 1064.97 400.91 52.68 72.05 0 0.601737 55.75 60.10 33.92 48.69 0 0.598714 22.17 312.85 39.04 59.68 0 0.595568 273.88 306.99 37.26 59.06 0 0.588595 0.00 481.09 40.64 73.56 0 0.571743 36.18 177.17 40.41 60.84 0 0.566959 276.36 59.07 29.99 44.26 0 0.458793 274.20 173.98 27.99 45.38 0 0.449108 26.55 249.53 26.35 42.59 0 0.399213 273.50 653.38 46.31 66.62 0 0.321182 488.93 299.56 8.97 14.60 2 0.315069 474.48 97.45 7.43 11.49 2
371,0.575213 687.73 689.23 17.57 20.66 2 0.510694 784.47 464.59 16.86 22.16 2 0.495499 602.24 626.55 19.63 21.13 2 0.492266 339.72 379.90 16.86 17.76 2 0.483374 689.16 685.48 15.85 20.31 2 0.469694 834.44 679.45 16.42 22.54 2 0.425944 553.06 620.79 20.20 21.17 2 0.407272 435.88 410.75 15.92 15.30 2 0.388919 355.85 261.86 11.66 12.75 2 0.360663 489.28 553.77 17.93 23.70 2 0.355661 605.85 548.29 11.62 18.28 2 0.350839 504.73 472.41 14.02 20.24 2 0.346243 601.67 655.70 19.66 18.67 2 0.344649 654.97 273.73 13.23 15.50 2 0.314614 386.88 449.13 20.16 21.38 2 0.307769 0.96 514.74 47.20 72.90 0 0.304857 602.52 651.49 20.19 20.59 2 0.300938 417.37 464.46 21.69 20.77 2 0.288639 655.87 565.48 17.33 23.92 2 0.287469 364.27 428.99 21.44 22.40 2 0.284279 551.81 611.67 21.42 23.03 2 0.282451 487.26 458.79 15.32 21.36 2 0.278963 489.33 546.72 18.16 22.95 2 0.276915 402.93 227.14 13.40 13.78 2 0.263658 772.25 664.60 14.35 17.52 2 0.256070 710.00 210.91 14.26 18.49 2 0.253781 319.07 354.47 17.43 18.05 2 0.251080 1113.29 458.76 19.19 22.03 2
372,0.605390 1040.51 362.98 192.16 72.58 0 0.516446 0.00 419.24 197.52 77.70 0 0.484741 245.23 405.33 213.81 87.56 0 0.334704 1030.12 375.39 204.58 72.49 0 0.279913 12.45 427.83 165.19 72.09 0
373,0.604213 895.71 593.64 49.52 51.46 0 0.517046 1032.42 602.75 40.29 52.66 0 0.432548 855.82 600.32 34.31 44.09 0 0.394994 811.87 601.12 42.09 37.76 0 0.368108 1077.80 598.83 26.44 51.22 0 0.363899 203.82 558.75 89.30 48.99 0 0.355937 891.93 588.45 47.13 52.81 0 0.325761 721.78 595.75 55.74 36.53 0 0.291699 572.78 479.79 27.86 38.84 0 0.289133 525.45 489.05 30.12 33.93 0 0.276373 853.65 585.04 35.55 48.74 0
374,0.663491 1224.25 531.69 55.05 25.19 0 0.627704 1008.87 519.94 60.30 22.69 0 0.609829 1290.14 541.12 62.50 25.81 0 0.609081 941.90 517.86 54.00 20.58 0 0.602729 1079.19 523.21 59.17 24.18 0 0.595160 1443.62 546.14 53.30 22.85 0 0.579089 1360.75 542.90 64.82 26.84 0 0.512293 798.30 500.38 55.78 25.17 0 0.475186 1156.48 530.21 53.31 23.96 0 0.420241 931.78 518.77 55.28 21.53 0 0.320794 657.29 487.29 55.34 25.91 0 0.308108 283.30 564.04 38.73 30.23 0 0.307474 667.28 492.86 50.42 20.74 0 0.278310 217.20 3.04 35.01 29.99 0
375,0.538168 1079.04 453.94 186.65 89.36 0 0.503589 375.22 496.68 238.97 108.75 0 0.465201 1325.53 454.55 159.92 72.27 0 0.375902 1769.38 767.76 138.58 82.71 0 0.336598 1731.53 761.54 188.47 89.07 0 0.292318 476.82 537.14 164.77 120.80 0 0.288266 1526.23 442.41 125.23 70.28 0 0.275555 393.53 487.96 195.44 107.37 0 0.269208 1091.29 431.23 174.55 89.86 0
376,0.593366 1032.24 607.32 41.19 54.72 0 0.542149 942.17 600.37 42.27 57.23 0 0.520612 985.57 604.35 36.63 55.44 0 0.462128 307.45 579.56 92.70 50.02 0 0.461842 1215.68 613.58 40.03 25.23 0 0.459751 573.74 466.01 36.40 26.24 0 0.429236 1214.85 638.28 41.06 27.08 0 0.353198 1163.40 628.18 40.27 40.42 0 0.286192 525.83 726.49 63.67 29.92 0 0.284817 1348.51 799.51 25.91 29.13 0 0.279955 1343.60 784.52 23.10 28.02 0 0.271850 847.08 607.63 51.19 39.20 0 0.255932 649.91 470.81 27.79 25.52 0 0.250574 677.81 494.11 27.45 35.40 0
377,0.542932 1232.62 594.36 40.93 17.25 0 0.534681 1461.17 596.00 34.92 16.33 0 0.487558 1415.52 595.82 39.69 17.18 0 0.481576 1583.29 596.32 40.58 18.67 0 0.433300 1363.07 595.96 40.93 17.37 0 0.410310 1725.15 596.42 39.68 18.80 0 0.366237 1280.20 593.81 39.82 16.45 0 0.344738 1633.63 597.12 40.34 20.41 0 0.326089 985.65 652.11 33.62 25.38 0 0.302326 1503.93 596.36 37.24 18.66 0 0.257114 1636.27 595.91 46.65 20.71 0
378,0.811017 1007.67 462.54 130.32 60.80 1 0.656779 528.55 605.99 31.95 67.85 2 0.633119 1184.60 475.72 119.56 45.51 0 0.597144 1317.29 487.89 92.20 39.24 0 0.556663 544.68 605.84 36.62 66.06 2 0.526726 1656.01 485.45 108.78 46.30 0 0.473087 853.37 476.59 109.29 44.30 0 0.469089 555.15 600.78 31.80 60.75 2 0.456102 534.05 468.61 138.69 42.17 0 0.436613 721.11 472.27 93.82 38.76 0 0.436239 1174.20 480.17 107.84 36.76 0 0.412234 561.84 606.75 31.21 63.16 2 0.391190 705.27 468.42 104.75 39.41 0 0.367250 1793.72 494.76 103.31 35.91 0 0.322863 615.79 466.49 117.71 40.31 0 0.321189 520.69 472.61 118.74 38.15 0 0.292998 662.75 466.19 112.84 37.53 0 0.271474 579.83 469.34 129.25 37.17 0 0.262777 1034.15 470.55 126.63 47.58 1
379,0.630279 643.35 663.14 32.47 56.07 0 0.623669 743.17 584.76 31.64 64.25 0 0.623467 900.54 826.95 30.13 59.33 0 0.621369 1024.51 843.25 30.89 49.95 0 0.603306 588.79 815.10 72.72 134.76 1 0.592998 740.23 653.33 34.33 58.33 0 0.589890 643.17 595.85 32.02 63.03 0 0.589375 1082.82 829.80 32.33 57.08 0 0.537127 187.42 1020.31 68.74 30.15 0 0.532103 676.05 652.38 33.03 57.51 0 0.526466 935.23 827.99 29.97 59.97 0 0.525112 707.91 593.67 32.39 63.16 0 0.493327 1116.38 834.49 27.61 55.46 0 0.457894 677.70 597.81 31.68 63.89 0 0.427483 644.92 651.93 33.11 62.53 0 0.417435 196.50 1022.34 70.31 30.29 0 0.393865 31.67 1029.82 52.96 30.25 0 0.360516 527.01 567.69 34.78 53.75 0 0.342523 558.43 768.22 40.20 31.21 0 0.332268 534.54 769.92 52.66 31.73 0 0.330997 1859.09 944.88 57.11 63.36 0 0.273289 861.51 830.08 30.02 45.97 0 0.252225 508.93 61.33 58.71 98.13 1
380,0.564558 697.68 248.49 48.42 49.11 0 0.563019 1250.87 509.30 65.29 49.31 1 0.483056 742.89 296.39 49.52 45.25 0 0.470688 791.88 340.85 43.53 39.45 0 0.439416 1172.82 696.18 52.38 36.45 0 0.402785 848.78 386.72 40.74 42.32 0 0.402659 898.91 425.35 60.74 49.30 0 0.382068 1168.93 687.88 52.49 37.41 0 0.374862 1700.92 864.10 56.30 34.65 0 0.349366 884.90 419.99 65.17 52.64 0 0.345057 1785.89 904.04 50.75 36.97 0 0.314482 1867.72 829.43 46.65 25.08 0 0.300907 1247.82 506.86 59.44 41.94 1 0.300774 880.94 412.04 63.87 54.31 0 0.285301 1466.33 610.51 56.11 34.69 0 0.284171 1693.90 860.27 57.25 34.02 0 0.281824 1504.89 629.58 40.02 30.07 0
381,0.470046 1768.40 440.45 46.89 29.64 0 0.410948 572.52 972.83 33.65 36.25 0 0.410293 819.83 492.75 32.12 36.08 1 0.365632 935.96 517.13 31.92 19.03 0 0.353000 567.71 984.30 32.96 37.95 0 0.305728 941.60 496.04 29.80 18.00 0 0.262101 820.48 513.65 29.72 24.67 1 0.260452 906.23 607.18 27.48 30.18 0
382,0.717410 312.42 452.89 26.88 50.60 0 0.705320 451.47 26.58 25.89 53.29 0 0.662707 616.30 103.82 25.62 57.90 0 0.652809 350.78 41.95 27.15 53.45 0 0.650485 552.27 105.22 29.67 62.42 0 0.624059 741.43 21.46 26.44 54.28 0 0.621925 358.66 446.04 25.65 56.08 0 0.615977 483.43 28.54 24.10 54.93 0 0.614622 675.27 99.30 29.37 60.42 0 0.614329 447.60 540.72 53.12 27.24 0 0.613587 714.56 102.61 24.39 60.67 0 0.612307 426.54 446.37 27.22 51.36 0 0.610138 708.69 20.83 26.24 53.79 0 0.606102 384.72 37.23 25.54 55.40 0 0.593131 677.32 219.99 24.86 48.86 0 0.592530 640.14 22.49 27.11 56.22 0 0.588820 483.84 115.79 27.59 53.89 0 0.587108 645.70 102.35 24.91 59.06 0 0.585347 579.54 21.12 25.36 57.99 0 0.580276 333.22 125.48 26.99 54.94 0 0.573106 674.40 18.27 27.17 59.68 0 0.569487 566.90 459.90 28.72 61.06 0 0.565059 517.57 112.45 27.27 56.02 0 0.561492 504.69 452.14 24.98 49.94 0 0.544434 517.77 28.34 26.79 58.64 0 0.542664 235.08 448.25 31.07 57.89 0 0.540200 536.03 450.97 27.60 50.84 0 0.530778 790.08 97.97 24.42 54.11 0 0.526531 709.78 222.10 25.77 51.43 0 0.523698 735.35 327.11 44.43 23.34 0 0.519408 416.50 29.76 27.17 58.07 0 0.514520 1704.44 712.65 57.21 24.55 0 0.480445 609.14 21.67 27.11 59.32 0 0.474308 605.76 464.74 31.02 61.28 0 0.471824 752.44 98.33 27.15 63.93 0 0.456771 298.73 126.95 28.05 58.99 0 0.439707 753.17 326.85 40.45 23.33 0 0.435716 248.97 393.95 40.98 22.15 0 0.407891 274.09 456.64 28.78 48.18 0 0.347242 515.98 224.57 37.97 22.88 0 0.338668 250.19 352.67 48.37 28.62 0 0.326229 740.92 232.93 21.54 43.12 0 0.321368 1823.70 406.22 36.87 49.09 0 0.318629 1898.12 523.70 18.89 44.65 0 0.316256 227.89 314.19 51.36 28.24 0 0.305535 550.35 221.89 32.48 25.20 0 0.296363 1783.47 639.05 57.88 25.67 0 0.286302 727.67 324.98 50.13 28.20 0 0.254497 711.40 212.04 24.67 53.07 0
383,0.661493 760.75 288.65 35.58 20.59 1 0.635546 762.44 592.50 59.63 27.74 0 0.635190 1065.85 293.70 24.27 17.08 0 0.619372 1154.98 469.98 31.41 30.02 0 0.608644 1257.17 664.87 49.88 52.90 0 0.591836 1234.49 368.28 51.38 31.83 1 0.564756 1198.33 557.54 44.64 38.35 0 0.547165 1019.11 193.79 18.84 14.30 0 0.528994 904.45 209.87 25.03 15.56 0 0.523994 759.12 282.89 36.54 20.73 1 0.523392 834.29 232.91 29.10 16.42 0 0.502756 1100.26 359.25 29.39 21.74 0 0.492491 1087.19 337.37 25.77 19.65 0 0.483695 857.53 312.05 29.44 15.50 0 0.480393 859.69 328.62 31.97 15.81 0 0.468005 964.76 296.96 21.73 23.50 0 0.459855 1228.80 361.98 52.87 36.81 1 0.459574 1078.46 314.67 23.58 19.57 0 0.444302 1109.67 372.14 35.94 29.09 1 0.394836 851.64 289.60 29.58 16.15 0 0.385184 834.63 239.14 27.72 15.44 0 0.382575 814.30 208.39 26.68 16.21 0 0.377725 782.94 193.48 27.20 13.70 0 0.374809 1287.64 229.94 20.51 12.51 0 0.368361 884.41 142.12 17.69 13.46 0 0.332240 870.05 96.38 15.73 10.80 0 0.332014 836.46 187.85 22.76 15.86 0 0.330877 851.04 207.65 25.03 16.14 0 0.330244 1080.72 318.54 23.57 21.75 0 0.324565 800.56 189.89 23.57 14.10 0 0.320591 874.58 112.36 16.13 12.30 0 0.306135 1114.04 377.89 33.13 32.62 1 0.305682 1083.13 327.57 25.49 21.71 0 0.297068 662.14 296.30 32.81 17.53 0 0.287949 857.72 314.45 30.81 17.90 0 0.287852 850.63 281.97 29.06 15.44 0 0.286709 1066.68 664.10 45.07 55.76 0 0.276870 1052.49 194.55 17.51 12.75 0 0.276288 1097.50 377.68 42.49 31.69 1 0.271545 842.67 181.68 21.01 13.96 0 0.271509 716.38 242.75 23.55 12.96 0 0.257962 701.51 240.89 21.42 14.28 0
384,0.659431 353.07 237.92 22.11 40.68 0 0.658264 198.81 242.65 21.97 38.20 0 0.656360 331.74 337.49 22.43 41.65 0 0.639409 1145.14 320.99 25.37 46.94 0 0.624551 303.62 337.15 24.13 40.27 0 0.615977 315.02 203.40 20.19 34.63 0 0.614407 114.48 346.55 23.08 37.75 0 0.612845 412.87 334.86 20.50 40.09 0 0.610625 500.94 491.35 22.98 42.56 0 0.601950 172.26 340.88 21.33 40.57 0 0.598983 142.29 345.36 23.19 38.48 0 0.597279 123.76 248.29 22.00 37.55 0 0.596943 42.06 393.60 26.42 40.14 0 0.591123 95.25 393.96 26.98 39.89 0 0.589737 534.63 236.62 20.94 37.26 0 0.583548 380.89 238.09 21.08 41.74 0 0.581622 1155.37 429.36 26.52 47.26 0 0.581358 482.72 235.71 20.93 38.34 0 0.579521 117.07 204.84 22.81 33.26 0 0.574125 438.81 192.76 19.37 35.79 0 0.572065 439.74 495.00 26.32 45.46 0 0.567885 165.03 204.19 20.65 33.60 0 0.562401 223.15 243.57 22.12 37.75 0 0.558900 188.46 201.77 20.30 33.13 0 0.556906 68.84 394.40 24.21 39.62 0 0.556016 361.31 197.12 20.08 36.91 0 0.555590 390.41 193.70 17.40 34.14 0 0.552015 406.40 239.33 20.90 42.99 0 0.551917 94.91 253.13 22.85 34.58 0 0.551897 388.17 334.95 23.36 39.11 0 0.548136 464.75 193.66 19.04 38.59 0 0.544730 150.15 250.34 22.67 37.35 0 0.543970 525.36 551.97 23.02 43.85 0 0.537787 435.93 238.24 20.29 41.02 0 0.534486 439.16 334.41 20.81 38.55 0 0.527799 487.07 191.14 18.30 35.86 0 0.526408 507.59 233.30 21.87 36.45 0 0.526335 528.25 487.65 26.40 46.70 0 0.523713 224.95 334.77 23.45 40.20 0 0.512127 1031.70 86.29 39.15 18.28 0 0.509733 173.01 246.68 19.70 35.55 0 0.504365 444.46 493.23 26.48 48.85 0 0.504175 1152.24 385.36 25.22 38.24 0 0.502580 248.46 337.20 23.09 40.27 0 0.498627 1029.80 59.58 39.69 18.40 0 0.496825 495.90 335.06 23.01 38.85 0 0.496460 521.94 335.73 22.00 38.74 0 0.491118 1135.32 231.20 18.67 35.75 0 0.484221 200.55 336.12 22.01 40.54 0 0.476936 291.00 200.33 20.33 32.37 0 0.464246 89.84 346.41 22.51 37.08 0 0.462463 305.83 242.45 21.27 40.34 0 0.457313 327.91 240.53 21.60 39.27 0 0.456480 415.10 194.02 17.51 36.24 0 0.453401 280.49 239.96 24.35 39.11 0 0.449282 263.38 205.52 22.05 30.75 0 0.438843 65.58 347.69 24.24 34.12 0 0.424583 221.92 332.48 24.46 37.69 0 0.423076 536.05 190.55 23.05 35.11 0 0.421450 512.89 190.11 18.17 34.02 0 0.417085 247.05 241.59 22.56 39.51 0 0.415705 335.06 198.50 18.28 36.41 0 0.414879 714.62 227.74 22.51 57.11 1 0.401366 271.60 336.96 24.57 40.10 0 0.393095 718.62 225.44 19.29 49.75 1 0.384878 560.76 234.40 22.72 36.93 0 0.384236 272.57 240.68 25.61 38.75 0 0.376528 273.46 140.26 14.96 20.21 3 0.375298 1029.00 36.36 38.85 16.75 0 0.357075 483.77 233.12 24.11 38.01 0 0.343024 279.08 336.20 23.97 39.78 0 0.316778 1125.71 147.45 21.58 36.34 0 0.316561 104.01 205.68 27.28 32.51 0 0.315034 244.18 236.97 24.94 38.34 0 0.287549 466.35 334.61 23.23 37.83 0 0.280070 1421.19 844.74 17.07 32.78 0 0.265127 241.98 332.39 24.01 41.02 0 0.255405 57.48 351.46 28.45 31.99 0
385,0.467966 781.86 638.81 33.68 13.85 0 0.347367 1100.05 595.11 22.08 14.37 0 0.314233 1505.30 212.80 23.94 13.64 0 0.261156 1031.19 590.18 25.88 13.33 0
386,0.386384 472.23 724.88 34.34 29.70 1 0.359971 904.82 731.08 29.78 22.81 1 0.346267 434.83 856.55 28.72 14.48 0 0.306641 406.91 857.18 27.84 15.33 0 0.304248 280.02 997.25 31.47 23.25 0
387,0.729839 233.96 236.39 31.05 43.22 0 0.715325 191.75 239.08 34.38 45.76 0 0.681790 412.63 848.10 62.26 168.98 1 0.666041 486.47 900.73 182.79 67.96 1 0.665577 531.04 801.71 158.65 60.01 1 0.647553 483.33 913.46 177.62 69.25 1 0.608656 459.65 959.28 192.16 59.12 1 0.594986 883.39 71.99 20.64 37.39 0 0.588832 294.45 235.61 29.31 43.20 0 0.579786 717.03 77.76 21.44 34.94 0 0.532058 425.00 242.14 43.44 28.51 0 0.531102 859.73 75.08 21.33 38.35 0 0.468373 323.50 233.28 28.90 43.91 0 0.454083 686.97 73.93 26.17 35.48 0 0.434702 847.57 135.83 50.25 28.03 0 0.412659 839.87 76.19 21.50 37.59 0 0.409949 421.81 856.10 55.45 127.01 1 0.361861 491.51 260.95 49.90 27.09 0 0.348242 489.63 265.03 50.40 27.86 0 0.347999 913.01 78.32 18.89 34.49 0 0.345326 404.82 890.92 64.33 142.39 1 0.332875 652.38 0.00 25.28 24.45 0 0.325524 479.48 922.50 172.90 72.01 1 0.321443 569.95 0.00 30.76 17.05 0 0.306006 680.73 75.39 29.50 33.98 0 0.300170 964.36 73.54 22.68 34.77 0 0.257870 1096.60 87.96 39.18 18.95 0 0.254672 678.17 30.26 21.13 28.23 0
388,0.483906 1040.58 775.52 35.50 65.28 0 0.404263 938.36 64.79 22.31 19.54 0 0.377777 1022.51 982.17 44.87 76.05 0 0.354025 952.77 147.97 28.49 44.98 1
389,0.498823 1009.05 88.23 21.26 20.05 0 0.365071 204.95 832.87 51.48 47.55 0 0.364603 1033.55 157.51 24.72 21.53 0 0.327539 990.36 40.82 21.39 24.30 0 0.319195 985.79 9.96 15.65 20.24 0 0.302236 1041.39 230.40 27.17 26.96 0 0.283860 1044.18 231.77 29.00 22.29 0 0.258003 1022.96 114.90 24.43 25.56 0
390,0.650368 469.47 542.22 72.53 29.61 0 0.647600 927.42 561.34 80.40 32.19 0 0.626258 282.26 532.67 72.25 33.29 0 0.595642 1034.19 562.85 74.91 32.93 0 0.552501 1121.92 566.92 70.05 30.56 0 0.551330 844.43 554.39 70.96 34.55 0 0.525745 749.61 551.77 73.16 30.36 0 0.509089 654.35 551.89 75.40 30.10 0 0.465904 563.98 548.29 74.54 28.57 0 0.452997 83.51 527.68 87.55 30.88 0 0.380533 94.84 523.06 83.55 31.41 0 0.334777 849.40 550.35 64.96 30.13 0
391,0.550921 1527.29 791.85 69.64 30.36 0 0.513232 1110.17 793.12 65.68 29.14 0 0.467005 1786.49 788.72 64.12 27.81 0 0.450819 317.87 873.81 63.15 34.85 0 0.434661 788.39 787.93 59.02 26.80 0 0.423112 302.65 361.02 31.53 31.18 0 0.369902 303.70 353.13 32.13 32.32 0 0.351616 1114.44 788.95 63.45 28.14 0 0.348236 1776.64 791.65 64.32 28.07 0 0.273168 1517.57 792.82 65.80 29.28 0
392,0.648508 530.51 655.42 55.12 26.82 0 0.597537 301.60 633.07 52.53 25.98 0 0.596853 1828.43 797.07 60.25 28.34 0 0.567852 588.59 736.84 62.24 30.12 0 0.513684 1770.40 63.80 41.89 17.49 0 0.510517 1581.93 252.68 43.15 16.43 0 0.504398 1815.09 204.18 43.42 18.73 0 0.473457 1799.70 156.87 44.20 21.27 0 0.471793 1820.00 229.47 44.87 18.43 0 0.467012 1643.81 255.64 45.85 17.77 0 0.456564 1763.75 37.34 41.92 20.03 0 0.453981 1642.77 233.57 44.33 19.80 0 0.434946 1776.56 86.55 41.41 17.83 0 0.433598 1749.14 11.26 45.32 21.23 0 0.432569 999.70 711.24 45.26 23.65 0 0.428064 1784.23 114.37 43.15 21.00 0 0.419300 1859.10 12.64 47.43 22.96 0 0.402377 1810.59 185.63 42.73 19.15 0 0.391797 1866.49 39.35 44.38 20.58 0 0.383663 991.05 709.44 48.07 25.58 0 0.373326 1898.97 804.17 21.03 26.22 0 0.368137 1884.15 85.59 35.30 19.66 0 0.364341 1824.29 231.28 43.87 21.11 0 0.354590 1754.13 13.90 44.09 23.51 0 0.324404 1878.95 61.93 40.82 21.05 0 0.316876 1851.98 6.09 47.65 24.65 0 0.314989 1758.41 33.20 43.33 21.89 0 0.313208 1874.99 57.55 42.22 20.44 0 0.298641 1871.03 41.98 45.77 23.36 0 0.298262 1780.74 110.71 45.87 20.70 0 0.269668 1879.53 80.51 39.22 21.89 0 0.251690 1632.87 198.14 45.48 20.20 0
393,0.522003 124.39 24.58 89.60 63.98 0 0.452660 377.55 357.54 104.14 89.01 0 0.295228 517.40 440.91 94.28 98.98 0 0.289500 794.03 619.41 131.67 90.20 0 0.282937 645.80 515.15 123.24 110.12 0 0.282041 163.09 208.08 94.80 62.49 0 0.278397 176.82 233.02 101.66 65.81 0 0.252797 1386.57 836.80 116.87 74.19 0
394,0.312934 1127.19 591.72 21.83 11.69 0 0.291915 1079.86 596.39 25.26 15.54 0
395,0.478981 1212.00 1002.06 39.47 19.68 1 0.474640 1357.30 977.69 29.02 17.63 0 0.471017 1369.91 1001.04 34.59 21.09 0 0.390159 1390.14 1043.35 39.36 20.12 0 0.354067 1382.11 1022.64 34.54 16.77 0 0.335484 1402.93 1050.06 37.48 20.67 0 0.332554 1182.91 906.68 22.65 29.01 0 0.328399 1377.96 1001.20 32.19 21.01 0 0.284813 1215.51 971.75 28.27 18.15 1 0.254945 1352.48 975.16 27.44 18.31 0
396,0.531969 1744.71 361.74 70.23 63.83 0 0.527893 1409.46 262.24 112.87 80.48 0 0.521119 1133.94 367.72 140.91 99.00 0 0.509010 1121.24 400.05 157.78 99.28 0 0.479980 1532.50 207.18 84.38 63.53 0 0.479827 735.28 641.83 105.79 138.99 0 0.438421 1130.39 383.90 146.94 97.96 0 0.430746 1290.27 327.62 119.23 76.43 0 0.421260 1852.18 410.63 66.04 38.38 0 0.373766 567.76 602.89 116.77 175.42 0 0.373483 1427.07 253.31 102.84 79.70 0 0.320467 1155.62 365.62 122.70 76.50 0 0.316398 1328.23 324.25 93.90 58.58 0 0.307996 863.71 629.92 122.27 194.63 1 0.276880 993.82 636.92 132.01 178.35 0 0.275571 996.57 624.23 113.15 150.87 0 0.251547 983.83 651.10 104.48 178.55 0
397,0.464615 884.04 980.28 30.36 67.50 0
398,0.615734 1056.87 333.48 192.96 78.44 1 0.591113 1460.47 346.09 132.67 52.07 0 0.588117 1614.21 339.27 146.71 58.15 0 0.585710 1281.80 340.47 162.97 62.33 0 0.534673 405.91 727.75 48.58 66.33 2 0.500671 312.55 505.71 80.48 36.00 0 0.482730 895.66 364.08 108.62 54.50 0 0.374828 400.61 721.83 45.94 63.08 2 0.363531 423.39 658.27 31.93 45.89 2 0.335634 416.49 743.96 37.00 64.12 2 0.288078 402.84 701.78 47.79 51.46 2
399,0.662226 85.37 547.79 14.68 19.06 2 0.482496 205.22 0.00 48.59 21.33 0 0.479430 516.56 77.42 30.83 23.47 0 0.467163 0.00 193.57 27.70 37.67 0 0.456818 1273.89 282.45 32.44 29.61 0 0.451043 534.47 104.34 26.55 22.21 0 0.359731 185.50 577.75 13.11 14.62 2 0.348059 568.77 234.87 30.11 23.10 0 0.343314 86.76 379.22 17.38 14.06 2 0.319117 908.51 612.40 17.28 13.37 2 0.317668 120.04 632.69 9.88 13.17 2 0.314912 537.91 686.39 14.48 18.22 2 0.311014 571.13 684.78 12.99 15.47 2 0.304145 137.10 681.90 14.99 13.11 2 0.300472 623.51 666.33 12.93 17.64 2 0.300042 215.86 650.66 13.76 12.61 2 0.298397 673.52 646.22 13.63 16.21 2 0.296614 551.44 644.38 14.30 16.44 2 0.295397 241.11 494.53 14.70 17.69 2 0.284440 905.67 583.63 14.39 12.97 2 0.279867 726.56 543.48 14.79 13.33 2 0.278803 219.70 597.15 11.73 11.72 2
400,0.624066 920.87 611.54 61.57 24.24 0 0.607542 1319.71 629.42 61.20 25.73 0 0.603519 1005.10 615.26 64.35 25.20 0 0.590366 1082.03 618.57 61.51 24.22 0 0.588188 1482.55 630.89 60.65 27.59 0 0.567357 763.77 600.18 64.81 26.81 0 0.517771 1314.82 633.43 63.82 24.19 0 0.516566 1398.09 631.97 70.28 30.58 0 0.494798 1242.37 626.65 61.12 24.59 0 0.489937 1164.57 620.91 55.65 26.01 0 0.478363 609.58 591.50 62.38 29.62 0 0.251941 211.52 62.65 26.42 16.95 0
401,0.778017 1083.05 320.62 32.65 51.73 1 0.670664 718.57 90.04 46.64 35.49 1 0.610724 1086.79 284.70 26.17 29.49 0 0.578987 1046.31 615.00 37.32 55.80 0 0.550550 571.29 597.98 58.60 30.74 0 0.529555 814.12 189.22 33.80 24.35 0 0.523486 1098.56 150.76 25.53 32.18 0 0.517596 844.87 5.19 39.23 22.25 0 0.483439 1063.40 471.30 29.80 49.33 0 0.479562 1209.70 500.51 37.46 97.13 1 0.479536 100.43 171.01 16.93 17.11 2 0.467836 1089.16 238.39 24.58 32.98 0 0.444781 1223.76 341.88 64.90 37.77 1 0.411012 817.90 165.18 38.46 21.05 0 0.401332 1212.72 498.51 35.53 55.53 1 0.367761 389.89 141.70 11.42 18.55 2 0.364605 1096.42 197.24 23.41 38.72 0 0.360721 372.78 44.11 14.86 16.53 2 0.305543 816.64 169.84 38.78 24.50 0 0.296736 387.93 6.94 13.43 14.26 2 0.278320 0.00 0.00 32.69 18.67 0 0.267004 100.94 166.34 15.34 18.17 2
402,0.677778 1215.29 745.55 23.05 48.26 0 0.639932 1022.44 752.99 25.54 53.77 0 0.634441 1249.05 865.18 24.28 49.58 0 0.631166 402.43 466.12 30.83 55.64 0 0.626354 1058.05 749.27 26.06 55.98 0 0.621471 1153.29 742.55 25.06 52.88 0 0.621268 1247.68 747.15 23.23 54.17 0 0.617135 956.99 669.22 27.22 53.95 0 0.609700 1325.50 740.58 22.89 44.33 0 0.602542 1247.74 669.10 25.36 50.73 0 0.601333 530.55 462.41 27.04 52.78 0 0.594771 1180.88 666.38 23.92 52.16 0 0.594753 1075.05 545.46 28.66 55.74 0 0.591453 1289.69 744.54 23.11 49.45 0 0.590586 992.18 665.06 26.00 51.65 0 0.590376 477.85 586.97 29.41 57.58 0 0.586361 1148.50 666.88 25.74 52.38 0 0.580545 498.77 466.39 24.78 48.40 0 0.578643 1270.79 970.01 51.98 24.64 0 0.574728 913.97 301.97 29.31 54.75 0 0.573407 1278.38 864.91 23.87 47.97 0 0.562398 1185.46 742.04 23.34 48.66 0 0.556534 892.50 673.05 28.57 54.64 0 0.548521 462.95 460.51 27.88 53.31 0 0.547951 773.11 950.00 51.12 26.32 0 0.541993 1214.51 669.53 24.33 49.15 0 0.531144 925.27 671.20 25.78 52.89 0 0.528655 1279.68 666.82 25.68 51.82 0 0.526291 360.57 785.36 26.77 54.49 0 0.523659 1116.50 667.13 26.92 51.87 0 0.507329 422.82 777.45 27.53 53.46 0 0.507199 1021.58 671.56 24.78 53.07 0 0.498531 1054.04 669.32 24.43 53.77 0 0.494767 1124.46 872.79 54.80 22.26 0 0.492924 782.55 1023.51 50.72 22.59 0 0.471288 346.23 346.64 32.45 55.38 0 0.471127 619.16 579.34 30.06 56.89 0 0.466529 1073.64 347.78 43.66 50.62 0 0.459823 1092.77 747.00 26.05 54.23 0 0.459542 1088.28 747.31 25.97 54.52 0 0.455195 1064.72 297.10 43.86 42.32 0 0.445572 1284.78 1011.57 57.29 24.78 0 0.437178 783.64 991.17 49.35 24.05 0 0.411956 391.49 780.19 28.43 54.55 0 0.400931 321.11 785.08 32.89 59.58 0 0.400185 1212.05 865.24 26.18 46.84 0 0.391859 871.19 756.18 28.91 57.49 0 0.355204 439.40 589.78 29.51 58.58 0 0.340977 1055.16 864.11 58.21 28.89 0 0.337155 811.61 488.98 27.32 58.45 0 0.329080 1081.14 345.14 43.32 48.55 0 0.289542 466.43 462.76 28.51 54.39 0 0.289528 1183.25 745.08 22.28 54.30 0 0.267604 928.89 367.38 35.33 40.50 0
403,0.581877 589.68 959.70 33.81 65.15 0 0.523057 671.42 338.70 23.98 42.45 0 0.407046 632.32 645.27 31.52 54.25 0 0.404926 688.17 187.90 22.82 38.91 0 0.265216 669.61 343.24 24.52 44.53 0
404,0.595488 346.51 723.02 57.58 27.74 0 0.595087 1671.94 856.73 65.88 29.95 0 0.594312 112.95 701.40 57.78 26.27 0 0.571085 820.68 772.08 64.30 27.63 0 0.562671 1835.09 872.96 72.04 32.53 0 0.557039 1513.80 232.29 46.87 23.29 0 0.555699 785.87 825.73 55.73 29.00 0 0.545263 1749.84 866.40 66.36 31.14 0 0.543199 1790.42 156.02 47.78 20.84 0 0.543062 1739.37 8.87 43.85 21.57 0 0.540673 1822.18 87.21 43.94 22.77 0 0.534829 1862.76 179.60 41.50 19.19 0 0.529205 1773.10 105.93 46.41 21.03 0 0.524568 1838.75 129.04 41.00 21.49 0 0.519291 1747.01 34.81 41.78 19.98 0 0.518625 1766.44 82.76 42.81 20.44 0 0.508686 1865.04 204.68 45.16 20.39 0 0.504115 1804.10 39.53 43.45 22.27 0 0.478035 1574.76 16.56 44.09 18.34 0 0.477662 1803.22 210.68 44.20 23.51 0 0.470805 1668.75 150.76 44.26 20.59 0 0.463247 1794.31 182.37 49.77 21.35 0 0.461303 1455.49 285.47 46.01 21.12 0 0.451553 1698.75 277.86 49.64 19.64 0 0.438409 1685.00 201.07 46.16 22.63 0 0.438086 1801.84 36.43 42.54 22.66 0 0.436547 1851.25 152.16 38.49 20.57 0 0.433329 1827.07 254.22 42.47 21.23 0 0.431031 1667.65 134.03 44.01 16.79 0 0.428921 1892.37 277.02 27.63 20.39 0 0.427226 1683.07 184.87 47.35 22.28 0 0.425558 1694.42 228.74 44.39 20.79 0 0.425511 1801.97 205.45 45.98 23.76 0 0.424076 1640.84 38.75 41.82 19.29 0 0.423975 1837.65 306.80 46.97 20.27 0 0.422644 1659.51 84.19 41.65 18.35 0 0.422417 1696.58 256.97 46.16 18.49 0 0.419255 1687.35 206.78 44.99 19.50 0 0.418638 1889.40 248.06 30.60 20.54 0 0.413540 1757.74 63.41 41.43 19.64 0 0.412183 1794.07 185.94 51.11 23.12 0 0.411212 1662.23 112.83 42.49 17.45 0 0.405870 1786.67 139.31 43.88 22.05 0 0.403591 1660.66 106.74 44.68 20.19 0 0.402701 1870.68 221.98 43.14 25.11 0 0.400203 1658.02 78.90 43.02 20.12 0 0.394909 1650.34 64.77 43.62 17.61 0 0.386230 1832.49 112.49 42.76 18.71 0 0.383403 1826.55 246.24 41.18 22.30 0 0.381351 1826.48 276.47 46.56 21.64 0 0.360233 1756.78 55.65 43.46 20.94 0 0.357702 1634.58 14.28 38.95 17.51 0 0.349860 1855.69 160.94 38.35 17.69 0 0.348723 1827.83 870.10 69.21 32.80 0 0.330850 1633.85 37.58 44.15 17.29 0 0.329780 1520.93 293.17 49.64 21.79 0 0.323032 1775.67 111.96 43.48 19.90 0 0.315171 1515.62 273.92 47.32 19.75 0 0.312904 1870.12 206.26 46.15 23.66 0 0.311053 1879.68 229.52 40.01 22.08 0 0.303645 1867.29 427.27 52.71 26.93 0 0.250702 1781.86 129.82 46.70 23.14 0
405,0.690708 1130.93 468.62 48.52 31.90 0 0.631374 1038.09 490.89 52.96 28.03 0 0.616640 1081.82 557.99 50.14 30.27 0 0.613396 918.81 441.35 50.08 27.80 0 0.610061 980.08 350.14 44.91 25.92 0 0.601609 943.37 400.11 56.46 28.95 0 0.591330 1046.96 633.44 52.42 33.99 0 0.590876 998.00 583.04 50.03 28.31 0 0.587745 1070.98 585.29 56.54 33.55 0 0.577920 661.60 496.33 45.27 25.14 0 0.574862 1024.24 516.33 55.72 31.15 0 0.569674 1148.26 434.08 54.35 26.60 0 0.569496 905.08 465.06 49.48 28.81 0 0.568422 593.15 471.65 44.41 22.49 0 0.567544 1024.77 275.75 43.14 23.89 0 0.562177 1092.95 536.00 57.00 32.86 0 0.555248 1062.14 605.64 51.90 35.10 0 0.554638 968.68 367.34 47.70 24.64 0 0.554478 1135.88 323.34 51.55 24.64 0 0.546751 1152.09 295.24 49.21 26.98 0 0.545441 984.23 344.09 44.79 23.95 0 0.541654 1122.02 347.65 51.89 26.32 0 0.536759 858.07 528.94 53.27 28.83 0 0.535817 672.59 473.60 46.31 23.07 0 0.534583 1045.48 251.99 40.41 21.19 0 0.532861 668.59 474.85 43.88 24.08 0 0.530054 1231.45 278.38 47.41 26.69 0 0.524737 978.34 231.98 39.64 20.19 0 0.524352 702.42 437.32 44.27 23.74 0 0.522516 969.98 633.17 49.80 28.41 0 0.521660 1015.15 301.18 44.78 21.40 0 0.521388 1000.07 322.41 44.19 23.01 0 0.517659 1068.16 444.44 57.72 31.01 0 0.511959 1121.91 499.26 55.78 28.64 0 0.507474 1094.82 394.96 55.91 29.80 0 0.506464 1169.77 270.73 47.21 25.79 0 0.502232 1111.46 371.21 50.40 24.65 0 0.502135 1060.05 463.17 50.92 29.19 0 0.499327 1011.29 561.28 57.07 29.14 0 0.494318 1176.75 391.66 52.06 28.20 0 0.493017 979.16 604.63 51.60 29.55 0 0.492630 1171.70 260.01 44.21 24.38 0 0.491245 893.45 485.54 45.21 26.69 0 0.475454 1074.78 425.50 55.77 29.48 0 0.473740 1101.01 530.98 59.21 30.17 0 0.472580 1154.99 417.79 51.23 29.20 0 0.463388 1209.10 338.58 45.52 24.39 0 0.462992 1211.91 327.24 45.09 25.63 0 0.460809 1053.52 470.27 51.59 29.47 0 0.457098 1146.48 426.35 51.99 27.97 0 0.457041 1124.38 343.11 53.14 25.32 0 0.455050 1099.57 389.57 53.78 27.34 0 0.452016 1104.64 377.77 50.02 27.76 0 0.450239 915.16 445.77 50.53 28.41 0 0.449493 1051.41 233.60 39.27 20.56 0 0.447192 1113.15 507.94 56.46 32.02 0 0.445170 1034.58 256.12 39.84 19.77 0 0.442740 870.00 513.22 53.08 29.51 0 0.442061 951.53 387.22 56.01 26.40 0 0.441798 1082.80 415.34 50.33 27.36 0 0.439077 1007.39 208.12 41.30 22.45 0 0.436241 1107.15 521.07 55.43 30.06 0 0.429136 850.88 543.29 53.60 29.51 0 0.421442 1009.47 305.71 42.50 24.06 0 0.397389 696.62 426.72 42.59 24.85 0 0.397361 1031.82 270.80 43.42 22.33 0 0.394359 960.34 376.66 49.54 27.49 0 0.394332 886.07 497.45 48.22 28.29 0 0.383558 1131.61 325.43 52.76 28.38 0 0.380117 863.15 522.05 54.79 30.15 0 0.374846 1014.39 205.94 41.74 19.59 0 0.359208 1217.41 308.86 44.60 22.40 0 0.355217 1185.79 377.39 46.91 27.76 0 0.353332 1057.00 612.15 55.77 32.69 0 0.342607 1045.84 647.45 48.59 30.91 0 0.337038 1061.73 450.69 55.64 28.29 0 0.336577 1069.95 436.91 59.55 31.00 0 0.320182 847.69 552.31 47.60 26.34 0 0.315730 940.78 408.97 50.94 26.14 0 0.303401 998.58 227.94 42.36 21.56 0 0.295197 1343.16 306.48 30.09 17.01 3 0.282213 1086.91 399.83 52.93 26.70 0 0.280719 1026.97 228.39 38.07 19.71 0 0.265085 1064.83 904.41 27.30 22.62 3 0.264293 1065.35 222.79 39.20 23.63 0 0.252905 856.49 778.07 60.24 37.03 1
406,0.666848 501.56 216.87 39.54 82.08 0 0.651551 762.06 218.51 41.86 83.44 0 0.641782 1328.40 213.89 44.94 110.57 1 0.636767 382.08 434.66 38.20 77.21 0 0.633676 979.55 207.39 38.28 72.57 0 0.630486 680.85 422.77 40.56 80.89 0 0.624481 849.85 218.04 39.69 77.08 0 0.623526 934.22 205.16 38.77 79.87 0 0.623517 553.13 419.69 39.26 81.86 0 0.622254 885.73 119.52 35.94 75.53 0 0.622089 421.44 434.42 38.33 78.76 0 0.622050 724.38 424.40 41.53 82.10 0 0.621428 811.14 419.59 38.90 80.45 0 0.615742 714.68 213.01 45.20 86.18 0 0.610395 327.52 227.09 41.17 82.04 0 0.608952 942.38 421.42 37.16 77.84 0 0.605458 929.51 101.19 38.73 79.64 0 0.594714 545.40 215.17 38.08 78.63 0 0.594134 410.82 122.42 37.34 74.10 0 0.593241 1040.63 723.37 37.53 86.66 0 0.588990 667.84 124.77 37.34 75.08 0 0.587431 974.72 106.04 35.25 75.68 0 0.585265 955.43 731.35 41.80 82.05 0 0.584600 585.00 220.60 40.64 74.65 0 0.582865 805.48 215.98 37.28 84.15 0 0.577623 455.51 220.17 39.98 77.11 0 0.576673 625.74 122.76 38.30 75.42 0 0.575720 639.56 428.14 38.92 74.77 0 0.575043 1084.42 720.21 41.45 82.68 0 0.574363 466.52 428.01 41.12 79.83 0 0.573793 800.08 110.50 37.09 78.30 0 0.572340 283.84 229.55 41.37 81.20 0 0.572266 374.50 225.98 39.43 81.01 0 0.570080 1026.15 211.03 34.28 78.39 0 0.568916 673.40 219.03 40.27 84.81 0 0.567998 337.35 430.68 40.39 82.45 0 0.566402 1068.31 206.70 35.00 74.87 0 0.564271 854.67 422.36 36.57 81.68 0 0.563293 539.92 113.45 38.09 81.35 0 0.560909 1030.13 425.77 38.90 77.62 0 0.556217 1012.99 106.68 39.37 77.77 0 0.555513 754.98 106.24 38.44 74.21 0 0.554428 339.11 531.48 39.79 79.26 0 0.547792 897.49 419.20 37.82 77.08 0 0.543077 986.23 423.42 38.61 79.64 0 0.541909 387.04 543.26 40.83 80.69 0 0.537597 708.21 116.01 37.94 80.67 0 0.527870 631.56 220.53 37.10 80.94 0 0.525771 507.42 419.10 41.21 81.43 0 0.518848 1089.40 836.77 39.73 72.80 0 0.514288 292.31 431.17 42.01 81.04 0 0.506710 593.87 426.59 41.70 78.60 0 0.503453 294.51 531.25 42.61 80.78 0 0.501153 276.46 122.38 46.29 79.12 0 0.494427 415.68 222.09 36.65 74.74 0 0.493378 368.69 125.66 36.35 72.34 0 0.481511 845.05 114.78 33.97 79.03 0 0.472690 581.14 113.76 37.55 71.83 0 0.443065 458.41 954.85 35.17 65.16 0 0.348401 460.36 0.00 15.81 11.97 3 0.340430 484.35 0.00 16.03 12.05 3 0.322330 407.54 220.32 46.39 85.89 0 0.322235 513.47 0.00 20.17 12.91 3 0.277020 253.01 0.00 37.64 16.18 3 0.269948 238.51 0.00 33.11 16.73 3 0.267174 525.03 0.00 24.25 11.60 3
407,0.393061 229.18 771.95 39.38 32.56 1 0.383753 224.73 756.10 47.64 35.63 1 0.378182 693.92 404.29 36.09 21.05 0 0.355409 1452.84 662.36 36.93 29.17 1 0.342616 359.39 655.60 34.33 23.88 0 0.328028 1220.81 562.75 35.94 24.04 0 0.308680 701.89 401.36 36.85 21.32 0 0.297099 1456.59 672.94 31.75 27.49 1
408,0.667062 1772.44 265.66 26.96 39.60 0 0.661266 1746.64 268.41 27.25 40.55 0 0.656912 938.59 362.70 23.05 42.30 0 0.652372 1719.33 268.99 27.20 38.59 0 0.639017 1679.82 413.22 25.68 46.06 0 0.632673 1873.44 266.86 27.60 38.39 0 0.614854 1604.99 371.80 23.19 38.05 0 0.609642 1464.35 103.98 22.03 28.88 0 0.608932 1623.51 421.25 25.29 46.92 0 0.606508 1709.81 368.08 23.07 38.57 0 0.598827 1018.09 1016.61 61.89 32.02 0 0.597783 1681.63 369.43 25.72 39.31 0 0.595611 1646.43 271.16 23.67 38.77 0 0.591231 1798.04 264.89 26.76 41.15 0 0.589357 1630.91 372.31 25.05 38.09 0 0.581756 1849.00 365.86 27.40 41.01 0 0.577822 1671.70 269.84 26.61 37.43 0 0.572895 1827.71 269.46 26.60 40.42 0 0.571410 1568.26 267.88 23.24 38.80 0 0.565146 1652.82 419.38 26.39 47.32 0 0.561763 1543.20 269.51 23.12 38.27 0 0.560219 1818.56 362.96 29.54 43.25 0 0.558409 928.62 595.33 23.99 49.68 0 0.553082 1815.95 410.80 29.74 49.60 0 0.551148 1767.41 368.61 26.30 38.34 0 0.546888 1384.80 347.95 24.75 58.88 1 0.544102 1867.79 419.80 33.83 47.78 0 0.541450 1788.79 412.82 27.01 51.64 0 0.539649 1574.84 373.37 24.97 41.01 0 0.537889 1851.49 270.17 24.64 38.70 0 0.529526 1838.35 412.87 29.28 46.78 0 0.528580 1706.04 414.95 27.74 46.59 0 0.523390 1013.11 659.61 58.55 23.37 0 0.515944 1550.71 375.15 28.20 45.08 0 0.515670 1760.96 420.16 27.71 48.82 0 0.513936 1894.55 367.46 22.44 36.13 0 0.512045 1872.11 367.35 26.99 39.43 0 0.511855 942.47 218.99 22.53 37.62 0 0.504848 1591.34 422.47 27.53 45.76 0 0.501003 1735.13 421.22 25.76 48.03 0 0.489851 935.64 469.85 25.29 42.80 0 0.474448 1795.20 365.26 25.31 41.42 0 0.468277 1013.10 631.04 54.27 23.45 0 0.465425 1897.19 414.14 22.81 44.28 0 0.461952 943.82 259.93 23.23 36.79 0 0.457377 1898.05 266.34 20.64 36.62 0 0.447999 1731.70 369.55 24.05 35.71 0 0.429521 1622.90 270.43 23.20 40.35 0 0.428084 1768.83 415.79 35.11 54.24 0 0.409655 1899.46 219.52 18.67 29.91 0 0.401030 1746.22 370.56 25.14 35.51 0 0.380750 1487.04 138.62 22.91 33.18 0 0.368206 1598.30 267.59 23.54 38.98 0 0.360001 942.71 252.03 22.89 38.54 0 0.350614 1024.06 602.54 46.22 25.10 0 0.346433 1025.16 586.22 44.80 21.60 0 0.345199 1543.58 139.05 27.16 31.88 0 0.341576 1480.34 144.06 24.90 34.09 0 0.334117 1023.85 573.67 43.09 24.01 0 0.308844 1501.81 143.81 24.09 32.55 0 0.286829 1544.72 373.98 27.68 43.71 0 0.278925 1895.23 416.81 22.32 49.00 0 0.262974 1597.89 419.28 27.09 46.88 0 0.262427 1015.13 1020.29 57.31 32.57 0
409,0.643563 659.36 540.76 71.49 30.28 0 0.599184 179.80 511.78 75.72 33.22 0 0.589899 566.35 532.55 74.61 32.01 0 0.585510 468.72 530.46 82.17 32.06 0 0.575487 947.65 551.89 80.43 34.57 0 0.565825 756.65 536.49 73.95 33.23 0 0.557637 370.90 527.01 76.09 29.09 0 0.552343 846.66 546.76 76.31 29.78 0 0.541709 1042.67 552.07 73.49 29.71 0 0.398279 950.21 544.49 77.14 32.29 0 0.296050 27.84 513.19 47.29 20.60 0 0.280642 934.54 547.66 82.15 32.53 0
410,0.583262 705.65 994.22 45.96 81.71 1 0.556339 773.18 695.78 39.25 89.78 1 0.549390 768.70 89.24 25.77 15.66 0 0.501520 594.16 963.22 46.34 54.08 1 0.368519 758.62 62.64 25.43 15.76 0 0.347227 772.16 728.28 39.86 76.68 1 0.310162 740.78 38.31 21.34 16.76 0 0.299520 793.97 138.16 28.42 20.24 0 0.280669 751.98 59.76 26.97 17.80 0 0.270645 798.17 153.91 26.97 20.95 0
411,0.611920 719.40 205.04 32.85 21.32 0 0.566605 739.50 248.19 25.84 26.73 0 0.516946 800.14 415.23 28.04 40.21 0 0.450799 773.66 325.78 29.71 24.36 0 0.414666 760.27 280.72 27.52 25.86 0 0.395816 761.39 294.63 28.29 22.90 0 0.345307 718.56 183.71 30.02 16.78 0
412,0.623393 592.74 787.80 75.85 152.36 1 0.614445 747.49 645.78 35.49 55.50 0 0.606513 1098.43 818.72 30.81 56.00 0 0.603073 908.61 813.05 35.50 59.64 0 0.601095 1034.85 834.84 33.56 47.77 0 0.557143 550.44 755.19 47.98 32.23 0 0.553818 690.19 580.61 29.50 60.75 0 0.539650 1127.94 822.80 31.15 53.54 0 0.533554 655.67 654.31 30.98 53.39 0 0.526845 692.10 652.24 26.93 47.80 0 0.526379 715.44 579.31 32.39 61.10 0 0.497244 947.32 818.50 30.88 57.34 0 0.465848 567.51 751.77 42.49 33.07 0 0.396733 652.72 579.77 32.00 58.04 0 0.390589 748.19 631.57 34.21 64.46 0 0.375787 753.88 579.51 31.13 61.17 0 0.356784 19.78 1021.12 43.76 28.11 0 0.347760 811.61 777.85 57.91 34.83 0 0.346872 693.58 626.00 27.48 48.46 0 0.339735 531.71 556.16 42.26 66.73 0 0.319305 655.89 635.38 32.50 52.55 0 0.312093 201.43 1013.15 52.11 31.88 0 0.282813 1157.72 782.24 51.34 32.61 0 0.259017 871.11 815.79 30.33 43.44 0 0.252155 185.59 1010.78 54.74 28.03 0
413,0.646031 650.24 546.90 66.42 44.51 1 0.367112 765.60 544.29 22.92 16.44 0 0.317210 332.02 525.49 26.23 20.69 0 0.291168 316.88 522.86 28.28 17.48 0 0.253863 334.14 534.16 26.79 20.09 0
414,0.579926 410.75 705.42 23.60 19.14 0 0.520925 607.44 732.02 18.34 25.51 0 0.516561 285.72 685.82 25.57 19.77 0 0.497403 836.55 561.36 21.15 23.19 0 0.435672 525.77 724.29 22.56 23.25 0 0.382191 332.36 690.91 22.87 24.61 0 0.379959 957.21 617.98 20.78 20.19 0 0.352649 555.74 735.35 19.43 20.35 0 0.344372 357.25 692.36 22.73 24.50 0 0.342277 882.19 566.73 19.74 20.26 0 0.317074 867.80 563.54 16.42 20.91 0 0.293235 526.02 717.72 21.38 24.96 0 0.275434 337.78 737.97 21.77 20.37 0 0.274026 318.67 691.18 21.09 23.80 0 0.268355 165.65 727.96 29.47 20.10 1 0.258344 500.04 645.23 27.77 15.23 0
415,0.633712 100.23 294.40 46.75 56.23 0 0.616002 328.45 322.31 35.11 52.35 1 0.608709 47.60 436.95 44.11 64.51 0 0.604696 1039.09 352.12 48.05 63.78 0 0.593228 265.58 623.89 49.30 77.54 0 0.589911 300.83 449.46 44.37 62.06 0 0.576252 283.42 527.97 43.02 70.20 0 0.568554 184.53 85.83 37.38 43.83 0 0.558428 397.64 22.89 27.78 33.90 0 0.556349 377.67 105.87 26.89 33.10 0 0.544234 1274.55 583.88 50.47 63.47 0 0.525198 223.05 5.86 28.77 36.56 0 0.518074 358.43 199.97 29.14 42.15 0 0.482427 153.85 175.67 34.71 47.11 0 0.467473 520.37 580.10 16.21 18.60 2 0.369029 532.56 579.73 15.38 20.95 2 0.368934 0.00 607.82 25.07 73.43 0 0.362452 165.34 137.86 27.56 33.72 0 0.287566 577.18 413.40 12.09 17.95 2
416,0.697556 756.55 562.56 64.59 27.71 0 0.595588 1164.74 581.16 71.23 29.41 0 0.588708 1331.24 586.91 67.00 29.19 0 0.580748 839.13 567.70 68.10 25.90 0 0.577259 1248.93 585.82 71.28 30.83 0 0.554359 923.47 570.65 64.32 27.73 0 0.540726 589.92 552.15 67.69 29.30 0 0.536894 1002.50 572.59 63.49 26.96 0 0.504239 1085.89 577.52 61.62 27.49 0 0.442435 1088.37 572.73 57.18 28.20 0 0.384712 425.66 544.33 70.72 30.29 0
417,0.610507 871.60 552.10 67.19 34.43 1 0.448697 1085.74 686.33 25.75 23.31 1 0.439568 980.46 620.61 32.66 15.61 0 0.396104 602.60 492.33 19.28 18.65 0 0.390403 578.05 444.39 13.23 16.55 0
418,0.732526 601.59 604.08 24.61 49.99 0 0.675251 788.31 717.64 28.07 52.27 0 0.664912 602.34 546.51 22.26 43.44 0 0.663920 696.87 722.61 26.69 53.43 0 0.659892 719.57 529.96 23.77 47.61 0 0.655787 572.07 607.65 24.79 54.99 0 0.648911 1794.15 709.26 42.20 51.99 0 0.647670 1006.58 696.56 27.56 51.51 0 0.645316 1767.81 646.85 40.50 49.70 0 0.643030 598.03 741.20 27.20 53.02 0 0.640919 724.93 719.57 26.27 51.48 0 0.640716 1032.79 508.25 21.29 42.41 0 0.638088 853.73 713.77 25.70 52.47 0 0.637705 1073.74 556.66 26.52 44.93 0 0.631813 838.18 579.61 26.87 50.54 0 0.631112 928.66 575.03 25.52 48.25 0 0.628361 1006.10 508.39 23.57 42.93 0 0.624215 1831.30 781.96 38.67 52.87 0 0.623911 914.81 702.64 27.20 54.82 0 0.622630 1043.83 917.32 32.26 63.46 0 0.621669 600.01 813.70 28.25 54.32 0 0.611899 775.30 532.83 25.64 45.92 0 0.609161 983.20 562.08 26.07 49.84 0 0.606575 819.89 714.92 28.01 53.77 0 0.604355 975.48 699.67 26.43 50.77 0 0.602661 630.40 601.01 24.72 48.70 0 0.601447 976.07 506.50 23.60 43.61 0 0.600982 631.22 544.37 22.47 43.68 0 0.600360 687.52 593.52 25.15 50.59 0 0.595682 719.86 587.34 23.01 50.36 0 0.589379 862.07 518.46 23.50 44.49 0 0.588148 665.40 730.00 27.12 56.05 0 0.586366 891.89 517.69 23.33 44.27 0 0.582402 830.08 524.69 26.00 44.20 0 0.581709 809.14 582.98 24.56 52.17 0 0.580067 1109.07 910.99 31.24 64.21 0 0.575850 868.52 581.37 26.40 49.90 0 0.574992 1015.80 560.94 24.71 49.38 0 0.573875 1771.90 305.21 35.87 36.92 1 0.569905 1142.71 899.64 34.62 60.14 0 0.567876 746.20 528.57 22.39 44.80 0 0.564029 1250.71 542.58 25.08 65.33 1 0.563833 566.22 742.16 27.15 53.52 0 0.556230 631.51 736.45 27.78 57.48 0 0.555170 944.39 702.50 27.19 53.08 0 0.550076 1070.87 695.56 25.48 49.79 0 0.547359 757.64 721.37 28.60 54.97 0 0.545997 749.88 589.81 24.11 50.12 0 0.539258 528.66 811.16 28.18 60.16 0 0.537768 919.19 516.17 23.38 45.12 0 0.531287 1528.94 298.93 43.90 21.69 0 0.531001 1252.78 541.92 28.90 69.85 1 0.528142 532.42 740.45 29.57 57.43 0 0.527376 535.91 550.44 27.02 45.14 0 0.526372 1047.01 565.35 25.56 47.03 0 0.508529 1715.80 523.43 33.80 45.20 0 0.498868 1040.63 697.56 26.44 49.88 0 0.490345 540.37 608.72 26.58 55.56 0 0.483013 1183.22 203.76 27.71 45.09 0 0.480353 1161.75 994.19 32.56 60.92 0 0.467956 563.21 811.42 29.63 54.77 0 0.464424 900.89 578.06 26.56 48.46 0 0.425334 1434.81 83.53 42.32 19.05 0 0.420804 1515.79 296.63 44.02 23.92 0 0.414545 1529.88 341.18 47.90 22.60 0 0.404380 1390.19 0.00 41.22 12.78 0 0.403720 1248.54 541.79 24.26 54.51 1 0.399114 1530.77 324.77 45.61 23.02 0 0.382841 1521.32 278.62 46.47 21.60 0 0.381686 1665.64 412.80 34.71 41.24 0 0.376280 1511.49 278.35 49.11 22.11 0 0.375289 782.24 590.97 24.31 49.51 0 0.363052 1626.28 312.01 23.63 35.32 0 0.350512 808.15 531.45 24.34 42.51 0 0.312289 539.79 548.19 27.84 47.74 0 0.307237 657.89 596.23 25.74 48.53 0 0.306234 537.55 472.80 13.20 23.37 3 0.300792 1536.17 332.22 43.79 25.13 0 0.299533 948.76 515.82 25.77 45.34 0 0.294744 1537.30 338.85 45.01 24.07 0 0.290859 855.60 717.18 26.33 57.51 0 0.281974 1666.56 420.70 32.77 37.86 0
419,0.795182 87.11 35.84 53.06 33.70 1 0.551947 471.71 6.23 42.70 23.59 0 0.533528 35.73 266.32 53.74 35.71 0 0.495185 1.76 281.99 49.38 32.89 0 0.474541 251.41 78.65 47.86 21.90 0 0.465879 40.10 61.39 45.09 27.60 0 0.448422 34.48 464.95 15.08 17.52 2 0.441302 239.21 3.61 40.14 21.36 0 0.417552 235.99 5.38 39.86 22.39 0 0.411053 119.16 622.84 15.18 19.29 2 0.392216 253.78 631.71 12.55 16.23 2 0.391019 546.36 165.02 34.88 39.13 0 0.390420 0.00 75.96 29.70 23.44 0 0.371304 709.88 617.47 9.61 10.16 2 0.358802 114.43 459.01 18.25 17.17 2 0.333222 285.47 594.33 13.44 14.41 2 0.328338 550.73 167.59 32.22 44.93 0 0.320968 36.54 66.09 45.00 24.60 0 0.316668 203.33 575.91 15.26 17.00 2 0.314276 149.88 634.33 18.28 18.92 2 0.312561 245.48 5.18 35.61 22.29 0 0.310977 609.48 682.30 13.84 11.51 2 0.308487 165.85 560.43 14.23 16.63 2 0.306197 139.62 542.10 16.09 18.60 2 0.277322 136.94 646.82 19.56 18.70 2 0.272966 79.17 492.90 17.30 20.44 2 0.264722 281.45 580.88 14.84 15.15 2 0.253378 623.49 681.91 13.76 11.56 2 0.252125 183.85 596.52 15.25 16.77 2 0.251511 234.36 678.62 16.47 14.80 2
420,0.590478 398.81 437.88 281.85 104.05 0 0.499757 795.62 478.73 302.33 97.82 0 0.456565 755.04 476.69 296.28 90.24 0 0.266837 757.26 322.16 101.97 101.86 1
421,0.568498 1625.03 764.21 62.11 27.05 0 0.495299 1214.01 764.16 60.06 26.91 0 0.492295 890.93 760.72 58.68 26.65 0 0.477713 390.80 341.53 31.18 32.54 0 0.465202 1872.89 761.65 47.05 28.93 0 0.432918 202.41 1047.97 46.87 21.84 0 0.392982 484.75 115.65 20.31 16.15 0 0.387961 94.10 976.21 26.47 15.31 0 0.352208 482.09 448.21 42.85 26.26 0 0.351743 393.77 338.75 32.42 31.89 0 0.332587 376.59 44.26 40.07 19.00 0 0.319957 466.87 812.03 45.60 23.47 0 0.313423 571.86 65.78 41.85 16.11 0 0.303853 424.38 41.28 40.60 18.67 0
422,0.604497 1416.18 415.82 248.12 78.92 0 0.579612 858.65 403.84 229.50 82.90 0 0.559269 557.70 402.00 215.42 79.13 0 0.557621 191.73 381.45 272.73 85.72 0 0.477824 222.66 377.87 284.35 95.42 0 0.419012 1717.11 428.57 202.89 79.86 0 0.297821 868.86 422.25 219.43 72.10 0 0.294428 0.00 388.09 125.48 78.12 0 0.279632 231.68 391.34 226.23 82.14 0
423,0.623395 1175.85 755.26 27.74 57.02 0 0.608639 807.86 639.45 35.86 76.18 1 0.589492 791.16 1020.40 56.42 26.92 0 0.584291 1140.96 833.54 30.21 54.10 0 0.582133 783.13 950.03 57.44 29.00 0 0.515151 757.24 906.09 70.44 36.50 1 0.510631 1317.31 451.44 51.00 26.94 0 0.488185 1248.50 201.83 33.24 19.30 0 0.455279 1274.09 42.63 23.20 27.96 0 0.431856 1243.33 163.07 43.64 21.87 0 0.423131 1309.27 488.55 35.54 23.57 0 0.412731 1089.66 538.13 22.03 38.32 0 0.409259 1366.50 39.52 20.82 26.70 0 0.405847 1274.09 51.86 24.58 26.66 0 0.400658 1341.67 130.90 27.45 20.89 0 0.383001 1303.24 352.13 42.68 19.32 0 0.376292 1342.56 40.08 21.59 25.59 0 0.372007 1485.99 0.00 32.52 16.65 0 0.366016 1340.65 116.23 28.47 20.06 0 0.354433 1434.91 36.92 20.25 33.19 0 0.340023 806.65 685.76 38.43 47.09 1 0.336686 1409.17 32.80 21.70 33.72 0 0.320103 1101.93 218.79 16.01 30.57 0 0.319186 1298.01 347.94 49.35 20.88 0 0.318324 1373.19 759.99 33.61 26.92 0 0.316381 1241.73 141.34 41.82 21.66 0 0.294952 1380.08 781.27 41.90 23.82 0 0.291490 1360.54 61.85 28.25 22.00 0 0.284308 1374.55 8.47 18.01 26.90 0 0.282076 1373.35 772.11 38.04 26.53 0 0.277507 1695.37 17.00 29.52 17.57 0 0.260648 1649.28 0.00 36.94 10.19 0
424,0.626411 593.91 419.94 280.04 94.55 0 0.554149 148.37 426.47 300.38 90.42 0 0.523593 1039.41 442.78 296.13 90.00 0 0.453013 192.44 420.62 305.96 93.08 0 0.415918 1012.73 448.56 261.97 80.93 0 0.408571 618.95 407.73 252.29 88.93 0 0.326678 630.49 417.96 279.26 86.54 0 0.303558 1600.37 411.19 274.87 118.19 1 0.300910 1513.33 392.72 310.04 169.47 1 0.291263 117.01 9.89 24.68 26.05 0 0.283436 2.91 8.01 45.03 28.08 0 0.280866 146.68 12.24 21.71 28.50 0
425,0.664248 1176.26 366.54 52.69 25.54 0 0.621953 744.05 565.52 57.19 25.16 0 0.597088 979.42 394.01 54.57 27.01 0 0.594227 997.23 306.71 48.93 23.50 0 0.592100 1187.81 205.65 48.21 22.92 0 0.590783 754.97 493.48 53.00 25.34 0 0.575602 1178.20 468.77 52.29 22.86 0 0.573785 1186.38 258.77 45.04 21.90 0 0.566400 745.90 540.50 54.57 26.22 0 0.560507 997.33 249.87 47.05 21.45 0 0.557917 664.09 561.57 55.30 22.16 0 0.554142 1114.20 373.96 52.45 25.35 0 0.551721 999.68 277.70 47.32 21.54 0 0.547411 949.32 559.91 56.61 25.38 0 0.543241 1121.83 297.54 50.64 23.57 0 0.534579 1000.86 226.55 47.90 20.02 0 0.534077 1170.96 580.14 51.55 23.48 0 0.526531 954.25 533.15 54.72 25.78 0 0.517484 1125.92 201.60 47.64 22.37 0 0.514286 972.68 460.48 51.95 25.53 0 0.513728 1114.30 401.72 51.48 23.57 0 0.513622 1169.74 496.59 52.04 25.50 0 0.512335 1126.39 272.46 47.71 23.96 0 0.512323 1120.84 322.10 53.18 24.82 0 0.505854 1108.16 474.55 50.08 23.79 0 0.505666 1114.46 344.54 56.21 25.26 0 0.499784 992.73 329.19 48.18 23.32 0 0.495616 970.04 484.23 53.68 25.91 0 0.494678 1185.68 425.25 43.25 21.70 0 0.494178 1127.37 230.60 47.18 24.13 0 0.491773 1112.11 426.25 50.76 23.59 0 0.484987 1109.21 547.16 49.16 24.75 0 0.482633 1185.12 325.67 47.23 21.87 0 0.477451 950.01 204.97 42.03 16.89 0 0.472111 1099.94 603.21 55.93 24.43 0 0.460779 963.86 508.09 52.38 25.58 0 0.460756 1110.04 449.35 52.09 24.22 0 0.455711 1113.60 522.25 49.04 26.24 0 0.454201 942.89 228.17 42.84 19.40 0 0.454041 1187.62 439.56 45.83 22.29 0 0.441913 1127.33 245.49 47.95 24.30 0 0.441321 984.73 370.41 49.27 21.87 0 0.430078 1108.70 519.34 49.77 26.95 0 0.429288 974.03 439.10 51.82 25.08 0 0.421715 954.61 187.05 41.15 20.34 0 0.420725 1175.11 399.43 50.74 25.17 0 0.412271 991.01 346.99 45.12 21.42 0 0.410675 1295.94 208.62 24.57 14.15 3 0.407159 1297.36 328.23 25.09 15.98 3 0.385700 1183.66 535.31 48.33 27.33 0 0.364195 1005.23 211.44 43.11 19.63 0 0.339367 1183.92 347.35 50.72 21.37 0 0.326461 1094.93 572.15 55.59 26.99 0 0.323903 1008.77 207.10 44.16 19.09 0 0.321919 1126.10 280.33 47.17 22.40 0 0.321090 1184.45 200.83 49.92 24.99 0 0.318717 1124.94 253.02 50.36 21.59 0 0.307706 941.32 207.21 40.59 18.52 0 0.281014 1011.39 189.33 40.11 21.11 0 0.280353 1302.48 811.12 23.57 12.97 3 0.277144 1175.20 561.41 50.21 23.97 0 0.272930 1000.57 304.07 50.40 22.26 0
426,0.589519 743.72 501.24 42.24 43.70 1 0.531654 564.91 945.05 70.40 103.70 0 0.395944 1717.25 459.48 37.36 25.27 0 0.356946 749.12 508.28 39.59 37.44 1 0.310593 1706.30 455.12 46.97 29.73 0 0.298116 907.64 427.95 26.36 18.75 0 0.292168 734.13 487.44 46.84 46.37 1 0.289563 468.95 984.55 33.29 46.21 0 0.277620 1710.45 446.57 46.06 30.54 0 0.255796 476.64 968.61 42.72 39.94 0
427,0.677085 1098.10 558.77 28.57 51.64 0 0.594349 493.20 779.12 58.42 27.86 0 0.558830 724.36 991.01 68.10 33.39 0 0.550573 1097.83 632.48 31.62 48.71 0 0.495974 220.65 546.69 37.79 42.96 0 0.449129 878.12 999.20 59.81 32.43 0 0.414834 254.71 573.42 50.88 36.81 0 0.374590 560.29 583.06 52.95 37.03 0 0.302049 224.53 539.76 36.71 38.75 0 0.290791 560.76 593.60 47.90 35.51 0 0.267706 65.99 530.15 43.10 47.13 1 0.261244 697.51 491.43 34.48 24.12 0
428,0.719168 1006.55 381.39 24.27 55.72 0 0.689466 574.39 736.69 24.11 46.57 0 0.660691 724.50 721.71 25.82 53.33 0 0.652549 744.21 306.45 25.07 50.56 0 0.647978 909.23 380.84 25.00 55.63 0 0.640860 1007.48 498.25 23.57 50.56 0 0.640417 1035.56 298.15 23.60 52.22 0 0.633902 626.46 404.39 29.11 53.36 0 0.633588 812.01 383.77 26.17 56.97 0 0.624803 865.96 739.61 25.68 54.98 0 0.620104 144.00 118.24 33.45 56.06 0 0.615779 939.66 379.55 25.07 52.67 0 0.614641 676.75 315.76 26.44 50.27 0 0.613713 908.19 740.30 23.91 51.57 0 0.608765 870.47 301.76 24.47 54.71 0 0.606474 810.77 305.84 24.12 56.09 0 0.604211 966.41 298.30 24.98 54.37 0 0.590500 1036.22 501.22 22.52 48.14 0 0.590395 645.32 320.76 26.91 53.51 0 0.589945 140.60 436.87 28.54 50.83 0 0.585507 204.61 110.27 30.42 57.52 0 0.584547 240.98 114.35 27.58 53.73 0 0.571388 832.90 724.40 24.20 52.36 0 0.568183 933.94 303.27 24.73 52.28 0 0.562406 140.32 0.00 25.77 48.06 0 0.560847 534.66 724.75 24.71 46.04 0 0.559113 592.16 411.83 28.26 52.12 0 0.556970 113.74 438.03 26.67 51.42 0 0.556730 1000.81 297.24 24.56 56.83 0 0.552798 775.51 309.91 25.75 51.76 0 0.547443 275.80 108.26 30.26 55.61 0 0.546259 81.59 0.00 36.35 53.30 0 0.537270 1079.71 371.76 24.30 52.18 0 0.536676 555.25 120.81 31.42 64.11 0 0.534144 187.69 242.48 29.20 55.36 0 0.533237 844.80 381.74 29.68 59.87 0 0.532965 227.37 241.25 28.67 55.39 0 0.520832 1048.62 639.99 61.39 28.98 0 0.498588 709.29 310.38 26.57 51.90 0 0.493642 477.65 218.02 29.76 42.99 0 0.490769 654.73 728.01 27.13 49.59 0 0.485194 901.87 296.42 26.10 59.91 0 0.481431 1046.09 374.68 24.74 53.25 0 0.475120 819.36 0.00 41.59 34.47 0 0.473601 824.41 181.60 28.79 57.03 0 0.472141 608.85 731.13 26.84 45.42 0 0.469532 535.36 732.66 26.93 49.25 0 0.463279 967.83 499.11 26.69 46.89 0 0.456418 777.20 391.05 26.60 55.66 0 0.442047 526.41 594.87 45.95 24.89 0 0.424133 969.01 377.65 25.65 55.04 0 0.422055 1026.80 602.39 54.42 25.97 0 0.421233 801.66 726.50 26.50 50.30 0 0.413147 71.84 444.42 33.74 55.77 0 0.381784 368.27 225.16 32.13 59.55 0 0.370760 551.28 667.58 35.43 26.04 0 0.357836 813.82 500.90 54.55 26.02 0 0.317921 540.80 630.44 34.21 26.88 0 0.299038 771.51 308.47 25.38 52.93 0 0.295952 567.10 665.75 33.43 28.48 0 0.281312 674.05 308.49 26.00 53.15 0 0.274863 541.37 740.47 25.98 45.18 0 0.259796 664.21 13.61 42.22 45.52 0
429,0.601083 970.37 425.75 293.75 108.31 0 0.559402 252.29 446.22 277.18 78.31 0 0.533655 42.95 458.91 152.45 70.69 0 0.497260 241.20 440.02 237.35 77.60 0 0.484729 6.06 451.94 198.34 79.24 0 0.419018 710.85 464.57 280.38 94.90 0 0.369938 271.08 428.89 279.74 88.62 0 0.351849 0.00 432.00 187.42 81.96 0 0.272292 679.43 461.59 261.36 94.27 0
430,0.676638 1573.61 739.62 44.51 49.98 0 0.645505 1504.19 606.32 46.06 57.60 0 0.624802 49.67 582.37 37.49 52.49 0 0.593218 1476.00 554.07 43.57 46.63 0 0.592368 1567.84 731.62 46.89 55.33 0 0.583647 481.41 24.92 55.29 34.16 0 0.582630 799.33 217.69 35.65 44.97 0 0.578776 1660.66 757.54 51.07 49.73 0 0.576286 1320.60 710.09 52.15 28.47 0 0.573439 737.17 635.72 56.03 31.74 0 0.572352 1381.16 801.61 55.72 35.46 0 0.565466 1530.55 665.83 48.87 49.88 0 0.562665 221.96 126.46 56.78 27.71 0 0.556252 527.50 558.22 54.84 31.80 0 0.554426 1203.16 447.32 49.86 27.59 0 0.548072 605.81 527.08 63.30 37.52 0 0.548057 1641.30 856.46 49.85 51.10 0 0.545461 470.46 582.71 55.02 32.73 0 0.540948 1644.60 981.75 43.74 39.85 0 0.536532 754.05 122.65 35.81 46.56 0 0.535742 210.37 989.42 30.14 53.54 0 0.533774 806.29 603.97 62.81 34.34 0 0.532920 208.16 77.32 55.67 26.06 0 0.532449 1401.40 873.13 60.08 38.73 0 0.528181 294.11 2.72 55.18 28.78 0 0.527472 201.12 40.22 48.79 24.09 0 0.524909 55.51 126.95 48.98 26.18 0 0.520789 15.19 63.97 61.21 28.43 0 0.511685 549.75 704.60 65.35 41.04 0 0.511038 1314.45 858.79 38.67 59.89 0 0.503467 424.37 754.30 58.59 37.37 0 0.502123 624.98 678.21 58.81 32.55 0 0.499486 746.28 630.31 51.29 30.42 0 0.498630 206.98 57.38 49.70 23.54 0 0.497667 148.58 58.22 43.39 26.29 0 0.485646 80.66 220.44 51.70 30.51 0 0.477737 1609.96 812.15 43.82 45.72 0 0.472338 1316.95 680.99 59.54 29.20 0 0.459642 52.51 156.67 55.31 23.55 0 0.456867 49.19 130.15 50.69 25.01 0 0.456098 489.59 728.76 55.10 36.65 0 0.451778 819.48 269.21 34.71 42.31 0 0.448514 1538.42 748.21 51.56 43.05 0 0.447971 361.54 13.15 59.58 27.59 0 0.445159 617.62 683.18 62.53 29.51 0 0.432963 1607.85 799.33 41.34 40.33 0 0.429055 11.72 54.03 57.47 27.60 0 0.423420 485.16 732.11 52.81 35.95 0 0.420793 637.25 0.00 65.45 32.17 0 0.416990 59.71 175.38 56.86 28.25 0 0.414134 48.87 153.33 53.61 24.90 0 0.413524 1519.01 756.42 52.71 34.82 0 0.413300 1560.96 835.24 56.25 35.92 0 0.412831 1393.21 477.64 48.50 49.85 0 0.412092 104.07 406.34 32.35 46.95 0 0.411457 1656.23 749.29 54.93 52.05 0 0.409987 1449.72 492.98 36.47 33.77 0 0.407943 1562.79 573.50 37.74 55.93 1 0.407789 1627.48 695.35 49.54 47.34 0 0.406681 1138.28 475.06 46.63 25.63 0 0.405799 114.25 0.00 58.47 23.33 0 0.404749 6.60 34.03 55.60 25.97 0 0.400190 402.33 607.30 55.15 29.66 0 0.400162 1166.82 1003.61 58.26 43.96 0 0.392716 1310.05 642.89 54.10 32.64 1 0.388346 1592.04 880.65 57.47 52.29 1 0.380915 263.69 1002.98 27.79 48.18 0 0.379083 1123.58 779.62 41.24 52.16 0 0.377738 305.37 823.46 55.41 33.77 0 0.376226 1561.19 726.86 49.97 51.62 0 0.372969 971.88 809.25 35.96 26.44 0 0.372568 125.32 14.73 54.96 27.44 0 0.369504 1623.26 956.78 47.77 34.42 0 0.366325 119.72 2.23 51.97 28.14 0 0.365469 367.66 0.00 53.12 20.37 0 0.364543 219.31 108.32 56.87 25.56 0 0.358236 343.79 56.44 80.97 44.10 1 0.352849 1626.30 684.36 43.58 43.07 0 0.351124 12.10 41.00 55.71 25.17 0 0.350608 61.88 158.61 53.92 24.38 0 0.348100 999.63 520.36 56.64 32.80 0 0.346959 16.12 72.97 57.19 28.79 0 0.345296 1581.68 864.05 63.26 48.87 1 0.341138 1361.65 768.73 63.88 30.87 0 0.340971 1348.90 737.22 56.95 29.28 0 0.339629 281.55 818.47 54.25 30.30 0 0.334738 9.34 492.15 36.09 50.68 0 0.332099 1879.28 32.65 40.58 41.78 0 0.331427 1872.96 39.12 44.12 39.92 0 0.329685 1324.96 559.08 35.00 31.55 0 0.329406 83.59 968.58 43.93 37.20 0 0.327578 1337.29 713.62 50.77 27.35 0 0.325704 118.05 464.80 35.56 49.46 0 0.325280 217.29 101.67 55.90 27.07 0 0.325241 364.13 52.34 73.38 43.89 1 0.322186 1443.80 989.64 42.05 36.91 0 0.320767 360.10 27.34 60.02 29.01 0 0.312429 1330.90 560.00 35.59 31.58 0 0.307395 1309.53 862.73 38.86 60.49 0 0.299426 367.48 41.71 65.92 29.43 0 0.298384 949.86 822.76 36.60 24.35 0 0.295136 1393.09 840.87 58.05 32.02 0 0.294357 82.93 212.31 50.54 30.91 0 0.294322 1472.19 1037.75 57.53 34.96 1 0.293450 1634.80 701.31 47.48 52.62 0 0.293361 1524.44 726.41 44.82 32.36 0 0.293142 1306.11 647.93 58.85 35.32 1 0.290925 358.08 0.00 58.19 23.51 0 0.289266 1871.31 32.70 43.21 38.17 0 0.283900 1127.27 481.71 42.43 27.21 0 0.282200 328.25 82.39 57.58 34.90 1 0.281375 5.66 131.95 34.33 22.64 0 0.280074 362.54 31.65 62.74 30.38 0 0.279876 1340.41 738.57 52.94 28.19 0 0.276235 995.71 527.28 51.39 35.50 0 0.273919 598.49 907.74 65.75 37.31 0 0.268332 1520.94 302.21 39.30 26.78 0 0.266689 1435.67 580.77 43.12 29.75 0 0.264456 125.95 25.61 46.29 25.86 0 0.263401 1445.47 574.57 45.63 33.18 0 0.263060 826.78 283.88 32.74 38.33 0 0.262666 1580.65 862.05 62.37 43.83 0 0.258182 0.00 109.34 31.47 18.92 0 0.256692 1522.93 484.66 30.29 41.41 0 0.254875 99.56 399.50 31.31 49.92 0 0.254783 1326.49 548.67 30.44 27.02 0 0.254032 1606.04 916.51 52.95 45.78 1 0.253956 1408.52 255.86 22.41 15.57 3 0.253408 1402.29 487.12 45.20 47.98 0 0.251398 310.36 36.07 55.55 25.99 0 0.250753 605.46 522.83 68.59 35.30 0
431,0.776652 1113.95 391.60 31.20 52.40 1 0.604812 149.23 226.62 14.53 17.42 2 0.599650 1120.67 302.17 26.14 31.20 0 0.592429 1117.33 349.58 28.15 33.41 0 0.586686 1132.83 202.87 27.48 35.40 0 0.571443 568.40 674.08 62.14 32.20 0 0.558441 833.29 242.30 36.56 26.08 0 0.540610 740.25 133.15 42.01 35.92 1 0.504195 421.56 74.94 11.06 13.74 2 0.480232 1128.44 261.33 23.56 36.33 0 0.480171 1119.10 344.10 26.54 33.93 0 0.463714 1272.18 420.87 60.03 39.95 1 0.458061 1245.68 583.06 37.63 105.74 1 0.457569 873.89 51.20 38.54 21.96 0 0.453564 1091.14 554.71 27.01 49.48 0 0.398232 437.80 0.76 18.10 24.41 2 0.396699 839.93 213.97 43.15 22.59 0 0.372960 182.00 147.15 13.84 15.21 2 0.365099 475.63 126.58 9.72 13.75 2 0.347491 1261.69 423.45 59.01 35.44 1 0.336673 332.89 108.31 16.70 16.76 2 0.331913 422.24 164.13 10.13 12.03 2 0.322171 1248.18 587.76 36.50 68.22 1 0.318482 837.13 218.86 40.88 25.09 0 0.317794 871.28 48.26 39.01 20.85 0 0.298488 357.22 57.82 13.36 19.11 2 0.295793 944.40 95.63 15.10 12.53 3 0.285549 401.86 61.73 12.58 17.41 2 0.282289 441.40 698.94 13.60 14.02 2 0.257770 404.80 107.94 11.51 14.45 2
432,0.694659 516.05 829.89 42.75 72.52 1 0.658107 901.12 616.87 33.71 55.06 1 0.627514 1025.10 451.03 37.63 56.08 1 0.566928 968.37 763.59 31.28 57.58 0 0.531342 910.41 723.61 31.75 56.77 0 0.517619 618.05 838.06 36.61 69.02 0 0.494704 1343.95 909.55 70.81 32.85 0 0.475297 845.13 831.20 26.56 18.17 3 0.473333 266.20 931.99 70.04 36.43 0 0.453748 845.58 779.84 27.43 18.90 3 0.433188 917.50 979.38 66.23 38.42 0 0.429961 563.48 724.79 54.48 33.53 0 0.423639 977.53 1049.51 31.99 15.31 3 0.421853 662.25 924.88 80.91 35.51 0 0.406783 843.95 728.35 28.38 19.83 3 0.399283 572.69 727.52 48.94 33.50 0 0.391065 1009.53 33.10 28.91 22.60 0 0.377920 1010.55 64.75 26.91 20.35 0 0.347863 580.05 835.33 36.46 78.18 1 0.332898 819.53 892.80 49.56 50.68 0 0.321982 970.60 686.47 27.59 48.53 0 0.307438 1539.46 1035.67 35.67 23.42 3 0.280632 1028.48 223.57 30.04 28.14 0 0.274470 267.37 926.87 71.04 34.97 0 0.263674 556.01 722.21 55.11 37.26 0 0.262066 847.87 782.01 31.34 17.25 3 0.257628 799.90 901.22 53.98 45.60 0
433,0.597898 605.75 425.80 290.48 100.36 0 0.589675 1286.17 448.37 233.36 89.08 0 0.572251 981.05 446.29 215.35 82.68 0 0.457244 1794.67 476.32 106.64 59.39 0 0.452379 148.36 393.96 302.58 131.49 1 0.313067 1304.52 437.10 204.49 87.95 0
434,0.601276 845.45 477.74 23.23 46.39 0 0.519548 827.52 899.87 30.76 63.18 0 0.480243 339.61 86.67 21.36 30.33 0 0.318373 855.50 1.80 22.46 35.18 0 0.310548 281.70 43.78 22.65 32.72 0 0.276979 321.32 47.28 22.24 31.66 0
435,0.589093 834.33 391.05 33.19 32.79 0 0.583602 1075.90 459.81 34.16 40.02 0 0.567361 1303.75 252.51 68.27 28.96 0 0.567168 1172.41 385.10 36.09 46.45 0 0.566832 941.85 608.15 50.95 41.73 0 0.561428 592.14 608.06 37.26 37.69 0 0.560135 708.29 705.58 41.31 36.00 0 0.534272 667.72 470.08 47.65 33.38 0 0.513880 1177.21 161.50 54.38 25.19 0 0.513632 1025.27 420.99 38.44 35.32 0 0.511851 984.00 504.81 36.19 44.12 0 0.510548 1119.97 609.05 30.40 38.04 0 0.506267 1166.70 655.89 29.06 35.77 0 0.504352 654.45 507.60 46.79 32.90 0 0.498316 777.33 793.88 42.04 35.36 0 0.484043 1043.72 548.82 36.03 39.41 0 0.483923 661.91 652.31 31.54 33.26 0 0.482526 786.74 828.17 52.38 39.73 0 0.481314 826.44 849.87 40.77 37.93 0 0.481181 670.25 475.75 50.11 35.32 0 0.480892 1038.87 843.67 41.57 37.32 0 0.477064 1219.36 593.38 32.74 34.57 0 0.476357 628.63 536.14 43.91 35.82 0 0.473446 1074.52 602.00 29.56 38.04 0 0.469383 1092.79 765.68 41.90 40.31 0 0.465899 1183.53 698.76 32.28 32.47 0 0.460808 1008.97 533.54 34.65 38.56 0 0.460321 618.55 626.48 40.74 41.17 0 0.455109 863.87 416.74 43.78 36.02 0 0.452297 1215.21 599.76 32.83 35.53 0 0.449021 1022.13 516.25 29.67 36.79 0 0.447449 1195.08 683.96 31.60 34.42 0 0.445557 933.10 364.72 37.88 38.47 0 0.444650 1202.75 563.65 32.03 31.59 0 0.443335 1225.46 708.26 31.74 36.79 0 0.437962 877.81 400.42 33.62 35.39 0 0.437655 1173.84 546.74 27.09 36.84 0 0.431456 1190.25 583.53 32.82 32.54 0 0.428398 1026.73 836.43 42.27 34.32 0 0.422805 1101.33 617.62 31.28 38.83 0 0.421501 1015.29 874.90 44.49 41.88 0 0.421342 560.97 573.27 47.30 43.64 0 0.419734 434.82 44.88 39.40 42.07 0 0.417309 691.72 3.08 49.48 45.74 0 0.415158 444.75 37.95 37.03 34.25 0 0.414658 986.94 403.07 38.40 40.04 0 0.412584 1143.35 628.66 31.06 33.69 0 0.407691 1036.28 555.06 37.46 40.21 0 0.407677 757.60 763.63 42.10 38.35 0 0.400693 1215.66 105.17 41.84 31.35 0 0.400616 996.07 670.00 43.35 35.77 0 0.399465 1139.86 532.83 31.59 41.18 0 0.397302 973.51 387.71 42.12 40.99 0 0.394264 1149.05 669.49 33.55 34.46 0 0.391881 997.76 396.39 39.35 38.19 0 0.387573 1095.26 587.51 30.46 41.26 0 0.386814 1076.42 737.51 41.70 43.73 0 0.381916 1030.30 840.81 42.64 35.57 0 0.367760 820.79 856.28 43.53 41.02 0 0.365545 1050.83 715.99 31.26 37.80 0 0.361398 1183.74 584.86 31.40 33.44 0 0.360734 492.12 83.28 48.24 37.67 0 0.359277 1109.39 516.78 29.24 37.73 0 0.357343 1063.05 472.47 32.42 37.79 0 0.357056 997.41 506.65 30.83 42.89 0 0.349133 975.47 377.57 34.60 34.86 0 0.346138 953.15 354.80 36.18 36.15 0 0.345597 1244.99 623.19 32.53 35.45 0 0.344798 866.92 408.77 41.80 40.54 0 0.339217 1191.74 693.12 32.34 36.68 0 0.333388 1218.75 713.92 31.91 37.54 0 0.329153 1033.85 452.96 36.17 37.64 0 0.327235 703.10 0.00 41.68 32.56 0 0.326704 475.06 64.66 38.53 36.10 0 0.323819 1253.28 617.52 29.68 33.98 0 0.318627 900.51 165.83 29.67 36.93 0 0.309868 660.34 0.00 34.73 24.85 0 0.304124 1125.60 646.58 31.37 30.45 0 0.299667 702.29 711.03 44.53 36.34 0 0.296147 804.27 101.67 42.35 39.71 0 0.289940 497.14 94.89 48.72 36.00 0 0.285216 995.00 665.19 41.41 35.30 0 0.281450 1127.48 517.56 30.86 38.35 0 0.278837 651.02 512.75 47.08 34.71 0 0.276804 1022.14 529.37 31.06 36.62 0 0.271585 968.89 384.84 39.28 36.44 0 0.266523 1132.94 499.89 26.92 29.82 0 0.263445 1350.25 194.21 30.93 53.32 0 0.261885 1172.11 673.86 35.20 36.42 0 0.259147 1025.78 431.53 37.85 38.42 0 0.258154 1137.00 539.58 29.99 42.37 0 0.258150 512.40 104.20 45.70 36.54 0
436,0.633568 688.29 676.35 169.26 83.67 0 0.631619 1203.96 952.98 174.63 107.84 0 0.630808 1206.12 287.93 95.70 50.32 0 0.622016 731.84 354.90 116.81 58.72 0 0.616915 1049.41 686.49 154.54 80.54 0 0.613503 531.16 781.39 173.65 100.24 0 0.582325 1121.09 799.11 163.23 97.56 0 0.578290 1158.11 877.62 168.70 100.66 0 0.576100 406.42 404.25 113.49 59.76 0 0.573230 131.35 801.49 181.60 83.78 0 0.569805 582.87 1000.31 170.06 77.77 0 0.568834 666.51 535.35 137.36 74.29 0 0.548866 111.59 448.24 125.15 61.26 0 0.547454 1019.56 616.83 157.15 86.56 0 0.547158 249.57 429.48 141.13 66.19 0 0.537402 726.95 808.02 196.16 85.20 0 0.524089 502.75 599.03 162.45 75.83 0 0.523933 567.16 371.87 115.01 63.45 0 0.512221 100.12 961.99 210.03 94.22 0 0.510879 159.53 752.91 157.18 68.73 0 0.498656 0.00 723.16 111.15 61.00 0 0.495780 110.61 872.88 202.81 91.12 0 0.495688 2.53 788.68 114.98 81.60 1 0.484476 38.90 517.93 147.17 54.32 0 0.482684 150.31 689.78 169.62 77.20 0 0.478615 98.64 453.70 127.34 65.94 0 0.468153 127.64 820.69 182.75 85.21 0 0.466185 82.22 504.37 105.02 53.38 0 0.466157 535.14 771.99 166.77 86.24 0 0.456278 503.10 608.73 159.85 85.46 0 0.447896 0.00 460.51 50.58 67.91 0 0.444115 663.29 524.89 141.58 64.96 0 0.432516 1028.71 608.89 146.45 72.11 0 0.427540 1127.68 788.37 154.73 89.40 0 0.422354 639.44 489.70 129.95 61.58 0 0.406064 1039.76 669.27 160.32 77.10 0 0.406038 55.70 509.27 135.22 54.38 0 0.402342 1464.69 206.80 25.31 27.37 3 0.390344 128.40 441.08 115.62 64.26 0 0.384453 663.34 486.53 119.75 60.14 0 0.379445 0.00 718.57 132.08 75.78 0 0.377306 39.50 521.23 92.66 58.50 0 0.376258 1151.85 860.66 175.56 94.60 0 0.373404 169.93 678.01 171.46 66.75 0 0.358443 120.41 861.27 189.18 78.73 0 0.352330 109.67 886.51 189.67 94.33 0 0.348482 1027.87 637.43 156.90 78.98 0 0.341666 732.00 802.29 171.00 75.78 0 0.322617 138.19 744.34 154.54 86.21 0 0.317329 142.24 791.59 170.67 77.44 0 0.309528 0.07 806.35 111.15 71.56 1 0.293908 148.21 737.01 162.76 79.62 0 0.286200 1209.80 276.91 91.81 55.40 0 0.274912 244.42 413.17 134.82 69.16 0 0.271408 1133.74 819.05 177.38 84.40 0 0.268991 0.00 766.62 126.63 85.80 0 0.267829 157.25 707.52 169.20 83.94 0 0.266291 0.00 725.15 134.71 88.30 0 0.261743 108.87 946.51 189.93 92.74 0 0.250739 24.18 685.19 83.23 41.23 3
437,0.484338 656.43 583.93 35.46 26.67 1 0.471170 1630.48 511.29 35.79 26.32 0 0.314958 657.17 567.26 39.32 30.91 1 0.288265 670.87 636.88 41.35 28.63 0 0.283765 779.12 569.56 31.02 19.60 0 0.252605 1614.30 505.04 44.41 31.15 0
438,0.798128 1526.97 608.50 144.89 78.69 1 0.676058 1479.79 460.99 109.45 43.58 0 0.633196 608.27 419.68 41.60 21.82 3 0.625309 1751.36 461.19 116.20 47.10 0 0.612427 241.41 455.92 110.19 53.40 0 0.600545 1349.04 457.50 100.49 44.24 0 0.598709 605.54 848.33 29.72 56.91 3 0.598250 74.72 586.96 124.11 55.37 0 0.595477 1231.86 727.64 59.98 36.89 3 0.571111 2.39 457.53 106.78 57.08 0 0.562369 1225.59 518.21 115.07 51.32 0 0.562039 482.44 975.32 101.28 104.68 0 0.552913 1625.79 462.71 110.73 44.89 0 0.551561 165.44 360.27 55.43 39.05 0 0.525717 637.78 342.81 37.10 21.23 3 0.519855 1526.88 617.18 161.27 82.30 1 0.506289 1232.71 736.71 58.54 35.81 3 0.497622 3.10 356.25 59.01 41.77 0 0.495243 620.71 378.50 38.82 22.74 3 0.487857 227.30 585.13 124.83 55.38 0 0.484370 1705.97 743.70 46.35 44.56 3 0.476364 215.61 258.20 50.76 33.05 0 0.465681 1591.61 769.70 58.10 50.47 3 0.460600 991.72 1033.38 69.81 45.03 0 0.448818 1701.19 733.92 42.76 44.52 3 0.424210 626.97 373.01 39.89 22.21 3 0.394516 1763.12 745.22 41.61 47.23 3 0.383242 122.55 262.39 37.39 32.47 0 0.373134 42.05 356.56 59.88 36.69 0 0.368065 77.95 263.61 35.66 33.34 0 0.367384 1227.87 511.16 109.20 44.24 0 0.348818 958.38 8.98 21.14 20.49 0 0.338609 1237.79 460.56 38.82 25.40 3 0.330072 21.33 255.19 42.07 36.35 0 0.321443 127.05 257.42 41.24 35.02 0 0.319698 27.76 260.41 39.99 34.28 0 0.286059 137.05 448.10 69.08 34.33 0 0.275432 79.20 257.91 38.31 35.98 0
439,0.626784 1078.39 724.79 60.24 28.44 0 0.602966 1800.06 731.26 59.34 25.98 0 0.533923 1396.19 729.57 57.07 27.17 0 0.476158 638.75 800.73 60.25 30.65 0 0.421018 428.07 1000.13 35.22 18.69 0 0.354504 645.89 832.24 38.51 23.04 0 0.341344 623.88 802.02 42.09 31.54 0 0.328161 664.12 736.54 51.42 26.96 0 0.304852 844.56 997.82 51.52 23.18 0 0.292230 901.50 1000.29 46.57 22.05 0 0.254393 644.60 782.98 61.93 31.39 0 0.253282 837.51 995.86 50.67 25.50 0
440,0.643140 662.03 822.98 64.88 31.02 0 0.613415 849.45 875.42 70.01 32.19 0 0.574250 206.87 584.61 30.74 46.57 0 0.558701 1261.02 650.00 35.54 52.95 0 0.550889 363.48 592.26 35.56 43.79 0 0.540049 967.02 1032.06 74.75 35.92 0 0.529914 712.88 626.44 47.37 36.89 0 0.519571 617.33 1019.38 66.76 32.66 0 0.517338 203.33 877.99 59.64 31.45 0 0.506694 398.94 623.39 45.47 37.32 0 0.468044 1245.94 652.79 35.78 48.18 0 0.452783 231.92 584.56 31.36 45.86 0 0.449703 0.00 587.39 20.40 45.59 0 0.444767 17.44 590.92 26.23 42.95 0 0.342531 966.90 1026.57 73.64 34.42 0 0.325645 368.31 584.31 34.60 44.31 0 0.257150 1315.91 290.29 23.03 37.32 0
441,0.555548 0.00 443.34 266.09 95.83 0 0.498482 749.91 452.47 253.74 83.84 0 0.484180 436.93 476.11 299.92 97.69 0 0.418804 1444.21 441.05 301.90 105.79 0 0.363567 380.10 459.82 280.25 100.25 0 0.329177 0.00 426.29 260.97 96.19 0 0.289589 743.23 429.43 235.87 91.49 0
442,0.665079 352.85 698.51 62.77 28.96 0 0.639881 801.07 510.90 65.57 34.82 0 0.637187 352.07 703.69 63.73 29.53 0 0.619490 42.85 655.49 36.30 57.81 0 0.602218 121.34 653.69 30.99 56.50 0 0.559624 155.14 651.41 35.44 55.50 0 0.533215 0.22 664.13 29.59 59.09 0 0.531808 1513.66 133.04 30.66 23.95 0 0.531743 627.12 233.57 24.02 14.68 3 0.523817 791.61 425.67 24.50 45.65 0 0.521882 540.23 544.34 52.59 28.14 0 0.495955 454.83 295.35 54.13 24.75 0 0.490765 604.14 361.69 23.64 33.74 0 0.462242 643.59 423.42 28.67 46.32 0 0.410544 608.74 411.65 34.78 49.29 0 0.409706 575.80 302.49 29.67 39.92 0 0.408034 819.07 422.98 21.73 45.93 0 0.401277 1112.89 441.86 43.91 29.65 0 0.387043 672.72 313.97 24.35 35.14 0 0.376638 1098.09 439.21 48.74 27.88 0 0.347290 846.35 419.74 22.78 45.40 0 0.341747 522.60 295.75 43.64 28.27 0 0.324873 895.37 434.30 26.40 31.27 0 0.323876 1514.77 141.33 30.81 31.15 0 0.316024 1567.40 262.00 30.58 46.54 0 0.300000 695.91 298.35 34.56 44.57 1 0.293122 267.53 219.64 51.89 27.66 1 0.284610 1477.19 13.06 25.69 21.31 0 0.278132 618.77 271.07 56.84 25.30 0 0.268428 1553.48 0.00 27.42 13.56 0
443,0.660992 1247.79 532.60 63.76 30.97 1 0.402779 219.58 373.76 38.21 15.46 0
444,0.692437 722.19 411.21 55.32 31.65 0 0.668818 555.14 891.51 73.00 40.69 0 0.661524 878.51 487.04 60.20 35.50 0 0.631155 746.93 866.86 73.38 42.28 0 0.630744 843.35 586.79 63.99 36.86 0 0.630186 572.08 628.01 60.53 32.25 0 0.629094 756.98 831.46 72.23 35.67 0 0.626803 680.93 540.49 70.95 38.17 0 0.625003 892.95 458.77 59.42 30.83 0 0.621703 524.72 723.47 67.16 36.32 0 0.619835 850.16 552.14 67.14 37.06 0 0.616210 630.19 421.93 61.63 32.96 0 0.614918 1140.78 487.89 64.06 32.15 0 0.611418 641.89 391.14 59.13 31.46 0 0.611396 823.06 654.40 66.63 38.53 0 0.604274 718.56 984.48 65.42 37.90 0 0.599818 632.83 681.82 67.29 38.35 0 0.591617 673.34 578.64 59.69 31.94 0 0.585438 805.82 692.22 70.21 32.60 0 0.577586 587.59 783.07 68.05 34.41 0 0.576767 582.81 820.83 65.34 39.50 0 0.576546 800.00 724.11 66.03 38.80 0 0.561143 556.52 654.33 68.37 38.64 0 0.561055 767.66 795.63 69.44 40.03 0 0.559467 1147.34 457.44 63.24 31.36 0 0.557588 602.35 747.51 66.67 39.92 0 0.556688 579.53 553.36 60.36 31.82 0 0.555895 707.80 443.95 60.38 33.71 0 0.554102 474.91 870.77 67.64 33.86 0 0.553533 734.46 942.76 69.07 39.95 0 0.552450 746.05 908.88 69.98 41.44 0 0.536074 738.14 345.07 62.43 32.06 0 0.533088 532.49 966.73 65.42 38.62 0 0.530255 825.36 966.90 66.39 40.17 0 0.527142 614.01 491.80 64.97 35.59 0 0.520171 1126.39 557.24 59.28 32.09 0 0.518910 805.83 1010.23 63.09 34.81 0 0.503088 539.87 931.24 70.05 32.36 0 0.502512 649.30 647.81 67.46 36.39 0 0.501352 631.22 459.54 60.90 34.88 0 0.495977 571.78 587.41 63.95 33.12 0 0.493668 734.32 379.59 64.66 29.51 0 0.488114 783.97 761.27 70.22 32.94 0 0.487932 1242.03 483.05 58.45 27.58 0 0.487267 866.48 520.46 58.95 32.06 0 0.487218 440.33 942.30 72.55 39.37 0 0.481056 616.08 710.17 70.08 36.19 0 0.478092 816.86 155.14 80.46 40.97 1 0.476282 660.45 610.22 63.06 34.28 0 0.474245 481.77 832.09 68.41 34.19 0 0.467596 530.10 695.24 64.99 35.81 0 0.463791 902.91 427.06 61.29 30.01 0 0.457669 565.18 858.18 71.18 32.32 0 0.434696 693.66 508.60 69.92 36.29 0 0.413580 737.68 905.23 75.04 37.03 0 0.408695 713.32 979.69 72.44 35.09 0 0.406245 1144.29 452.04 63.88 29.44 0 0.405877 839.05 591.63 70.63 37.93 0 0.405872 654.06 364.38 61.68 29.85 0 0.400806 485.45 837.26 67.65 34.50 0 0.385620 619.02 715.17 66.49 38.00 0 0.379539 527.73 689.95 65.20 34.03 0 0.375996 312.91 952.08 32.44 15.86 3 0.368607 707.33 1015.29 65.17 39.38 0 0.367305 407.20 712.86 24.14 21.79 3 0.364389 692.74 1013.66 71.37 39.53 0 0.351676 340.90 0.60 50.68 37.94 0 0.351131 815.88 151.54 74.94 37.20 1 0.348968 1238.04 476.41 56.53 25.38 0 0.336907 595.20 521.82 63.63 31.16 0 0.331439 600.50 514.73 65.72 32.12 0 0.328107 778.39 1044.94 72.87 34.52 0 0.322833 786.59 1041.87 71.67 33.00 0 0.320023 890.16 445.52 64.14 34.03 0 0.315754 562.48 860.83 70.68 38.87 0 0.314896 531.21 975.24 72.51 35.73 0 0.307760 754.18 841.98 72.03 41.18 0 0.307313 526.33 704.54 65.38 40.76 0 0.306740 680.15 545.56 69.00 40.61 0 0.305155 899.46 433.50 63.93 33.78 0 0.304423 573.50 548.98 63.72 28.76 0 0.304338 861.54 528.52 62.66 33.24 0 0.292138 385.04 762.03 26.44 16.70 3 0.281812 648.33 638.43 69.41 35.30 0 0.281747 1124.23 548.16 61.78 29.61 0 0.275057 582.11 779.29 62.63 37.16 0 0.270368 824.47 165.77 77.80 33.12 1 0.262117 778.61 768.25 72.61 36.59 0 0.259430 632.21 429.49 61.18 33.83 0 0.257500 636.54 90.66 28.82 17.71 3 0.251484 794.72 1013.09 68.76 39.02 0
445,0.604200 611.80 417.85 118.09 56.29 0 0.532960 3.73 429.73 114.01 47.87 0 0.389362 867.31 444.00 95.37 38.69 0 0.321157 866.80 419.90 94.21 41.65 0 0.293465 864.10 446.52 82.87 39.93 0
446,0.591577 1056.57 790.42 52.58 64.34 0 0.585775 880.77 640.48 62.87 63.88 0 0.579128 489.19 585.86 63.82 69.08 0 0.574381 783.52 559.19 63.94 62.63 0 0.571107 648.07 856.16 63.41 65.95 0 0.562143 1046.19 794.34 58.71 67.56 0 0.560205 717.59 505.64 65.45 72.47 0 0.559394 762.75 163.99 59.03 55.18 0 0.558197 813.62 1015.38 63.68 64.49 0 0.542349 622.55 432.50 62.28 65.40 0 0.538712 812.83 595.08 61.61 71.82 0 0.537273 1152.23 737.64 55.23 56.63 0 0.535138 1123.13 844.53 61.67 56.33 0 0.534623 551.30 642.10 59.84 67.94 0 0.534492 977.85 731.41 64.29 65.28 0 0.530563 819.92 213.32 58.37 58.94 0 0.529939 612.87 832.54 64.03 65.94 0 0.527637 641.07 733.13 61.56 60.41 0 0.524574 1120.23 693.72 55.84 59.64 0 0.521840 735.37 810.14 68.68 70.57 0 0.517967 698.79 930.22 72.94 74.49 0 0.509337 983.27 1016.55 64.72 63.45 0 0.508734 905.55 966.20 65.74 68.06 0 0.507669 538.37 785.47 57.65 67.18 0 0.504545 415.96 671.49 62.69 69.89 0 0.502754 486.27 714.08 68.02 61.59 0 0.502469 572.81 815.36 57.32 62.36 0 0.491522 597.08 401.21 64.04 62.12 0 0.490186 683.83 485.18 66.44 69.70 0 0.487245 804.69 870.48 69.69 74.69 0 0.486882 667.96 910.14 63.90 63.92 0 0.486871 721.25 152.35 53.46 55.54 0 0.485956 839.28 902.79 63.49 72.92 0 0.475554 1110.59 855.64 62.28 63.92 0 0.475384 351.18 622.25 64.77 59.29 0 0.472657 907.43 686.77 64.26 68.62 0 0.472325 578.80 667.48 58.22 70.53 0 0.471868 427.21 521.54 61.76 63.15 0 0.471489 1141.37 750.73 58.52 55.36 0 0.470926 211.99 345.36 61.68 59.97 1 0.470323 911.49 953.90 66.91 69.72 0 0.469665 569.96 376.78 62.21 59.48 0 0.469614 1017.46 755.46 56.04 74.02 0 0.466358 382.41 649.70 59.45 60.40 0 0.462605 414.86 531.10 59.94 66.70 0 0.461317 502.95 757.61 60.97 70.60 0 0.460892 797.31 73.71 61.96 51.46 0 0.459584 877.52 931.19 59.97 67.59 0 0.459245 1174.56 797.13 58.03 51.33 0 0.456962 942.10 1002.79 60.63 66.71 0 0.455441 1109.70 693.61 62.96 69.83 0 0.451405 362.04 609.01 59.50 50.28 0 0.450136 658.17 461.77 59.01 67.66 0 0.448737 456.39 685.21 59.89 69.79 0 0.443690 1078.17 818.61 63.23 63.28 0 0.443645 390.35 509.11 65.38 65.85 0 0.441745 615.84 685.57 57.60 64.90 0 0.440955 407.97 677.43 57.67 68.92 0 0.438502 478.12 593.11 69.12 68.69 0 0.437656 948.35 992.42 62.14 74.40 0 0.436831 705.23 788.43 71.86 73.45 0 0.435960 772.67 846.72 61.43 74.29 0 0.427985 850.62 622.20 59.33 65.59 0 0.424667 714.38 779.32 60.00 63.19 0 0.423845 955.30 984.59 54.68 65.95 0 0.412075 696.10 491.47 63.22 74.61 0 0.408217 680.24 752.22 61.97 69.36 0 0.406550 936.99 702.85 63.01 71.22 0 0.404649 1191.93 762.72 55.32 62.87 0 0.404377 452.37 561.76 58.00 62.25 0 0.403011 1176.61 772.63 63.90 73.23 0 0.392820 967.30 735.71 69.91 67.02 0 0.391422 673.86 758.73 55.43 68.36 0 0.388539 858.29 1032.11 54.90 47.89 0 0.386372 1164.44 736.49 48.93 54.03 0 0.384241 1103.66 862.97 58.70 61.73 0 0.381426 1020.93 752.34 61.19 61.71 0 0.374351 709.84 925.52 62.74 63.76 0 0.372629 587.94 668.69 68.75 70.22 0 0.370151 1089.24 815.95 59.14 57.49 0 0.360411 646.64 723.81 63.21 65.72 0 0.347920 850.00 906.97 64.38 71.31 0 0.343337 566.67 805.35 59.58 68.25 0 0.338371 755.21 804.01 58.73 66.32 0 0.337328 593.44 801.95 55.14 56.65 0 0.335508 849.33 899.63 57.87 62.86 0 0.334519 779.04 845.66 57.72 61.33 0 0.332139 1115.35 844.50 65.78 70.24 0 0.329646 471.91 698.28 66.72 71.62 0 0.326723 691.27 768.17 69.66 71.51 0 0.326489 945.75 709.57 58.39 60.34 0 0.324992 590.47 660.64 59.32 62.00 0 0.324263 882.25 923.47 54.86 63.67 0 0.321336 994.29 1013.26 58.60 60.84 0 0.319605 818.07 590.68 61.98 67.06 0 0.317443 619.56 837.98 64.85 72.58 0 0.310939 477.95 720.18 63.41 71.44 0 0.307956 451.53 519.24 44.53 54.62 0 0.305676 18.89 545.18 36.71 26.59 3 0.302930 610.08 414.64 67.21 74.35 0 0.298056 595.10 818.73 66.47 67.22 0 0.293136 1061.19 783.97 50.35 59.72 0 0.283044 1130.50 688.04 49.55 57.83 0 0.282660 928.38 697.83 65.30 69.79 0 0.279949 562.82 652.10 68.23 74.46 0 0.279709 834.83 890.45 66.79 74.11 0 0.279029 831.47 207.43 53.70 52.18 0 0.276467 788.86 565.74 64.89 68.96 0 0.276439 1061.57 796.67 59.22 70.94 0 0.276314 356.60 610.44 61.14 64.04 0 0.276294 512.14 746.65 60.03 60.40 0 0.271849 845.88 1034.67 63.22 45.33 0 0.260551 430.77 547.67 64.50 63.58 0 0.256223 404.08 689.05 50.78 60.28 0
447,
448,0.622201 703.81 177.17 49.41 23.11 0 0.622069 68.12 515.54 34.25 59.90 0 0.594583 43.33 914.61 32.23 64.85 0 0.591140 814.38 551.31 28.34 61.83 0 0.585376 33.17 442.90 33.72 55.54 0 0.582516 804.38 782.74 31.50 63.45 0 0.577311 37.92 689.18 32.01 54.19 0 0.560442 74.70 912.50 33.50 60.72 0 0.550138 702.83 206.10 46.72 24.88 0 0.548066 2.93 441.41 28.63 55.62 0 0.546892 702.93 276.91 49.15 22.16 0 0.537725 4.36 517.45 30.65 54.52 0 0.530535 801.95 861.45 30.02 65.01 0 0.498701 802.08 948.64 30.16 65.19 0 0.496396 38.57 523.18 31.94 56.99 0 0.479924 0.00 923.79 20.97 59.91 0 0.425738 5.38 684.59 33.36 59.61 0 0.424309 79.33 1003.12 33.89 52.98 0 0.413565 828.03 220.21 26.29 58.43 0 0.400086 268.93 530.31 31.00 77.29 1 0.375175 818.82 402.23 25.03 52.46 0 0.344007 805.15 710.39 31.64 61.28 0 0.313003 78.10 910.51 36.68 58.57 0 0.273058 704.10 235.89 42.59 21.11 0
449,0.796045 852.19 398.80 52.76 94.21 1 0.682552 108.94 589.80 146.40 72.43 0 0.653635 1479.15 572.99 134.70 59.22 0 0.629479 1641.88 573.13 141.40 58.08 0 0.621718 1755.35 837.33 160.88 92.04 1 0.590088 1812.03 572.21 107.97 60.02 0 0.576030 586.70 459.80 47.49 27.19 3 0.560247 599.85 820.18 58.10 39.10 3 0.559701 94.79 290.47 62.41 35.10 0 0.530975 2.58 820.60 58.97 66.03 0 0.513960 606.85 401.23 45.95 23.17 3 0.513406 27.63 446.88 65.56 46.85 0 0.504477 0.00 295.72 38.02 36.41 0 0.475614 589.21 450.13 48.90 27.43 3 0.471369 71.23 812.83 178.67 72.23 0 0.455627 570.62 513.28 49.13 26.86 3 0.427938 1.24 294.14 47.33 38.75 0 0.356867 604.49 409.52 45.63 25.02 3 0.329259 789.49 441.14 17.22 34.32 3 0.291693 1351.47 570.13 54.28 31.55 3 0.278054 569.64 530.27 48.18 24.75 3 0.254826 602.66 811.18 46.72 38.85 3
450,0.730334 558.54 552.43 66.38 47.17 1 0.344443 191.13 568.30 25.22 14.91 0 0.310416 216.02 572.02 20.52 13.86 0 0.287317 648.45 547.46 24.44 13.91 0
451,0.519302 1131.86 838.51 64.20 30.98 0 0.470679 1548.35 721.47 57.53 28.82 0 0.451310 1455.95 1015.70 49.59 25.34 0 0.431733 1860.17 697.87 51.10 28.82 0 0.421026 1842.33 702.81 41.07 27.75 0 0.400657 917.56 347.52 26.26 38.16 0 0.386009 1395.41 1018.28 48.08 20.87 0 0.323485 1166.61 714.65 56.28 24.24 0 0.321930 1137.25 833.45 61.85 29.43 0 0.308073 1151.82 809.35 51.14 21.14 0 0.306219 1550.66 718.02 59.42 26.21 0 0.286376 918.95 352.21 25.95 39.55 0 0.272290 1724.02 757.07 25.26 18.24 0 0.269204 1428.66 1013.20 53.28 26.28 0 0.253435 1865.94 693.43 44.23 27.63 0
452,0.627876 1336.45 747.64 65.51 30.25 0 0.618299 1086.24 751.36 61.61 27.43 0 0.609015 1824.42 751.73 67.36 32.90 0 0.572343 110.49 822.55 67.29 31.34 0 0.536179 675.83 749.41 66.07 29.42 0 0.481676 366.05 744.58 59.02 27.74 0 0.302045 30.94 1021.18 58.71 22.39 0 0.287140 50.52 1019.69 50.45 23.55 0
453,0.382655 211.17 375.78 39.46 16.65 0 0.370417 1438.25 686.01 21.70 22.58 1 0.288993 1256.99 539.94 55.11 24.77 1
454,0.539895 1211.06 862.37 51.94 48.74 0 0.479843 800.07 337.48 46.98 52.88 0 0.441026 925.55 497.01 56.02 54.90 0 0.420974 1316.04 682.79 68.70 57.59 1 0.405153 830.61 386.05 52.35 48.69 0 0.402214 971.63 543.69 57.19 53.17 0 0.281678 883.87 441.77 43.29 47.19 0 0.279641 1135.08 532.94 52.26 36.55 0
455,0.659707 672.49 414.01 57.16 30.88 0 0.658364 800.15 826.09 69.87 39.18 0 0.657990 884.04 581.73 61.29 36.32 0 0.654375 617.30 817.89 67.73 35.08 0 0.633517 924.69 482.66 58.66 31.39 0 0.632254 776.28 367.12 57.64 32.98 0 0.628472 580.20 924.88 71.27 37.46 0 0.616181 605.55 851.42 71.48 36.62 0 0.610270 643.85 744.63 63.77 32.69 0 0.605862 723.92 534.07 63.74 37.96 0 0.600924 594.09 648.92 66.86 36.40 0 0.600523 809.46 792.13 67.32 35.64 0 0.590073 864.43 649.25 72.31 37.41 0 0.588570 848.09 682.72 71.91 38.97 0 0.584664 631.29 777.84 68.21 38.75 0 0.581036 760.24 983.37 61.58 36.56 0 0.577001 658.04 705.54 72.86 39.59 0 0.564507 592.95 887.59 73.01 39.55 0 0.563965 669.29 674.49 70.82 36.25 0 0.562366 827.94 757.31 69.76 36.60 0 0.560589 749.52 436.42 65.31 34.93 0 0.560481 1187.30 486.20 66.40 32.87 0 0.557111 566.41 963.34 70.86 38.97 0 0.554143 772.96 939.63 69.58 39.31 0 0.553628 519.59 825.91 69.30 35.69 0 0.553135 614.92 579.25 63.97 33.14 0 0.551877 698.54 602.09 66.57 36.21 0 0.551213 782.69 901.25 72.56 37.80 0 0.546762 942.08 420.00 64.53 34.67 0 0.545516 863.11 961.51 66.12 40.54 0 0.544607 635.68 510.24 61.59 37.87 0 0.543887 511.72 866.97 69.87 32.73 0 0.542342 1172.44 552.15 58.84 32.93 0 0.541137 607.67 613.63 65.61 34.08 0 0.534540 564.11 685.00 65.58 34.96 0 0.533836 790.04 865.62 74.25 40.04 0 0.526706 895.18 549.79 67.38 32.98 0 0.526502 900.44 520.93 64.42 31.79 0 0.516741 1191.63 454.45 66.42 32.20 0 0.514316 837.42 722.76 67.95 36.81 0 0.509190 684.03 634.02 66.74 37.81 0 0.496687 474.67 935.80 72.91 37.71 0 0.493309 710.75 571.11 66.61 31.09 0 0.491531 932.74 452.97 62.03 31.99 0 0.489108 676.40 88.69 27.16 17.53 3 0.484994 780.12 369.37 63.01 34.70 0 0.481931 759.80 402.91 59.61 29.22 0 0.480519 1284.75 474.99 55.66 25.45 0 0.473096 620.10 546.36 59.22 30.27 0 0.469439 662.75 482.37 54.58 32.96 0 0.469340 560.57 719.10 67.39 35.74 0 0.454628 1189.07 449.12 67.49 31.61 0 0.452744 694.74 351.00 61.80 30.99 0 0.442336 732.68 497.76 72.46 31.78 0 0.440812 756.92 974.90 66.05 35.81 0 0.440424 734.08 1012.19 64.19 38.72 0 0.436777 557.15 711.14 68.49 34.13 0 0.436440 664.80 678.19 71.09 38.47 0 0.432710 783.80 338.29 59.78 30.33 0 0.425204 680.80 384.14 60.63 29.71 0 0.424175 1169.41 547.49 63.10 30.70 0 0.422628 851.21 1010.05 58.63 34.02 0 0.419616 858.00 146.98 76.77 35.48 1 0.412182 429.87 737.37 28.47 12.50 3 0.410999 754.37 1011.98 63.24 39.42 0 0.410820 828.15 1042.27 67.31 35.43 0 0.409888 355.48 928.57 33.31 14.78 3 0.393817 592.18 884.52 73.72 31.44 0 0.393329 785.23 905.58 74.58 40.81 0 0.377202 419.92 761.75 30.93 15.19 3 0.374193 475.82 928.74 71.92 35.23 0 0.356864 732.92 501.74 71.42 35.30 0 0.356827 850.60 1003.03 62.65 33.26 0 0.352909 742.47 435.15 62.92 32.31 0 0.351403 887.62 546.83 68.74 32.62 0 0.351083 817.59 1039.01 63.26 37.31 0 0.350403 1291.75 481.90 56.13 27.18 0 0.334285 793.51 828.79 72.24 42.74 0 0.329380 815.83 775.45 72.79 37.36 0 0.329317 669.63 451.31 57.66 28.05 0 0.326985 667.08 464.52 57.65 30.97 0 0.324089 836.44 1007.72 66.71 38.58 0 0.319957 673.84 389.12 60.46 34.23 0 0.319566 619.97 808.67 68.67 34.42 0 0.319082 685.65 380.21 65.25 29.84 0 0.311081 871.22 968.11 63.63 37.92 0 0.309879 837.42 714.83 69.38 32.64 0 0.307788 516.04 848.38 69.87 34.61 0 0.307753 677.15 455.93 54.36 30.31 0 0.307124 1234.57 1034.74 60.02 27.54 0 0.306824 837.34 1001.50 67.15 35.96 0 0.303821 789.31 857.67 73.55 37.38 0 0.302586 349.36 951.10 37.18 16.50 3 0.301364 843.64 699.76 71.68 34.89 0 0.299633 519.55 836.68 67.50 35.06 0 0.285945 597.29 853.22 74.20 35.56 3 0.283286 611.86 607.89 62.18 33.49 0 0.282243 762.86 1020.17 57.17 39.44 0 0.281837 704.36 573.95 70.07 36.79 0 0.279665 437.62 711.07 26.66 17.92 3 0.277471 647.16 481.25 57.87 32.33 0 0.277469 860.60 644.51 73.32 34.88 0 0.272841 559.95 699.58 67.71 37.30 0 0.258067 785.54 333.37 58.26 28.42 0 0.257611 649.41 727.45 74.09 37.05 0 0.254257 758.49 405.27 57.15 34.75 0
456,0.693343 592.01 744.10 32.34 51.68 0 0.659988 811.34 683.84 28.36 51.91 0 0.658713 1597.47 547.03 45.26 47.07 0 0.652776 436.22 590.78 25.50 49.06 0 0.648149 399.49 800.43 32.57 57.12 0 0.643318 723.30 714.93 30.62 53.52 0 0.641763 840.38 678.79 30.02 51.05 0 0.638288 904.76 665.95 25.61 46.93 0 0.636462 688.00 720.91 30.54 53.10 0 0.626025 911.71 523.24 30.24 42.33 0 0.623219 1639.58 605.47 43.44 46.98 0 0.620709 713.90 579.36 31.78 51.51 0 0.619810 866.87 485.28 24.06 40.88 0 0.618498 568.44 618.27 25.51 48.31 0 0.617248 476.71 644.30 30.22 52.91 0 0.616317 839.99 487.87 24.05 41.34 0 0.614914 934.92 660.47 26.40 48.68 0 0.614625 625.00 737.98 31.14 53.17 0 0.610899 697.64 519.17 25.42 42.64 0 0.610684 857.96 539.23 25.44 44.57 0 0.609394 1564.68 483.95 39.44 55.45 0 0.608183 533.52 769.64 29.45 51.48 0 0.605060 436.14 795.06 27.17 56.55 0 0.600046 408.49 871.24 29.39 60.60 0 0.598494 613.48 551.44 27.20 44.16 0 0.597337 370.64 606.23 31.61 49.89 0 0.596432 1006.48 852.21 33.17 57.12 0 0.595474 506.95 635.72 26.53 49.05 0 0.594374 598.09 608.45 30.35 50.18 0 0.592515 1500.42 385.73 39.69 41.94 0 0.589038 446.52 650.70 29.44 54.60 0 0.588710 746.04 574.77 28.47 50.43 0 0.588227 1032.78 842.11 37.58 60.41 0 0.582687 624.23 610.29 30.34 47.19 0 0.579243 498.82 779.97 29.83 55.24 0 0.577813 380.58 669.16 29.45 52.57 0 0.575642 782.78 509.96 24.77 42.77 0 0.573769 552.19 556.38 28.30 47.11 0 0.570594 1703.10 440.35 41.30 41.30 1 0.568341 809.29 493.01 23.70 41.45 0 0.567081 467.90 788.98 29.02 53.98 0 0.565365 566.57 749.36 30.21 54.16 0 0.564792 1171.43 12.63 49.65 22.49 0 0.554707 1440.52 292.70 34.92 37.11 0 0.545942 481.53 860.56 34.06 63.51 0 0.544526 725.96 514.30 25.31 43.29 0 0.542638 886.55 531.25 28.40 47.58 0 0.542061 1078.68 479.33 29.33 67.22 1 0.537863 1069.21 924.83 34.45 56.82 0 0.536642 686.33 587.22 28.13 51.51 0 0.533544 961.52 170.70 26.17 33.28 0 0.526149 829.59 544.88 26.87 46.66 0 0.524025 780.18 693.07 29.44 52.40 0 0.522730 415.04 663.18 27.55 54.67 0 0.518533 1174.28 7.04 48.39 24.23 0 0.516705 640.13 546.25 26.01 43.30 0 0.508648 1387.18 200.33 28.24 33.90 0 0.501637 942.10 869.71 31.11 55.29 0 0.496695 1287.92 202.95 52.81 26.05 0 0.494000 1284.83 187.80 47.69 24.21 0 0.490552 668.67 533.86 25.68 43.64 0 0.481613 575.43 552.14 28.21 47.53 0 0.463001 776.52 566.30 31.14 49.12 0 0.455208 465.94 584.96 25.85 47.21 0 0.452141 444.80 862.51 31.09 63.17 0 0.444059 658.04 727.73 30.01 52.61 0 0.436970 944.52 871.03 32.47 64.86 0 0.396398 769.93 565.46 31.54 47.58 0 0.392948 748.93 511.16 26.82 46.73 0 0.388671 647.29 729.35 34.10 54.44 0 0.384326 649.67 601.97 29.22 46.18 0 0.379815 537.00 626.94 27.44 53.31 0 0.377335 1038.97 355.24 13.22 15.05 3 0.370852 876.04 671.46 26.74 46.86 0 0.359257 660.87 597.16 27.71 47.95 0 0.357152 1309.05 236.01 49.89 26.18 0 0.351168 532.18 494.80 16.07 16.32 3 0.323937 962.23 163.58 26.02 34.96 0 0.312221 870.54 667.27 27.24 47.46 0 0.297309 483.87 498.61 11.16 15.17 3 0.278082 1307.43 240.15 52.38 26.82 0 0.256703 511.41 496.21 14.35 16.36 3 0.255409 1298.35 222.65 53.88 25.31 0 0.252920 360.02 532.36 14.54 28.31 3
457,0.574772 814.39 223.68 26.60 26.12 0 0.368442 882.49 455.63 28.93 35.73 0 0.363933 832.89 274.76 22.54 24.09 0 0.275333 816.85 209.56 26.71 22.91 0 0.257119 826.36 273.41 24.13 25.97 0
458,0.569089 665.50 99.39 55.26 73.75 0 0.486027 626.27 248.79 63.37 96.02 0 0.413077 685.13 65.38 45.66 28.74 3 0.383307 650.60 185.75 50.41 62.64 0 0.368667 984.02 154.70 29.16 32.52 3
459,0.676553 1659.57 52.14 22.59 33.96 0 0.655713 1753.23 50.17 22.27 36.88 0 0.651506 1541.24 173.38 23.28 35.42 0 0.637238 1684.03 50.95 21.05 35.67 0 0.614643 1778.56 50.91 18.50 33.70 0 0.606846 1565.27 173.09 22.13 36.98 0 0.596897 1840.77 126.99 24.57 35.46 0 0.593200 1685.47 173.38 24.42 35.59 0 0.592641 1590.53 172.89 23.68 36.95 0 0.581765 1042.46 794.79 63.11 32.88 0 0.579807 1708.93 48.52 20.90 36.38 0 0.576982 962.71 314.63 17.50 37.15 0 0.564438 1589.20 53.27 20.89 33.46 0 0.558573 1819.18 9.31 23.33 33.19 0 0.552522 1056.31 989.93 68.69 37.94 0 0.547231 965.78 4.46 22.09 37.93 0 0.545443 1754.60 166.80 28.04 36.75 0 0.542794 1505.28 134.56 22.74 31.82 0 0.537826 1797.37 50.02 20.04 33.35 0 0.531001 1771.53 127.90 20.38 33.39 0 0.530808 1846.53 52.67 19.60 32.40 0 0.515874 1728.95 47.28 21.18 36.67 0 0.515129 1820.32 48.64 21.62 32.06 0 0.513288 1553.63 52.68 21.55 34.38 0 0.504099 967.50 128.39 20.96 34.25 0 0.503296 1697.39 127.36 21.77 34.65 0 0.502668 1554.99 129.86 21.05 33.76 0 0.500978 941.58 973.41 33.32 69.19 0 0.498411 1042.56 1032.50 75.11 33.07 0 0.495620 1638.92 169.92 25.79 37.40 0 0.488078 942.86 812.11 27.93 54.06 0 0.487050 1815.96 129.70 22.95 35.05 0 0.486778 1747.97 125.75 23.27 32.73 0 0.486628 1578.21 131.94 22.14 32.99 0 0.485724 1847.14 12.57 23.59 32.61 0 0.473235 1878.14 168.06 30.43 37.81 0 0.472710 1652.49 129.79 20.82 31.92 0 0.468771 1615.97 54.18 18.89 31.78 0 0.467957 1793.52 129.56 21.24 33.98 0 0.467125 1673.68 128.56 21.71 33.96 0 0.463282 1752.57 162.57 27.95 35.91 0 0.462863 1036.05 329.32 41.46 21.93 0 0.452761 967.74 45.47 20.90 35.73 0 0.441295 1039.22 618.45 47.18 25.73 0 0.435630 1521.23 51.67 21.58 34.65 0 0.433534 1529.05 132.65 22.22 33.65 0 0.430950 1707.67 169.59 26.78 37.78 0 0.427784 1867.71 52.42 21.28 31.44 0 0.421607 1867.40 128.63 24.32 30.54 0 0.406715 1032.69 353.65 49.11 20.99 0 0.403744 1617.04 131.70 22.45 29.98 0 0.398967 963.29 208.57 21.96 35.99 0 0.385588 1612.59 169.96 21.93 36.09 0 0.383410 1043.00 302.55 39.37 18.09 0 0.382868 1631.25 132.12 18.35 28.56 0 0.372840 949.24 657.21 29.22 55.20 0 0.365812 1060.04 891.10 50.25 30.31 0 0.365083 1790.58 169.29 26.74 35.16 0 0.359696 1888.68 127.85 25.29 25.54 0 0.350550 1655.46 171.21 25.02 36.79 0 0.348808 1169.56 752.69 30.97 22.50 0 0.339597 1882.88 165.76 30.42 40.86 0 0.329454 1866.96 10.96 26.97 32.65 0 0.318740 1812.73 171.99 26.47 36.45 0 0.310868 1717.24 167.63 26.63 38.58 0 0.296725 1044.29 283.86 36.66 22.55 0 0.269998 1531.96 52.07 19.39 34.18 0 0.269510 966.17 36.83 21.08 38.02 0 0.264153 1072.13 927.46 48.92 27.23 0 0.258267 1583.84 158.16 24.70 37.53 0 0.256256 1355.87 112.11 28.36 47.60 1
460,0.579168 0.00 820.73 158.01 86.27 0 0.548525 67.01 716.28 232.97 97.46 0 0.406838 866.25 495.43 51.34 27.00 0 0.380236 532.12 89.48 29.28 15.02 0 0.366345 0.00 806.13 157.18 86.95 0 0.318344 524.10 66.56 29.89 14.87 0 0.257132 890.78 226.05 32.26 18.34 0
461,0.709674 531.36 536.83 52.12 122.27 1 0.644722 587.76 619.01 144.71 50.22 1 0.632101 341.17 57.02 26.96 32.67 0 0.607157 641.25 493.11 123.11 57.16 1 0.525034 304.92 59.07 24.20 33.61 0 0.487392 664.24 499.45 109.08 50.42 1 0.475331 388.24 59.92 30.35 26.16 0 0.456986 1002.71 732.41 29.86 16.62 3 0.438206 43.55 70.30 29.17 33.61 0 0.430662 377.43 87.02 35.13 23.61 0 0.421343 595.86 588.20 141.32 57.26 1 0.386099 418.97 51.39 27.75 32.07 0 0.335377 574.16 68.88 35.70 28.79 0 0.306530 116.60 59.99 27.97 19.88 3 0.295771 573.22 76.00 38.73 26.15 0
462,
463,0.573412 1144.89 437.93 239.78 82.25 0 0.509021 483.50 411.98 301.39 107.73 0 0.489787 13.58 378.75 293.51 127.19 1 0.480811 859.46 434.59 206.36 79.85 0 0.387594 1715.61 443.08 204.39 84.96 0 0.280511 530.95 414.67 292.82 99.32 0
464,0.667824 1259.79 234.34 45.88 26.39 3 0.652972 1033.38 540.12 104.62 62.19 0 0.637326 1040.32 873.10 101.76 61.27 0 0.634483 1250.06 161.58 49.27 27.59 3 0.632815 1046.19 800.31 118.61 65.18 0 0.628479 64.55 871.85 113.80 61.91 0 0.620250 891.89 887.90 101.74 52.98 0 0.600087 552.12 773.28 125.18 67.73 0 0.596201 838.11 0.00 106.44 43.19 0 0.594618 1258.61 201.52 42.06 22.67 3 0.593498 849.45 314.06 114.01 55.29 0 0.593043 990.13 361.84 117.55 58.80 0 0.591502 852.11 143.56 110.87 57.49 0 0.590603 545.62 638.40 122.89 62.28 0 0.589802 1009.46 669.93 123.56 60.79 0 0.588205 852.78 196.48 118.87 59.10 0 0.586371 983.18 28.27 98.57 57.65 0 0.585447 1036.58 944.71 113.95 60.26 0 0.583690 550.65 454.05 125.76 60.50 0 0.583666 1009.23 736.85 104.06 54.22 0 0.580882 549.57 335.85 114.74 58.00 0 0.580068 848.68 432.59 116.62 59.28 0 0.578568 39.47 1011.93 122.50 60.86 0 0.577768 847.44 378.62 117.73 51.59 0 0.572006 874.72 963.10 122.23 63.89 0 0.568586 1020.88 611.48 117.63 59.29 0 0.565619 1254.22 134.40 43.78 24.26 3 0.563351 425.84 4.23 105.64 53.49 0 0.559451 988.20 79.05 106.94 55.02 0 0.558678 1017.00 308.70 99.09 55.60 0 0.557937 411.35 61.70 96.62 52.78 0 0.557099 864.59 486.98 113.54 61.94 0 0.555070 997.07 479.03 129.05 63.21 0 0.554931 848.99 621.65 128.76 65.13 0 0.554393 1003.43 245.05 113.23 59.94 0 0.553661 850.82 556.77 114.67 61.75 0 0.551840 881.38 815.46 118.26 58.97 0 0.547184 559.22 386.23 111.61 55.99 0 0.546792 988.35 428.56 121.73 55.69 0 0.546393 564.35 268.16 120.32 61.19 0 0.532244 542.14 513.77 126.82 54.39 0 0.531844 556.90 53.26 108.53 56.42 0 0.515518 530.05 980.11 129.14 58.43 0 0.513816 537.25 699.62 135.08 56.52 0 0.509390 853.23 94.33 109.23 53.61 0 0.506706 530.19 916.38 136.40 62.44 0 0.504389 565.15 7.04 103.69 59.78 0 0.501362 863.95 258.19 102.16 55.42 0 0.495346 840.17 43.38 106.00 52.88 0 0.472679 550.32 102.64 109.96 54.50 0 0.472039 538.43 838.92 129.24 62.79 0 0.472038 566.63 225.31 110.87 53.78 0 0.470083 851.83 690.01 121.92 56.51 0 0.465467 40.30 869.25 122.39 65.09 0 0.448193 558.31 155.68 106.98 66.27 0 0.415302 1013.77 296.29 103.30 59.46 0 0.400747 889.45 1033.94 88.54 46.06 0 0.391330 554.36 64.86 105.03 54.20 0 0.383892 848.62 368.37 122.22 55.51 0 0.359843 915.71 1033.99 96.47 46.01 0 0.332871 841.67 65.91 104.13 51.54 0 0.309435 559.75 17.97 104.61 58.62 0 0.297028 855.15 678.51 121.41 60.34 0 0.296051 945.61 1018.66 74.44 61.34 0 0.291965 871.12 684.14 114.13 59.35 0 0.291053 849.43 693.18 100.87 59.99 0 0.281844 419.08 9.84 104.34 59.95 0 0.264137 990.62 416.59 120.55 56.68 0
465,0.687793 1253.88 136.57 41.57 25.15 3 0.648124 1259.67 234.14 46.28 27.30 3 0.642609 542.26 644.01 129.68 63.32 0 0.640566 1041.22 808.25 108.34 58.40 0 0.634217 1023.73 616.41 119.12 59.97 0 0.629302 839.53 0.00 107.93 45.18 0 0.627534 1020.27 308.77 94.50 55.94 0 0.624834 1259.35 203.01 44.31 25.05 3 0.619749 1033.43 548.24 104.27 55.67 0 0.618006 851.93 441.06 110.56 55.46 0 0.614758 1039.29 873.93 112.54 63.06 0 0.613281 551.07 774.61 130.74 65.43 0 0.613004 869.08 968.95 127.88 61.88 0 0.607261 563.88 270.80 120.56 60.89 0 0.600829 846.78 376.25 124.39 57.07 0 0.594199 68.88 876.92 107.97 59.47 0 0.590934 1002.41 426.68 114.09 60.91 0 0.588627 852.14 145.05 107.14 58.51 0 0.587339 863.87 489.99 112.51 61.78 0 0.579293 1014.80 674.44 124.42 55.91 0 0.578576 422.21 2.36 118.05 58.38 0 0.577913 407.59 67.61 103.35 52.31 0 0.571556 550.13 456.93 119.05 63.26 0 0.566302 851.77 100.63 109.49 51.97 0 0.563412 1032.45 945.83 120.94 60.76 0 0.563337 997.22 365.12 107.69 58.98 0 0.559524 548.60 336.89 119.32 60.00 0 0.558688 37.69 1019.11 121.64 54.21 0 0.557681 1008.31 249.30 113.57 64.28 0 0.555242 892.59 891.99 98.87 51.76 0 0.553631 853.52 198.47 115.35 58.65 0 0.551976 855.15 316.92 113.15 58.00 0 0.550617 982.92 30.77 102.25 57.57 0 0.546598 538.90 701.39 130.21 58.37 0 0.541190 1008.53 740.28 103.60 54.13 0 0.540933 564.33 230.23 114.48 51.01 0 0.534459 535.87 843.59 128.13 58.30 0 0.530432 866.20 262.00 96.23 54.68 0 0.524402 851.15 561.52 112.74 61.13 0 0.523110 529.79 919.67 130.77 63.23 0 0.520996 856.92 626.66 118.86 57.37 0 0.520312 879.43 818.21 123.13 59.93 0 0.520200 841.47 44.08 107.74 55.45 0 0.518564 1251.20 163.02 47.93 26.69 3 0.517572 541.31 517.30 130.87 57.46 0 0.514088 561.05 165.57 101.53 55.79 0 0.512830 988.72 79.66 108.03 56.98 0 0.512115 557.31 54.52 110.65 57.57 0 0.511720 853.09 635.03 120.36 60.14 0 0.508645 558.04 396.38 111.26 56.54 0 0.498041 525.68 986.69 133.32 55.20 0 0.489427 550.68 112.17 106.84 54.36 0 0.480193 852.81 694.44 118.09 54.61 0 0.472895 564.69 7.59 105.01 61.25 0 0.465011 994.07 485.93 126.62 60.69 0 0.449904 38.88 877.57 81.75 63.51 0 0.434765 553.19 64.09 107.73 55.76 0 0.402204 886.06 1041.40 92.04 38.60 0 0.384808 1257.01 238.92 47.85 28.35 3 0.381887 418.38 11.96 107.39 58.89 0 0.332399 874.90 687.35 108.99 59.84 0 0.319481 840.96 57.19 105.07 50.53 0 0.296806 983.03 8.52 98.85 51.79 0 0.295304 999.43 675.71 123.35 60.24 0 0.278081 550.76 43.02 114.05 63.64 0 0.276044 1044.37 815.20 113.05 64.32 0 0.266417 41.35 882.52 49.61 60.29 0 0.264109 856.22 501.65 113.00 68.44 0 0.256794 839.92 96.32 109.53 51.29 0
466,0.630429 474.57 322.06 66.83 30.65 0 0.622498 871.17 347.34 58.58 27.43 0 0.590833 255.74 407.40 27.96 51.10 0 0.577154 351.23 415.95 29.15 54.98 0 0.568493 1042.38 353.98 56.28 26.55 0 0.557788 317.84 417.60 26.83 46.68 0 0.546523 803.20 346.18 58.47 26.29 0 0.535595 288.37 410.15 28.06 45.97 0 0.529572 946.12 350.74 52.33 25.84 0 0.520169 1786.73 399.33 53.71 24.71 0 0.488348 791.50 342.87 62.80 28.89 0 0.437813 957.54 352.93 54.77 24.57 0 0.420656 608.93 870.64 77.89 30.82 1 0.413671 306.67 312.72 64.78 28.14 0 0.401675 630.80 335.73 68.24 26.38 0 0.315566 1037.63 350.79 56.28 27.05 0 0.303296 312.97 313.43 68.88 30.67 0 0.250758 626.56 332.16 63.37 27.54 0
467,0.597272 0.00 407.64 192.62 92.28 0 0.346119 513.28 334.03 179.49 52.64 0
468,0.581771 600.37 572.98 64.84 45.24 1 0.444622 366.18 591.54 20.13 19.28 0 0.414707 217.51 614.95 21.71 16.97 0 0.407197 611.67 572.93 59.33 38.14 1 0.363806 390.93 587.33 18.87 21.05 0 0.325854 695.69 566.88 19.40 14.55 0 0.318237 194.62 608.65 19.07 17.88 0 0.312395 723.64 571.17 19.70 13.80 0 0.282820 750.02 618.03 25.72 18.41 0 0.257280 761.08 618.98 24.81 19.63 0
469,0.556573 473.05 485.73 237.39 75.38 0 0.401378 737.81 184.55 31.67 18.28 0
470,0.635539 1376.74 421.31 248.23 86.44 0 0.600010 1025.94 413.51 271.10 82.81 0 0.541654 1659.98 423.05 260.02 74.04 0 0.536880 421.22 399.42 238.77 92.66 0 0.441272 65.65 405.10 241.84 79.82 0 0.362018 0.45 381.12 37.46 77.44 0 0.357384 93.43 397.98 246.42 91.11 0 0.275228 357.20 91.75 30.19 19.63 0 0.252686 1844.77 115.79 35.33 17.92 0
471,0.774484 393.08 348.04 45.47 61.49 1 0.698421 1103.89 423.31 34.66 30.19 0 0.692662 1127.95 464.59 34.11 31.80 0 0.667630 229.53 622.33 36.93 43.96 0 0.644224 1371.52 972.77 51.72 57.02 0 0.629953 306.45 956.61 37.39 66.07 0 0.625894 863.15 783.06 74.18 38.18 1 0.613664 334.93 504.42 33.66 46.60 0 0.613490 421.35 607.26 42.96 71.79 1 0.611125 122.15 429.58 32.35 48.17 0 0.610705 407.19 911.98 33.63 55.02 0 0.610654 1221.16 724.40 38.16 35.84 0 0.609761 1161.01 321.42 37.08 20.80 0 0.606935 560.39 296.32 50.23 23.41 0 0.605606 1375.11 766.97 53.71 35.85 0 0.602838 1635.69 63.17 27.15 27.26 0 0.599747 234.69 399.24 31.19 47.28 0 0.598103 447.34 717.54 39.51 55.58 0 0.595136 237.41 987.69 32.82 62.95 0 0.590216 780.89 822.34 63.00 34.29 0 0.583438 1013.96 269.10 34.67 28.82 0 0.574830 974.48 437.29 29.98 32.88 0 0.565328 176.44 699.05 37.69 55.18 0 0.564741 94.82 574.35 31.93 44.23 0 0.563895 335.76 816.26 39.03 59.16 0 0.562902 473.24 884.52 37.64 59.64 0 0.554538 298.26 658.53 41.30 56.52 0 0.553027 1738.29 582.15 46.18 34.85 0 0.552278 1085.24 383.61 29.39 32.36 0 0.551229 1174.94 107.00 21.25 25.03 0 0.550696 1061.69 343.74 33.28 30.11 0 0.547533 227.62 794.68 33.18 52.78 0 0.544798 542.42 859.06 38.57 51.69 0 0.544744 1389.00 294.78 21.69 35.65 0 0.543601 232.73 851.60 36.00 63.67 0 0.541223 420.14 728.25 32.66 54.32 0 0.538920 1154.34 510.46 35.12 31.07 0 0.536892 1334.97 819.63 35.08 41.52 0 0.535519 1826.79 434.71 52.06 34.13 0 0.534589 1131.05 9.18 18.37 26.77 0 0.533561 388.83 741.70 33.86 52.78 0 0.532834 1638.68 514.98 40.76 28.21 0 0.532577 999.34 485.68 33.61 37.39 0 0.532540 56.18 913.01 38.40 66.22 0 0.530914 374.63 301.51 26.62 18.68 0 0.529674 61.97 582.55 30.71 51.20 0 0.527238 1259.96 392.11 33.19 27.84 0 0.526344 147.94 509.82 29.69 34.53 0 0.524636 1704.38 85.20 26.88 25.83 0 0.518022 1771.98 464.16 34.01 27.94 0 0.516595 1020.34 534.71 37.59 36.83 0 0.515611 1639.34 692.62 39.42 43.60 0 0.513291 303.94 507.48 33.13 49.76 0 0.510150 30.73 450.16 31.73 50.00 0 0.508835 1729.68 114.95 28.71 24.87 0 0.500300 385.64 579.48 28.85 46.85 0 0.498552 325.33 763.67 33.70 47.88 0 0.497861 1674.89 57.55 27.17 28.53 0 0.497319 1037.73 304.31 33.56 29.20 0 0.496285 168.21 645.50 35.55 46.55 0 0.495670 331.04 345.80 41.74 26.55 0 0.495638 270.42 975.00 34.87 65.97 0 0.490584 1685.91 489.45 45.29 35.38 0 0.489518 1080.82 15.46 26.58 26.42 0 0.486433 218.13 533.67 30.99 51.46 0 0.482076 136.01 654.13 30.93 45.28 0 0.481328 1320.83 818.69 35.03 40.65 0 0.481215 1604.92 36.15 25.46 21.30 0 0.471703 349.61 586.35 32.55 51.43 0 0.469669 354.49 753.98 33.49 50.75 0 0.468006 1110.09 11.25 21.72 26.71 0 0.467427 323.37 599.30 31.97 46.16 0 0.466116 747.11 251.00 53.29 22.91 0 0.465131 1453.59 702.34 46.65 30.52 0 0.460516 1788.90 461.48 35.41 27.96 0 0.459612 429.19 615.61 40.22 68.40 1 0.458002 730.20 253.86 50.42 23.59 0 0.457358 152.72 550.05 38.64 51.35 0 0.454884 247.80 531.08 35.12 49.67 0 0.454541 81.98 1045.99 38.51 29.31 0 0.451208 1407.03 234.61 33.50 19.70 0 0.444036 212.22 485.71 27.48 36.50 0 0.443547 269.81 843.27 33.87 63.81 0 0.443459 291.20 608.12 32.41 43.49 0 0.442975 178.05 414.82 34.40 47.61 0 0.437776 1723.61 479.90 36.30 32.40 0 0.435535 936.79 376.68 32.63 29.79 0 0.434909 946.56 388.51 31.36 33.24 0 0.433739 990.78 154.23 29.46 31.73 0 0.433611 664.55 275.11 45.26 20.77 0 0.421429 1150.85 4.33 19.51 27.02 0 0.421010 441.70 897.51 32.87 64.12 0 0.419174 1173.29 2.42 19.12 26.21 0 0.418016 1318.11 39.32 35.64 17.41 0 0.416590 925.57 346.55 33.10 25.67 0 0.416175 860.04 791.45 71.18 36.21 1 0.410145 1473.63 695.27 43.55 28.98 0 0.409271 555.12 296.87 50.98 27.33 0 0.409090 1161.03 515.03 31.78 29.40 0 0.408827 393.62 484.72 36.20 48.35 1 0.408392 1367.35 761.81 63.49 35.11 0 0.406985 1372.59 915.64 50.37 40.65 0 0.402489 1360.28 762.42 59.52 32.35 0 0.399199 1102.04 433.43 38.55 30.02 0 0.396108 124.94 1037.75 36.29 38.85 0 0.392996 1657.82 100.00 30.84 24.43 0 0.390447 0.39 706.20 38.52 26.55 0 0.385975 721.65 256.94 48.31 24.56 0 0.385690 390.16 1002.56 20.06 26.93 3 0.384377 1080.55 379.59 31.15 30.59 0 0.384326 1629.65 521.45 39.30 28.63 0 0.384303 1141.58 468.24 31.64 29.85 0 0.383089 1730.49 587.67 45.91 36.21 0 0.381257 214.81 507.17 25.91 35.11 0 0.379203 901.73 58.79 27.61 24.94 1 0.367874 1308.94 986.82 36.72 43.02 0 0.366023 477.02 277.78 24.19 14.59 0 0.363128 2.54 701.97 40.88 27.42 0 0.358368 230.62 629.20 36.25 50.35 0 0.357665 1632.99 3.56 27.07 23.70 0 0.355744 903.49 299.47 34.75 30.08 0 0.352291 942.10 384.48 33.33 34.80 0 0.351165 1694.62 132.33 28.69 28.54 0 0.349701 927.08 91.68 24.33 27.79 0 0.347350 378.83 630.59 41.13 54.96 1 0.342264 1607.46 7.52 26.51 22.31 0 0.340063 987.48 471.13 32.46 31.50 0 0.339763 275.55 671.04 36.26 52.03 0 0.339481 396.36 625.63 44.70 61.56 1 0.338648 431.81 284.02 29.19 15.58 0 0.337111 1195.18 0.00 20.77 21.92 0 0.336568 409.92 991.76 19.20 26.80 3 0.335400 1561.60 64.87 25.43 19.00 0 0.335035 996.75 476.17 29.49 34.95 0 0.333756 667.69 271.94 45.56 22.02 0 0.333310 1595.63 701.00 38.97 52.20 0 0.331321 342.67 376.28 34.65 34.88 0 0.329228 956.71 155.24 32.43 30.89 0 0.329114 1447.99 706.80 40.41 30.75 0 0.326595 1582.81 11.11 23.84 21.50 0 0.326536 1651.32 28.21 26.75 26.85 0 0.325996 1046.42 251.26 30.68 23.09 0 0.325673 1255.50 390.00 32.18 27.23 0 0.324022 358.45 1013.66 22.84 29.41 3 0.322846 17.72 927.48 38.99 63.04 0 0.322176 1671.23 28.78 26.76 26.23 0 0.321912 995.66 223.69 30.26 26.79 0 0.319633 399.17 631.33 32.91 56.43 1 0.316337 1728.74 475.02 37.19 29.15 0 0.316000 1529.87 558.55 41.04 33.07 0 0.315714 107.96 729.96 38.59 38.15 0 0.305623 1360.85 622.97 41.51 30.74 0 0.304672 527.04 259.12 28.04 16.59 0 0.301679 1242.94 0.00 22.43 15.33 0 0.301339 394.06 485.06 39.94 52.31 0 0.297662 1648.83 348.97 33.49 19.99 0 0.297232 1627.33 351.25 34.73 21.34 0 0.296861 1743.71 471.57 36.91 26.67 0 0.292825 413.65 568.77 35.25 50.77 1 0.285619 992.31 159.98 31.25 28.83 0 0.284482 1670.23 106.09 26.11 23.10 0 0.281903 0.00 601.24 22.20 36.40 0 0.279053 1610.49 91.66 25.31 23.59 0 0.278872 326.40 606.97 31.33 45.98 0 0.278018 1147.93 496.96 35.25 25.77 0 0.276119 349.01 379.37 34.16 39.71 0 0.275382 432.03 982.51 22.23 30.79 3 0.274587 1703.53 331.13 33.01 21.02 0 0.273393 1656.97 61.73 26.48 26.72 0 0.272187 1568.47 714.00 37.73 48.44 0 0.268400 381.63 744.03 39.57 55.08 0 0.266920 1486.81 1045.32 37.26 31.90 1 0.266470 1686.61 127.68 34.31 28.54 0 0.262611 1723.79 120.75 29.12 26.74 0 0.261776 1113.96 443.63 32.64 24.27 0 0.261451 1747.12 495.10 30.11 27.21 0 0.260841 1640.12 33.42 27.79 25.42 0 0.259136 1003.62 325.08 27.69 21.07 0 0.255679 1270.13 0.00 24.54 13.21 0 0.253446 1038.16 307.92 34.72 32.37 0 0.250961 367.65 637.60 33.96 44.82 0 0.250511 1335.87 811.19 38.25 44.97 0 0.250306 897.62 56.55 27.02 25.43 1
472,0.585382 754.04 778.44 63.48 67.45 0 0.553607 1079.19 851.32 39.45 22.25 3 0.543415 1073.28 806.45 41.58 23.45 3 0.526119 1073.31 787.69 35.94 23.34 3 0.522978 660.83 995.86 85.86 82.02 0 0.511929 1081.76 871.81 36.50 26.39 3 0.487557 733.78 851.60 59.32 88.45 0 0.431512 822.74 611.82 44.31 34.84 0 0.424727 1074.78 821.31 41.72 22.74 3 0.411819 788.12 733.72 44.34 33.45 3 0.403423 993.24 489.27 34.73 28.96 0 0.383372 892.14 445.66 27.37 22.76 0 0.376877 879.81 484.52 29.15 37.43 0 0.360653 1080.06 853.85 43.63 25.12 3 0.353787 457.06 285.18 22.09 17.84 0 0.353361 500.29 276.10 25.24 15.28 0 0.336857 958.58 324.61 19.50 17.01 0 0.334475 805.58 701.89 34.03 28.00 3 0.319974 796.33 706.43 37.94 32.92 3 0.318266 534.25 279.99 20.38 12.64 0 0.305066 770.91 281.26 23.05 12.87 0 0.303419 388.18 281.22 23.59 12.04 0 0.298216 408.74 283.13 20.45 12.32 0 0.293313 952.94 450.13 26.81 23.27 0 0.286127 884.84 468.31 28.25 32.80 0 0.264781 260.82 285.92 27.28 17.35 0 0.261444 1240.47 1033.42 27.52 41.03 3
473,0.340358 941.75 910.29 62.48 96.75 0 0.308555 1060.04 19.69 28.85 26.94 0 0.307697 953.72 208.85 34.01 26.62 0 0.301240 907.59 705.09 52.24 73.41 0
474,0.629603 1214.30 616.11 117.78 70.43 0 0.599687 984.59 791.65 111.27 63.47 0 0.583087 702.53 671.67 106.80 68.25 0 0.572134 1074.76 564.63 113.10 66.20 0 0.556183 1022.45 681.18 117.90 66.32 0 0.548848 1005.29 742.75 111.44 61.13 0 0.547069 516.73 1029.79 133.07 50.21 0 0.546871 1167.33 733.79 110.41 65.51 0 0.545059 1473.25 709.43 53.96 29.64 3 0.544481 1056.99 620.94 110.46 64.24 0 0.540033 723.92 616.77 108.46 63.98 0 0.537264 589.28 917.56 112.17 72.23 0 0.536906 615.64 857.64 116.45 67.87 0 0.531341 653.07 451.81 87.11 57.34 0 0.529453 655.19 791.32 116.60 67.89 0 0.528597 959.11 855.60 111.68 66.06 0 0.527823 681.45 745.14 115.54 65.64 0 0.519832 680.50 398.52 108.05 62.26 0 0.517765 782.05 513.15 99.40 60.33 0 0.515744 676.92 456.99 92.08 63.03 0 0.506748 1143.16 781.21 103.17 70.27 0 0.506565 609.12 503.11 99.28 59.30 0 0.506200 1076.25 972.60 119.37 78.11 0 0.503060 558.11 982.64 125.96 65.33 0 0.502390 938.60 911.65 100.22 65.89 0 0.495448 816.35 456.05 92.77 63.37 0 0.494325 751.10 555.84 104.88 61.42 0 0.494135 759.82 565.25 105.17 62.47 0 0.487783 825.52 462.98 95.87 60.27 0 0.475496 1072.96 553.57 106.96 65.84 0 0.472954 720.26 606.80 108.41 61.87 0 0.469752 618.06 506.27 100.11 64.41 0 0.468103 945.91 917.30 107.12 70.27 0 0.467197 1372.14 994.00 54.30 30.21 3 0.459018 883.96 971.19 130.95 82.22 0 0.453988 560.67 963.83 116.52 65.64 0 0.446374 1478.42 684.49 56.83 29.33 3 0.440977 688.76 404.47 115.11 64.94 0 0.436614 951.36 843.28 120.40 66.69 0 0.433994 674.60 754.21 113.89 67.58 0 0.426379 1072.03 984.29 128.45 82.02 0 0.424844 1491.95 651.51 57.55 32.56 3 0.402509 1359.76 1040.22 42.95 24.77 3 0.382630 78.35 365.04 99.80 52.12 0 0.379229 1048.26 605.77 114.22 64.67 0 0.370726 1149.18 791.85 104.86 70.97 0 0.364614 814.73 444.40 82.22 59.03 0 0.362861 75.77 411.39 76.42 46.40 0 0.357725 608.99 843.64 122.88 69.07 0 0.351924 865.33 1023.44 130.86 56.56 0 0.350615 1383.22 965.94 57.31 32.43 3 0.350023 1074.91 962.08 109.86 73.62 0 0.322083 642.80 795.93 120.19 73.72 0 0.312879 877.43 984.24 136.78 87.33 0 0.312423 998.67 727.61 117.07 62.76 0 0.302664 646.75 446.00 85.62 52.68 0 0.283997 1149.42 774.67 121.48 64.50 0 0.281364 764.93 527.35 107.13 58.32 0 0.280110 100.07 419.18 75.08 39.24 0 0.279160 739.90 625.05 98.21 58.13 0 0.275724 707.28 681.53 112.37 67.20 0 0.272168 80.12 418.84 61.31 47.75 0 0.264389 534.57 1009.92 143.18 62.27 0 0.261093 665.95 774.61 119.45 58.23 0 0.256683 682.39 728.73 116.63 59.56 0
475,
476,0.668954 405.11 491.93 22.39 30.17 0 0.546172 365.88 490.62 21.36 29.78 0 0.542607 866.11 373.10 46.00 49.21 1 0.539767 679.77 533.31 22.53 32.34 0 0.538546 332.47 482.47 25.39 26.62 0 0.485629 381.88 491.64 21.65 28.78 0 0.483632 1060.82 400.43 19.53 25.18 0 0.448649 1039.20 399.05 21.53 24.22 0 0.444487 910.48 336.41 21.31 27.26 0 0.425301 960.17 341.17 19.12 25.61 0 0.407769 909.09 327.00 21.15 24.19 0 0.398433 1111.57 409.24 21.05 25.57 0 0.395573 595.03 529.57 22.44 25.05 0 0.372296 596.09 443.23 28.81 16.33 0 0.342483 550.16 440.82 36.14 18.34 0 0.341142 456.24 500.22 20.28 25.24 0 0.336862 594.36 523.09 23.44 26.48 0 0.333768 352.50 394.12 31.00 17.63 0 0.333665 931.78 325.11 20.85 20.28 0 0.319235 957.53 329.53 22.06 25.14 0 0.319064 1151.75 413.17 20.55 21.30 0 0.309007 388.43 545.46 26.56 23.39 0 0.288887 1152.42 402.63 21.49 21.74 0 0.283328 317.65 484.40 31.23 25.35 0 0.275354 473.72 500.22 22.44 25.63 0 0.267088 865.08 253.41 24.33 15.42 0 0.258420 626.01 537.08 18.24 22.51 0
477,0.698021 0.00 398.73 97.81 91.09 1 0.666423 1178.08 420.71 262.36 92.44 0 0.631594 805.85 415.21 281.58 87.18 0 0.595344 1474.65 424.30 284.18 86.49 0 0.489350 176.05 397.20 232.08 91.04 0 0.273528 306.88 159.03 30.06 29.20 0 0.253668 194.91 389.39 199.93 84.19 0
478,0.781603 554.14 680.09 48.08 64.42 1 0.635396 517.97 218.56 48.22 37.02 0 0.631714 576.56 246.65 50.52 36.48 0 0.604713 467.56 189.07 49.29 37.90 0 0.602710 291.29 93.06 58.48 42.75 0 0.599372 283.81 266.62 62.55 40.51 0 0.558983 400.19 151.59 51.92 38.70 0 0.543628 356.07 984.48 56.85 34.91 0 0.541202 229.06 63.52 54.45 32.21 0 0.534745 174.30 148.38 66.77 41.37 0 0.533275 107.44 1035.85 58.27 32.97 0 0.513984 133.24 1007.06 56.65 30.88 0 0.510628 929.33 352.57 55.37 25.83 0 0.493829 158.03 196.06 53.53 40.56 0 0.493778 836.44 214.08 33.18 43.71 0 0.491959 1210.87 208.04 41.34 27.36 0 0.490957 572.11 32.33 55.69 34.34 0 0.489805 163.98 199.97 51.73 40.40 0 0.489516 231.88 70.91 56.39 31.21 0 0.488718 957.02 243.02 27.46 38.62 0 0.480668 521.70 772.39 43.40 40.15 0 0.466397 517.78 788.81 38.23 38.88 0 0.463718 1043.86 195.29 59.68 36.19 0 0.462325 965.73 213.12 32.78 45.09 0 0.461905 157.38 946.55 63.46 35.90 0 0.459095 355.26 978.70 57.98 29.53 0 0.457072 350.62 126.29 53.84 41.88 1 0.451667 147.90 968.46 65.70 33.46 0 0.445865 0.08 1008.32 51.64 33.43 0 0.435780 1859.72 1048.17 51.53 27.35 0 0.431141 319.68 1042.96 62.69 34.56 0 0.429990 0.84 997.64 52.94 30.62 0 0.429070 143.79 974.65 61.70 33.06 0 0.426867 133.20 997.70 60.23 34.64 0 0.414897 0.00 1042.34 42.13 34.07 0 0.410635 113.51 1.51 61.14 45.60 1 0.402102 432.18 334.90 46.53 45.63 0 0.399718 882.52 145.01 33.67 37.11 1 0.394312 45.32 886.16 75.66 48.82 1 0.393080 1089.88 118.80 53.44 35.93 0 0.381990 1149.70 534.83 36.88 26.27 1 0.360398 865.45 426.38 58.19 31.12 0 0.356779 164.01 930.10 59.15 29.77 0 0.352598 463.24 185.81 45.50 35.09 0 0.351244 867.89 156.73 34.51 36.55 1 0.350525 417.55 326.16 53.15 48.02 0 0.350044 227.10 227.02 46.50 41.44 1 0.348912 409.78 160.71 48.00 35.23 0 0.343814 0.00 926.71 27.93 28.24 0 0.334928 480.55 368.15 53.41 41.48 0 0.334738 58.01 888.88 64.13 38.00 1 0.331133 1101.64 120.81 45.87 34.69 0 0.325838 844.75 198.05 34.74 48.29 0 0.325798 1052.45 157.81 59.82 42.96 1 0.324491 134.32 988.93 66.63 32.89 0 0.316321 411.83 326.86 46.33 45.88 0 0.289747 938.56 20.03 35.84 45.22 0 0.287449 93.98 1051.74 62.29 28.26 0 0.285418 315.98 1051.12 66.02 28.88 0 0.282098 405.78 317.88 52.06 45.14 0 0.279835 1081.10 115.43 50.05 35.21 0 0.278426 274.44 257.13 64.58 46.16 0 0.275520 946.38 7.12 36.76 42.83 0 0.268969 973.51 212.27 30.74 40.63 0 0.267560 51.13 923.95 55.20 30.90 1 0.263655 252.83 241.81 39.76 38.94 0 0.263147 368.21 307.03 51.54 44.89 0 0.261267 152.05 957.13 65.02 34.46 0 0.260516 150.61 950.35 64.11 34.53 0 0.260376 1145.89 519.94 42.36 27.20 1 0.259538 0.00 890.53 30.87 32.23 0 0.258227 1008.26 256.18 29.10 35.28 0 0.253931 513.51 903.06 23.49 17.12 3 0.253717 1855.72 1045.60 47.55 27.53 0 0.250822 362.28 304.54 44.61 43.08 0 0.250254 160.06 21.14 49.46 39.36 1
479,0.592968 804.15 92.12 121.86 48.00 0 0.565565 1114.78 381.53 165.04 85.01 0 0.542858 1148.20 235.69 68.42 61.14 0 0.438486 924.01 270.04 173.76 84.13 0 0.412428 1208.97 451.62 245.76 103.01 0 0.405558 1026.60 343.52 124.64 70.09 0 0.405276 929.41 261.27 159.64 73.43 0 0.404800 1094.49 389.52 165.02 94.50 0 0.354679 850.31 236.37 123.99 75.26 0 0.354453 1125.87 375.61 150.06 64.48 0 0.282309 896.43 107.32 40.01 32.49 0 0.276699 1157.36 238.21 80.24 61.22 0 0.274263 1106.44 399.19 181.97 79.07 0 0.255496 1082.12 369.86 174.76 89.00 0
480,0.645572 1065.64 399.69 51.62 72.05 0 0.602530 20.40 311.56 39.36 60.48 0 0.560510 0.00 481.10 38.22 72.23 0 0.558503 35.56 175.82 40.39 62.21 0 0.555016 54.92 57.97 32.06 48.49 0 0.552824 275.35 56.91 30.47 45.34 0 0.532955 273.98 306.37 36.78 58.06 0 0.473796 26.64 249.15 24.47 40.46 0 0.449251 273.49 651.54 45.66 68.38 0 0.440556 272.74 173.31 28.12 45.16 0
481,0.520472 623.87 555.75 54.91 32.59 1 0.368617 238.39 567.02 22.20 16.85 0 0.368421 265.85 573.42 23.32 17.60 0 0.323338 714.15 545.19 26.31 16.41 0 0.312110 697.30 547.78 27.95 17.62 0
482,0.705211 836.32 574.28 64.38 42.03 0 0.677318 960.07 862.17 69.92 45.07 0 0.643910 618.78 548.46 64.51 43.36 0 0.636204 780.77 434.42 64.89 39.36 0 0.635163 809.28 508.42 63.03 40.08 0 0.614398 704.10 1030.83 71.71 44.45 0 0.598864 763.06 911.36 74.23 47.19 0 0.597407 662.41 647.68 73.41 43.02 0 0.590174 651.03 608.69 73.40 40.06 0 0.587024 779.85 958.38 70.72 44.61 0 0.580838 515.40 553.61 68.81 40.28 0 0.577506 568.77 696.48 68.82 40.85 0 0.576146 291.13 328.52 31.20 18.90 3 0.574084 734.08 833.89 70.39 46.01 0 0.573092 588.19 480.47 63.27 37.04 0 0.571612 899.98 719.28 67.83 43.01 0 0.568258 1041.24 358.16 65.25 37.74 0 0.560749 567.94 652.12 69.76 40.52 0 0.556423 917.09 792.83 74.08 43.80 0 0.554841 636.43 836.56 71.72 43.14 0 0.549989 724.47 791.23 70.23 43.23 0 0.545303 1005.73 294.64 71.88 38.73 0 0.544070 652.69 911.72 78.23 47.03 0 0.540386 600.28 513.73 59.51 36.37 0 0.537161 820.95 537.08 67.44 42.57 0 0.537044 1098.24 938.18 72.62 43.12 0 0.536996 994.70 940.19 72.02 42.77 0 0.536329 812.82 1018.59 70.94 52.85 0 0.533315 986.89 265.78 66.94 38.80 0 0.531642 876.22 676.97 71.50 43.35 0 0.527757 984.42 904.41 69.65 44.47 0 0.526897 678.86 681.60 70.81 40.96 0 0.525766 869.16 642.02 67.62 42.83 0 0.522251 1087.73 893.49 73.66 40.88 0 0.520507 686.46 717.35 71.27 44.20 0 0.516839 530.76 583.83 65.10 40.97 0 0.512686 749.34 871.82 66.08 39.50 0 0.511032 1115.62 982.14 71.49 40.40 0 0.509085 612.85 771.84 69.24 42.06 0 0.508067 910.08 754.36 68.69 45.10 0 0.504087 623.30 797.52 67.38 44.18 0 0.500515 501.00 238.75 98.24 41.76 1 0.499768 640.42 882.62 70.67 42.08 0 0.492717 568.57 446.57 74.33 35.90 0 0.485505 770.29 402.05 64.71 31.46 0 0.484898 512.43 514.11 64.65 34.15 0 0.484529 562.41 623.49 64.87 37.93 0 0.481974 1078.32 227.40 65.82 34.16 0 0.481017 584.90 729.59 65.77 45.94 0 0.480586 796.26 469.87 59.79 40.14 0 0.476872 708.38 765.19 76.54 44.34 0 0.476163 794.44 977.67 70.74 52.07 0 0.475843 1013.69 982.30 70.43 45.21 0 0.471181 1022.25 1029.42 76.29 41.34 0 0.468612 1042.52 353.42 65.39 35.45 0 0.462819 742.48 826.28 73.00 41.97 0 0.422404 555.14 625.25 63.52 39.41 0 0.421323 933.93 827.96 70.07 44.91 0 0.417328 646.32 919.83 72.93 42.51 0 0.414882 1101.97 988.79 68.00 41.81 0 0.412725 1030.64 1019.06 75.82 43.39 0 0.409342 579.21 736.69 66.14 41.60 0 0.407282 797.93 988.98 70.38 48.66 0 0.403552 712.81 771.20 76.83 43.55 0 0.402824 815.41 532.35 65.53 43.53 0 0.399549 566.77 619.46 56.47 36.07 0 0.393149 519.19 594.90 60.96 37.45 0 0.392660 1085.09 943.38 78.43 47.86 0 0.383372 767.30 408.35 65.75 36.94 0 0.365198 994.10 257.30 63.16 35.66 0 0.354070 501.23 519.70 71.75 32.90 0 0.352397 741.20 875.19 67.69 41.74 0 0.351086 890.61 704.28 68.42 42.84 0 0.346319 556.56 1052.75 28.36 19.57 3 0.344700 567.97 452.43 69.82 36.62 0 0.344031 294.55 325.59 32.43 22.85 3 0.340814 505.93 538.84 71.46 36.92 0 0.340218 500.61 227.47 98.74 46.77 1 0.339237 0.00 0.00 30.44 35.42 0 0.337477 502.21 530.26 69.93 32.20 0 0.327710 590.56 475.91 77.26 34.59 0 0.326125 713.77 806.11 79.88 42.44 0 0.314615 987.59 914.16 68.50 44.23 0 0.310127 771.66 908.14 66.36 41.55 0 0.303535 724.15 782.32 68.23 46.42 0 0.302417 592.56 746.52 68.11 42.98 0 0.301613 1080.34 898.95 73.35 46.82 0 0.299060 604.97 468.99 63.65 34.42 0 0.298886 917.94 778.90 67.84 48.16 0 0.297339 606.58 556.23 66.59 38.85 0 0.296410 988.00 948.30 64.39 43.13 0 0.288479 1092.08 926.25 75.45 36.60 0 0.285271 562.47 661.15 73.31 44.06 0 0.275610 928.47 804.15 70.74 49.20 0 0.272104 802.29 493.28 63.40 43.91 0 0.270773 581.30 689.56 61.25 38.20 0 0.268215 606.08 769.16 65.82 40.19 0 0.266905 723.21 753.64 66.42 40.01 0 0.258616 1022.58 1017.69 70.47 39.76 0 0.252367 829.94 560.12 67.56 47.81 0
483,0.391466 1203.87 547.59 18.81 11.69 0 0.311581 649.28 596.62 32.29 15.54 0 0.285603 1179.68 549.39 21.31 14.50 0
484,0.709746 1199.97 680.68 58.44 29.50 0 0.676250 725.08 407.76 63.57 142.85 1 0.655145 326.43 834.69 35.72 57.71 0 0.651168 470.80 836.75 34.27 61.11 0 0.604388 1129.28 461.42 27.76 45.72 0 0.586593 866.36 307.50 29.59 50.86 0 0.564874 225.78 635.16 49.98 21.50 0 0.550270 710.47 733.87 53.96 22.45 0 0.526973 159.82 631.04 53.17 23.87 0 0.518205 92.04 800.40 34.20 50.72 0 0.512500 40.98 946.40 39.20 62.44 0 0.503876 782.20 268.27 26.50 47.46 0 0.493377 1047.94 451.34 24.44 50.14 0 0.492842 812.01 268.36 24.39 43.79 0 0.492673 331.98 710.99 74.61 30.91 0 0.490841 676.05 401.95 51.13 25.34 0 0.486056 843.56 260.28 23.85 45.96 0 0.475341 782.28 322.83 26.72 41.35 0 0.465766 11.87 704.83 48.40 30.83 0 0.462359 357.85 835.72 29.87 54.50 0 0.449459 567.07 729.48 51.81 24.85 0 0.447332 1212.62 456.93 27.00 43.36 0 0.441532 841.06 252.10 25.23 49.65 0 0.434535 95.72 633.33 44.83 21.73 0 0.415420 4.85 928.53 44.43 61.73 0 0.413167 692.31 53.17 33.14 48.49 1 0.397042 41.10 961.04 38.15 57.11 0 0.395993 289.95 637.49 35.75 21.51 0 0.385207 1013.58 450.20 29.44 51.78 0 0.366192 1021.43 765.29 26.99 41.17 0 0.366106 1302.86 448.46 62.83 32.70 1 0.365636 487.29 719.36 55.77 27.63 0 0.358148 1185.42 458.07 27.32 44.16 0 0.347729 814.50 318.95 24.46 41.76 0 0.338377 511.71 719.77 51.00 27.56 0 0.316454 864.52 255.82 25.76 46.94 0 0.316367 1207.21 676.65 56.59 32.07 0 0.294092 782.25 256.88 27.60 52.22 0 0.286599 777.44 325.13 28.91 44.12 0 0.285075 775.50 266.35 28.31 49.78 0 0.274360 695.17 729.85 63.24 25.09 0 0.267659 621.54 733.92 58.67 25.97 0 0.263613 4.35 700.96 44.11 32.65 0 0.258077 502.97 716.35 55.01 27.51 0 0.257356 1303.14 454.13 69.42 29.94 1
485,0.603883 0.00 501.30 222.55 91.59 0
486,0.692213 1169.45 560.66 62.43 30.88 1 0.641416 920.77 405.00 31.36 56.26 1 0.470349 902.48 0.00 24.06 35.83 0 0.439452 920.45 172.35 19.51 32.40 0 0.305700 918.68 164.19 20.21 33.52 0 0.281407 897.76 0.00 25.03 36.87 0 0.250745 1823.21 0.00 53.35 15.83 0
487,0.513531 642.11 674.53 55.15 68.29 0 0.494375 696.53 514.65 37.43 29.40 1 0.450215 384.20 987.33 31.35 39.08 0 0.395220 1664.87 448.73 37.45 27.88 0 0.362181 1669.91 457.67 32.06 25.08 0 0.273857 1651.52 442.20 43.28 27.20 0
488,0.658395 674.36 339.82 126.31 50.93 1 0.528228 712.11 241.85 120.38 52.78 1 0.520465 618.10 271.17 50.26 119.46 1 0.519250 681.80 312.94 125.81 39.99 1 0.403259 676.76 320.13 127.62 44.69 1 0.304620 716.49 251.83 113.87 49.72 1 0.292652 747.19 248.08 90.79 52.21 1
489,0.621260 711.40 718.60 67.49 47.57 1 0.542471 1787.41 321.63 51.45 23.11 0 0.534823 421.26 1029.52 74.47 40.86 0 0.498498 831.58 889.94 57.04 38.88 0 0.492772 1237.51 512.44 46.72 30.22 0 0.447047 1170.45 552.96 50.11 33.35 0 0.435672 1780.25 320.83 50.87 25.10 0 0.423563 427.69 1024.60 72.31 39.17 0 0.411206 1174.50 546.71 49.70 32.47 0 0.382810 896.68 601.77 66.41 41.15 0 0.371617 1296.39 467.44 47.85 31.14 0 0.348560 1284.41 483.12 47.98 26.69 0 0.343746 1839.44 157.78 42.17 49.25 0 0.328635 378.70 1041.07 62.39 36.28 0 0.286771 1229.36 516.69 44.42 31.35 0 0.286078 901.43 596.13 66.15 42.01 0 0.285175 371.52 1050.62 59.33 28.99 0 0.284459 1390.72 409.96 55.25 30.05 0
490,0.542839 1181.11 389.70 163.95 91.59 0 0.530974 696.51 576.62 130.04 123.89 0 0.526060 1540.56 306.60 135.52 75.80 0 0.495337 1364.46 370.38 107.02 63.12 0 0.456689 1171.44 424.79 166.92 74.67 0 0.445024 803.14 611.21 129.67 146.43 1 0.432957 738.31 481.80 28.99 39.44 2 0.423188 539.88 555.86 148.99 119.14 0 0.397535 738.08 462.37 26.90 41.85 2 0.395915 1393.45 370.46 110.97 58.92 0 0.362882 1365.60 377.75 82.11 55.84 0 0.357956 1884.43 460.84 35.53 68.95 0 0.320579 1200.63 367.86 125.63 57.25 0 0.306227 1528.53 311.66 159.15 82.00 0 0.287992 1155.60 420.90 137.41 80.29 0 0.269998 1544.73 299.68 136.67 54.31 0 0.252143 1193.61 385.94 147.15 70.25 0
491,0.321200 932.57 956.43 52.00 107.17 0
492,0.659059 1168.95 692.63 24.40 53.45 0 0.654740 1109.49 695.50 26.28 53.22 0 0.648524 1266.60 696.14 24.01 52.48 0 0.631842 379.08 731.37 25.80 54.06 0 0.628276 791.66 1029.61 23.63 49.24 0 0.623376 1133.85 616.51 23.26 52.07 0 0.621475 1073.38 697.64 26.24 55.71 0 0.621396 1202.83 691.78 24.53 51.89 0 0.616999 1262.06 814.29 25.13 48.75 0 0.616187 889.58 705.46 28.12 57.01 0 0.607980 1197.54 617.18 23.60 52.07 0 0.607797 910.46 625.68 27.59 55.29 0 0.605594 866.26 1042.67 22.81 37.05 0 0.598456 481.60 409.33 27.98 57.10 0 0.595300 1230.39 612.96 24.66 54.55 0 0.591917 982.18 1034.06 22.48 42.19 0 0.589041 360.14 287.17 35.19 62.57 0 0.588636 1009.79 617.80 23.92 50.07 0 0.583873 1229.62 811.30 23.89 49.61 0 0.581253 783.66 897.22 56.35 28.82 0 0.580486 1297.17 612.00 25.35 51.76 0 0.576874 547.68 410.17 29.78 56.59 0 0.571826 800.94 969.11 48.97 24.88 0 0.571595 409.29 727.24 25.80 55.36 0 0.568392 458.67 538.09 28.79 59.65 0 0.563223 420.48 416.74 32.01 54.56 0 0.561132 1293.14 813.84 22.90 48.48 0 0.559309 1283.49 917.46 57.38 26.20 0 0.557909 974.38 621.24 25.22 49.76 0 0.557288 1058.96 1035.51 24.88 42.71 0 0.554011 1038.82 620.34 23.89 50.61 0 0.551041 930.38 262.61 30.59 43.08 0 0.548639 1264.14 614.75 24.46 52.01 0 0.542754 1036.66 701.69 28.76 53.75 0 0.539405 1343.76 690.37 21.83 48.63 0 0.539104 497.93 537.57 26.62 56.76 0 0.536014 1084.03 248.31 43.61 37.22 0 0.532214 941.66 624.57 24.19 48.64 0 0.525345 1232.95 692.17 25.58 53.08 0 0.519581 1094.16 298.58 44.66 45.04 0 0.515562 1164.80 611.97 26.07 54.70 0 0.506616 1074.40 619.95 23.75 52.63 0 0.477647 1304.55 694.05 25.02 52.77 0 0.470555 926.88 244.60 32.86 41.32 0 0.469365 1090.63 494.91 29.38 54.18 0 0.461543 795.97 972.48 49.62 26.25 0 0.454401 636.96 529.17 29.92 55.75 0 0.448710 908.89 1042.75 22.34 34.53 0 0.445131 1071.03 810.39 59.85 27.46 0 0.445072 1072.63 613.52 23.67 48.81 0 0.431750 337.84 733.04 32.10 53.46 0 0.431567 1159.74 1050.85 25.14 29.15 0 0.428044 1089.04 1033.03 26.88 45.27 0 0.392821 935.59 330.20 38.73 41.02 0 0.389943 1142.82 817.99 55.66 28.86 0 0.387664 830.41 436.63 28.28 54.91 0 0.382031 1308.48 694.38 25.25 47.99 0 0.367233 1305.46 955.97 54.29 27.11 0 0.361361 802.12 937.02 51.13 27.15 0 0.354812 1125.13 1046.22 21.98 33.74 0 0.344072 800.82 933.27 48.24 24.80 0 0.323717 747.79 522.30 26.89 41.01 0 0.319791 824.75 1035.71 24.75 44.29 0 0.315829 941.24 320.58 41.03 39.71 0 0.312071 444.23 724.24 28.20 54.26 0 0.305832 1086.69 304.21 42.49 44.93 0 0.286121 517.09 416.19 25.09 51.26 0 0.274784 1160.27 609.16 26.85 57.01 0 0.273930 478.59 404.72 27.73 53.36 0 0.270846 854.88 726.75 25.27 43.42 0
493,0.638110 408.86 480.87 185.45 74.24 1 0.633189 661.32 501.21 152.80 59.46 0 0.609812 1306.04 507.13 140.25 56.04 0 0.589983 845.33 510.36 123.58 49.39 0 0.535189 1477.28 512.56 137.02 55.12 0 0.480398 1771.07 516.07 129.50 46.86 0 0.338671 0.00 488.28 142.86 61.44 0 0.297909 183.44 501.37 181.80 61.80 0 0.272405 1740.10 522.26 162.63 44.13 0
494,0.662428 1099.40 654.55 64.67 27.27 0 0.649149 784.82 635.75 63.92 30.84 0 0.633531 1177.84 659.35 63.10 27.10 0 0.558891 1255.47 660.93 60.59 27.50 0 0.557176 1017.35 650.01 70.42 27.28 0 0.547971 1495.87 675.72 61.51 27.63 0 0.538243 1416.11 675.11 67.09 30.22 0 0.510631 629.10 623.38 70.13 30.92 0 0.507936 941.91 648.91 59.45 26.33 0 0.418900 1331.31 667.62 66.06 27.67 0 0.319449 1144.54 604.73 51.46 26.20 0 0.291763 936.54 645.43 61.47 27.03 0 0.276827 1414.12 668.48 68.60 29.96 0
495,0.329306 883.90 559.17 25.94 20.49 0 0.260448 177.38 472.21 38.12 16.55 0
496,0.761022 1569.58 483.83 69.70 58.02 1 0.696530 653.24 314.69 82.57 35.23 0 0.665760 34.91 634.59 102.89 80.06 0 0.655424 1439.64 348.93 55.94 45.90 1 0.625009 1404.70 631.81 86.74 103.41 0 0.624658 1752.63 680.90 84.61 74.23 0 0.623160 256.79 892.24 66.23 43.93 3 0.621238 1343.05 251.40 40.16 32.48 0 0.614407 853.83 318.12 73.23 31.05 0 0.610575 757.24 317.67 77.23 34.18 0 0.603211 1456.04 739.26 91.99 106.10 0 0.596620 658.50 278.34 52.90 28.77 0 0.592026 943.74 318.64 71.93 27.41 0 0.590541 1820.29 209.24 40.38 26.79 0 0.587696 741.28 273.94 42.69 27.39 0 0.582606 1834.25 769.35 85.66 96.61 0 0.571058 1362.08 578.26 70.75 65.06 0 0.565488 0.00 341.35 35.22 39.44 0 0.562729 801.55 276.67 41.32 27.53 0 0.551966 1376.58 287.33 47.69 32.21 0 0.550344 1253.22 384.61 52.67 58.90 0 0.546572 191.50 346.56 62.55 45.14 0 0.546291 1312.42 494.12 62.62 62.22 0 0.546174 426.37 924.98 42.08 51.43 3 0.542045 1509.84 439.64 70.78 52.92 0 0.541380 545.53 277.12 35.79 29.03 0 0.538077 1766.20 171.51 42.42 25.16 0 0.537120 1484.69 393.31 56.59 35.83 0 0.528104 550.94 833.64 59.54 38.13 3 0.527983 135.82 461.82 82.15 57.87 0 0.514830 92.42 336.19 61.07 46.16 0 0.514546 3.70 436.25 59.07 80.07 0 0.511072 298.83 311.74 78.05 31.52 0 0.503545 474.88 295.66 34.72 28.58 0 0.502380 592.72 275.11 40.42 29.11 0 0.501001 1802.54 247.67 48.57 24.32 0 0.498703 1405.02 315.32 53.64 38.04 0 0.492055 206.18 1001.66 35.23 43.02 2 0.487321 479.85 348.88 21.41 21.00 3 0.486804 0.00 428.83 55.02 68.77 0 0.484281 1745.87 171.20 41.22 25.36 0 0.484207 1274.15 446.51 57.27 53.68 0 0.483849 1308.01 217.50 50.94 34.97 0 0.480317 48.05 728.06 22.13 36.09 2 0.475079 1705.92 204.42 37.21 25.86 0 0.472704 1666.63 581.27 77.51 46.26 1 0.470075 1739.24 208.84 36.85 24.69 0 0.465415 41.51 552.83 86.56 70.03 1 0.458172 692.60 772.65 50.15 41.65 3 0.457760 435.49 810.73 72.72 37.96 3 0.456406 144.26 338.75 47.58 45.61 0 0.456067 1481.86 405.43 62.36 38.50 0 0.454529 1747.95 291.27 51.34 25.65 0 0.444447 132.04 300.44 69.36 34.04 0 0.441018 1637.90 131.43 41.06 23.86 0 0.440951 1073.19 35.36 27.92 15.89 0 0.437228 555.98 826.84 54.75 38.49 3 0.435455 1843.68 206.91 41.05 25.11 0 0.434868 1797.34 250.07 44.75 26.05 0 0.419191 1489.07 413.40 62.46 40.05 0 0.418699 1577.80 136.23 45.89 23.01 0 0.401885 1294.43 199.07 51.53 29.97 0 0.397292 444.99 804.45 68.82 40.84 3 0.396093 102.72 327.74 61.63 40.20 0 0.388273 1793.04 174.76 40.87 23.77 0 0.386266 1624.81 160.06 38.34 25.53 0 0.378508 458.13 291.60 37.43 28.15 0 0.377489 1721.02 169.19 40.48 26.32 0 0.377116 1300.65 212.71 53.63 34.98 0 0.365714 50.22 339.12 52.42 42.85 0 0.365497 45.61 349.32 52.00 39.34 0 0.359270 1843.97 166.10 40.09 22.91 0 0.357431 1680.20 163.37 38.22 22.86 0 0.355245 1623.67 170.74 36.97 24.79 0 0.353785 146.69 621.34 176.71 190.73 1 0.353451 1299.28 202.71 49.54 34.92 0 0.350620 1633.27 136.50 39.57 22.19 0 0.348608 1603.95 156.04 37.02 23.42 0 0.347979 1316.19 222.50 45.92 31.90 0 0.347680 1214.34 113.52 32.83 26.27 0 0.347572 119.44 756.98 26.50 37.90 2 0.347541 1691.97 163.40 35.29 23.54 0 0.346118 17.67 556.35 106.02 81.57 1 0.345127 1172.60 63.11 34.30 21.48 0 0.338025 47.78 736.91 21.38 36.95 2 0.332534 474.27 284.47 37.01 32.46 0 0.331919 747.36 276.27 38.85 27.53 0 0.330723 455.59 283.52 36.57 30.75 0 0.328478 1862.97 126.88 41.76 24.11 0 0.325039 1681.51 604.09 99.55 79.03 1 0.318279 47.68 861.13 52.11 46.56 3 0.311261 1718.33 206.42 41.91 28.36 0 0.309187 1899.28 160.44 20.72 22.74 0 0.308504 179.77 846.03 43.47 36.41 3 0.289504 92.30 344.92 56.99 42.78 0 0.285690 1795.75 164.14 36.25 19.53 0 0.285667 142.30 837.34 28.42 40.81 2 0.281695 1205.27 107.94 30.96 21.88 0 0.280928 1845.18 172.61 42.60 22.27 0 0.276968 365.11 813.41 28.99 31.34 2 0.276864 1812.46 757.82 100.92 96.27 0 0.269588 1100.28 247.83 53.54 30.44 0 0.266830 1661.85 585.39 90.60 63.74 1 0.265283 125.39 839.72 26.56 45.79 2 0.264075 357.69 802.66 30.95 35.46 2 0.264010 139.27 449.23 77.22 57.41 0 0.259632 1145.71 31.77 35.95 21.99 1 0.254328 190.36 919.98 39.37 35.61 2 0.253297 1758.25 283.16 48.50 28.76 0 0.252560 1424.74 299.27 48.22 28.57 0 0.251186 50.66 823.17 42.31 49.32 2
497,0.613150 1145.46 617.90 42.86 18.94 0 0.539147 1192.62 616.12 41.44 19.06 0 0.531804 1302.24 607.13 38.48 20.63 0 0.502908 1246.39 611.83 36.42 17.60 0 0.502640 756.55 635.69 41.97 18.97 0 0.490489 437.81 727.27 32.32 32.89 0 0.420908 1004.80 620.96 37.86 19.88 0 0.341979 806.98 632.75 37.41 18.04 0 0.311212 1251.99 610.34 35.29 17.64 0 0.307253 948.14 629.47 45.21 20.69 0 0.285504 1203.57 614.06 43.99 18.01 0
498,0.672846 1013.64 536.94 52.42 24.09 0 0.633269 1078.70 542.83 50.54 21.82 0 0.614750 942.18 533.98 56.27 21.90 0 0.602488 734.39 519.10 52.76 21.97 0 0.588182 1354.83 558.72 51.67 25.75 0 0.538669 1281.76 559.73 62.47 27.03 0 0.521782 1143.98 546.07 51.56 24.78 0 0.490723 1213.56 554.83 57.87 25.05 0 0.464735 1007.30 538.99 57.75 25.81 0 0.410094 231.40 583.22 38.01 26.30 0 0.286440 597.01 506.45 60.02 26.10 0 0.276135 75.33 595.50 30.31 15.05 0
499,0.653184 660.45 854.87 39.93 64.71 1 0.588549 189.24 625.51 56.46 36.46 0 0.578337 125.67 654.91 54.62 32.60 0 0.567996 306.20 573.91 60.85 41.24 0 0.541936 47.78 566.27 38.33 63.34 0 0.528319 370.05 165.15 42.76 52.39 0 0.517135 565.73 194.47 61.24 31.96 0 0.499357 283.13 0.00 48.82 41.14 0 0.489952 116.96 816.52 75.15 39.87 0 0.470511 3.02 703.98 56.69 36.07 0 0.446651 217.07 775.83 55.48 41.48 0 0.435622 252.35 605.22 49.54 32.87 0 0.435282 132.66 442.55 61.95 39.60 0 0.433400 322.40 53.05 42.61 47.79 0 0.430250 291.08 745.62 60.45 37.81 0 0.426317 6.13 866.13 57.33 42.28 0 0.416725 676.10 432.56 57.24 35.02 0 0.415153 617.00 382.85 37.15 40.19 0 0.401362 534.89 112.42 59.48 33.14 0 0.390723 428.79 288.14 40.95 59.00 1 0.389100 1.11 869.28 51.26 42.66 0 0.380694 129.07 447.69 67.59 42.56 0 0.370358 273.58 754.25 59.56 37.46 0 0.369771 556.87 499.52 18.57 22.58 3 0.368547 350.92 114.03 35.14 40.87 0 0.360030 555.37 156.18 63.81 39.97 1 0.351322 121.27 659.77 55.21 33.67 0 0.346190 347.45 723.22 64.60 44.26 0 0.315170 237.05 767.53 59.04 43.46 0 0.314935 63.02 679.98 64.23 38.96 1 0.307498 645.34 548.44 19.56 21.12 3 0.303310 535.21 119.69 60.66 35.38 0 0.299302 694.30 942.81 40.34 37.23 0 0.287451 339.31 100.97 42.50 43.46 0 0.279570 660.62 855.05 33.09 53.58 1 0.276715 346.15 107.24 38.85 40.50 0 0.271102 893.75 318.96 48.27 29.02 1 0.269130 622.65 368.54 42.79 45.68 0 0.265389 419.77 0.00 68.43 23.65 0 0.254147 83.03 304.59 38.46 43.03 0 0.253174 744.43 347.69 15.92 18.23 3 0.252184 1649.82 128.88 36.74 20.91 0
500,0.532978 910.96 640.47 28.82 49.65 0 0.503511 995.16 934.30 40.33 62.02 0 0.454889 923.80 707.93 32.95 54.62 0 0.373189 973.83 870.61 36.85 46.41 0 0.359863 977.47 879.80 37.36 46.45 0 0.277623 947.05 795.54 33.48 37.57 0 0.265596 919.96 701.62 32.77 54.03 0
501,0.563885 379.72 506.19 24.62 26.86 0 0.521005 485.90 519.12 23.59 22.01 0 0.518819 605.00 537.16 19.80 28.88 0 0.517199 1110.71 427.04 20.38 24.08 0 0.476995 1152.08 425.51 19.10 22.51 0 0.475138 911.50 349.83 25.36 24.75 0 0.416508 414.56 508.97 26.81 27.29 0 0.408199 531.25 448.62 31.01 18.83 0 0.408180 875.57 382.63 43.33 50.36 1 0.408135 959.20 354.71 21.50 24.62 0 0.404176 342.16 496.42 29.97 27.04 0 0.398225 692.04 547.01 20.60 28.55 0 0.397486 1061.05 421.88 21.92 21.91 0 0.361064 961.34 361.35 22.01 25.28 0 0.337141 405.75 561.69 27.69 21.45 0 0.326835 622.34 541.64 20.55 27.35 0 0.322531 566.93 449.30 28.38 17.82 0 0.304492 381.56 501.79 25.51 27.27 0 0.265826 926.97 346.28 25.56 22.03 0 0.261838 347.34 497.40 29.55 27.73 0
502,0.432937 972.21 654.35 34.86 55.92 0 0.389574 970.33 872.55 39.35 65.84 0 0.361362 958.57 513.41 34.43 43.23 0 0.313220 974.02 710.87 38.04 65.06 0 0.300985 961.06 525.17 32.58 39.66 0 0.257011 963.73 571.05 32.15 55.55 1
503,0.750166 679.55 360.26 124.73 56.99 1 0.728793 581.71 398.09 45.47 111.85 1 0.606145 634.39 439.79 147.90 47.25 1 0.510751 637.86 464.81 132.76 50.20 1 0.327640 629.99 437.52 127.14 58.86 1 0.317858 576.61 427.77 46.76 94.83 1
504,0.635434 1462.81 508.23 54.73 25.93 0 0.603668 1162.01 493.84 55.23 24.86 0 0.596073 1092.24 490.09 58.58 27.24 0 0.594810 792.73 466.33 61.76 27.31 0 0.594139 1456.95 511.33 62.44 27.02 0 0.585836 1384.50 510.27 65.46 30.56 0 0.557619 1017.15 486.03 64.25 24.98 0 0.540761 1237.67 497.17 52.93 25.81 0 0.465186 1303.59 505.45 63.20 26.21 0 0.415431 947.10 483.28 54.30 23.47 0 0.358887 658.80 460.92 65.11 27.95 0 0.287683 652.22 456.73 66.36 28.57 0
505,0.537536 1105.47 367.14 130.12 108.20 0 0.531504 1362.90 251.41 126.34 83.04 0 0.523363 1084.05 387.60 151.06 111.41 0 0.521416 714.33 649.72 102.28 144.25 0 0.508745 1698.23 341.75 69.89 68.77 0 0.495249 1485.16 201.69 82.08 60.57 0 0.479974 1796.02 386.84 84.86 45.11 0 0.349902 550.53 606.06 118.95 182.43 0 0.346228 1112.78 364.76 123.06 76.51 0 0.310984 1248.39 337.09 88.85 60.13 0 0.304465 1059.49 571.44 24.17 38.62 2 0.291637 1262.38 313.34 110.01 75.70 0 0.284060 1605.09 413.81 105.20 65.72 0 0.283908 973.41 642.38 129.45 176.28 0 0.261651 848.91 626.53 117.75 200.37 1
506,0.588214 1286.05 486.91 57.33 25.17 0 0.581995 531.50 441.92 60.60 28.09 0 0.553770 1778.48 515.60 56.28 27.94 0 0.542402 277.68 432.11 71.96 30.29 0 0.537934 363.17 436.88 60.29 26.99 0 0.527365 448.19 441.72 58.23 28.49 0 0.524763 437.76 440.40 58.19 28.82 0 0.520115 118.37 423.96 59.97 25.93 0 0.389735 80.92 966.76 83.94 30.09 1 0.383564 92.58 968.65 87.51 32.32 1 0.352129 950.96 352.01 44.34 22.58 0
507,0.599772 891.16 135.82 21.28 27.72 1 0.565410 525.37 475.17 32.74 17.42 0 0.547153 296.81 427.25 36.64 20.05 0 0.534023 341.34 539.54 21.87 34.17 0 0.531690 1178.93 417.26 17.47 20.83 0 0.524418 318.06 542.56 23.75 31.53 0 0.519509 280.48 534.43 27.97 29.16 0 0.513296 365.15 538.19 25.94 37.20 0 0.508724 677.85 575.87 21.83 34.83 0 0.506991 1123.66 418.70 19.48 21.48 0 0.496961 1158.47 420.20 17.22 19.78 0 0.484693 859.19 376.60 47.43 69.32 1 0.482370 541.37 7.06 32.10 19.00 0 0.472032 482.27 472.68 36.46 18.37 0 0.462775 893.72 342.58 23.48 25.69 0 0.420307 575.20 568.88 23.74 34.13 0 0.418096 916.74 326.85 19.30 22.66 0 0.416919 915.31 342.88 19.78 25.12 0 0.381441 619.33 418.94 32.36 16.70 0 0.334083 894.76 328.02 20.30 24.79 0 0.329035 933.89 327.19 18.85 20.73 0 0.321330 604.05 584.36 20.80 24.52 0 0.304353 573.11 473.74 30.58 15.84 0 0.279966 890.46 112.00 21.82 20.09 1 0.268950 619.07 474.56 32.13 18.97 0 0.254841 360.11 612.31 25.45 24.53 0 0.251812 953.59 348.32 20.52 25.49 0
508,0.641752 1570.23 811.81 197.09 117.80 0 0.519284 234.09 476.16 239.69 96.07 0 0.510768 1210.89 467.85 162.76 75.09 0 0.503705 935.53 458.15 192.54 88.86 0 0.456518 1730.20 924.01 172.58 125.37 0 0.443482 1760.79 734.72 104.26 70.29 0 0.374299 468.09 550.65 212.92 125.86 0 0.298178 972.53 452.95 153.54 81.54 0 0.269565 249.47 494.42 227.31 95.85 0 0.263655 260.38 462.17 212.04 96.26 0 0.260772 1429.16 756.49 100.68 83.83 0
509,0.673905 675.25 535.63 63.49 27.62 0 0.597959 1270.33 558.15 60.15 28.46 0 0.596642 853.89 544.02 58.35 25.29 0 0.590297 1089.30 553.38 72.69 30.70 0 0.582110 1014.97 546.37 59.72 28.12 0 0.573988 926.63 546.86 65.39 27.77 0 0.571168 755.19 539.79 71.19 27.41 0 0.560047 333.22 514.99 74.38 33.93 0 0.558450 501.29 525.56 75.01 30.29 0 0.535042 1178.81 554.39 76.10 32.57 0 0.318631 1011.04 551.52 63.27 27.12 0 0.293214 767.12 541.71 66.90 24.20 0
510,0.749927 1168.74 905.71 69.37 38.17 1 0.328324 871.13 940.22 30.41 71.75 1 0.251152 1152.45 1045.76 68.54 30.39 0
511,0.621942 1498.73 366.76 49.26 25.47 0 0.594021 1013.62 581.59 55.39 26.26 0 0.587829 1455.83 586.85 60.61 25.04 0 0.569567 1095.58 583.91 58.19 26.05 0 0.566499 1093.46 509.48 56.72 27.25 0 0.561720 1522.13 438.42 49.41 24.55 0 0.560798 1483.02 204.47 47.67 21.50 0 0.552427 1533.73 585.72 52.79 25.17 0 0.552389 1306.48 300.88 48.63 21.24 0 0.547469 1304.78 355.35 48.41 21.00 0 0.547184 1469.67 616.16 52.33 25.38 0 0.544644 1310.99 499.66 51.30 24.17 0 0.541586 1309.19 469.31 53.32 24.81 0 0.533478 1305.37 328.89 49.34 20.51 0 0.532734 1306.02 380.66 49.11 23.66 0 0.524360 1537.82 557.84 48.70 22.79 0 0.523208 1502.26 324.75 48.41 22.99 0 0.520683 1491.86 258.46 44.23 23.67 0 0.517755 1437.20 371.40 51.39 27.84 0 0.515453 1309.63 546.71 49.86 24.88 0 0.512582 1519.89 466.83 52.51 23.76 0 0.505886 1308.60 444.80 52.85 26.39 0 0.503248 1537.22 533.28 48.94 24.54 0 0.503022 1310.43 518.24 52.89 26.42 0 0.502203 1092.47 559.02 56.34 25.20 0 0.501113 1431.62 298.99 49.77 21.47 0 0.499845 1535.92 589.19 54.93 24.67 0 0.494805 1419.56 201.14 49.09 21.20 0 0.492991 1432.15 277.95 49.13 21.12 0 0.490797 1293.16 230.32 47.69 19.82 0 0.488241 1236.87 209.29 45.39 17.99 0 0.482339 1447.87 485.62 54.46 25.18 0 0.477328 1302.57 275.25 48.38 19.91 0 0.475743 1430.73 345.45 55.35 23.80 0 0.474128 1432.98 322.08 51.70 21.65 0 0.470873 1459.82 555.97 54.27 26.08 0 0.465170 1425.49 252.81 47.69 21.22 0 0.460925 1295.77 251.63 47.33 20.15 0 0.458726 1241.40 186.90 44.50 21.79 0 0.450997 1454.25 783.82 84.59 32.68 1 0.433346 1232.57 228.46 41.79 18.39 0 0.432137 1227.24 231.53 42.08 17.53 0 0.431191 1304.26 400.80 51.99 25.57 0 0.424328 1516.60 490.76 53.13 24.55 0 0.423177 1435.87 378.42 52.14 24.93 0 0.418128 1296.71 206.69 45.63 20.47 0 0.416667 1442.86 441.83 57.54 30.02 0 0.396952 1418.69 231.25 48.03 21.47 0 0.395196 1508.18 392.71 50.38 24.38 0 0.393005 1445.93 420.99 49.88 24.97 0 0.376417 1309.11 571.89 50.78 23.43 0 0.364318 1442.60 402.29 50.09 22.12 0 0.354823 1521.99 507.75 50.50 24.63 0 0.348826 1459.79 531.12 51.95 25.74 0 0.344838 1302.56 376.76 50.12 24.73 0 0.340695 1444.81 412.74 51.41 26.74 0 0.333168 1441.01 392.91 51.71 22.84 0 0.323837 1420.03 224.29 50.26 22.49 0 0.319926 1503.50 346.34 46.63 21.14 0 0.319435 1517.33 415.15 48.19 21.60 0 0.270077 1296.78 188.62 38.60 21.73 0 0.260153 1462.02 524.78 54.53 27.30 0 0.252924 1612.50 326.99 27.82 15.73 0
512,0.788828 15.20 265.77 62.54 83.07 1 0.653330 691.59 690.95 33.10 65.47 0 0.650651 1631.49 242.02 32.79 51.16 0 0.643381 1770.71 204.81 34.59 49.02 0 0.635363 1703.97 209.70 35.49 49.02 0 0.621990 1743.33 95.00 36.18 46.98 0 0.621978 0.00 639.20 23.15 57.37 0 0.613741 965.17 892.84 59.12 32.13 0 0.613506 793.90 674.09 27.09 54.65 0 0.611348 227.80 227.73 63.57 30.64 0 0.601497 1729.58 815.38 60.46 37.95 0 0.600138 787.03 606.98 29.79 54.87 0 0.594540 614.61 371.28 34.39 60.52 1 0.591077 769.81 361.37 30.17 52.31 0 0.588755 1336.14 841.31 61.11 33.22 0 0.587566 1265.58 851.31 60.96 28.42 0 0.585396 976.44 534.65 31.96 62.29 0 0.583157 782.08 547.92 31.02 51.95 0 0.568863 1625.50 796.00 73.76 34.32 0 0.565503 619.85 447.26 31.04 54.80 0 0.564717 1728.30 34.43 36.38 46.89 0 0.558461 1670.18 45.63 29.01 41.94 0 0.558457 0.00 446.34 27.48 61.65 0 0.555873 747.30 118.12 32.81 54.44 1 0.555049 755.09 227.49 39.68 61.33 1 0.553234 1694.95 148.51 35.48 54.83 0 0.550463 1758.64 153.63 36.80 46.35 0 0.549953 741.96 1.06 29.57 42.38 0 0.541397 764.58 295.20 29.52 54.94 0 0.534813 1020.71 1013.70 71.10 35.49 0 0.534425 1680.77 97.27 33.08 39.19 0 0.529214 1662.42 0.00 30.24 41.11 0 0.527947 1412.84 827.31 57.68 31.00 0 0.522980 267.71 963.44 72.42 39.13 0 0.521862 0.00 749.68 23.12 64.01 0 0.518959 428.92 210.88 61.27 27.24 0 0.517406 1479.38 817.10 58.85 29.42 0 0.513783 634.41 664.91 32.14 66.38 0 0.510396 751.00 167.23 34.45 61.58 1 0.506747 1782.49 264.55 37.00 48.39 0 0.505537 0.00 558.53 21.52 60.00 0 0.504258 630.03 595.02 34.35 64.87 0 0.490829 29.44 937.22 42.06 66.07 0 0.489823 1398.71 958.95 65.48 35.13 0 0.487862 1181.52 862.16 72.87 34.72 0 0.468521 625.49 538.29 33.13 52.42 0 0.465962 1715.80 264.13 37.61 58.93 0 0.455824 352.96 215.55 58.42 28.79 0 0.452760 992.31 226.58 33.24 52.81 0 0.452368 990.85 102.32 60.97 29.04 0 0.447739 39.15 181.80 26.47 21.04 0 0.440417 753.35 223.56 39.25 53.79 1 0.432911 31.12 180.64 25.11 22.40 0 0.431786 1777.05 93.74 35.06 44.13 0 0.428282 1546.99 807.98 64.58 29.70 0 0.425719 1759.06 28.82 33.05 46.54 0 0.425208 1685.49 125.42 30.47 38.34 0 0.403847 1543.57 813.79 64.91 29.87 0 0.398851 1721.42 0.00 36.65 29.87 0 0.396772 1729.19 321.44 34.84 43.75 0 0.394922 360.08 947.08 77.79 40.94 1 0.387701 778.74 478.06 30.46 58.03 0 0.375709 1261.62 370.01 40.89 25.70 0 0.373900 1735.32 317.90 32.32 46.04 0 0.373073 1032.49 875.93 67.37 39.72 1 0.371127 773.24 424.69 33.55 65.27 1 0.367467 1322.69 845.72 51.03 33.47 0 0.367418 1749.86 28.97 38.28 45.84 0 0.364367 748.67 130.59 32.68 71.65 1 0.363970 3.78 263.22 59.90 84.79 1 0.357508 1819.71 270.17 41.27 47.98 0 0.356221 1119.94 533.37 47.83 26.59 0 0.340881 1676.15 78.01 34.52 31.64 0 0.333240 613.85 321.21 30.17 53.88 0 0.314843 1524.53 496.87 32.90 25.01 0 0.307405 1786.62 265.71 37.51 54.00 0 0.305713 1441.42 234.41 33.62 52.04 0 0.296523 1059.55 882.20 69.04 36.09 1 0.293801 1738.87 29.00 39.46 51.10 0 0.281601 1120.87 517.38 45.23 27.33 0 0.281180 903.51 1049.92 66.04 24.83 0 0.279069 440.15 210.75 72.47 28.01 0 0.268643 757.77 247.45 37.36 62.30 1 0.261691 359.38 949.73 77.92 41.67 0 0.258374 1009.55 1020.52 75.58 33.32 0 0.257598 752.55 120.32 36.08 47.03 1
513,0.696026 885.19 821.58 37.27 78.97 1 0.677403 1174.34 723.87 60.92 31.23 1 0.573058 912.51 485.48 21.33 50.50 1 0.358723 1081.36 690.26 20.85 22.48 3 0.266425 912.59 248.91 20.20 33.20 0
514,0.632977 1803.46 58.95 21.45 26.17 0 0.628516 774.45 925.41 52.87 26.61 0 0.617836 776.47 997.11 51.80 23.78 0 0.609750 1192.23 787.56 27.52 55.15 0 0.595119 1828.20 58.79 18.67 27.70 0 0.582845 1134.38 286.50 19.49 37.20 0 0.574243 837.28 599.09 41.36 107.99 1 0.564299 757.11 879.03 65.13 35.70 1 0.538700 1158.01 483.79 24.00 39.42 0 0.534509 1356.91 207.84 40.75 15.78 0 0.515715 1629.78 58.58 20.47 20.28 0 0.502976 1150.04 817.33 29.41 49.53 0 0.490059 1354.36 179.44 38.00 18.58 0 0.487314 1370.73 538.72 42.10 25.13 0 0.475996 1301.25 103.84 39.96 22.08 0 0.466137 1408.40 848.30 42.38 29.15 0 0.451012 1463.81 162.29 28.31 22.09 0 0.450341 1389.09 398.44 44.67 20.08 0 0.439299 1472.31 88.78 21.68 27.25 0 0.438856 1387.89 500.08 47.91 26.01 0 0.434574 1294.90 105.46 41.11 21.13 0 0.419832 1780.91 0.00 20.84 23.10 0 0.404648 1494.72 88.28 20.60 27.97 0 0.390018 1199.23 240.90 18.37 31.49 0 0.377499 1648.47 56.41 23.85 21.70 0 0.374025 1358.18 234.71 34.47 16.50 0 0.365900 1542.80 89.26 20.65 29.47 0 0.363090 1385.21 376.46 45.37 20.94 0 0.354187 1632.46 401.73 25.60 15.21 0 0.351431 1658.69 368.68 24.88 18.00 0 0.346376 1351.74 203.19 39.21 19.21 0 0.328405 1395.40 498.89 46.42 23.63 0 0.316022 1399.91 831.40 43.53 30.72 0 0.306236 1561.51 0.00 28.96 11.85 0 0.305773 835.50 613.97 37.49 96.67 1 0.304251 1401.15 84.05 26.66 29.86 0 0.294449 1504.37 89.34 22.81 29.93 0 0.291392 1746.61 60.30 21.51 22.23 0 0.288848 1464.95 176.88 28.52 21.59 0 0.287731 1759.39 0.00 21.93 22.96 0 0.276211 1758.34 1.19 20.95 26.13 0 0.261637 6.39 775.39 79.28 28.65 0 0.259113 1398.97 827.35 37.68 28.01 0 0.256280 1820.45 2.76 24.01 24.05 0 0.256240 1754.42 378.37 23.48 14.04 0 0.255353 1680.63 403.70 21.98 11.07 0 0.252451 1371.50 398.16 43.05 19.83 0 0.252149 1581.46 0.00 27.68 10.22 0 0.251819 1562.29 89.83 20.33 29.28 0 0.250708 1542.91 0.00 24.10 10.82 0
515,0.581052 47.25 141.93 41.58 55.42 0 0.539580 130.64 16.27 43.53 51.22 0 0.521948 1087.02 238.42 29.23 53.14 0 0.485967 282.81 659.51 86.17 44.33 0 0.443162 1190.12 260.38 28.26 53.72 0
516,0.604316 1346.76 368.51 51.19 23.53 0 0.592370 1159.81 305.50 47.05 21.10 0 0.575370 1286.74 275.41 46.47 19.94 0 0.567699 1283.28 204.82 46.43 22.58 0 0.565019 1148.42 393.77 55.29 26.42 0 0.559879 852.81 571.04 50.83 22.30 0 0.558513 1288.15 297.87 47.42 20.22 0 0.553299 1157.59 227.21 45.97 20.09 0 0.550065 1286.99 778.32 63.58 27.62 1 0.547079 1141.39 539.10 53.76 23.13 0 0.545065 1140.86 565.56 54.02 23.55 0 0.534874 1274.31 774.17 78.21 29.50 1 0.534787 1353.14 401.71 44.79 22.81 0 0.533822 1351.15 323.73 46.02 20.27 0 0.529450 1354.38 497.20 48.54 25.14 0 0.528991 1295.61 607.51 54.16 24.61 0 0.528303 1153.72 461.76 49.32 25.05 0 0.528103 1359.71 428.15 45.95 23.51 0 0.527470 1091.42 228.63 41.74 17.85 0 0.527131 940.49 498.55 48.75 22.26 0 0.526693 1285.47 375.67 49.79 23.66 0 0.523971 1364.05 581.31 51.21 23.64 0 0.515850 1290.59 323.98 47.95 22.83 0 0.510044 930.05 545.33 51.44 25.62 0 0.509944 1355.67 471.48 50.05 24.19 0 0.506002 1156.27 277.38 47.08 19.53 0 0.503568 1285.13 251.46 45.58 19.60 0 0.495752 1343.47 202.14 46.52 20.93 0 0.489082 1153.58 251.73 48.85 20.81 0 0.484829 1287.94 425.29 47.91 24.48 0 0.483566 1282.97 234.39 44.53 20.06 0 0.483081 1282.02 349.54 52.58 21.99 0 0.479330 1297.58 546.68 47.00 26.56 0 0.476691 1155.89 438.76 46.34 23.77 0 0.476495 1286.56 476.10 49.23 24.84 0 0.461447 1343.53 256.39 45.08 24.38 0 0.457913 1288.65 402.30 49.43 23.80 0 0.457526 1158.37 352.10 45.17 20.20 0 0.457094 1159.51 209.58 42.95 18.56 0 0.450556 1157.01 272.42 45.92 21.91 0 0.444583 1157.06 327.44 45.86 22.17 0 0.441895 1294.60 520.57 46.63 26.10 0 0.425359 1153.44 370.22 49.88 21.81 0 0.424367 1344.50 236.18 46.67 23.99 0 0.414857 1364.71 519.74 49.54 28.15 0 0.410541 1286.36 450.36 49.21 24.14 0 0.410372 1102.05 186.42 44.73 21.69 0 0.404920 1353.30 347.29 48.88 21.26 0 0.401092 1159.64 299.55 47.18 24.25 0 0.399969 1293.65 577.56 53.40 25.74 0 0.398951 1101.49 202.91 44.29 19.45 0 0.391917 1346.87 260.17 44.51 22.25 0 0.376659 1259.35 770.89 84.15 27.21 1 0.374504 1146.66 509.13 51.62 24.90 0 0.361822 1301.44 524.59 45.78 25.52 0 0.360023 1154.38 488.65 48.77 24.52 0 0.357799 1278.98 201.02 47.52 24.62 0 0.328893 1362.81 439.65 47.59 22.67 0 0.305864 1344.57 352.97 50.57 23.04 0 0.302518 938.05 573.47 48.98 23.84 0 0.300472 1360.47 468.20 52.67 25.43 0 0.299230 1366.97 556.61 48.84 24.24 0 0.293952 936.23 577.46 53.05 25.03 0 0.288753 1087.58 230.36 38.79 17.89 0 0.280921 1373.73 536.48 48.92 25.91 0 0.279467 1519.73 810.98 25.13 14.25 3 0.279016 1463.29 326.89 26.32 14.93 3 0.275439 1368.38 524.61 47.34 26.36 0 0.255212 1280.86 296.51 47.73 23.08 0
517,0.643536 854.16 670.15 48.72 95.99 0 0.616470 800.27 931.42 54.80 102.07 0 0.608176 956.90 631.12 47.70 98.20 0 0.607041 1010.22 888.34 52.44 94.03 0 0.606901 333.88 775.29 51.68 93.46 0 0.606681 904.08 652.57 52.36 92.32 0 0.603969 861.87 931.71 44.01 102.96 0 0.598732 961.58 900.55 53.87 98.07 0 0.595286 809.23 683.48 45.85 94.69 0 0.593396 598.35 715.49 47.54 96.09 0 0.592265 532.75 987.93 50.65 91.46 0 0.591623 591.66 981.20 44.38 91.04 0 0.591390 495.16 744.85 47.63 93.05 0 0.589637 222.36 791.82 50.95 95.72 0 0.588382 1005.71 625.72 47.66 93.22 0 0.581321 1078.17 486.39 49.60 92.14 0 0.581177 647.27 705.09 49.74 95.85 0 0.579906 751.09 940.27 56.59 101.85 0 0.579652 384.84 767.20 50.18 89.98 0 0.579014 1069.51 872.57 53.63 100.68 0 0.573855 442.21 749.60 51.71 93.99 0 0.570213 970.58 503.25 48.36 72.55 0 0.569809 1098.74 998.27 51.30 80.05 0 0.567610 175.70 440.63 55.96 89.83 0 0.565482 754.25 682.35 50.69 93.70 0 0.562878 1120.98 865.83 58.36 96.28 0 0.560036 277.44 784.58 52.72 96.35 0 0.558134 697.71 698.59 53.11 87.06 0 0.557671 273.86 418.74 56.78 89.22 0 0.555165 1209.73 978.93 59.44 97.93 0 0.553539 912.67 911.73 55.40 102.52 0 0.551948 1174.60 858.72 55.36 90.76 0 0.549472 639.14 970.40 58.73 103.02 0 0.543066 694.77 950.88 56.62 109.65 0 0.542724 118.03 337.52 44.62 77.29 0 0.535445 1047.53 1011.77 51.46 68.23 0 0.533110 1106.60 604.09 54.04 89.92 0 0.530649 1031.07 501.57 44.62 84.46 0 0.526212 1053.93 614.51 50.88 89.81 0 0.523794 128.33 459.58 50.11 86.47 0 0.518304 746.73 941.73 50.82 91.32 0 0.505414 1060.36 871.11 53.37 96.82 0 0.486302 480.31 997.99 47.86 82.01 0 0.485868 1080.30 504.43 56.76 89.40 0 0.467968 975.05 503.52 54.08 91.23 0 0.463591 702.62 957.12 56.10 110.69 0 0.458450 650.53 706.62 57.08 103.12 0 0.455637 1017.42 886.87 54.26 103.51 0 0.454512 395.64 766.64 46.98 92.92 0 0.397748 814.34 96.25 38.95 72.67 0 0.378916 759.30 947.36 51.70 105.39 0 0.378113 1029.80 497.69 44.76 65.02 0 0.370836 1114.67 622.77 48.91 80.71 0 0.366909 921.38 917.01 52.26 103.12 0 0.363372 381.18 1036.23 46.32 43.77 0 0.289585 253.30 1056.20 56.16 23.80 0 0.277690 933.48 907.30 57.80 103.87 0 0.262237 809.89 944.39 51.08 97.86 0 0.261477 863.18 943.72 54.20 98.99 0 0.256278 1015.50 639.91 49.45 87.60 0 0.255892 1117.26 854.79 51.21 89.33 0
518,0.550393 408.03 706.74 25.47 17.05 0 0.536209 287.06 685.61 25.21 21.40 0 0.511170 607.54 731.14 18.73 26.26 0 0.449337 956.30 616.93 23.29 18.43 0 0.445018 839.11 559.96 21.71 23.58 0 0.413190 525.18 725.82 24.18 21.18 0 0.407961 883.25 567.64 18.95 20.64 0 0.373572 334.65 691.45 22.73 25.14 0 0.337588 554.51 734.89 21.67 19.17 0 0.334078 792.45 582.98 44.88 41.69 1 0.302065 358.26 693.08 22.15 24.43 0 0.258521 867.03 564.52 18.67 20.94 0 0.250947 526.17 718.00 23.12 23.43 0
519,0.679264 602.69 697.93 25.16 45.72 0 0.670560 962.28 342.82 23.89 57.87 0 0.670467 524.06 693.74 27.47 50.44 0 0.663119 837.05 347.99 25.80 58.46 0 0.658312 1027.24 464.76 22.24 45.98 0 0.657304 647.30 691.70 23.69 50.66 0 0.653555 770.24 356.79 24.73 51.82 0 0.646365 862.30 270.29 25.17 50.81 0 0.639494 932.46 344.57 22.77 53.87 0 0.636571 735.27 271.71 24.56 49.60 0 0.627389 1028.89 266.52 22.87 49.88 0 0.626847 816.19 145.12 29.51 57.79 0 0.615957 797.90 272.82 26.29 54.48 0 0.612393 715.58 685.53 24.76 46.53 0 0.607873 60.77 407.34 31.03 53.76 0 0.607500 135.80 83.76 31.82 56.28 0 0.606555 1019.04 565.22 49.94 26.01 0 0.605899 581.75 378.42 27.76 50.72 0 0.601096 991.97 265.09 26.36 51.49 0 0.595517 892.56 269.00 25.63 51.52 0 0.592685 963.29 459.15 24.46 56.99 0 0.592608 636.33 285.01 28.45 54.42 0 0.592527 669.24 276.45 25.42 55.00 0 0.581714 855.48 701.28 27.51 60.98 0 0.581417 217.26 202.44 31.19 59.59 0 0.576731 803.62 466.88 54.05 24.01 0 0.575581 265.42 72.99 29.02 56.81 0 0.571262 529.81 633.14 38.96 26.53 0 0.571016 959.05 261.65 26.40 54.91 0 0.564279 700.83 270.51 25.46 52.31 0 0.562462 1034.06 341.95 26.53 59.05 0 0.555215 621.71 369.62 25.35 53.94 0 0.553696 197.75 72.59 28.75 58.69 0 0.553060 795.06 691.41 24.29 51.36 0 0.551093 231.90 74.89 25.48 56.25 0 0.550845 925.10 265.67 26.06 52.45 0 0.548300 98.95 401.89 28.28 54.12 0 0.531902 895.45 705.21 28.89 58.51 0 0.523222 768.77 270.39 22.77 57.46 0 0.514216 1071.52 337.66 25.80 53.59 0 0.511386 516.96 559.19 52.37 25.98 0 0.507552 901.69 345.33 24.80 56.90 0 0.505878 461.40 648.86 30.21 54.84 0 0.501159 996.99 343.66 25.41 56.74 0 0.499807 537.43 632.41 40.51 26.53 0 0.497051 1041.23 607.52 56.28 24.75 0 0.484936 178.11 208.45 30.39 54.44 0 0.482794 824.72 688.48 26.75 53.75 0 0.464190 358.74 190.99 29.67 53.76 0 0.457464 546.46 88.66 28.92 59.05 0 0.445549 131.99 392.83 32.36 56.60 0 0.440168 803.30 351.90 27.17 56.05 0 0.395159 1023.74 562.16 53.95 28.78 0 0.395155 456.58 642.58 32.17 56.15 0 0.390972 897.62 348.45 24.87 53.52 0 0.387751 468.79 184.58 31.18 41.59 0 0.382686 994.09 458.59 26.15 57.96 0 0.381842 532.01 592.77 47.38 27.01 0 0.359832 560.56 698.19 28.55 50.85 0 0.325104 194.47 68.45 28.95 56.06 0 0.264822 558.19 632.14 36.30 26.88 0
520,0.711997 205.03 466.50 58.89 68.94 0 0.655503 473.59 509.19 56.86 64.62 0 0.654620 277.75 390.86 54.73 61.13 0 0.625157 467.45 174.33 45.25 45.70 0 0.616518 567.55 370.92 50.90 54.21 0 0.608733 385.99 273.29 43.68 54.79 0 0.592036 634.04 258.61 39.71 52.88 1 0.580352 602.51 16.70 38.95 39.67 0 0.563402 523.25 431.31 54.66 60.75 0 0.562639 424.27 585.49 54.68 65.44 0 0.550996 548.43 86.70 38.14 43.22 0 0.527852 705.06 165.24 39.52 39.85 0 0.521498 759.42 83.40 35.93 35.61 0 0.443392 808.96 9.80 30.93 38.39 0 0.357852 803.23 416.22 13.34 15.54 2 0.333503 643.88 254.96 31.96 49.63 1 0.323594 844.71 433.54 12.39 18.71 2 0.313098 844.17 416.82 12.42 16.09 2
521,0.631618 1817.90 319.83 44.73 24.74 0 0.620359 1425.22 303.72 47.72 21.75 0 0.616543 178.12 843.16 58.31 27.23 0 0.605727 1687.87 115.52 42.36 20.84 0 0.605145 1569.38 989.23 65.49 30.58 0 0.601174 1762.02 185.21 44.82 20.89 0 0.589136 1649.55 997.52 73.37 32.70 0 0.555083 1014.48 980.25 74.45 36.88 0 0.548521 1606.78 273.31 47.41 21.54 0 0.545970 1711.53 206.01 41.29 20.80 0 0.539904 1828.59 363.37 49.87 23.65 0 0.536938 1717.44 228.67 47.09 20.04 0 0.522336 1618.63 330.54 43.95 20.73 0 0.519175 1502.70 41.94 41.57 18.44 0 0.518574 1501.62 64.10 41.52 16.53 0 0.518508 678.33 895.50 61.66 27.36 0 0.508046 1796.03 293.20 47.66 25.21 0 0.501343 1670.19 63.57 46.41 19.30 0 0.500899 1692.75 136.52 44.62 18.15 0 0.500320 1583.92 155.35 46.40 19.58 0 0.493577 1554.49 43.00 39.33 17.80 0 0.493573 1731.94 279.40 44.83 23.86 0 0.490035 1795.53 272.35 47.85 22.93 0 0.489998 1577.91 131.75 45.11 19.22 0 0.486299 1735.79 87.11 42.66 19.40 0 0.481449 1619.21 355.47 43.79 19.47 0 0.481329 1821.62 324.91 44.83 25.04 0 0.473436 1676.59 86.06 45.19 18.65 0 0.470753 1751.45 323.51 46.43 24.99 0 0.469482 1696.69 158.21 46.65 19.70 0 0.468568 1750.65 317.74 44.55 24.79 0 0.468417 1604.84 250.24 47.51 23.51 0 0.468323 1741.92 1007.07 72.71 31.83 0 0.463361 1794.35 249.54 42.74 22.89 0 0.457361 1433.88 368.73 52.75 20.86 0 0.452065 1430.08 344.57 49.86 21.91 0 0.451555 1799.00 277.35 49.22 24.57 0 0.442816 1609.73 277.27 43.85 20.80 0 0.442768 1759.92 156.78 44.74 16.97 0 0.440273 1725.46 258.00 49.22 23.18 0 0.426975 1590.70 211.37 47.90 22.84 0 0.423432 1587.64 179.16 48.01 21.14 0 0.420489 1570.20 108.49 42.52 18.54 0 0.419049 1740.23 101.16 40.52 21.45 0 0.408852 1558.28 64.46 41.50 17.64 0 0.403236 1752.71 346.70 50.23 24.19 0 0.400080 1702.46 176.80 44.75 19.97 0 0.392656 1824.29 345.76 47.66 23.06 0 0.372392 1784.57 226.95 42.38 19.91 0 0.370614 1758.29 373.99 49.78 22.32 0 0.367056 1561.60 68.23 41.79 22.26 0 0.353437 1726.41 1002.46 69.86 29.38 0 0.351489 1616.22 303.18 44.93 21.47 0 0.350897 1678.48 89.35 45.65 20.13 0 0.344390 1777.54 217.15 45.64 24.47 0 0.338075 1561.64 82.82 44.55 18.88 0 0.335748 1585.14 159.75 44.71 19.04 0 0.324617 1731.64 82.35 42.77 22.47 0 0.320105 1778.86 514.06 78.45 31.12 1 0.313273 1363.90 361.63 51.11 24.10 0 0.311396 1709.45 199.65 43.73 23.09 0 0.311305 1565.93 86.80 42.38 19.50 0 0.304915 1565.86 104.10 44.56 21.84 0 0.296814 1614.42 298.45 45.69 21.66 0 0.289486 1702.97 185.66 46.41 19.13 0 0.276480 1804.50 301.92 44.56 19.66 0 0.274376 1758.91 151.45 42.89 21.47 0 0.273215 1771.51 205.91 43.13 19.51 0 0.266983 1686.05 106.00 46.04 21.81 0 0.266249 1688.64 128.80 45.03 22.48 0 0.263863 1665.30 56.46 43.50 23.72 0 0.259092 1827.35 350.44 47.43 25.02 0 0.253074 1751.08 364.93 52.20 23.83 0
522,0.776195 1057.38 620.66 65.69 104.82 1 0.718126 1043.33 495.77 53.22 61.73 1 0.649308 53.76 268.84 37.66 31.75 0 0.648919 624.11 370.54 33.72 21.27 3 0.644269 137.22 269.57 41.41 28.77 0 0.643321 1593.45 199.51 42.62 28.47 0 0.632658 1631.43 154.75 47.23 24.56 0 0.628795 1699.56 155.82 43.81 24.73 0 0.616970 1061.43 249.21 43.39 31.88 0 0.611176 1498.56 298.94 54.57 32.05 0 0.608774 662.43 797.13 75.75 123.59 0 0.598929 1688.70 334.00 71.89 44.70 0 0.589708 1066.22 727.10 67.66 91.99 0 0.582361 1409.58 715.74 95.87 111.41 0 0.578299 407.92 268.39 48.32 30.24 0 0.567630 524.41 313.13 70.21 30.15 0 0.564879 1565.29 200.61 41.45 30.89 0 0.549592 1475.52 199.92 35.65 26.07 0 0.544605 428.94 314.93 80.93 31.07 0 0.542127 777.29 390.58 43.99 59.95 0 0.541668 1080.76 825.52 77.98 119.33 0 0.540014 214.00 308.26 91.13 37.60 0 0.534842 1405.95 196.83 29.98 23.70 0 0.527362 1373.29 195.97 31.74 26.12 0 0.525300 319.59 312.48 82.09 33.56 0 0.521867 716.61 603.07 58.73 69.62 0 0.513426 345.08 266.80 49.23 30.57 0 0.507550 1432.37 156.11 32.27 24.64 0 0.505677 260.33 263.84 44.70 34.45 0 0.502987 1522.08 152.49 47.89 27.82 0 0.502857 1018.92 293.75 39.27 41.98 0 0.500959 1010.99 177.63 27.52 45.07 0 0.492049 1456.06 153.78 34.18 22.76 0 0.484892 1310.16 157.65 30.78 23.18 0 0.478018 749.46 510.85 51.74 74.40 0 0.468642 703.48 666.93 72.78 113.54 0 0.467471 1334.02 134.87 40.81 23.67 0 0.465807 1444.52 198.94 33.67 24.43 0 0.442207 1398.42 155.36 31.80 26.68 0 0.442108 737.89 244.55 57.32 25.66 0 0.430956 1536.90 154.17 43.49 27.09 0 0.430811 815.63 64.86 46.87 21.27 0 0.429481 1342.55 154.16 37.17 24.00 0 0.427219 808.47 92.16 47.09 23.31 0 0.423911 1013.30 239.00 29.39 38.20 0 0.423759 1039.83 445.00 41.67 53.13 0 0.418406 1044.78 516.40 51.05 50.94 1 0.410633 1705.59 289.20 56.47 29.51 0 0.409815 756.01 457.80 52.26 52.64 0 0.407406 1403.63 154.51 32.83 27.36 0 0.405765 1483.96 179.21 37.22 27.03 0 0.399280 1087.85 1020.42 39.16 58.82 3 0.392911 1341.15 197.53 31.99 23.98 0 0.391717 885.15 31.45 31.42 19.46 0 0.375505 1487.41 152.24 35.98 26.40 0 0.366825 1268.06 130.56 39.06 22.23 0 0.364905 1020.96 309.99 40.64 42.63 0 0.363460 1704.24 284.50 54.76 28.57 0 0.361658 1506.15 153.84 49.24 29.53 0 0.360265 741.05 232.07 51.20 27.49 0 0.360182 266.94 264.18 41.42 29.74 0 0.346853 190.71 263.46 45.23 31.46 0 0.344181 1018.47 284.11 34.41 34.91 0 0.331018 1026.56 363.00 41.75 34.37 1 0.319986 1025.09 88.39 27.27 24.20 0 0.315616 1384.88 129.98 37.81 23.44 0 0.301414 714.57 609.39 62.24 107.36 0 0.299389 349.12 261.60 44.35 28.02 0 0.295095 1498.67 171.52 47.93 27.38 0 0.275674 814.88 89.52 43.43 21.21 0 0.274925 3.91 265.52 29.10 34.25 0 0.273487 1176.65 1028.57 25.48 51.43 3 0.270631 1310.15 126.78 39.86 22.81 0 0.266308 1567.76 316.53 55.72 33.05 0 0.261404 1014.01 224.98 29.25 39.44 0 0.251592 1448.85 200.81 40.27 24.87 0 0.251006 884.74 13.42 28.59 18.36 0
523,0.654495 1340.01 394.04 55.08 25.09 0 0.634016 0.00 991.56 56.40 31.51 0 0.602206 1666.43 369.99 49.78 21.91 0 0.593281 1520.25 298.94 48.64 20.64 0 0.584566 1752.67 416.46 49.73 24.33 0 0.576129 1622.88 187.63 46.76 21.25 0 0.572417 1759.12 460.24 50.59 23.72 0 0.562953 1345.86 464.28 54.25 23.64 0 0.539894 1433.68 111.70 44.53 19.32 0 0.538377 1713.50 301.49 46.08 24.19 0 0.533945 1638.08 255.59 44.81 20.00 0 0.513749 1509.14 201.91 49.07 20.73 0 0.512766 1613.23 156.15 44.43 19.85 0 0.509875 1698.48 255.06 46.23 20.03 0 0.508680 1714.42 632.96 71.22 27.11 1 0.507170 1433.81 137.35 44.46 18.31 0 0.506349 1675.77 154.21 44.72 22.62 0 0.501781 1604.13 115.29 47.83 22.15 0 0.496524 1531.00 353.37 48.78 24.58 0 0.488015 1727.29 327.17 44.82 21.04 0 0.487757 1624.59 209.36 49.06 19.82 0 0.487210 1657.69 323.00 47.57 22.28 0 0.484940 1545.92 425.54 46.84 23.18 0 0.472523 1488.79 135.39 43.73 19.01 0 0.471057 1646.17 281.95 46.04 21.70 0 0.470668 1667.19 116.27 44.90 21.97 0 0.470221 1726.17 350.33 46.59 20.12 0 0.468277 1696.80 230.07 46.29 21.30 0 0.465115 1547.06 451.01 45.64 20.02 0 0.462644 1729.99 370.95 50.69 21.61 0 0.450482 1272.00 459.30 53.43 24.05 0 0.448974 1657.68 345.02 51.64 20.54 0 0.437100 1654.28 302.30 49.02 24.35 0 0.431576 1634.36 230.39 45.00 19.81 0 0.429633 1661.42 348.07 51.09 20.31 0 0.429543 1515.68 231.46 47.03 22.33 0 0.422445 1510.56 205.10 47.82 21.49 0 0.419450 1515.44 235.12 46.50 22.96 0 0.415428 1502.57 179.97 45.45 19.97 0 0.415289 1653.07 300.30 46.67 20.87 0 0.409565 1495.33 158.60 42.83 18.51 0 0.401447 1681.38 158.71 45.14 22.35 0 0.396943 1606.34 135.49 48.78 18.29 0 0.395259 1635.66 247.65 48.76 23.98 0 0.387816 1341.72 438.30 54.96 23.30 0 0.385524 1539.33 375.46 44.05 23.20 0 0.384667 1737.33 392.92 49.50 23.39 0 0.384130 1537.40 368.43 48.87 23.97 0 0.383742 1493.86 112.88 39.00 19.11 0 0.383480 1491.49 156.03 47.34 17.96 0 0.368207 1541.17 394.02 48.53 23.71 0 0.362343 1515.81 250.87 47.50 22.11 0 0.359944 1685.69 175.25 41.86 20.66 0 0.353181 1516.19 274.29 47.73 19.95 0 0.349503 1544.76 401.26 47.47 23.59 0 0.347231 1686.66 426.52 50.42 24.34 0 0.343999 1517.47 256.90 44.04 19.34 0 0.325647 1695.41 485.48 55.31 21.97 0 0.324915 1633.25 224.66 49.17 20.60 0 0.321669 1680.70 458.73 55.07 23.86 0 0.317647 527.96 1052.15 60.22 26.59 0 0.301838 1702.36 632.36 68.46 22.52 1 0.295414 1272.59 454.31 54.29 24.69 0 0.289790 1720.65 635.01 64.54 27.19 0 0.288869 1687.43 438.58 49.89 23.54 0 0.276184 1758.11 441.51 47.00 21.67 0 0.268894 1710.50 296.10 46.81 26.03 0 0.263610 1704.10 267.52 46.81 24.57 0 0.261871 1441.87 131.67 43.80 19.96 0 0.258004 1723.65 388.28 53.55 24.83 0
524,0.646945 977.44 438.84 37.96 71.08 0 0.580237 1622.63 299.86 38.61 68.00 0 0.559268 1795.96 287.60 43.94 77.05 0 0.549388 1327.86 332.16 37.46 73.50 0 0.543152 1394.62 329.12 36.11 66.66 0 0.536319 916.27 450.70 34.41 65.24 0 0.528032 1299.83 333.41 37.46 69.28 0 0.507168 1198.02 0.00 64.04 23.38 0 0.497504 1427.29 321.17 34.93 68.17 0 0.493805 952.95 0.00 55.10 40.69 0 0.449186 853.35 165.71 49.12 48.91 0 0.437026 1659.67 294.32 37.55 65.64 0 0.432986 836.49 202.98 54.96 39.17 0 0.425816 406.55 491.88 39.48 74.23 0 0.423125 38.49 525.82 57.16 70.47 0 0.422807 684.30 811.17 74.86 43.69 0 0.404186 881.57 455.66 30.50 64.33 0 0.390036 604.97 278.75 63.46 33.69 0 0.389128 826.26 43.08 61.01 57.89 0 0.383860 1453.98 315.86 35.43 65.81 0 0.383617 1305.93 333.39 45.00 72.36 0 0.379403 63.12 524.75 58.30 74.40 0 0.375090 825.68 50.83 57.90 60.33 0 0.367415 1074.73 177.88 59.25 36.66 0 0.362256 833.39 40.98 56.90 44.75 0 0.361577 1226.57 222.57 66.40 40.13 0 0.361201 955.77 789.74 67.22 43.07 0 0.361087 964.91 96.43 39.03 36.65 0 0.360310 742.66 191.35 54.91 52.48 0 0.345824 596.94 222.92 59.39 31.15 0 0.324207 1113.70 296.37 37.04 44.29 0 0.322424 841.36 266.83 54.80 34.67 0 0.321415 960.06 0.00 53.88 36.43 0 0.321254 598.18 130.65 63.78 40.86 0 0.313189 1214.41 94.41 52.12 45.80 0 0.298082 954.51 780.64 78.35 46.26 0 0.291851 825.40 111.32 53.17 34.19 0 0.291799 1842.21 299.84 44.36 66.43 0 0.287179 839.59 186.78 57.21 50.82 0 0.283665 1056.48 0.00 43.73 36.50 0 0.274619 1210.91 71.60 58.01 32.99 0 0.268116 597.51 148.64 63.09 42.48 0 0.264088 312.12 509.25 35.75 73.29 0 0.263308 378.33 499.71 34.94 69.86 0 0.262787 958.58 30.83 52.27 46.19 0 0.259897 841.23 228.54 57.51 43.10 0 0.259559 1205.52 72.46 54.18 37.79 0 0.258949 747.07 226.70 52.43 44.14 0 0.253033 1059.97 0.00 53.36 40.51 0 0.251942 1848.23 317.29 48.94 54.94 0
525,0.700765 982.75 308.60 24.29 55.92 0 0.685362 550.50 661.05 24.54 50.02 0 0.669846 885.46 307.57 26.44 56.53 0 0.657035 700.23 647.88 25.84 53.92 0 0.636930 787.13 235.91 24.15 55.11 0 0.634514 981.74 426.86 24.23 51.56 0 0.631531 722.51 233.06 25.03 52.69 0 0.631431 181.47 37.18 29.73 59.32 0 0.631213 622.85 245.19 29.44 58.76 0 0.617975 603.16 329.00 29.01 56.19 0 0.617483 809.15 651.47 24.23 52.27 0 0.607536 916.79 307.09 25.29 55.14 0 0.605990 788.82 312.41 27.36 58.33 0 0.604165 90.61 363.91 24.89 49.41 0 0.603002 841.94 665.75 25.90 56.52 0 0.595469 1011.43 223.95 25.20 51.99 0 0.594989 883.66 668.63 24.17 52.26 0 0.593806 204.44 166.46 28.91 54.69 0 0.591313 116.79 360.05 28.18 50.10 0 0.589842 1023.71 304.31 23.83 52.37 0 0.587280 686.00 239.04 26.51 52.15 0 0.579225 948.49 306.28 25.68 54.82 0 0.576163 978.12 224.62 23.98 55.91 0 0.575352 218.73 37.18 27.13 57.60 0 0.571329 253.20 31.16 29.29 57.67 0 0.570572 878.82 225.32 25.76 58.89 0 0.568885 913.24 231.15 23.95 54.05 0 0.567350 803.23 106.32 30.11 58.63 0 0.566788 164.78 167.99 29.56 55.50 0 0.557408 653.89 243.54 26.54 50.17 0 0.557051 511.41 650.20 26.38 46.02 0 0.547409 823.80 311.82 27.32 58.89 0 0.544769 1058.93 300.51 23.34 54.47 0 0.544210 122.18 43.03 33.60 57.80 0 0.542841 1010.38 427.06 25.02 50.63 0 0.542542 847.25 234.66 23.44 51.80 0 0.539536 566.72 338.48 27.45 52.40 0 0.517354 756.33 317.47 26.24 56.48 0 0.515215 630.54 652.20 26.21 48.55 0 0.507984 945.25 223.27 25.60 57.19 0 0.496209 1025.64 568.54 52.31 26.11 0 0.490569 466.80 687.70 38.29 43.90 0 0.488072 532.41 49.19 30.14 64.53 0 0.484457 516.14 559.16 39.74 26.31 0 0.474398 777.68 654.11 26.28 49.01 0 0.460754 500.55 522.01 49.30 25.29 0 0.458354 585.31 655.93 26.64 50.94 0 0.454693 1002.01 531.30 51.60 24.56 0 0.453446 50.47 369.20 29.64 57.55 0 0.452820 944.09 429.39 26.55 47.69 0 0.449389 526.20 595.20 46.33 27.12 0 0.440221 752.59 238.06 26.20 53.88 0 0.431118 685.63 229.85 25.83 53.35 0 0.418626 511.40 657.27 27.95 52.44 0 0.418615 793.98 427.90 55.80 26.21 0 0.370702 346.28 153.93 31.14 53.22 0 0.362738 634.50 649.25 28.31 54.97 0 0.287606 547.24 559.17 34.62 24.65 0 0.278031 749.02 235.92 24.60 54.65 0 0.276953 460.00 681.71 32.77 41.39 0 0.273793 454.91 137.18 28.87 48.95 0 0.267540 944.16 304.50 25.52 57.63 0
526,0.557328 518.00 385.39 208.95 83.26 0 0.400173 521.95 398.98 205.24 84.41 0 0.274751 537.15 477.56 152.22 57.74 0
527,0.650701 856.85 389.82 56.58 120.50 1 0.641682 1219.52 437.20 22.06 29.86 0 0.617083 521.08 682.54 29.92 50.27 0 0.605154 645.56 689.15 26.62 48.61 0 0.597563 208.63 649.32 27.21 44.46 0 0.581267 257.80 654.88 28.24 42.61 0 0.576720 960.21 345.72 24.60 36.83 0 0.575581 232.36 651.45 27.13 44.48 0 0.565350 1175.08 439.25 20.71 34.39 0 0.557040 281.55 762.35 32.29 44.12 0 0.550464 153.70 642.06 40.29 43.28 0 0.525531 398.00 547.46 47.12 19.81 0 0.501210 162.87 486.87 49.31 22.64 0 0.483279 894.68 349.01 23.52 35.45 0 0.447770 1108.87 433.36 20.59 34.79 0 0.440360 551.24 691.43 24.77 48.05 0 0.438609 919.87 323.64 18.36 26.53 0 0.430965 939.91 320.64 17.86 29.55 0 0.415124 1081.33 434.16 23.42 37.26 0 0.410560 334.58 668.15 28.59 32.96 0 0.398233 962.46 326.91 21.37 30.14 0 0.395719 670.54 558.49 47.54 21.58 0 0.388121 454.39 549.24 44.71 21.11 0 0.388104 355.92 673.00 29.87 29.96 0 0.380041 61.19 746.83 38.55 31.98 0 0.379413 895.71 327.14 22.81 29.10 0 0.377797 567.62 563.20 35.51 22.71 0 0.367102 255.08 752.17 35.81 43.01 0 0.365493 171.20 748.27 38.20 25.43 0 0.356451 329.52 546.97 51.30 24.09 0 0.343877 205.90 750.70 30.11 26.09 0 0.337321 810.28 402.90 44.96 21.51 0 0.336244 180.11 748.51 35.73 24.55 0 0.335763 891.59 358.08 25.01 31.61 0 0.327096 918.21 351.03 21.53 30.90 0 0.322848 918.15 358.13 22.62 29.01 0 0.307733 838.85 101.00 22.09 29.57 1 0.279871 0.37 744.15 38.84 45.18 0 0.276744 547.67 682.46 29.86 54.36 0
528,0.654559 1049.50 437.86 31.05 27.97 0 0.640383 1115.55 334.35 52.81 31.83 1 0.628236 1154.62 617.56 45.90 49.11 0 0.609660 1095.62 520.45 40.24 35.17 0 0.605794 663.78 280.11 32.74 19.06 1 0.592541 737.20 227.90 27.18 15.33 0 0.591019 974.40 297.16 23.12 17.09 0 0.530963 688.44 583.47 56.19 27.33 0 0.529358 752.47 280.36 29.29 15.01 0 0.528716 927.12 459.01 26.49 39.47 0 0.528644 961.29 276.07 21.43 15.88 0 0.489588 846.90 195.42 25.94 13.37 0 0.470185 1269.48 225.26 23.64 12.67 0 0.455839 941.24 178.95 16.47 12.61 0 0.438641 922.75 248.01 17.98 13.31 0 0.438556 1241.75 197.56 18.54 13.20 0 0.431262 769.51 113.32 17.99 11.87 0 0.420644 981.92 314.23 22.22 17.89 0 0.420507 909.09 179.43 15.18 11.99 0 0.414074 926.93 174.91 18.28 14.29 0 0.413834 1078.49 196.35 21.79 12.74 0 0.409121 736.39 182.47 21.21 13.24 0 0.397174 764.59 315.48 31.64 16.92 0 0.380678 995.00 342.27 25.83 20.33 0 0.373523 755.35 179.17 17.75 12.63 0 0.366396 764.39 322.29 32.18 16.76 0 0.358761 1209.70 198.51 21.57 11.94 0 0.355324 1007.50 353.83 33.46 26.87 1 0.337781 1311.37 224.87 29.18 13.26 0 0.323171 979.85 308.97 22.20 18.90 0 0.300163 759.96 93.27 17.07 10.92 0 0.296683 600.19 0.56 32.32 19.70 0 0.285221 1108.03 333.40 49.85 32.44 1 0.276478 570.45 230.26 23.99 12.59 0 0.275366 1255.23 197.00 17.44 14.23 0 0.267312 998.52 354.24 37.85 26.40 1
529,0.649335 271.00 404.48 26.64 41.71 0 0.612904 339.46 124.59 17.20 35.01 0 0.580834 245.04 128.41 17.34 28.73 0 0.575303 314.33 130.18 18.76 34.13 0 0.572543 380.24 166.83 20.57 36.40 0 0.569826 385.58 125.78 18.96 33.79 0 0.568389 149.20 262.67 21.48 36.83 0 0.568373 54.87 175.77 22.35 33.41 0 0.557755 169.46 135.09 21.40 31.29 0 0.550032 283.83 169.22 20.46 36.37 0 0.543166 23.73 267.22 23.35 36.43 0 0.533069 343.05 457.03 21.61 40.97 0 0.532677 233.35 169.53 22.36 39.58 0 0.531098 124.55 262.26 21.41 34.67 0 0.527188 145.83 135.72 19.05 28.79 0 0.526191 958.12 245.74 23.07 40.38 0 0.526187 141.96 171.52 24.77 35.21 0 0.524041 955.01 0.86 20.65 38.99 0 0.523416 962.17 340.26 22.17 39.59 0 0.521389 265.85 128.11 18.38 29.21 0 0.517093 49.03 139.62 21.89 26.76 0 0.514696 207.52 166.73 23.18 38.00 0 0.512317 256.59 171.19 22.34 38.35 0 0.510212 363.41 124.61 17.79 34.81 0 0.508634 77.31 174.89 22.36 32.50 0 0.508404 333.69 260.47 20.41 35.96 0 0.507785 95.64 261.74 22.43 36.62 0 0.507702 356.23 398.64 23.55 43.62 0 0.495169 217.82 134.42 19.57 28.83 0 0.494120 176.49 264.04 24.40 38.52 0 0.491806 1081.28 706.03 14.36 31.98 0 0.490138 101.57 174.91 23.11 32.92 0 0.487920 288.28 129.79 20.07 30.89 0 0.487744 73.98 260.36 22.37 35.63 0 0.485164 956.04 81.23 19.87 32.82 0 0.484088 358.95 260.93 19.29 35.70 0 0.483485 957.67 160.26 18.66 33.38 0 0.480611 307.04 257.02 20.87 35.84 0 0.476094 407.88 163.00 23.42 32.37 0 0.475190 282.41 257.32 20.66 35.24 0 0.473510 354.05 166.02 20.82 33.55 0 0.464881 332.35 166.50 18.84 34.19 0 0.462715 52.55 260.37 23.50 35.95 0 0.462018 169.73 171.37 22.21 36.90 0 0.451966 359.46 257.89 21.72 33.56 0 0.447083 548.87 158.98 24.11 53.64 1 0.442809 124.37 175.12 22.86 32.58 0 0.434024 0.28 269.20 19.90 36.05 0 0.429149 960.55 294.35 25.40 39.94 0 0.411619 124.12 138.28 21.75 28.26 0 0.404874 27.12 178.02 21.55 33.08 0 0.400025 257.56 257.88 22.11 38.20 0 0.399477 866.39 15.36 36.49 20.95 0 0.396726 198.01 168.76 22.90 38.73 0 0.386140 26.21 139.53 22.71 27.98 0 0.382745 328.93 400.01 21.80 43.24 0 0.382042 3.80 178.12 23.45 34.55 0 0.371465 961.16 351.57 22.31 38.58 0 0.347953 181.22 262.29 25.71 39.77 0 0.334177 551.73 156.75 26.16 51.32 1 0.329091 166.49 139.80 23.67 33.08 0 0.326290 243.56 257.83 21.03 35.54 0 0.320312 1177.54 721.15 15.53 31.64 0 0.298291 871.98 15.50 36.55 22.56 0 0.297358 188.46 135.49 20.11 30.09 0 0.295879 319.32 402.79 25.09 42.89 0 0.294518 224.93 260.49 25.41 38.41 0 0.259091 174.11 259.98 24.50 37.72 0
530,0.735005 352.85 730.95 154.05 85.89 1 0.670472 1232.98 518.04 145.46 69.19 0 0.665793 896.08 463.63 117.08 65.79 0 0.646366 1434.69 1000.07 209.84 79.93 0 0.644897 1036.18 913.90 183.67 100.43 0 0.628037 24.05 87.37 91.03 59.38 0 0.623563 477.52 404.33 112.29 56.33 0 0.620848 0.00 563.96 158.90 79.59 0 0.613954 1054.26 485.79 129.26 64.43 0 0.608807 1075.31 715.19 172.26 89.81 0 0.606233 888.37 742.29 163.06 85.50 0 0.603541 335.63 384.34 111.94 54.06 0 0.601792 143.21 410.09 113.44 57.36 0 0.600788 813.71 969.90 190.47 110.02 0 0.582771 756.30 458.07 117.32 58.31 0 0.578767 379.59 982.24 195.80 95.53 0 0.568576 463.27 822.83 175.66 87.72 0 0.564179 418.89 902.70 185.12 96.55 0 0.554095 387.89 671.41 149.63 68.32 0 0.553790 626.63 429.53 123.25 60.00 0 0.549485 232.52 368.04 91.63 51.76 0 0.541654 0.00 751.20 142.46 86.70 0 0.513388 1077.97 649.06 134.91 67.00 0 0.505891 529.07 768.20 148.90 76.03 0 0.501709 808.99 960.37 193.60 92.61 0 0.500407 59.01 509.61 145.65 68.37 0 0.476943 538.09 703.07 181.39 77.70 0 0.475822 108.40 176.95 60.76 45.93 0 0.430918 360.60 718.68 154.72 84.74 1 0.388874 1460.89 1001.56 206.70 78.44 0 0.388103 424.71 881.61 193.02 94.10 0 0.380784 287.55 475.61 21.32 30.61 2 0.375910 1077.12 695.00 152.32 75.91 0 0.329544 876.65 733.40 164.44 71.83 0 0.305771 368.19 681.51 164.69 80.17 0 0.303274 1864.01 601.31 55.89 64.09 0 0.300413 286.51 484.04 21.99 30.37 2 0.296800 622.95 414.04 127.39 67.61 0 0.294638 491.24 631.19 59.30 37.50 3 0.287470 106.49 183.31 69.95 47.18 0 0.278505 538.17 732.32 169.71 80.67 0 0.277534 43.68 89.01 77.12 50.69 0 0.272970 0.62 678.49 32.28 53.14 0 0.271989 1865.72 598.10 54.28 62.90 1 0.263834 448.34 840.99 185.75 85.25 0 0.263249 754.25 435.66 119.57 62.36 0
531,0.276151 945.68 333.66 29.41 40.19 1
532,0.533500 20.33 794.71 133.23 70.42 0 0.530538 585.25 791.49 140.78 70.66 0 0.464044 1083.74 291.18 95.30 65.00 0 0.410714 1093.83 280.01 97.01 66.75 0 0.338826 8.52 976.64 147.11 65.17 0 0.326652 1074.83 305.72 65.63 57.12 0 0.268091 1572.80 40.70 39.13 23.85 0 0.250778 1565.49 41.17 38.50 26.77 0
533,0.587242 857.43 548.68 37.33 18.06 0 0.473359 902.22 540.34 32.29 16.11 0 0.344484 1650.57 212.12 37.27 17.22 0 0.291409 938.91 525.12 32.36 19.81 0 0.282749 884.34 546.04 37.32 17.27 0 0.275966 1031.69 498.24 27.89 16.29 0
534,0.564202 1036.46 223.54 22.31 20.73 0 0.512448 351.58 110.57 18.16 33.89 3 0.482792 1146.84 394.97 20.62 21.97 0 0.466933 351.34 227.43 18.09 18.58 2 0.447950 1072.37 224.36 20.38 15.76 0 0.382004 1245.40 365.89 14.59 11.86 0 0.371508 1137.93 360.15 15.11 14.73 0 0.354115 457.97 356.86 18.54 26.58 2 0.342562 809.68 277.86 14.42 13.81 3 0.300491 1171.48 424.54 19.84 16.49 0 0.273281 1080.93 224.49 25.78 15.90 0 0.269939 1327.09 364.88 14.71 14.64 0 0.263819 1227.35 365.74 13.64 13.73 0
535,0.389233 936.27 108.10 26.29 20.55 0 0.388665 1029.99 848.98 41.58 82.04 0 0.311811 885.42 535.71 27.72 60.71 1 0.261113 937.19 91.34 25.19 21.82 0
536,0.474496 963.97 80.64 22.81 32.12 0
537,0.670147 596.11 626.46 22.09 37.86 0 0.655941 701.01 629.31 21.55 36.03 0 0.615643 1154.18 450.06 17.56 24.37 0 0.613078 880.65 415.26 47.52 71.62 1 0.570582 452.16 610.65 25.46 28.60 0 0.546213 1096.76 442.88 21.10 30.45 0 0.521839 531.24 19.33 30.27 16.28 0 0.519888 286.54 476.19 37.17 21.00 0 0.507118 493.79 519.98 33.53 18.69 0 0.503115 368.83 599.41 25.42 38.00 0 0.487872 911.66 371.88 22.75 22.46 0 0.487242 341.43 600.39 21.51 34.62 0 0.483205 319.87 600.10 25.02 35.42 0 0.469594 387.47 680.83 23.04 26.78 0 0.469358 282.67 593.32 29.99 30.93 0 0.448417 1073.19 439.60 21.10 30.95 0 0.432867 429.31 609.18 22.17 27.79 0 0.432636 894.99 154.86 23.50 31.45 1 0.406046 1199.91 447.02 23.78 21.55 0 0.391824 865.85 173.60 18.30 35.67 1 0.380395 533.85 522.99 32.43 18.43 0 0.366815 969.14 373.53 21.49 26.67 0 0.360502 743.41 628.62 20.18 29.06 0 0.348258 887.38 137.24 21.89 21.79 1 0.334251 931.69 372.57 20.82 21.66 0 0.330223 719.77 525.59 35.92 19.75 0 0.317959 509.62 64.65 25.35 24.05 0 0.291718 213.88 517.14 24.56 18.17 0 0.272157 841.35 413.94 39.30 23.06 0 0.271736 627.94 523.38 25.22 20.11 0 0.265432 372.81 601.06 26.21 37.81 0 0.261313 581.69 522.34 31.67 16.10 0
538,0.601750 1167.20 681.64 82.59 87.96 0 0.583813 649.21 698.66 90.66 97.64 0 0.580353 1251.75 779.70 96.74 109.09 0 0.577689 995.65 464.92 77.02 85.75 0 0.574215 509.76 803.83 81.20 93.77 0 0.556641 803.30 595.08 79.96 88.02 0 0.554628 912.03 361.47 74.28 74.42 0 0.552763 1158.49 862.12 83.08 91.78 0 0.545174 807.76 416.57 77.06 88.68 0 0.544029 1062.86 750.81 89.62 92.65 0 0.540200 359.85 914.85 91.29 106.00 0 0.532940 981.01 818.05 88.22 96.48 0 0.527870 411.66 884.51 85.36 94.87 0 0.526372 29.02 652.01 79.95 94.68 0 0.519364 719.43 669.03 88.05 96.51 0 0.519215 844.99 550.20 79.55 95.69 0 0.500382 1114.12 895.16 77.79 79.08 0 0.500082 562.79 783.68 91.20 91.87 0 0.499462 896.54 528.99 74.37 85.30 0 0.494799 249.25 987.06 89.28 92.94 0 0.493686 760.32 642.22 83.69 89.09 0 0.482771 774.13 964.24 91.65 102.41 0 0.469913 863.80 396.21 71.07 68.29 0 0.467698 1022.67 787.19 85.84 90.16 0 0.465558 919.52 378.50 80.23 84.64 0 0.464126 833.01 945.17 85.27 87.24 0 0.460649 944.28 844.66 81.36 106.39 0 0.456453 947.86 494.74 78.34 90.58 0 0.455432 891.11 910.82 83.82 92.03 0 0.447805 1126.43 714.91 81.55 84.21 0 0.445258 609.22 726.46 92.55 93.98 0 0.442403 845.59 923.24 77.21 99.26 0 0.434815 905.38 530.77 79.03 90.40 0 0.429145 936.90 862.80 81.90 92.70 0 0.386739 1157.40 669.27 85.96 84.55 0 0.377190 618.60 738.99 84.31 92.21 0 0.375949 824.60 432.68 67.39 81.67 0 0.371961 1440.37 984.54 54.46 38.60 3 0.345229 506.37 801.35 70.46 86.37 0 0.343246 304.18 951.66 98.97 104.26 0 0.342840 726.62 988.19 90.89 91.05 0 0.341326 862.94 553.47 76.54 96.77 0 0.340426 19.83 643.91 68.89 89.48 0 0.335588 879.39 404.52 68.06 77.15 0 0.333301 560.57 766.73 87.84 77.40 0 0.332069 288.12 968.64 104.44 99.36 0 0.325845 261.10 974.39 92.08 103.43 0 0.321698 797.33 981.83 76.02 91.75 0 0.313030 379.78 898.18 99.17 103.04 0 0.311550 1454.58 972.57 43.26 38.00 3 0.300852 677.21 1034.97 63.66 45.03 0 0.300118 823.71 916.03 78.72 87.73 0 0.291297 876.32 904.45 84.94 94.64 0 0.284583 1111.06 702.15 85.86 82.48 0 0.282546 572.48 767.88 84.57 100.05 0 0.278132 205.12 1009.07 86.76 70.93 0 0.277362 188.27 1018.77 73.44 61.23 0 0.274675 1169.83 855.58 83.73 93.37 0 0.265419 795.33 954.85 90.93 100.35 0 0.262431 400.26 888.63 93.74 110.04 0 0.261020 1138.07 921.59 69.24 83.69 0
539,0.572062 1161.28 425.07 174.05 81.04 0 0.568714 1168.14 394.68 161.11 89.28 0 0.490023 1388.69 371.05 122.35 62.50 0 0.445502 670.60 574.90 144.19 134.52 0 0.409747 519.47 518.57 176.32 155.68 0 0.392412 1884.96 475.18 34.87 64.76 0 0.386809 1171.16 387.41 163.50 76.46 0 0.380742 1534.64 309.33 154.94 84.23 0 0.285956 702.27 453.39 26.50 43.70 2 0.283016 537.53 530.16 197.38 151.25 0 0.269538 788.96 617.27 143.56 131.19 1
540,0.630379 1272.17 556.07 63.70 32.09 1 0.267008 1904.32 609.44 15.37 25.58 0 0.264939 1467.43 715.80 23.24 20.40 0
541,0.665973 573.48 539.98 68.12 27.69 0 0.649039 1004.80 558.62 76.28 32.27 0 0.618130 398.62 529.94 65.83 28.77 0 0.574794 1097.78 564.00 77.81 32.62 0 0.548742 760.99 549.30 63.22 26.49 0 0.544427 665.80 545.55 68.92 27.18 0 0.534331 838.21 552.15 68.64 29.18 0 0.524014 927.50 553.36 67.81 30.81 0 0.503853 1192.57 565.36 63.89 26.56 0 0.477516 399.86 524.95 66.84 28.16 0 0.333769 653.03 543.73 65.19 26.47 0 0.284213 208.69 529.43 56.48 25.85 0 0.274261 242.93 521.48 50.23 25.01 0
542,0.611217 444.54 373.95 49.16 24.25 0 0.599021 472.05 985.51 177.42 58.01 1 0.582652 134.51 343.52 33.35 47.38 0 0.548361 243.48 339.58 24.78 42.01 0 0.523071 825.57 232.41 53.36 25.93 0 0.519480 687.62 167.93 23.21 35.74 0 0.512627 172.27 343.04 32.56 43.76 0 0.485642 979.63 295.28 26.80 51.39 1 0.470861 815.68 167.73 22.77 36.77 0 0.466817 653.66 156.88 25.33 36.66 0 0.440798 863.81 155.61 21.32 39.90 0 0.436683 626.89 77.03 17.49 27.37 0 0.432270 434.03 308.98 44.65 29.44 0 0.430046 654.57 160.51 28.02 38.74 0 0.420277 128.24 348.53 35.59 46.88 0 0.417528 273.00 339.23 27.92 44.59 0 0.410405 521.25 65.32 35.36 15.42 0 0.397220 664.65 158.58 24.63 37.59 0 0.377147 447.80 371.14 51.32 23.52 0 0.368926 651.57 115.36 17.60 28.95 0 0.365595 837.80 164.46 20.00 38.40 0 0.359486 434.94 313.19 46.37 29.80 0 0.349744 905.32 173.99 21.60 22.58 0 0.315619 345.10 6.38 57.46 29.72 1 0.309571 241.25 346.56 25.01 40.85 0 0.289914 1427.18 10.19 36.78 32.31 0 0.269418 474.16 328.61 25.68 25.75 0 0.268165 1087.81 176.01 41.22 21.83 0 0.251231 563.96 988.35 89.37 54.63 1
543,0.493779 1078.16 444.15 38.71 20.53 0 0.307655 819.29 679.36 38.04 30.36 0 0.290475 759.23 774.31 35.92 36.64 0 0.273126 869.96 607.27 32.88 24.00 0
544,0.696676 525.47 591.86 70.21 59.44 1 0.520126 742.53 642.24 20.82 22.88 0 0.496363 69.92 644.07 25.34 15.36 0 0.493809 242.29 691.83 22.29 22.77 0 0.445842 696.29 634.95 23.29 19.49 0 0.362489 622.50 572.39 23.49 17.10 0 0.352394 97.14 655.84 19.93 19.01 0 0.344767 120.38 657.75 22.46 17.39 0 0.304175 605.88 538.76 21.98 19.57 0 0.288901 606.89 578.89 27.96 23.44 0 0.282043 652.73 584.54 17.75 19.81 0 0.274555 647.61 573.15 20.23 18.38 0
545,0.712692 1150.31 745.76 24.14 55.25 0 0.677757 1180.44 744.69 24.12 51.52 0 0.671772 1246.59 748.49 22.83 54.95 0 0.647961 1321.58 743.25 22.75 47.35 0 0.632413 1242.02 868.36 22.66 48.26 0 0.619387 1243.72 668.83 23.81 52.16 0 0.619131 458.53 465.79 27.18 48.87 0 0.617939 1287.58 746.68 23.96 46.72 0 0.611485 1053.41 749.41 25.06 56.96 0 0.608334 477.01 592.44 24.49 53.67 0 0.605132 398.50 468.01 29.00 54.81 0 0.592831 1261.35 969.67 55.14 26.79 0 0.589156 1276.95 665.39 24.37 51.20 0 0.586811 890.59 677.92 28.03 55.77 0 0.586152 1084.94 746.42 28.35 55.95 0 0.583096 1143.77 668.58 25.12 51.54 0 0.579210 383.95 780.26 25.81 55.06 0 0.576581 867.56 763.01 28.79 51.96 0 0.573402 954.09 675.38 25.74 50.82 0 0.571668 1051.97 671.01 24.62 55.21 0 0.566301 527.94 467.08 25.95 52.90 0 0.553951 910.86 318.38 28.14 41.52 0 0.552855 1112.27 672.37 24.98 50.01 0 0.552143 1178.54 667.40 24.53 52.99 0 0.551572 767.01 950.58 52.44 26.54 0 0.545818 354.08 786.64 27.03 53.93 0 0.540561 989.24 668.57 24.48 49.92 0 0.538143 779.32 992.73 52.04 26.67 0 0.527008 437.69 594.39 27.93 54.04 0 0.526760 1069.15 548.22 28.94 53.82 0 0.521339 1212.90 747.06 24.96 52.62 0 0.520956 1207.49 867.95 23.40 46.05 0 0.509935 341.60 350.51 30.52 48.75 0 0.508284 494.84 470.68 23.21 47.98 0 0.499084 921.63 677.02 26.27 52.06 0 0.495319 1016.47 753.68 26.41 53.34 0 0.493784 1121.84 874.51 52.58 23.27 0 0.492812 905.51 296.33 34.35 36.23 0 0.488736 1273.28 867.36 21.58 45.33 0 0.488394 1284.95 1012.28 53.41 24.32 0 0.474564 780.07 1025.11 49.73 24.76 0 0.446034 616.04 583.48 28.91 55.07 0 0.439529 1208.58 666.35 25.52 52.97 0 0.414590 421.48 779.67 27.66 53.57 0 0.410832 1050.00 665.77 24.54 51.51 0 0.409451 1069.19 347.33 44.65 53.52 0 0.391341 915.56 377.70 41.17 45.71 0 0.377162 809.14 488.51 25.96 58.50 0 0.369908 1048.07 865.16 59.04 28.04 0 0.335161 1017.71 672.60 26.00 52.07 0 0.324287 921.30 370.45 39.25 43.83 0 0.318593 315.83 783.15 33.76 61.19 0 0.301510 1089.57 748.50 28.74 57.05 0 0.273010 1060.96 300.28 44.00 41.16 0 0.262276 1067.39 309.58 40.79 37.00 0 0.261959 1208.84 743.73 25.27 56.16 0 0.252106 829.38 779.57 26.78 43.32 0
546,0.656983 939.15 799.42 55.94 29.17 0 0.640945 932.35 700.44 57.08 28.75 0 0.629134 918.15 537.89 55.44 31.84 0 0.613788 786.06 847.06 61.80 34.56 0 0.609931 752.12 487.72 56.44 31.24 0 0.591326 955.14 896.19 57.49 30.80 0 0.591120 799.94 943.33 57.31 31.41 0 0.590184 718.42 923.15 56.84 28.51 0 0.590004 678.13 532.66 53.71 27.89 0 0.588769 692.25 630.57 51.71 27.50 0 0.587453 769.23 584.50 62.77 31.77 0 0.582647 924.17 603.76 56.65 30.23 0 0.565799 916.19 441.12 58.13 29.01 0 0.563141 1038.69 989.05 55.34 27.06 0 0.561838 942.69 769.14 53.71 27.95 0 0.554677 676.82 469.01 58.75 28.69 0 0.554074 778.95 750.99 63.75 31.66 0 0.547147 934.71 738.00 57.01 28.48 0 0.545832 1226.22 371.77 56.70 24.61 0 0.540367 919.17 505.12 52.35 28.37 0 0.538655 693.94 566.25 58.17 31.56 0 0.530508 939.54 833.30 56.83 28.24 0 0.528885 1145.25 414.25 57.17 26.93 0 0.526403 689.04 660.82 52.46 32.52 0 0.525382 771.06 683.61 59.55 31.97 0 0.524472 703.09 794.52 60.26 29.26 0 0.521314 1034.82 917.71 62.70 32.24 0 0.518110 771.25 616.66 61.09 29.73 0 0.506164 961.57 964.95 54.94 30.51 0 0.505750 964.55 994.36 53.52 26.71 0 0.503984 722.35 1018.80 63.18 30.32 0 0.503793 772.94 653.06 54.65 32.48 0 0.494008 953.18 868.44 56.30 28.76 0 0.493879 804.13 1012.64 59.91 27.00 0 0.488411 705.00 700.29 52.84 28.26 0 0.488289 1032.70 952.63 62.05 29.62 0 0.487227 780.94 781.64 65.77 33.48 0 0.485219 701.95 823.20 64.93 30.92 0 0.480282 807.71 978.01 56.20 27.80 0 0.466651 778.78 721.11 58.64 31.52 0 0.462196 916.03 472.10 56.97 29.61 0 0.456330 800.13 917.27 54.45 27.22 0 0.445438 747.79 420.81 58.72 28.54 0 0.443966 1140.80 377.83 57.62 29.18 0 0.441530 704.78 760.16 57.17 29.75 0 0.438918 955.17 929.74 59.05 28.45 0 0.438784 739.33 422.19 58.57 28.36 0 0.412316 921.07 571.02 55.50 28.76 0 0.410188 930.48 667.43 60.61 28.12 0 0.406869 677.04 498.17 55.50 26.74 0 0.404558 1157.60 479.07 54.31 28.35 0 0.404297 704.06 731.28 56.17 28.52 0 0.399572 791.25 884.57 60.41 28.48 0 0.395084 932.41 672.79 58.79 28.51 0 0.392261 736.44 214.87 79.34 33.23 1 0.389769 758.16 453.17 58.63 26.44 0 0.378056 757.15 523.82 57.23 27.49 0 0.370668 695.42 597.09 57.09 27.20 0 0.367511 690.80 598.86 56.97 31.13 0 0.361235 1154.84 473.52 55.33 27.87 0 0.354518 727.06 957.38 56.78 25.17 0 0.349004 781.40 815.58 60.13 28.50 0 0.348137 751.60 456.74 62.61 29.04 0 0.343209 775.81 651.79 58.78 27.30 0 0.327898 679.94 464.67 57.06 27.37 0 0.323918 539.97 231.31 28.72 18.44 3 0.315064 699.30 696.78 54.76 27.90 0 0.299144 601.56 856.91 22.84 17.54 3 0.290741 721.54 960.61 57.18 27.62 0 0.290352 949.93 859.67 56.10 26.60 0 0.284825 781.44 804.92 61.19 29.89 0 0.284500 801.63 982.92 54.18 28.98 0 0.275402 678.94 627.01 55.79 31.19 0 0.273222 1140.88 382.72 62.49 28.49 0 0.269859 624.28 1049.92 19.94 16.64 3 0.252557 954.88 937.90 57.89 29.49 0 0.251830 755.96 422.91 56.10 28.10 0
547,0.593404 754.27 579.81 51.66 44.20 1 0.545160 259.12 679.55 26.40 23.48 0 0.508896 939.16 613.93 19.84 18.55 0 0.505321 295.07 688.44 21.88 25.18 0 0.461289 575.30 728.01 20.29 24.75 0 0.435690 311.61 689.87 23.16 25.88 0 0.385411 986.54 621.14 18.80 21.52 0 0.371558 810.76 560.78 23.30 20.39 0 0.357234 329.36 689.23 22.63 26.33 0 0.337170 483.49 713.71 26.22 25.88 0 0.334665 496.48 712.67 23.94 22.80 0 0.318280 308.27 734.48 24.66 18.79 0 0.297543 384.95 702.15 25.27 20.76 0 0.281979 918.76 614.68 20.66 19.68 0 0.274667 847.41 565.52 19.46 17.93 0 0.263248 861.96 567.50 18.31 17.12 0 0.255511 810.78 548.64 25.44 20.24 0
548,0.671620 915.33 261.24 25.53 55.25 0 0.667328 885.61 263.78 24.88 54.20 0 0.647093 555.75 622.61 25.74 45.63 0 0.633795 518.42 624.33 24.96 45.76 0 0.633251 671.99 610.86 24.19 50.13 0 0.630360 687.24 192.32 25.40 51.23 0 0.626818 724.51 278.26 25.02 56.24 0 0.623913 854.19 264.39 24.96 53.66 0 0.620685 989.74 261.98 25.57 54.98 0 0.616353 974.72 485.81 56.28 27.29 0 0.611039 622.59 197.81 26.83 57.57 0 0.608493 85.68 0.62 34.89 59.64 0 0.606988 215.46 0.00 33.08 54.53 0 0.605685 601.17 610.64 25.98 51.92 0 0.603890 769.38 70.00 28.61 55.10 0 0.601803 495.88 5.04 31.66 66.88 0 0.594019 912.11 182.02 26.01 57.42 0 0.591351 951.24 266.76 25.37 53.27 0 0.588583 654.33 197.33 27.68 52.12 0 0.585992 812.27 624.06 28.00 57.71 0 0.577312 791.56 271.33 25.20 56.25 0 0.575922 170.05 126.20 31.09 58.56 0 0.575493 587.75 203.09 28.49 58.30 0 0.574584 846.36 186.78 25.32 54.55 0 0.573826 478.23 617.23 29.71 50.95 0 0.571935 1026.66 258.25 23.87 51.94 0 0.571629 948.54 380.87 26.99 52.78 0 0.562658 817.02 193.68 24.17 48.79 0 0.561551 918.26 380.99 23.45 51.91 0 0.560738 571.49 289.41 26.94 54.24 0 0.560570 757.76 273.25 26.52 59.37 0 0.557962 982.10 385.75 22.83 49.43 0 0.551252 748.76 615.13 24.65 50.21 0 0.540643 721.18 196.19 25.99 54.66 0 0.539789 147.69 0.00 32.31 56.84 0 0.525794 180.86 0.82 28.35 54.78 0 0.518643 15.32 332.28 29.50 54.79 0 0.516872 981.09 184.39 23.92 55.57 0 0.507706 130.65 129.72 31.43 57.73 0 0.505276 751.89 193.74 26.37 55.34 0 0.501716 852.96 629.02 25.88 53.69 0 0.494705 308.59 113.38 30.91 53.17 0 0.493424 877.62 188.09 25.67 53.49 0 0.491700 943.00 179.01 27.59 58.74 0 0.488981 534.50 297.03 28.72 53.45 0 0.480977 476.30 699.55 48.56 28.19 0 0.431319 483.86 555.86 44.27 26.87 0 0.430749 756.48 387.12 61.63 27.84 0 0.424207 420.75 95.76 32.13 49.59 0 0.415204 86.73 321.62 28.11 55.02 0 0.388447 781.22 610.16 25.66 52.45 0 0.377151 54.14 325.56 28.96 55.74 0 0.360633 489.24 515.40 52.26 30.97 0 0.353423 473.46 692.35 47.60 31.65 0 0.345955 485.41 514.22 43.43 29.11 0 0.272637 992.28 527.96 61.03 26.72 0 0.264756 810.04 618.15 26.65 55.86 0 0.250913 849.52 264.35 27.16 58.94 0
549,0.764136 653.85 599.15 58.44 63.61 1 0.646090 869.80 654.95 17.22 22.38 0 0.472741 189.69 664.55 23.10 15.46 0 0.460664 722.24 590.27 23.38 22.22 0 0.415405 768.95 593.17 17.06 17.67 0 0.394707 813.50 643.14 21.36 23.42 0 0.323473 368.62 715.45 26.90 17.34 0 0.304124 240.87 670.24 20.71 21.49 0 0.303105 433.72 639.46 20.37 16.19 0 0.301368 741.89 589.83 20.27 19.09 0 0.284982 218.91 669.84 19.15 19.95 0 0.273258 247.23 595.92 26.91 14.56 0 0.267178 376.62 716.63 25.32 22.02 0
550,0.642173 112.57 172.66 23.90 36.97 0 0.618100 243.49 53.78 15.86 30.57 0 0.603754 44.73 95.59 19.65 32.50 0 0.595485 141.36 91.40 19.54 35.02 0 0.595441 195.57 303.29 24.59 40.07 0 0.583823 257.31 170.33 21.92 35.09 0 0.574024 166.85 92.16 19.30 37.21 0 0.555151 167.14 171.65 21.80 34.05 0 0.550915 20.33 97.54 19.51 33.32 0 0.547301 1012.74 582.00 18.27 35.56 0 0.546573 218.58 53.90 18.25 28.88 0 0.546294 30.05 175.96 21.54 34.13 0 0.544520 268.34 50.49 15.15 29.53 0 0.540465 93.67 92.64 20.27 35.61 0 0.537970 1.92 173.00 21.07 35.55 0 0.537707 333.46 83.60 20.10 33.13 0 0.534599 310.54 51.35 20.29 29.13 0 0.528042 189.05 93.64 19.88 33.94 0 0.527031 54.40 174.91 23.24 33.79 0 0.524842 831.21 889.51 28.73 59.92 0 0.522083 187.90 170.88 21.70 34.53 0 0.520296 147.52 54.61 18.59 28.36 0 0.518707 73.94 58.73 21.21 29.10 0 0.514743 214.64 92.52 19.32 34.22 0 0.513802 263.37 352.98 23.09 36.62 0 0.504811 174.77 53.22 15.98 27.59 0 0.496588 75.53 172.50 22.68 35.37 0 0.495667 233.36 169.63 21.45 34.45 0 0.493363 209.09 169.34 21.87 33.77 0 0.470845 71.38 93.76 19.38 34.09 0 0.468748 246.79 301.43 22.32 39.98 0 0.460240 94.72 172.92 22.48 35.23 0 0.441205 114.12 92.01 20.13 35.39 0 0.439129 280.76 171.59 21.45 34.13 0 0.438404 1.07 96.94 15.59 35.57 0 0.435622 290.19 50.49 16.95 30.96 0 0.434234 310.73 88.14 20.04 31.67 0 0.432281 283.92 87.74 19.46 31.61 0 0.416778 101.90 60.50 19.84 27.99 0 0.406986 192.03 52.79 16.68 28.80 0 0.392359 260.83 88.97 18.91 31.18 0 0.352565 473.07 76.48 24.78 44.41 1 0.347682 53.02 62.88 23.05 26.73 0 0.340289 80.25 6.67 16.06 22.41 3 0.333731 273.16 300.22 24.47 37.89 0 0.304587 0.12 56.82 16.13 33.01 0 0.293891 47.78 92.91 22.34 31.40 0 0.281968 115.95 58.21 19.76 31.02 0 0.270646 117.15 88.30 19.48 34.81 0 0.260164 95.67 90.83 20.51 32.85 0 0.252257 49.92 7.07 15.90 21.22 3
