Image_ID,PredictionString
1,0.829243 648.37 651.71 86.73 157.54 0 0.786971 1435.40 646.38 127.27 174.75 0 0.779900 766.05 375.45 86.66 125.55 0 0.745768 1536.59 645.54 109.28 138.65 0 0.744272 598.39 160.71 59.21 83.15 0 0.742562 457.38 166.06 59.24 88.95 0 0.732397 894.67 795.92 116.05 181.50 0 0.728970 1173.63 716.07 119.77 173.59 0 0.726558 1075.99 731.47 120.35 178.99 0 0.726427 534.20 159.65 55.82 86.36 0 0.716328 104.89 6.95 126.04 52.72 0 0.713589 1029.31 37.00 25.55 38.69 3 0.712911 1187.17 43.79 83.10 77.34 0 0.712442 766.66 763.57 132.68 225.89 1 0.711510 689.56 381.43 72.08 133.23 0 0.706334 1023.06 81.53 72.62 64.10 0 0.705586 917.40 96.32 59.75 77.05 0 0.698243 3.09 21.40 81.47 53.11 0 0.696511 1261.43 278.26 114.23 116.85 0 0.684133 996.15 342.25 93.32 115.92 0 0.670313 1356.81 675.34 106.93 167.14 0 0.667035 1265.97 194.44 90.44 75.81 0 0.662264 1082.27 57.35 67.57 76.52 0 0.647546 1149.71 216.43 80.64 87.61 0 0.646460 851.64 101.00 73.81 88.44 0 0.640975 659.25 293.53 67.90 81.03 0 0.636138 957.28 256.40 69.30 87.25 0 0.635595 1280.24 700.77 119.26 166.48 0 0.627760 1394.14 183.46 95.97 79.30 0 0.626807 1468.41 178.48 84.37 78.51 0 0.623282 1370.77 688.35 105.23 147.89 0 0.621131 30.52 556.75 66.13 42.20 3 0.607186 44.36 513.15 63.33 37.20 3 0.606209 1263.21 32.59 72.36 70.80 0 0.600443 1123.30 24.73 30.12 37.47 3 0.588941 1074.04 233.35 87.87 82.31 0 0.584784 1497.25 0.00 53.51 46.34 0 0.583887 773.01 90.15 24.33 38.50 3 0.583807 1739.24 209.40 118.50 81.03 0 0.581093 875.43 255.74 81.98 100.88 0 0.580981 1668.90 138.85 86.64 69.21 0 0.580085 1848.54 310.04 70.88 83.13 0 0.575023 592.03 339.39 38.57 38.88 3 0.573888 218.44 410.15 58.35 40.03 3 0.566409 694.70 102.89 24.09 34.62 3 0.558057 234.59 352.24 24.04 36.77 2 0.556786 258.82 393.37 39.34 28.90 3 0.540349 96.70 378.61 35.45 43.49 3 0.539274 593.70 361.48 45.79 33.27 3 0.538752 494.97 100.42 111.43 54.09 0 0.537336 1513.42 105.11 32.88 33.61 3 0.519257 19.91 567.04 70.61 41.57 3 0.504719 725.21 94.46 21.92 35.70 3 0.498586 513.65 367.75 44.00 38.88 3 0.492883 1488.77 478.12 121.38 133.56 1 0.486557 285.13 564.36 140.39 224.02 1 0.480284 1618.45 634.12 118.63 132.11 0 0.477830 513.27 372.12 48.62 41.95 3 0.475583 599.77 398.85 80.17 139.65 1 0.474420 488.06 105.52 72.75 55.60 0 0.471672 1268.86 685.01 116.52 169.44 0 0.468480 890.03 773.83 102.01 181.21 0 0.453900 210.25 452.69 54.90 45.41 3 0.450667 1575.89 481.36 108.86 84.76 0 0.442963 1523.32 102.45 29.58 34.17 3 0.439612 1024.99 46.45 26.78 31.96 3 0.427779 724.35 89.06 21.24 35.38 3 0.427017 875.07 254.31 69.35 85.54 0 0.420809 1106.59 25.30 29.18 35.67 3 0.412807 784.90 79.54 23.52 38.04 3 0.408157 320.97 846.87 32.62 64.82 3 0.407568 750.06 92.54 24.39 38.43 3 0.403737 258.49 251.52 42.48 24.96 3 0.402079 1449.80 173.74 77.15 80.34 0 0.392892 596.99 398.60 77.25 137.93 0 0.391214 362.58 172.61 21.59 30.62 3 0.379917 539.46 529.15 31.13 46.14 3 0.376005 1127.23 19.01 29.87 37.32 3 0.375756 809.76 77.02 25.20 36.85 3 0.375380 1142.88 23.54 28.00 37.24 3 0.370497 226.60 750.25 35.47 33.73 3 0.354449 1192.77 737.26 107.73 149.10 0 0.349927 5.15 214.41 64.75 43.23 3 0.345744 1071.14 721.32 111.27 151.21 0 0.342455 774.93 771.30 117.49 186.63 0 0.334605 801.14 823.93 108.36 175.16 0 0.329700 41.25 524.72 64.75 34.76 3 0.329511 220.61 403.33 55.50 38.48 3 0.325238 1523.06 626.35 114.74 150.11 0 0.321843 914.77 677.02 42.05 65.05 3 0.319504 489.46 687.81 29.64 44.04 3 0.307931 94.06 373.15 34.43 44.13 2 0.304779 997.71 46.58 25.02 34.26 3 0.302684 1485.08 479.70 89.65 118.09 1 0.300406 1044.46 34.38 26.52 37.50 3 0.297394 439.28 318.60 38.07 39.08 3 0.297370 481.76 103.77 89.44 48.76 0 0.292715 371.82 122.23 31.29 38.38 3 0.288396 991.01 49.26 24.25 31.99 3 0.280328 588.80 323.18 39.96 46.46 3 0.274233 490.00 88.93 97.90 53.35 0 0.273703 1075.46 27.98 30.56 38.37 3 0.273202 211.13 444.39 64.67 43.45 3 0.271939 1065.19 227.48 86.65 77.02 0 0.270542 395.22 160.64 29.37 33.86 3 0.268947 312.18 833.56 36.40 73.21 3 0.259956 270.17 296.04 24.13 29.91 3 0.255106 0.00 5.14 83.79 58.34 0 0.252632 1209.41 35.38 99.23 78.64 0 0.250363 1109.39 20.09 26.81 36.61 3 0.250210 1647.63 426.04 76.37 40.16 0
2,0.775543 662.68 671.10 32.20 54.02 0 0.748566 645.27 514.40 29.46 41.22 0 0.744230 499.07 675.02 33.50 52.51 0 0.699988 693.03 668.89 35.59 54.53 0 0.699862 548.54 290.11 30.09 44.96 0 0.685943 524.65 509.71 28.49 46.49 0 0.681483 669.53 379.13 23.02 36.32 0 0.678829 459.98 416.35 27.44 42.13 0 0.668846 529.03 372.14 29.24 39.79 0 0.668574 670.39 374.93 27.99 39.79 0 0.662257 762.31 193.58 28.12 43.67 0 0.647546 519.84 418.84 30.59 43.86 0 0.647356 544.64 563.80 31.37 51.05 0 0.646655 500.55 370.98 28.40 40.18 0 0.645971 336.34 256.54 32.08 38.19 0 0.639895 764.03 670.01 33.43 59.05 0 0.631551 673.12 514.32 31.31 44.46 0 0.630174 330.94 678.68 35.21 52.05 0 0.629465 323.53 556.45 35.01 50.92 0 0.627251 709.60 294.39 29.66 45.74 0 0.624487 736.87 517.56 30.34 45.78 0 0.622968 356.43 556.16 35.69 50.75 0 0.614720 469.30 674.51 30.79 50.62 0 0.612646 765.05 306.01 27.05 46.42 0 0.609974 615.52 515.26 30.45 41.83 0 0.609071 641.95 374.47 28.70 40.74 0 0.605037 531.17 675.28 33.58 52.57 0 0.604632 355.78 211.97 32.52 38.81 0 0.590238 494.54 290.81 27.86 41.99 0 0.587263 695.65 375.32 29.40 41.03 0 0.585277 633.97 421.72 30.79 45.95 0 0.584619 723.38 380.57 26.08 37.67 0 0.582933 1141.21 202.62 40.03 19.78 0 0.580968 605.67 569.40 30.38 48.06 0 0.579989 193.68 559.96 32.67 43.18 0 0.575434 1780.86 103.12 21.66 25.05 0 0.574387 602.09 425.08 30.91 46.74 0 0.573833 693.64 379.67 26.61 37.41 0 0.568732 509.43 565.75 31.53 49.40 0 0.562799 1463.00 418.92 27.76 38.71 0 0.558091 361.32 680.94 35.42 52.92 0 0.550144 713.03 425.14 33.27 50.86 0 0.542933 358.86 202.01 29.93 44.30 0 0.534149 1630.25 84.31 22.75 24.69 0 0.525325 602.99 296.76 29.52 40.21 0 0.524322 677.73 292.36 30.11 46.23 0 0.520950 629.37 299.17 27.99 42.42 0 0.519045 599.02 730.34 28.86 26.86 3 0.516211 743.55 419.88 34.64 59.60 0 0.510362 1602.94 82.14 21.91 27.90 0 0.509449 486.43 176.83 31.60 43.63 0 0.509215 1339.65 537.05 29.98 55.20 0 0.507934 1478.65 520.07 31.06 38.41 0 0.505613 1582.83 82.50 20.05 27.66 0 0.503177 536.81 672.96 31.96 52.40 0 0.503029 692.55 422.40 27.66 42.51 0 0.501028 564.52 185.65 27.54 35.01 0 0.500930 468.96 290.98 27.47 40.68 0 0.494595 989.41 732.59 67.08 32.95 0 0.491367 1317.41 372.07 29.03 47.59 0 0.486849 315.98 302.80 28.33 41.78 0 0.486435 264.88 393.05 42.70 44.30 0 0.485671 1679.13 774.32 44.02 27.60 0 0.485403 1627.60 197.11 43.14 23.62 0 0.484172 1721.57 137.27 28.71 17.44 0 0.482916 627.45 420.76 32.28 46.41 0 0.480373 610.97 566.54 31.73 48.93 0 0.479516 218.55 507.35 34.45 43.93 0 0.478650 1779.12 898.93 58.81 29.94 0 0.475775 663.28 187.65 26.37 43.58 0 0.475415 1641.47 923.02 54.38 53.09 0 0.474580 244.58 454.59 32.87 43.72 0 0.472691 291.48 351.00 34.25 38.10 0 0.467878 706.27 515.43 28.94 48.94 0 0.467580 1493.00 570.22 36.00 47.70 0 0.461095 1808.45 106.24 21.56 27.36 0 0.460398 1445.54 339.11 23.37 32.69 0 0.460383 1470.39 473.73 31.23 43.27 0 0.460016 617.03 185.38 25.32 38.86 0 0.459528 1338.37 498.07 30.20 42.73 0 0.459404 811.79 136.59 27.60 22.80 0 0.455266 581.59 372.78 30.12 39.68 0 0.452845 371.06 676.15 33.20 55.23 0 0.452292 632.63 670.30 29.67 51.02 0 0.451969 1397.09 109.89 21.95 21.95 0 0.449320 1390.34 78.86 22.66 23.23 0 0.448137 1761.75 776.36 35.23 26.41 0 0.445941 1705.63 772.46 48.85 27.12 0 0.437661 1776.38 29.70 22.92 24.19 0 0.434936 1653.32 84.80 20.24 28.52 0 0.431335 1711.62 32.02 23.37 20.50 0 0.428232 1796.29 33.17 24.06 22.99 0 0.427906 433.48 735.65 17.17 29.64 3 0.421123 1160.15 203.87 43.21 23.48 0 0.418012 1312.51 341.27 26.94 29.75 0 0.417159 750.04 373.57 29.82 47.65 0 0.414699 1701.52 9.19 27.92 23.13 0 0.409255 1653.82 11.37 25.31 22.22 0 0.409144 1338.02 482.66 29.54 44.14 0 0.407052 559.10 256.62 28.28 29.02 0 0.405080 1432.74 292.66 25.55 35.43 0 0.395577 1702.04 90.29 19.43 28.10 0 0.392226 975.64 189.72 40.98 22.41 0 0.389503 246.66 449.62 34.29 44.27 0 0.384929 763.50 175.94 31.43 32.42 0 0.382069 617.44 262.83 24.93 32.97 0 0.381734 693.73 421.05 33.74 46.17 0 0.377315 1694.68 774.84 54.17 26.82 0 0.373702 413.41 84.13 26.30 31.93 0 0.371464 1655.73 490.86 25.28 36.53 0 0.367794 1420.40 106.70 20.68 23.52 0 0.360560 1732.96 35.85 26.42 17.87 0 0.358119 1752.64 898.60 39.09 29.15 0 0.356131 254.80 678.53 28.27 35.09 0 0.354438 1629.60 915.31 53.12 46.94 0 0.354238 263.14 399.87 41.42 41.66 0 0.352446 809.46 185.94 35.98 57.42 0 0.352431 1656.24 501.32 26.92 34.26 0 0.351074 1850.81 444.61 28.60 21.57 0 0.350262 1423.98 251.14 30.33 25.56 0 0.346656 1819.75 104.81 27.51 29.04 0 0.342752 592.70 369.28 28.63 40.91 0 0.341215 536.51 667.54 34.53 47.75 0 0.338908 1079.28 728.46 80.33 36.06 0 0.336684 1536.71 653.69 32.70 42.75 0 0.333545 422.82 429.53 32.90 34.67 0 0.332803 1090.24 199.92 36.14 20.81 0 0.332343 514.34 563.41 33.63 51.14 0 0.330937 619.92 733.74 24.63 23.71 3 0.324157 1745.13 31.20 25.19 23.53 0 0.321580 1676.44 85.89 19.20 29.88 0 0.314227 1816.41 32.81 24.40 22.68 0 0.309625 161.98 608.66 29.91 42.80 0 0.308100 429.35 417.00 33.91 40.71 0 0.305496 1727.97 97.68 20.47 23.82 0 0.304451 590.16 377.05 30.25 37.38 0 0.302512 1469.27 294.78 31.27 38.32 0 0.293885 576.18 256.15 25.10 29.62 0 0.283636 1080.23 198.25 39.91 21.62 0 0.283411 511.19 418.15 32.38 44.00 0 0.282212 1560.15 0.00 24.00 19.01 0 0.279126 1890.29 398.72 29.71 19.66 0 0.278019 1655.62 28.65 21.99 23.43 0 0.275767 1136.32 201.98 34.47 19.38 0 0.275209 1516.77 3.62 24.64 22.92 0 0.274828 1892.67 961.30 26.74 49.23 0 0.271235 288.62 357.73 34.80 36.63 0 0.268884 680.90 294.82 32.18 47.33 0 0.268664 1535.88 663.30 29.15 45.61 0 0.266369 572.92 734.11 23.17 26.15 3 0.265339 458.34 735.00 18.80 28.48 3 0.264779 607.80 184.91 27.50 36.55 0 0.258750 213.20 513.84 38.28 43.30 0 0.255548 634.92 296.49 32.30 43.20 0 0.255062 1519.58 0.00 24.45 18.96 0
3,0.645855 103.77 18.80 49.22 28.38 0 0.523141 514.66 68.36 30.47 31.22 0 0.478912 0.02 197.45 18.82 29.68 0 0.424893 146.76 459.66 14.32 14.45 2 0.379169 115.69 483.68 12.75 11.89 2 0.347544 523.84 87.09 30.98 34.32 0 0.292846 530.98 95.73 27.41 29.91 0 0.260245 47.59 659.67 18.11 19.13 0 0.251065 8.88 541.92 26.17 20.55 0
4,0.687329 711.14 377.70 8.88 16.35 2 0.640681 1072.01 46.50 27.85 36.79 0 0.603398 1102.16 66.12 24.73 37.00 0 0.525776 1001.94 0.00 28.55 38.11 0 0.449042 916.48 63.21 51.98 33.09 0 0.445495 566.42 310.28 15.73 19.18 2 0.414025 1073.49 49.59 27.92 43.98 0 0.386851 1304.21 623.68 36.94 52.99 0 0.358257 676.31 343.14 10.65 13.03 2 0.332737 256.51 556.70 19.92 23.88 2 0.327973 721.21 324.44 11.49 15.09 2 0.283279 825.28 348.86 10.26 15.80 2 0.270924 809.78 328.74 10.50 17.07 2
5,0.757288 1085.72 532.08 26.90 45.24 0 0.614842 1125.29 243.89 20.59 30.41 0 0.555211 836.60 195.64 39.74 24.45 0 0.553125 573.20 647.12 59.54 33.89 0 0.544871 1117.45 282.93 21.73 30.55 0 0.532819 1129.14 190.26 21.97 30.79 0 0.508267 831.48 221.92 32.62 26.91 0 0.489615 1111.18 324.41 24.12 36.60 0 0.447303 870.02 38.38 33.75 19.55 0 0.422745 1255.43 392.45 69.76 42.79 1 0.345636 68.71 110.24 15.05 18.79 2 0.343158 1107.33 371.09 28.53 50.00 0 0.341912 1068.50 676.41 30.95 43.59 0 0.333534 861.59 122.40 26.40 20.08 0 0.319699 844.49 143.70 27.76 22.30 0 0.292299 581.43 650.39 54.01 35.40 0 0.287003 736.31 114.86 30.83 29.60 0 0.273547 1107.84 370.31 28.10 50.21 1 0.255504 418.92 143.73 15.03 20.28 2
6,0.649919 578.10 643.19 55.10 30.49 0 0.639204 1083.23 522.42 27.38 49.05 0 0.632166 1126.40 185.99 21.60 29.89 0 0.587130 1104.71 362.96 29.73 50.26 0 0.570062 1121.72 238.12 21.60 28.92 0 0.531901 1108.79 318.86 26.43 35.31 0 0.515132 830.45 222.54 31.81 22.98 0 0.509517 835.05 194.10 39.65 23.25 0 0.467848 1250.45 380.96 68.62 49.45 1 0.431688 869.07 30.14 33.97 19.87 0 0.425822 739.44 117.02 40.17 36.72 0 0.425072 734.42 111.80 31.34 28.70 0 0.397644 867.65 35.01 34.09 19.52 0 0.393016 1112.45 276.28 22.97 30.39 0 0.378742 569.51 637.95 49.31 29.81 0 0.366581 841.42 138.53 28.28 23.02 0 0.359124 735.42 112.95 33.94 35.57 0 0.334823 1233.75 547.82 38.65 89.36 1 0.330499 863.48 102.70 24.20 31.17 0 0.309174 1236.42 549.04 36.18 63.60 1 0.276878 484.80 128.20 14.49 13.27 2 0.274077 738.07 122.55 36.54 33.39 0 0.262330 1252.00 373.02 73.95 49.77 1 0.260315 1240.45 672.56 45.34 26.60 0 0.257161 1122.25 232.33 21.95 27.45 0
7,0.736912 758.85 931.36 37.15 63.47 3 0.713471 950.24 548.00 32.16 48.41 3 0.696545 1165.30 850.88 124.33 162.13 0 0.693458 619.11 978.25 35.56 61.12 3 0.690342 1672.53 383.14 32.88 38.86 3 0.685618 1134.30 492.13 81.31 49.59 1 0.683193 782.37 597.42 28.05 41.47 3 0.677483 802.55 912.31 31.87 64.89 3 0.676538 879.97 571.54 30.16 41.87 3 0.657041 1093.21 893.00 114.93 139.79 0 0.647806 1101.48 807.44 38.16 56.76 3 0.636972 733.52 693.24 45.05 29.91 3 0.622032 1077.84 818.85 33.04 55.70 3 0.620992 929.92 946.69 100.98 133.31 0 0.616882 839.70 906.24 31.74 61.85 3 0.613604 1048.94 533.09 30.68 33.34 3 0.611950 1625.98 393.36 30.40 35.91 3 0.610642 1137.58 477.91 71.83 61.47 1 0.607872 1320.72 808.86 135.48 141.52 0 0.607846 575.58 999.54 35.07 70.07 3 0.598954 1626.80 410.61 31.37 25.89 3 0.597344 743.11 685.55 37.21 34.41 3 0.590233 882.69 564.03 31.61 45.13 3 0.590152 1144.78 790.16 36.19 57.24 3 0.587160 1317.66 798.95 120.90 124.82 0 0.581794 873.55 891.18 33.32 67.20 3 0.577334 1192.69 772.99 40.43 61.71 3 0.569283 1600.74 403.65 43.04 34.76 3 0.568598 1168.78 780.59 33.37 51.00 3 0.568386 1217.71 763.52 36.21 55.28 3 0.560310 1162.84 684.39 44.19 35.80 3 0.560250 142.13 833.83 202.74 92.56 0 0.552082 1526.10 510.02 38.24 38.98 3 0.552015 1027.50 540.82 30.06 34.09 3 0.549830 915.23 558.68 27.69 45.83 3 0.545653 1678.62 374.82 32.78 44.50 3 0.542838 693.84 950.47 34.82 61.42 3 0.539771 1164.01 783.81 35.29 57.97 3 0.524644 1248.24 755.39 37.41 56.77 3 0.524022 693.06 650.80 40.35 43.14 3 0.516300 570.75 993.33 35.92 67.45 3 0.512360 1040.90 828.83 40.97 59.21 3 0.511658 1717.75 367.71 38.07 42.27 3 0.507821 1000.37 544.93 32.43 37.51 3 0.505060 1143.64 599.55 35.34 36.13 3 0.499169 759.23 603.07 27.45 39.40 3 0.494446 589.13 662.47 56.75 34.71 3 0.494437 973.82 670.29 27.59 33.37 3 0.489515 1003.37 537.71 31.55 39.46 3 0.489115 1531.54 412.36 32.63 35.81 3 0.479582 936.56 550.54 31.94 48.03 3 0.475265 661.17 972.82 31.81 64.57 3 0.474166 1597.59 391.52 39.11 38.72 3 0.464728 832.75 973.38 81.16 106.62 0 0.464128 1367.19 371.12 49.01 41.41 0 0.463615 1037.10 824.76 36.78 58.67 3 0.456086 1424.23 772.29 132.30 125.50 0 0.447238 1159.37 690.20 45.49 36.23 3 0.436617 1714.60 373.03 37.15 40.21 3 0.425180 1111.28 804.02 33.71 57.07 3 0.424413 1152.16 783.87 32.79 50.46 3 0.422807 868.30 573.56 32.01 45.67 3 0.417938 832.29 577.83 33.57 48.72 3 0.416854 1703.17 366.94 34.87 44.55 3 0.413268 1207.16 769.46 37.23 61.61 3 0.409010 1843.73 331.86 70.99 50.78 0 0.408138 736.55 604.17 29.41 39.07 3 0.406877 1155.39 586.41 26.37 38.15 3 0.403912 864.31 893.26 37.23 70.77 3 0.400281 964.94 658.46 27.87 34.17 3 0.399324 1648.04 385.73 29.87 38.46 3 0.397947 727.44 621.92 33.49 33.07 3 0.391783 1363.62 366.75 46.96 39.95 0 0.390561 1436.99 173.96 45.90 41.16 0 0.387872 718.69 627.89 35.86 37.20 3 0.381354 700.17 657.13 40.83 35.21 3 0.367326 1297.55 479.95 23.49 33.99 3 0.365284 1117.07 801.36 33.34 54.61 3 0.362611 158.30 821.04 196.23 90.26 0 0.360960 1159.98 791.92 33.25 56.55 3 0.356635 723.08 613.48 30.37 39.13 3 0.350933 964.90 665.95 30.39 36.65 3 0.350914 695.82 956.28 37.86 74.78 3 0.350842 715.81 941.76 36.22 63.57 3 0.350371 1222.92 757.91 32.67 56.32 3 0.350153 868.96 888.80 32.90 64.48 3 0.345210 990.45 541.02 32.37 42.22 3 0.344045 1033.20 494.04 26.53 28.21 3 0.333700 1082.00 808.77 34.27 55.27 3 0.329599 986.75 545.76 30.08 41.93 3 0.313497 1374.25 375.97 44.94 38.65 0 0.304901 1538.00 82.21 21.34 19.86 0 0.300496 1135.90 602.79 33.58 35.25 3 0.300017 1402.53 771.58 127.30 96.49 0 0.297872 1522.38 512.73 42.95 44.78 3 0.293546 1404.49 770.84 113.62 76.34 0 0.292535 1095.29 814.60 40.50 64.54 3 0.285609 971.11 662.55 27.65 32.81 3 0.283899 941.40 545.85 31.09 49.37 3 0.273064 705.89 947.29 42.10 69.89 3 0.265719 1461.54 61.54 35.24 23.63 0 0.261157 1587.47 402.16 50.04 34.60 3 0.258126 1481.47 64.83 32.14 23.26 0 0.258088 699.59 633.46 32.93 42.72 3 0.257422 1020.54 548.76 30.07 30.82 3 0.256325 707.21 674.28 41.81 38.01 3 0.256040 1705.46 374.41 34.78 42.24 3 0.255174 489.45 681.28 70.38 39.92 3
8,0.745270 1724.18 481.66 24.60 34.88 3 0.742795 510.40 553.75 157.64 78.13 1 0.731173 1826.80 482.36 26.75 35.06 3 0.724801 1601.40 650.77 28.22 38.16 3 0.717050 537.41 1011.71 74.07 52.21 3 0.706464 1412.43 696.55 70.14 95.53 0 0.700746 1339.30 683.41 64.17 102.20 0 0.693178 1789.24 699.49 78.41 98.77 0 0.686660 1696.56 699.07 100.91 103.98 0 0.685413 547.65 413.69 99.28 44.07 0 0.675044 581.33 673.04 26.52 43.62 3 0.672421 921.50 438.70 112.75 45.40 0 0.664608 1806.24 475.53 24.19 40.84 3 0.654831 1756.54 478.48 25.17 37.33 3 0.652103 1503.48 886.87 95.50 122.03 0 0.646526 1256.99 669.63 62.59 97.95 0 0.645157 797.50 433.13 103.71 44.53 0 0.640934 1783.19 476.97 24.82 40.47 3 0.635887 666.63 424.24 109.68 39.30 0 0.632865 1765.60 907.90 142.68 140.01 0 0.615205 1840.90 486.85 28.82 31.98 3 0.607282 626.56 670.16 26.01 52.13 3 0.606198 1499.90 525.63 113.36 45.18 0 0.601573 1287.20 602.69 122.83 63.25 0 0.598116 1648.13 650.67 26.33 40.41 3 0.588406 1563.94 646.63 26.30 40.78 3 0.583789 1541.33 645.32 24.99 39.01 3 0.581619 1588.88 649.45 26.31 38.79 3 0.558410 1512.28 647.00 25.97 40.50 3 0.548201 771.77 913.57 63.74 38.27 3 0.524683 1629.47 479.55 23.17 30.37 3 0.522586 1492.71 469.36 27.68 32.80 3 0.519526 1031.25 898.33 44.71 36.69 3 0.514628 1724.12 654.21 30.01 36.47 3 0.504499 1452.62 467.37 33.69 32.24 3 0.504416 1020.14 892.70 46.71 40.27 3 0.494484 1633.57 650.20 24.45 38.58 3 0.487164 1573.55 842.51 61.80 46.32 3 0.484498 1447.82 469.44 32.73 30.46 3 0.475326 1359.69 855.46 24.87 39.48 2 0.472890 1867.13 654.44 32.61 45.20 3 0.456305 849.13 1015.75 40.31 44.37 3 0.447371 1841.49 461.84 27.46 30.80 3 0.443218 1864.87 486.98 29.69 34.38 3 0.440001 1671.15 650.58 27.27 40.17 3 0.439484 1654.39 477.81 22.75 33.37 3 0.435788 1506.16 468.99 25.96 31.65 3 0.428709 1444.65 847.50 28.45 40.55 2 0.423839 838.92 966.20 61.68 42.25 3 0.419519 1683.02 481.01 24.62 32.58 3 0.417260 1287.85 587.06 114.39 56.22 0 0.411206 1697.82 652.64 31.92 38.85 3 0.393918 1870.82 924.00 49.18 89.12 0 0.392430 1016.34 886.95 42.95 41.55 3 0.385693 1021.33 881.00 38.64 37.47 3 0.383900 1561.24 642.71 25.64 39.95 3 0.382462 1605.74 477.54 20.25 31.65 3 0.382244 1006.36 570.14 31.54 27.79 2 0.380235 1702.88 484.28 22.76 32.04 3 0.366056 888.05 1017.06 30.41 44.25 3 0.365638 1035.48 879.88 48.18 39.63 3 0.363107 1110.48 347.85 21.06 35.41 2 0.343914 1490.66 478.31 30.97 27.87 3 0.335243 1005.21 935.99 45.67 51.06 3 0.334028 1755.14 898.26 123.37 118.70 0 0.330582 1110.96 356.29 18.57 33.89 2 0.326637 819.35 1029.54 49.57 35.54 3 0.324437 1188.05 1035.83 28.43 44.17 3 0.320722 1118.19 1037.79 26.59 42.21 2 0.315126 1494.26 648.10 21.25 36.54 3 0.299805 1607.90 472.72 18.07 31.10 3 0.298672 1529.13 465.78 26.77 31.68 3 0.298170 1556.47 469.29 24.53 31.19 3 0.289694 544.19 1000.30 58.68 55.47 2 0.283664 1829.42 469.13 26.07 35.55 3 0.282372 1584.19 472.80 20.51 31.55 3 0.281629 826.11 1019.34 45.74 42.68 3 0.266268 1633.57 474.46 22.41 34.49 3 0.265450 445.66 402.17 32.67 29.33 3 0.253018 1141.83 887.96 25.29 43.96 3 0.251597 1809.46 918.62 110.54 103.46 0
9,0.696207 264.89 632.91 35.74 53.65 0 0.687185 180.15 1015.62 38.92 60.74 0 0.668298 397.90 857.05 40.85 57.11 0 0.664783 488.92 398.87 49.80 25.92 0 0.661181 113.79 852.08 37.31 57.53 0 0.657004 331.38 882.63 39.45 53.71 0 0.653072 66.50 813.55 33.58 47.08 0 0.645164 231.51 641.81 37.44 51.66 0 0.639704 1063.26 56.85 18.61 27.67 0 0.630929 287.96 725.17 34.32 47.11 0 0.626612 652.91 340.78 65.07 33.83 0 0.619223 304.73 893.88 36.06 51.15 0 0.617201 144.68 679.52 33.37 48.62 0 0.608769 266.31 495.02 41.67 46.50 0 0.605842 1060.45 34.96 22.09 24.12 0 0.597820 326.72 609.56 37.31 54.65 0 0.587931 256.61 735.75 35.70 46.97 0 0.583878 256.67 464.67 44.36 24.64 0 0.583485 499.33 996.77 40.89 59.92 0 0.576888 1085.13 53.51 18.34 29.11 0 0.570142 1467.87 610.45 32.74 30.28 0 0.567861 247.32 805.43 38.41 55.64 0 0.566123 733.66 936.41 72.31 46.90 0 0.563819 37.22 571.52 34.40 48.86 0 0.563607 19.20 724.91 28.99 50.73 0 0.559969 210.30 818.92 39.48 54.60 0 0.552534 1741.32 462.07 55.33 34.43 0 0.552428 94.98 799.04 38.88 50.98 0 0.546207 1220.20 82.69 38.55 20.33 0 0.545468 175.93 668.01 38.51 50.49 0 0.545150 1173.64 35.96 20.62 28.88 0 0.544675 169.07 953.44 36.45 57.12 0 0.541651 838.18 384.47 29.44 38.31 0 0.532692 137.32 624.59 32.79 45.08 0 0.530428 317.18 466.19 44.18 60.02 0 0.530148 362.09 869.78 35.87 53.50 0 0.528502 1328.80 1037.01 41.63 42.99 0 0.526659 1148.81 37.18 19.70 32.02 0 0.525909 1695.49 489.19 41.91 33.34 0 0.525406 288.15 970.38 38.94 58.61 0 0.515529 155.74 530.31 34.53 47.89 0 0.513447 1507.14 767.86 40.92 45.07 0 0.509838 350.10 696.77 39.43 51.03 0 0.509532 217.29 993.65 44.35 66.21 0 0.508484 1569.32 556.32 41.57 31.29 0 0.508310 1611.78 530.94 45.44 35.15 0 0.502728 587.84 368.58 46.14 23.12 0 0.500652 97.25 550.97 34.42 46.21 0 0.498777 1320.70 827.55 56.78 42.28 0 0.497858 1120.10 374.31 35.00 24.32 0 0.497732 821.71 888.01 71.35 48.53 1 0.497433 1043.47 579.06 30.63 36.67 0 0.496664 305.25 772.49 34.29 45.12 0 0.494506 1032.67 65.33 20.63 25.90 0 0.493115 1361.41 661.40 35.19 28.73 0 0.490242 981.57 80.04 23.62 25.07 0 0.487238 79.98 695.48 38.30 54.75 0 0.486673 369.29 866.29 35.33 54.63 0 0.485358 884.15 472.78 29.97 37.80 0 0.480319 1088.18 158.02 27.83 33.29 0 0.476748 1406.01 754.08 45.76 39.39 0 0.473202 1068.04 538.34 28.30 35.93 0 0.471322 272.78 908.36 37.29 52.12 0 0.463822 1106.95 49.32 19.35 27.11 0 0.457996 322.96 708.92 31.77 49.20 0 0.457823 261.34 461.19 47.00 28.27 0 0.456709 1558.42 564.40 39.17 30.10 0 0.456253 428.95 1030.01 41.58 49.99 0 0.452654 1045.72 502.95 30.17 32.68 0 0.452344 877.66 228.29 35.34 27.61 0 0.447285 164.04 770.66 35.25 50.26 0 0.443401 1424.24 748.87 39.98 36.81 0 0.442299 397.33 1039.44 40.91 40.56 0 0.439714 229.87 746.74 32.19 45.21 0 0.434339 343.12 879.35 39.44 51.79 0 0.430410 236.39 811.38 42.82 53.57 0 0.428751 998.97 74.75 25.13 25.73 0 0.428331 1092.17 152.39 29.28 32.64 0 0.426699 22.88 731.67 30.53 51.71 0 0.426219 1322.60 678.93 40.96 29.74 0 0.424437 1077.87 0.00 29.91 14.22 0 0.416478 818.61 130.39 20.77 25.39 0 0.405670 911.38 34.67 20.37 18.37 0 0.405245 1098.23 583.51 34.03 35.12 0 0.403306 880.08 466.62 30.19 39.64 0 0.401208 1026.98 0.00 22.62 21.19 0 0.395742 1471.20 606.88 36.97 29.04 0 0.394264 139.16 640.67 33.06 48.29 0 0.392616 364.93 746.05 47.80 66.23 0 0.378506 338.15 773.45 36.21 52.47 0 0.378269 926.45 558.80 40.75 37.63 0 0.373743 905.78 12.36 24.71 21.02 0 0.362228 1664.51 494.04 42.32 32.15 0 0.361910 215.39 1002.26 42.13 70.82 0 0.358885 75.20 650.56 24.74 36.38 0 0.357076 0.00 742.00 17.54 47.69 0 0.354182 1010.69 449.11 31.16 30.05 0 0.352162 1075.93 35.60 20.47 25.80 0 0.350621 1653.40 632.65 50.87 42.48 0 0.342877 1193.52 457.46 32.65 29.76 0 0.340111 492.96 396.42 49.86 25.27 0 0.337561 333.06 765.97 39.78 56.36 0 0.337287 1577.97 92.11 28.70 25.59 0 0.336910 503.01 1000.90 42.38 61.32 0 0.336495 315.94 708.04 34.42 48.63 0 0.331647 41.13 887.00 43.70 49.60 0 0.331413 990.93 417.96 32.24 27.23 0 0.329689 275.13 901.99 41.95 51.03 0 0.328818 1403.77 759.82 38.81 38.38 0 0.327877 917.20 539.58 45.96 43.66 0 0.324917 1397.88 766.86 32.79 32.66 0 0.321380 1194.94 29.16 20.83 24.20 0 0.317441 1062.60 537.65 33.66 28.81 0 0.315549 82.37 690.65 33.42 52.13 0 0.312057 1043.72 496.75 29.30 36.67 0 0.311026 843.50 169.62 20.25 25.52 0 0.310778 1434.14 797.55 44.16 31.80 0 0.306973 773.29 181.52 19.91 23.51 0 0.305213 1316.10 359.44 21.86 29.95 0 0.305199 859.54 384.88 28.31 36.63 0 0.304549 862.65 433.58 30.92 27.93 0 0.304145 1533.79 609.02 26.50 21.95 0 0.301671 590.05 357.35 45.43 27.84 0 0.298364 1226.67 84.27 39.47 20.61 0 0.298202 1671.11 618.34 43.99 31.84 0 0.297019 858.22 426.98 30.23 27.65 0 0.296547 1040.01 495.32 28.73 32.67 0 0.296469 1027.02 1.00 23.18 25.83 0 0.291529 1.42 945.44 32.86 24.58 0 0.290911 1316.87 353.14 20.57 32.30 0 0.290095 697.93 1024.08 19.55 19.34 2 0.289754 321.72 473.71 44.15 59.68 0 0.289669 0.00 730.42 18.79 51.39 0 0.287342 1015.31 452.51 30.83 33.30 0 0.286542 963.39 631.53 35.09 31.50 0 0.286466 974.83 0.00 28.60 18.26 0 0.285433 965.20 0.00 30.99 18.78 0 0.284734 913.10 529.82 38.71 41.67 0 0.278930 316.33 608.59 36.35 49.85 0 0.277388 286.12 404.95 37.65 26.60 0 0.276929 604.31 447.78 30.54 22.93 3 0.275543 358.61 746.62 44.66 66.98 0 0.275100 937.86 2.23 20.51 23.87 0 0.274970 958.76 610.57 34.76 29.47 0 0.274439 288.60 411.04 33.87 25.75 0 0.271447 1239.54 561.62 24.70 22.20 0 0.271430 1613.47 521.12 48.54 34.74 0 0.269755 1111.17 376.09 36.99 26.89 0 0.269232 33.04 570.06 33.95 44.84 0 0.268353 171.54 960.60 39.62 60.99 0 0.265657 1264.10 697.51 31.15 25.31 0 0.264349 1644.39 147.81 31.66 25.49 0 0.262410 221.77 638.47 36.61 43.49 0 0.260003 1563.55 127.77 30.36 27.95 0 0.257299 917.30 293.39 33.24 27.62 0 0.255932 303.15 718.57 33.75 42.54 0 0.253964 0.00 876.31 19.29 33.89 0 0.253859 1529.41 32.26 28.54 25.51 0 0.252337 349.61 703.40 41.59 61.63 0 0.250623 1.69 830.20 24.79 32.76 0
10,0.656671 1103.06 65.64 25.50 37.79 0 0.611106 720.75 375.68 12.95 17.83 2 0.604048 1074.51 46.63 27.06 39.87 0 0.508801 1006.01 0.00 27.87 39.72 0 0.416945 238.11 527.96 12.63 16.28 2 0.407124 756.32 647.60 11.05 14.76 2 0.403394 919.61 60.65 48.51 29.01 0 0.377239 794.07 679.80 14.45 20.93 2 0.371817 559.89 294.67 14.65 19.24 2 0.355555 1310.84 628.46 32.01 46.90 0 0.350921 1204.58 527.21 36.51 34.88 0 0.299962 409.18 174.27 45.47 24.58 1 0.286293 922.77 63.46 50.31 32.17 0 0.274052 1009.42 0.00 24.85 33.81 0
11,0.434494 1041.50 207.68 18.61 17.16 0 0.430728 1074.68 209.36 23.01 15.28 0 0.419489 1154.94 379.78 16.48 16.38 0 0.406259 1246.15 349.79 20.13 13.55 0 0.391918 821.40 341.82 15.31 21.48 0 0.358108 459.77 111.12 38.40 22.54 0 0.357841 999.88 661.93 25.30 20.31 1 0.354923 1279.55 397.55 15.71 18.34 0 0.335466 1173.19 405.58 22.25 19.10 0 0.333274 353.30 89.74 19.68 39.22 3 0.313129 70.13 616.71 26.90 69.81 1 0.298220 421.39 107.64 26.42 27.39 0 0.293125 886.82 363.54 14.48 18.46 0 0.289857 1209.48 349.65 12.65 17.65 0 0.276670 446.78 109.96 25.76 23.26 0 0.275466 863.31 358.16 16.48 17.03 0 0.267462 1058.30 324.73 20.63 14.10 0 0.266911 1330.71 347.23 12.55 16.97 0 0.254437 853.54 326.79 14.82 14.98 0 0.251527 1296.29 404.52 17.27 17.34 0
12,0.679024 1086.80 534.66 27.42 47.94 0 0.632751 571.22 651.32 64.33 38.62 0 0.574039 1124.28 241.66 24.71 29.94 0 0.511248 835.61 200.88 38.09 23.41 0 0.501270 870.20 39.59 32.96 19.59 0 0.488107 1256.27 394.20 67.77 42.01 1 0.487957 1124.47 248.11 23.72 30.35 0 0.476957 832.99 229.30 34.17 24.21 0 0.435535 1068.47 682.93 32.93 37.07 0 0.431686 735.83 120.55 34.08 27.32 0 0.416985 1118.48 286.50 21.71 31.47 0 0.412168 113.66 195.11 17.03 19.52 2 0.401363 1130.28 195.04 21.55 27.69 0 0.399579 66.84 110.59 15.61 19.21 2 0.391731 860.06 123.36 26.19 19.24 0 0.391342 1128.98 199.82 21.71 26.17 0 0.387823 1258.08 404.78 64.19 36.26 1 0.376178 1114.10 328.73 27.14 35.18 0 0.353000 1114.02 375.12 26.16 47.46 0 0.283832 739.47 130.23 34.67 29.56 0
13,0.650849 1103.70 65.20 27.16 40.09 0 0.608556 1075.06 48.95 27.40 37.64 0 0.507917 1008.02 2.19 26.00 37.70 0 0.397834 921.85 60.19 47.74 27.53 0 0.364401 1011.88 0.00 23.07 28.94 0 0.342381 722.59 377.48 12.33 16.63 2 0.336020 753.36 642.90 12.60 15.96 2 0.317484 264.57 557.96 17.14 21.68 2 0.297728 299.33 659.96 16.16 17.75 2 0.263617 1211.63 533.81 31.98 28.84 0
14,0.573413 321.89 170.42 14.11 18.34 2 0.388610 1256.59 69.13 27.40 36.89 0 0.309904 144.23 87.04 43.66 55.26 1 0.305679 1235.21 106.41 33.23 29.24 0 0.302019 0.00 653.30 44.92 66.70 3 0.269804 1124.52 231.72 35.23 29.50 0 0.266165 322.67 161.06 17.66 19.88 2 0.251138 1197.11 301.79 53.18 45.19 0
15,0.726470 383.24 590.87 34.80 49.78 0 0.715899 695.23 411.34 27.76 42.20 0 0.687689 522.45 709.84 30.62 53.55 0 0.682802 785.44 705.34 34.75 58.37 0 0.670267 352.52 587.67 35.06 52.41 0 0.668664 579.42 328.68 27.04 44.20 0 0.667184 669.21 409.75 29.91 41.04 0 0.666007 697.14 550.60 30.84 45.13 0 0.663270 545.64 447.97 29.52 46.30 0 0.647020 716.27 706.32 34.52 54.78 0 0.646516 494.01 705.45 31.53 53.02 0 0.638781 666.32 549.91 30.36 43.99 0 0.637207 556.34 405.20 26.80 41.67 0 0.633574 996.41 233.01 48.59 22.53 0 0.632641 1009.33 771.22 72.50 34.64 0 0.623697 1828.44 152.67 20.26 28.09 0 0.623142 281.83 480.21 33.11 40.18 0 0.620583 791.96 337.90 28.98 46.86 0 0.620237 736.78 335.47 27.11 43.37 0 0.617406 497.64 327.89 27.23 41.69 0 0.613293 549.29 540.82 33.03 46.49 0 0.611903 716.85 458.86 30.53 40.18 0 0.611710 327.38 383.53 32.74 38.87 0 0.607895 750.18 412.22 26.88 43.42 0 0.606022 570.10 596.41 35.68 52.08 0 0.604596 835.36 226.79 30.94 54.64 0 0.601156 595.91 218.23 24.84 40.67 0 0.598323 486.93 448.88 30.35 44.85 0 0.597978 686.63 706.16 32.33 53.94 0 0.596674 303.80 429.85 36.22 40.49 0 0.590430 689.29 224.20 28.98 42.06 0 0.587403 721.54 412.42 29.25 41.34 0 0.580757 357.40 705.02 34.02 56.41 0 0.579803 529.77 325.10 25.61 42.28 0 0.575619 629.50 333.42 28.90 42.07 0 0.575035 642.39 222.84 28.97 38.09 0 0.574651 659.64 456.78 28.98 46.23 0 0.574429 758.50 552.16 29.40 46.96 0 0.573733 786.31 228.12 33.58 44.21 0 0.573429 629.19 459.19 29.39 47.40 0 0.573417 528.48 404.00 23.82 38.36 0 0.572746 1488.54 514.02 33.55 41.86 0 0.567981 1485.07 466.01 28.34 37.65 0 0.566383 395.98 712.97 31.84 49.52 0 0.565238 1362.01 587.07 30.80 45.64 0 0.563369 642.11 552.82 27.72 42.08 0 0.562341 553.71 710.74 30.96 52.66 0 0.557743 1104.86 234.78 45.57 24.71 0 0.544684 363.60 292.50 32.06 39.94 0 0.543890 450.01 452.81 33.37 43.95 0 0.540263 627.35 604.18 31.96 45.90 0 0.538141 518.27 215.40 29.63 42.65 0 0.535959 1701.40 818.65 66.70 34.50 0 0.530797 529.51 400.21 27.99 40.44 0 0.529267 1686.99 131.14 19.70 28.65 0 0.526099 1784.20 822.88 45.72 29.11 0 0.523319 1163.04 244.57 52.26 24.62 0 0.519489 455.05 437.33 31.11 44.07 0 0.518602 1661.96 132.14 19.52 24.82 0 0.514459 788.31 205.39 38.46 25.92 0 0.504733 348.33 336.92 29.99 40.18 0 0.503991 1631.80 130.22 22.73 26.82 0 0.502081 741.64 460.33 29.66 48.01 0 0.500661 654.76 705.82 30.83 54.63 0 0.494518 534.84 600.04 33.15 49.39 0 0.493416 526.87 328.48 24.75 41.75 0 0.492335 387.81 249.23 30.62 37.84 0 0.491718 1658.68 964.07 65.93 59.08 0 0.487716 1603.48 128.57 25.06 25.92 0 0.487550 559.50 707.57 32.87 53.33 0 0.485067 388.98 713.92 32.07 51.81 0 0.484151 1720.51 132.79 22.76 30.55 0 0.483673 709.86 324.12 25.20 48.86 0 0.483223 1666.35 248.99 36.45 20.36 0 0.480753 1417.39 156.60 21.85 22.07 0 0.476886 741.41 470.01 28.62 44.98 0 0.476733 1852.91 152.88 20.71 26.27 0 0.467967 1711.64 818.27 67.48 32.40 0 0.467017 1432.01 220.52 30.45 32.05 0 0.466886 490.64 446.74 31.36 44.16 0 0.463893 1750.16 138.24 21.80 25.98 0 0.460330 1820.43 80.57 22.46 24.74 0 0.458505 1800.97 150.50 23.52 23.45 0 0.458200 1466.49 384.45 25.16 32.93 0 0.457128 1804.23 947.07 59.37 31.93 0 0.456572 627.01 465.34 28.83 45.36 0 0.454025 1731.74 78.44 25.68 22.19 0 0.453661 1442.75 286.27 28.49 37.51 1 0.450265 640.21 291.49 25.12 34.66 0 0.449608 1513.37 614.23 37.37 40.96 0 0.446183 224.95 588.61 34.24 44.36 0 0.446141 249.52 533.01 33.54 48.54 0 0.440994 769.50 458.53 34.91 57.68 0 0.437794 657.99 326.11 29.70 47.52 0 0.435852 1171.57 244.95 58.03 27.84 0 0.425661 1541.06 42.90 24.02 28.05 0 0.423598 609.22 409.98 27.73 39.22 0 0.421499 1501.81 567.04 33.73 38.25 0 0.418144 593.93 322.38 29.56 46.03 0 0.415706 604.71 770.81 16.61 25.40 3 0.414068 646.28 457.41 29.05 44.58 0 0.413184 1453.49 338.28 26.89 36.16 0 0.409898 1503.78 407.87 28.76 31.46 0 0.408831 1724.37 60.69 27.15 19.25 0 0.408365 1889.22 126.50 27.68 24.11 0 0.404889 1356.43 523.14 30.65 45.86 0 0.404403 1796.05 79.20 21.01 24.09 0 0.400542 656.45 333.62 28.55 43.85 0 0.400380 1358.39 544.51 29.75 40.74 0 0.398540 1678.67 74.60 22.65 24.93 0 0.395576 766.66 414.04 28.66 46.35 0 0.395439 599.39 289.93 24.09 30.08 0 0.394064 1704.17 132.40 19.84 28.08 0 0.390645 1561.69 16.71 33.23 18.52 0 0.386157 727.01 552.65 29.46 46.49 0 0.384993 615.96 409.28 27.77 38.95 0 0.383508 1651.58 959.39 67.48 56.54 0 0.382237 1676.89 546.42 33.19 36.37 0 0.382003 429.87 772.03 20.23 24.23 3 0.381224 1103.06 769.60 82.26 41.65 0 0.373127 1776.08 948.05 42.01 32.79 0 0.368525 1751.64 80.37 27.60 21.14 0 0.365431 1866.33 494.49 28.93 30.30 0 0.364297 1773.75 174.89 35.41 20.07 0 0.364145 633.40 605.78 32.09 41.66 0 0.360574 1335.34 389.79 26.66 32.64 0 0.356410 651.84 328.79 30.13 44.77 0 0.353275 1339.48 412.58 27.67 41.53 0 0.351461 1659.22 800.34 29.77 26.52 0 0.350347 1483.28 473.78 29.72 35.83 0 0.350131 1337.85 423.90 28.72 40.40 0 0.339002 1675.74 534.72 32.84 39.50 0 0.338920 1456.80 190.72 26.76 34.76 0 0.338478 1867.84 128.08 22.69 21.97 0 0.336639 1577.10 44.14 26.45 23.23 0 0.333522 1776.89 947.45 58.26 31.58 0 0.323143 1325.90 336.53 26.27 36.67 0 0.317107 448.18 118.73 24.79 34.86 0 0.315481 778.90 413.83 27.69 48.49 0 0.315459 1679.98 65.43 23.01 21.25 0 0.304510 327.96 376.35 35.14 40.01 0 0.300592 383.45 829.90 26.73 18.11 3 0.294265 507.37 833.02 39.73 22.74 0 0.292922 749.32 420.62 27.89 45.63 0 0.292349 1838.44 78.50 24.23 25.46 0 0.291564 551.24 219.63 27.95 41.34 0 0.288195 1460.26 377.99 26.55 34.15 0 0.285705 1407.64 115.40 25.16 26.97 0 0.284016 342.08 342.93 32.29 38.10 0 0.279765 1457.58 182.79 27.20 36.30 0 0.278972 551.56 320.44 25.14 45.92 0 0.278644 1692.98 19.06 33.27 20.63 0 0.276980 1346.37 484.34 24.86 34.10 0 0.276121 393.65 246.40 31.93 38.65 0 0.273408 579.08 770.45 18.40 25.55 3 0.270883 702.44 328.90 28.71 47.34 0 0.270302 1440.07 281.92 28.95 36.72 1 0.269311 1615.22 42.04 25.33 20.26 0 0.263953 488.55 705.37 31.34 54.38 0 0.263729 244.47 540.10 34.11 45.93 0 0.258834 717.56 426.21 28.75 37.59 0 0.256411 1539.87 50.29 25.29 25.87 0 0.254966 631.22 771.41 19.74 24.96 3 0.253500 408.61 770.50 21.06 26.67 3 0.252212 1901.83 227.59 15.91 26.73 0
16,0.637653 107.33 10.28 48.79 38.70 0 0.633728 50.39 212.77 57.57 44.46 0 0.630382 72.20 243.85 69.75 58.23 0 0.620314 310.48 76.72 55.79 41.61 0 0.600826 252.71 7.06 45.49 42.36 0 0.600473 1293.88 664.31 48.81 32.25 0 0.589526 180.66 188.85 53.72 47.63 0 0.587236 1405.65 815.93 47.04 32.15 0 0.584071 62.53 43.28 55.50 45.09 0 0.582083 151.04 150.98 49.20 39.64 0 0.579700 425.65 884.44 52.53 46.61 0 0.574339 484.25 209.95 51.79 49.75 0 0.572993 1164.75 444.49 42.89 40.69 0 0.571050 1333.52 721.56 48.53 32.24 0 0.563832 1405.83 575.95 46.73 42.68 0 0.562029 1023.17 385.95 42.67 44.06 0 0.556171 1380.35 777.51 48.06 36.32 0 0.555398 133.86 125.21 49.55 39.15 0 0.553813 102.00 74.91 47.91 41.19 0 0.550907 1461.51 625.73 53.42 45.01 0 0.550457 1443.21 542.79 45.98 49.10 0 0.544424 17.09 1.00 48.39 37.88 0 0.543457 136.56 47.99 53.76 39.53 0 0.540721 1432.87 535.24 46.98 45.13 0 0.536153 1274.86 631.78 42.31 31.59 0 0.531913 485.13 831.99 52.10 49.41 0 0.527390 1538.58 635.57 47.31 44.72 0 0.519607 1525.78 532.67 48.26 43.18 0 0.515503 1449.90 841.80 47.25 34.04 0 0.509771 1352.93 455.92 41.68 42.84 0 0.504450 1230.15 585.91 40.67 34.94 0 0.502058 1548.90 728.16 48.71 39.53 0 0.501180 600.58 335.55 44.12 43.49 0 0.500574 356.05 749.44 49.07 41.93 0 0.497811 614.47 351.72 41.02 50.40 0 0.494986 1171.66 916.02 53.48 38.16 0 0.493765 350.18 49.32 43.40 45.62 0 0.491240 476.91 840.72 52.01 45.74 0 0.491231 559.73 289.77 49.56 43.69 0 0.491033 647.31 699.22 50.63 46.85 0 0.490196 1.07 140.84 48.02 40.04 0 0.486578 960.70 437.18 49.63 38.08 0 0.485153 1307.01 407.87 41.96 38.59 0 0.484647 135.07 130.10 55.80 41.39 0 0.479968 333.30 104.66 60.44 57.64 0 0.470154 1467.95 619.34 51.02 41.29 0 0.467405 901.16 806.68 47.91 41.89 0 0.466286 1189.32 538.29 42.16 46.56 0 0.465309 1573.93 745.71 41.09 38.33 0 0.458903 47.28 204.60 57.60 42.94 0 0.458603 1390.95 492.12 44.21 45.52 0 0.455830 1497.48 597.31 43.43 44.10 0 0.455792 535.61 599.95 48.41 41.72 0 0.453931 1268.77 359.39 32.38 36.52 0 0.450074 111.80 100.25 46.40 36.26 0 0.448775 708.20 647.01 44.78 45.86 0 0.447544 140.66 142.63 52.68 40.02 0 0.446283 298.29 796.06 46.75 43.41 0 0.445478 474.34 643.27 53.18 47.85 0 0.445217 972.46 432.49 45.71 40.90 0 0.442941 214.27 0.00 43.96 19.39 0 0.439482 38.81 180.86 47.72 36.07 0 0.435759 80.96 233.53 61.67 49.03 0 0.430490 1529.66 690.32 44.12 43.78 0 0.428969 1208.37 564.01 41.29 35.03 0 0.421778 1207.23 351.91 49.41 55.33 0 0.419117 1317.22 429.61 48.19 36.15 0 0.418775 40.31 198.76 54.00 40.33 0 0.418382 591.01 1011.66 49.62 51.71 0 0.417624 10.42 283.62 59.87 52.50 0 0.416871 603.83 338.17 45.22 48.58 0 0.409066 1215.20 586.57 45.51 35.25 0 0.407724 1273.60 440.33 30.71 34.40 0 0.406146 360.02 742.34 51.39 44.30 0 0.400971 916.64 798.40 47.91 45.78 0 0.399816 411.59 701.63 48.71 41.83 0 0.399599 642.35 704.66 49.48 46.16 0 0.398555 1338.43 720.37 53.71 32.26 0 0.397656 1497.06 647.98 54.78 51.55 0 0.395290 1260.31 738.94 30.31 49.36 0 0.393390 19.03 296.41 59.60 48.70 0 0.390587 1177.27 155.31 21.92 17.81 3 0.387601 1317.04 692.54 49.10 35.77 0 0.387381 1052.21 722.12 40.17 41.56 0 0.385001 594.37 557.33 49.63 36.39 0 0.384200 1410.01 568.93 53.85 43.00 0 0.384184 0.68 268.16 41.07 37.56 0 0.382559 364.82 930.99 58.67 50.94 0 0.381624 372.27 928.57 52.23 45.57 0 0.377301 265.73 1034.74 58.48 45.26 0 0.374700 1267.30 630.41 45.65 35.77 0 0.372206 1410.86 811.97 56.15 36.76 0 0.371902 360.08 55.30 39.01 43.20 0 0.370099 912.44 806.29 52.98 45.04 0 0.369501 4.52 276.53 44.38 38.05 0 0.368479 0.00 216.67 25.47 34.17 0 0.368266 1330.48 437.35 48.83 42.31 0 0.367636 1073.91 348.78 36.84 40.62 1 0.367513 1308.37 685.27 47.41 34.89 0 0.366318 349.11 760.62 45.73 37.63 0 0.365320 112.39 6.75 49.57 38.35 0 0.365099 89.71 95.60 44.80 34.15 0 0.364492 1383.72 499.12 46.16 46.48 0 0.363699 548.78 785.36 51.07 38.28 0 0.354439 41.49 182.34 52.16 39.74 0 0.349558 539.29 791.76 52.21 41.94 0 0.347101 1528.62 638.03 54.14 46.39 0 0.345346 595.87 747.62 36.63 42.50 0 0.343995 29.60 291.60 57.35 48.26 0 0.341945 119.02 118.65 53.62 34.96 0 0.340352 1514.41 528.35 41.71 35.81 0 0.339975 1714.84 806.56 44.67 46.83 0 0.336520 89.46 73.06 55.77 37.04 0 0.335377 115.88 102.05 51.49 38.67 0 0.333935 701.34 653.39 47.01 44.84 0 0.333658 302.04 56.76 41.17 37.95 0 0.332734 37.82 278.90 57.17 47.94 0 0.327471 1486.11 496.26 41.66 36.78 0 0.325392 2.03 134.57 38.91 42.38 0 0.323761 1282.73 437.03 36.81 33.36 0 0.322522 162.51 149.23 49.26 42.11 0 0.317604 402.03 718.74 44.71 41.02 0 0.316130 1389.78 776.01 49.45 35.91 0 0.315686 978.55 426.22 40.92 43.04 0 0.312356 1064.39 422.74 44.60 41.12 0 0.311641 1104.99 709.56 29.13 27.79 0 0.311330 361.24 938.64 56.40 51.77 0 0.303178 310.88 84.22 55.89 44.52 0 0.302731 608.85 1002.48 46.35 43.39 0 0.302409 1314.43 688.60 46.73 34.54 0 0.301007 1255.16 732.28 31.73 50.43 0 0.299672 61.47 223.02 62.12 47.79 0 0.299175 1495.79 633.56 51.37 52.57 0 0.298619 0.00 170.73 34.62 34.13 0 0.296298 1490.94 655.38 45.47 48.90 0 0.296128 1253.59 611.72 43.41 37.16 0 0.294323 0.00 106.34 22.68 31.70 0 0.293162 366.52 738.87 51.68 42.64 0 0.290342 1477.51 486.27 40.28 37.95 0 0.290264 1480.55 611.88 44.41 39.90 0 0.289432 1192.36 546.08 42.36 46.70 0 0.289224 1152.11 448.52 47.13 47.38 0 0.289115 540.18 830.53 53.30 55.27 0 0.288902 0.83 257.94 34.00 38.87 0 0.288616 1702.50 792.70 43.02 39.82 0 0.288268 652.62 287.92 30.79 29.69 0 0.283067 0.00 204.32 25.09 37.95 0 0.282208 1131.18 857.09 27.51 28.23 0 0.281315 598.36 1003.88 52.18 56.53 0 0.278468 1212.72 359.84 45.33 53.02 0 0.277345 1489.60 648.48 51.39 47.59 0 0.277195 1492.60 513.60 42.14 36.31 0 0.273554 1033.40 386.11 42.63 42.49 0 0.273452 1275.42 161.03 33.23 27.82 0 0.272539 1379.38 522.53 40.59 36.18 0 0.272006 896.82 815.48 47.74 34.09 0 0.271300 1243.25 810.86 29.42 29.29 0 0.266746 1171.01 445.82 46.78 41.77 0 0.263473 1420.54 552.99 52.77 48.10 0 0.260912 408.17 707.12 49.23 43.66 0 0.259759 128.77 39.98 57.24 42.56 0 0.257711 1048.27 735.96 43.94 42.30 0 0.256264 213.74 0.00 39.78 31.50 0 0.254798 1344.87 448.24 47.71 48.41 0 0.253788 1254.50 178.91 29.78 27.63 0
17,0.616875 310.16 186.69 27.78 20.20 0 0.603807 1123.91 465.11 35.99 33.31 0 0.600541 282.42 395.02 37.83 25.67 0 0.597089 688.42 662.25 36.95 31.66 0 0.589807 403.80 149.51 25.36 22.52 0 0.579583 1145.73 431.86 37.24 29.68 0 0.571591 382.92 135.74 28.10 20.30 0 0.566268 643.60 628.81 36.67 33.46 0 0.559718 4.00 796.97 56.47 47.86 0 0.548095 413.90 110.65 22.67 18.33 0 0.546472 537.49 723.44 53.29 42.36 0 0.543296 572.25 741.73 50.88 44.83 0 0.534356 975.16 676.28 33.50 30.94 0 0.530169 112.51 705.22 51.07 39.72 0 0.527833 977.01 813.40 34.32 37.64 0 0.522002 472.71 678.71 43.52 36.93 0 0.521580 506.42 169.01 22.95 28.03 0 0.518461 956.33 897.25 44.69 29.86 0 0.509468 449.20 112.80 37.15 21.67 0 0.503038 163.13 664.58 44.50 41.21 0 0.493080 591.53 695.10 43.28 35.28 0 0.488712 955.16 899.84 50.17 33.10 0 0.486858 1191.13 366.38 33.43 28.84 0 0.486636 542.26 268.13 29.14 31.28 0 0.486439 827.94 772.57 44.13 26.85 0 0.484800 404.64 205.67 31.46 22.74 0 0.479148 532.46 721.43 52.59 39.00 0 0.464229 786.40 11.71 40.94 22.29 0 0.461038 282.76 206.43 25.72 24.12 0 0.458336 693.84 422.44 26.84 37.04 0 0.457591 265.15 436.84 31.82 22.37 0 0.457111 1075.13 539.06 35.69 31.93 0 0.452496 483.52 682.51 41.44 33.53 0 0.449592 1077.13 725.59 27.59 35.02 0 0.449489 550.03 734.65 63.64 46.27 0 0.448446 239.15 367.99 30.35 20.95 0 0.447205 1003.78 641.44 32.04 29.96 0 0.443540 652.93 633.31 36.31 33.53 0 0.442835 1063.44 556.23 27.62 32.78 0 0.440872 336.14 160.54 32.20 18.40 0 0.440710 166.32 657.01 56.06 44.89 0 0.439247 1117.74 476.21 33.23 32.39 0 0.438807 1094.57 511.13 29.86 27.48 0 0.436838 966.51 693.96 29.03 31.89 0 0.435713 976.70 802.20 35.03 41.00 0 0.435547 836.57 391.39 28.49 28.55 0 0.433597 524.34 552.00 39.33 29.10 0 0.430044 346.24 157.26 29.41 20.16 0 0.429279 1167.54 655.92 47.55 40.01 0 0.428418 476.57 525.31 29.56 24.40 0 0.425399 508.26 162.16 24.48 30.36 0 0.424422 1152.21 423.26 35.05 35.14 0 0.422842 570.59 131.32 23.67 28.53 0 0.419785 998.63 917.47 43.83 29.59 0 0.418136 625.56 157.31 24.99 25.44 0 0.417865 549.78 138.34 23.29 28.49 0 0.409985 869.05 11.04 41.01 26.27 0 0.408944 585.35 691.60 44.24 34.71 0 0.408605 913.13 31.39 33.61 25.56 0 0.407081 386.92 618.86 42.90 33.45 0 0.406067 1001.17 650.11 30.67 27.40 0 0.405961 2.22 802.52 47.78 47.68 0 0.405687 228.61 235.36 36.85 24.74 0 0.403022 1260.12 1018.31 43.60 27.25 0 0.402594 429.50 488.80 34.01 27.17 0 0.400237 382.58 615.91 43.10 31.02 0 0.395568 1223.26 316.76 31.04 38.91 0 0.395367 621.96 782.61 47.72 42.68 0 0.394630 443.18 649.77 33.74 37.01 0 0.387637 357.32 437.74 38.10 30.27 0 0.386765 497.42 77.89 35.88 22.78 0 0.383877 434.63 646.64 37.55 35.47 0 0.383747 447.59 205.40 27.06 22.30 0 0.383629 434.03 113.18 26.12 20.21 0 0.382238 420.38 226.58 34.69 22.60 0 0.380909 1149.79 683.85 50.56 36.69 0 0.377392 1018.34 79.66 31.10 22.04 0 0.376568 804.88 800.52 45.80 27.51 0 0.373625 483.12 85.81 31.02 18.36 0 0.371167 481.68 180.39 27.55 26.46 0 0.361080 787.19 825.40 42.38 25.70 0 0.360950 1171.13 396.76 32.10 24.14 0 0.357819 1080.28 693.03 34.67 37.17 0 0.354785 690.11 428.05 26.02 37.18 0 0.353989 600.12 601.32 34.05 28.33 0 0.353408 388.52 462.18 28.99 26.11 0 0.349747 1156.95 416.54 35.23 31.67 0 0.347677 447.75 86.78 29.32 16.29 0 0.347298 1009.06 79.58 34.35 23.71 0 0.345723 456.00 462.40 28.90 24.75 0 0.345463 1122.00 730.59 27.40 39.58 0 0.341928 935.99 718.08 26.25 30.44 0 0.341511 725.53 435.35 21.46 29.56 0 0.340473 390.44 619.50 43.93 39.22 0 0.336044 544.84 143.50 22.91 26.77 0 0.335299 208.52 638.94 34.79 32.46 0 0.332859 935.59 712.64 24.31 29.94 0 0.329952 1422.98 39.96 19.93 27.08 0 0.329519 428.73 207.39 29.25 25.92 0 0.329148 267.77 209.37 30.30 22.08 0 0.317342 56.63 251.75 31.87 23.68 0 0.317209 911.21 304.06 23.67 20.45 0 0.313643 1064.40 546.96 31.30 32.88 0 0.309591 564.27 577.91 40.46 29.05 0 0.303508 410.46 235.60 37.31 25.43 0 0.301843 816.50 307.98 24.96 26.79 0 0.293723 932.00 37.78 33.06 27.05 0 0.293185 763.80 526.87 38.90 29.79 0 0.291370 401.86 246.63 39.52 22.48 0 0.290915 220.20 250.18 40.63 30.63 0 0.289316 354.09 107.30 27.10 20.90 0 0.284627 333.15 128.86 27.66 18.92 0 0.280979 535.92 270.83 31.79 31.13 0 0.279393 247.97 369.79 32.26 23.38 0 0.278711 334.81 116.79 28.47 20.13 0 0.278681 731.45 689.40 36.24 31.32 0 0.277643 964.89 684.75 31.57 34.22 0 0.274713 820.84 783.20 44.42 26.09 0 0.273876 228.19 245.70 39.51 31.40 0 0.271197 261.60 430.58 29.65 24.62 0 0.268501 107.10 712.80 53.78 38.18 0 0.265912 481.78 494.22 22.86 21.52 0 0.263877 27.05 223.32 36.08 24.74 0 0.262921 1005.10 221.73 24.52 22.93 0 0.258164 1433.08 31.13 23.56 23.80 0 0.258038 935.62 778.04 28.77 35.55 0 0.257709 912.95 67.06 26.33 22.43 0 0.256196 1134.61 986.96 63.50 44.26 0 0.253143 1244.90 1001.04 45.30 31.07 0 0.252910 1136.56 990.63 69.76 48.99 0 0.252369 393.37 208.10 32.33 21.63 0 0.251031 983.74 942.72 42.56 28.91 0 0.250290 201.78 643.61 38.22 37.17 0
18,0.622859 576.31 677.96 61.62 34.24 0 0.620976 1125.24 304.37 23.73 34.31 0 0.594638 1121.83 346.79 25.81 41.74 0 0.566119 1093.52 555.96 26.52 49.25 0 0.565232 1247.64 586.31 38.91 92.90 1 0.534226 867.97 139.71 27.41 22.78 0 0.532849 841.89 215.34 41.84 25.62 0 0.521119 1261.07 413.98 73.53 50.36 1 0.503573 568.20 671.73 60.52 34.85 0 0.489721 1133.98 261.68 24.35 36.09 0 0.481707 1138.28 213.56 23.38 28.88 0 0.478245 851.48 164.22 26.05 21.44 0 0.466303 838.74 244.26 34.82 25.86 0 0.442913 878.08 50.58 36.38 22.60 0 0.399385 1119.79 395.01 28.98 50.11 0 0.345896 1252.15 586.10 37.92 68.51 1 0.340568 741.70 134.15 33.60 32.40 0 0.338600 1118.97 392.97 30.98 52.70 1 0.330909 746.59 141.06 33.08 33.51 0 0.287084 869.34 123.96 25.73 29.97 0
19,0.760688 428.88 957.85 35.48 77.77 1 0.717961 1007.99 252.52 29.71 49.31 0 0.675869 976.26 386.58 34.32 49.92 0 0.659097 1626.55 504.44 34.86 50.12 0 0.653998 819.59 404.62 27.44 50.56 0 0.648009 1078.45 385.85 30.52 49.24 0 0.642396 791.52 405.19 28.99 48.09 0 0.635878 1640.72 155.01 45.78 29.09 0 0.630469 907.96 393.31 33.22 51.09 0 0.628139 1150.22 380.32 32.89 48.09 0 0.623476 875.81 395.57 32.01 47.34 0 0.620042 1010.58 385.02 33.58 52.60 0 0.616654 1665.07 631.19 39.85 59.56 0 0.616589 940.27 388.84 31.68 52.13 0 0.613971 929.02 232.98 41.22 21.13 0 0.607034 846.12 405.41 27.58 47.93 0 0.595982 1146.75 242.18 25.28 40.38 0 0.593113 583.38 784.80 38.67 54.28 1 0.592935 599.03 940.84 34.17 65.92 0 0.591605 1551.64 461.97 31.75 51.06 0 0.587243 592.01 864.13 33.29 63.18 0 0.582720 939.23 267.55 28.09 41.29 0 0.574598 571.46 522.49 27.99 43.85 0 0.573455 1649.51 841.84 43.33 63.70 0 0.570677 1688.60 569.88 32.96 49.44 0 0.568504 808.51 245.36 43.35 23.65 0 0.559672 573.96 652.22 32.21 68.11 1 0.556562 754.89 251.81 41.81 25.33 0 0.545959 139.92 792.38 62.98 31.87 0 0.543912 692.90 374.14 44.81 31.36 0 0.542631 1559.12 285.95 34.15 43.92 0 0.538768 903.09 396.56 31.97 49.85 0 0.527115 1514.71 346.47 35.14 47.28 0 0.517763 1565.18 521.95 30.77 51.09 0 0.512974 1534.11 731.90 37.75 60.07 0 0.509103 871.73 237.38 40.09 22.16 0 0.507061 1646.84 573.52 37.90 51.75 0 0.505911 1505.84 289.71 29.02 45.11 0 0.500974 941.15 233.23 38.54 21.92 0 0.500823 1632.40 774.12 37.10 58.37 0 0.500529 1581.84 585.23 33.33 40.83 0 0.498667 579.46 732.88 31.15 59.16 1 0.492217 581.06 782.66 33.01 52.57 1 0.488220 1583.44 384.67 37.34 41.97 0 0.480529 1617.53 705.64 33.49 58.43 0 0.477765 430.21 900.96 25.21 51.15 0 0.477508 1691.93 150.44 49.37 30.39 0 0.477320 1707.47 774.20 40.92 53.53 0 0.476892 841.03 622.96 59.16 34.11 0 0.476197 1612.32 452.23 32.23 46.87 0 0.468138 1657.64 498.16 33.86 57.29 0 0.460896 1031.62 251.21 33.27 43.58 0 0.455036 7.07 814.99 63.20 33.40 0 0.452607 1754.95 149.21 48.36 27.49 0 0.452377 1116.75 385.71 27.05 48.58 0 0.447495 1118.93 243.25 25.53 40.34 0 0.444129 1532.27 413.79 32.46 37.40 0 0.443846 563.51 441.84 31.76 47.03 0 0.443269 1687.56 703.93 35.52 53.71 0 0.439354 221.20 785.08 58.43 28.74 0 0.421626 1741.45 775.11 42.02 58.27 0 0.418994 1594.73 401.62 31.19 41.87 0 0.416927 1697.48 149.12 53.69 29.56 0 0.412772 1682.21 570.88 33.40 50.60 0 0.412668 1701.49 770.34 41.24 52.35 0 0.411040 1051.30 254.61 34.60 40.97 0 0.396908 1606.78 308.48 30.41 43.62 0 0.394168 1148.37 922.25 39.50 21.21 0 0.393234 1090.81 245.07 28.33 40.71 0 0.393165 844.78 767.14 27.93 58.50 0 0.392526 238.55 784.32 58.06 28.87 0 0.391727 761.73 290.69 24.04 29.47 0 0.389987 585.78 790.67 36.25 61.27 1 0.384550 1590.28 389.67 34.21 46.90 0 0.384231 1601.23 637.76 35.49 52.52 0 0.374485 944.21 466.41 45.61 26.52 0 0.371721 1567.07 283.17 33.26 47.92 0 0.371593 1151.25 907.70 37.89 23.07 0 0.360484 1526.95 400.96 33.34 39.45 0 0.355087 1110.88 389.82 29.54 47.92 0 0.343383 1004.95 223.46 31.32 24.81 0 0.338506 565.33 451.53 30.21 46.25 0 0.337028 1640.58 574.64 37.77 48.30 0 0.337007 577.05 692.62 30.34 56.03 1 0.333867 580.52 710.63 28.01 53.40 1 0.331361 1678.45 699.76 39.55 55.70 0 0.330604 844.84 413.33 25.40 45.74 0 0.329053 1586.26 596.15 32.53 47.18 0 0.321448 785.95 191.68 51.48 29.01 1 0.314413 430.07 931.42 28.30 46.44 0 0.313400 678.13 285.60 36.55 35.63 0 0.312701 1052.71 212.10 35.59 26.00 0 0.311691 1082.23 154.21 21.26 20.83 3 0.311623 932.94 464.11 44.08 30.14 0 0.309539 862.11 397.93 34.54 46.55 0 0.306718 1106.68 600.86 54.95 28.30 0 0.305162 786.94 187.78 52.58 27.38 1 0.303652 1538.82 738.38 35.62 60.01 0 0.301162 943.78 386.24 32.40 48.16 0 0.298019 1506.12 302.81 30.53 40.94 0 0.296415 647.65 285.47 51.56 38.33 0 0.294913 921.19 234.20 36.12 21.42 0 0.283839 1594.86 639.28 36.36 54.48 0 0.280903 1601.39 295.30 33.37 48.31 0 0.279675 901.90 175.62 32.33 26.57 0 0.277888 821.79 411.69 23.34 48.28 0 0.274064 863.85 237.11 43.98 24.47 0 0.265092 1570.75 253.71 32.04 28.16 0 0.260667 531.87 129.66 21.23 43.73 0 0.258182 569.84 390.09 26.57 39.20 0
20,0.753817 676.21 258.49 14.44 22.03 2 0.381354 1003.91 677.60 18.84 23.36 0 0.326348 1029.80 615.34 15.88 22.03 0 0.316424 1070.27 613.82 20.87 14.56 0 0.298874 568.44 259.53 16.93 15.59 2 0.293844 991.12 589.74 15.82 18.49 0 0.289700 408.54 444.64 15.90 18.04 2 0.265187 1029.55 548.53 15.98 10.89 0 0.253190 271.77 327.33 24.25 17.46 3 0.250399 1077.21 249.20 10.86 12.58 3
21,0.427431 1129.14 154.37 21.73 20.11 0 0.357319 873.82 290.04 15.83 21.86 0 0.312695 1021.92 651.99 15.62 15.79 3 0.309118 1255.28 294.66 21.24 12.61 0 0.308622 289.52 0.00 29.67 38.55 0 0.301761 471.14 48.00 37.22 28.14 0 0.278857 1171.56 163.19 25.64 12.60 0 0.276118 1048.45 204.50 24.22 23.66 0 0.260208 1086.49 148.35 24.25 17.90 0 0.253606 1093.02 275.73 21.30 15.80 0
22,0.722627 907.42 492.17 27.44 19.04 3 0.717384 603.80 110.46 24.78 46.18 0 0.709127 817.59 408.54 26.23 45.08 0 0.690012 530.39 217.52 27.38 39.47 0 0.687595 725.74 292.23 26.69 38.18 0 0.662596 700.58 412.18 26.60 46.05 0 0.645477 694.09 32.10 25.29 38.03 0 0.641132 798.56 118.75 21.33 43.68 0 0.640053 748.53 116.10 19.10 42.10 0 0.639614 304.08 336.98 29.52 40.27 0 0.639225 789.52 190.11 26.87 46.98 0 0.632543 702.02 291.70 23.14 35.52 0 0.631159 527.78 122.25 22.61 36.66 0 0.629443 555.04 114.16 22.83 43.74 0 0.623902 782.85 291.02 24.59 41.06 0 0.622367 786.94 215.05 27.97 47.94 0 0.622253 1503.05 678.30 31.85 40.76 0 0.621766 1120.08 38.42 43.95 20.19 0 0.621536 616.75 335.51 25.16 41.07 0 0.614794 725.98 119.80 21.06 40.21 0 0.606814 615.59 417.84 26.62 41.95 0 0.604147 403.64 100.28 28.72 38.51 0 0.603106 673.99 335.30 25.90 40.89 0 0.601428 714.98 184.90 23.31 33.86 0 0.601395 649.48 34.84 23.82 33.63 0 0.599264 582.31 220.47 24.76 37.45 0 0.583213 762.77 219.41 23.33 43.41 0 0.576132 535.93 33.09 25.56 40.28 0 0.567133 446.13 331.99 29.57 42.98 0 0.563127 603.58 34.59 23.00 34.31 0 0.551997 593.55 296.27 28.59 33.29 0 0.550555 1559.35 698.75 35.00 42.58 0 0.548403 652.79 116.71 21.50 41.45 0 0.547462 434.16 426.60 29.23 43.18 0 0.544762 678.44 120.71 21.09 39.08 0 0.543739 758.86 411.15 29.53 43.51 0 0.536433 769.14 180.66 23.82 40.92 0 0.532717 974.96 33.15 42.82 22.13 0 0.531397 653.27 98.43 24.21 40.48 0 0.527732 1365.85 6.23 26.76 33.13 0 0.523807 582.64 418.27 27.11 44.42 0 0.521057 830.17 34.98 27.54 49.76 0 0.520444 1455.88 317.12 31.39 36.49 0 0.520261 1290.18 168.68 26.05 38.42 0 0.515926 420.43 331.89 29.86 44.17 0 0.510633 738.12 183.97 25.26 36.48 0 0.509507 1071.51 35.92 37.93 19.94 0 0.508455 339.09 249.03 31.70 41.49 0 0.507359 1392.70 277.55 25.48 36.34 0 0.507074 686.88 218.36 23.48 39.70 0 0.501179 557.03 417.84 26.61 44.54 0 0.500316 1620.82 1037.77 40.53 42.23 0 0.499904 1458.85 675.91 27.27 37.17 0 0.494313 1385.99 106.41 28.62 28.78 0 0.492109 1130.69 37.78 49.88 22.53 0 0.490531 504.99 219.63 26.20 39.67 0 0.489868 692.88 182.94 22.30 35.29 0 0.485413 743.12 217.06 20.59 38.58 0 0.481697 676.05 296.64 24.86 31.33 0 0.480362 1381.08 62.45 32.02 32.57 0 0.480187 1417.91 202.38 26.91 34.19 0 0.478694 1819.96 463.82 49.56 24.50 0 0.474905 581.80 183.10 28.48 32.66 0 0.459111 1436.75 278.47 30.15 33.92 0 0.446845 467.39 420.66 29.17 47.61 0 0.444284 766.83 187.91 22.93 37.75 0 0.441431 584.35 336.22 26.80 42.06 0 0.437929 756.93 291.07 28.21 41.06 0 0.435817 322.25 296.22 32.56 37.65 0 0.431971 726.21 413.34 27.13 43.93 0 0.429968 655.85 223.36 26.61 40.13 0 0.426780 790.63 34.16 26.00 38.31 0 0.423718 1350.21 98.55 23.10 27.86 0 0.418620 746.72 291.70 26.14 38.69 0 0.409061 1687.12 463.88 42.02 23.50 0 0.403418 1556.18 691.97 36.79 43.81 0 0.403075 787.63 42.62 25.71 35.28 0 0.397871 384.21 150.48 27.57 43.08 0 0.396744 560.06 191.12 22.94 31.04 0 0.395229 423.87 59.15 25.03 33.64 0 0.393067 588.10 185.00 27.99 31.07 0 0.386617 1644.93 465.57 39.48 21.40 0 0.386007 1589.15 251.86 31.41 29.49 0 0.385476 1705.05 546.23 57.08 30.98 0 0.384854 449.92 329.12 29.49 41.41 0 0.383914 787.34 18.94 28.05 23.70 0 0.379173 462.98 426.40 29.99 46.27 0 0.376387 0.00 479.46 49.30 28.57 0 0.372514 1621.73 466.49 34.36 22.31 0 0.372103 669.72 327.60 28.21 43.76 0 0.371439 49.76 448.85 45.95 37.94 0 0.368999 1317.01 308.29 27.13 32.86 0 0.365284 1607.83 635.94 25.96 23.28 0 0.364523 662.54 219.17 25.29 38.70 0 0.358232 1314.67 300.62 29.77 33.82 0 0.356188 378.13 162.42 27.78 40.10 0 0.352852 357.59 205.17 33.58 38.87 0 0.348993 1151.23 37.12 42.38 23.34 0 0.346972 1429.46 240.96 26.78 33.32 0 0.342694 1536.08 607.52 26.72 38.06 0 0.341407 54.56 452.00 44.76 39.24 0 0.339659 1310.66 259.73 28.23 38.60 0 0.335623 1367.33 20.09 28.24 33.56 0 0.333065 1396.51 5.02 21.06 32.67 0 0.332103 689.29 189.13 24.04 30.97 0 0.332042 1347.46 92.60 23.66 28.71 0 0.323943 1617.56 825.10 33.96 41.04 0 0.323646 1411.37 174.22 27.54 28.00 0 0.319729 539.81 33.13 28.78 38.40 0 0.315872 733.28 411.94 27.87 42.12 0 0.315539 1277.37 105.80 26.75 32.69 0 0.315462 1312.87 247.20 25.04 38.28 0 0.310533 1094.79 37.45 35.84 18.96 0 0.306646 1652.13 968.18 24.89 30.99 0 0.302524 307.93 327.71 34.37 38.47 0 0.301600 589.16 218.42 26.40 37.80 0 0.300280 463.49 216.95 26.14 34.13 0 0.300133 1795.85 177.66 34.40 18.18 0 0.296071 558.69 185.70 25.52 33.49 0 0.295765 1577.56 569.63 38.49 25.50 0 0.291106 1667.53 751.11 41.51 42.91 0 0.271184 1404.89 55.22 27.42 30.96 0 0.270574 1622.75 846.03 36.10 41.94 0 0.267676 1628.25 857.94 35.26 34.26 0 0.264637 1390.74 31.65 25.80 25.99 0 0.263069 1286.37 157.09 26.37 37.78 0 0.259164 639.90 192.02 24.74 28.29 0 0.258511 1727.98 535.95 50.84 29.80 0 0.257956 1592.65 253.81 31.41 30.24 0 0.253883 554.04 464.26 23.73 27.90 0 0.253871 1896.43 465.13 23.57 24.94 0
23,0.751095 233.11 882.66 34.73 59.00 0 0.720696 271.44 868.58 37.94 64.19 0 0.706358 60.02 945.26 38.91 63.97 0 0.702211 235.14 425.76 29.84 49.02 0 0.675306 237.33 1017.94 33.17 58.83 0 0.674566 387.49 768.55 32.91 51.21 0 0.667095 352.58 619.42 29.96 44.35 0 0.652864 138.03 684.41 30.74 47.31 0 0.651105 114.94 758.01 36.34 47.62 0 0.648632 344.70 400.81 35.57 46.45 0 0.645085 333.68 532.42 33.00 47.19 0 0.639763 472.02 917.54 40.82 62.97 0 0.638303 304.33 692.97 37.41 54.16 0 0.633148 180.99 436.57 34.85 47.09 0 0.630311 449.20 749.37 39.09 56.35 0 0.628376 728.44 279.56 54.29 23.98 0 0.628287 18.47 959.19 37.64 64.87 0 0.621508 307.25 988.54 37.62 68.31 0 0.614018 120.16 454.80 35.11 49.67 0 0.613983 1128.41 486.92 28.79 38.22 0 0.613606 562.84 320.97 42.64 23.93 0 0.600325 358.87 778.87 32.34 48.81 0 0.600190 335.79 850.03 37.72 60.23 0 0.599660 408.25 942.54 36.07 61.86 0 0.598111 165.09 676.73 34.86 49.53 0 0.597256 175.78 726.79 35.40 58.87 0 0.589064 304.08 534.93 34.84 47.15 0 0.578300 231.74 652.70 33.88 47.43 0 0.578177 324.64 624.42 30.30 45.10 0 0.572852 386.30 606.10 31.51 46.50 0 0.548275 720.72 279.97 52.04 23.38 0 0.544818 295.44 628.77 27.99 49.24 0 0.544157 420.09 755.61 34.63 54.06 0 0.541646 1356.20 929.95 54.28 50.30 0 0.538541 62.48 612.50 31.86 47.92 0 0.538493 156.45 580.88 34.76 50.74 0 0.532036 228.56 820.62 34.50 53.92 0 0.530469 1676.88 513.94 49.51 36.52 0 0.527347 248.79 557.95 33.99 48.79 0 0.526733 1367.82 997.02 46.24 56.23 0 0.526152 278.57 698.85 34.89 60.38 0 0.525168 392.75 375.20 42.75 57.27 0 0.512709 779.44 851.35 65.74 40.09 0 0.512583 218.91 561.69 30.87 51.30 0 0.512352 395.56 508.94 33.75 55.59 0 0.510574 1526.20 579.92 37.69 35.58 0 0.509135 1167.40 129.68 28.05 22.45 0 0.504137 270.86 1005.53 37.78 66.18 0 0.503673 1626.65 540.39 43.97 31.73 0 0.496540 662.17 295.31 47.33 23.66 0 0.494563 1383.34 638.89 30.90 25.89 0 0.494050 335.09 371.47 38.85 21.09 0 0.489146 211.63 523.17 31.99 39.72 0 0.486776 61.46 726.36 31.46 36.00 0 0.486374 1098.19 34.63 29.50 25.27 0 0.482689 68.80 795.64 33.42 31.64 0 0.480086 1453.36 724.19 51.79 30.91 0 0.471482 1816.13 456.81 50.84 34.63 0 0.468830 539.42 891.62 39.83 48.72 0 0.467669 328.39 791.48 33.12 47.55 0 0.464837 1594.76 726.53 39.40 49.67 0 0.463118 736.82 278.11 57.19 25.30 0 0.460635 1410.67 630.02 38.88 25.81 0 0.457681 1366.82 789.73 54.99 41.14 0 0.456688 1084.62 37.60 33.22 24.38 0 0.456078 439.62 925.97 38.65 63.00 0 0.446298 1321.32 59.33 29.64 17.51 0 0.444264 929.88 372.53 26.40 24.30 0 0.437599 1766.53 478.04 46.80 35.33 0 0.429080 423.65 645.04 43.34 64.94 1 0.427644 1725.76 135.58 39.20 28.73 0 0.425348 383.97 1037.63 21.71 27.80 3 0.423544 1734.62 134.45 40.23 28.08 0 0.419378 1356.46 650.48 27.66 29.13 0 0.414586 1151.73 531.01 38.31 38.51 0 0.409908 65.35 750.17 31.47 36.17 0 0.409021 347.57 369.98 37.07 20.76 0 0.406702 1361.59 786.18 55.65 37.19 0 0.404715 1163.14 342.68 36.01 22.38 0 0.404066 1555.82 742.75 39.21 42.71 0 0.403778 1077.34 403.02 29.22 30.04 0 0.402865 948.82 411.18 28.91 37.77 0 0.402656 1192.95 15.80 21.95 26.11 0 0.401971 277.14 993.51 33.23 67.91 0 0.401769 1579.90 561.75 40.28 29.47 0 0.392370 382.50 613.65 31.64 43.27 0 0.391155 67.26 767.45 36.55 43.85 0 0.390563 1101.75 446.72 30.50 35.30 0 0.387453 1145.06 26.02 22.59 24.22 0 0.386021 1224.62 354.96 17.65 23.42 0 0.382181 1557.03 732.78 40.09 49.12 0 0.379385 1057.42 370.21 33.70 28.54 0 0.378294 1825.57 455.24 50.41 32.95 0 0.376904 1157.28 343.81 35.91 21.46 0 0.375742 1386.58 318.06 22.91 35.07 0 0.375307 396.41 660.38 34.18 58.44 0 0.372992 1563.91 740.32 37.83 46.56 0 0.372518 443.73 934.46 35.92 59.67 0 0.372349 1250.21 11.67 18.78 25.50 0 0.366005 397.22 383.54 39.80 54.77 0 0.364984 558.33 324.11 40.70 24.16 0 0.360355 995.36 511.98 33.55 31.99 0 0.353158 1728.81 489.57 46.75 35.50 0 0.352114 1406.43 254.25 26.65 23.27 0 0.351043 1267.69 9.24 22.51 21.70 0 0.350637 1457.69 721.36 52.72 29.48 0 0.342811 331.15 783.90 32.73 47.35 0 0.340042 947.50 919.04 42.52 23.27 0 0.336290 148.00 535.14 31.24 37.86 0 0.329052 363.76 654.82 31.53 41.73 0 0.328472 1768.57 470.37 46.58 39.07 0 0.328090 95.87 602.72 30.73 47.97 0 0.328066 1107.32 448.40 29.80 36.63 0 0.327044 420.66 933.21 46.58 64.64 0 0.317513 1247.09 402.71 28.90 31.90 0 0.316803 951.47 178.51 37.51 28.19 0 0.315266 1036.34 328.54 31.38 30.07 1 0.315153 34.30 479.03 33.76 50.68 0 0.311999 1188.23 656.07 31.75 26.91 0 0.306358 1119.56 28.74 24.00 24.41 0 0.305429 363.58 1045.13 21.09 29.24 3 0.305367 1551.43 7.72 24.42 27.00 0 0.302866 859.94 815.52 66.92 41.50 0 0.302820 992.42 493.07 34.81 31.33 0 0.297227 1082.27 407.29 27.04 31.20 0 0.297149 456.36 750.29 39.80 57.96 0 0.293586 62.47 708.09 31.82 31.78 0 0.292169 1571.06 730.33 43.75 49.38 0 0.290106 409.17 598.59 31.46 48.56 0 0.289640 1448.24 726.80 48.50 34.96 0 0.288446 373.58 324.93 29.47 18.78 0 0.287523 983.81 494.33 34.61 28.27 0 0.283493 309.74 626.86 32.32 45.90 0 0.281799 326.87 620.04 32.90 45.69 0 0.280462 245.04 558.74 31.19 52.38 0 0.279895 1173.11 17.61 22.27 25.38 0 0.279875 975.35 465.24 27.18 26.71 0 0.278987 1351.08 929.43 55.47 40.95 0 0.277985 1303.30 60.63 27.57 16.87 0 0.276890 338.63 859.35 36.13 58.00 0 0.271204 1774.04 466.59 47.66 36.55 0 0.270388 1688.75 152.03 36.07 33.17 0 0.269483 1231.45 11.68 21.96 25.95 0 0.266960 268.10 873.95 35.86 69.17 0 0.261180 418.45 593.71 30.72 51.66 0 0.261165 535.25 887.70 40.87 44.65 0 0.257234 387.27 370.30 39.03 37.20 0 0.256842 1196.77 642.99 32.91 24.34 0 0.256474 154.05 533.93 30.39 35.83 0 0.252399 1014.37 295.65 31.53 23.68 0 0.250631 79.82 777.23 34.94 46.70 0
24,0.749934 668.86 364.93 29.24 41.59 0 0.729064 695.28 663.77 33.52 51.86 0 0.724278 498.44 666.01 33.21 55.91 0 0.704872 766.67 664.38 29.86 52.35 0 0.688497 674.53 506.68 30.36 44.23 0 0.687844 528.13 363.62 27.82 38.48 0 0.684637 666.27 664.86 30.82 51.61 0 0.682689 332.52 244.32 33.77 47.40 0 0.681163 1084.61 722.30 77.51 38.41 1 0.680533 324.13 547.11 36.23 53.46 0 0.680423 459.91 408.03 30.23 41.06 0 0.673587 520.30 406.25 32.32 45.70 0 0.670990 356.33 546.36 36.39 53.83 0 0.670431 544.85 553.26 35.16 50.85 0 0.658287 694.07 411.13 28.04 43.44 0 0.657246 644.81 505.37 30.07 42.84 0 0.657098 471.93 667.83 33.08 50.46 0 0.654595 501.26 362.92 25.28 36.89 0 0.644005 765.84 159.09 32.91 24.19 0 0.642768 642.55 364.64 27.59 40.61 0 0.641296 736.94 506.99 33.70 46.53 0 0.634273 1700.41 81.19 23.20 25.41 0 0.626116 522.96 502.73 29.88 43.58 0 0.622097 604.03 287.32 28.92 43.55 0 0.619948 549.45 281.91 31.04 44.70 0 0.617439 974.86 181.83 42.59 20.86 0 0.610972 761.61 184.64 29.53 42.99 0 0.610057 531.37 669.11 32.04 51.91 0 0.609992 1484.56 512.48 32.39 33.65 0 0.607382 618.68 506.16 30.40 42.85 0 0.606799 601.98 412.40 32.06 46.39 0 0.595904 630.64 287.37 29.40 46.61 0 0.593631 809.04 176.92 34.14 54.79 0 0.590477 1781.25 16.85 23.87 24.34 0 0.588834 990.66 722.55 67.57 31.17 0 0.585311 697.02 367.08 30.02 40.05 0 0.576487 330.35 668.80 34.24 54.52 0 0.566744 635.68 412.82 29.01 46.62 0 0.566723 355.74 197.99 32.56 43.32 0 0.563139 813.18 125.52 26.18 23.41 0 0.559410 1319.65 357.06 29.13 51.87 0 0.557087 541.25 660.79 28.53 49.94 0 0.550734 604.84 555.24 33.63 53.61 0 0.549731 412.71 75.09 23.43 34.33 0 0.549581 1464.10 407.51 27.76 40.64 0 0.549360 724.94 367.69 28.68 42.39 0 0.549209 243.08 442.02 38.54 44.43 0 0.546772 1434.79 285.88 28.19 33.50 0 0.543253 493.18 283.00 29.85 40.12 0 0.538049 1674.79 76.67 21.15 25.72 0 0.537566 984.22 181.19 41.60 22.30 0 0.537240 716.02 418.36 31.30 51.43 0 0.533612 637.03 660.81 29.68 50.17 0 0.532346 361.34 668.73 36.22 54.76 0 0.524596 766.35 293.69 26.80 46.20 0 0.524442 710.19 285.00 29.33 48.60 0 0.521616 1342.46 522.73 29.75 56.47 0 0.515714 1092.79 183.74 39.40 23.29 0 0.514709 1141.32 188.49 40.17 25.07 0 0.510551 1726.25 85.56 24.57 22.13 0 0.508083 219.04 497.21 36.97 46.42 0 0.505595 1083.26 182.50 36.14 23.71 0 0.503232 614.05 174.08 26.91 38.55 0 0.498260 624.50 413.00 31.36 45.58 0 0.497379 538.01 665.50 30.19 52.09 0 0.493896 486.58 167.64 30.07 46.97 0 0.492658 311.63 295.80 33.66 46.33 0 0.489977 467.92 279.79 35.47 40.37 0 0.489713 1390.18 58.64 19.32 25.99 0 0.487410 1655.85 481.00 28.06 40.12 0 0.485035 1334.21 463.28 32.94 43.90 0 0.479224 1625.67 185.56 42.85 24.96 0 0.475082 1444.41 327.55 26.97 34.01 0 0.474151 369.78 668.50 33.01 51.37 0 0.472455 662.98 178.38 27.03 40.55 0 0.467663 1677.57 1015.50 25.42 23.05 0 0.463587 565.86 174.03 29.16 38.64 0 0.461792 193.19 553.97 32.42 42.93 0 0.454996 1744.66 14.63 31.15 26.35 0 0.454069 464.41 286.53 32.91 38.16 0 0.450635 1804.04 19.61 25.30 23.46 0 0.448028 514.03 555.45 31.07 49.83 0 0.447442 705.78 507.55 29.65 46.58 0 0.442893 599.45 724.03 21.20 26.05 3 0.441283 263.33 384.40 40.72 46.85 0 0.436518 683.16 274.47 27.41 50.92 0 0.436504 600.27 419.97 31.41 43.20 0 0.429102 435.28 369.61 25.08 31.54 0 0.428688 679.74 282.36 29.12 48.90 0 0.415401 1657.15 12.68 24.08 23.30 0 0.415140 1761.83 887.50 62.75 32.69 0 0.405501 1763.31 763.88 42.10 24.12 0 0.403052 617.65 248.51 26.39 33.00 0 0.402558 1699.58 759.49 45.96 28.77 0 0.402078 1710.79 761.72 46.87 26.53 0 0.398982 747.04 409.57 34.90 59.82 0 0.397989 614.38 518.57 30.71 42.67 0 0.394481 584.00 367.46 28.70 37.96 0 0.394036 295.72 326.41 37.52 52.48 0 0.393199 1783.52 89.41 21.84 28.10 0 0.390813 1762.73 883.82 68.50 30.81 0 0.389952 1727.10 19.12 34.03 23.29 0 0.388328 1441.60 168.15 27.21 29.31 0 0.388178 1685.28 762.00 32.64 27.41 0 0.386171 1603.40 74.56 20.17 23.55 0 0.378214 1411.69 162.10 29.21 27.43 0 0.369337 645.84 728.99 19.39 20.63 3 0.365595 1649.07 74.67 21.72 24.94 0 0.364911 632.63 662.00 29.11 52.97 0 0.364503 1461.19 401.06 29.80 43.16 0 0.361526 1708.63 15.98 25.82 21.71 0 0.349103 608.62 177.23 28.76 37.71 0 0.346493 553.69 729.08 20.06 33.37 3 0.346447 575.38 725.91 20.70 26.75 3 0.343133 141.08 647.74 27.87 37.94 0 0.343058 1493.83 557.28 34.98 44.36 0 0.342838 630.84 417.81 30.93 46.24 0 0.335526 1392.37 39.76 16.82 19.79 0 0.330981 625.10 727.09 20.03 23.12 3 0.330600 1466.46 276.85 31.37 36.96 0 0.330323 1627.43 74.02 21.72 24.38 0 0.324930 1472.21 459.86 28.62 40.47 0 0.323187 633.65 277.29 33.71 45.33 0 0.319811 1583.52 67.71 19.05 26.52 0 0.319208 433.20 397.62 26.07 34.55 0 0.319198 1858.03 429.16 39.54 22.38 0 0.317864 559.13 249.04 27.40 27.43 0 0.316724 1423.37 233.70 29.70 30.38 0 0.313761 1843.87 91.61 25.15 25.07 0 0.310007 1455.91 370.04 29.56 29.77 0 0.309637 291.70 333.99 35.76 45.97 0 0.307887 1854.02 428.63 35.02 22.76 0 0.303220 756.50 368.10 26.33 43.60 0 0.301904 389.96 400.80 24.50 30.38 0 0.301809 1498.91 559.97 34.65 44.10 0 0.300896 1790.51 887.72 57.72 30.68 0 0.300043 1187.48 201.55 32.26 21.72 0 0.298859 1605.38 68.86 21.30 28.09 0 0.297910 1337.73 470.57 30.18 50.38 0 0.297559 531.25 356.01 28.09 39.69 0 0.297389 465.68 399.33 30.57 41.59 0 0.294890 1412.95 171.57 27.69 28.22 0 0.292685 750.29 185.50 31.05 39.85 0 0.292652 1127.76 149.54 30.41 21.40 0 0.291841 168.61 591.64 25.40 38.47 0 0.289775 697.01 413.56 27.43 49.67 0 0.288038 561.70 177.06 30.65 38.99 0 0.283943 1585.78 964.07 25.57 33.32 0 0.283802 1078.20 721.23 60.71 33.50 0 0.282564 433.90 731.16 19.72 25.32 3 0.281100 1772.89 886.63 66.85 31.65 0 0.279087 913.24 138.15 23.34 16.37 0 0.278542 1562.97 0.00 22.84 13.49 0 0.277528 162.23 597.80 27.97 38.30 0 0.277017 1143.00 192.02 40.64 26.14 0 0.274296 1424.52 239.06 27.82 30.65 0 0.272255 1473.61 276.04 28.97 35.47 0 0.270375 1399.21 96.73 17.89 28.95 0 0.267308 1659.66 940.72 41.19 26.16 0 0.267023 1631.11 182.63 41.56 25.04 0 0.266764 1437.24 164.28 28.40 30.19 0 0.266180 588.25 364.25 29.39 38.63 0 0.266090 1894.17 390.90 24.38 21.46 0 0.265079 1684.55 765.70 30.96 28.30 0 0.264744 1538.90 657.40 26.50 30.64 0 0.263727 1318.41 347.57 26.75 49.41 0 0.263542 718.95 158.45 22.57 19.17 0 0.260884 1815.86 20.86 25.82 22.29 0 0.260755 1475.29 462.22 29.49 40.65 1 0.254418 1308.92 280.12 25.56 29.81 0 0.253810 413.16 65.33 22.49 34.70 0 0.253615 1584.81 74.10 18.30 24.04 0
25,0.648878 89.96 83.70 42.35 31.16 0 0.614918 78.58 289.88 52.02 38.90 0 0.577853 393.56 0.20 41.97 26.37 0 0.562134 186.48 155.73 52.29 30.90 0 0.539122 633.72 6.71 40.92 22.67 0 0.538915 171.79 564.22 12.98 18.50 2 0.531430 47.03 302.25 55.50 36.23 0 0.504959 42.84 100.77 37.51 25.26 0 0.455240 573.79 202.07 34.27 52.66 0 0.452485 287.31 36.19 33.76 21.65 0 0.448087 0.00 111.55 34.26 27.45 0 0.438721 236.27 598.16 12.81 20.55 2 0.398102 281.93 39.17 32.55 19.74 0 0.386874 439.10 63.05 44.25 25.17 0 0.371045 1294.51 658.50 49.43 60.41 0 0.360427 264.51 606.64 16.20 18.31 2 0.360363 136.03 62.76 52.59 35.12 1 0.337783 253.29 557.25 14.35 16.65 2 0.324209 51.56 294.76 67.28 39.98 0 0.306667 0.00 443.45 22.46 45.77 0 0.292828 263.36 599.83 16.14 19.76 2
26,0.434983 115.88 341.25 29.55 44.11 0 0.424724 129.77 170.66 25.85 29.94 0 0.357105 114.63 355.37 29.16 56.19 0 0.354304 95.93 536.63 34.57 54.48 1 0.354063 1154.14 109.61 26.79 17.87 0 0.348690 118.35 314.05 28.09 33.73 0 0.347282 128.67 194.07 27.01 28.45 0 0.343181 112.49 371.86 30.68 52.15 0 0.334144 121.42 291.69 26.96 33.22 0 0.324061 896.62 478.21 13.57 15.69 2 0.323197 1296.18 24.74 20.12 15.34 0 0.322295 124.28 294.04 26.08 27.24 0 0.297676 939.72 106.46 19.63 17.99 1 0.292697 133.14 68.51 30.90 47.89 0 0.291322 111.01 440.98 28.02 32.99 0 0.284948 133.02 118.91 25.45 46.87 0 0.283567 1170.37 110.36 23.21 16.46 0 0.279064 126.28 264.77 25.35 28.03 0 0.271954 114.57 346.67 30.48 54.26 0 0.266148 135.43 77.48 28.03 49.01 0 0.254502 120.82 339.06 26.55 42.72 0
27,0.696740 613.73 754.56 44.88 61.68 1 0.639125 955.61 189.95 31.78 42.20 0 0.629760 275.83 222.83 48.35 33.43 0 0.601929 211.03 344.43 55.84 38.90 0 0.592329 325.15 390.96 64.41 39.48 0 0.550372 853.01 541.18 42.46 30.53 0 0.550344 38.68 1018.47 68.05 38.32 0 0.549061 915.05 135.56 28.75 37.74 0 0.532663 600.13 345.57 48.24 35.95 0 0.520157 276.28 364.31 43.07 34.88 0 0.519458 331.82 240.85 53.84 36.51 0 0.513211 944.09 412.64 43.68 26.02 0 0.510013 957.25 318.69 22.74 34.00 0 0.495934 0.58 106.68 42.66 30.46 0 0.490514 49.63 983.69 73.18 44.33 0 0.487397 519.21 466.45 50.19 37.05 0 0.470352 257.18 169.71 37.24 32.44 0 0.467263 843.62 311.09 28.30 29.64 0 0.465872 562.44 383.97 46.87 28.87 0 0.462856 461.81 438.56 53.58 41.29 0 0.459683 545.16 328.39 47.40 32.04 0 0.458212 863.50 250.35 29.98 32.82 0 0.452161 404.89 416.17 53.99 40.24 0 0.449649 233.35 1055.58 64.93 24.42 0 0.449548 489.44 305.67 47.30 30.84 0 0.438943 943.00 76.77 24.69 33.72 0 0.428742 963.05 28.33 23.77 33.29 0 0.428631 0.38 435.83 37.63 51.64 0 0.427987 1781.91 780.73 14.71 16.35 0 0.425513 1805.28 784.33 15.80 15.86 0 0.423985 579.85 161.94 46.13 28.79 0 0.417926 427.28 276.67 41.86 32.08 0 0.416844 1030.40 638.59 35.92 29.94 0 0.415779 211.58 194.28 38.73 29.39 0 0.412992 582.66 848.06 38.23 56.67 0 0.404921 446.62 431.95 52.94 38.99 0 0.400771 984.03 0.00 26.40 17.80 0 0.386958 5.51 428.71 43.62 52.95 0 0.382568 105.47 150.41 49.95 34.85 0 0.381636 845.33 302.49 29.30 34.20 0 0.369002 50.84 973.19 73.21 43.05 0 0.368975 934.22 416.43 44.12 26.60 0 0.367997 105.91 1002.47 78.71 47.93 0 0.366547 1030.69 266.68 49.03 31.85 0 0.363922 720.76 420.70 38.33 25.00 0 0.354974 494.02 309.58 48.54 30.43 0 0.354077 215.62 197.98 45.11 32.98 0 0.352184 964.54 284.41 23.46 32.73 0 0.352005 94.24 1041.54 76.21 38.46 0 0.348556 19.26 1044.61 70.21 35.39 0 0.348095 87.62 1051.66 70.64 28.34 0 0.346887 634.11 1.37 38.78 30.72 0 0.346847 886.15 265.55 23.29 28.70 0 0.328397 24.75 1054.44 63.20 25.56 0 0.327168 585.78 843.19 38.63 54.82 0 0.326527 437.19 283.14 42.29 30.49 0 0.325791 1162.49 555.73 37.38 29.66 0 0.325305 501.17 34.16 22.87 24.75 0 0.312371 598.86 328.19 58.04 35.88 0 0.304406 978.05 612.70 35.25 24.34 0 0.303638 389.50 266.30 43.05 28.32 0 0.301690 494.48 304.35 53.27 30.00 0 0.300928 100.77 992.69 81.11 51.20 0 0.298990 586.32 167.28 45.64 27.75 0 0.298354 844.60 366.88 27.77 25.15 0 0.293727 481.26 298.04 40.79 30.66 0 0.293090 267.11 358.40 48.48 36.10 0 0.287594 442.41 285.39 42.43 31.43 0 0.283445 930.37 0.00 30.02 13.68 0 0.282733 709.02 442.37 43.03 22.27 0 0.280336 816.98 343.97 25.46 28.19 0 0.279882 580.58 855.63 33.97 51.32 0 0.276837 1125.12 481.75 28.77 30.54 0 0.275977 234.29 162.18 40.76 28.55 0 0.275671 317.14 386.46 58.09 39.43 0 0.268226 616.18 210.94 35.42 24.28 0 0.261357 507.34 14.50 23.09 23.43 0 0.261247 411.97 424.24 63.21 40.21 0 0.258952 1072.09 21.05 23.15 28.87 0 0.258500 423.70 1058.99 56.96 21.01 0 0.257156 963.41 21.72 24.58 33.23 0 0.251524 1.32 941.23 16.30 32.70 0
28,0.396828 686.80 662.30 14.35 18.16 2 0.314112 401.61 426.42 14.43 16.30 2 0.254819 556.27 593.72 14.58 20.32 2
29,0.672016 328.73 21.40 38.24 25.88 0 0.645925 335.11 201.51 57.77 34.05 0 0.638159 451.44 144.31 64.44 30.03 0 0.614438 274.13 38.31 43.46 27.43 0 0.557754 376.38 5.87 40.13 26.09 0 0.492993 429.84 156.48 69.74 32.07 0 0.421423 423.58 0.00 44.89 17.75 0 0.365209 436.12 146.79 76.95 33.74 0 0.350547 339.80 205.88 54.45 34.65 0 0.287391 8.98 98.58 32.42 25.94 0 0.285247 1.03 100.91 29.88 26.33 0 0.280812 1061.55 613.98 12.42 16.54 0 0.275537 372.19 12.48 41.63 23.44 0 0.272101 0.20 63.89 24.41 25.96 0 0.271248 325.79 27.10 40.81 25.21 0 0.260232 906.08 545.13 13.07 19.46 0
30,0.483452 1173.17 308.06 19.44 21.81 0 0.417309 1276.77 311.41 19.11 22.54 0 0.398611 776.93 398.96 16.17 19.57 0 0.392073 1231.72 243.89 15.85 16.26 0 0.330956 1123.95 259.07 16.24 14.52 0 0.328668 1309.91 220.95 13.05 16.87 0 0.324913 1074.65 136.43 16.59 18.60 0 0.310215 593.19 359.83 17.10 14.40 0 0.308909 1293.51 273.09 15.64 23.73 0 0.300914 803.44 339.40 17.53 17.46 0 0.292408 621.98 467.88 19.68 20.42 0 0.292082 407.38 185.30 42.54 24.60 0 0.287427 606.95 391.60 14.30 16.50 0 0.286787 760.95 358.44 19.89 16.19 0 0.284869 1198.44 303.97 16.22 19.84 0 0.281438 1147.09 287.28 17.51 22.74 0 0.280620 791.94 220.03 14.26 19.89 0 0.277155 959.08 657.19 18.82 19.61 3 0.250985 1175.01 318.01 19.57 21.55 0
31,0.673854 348.12 515.01 47.10 29.84 0 0.656983 713.56 981.91 68.40 64.66 1 0.647564 52.80 884.63 44.44 52.17 0 0.605842 20.20 731.60 48.42 47.49 0 0.600893 69.30 991.76 40.43 53.24 0 0.589158 764.44 34.86 28.39 21.24 0 0.582649 812.28 204.29 34.22 21.08 0 0.581827 766.39 106.16 20.57 30.37 0 0.576868 13.63 896.33 43.06 54.68 0 0.562644 253.33 567.11 50.77 34.37 0 0.554606 808.28 13.57 31.87 21.19 0 0.550645 695.30 41.70 32.49 20.02 0 0.542332 112.17 839.38 43.99 50.73 0 0.539494 871.07 65.30 23.52 26.40 0 0.529698 609.30 486.15 39.28 36.57 0 0.527615 1226.83 631.81 28.66 32.12 0 0.524682 135.59 951.97 40.33 52.68 0 0.511214 102.73 971.85 42.66 52.15 0 0.507044 1437.68 417.05 33.38 34.86 0 0.502290 46.41 886.97 43.94 51.48 0 0.499679 241.92 575.73 51.97 34.90 0 0.498118 1161.34 963.22 41.78 36.97 0 0.498051 404.76 485.43 53.86 25.97 0 0.495858 1336.16 509.68 34.20 26.02 0 0.490736 1130.11 680.98 35.94 30.42 0 0.487376 598.67 91.32 30.35 18.99 0 0.486282 809.82 91.42 22.58 27.25 0 0.485669 1228.67 738.83 23.92 33.43 0 0.482882 1178.09 639.94 33.46 34.44 0 0.479017 652.56 468.28 35.87 32.82 0 0.476685 419.22 474.48 54.34 30.29 0 0.475339 707.79 414.87 34.32 31.40 0 0.474968 712.29 137.90 27.84 24.69 0 0.470446 1141.87 676.22 32.59 29.61 0 0.469928 666.85 554.70 40.25 38.74 0 0.469600 872.43 591.41 35.45 33.79 0 0.468300 928.01 108.93 34.82 19.82 0 0.465312 784.00 692.98 43.89 41.64 0 0.462336 163.36 982.13 56.43 83.35 1 0.458266 742.71 639.51 46.18 39.24 0 0.456791 1262.59 568.90 32.40 32.20 0 0.454554 0.09 703.32 46.06 32.32 0 0.453121 666.62 15.71 28.66 21.60 0 0.453017 716.21 606.68 36.85 35.41 0 0.449026 862.55 584.46 36.37 32.92 0 0.448991 647.99 525.77 34.13 30.32 0 0.443689 805.83 515.28 34.08 33.76 0 0.443417 381.88 66.44 26.96 27.77 0 0.443107 1229.74 733.71 27.36 34.73 0 0.441548 116.61 838.51 47.86 56.80 0 0.441122 966.10 471.76 32.81 30.41 0 0.437806 714.81 56.16 26.76 20.74 0 0.437648 838.35 554.60 36.97 32.44 0 0.437636 84.27 985.50 48.49 50.78 0 0.435778 193.85 976.81 56.96 77.05 1 0.435449 69.14 687.68 58.04 69.35 0 0.432319 647.46 64.11 29.24 20.92 0 0.423773 747.18 109.13 21.45 30.29 0 0.420226 725.58 102.80 25.11 24.09 0 0.417352 410.21 480.73 55.03 28.61 0 0.407423 642.79 523.61 33.42 30.59 0 0.399080 977.41 725.95 36.59 32.54 0 0.398981 744.13 448.79 31.53 31.71 0 0.398920 786.16 98.78 20.80 27.97 0 0.396265 669.32 432.72 29.34 28.54 0 0.395989 1.70 695.97 55.56 34.56 0 0.395511 893.50 57.27 19.23 23.55 0 0.391920 432.64 471.53 48.34 28.85 0 0.391366 27.15 896.11 46.11 56.64 0 0.391175 626.32 77.63 28.55 21.50 0 0.390419 1121.97 797.93 33.60 33.67 0 0.390016 949.74 749.68 36.54 36.01 0 0.389267 705.11 40.45 31.34 22.68 0 0.388680 1072.40 362.73 24.67 31.87 0 0.388565 388.64 77.90 27.22 30.22 0 0.386508 753.49 648.94 42.50 40.28 0 0.384255 651.77 458.61 35.44 31.15 0 0.384078 177.04 973.74 65.58 89.49 1 0.383576 908.82 628.83 37.74 31.64 0 0.382451 532.25 227.13 26.37 21.62 0 0.379883 1266.94 751.73 34.86 38.58 0 0.379621 1244.83 719.62 32.95 35.69 0 0.378715 773.67 10.34 25.78 21.21 0 0.377341 1380.66 463.22 35.06 31.73 0 0.376180 1339.86 964.48 30.14 31.46 0 0.375938 909.10 390.52 27.85 33.26 0 0.374215 1260.89 574.30 28.72 30.00 0 0.364098 658.39 14.25 26.55 23.07 0 0.362517 564.26 259.34 28.70 24.51 0 0.362322 746.96 118.69 23.72 27.25 0 0.361954 606.70 480.64 38.16 35.63 0 0.360838 917.29 106.23 36.57 21.12 0 0.356659 24.80 637.19 36.01 29.11 0 0.354051 887.73 792.04 42.89 37.58 0 0.352445 844.44 559.32 37.55 34.98 0 0.347259 617.65 312.20 36.56 34.23 0 0.346559 1192.16 6.23 32.99 24.24 0 0.343851 827.18 11.21 31.31 21.00 0 0.342262 1374.55 466.45 33.76 33.00 0 0.338198 1298.49 540.56 30.81 25.54 0 0.338006 790.22 16.51 29.58 22.52 0 0.336325 658.10 56.87 29.29 24.66 0 0.334551 1064.50 283.65 30.58 23.13 0 0.327864 1322.34 722.74 47.27 39.10 0 0.326944 680.11 559.65 33.00 36.77 0 0.326752 1031.12 182.95 28.39 19.25 0 0.326736 1767.17 123.36 36.38 29.80 0 0.326267 1182.31 636.78 34.41 34.79 0 0.323324 41.36 1014.40 37.62 53.47 0 0.320873 161.65 929.01 42.39 53.75 0 0.320271 1757.75 134.63 30.06 28.34 0 0.318758 667.49 379.12 36.66 27.06 1 0.316632 1341.48 500.65 34.76 29.04 0 0.314073 638.42 341.18 29.28 30.77 0 0.313632 1096.67 914.40 46.36 36.54 0 0.312557 974.61 479.09 35.81 31.80 0 0.307641 1815.12 88.65 26.06 21.37 0 0.305855 1141.48 827.03 28.06 33.36 0 0.305173 591.15 60.49 31.39 16.64 0 0.304243 1103.15 864.97 40.09 42.77 0 0.297525 749.09 452.73 29.78 31.04 0 0.297427 902.26 781.38 41.81 37.43 0 0.294551 693.34 139.01 32.98 26.61 0 0.293082 1048.80 965.03 41.23 41.95 0 0.292422 1093.13 697.26 28.35 27.84 0 0.287960 846.84 77.10 23.06 24.44 0 0.284851 602.28 105.61 29.19 20.16 0 0.283783 661.03 1056.67 40.38 23.33 3 0.283590 1107.47 875.43 45.61 38.13 0 0.281386 1478.99 369.08 42.28 40.28 0 0.280186 1189.13 727.40 25.15 32.07 0 0.278735 1222.23 32.49 34.12 24.77 0 0.272131 1268.27 1048.07 44.32 30.84 0 0.270823 1218.71 68.87 24.69 22.36 0 0.270797 1393.19 449.77 34.82 33.77 0 0.270120 1340.44 1058.92 42.67 21.08 0 0.269811 742.58 18.51 29.75 19.83 0 0.266362 715.11 481.55 26.38 25.93 0 0.265021 778.46 486.97 34.39 32.51 1 0.263933 172.92 922.83 41.93 48.50 0 0.263007 1409.48 438.76 35.67 29.45 0 0.260704 718.91 618.08 49.53 38.06 0 0.259903 929.99 769.95 35.87 37.18 0 0.256548 697.55 8.87 28.72 21.15 0 0.255427 892.47 787.90 44.21 38.84 0 0.252200 688.98 148.02 32.02 23.59 0
32,0.588390 449.13 174.26 32.41 29.99 0 0.578354 306.21 679.46 54.92 37.52 0 0.565609 305.87 675.76 47.49 35.73 0 0.561463 627.85 699.38 42.35 35.11 0 0.561228 811.65 78.49 32.35 23.09 0 0.552459 365.68 709.49 38.99 32.83 0 0.545218 283.18 194.55 37.69 24.56 0 0.543062 393.32 205.98 32.32 31.19 0 0.541581 25.61 799.58 49.33 41.80 0 0.532729 562.99 831.73 56.54 43.79 0 0.527869 586.99 672.33 40.06 34.81 0 0.527861 302.34 290.61 37.35 26.06 0 0.522896 68.85 444.00 32.76 28.24 0 0.517576 473.42 149.83 28.23 25.65 0 0.515839 84.62 742.39 48.86 44.74 0 0.514714 1069.20 974.58 74.80 42.59 0 0.510451 222.61 209.45 34.96 19.97 0 0.508821 448.56 303.68 35.25 30.86 0 0.503430 913.10 711.32 28.31 29.30 0 0.502297 1001.66 562.76 31.40 22.05 0 0.498870 1071.02 434.82 34.95 24.64 0 0.498754 396.21 734.08 55.17 38.52 0 0.496703 539.20 648.53 38.37 31.18 0 0.496245 1047.35 483.84 29.56 24.88 0 0.493306 908.11 84.51 33.70 22.21 0 0.493069 1052.36 468.75 33.38 25.39 0 0.491907 621.47 697.70 44.79 33.35 0 0.490889 435.75 178.69 30.25 30.69 0 0.487152 360.52 703.16 42.19 37.70 0 0.486742 803.18 36.60 35.34 22.42 0 0.483221 1075.30 978.39 83.16 48.68 0 0.482793 331.24 157.72 38.10 24.68 0 0.481758 376.92 220.73 37.62 27.99 0 0.481206 308.91 281.56 37.25 27.24 0 0.481178 510.54 788.09 50.59 46.27 0 0.480927 190.81 237.69 33.57 24.88 0 0.477287 612.62 791.21 43.68 35.16 0 0.472637 836.22 57.59 33.04 24.16 0 0.472125 681.97 727.11 40.51 31.11 0 0.469236 1079.97 421.64 34.22 30.73 0 0.466979 531.36 796.00 41.55 43.60 0 0.466141 215.16 210.89 36.90 20.36 0 0.461097 677.09 722.77 39.68 32.71 0 0.458140 1141.09 315.38 28.34 28.12 0 0.455998 939.92 662.45 32.56 24.08 0 0.452802 1027.46 727.86 23.09 35.16 0 0.447786 335.51 252.23 36.97 28.74 0 0.445469 352.35 240.74 35.54 28.71 0 0.442338 1031.60 516.49 28.50 21.49 0 0.430954 886.11 743.93 23.86 27.86 0 0.421325 310.13 156.08 27.20 20.31 0 0.412461 1213.55 997.47 43.46 27.83 0 0.412004 473.19 770.65 40.16 40.49 0 0.411085 856.78 878.42 47.84 32.75 0 0.405123 948.28 655.36 30.79 24.06 0 0.404463 1029.07 705.21 26.22 31.42 0 0.401064 569.65 664.39 38.83 30.55 0 0.399115 781.99 801.55 40.75 22.66 0 0.397602 180.38 456.93 41.18 28.78 0 0.394578 328.90 131.24 33.60 21.42 0 0.393967 1106.65 371.71 32.42 26.29 0 0.391987 934.60 723.69 22.84 32.11 0 0.391892 1245.23 136.91 23.15 15.69 0 0.390385 620.09 793.70 46.31 38.30 0 0.389658 1114.60 368.06 29.85 23.56 0 0.384618 180.50 280.29 27.80 22.46 0 0.382795 884.90 738.44 24.32 27.84 0 0.379522 928.23 689.30 31.89 26.09 0 0.377088 937.81 820.87 27.01 33.09 0 0.369231 731.80 14.11 35.46 24.21 0 0.369223 108.72 307.99 48.87 44.24 0 0.367247 490.81 622.39 43.74 31.72 0 0.364522 1009.50 546.30 32.52 23.76 0 0.362873 262.46 182.96 35.16 20.85 0 0.361926 1109.97 661.39 46.85 33.37 0 0.361566 579.46 672.16 41.72 29.28 0 0.361356 531.00 62.30 30.85 19.52 0 0.361029 398.47 578.02 38.21 27.33 0 0.360670 318.11 269.16 38.41 26.06 0 0.359154 445.34 600.13 43.57 32.97 0 0.358009 252.02 139.25 30.33 24.26 0 0.355915 501.67 785.68 54.43 44.07 0 0.354512 386.05 111.66 33.77 22.33 0 0.353214 699.03 6.90 29.73 22.45 0 0.349926 161.26 262.08 34.34 24.18 0 0.347074 445.10 308.05 34.86 32.43 0 0.337040 641.61 18.77 28.63 18.84 0 0.336726 716.54 10.16 31.46 22.11 0 0.336399 835.74 14.44 32.99 19.69 0 0.335419 93.57 737.52 47.67 44.75 0 0.333696 701.23 37.33 29.59 20.68 0 0.329523 133.63 720.97 33.12 29.70 0 0.328873 1092.71 394.62 31.66 21.10 0 0.328868 133.02 428.55 37.84 26.33 0 0.327732 866.21 796.07 25.81 30.28 0 0.326525 939.53 799.11 27.72 35.28 0 0.325912 358.15 135.94 33.70 21.99 0 0.325529 545.94 814.74 50.84 42.36 0 0.324925 409.91 739.77 45.97 36.96 0 0.324025 213.24 176.71 35.11 19.04 0 0.323989 625.37 692.23 46.08 37.64 0 0.320820 360.28 235.30 34.77 30.19 0 0.320503 820.51 516.69 25.38 19.09 0 0.319023 278.25 259.87 35.37 27.80 0 0.315339 767.26 19.61 33.18 24.53 0 0.315315 532.49 647.83 41.10 28.13 0 0.315107 765.42 27.55 34.46 23.19 0 0.314994 393.24 107.89 30.96 20.97 0 0.313606 707.40 44.42 30.89 22.82 0 0.312478 750.80 845.72 43.51 25.58 0 0.311176 80.32 749.70 47.89 41.62 0 0.310854 1021.59 540.84 27.34 19.29 0 0.310556 1136.61 627.73 44.06 30.14 0 0.310168 769.76 492.92 23.99 18.66 0 0.307769 134.82 432.98 41.66 26.49 0 0.306858 214.01 164.57 31.95 21.60 0 0.306710 884.04 112.69 34.07 24.92 0 0.306082 371.77 125.40 32.54 22.09 0 0.304707 758.34 419.50 31.21 23.25 0 0.298560 455.14 159.95 32.74 28.87 0 0.298554 490.54 781.13 59.70 48.47 0 0.298055 516.40 190.46 31.68 30.26 0 0.297729 102.07 399.97 32.27 30.92 0 0.296979 884.16 800.64 24.69 32.33 0 0.296292 705.55 558.47 32.36 26.60 0 0.296277 1240.79 1013.37 32.12 24.21 0 0.288392 915.07 720.74 22.63 30.65 0 0.285845 926.44 995.16 47.87 25.97 0 0.283013 860.99 885.41 48.66 32.60 0 0.279988 1146.96 484.22 30.76 32.24 0 0.279716 344.63 150.15 37.05 24.03 0 0.279009 271.87 189.24 35.43 24.66 0 0.278609 910.30 747.35 21.81 26.64 0 0.274306 163.54 269.09 32.43 22.52 0 0.270454 612.66 688.23 39.07 34.89 0 0.269172 1027.38 735.65 22.91 35.58 0 0.259172 985.16 897.66 39.03 34.51 0 0.258787 751.30 418.74 30.81 22.89 0 0.257154 1000.44 588.76 25.72 21.43 0 0.254637 1265.27 101.91 22.33 21.29 0
33,0.625891 1053.23 633.44 31.84 53.23 0 0.613700 576.35 607.78 56.19 32.63 0 0.597532 1070.92 486.27 26.67 47.98 0 0.596328 1107.96 159.95 23.33 29.97 0 0.567956 1094.10 290.06 25.29 36.19 0 0.547772 824.99 169.29 38.06 21.96 0 0.546006 1105.58 209.73 20.77 31.57 0 0.532102 1216.14 509.15 38.73 87.47 1 0.518823 821.13 197.54 31.88 21.54 0 0.494683 1089.28 331.46 29.89 50.18 0 0.494509 1103.60 215.02 22.82 32.86 0 0.473743 1229.20 350.13 73.93 49.81 1 0.451545 849.45 86.50 24.45 28.68 0 0.440566 569.61 604.06 54.25 29.98 0 0.421091 856.04 11.86 34.13 20.69 0 0.388165 1220.03 597.92 27.17 17.33 3 0.383549 1098.98 249.39 22.46 32.56 0 0.382161 0.00 0.00 38.57 22.66 0 0.307480 723.80 93.63 34.44 27.73 0 0.299045 855.00 17.71 34.74 19.36 0 0.285203 725.07 98.90 39.24 33.18 0 0.255280 833.27 119.54 19.53 20.00 0
34,0.489614 1240.79 165.64 30.45 42.78 0 0.423046 1121.92 318.12 38.00 32.74 0 0.408186 1199.05 392.28 56.95 43.18 0 0.352606 1243.50 162.42 29.45 39.86 0 0.331218 1228.79 168.71 39.42 55.62 0 0.330446 1226.11 181.25 38.94 44.98 0 0.318908 523.94 193.71 13.03 13.40 2 0.301933 509.21 427.60 9.81 11.98 2 0.298363 539.20 311.20 11.58 14.17 2 0.259056 593.04 145.66 11.08 14.56 2
35,0.643617 587.13 684.88 40.21 59.89 1 0.628780 418.86 61.59 57.90 32.09 0 0.607978 107.98 177.62 52.05 31.79 0 0.588931 421.95 251.41 52.76 32.10 0 0.570429 461.53 1012.74 55.97 38.10 0 0.569623 295.83 47.21 29.03 53.06 0 0.556312 570.67 777.07 34.21 54.13 0 0.535932 298.00 222.22 45.45 34.12 0 0.529555 484.54 265.68 56.92 31.58 0 0.526811 172.59 193.13 55.34 30.42 0 0.512308 75.53 322.22 53.21 37.63 0 0.511318 265.54 1031.46 60.60 34.10 0 0.504630 341.66 383.15 59.85 41.16 0 0.469987 351.13 385.39 64.31 40.70 0 0.457393 27.39 156.98 35.86 33.33 0 0.455898 234.78 206.77 53.61 32.17 0 0.447788 0.45 964.73 19.97 39.64 0 0.445203 361.20 239.54 53.63 32.05 0 0.436262 291.25 219.65 38.97 33.57 0 0.424806 202.70 358.21 59.52 34.68 0 0.424305 418.75 407.41 62.64 36.04 0 0.418126 743.34 104.41 30.43 43.31 0 0.415819 328.45 382.07 62.56 37.91 0 0.406314 734.12 154.45 34.02 57.71 0 0.402488 152.38 342.06 42.35 35.91 0 0.392790 1100.84 395.93 36.39 26.74 0 0.383000 110.26 182.17 53.70 31.23 0 0.377281 919.67 100.60 54.77 33.21 0 0.373991 357.91 233.78 50.15 30.53 0 0.365617 845.99 353.93 53.12 27.72 0 0.357999 853.32 144.49 29.66 49.80 0 0.357371 137.01 338.20 49.49 37.57 0 0.348960 294.88 375.26 50.70 35.89 0 0.336929 580.70 686.23 36.75 65.13 1 0.333974 69.79 1011.04 57.84 41.24 0 0.329643 1728.25 522.49 20.85 16.05 0 0.328254 68.77 1031.30 55.08 36.71 0 0.327239 63.56 321.72 53.47 33.86 0 0.319806 844.10 278.52 49.72 31.82 0 0.308800 39.03 159.23 46.43 33.40 0 0.302862 0.96 154.19 19.92 31.41 0 0.292635 1711.92 521.74 23.01 14.67 0 0.288192 129.26 1044.23 70.86 33.69 0 0.281527 570.95 821.87 28.25 36.65 0 0.272590 818.04 230.56 18.01 21.62 3 0.271394 69.25 1019.31 62.95 36.46 0 0.267619 934.52 21.85 57.74 33.31 0 0.255935 49.98 165.30 48.54 33.12 0 0.254051 73.72 989.05 65.77 41.80 0
36,0.765114 863.21 361.41 28.86 46.39 0 0.699501 1026.50 340.25 36.90 50.40 0 0.696406 598.95 602.73 32.13 63.28 1 0.665792 450.88 897.58 35.31 76.43 1 0.657849 1676.99 585.15 36.73 57.15 0 0.653079 891.32 356.94 29.32 46.27 0 0.648753 838.41 360.28 27.98 47.41 0 0.643757 827.42 204.38 43.92 22.61 0 0.642061 814.15 359.87 29.27 46.82 0 0.636586 1603.92 347.43 33.09 51.87 0 0.631147 1549.67 685.30 35.45 58.52 0 0.624457 621.48 887.33 32.60 63.86 0 0.622229 614.70 811.79 35.35 59.57 0 0.621989 1127.42 343.47 32.06 49.36 0 0.615996 955.27 226.81 29.64 40.13 0 0.615413 1023.74 216.67 28.83 43.41 0 0.610272 1696.41 523.05 37.16 51.22 0 0.607558 771.10 209.54 46.23 23.83 0 0.596931 959.36 344.52 34.53 49.10 0 0.590068 1104.29 200.64 32.83 45.84 0 0.586473 1167.69 334.85 32.56 43.22 0 0.583846 625.56 964.65 33.72 78.83 1 0.577214 922.96 346.21 32.67 50.20 0 0.569693 1758.82 108.57 48.87 28.90 0 0.561591 1715.60 720.84 43.12 52.22 0 0.559600 248.63 729.30 67.55 32.51 0 0.552805 1577.60 480.05 31.83 44.46 0 0.541961 670.48 243.44 60.54 36.87 0 0.539937 1093.54 341.72 29.73 49.33 0 0.532853 1015.55 181.38 43.13 24.45 0 0.532466 165.42 735.78 63.67 32.86 0 0.524867 865.13 719.53 27.02 53.47 0 0.522500 1628.68 662.99 32.74 52.62 0 0.522057 1634.78 461.47 37.98 49.53 0 0.520333 1643.10 720.79 36.01 61.13 0 0.517593 592.56 472.69 25.66 44.97 0 0.514565 603.57 662.21 30.32 58.58 1 0.514194 1654.28 527.57 35.83 51.61 0 0.513331 28.04 757.37 70.34 33.40 0 0.509149 1696.47 656.02 33.40 45.49 0 0.506942 994.50 340.99 31.52 50.34 0 0.506446 1667.87 453.67 35.62 49.07 0 0.505460 602.20 656.98 29.36 43.03 1 0.505353 452.73 848.11 29.76 54.30 0 0.502959 1622.20 410.58 38.39 48.06 0 0.496794 812.02 364.33 28.30 49.61 0 0.494285 1292.96 944.32 58.59 35.39 0 0.490369 1667.03 791.05 35.50 57.82 0 0.487721 879.85 196.01 47.17 24.46 0 0.487631 1561.21 418.52 31.47 45.66 0 0.483655 453.84 996.86 36.25 69.18 0 0.476056 604.66 678.12 31.15 54.73 1 0.473610 452.27 934.32 36.29 53.68 1 0.469537 895.03 351.54 28.90 49.14 0 0.468877 1704.07 111.16 48.67 27.64 0 0.454529 1574.17 247.17 33.53 42.50 0 0.449432 946.49 189.14 47.01 25.72 0 0.446219 775.52 247.83 25.46 32.32 0 0.443245 605.76 737.07 32.18 52.46 1 0.440405 860.83 366.59 25.38 43.88 0 0.440007 1748.88 723.51 41.67 57.89 0 0.437728 1281.95 849.62 39.65 20.78 0 0.434408 1711.64 714.92 40.48 54.58 0 0.429757 1134.56 209.57 26.55 39.43 0 0.428173 939.68 421.05 56.63 30.24 0 0.427748 1541.64 363.82 32.50 40.70 0 0.420715 1052.24 207.70 41.96 43.15 0 0.417575 1139.80 550.65 57.01 33.56 0 0.416085 1517.37 249.87 28.01 49.10 0 0.416029 277.05 729.74 67.72 31.74 0 0.411173 715.01 331.22 49.17 27.72 0 0.398617 1588.79 536.81 32.90 35.87 0 0.391738 859.69 577.68 43.47 29.33 0 0.390659 1527.63 309.45 32.29 43.12 0 0.384412 1650.84 116.21 50.25 27.81 0 0.383455 1581.28 494.86 32.05 41.53 0 0.382205 1526.47 0.00 46.97 63.46 1 0.381605 1156.74 204.21 29.92 41.24 0 0.376657 1643.11 459.85 35.36 47.22 0 0.370306 1140.94 544.31 56.19 33.22 0 0.369679 1617.50 596.64 30.22 43.98 0 0.367751 1062.31 202.67 42.03 45.90 0 0.365171 1755.90 724.36 40.69 64.26 0 0.358186 1629.03 469.97 38.19 47.75 0 0.357114 862.42 575.66 50.46 32.93 0 0.354767 1581.36 205.68 28.83 38.22 0 0.346694 910.59 346.92 35.63 50.19 0 0.342618 986.63 342.08 33.72 51.44 0 0.337530 1528.17 0.00 45.28 55.28 0 0.332088 1063.15 170.86 42.41 30.82 0 0.328986 1249.46 153.97 39.70 24.95 0 0.328487 974.12 127.18 49.00 27.42 0 0.328304 1008.94 184.63 45.53 25.70 0 0.326996 632.25 1023.76 33.84 56.05 0 0.323638 1650.31 121.15 49.48 28.03 0 0.320181 867.49 355.52 26.48 49.58 0 0.319725 1525.68 302.94 31.39 45.31 0 0.303994 1567.15 247.73 33.06 40.72 0 0.303856 1572.16 474.31 32.35 49.31 0 0.300577 1067.21 208.94 35.11 43.58 0 0.290404 228.51 663.24 38.74 25.75 0 0.287688 820.69 149.76 38.77 26.60 1 0.287337 626.55 965.37 28.53 58.39 0 0.284068 1660.50 524.56 39.02 54.44 0 0.276153 1545.80 373.10 33.34 40.77 0 0.270582 671.10 223.74 58.64 33.59 0 0.267323 919.99 134.33 25.36 26.25 0 0.266060 23.04 763.05 69.45 31.79 0 0.264289 937.94 193.38 40.54 26.20 0 0.255220 649.69 807.38 29.36 47.36 0 0.254180 1689.05 653.72 34.19 43.96 0 0.252024 587.06 393.49 28.59 44.24 1 0.251196 554.04 100.47 20.69 35.29 0
37,0.629938 170.82 0.82 49.90 28.67 0 0.531752 515.95 72.47 28.93 27.74 0 0.478427 0.00 197.64 25.85 32.43 0 0.393244 791.00 499.67 11.71 11.38 2 0.392135 63.97 613.65 23.96 20.21 0 0.381610 150.87 462.02 12.31 14.15 2 0.286997 217.76 552.08 12.89 15.16 2 0.277072 51.65 659.52 20.55 18.24 0 0.270157 67.14 596.86 26.68 18.73 0 0.258230 536.30 105.56 23.27 23.95 0 0.251993 0.00 195.37 29.58 35.56 0
38,0.729591 330.40 488.44 35.31 54.17 0 0.727014 226.25 844.22 33.93 60.45 0 0.695522 115.38 415.10 34.33 48.82 0 0.691302 469.50 884.80 39.66 52.60 0 0.690720 1395.83 990.68 47.96 57.83 0 0.683489 259.70 832.75 41.08 63.75 0 0.680922 46.80 906.98 38.17 65.53 0 0.675522 231.64 982.76 32.44 55.00 0 0.668884 53.97 574.91 29.07 47.76 0 0.668615 262.17 968.77 34.73 63.15 0 0.661897 211.09 518.69 33.86 54.23 0 0.661218 301.82 948.95 38.31 61.27 0 0.652918 166.74 684.13 37.57 56.87 0 0.645822 300.37 648.49 34.79 48.47 0 0.632871 358.57 622.83 33.77 47.63 0 0.629386 351.67 744.22 32.70 47.47 0 0.626707 401.90 907.24 36.41 54.00 0 0.625728 328.22 804.15 39.14 58.78 0 0.620673 144.13 537.20 38.05 55.34 0 0.617296 239.35 514.74 34.19 54.85 0 0.616531 382.91 729.87 34.75 52.77 0 0.612755 158.05 635.27 33.40 47.50 0 0.608309 435.15 891.43 34.17 62.48 0 0.606226 217.68 787.93 32.77 53.29 0 0.606104 447.32 712.23 39.71 55.06 0 0.593785 1696.82 481.50 48.36 35.95 0 0.592373 861.82 779.02 72.51 46.38 1 0.590651 377.44 569.28 34.18 43.64 0 0.587539 319.03 583.50 29.52 49.59 0 0.587209 21.80 437.38 35.23 52.64 0 0.576282 1575.26 704.48 40.20 49.18 0 0.574265 348.55 577.94 33.28 45.63 0 0.572847 173.48 403.51 33.26 46.38 0 0.569963 410.34 555.05 36.11 49.21 0 0.566076 229.76 386.80 32.69 48.52 0 0.562094 268.73 663.89 33.86 54.46 0 0.548037 111.41 1027.59 38.67 52.41 0 0.547519 104.72 704.85 36.02 52.27 0 0.541635 85.17 559.26 30.33 49.01 0 0.541596 298.74 489.28 32.51 53.47 0 0.540401 665.06 257.66 43.81 24.21 0 0.536034 385.07 473.86 38.45 50.52 0 0.532274 560.28 283.09 49.04 25.50 0 0.532043 417.70 720.42 31.57 50.94 0 0.530250 544.18 863.35 36.83 47.68 0 0.525687 289.67 593.87 29.65 44.45 0 0.523004 6.78 916.46 39.85 65.49 0 0.519077 725.39 244.95 51.57 23.69 0 0.517846 324.16 748.33 30.61 48.19 0 0.516860 1607.72 694.38 38.74 50.02 0 0.509739 1390.19 607.31 35.45 28.97 0 0.508625 100.28 711.45 35.77 44.34 0 0.506596 1377.58 754.02 58.31 39.84 0 0.504023 1469.70 684.85 56.43 38.82 0 0.503580 338.74 360.88 35.09 43.97 0 0.502842 425.35 605.53 40.03 66.02 0 0.500898 1132.42 452.45 33.92 34.21 0 0.497256 206.92 475.07 31.97 38.76 0 0.494991 1838.98 423.47 58.02 32.84 0 0.492357 995.86 464.95 39.67 34.40 0 0.486463 1646.57 506.25 47.05 30.09 0 0.484208 1176.70 88.60 29.15 32.70 0 0.481819 295.27 484.63 30.84 46.72 0 0.476354 394.45 334.46 41.96 64.61 0 0.476125 245.61 515.65 34.68 53.18 0 0.475991 780.55 816.13 59.95 39.84 0 0.469778 278.20 654.62 38.92 53.26 0 0.469258 419.23 555.57 32.56 47.78 0 0.467452 950.72 370.75 31.36 37.21 0 0.462391 1460.61 695.59 42.70 35.34 0 0.457559 128.73 645.99 29.29 44.13 0 0.446944 351.17 594.11 38.56 60.24 0 0.440699 1390.69 985.96 48.97 51.01 0 0.440420 1161.05 500.90 37.34 33.25 0 0.439870 54.08 730.84 31.24 32.56 0 0.439348 1363.64 615.24 32.52 29.67 0 0.438075 1427.75 591.87 42.29 26.68 0 0.437329 909.55 292.48 28.73 34.49 0 0.433799 224.47 617.90 35.36 45.07 0 0.433783 1833.60 431.32 57.27 30.27 0 0.431863 53.50 708.59 31.69 25.83 0 0.430551 1028.84 539.68 31.60 27.75 0 0.426871 1265.12 372.55 34.57 36.51 0 0.426235 1397.00 280.44 24.34 36.00 0 0.425542 357.17 1010.93 24.11 25.87 3 0.423225 1384.51 762.66 53.96 38.19 0 0.420985 1085.14 367.54 31.75 31.33 0 0.418601 388.74 618.79 34.32 54.98 0 0.417329 1003.96 484.40 35.52 31.39 0 0.410261 360.57 629.68 31.12 50.23 0 0.404780 336.87 1015.86 25.72 27.73 3 0.404325 1129.76 448.18 32.33 36.83 0 0.403389 1745.66 107.55 35.52 27.20 0 0.401296 132.22 638.05 31.07 45.49 0 0.399677 1094.97 5.15 27.55 27.32 0 0.396726 1260.82 776.25 35.27 38.39 0 0.396702 539.11 853.74 38.11 50.17 0 0.393062 932.49 339.60 30.52 27.23 0 0.391004 1416.79 226.06 31.59 21.25 0 0.387002 1075.03 7.80 27.69 26.79 0 0.386600 1158.51 494.94 36.47 34.75 0 0.384226 1182.57 0.00 21.06 18.14 0 0.377585 269.22 825.26 36.71 59.22 0 0.375530 1267.74 380.24 33.91 33.07 0 0.373211 1775.47 445.66 53.21 30.65 0 0.372076 1109.45 411.55 29.99 29.95 0 0.371544 699.00 212.93 29.66 17.39 0 0.370046 1147.89 314.02 43.42 24.79 0 0.369729 333.34 807.77 38.55 65.69 0 0.368515 1175.00 95.45 30.07 29.24 0 0.366136 54.36 745.60 29.82 30.88 0 0.364424 1745.36 466.44 47.48 31.43 0 0.362913 1203.40 0.00 21.04 14.97 0 0.360330 994.71 211.22 33.92 26.70 0 0.360255 403.84 560.76 38.53 48.99 0 0.358017 988.36 390.51 22.79 25.59 0 0.353772 1114.36 415.09 28.57 30.05 0 0.353609 749.38 242.85 47.55 25.92 0 0.351417 1682.85 325.40 35.66 18.42 0 0.351358 953.73 380.19 29.07 31.73 0 0.349954 980.74 442.12 34.47 27.20 0 0.349413 59.41 730.66 35.09 32.83 0 0.347232 1800.97 464.30 42.86 28.45 0 0.344052 1463.73 690.07 59.19 38.09 0 0.343112 220.40 612.66 33.58 48.10 0 0.340905 568.61 280.50 46.63 26.84 0 0.333459 350.13 333.40 31.79 22.49 0 0.330536 53.15 683.45 29.30 25.41 0 0.327952 995.94 418.44 29.48 32.33 0 0.326639 929.18 88.17 24.82 21.66 0 0.326195 1158.81 0.00 17.38 19.32 0 0.323550 1543.21 544.94 44.36 31.22 0 0.322842 1136.02 0.00 21.71 22.61 0 0.310129 1564.36 716.14 41.18 44.65 0 0.302734 1021.87 255.46 30.27 30.48 0 0.302718 1378.72 901.60 56.16 54.02 0 0.300023 1043.52 294.54 31.25 30.25 0 0.297641 1595.53 533.15 40.28 25.53 0 0.296820 534.15 860.27 38.51 47.66 0 0.295208 1540.70 550.82 43.48 30.71 0 0.295127 235.28 974.64 34.32 60.30 0 0.294697 1498.89 1050.62 39.72 29.38 0 0.294056 1766.33 446.16 52.66 30.92 0 0.293296 707.99 1017.55 30.96 20.49 3 0.290221 269.74 969.23 34.92 60.11 0 0.288995 1704.23 120.14 33.81 30.52 0 0.287994 1648.17 678.38 41.71 49.57 0 0.287769 145.24 494.41 26.59 38.34 0 0.286260 143.16 500.89 29.15 39.96 0 0.285635 1321.55 983.64 29.88 37.89 0 0.278360 1673.03 90.62 26.33 24.12 0 0.278053 1254.11 373.09 29.97 32.53 0 0.277893 1189.56 84.03 29.47 26.55 0 0.274654 1065.41 331.99 34.77 30.79 0 0.272332 1020.30 516.47 31.35 29.51 0 0.271285 1762.23 104.42 36.52 27.70 0 0.270117 549.65 867.48 35.67 50.53 0 0.267137 532.44 850.89 37.84 47.76 0 0.262981 1646.10 55.77 24.61 23.03 0 0.261584 1580.42 537.34 43.56 25.41 0 0.261301 420.93 714.62 37.20 52.17 0 0.259191 321.35 584.03 34.61 46.48 0 0.259160 1133.58 0.02 20.72 26.47 0 0.258955 1694.89 472.18 50.17 35.71 0 0.258769 1685.66 15.28 22.75 24.42 0 0.258678 1332.30 615.52 33.49 28.38 0 0.257196 383.56 607.46 36.77 62.04 0 0.253169 660.18 262.64 45.21 27.23 0 0.253143 189.94 509.08 32.93 40.96 0 0.252519 1824.01 435.55 51.69 28.54 0 0.252144 981.39 421.76 30.28 29.63 0 0.251546 1680.30 39.78 29.47 23.10 0 0.250245 334.72 332.36 36.86 25.17 0 0.250021 1378.67 903.99 56.15 52.01 1
39,0.788611 689.60 456.95 24.78 42.52 0 0.736448 621.46 502.62 30.55 48.15 0 0.733911 690.50 599.57 32.66 47.06 0 0.705801 376.80 765.55 38.21 53.29 0 0.693738 711.76 760.18 34.17 55.08 0 0.687261 551.36 452.46 26.08 39.91 0 0.685542 373.29 639.63 40.60 50.59 0 0.670160 546.42 762.22 36.19 54.87 0 0.667064 781.06 766.11 31.52 53.38 0 0.659303 722.17 599.97 30.26 48.85 0 0.658441 1488.21 511.50 28.34 43.87 0 0.657477 786.97 384.51 27.81 42.78 0 0.657360 645.52 759.95 32.82 54.38 0 0.654045 482.19 492.26 29.17 48.84 0 0.647575 747.98 460.01 26.82 43.02 0 0.635695 667.52 455.81 22.12 40.74 0 0.634538 786.16 270.84 27.14 42.96 0 0.634397 1724.25 173.09 21.74 26.79 0 0.628093 652.84 501.37 28.67 47.68 0 0.615570 479.21 762.89 37.43 56.54 0 0.609293 526.21 650.60 34.37 51.51 0 0.604181 213.30 641.21 34.04 45.12 0 0.597726 381.28 759.62 37.71 56.73 0 0.583543 654.09 375.48 27.59 46.36 0 0.579655 677.87 761.56 31.52 54.93 0 0.579230 661.48 596.89 30.24 43.26 0 0.573564 513.54 763.47 32.68 57.10 0 0.569073 833.76 265.15 29.60 51.69 0 0.568646 513.43 252.28 33.28 43.21 0 0.563068 1004.18 830.92 69.21 31.80 0 0.561417 735.40 505.29 30.53 52.15 0 0.555301 686.90 262.34 27.01 42.92 0 0.554620 238.57 583.01 34.32 49.29 0 0.553955 1341.82 455.90 27.37 45.11 0 0.551951 638.79 261.08 26.99 37.87 0 0.550801 572.23 368.05 31.51 41.65 0 0.546938 562.64 646.52 33.72 52.84 0 0.544294 618.42 649.98 36.26 50.32 0 0.542173 717.96 459.36 26.71 40.89 0 0.540701 493.02 364.35 30.65 42.81 0 0.537416 358.76 331.39 33.44 32.31 0 0.537378 339.64 638.93 37.77 51.47 0 0.536922 573.74 823.04 23.67 29.69 3 0.536860 1686.35 107.12 19.52 21.84 0 0.536344 1457.96 226.94 26.53 30.46 0 0.535619 1806.25 110.25 22.35 23.81 0 0.534906 542.36 589.77 33.77 47.49 0 0.534525 1363.45 635.04 29.96 50.65 0 0.532194 625.12 373.20 30.62 43.52 0 0.530869 523.19 450.97 23.53 38.97 0 0.528538 517.16 363.77 29.32 42.97 0 0.521132 701.15 380.31 28.74 43.22 0 0.519574 1754.53 177.38 20.64 24.67 0 0.518759 449.23 499.82 31.22 47.46 0 0.515589 1826.82 113.37 20.56 24.63 0 0.508807 288.14 465.63 40.55 49.39 0 0.505235 535.28 496.06 30.54 45.37 0 0.504558 1805.22 1013.20 63.39 34.56 0 0.504264 587.75 257.73 28.82 40.27 0 0.503756 555.12 648.92 36.75 51.34 0 0.500962 1520.07 668.18 40.04 45.21 0 0.497371 1420.24 185.37 22.01 29.68 0 0.497366 1358.29 577.76 31.22 48.96 0 0.497224 1164.33 281.66 40.71 22.80 0 0.495713 1698.89 169.83 20.53 26.56 0 0.493893 1507.10 620.01 32.66 34.99 0 0.492959 774.82 458.74 27.15 46.47 0 0.486722 997.47 268.14 49.23 26.00 0 0.486358 1682.82 580.24 28.39 42.62 0 0.486248 1627.20 161.94 21.31 29.55 0 0.484587 1750.31 113.55 34.37 21.31 0 0.484336 1480.69 467.79 32.74 35.58 0 0.483957 540.22 494.20 29.65 44.13 0 0.483921 454.57 826.88 22.07 29.09 3 0.483699 343.19 761.70 34.42 54.43 0 0.480301 754.16 601.47 30.18 48.97 0 0.480068 712.74 502.81 25.39 42.56 0 0.479372 1721.56 881.08 64.02 29.13 0 0.478899 383.38 277.98 32.08 40.26 0 0.478012 731.02 378.50 29.94 45.31 0 0.471153 1468.54 426.43 27.37 33.13 0 0.470920 336.73 381.36 30.99 40.74 0 0.469682 1500.64 573.14 27.81 34.57 0 0.468332 347.32 757.85 35.91 55.18 0 0.465334 268.50 525.08 32.43 46.26 0 0.463962 645.16 767.23 31.51 56.66 0 0.461604 1869.13 162.06 28.96 20.15 0 0.456557 790.23 244.46 32.44 29.64 0 0.453750 1770.74 111.04 27.76 23.81 0 0.452513 1458.17 381.62 27.31 33.40 0 0.451851 432.52 826.70 20.95 27.18 3 0.451658 1820.84 1015.84 58.98 34.17 0 0.439980 1582.53 76.58 29.70 23.63 0 0.432352 768.81 504.69 32.56 59.05 0 0.425984 1463.22 251.15 25.71 30.14 0 0.414263 1112.32 277.85 39.68 19.29 0 0.413721 1516.40 664.38 37.94 45.03 0 0.412847 381.36 285.37 32.84 36.71 0 0.411077 1734.66 109.12 28.47 23.21 0 0.409341 339.74 377.74 30.71 39.82 0 0.409206 1106.36 277.86 36.89 19.24 0 0.408002 355.66 335.60 30.76 36.08 0 0.403327 775.34 764.54 33.69 59.46 0 0.400451 704.60 1021.25 51.26 24.37 0 0.396225 1495.00 565.54 29.01 40.34 0 0.393802 1655.16 54.10 26.88 20.36 0 0.386098 317.21 421.23 35.59 41.53 0 0.385364 1845.73 116.50 20.18 22.57 0 0.385087 1794.77 888.78 57.25 30.33 0 0.384469 1607.87 160.27 19.97 29.23 0 0.384275 438.26 153.31 27.27 38.30 0 0.384002 743.32 475.79 29.72 64.98 0 0.381785 1629.52 79.08 25.97 21.25 0 0.379934 1544.34 79.12 25.65 27.30 0 0.378305 1675.91 169.05 19.84 25.40 0 0.371711 633.31 601.44 29.86 40.72 0 0.369532 492.05 758.60 42.76 57.37 0 0.359996 1414.65 151.77 21.55 26.85 0 0.358697 718.40 374.00 30.17 43.06 0 0.355340 1340.53 438.86 25.60 40.47 0 0.350659 604.11 456.90 21.96 36.54 0 0.349646 1837.13 187.92 27.28 24.55 0 0.349506 1511.39 463.01 33.03 38.10 0 0.346124 1349.94 529.33 25.52 40.41 0 0.341925 1191.01 283.59 44.57 23.59 0 0.341431 1873.82 537.27 31.80 36.18 0 0.340289 477.92 826.42 25.88 28.88 3 0.339702 638.76 599.54 30.63 41.56 0 0.339367 1161.11 282.14 33.00 19.73 0 0.335433 449.27 491.04 31.12 48.07 0 0.330883 1438.91 255.03 28.49 27.18 0 0.326347 1684.26 587.75 31.40 44.82 0 0.325678 487.71 369.73 31.63 44.78 0 0.323978 1416.61 123.98 19.67 26.00 0 0.317445 1677.57 56.14 21.08 18.62 0 0.316715 1508.45 75.29 24.44 27.15 0 0.314910 1704.30 58.69 25.58 16.21 0 0.309822 1654.37 163.70 21.45 28.23 0 0.307776 500.68 763.82 41.34 56.16 0 0.305556 714.67 484.51 25.31 48.47 0 0.299324 678.30 262.86 30.10 43.42 0 0.296970 581.91 349.13 25.94 33.25 0 0.296385 1661.44 1025.82 63.21 50.36 0 0.296225 1791.92 1014.33 61.58 34.08 0 0.295034 547.90 359.91 31.02 42.51 0 0.294683 405.07 826.50 21.68 29.58 3 0.292505 1371.46 0.00 18.53 16.95 0 0.289730 692.57 453.45 24.29 42.35 0 0.288061 1400.13 0.00 19.49 19.56 0 0.287665 444.37 152.72 26.18 39.56 0 0.281701 597.00 824.63 24.66 27.86 3 0.281532 1628.05 167.46 19.13 26.30 0 0.277016 1436.96 274.36 29.75 29.72 0 0.276419 350.44 365.17 28.20 36.22 0 0.274928 1562.47 776.38 27.46 26.00 3 0.274186 1098.88 837.01 82.00 33.00 0 0.274054 722.95 378.66 31.28 44.82 0 0.273952 640.81 327.36 26.16 32.86 0 0.273782 629.71 261.33 29.72 38.99 0 0.273737 410.55 489.37 23.37 37.81 0 0.273614 1567.93 748.61 35.63 33.88 3 0.271630 583.41 328.83 27.26 31.61 0 0.270637 1002.07 836.01 73.98 31.36 0 0.268523 642.76 595.20 33.09 41.98 0 0.265206 560.20 759.69 32.15 47.33 0 0.264348 1338.79 463.66 27.99 46.05 0 0.263077 1099.28 833.60 81.21 35.85 1 0.262752 1548.10 78.55 27.09 26.57 0 0.258852 1331.74 377.11 26.94 30.05 0 0.256071 1713.76 883.60 71.09 33.26 0 0.254055 1424.92 53.36 20.65 22.70 0 0.253750 1338.58 419.81 24.65 32.10 0 0.251045 626.04 637.87 34.89 47.02 0
40,0.767493 480.79 338.49 28.62 44.53 0 0.747329 691.66 431.43 31.90 45.14 0 0.745052 688.65 581.28 31.13 51.36 0 0.726554 379.54 475.29 35.38 50.18 0 0.696564 785.66 579.16 33.23 52.46 0 0.695134 551.28 297.63 29.99 37.07 0 0.677221 498.29 586.31 30.40 51.40 0 0.674886 772.58 124.77 25.47 41.56 0 0.667627 568.45 480.02 35.24 45.15 0 0.654851 719.65 581.10 31.41 52.91 0 0.653110 649.46 342.31 29.72 45.66 0 0.652246 620.15 344.88 30.66 44.09 0 0.650002 575.18 116.38 27.57 39.93 0 0.641258 545.60 431.55 28.36 45.53 0 0.638258 348.95 474.27 33.75 49.84 0 0.631137 520.36 296.46 28.29 37.46 0 0.628865 358.84 592.19 34.35 48.00 0 0.626805 625.57 483.37 30.26 45.08 0 0.624475 498.68 115.10 30.08 43.16 0 0.623714 623.79 117.77 26.14 37.84 0 0.623058 478.59 224.06 31.32 42.50 0 0.623002 524.77 588.84 32.76 53.14 0 0.621507 711.96 339.86 26.48 46.91 0 0.620145 665.49 430.64 30.17 41.77 0 0.617745 644.27 227.15 31.43 40.60 0 0.615417 739.49 302.34 28.79 37.69 0 0.614343 724.42 433.35 29.95 47.85 0 0.613997 697.23 220.75 29.93 46.59 0 0.611899 763.57 340.27 33.23 53.55 0 0.608060 397.40 586.44 32.43 53.95 0 0.598442 602.02 298.61 29.82 37.82 0 0.593108 685.65 298.15 27.49 41.05 0 0.592514 542.45 341.53 27.80 41.15 0 0.592018 725.20 223.92 26.02 45.25 0 0.591917 506.98 222.01 31.96 43.78 0 0.588677 354.41 190.28 29.04 38.16 0 0.588457 659.41 579.18 30.55 49.22 0 0.581064 734.77 341.88 29.64 50.88 0 0.572734 712.18 299.44 28.21 42.10 0 0.567902 1147.67 131.12 45.82 20.03 0 0.563935 1010.46 634.60 66.73 32.66 0 0.562940 1600.37 10.54 25.58 26.94 0 0.559871 769.20 297.85 27.44 44.28 0 0.556923 564.57 583.41 31.91 48.64 0 0.555983 1625.68 12.61 28.55 24.85 0 0.551054 672.86 118.52 26.63 43.31 0 0.548937 1775.63 29.58 27.98 24.37 0 0.545318 1500.75 475.08 33.61 46.18 0 0.539604 313.74 274.63 34.08 41.94 0 0.537839 662.47 296.65 28.28 41.28 0 0.535773 1351.83 37.64 21.96 32.30 0 0.535113 1549.39 937.06 40.28 49.65 0 0.534335 333.90 235.21 31.68 36.55 0 0.530346 534.32 483.35 31.13 46.73 0 0.529225 1781.34 778.41 60.82 32.60 0 0.528594 1462.02 328.34 33.45 41.46 0 0.528479 1154.44 131.52 52.90 22.47 0 0.528175 1468.61 171.49 28.33 39.37 0 0.521578 565.70 218.34 30.58 43.67 0 0.519785 1395.87 37.14 20.78 29.69 0 0.517051 755.56 433.81 27.48 47.68 0 0.516949 292.69 320.20 37.91 42.35 0 0.508288 269.28 372.67 34.25 44.03 0 0.505186 1870.40 104.19 38.20 32.46 0 0.504674 1580.71 9.12 23.93 27.40 0 0.503289 1421.83 0.12 22.74 33.37 0 0.502513 448.74 340.18 31.63 43.61 0 0.501477 1391.83 1.37 20.91 29.47 0 0.501018 310.07 281.58 36.58 37.98 0 0.500934 1695.71 17.30 24.63 26.97 0 0.500732 1610.70 950.24 45.94 67.60 0 0.500306 1762.87 665.24 48.11 28.16 0 0.492219 1325.68 294.10 27.03 42.40 0 0.490153 371.46 142.92 31.49 40.98 0 0.489738 621.41 637.60 23.26 26.47 3 0.489686 1342.16 389.65 31.73 48.92 0 0.480609 1486.00 426.03 30.98 40.34 0 0.479961 1436.55 215.07 28.38 34.21 0 0.470487 425.34 15.94 25.58 42.35 0 0.460623 639.57 433.18 28.66 40.77 0 0.459682 1698.52 953.07 25.43 15.59 3 0.448777 536.02 344.25 31.30 40.40 0 0.447524 1712.83 664.16 45.57 28.58 0 0.445887 617.20 222.44 28.98 41.10 0 0.429697 1090.14 127.93 41.43 21.17 0 0.429563 1411.19 99.98 29.79 32.26 0 0.418132 547.83 307.24 30.08 35.81 0 0.414980 1650.81 13.82 26.70 24.86 0 0.412865 555.21 589.89 33.54 51.19 0 0.409122 983.06 117.51 46.58 26.30 0 0.409024 780.32 230.12 27.25 44.39 0 0.406690 1680.94 903.14 26.68 21.80 3 0.406324 1507.55 962.83 27.53 38.40 0 0.406203 1658.99 401.52 32.54 41.40 0 0.400830 1711.72 64.98 28.37 21.41 0 0.395085 1477.55 383.84 30.06 39.18 0 0.392568 1806.69 33.76 25.01 25.13 0 0.392553 223.31 485.20 31.45 38.38 0 0.391441 1447.76 258.85 29.91 35.08 0 0.381957 1325.20 303.50 28.39 37.60 0 0.381595 1827.41 32.21 25.59 26.60 0 0.378497 1686.37 661.36 44.42 31.42 0 0.377849 773.63 227.66 29.79 46.38 0 0.375000 243.52 434.68 33.39 40.93 0 0.371667 1341.28 396.30 33.58 53.33 0 0.371185 1089.70 118.38 40.77 25.62 0 0.366485 248.40 428.06 33.82 42.90 0 0.359068 1850.15 348.75 36.36 29.20 0 0.351475 1347.77 443.24 31.73 55.55 0 0.350557 190.64 533.30 24.40 45.25 0 0.349694 567.68 294.54 28.97 39.29 0 0.344713 1310.67 213.99 25.80 37.73 0 0.343644 1321.65 271.61 27.12 31.72 0 0.342725 1679.78 15.85 24.76 26.77 0 0.342398 1724.89 19.82 23.54 25.36 0 0.341633 523.74 634.19 28.25 34.47 0 0.338605 1429.76 172.28 31.32 34.43 0 0.328328 1389.82 0.00 22.65 25.24 0 0.326045 632.04 466.11 28.59 34.31 0 0.321225 1105.40 631.44 73.18 36.54 1 0.318959 1762.96 780.86 62.00 29.48 0 0.315915 365.59 147.75 33.89 37.08 0 0.313893 1456.29 299.33 31.68 30.39 0 0.307867 773.81 103.07 30.63 30.50 0 0.307550 1437.57 105.12 32.10 35.16 0 0.301688 819.81 116.53 31.71 51.92 1 0.296847 642.94 428.65 28.45 39.86 0 0.295287 1412.98 125.59 28.06 29.46 0 0.291423 169.19 687.49 23.67 21.11 3 0.287425 569.98 195.58 30.90 39.81 0 0.285035 514.47 218.88 32.81 44.03 0 0.284708 622.66 196.74 28.49 35.98 0 0.281327 1677.58 881.08 27.19 21.31 3 0.275261 437.38 343.74 31.57 39.00 0 0.272898 1653.38 803.44 53.14 51.69 0 0.269984 1765.98 665.17 57.65 30.68 0 0.267028 1417.01 36.72 19.60 28.55 0 0.261131 410.31 336.40 26.40 34.70 0 0.260393 602.59 640.39 21.73 24.59 3 0.260218 1714.37 64.65 30.26 18.24 0 0.259352 1175.39 128.84 45.96 22.48 0 0.256285 558.45 219.20 31.24 43.99 0 0.256242 890.51 89.61 16.30 23.15 3 0.255197 654.48 582.88 31.64 52.13 0 0.254109 1878.27 104.96 35.83 32.48 0 0.250598 1496.12 471.01 34.03 47.53 0
41,0.330041 74.76 172.11 37.84 21.68 0 0.322962 1049.90 59.74 50.92 45.98 0 0.277619 198.66 204.72 16.65 21.23 2 0.259502 340.52 72.54 12.86 15.78 0
42,0.625826 578.62 678.53 60.97 34.13 0 0.596476 1125.55 304.89 23.71 33.80 0 0.579295 1123.46 347.31 24.94 38.51 0 0.538235 1093.59 556.30 26.53 49.39 0 0.528641 1134.41 262.69 24.30 35.25 0 0.521961 1138.40 212.58 24.14 29.49 0 0.519252 1261.35 414.65 73.51 49.37 1 0.507592 842.91 215.30 41.07 25.69 0 0.498330 568.55 672.36 56.30 35.23 0 0.494092 851.91 163.90 27.98 22.71 0 0.491317 866.95 140.41 29.55 22.82 0 0.464610 839.05 244.01 34.36 26.18 0 0.428213 878.48 51.34 35.87 21.88 0 0.385054 1247.60 586.95 38.95 92.43 1 0.383947 1119.29 391.88 31.23 53.98 1 0.363006 1119.77 394.33 29.00 50.33 0 0.326279 742.48 134.77 32.05 31.26 0 0.318315 746.58 141.96 32.66 33.25 0 0.267982 868.81 125.48 27.54 28.66 0
43,0.756726 718.56 337.71 28.64 42.28 0 0.727096 719.04 466.85 29.14 46.90 0 0.702453 747.71 337.26 27.47 44.45 0 0.677931 690.49 469.31 26.87 41.52 0 0.675676 743.60 151.57 24.94 41.45 0 0.674203 666.85 154.69 24.00 38.36 0 0.670498 423.95 378.15 31.61 45.03 0 0.656339 597.97 56.71 23.91 35.39 0 0.652844 524.84 52.72 27.20 42.33 0 0.640607 601.29 377.94 30.18 47.23 0 0.640414 571.21 253.56 26.05 40.64 0 0.621497 794.62 149.71 25.42 45.80 0 0.619726 646.42 58.83 22.95 32.79 0 0.619416 830.98 59.28 26.19 51.72 0 0.610760 747.46 465.07 29.83 50.27 0 0.606596 630.91 221.42 22.36 34.85 0 0.601461 692.92 336.69 26.13 41.51 0 0.596449 1390.32 37.23 28.34 32.83 0 0.594335 548.31 219.93 24.00 35.10 0 0.593917 1140.82 63.89 46.17 22.54 0 0.588685 690.91 62.51 22.90 36.32 0 0.587845 812.54 463.95 30.88 49.84 0 0.586034 571.99 381.53 30.37 44.80 0 0.585674 481.36 262.80 30.81 38.21 0 0.581294 668.07 337.23 27.37 39.91 0 0.579715 676.85 259.51 26.29 44.20 0 0.569326 595.33 147.42 22.92 38.49 0 0.567367 762.61 220.71 23.06 36.70 0 0.566852 1021.12 512.96 61.97 30.17 0 0.560446 396.71 375.42 32.93 45.29 0 0.558371 577.15 219.96 23.54 34.52 0 0.556134 356.22 205.04 32.79 36.61 0 0.556072 651.57 260.87 26.46 41.67 0 0.555925 1479.93 369.98 31.16 36.73 0 0.551058 714.20 149.88 26.35 42.58 0 0.549948 387.23 122.94 27.56 37.67 0 0.549470 428.71 374.39 29.89 45.60 0 0.548895 643.82 152.75 22.25 36.19 0 0.545425 716.50 221.94 24.54 35.21 0 0.542993 1434.72 86.34 28.19 36.18 0 0.540379 775.32 336.87 27.51 45.24 0 0.538423 785.93 217.41 27.99 42.14 0 0.536920 1085.28 59.87 43.38 20.87 0 0.536474 511.59 152.01 29.25 39.08 0 0.536249 580.61 336.69 24.96 37.04 0 0.535732 987.18 57.08 42.81 23.63 0 0.532996 785.26 61.76 26.68 41.79 0 0.532335 408.95 83.04 25.31 37.40 0 0.526372 1335.16 347.33 31.31 40.25 0 0.525906 1464.16 327.60 29.58 37.03 0 0.521065 1658.14 969.05 35.84 35.48 0 0.519043 277.15 381.97 32.62 41.87 0 0.517205 1652.71 532.42 55.36 28.31 0 0.511702 566.16 474.35 27.93 48.52 0 0.505941 1588.76 791.79 37.10 46.77 0 0.505411 1412.65 40.77 23.68 30.13 0 0.500600 515.00 255.04 27.86 40.13 0 0.496200 1419.33 168.36 27.95 39.29 0 0.494723 1613.97 1027.27 40.57 52.73 0 0.491694 444.21 477.52 31.48 45.98 0 0.489835 599.00 473.64 27.11 47.87 0 0.482696 1865.33 534.74 50.97 29.33 0 0.475701 660.80 357.36 28.51 49.91 0 0.467922 1164.45 60.64 43.03 24.79 0 0.466163 1621.52 300.80 35.23 37.40 0 0.464302 660.39 378.00 26.85 44.98 0 0.462781 830.89 10.53 26.98 27.26 0 0.462023 788.46 40.79 27.18 27.33 0 0.451218 1531.70 776.69 34.80 35.02 0 0.450550 312.60 295.32 35.57 35.36 0 0.436370 518.93 148.30 31.10 39.58 0 0.435429 733.97 220.22 24.17 37.89 0 0.433677 411.75 479.75 30.55 44.58 0 0.432894 1377.33 164.44 26.51 39.16 0 0.425733 1134.45 63.30 40.18 21.09 0 0.423144 1484.17 773.01 27.20 37.37 0 0.419897 914.75 14.41 25.73 23.14 0 0.416285 333.16 246.61 33.69 35.73 0 0.411702 1721.34 531.54 35.79 27.65 0 0.405152 1664.05 533.27 54.27 29.19 0 0.404490 1414.31 139.74 24.79 31.20 0 0.403128 1341.85 18.39 25.15 29.50 0 0.398997 370.38 160.68 30.65 36.92 0 0.395264 1309.52 209.11 26.49 38.66 0 0.393813 596.51 116.36 26.36 30.40 0 0.390761 511.95 258.95 28.35 39.93 0 0.385185 1442.06 247.67 30.44 31.94 0 0.382823 1343.83 24.16 24.28 29.25 0 0.378883 296.39 334.97 32.49 40.76 0 0.377121 649.83 118.99 22.09 31.94 0 0.371119 1294.81 136.96 26.09 32.96 0 0.370583 1415.59 144.20 24.77 37.10 0 0.370132 1582.53 782.47 38.84 47.01 0 0.364073 539.60 146.85 26.41 41.64 0 0.361337 13.98 504.84 40.99 36.81 0 0.360789 1295.03 142.37 28.31 41.43 0 0.355916 794.37 0.90 27.07 31.81 0 0.347291 645.04 565.25 27.41 17.34 3 0.346700 1400.22 94.08 29.20 33.88 0 0.342852 596.63 120.79 23.15 30.99 0 0.341417 447.96 251.47 30.82 35.26 0 0.336022 783.57 247.40 28.94 59.62 0 0.330853 656.20 370.43 29.92 50.18 0 0.321777 2.06 507.87 31.46 32.87 0 0.317995 1104.24 506.02 66.86 33.13 0 0.313805 699.94 35.98 20.44 22.09 0 0.312562 1650.39 933.73 38.41 36.41 0 0.312432 540.03 470.99 28.79 46.30 0 0.310749 1613.94 506.14 27.56 30.11 0 0.310605 484.23 255.85 29.66 38.63 0 0.309984 1665.41 4.82 39.76 25.02 0 0.303587 1302.64 171.05 26.50 35.92 0 0.301720 374.24 153.03 30.76 41.39 0 0.301628 748.58 343.00 22.75 43.53 0 0.300913 700.37 220.70 19.65 32.90 0 0.299945 1331.68 306.16 28.81 40.77 0 0.297329 537.00 475.44 27.28 43.27 0 0.296910 364.85 166.35 32.10 39.72 0 0.294553 1650.88 738.85 24.46 19.01 0 0.287110 887.41 14.12 21.46 23.92 0 0.286687 1812.78 18.94 37.96 21.80 0 0.281584 1694.57 994.08 31.96 34.07 0 0.280311 717.54 342.17 26.67 44.76 0 0.279885 1679.87 935.80 37.61 35.03 0 0.277359 1886.50 669.73 33.21 44.60 0 0.269485 509.63 158.39 29.79 37.32 0 0.268162 1696.95 859.82 48.98 34.17 0 0.265045 1452.62 285.30 28.44 33.14 0 0.263691 1808.89 252.66 37.27 21.84 0 0.260562 1325.45 291.98 29.69 39.98 0 0.260421 1436.51 218.70 32.70 32.53 0 0.260322 1473.25 371.37 30.69 35.39 0 0.256654 1304.60 203.35 24.71 41.97 0 0.256065 759.26 241.25 28.12 58.55 0
44,0.600653 403.65 208.58 14.45 21.28 2 0.441805 534.24 223.54 15.27 16.15 2 0.425838 1236.09 431.00 30.86 18.97 0 0.420895 1256.67 312.80 22.60 15.82 0 0.413301 106.00 302.93 32.74 24.15 0 0.411402 1194.54 424.40 22.24 17.11 0 0.387360 95.34 613.84 25.97 32.44 0 0.356138 96.93 599.43 24.60 35.50 0 0.344492 111.25 332.00 27.31 20.82 0 0.319669 99.49 520.34 22.48 28.78 0 0.315163 100.01 551.75 22.39 25.08 0 0.313330 97.49 577.39 23.79 24.78 0 0.308235 1223.88 372.29 25.23 17.16 0 0.303922 1238.00 245.18 21.71 13.17 0 0.295865 109.81 404.39 23.68 20.32 0 0.291896 559.34 17.67 15.49 18.64 2 0.266741 1309.63 244.57 20.66 14.99 0 0.263144 95.99 596.49 24.39 31.13 0 0.261550 955.01 279.10 25.77 19.44 1 0.256230 352.25 279.10 13.49 14.22 2 0.251696 1310.55 363.79 29.11 20.86 0
45,0.675190 1073.90 47.01 26.81 35.75 0 0.641129 1103.16 65.66 24.93 36.02 0 0.541447 572.53 313.87 12.45 16.02 2 0.539624 917.82 61.41 51.20 30.72 0 0.515864 1004.77 0.20 28.46 38.49 0 0.358166 1074.58 48.81 27.75 43.61 0 0.328164 651.28 78.29 29.37 30.36 1 0.315764 675.99 343.12 11.48 12.73 2 0.311691 1308.96 630.14 33.95 46.59 0 0.306318 257.02 555.58 18.32 21.99 2 0.304749 711.54 378.97 10.51 13.72 2 0.303682 409.57 169.92 46.89 26.79 1 0.269101 559.54 294.25 13.15 17.94 2 0.251073 1202.67 530.64 36.85 34.45 0
46,0.704347 1079.62 100.31 28.11 40.62 0 0.691661 1674.00 337.98 35.12 49.83 0 0.677169 526.98 750.21 34.87 68.18 1 0.661770 1079.43 222.20 33.89 48.08 0 0.643685 251.66 584.83 64.07 35.31 0 0.642368 1599.09 295.83 34.58 55.02 0 0.633042 870.98 239.71 25.36 44.45 0 0.632358 1047.91 224.10 31.45 47.26 0 0.622027 1217.19 217.97 30.64 43.45 0 0.614821 715.40 1014.78 33.06 61.67 0 0.612003 1583.07 249.46 30.79 42.14 0 0.608679 331.29 582.18 53.03 28.32 0 0.603239 693.44 729.17 32.03 60.58 0 0.602356 118.13 607.01 62.75 31.96 0 0.597901 943.86 85.56 40.84 21.19 0 0.586062 1157.70 93.44 26.65 40.16 0 0.582653 1701.56 332.73 35.60 51.36 0 0.579790 1741.33 11.46 50.72 26.04 0 0.573667 838.74 130.62 27.08 29.06 0 0.570317 738.88 126.94 54.10 34.53 0 0.569723 1556.03 138.50 29.34 48.61 0 0.569613 529.00 697.56 27.26 55.01 0 0.565530 1013.19 226.02 30.57 47.96 0 0.562105 1650.10 463.45 34.96 48.63 0 0.557388 783.89 210.56 44.93 25.30 0 0.553456 1715.31 461.12 32.36 52.63 0 0.544055 1700.45 648.98 35.53 49.20 0 0.542527 1181.41 224.48 30.10 47.84 0 0.539958 308.06 518.25 43.36 23.90 0 0.537737 921.58 442.55 53.59 29.45 0 0.536857 346.79 583.13 62.20 30.03 0 0.536841 1004.53 80.94 38.60 22.39 0 0.536775 925.78 238.53 25.54 43.05 0 0.536496 1103.58 102.54 28.88 38.03 0 0.536248 1146.41 223.22 29.74 47.09 0 0.531930 1650.21 142.62 32.37 55.27 0 0.527807 1728.65 398.14 32.84 50.52 0 0.525620 1792.41 10.07 48.52 25.66 0 0.525102 952.16 233.97 28.56 43.57 0 0.519979 1756.75 586.33 35.20 49.55 0 0.518285 881.63 91.40 43.00 23.45 0 0.516221 1684.62 17.56 46.82 26.58 0 0.515234 936.10 84.72 44.94 24.53 0 0.509810 983.36 228.73 31.10 44.74 0 0.509789 968.95 302.75 56.82 28.10 0 0.509152 1652.60 159.26 29.99 51.82 0 0.505930 1633.71 232.53 34.69 48.57 0 0.504983 1009.43 113.86 29.03 35.70 0 0.504501 1639.69 231.91 33.60 50.93 0 0.503924 1655.68 289.01 38.91 47.03 0 0.501385 711.58 939.99 30.54 59.01 0 0.498134 698.52 805.42 31.56 64.00 1 0.497936 1213.34 707.68 40.23 19.25 0 0.489839 1710.15 458.75 31.40 54.21 0 0.488340 1126.68 98.80 29.96 40.87 0 0.485655 827.57 91.67 45.85 27.21 0 0.485311 1782.84 588.64 38.48 55.40 0 0.481181 1689.54 398.51 36.50 52.91 0 0.479980 674.25 518.62 26.34 48.13 1 0.476842 1609.47 135.25 34.24 44.48 0 0.476390 918.23 917.27 29.50 50.90 0 0.476077 675.69 582.87 29.57 46.82 1 0.469669 1585.20 554.31 36.09 55.60 0 0.465526 979.17 234.10 27.17 42.38 0 0.461576 1750.71 579.87 37.04 51.40 0 0.458823 1727.12 523.26 36.31 48.40 0 0.458312 1181.89 94.41 25.55 42.29 0 0.457414 703.18 870.17 30.50 58.50 0 0.450222 1118.66 61.96 35.08 28.70 0 0.443449 673.95 549.16 28.75 67.40 1 0.440199 660.01 332.92 29.75 51.64 0 0.433183 972.54 28.91 42.28 23.63 0 0.432988 1629.41 406.42 34.96 41.80 0 0.429603 1677.69 584.28 36.18 56.00 0 0.421360 1733.93 587.72 30.27 48.17 0 0.412386 1665.91 525.60 32.97 54.10 0 0.408825 1016.34 222.72 31.75 47.19 0 0.404706 544.00 945.13 30.37 55.77 0 0.401908 1566.21 193.27 30.82 41.35 0 0.395801 532.48 831.85 32.44 66.12 0 0.391903 1068.81 903.79 36.79 31.03 0 0.390870 687.67 470.23 35.24 28.25 3 0.390412 686.78 655.90 35.88 49.45 0 0.388205 1013.52 75.94 37.82 27.18 0 0.378661 902.54 239.78 26.07 42.51 0 0.375880 526.67 704.12 31.16 58.45 0 0.365223 1571.05 195.22 28.19 43.03 0 0.356600 927.40 233.48 29.01 45.16 0 0.356404 1093.42 916.01 28.27 30.91 0 0.355859 926.23 575.32 30.63 51.50 0 0.355371 1029.25 15.56 45.40 29.32 0 0.346336 717.83 223.03 32.04 28.83 0 0.344738 1256.06 409.81 55.62 29.27 0 0.343997 991.23 81.13 31.24 21.56 0 0.336565 1633.66 430.48 34.79 40.68 0 0.336103 1023.52 108.92 31.88 35.03 0 0.326080 544.68 995.63 34.03 74.89 0 0.325011 652.93 271.58 28.69 44.61 0 0.324910 686.43 663.76 33.87 52.11 1 0.321220 655.31 332.45 30.08 54.93 0 0.321204 1781.55 966.47 45.87 70.56 0 0.319600 677.91 587.23 30.28 49.68 1 0.318843 1306.36 42.63 32.72 24.89 0 0.317881 715.35 988.87 29.92 65.43 0 0.311735 1077.75 106.52 27.88 40.53 0 0.310566 1062.70 72.47 30.64 26.72 0 0.306396 927.49 585.75 28.68 46.60 0 0.305773 239.55 712.47 28.94 41.41 3 0.299784 648.58 215.52 33.72 43.51 0 0.299084 924.42 569.65 29.93 49.11 0 0.298510 756.70 98.43 38.27 29.70 0 0.294571 530.21 690.59 24.25 45.18 0 0.288305 1614.11 361.42 30.79 39.74 0 0.287678 1573.04 204.41 29.57 48.62 0 0.286526 769.45 209.70 50.65 26.40 0 0.282932 1072.00 78.06 33.47 29.68 0 0.277668 863.41 36.26 43.53 27.16 0 0.265025 1733.40 522.74 34.30 45.84 0 0.260088 1331.51 794.84 50.13 31.91 0 0.259281 981.20 26.18 46.77 25.97 0 0.256851 882.00 96.73 42.29 25.20 0 0.253220 1205.44 84.85 28.33 42.33 0
47,0.529791 910.48 73.43 15.34 15.57 2 0.521766 235.84 243.95 17.61 12.80 3 0.426682 133.60 177.08 26.93 37.31 0 0.346423 147.88 0.00 26.11 34.83 0 0.332055 133.67 196.14 24.16 40.12 0 0.312265 133.19 220.85 23.50 32.60 0 0.309853 1135.69 9.08 21.41 18.78 0 0.289193 1274.92 63.18 25.97 16.20 0 0.278713 879.07 92.08 16.90 23.12 3 0.267207 1228.32 55.86 18.31 17.45 0
48,0.381409 132.49 179.56 25.51 45.80 0 0.358015 113.79 389.94 31.18 34.59 0 0.353522 134.46 144.13 26.92 27.57 0 0.351326 1271.22 106.04 28.64 16.99 0 0.334234 131.72 216.59 23.96 31.19 0 0.316405 878.33 136.70 16.02 20.49 3 0.313687 148.26 0.00 25.27 31.14 0 0.294266 130.09 244.57 24.96 27.04 0 0.288353 862.46 410.78 15.97 15.26 2 0.279254 126.43 295.02 25.17 28.28 0 0.278641 125.49 303.08 24.65 32.35 0 0.275421 370.53 616.32 13.22 16.36 2 0.264425 1178.54 95.69 14.39 18.45 2 0.256201 129.53 267.90 24.30 25.01 0
49,0.646487 1121.40 297.30 24.17 34.53 0 0.617687 579.89 673.07 56.47 36.19 0 0.593720 1128.74 256.60 24.01 34.03 0 0.584967 1134.81 202.37 23.07 33.10 0 0.565847 1089.43 550.93 28.15 51.13 0 0.550454 1261.44 408.99 68.90 46.63 1 0.540870 1118.07 344.26 23.69 34.73 0 0.501345 838.66 211.81 42.18 26.31 0 0.498703 1238.78 584.90 41.78 99.82 1 0.478788 834.94 234.01 30.93 34.00 0 0.467969 1261.92 414.38 51.32 43.24 1 0.464933 1116.31 390.26 29.50 48.82 0 0.444332 569.59 667.64 53.11 33.38 0 0.443894 737.64 130.76 38.52 34.82 0 0.430656 865.05 118.21 26.27 34.01 0 0.420948 883.42 25.18 30.22 15.77 0 0.394273 872.25 53.10 34.04 19.20 0 0.371710 874.01 47.60 34.38 19.88 0 0.355775 849.40 159.70 22.81 22.28 0 0.337504 835.90 215.78 36.65 44.66 0 0.295942 1115.29 388.57 30.56 51.25 1 0.291357 863.74 128.30 26.86 27.60 0 0.287898 1252.37 677.53 24.32 19.15 3 0.274189 740.74 139.46 37.30 32.98 0 0.273861 746.46 133.05 39.19 31.66 0 0.267738 836.53 213.87 39.86 32.52 0
50,0.626238 427.88 151.60 56.47 31.43 0 0.613749 303.07 211.90 59.74 30.22 0 0.483590 237.27 46.72 39.46 22.90 0 0.453692 332.58 17.42 42.04 21.77 0 0.433795 288.82 32.84 35.62 23.15 0 0.431418 382.70 0.00 41.91 21.49 0 0.420245 292.25 27.77 33.99 22.12 0 0.387488 400.54 152.59 77.96 35.74 0 0.386951 393.39 162.70 74.45 34.44 0 0.343894 232.17 50.68 43.79 23.68 0 0.284180 213.75 676.80 24.42 18.41 0 0.265601 163.16 577.52 18.26 14.64 0 0.260980 773.86 395.97 13.78 14.16 0 0.256511 334.85 13.38 41.39 23.11 0
51,0.645534 575.58 674.08 57.50 35.08 0 0.624747 1122.44 299.01 23.50 33.74 0 0.584376 1119.92 343.10 23.02 36.07 0 0.581081 1090.47 552.40 27.58 49.62 0 0.529244 1245.81 582.98 38.06 102.50 1 0.512661 836.33 236.39 30.74 33.30 0 0.501549 568.91 668.84 56.30 33.61 0 0.487599 1135.96 203.94 21.86 32.00 0 0.480846 839.10 212.91 43.34 25.50 0 0.473926 1259.57 410.70 62.46 46.23 1 0.458604 1116.33 389.93 29.97 55.20 1 0.449418 1132.82 259.45 21.71 35.83 0 0.442817 866.28 120.45 26.03 32.71 0 0.428127 872.77 52.97 35.08 19.77 0 0.412536 1243.19 585.14 37.80 75.69 1 0.405382 875.06 47.49 36.20 21.13 0 0.403710 1117.07 390.67 28.24 49.33 0 0.400543 1261.12 418.35 52.90 42.36 1 0.396667 849.71 162.15 21.07 20.66 0 0.371028 738.09 129.49 34.14 33.86 0 0.363024 865.65 131.63 25.89 26.00 0 0.339770 1258.68 419.34 74.11 41.75 1 0.332880 837.56 215.03 37.95 42.47 0 0.312685 1128.47 262.11 22.92 33.40 0 0.282494 743.33 141.68 32.71 31.99 0 0.258138 884.01 28.20 30.90 16.01 0
52,0.369637 401.65 92.46 14.32 21.03 2 0.324208 840.97 662.12 11.80 17.94 2 0.277123 114.19 306.46 29.26 38.71 0 0.273528 325.79 76.34 23.04 21.19 2 0.270761 855.70 616.13 12.69 17.89 2 0.262149 1271.49 237.55 24.49 18.85 1 0.251701 620.70 126.96 15.70 11.88 2
53,0.569078 1043.46 662.08 42.05 31.97 1 0.460855 1142.74 41.20 14.36 13.79 0 0.459758 670.24 480.80 27.73 14.82 0 0.453190 754.26 312.43 14.52 14.66 0 0.434169 1096.91 80.82 18.53 18.54 0 0.386949 792.14 273.03 14.74 19.35 0 0.384635 1176.19 8.78 18.21 16.23 0 0.373626 877.76 221.58 14.43 18.18 0 0.365088 784.04 344.36 16.82 20.48 0 0.361118 589.08 144.66 20.74 31.06 0 0.358097 1054.64 42.77 16.60 13.58 0 0.351261 674.66 481.08 29.50 15.46 0 0.346397 870.76 19.91 23.37 18.94 0 0.345178 1174.91 44.60 15.65 11.96 0 0.336520 1158.77 65.08 17.37 16.21 0 0.333192 1192.05 39.11 20.40 14.95 0 0.332664 604.27 147.82 22.77 29.94 0 0.331172 1036.84 400.95 18.49 23.36 0 0.324215 682.87 443.41 25.25 18.72 0 0.296430 70.30 657.94 24.50 20.27 0 0.286176 861.28 264.02 13.07 13.85 0 0.285476 626.80 411.81 17.19 18.05 0 0.277702 1034.00 59.46 18.02 14.13 0 0.277088 360.95 310.06 40.87 33.18 0 0.268958 1031.07 61.50 17.97 14.44 0 0.263246 986.72 88.76 16.32 17.55 0 0.261548 699.40 399.13 16.70 15.87 0 0.260931 600.04 144.55 24.41 30.80 0 0.257224 1122.81 65.38 14.81 14.38 0 0.253354 1090.68 130.44 16.63 14.75 0
54,0.807419 209.59 904.17 35.87 60.07 0 0.765134 250.32 892.67 36.18 62.44 0 0.706801 283.38 1010.72 38.99 68.42 0 0.704178 123.13 699.86 29.13 47.22 0 0.696672 210.56 577.66 28.27 49.37 0 0.696505 376.57 627.86 34.08 48.73 0 0.683979 417.70 655.18 42.57 72.16 1 0.680029 423.10 956.58 39.15 62.97 0 0.678598 258.03 717.42 37.78 53.31 0 0.676909 375.58 789.74 35.44 52.27 0 0.674853 47.71 628.99 30.40 49.35 0 0.671661 285.31 650.63 31.01 46.53 0 0.669804 159.09 740.58 36.66 56.42 0 0.667846 239.62 569.52 32.74 52.83 0 0.643626 143.26 592.83 34.05 53.32 0 0.631135 22.02 489.39 33.85 54.26 0 0.630537 231.81 440.45 32.52 48.57 0 0.629682 321.33 860.73 35.95 59.82 0 0.623570 360.11 679.17 28.31 45.20 0 0.623474 23.56 968.82 39.48 73.43 0 0.615074 117.18 470.60 31.06 49.54 0 0.612128 346.55 629.22 33.39 47.80 0 0.611772 312.97 640.96 30.60 47.55 0 0.608387 561.65 341.91 51.92 25.94 0 0.606539 206.21 531.29 32.20 44.08 0 0.603651 1705.71 539.41 52.10 34.67 0 0.601739 328.47 547.63 36.91 47.99 0 0.596477 733.42 305.32 47.56 21.96 0 0.587151 1143.87 375.54 45.91 23.78 0 0.585341 344.01 418.88 36.32 45.04 0 0.583733 441.71 768.53 36.81 52.98 0 0.583487 1604.52 591.19 43.22 26.52 0 0.579528 400.02 388.76 37.93 65.14 0 0.579035 459.94 941.74 41.36 62.50 0 0.564187 311.50 808.20 31.95 50.78 0 0.562447 206.24 844.21 34.78 53.91 0 0.550214 1435.45 658.71 33.83 25.92 0 0.539942 405.03 779.47 37.41 55.18 0 0.539716 291.68 710.49 35.24 54.30 0 0.539246 1788.75 510.64 54.68 34.57 0 0.537488 220.94 668.90 29.71 48.77 0 0.536855 1167.31 558.22 34.36 34.41 0 0.531452 244.77 1027.25 32.16 52.75 0 0.529653 1271.81 41.53 18.42 27.66 0 0.512638 154.70 687.55 34.27 45.25 0 0.510269 1854.88 483.12 52.97 31.51 0 0.507126 1391.20 969.63 54.11 56.78 0 0.506985 1159.37 57.68 17.79 26.11 0 0.504710 386.96 524.43 34.94 53.27 0 0.502699 1142.11 514.95 29.13 29.12 0 0.500475 1555.66 610.73 35.09 28.08 0 0.494364 389.38 965.03 35.75 63.33 0 0.492324 749.05 301.66 50.69 23.92 0 0.489513 1397.03 822.57 49.17 36.91 0 0.484818 1182.34 156.16 25.96 28.44 0 0.483799 767.43 879.04 77.45 43.85 0 0.482184 671.52 323.25 40.98 20.98 0 0.480215 1115.48 471.68 32.75 34.77 0 0.480018 1320.17 58.12 27.07 18.54 0 0.476727 1181.56 55.35 17.09 26.68 0 0.475941 453.32 945.77 41.48 59.54 0 0.475744 1628.03 62.47 31.53 23.28 0 0.475112 1201.59 0.00 23.60 15.79 0 0.471253 91.88 774.81 37.52 45.94 0 0.470300 343.42 798.14 29.66 54.05 0 0.469274 1133.08 64.62 19.22 23.51 0 0.466484 174.34 454.99 30.86 44.96 0 0.462331 81.71 617.21 35.04 52.98 0 0.462071 1002.97 12.92 25.78 21.62 0 0.456387 1294.14 40.34 19.95 22.88 0 0.454903 46.13 823.03 39.62 25.93 0 0.454062 956.61 436.88 29.50 31.43 0 0.451801 1205.65 51.39 18.34 24.95 0 0.449114 399.87 660.45 46.33 68.86 1 0.449019 1126.31 2.82 21.39 25.10 0 0.444706 1658.10 568.27 43.92 29.83 0 0.444034 139.19 547.72 30.38 37.94 0 0.439813 1004.83 527.95 34.47 38.92 0 0.437897 1495.77 746.73 44.13 29.39 0 0.434830 388.73 676.77 31.57 54.44 0 0.433639 297.29 548.81 33.04 49.27 0 0.433233 0.00 976.45 27.00 72.47 0 0.431362 1.26 792.24 24.85 39.27 0 0.429075 41.44 729.28 25.63 30.57 0 0.420258 1622.31 754.93 39.23 46.87 0 0.419778 1030.16 580.29 30.17 38.36 0 0.419735 1148.76 372.22 46.68 23.91 0 0.418699 1380.02 676.71 31.31 25.33 0 0.418465 1106.58 68.81 23.10 24.75 0 0.413143 912.55 349.66 29.72 22.48 0 0.412112 935.14 396.94 32.62 25.20 0 0.411925 1050.84 354.10 25.29 25.12 0 0.404613 1561.49 109.06 21.14 28.70 0 0.401139 1098.02 74.45 24.36 23.94 0 0.400260 528.90 914.52 35.84 48.46 0 0.397657 679.00 393.15 29.19 23.06 3 0.387109 1026.54 320.98 27.79 24.93 0 0.386226 727.05 305.76 38.79 22.03 0 0.383901 333.72 388.62 42.90 23.11 0 0.379872 1405.56 664.24 29.98 27.10 0 0.377808 935.36 151.65 23.24 22.21 0 0.376406 1000.68 521.09 33.90 34.28 0 0.374583 1592.81 770.45 35.23 43.57 0 0.373195 567.27 339.53 55.17 25.26 0 0.371470 1308.85 890.41 33.68 41.91 0 0.368240 44.77 781.45 39.73 38.38 0 0.365860 1173.53 0.00 22.83 18.79 0 0.365473 1337.31 681.07 31.04 20.31 0 0.365212 1585.14 769.70 36.65 40.88 0 0.364191 1289.26 888.83 33.87 38.13 0 0.364060 1077.24 0.00 26.78 16.49 0 0.361112 1119.78 478.18 33.36 30.99 0 0.356913 1609.88 586.43 42.21 27.00 0 0.353286 1079.56 78.69 23.30 21.13 0 0.351831 315.50 834.02 34.67 59.86 0 0.351354 1386.78 817.88 48.10 33.62 0 0.340796 1001.26 274.52 32.02 23.60 0 0.338717 1576.01 17.58 27.30 23.91 0 0.337917 1269.73 443.58 33.77 22.94 0 0.336198 1671.06 153.76 24.59 26.32 0 0.335509 1768.30 512.48 57.66 35.71 0 0.332417 535.10 917.49 36.57 52.37 0 0.331029 1486.69 747.77 44.23 33.80 0 0.330651 1248.47 48.76 17.18 26.44 0 0.324913 1271.29 47.37 16.99 26.80 0 0.323085 1095.28 439.39 27.68 25.65 0 0.322356 1028.51 5.05 27.14 22.34 0 0.320492 212.26 1041.14 30.77 38.86 0 0.318783 1421.26 282.97 24.90 20.29 0 0.317079 1376.03 677.30 28.92 24.66 0 0.316906 1018.04 530.14 33.09 42.64 0 0.315363 1400.49 342.65 21.95 32.00 0 0.314160 1225.21 0.00 24.03 13.38 0 0.313005 392.76 528.11 33.56 54.42 0 0.310093 391.47 1048.18 22.03 28.17 3 0.307460 1339.25 872.92 30.33 39.61 0 0.302500 0.81 742.49 19.21 34.89 0 0.299595 1161.67 548.54 35.29 41.41 0 0.299319 401.86 618.72 38.56 57.28 0 0.294958 916.40 360.60 28.43 27.40 0 0.294567 1648.38 576.90 42.17 26.49 0 0.291960 1128.57 0.00 21.19 22.44 0 0.290801 344.31 384.81 43.22 27.60 0 0.290294 1085.33 606.37 20.40 26.34 0 0.288655 1748.64 531.60 46.22 30.34 0 0.287722 1703.03 546.54 54.64 32.63 0 0.286439 272.32 714.15 44.67 58.92 0 0.285666 374.18 341.57 27.40 22.15 0 0.284992 396.06 983.05 32.61 54.89 0 0.282314 206.60 545.88 32.15 57.48 0 0.282100 427.58 772.30 42.32 52.52 0 0.278995 1090.93 421.94 28.35 30.98 0 0.278381 22.31 598.99 25.24 41.85 0 0.277112 43.82 788.15 43.32 37.24 0 0.273646 1309.71 902.36 30.19 36.79 0 0.272382 1020.10 516.73 28.89 38.44 0 0.271381 1112.03 464.94 30.17 28.61 0 0.271248 0.19 582.48 19.10 39.40 0 0.269540 1055.38 303.60 25.43 20.27 0 0.269136 1468.85 757.38 32.25 33.24 0 0.265478 1744.12 172.04 32.41 24.62 0 0.264634 982.35 439.05 22.63 28.68 0 0.263162 160.55 586.17 26.97 44.72 0 0.262418 1340.76 93.18 34.15 22.29 0 0.260968 392.57 669.27 36.15 64.04 1 0.260237 1564.41 41.31 18.36 20.30 0 0.259343 41.05 755.08 30.64 28.35 0 0.257158 232.43 897.18 39.56 71.08 0 0.256398 1591.84 778.85 36.64 42.13 0 0.256103 414.34 615.44 35.45 57.31 0 0.255976 413.30 777.50 38.64 52.81 0 0.254442 20.36 587.98 26.37 48.10 0 0.254127 326.12 344.41 36.50 26.58 0 0.253433 400.98 404.18 37.29 56.32 0 0.252352 1352.58 874.40 33.03 41.10 0 0.250730 864.39 842.84 64.61 41.55 0
55,0.634146 672.70 193.27 14.80 22.39 2 0.535481 1222.54 611.26 29.39 16.41 0 0.488314 643.07 171.76 13.10 20.54 2 0.477837 1205.87 545.55 26.16 18.00 0 0.426330 1311.13 481.27 25.94 17.06 0 0.423684 341.45 343.09 12.33 16.32 2 0.399527 1302.98 446.64 24.44 17.19 0 0.341603 1217.88 478.70 23.64 17.18 0 0.337588 1011.28 615.68 19.31 21.14 0 0.326009 1002.81 528.91 17.64 17.30 0 0.302696 95.17 505.89 26.15 24.87 0 0.291834 521.16 564.92 17.16 17.32 3 0.269416 166.69 293.65 20.67 14.04 3 0.268928 973.31 506.91 18.10 16.58 0 0.263810 875.32 592.68 18.75 17.78 0 0.259653 1037.10 561.27 16.32 22.34 0 0.251585 83.17 479.68 41.21 25.53 0 0.251330 996.75 528.40 20.19 16.59 0
56,0.667431 929.83 730.18 34.20 63.65 0 0.661018 1634.63 173.61 29.22 41.99 0 0.633082 1057.18 646.06 21.50 46.18 0 0.618039 1442.45 63.86 27.05 39.61 0 0.613145 1359.34 360.52 31.04 39.66 0 0.596533 1442.23 351.48 30.37 45.99 0 0.592969 1005.63 577.94 29.90 47.50 0 0.592336 1333.50 362.16 28.21 38.28 0 0.590581 1357.09 990.65 67.85 39.08 0 0.590337 1752.06 304.84 39.32 44.88 0 0.581022 1300.25 216.16 26.97 41.48 0 0.579178 1249.83 370.11 30.57 49.01 0 0.570823 1226.02 554.26 57.00 28.12 0 0.568614 1489.29 344.19 33.82 45.54 0 0.562765 1265.83 151.89 25.12 39.26 0 0.556388 1678.86 253.52 29.85 37.94 0 0.553706 1671.23 320.51 33.00 42.24 0 0.552175 1690.80 430.11 38.70 36.71 0 0.551556 1287.48 158.35 26.31 38.92 0 0.551157 1264.92 83.57 26.67 29.40 0 0.546989 1682.47 169.18 27.02 42.39 0 0.544425 1320.09 844.93 55.77 31.65 0 0.542596 1574.14 335.05 29.57 42.67 0 0.534081 1649.51 322.14 31.94 42.74 0 0.532925 1701.76 254.51 28.17 37.01 0 0.523837 1611.32 46.18 27.99 36.29 0 0.518328 1244.23 600.13 56.45 26.95 0 0.511930 1307.35 805.88 56.92 34.30 0 0.511161 1133.43 165.66 23.86 36.22 0 0.510737 1693.87 316.66 33.60 43.83 0 0.509048 1416.31 354.54 31.01 43.22 0 0.499700 1528.95 339.47 34.09 44.54 0 0.484774 1715.48 413.52 36.86 29.41 0 0.484526 1274.93 218.79 27.39 36.44 0 0.479826 1369.72 202.41 27.68 38.58 0 0.479356 1490.48 136.33 27.29 34.11 0 0.476535 1415.37 66.53 23.99 34.30 0 0.471235 1413.63 69.81 24.03 36.39 0 0.468807 1223.30 525.02 56.61 27.78 0 0.462286 1620.93 329.16 29.33 40.53 0 0.461257 1215.77 94.73 25.44 31.48 0 0.456402 1083.41 249.97 43.59 24.51 0 0.454351 1325.21 78.99 27.73 34.91 0 0.448895 1515.68 286.08 23.97 35.04 0 0.445952 1338.43 492.09 41.11 25.29 0 0.443215 1485.38 453.72 30.98 41.87 0 0.443120 962.43 536.96 25.52 49.84 0 0.443034 1560.42 450.24 31.82 39.07 0 0.440196 1629.51 45.54 28.62 39.54 0 0.438936 1406.66 201.06 26.70 37.96 0 0.436437 1251.03 630.01 46.44 23.87 0 0.435308 1558.21 444.51 31.40 39.57 0 0.433064 1411.93 351.67 30.93 43.95 0 0.432997 1298.00 84.95 24.96 29.44 0 0.432824 1388.78 201.72 25.57 37.58 0 0.430102 1318.63 213.89 28.53 40.85 0 0.428289 1037.22 748.16 30.94 55.34 0 0.427956 1326.36 205.49 27.34 40.97 0 0.422518 1860.66 413.94 33.87 35.14 0 0.420140 1774.90 403.29 37.15 28.54 0 0.416307 1493.84 279.48 28.31 35.87 0 0.412354 1080.51 461.75 40.72 26.37 0 0.412001 1482.28 446.31 32.34 38.56 0 0.409946 1331.83 467.00 45.52 25.45 0 0.407486 1169.58 104.52 25.37 24.63 0 0.403080 1544.86 338.12 31.02 43.57 0 0.392731 1658.99 250.96 30.05 34.73 0 0.392181 1029.94 11.02 39.88 24.47 0 0.387096 1254.90 221.04 27.37 34.05 0 0.386949 1608.12 189.62 28.49 32.26 0 0.386367 1646.16 325.43 31.31 42.47 0 0.382936 1675.42 38.29 29.38 36.46 0 0.382275 1656.72 173.09 27.68 40.41 0 0.381630 1428.58 198.03 26.69 36.13 0 0.381061 1513.61 279.79 24.79 35.38 0 0.380100 967.51 147.56 24.08 37.42 0 0.375634 1651.18 44.44 29.74 37.49 0 0.372672 1520.97 191.92 32.02 35.85 0 0.371409 1306.45 814.12 58.99 30.83 0 0.371307 1494.20 284.24 24.90 35.87 0 0.371228 1843.89 398.56 33.71 34.40 0 0.369199 1632.20 41.88 30.18 37.24 0 0.367533 1609.00 331.09 30.33 40.56 0 0.365274 1656.94 39.26 27.98 36.39 0 0.364834 1791.30 403.60 33.28 29.27 0 0.363463 1497.49 346.76 37.35 43.61 0 0.357654 1333.27 842.77 52.65 30.50 0 0.353665 1257.61 86.59 26.61 27.84 0 0.350900 1694.25 421.88 40.33 34.46 0 0.343491 1511.55 194.41 32.85 33.13 0 0.339799 1510.03 1047.11 40.12 30.03 0 0.336626 833.33 151.15 27.57 41.58 0 0.324790 1612.02 182.82 30.78 36.45 0 0.321542 1324.99 362.87 29.72 36.39 0 0.320504 1693.46 323.77 32.74 43.34 0 0.317682 1222.56 537.85 58.32 31.22 0 0.310998 1084.46 271.46 40.75 21.38 0 0.309867 833.79 162.10 27.17 36.05 0 0.308117 1632.83 181.84 28.48 37.65 0 0.302299 855.43 284.75 24.06 39.61 0 0.301652 1613.10 324.94 28.97 41.95 0 0.293322 1685.80 429.40 37.50 34.98 0 0.273404 889.17 324.02 25.77 46.15 0 0.272546 1685.42 423.62 35.16 35.88 0 0.269065 1706.78 431.04 38.38 37.72 0 0.261484 1405.49 208.43 26.82 35.19 0 0.259861 1714.02 320.52 30.76 44.94 0 0.257197 1624.74 255.68 29.35 26.46 0 0.254289 1858.48 397.77 36.84 36.22 0 0.252006 1427.95 206.73 27.90 37.61 0
57,0.603854 623.06 357.22 13.64 19.85 2 0.594271 1271.91 628.57 29.84 19.38 0 0.523957 416.59 564.18 15.21 17.93 2 0.348612 150.65 482.06 21.72 14.75 3 0.315925 686.88 385.09 14.98 20.35 2 0.286133 822.52 333.68 21.75 33.84 1 0.279982 1203.22 596.79 21.44 17.42 0 0.274105 574.16 379.12 18.78 17.14 2 0.268424 1280.94 651.03 25.85 18.71 0 0.261094 976.18 462.09 23.21 20.17 0 0.255810 1291.18 145.05 29.85 20.72 0 0.252708 973.62 192.54 17.28 15.88 0
58,0.603106 0.00 252.14 35.56 37.01 0 0.519057 103.54 82.87 52.59 27.88 0 0.466304 358.41 0.00 46.76 22.03 0 0.383488 0.46 34.29 26.20 27.38 0 0.374268 521.89 131.01 31.40 32.15 0 0.373458 219.47 629.89 14.00 16.56 2 0.363442 31.91 3.39 58.14 44.72 1 0.354889 531.59 145.60 29.91 36.83 0 0.321434 0.21 29.55 31.38 30.34 0 0.299453 658.40 644.85 14.17 15.00 2 0.271007 1315.00 352.11 28.08 46.56 0
59,0.464973 603.69 594.60 13.36 21.94 2 0.452532 590.92 624.16 16.86 19.31 2 0.404880 623.40 176.63 15.81 17.69 0 0.392440 1186.59 50.91 27.54 21.34 0 0.369827 1194.08 198.71 18.75 18.55 0 0.362460 1214.39 172.49 13.16 16.43 0 0.362087 620.52 286.26 19.37 23.55 0 0.325979 708.96 623.40 17.10 19.83 2 0.313459 1175.75 210.19 21.89 17.92 0 0.288101 1096.42 41.41 24.52 16.77 0 0.274452 1146.79 45.68 27.37 17.43 0 0.268610 854.73 669.36 16.75 20.85 2 0.264958 909.34 194.97 13.21 14.80 0
60,0.568790 0.00 204.00 26.16 35.93 0 0.480707 529.84 106.52 29.34 31.70 0 0.475873 234.09 0.00 49.58 17.31 0 0.464690 516.21 81.23 33.38 31.48 0 0.401379 218.20 568.84 11.75 12.19 2 0.324554 557.74 536.66 12.70 20.26 2 0.308831 117.70 498.24 12.38 13.41 2
61,0.683189 1088.42 548.78 28.15 47.53 0 0.674593 569.97 668.39 64.25 37.85 0 0.600210 1128.69 255.00 24.01 33.91 0 0.545650 1117.35 343.19 24.81 34.99 0 0.521407 1114.70 386.32 29.52 51.32 1 0.518591 1119.60 296.87 24.74 31.00 0 0.514945 833.91 235.08 32.71 27.68 0 0.477482 1132.93 197.18 24.63 36.06 0 0.472506 1260.40 409.83 70.44 45.93 1 0.462083 838.45 210.40 40.87 25.63 0 0.430007 884.49 23.00 32.55 18.25 0 0.406092 871.96 45.46 33.81 20.77 0 0.401106 863.97 122.76 26.68 28.55 0 0.392839 850.42 156.94 23.25 21.60 0 0.360059 737.25 128.28 38.00 28.36 0 0.324275 1276.40 416.66 54.97 39.02 1 0.312004 1129.82 191.70 24.67 39.56 0 0.300512 1259.71 413.71 53.89 43.36 1 0.281826 861.20 124.98 25.49 27.24 0 0.272249 375.23 156.18 9.77 19.50 2 0.264013 1249.33 698.04 47.02 21.96 0 0.258750 871.09 50.20 35.37 21.27 0 0.258416 1239.18 577.84 42.40 97.23 1 0.250628 405.74 75.99 11.00 14.88 2
62,0.445443 385.12 473.96 14.41 18.83 2 0.444856 475.77 558.11 12.04 18.44 2 0.409837 317.96 374.77 15.91 15.79 2 0.301052 605.39 676.97 12.44 15.00 2 0.285549 0.86 638.21 56.32 70.85 0 0.271088 0.00 536.87 36.82 81.12 0 0.269997 554.70 630.44 14.98 21.24 2 0.269959 492.31 576.65 11.45 18.62 2
63,0.474253 165.17 630.13 21.74 21.79 2 0.466833 1233.70 0.00 42.80 33.65 0 0.390459 155.18 478.19 16.36 21.13 2 0.356562 303.70 86.67 12.27 18.40 2 0.290312 335.55 127.42 15.03 18.85 2
64,0.450840 572.87 320.69 16.84 18.60 2 0.426737 684.84 325.64 15.33 19.04 2 0.420237 1321.45 657.16 21.34 23.46 0 0.361362 408.42 508.20 14.72 17.96 2 0.353694 1205.24 543.37 22.94 20.16 0 0.349385 1194.28 662.23 23.78 21.90 0 0.347701 1061.76 509.28 14.57 15.03 3 0.340795 60.15 605.54 44.79 81.08 1 0.302451 80.76 619.88 29.62 63.27 1 0.288130 1292.85 592.27 22.63 18.44 0 0.287526 416.08 508.16 15.29 16.95 2 0.286397 1280.31 671.91 26.41 22.86 0 0.282172 56.54 625.18 41.64 93.57 1 0.277742 241.70 466.04 23.23 18.69 3 0.267767 1196.02 658.06 27.07 26.11 0 0.267355 573.45 315.59 15.51 20.77 2 0.256626 268.08 388.47 24.05 19.86 3
65,0.476815 640.87 414.81 16.83 19.36 0 0.426371 705.49 391.78 17.30 15.71 0 0.309495 854.23 167.38 25.52 34.14 1 0.286360 686.47 168.50 15.27 19.28 0 0.274880 768.84 246.62 21.85 22.75 0 0.267877 840.39 224.17 13.64 17.67 0 0.266193 778.73 206.96 12.92 17.57 0
66,0.641871 1124.78 303.70 23.57 33.73 0 0.626882 1118.22 391.16 30.95 55.07 1 0.619030 574.60 676.74 61.94 35.86 0 0.617268 1092.54 554.78 27.32 49.99 0 0.602524 1121.16 345.88 26.17 40.95 0 0.527990 841.02 214.80 42.58 26.52 0 0.508906 1247.19 586.58 38.37 92.45 1 0.508712 568.16 671.32 60.32 34.85 0 0.507133 838.19 243.26 34.16 26.84 0 0.488317 867.63 138.20 26.82 23.45 0 0.484934 1133.62 262.07 24.34 36.22 0 0.457207 1137.86 212.29 22.41 29.97 0 0.446959 877.74 50.20 36.62 22.82 0 0.438473 851.05 164.17 24.00 20.69 0 0.356032 1261.52 417.62 73.41 46.48 1 0.343926 740.23 132.92 35.06 33.66 0 0.329151 869.04 121.95 24.81 31.28 0 0.313776 745.44 139.81 33.84 34.38 0 0.300772 1263.92 407.07 62.81 51.64 1 0.294541 1130.30 258.40 24.92 37.14 0 0.284954 1253.32 585.57 36.48 64.24 1 0.279847 1095.96 551.45 26.52 47.74 0 0.274079 1119.42 393.52 29.02 52.31 0
67,0.630721 1106.96 66.22 28.05 39.51 0 0.494467 1080.48 48.66 28.40 36.08 0 0.476265 927.01 61.65 54.06 32.28 0 0.454372 757.11 644.40 11.64 14.36 2 0.423152 566.70 294.12 15.06 17.39 2 0.416645 1009.88 1.33 27.18 38.47 0 0.380496 727.51 379.95 9.49 15.36 2 0.350398 1012.87 0.00 27.76 37.27 0 0.297220 592.08 316.00 13.23 17.66 2 0.277151 1215.26 533.48 36.02 31.18 0 0.257719 723.52 328.77 10.08 12.93 2
68,0.750061 523.57 676.25 32.62 48.88 0 0.739892 686.47 672.79 30.37 51.79 0 0.732543 691.95 384.94 24.97 41.86 0 0.728464 668.12 519.64 27.28 39.86 0 0.722289 572.20 299.35 28.86 42.87 0 0.721332 716.81 671.33 33.30 53.24 0 0.690278 546.35 418.86 31.00 44.33 0 0.689941 351.15 555.91 36.08 50.96 0 0.687809 1711.62 109.15 19.09 28.39 0 0.670130 749.27 387.29 24.65 41.65 0 0.663779 695.30 524.19 28.77 42.01 0 0.654367 784.24 673.17 32.49 53.16 0 0.646600 789.50 313.81 23.80 42.84 0 0.644241 383.26 556.86 34.22 50.56 0 0.644102 625.02 431.05 31.42 44.83 0 0.642842 998.54 208.25 39.50 21.28 0 0.640349 554.92 675.09 32.38 48.68 0 0.636555 493.85 676.14 30.56 47.24 0 0.628479 1661.19 108.51 19.32 25.72 0 0.625626 485.32 420.20 28.83 42.72 0 0.620917 520.07 298.67 29.46 42.50 0 0.616541 667.01 384.67 24.76 39.97 0 0.614024 547.96 510.91 33.14 46.14 0 0.611167 1728.20 57.04 24.70 20.34 0 0.608620 626.03 574.42 31.62 44.71 0 0.607841 720.50 387.73 25.30 40.08 0 0.607341 364.82 264.28 27.83 39.94 0 0.605843 653.09 430.34 29.39 45.82 0 0.598783 564.74 565.92 31.70 49.15 0 0.594166 552.45 380.79 26.32 39.41 0 0.593989 527.53 379.80 25.51 35.14 0 0.591706 785.37 208.26 25.53 44.13 0 0.590245 832.66 196.92 31.97 61.28 0 0.589620 531.60 569.34 32.00 49.77 0 0.588469 278.17 453.78 35.00 40.21 0 0.583598 298.49 402.00 38.92 40.72 0 0.583583 653.05 673.73 30.75 52.55 0 0.575149 356.44 676.33 32.81 51.33 0 0.569368 494.62 300.17 27.96 40.26 0 0.565870 724.05 524.63 30.67 46.24 0 0.561486 1634.12 107.56 23.93 24.66 0 0.554393 1770.79 785.72 56.68 28.50 0 0.553920 791.26 181.13 31.01 24.16 0 0.552172 653.62 305.67 27.76 44.30 0 0.550873 1484.10 485.10 31.72 37.94 0 0.545996 1321.65 315.66 27.06 36.31 0 0.545411 1706.81 784.09 59.45 28.49 0 0.544757 1694.41 782.75 55.23 28.96 0 0.543492 658.91 430.66 29.49 43.53 0 0.539803 739.36 431.85 27.91 45.24 0 0.531468 387.13 679.34 33.07 53.93 0 0.530224 756.03 521.03 31.27 49.93 0 0.525350 639.11 198.11 25.38 38.47 0 0.523333 1101.25 210.44 38.03 22.27 0 0.523124 1733.16 113.79 19.40 25.10 0 0.517674 1776.60 905.70 73.80 30.43 0 0.516285 607.55 386.02 26.35 38.41 0 0.512936 627.33 306.28 28.43 40.21 0 0.510561 769.73 433.23 31.85 54.74 0 0.509449 1345.33 490.31 31.95 42.43 0 0.506208 384.24 219.64 32.57 40.09 0 0.505513 1446.06 312.69 22.34 30.60 0 0.505250 1507.53 579.51 36.24 40.81 0 0.502004 1817.82 130.89 24.59 22.91 0 0.500903 1442.64 157.04 28.91 30.13 0 0.498840 1494.82 360.19 31.14 32.63 0 0.495006 834.64 156.93 24.13 19.51 0 0.492931 1744.45 154.34 30.36 17.64 0 0.491644 1667.55 509.57 33.98 36.67 0 0.490632 1749.77 56.85 23.61 21.98 0 0.490459 716.72 431.14 23.04 37.67 0 0.489343 592.71 195.87 25.02 36.91 0 0.486992 349.11 310.34 26.40 34.09 0 0.484898 225.84 555.92 33.72 43.43 0 0.483084 1686.41 107.70 16.31 28.17 0 0.470231 1003.44 737.77 67.66 30.96 0 0.468789 688.50 198.50 23.43 39.43 0 0.466770 1460.15 362.95 27.47 27.84 0 0.460576 1845.69 131.09 23.40 22.83 0 0.457206 1656.53 226.97 35.80 16.54 0 0.456153 1655.63 926.11 55.53 51.57 0 0.454467 1464.33 396.75 30.08 29.86 0 0.453804 1410.32 128.67 23.74 26.95 0 0.453589 455.44 429.02 30.71 41.29 0 0.451561 324.48 354.32 33.56 37.50 0 0.447066 640.06 268.76 25.68 30.87 0 0.445599 516.30 187.71 28.79 47.19 0 0.444367 1611.98 108.40 24.61 24.11 0 0.439741 458.37 418.34 31.75 41.16 0 0.439284 1356.77 551.92 30.20 47.68 0 0.436165 1753.79 35.74 24.37 20.27 0 0.435390 641.82 520.22 25.97 37.23 0 0.435340 491.79 303.12 28.06 41.70 0 0.434504 1493.59 531.83 31.13 38.00 0 0.432839 628.63 565.22 31.93 41.14 0 0.424167 734.39 306.79 25.98 43.62 0 0.422827 1456.85 352.97 25.92 31.63 0 0.419248 740.52 445.31 25.60 39.92 0 0.414598 1561.46 686.72 19.34 24.25 3 0.409212 248.93 506.30 35.36 38.71 0 0.403402 774.91 386.17 26.44 46.67 0 0.398664 1791.15 127.48 24.47 22.35 0 0.398326 1780.50 56.25 21.14 21.02 0 0.395564 1320.28 307.96 27.97 26.42 0 0.390854 1798.57 59.52 20.76 19.78 0 0.387585 1199.85 224.96 32.72 21.46 0 0.384772 703.98 304.19 28.20 44.53 0 0.383703 658.68 672.66 30.61 48.67 0 0.376872 244.77 509.46 37.12 40.59 0 0.375884 637.35 555.19 29.04 30.90 0 0.370537 394.15 675.52 34.43 53.55 0 0.370086 1531.79 20.21 23.61 23.52 0 0.364408 1007.84 205.96 38.62 22.18 0 0.361645 1348.49 496.56 30.59 46.29 0 0.359307 1827.56 57.52 20.11 20.11 0 0.350130 1325.81 343.43 28.01 36.37 0 0.346326 1886.40 107.43 32.06 19.00 0 0.346185 694.22 380.98 26.12 43.02 0 0.343155 742.45 411.41 28.86 53.74 0 0.335827 616.32 385.54 26.55 36.83 0 0.335810 1146.17 181.52 28.38 17.62 0 0.334362 715.39 411.47 26.02 41.44 0 0.333511 1165.59 220.79 34.89 22.01 0 0.329180 1333.86 386.64 26.36 40.66 0 0.329025 1340.72 449.70 27.15 36.89 0 0.329013 1664.53 34.66 24.29 18.84 0 0.326893 706.82 298.61 27.87 45.20 0 0.325276 536.80 566.21 30.59 51.91 0 0.324655 1903.04 412.85 16.43 28.60 0 0.320237 1708.96 34.96 23.30 19.18 0 0.317099 485.31 736.21 16.75 26.23 3 0.314002 633.41 576.13 31.66 41.74 0 0.308799 1854.61 467.28 27.30 24.21 0 0.307672 1472.44 432.03 28.83 41.52 0 0.306589 1592.28 103.27 22.05 24.75 0 0.303823 1770.67 908.73 67.81 30.75 0 0.296093 1649.38 931.46 56.10 51.54 0 0.293451 1352.48 551.44 30.20 52.31 0 0.288881 728.00 916.41 38.00 29.28 0 0.287656 593.28 296.24 28.08 42.22 0 0.281388 1104.97 212.40 39.47 23.49 0 0.278703 1510.85 590.12 32.17 40.06 0 0.277400 631.80 198.19 26.93 38.70 0 0.276045 1099.31 737.89 75.53 33.52 1 0.271887 1495.02 14.49 25.99 26.00 0 0.270358 1485.66 497.20 33.60 43.47 0 0.267589 1151.21 213.02 36.96 22.82 0 0.262653 1149.70 219.73 37.69 21.89 0 0.261759 1334.07 399.08 25.64 37.91 0 0.254925 623.52 729.76 25.59 27.34 3 0.251933 1670.43 52.53 24.34 24.51 0 0.250444 685.61 204.93 25.10 39.38 0
69,0.732720 519.07 675.00 31.78 51.25 0 0.716808 711.16 670.50 33.48 52.39 0 0.695727 769.38 384.46 28.35 44.90 0 0.686398 378.48 556.78 33.35 49.00 0 0.685340 693.12 519.67 29.12 45.19 0 0.670175 548.44 672.21 33.38 49.95 0 0.655158 651.03 425.18 30.96 47.97 0 0.651905 782.27 673.91 31.90 52.80 0 0.651449 381.81 677.46 37.59 51.67 0 0.648374 551.05 376.14 30.17 39.89 0 0.643201 486.47 673.45 30.09 51.95 0 0.640460 647.06 670.62 29.80 51.88 0 0.639398 570.55 296.19 28.74 43.56 0 0.636896 651.34 304.55 27.15 44.34 0 0.636811 732.81 426.53 32.27 51.46 0 0.631032 786.43 309.98 23.66 43.71 0 0.625285 563.79 565.10 32.88 51.02 0 0.619874 790.46 178.53 27.10 23.50 0 0.619235 621.20 428.87 32.59 44.37 0 0.618577 623.65 567.28 32.24 48.29 0 0.616718 715.31 520.04 31.36 47.89 0 0.612575 1483.53 481.48 33.59 36.92 0 0.610830 663.79 516.87 27.15 40.86 0 0.606364 763.46 421.60 33.19 56.39 0 0.606180 531.35 569.02 28.66 47.03 0 0.602849 1711.10 781.74 56.25 29.60 0 0.601794 687.53 381.73 23.89 40.78 0 0.599191 740.47 384.85 26.25 41.82 0 0.598579 347.03 556.05 34.58 49.68 0 0.597133 480.78 418.57 29.57 44.03 0 0.595061 520.90 375.94 29.27 38.57 0 0.592965 991.45 204.37 44.10 22.21 0 0.591862 517.07 293.62 27.22 43.66 0 0.589357 506.80 187.88 29.36 43.44 0 0.588203 782.71 204.77 26.04 43.77 0 0.583986 1770.47 780.83 49.89 30.10 0 0.579936 542.88 511.71 32.36 46.07 0 0.577664 379.32 218.13 29.13 39.33 0 0.572439 680.07 196.79 26.90 40.25 0 0.570726 217.97 559.05 30.98 45.25 0 0.569978 540.35 417.71 32.29 43.61 0 0.567111 628.07 730.30 17.96 29.48 3 0.567029 1710.16 110.08 24.52 24.13 0 0.564520 360.30 265.22 28.34 39.65 0 0.564135 679.51 671.93 30.37 52.27 0 0.562412 1442.91 142.81 26.18 32.48 0 0.560255 1002.67 736.80 68.94 29.26 0 0.557083 1694.69 779.55 57.47 31.31 0 0.547652 724.18 301.50 29.33 46.16 0 0.547285 1507.28 574.97 37.39 45.91 0 0.543617 1095.58 206.85 40.20 22.57 0 0.540309 1456.31 349.10 26.88 36.09 0 0.539726 339.58 313.25 27.44 37.46 0 0.538014 350.38 676.86 36.76 50.73 0 0.536748 713.39 383.90 24.77 41.74 0 0.536581 749.53 518.79 34.48 51.76 0 0.532314 288.61 395.26 39.27 43.30 0 0.531484 1682.55 104.43 21.45 26.48 0 0.529607 1815.22 124.16 23.37 25.97 0 0.528940 985.45 201.94 43.85 22.14 0 0.524075 694.86 297.79 32.41 47.96 0 0.519659 1442.92 303.41 25.50 34.26 0 0.516553 1725.66 113.06 28.08 23.21 0 0.512405 624.28 306.00 28.68 38.55 0 0.508570 1490.56 346.36 29.09 37.86 0 0.506629 1320.17 300.26 24.84 37.84 0 0.502496 605.32 730.63 18.04 29.03 3 0.498212 268.61 454.16 32.68 43.28 0 0.496903 1149.50 211.92 44.83 23.15 0 0.496605 577.25 258.79 31.09 30.56 0 0.496472 1489.83 525.75 32.34 41.79 0 0.495746 663.34 383.70 24.74 38.39 0 0.494703 584.17 192.09 28.46 40.91 0 0.494205 1665.23 500.37 33.58 45.77 0 0.484033 1656.12 929.22 53.98 48.01 0 0.480074 711.07 428.72 29.24 44.36 0 0.471357 487.24 304.00 24.86 38.17 0 0.469291 317.84 349.06 35.55 41.43 0 0.468006 829.41 195.67 29.04 58.15 0 0.467357 448.25 430.22 28.05 41.41 0 0.465242 1653.24 102.52 23.74 26.96 0 0.464184 1632.20 102.23 24.05 25.75 0 0.464077 1318.92 306.36 28.30 40.39 0 0.460794 1527.89 14.54 25.51 25.72 0 0.460676 602.21 377.06 29.23 38.56 0 0.459098 1612.94 101.71 23.41 26.47 0 0.457280 1609.11 19.28 32.53 21.68 0 0.456930 1462.11 395.27 28.76 28.91 0 0.447299 631.52 199.34 29.30 33.28 0 0.445250 240.79 506.18 33.15 42.52 0 0.440068 1398.24 84.55 23.48 25.60 0 0.434349 1823.88 54.53 22.67 23.54 0 0.423522 1567.89 17.35 28.02 22.93 0 0.422273 641.19 198.17 27.60 32.54 0 0.419821 1663.37 37.26 27.16 21.69 0 0.418882 453.61 420.22 29.01 41.92 0 0.413317 1471.81 428.72 30.32 42.77 0 0.406146 1556.32 684.87 23.79 26.04 3 0.404430 1750.52 39.16 28.27 24.63 0 0.404151 491.12 672.94 30.81 50.01 0 0.400631 833.96 155.39 24.81 18.42 0 0.394208 535.77 419.69 31.92 43.68 0 0.394094 1844.43 124.96 27.42 23.78 0 0.379348 1349.18 498.87 30.69 47.23 0 0.378313 1346.57 486.67 31.66 48.01 0 0.376663 556.99 566.17 31.92 51.78 0 0.372394 1745.72 50.76 29.96 25.23 0 0.371317 1735.54 151.49 31.00 19.11 0 0.371189 1478.98 472.87 33.62 40.77 0 0.368966 578.04 729.51 19.69 30.19 3 0.367948 1155.04 213.34 46.90 23.44 0 0.366987 554.65 668.05 30.79 50.54 0 0.364606 1349.08 538.65 31.55 60.61 0 0.357035 1418.56 188.20 31.91 27.74 0 0.356552 631.24 270.82 25.60 32.32 0 0.350704 1570.69 15.51 29.09 23.09 0 0.348403 437.83 436.66 30.92 31.49 0 0.343178 501.21 295.93 27.55 41.56 0 0.336258 1799.60 55.40 25.11 22.63 0 0.333902 1825.95 43.08 24.04 22.03 0 0.331805 1453.70 13.97 36.22 26.23 0 0.329817 632.79 515.87 27.50 42.07 0 0.327743 1720.82 41.49 27.10 23.52 0 0.322694 1384.87 642.36 33.00 40.36 0 0.322497 1486.78 517.11 33.92 43.60 0 0.314938 1783.12 51.36 25.72 24.78 0 0.311989 1490.13 354.74 30.73 34.51 0 0.308892 631.73 560.66 32.54 46.20 0 0.306328 184.52 603.47 27.19 42.88 0 0.300467 1331.97 385.42 28.24 44.48 0 0.299151 777.79 208.10 27.29 37.49 0 0.298089 1724.38 50.34 28.60 24.16 0 0.296705 1894.92 101.61 25.08 23.30 0 0.294459 1767.79 903.13 58.19 31.36 0 0.290919 1351.34 490.56 31.50 51.81 0 0.290398 1858.20 459.55 38.78 25.82 0 0.290316 665.18 301.97 29.65 43.45 0 0.286222 1098.75 736.13 79.80 31.63 0 0.282972 1790.24 123.23 24.57 25.61 0 0.281006 1592.95 96.71 21.82 28.79 0 0.277855 384.76 668.90 35.52 52.36 0 0.275864 665.64 378.83 26.17 40.71 0 0.274619 242.63 498.65 33.17 44.39 0 0.274099 1324.43 353.87 28.18 30.41 0 0.273135 1422.81 221.61 30.16 28.54 0 0.271573 1434.81 256.27 27.61 30.87 0 0.270554 728.62 302.86 32.72 48.21 0 0.270028 438.80 86.78 23.86 37.64 0 0.267114 1784.32 122.83 28.27 24.31 0 0.266494 747.11 523.33 33.76 55.35 0 0.265213 1773.88 900.73 65.85 32.10 0 0.264158 622.49 381.10 23.56 36.49 0 0.261125 536.11 509.84 34.94 49.12 0 0.259000 1853.86 461.01 35.87 24.55 0 0.256894 313.49 355.78 35.81 40.67 0 0.256871 1456.03 195.44 24.89 29.02 0 0.255803 351.85 667.97 34.57 51.59 0 0.250087 1419.06 192.37 32.25 31.22 0
70,0.731971 715.97 624.33 32.57 49.83 0 0.711075 644.83 526.78 32.33 47.25 0 0.710255 668.94 786.67 35.58 59.44 0 0.691093 785.00 285.49 27.94 45.89 0 0.683796 686.79 623.95 30.12 46.87 0 0.680390 334.75 791.39 36.39 53.59 0 0.679049 746.37 625.77 31.84 50.96 0 0.678715 549.50 466.13 31.76 45.29 0 0.667601 551.60 671.39 34.36 55.55 0 0.666424 640.53 788.67 33.64 55.70 0 0.661712 475.72 789.74 32.61 52.53 0 0.659960 785.03 401.93 26.61 46.61 0 0.656483 520.15 672.60 35.46 54.42 0 0.650885 614.11 677.81 33.43 47.73 0 0.649841 569.27 384.66 31.02 43.66 0 0.644350 770.03 481.12 29.89 45.44 0 0.642946 648.99 393.99 30.78 42.88 0 0.638099 698.99 390.68 29.81 51.15 0 0.628284 353.61 349.52 32.11 43.49 0 0.618229 1163.17 300.96 45.84 21.67 0 0.604886 1509.22 638.60 31.77 40.22 0 0.602117 1704.73 183.32 20.83 30.66 0 0.601214 505.68 790.71 31.64 54.89 0 0.600887 1487.59 534.27 30.28 40.86 0 0.593520 332.91 663.50 35.34 51.63 0 0.593417 1675.55 180.49 20.26 32.75 0 0.592094 686.14 477.64 26.07 41.46 0 0.584605 259.45 549.58 34.02 44.79 0 0.583924 506.10 271.60 30.35 43.64 0 0.582620 1459.11 250.54 29.26 30.79 0 0.581419 1459.02 400.30 27.05 35.72 0 0.576309 361.44 663.51 35.36 53.22 0 0.574818 379.80 298.81 30.21 42.15 0 0.570837 230.69 606.24 37.37 49.73 0 0.568266 373.80 791.53 37.44 53.97 0 0.565630 1629.84 180.12 19.99 28.21 0 0.565265 617.82 530.06 29.85 44.85 0 0.565016 541.05 789.55 35.97 54.95 0 0.563405 474.52 516.86 31.64 42.22 0 0.560431 1808.38 126.01 18.23 28.54 0 0.559460 1001.87 856.51 72.77 32.75 0 0.558942 482.06 385.65 37.25 44.31 0 0.558294 628.31 623.83 27.85 44.55 0 0.557865 1469.34 447.86 27.17 32.63 0 0.555561 770.86 786.83 37.16 61.60 0 0.552708 531.09 517.37 34.66 48.19 0 0.545033 1106.27 296.03 45.93 22.45 0 0.542170 729.88 530.14 30.45 50.25 0 0.540815 376.65 307.18 29.96 36.11 0 0.540661 310.35 441.44 36.08 43.25 0 0.532943 333.98 395.77 30.92 43.96 0 0.532690 724.35 393.47 31.44 51.46 0 0.528592 1101.31 298.80 46.10 21.11 0 0.527427 743.58 481.89 28.55 42.28 0 0.524369 1520.00 689.27 38.34 49.33 0 0.522573 1340.06 483.80 29.95 43.78 0 0.522004 205.30 662.19 35.57 43.45 0 0.521503 376.83 782.90 35.03 55.91 0 0.521134 1361.71 652.86 30.48 52.48 0 0.515483 1652.27 179.42 20.14 30.61 0 0.514769 1829.73 129.81 16.83 26.95 0 0.508838 1704.87 67.93 27.65 20.70 0 0.506980 682.12 280.32 30.82 41.29 0 0.506327 706.85 787.31 34.36 57.23 0 0.506086 516.40 464.69 31.25 45.93 0 0.504514 544.73 785.78 37.58 52.63 0 0.504042 435.46 530.64 34.28 36.91 0 0.503719 283.43 488.49 40.46 46.67 0 0.499407 578.34 348.29 28.14 32.57 0 0.498582 1359.27 598.30 29.85 46.06 0 0.494685 583.93 279.00 28.68 35.62 0 0.491046 1738.68 913.52 51.74 28.82 0 0.489313 714.24 479.15 28.30 42.75 0 0.487317 1729.92 185.89 21.27 29.03 0 0.478726 1525.63 493.86 42.69 36.62 0 0.475815 632.49 279.98 29.32 33.24 0 0.475626 993.77 285.87 45.16 23.81 0 0.468927 628.31 366.48 28.08 33.18 0 0.466752 1850.29 132.94 17.96 23.39 0 0.462545 565.88 669.57 33.29 55.71 0 0.456960 1422.45 208.13 23.43 27.02 0 0.456869 1610.16 180.07 20.61 27.16 0 0.455539 1687.81 124.29 20.58 23.81 0 0.450679 1663.69 894.89 37.21 25.73 0 0.448882 1480.89 490.83 32.60 35.31 0 0.447393 534.56 621.17 29.64 43.65 0 0.447121 1681.28 302.04 28.15 23.63 0 0.439300 836.35 231.43 27.26 23.37 0 0.435715 655.61 621.59 28.85 43.84 0 0.431824 1656.12 67.45 25.96 17.47 0 0.431284 716.25 528.49 28.52 41.61 0 0.428086 621.71 389.98 31.06 38.80 0 0.425120 1501.35 592.89 27.49 39.47 0 0.422803 688.43 475.13 27.62 39.55 0 0.422721 1159.55 299.93 41.78 19.97 0 0.421977 761.15 523.18 35.86 57.47 0 0.417527 1682.98 608.71 32.42 43.47 0 0.414796 1726.61 107.96 22.67 19.45 0 0.411577 1752.03 131.56 22.72 20.44 0 0.410609 1337.96 447.82 28.69 30.39 0 0.410339 1494.76 587.70 29.47 43.58 0 0.408630 1490.86 396.27 22.27 30.43 0 0.407955 1373.05 6.20 18.70 27.35 0 0.406024 1815.44 200.79 25.72 23.75 0 0.404781 540.71 619.09 32.12 46.39 0 0.402788 1186.48 300.81 47.35 23.59 0 0.399741 369.11 664.04 34.98 52.10 0 0.397766 1361.38 614.54 29.42 44.56 0 0.396324 1711.32 914.67 47.55 31.95 0 0.392210 1684.85 108.09 21.64 19.29 0 0.390464 1869.18 209.81 27.44 23.02 0 0.384223 656.55 478.52 27.71 35.87 0 0.383253 1103.15 853.48 78.97 37.89 1 0.381035 1446.80 351.08 32.23 29.67 1 0.378994 1809.59 201.18 27.50 25.62 0 0.378217 553.56 852.11 19.93 31.26 3 0.376650 600.51 476.81 27.93 36.59 0 0.376559 1414.89 175.02 22.22 22.44 0 0.376541 1861.08 179.44 28.23 18.67 0 0.373386 775.10 788.75 39.61 68.26 0 0.371897 662.35 477.91 25.97 37.42 0 0.365363 1350.28 553.23 24.96 37.70 0 0.365341 692.13 1050.73 56.29 24.17 0 0.361514 1758.10 193.47 19.72 25.79 0 0.356678 1841.19 207.69 25.37 22.81 0 0.350784 1777.04 106.38 21.51 19.63 0 0.349607 566.38 387.88 30.87 49.07 0 0.347825 1875.60 562.45 29.66 38.51 0 0.346588 1439.21 291.61 27.93 28.61 0 0.344387 618.98 849.05 22.05 26.86 3 0.340067 735.36 499.96 30.80 55.22 0 0.336034 487.18 383.12 40.77 45.82 0 0.332676 1668.68 66.08 29.36 19.89 0 0.331459 1825.69 231.76 32.00 19.72 0 0.325974 1584.77 92.28 26.55 23.22 0 0.324971 1853.92 181.68 29.44 16.63 0 0.324878 1437.96 278.85 28.05 29.94 0 0.324567 831.22 283.62 30.02 63.55 0 0.323727 510.66 272.47 35.81 41.85 0 0.322424 587.64 279.23 29.81 32.23 0 0.321827 1465.82 275.11 26.47 29.94 0 0.319690 615.74 535.71 29.21 44.28 0 0.317553 576.72 852.19 17.85 28.41 3 0.311075 1734.95 127.83 19.30 21.98 0 0.310433 1794.26 915.19 55.97 30.15 0 0.309720 437.24 173.96 26.01 29.99 0 0.307889 449.01 485.23 29.03 37.31 0 0.305791 763.86 496.55 35.08 66.30 0 0.303290 622.70 397.56 29.96 40.41 0 0.302056 1790.22 1047.30 42.67 29.41 0 0.299245 338.77 784.56 36.93 57.17 0 0.297286 506.91 849.95 19.40 34.21 3 0.291724 492.71 922.65 35.15 21.49 0 0.290750 1630.90 93.70 25.58 22.01 0 0.290734 521.44 792.50 32.93 53.13 0 0.289331 1355.58 590.81 30.67 47.54 0 0.285737 1100.13 854.58 80.74 36.58 0 0.285221 229.84 181.29 30.93 16.57 0 0.280370 994.81 288.77 49.41 25.64 0 0.278736 1731.46 190.86 17.92 27.18 0 0.278730 1505.04 90.68 25.59 25.67 0 0.277769 510.94 472.11 31.55 39.14 0 0.275062 698.65 788.17 33.20 61.53 0 0.272099 1549.19 100.51 27.01 24.67 0 0.268058 455.81 466.38 32.76 33.53 0 0.266358 440.56 521.16 34.00 42.15 0 0.262751 516.06 382.03 32.23 43.87 0 0.260743 787.51 273.75 30.36 47.79 0 0.259189 593.96 848.85 23.21 28.56 3 0.256256 1702.80 189.02 18.54 28.50 0 0.254709 1530.33 501.98 44.26 30.23 0 0.254589 771.24 286.13 26.38 41.58 0 0.254575 343.71 791.56 47.31 56.61 0 0.253691 1337.46 461.47 29.95 36.79 0
71,0.744037 740.69 364.96 28.77 43.70 0 0.722771 739.96 501.27 33.24 49.40 0 0.686332 591.27 411.32 31.14 45.93 0 0.681409 790.54 175.79 27.00 43.86 0 0.677251 769.36 366.63 30.28 42.74 0 0.671576 670.06 284.19 27.57 44.12 0 0.669994 503.33 279.57 30.76 41.53 0 0.668487 715.57 364.45 30.59 42.67 0 0.648926 427.39 510.77 32.78 48.39 0 0.647926 553.87 509.11 28.94 48.67 0 0.644003 641.44 286.27 28.29 42.96 0 0.641773 519.16 69.60 26.84 41.88 0 0.640050 782.92 76.16 28.19 44.63 0 0.633441 531.74 167.24 25.17 42.38 0 0.631467 380.72 403.92 33.90 49.95 0 0.631385 556.29 411.47 31.66 47.60 0 0.630032 650.77 409.32 29.65 45.49 0 0.629721 679.14 242.18 23.04 35.80 0 0.625593 807.07 501.16 30.63 47.66 0 0.621289 411.57 404.20 31.50 51.10 0 0.620605 709.00 504.06 30.23 48.94 0 0.620313 736.89 171.67 27.27 41.76 0 0.615299 785.36 58.30 29.02 29.38 0 0.615014 568.69 365.12 28.66 39.92 0 0.612470 505.41 173.11 26.40 36.89 0 0.608513 1373.33 119.96 21.46 34.23 0 0.604115 589.44 504.84 31.65 47.92 0 0.598957 621.09 242.06 25.59 37.63 0 0.594122 258.48 408.54 34.18 43.83 0 0.592178 525.70 508.36 28.19 46.33 0 0.588413 704.44 242.70 23.61 40.60 0 0.570081 748.77 282.78 28.27 47.56 0 0.557288 662.26 172.00 27.60 43.12 0 0.555417 1464.39 315.95 28.12 33.64 0 0.550857 306.17 311.51 31.07 41.17 0 0.550745 395.77 510.71 31.85 46.47 0 0.547398 593.57 72.19 23.97 39.59 0 0.542121 641.33 74.55 23.66 38.14 0 0.539938 688.42 73.87 24.54 40.57 0 0.529244 1008.93 551.13 73.04 30.93 0 0.519510 582.97 163.80 27.58 44.59 0 0.518824 1598.62 841.66 42.58 53.08 0 0.510205 1672.71 1035.77 37.60 31.99 0 0.507111 1143.20 82.54 44.37 19.48 0 0.503734 1489.36 401.62 35.31 44.66 0 0.501977 569.28 240.80 26.90 34.42 0 0.501176 1435.23 198.53 27.26 34.19 0 0.500757 678.88 504.54 28.19 48.53 0 0.499379 1741.46 680.67 48.78 26.23 0 0.497974 726.36 245.21 25.90 39.34 0 0.497017 279.66 362.60 33.85 44.85 0 0.494646 471.83 288.33 29.74 39.01 0 0.490739 558.00 278.78 29.97 43.22 0 0.490436 1758.55 678.93 56.80 28.30 0 0.485472 319.34 264.58 39.47 40.59 0 0.485125 725.48 281.58 26.77 41.13 0 0.482509 1319.15 232.29 27.28 43.87 0 0.475121 397.00 96.16 28.27 41.32 0 0.468880 1336.35 324.19 31.24 41.59 0 0.468392 1476.53 358.29 29.37 35.25 0 0.465956 1397.80 52.82 26.48 33.29 0 0.464494 1544.33 824.49 35.04 40.42 0 0.463243 1629.73 699.44 57.61 44.67 0 0.462327 779.64 279.26 29.85 54.45 0 0.461821 642.28 136.92 27.72 33.93 0 0.461584 638.42 173.99 28.42 40.23 0 0.459779 1539.42 822.27 35.30 40.18 0 0.459755 709.29 167.33 27.29 45.35 0 0.442939 1415.25 110.87 24.37 37.14 0 0.440584 748.80 245.38 26.43 39.93 0 0.439210 1870.79 726.07 39.71 48.88 0 0.437690 760.08 272.95 32.81 52.94 0 0.431934 542.46 242.26 26.61 35.62 0 0.419959 1389.27 0.00 19.30 22.96 0 0.413537 476.96 280.77 31.67 39.48 0 0.406370 1878.53 723.59 39.03 49.56 0 0.400507 591.62 138.74 32.49 30.02 0 0.400299 356.09 186.97 31.59 38.79 0 0.398331 684.99 364.57 27.77 41.67 0 0.397828 1456.00 106.08 25.55 36.23 0 0.395729 1416.01 116.57 25.64 35.28 0 0.381676 579.67 509.08 31.18 47.20 0 0.381144 986.38 74.22 45.96 25.50 0 0.379973 1431.80 65.52 27.43 28.75 0 0.379962 1822.22 280.63 41.32 25.03 0 0.371865 360.72 182.56 30.71 39.76 0 0.368024 1409.88 56.07 27.06 31.99 0 0.367368 377.15 143.86 28.28 33.57 0 0.365050 1156.22 82.84 47.08 22.51 0 0.360365 1346.17 0.00 19.86 20.52 0 0.359950 781.25 239.00 29.33 41.42 0 0.358150 1715.98 919.29 43.31 39.18 0 0.356239 1455.75 272.39 27.01 34.72 0 0.352095 344.48 217.84 32.33 42.06 0 0.350646 637.78 140.86 29.55 34.19 0 0.347754 1344.66 376.01 28.35 48.21 0 0.344485 756.09 243.48 27.88 41.61 0 0.343659 657.25 366.25 24.60 37.93 0 0.343126 338.94 221.92 34.43 38.58 0 0.341929 562.40 276.69 30.17 43.99 0 0.340299 1447.03 117.09 23.76 35.10 0 0.338906 777.02 80.47 29.51 39.33 0 0.336739 713.73 6.43 32.27 34.00 0 0.335601 654.41 392.50 28.61 48.18 0 0.334759 674.09 364.79 25.68 39.75 0 0.332844 591.32 166.71 30.45 43.04 0 0.330907 1885.53 579.52 34.47 26.37 0 0.329129 390.67 100.14 31.22 36.97 0 0.327555 1744.95 572.80 46.59 25.72 0 0.325283 1701.15 896.10 28.22 21.24 3 0.324330 1640.26 332.69 32.57 41.30 0 0.312049 1669.65 576.59 55.02 27.84 0 0.307489 1313.16 201.53 27.22 28.47 0 0.305225 1453.10 115.45 25.80 34.39 0 0.304764 630.22 174.69 29.22 38.80 0 0.304722 691.35 504.72 29.60 44.92 0 0.297628 1424.48 161.32 23.33 31.69 0 0.297139 1091.90 70.04 35.54 24.83 0 0.295180 1681.13 576.12 57.67 28.07 0 0.291933 1591.08 834.40 38.53 54.46 0 0.283374 1445.55 109.64 24.82 36.73 0 0.280909 771.72 282.59 31.98 50.68 0 0.280741 1497.30 399.21 37.39 47.70 0 0.279330 1671.79 573.16 61.30 28.00 0 0.275905 1101.51 550.10 79.18 30.31 0 0.273305 1778.76 0.00 25.09 15.68 0 0.271744 829.53 76.86 26.84 51.38 0 0.265166 619.54 3.14 26.90 34.11 0 0.264294 699.39 4.72 27.57 32.93 0 0.261413 625.65 142.90 32.88 34.63 0 0.260073 1602.52 848.10 45.94 49.04 0 0.259309 832.80 31.51 23.30 21.46 0 0.253636 988.39 69.91 41.63 26.49 0 0.252976 1746.72 577.93 47.58 25.94 0 0.251715 536.88 240.95 28.75 34.74 0 0.251507 1105.12 545.91 75.36 32.90 1
72,0.783162 567.64 684.59 41.61 62.81 1 0.622566 252.56 122.80 56.89 38.84 0 0.620911 488.82 222.82 44.80 36.04 0 0.611963 395.87 993.95 51.43 34.05 0 0.602566 519.26 32.60 55.39 35.48 0 0.595936 163.67 1036.53 62.42 40.45 0 0.590883 886.17 0.26 33.47 46.50 0 0.578877 928.99 210.92 30.62 44.40 0 0.576314 426.41 196.25 51.25 38.52 0 0.561102 368.31 171.74 47.17 38.10 0 0.544246 180.95 1006.64 58.78 33.61 0 0.536519 186.58 99.53 56.13 37.07 0 0.513369 50.06 146.27 60.75 41.09 0 0.508868 808.19 195.00 31.71 44.44 0 0.507817 543.65 247.23 53.21 38.17 0 0.505431 6.33 936.69 48.62 35.27 0 0.502181 197.13 967.77 62.36 40.17 0 0.499847 543.38 769.55 35.69 43.51 0 0.488599 45.74 34.02 38.22 33.28 0 0.482956 2.26 8.81 51.98 37.74 0 0.476497 255.04 292.48 59.93 39.46 0 0.466208 0.81 973.24 42.90 31.45 0 0.457503 927.88 193.25 36.20 51.40 0 0.457136 201.34 263.46 45.88 39.66 0 0.445466 314.60 149.29 43.47 35.48 0 0.426722 935.46 187.15 31.46 42.46 0 0.419424 186.74 259.91 54.76 39.35 0 0.415871 393.49 344.02 52.80 43.68 0 0.407159 135.93 240.49 55.90 42.44 0 0.405073 464.02 377.06 52.42 44.93 0 0.400509 0.00 998.35 30.31 32.73 0 0.399770 1004.16 155.93 56.75 38.84 0 0.399596 405.67 348.01 52.77 44.65 0 0.398127 339.29 320.52 54.05 41.71 0 0.397530 365.70 1057.31 59.88 22.69 0 0.394269 124.70 234.33 53.09 39.23 0 0.390254 181.87 998.27 65.01 36.19 0 0.384285 121.93 232.74 51.45 33.99 0 0.377142 247.75 120.19 54.21 36.32 0 0.370262 539.82 785.53 31.90 42.85 0 0.369742 134.03 237.50 51.39 39.25 0 0.369382 1143.02 487.60 43.77 25.43 0 0.366527 112.05 63.25 52.30 34.37 0 0.362425 813.35 178.69 33.71 36.55 0 0.362306 373.90 338.10 58.88 44.42 0 0.359964 61.93 962.23 65.54 33.77 0 0.357889 362.32 168.86 48.54 36.60 0 0.356519 963.56 222.78 32.57 41.92 0 0.349959 665.39 344.78 46.80 25.13 0 0.345121 344.54 327.47 61.33 43.87 0 0.339749 57.43 986.45 47.14 33.42 0 0.329755 831.27 146.03 31.48 31.19 0 0.327895 979.35 224.00 28.28 38.99 0 0.326163 15.05 0.00 48.39 28.58 0 0.321471 190.48 978.31 61.49 38.80 0 0.315650 459.70 372.44 51.44 43.67 0 0.312018 19.65 891.62 63.55 44.68 0 0.305737 1000.18 589.43 36.53 29.19 0 0.305355 394.79 1001.69 50.85 32.82 0 0.302817 670.19 873.54 23.32 35.79 0 0.302366 656.03 365.23 45.48 24.28 0 0.299341 370.52 1051.14 60.16 28.86 0 0.291791 875.70 394.04 50.37 30.54 0 0.289110 23.91 1041.63 62.08 33.81 0 0.288326 676.10 319.82 46.28 25.44 0 0.282258 35.07 0.00 44.38 25.34 0 0.276126 63.08 931.16 69.49 43.84 0 0.271174 0.05 1036.35 21.88 35.34 0 0.267089 72.02 915.82 76.17 44.42 0 0.266477 160.20 1043.94 63.45 36.06 0 0.261105 60.76 151.99 56.45 44.01 0 0.254058 577.82 685.94 41.88 59.18 1 0.251992 7.92 17.48 48.77 36.64 0
73,0.748719 523.29 537.58 27.89 45.80 0 0.747765 524.44 858.15 33.69 60.80 0 0.746061 381.84 763.13 33.59 55.65 0 0.732782 551.41 532.60 28.88 46.93 0 0.729917 421.44 877.59 36.58 62.99 0 0.725933 210.69 779.73 39.11 60.97 0 0.708993 663.37 838.99 36.47 58.00 0 0.697495 236.91 915.75 38.79 65.44 0 0.692863 546.40 688.64 33.10 49.93 0 0.688311 556.22 448.95 27.51 48.93 0 0.683572 418.08 756.86 34.79 60.80 0 0.681085 496.88 540.02 26.59 46.08 0 0.680407 592.09 848.04 37.89 63.03 0 0.680356 351.64 890.84 32.82 62.01 0 0.678301 483.25 749.71 32.10 60.78 0 0.677832 383.79 459.87 32.43 51.21 0 0.672497 596.68 331.18 29.97 42.72 0 0.660807 474.35 457.02 27.78 45.43 0 0.654873 612.88 677.32 34.78 53.35 0 0.654225 462.36 597.68 27.01 51.37 0 0.647597 303.92 350.81 30.51 48.53 0 0.646434 382.13 885.95 36.03 66.70 0 0.644668 385.28 344.42 28.06 45.45 0 0.641817 811.70 302.02 43.33 24.61 0 0.640642 992.77 850.56 80.20 41.40 1 0.640346 306.92 618.58 31.17 44.14 0 0.640125 175.62 783.68 37.62 59.78 0 0.637572 529.96 451.58 28.24 47.57 0 0.617422 447.09 458.12 25.20 45.76 0 0.610548 147.04 457.15 30.82 43.27 0 0.606280 115.35 558.06 36.98 47.78 0 0.601254 579.22 682.64 30.79 52.67 0 0.598081 326.47 467.78 30.90 47.32 0 0.592429 1589.97 799.09 48.42 30.21 0 0.592082 76.03 678.96 33.69 53.07 0 0.590622 818.66 302.38 44.25 22.02 0 0.589543 1493.42 62.35 25.06 20.69 0 0.586109 615.76 446.00 28.05 50.27 0 0.574750 51.35 748.10 34.96 52.73 0 0.572313 388.49 704.00 29.26 53.13 0 0.566833 343.17 555.80 27.68 47.70 0 0.565550 973.97 295.28 46.53 21.03 0 0.564526 516.22 688.69 29.83 45.07 0 0.554369 436.81 342.53 30.24 45.01 0 0.554182 450.53 415.14 26.46 38.79 0 0.551504 1440.87 66.17 22.11 19.04 0 0.551327 553.87 583.25 26.89 48.74 0 0.550568 294.98 477.62 29.42 44.62 0 0.549072 1269.87 355.17 27.19 28.31 0 0.548799 165.60 404.93 32.90 41.56 0 0.548404 434.67 547.56 26.13 46.17 0 0.548163 581.88 530.84 28.96 48.82 0 0.546651 1504.17 527.43 33.83 35.80 0 0.545372 1513.29 59.22 26.40 22.04 0 0.537574 1289.74 398.58 23.51 32.14 0 0.536300 493.52 593.48 30.10 52.50 0 0.532695 200.31 916.65 37.50 62.21 0 0.526542 1784.45 771.15 57.07 32.93 0 0.525190 1362.67 440.37 44.95 25.04 0 0.525117 1827.70 943.04 48.05 67.21 0 0.524567 899.53 866.89 73.87 33.09 0 0.522965 1367.97 629.80 35.80 39.84 0 0.521626 487.12 335.62 30.34 46.69 0 0.520346 558.51 851.72 33.21 63.62 0 0.514738 371.97 600.95 29.04 51.86 0 0.514562 373.69 552.31 29.66 42.29 0 0.513337 1316.92 483.88 28.53 33.82 0 0.504104 32.94 810.98 34.02 49.64 0 0.502049 922.07 297.94 38.40 19.80 0 0.493015 133.12 506.81 31.36 45.70 0 0.492018 580.01 582.48 31.96 57.07 0 0.490273 610.66 560.88 36.81 78.33 1 0.489401 1437.82 120.96 18.99 25.68 0 0.485111 488.19 696.59 26.58 47.63 0 0.481506 1788.95 953.75 43.88 62.55 0 0.480014 641.83 317.66 34.03 60.58 0 0.479266 93.65 611.56 42.66 56.79 0 0.478819 1583.54 58.42 21.84 18.66 0 0.477345 1548.94 953.87 62.47 54.27 0 0.476214 1419.21 122.23 16.33 25.93 0 0.476147 1563.25 127.10 23.08 21.03 0 0.475903 1514.10 122.32 19.63 24.54 0 0.474682 389.00 419.86 31.47 36.98 0 0.472063 994.36 294.18 51.88 24.57 0 0.459112 1394.72 126.65 19.61 24.16 0 0.453645 1568.08 798.87 56.68 30.89 0 0.445956 914.07 374.59 23.55 19.87 3 0.443717 1218.83 626.44 28.13 40.42 0 0.442628 917.94 298.85 37.87 20.88 0 0.441524 1657.40 913.24 51.91 34.48 0 0.440320 1463.41 230.01 29.42 23.39 0 0.436751 1587.68 129.70 22.70 19.36 0 0.432109 1343.98 576.44 31.68 38.41 0 0.425299 1489.57 121.86 17.65 24.58 0 0.420003 1202.06 557.97 32.34 42.53 0 0.415161 546.75 336.47 26.12 41.49 0 0.414097 211.97 252.75 25.81 34.73 0 0.413773 1640.21 792.53 44.08 35.06 0 0.413506 314.29 969.81 21.04 31.72 3 0.409234 1298.21 443.29 32.40 28.24 0 0.408977 1150.41 369.66 25.61 28.07 0 0.407627 1898.67 152.36 20.45 23.14 0 0.407296 1173.62 452.31 29.08 39.14 0 0.405071 1462.63 120.93 17.80 25.27 0 0.401955 1702.64 401.11 32.62 17.51 0 0.401687 1897.40 86.36 21.06 30.56 0 0.400508 1254.95 306.98 28.97 23.69 0 0.398133 458.93 942.53 20.13 29.40 3 0.396348 506.95 936.81 19.71 29.32 3 0.395020 1197.77 134.01 22.43 22.97 0 0.394076 1537.67 57.21 24.12 22.44 0 0.393335 1561.36 58.09 20.75 19.89 0 0.392479 211.59 263.34 26.62 31.23 0 0.386139 1312.83 61.14 23.80 16.85 0 0.378085 486.94 937.91 19.17 29.62 3 0.377484 1660.59 911.74 60.84 33.31 0 0.374300 1657.12 188.21 33.89 22.47 0 0.370531 335.79 968.14 19.39 28.82 3 0.369962 1607.60 127.26 26.17 20.34 0 0.366009 598.44 306.20 35.77 22.39 0 0.366007 448.90 428.34 25.16 39.37 0 0.364252 1400.91 12.96 19.12 16.27 0 0.360453 290.58 976.84 16.86 28.85 3 0.358306 957.14 257.28 29.48 17.28 0 0.358286 359.79 962.56 20.34 29.27 3 0.354709 1311.50 474.20 31.01 37.64 0 0.343168 1208.47 179.40 24.76 18.87 0 0.340219 1165.11 421.59 26.11 26.14 0 0.339227 1632.93 794.23 40.81 33.09 0 0.338702 1204.91 563.98 32.19 48.53 0 0.338482 966.17 296.22 38.01 20.00 0 0.338003 1876.78 126.52 30.11 27.50 0 0.336093 266.37 985.88 23.26 25.68 3 0.326367 1597.88 157.51 33.61 15.24 0 0.318775 548.49 693.50 28.99 53.74 0 0.316732 642.38 274.36 24.95 17.78 3 0.316373 1651.40 792.20 50.46 33.67 0 0.316121 1391.64 43.75 21.06 14.48 0 0.315920 371.47 567.10 30.34 47.89 0 0.314412 1004.83 294.25 49.24 24.27 0 0.309815 1256.04 314.23 28.26 25.93 0 0.305427 1663.48 456.72 25.12 33.74 0 0.304329 1440.72 9.07 22.30 19.79 0 0.303899 1333.70 530.82 27.07 36.86 0 0.303553 243.27 486.79 18.66 22.57 3 0.303182 1368.61 443.12 42.59 24.01 0 0.300591 1373.14 628.32 37.18 41.58 0 0.294843 1250.28 231.70 25.97 21.17 0 0.294388 614.62 528.03 29.60 51.44 0 0.293395 1726.90 92.94 38.07 19.46 0 0.290899 1854.59 84.76 21.28 26.83 0 0.290235 1181.40 373.46 17.79 25.68 0 0.289577 297.82 473.15 31.79 45.36 0 0.285907 603.28 678.28 37.36 52.91 0 0.285285 486.94 702.87 27.34 49.57 0 0.285275 1812.06 946.72 54.20 63.98 0 0.282965 388.08 429.37 31.17 51.59 0 0.280202 150.97 455.42 31.91 40.17 0 0.277978 1658.43 201.34 33.05 21.49 0 0.266080 1276.91 61.09 21.23 17.92 0 0.260523 1702.11 0.00 24.96 19.80 0 0.260126 1515.62 794.57 41.11 26.68 0 0.259469 459.34 548.87 24.85 45.34 0 0.256355 1515.08 40.60 23.50 18.11 0 0.254058 1324.12 17.96 27.58 15.66 0 0.254023 441.35 340.38 31.09 43.75 0 0.253281 1228.88 237.17 29.54 21.78 0 0.252199 1608.17 0.00 20.28 18.54 0
74,0.722095 454.70 812.66 31.21 53.54 0 0.708390 351.12 816.74 38.16 55.84 0 0.687261 593.90 694.78 36.01 51.87 0 0.686924 499.61 695.12 33.81 53.51 0 0.684620 520.37 491.43 31.91 42.59 0 0.664160 622.14 806.23 31.59 58.85 0 0.663300 758.48 809.84 33.86 52.32 0 0.661630 692.73 642.03 34.09 52.81 0 0.656742 686.94 804.58 36.33 57.11 0 0.654082 623.58 544.04 31.97 48.22 0 0.652708 665.41 641.73 32.08 46.94 0 0.648815 521.46 815.23 34.18 52.50 0 0.643848 557.37 290.54 28.79 44.79 0 0.636826 313.13 817.23 36.87 55.56 0 0.635872 804.90 291.83 32.21 64.81 1 0.635300 456.56 407.11 29.76 38.82 0 0.630526 763.43 413.59 24.75 48.23 0 0.629918 1462.27 536.11 31.69 43.75 0 0.622856 234.94 573.39 33.76 46.81 0 0.621740 718.60 493.28 29.26 45.05 0 0.620759 972.17 298.22 43.04 23.57 0 0.617377 653.77 807.35 32.33 57.94 0 0.617053 601.54 294.11 31.26 42.68 0 0.616556 622.99 408.15 30.75 44.47 0 0.615237 1776.48 198.94 25.27 25.43 0 0.614956 654.73 296.81 28.82 43.29 0 0.614397 687.71 497.84 27.56 39.35 0 0.611730 507.32 537.93 32.51 48.03 0 0.608250 309.94 683.21 35.67 56.60 0 0.607125 529.29 695.10 34.76 53.34 0 0.603579 661.96 494.37 29.00 40.09 0 0.602816 673.43 407.96 30.87 48.67 0 0.602476 488.92 815.48 30.12 54.80 0 0.600604 757.70 301.11 28.60 46.23 0 0.598564 988.03 870.24 71.69 34.51 0 0.596494 1432.47 248.81 24.55 36.04 0 0.586314 1580.65 181.91 21.50 24.44 0 0.585230 541.61 401.88 31.54 47.08 0 0.584812 593.80 548.62 32.59 46.05 0 0.578371 254.35 516.92 43.35 47.41 0 0.576557 476.83 286.48 33.92 47.30 0 0.576339 306.77 419.74 32.53 41.23 0 0.573263 1393.07 208.42 21.09 27.82 0 0.572230 208.81 630.73 36.77 49.75 0 0.568037 761.56 277.86 32.57 22.28 0 0.565524 303.46 424.28 32.43 39.64 0 0.563348 1338.07 604.40 32.97 48.60 0 0.562375 524.88 805.81 35.50 51.78 0 0.561599 449.85 540.90 31.62 45.02 0 0.555719 725.25 641.18 36.32 53.89 0 0.550752 597.50 408.22 29.44 41.15 0 0.547617 323.95 373.12 36.41 36.03 0 0.545954 179.04 693.24 36.89 42.93 0 0.541576 1077.20 303.75 41.16 21.61 0 0.540288 353.48 321.73 29.02 39.76 0 0.539481 701.67 411.49 28.70 45.68 0 0.534997 1481.36 640.03 35.14 37.61 0 0.532772 1638.19 182.46 18.92 26.83 0 0.530285 707.83 539.75 32.32 58.17 0 0.528127 347.25 682.19 34.06 54.20 0 0.527001 1612.42 183.15 22.22 27.23 0 0.526254 577.31 490.20 28.66 44.77 0 0.525828 1661.98 183.31 19.59 28.23 0 0.525055 746.49 491.94 28.75 48.60 0 0.518922 1655.20 603.97 29.80 44.15 0 0.518769 1341.46 664.80 31.73 51.76 0 0.517706 1707.62 126.39 29.13 21.90 0 0.515215 1655.41 125.58 20.64 22.91 0 0.514333 493.95 487.65 31.66 41.70 0 0.513460 279.50 474.98 37.87 34.47 0 0.508717 1442.88 449.30 27.15 36.94 0 0.507679 1497.70 692.28 36.29 49.53 0 0.503759 1315.63 498.35 31.56 44.53 0 0.499680 1648.39 301.51 34.78 21.23 0 0.496296 634.64 638.47 29.76 46.91 0 0.489835 1338.64 10.26 25.43 28.16 0 0.488507 1796.93 134.05 29.92 20.70 0 0.488424 737.56 532.46 37.26 66.15 0 0.482562 1469.86 589.87 30.65 40.21 0 0.481874 1724.14 126.70 28.15 22.86 0 0.481337 1771.36 129.42 21.77 22.06 0 0.475954 1800.27 228.91 35.95 20.83 0 0.474743 539.61 695.19 32.64 51.33 0 0.474472 513.92 636.62 33.28 48.85 0 0.473242 1142.35 307.95 41.63 23.06 0 0.461948 607.67 641.38 27.36 43.34 0 0.460765 1699.78 186.21 21.38 29.15 0 0.454295 407.89 193.50 27.36 30.46 0 0.450169 1510.79 507.31 44.95 28.00 0 0.443168 1429.82 401.13 26.45 38.15 0 0.439447 204.76 635.62 35.30 51.73 0 0.439136 1533.56 64.15 34.43 18.84 0 0.438073 1802.75 205.33 28.79 21.58 0 0.433741 553.22 368.43 28.51 31.29 0 0.430113 340.90 685.13 35.31 55.41 0 0.428426 1690.06 909.42 64.40 36.23 0 0.426427 1705.68 912.06 61.27 34.48 0 0.425075 355.06 810.92 38.10 56.43 0 0.422340 282.57 467.82 37.71 38.81 0 0.421945 1076.77 868.93 78.26 35.60 0 0.414486 491.51 405.49 30.94 43.77 0 0.412824 1511.63 104.38 27.47 20.33 0 0.410332 1654.96 68.24 38.60 19.25 0 0.409087 689.97 543.11 34.70 49.83 0 0.408617 1627.72 69.06 30.62 17.16 0 0.408581 1823.49 203.46 29.69 21.41 0 0.404916 809.57 247.63 28.17 21.00 0 0.399100 1678.63 185.13 19.70 27.69 0 0.398125 409.26 184.32 26.13 33.16 0 0.394876 636.81 490.62 29.76 41.61 0 0.394513 1848.19 557.70 24.59 38.48 0 0.394215 1666.38 68.74 31.90 18.24 0 0.386731 1129.32 308.04 34.60 21.86 0 0.380803 1711.71 907.89 58.69 29.66 0 0.377193 480.19 401.33 30.63 41.96 0 0.375760 1361.89 9.08 29.89 29.05 0 0.373646 1723.53 192.70 20.96 26.79 0 0.365509 1454.49 497.76 30.04 30.75 0 0.361274 1492.72 689.39 34.25 48.32 0 0.359908 605.17 369.24 26.50 34.96 0 0.358774 1652.49 113.55 24.10 15.82 0 0.350754 1079.71 866.76 78.07 38.30 1 0.349987 706.21 411.70 32.12 45.51 0 0.348755 627.67 641.58 32.59 45.50 0 0.342499 1302.09 405.03 27.21 43.14 0 0.338373 412.00 547.63 31.74 41.89 0 0.337012 418.92 534.23 30.48 48.33 0 0.335311 386.93 878.65 23.47 29.12 3 0.335228 1766.08 1042.96 45.39 31.76 0 0.333732 1655.98 608.66 33.79 46.65 0 0.331580 488.97 487.21 29.17 40.24 0 0.331094 1168.26 309.29 41.83 24.84 0 0.330573 1869.85 280.69 31.64 26.17 0 0.329918 1419.38 350.76 28.22 32.44 0 0.329323 408.54 397.76 28.80 29.04 0 0.328768 622.83 636.25 28.77 45.42 0 0.327553 482.49 406.68 31.36 44.32 0 0.326332 1794.32 1040.84 60.63 32.73 0 0.324911 967.36 296.03 43.49 23.48 0 0.321146 1610.71 68.22 27.34 16.67 0 0.310890 1301.23 399.40 27.19 38.43 0 0.302694 1729.07 106.42 30.52 21.61 0 0.302328 1510.93 92.91 25.44 24.38 0 0.299196 1766.89 912.46 59.23 30.43 0 0.298205 911.70 254.09 24.38 15.13 0 0.289784 349.17 328.43 32.05 37.22 0 0.288912 889.74 252.91 23.00 16.88 0 0.287671 463.55 997.67 39.87 20.72 0 0.284195 635.10 540.67 30.35 47.72 0 0.282549 1550.30 93.51 29.67 22.72 0 0.277951 751.98 304.28 28.40 37.39 0 0.274800 754.07 276.34 32.88 22.78 0 0.271498 429.56 486.53 28.24 30.92 0 0.268727 472.84 949.24 41.40 22.18 0 0.268063 1407.43 291.90 28.15 30.10 1 0.262919 1448.93 498.42 28.45 29.02 0 0.262444 1434.53 263.34 25.37 32.17 0 0.258671 1311.14 453.13 27.56 31.34 0 0.256989 958.37 254.58 24.53 16.21 0 0.256628 1384.38 161.62 22.61 22.18 0 0.254047 1702.96 110.51 32.28 17.04 0 0.253213 1498.06 701.32 35.25 48.25 0
75,0.484161 555.33 597.36 15.89 21.95 2 0.392216 558.47 605.33 15.68 20.77 2 0.391734 532.24 572.60 15.68 18.77 2 0.391093 689.06 673.54 14.18 18.38 2 0.342147 687.60 669.03 15.56 18.83 2 0.330647 423.78 454.33 14.63 18.43 2 0.325349 518.11 534.31 15.01 18.79 2 0.312740 1.37 496.08 48.87 72.32 0 0.252327 492.99 540.72 12.52 18.05 2 0.251903 586.64 576.20 11.76 16.21 2
76,0.661062 72.68 275.08 52.67 35.70 0 0.646248 130.57 50.44 48.51 32.37 0 0.619995 572.15 8.23 47.40 25.49 0 0.593446 374.05 69.97 44.30 26.15 0 0.572505 278.12 22.07 37.22 24.33 0 0.551071 385.93 0.00 38.98 14.99 0 0.543599 108.62 164.82 53.57 29.40 0 0.534050 44.06 285.02 55.22 35.28 0 0.533336 86.44 70.19 40.27 28.11 0 0.492118 37.47 89.87 35.73 24.37 0 0.444945 0.10 100.49 28.66 24.48 0 0.355287 567.91 189.75 30.58 36.75 0 0.346009 50.75 277.90 68.45 37.46 0 0.317089 1277.98 609.67 47.36 49.13 0 0.316811 574.04 200.80 29.50 37.07 0 0.305189 0.00 428.61 23.23 39.03 0 0.298542 579.84 205.96 26.38 34.88 0 0.295771 567.86 10.81 48.21 25.64 0 0.285558 0.00 96.79 32.15 27.53 0
77,0.543079 0.00 215.10 19.72 34.01 0 0.501294 516.39 91.37 30.16 28.90 0 0.463090 116.92 516.89 12.27 11.88 2 0.434480 0.00 74.69 48.21 30.95 0 0.354797 0.54 0.00 20.68 22.14 0 0.335671 262.86 0.00 48.39 15.76 0 0.323190 104.23 566.41 10.20 13.92 2 0.301984 86.33 499.26 13.28 10.91 2 0.279335 534.76 117.74 23.70 24.12 0 0.256012 525.23 100.90 28.12 34.74 0 0.250780 189.79 516.44 15.51 18.67 2
78,0.646177 1123.66 303.01 24.36 34.73 0 0.626704 1092.18 555.52 27.70 48.83 0 0.623215 575.77 676.16 60.34 35.49 0 0.608658 1118.23 390.61 30.43 55.27 1 0.588116 1120.77 345.47 26.92 40.03 0 0.520810 840.13 214.44 44.49 27.21 0 0.518468 837.47 241.36 34.38 28.92 0 0.510834 568.45 671.58 59.60 33.60 0 0.480130 1133.05 261.48 24.94 36.74 0 0.474362 1137.57 211.92 23.45 30.46 0 0.465024 850.75 163.76 25.32 21.29 0 0.457209 867.05 138.49 27.85 23.44 0 0.431573 876.73 49.79 37.28 23.34 0 0.412596 739.08 131.89 37.32 36.72 0 0.391930 1246.79 585.86 37.85 97.10 1 0.317517 1260.74 418.22 75.01 47.62 1 0.307881 742.20 136.66 36.96 37.55 0 0.306403 1129.48 257.45 25.59 37.43 0 0.277417 1262.30 421.30 49.05 46.91 1 0.262023 868.66 121.71 25.65 30.78 0 0.259112 1263.07 404.10 62.45 57.00 1
79,0.741118 706.69 375.70 10.49 17.16 2 0.583821 1001.72 0.00 26.64 37.16 0 0.534311 1099.81 64.72 24.67 36.79 0 0.474303 1070.41 46.38 27.04 39.75 0 0.431809 608.77 307.24 9.51 16.29 2 0.397308 1071.94 53.80 26.59 38.46 0 0.357195 675.29 342.13 11.85 13.87 2 0.336230 1304.94 630.03 37.59 48.99 0 0.324523 558.98 295.37 15.08 19.80 2 0.311512 537.69 275.27 16.02 18.36 2 0.307118 913.89 63.28 55.38 31.34 0 0.285472 560.25 304.75 14.82 22.81 2 0.266336 1096.20 65.98 25.19 41.42 0 0.251875 692.03 395.76 12.90 19.52 2
80,0.623594 306.71 178.18 15.22 14.69 2 0.407026 257.07 415.06 14.61 14.24 2 0.393577 307.53 209.28 12.11 13.60 2 0.368768 317.56 210.19 12.51 12.59 2 0.357633 251.70 322.70 11.40 15.12 2 0.354846 239.11 290.26 14.32 15.54 2 0.348990 280.78 191.48 14.75 14.90 2 0.299556 352.85 409.88 11.47 16.38 2 0.277604 185.30 327.96 10.66 12.20 2 0.262297 271.37 163.51 12.03 10.82 2
81,0.431902 790.11 277.24 18.57 22.89 0 0.406107 1025.88 676.32 59.81 38.04 1 0.377952 1109.48 103.41 22.46 22.99 0 0.376519 666.88 479.76 29.45 16.75 0 0.341634 861.68 273.09 18.22 17.09 0 0.327181 844.24 290.71 14.35 20.78 0 0.295297 757.11 314.70 13.85 17.71 0 0.285739 923.31 74.10 20.30 23.50 1 0.275815 900.07 221.76 18.13 26.32 0 0.273664 884.82 23.19 26.54 24.85 0
82,0.691980 1074.11 47.10 26.50 36.27 0 0.664745 1103.20 65.38 25.13 36.86 0 0.532922 575.55 313.61 13.25 18.21 2 0.527756 918.01 61.39 52.05 30.20 0 0.506123 1005.15 0.06 26.48 37.85 0 0.325807 1204.52 527.33 36.12 34.56 0 0.299206 675.20 343.38 11.30 12.45 2 0.293833 1310.44 630.90 32.39 44.26 0 0.281467 689.74 393.13 12.91 17.86 2 0.280101 651.41 78.49 29.34 30.73 1 0.274442 257.15 556.27 18.06 20.98 2 0.270079 1008.36 0.00 23.64 31.35 0 0.254530 559.79 295.40 12.40 17.92 2
83,0.502549 0.00 11.04 26.60 34.09 0 0.467455 1176.87 627.71 15.62 14.19 2 0.395597 99.82 445.48 22.32 17.71 0 0.368780 0.00 7.92 31.38 34.40 0 0.358112 633.62 641.33 16.50 27.08 0 0.264843 1325.51 467.39 18.49 41.85 0 0.264108 489.95 277.16 14.31 18.81 2 0.250173 841.05 3.82 11.34 17.22 2
84,0.450567 1243.91 165.91 27.45 37.46 0 0.418963 1123.08 318.48 35.33 31.15 0 0.410808 724.19 557.90 10.64 15.09 2 0.369375 1201.52 393.20 53.37 43.71 0 0.311948 539.23 313.15 11.00 15.46 2 0.276833 1227.55 188.72 36.47 37.53 0 0.275283 1231.81 173.56 36.15 49.10 0 0.272686 525.11 193.28 12.98 14.00 2
85,0.520408 829.03 245.43 13.43 18.35 0 0.494395 670.19 480.29 28.98 14.95 0 0.494122 1074.37 22.58 17.32 14.56 0 0.488197 1045.64 659.35 38.86 34.17 1 0.478758 876.33 219.31 14.99 20.50 0 0.470402 859.71 262.00 12.44 15.25 0 0.431110 1160.20 8.88 14.38 13.70 0 0.429896 1097.27 77.53 14.96 15.80 0 0.427158 1192.07 30.77 16.20 17.31 0 0.398646 673.47 480.87 30.76 15.58 0 0.368060 1177.70 7.80 12.36 14.09 0 0.354648 789.51 270.42 16.76 21.07 0 0.342270 1157.44 63.50 13.22 12.18 0 0.338022 893.41 211.54 15.38 21.27 0 0.336171 752.90 311.44 15.17 15.00 0 0.328481 1049.93 423.84 21.81 23.58 0 0.321487 1140.78 30.60 14.81 14.10 0 0.315774 1128.29 30.67 15.77 14.28 0 0.314027 1173.30 37.42 15.21 15.53 0 0.309457 681.73 443.97 26.41 16.83 0 0.308214 360.47 312.13 40.27 32.21 0 0.303444 1227.67 508.61 21.52 26.08 0 0.295932 906.99 59.52 19.03 20.14 1 0.295104 876.91 197.48 16.09 15.96 0 0.291197 1031.34 57.10 15.90 15.03 0 0.285957 904.94 358.82 17.91 15.09 0 0.279672 782.59 344.41 19.15 18.56 0 0.275458 550.40 427.77 16.20 14.34 0 0.274289 1089.52 9.44 16.01 13.01 0 0.267846 874.53 304.94 17.33 16.93 0 0.265555 626.75 412.91 18.35 16.19 0 0.263390 698.47 399.66 17.93 15.70 0 0.262010 268.53 375.97 32.89 31.37 0 0.256826 879.89 273.88 12.90 16.03 0
86,0.458869 1025.96 208.71 24.12 24.01 0 0.370675 434.98 143.37 49.71 24.37 0 0.354532 1063.36 209.94 21.51 19.73 0 0.342660 606.65 459.08 18.32 21.48 0 0.334123 339.06 128.96 19.06 36.88 3 0.310858 632.31 439.31 19.60 24.49 0
87,0.681605 1629.63 846.95 30.74 58.73 0 0.643629 638.84 464.15 57.39 25.29 0 0.641209 1651.67 992.12 35.27 68.57 0 0.613628 416.78 9.85 52.95 33.15 0 0.596310 566.99 463.07 58.19 27.98 0 0.594298 1283.91 584.75 55.27 24.09 0 0.593275 281.83 335.11 32.39 56.70 0 0.579907 1434.14 582.92 44.19 29.49 0 0.576661 1053.79 113.61 27.61 51.23 0 0.559106 1358.37 579.38 60.83 30.58 0 0.551436 1643.62 913.49 31.71 60.84 0 0.548420 1618.26 781.44 31.71 57.41 0 0.546650 1406.65 852.41 59.78 30.13 0 0.530972 284.56 740.86 27.11 46.00 0 0.525697 933.76 590.84 63.60 30.94 0 0.525102 1178.24 878.47 33.20 50.85 0 0.520942 270.75 252.44 32.40 47.95 0 0.514233 604.71 604.56 53.29 25.68 0 0.511262 380.84 182.77 29.65 45.76 0 0.510048 1418.33 914.72 52.78 33.57 0 0.508781 1555.54 669.27 46.72 62.33 0 0.506548 1412.22 942.26 46.36 31.91 0 0.502668 1696.52 831.37 36.08 65.56 0 0.502300 1464.70 722.07 28.54 45.16 0 0.497196 1404.26 816.43 56.61 32.60 0 0.495682 1419.91 988.36 59.64 41.45 0 0.494589 530.65 608.23 62.45 27.19 0 0.488097 930.53 452.09 48.94 24.75 0 0.482858 666.33 601.79 61.90 28.79 0 0.480635 741.07 600.91 58.77 26.51 0 0.478912 695.07 462.01 55.56 25.60 0 0.475534 1069.13 282.02 27.93 49.52 0 0.472815 226.17 240.61 35.49 51.65 0 0.451518 1407.27 881.60 54.83 31.35 0 0.451459 860.66 600.72 64.82 28.89 0 0.440955 1417.65 948.92 49.92 34.12 0 0.431681 1001.73 841.57 56.12 27.80 0 0.418429 1421.22 1023.39 54.56 51.59 0 0.417915 662.52 956.54 35.56 45.68 0 0.417464 778.00 456.52 61.24 29.03 0 0.414795 1417.95 983.37 55.20 34.83 0 0.411760 1134.16 262.65 22.17 36.69 0 0.410177 1462.53 714.41 26.40 42.10 0 0.386483 308.68 989.82 30.48 50.25 0 0.359116 1590.38 1003.29 50.58 38.67 0 0.352139 1062.69 221.16 28.90 41.74 0 0.338474 217.69 237.69 40.99 49.15 0 0.335757 849.66 455.66 34.59 29.16 0 0.333206 193.20 818.38 31.02 57.33 0 0.330644 1410.81 636.60 39.09 32.10 0 0.329744 931.92 593.46 80.49 38.60 0 0.329694 1067.95 222.00 28.57 41.00 0 0.321228 666.07 950.77 36.51 49.28 0 0.315731 1064.27 276.55 29.09 53.29 0 0.314332 1608.38 702.35 34.94 45.36 0 0.312239 1388.23 633.54 35.33 34.09 0 0.311518 1538.64 461.36 18.44 20.35 3 0.306385 1412.41 892.53 52.72 33.07 0 0.300782 1611.67 714.31 31.63 39.08 0 0.300287 1305.30 1031.76 66.87 48.24 0 0.298444 819.99 781.79 14.41 17.11 2 0.297676 1724.59 969.37 39.02 40.54 0 0.287364 649.54 799.66 58.06 35.49 0 0.284398 131.20 813.59 36.34 43.61 0 0.283751 1737.19 554.46 51.06 24.59 0 0.278333 1565.12 784.70 44.59 34.38 0 0.270975 1134.01 247.61 24.17 44.86 0 0.268738 656.65 956.48 37.28 50.56 0 0.267093 1585.62 1004.70 50.54 32.13 0 0.257751 1400.88 874.65 55.37 33.96 0 0.255279 316.13 830.10 31.77 31.06 0 0.252497 100.60 899.11 63.54 35.12 0
88,0.545998 61.75 79.46 54.29 30.45 0 0.521482 529.47 135.82 30.71 36.33 0 0.509353 20.39 0.00 58.84 34.74 0 0.481753 323.28 0.00 48.28 17.97 0 0.480232 0.00 247.26 24.43 31.92 0 0.323003 519.91 118.82 31.39 35.55 0 0.322731 117.64 551.09 11.72 11.09 2 0.284577 0.33 17.39 19.25 30.39 0 0.266764 521.11 119.89 34.91 45.89 0
89,0.428205 891.76 4.22 19.06 25.42 3 0.419129 127.22 206.00 31.56 37.01 0 0.381362 926.97 161.05 10.88 14.85 2 0.371400 130.92 156.74 31.11 38.16 0 0.333288 143.18 108.82 25.63 31.21 0 0.309665 127.12 280.33 27.02 25.62 0 0.296175 144.65 49.12 27.33 40.62 0 0.290573 148.66 0.00 27.24 42.68 0 0.281205 125.52 256.51 29.90 25.23 0 0.278368 181.35 655.28 30.05 21.79 3 0.271195 131.18 167.11 30.03 36.44 0 0.266245 890.66 160.47 16.36 20.25 3 0.256009 145.84 73.75 26.70 33.91 0 0.252074 301.40 476.02 18.58 15.22 3
90,0.747049 588.58 562.21 14.60 16.79 2 0.467129 702.46 562.56 15.90 21.85 2 0.465547 608.92 533.74 11.63 19.10 2 0.420823 1045.08 544.41 14.88 13.03 3 0.411807 722.85 20.09 18.52 19.07 0 0.399677 608.66 538.01 11.59 18.88 2 0.303689 708.58 23.35 19.63 17.72 0 0.257447 1194.93 111.59 22.21 14.99 0 0.255994 802.60 24.32 18.10 16.17 0 0.255396 1041.71 483.34 14.94 14.28 3 0.253047 873.34 566.00 14.39 14.34 2
91,0.629265 565.58 508.18 48.14 35.88 0 0.616325 618.21 532.00 45.68 38.65 0 0.579519 1045.67 292.24 31.99 29.25 0 0.568039 232.24 6.15 36.23 26.74 0 0.544884 430.22 432.95 48.34 35.23 0 0.542822 334.83 33.39 35.37 33.12 0 0.538604 521.45 484.80 41.64 31.62 0 0.526595 677.78 390.36 45.21 28.77 0 0.521783 915.44 523.00 30.93 30.42 0 0.518841 611.99 969.25 54.39 65.90 1 0.517105 153.22 292.66 38.92 27.75 0 0.516670 378.57 412.20 46.85 30.19 0 0.510769 665.23 556.43 46.53 35.26 0 0.492716 1070.76 253.13 31.83 29.06 0 0.488382 988.08 394.91 29.52 31.92 0 0.488238 355.91 25.96 30.48 30.72 0 0.482729 226.01 90.76 35.13 29.04 0 0.480000 957.30 566.81 30.48 37.64 0 0.474885 911.43 530.54 28.45 31.69 0 0.472376 470.38 610.60 54.08 40.56 0 0.468511 28.77 638.59 46.17 42.71 0 0.467582 218.63 97.28 35.64 27.32 0 0.459638 130.60 99.44 32.82 27.88 0 0.457829 478.77 11.99 30.49 25.23 0 0.449496 141.19 55.28 38.30 25.49 0 0.448823 1106.30 179.86 32.49 31.74 0 0.448693 411.24 131.94 32.36 32.15 0 0.447576 278.94 82.75 42.49 31.21 0 0.447118 394.01 574.51 53.22 36.84 0 0.439347 25.73 644.76 46.13 40.28 0 0.436249 974.28 730.78 44.83 33.19 0 0.430795 308.06 54.63 35.18 26.60 0 0.425698 771.60 633.67 50.46 28.12 0 0.424715 997.72 389.49 29.54 30.97 0 0.420668 208.40 0.00 35.17 22.27 0 0.418303 258.72 111.09 42.75 29.74 0 0.416687 934.14 492.22 31.68 28.97 0 0.416188 1113.12 178.32 31.73 28.82 0 0.414477 772.99 668.10 56.50 35.86 0 0.411217 1079.48 224.04 34.70 28.75 0 0.410610 491.21 620.74 58.52 42.46 0 0.408893 955.48 466.36 26.76 22.29 0 0.407838 474.76 459.37 45.54 29.85 0 0.402869 357.70 20.77 30.45 29.30 0 0.397971 508.76 627.92 52.72 41.14 0 0.396677 946.56 777.25 46.07 24.92 0 0.392172 1020.57 339.20 28.76 29.81 0 0.390026 103.24 267.73 40.80 29.30 0 0.389950 179.01 27.81 31.89 27.63 0 0.386687 405.24 576.95 49.46 35.56 0 0.379519 326.53 384.64 36.72 27.89 0 0.378073 1085.60 217.88 33.63 27.65 0 0.372757 108.05 87.72 35.03 28.05 0 0.367119 295.12 519.95 41.87 29.70 0 0.363186 532.50 634.11 39.82 38.46 0 0.361464 98.83 264.69 40.98 27.51 0 0.359846 61.05 233.55 37.26 30.38 0 0.359006 568.57 664.74 50.14 40.48 0 0.357111 1222.64 825.68 34.03 29.12 0 0.356718 764.97 591.38 32.03 20.16 3 0.354190 1068.91 260.77 29.15 30.16 0 0.353745 1001.95 373.01 32.48 26.71 0 0.352838 418.93 127.64 32.95 29.50 0 0.351547 671.87 386.14 42.16 28.90 0 0.344610 73.65 596.74 42.15 37.19 0 0.342727 1130.51 130.97 31.93 36.52 0 0.339282 765.01 662.01 59.55 39.50 0 0.338160 562.16 661.14 51.67 41.11 0 0.337293 1032.52 321.82 29.32 27.50 0 0.336356 362.36 549.74 37.29 33.00 0 0.335925 761.53 653.59 59.04 36.64 0 0.332373 100.86 88.94 38.10 24.78 0 0.329492 988.10 654.52 44.84 25.48 0 0.329067 353.68 354.94 37.97 31.16 0 0.326350 358.11 546.28 36.57 34.78 0 0.325736 1064.81 894.50 39.66 26.92 0 0.325077 84.70 583.59 47.48 44.94 0 0.322656 1090.61 520.51 45.59 32.06 0 0.319468 475.44 613.40 59.79 41.91 0 0.316344 1202.36 816.96 32.06 27.95 0 0.310245 980.77 449.93 20.62 24.80 0 0.307068 292.49 76.87 35.77 28.66 0 0.304121 741.14 245.01 32.39 26.57 0 0.303613 1134.71 128.97 33.29 34.86 0 0.302286 79.21 587.26 48.11 45.90 0 0.298939 700.82 674.01 41.94 30.71 0 0.298867 1012.41 566.45 25.22 29.98 0 0.293884 1058.45 257.54 34.64 29.91 0 0.293653 1027.18 784.88 72.37 42.75 1 0.293491 382.22 415.61 46.05 30.64 0 0.292305 75.56 132.58 40.12 31.14 0 0.288271 1124.91 143.50 33.56 30.53 0 0.285311 780.49 671.59 52.50 35.26 0 0.284399 601.50 274.39 26.06 34.57 0 0.284038 327.66 377.99 35.11 29.16 0 0.280251 306.51 524.79 41.55 31.87 0 0.279613 750.37 669.26 64.12 32.84 0 0.275611 185.58 21.30 31.80 25.33 0 0.275547 234.28 123.27 40.72 29.46 0 0.274490 367.53 556.26 40.27 38.59 0 0.274028 396.46 0.00 31.88 19.49 0 0.273680 1039.73 298.18 34.57 32.24 0 0.272684 1037.57 789.35 73.78 40.60 1 0.271391 266.14 99.08 39.60 32.17 0 0.268160 708.10 156.94 29.87 22.87 0 0.266418 703.48 154.84 29.36 23.82 0 0.262593 544.57 643.60 44.20 45.59 0 0.259445 392.17 0.00 32.40 22.11 0 0.259357 932.11 509.51 26.72 31.35 0 0.254386 1024.49 784.60 61.43 34.26 1 0.253918 678.79 347.58 22.64 21.62 0 0.252513 557.80 871.17 29.72 30.74 3 0.251122 324.38 45.73 36.09 28.84 0
92,0.488617 558.86 73.02 16.31 16.26 2 0.411910 524.79 275.92 14.90 24.33 2 0.410196 101.15 362.46 33.01 20.56 0 0.406202 95.97 410.15 32.96 23.16 0 0.396655 1034.80 342.57 27.32 21.20 1 0.375358 405.09 262.34 15.15 20.83 2 0.364816 100.03 485.73 25.23 23.79 0 0.343870 102.40 386.17 30.33 20.10 0 0.341403 96.05 559.02 25.59 26.12 0 0.332657 404.03 266.68 15.91 20.71 2 0.332290 1323.41 328.39 19.78 14.16 0 0.330907 98.00 515.94 26.73 24.70 0 0.320174 1306.11 427.19 33.60 25.13 0 0.319260 99.99 460.92 26.37 23.71 0 0.316356 95.60 577.58 25.44 27.30 0 0.310532 664.85 72.89 17.71 16.58 2 0.308174 95.42 359.21 37.97 24.95 0 0.297207 79.53 675.62 32.05 40.10 1 0.287727 94.56 604.68 24.70 23.68 0 0.285264 1307.22 432.32 33.07 23.66 0 0.277911 1029.77 407.72 15.52 17.89 0 0.270139 1242.87 363.06 24.27 16.69 0 0.267493 1151.22 326.20 25.46 16.49 1 0.265683 1217.89 429.51 23.12 15.51 0 0.265286 1256.83 394.76 20.82 20.16 1 0.252034 96.74 528.08 26.11 27.02 0
93,0.772456 667.36 670.55 33.86 53.57 0 0.720800 720.11 300.72 29.00 44.09 0 0.710668 524.39 414.90 32.35 44.06 0 0.710662 640.34 422.34 29.16 43.80 0 0.692864 550.34 561.14 32.78 52.20 0 0.689745 475.18 672.91 30.18 50.40 0 0.688338 502.72 292.05 30.68 43.25 0 0.685455 671.90 190.08 23.71 43.24 0 0.675285 335.51 672.88 36.02 53.43 0 0.669969 769.39 198.70 27.14 44.69 0 0.666440 638.38 671.50 30.46 50.14 0 0.657337 332.62 551.47 33.62 51.66 0 0.652762 1479.60 318.77 27.41 38.24 0 0.644385 506.13 673.25 31.40 53.18 0 0.641491 475.39 293.18 29.39 41.42 0 0.637790 471.26 413.95 30.01 43.44 0 0.635835 612.72 566.64 29.82 47.69 0 0.632101 373.42 674.32 37.77 54.30 0 0.628639 557.91 291.38 29.77 44.15 0 0.622922 572.72 188.17 27.02 39.44 0 0.622728 699.57 669.58 34.50 55.87 0 0.621569 677.15 380.81 24.79 35.67 0 0.621527 528.75 509.13 31.79 44.28 0 0.619515 689.68 294.43 30.19 44.97 0 0.618368 740.46 516.83 32.22 51.85 0 0.609583 771.79 305.47 28.26 46.97 0 0.608458 495.78 183.06 31.08 43.04 0 0.608420 651.55 512.43 29.21 43.85 0 0.606983 767.89 667.69 35.25 58.68 0 0.604369 509.42 370.64 27.34 39.88 0 0.602832 540.68 672.11 30.84 50.30 0 0.601629 522.46 561.24 30.00 53.51 0 0.598866 1709.06 778.46 48.96 24.96 0 0.589403 722.19 420.80 32.12 56.97 0 0.588366 204.96 554.08 34.03 45.07 0 0.584224 257.09 443.97 35.20 44.36 0 0.577901 710.25 516.52 28.18 49.10 0 0.568027 1340.50 481.26 30.87 48.30 0 0.565857 1142.48 207.79 37.94 19.18 0 0.562120 1483.32 522.97 31.73 39.43 0 0.557123 1476.79 476.11 29.54 40.77 0 0.553739 988.42 732.15 70.88 32.31 0 0.546998 1463.78 424.94 31.43 39.04 0 0.541463 637.95 300.50 30.48 41.98 0 0.539172 758.35 381.68 32.90 44.55 0 0.539015 620.14 190.16 26.68 36.91 0 0.537852 648.83 375.69 28.72 39.55 0 0.536048 625.59 511.95 28.50 42.97 0 0.528417 1766.46 777.71 48.76 28.73 0 0.527028 1698.50 102.22 25.31 23.80 0 0.526940 614.13 297.59 28.97 40.08 0 0.526878 230.18 503.32 34.91 42.64 0 0.526854 613.34 422.35 31.75 42.77 0 0.526556 569.37 257.14 26.82 31.54 0 0.523699 593.30 375.30 29.05 41.11 0 0.522873 680.43 514.81 27.89 47.09 0 0.521394 363.78 553.85 32.38 51.25 0 0.519528 1446.78 344.36 25.69 32.84 0 0.518264 1724.12 106.55 25.59 20.73 0 0.515246 279.78 388.21 39.09 44.65 0 0.510402 1783.82 107.38 25.17 27.46 0 0.503420 1563.27 10.42 25.96 19.31 0 0.492223 1100.37 205.12 32.38 17.96 0 0.491113 1605.18 9.78 30.56 21.57 0 0.489523 1740.77 38.76 34.40 23.94 0 0.487778 1782.96 38.89 25.83 24.35 0 0.485298 532.58 372.01 30.66 38.50 0 0.483718 1324.38 383.56 25.18 40.73 0 0.482593 1777.18 901.46 58.30 28.22 0 0.480956 1675.59 97.77 21.26 25.74 0 0.472964 1343.73 538.46 28.99 52.55 0 0.469881 612.01 426.32 29.40 44.00 0 0.466515 699.09 424.09 30.06 46.20 0 0.463245 1640.25 208.93 41.31 21.17 0 0.462850 326.36 303.75 31.15 39.98 0 0.461853 1439.33 298.14 27.61 34.80 0 0.461463 1840.14 112.04 23.61 28.66 0 0.455351 427.24 82.26 25.63 37.82 0 0.450743 1683.20 774.66 45.64 29.98 0 0.449762 1518.98 6.53 23.75 25.68 0 0.448180 701.43 376.21 28.40 43.08 0 0.447831 1659.30 33.65 22.24 21.60 0 0.446801 1651.13 96.44 19.95 25.74 0 0.445687 538.07 369.55 30.50 39.99 0 0.444928 817.33 196.58 30.94 55.13 0 0.440690 1653.27 15.79 25.23 18.86 0 0.431126 1727.35 41.53 37.30 22.73 0 0.430103 306.80 347.34 34.59 36.97 0 0.429179 1087.16 728.53 84.86 35.92 1 0.426545 1819.72 42.84 21.85 21.15 0 0.421936 1498.77 573.00 33.79 44.58 0 0.421181 1485.33 6.78 23.51 25.96 0 0.419558 984.10 195.88 47.57 24.58 0 0.403196 343.09 258.75 30.66 37.65 0 0.400853 1815.46 109.32 24.89 31.44 0 0.398965 303.00 355.07 33.36 33.31 0 0.397972 1646.48 926.18 52.54 48.68 0 0.394252 620.95 732.71 22.42 23.26 3 0.393794 1689.00 776.92 61.84 28.25 0 0.388042 1628.84 90.26 20.86 29.01 0 0.385095 1657.15 497.49 34.49 39.89 0 0.381117 477.52 729.40 23.70 32.33 3 0.380922 363.14 217.40 32.70 33.25 0 0.377196 1602.16 89.54 21.93 29.04 0 0.375226 1794.89 41.85 26.17 24.24 0 0.372615 1768.40 780.53 56.66 30.17 0 0.368450 1757.77 901.61 51.30 27.15 0 0.367959 1641.24 916.66 57.91 47.32 0 0.365294 1317.76 341.80 27.01 30.75 0 0.361974 1654.58 494.06 34.36 36.39 0 0.360554 425.73 282.86 24.44 27.78 0 0.356729 1636.11 752.58 42.33 28.48 0 0.353536 1853.55 449.29 32.93 25.34 0 0.349034 560.54 254.52 32.23 31.94 0 0.342823 1711.41 36.93 31.53 22.12 0 0.340166 461.17 414.97 34.52 43.41 0 0.339759 1589.00 88.70 22.85 27.62 0 0.339343 817.48 195.38 30.84 54.16 1 0.337368 1399.95 118.73 21.95 29.11 0 0.335223 449.25 369.66 27.82 34.57 0 0.333204 457.90 732.51 20.41 27.46 3 0.329085 1428.83 121.66 24.76 28.66 0 0.329053 1231.97 207.95 27.77 18.87 0 0.323774 518.66 673.83 30.51 49.99 0 0.321082 369.81 551.32 31.25 51.34 0 0.316884 276.27 395.08 41.68 43.14 0 0.309152 516.73 288.69 31.78 44.49 0 0.306427 1798.97 108.98 22.35 29.24 0 0.306359 367.51 213.04 32.95 37.41 0 0.305251 730.66 382.57 27.82 42.09 0 0.304769 1135.20 207.99 35.44 18.06 0 0.304699 1861.26 447.64 34.63 22.32 0 0.303816 622.12 263.40 23.51 31.48 0 0.300707 563.65 563.09 31.06 52.35 0 0.297281 623.86 257.00 26.16 32.78 0 0.296023 1494.31 571.04 32.79 43.41 0 0.290870 608.36 302.50 33.97 39.20 0 0.285536 1393.98 83.42 21.41 21.50 0 0.276814 981.52 190.13 42.30 25.01 0 0.275835 428.28 732.36 28.58 28.95 3 0.274537 595.57 728.08 24.03 26.36 3 0.271669 425.36 88.52 26.79 36.97 0 0.269497 1447.27 8.01 28.31 25.35 1 0.269308 347.24 674.30 42.26 55.18 0 0.268471 433.83 430.98 33.93 35.48 0 0.267254 705.99 380.80 33.57 39.21 0 0.264733 574.15 730.18 22.74 26.41 3 0.258380 170.50 609.19 27.09 47.32 0 0.257827 1194.46 222.00 34.49 21.27 0 0.254641 1481.31 327.43 28.86 35.87 0 0.253164 1438.54 186.72 26.47 28.84 0
94,0.705086 863.83 329.20 30.76 17.49 0 0.664029 761.79 591.79 61.24 31.09 0 0.645934 851.41 288.88 30.07 17.46 0 0.635496 966.44 287.62 21.24 25.55 0 0.613990 1261.30 669.69 48.24 49.18 0 0.610519 1206.74 558.11 35.83 40.58 0 0.592259 1107.36 375.77 42.37 35.86 1 0.508720 1087.93 323.46 26.84 24.35 0 0.507059 1158.59 470.59 31.61 29.50 0 0.485558 839.59 237.67 29.39 16.32 0 0.477696 851.46 211.68 24.99 14.11 0 0.465757 1082.37 316.05 27.06 22.29 0 0.430842 840.10 232.49 28.02 17.01 0 0.421872 859.26 313.83 31.33 16.83 0 0.420248 797.96 188.64 30.31 16.45 0 0.404207 1070.11 291.07 23.99 18.27 0 0.378261 594.79 225.47 36.06 16.87 0 0.356051 812.28 207.27 27.87 16.31 0 0.354917 874.77 95.87 14.49 13.73 0 0.349364 1104.02 360.73 32.67 25.13 0 0.346674 782.66 190.59 30.43 16.80 0 0.340186 764.30 289.41 34.79 19.35 0 0.337118 805.17 208.94 30.93 17.81 0 0.333580 854.96 263.89 25.81 15.28 0 0.325926 835.57 186.18 28.67 17.22 0 0.324793 1202.72 216.93 25.14 15.62 0 0.321858 909.20 208.56 17.14 13.57 0 0.320371 860.16 310.43 31.74 16.56 0 0.307242 1024.85 191.20 22.58 15.78 0 0.305886 842.57 182.57 23.87 16.51 0 0.298917 888.43 142.67 16.90 14.21 0 0.280592 818.25 189.00 29.46 15.89 0 0.268436 1288.21 459.57 38.11 35.17 1 0.267383 851.05 291.74 33.72 16.60 0 0.259882 1090.60 331.03 25.95 24.41 0 0.257317 674.43 229.02 22.34 16.22 0 0.256808 1257.33 665.78 42.50 52.42 0
95,0.710856 676.73 638.93 61.84 32.88 0 0.632451 749.29 310.49 29.79 19.45 0 0.619084 733.40 257.54 29.52 16.66 0 0.596765 1100.19 570.46 32.42 36.37 0 0.576458 1154.91 673.79 47.49 46.21 0 0.537660 1049.51 482.71 30.34 30.21 0 0.514011 762.49 347.29 30.97 20.87 0 0.487107 763.78 354.62 30.99 19.57 0 0.482313 660.61 311.33 35.54 21.11 0 0.478560 959.47 304.36 20.97 19.77 0 0.477501 733.27 205.34 27.37 15.79 0 0.438178 1167.37 458.77 38.67 38.27 1 0.406360 721.97 208.77 27.24 13.68 0 0.401252 981.19 344.83 22.74 25.99 0 0.393572 1075.13 224.24 23.37 17.05 0 0.349308 927.19 196.99 14.93 17.39 0 0.347182 739.70 199.38 23.74 16.20 0 0.340660 687.46 211.54 24.75 14.94 0 0.335987 760.63 111.01 12.92 12.51 0 0.332819 1269.00 250.23 24.96 17.23 0 0.331903 971.97 327.81 24.57 21.05 0 0.324163 983.69 350.34 22.84 24.38 0 0.319393 1011.39 387.25 26.93 36.38 1 0.314039 1235.50 223.70 23.31 16.33 0 0.307302 1230.20 529.95 36.64 21.31 0 0.302594 1125.45 376.02 43.34 31.44 1 0.297231 760.19 332.52 28.03 19.14 0 0.293835 748.55 290.68 27.50 18.61 0 0.286422 759.54 341.04 31.83 22.78 0 0.271049 1116.18 374.10 46.06 36.34 1 0.269124 701.38 210.37 23.61 13.85 0 0.268189 978.68 341.98 23.45 26.27 0 0.261194 736.84 229.61 28.57 14.40 0 0.260760 973.73 661.82 33.14 55.86 1 0.259250 910.81 198.43 14.48 16.84 0 0.256893 1000.24 391.05 34.35 37.01 1 0.255734 1206.25 225.86 23.21 13.27 0 0.255260 753.08 200.07 23.37 16.04 0
96,0.694632 1080.51 533.55 26.02 45.89 0 0.655102 236.69 823.08 38.76 63.92 0 0.648035 409.12 807.71 36.32 66.92 0 0.641158 373.51 809.11 34.73 61.69 0 0.631348 1051.51 535.00 28.14 46.21 0 0.587689 287.27 811.94 39.05 65.87 0 0.576229 630.50 849.46 60.02 35.28 0 0.566922 1108.56 529.04 25.29 47.03 0 0.540761 1071.08 632.78 50.82 27.43 0 0.518669 1132.45 655.62 51.93 28.41 0 0.479424 905.31 407.53 26.96 38.02 0 0.462105 807.80 415.46 26.26 32.86 0 0.455805 845.45 467.65 26.01 41.36 0 0.453715 1110.33 519.66 25.06 45.87 0 0.444247 1769.64 34.25 29.50 35.36 0 0.422906 858.80 526.70 36.05 46.54 0 0.410666 444.23 343.03 49.10 25.04 0 0.409867 1754.42 38.23 30.78 34.49 0 0.403745 1072.93 628.44 57.12 30.00 0 0.391579 1753.69 200.78 30.89 30.29 0 0.372398 1735.52 46.67 26.84 30.04 0 0.371688 1877.02 6.57 38.44 54.68 0 0.369560 898.76 546.09 30.55 42.62 0 0.358102 1407.66 551.39 30.94 31.58 0 0.354990 1799.85 22.75 32.17 36.71 0 0.349016 1381.14 544.27 39.12 30.77 0 0.333724 873.37 367.17 44.05 25.63 0 0.333246 1194.91 539.21 24.13 27.30 0 0.332837 935.55 405.03 28.20 41.50 0 0.330902 890.32 532.52 33.56 48.59 0 0.327538 1751.44 45.46 27.75 33.87 0 0.316930 864.34 369.16 45.15 24.30 0 0.298455 295.62 809.10 34.30 62.12 0 0.291771 1152.25 540.50 24.04 31.62 0 0.290096 414.63 806.41 35.35 75.28 0 0.284415 1750.52 306.07 30.05 39.49 0 0.279911 895.15 539.36 30.73 47.70 0 0.276355 745.45 396.67 45.71 23.84 0 0.271765 855.83 533.55 34.83 48.91 0 0.268816 1807.93 23.69 30.99 37.24 0 0.250715 1166.31 538.45 25.35 30.02 0
97,0.608392 840.80 763.30 24.78 24.21 3 0.604833 900.39 719.71 29.87 52.57 0 0.604285 1325.82 901.31 76.04 36.13 0 0.592822 954.64 681.84 30.36 50.26 0 0.584843 955.62 756.06 33.81 60.59 0 0.567030 656.83 924.63 65.50 33.11 0 0.553277 254.14 930.84 66.03 31.26 0 0.548045 1000.28 832.23 35.29 48.84 0 0.518789 503.38 834.44 38.84 67.28 1 0.516202 1018.02 447.56 34.76 55.12 1 0.494496 1059.45 668.51 26.13 39.72 0 0.471564 599.06 844.82 36.90 57.16 0 0.461407 892.55 623.05 27.46 43.51 0 0.430559 996.99 613.43 27.57 51.81 0 0.397507 557.31 725.35 49.73 34.79 0 0.372677 1353.52 1044.70 32.39 22.11 3 0.342342 1000.41 25.84 27.10 30.60 0 0.340243 1004.67 86.72 23.56 34.64 0 0.317395 920.48 412.85 18.05 26.73 3 0.313292 818.30 898.84 46.05 47.45 0 0.310113 691.42 922.77 49.28 31.04 0 0.306687 856.06 2.65 25.26 42.40 0 0.305532 996.98 15.81 28.32 34.46 0 0.282366 883.88 6.38 22.35 29.76 0 0.279244 810.17 886.26 44.95 46.27 0 0.277195 834.48 825.57 25.28 29.81 3 0.268160 835.55 724.99 26.78 24.74 3 0.266850 812.26 889.10 50.38 55.91 0 0.266316 889.09 64.28 19.26 21.21 3 0.260879 1026.38 400.83 28.98 43.03 0 0.260801 605.93 847.45 39.21 52.86 0 0.255173 837.43 812.29 22.77 25.81 3
98,0.689059 67.41 420.30 54.93 55.01 0 0.669885 1352.98 295.21 47.35 36.34 0 0.659119 118.64 421.28 61.20 58.12 0 0.651375 317.47 551.97 119.82 128.36 1 0.651286 258.07 438.39 57.39 42.03 0 0.640755 1729.42 673.33 86.01 72.11 0 0.636970 1297.01 458.66 48.80 66.60 0 0.632957 6.90 518.22 84.85 57.17 0 0.626415 908.59 679.37 40.76 31.11 3 0.618522 128.40 511.88 57.57 52.30 0 0.614454 966.71 320.58 60.90 27.66 0 0.614334 286.45 342.01 44.31 35.90 0 0.605703 1365.49 564.30 77.40 81.96 0 0.602167 115.01 413.55 60.47 54.55 0 0.601946 1660.70 608.91 80.33 59.98 0 0.600734 1415.53 655.41 77.25 78.60 0 0.583930 1667.42 229.40 47.72 25.57 0 0.583151 1287.63 224.67 41.69 32.90 0 0.575805 302.03 941.71 38.53 32.20 3 0.572346 79.04 343.24 65.66 37.92 0 0.564578 652.42 721.29 44.14 29.64 3 0.561637 699.93 314.03 73.06 34.57 0 0.558620 17.55 402.98 68.60 34.49 0 0.558474 196.67 568.03 76.29 59.08 0 0.550368 880.26 317.26 63.40 28.89 0 0.532951 160.91 340.74 61.51 36.84 0 0.529371 1858.55 201.62 37.69 19.23 0 0.519549 1257.49 414.41 47.65 57.43 0 0.516336 1242.40 374.32 46.14 43.75 0 0.516042 1788.34 231.68 40.87 22.89 0 0.512822 776.29 282.88 39.47 25.20 0 0.511307 1683.40 233.03 43.46 25.01 0 0.509756 1622.28 197.85 37.12 23.83 0 0.509301 1337.97 528.63 58.61 60.44 0 0.505251 201.61 330.94 51.48 36.60 0 0.502008 404.41 749.76 47.87 37.78 3 0.498508 797.25 325.41 63.10 27.23 0 0.490900 1213.01 149.81 29.38 23.85 0 0.488718 1450.08 389.34 45.74 35.96 0 0.486676 1660.92 226.90 42.71 26.12 0 0.485689 1604.66 532.74 71.51 48.06 1 0.483212 1382.24 323.43 54.14 39.29 0 0.482918 1480.96 424.10 53.12 42.23 0 0.481450 191.25 337.81 56.86 37.07 0 0.481427 1172.56 107.41 33.00 20.33 0 0.469836 34.71 345.49 49.71 33.39 0 0.463587 244.58 341.29 41.80 35.57 0 0.460016 183.58 939.62 30.76 46.05 3 0.454214 811.68 929.94 25.82 53.29 3 0.448637 545.22 775.71 33.42 39.77 3 0.442275 1700.08 295.60 45.90 28.82 0 0.440477 1296.70 230.73 44.79 30.56 0 0.435483 1768.06 234.55 42.55 21.49 0 0.433610 36.50 800.96 46.26 51.89 3 0.433296 194.77 678.89 24.79 31.51 2 0.424721 698.27 304.61 71.01 34.01 0 0.423902 1692.38 195.06 44.41 26.15 0 0.422579 521.66 291.01 34.34 24.35 0 0.421339 26.32 672.67 160.27 84.26 1 0.417581 1791.88 197.58 42.92 23.61 0 0.415766 180.38 501.82 72.94 63.56 0 0.415151 655.01 715.05 39.86 31.66 3 0.410197 264.96 424.19 52.36 34.85 0 0.409982 802.93 323.36 64.38 26.56 0 0.405167 1754.25 261.75 46.33 25.35 0 0.404740 1.62 978.97 82.07 100.72 0 0.390947 1241.70 376.41 48.29 55.82 0 0.390700 0.88 511.78 47.23 54.70 0 0.384302 1606.98 537.09 72.97 64.86 1 0.379564 1752.62 265.33 45.45 25.70 0 0.377275 193.90 779.95 40.85 32.14 3 0.372756 1525.09 468.13 53.40 37.72 1 0.370866 1856.56 253.77 34.80 22.96 0 0.368260 1196.29 137.94 29.30 21.94 0 0.365022 546.51 780.38 33.84 41.98 3 0.363356 831.29 291.86 40.67 25.27 0 0.359564 169.40 341.76 68.97 38.14 0 0.358465 1514.61 461.11 52.70 37.91 0 0.356318 547.45 701.09 42.75 27.37 3 0.353584 274.02 986.76 56.02 40.62 3 0.353355 648.48 281.76 30.99 26.85 0 0.351320 596.70 288.30 33.95 27.52 0 0.350325 1403.72 340.87 58.33 43.77 0 0.349843 1101.72 264.03 51.86 28.40 0 0.348139 1340.64 530.84 72.13 79.56 0 0.341992 626.75 282.95 29.91 26.67 0 0.337099 1852.42 251.20 38.63 21.97 0 0.334233 1327.90 268.47 37.75 27.81 0 0.332140 1738.74 201.17 42.02 24.04 0 0.331737 1305.56 249.74 43.66 30.06 0 0.331530 292.70 943.83 42.47 30.72 3 0.329932 1648.51 196.35 38.26 23.76 0 0.328968 598.57 283.03 32.30 28.74 0 0.328934 113.06 953.61 36.59 40.33 3 0.328464 33.28 810.45 54.06 50.29 3 0.327854 1555.34 175.34 39.87 20.66 0 0.325430 1677.63 196.30 42.71 25.17 0 0.313983 343.87 804.49 21.93 23.18 2 0.312405 27.25 350.27 51.27 32.76 0 0.309037 0.00 969.82 72.75 87.27 0 0.305563 243.54 706.10 21.63 26.61 3 0.303655 200.05 777.72 40.70 31.04 3 0.301781 1286.19 210.14 36.91 32.82 0 0.299487 1107.86 253.04 48.23 31.89 0 0.298860 1604.27 197.56 41.50 24.46 0 0.296754 187.03 923.51 31.52 43.99 3 0.286417 1206.75 147.31 31.97 24.54 0 0.284866 791.59 322.61 61.19 24.65 0 0.281069 1491.32 428.97 46.87 41.47 0 0.280625 1208.40 246.70 23.43 24.01 0 0.280160 15.42 790.90 51.75 52.23 3 0.279720 1745.41 617.49 39.50 45.02 0 0.278403 25.58 819.15 50.71 44.20 3 0.276372 47.15 329.18 51.68 31.27 0 0.274941 832.73 284.07 42.26 26.94 0 0.273796 396.32 319.82 38.61 20.21 0 0.267091 407.73 355.53 19.92 18.16 0 0.257518 1280.21 218.69 39.28 30.66 0 0.257028 1246.65 391.86 51.42 63.78 0 0.255479 1519.22 470.44 57.71 34.95 0 0.252939 523.90 285.35 35.63 26.86 0 0.250223 1791.76 189.99 44.23 24.44 0
99,0.818600 1239.26 522.00 66.84 30.19 1 0.546173 1240.80 527.02 69.65 30.25 1 0.304858 1344.54 544.59 22.27 13.11 0
100,0.619925 1227.66 397.53 153.89 91.78 0 0.593560 1560.96 308.26 143.58 83.81 0 0.518427 1721.08 281.64 78.89 62.25 0 0.477242 1254.49 389.47 127.04 75.21 0 0.437323 1214.24 415.26 168.15 92.77 0 0.405466 1421.91 363.49 139.56 70.66 0 0.402138 764.36 597.56 113.75 120.07 0 0.363833 873.13 627.68 138.50 156.97 0 0.353576 1547.57 326.47 108.59 71.01 0 0.335858 828.91 1014.17 98.44 57.54 0 0.282349 605.62 564.26 123.63 122.32 0 0.277457 854.96 486.94 25.37 42.16 2
101,0.508723 675.77 562.27 56.07 35.10 1 0.464087 285.44 570.24 21.98 17.03 0 0.364487 817.03 610.56 26.59 15.77 0 0.352318 793.57 563.66 18.28 16.27 0 0.340530 310.75 573.60 21.26 21.68 0 0.331163 869.48 617.70 12.55 11.88 0 0.294076 453.05 569.61 21.96 12.48 0 0.283808 312.53 584.35 20.91 18.12 0 0.275582 472.49 568.08 24.50 12.69 0 0.262781 1710.23 280.12 18.11 24.97 0 0.261430 1528.74 985.71 38.76 29.22 0 0.256813 722.90 582.44 23.59 23.91 1
102,0.758760 1677.92 587.84 78.61 52.41 1 0.678569 735.03 272.49 40.09 25.09 0 0.661544 537.49 845.60 59.88 42.31 3 0.646195 1468.89 750.23 89.49 110.65 0 0.642128 171.44 335.37 64.46 50.12 0 0.633299 1412.14 638.08 83.74 103.42 0 0.625233 1751.41 686.42 99.84 77.32 0 0.618608 1807.71 241.34 51.95 26.56 0 0.615497 126.21 444.76 82.34 74.04 0 0.604634 1379.05 283.40 44.50 31.25 0 0.577375 1277.19 445.42 46.92 51.70 0 0.572315 126.21 628.26 194.00 199.34 1 0.571667 1763.53 279.28 48.31 32.20 0 0.569589 15.26 642.85 92.33 78.28 0 0.565773 1255.96 383.07 47.56 58.06 0 0.564602 644.43 309.32 90.87 40.70 0 0.554765 1831.49 774.87 87.88 92.91 0 0.551534 80.31 328.92 54.20 44.51 0 0.550339 1743.78 199.12 41.30 26.68 0 0.550113 1215.93 105.12 33.31 24.03 0 0.545092 535.70 268.94 31.48 35.56 0 0.542833 443.50 275.39 38.92 38.01 0 0.539982 940.53 312.10 72.52 30.87 0 0.536855 750.39 312.22 79.38 33.92 0 0.532454 1829.20 200.36 41.31 27.08 0 0.531703 1365.62 578.94 67.38 71.11 0 0.518380 131.67 333.03 46.47 50.15 0 0.517229 34.62 337.70 50.13 42.48 0 0.516522 1856.83 160.24 41.50 22.68 0 0.514382 661.89 792.38 57.72 37.04 3 0.509956 1315.54 491.13 60.80 73.56 0 0.508277 1483.28 389.81 53.75 43.72 0 0.504813 1667.91 157.96 41.76 25.60 0 0.499626 1695.98 159.32 46.54 25.26 0 0.494768 788.92 270.06 51.02 30.21 0 0.490946 501.89 269.74 27.34 32.31 0 0.488886 1437.41 346.43 61.32 41.83 0 0.488006 440.84 281.82 42.82 37.51 0 0.487676 229.57 899.64 69.59 53.86 3 0.476220 182.93 1026.40 31.15 41.39 3 0.472856 1624.01 152.76 46.44 29.02 0 0.468738 1575.94 488.57 64.75 55.90 1 0.466677 439.71 826.16 39.29 32.93 3 0.455787 844.75 302.82 76.01 40.03 0 0.453063 1098.41 241.46 57.38 30.11 0 0.452933 1522.71 435.79 62.69 51.14 0 0.443906 403.80 938.38 42.42 53.71 3 0.440425 0.30 452.22 37.03 60.18 0 0.436018 1747.53 159.87 45.25 26.04 0 0.434001 1638.76 154.42 47.24 28.06 0 0.433266 423.13 826.63 49.00 35.49 3 0.432275 1848.87 199.54 43.05 23.19 0 0.427780 0.00 337.33 20.27 37.84 0 0.425603 1486.40 395.19 53.55 45.86 0 0.412667 38.01 842.34 33.09 35.45 3 0.410800 647.30 272.07 48.82 25.44 0 0.407527 228.71 897.97 69.60 55.78 1 0.400861 1413.24 310.39 53.79 36.44 0 0.393011 1793.17 161.17 43.97 25.06 0 0.389570 1707.79 195.38 41.52 26.58 0 0.388132 1351.82 247.71 36.67 29.84 0 0.385009 164.57 947.03 33.85 25.51 3 0.383317 1813.70 234.28 53.26 27.22 0 0.375109 1400.26 630.87 80.62 103.27 0 0.373938 1851.67 785.02 68.33 93.47 0 0.368938 1711.28 159.68 47.69 24.74 0 0.365363 587.00 267.97 35.64 31.22 0 0.365103 31.69 877.81 39.08 44.49 3 0.363462 1307.49 199.47 44.64 34.88 0 0.348924 567.93 266.47 29.46 31.74 0 0.345765 1760.38 155.76 46.18 26.70 0 0.344748 475.79 834.57 42.50 33.52 3 0.343895 1101.44 228.10 55.92 32.80 0 0.341741 1146.58 15.77 26.59 19.04 0 0.339860 180.51 990.54 29.70 26.26 3 0.337915 657.30 312.40 80.39 33.56 0 0.330539 0.58 431.76 33.65 49.42 0 0.323757 67.99 337.23 55.91 44.75 0 0.315773 1419.67 302.89 46.09 38.72 0 0.306332 1202.42 87.84 28.61 22.14 0 0.297770 1857.93 710.91 49.13 49.24 0 0.297309 475.08 823.19 41.01 37.26 3 0.295708 1374.21 279.52 45.30 32.80 0 0.290811 237.91 896.97 59.50 48.09 3 0.287555 173.96 988.51 28.37 25.29 3 0.286895 39.42 332.94 50.62 42.09 0 0.283494 1757.45 285.49 52.78 29.86 0 0.278436 1175.97 55.00 34.78 20.74 0 0.274152 152.88 629.05 156.24 140.61 1 0.268868 413.03 942.55 36.08 58.57 3 0.259913 67.78 330.18 59.76 44.94 0 0.258566 128.18 340.54 46.20 47.45 0 0.253752 1614.21 147.17 46.97 28.75 0 0.250613 1641.10 124.96 42.55 23.11 0
103,0.674394 1334.38 328.72 51.74 24.65 0 0.671243 1127.29 508.38 54.15 28.36 0 0.653317 1133.17 586.57 56.32 28.29 0 0.652568 1497.57 555.28 54.31 26.89 0 0.651814 1049.77 584.24 56.65 26.16 0 0.634764 1336.53 296.69 50.49 25.32 0 0.632788 1468.64 324.01 48.48 21.53 0 0.630780 1570.92 536.03 48.88 24.58 0 0.620135 1572.21 587.60 54.46 26.08 0 0.618370 1509.31 205.82 48.40 22.74 0 0.617490 1329.18 207.96 44.85 22.49 0 0.615668 1498.70 613.81 62.05 30.99 0 0.613746 1125.31 558.81 55.93 27.44 0 0.610419 1259.82 229.78 49.02 23.70 0 0.609781 1574.40 559.74 49.00 25.32 0 0.601042 1333.30 402.28 54.66 26.79 0 0.597444 1344.92 543.83 51.29 27.88 0 0.591101 1464.40 296.33 49.92 23.28 0 0.589950 1480.98 488.06 51.00 26.03 0 0.586845 1495.23 583.15 58.36 31.54 0 0.577508 1465.24 344.11 49.38 24.66 0 0.576898 1535.94 325.47 45.85 23.48 0 0.564832 1514.90 257.39 51.48 23.17 0 0.562118 1328.43 234.13 46.42 23.87 0 0.560313 1339.70 448.33 52.71 23.70 0 0.559548 1342.95 494.57 49.23 24.11 0 0.546127 1572.95 591.82 57.30 27.42 0 0.543700 1558.14 437.82 43.35 26.38 0 0.540157 1533.54 368.26 48.09 23.80 0 0.538792 1455.16 252.98 45.72 22.19 0 0.536999 1461.75 282.95 43.43 23.37 0 0.527539 1555.74 485.17 48.76 24.62 0 0.527022 1447.93 205.10 46.69 21.31 0 0.526860 1342.75 520.32 52.21 25.73 0 0.524879 1329.17 253.88 48.71 22.48 0 0.524209 1333.93 352.74 51.48 23.98 0 0.517356 1469.73 375.50 51.21 24.84 0 0.515810 1557.63 507.64 44.36 25.39 0 0.514984 1464.01 274.19 45.15 22.66 0 0.514009 1341.03 471.79 51.46 23.98 0 0.509663 1335.59 375.18 51.79 25.37 0 0.506700 1332.51 272.80 50.16 22.71 0 0.481251 1556.31 443.28 46.03 23.97 0 0.481152 1533.92 373.69 45.56 21.96 0 0.475558 1271.48 188.50 44.90 22.64 0 0.468926 1466.30 351.95 48.86 23.29 0 0.461727 1533.39 349.18 46.48 20.19 0 0.456464 1450.21 230.63 45.93 20.48 0 0.448534 1538.57 404.34 49.65 24.38 0 0.440798 1547.66 413.78 46.97 24.59 0 0.432588 1475.97 396.36 47.93 24.90 0 0.432518 1265.89 204.95 45.99 21.21 0 0.421495 1560.84 517.37 49.89 23.20 0 0.421146 1478.63 464.27 53.70 24.19 0 0.415803 1477.30 438.31 48.32 23.77 0 0.413141 1476.74 421.43 48.93 25.40 0 0.412996 1493.14 526.56 51.55 25.95 0 0.410883 1341.15 570.77 55.53 28.58 0 0.401431 1537.88 398.13 49.57 25.23 0 0.394675 1468.47 369.10 52.38 24.85 0 0.392300 1556.90 476.12 50.84 24.17 0 0.381366 1567.27 531.39 48.67 25.60 0 0.377674 1556.89 466.38 49.68 23.71 0 0.373877 1498.38 529.57 50.28 27.21 0 0.371701 1333.28 279.32 51.29 24.36 0 0.369371 1534.54 343.88 47.23 21.84 0 0.350108 1328.63 190.37 41.06 23.93 0 0.348912 1265.83 200.03 49.97 24.45 0 0.328920 1325.67 249.58 52.75 21.44 0 0.325707 1481.18 441.54 48.82 23.68 0 0.318582 1515.29 249.53 49.89 22.51 0 0.302861 1254.85 228.33 49.51 21.37 0 0.275155 1573.16 564.28 52.99 25.63 0 0.269952 1449.15 247.41 48.85 22.49 0 0.268579 1521.34 266.77 45.17 24.68 0 0.255482 1334.21 408.16 55.66 26.71 0
104,0.759557 797.40 451.18 58.23 131.44 1 0.685351 548.26 827.84 30.19 57.85 0 0.630563 1049.19 498.75 28.61 46.25 0 0.616752 12.11 568.79 53.49 29.58 0 0.606498 1155.41 511.00 25.33 40.19 0 0.581526 411.63 827.53 34.09 55.24 0 0.570090 1204.61 505.85 26.53 39.99 0 0.554298 644.70 658.23 58.29 28.40 0 0.547734 915.00 392.42 29.35 40.26 0 0.546375 789.59 469.60 63.27 120.97 1 0.545888 130.99 931.82 38.84 53.99 0 0.539851 1077.67 501.85 27.47 43.01 0 0.537294 1230.01 508.17 24.96 38.44 0 0.531423 843.67 399.31 23.50 39.29 0 0.530990 395.20 653.73 42.13 21.78 0 0.491348 81.45 788.69 30.98 44.09 0 0.484965 0.00 772.83 39.59 50.08 0 0.477717 193.47 797.42 35.86 40.83 0 0.467636 430.90 716.17 38.33 27.84 0 0.450344 843.01 353.18 25.79 39.28 0 0.445154 54.68 787.49 35.38 46.84 0 0.434586 426.79 720.83 41.30 25.79 0 0.429837 274.74 650.60 51.78 23.85 0 0.425202 1232.95 684.32 49.39 31.09 0 0.422988 331.92 651.73 51.59 25.72 0 0.420209 115.07 797.96 31.02 39.39 0 0.418145 95.07 913.01 37.72 51.14 0 0.407230 456.50 719.33 33.78 27.38 0 0.375073 42.42 911.21 36.21 42.99 0 0.372272 842.89 358.27 24.27 41.78 0 0.371689 1243.59 686.21 48.98 30.90 0 0.367574 994.64 733.09 34.04 22.09 3 0.359283 454.52 716.55 30.79 28.48 0 0.348549 871.76 360.92 21.70 34.33 0 0.348388 871.59 400.66 21.04 33.81 0 0.345393 2.23 912.49 41.90 42.90 0 0.342497 1203.60 468.10 28.37 25.39 0 0.341038 8.31 904.73 46.41 44.85 0 0.331119 755.27 464.39 38.62 23.54 0 0.324518 612.56 720.78 26.24 30.37 0 0.320743 1309.57 496.75 53.63 31.13 1 0.308169 1.76 610.59 22.93 26.32 0 0.308151 444.77 584.02 59.01 26.42 0 0.301346 1226.88 686.03 43.84 27.64 0 0.261871 0.59 760.76 45.97 53.89 0 0.258576 444.19 823.64 28.08 46.83 0
105,0.292237 1226.66 186.65 30.68 25.42 0
106,0.597356 389.91 495.10 56.75 30.96 0 0.593323 108.14 459.28 33.71 50.83 0 0.590431 841.44 258.11 22.83 40.74 0 0.589420 208.31 458.64 31.37 49.15 0 0.579911 428.63 397.62 41.20 26.17 0 0.569732 791.20 268.43 24.48 37.50 0 0.562484 61.36 463.34 35.07 53.41 0 0.517115 173.74 461.23 30.34 48.51 0 0.495296 800.38 338.89 57.03 27.14 0 0.485080 652.58 257.12 28.26 47.86 0 0.448360 1467.14 8.16 26.14 37.85 0 0.419392 814.39 265.20 21.81 40.21 0 0.401520 590.25 168.25 26.35 30.68 0 0.394212 885.30 271.02 20.63 29.61 0 0.387464 101.32 460.72 36.14 53.95 0 0.386118 614.96 205.60 25.51 33.17 0 0.382548 1446.15 94.85 21.18 35.24 0 0.372807 619.58 257.80 34.29 40.58 0 0.356979 644.59 254.14 33.75 48.80 0 0.335311 915.02 612.08 26.06 45.16 0 0.329644 314.34 84.61 43.07 29.50 0 0.327156 679.08 169.79 22.53 28.01 0 0.323963 704.34 167.01 27.58 31.31 0 0.322822 1867.51 967.28 47.54 35.64 0 0.316932 645.62 134.65 39.68 20.70 0 0.301006 482.24 152.97 45.28 24.35 0 0.289987 911.09 274.03 19.05 25.35 0 0.284958 57.19 468.06 34.07 49.88 0 0.282322 282.00 109.66 38.20 23.54 0 0.270597 656.67 134.24 35.98 20.78 0
107,
108,0.636970 70.95 708.94 200.83 83.33 0 0.339506 81.84 689.74 213.85 93.73 0 0.308859 0.00 874.64 31.03 67.83 0 0.262876 832.37 909.97 214.18 116.33 0
109,0.661866 342.79 360.68 94.93 55.01 0 0.633087 899.04 362.68 59.17 70.49 0 0.627299 1274.68 228.23 55.69 32.36 0 0.626960 1430.08 143.48 36.90 51.78 0 0.612378 788.63 343.45 56.07 61.96 0 0.597963 641.48 316.05 75.65 62.40 0 0.589243 1596.59 335.92 57.42 58.07 0 0.576515 742.75 336.77 55.68 61.14 0 0.558846 1257.49 273.11 64.49 41.48 0 0.551085 848.20 351.05 55.38 52.88 0 0.537947 200.67 444.21 125.18 70.98 0 0.529575 1216.81 951.50 79.24 126.48 0 0.513001 838.26 369.24 55.86 51.81 0 0.504113 435.52 311.52 74.28 40.72 0 0.485699 421.58 332.72 73.11 49.86 0 0.479300 1257.53 341.74 59.25 32.78 3 0.473438 1242.99 367.04 36.75 32.87 3 0.468434 1491.59 37.83 30.78 27.60 0 0.454498 1283.93 196.59 54.53 29.25 0 0.450950 837.01 357.07 60.83 56.43 0 0.448613 1489.04 78.82 29.35 29.95 0 0.436665 1251.25 861.84 50.58 41.69 3 0.413017 1255.42 850.26 46.96 41.34 3 0.408441 1249.06 909.74 55.58 47.81 3 0.407918 1376.20 54.01 29.55 38.60 0 0.393254 1255.84 336.28 58.08 34.07 3 0.358565 1378.40 45.26 31.23 32.29 0 0.354832 1636.10 441.90 17.65 27.07 3 0.335578 472.50 287.37 70.51 46.57 0 0.333012 1251.71 368.11 45.27 30.49 3 0.329079 1248.19 325.24 51.96 34.07 3 0.326679 1246.91 398.53 26.91 27.79 3 0.311865 1275.72 202.90 56.92 29.23 0 0.303718 1555.35 817.38 66.55 164.25 0 0.297900 430.70 317.41 81.66 49.72 0 0.285697 443.12 300.11 84.92 44.01 0 0.283601 1490.38 53.54 29.90 24.90 0 0.275203 1530.38 32.77 29.69 26.14 0 0.274810 458.63 286.83 73.32 41.47 0 0.269089 176.74 450.50 147.77 73.83 0 0.268800 1250.96 902.15 53.65 45.63 3 0.267378 1246.99 335.98 55.65 34.45 3 0.266450 1261.62 256.79 66.48 32.88 0 0.263885 1250.72 282.25 63.56 44.03 0 0.255991 1242.77 917.94 59.69 53.06 3
110,0.677539 1046.37 212.47 45.78 64.89 0 0.657470 72.85 437.77 36.06 65.77 0 0.649568 607.82 507.65 12.18 20.17 2 0.644049 111.17 29.12 33.16 55.66 0 0.634909 1281.89 410.81 53.19 58.35 0 0.630619 87.82 274.84 36.22 66.45 0 0.625130 52.74 628.64 39.70 80.52 0 0.611401 327.43 30.81 24.22 39.54 0 0.604373 341.19 419.38 35.58 62.21 0 0.602952 106.01 140.85 30.40 51.76 0 0.581209 347.46 590.98 40.56 87.86 0 0.549398 330.31 139.72 29.64 50.06 0 0.523304 344.50 494.32 34.16 76.72 0 0.341016 106.38 92.72 24.48 37.91 0 0.318566 346.04 605.95 43.55 110.13 0
111,0.747219 1532.34 802.50 99.45 138.13 0 0.677317 734.35 223.94 106.16 48.25 0 0.676959 1404.91 387.67 68.79 102.51 0 0.627033 729.89 150.09 53.14 36.48 0 0.604705 1748.16 421.32 75.75 57.53 0 0.604414 364.11 140.34 58.20 44.28 0 0.601327 1588.22 206.74 72.18 53.76 0 0.598499 1483.00 617.35 89.37 121.54 0 0.594919 1427.22 502.86 73.90 97.16 0 0.593080 1788.09 507.17 95.10 92.66 0 0.585230 1548.48 137.06 56.15 51.34 0 0.579820 0.00 227.54 99.06 75.92 0 0.573783 594.91 213.91 120.56 54.38 0 0.571977 1604.05 936.22 97.73 127.89 0 0.557712 809.05 146.36 48.46 48.65 0 0.542535 621.70 146.39 52.78 38.82 0 0.540207 474.60 140.40 45.54 43.37 0 0.530410 153.37 190.46 105.75 48.62 0 0.522825 1218.84 128.90 63.96 37.50 0 0.520161 857.00 226.76 95.00 47.45 0 0.503769 1631.92 261.76 78.88 56.14 0 0.501733 1683.21 326.69 82.42 76.91 0 0.494319 1748.72 447.15 65.91 57.17 0 0.491942 1104.18 269.04 56.37 30.06 0 0.486862 1621.05 150.03 60.83 48.20 0 0.485147 865.55 231.90 101.93 47.23 0 0.481819 1529.96 366.36 27.99 43.13 3 0.481753 1741.73 427.89 72.84 71.21 0 0.460537 981.34 233.55 97.11 44.22 0 0.447876 1670.56 310.10 82.63 79.77 0 0.435848 1732.54 420.65 81.98 65.01 0 0.431315 1665.76 219.50 56.74 42.17 0 0.422478 1476.96 603.70 67.80 83.87 0 0.414952 1492.73 641.16 82.47 98.44 0 0.405008 1473.58 603.22 84.22 127.08 0 0.383731 1495.07 45.42 58.06 50.54 0 0.379164 164.34 514.42 41.32 50.59 3 0.374591 19.96 981.27 36.05 46.61 3 0.373167 434.30 136.22 38.38 44.07 0 0.365304 515.92 136.40 34.13 40.62 0 0.363938 25.65 983.50 38.75 51.02 3 0.345475 1729.74 417.31 63.78 58.49 0 0.343587 1807.36 521.16 78.63 86.45 0 0.335250 1500.96 64.23 59.17 47.42 0 0.322594 1877.53 614.77 41.40 101.78 0 0.318344 1510.72 82.92 61.24 47.96 0 0.317262 1.68 221.10 58.45 80.73 0 0.306796 150.47 187.10 92.87 46.38 0 0.304706 1524.31 97.52 51.71 42.16 0 0.302654 1719.61 911.38 36.81 39.21 3 0.300935 1528.66 374.36 28.57 40.89 3 0.285998 1228.20 107.12 64.97 33.06 0 0.279487 1739.00 912.25 28.80 39.60 3 0.265700 1858.90 608.65 60.32 93.41 1 0.259315 546.65 138.66 40.91 38.67 0 0.258102 1780.02 360.30 52.53 38.04 0 0.257781 1615.30 168.98 64.14 48.80 0 0.257577 1855.42 604.95 62.55 83.73 0 0.255136 1598.60 124.78 36.90 42.69 0
112,0.575573 733.01 418.11 265.41 106.61 0 0.508921 64.45 397.83 277.25 112.70 0 0.485408 1414.04 423.72 254.00 101.48 0 0.426332 692.95 419.36 263.76 100.04 0 0.382039 32.48 411.30 254.51 103.69 0 0.327000 1363.58 418.16 268.56 104.74 0
113,0.589629 1257.75 745.08 64.46 30.71 0 0.553822 1668.08 745.93 63.35 31.29 0 0.518878 602.17 84.32 49.49 21.37 0 0.494523 593.93 131.28 47.95 23.03 0 0.471826 263.68 1019.21 46.19 30.13 0 0.433767 706.16 1018.14 41.96 24.73 0 0.408042 731.51 1020.86 54.56 27.83 0 0.401115 607.47 58.48 47.42 19.79 0 0.392051 613.83 20.07 48.54 23.51 0 0.366697 947.87 740.41 55.65 28.43 0 0.361379 687.93 1019.25 44.50 24.48 0 0.344337 748.01 1020.54 51.98 27.58 0 0.336721 612.29 33.58 48.12 21.31 0 0.309951 1311.52 699.88 35.03 24.26 0 0.298686 444.13 321.67 33.17 31.21 0 0.285053 449.93 26.71 59.29 27.17 0 0.280792 595.26 105.95 48.04 20.82 0 0.259782 747.24 1034.26 49.62 27.20 0 0.259168 939.92 743.87 55.57 27.72 0
114,0.767286 596.66 739.73 31.17 53.76 0 0.751152 1003.87 506.68 26.58 43.62 0 0.743561 870.99 579.42 27.49 50.15 0 0.742567 1034.55 505.96 22.88 43.21 0 0.737755 694.99 722.89 29.35 55.34 0 0.735839 786.74 719.82 30.62 51.72 0 0.728231 568.28 605.92 30.76 52.68 0 0.726780 722.61 718.22 30.12 55.38 0 0.724558 599.10 604.91 30.70 51.81 0 0.719471 976.80 508.38 25.72 42.43 0 0.710132 1037.79 696.97 29.18 54.07 0 0.700002 745.59 529.88 26.05 45.76 0 0.696919 837.23 579.06 32.08 51.37 0 0.687269 974.37 700.14 28.40 51.80 0 0.685956 864.52 516.50 24.88 46.49 0 0.682184 599.19 816.48 32.23 59.74 0 0.680547 627.95 738.02 28.75 55.85 0 0.678056 808.41 584.88 29.28 52.69 0 0.677959 817.98 716.04 30.66 54.15 0 0.672897 665.92 727.12 29.86 55.85 0 0.669716 1006.49 695.98 31.30 52.93 0 0.667776 944.14 701.83 28.03 59.07 0 0.666746 750.24 589.95 26.74 55.77 0 0.664319 717.95 530.58 29.03 45.93 0 0.660548 600.40 543.95 25.56 47.88 0 0.654518 892.33 516.50 23.39 46.54 0 0.651733 757.17 723.05 30.30 53.12 0 0.644612 1164.41 997.34 32.04 61.30 0 0.639868 1073.13 556.58 29.46 47.48 0 0.639496 912.35 705.01 30.90 54.27 0 0.635650 690.40 594.52 28.21 52.69 0 0.630598 775.07 531.62 27.39 48.29 0 0.629169 719.81 590.68 28.31 54.10 0 0.628018 1144.00 898.66 35.34 69.01 0 0.626924 567.35 741.34 30.71 52.08 0 0.614720 853.43 711.90 29.37 57.81 0 0.614652 928.90 577.30 30.23 49.70 0 0.610139 981.96 561.51 27.98 47.55 0 0.594800 1013.62 562.02 25.60 45.95 0 0.590601 532.01 745.62 28.88 51.37 0 0.586375 527.53 812.23 31.89 57.65 0 0.582080 536.66 607.68 28.28 56.07 0 0.578175 1043.97 912.76 31.52 60.52 0 0.572407 1836.56 782.94 31.12 51.94 0 0.572287 1626.73 310.89 26.09 36.17 0 0.569283 919.01 517.19 24.35 45.88 0 0.567825 629.73 537.51 26.67 52.64 0 0.565557 562.85 811.65 29.95 58.31 0 0.564650 630.92 602.53 26.47 49.76 0 0.562874 834.29 524.11 25.09 45.32 0 0.557257 900.28 578.20 27.80 51.90 0 0.549904 1769.15 303.62 32.84 31.98 0 0.530503 1520.00 299.53 50.32 23.24 0 0.526991 806.63 530.61 26.73 41.04 0 0.520540 1045.31 559.48 26.78 53.09 0 0.510634 1048.41 564.18 26.77 51.55 0 0.504503 1772.74 642.40 34.91 58.61 0 0.497191 1111.67 907.77 30.53 66.80 0 0.484823 1305.08 136.44 42.98 20.54 0 0.475762 1773.67 654.94 35.07 50.18 0 0.473475 1533.59 331.87 47.25 24.99 0 0.452929 1514.65 277.28 45.27 21.22 0 0.439105 657.35 598.50 26.62 48.98 0 0.432303 1433.70 83.16 43.55 20.61 0 0.429439 1069.40 696.49 28.55 51.12 0 0.428908 1801.05 715.34 34.54 48.06 0 0.428420 781.27 591.99 26.23 49.96 0 0.426241 1532.28 340.47 48.20 23.98 0 0.423792 1770.19 638.03 31.84 48.46 0 0.409680 1158.70 994.10 31.36 66.66 0 0.406361 949.59 515.08 25.99 43.57 0 0.404266 538.04 545.92 31.07 49.35 0 0.398739 1825.06 776.37 34.66 54.14 0 0.393516 941.56 516.32 25.20 46.14 0 0.386918 1718.19 525.51 34.05 43.93 0 0.386895 1525.19 321.41 49.92 22.69 0 0.378278 1753.77 303.42 31.54 28.06 0 0.354060 660.67 592.58 26.60 53.52 0 0.340888 1713.09 519.72 30.38 42.78 0 0.337289 1668.80 411.88 33.03 41.46 0 0.333960 1400.85 0.00 40.62 15.77 0 0.333723 1828.73 781.58 35.22 51.38 0 0.327212 1669.72 424.21 29.62 35.91 0 0.321409 837.15 518.57 25.37 43.56 0 0.310086 1297.46 137.30 40.54 20.40 0 0.297781 946.49 517.90 27.34 46.43 0 0.294226 886.04 579.18 28.51 49.57 0 0.288574 1509.77 57.53 19.43 20.05 0 0.252753 1230.83 416.38 14.66 17.82 3
115,0.717156 1373.82 376.18 180.39 82.85 0 0.641774 755.99 415.44 185.84 80.03 0 0.631492 487.73 411.72 240.96 89.67 0 0.626567 1582.46 387.43 179.77 69.78 0 0.599849 978.64 404.85 194.88 73.80 0 0.435161 106.86 402.69 272.51 121.67 1 0.338996 109.97 410.41 223.22 111.63 0 0.312086 162.43 382.21 288.71 139.50 1
116,0.482830 739.71 897.43 29.52 38.39 0 0.355686 769.74 838.74 27.89 33.40 0 0.306116 665.54 844.54 31.81 28.55 0 0.293675 853.92 829.94 28.45 34.30 0 0.278326 1231.49 464.86 43.28 34.12 0 0.268960 1484.31 1042.41 26.88 31.14 0 0.254192 736.22 899.21 30.67 42.29 0
117,0.632314 1098.03 482.71 40.66 41.37 0 0.629370 1282.55 413.83 37.86 35.98 0 0.624177 1310.50 388.52 42.34 36.78 0 0.619310 1107.49 489.24 41.81 38.27 0 0.608754 858.02 298.72 38.14 32.60 0 0.604237 1307.98 376.52 42.64 34.00 0 0.593255 1124.33 293.62 37.62 32.56 0 0.589213 1138.22 454.66 39.79 31.18 0 0.584757 1209.52 484.15 42.04 36.74 0 0.583323 1266.41 401.70 41.80 32.47 0 0.583019 1234.57 362.74 46.60 35.71 0 0.575485 1197.89 393.17 43.07 36.94 0 0.575393 1090.24 331.14 43.87 34.24 0 0.573050 1024.34 385.06 37.89 37.53 0 0.570062 1192.69 253.62 40.01 27.84 0 0.562008 1262.57 339.83 42.94 34.38 0 0.560200 1351.82 252.07 44.57 30.88 0 0.559166 1232.07 457.75 41.89 31.33 0 0.559006 1138.34 287.18 40.23 33.63 0 0.558375 955.31 433.25 37.12 34.00 0 0.556641 1046.18 366.67 41.75 39.72 0 0.556599 1221.33 461.76 43.40 34.76 0 0.556352 1110.03 315.59 41.47 34.07 0 0.555941 1159.07 531.54 45.35 37.78 0 0.553773 1175.11 414.64 40.04 36.42 0 0.552212 1127.33 445.50 41.01 34.23 0 0.551667 1362.26 325.29 43.45 34.37 0 0.544933 1208.33 389.44 43.95 35.87 0 0.543382 1405.56 282.48 49.06 34.54 0 0.538607 1313.81 289.86 41.61 35.30 0 0.534574 1039.74 377.73 39.46 37.21 0 0.533162 1323.92 285.11 42.12 31.49 0 0.530539 805.04 346.48 39.58 32.26 0 0.528442 1240.40 348.69 44.77 34.56 0 0.514655 1172.22 181.47 30.17 24.28 0 0.514019 1218.99 226.03 40.91 28.30 0 0.512581 1137.94 446.60 44.82 33.92 0 0.511463 1166.10 267.02 38.13 31.40 0 0.510984 1144.90 279.18 39.76 33.23 0 0.509443 1164.46 510.91 42.84 36.33 0 0.505435 1254.36 198.19 39.59 26.12 0 0.504844 1194.45 483.61 42.36 39.03 0 0.498235 997.13 405.89 39.63 33.77 0 0.497003 1240.03 435.35 41.97 32.30 0 0.496209 1117.31 562.14 41.88 38.55 0 0.491303 1220.40 367.86 43.11 35.19 0 0.487301 1110.35 556.90 38.72 39.36 0 0.474472 759.59 313.49 36.11 27.49 0 0.474294 374.62 876.35 51.38 65.80 0 0.474071 1075.54 508.14 40.88 40.52 0 0.472007 1176.27 496.71 38.44 34.17 0 0.465648 1228.42 220.87 39.30 27.29 0 0.464584 1280.82 321.61 43.34 35.50 0 0.463304 1182.85 499.61 39.59 33.21 0 0.462358 1056.09 510.35 40.80 37.35 0 0.460974 1360.77 333.43 44.08 33.24 0 0.453874 1183.15 264.29 37.25 27.41 0 0.452832 829.62 327.34 35.56 27.91 0 0.452688 1322.48 385.27 41.22 35.28 0 0.449067 1142.91 549.74 38.77 33.87 0 0.446158 1195.99 178.08 34.70 25.00 0 0.445882 1149.15 535.44 42.83 37.88 0 0.441557 1085.66 498.83 37.67 39.41 0 0.439370 1375.20 315.15 44.39 33.13 0 0.438022 1006.78 397.10 37.17 37.36 0 0.434044 796.23 349.20 38.59 29.48 0 0.433222 971.99 431.69 39.25 34.95 0 0.429965 815.41 326.63 37.76 27.98 0 0.429068 1210.77 178.03 38.07 24.79 0 0.426481 1270.61 321.67 41.82 37.10 0 0.424451 980.78 417.28 36.85 36.87 0 0.419276 1062.38 521.74 44.64 36.78 0 0.416515 1272.25 409.81 39.41 37.25 0 0.414489 1207.02 240.36 37.57 26.98 0 0.413797 1163.08 431.47 41.53 31.28 0 0.408817 1319.88 280.66 41.21 33.34 0 0.406810 1332.86 271.85 43.57 32.99 0 0.405231 1244.95 205.24 42.19 26.17 0 0.404434 301.96 773.04 48.71 61.11 0 0.404285 1035.42 376.44 36.19 37.42 0 0.404091 1252.78 358.79 42.37 33.28 0 0.401602 1348.43 264.05 43.71 30.18 0 0.399113 1185.81 410.34 44.42 36.70 0 0.398649 1049.72 537.29 43.43 34.89 0 0.397308 1273.04 334.05 43.00 32.24 0 0.395025 334.87 822.48 52.34 57.41 0 0.390780 1061.42 359.09 39.19 31.87 0 0.386618 1210.66 161.67 41.10 27.42 0 0.386107 467.13 1002.44 58.01 70.36 0 0.384179 1345.20 255.03 44.09 31.06 0 0.379998 753.73 309.84 37.01 28.15 0 0.378710 1291.56 398.31 41.70 33.50 0 0.361346 1155.40 520.52 45.16 34.90 0 0.360995 1208.99 405.78 44.34 36.59 0 0.359756 1295.27 300.94 40.85 31.47 0 0.354172 1301.23 314.18 37.79 30.79 0 0.348850 1392.40 304.40 42.60 30.45 0 0.327673 1130.06 455.44 40.73 30.58 0 0.327578 1225.92 352.72 44.79 31.61 0 0.327006 1096.57 584.25 39.40 36.98 0 0.319060 1326.73 377.75 42.86 33.68 0 0.317104 1133.02 284.47 37.35 31.69 0 0.316608 803.82 352.69 38.98 34.28 0 0.301960 1051.73 551.36 38.71 32.40 0 0.291873 1255.67 431.15 36.33 31.85 0 0.275864 896.70 630.28 38.85 37.05 1 0.274421 1078.32 344.06 43.06 35.92 0 0.273603 1152.08 424.18 38.48 30.27 0 0.266627 1427.33 417.38 38.71 25.03 0 0.264982 825.69 339.05 36.36 29.50 0 0.260028 1153.56 283.49 40.73 31.68 0 0.258338 1239.57 427.38 40.37 31.73 0
118,0.769541 985.58 388.47 21.48 42.84 0 0.756820 936.29 558.50 28.20 45.92 0 0.748155 959.18 388.53 21.64 40.58 0 0.745921 905.40 557.81 27.94 47.96 0 0.740570 738.20 392.66 23.81 40.44 0 0.718958 597.31 447.99 24.12 48.76 0 0.717578 1011.45 388.22 21.12 43.83 0 0.704386 670.36 559.60 28.90 48.96 0 0.703448 758.63 559.66 26.61 48.64 0 0.699022 699.28 557.40 27.72 50.05 0 0.684844 600.21 446.75 25.38 46.31 0 0.679242 819.76 446.97 24.01 44.93 0 0.677050 794.54 445.05 22.92 45.58 0 0.673167 678.92 448.61 24.69 44.69 0 0.672747 650.95 446.08 23.61 45.63 0 0.664197 960.84 438.31 22.31 46.49 0 0.662020 989.59 440.84 23.85 43.20 0 0.660155 764.64 446.97 23.16 46.52 0 0.658977 966.72 559.68 27.07 46.03 0 0.658546 848.23 389.43 22.97 42.23 0 0.657020 604.59 393.76 22.79 42.97 0 0.656698 787.07 563.14 25.52 48.42 0 0.651167 641.11 562.03 28.58 48.79 0 0.640024 580.30 569.30 27.15 45.67 0 0.639196 1673.75 450.97 35.17 49.81 0 0.635040 630.96 392.79 21.94 41.88 0 0.629609 818.47 561.90 25.84 53.43 0 0.628017 1609.79 246.42 27.03 42.36 0 0.627727 764.68 398.06 25.42 40.92 0 0.627062 820.68 394.25 20.05 40.75 0 0.619043 845.98 444.48 25.57 49.17 0 0.608803 555.47 565.95 26.49 45.28 0 0.606666 906.80 446.25 23.85 49.99 0 0.601483 1025.03 562.64 26.58 49.96 0 0.600524 716.77 392.04 22.76 39.54 0 0.599120 791.18 448.22 23.11 44.67 0 0.598851 574.69 633.96 28.46 50.45 0 0.595306 930.88 394.68 22.84 40.53 0 0.593713 521.23 566.38 28.44 45.70 0 0.585001 1080.80 832.44 27.35 59.44 0 0.584865 977.11 752.49 28.81 62.31 0 0.584343 1730.59 635.94 33.01 53.37 0 0.580085 1015.77 441.77 25.68 47.50 0 0.576315 1749.32 696.93 36.23 50.06 0 0.574821 737.52 444.86 24.42 46.18 0 0.571602 877.91 560.28 26.76 47.56 0 0.570040 1071.20 749.45 32.67 63.87 0 0.567781 795.11 398.36 22.35 40.34 0 0.559137 996.65 558.73 26.15 50.48 0 0.549892 625.46 445.72 24.33 45.71 0 0.547507 1660.41 261.55 24.94 40.55 0 0.546143 567.72 449.54 25.45 46.60 0 0.545621 1519.53 275.14 45.06 21.93 0 0.540966 608.75 571.36 26.70 47.13 0 0.540771 623.46 448.44 22.44 46.14 0 0.538209 727.77 559.97 26.86 53.40 0 0.517722 510.80 631.30 27.01 47.04 0 0.511310 539.24 628.60 29.92 49.90 0 0.502602 1190.43 129.29 27.44 31.19 0 0.501436 547.02 398.73 25.13 40.52 0 0.494262 536.74 453.11 27.24 45.88 0 0.491047 1041.14 757.02 27.52 57.19 0 0.475904 1209.28 322.44 13.81 17.10 3 0.459271 1714.58 567.25 32.26 54.49 0 0.458043 703.91 327.94 12.93 16.58 3 0.450818 902.98 391.83 23.42 40.97 0 0.444801 710.74 443.89 24.37 45.76 0 0.428536 675.98 325.68 11.47 17.20 3 0.409952 1453.80 30.22 41.09 22.22 0 0.398090 1508.96 235.40 48.67 23.36 0 0.386292 700.31 442.89 25.03 46.14 0 0.379400 880.16 390.03 24.04 40.96 0 0.378374 1014.60 393.61 20.49 42.74 0 0.363772 1514.37 244.90 45.56 23.23 0 0.361741 1710.12 334.21 28.69 42.77 0 0.357226 1445.09 33.34 37.19 21.01 0 0.354792 870.88 390.07 22.86 41.85 0 0.349459 1045.63 440.13 26.19 44.16 0 0.338994 1706.54 565.48 35.04 54.40 0 0.333467 877.96 447.35 25.00 50.37 0 0.314328 872.71 558.63 26.83 50.90 0 0.313632 557.48 327.74 12.96 19.08 3 0.311020 1714.95 580.59 30.89 49.69 0 0.307106 1411.68 0.00 24.09 27.63 0 0.304480 1504.24 229.58 49.13 21.81 0 0.301321 1526.24 4.73 25.27 27.79 0 0.287171 1639.23 350.12 28.64 38.40 0 0.275497 540.22 449.58 27.70 46.84 0 0.275217 731.91 558.07 26.44 50.42 0 0.266476 1178.94 325.92 12.06 15.90 3 0.258987 715.03 397.54 23.15 38.05 0 0.253440 610.84 565.56 27.80 49.35 0
119,0.693418 536.37 414.04 186.30 74.36 0 0.620940 985.86 381.84 186.36 71.08 0 0.617243 250.49 414.49 204.09 82.39 0 0.560982 1220.06 376.26 185.13 71.91 0 0.543750 1848.77 346.10 71.23 58.88 0 0.434914 1237.08 368.28 177.11 67.64 0 0.317769 1210.72 385.10 164.70 61.17 0 0.305501 271.73 403.98 188.24 82.84 0 0.279622 76.34 615.13 93.43 43.81 0 0.276866 1812.47 486.91 63.16 42.11 0
120,0.418527 776.06 688.29 37.72 26.13 0 0.390731 661.88 749.91 41.31 24.20 0 0.372802 814.12 664.54 37.43 27.70 0 0.363174 615.83 773.76 42.98 23.41 0 0.329414 1334.97 704.33 37.57 22.58 0 0.317651 962.52 471.82 21.09 23.39 0 0.290592 1034.63 551.65 24.37 29.06 0 0.289469 712.85 726.17 33.68 24.17 0 0.265998 826.10 660.47 36.11 25.81 0
121,
122,0.517128 1190.13 654.61 41.39 33.70 0 0.515229 905.50 515.64 39.35 52.30 0 0.507850 951.99 522.96 40.10 44.01 0 0.467598 1284.07 659.84 40.31 34.32 0 0.464199 866.73 518.61 37.00 52.24 0 0.442664 954.48 513.29 41.26 47.34 0 0.437276 1524.53 680.96 41.95 32.55 0 0.411975 1588.32 685.15 40.30 29.30 0 0.401654 836.76 486.64 33.63 44.24 0 0.389054 1384.21 651.78 47.98 38.63 0 0.362046 1582.28 681.19 44.29 29.83 0 0.346968 1335.40 665.86 40.51 35.58 0 0.339898 1576.37 656.14 46.93 29.19 0 0.336511 1335.97 654.51 41.01 42.98 0 0.329143 1387.01 674.29 47.81 29.38 0 0.328611 1031.84 498.35 28.20 39.55 0 0.314054 758.47 362.49 43.53 33.36 0 0.260252 1884.21 1.00 35.79 33.49 0
123,0.705701 40.00 363.30 36.75 59.52 0 0.696316 840.42 388.47 35.53 65.58 0 0.671411 12.18 596.19 36.92 63.33 0 0.654972 111.68 593.81 37.26 60.77 0 0.653824 34.79 121.30 32.30 59.54 0 0.651098 10.97 361.07 33.23 59.24 0 0.624826 69.45 121.14 35.98 62.87 0 0.624766 109.04 197.95 36.39 62.54 0 0.622452 37.27 199.30 34.07 60.52 0 0.622423 839.64 542.13 31.61 61.67 0 0.599806 74.96 205.18 33.81 61.95 0 0.596887 113.53 678.08 36.43 59.34 0 0.588443 842.92 464.69 32.01 65.15 0 0.560816 837.74 617.44 35.08 78.28 0 0.529828 78.26 363.22 34.64 64.46 0 0.529195 849.95 227.74 32.66 64.36 0 0.517246 79.71 596.93 30.33 66.60 0 0.488265 3.34 119.37 34.97 56.80 0 0.486329 855.89 68.09 30.11 62.28 0 0.417363 293.86 10.16 22.04 30.97 3 0.391658 5.28 194.88 32.78 64.41 0 0.333827 3.30 360.81 35.05 58.34 0 0.324454 121.15 674.70 41.80 64.05 0 0.277136 5.09 594.22 38.76 65.80 0 0.267337 307.94 214.61 29.10 72.83 0 0.250652 329.39 4.81 26.58 36.38 3
124,0.702799 707.45 454.02 76.63 106.67 0 0.696523 657.39 568.21 87.43 134.17 0 0.599198 1112.56 607.32 65.69 36.68 3 0.584147 1092.21 982.37 70.75 39.03 3 0.577918 552.82 814.90 102.06 175.10 0 0.571380 1119.75 485.63 57.11 37.88 3 0.561856 1113.64 583.76 66.26 38.98 3 0.545607 484.95 978.84 113.90 101.16 0 0.512390 806.05 297.72 37.63 26.28 3 0.499181 1120.95 524.86 61.79 33.30 3 0.493769 1112.65 622.83 63.38 34.34 3 0.488170 760.16 372.66 60.58 34.20 3 0.486066 1120.81 518.77 60.01 32.96 3 0.463460 1101.77 973.50 64.02 38.79 3 0.435092 768.17 351.80 56.38 34.72 3 0.424402 1091.95 1041.29 64.07 36.72 3 0.414033 756.98 383.38 57.80 30.71 3 0.411397 760.63 363.57 60.96 35.17 3 0.368977 828.90 155.63 64.05 49.28 0 0.363338 1089.98 1015.47 71.13 37.77 3 0.351213 793.49 325.99 42.00 25.65 3 0.322813 778.55 327.91 51.84 31.65 3 0.316608 1075.37 1052.62 40.20 27.38 3 0.309160 1118.79 568.81 58.77 32.28 3 0.307098 1097.09 1052.13 59.32 27.87 3 0.264928 1092.03 1007.41 70.22 39.49 3 0.256351 1119.22 472.59 58.77 36.82 3
125,0.670026 750.78 588.07 58.50 31.48 0 0.654390 848.13 326.39 31.99 19.43 0 0.631637 1240.68 652.92 51.83 56.88 0 0.604397 980.93 401.48 26.48 30.31 0 0.584360 1184.10 550.38 38.18 37.90 0 0.549479 1137.84 460.22 33.68 29.71 0 0.547329 1070.37 329.57 25.41 17.17 0 0.521361 822.84 231.26 27.41 16.44 0 0.514274 1208.04 355.47 62.38 40.30 1 0.465504 836.45 282.22 28.39 16.06 0 0.415439 1052.22 289.99 22.71 17.07 0 0.408054 1063.11 312.65 24.79 15.92 0 0.378593 1004.67 189.23 21.74 16.44 0 0.374334 1036.29 187.68 18.96 16.96 0 0.349194 746.77 284.00 34.81 22.55 0 0.346709 743.76 279.68 35.53 21.45 1 0.323291 843.02 315.20 31.69 16.67 0 0.318992 842.78 309.06 29.43 17.01 0 0.318295 917.24 208.61 23.74 15.16 0 0.307144 826.59 183.07 20.66 15.39 0 0.267265 1181.02 212.84 21.97 11.79 0 0.264970 836.95 182.10 22.54 14.46 0
126,0.654159 678.55 644.41 59.17 36.65 0 0.615717 1098.00 577.75 33.63 37.75 0 0.606398 1049.52 489.56 30.12 30.59 0 0.594526 763.52 361.22 26.93 18.32 0 0.568128 732.45 261.71 28.57 17.14 0 0.499919 1148.72 683.72 46.00 36.28 0 0.485704 956.15 310.29 23.21 18.68 0 0.442725 731.53 211.96 27.21 14.86 0 0.440689 747.87 316.00 27.69 20.10 0 0.433302 1073.41 227.08 30.74 18.34 0 0.430933 1268.72 258.49 26.26 15.84 0 0.419298 748.85 319.58 28.76 19.09 0 0.393739 748.84 291.65 23.56 17.67 0 0.388285 758.44 342.89 27.59 19.29 0 0.371944 820.51 244.63 27.09 18.17 0 0.370676 974.68 342.84 22.96 18.27 0 0.351038 725.18 213.54 26.69 14.99 0 0.345525 758.61 109.45 14.81 17.75 0 0.344403 737.19 293.94 21.56 17.51 0 0.341280 598.76 273.41 19.03 18.11 0 0.334141 1311.77 253.34 32.15 20.57 0 0.325122 1225.95 539.40 39.94 22.80 0 0.295789 978.45 354.94 23.05 18.57 0 0.292482 990.78 380.32 28.23 18.52 0 0.266833 746.69 209.86 23.24 13.07 0 0.252649 658.04 320.19 35.21 18.92 0
127,0.695506 1504.84 868.13 35.99 65.79 0 0.674648 1407.40 865.09 35.17 53.77 0 0.660541 981.84 934.05 27.72 59.48 0 0.658977 1672.88 862.13 42.37 69.14 0 0.645913 1433.50 1016.06 35.99 59.40 0 0.628043 1273.85 871.50 32.78 60.31 0 0.618542 1631.13 865.22 39.34 61.60 0 0.613344 1472.26 868.19 36.41 64.64 0 0.607359 984.00 395.72 24.79 43.80 0 0.600654 1343.04 868.52 35.63 60.61 0 0.586897 982.90 520.30 24.26 46.45 0 0.561649 1203.57 975.48 33.30 71.25 0 0.558659 981.96 630.86 25.27 43.15 0 0.554919 1091.79 712.02 51.23 26.40 0 0.539748 1092.28 678.74 52.71 29.18 0 0.528363 1359.69 1015.03 40.51 53.94 0 0.520164 1401.06 1018.00 35.50 60.22 0 0.510727 1070.70 417.94 46.90 26.36 0 0.507451 1216.51 573.20 60.94 26.83 0 0.505001 985.30 202.49 23.21 38.65 0 0.493604 1393.70 1016.04 36.40 58.35 0 0.450336 1530.48 1010.38 39.78 56.85 0 0.443149 1216.57 529.38 57.09 27.73 0 0.434897 1217.42 525.07 57.17 27.33 0 0.407913 1071.37 403.57 43.19 25.31 0 0.397287 1091.63 653.21 49.69 25.07 0 0.394699 1095.25 371.96 27.56 24.35 0 0.383387 983.71 301.69 18.72 36.77 0 0.378625 1209.10 979.86 31.94 69.42 0 0.363578 1078.03 572.82 53.16 23.77 0 0.355807 1097.54 349.81 24.39 25.72 0 0.354359 1054.54 173.27 34.99 27.93 0 0.350322 1212.98 575.86 64.73 30.82 0 0.348790 1085.31 631.51 52.15 27.02 0 0.345280 1081.04 422.72 46.03 26.71 0 0.339423 1097.32 635.92 47.44 26.25 0 0.338505 981.02 636.89 25.74 44.73 0 0.337581 1081.99 626.46 45.84 25.77 0 0.334939 1078.47 283.44 35.18 25.50 0 0.321344 1071.40 572.58 48.44 23.92 0 0.321048 1190.13 274.49 39.24 22.00 0 0.318726 1672.22 858.94 37.04 61.96 0 0.314475 1780.39 534.72 31.66 33.75 0 0.312616 1070.52 592.94 47.59 22.91 0 0.278358 1460.58 1012.77 33.28 51.63 0 0.255986 1072.65 606.29 44.85 23.19 0 0.251730 1876.89 1009.30 43.11 38.85 0 0.251640 1744.04 1029.47 35.02 46.95 0
128,0.651847 57.85 27.30 53.78 25.86 0 0.476832 504.27 63.96 36.80 43.64 0 0.388722 504.34 62.79 37.21 32.41 0 0.325196 104.76 482.84 9.58 11.98 2 0.279396 204.22 551.17 13.56 12.75 2 0.273272 35.33 662.83 22.56 19.41 0 0.260097 521.65 81.40 28.18 36.57 0 0.253474 562.71 222.41 29.75 23.19 0
129,0.604825 1520.67 283.93 132.42 89.55 0 0.554045 1661.24 247.93 86.17 62.25 0 0.526630 629.71 582.84 118.77 141.71 0 0.521661 1206.72 410.45 156.33 99.92 0 0.516511 779.83 618.03 109.08 150.16 0 0.502866 1516.66 302.24 114.25 72.51 0 0.491755 1670.77 239.45 89.66 56.77 0 0.486596 896.75 639.07 119.12 170.20 0 0.472396 1234.82 384.16 129.47 83.43 0 0.438434 1212.84 388.70 151.99 104.48 0 0.350159 1763.65 485.33 102.15 61.00 0 0.334525 1881.24 412.67 38.76 70.26 0
130,0.623814 577.45 678.66 61.96 34.19 0 0.601048 1125.90 304.86 24.23 33.96 0 0.596180 1122.97 346.95 25.75 38.06 0 0.552108 1094.86 555.96 26.16 49.47 0 0.526879 1265.22 413.14 70.44 51.59 1 0.517090 1138.80 212.21 24.48 29.91 0 0.514873 1133.62 263.57 25.55 34.86 0 0.491542 568.75 672.97 54.73 35.55 0 0.490506 843.29 215.22 41.84 25.70 0 0.474818 852.29 162.85 29.85 24.55 0 0.459716 838.56 244.62 34.72 25.95 0 0.454204 866.63 140.36 30.68 23.34 0 0.416794 878.33 51.03 35.89 22.22 0 0.411136 1119.44 391.23 31.61 54.17 1 0.405079 1119.99 393.69 29.18 51.19 0 0.361001 743.33 134.72 31.11 30.82 0 0.321265 1247.60 587.94 38.28 85.87 1 0.293009 745.96 140.06 32.43 34.39 0 0.275859 1130.16 259.17 25.95 37.05 0
131,0.569431 1437.90 758.33 64.49 28.80 0 0.555390 857.79 337.40 25.72 38.68 0 0.448023 1295.13 1038.10 49.84 28.63 0 0.447430 1302.14 1042.36 52.18 27.98 0 0.357960 993.24 89.83 33.78 15.25 0 0.352933 997.54 234.12 31.14 19.40 0 0.331653 974.20 62.30 42.65 16.31 0 0.311208 976.60 89.13 39.74 14.88 0 0.306394 979.04 113.37 35.44 16.28 0 0.299320 893.56 111.10 21.00 20.08 0 0.289357 935.27 115.46 19.72 21.52 0 0.280312 1241.72 1037.05 43.56 29.43 0 0.278541 1767.91 761.76 61.16 28.86 0 0.272801 995.47 137.31 31.60 14.96 0 0.266062 860.26 331.46 24.89 41.07 0 0.261758 1315.32 1038.02 47.78 27.72 0 0.257072 977.02 37.05 41.88 18.06 0
132,0.732503 186.11 74.37 95.78 47.21 0 0.701253 1156.58 358.61 128.45 75.29 0 0.670378 5.00 454.01 154.64 75.75 0 0.669981 283.34 223.12 95.28 55.94 0 0.656947 1307.35 417.82 123.06 81.54 0 0.654969 767.97 198.94 84.90 56.81 0 0.653022 389.38 389.78 124.18 86.66 0 0.643876 205.15 197.31 93.33 46.24 0 0.627787 129.51 251.76 99.49 61.41 0 0.622059 104.75 149.91 116.40 50.14 0 0.619886 263.00 302.32 115.81 75.91 0 0.609146 91.18 71.64 85.65 50.09 0 0.605499 622.27 209.75 86.87 59.82 0 0.595687 36.40 203.32 100.94 59.76 0 0.593183 976.31 197.03 54.15 42.82 0 0.586286 1613.56 534.28 127.63 70.51 0 0.576828 1434.82 347.75 70.01 56.14 0 0.576502 245.76 293.12 103.12 62.58 0 0.575296 235.92 298.31 107.90 71.92 0 0.566507 0.00 98.18 53.62 54.86 0 0.548497 419.32 112.01 72.27 37.31 0 0.547093 1233.64 287.60 58.61 44.59 0 0.541805 87.09 145.41 120.00 56.06 0 0.540148 1440.19 472.40 121.61 62.05 0 0.538188 0.00 395.51 115.61 55.97 0 0.534075 13.49 663.79 162.20 111.32 0 0.532758 441.80 136.39 77.58 42.29 0 0.531425 1615.38 540.62 145.44 81.00 0 0.530065 524.84 152.14 68.96 44.97 0 0.529424 441.49 144.68 76.07 42.26 0 0.513853 1344.58 321.55 63.79 45.84 0 0.510918 579.79 195.28 57.90 56.42 0 0.505596 2.85 413.70 129.38 60.51 0 0.505446 0.00 851.78 247.94 221.48 1 0.489785 253.57 289.16 117.93 62.60 0 0.480079 508.20 174.84 83.06 50.12 0 0.473455 2.82 425.31 131.17 59.17 0 0.463643 1502.78 496.34 91.48 69.58 0 0.463176 0.00 387.43 93.84 54.37 0 0.450420 400.49 124.75 73.22 50.56 0 0.441961 548.55 163.35 74.29 47.98 0 0.440751 1445.45 470.56 94.89 53.93 0 0.436718 98.50 500.93 179.14 96.00 0 0.429937 466.01 146.41 64.08 39.99 0 0.421181 1445.09 472.93 135.68 73.59 0 0.418740 349.66 759.94 56.59 62.31 3 0.406415 0.00 375.48 65.67 50.91 0 0.392860 71.15 150.30 97.29 48.83 0 0.388558 1079.98 234.15 53.04 45.14 0 0.387002 397.84 137.30 61.82 41.62 0 0.377284 1168.27 367.61 121.01 80.07 0 0.375028 288.30 293.33 91.85 56.02 0 0.374921 1153.17 250.90 50.79 40.86 0 0.370565 1776.42 581.11 109.21 81.58 0 0.365941 569.22 167.36 61.77 48.52 0 0.364035 22.68 655.05 166.29 96.46 0 0.352239 0.76 461.75 141.31 78.52 0 0.350156 504.21 170.17 77.09 49.01 0 0.347376 265.00 323.98 112.89 71.50 0 0.344974 112.32 507.89 172.10 112.80 1 0.343020 417.61 118.11 77.02 47.11 0 0.340190 779.54 201.53 80.62 60.04 0 0.338209 1455.46 480.68 139.35 74.73 0 0.334914 516.83 169.47 87.52 53.02 0 0.329552 7.66 674.78 148.78 113.06 0 0.323860 431.23 126.87 77.07 48.64 0 0.302052 456.96 135.35 72.76 42.54 0 0.297382 1336.84 429.35 103.62 70.42 0 0.296753 1482.31 488.63 112.65 73.31 0 0.295855 1236.70 280.72 58.26 44.29 0 0.289000 251.11 932.74 37.27 52.29 3 0.280191 94.03 506.67 126.18 78.26 0 0.278958 1.27 399.48 130.71 60.38 0 0.276294 169.02 979.06 63.49 53.67 3 0.275456 436.61 740.91 40.55 44.91 3 0.271836 84.71 138.35 127.25 50.73 0 0.266925 565.80 191.95 67.59 55.01 0 0.266534 254.35 936.42 36.68 55.75 2 0.255178 537.68 155.89 81.52 52.50 0 0.254281 239.93 307.04 126.60 73.69 0
133,
134,0.773774 573.62 311.48 24.46 44.07 0 0.765321 673.89 414.80 25.51 43.88 0 0.745228 335.08 320.50 25.60 41.69 0 0.742446 602.04 312.22 23.94 45.99 0 0.740505 411.85 315.94 24.48 43.59 0 0.734189 500.26 269.12 24.24 39.87 0 0.721375 701.61 414.00 24.86 45.27 0 0.718917 385.54 316.76 23.92 41.53 0 0.706983 629.39 312.63 23.80 45.81 0 0.703448 477.00 419.10 26.85 43.98 0 0.693811 342.86 272.16 24.47 41.24 0 0.687801 580.60 263.62 20.11 37.05 0 0.684679 307.68 321.89 24.37 41.44 0 0.683727 504.35 417.79 26.67 45.39 0 0.679246 263.46 482.91 29.76 45.80 0 0.674190 653.79 265.69 22.96 40.34 0 0.669041 334.24 427.07 24.85 45.82 0 0.668703 663.37 585.82 28.61 54.58 0 0.661079 615.97 414.36 27.28 44.31 0 0.655295 358.60 319.33 25.14 41.25 0 0.653685 547.63 310.05 24.22 43.82 0 0.652988 720.67 587.46 29.45 52.84 0 0.642409 291.38 485.59 29.26 46.71 0 0.637315 644.35 415.04 27.29 42.41 0 0.631854 363.74 421.04 27.82 45.62 0 0.630423 678.92 308.68 24.49 41.10 0 0.626733 366.88 269.58 22.94 41.67 0 0.615162 440.11 316.38 24.81 41.99 0 0.609550 1390.91 465.18 28.41 52.28 0 0.609122 449.72 418.41 26.93 45.83 0 0.607280 234.83 481.29 31.06 46.53 0 0.590827 533.06 415.97 26.80 51.23 0 0.588963 550.58 268.68 22.90 38.25 0 0.586919 449.82 267.50 23.26 38.26 0 0.581139 309.48 427.56 25.03 44.89 0 0.567354 390.54 417.09 27.18 46.31 0 0.562341 761.33 298.34 24.76 47.06 0 0.561765 332.79 323.74 22.56 40.60 0 0.553016 630.15 263.89 21.26 39.04 0 0.552613 1322.12 120.73 21.49 40.01 0 0.549473 1358.89 308.53 25.77 42.85 0 0.548719 926.05 25.84 34.52 34.52 0 0.545693 606.35 261.96 19.62 37.87 0 0.544453 726.38 414.37 26.28 45.47 0 0.541299 527.42 267.54 22.18 37.35 0 0.531606 289.30 270.88 27.24 41.56 0 0.530244 279.89 428.44 23.74 39.51 0 0.526817 464.31 317.61 24.61 40.74 0 0.516433 1337.84 215.52 22.67 39.87 0 0.513234 305.62 326.84 23.84 38.87 0 0.509411 279.31 322.79 25.88 41.66 0 0.500258 590.08 413.54 26.21 43.93 0 0.496432 750.26 649.75 30.01 58.51 0 0.494454 751.21 582.03 28.85 52.26 0 0.491269 473.80 266.96 22.99 40.20 0 0.491166 704.52 306.97 23.66 41.21 0 0.481448 735.79 306.41 22.79 45.20 0 0.467583 1230.10 152.79 41.25 21.84 0 0.464965 927.11 16.33 34.54 38.41 0 0.459679 1224.32 112.68 41.80 18.13 0 0.457391 1379.99 404.89 28.54 48.81 0 0.434998 734.55 262.14 23.27 37.24 0 0.424518 497.85 317.65 24.59 40.39 0 0.418108 680.14 262.97 22.55 35.43 0 0.408972 249.04 430.74 27.81 38.11 0 0.407210 585.50 414.55 27.04 47.23 0 0.381279 520.27 314.17 23.18 41.26 0 0.376890 711.10 263.71 23.21 35.23 0 0.376068 1403.91 523.55 26.95 46.00 0 0.363043 420.97 415.04 26.12 45.55 0 0.341393 356.76 322.93 22.84 40.12 0 0.339279 1226.92 128.46 39.84 19.26 0 0.329927 411.42 414.49 26.81 45.81 0 0.322400 924.36 300.73 26.27 55.33 1 0.314693 437.71 206.56 12.21 19.17 3 0.312292 483.97 318.56 24.80 39.99 0 0.311623 276.81 745.05 28.97 35.35 0 0.300742 1353.77 304.75 26.73 43.93 0 0.297415 1226.03 131.70 42.73 19.48 0 0.292082 253.47 426.04 27.06 39.94 0 0.287384 730.21 412.31 27.72 45.14 0 0.281527 441.14 269.94 24.40 37.53 0 0.275096 273.81 324.17 28.05 42.87 0 0.273726 417.25 205.34 13.63 20.04 3 0.259419 459.38 206.95 13.59 19.52 3
135,0.446161 1175.24 107.26 27.16 19.84 0 0.439668 1053.71 100.74 21.46 21.27 0 0.409958 1138.75 106.52 24.76 17.04 0 0.399611 1264.78 243.60 16.24 15.10 0 0.386499 1191.61 260.40 15.17 16.68 0 0.365759 1173.34 263.98 17.13 19.69 0 0.298743 1293.80 295.26 16.29 16.44 0 0.279597 1312.97 297.36 17.05 17.99 0 0.277254 1247.62 292.09 19.08 20.95 0 0.267577 1054.20 154.69 23.42 23.38 0 0.263128 440.78 0.00 19.68 19.23 0 0.250464 893.06 277.96 14.71 20.89 0
136,0.757861 1271.26 461.28 25.55 54.19 0 0.740243 1196.67 462.20 26.99 53.84 0 0.717374 1097.22 385.34 28.73 53.15 0 0.695324 479.27 183.73 30.90 55.83 0 0.691032 1073.91 465.67 27.87 57.93 0 0.681160 1224.46 578.43 27.47 54.07 0 0.674237 1121.78 822.97 28.77 53.39 0 0.666984 906.37 389.93 28.25 52.42 0 0.666693 1001.75 472.19 28.29 53.76 0 0.662212 383.95 186.03 32.17 56.81 0 0.661791 1085.50 821.91 27.05 54.24 0 0.655157 973.85 384.89 27.80 50.74 0 0.654777 938.42 385.03 27.07 56.25 0 0.653587 791.11 808.15 29.60 49.45 0 0.649797 1128.23 382.91 28.50 55.11 0 0.645803 1229.76 462.94 26.39 58.29 0 0.639175 1134.47 460.42 25.57 58.06 0 0.629966 765.92 702.38 56.81 27.92 0 0.626755 403.36 498.95 30.32 51.27 0 0.621564 1226.62 384.65 27.35 52.74 0 0.619007 1005.55 392.22 27.23 51.70 0 0.617963 1034.83 468.38 29.26 59.08 0 0.617514 341.83 500.40 30.48 59.91 0 0.616800 1164.69 460.43 27.73 54.44 0 0.616068 373.36 496.14 31.27 56.42 0 0.600192 854.83 477.57 28.39 56.25 0 0.596778 1248.06 686.64 53.33 26.00 0 0.595018 460.66 307.78 30.52 57.56 0 0.594582 1193.88 579.33 24.30 47.45 0 0.588926 1193.45 382.35 28.84 53.93 0 0.582309 1253.53 579.76 27.72 55.26 0 0.582070 445.74 181.15 33.35 58.37 0 0.571292 305.32 502.51 31.90 58.48 0 0.564952 423.82 308.45 31.54 58.58 0 0.559439 327.18 59.39 29.82 62.70 0 0.546641 1057.55 265.26 27.25 53.94 0 0.532539 748.89 667.16 56.45 26.64 0 0.527645 1051.23 805.12 30.54 56.52 0 0.525591 508.10 183.38 31.16 54.14 0 0.520871 757.02 803.51 31.07 50.92 0 0.520118 1035.62 390.36 27.63 56.43 0 0.519590 1263.57 389.21 26.40 49.15 0 0.510835 818.62 486.44 24.60 54.26 0 0.499859 600.31 299.39 31.80 54.43 0 0.489507 829.34 805.81 27.69 50.15 0 0.486976 941.59 797.66 28.94 57.04 0 0.480441 514.52 182.50 30.33 54.09 0 0.477175 1266.28 726.30 60.30 28.97 0 0.475265 1302.43 459.91 28.08 56.71 0 0.475065 1021.17 805.88 28.23 51.35 0 0.467729 380.93 60.67 32.05 58.02 0 0.461008 1113.42 586.02 49.05 26.86 0 0.454885 872.34 394.06 27.50 55.63 0 0.434283 1032.73 579.13 58.66 30.36 0 0.427185 753.11 797.83 28.16 51.11 0 0.393165 877.01 811.00 25.66 44.88 0 0.380201 1160.27 385.70 27.40 55.20 0 0.360287 439.76 183.09 34.60 60.14 0 0.340688 763.34 741.10 59.27 27.34 0 0.298004 910.27 88.46 41.93 36.96 0 0.296776 895.58 18.60 30.07 51.32 0 0.296571 822.38 807.39 29.03 47.79 0 0.287118 1307.89 457.90 25.85 50.77 0 0.278071 1057.21 72.23 49.94 48.57 0 0.273732 902.02 90.65 46.44 48.59 0 0.264240 1127.04 584.24 44.22 30.40 0
137,0.733271 830.65 528.65 75.40 44.14 1 0.293808 962.44 545.14 20.47 12.77 0 0.289831 573.58 495.16 19.74 13.71 0 0.286014 1150.58 421.50 34.35 17.94 1 0.280019 935.08 541.56 22.12 14.69 0 0.251700 957.14 596.55 22.43 14.07 0
138,0.673913 1087.16 537.72 27.59 50.02 0 0.633175 573.85 658.78 60.65 33.98 0 0.551824 1239.26 565.79 41.82 92.39 1 0.546629 1069.63 687.73 35.46 32.27 0 0.524837 1124.39 252.66 24.14 28.22 0 0.518813 872.32 40.17 32.42 20.21 0 0.509353 1115.80 330.04 25.90 35.84 0 0.503335 832.63 231.60 33.65 28.25 0 0.496523 1254.79 400.99 65.32 49.04 1 0.492019 1119.39 288.69 21.03 32.01 0 0.479488 1124.92 244.65 24.71 30.07 0 0.471028 1129.43 195.86 22.54 29.63 0 0.460088 838.03 203.26 40.22 25.79 0 0.442989 66.32 110.92 15.80 18.34 2 0.412502 1111.96 375.43 28.40 53.34 1 0.404886 568.45 654.48 61.33 34.13 0 0.395981 862.41 115.42 26.91 29.22 0 0.390055 1113.95 376.55 26.53 50.40 0 0.350706 736.82 121.28 36.97 31.88 0 0.305016 739.42 126.00 38.77 38.18 0 0.294529 860.91 109.82 25.41 31.48 0 0.275614 833.71 227.67 35.98 28.43 0 0.264568 387.49 143.90 11.82 17.68 2
139,0.752953 835.31 188.91 27.91 55.04 0 0.728236 868.28 188.66 26.10 57.01 0 0.717926 473.44 541.29 27.07 49.46 0 0.715631 673.66 200.63 28.88 56.39 0 0.706551 764.01 110.01 30.13 58.32 0 0.693435 572.40 118.92 30.82 55.29 0 0.688579 867.46 106.75 24.98 60.46 0 0.686936 670.76 116.73 30.95 58.24 0 0.682782 520.08 535.57 30.18 56.59 0 0.679726 641.12 201.49 28.36 52.82 0 0.663674 768.42 555.27 29.37 57.04 0 0.661784 710.18 194.03 29.99 58.24 0 0.659038 508.74 131.77 27.94 53.18 0 0.656222 796.86 110.69 27.37 56.29 0 0.655731 833.26 108.27 27.46 56.26 0 0.647981 775.26 190.01 24.25 53.23 0 0.632621 865.41 305.91 29.32 54.69 0 0.631644 699.07 541.29 27.73 50.71 0 0.629763 909.04 185.48 29.77 56.63 0 0.619636 590.39 535.99 28.00 53.75 0 0.617211 638.58 119.85 26.96 55.69 0 0.607063 49.18 55.15 28.37 56.58 0 0.603823 667.62 542.66 27.37 48.28 0 0.597234 834.26 308.87 29.40 51.72 0 0.592116 734.40 108.85 30.76 58.15 0 0.590173 690.34 0.00 28.35 49.18 0 0.588715 804.20 188.86 27.86 54.04 0 0.572450 455.59 216.33 27.32 56.15 0 0.570100 90.07 51.42 31.17 58.72 0 0.569326 942.05 182.93 29.93 57.76 0 0.566967 541.45 125.50 27.35 54.87 0 0.556107 449.61 632.00 56.66 27.81 0 0.547086 606.95 116.89 28.76 54.70 0 0.530582 436.20 545.79 28.92 51.51 0 0.530578 491.41 213.67 29.59 58.03 0 0.509909 728.70 551.59 28.29 51.66 0 0.492089 402.94 446.17 43.21 23.00 0 0.489462 901.13 307.54 27.53 52.80 0 0.481349 903.15 111.94 24.60 50.02 0 0.459811 1864.91 785.59 55.09 27.19 0 0.443848 231.86 35.80 31.43 55.94 0 0.441204 894.92 412.01 46.26 24.83 0 0.438822 397.61 537.47 30.96 55.35 0 0.410928 915.34 448.09 45.68 24.21 0 0.396623 404.18 481.63 54.84 28.13 0 0.394002 391.10 403.80 51.42 25.37 0 0.368503 417.53 443.82 49.13 23.68 0 0.330049 695.26 307.73 49.33 28.21 0 0.328236 896.17 112.39 26.92 50.29 0 0.324637 441.34 443.01 32.10 22.78 0 0.300468 392.85 535.66 29.85 53.92 0 0.287227 725.04 543.64 29.43 55.10 0 0.272651 728.72 107.29 30.09 60.90 0 0.258434 1812.06 976.41 35.21 23.33 0 0.258382 772.64 185.15 23.82 54.79 0 0.257945 683.01 307.97 53.62 28.65 0 0.254252 340.95 17.29 30.00 54.71 0
140,0.716578 446.89 15.12 37.57 58.24 0 0.696387 595.68 945.46 56.76 29.07 0 0.659271 824.47 944.39 61.74 32.88 0 0.657131 1070.65 724.65 58.45 32.05 0 0.653912 682.97 709.85 61.44 32.25 0 0.653109 589.98 873.88 53.57 31.62 0 0.652090 386.44 5.24 32.23 60.76 0 0.648244 601.00 843.36 53.17 26.07 0 0.641594 827.18 847.70 55.47 31.70 0 0.630978 602.52 713.12 55.04 27.39 0 0.624982 663.05 977.06 59.75 31.25 0 0.621185 837.37 749.87 53.96 28.26 0 0.620253 594.31 779.74 52.84 27.94 0 0.620161 672.20 779.72 56.36 29.83 0 0.619348 674.96 675.59 57.11 31.96 0 0.610513 353.89 1.69 32.08 58.34 0 0.609009 675.01 745.08 56.00 28.14 0 0.585570 672.96 873.27 62.51 29.72 0 0.577891 661.06 1009.37 62.50 31.83 0 0.576972 666.16 942.35 55.68 29.26 0 0.575711 1064.48 785.32 67.70 32.40 0 0.565591 818.16 1012.71 54.35 30.53 0 0.557804 659.75 1042.09 65.81 33.63 0 0.555600 834.25 783.18 55.60 28.89 0 0.540849 672.29 841.64 63.48 29.01 0 0.530722 836.80 717.44 59.32 28.48 0 0.499987 574.19 1059.10 61.73 20.90 0 0.495642 826.20 880.95 55.42 29.30 0 0.493792 483.60 7.97 34.07 60.38 0 0.489296 588.69 1005.75 59.39 29.43 0 0.480026 601.19 813.17 53.72 28.02 0 0.479062 818.52 1047.27 57.18 29.59 0 0.461822 1064.29 691.27 58.38 29.45 0 0.457909 593.66 749.42 56.27 25.57 0 0.455519 671.26 907.80 57.55 29.21 0 0.452828 672.69 836.83 60.68 28.92 0 0.446579 830.59 817.82 55.07 27.44 0 0.445088 418.32 9.81 32.01 60.89 0 0.444039 587.22 906.40 53.62 28.26 0 0.419405 589.80 972.01 57.89 30.10 0 0.412914 601.62 821.40 54.31 29.85 0 0.412021 822.97 976.83 55.58 30.67 0 0.404856 668.31 914.85 56.14 28.85 0 0.404202 578.04 1040.78 60.15 29.57 0 0.393448 820.70 985.25 60.23 33.56 0 0.375015 665.11 989.14 59.69 35.82 0 0.371925 584.42 776.86 54.37 30.83 0 0.364396 830.80 807.95 54.42 29.60 0 0.347969 658.73 1053.93 59.37 26.07 0 0.344413 1889.85 24.32 30.15 34.04 0 0.343073 1066.65 696.58 59.58 33.51 0 0.337207 1154.35 695.77 67.82 26.92 0 0.335701 598.31 744.87 55.01 26.58 0 0.311910 600.52 735.59 53.75 26.45 0 0.291367 824.04 981.22 59.52 31.97 0 0.279340 501.10 499.95 22.42 17.13 3 0.267967 402.57 8.20 37.10 60.40 0 0.263843 1150.47 691.97 64.29 27.64 0 0.255764 504.23 462.96 21.34 22.24 3
141,0.608639 155.66 707.07 55.55 28.60 0 0.554590 136.98 785.87 58.24 31.04 0 0.499958 463.83 711.19 56.63 29.19 0 0.455061 1590.02 724.92 61.80 28.57 0 0.450087 1113.23 715.89 57.64 27.87 0 0.406050 863.00 719.50 60.60 29.25 0 0.382205 1111.90 719.75 57.21 28.96 0 0.375275 859.60 716.05 61.63 28.34 0
142,0.500949 889.79 964.79 64.47 89.44 0 0.444699 840.64 812.26 52.24 76.07 0 0.442349 878.88 936.97 60.59 58.14 0 0.385183 896.89 989.91 59.01 81.22 0 0.371484 886.94 951.15 60.59 91.78 0 0.363689 879.10 940.70 66.02 79.75 0 0.345516 776.60 614.24 47.94 71.37 0 0.329871 843.99 843.09 55.82 73.70 0 0.300833 853.82 879.66 54.61 50.90 0 0.296641 775.51 607.73 44.94 64.30 0 0.253296 838.90 821.56 59.18 86.53 0 0.251370 773.76 254.97 42.07 54.41 0
143,0.679649 443.63 814.97 60.95 92.41 0 0.643313 1239.88 831.05 83.68 105.55 0 0.641160 888.07 574.51 70.94 76.74 0 0.640604 1076.60 781.27 67.83 89.86 0 0.638464 542.00 755.58 71.09 94.98 0 0.637455 1178.43 723.51 63.91 86.34 0 0.636895 977.50 838.92 69.35 86.10 0 0.634800 968.37 387.41 53.00 59.61 0 0.631102 840.12 598.96 64.43 87.37 0 0.626604 932.91 874.89 62.49 82.69 0 0.619951 596.98 741.04 70.70 88.36 0 0.618668 1157.72 901.38 57.68 85.89 0 0.611376 218.71 920.06 71.05 107.71 0 0.602980 688.07 672.91 68.21 87.15 0 0.591254 870.46 435.16 54.58 73.26 0 0.589123 1020.72 812.13 72.42 78.42 0 0.587478 12.48 596.11 63.79 98.47 0 0.584963 1099.95 925.18 70.05 96.89 0 0.579374 333.08 875.68 56.69 87.55 0 0.577368 720.00 974.75 67.57 94.48 0 0.569658 663.89 989.79 58.30 79.19 0 0.563221 1095.80 918.83 67.74 81.65 0 0.558158 1042.24 499.23 58.81 83.59 0 0.547221 282.73 892.51 65.83 103.70 0 0.547056 122.31 557.79 59.80 83.10 0 0.545939 1123.99 747.32 72.56 91.61 0 0.541798 392.65 837.87 71.34 104.29 0 0.540151 795.16 639.93 69.21 89.24 0 0.538080 1140.30 888.35 64.52 73.18 0 0.520815 819.83 898.71 49.85 66.82 0 0.518767 936.89 438.56 56.85 66.32 0 0.516013 747.27 654.36 69.16 93.47 0 0.514637 878.18 895.36 63.75 90.12 0 0.513296 988.26 520.40 61.23 86.07 0 0.508978 773.14 944.38 61.33 79.12 0 0.505139 1029.66 490.44 57.75 69.67 0 0.497156 171.72 945.60 51.49 82.72 0 0.494065 930.66 537.80 62.73 62.44 0 0.489335 943.40 550.20 67.36 85.77 0 0.486677 335.81 871.36 73.32 100.21 0 0.486220 772.59 955.24 58.50 85.86 0 0.485668 1030.27 494.59 63.85 85.14 0 0.483452 920.28 413.42 52.29 49.05 0 0.474759 1143.57 893.30 67.24 90.00 0 0.471551 641.73 704.50 69.09 90.45 0 0.464234 820.81 909.59 54.87 94.92 0 0.461915 1116.51 739.87 65.22 74.02 0 0.455956 791.10 625.97 63.91 92.61 0 0.452972 111.01 545.67 58.32 85.33 0 0.437439 1086.72 793.85 57.83 82.25 0 0.428550 924.67 422.11 57.32 61.58 0 0.428450 179.03 946.45 59.38 92.76 0 0.424087 595.18 722.64 56.02 91.26 0 0.422295 814.30 930.56 61.49 90.23 0 0.420629 933.21 543.20 62.29 77.36 0 0.418461 1064.30 771.91 72.31 95.51 0 0.414282 312.07 886.38 70.22 98.29 0 0.413352 643.87 709.63 63.25 68.94 0 0.412646 1167.84 712.04 65.72 86.58 0 0.406882 994.84 434.58 49.89 51.34 0 0.401035 885.33 557.46 62.29 82.65 0 0.400603 927.84 434.60 58.04 65.94 0 0.399092 863.22 427.25 54.62 68.90 0 0.395711 196.55 933.80 66.24 101.15 0 0.394603 947.57 1014.82 65.08 65.18 0 0.389886 970.43 393.91 62.29 64.44 0 0.389856 811.31 902.77 60.41 75.26 0 0.389745 184.52 936.21 63.62 108.16 0 0.383733 781.03 949.78 66.44 95.53 0 0.383201 949.24 566.54 56.95 75.25 0 0.382850 702.03 977.43 60.09 101.36 0 0.379321 875.85 439.90 56.97 83.97 0 0.372975 977.53 825.65 56.17 83.53 0 0.372143 540.15 749.36 58.89 94.55 0 0.368953 737.18 985.42 65.21 89.10 0 0.363720 927.48 849.98 61.61 94.64 0 0.352987 826.27 923.15 67.46 94.51 0 0.352925 209.26 927.63 67.16 97.96 0 0.351177 389.52 838.10 53.31 92.75 0 0.337103 936.51 404.28 64.45 55.87 0 0.336879 1000.69 438.14 50.93 55.88 0 0.334058 752.88 671.31 71.27 85.16 0 0.327771 783.11 656.63 68.95 82.57 0 0.327163 860.78 424.71 47.76 57.81 0 0.326326 574.99 68.62 62.20 71.50 0 0.323121 1165.19 710.00 58.72 61.58 0 0.322324 985.18 513.22 52.43 69.62 0 0.318466 923.77 846.83 54.86 69.45 0 0.315927 107.88 541.21 54.43 65.79 0 0.315456 617.33 1020.88 46.87 59.12 0 0.313681 718.94 968.61 61.17 83.26 0 0.308386 727.37 965.92 72.68 97.18 0 0.306255 0.38 605.06 47.56 113.32 0 0.302921 894.47 911.27 57.11 86.54 0 0.301556 907.92 1041.77 34.50 38.23 3 0.295868 291.86 901.68 69.50 98.72 0 0.290400 226.70 913.72 75.62 118.31 0 0.283938 1238.46 824.95 66.51 95.27 0 0.282463 1051.73 784.74 69.22 94.76 0 0.281938 1058.95 767.76 60.41 74.49 0 0.278085 988.60 538.10 62.80 79.67 0 0.275085 583.48 744.41 69.02 92.39 0 0.274871 794.80 927.10 67.39 83.80 0 0.269474 726.20 663.56 74.74 91.41 0 0.267799 978.70 521.90 64.14 72.47 0 0.261206 622.88 715.17 70.55 97.50 0 0.259397 1013.82 820.38 67.65 77.00 0 0.257458 802.21 614.54 77.34 95.87 0 0.257442 777.46 634.17 70.56 96.90 0 0.253746 1017.62 801.96 69.63 78.99 0 0.250358 910.45 1051.83 32.78 28.17 3 0.250148 942.38 856.70 64.36 94.92 0
144,0.813810 884.44 326.13 46.47 75.34 1 0.745761 1617.93 479.38 131.97 53.31 0 0.722361 22.41 675.64 155.45 67.25 0 0.664563 1704.67 681.27 182.39 89.85 1 0.653425 1781.96 478.71 134.24 55.52 0 0.628732 194.70 671.29 158.37 73.11 0 0.592917 658.46 329.87 42.71 24.82 3 0.587150 214.98 481.41 126.13 65.85 0 0.576586 1475.03 478.02 118.32 52.99 0 0.569324 120.84 364.08 61.03 43.58 0 0.531023 176.75 231.59 56.54 35.50 0 0.530609 0.71 494.46 70.92 58.57 0 0.463385 1305.65 471.63 35.86 27.74 3 0.459667 21.30 233.67 45.01 36.81 0 0.451129 647.13 442.55 28.97 20.35 3 0.440000 8.89 360.42 68.51 45.29 0 0.439766 644.88 379.18 36.34 20.55 3 0.411046 667.18 1022.35 37.05 57.65 3 0.400758 68.44 232.15 48.91 36.65 0 0.393683 650.72 426.15 25.06 21.41 3 0.385972 171.66 236.36 56.82 34.60 0 0.373860 651.38 378.52 38.39 21.59 3 0.367740 822.92 361.37 22.16 38.85 3 0.317182 653.31 336.29 42.46 26.24 3 0.304793 288.41 536.10 51.69 48.73 3 0.297702 1003.71 19.40 24.74 25.91 0 0.287786 627.96 441.73 31.87 20.47 3 0.279643 2.78 360.47 59.20 43.42 0 0.251235 1348.87 474.14 45.84 33.60 3
145,0.449015 536.96 990.95 39.64 46.69 0 0.372424 547.64 972.00 45.06 35.54 0 0.370251 865.19 600.54 23.77 26.39 0 0.366859 577.67 893.44 45.10 31.03 0 0.365762 892.52 583.19 29.17 25.49 0 0.363902 532.59 997.56 39.37 45.43 0 0.325213 554.97 963.82 43.86 35.41 0 0.306355 878.17 626.48 29.49 36.98 0 0.258998 739.93 102.85 23.46 28.68 0
146,0.524848 711.75 758.46 62.08 33.16 0 0.460330 809.56 505.50 38.12 42.75 0 0.456929 758.88 520.44 42.48 37.73 0 0.443261 1154.57 646.36 33.50 35.81 0 0.419919 1012.76 624.70 43.06 41.22 0 0.419039 1200.34 627.94 42.95 48.61 0 0.391197 1341.33 659.39 33.46 33.39 0 0.349073 699.11 474.43 36.33 40.86 0 0.319964 1384.54 628.87 38.41 32.50 0 0.306919 891.75 487.99 27.56 40.47 0 0.306498 808.08 515.85 36.83 41.44 0 0.300293 1114.22 629.93 35.15 44.09 0 0.299347 1155.95 630.71 33.93 49.53 0 0.298373 1199.64 636.16 41.02 47.49 0 0.295694 1102.39 645.32 38.80 31.58 0 0.289084 1010.85 614.86 47.21 43.47 0 0.257679 732.36 514.80 33.25 40.19 0 0.256754 1105.21 634.69 38.90 38.56 0 0.254543 719.41 521.90 37.66 35.93 0 0.250799 747.87 845.60 21.74 25.61 3
147,0.598661 966.41 20.83 22.47 40.83 0 0.581168 908.89 658.37 30.90 56.96 3 0.394551 1014.98 544.83 40.98 84.88 0 0.350917 574.29 780.19 34.57 58.84 3 0.329019 972.93 97.30 35.45 42.41 0 0.266872 966.20 37.99 24.30 39.65 0 0.263450 982.26 193.20 21.36 39.26 0 0.259396 786.58 44.07 25.10 20.28 0
148,0.723004 331.40 959.66 38.18 66.83 0 0.717146 277.26 844.41 34.34 57.21 0 0.713342 380.89 807.01 40.40 69.24 0 0.697598 475.32 912.31 36.31 65.46 0 0.692194 140.34 1015.23 40.80 64.77 0 0.689574 93.70 884.68 38.83 70.48 0 0.688899 331.30 520.62 32.28 53.10 0 0.685302 279.42 780.78 30.73 53.59 0 0.678394 372.03 654.69 32.33 53.63 0 0.674305 135.87 426.53 33.60 52.42 0 0.672733 259.26 980.85 33.48 58.74 0 0.672036 410.35 751.45 31.57 52.83 0 0.671963 303.57 521.92 30.77 52.38 0 0.663642 340.10 664.06 30.88 56.24 0 0.657264 239.07 674.88 34.69 61.92 0 0.656967 472.18 736.64 37.34 54.66 0 0.647892 240.06 626.59 33.15 48.26 0 0.639464 144.57 558.82 32.11 50.24 0 0.637083 209.40 635.07 31.11 47.41 0 0.634973 447.26 369.48 30.63 53.20 0 0.633469 426.42 586.79 31.82 46.59 0 0.626431 390.35 503.70 28.82 51.19 0 0.626008 576.57 883.00 40.85 56.28 0 0.618281 308.80 836.68 39.11 59.28 0 0.617263 506.49 725.24 35.25 58.69 0 0.614263 238.28 530.93 33.60 57.67 0 0.611652 283.22 405.78 28.75 42.45 0 0.610761 477.18 486.70 34.79 54.62 0 0.608460 442.38 918.41 36.18 65.20 0 0.602583 367.31 601.23 27.64 46.15 0 0.596050 829.96 299.20 38.42 18.10 0 0.592881 661.97 323.82 49.85 22.46 0 0.587058 221.93 412.89 31.36 49.99 0 0.583628 332.66 392.49 32.89 49.27 0 0.578727 495.83 613.22 38.45 74.53 0 0.578397 444.00 349.29 36.85 28.08 0 0.575026 458.61 581.85 29.64 51.65 0 0.574830 1772.16 633.14 40.30 34.12 0 0.574191 420.13 500.90 31.94 50.37 0 0.573537 169.68 704.42 37.92 46.01 0 0.571845 306.03 614.86 30.54 45.64 0 0.569612 1322.08 11.38 24.88 24.62 0 0.568546 297.29 966.16 35.18 65.04 0 0.568393 495.93 357.20 38.76 65.12 0 0.567296 396.46 594.21 27.42 42.20 0 0.560812 509.29 900.41 35.97 67.68 0 0.558563 1407.56 1026.42 39.58 49.03 0 0.558279 1296.98 178.20 27.02 31.63 0 0.555246 1200.00 12.33 27.41 17.99 0 0.554726 1400.02 74.97 21.09 26.18 0 0.547284 667.44 321.50 52.86 23.17 0 0.545479 1712.60 826.23 42.91 56.90 0 0.541482 292.14 972.43 35.86 64.43 0 0.539355 21.68 337.40 26.98 41.79 0 0.536567 381.43 756.30 31.99 48.92 0 0.536542 1701.53 15.04 24.86 28.70 0 0.536132 1673.98 9.50 26.60 30.63 0 0.534839 461.98 630.60 32.26 58.95 0 0.531450 1368.76 12.58 27.86 21.97 0 0.529654 773.05 305.64 41.40 21.46 0 0.522992 1008.07 351.97 28.65 35.44 0 0.520629 401.91 1010.50 23.90 30.51 3 0.519264 1243.30 84.93 23.10 25.02 0 0.516974 1449.36 1020.47 43.73 53.16 0 0.515501 0.34 497.50 21.47 46.91 0 0.513872 1457.90 872.56 60.88 46.82 0 0.509556 1233.24 401.55 48.30 25.19 0 0.508475 1520.42 705.36 41.23 29.34 0 0.507126 1202.72 87.27 21.72 26.66 0 0.496298 53.95 896.21 36.63 64.79 0 0.489212 1550.97 818.36 43.63 36.06 0 0.489070 1224.94 538.16 32.48 33.21 0 0.485861 1248.10 579.85 36.95 39.94 0 0.485260 1221.77 86.47 21.81 24.34 0 0.482516 864.37 296.14 36.65 22.31 0 0.475817 1246.65 10.40 24.72 19.42 0 0.474193 1347.68 9.10 23.99 25.67 0 0.472009 1089.57 554.27 34.63 31.50 0 0.471654 490.65 572.52 31.99 50.47 0 0.464918 1293.74 15.14 25.37 22.75 0 0.463532 1277.16 82.71 21.46 23.76 0 0.457761 1301.79 80.89 19.74 24.59 0 0.456351 441.63 743.03 32.43 52.83 0 0.450368 1672.71 840.95 42.96 50.04 0 0.448347 286.70 1058.12 25.03 21.88 3 0.446241 1456.31 724.27 42.39 28.45 0 0.446003 1046.27 441.40 26.33 34.52 0 0.445826 1824.77 610.62 52.33 32.82 0 0.443531 300.96 472.37 30.17 44.76 0 0.443413 1647.21 670.69 46.14 34.00 0 0.440288 1029.53 401.29 28.16 27.22 0 0.439498 1324.84 78.17 20.33 23.58 0 0.437949 920.64 839.33 68.32 41.80 1 0.425150 1507.47 384.09 25.11 34.61 0 0.421392 1875.61 602.97 43.37 33.61 0 0.416432 125.64 722.37 32.77 36.90 0 0.414544 1375.54 75.23 18.80 24.97 0 0.412538 1844.08 239.71 34.69 33.09 0 0.411778 432.90 638.99 31.80 50.14 0 0.411635 1129.64 32.60 22.27 21.96 0 0.411458 1422.35 84.99 24.77 24.37 0 0.403591 1863.25 721.54 56.16 64.25 0 0.403146 180.51 551.41 28.56 49.06 0 0.401347 490.38 598.11 38.90 85.75 0 0.398466 127.20 659.24 30.47 42.85 0 0.394754 1103.61 282.42 28.34 25.50 0 0.394712 1166.55 15.67 26.67 19.33 0 0.394202 1851.35 203.33 31.64 29.01 0 0.389513 1719.69 61.66 27.72 31.67 0 0.385377 432.18 632.71 29.90 47.98 0 0.383202 1817.19 622.93 45.30 28.90 0 0.378809 1040.21 155.77 28.41 22.62 0 0.374097 1128.35 20.60 23.53 22.87 0 0.373941 1819.29 615.70 50.91 31.11 0 0.372556 1383.51 12.32 25.42 19.13 0 0.366705 130.79 672.96 29.43 40.44 0 0.365369 241.22 491.21 27.54 43.89 0 0.365276 1179.15 441.45 30.84 34.24 0 0.364428 1537.61 326.74 27.07 23.83 0 0.363298 1456.85 1023.48 50.80 55.15 0 0.362935 1105.39 603.25 31.40 35.48 0 0.362567 1483.56 714.67 43.45 28.37 0 0.362419 134.56 721.79 36.71 41.65 0 0.362243 1639.31 14.53 21.80 26.63 0 0.361547 1202.70 493.18 32.70 33.87 0 0.356201 429.37 1000.46 24.88 30.95 3 0.351748 385.20 1018.80 21.03 30.04 3 0.344275 1058.74 37.14 33.29 23.61 0 0.343964 100.66 1024.60 38.66 53.30 0 0.343900 1101.27 594.18 35.20 34.70 0 0.341772 1506.94 377.44 25.98 35.41 0 0.339137 1098.48 35.86 23.95 22.21 0 0.337689 1826.13 173.26 30.54 27.15 0 0.336813 1145.57 373.06 29.24 27.47 0 0.332280 1124.39 330.51 31.45 28.10 0 0.332232 482.94 308.08 29.24 22.00 0 0.327401 1511.85 707.55 44.68 29.36 0 0.327124 1788.71 178.77 27.16 26.21 0 0.325843 1080.48 532.85 38.43 28.13 0 0.325588 127.92 712.57 30.89 35.73 0 0.323610 1680.80 836.04 43.09 52.53 0 0.322810 1081.14 539.02 42.19 35.27 0 0.320900 245.29 529.14 37.32 59.27 0 0.320769 1884.85 229.41 31.30 36.50 0 0.318567 239.18 501.84 31.15 75.29 0 0.313552 1032.92 354.41 25.22 30.91 0 0.310770 1651.90 664.13 53.54 32.37 0 0.309268 1446.15 1019.81 35.04 49.02 0 0.308233 1033.42 360.52 25.69 33.91 0 0.306661 1677.61 65.55 21.13 25.37 0 0.305415 827.31 870.49 66.42 37.21 0 0.303270 1695.33 829.62 44.04 53.75 0 0.302818 1466.68 130.67 34.40 20.21 0 0.300907 354.27 659.18 35.33 53.09 0 0.298015 1473.35 719.73 48.36 29.26 0 0.297281 1125.80 333.92 31.95 29.43 0 0.296023 241.88 1067.09 24.89 12.91 3 0.295595 1770.73 112.18 32.23 27.66 0 0.295264 1683.60 74.19 21.93 24.86 0 0.292979 1157.51 18.30 25.02 18.77 0 0.291423 1758.22 639.61 36.44 32.84 0 0.288894 263.26 1061.02 24.71 18.98 3 0.287342 1754.69 810.65 44.60 62.10 0 0.284625 424.81 1006.56 27.73 28.95 3 0.284434 485.31 576.61 31.05 49.21 0 0.284217 1711.59 59.47 25.46 28.95 0 0.282052 1700.72 658.94 40.31 27.17 0 0.279049 438.46 350.54 36.09 31.33 0 0.275039 310.84 651.97 29.01 46.27 0 0.273740 278.11 815.20 34.14 70.10 0 0.270676 437.75 747.47 33.47 55.26 0 0.270498 134.17 706.91 34.85 40.71 0 0.268778 1364.82 466.63 33.50 31.84 0 0.267949 401.71 654.04 28.66 56.31 0 0.264775 1082.83 243.45 27.63 24.46 0 0.258617 349.19 396.69 31.34 46.39 0 0.257760 1747.01 816.39 40.61 53.51 0 0.255471 1028.04 116.89 22.46 22.25 0 0.255049 1855.72 202.71 34.60 32.52 0 0.254237 1252.72 362.06 49.92 25.41 0 0.254026 1815.08 211.06 28.67 27.42 0 0.251586 1660.68 12.51 22.82 25.75 0 0.250563 1716.49 652.72 37.01 27.61 0
149,0.756850 1181.69 659.08 62.31 33.62 0 0.718221 1186.01 752.86 62.36 33.04 0 0.701014 713.81 153.07 58.40 35.48 0 0.687691 1252.75 276.63 71.16 35.90 0 0.681872 932.22 737.91 33.17 61.16 0 0.668980 1262.71 316.59 69.90 38.43 0 0.664600 1284.27 606.62 58.23 33.31 0 0.659742 881.01 766.82 31.47 69.75 0 0.654505 707.99 529.79 66.58 37.73 0 0.653546 719.47 103.45 70.46 37.60 0 0.646678 707.81 584.88 69.88 33.55 0 0.639343 722.83 203.11 58.19 32.76 0 0.636010 729.64 486.75 74.81 38.62 0 0.635939 1180.69 700.63 63.05 33.19 0 0.629586 1270.54 362.94 63.32 35.54 0 0.617601 1157.19 408.35 69.54 36.22 0 0.607340 1279.90 565.12 65.35 33.52 0 0.603719 1035.58 659.04 59.17 31.64 0 0.599873 1204.35 797.59 58.12 34.16 0 0.599809 1289.34 650.87 60.92 32.28 0 0.597032 1129.30 169.08 70.85 36.94 0 0.591142 1036.13 700.68 60.93 34.36 0 0.577790 1262.91 445.14 71.48 33.90 0 0.570420 1037.55 747.75 61.11 28.96 0 0.566619 1273.02 523.74 64.98 30.37 0 0.563776 1174.42 617.40 72.25 32.33 0 0.561657 1174.08 576.72 69.83 31.82 0 0.557190 720.25 448.33 71.88 34.72 0 0.554270 1284.07 691.49 70.76 30.90 0 0.544452 1163.06 454.97 68.65 31.75 0 0.537108 730.76 346.62 69.34 34.26 0 0.529058 875.77 112.48 34.43 48.50 0 0.526193 1166.16 496.39 72.93 31.91 0 0.521017 1135.18 214.89 70.01 33.58 0 0.520523 1428.50 464.79 65.41 33.81 0 0.511595 1286.63 734.21 65.36 31.92 0 0.510535 1732.18 242.02 67.34 36.46 0 0.505525 1284.33 695.15 62.89 31.39 0 0.499933 1258.58 402.56 71.22 32.68 0 0.488364 1243.27 238.39 64.03 32.04 0 0.460283 926.02 95.68 31.07 55.78 0 0.440113 721.13 263.19 69.44 33.09 0 0.414683 829.57 116.74 34.74 49.81 0 0.387779 1682.64 447.78 63.28 50.67 0 0.381365 1289.59 643.68 65.79 32.34 0 0.370054 1305.41 647.51 56.59 30.40 0 0.357792 1283.39 741.08 61.16 30.90 0 0.346100 826.87 109.58 36.40 46.06 0 0.342992 1308.45 735.85 54.25 30.25 0 0.342191 1246.63 233.78 73.59 32.51 0 0.336266 1046.25 542.51 36.38 27.20 0 0.319973 1054.47 460.36 31.76 54.77 0 0.319788 1382.87 18.19 69.05 39.93 0 0.318237 1125.67 163.96 72.51 35.86 0 0.300022 878.47 143.94 36.28 42.06 0 0.288373 832.39 128.91 31.35 53.06 0 0.287788 718.40 258.87 66.71 31.78 0 0.270980 1153.45 404.33 71.92 33.63 0 0.268373 1047.26 559.51 34.07 28.75 0 0.265867 1170.76 573.75 65.75 30.72 0 0.253810 1483.70 119.74 78.32 35.03 0
150,0.839421 874.98 556.15 69.11 38.42 1 0.392637 1008.82 571.18 22.71 14.73 0 0.373359 603.18 495.28 24.96 16.62 0 0.341257 623.70 498.92 16.84 14.31 0 0.330411 984.35 566.62 23.99 15.53 0 0.294400 881.43 549.39 64.17 40.15 1 0.274791 576.59 449.33 17.03 14.44 0
151,0.712717 516.03 963.85 64.31 38.07 0 0.678028 709.88 939.25 66.96 39.84 0 0.674185 677.56 484.58 59.08 34.74 0 0.662974 1199.56 513.38 58.77 29.93 0 0.657118 559.68 822.09 66.99 37.75 0 0.651830 704.71 413.32 56.70 33.97 0 0.650097 736.52 829.93 63.48 35.90 0 0.647451 458.01 868.96 63.41 37.11 0 0.640344 813.28 593.64 63.73 34.15 0 0.634865 654.94 580.01 62.64 36.21 0 0.632798 562.02 556.97 59.52 38.27 0 0.631721 685.46 1014.31 69.07 40.06 0 0.622405 575.31 782.87 63.18 35.74 0 0.621425 636.64 617.00 65.62 37.01 0 0.616623 603.90 460.69 54.23 35.63 0 0.613144 722.94 902.89 61.49 36.79 0 0.605971 752.68 796.61 63.55 36.62 0 0.604973 501.37 729.59 64.15 38.79 0 0.602523 1103.54 486.45 61.62 34.60 0 0.598970 773.32 723.01 63.99 37.84 0 0.597126 826.11 556.24 61.73 35.50 0 0.594516 531.64 920.97 66.57 39.45 0 0.584764 729.38 867.51 60.75 34.87 0 0.583291 762.21 762.59 63.91 35.64 0 0.582979 864.03 463.44 58.85 31.92 0 0.579614 619.57 649.68 70.67 35.84 0 0.578265 1083.21 584.30 62.32 35.47 0 0.577828 689.45 451.87 57.29 29.81 0 0.574591 530.90 694.25 59.19 37.17 0 0.566014 658.17 546.67 61.82 33.06 0 0.560806 626.28 400.02 58.72 34.52 0 0.559252 539.84 893.72 69.40 34.55 0 0.558940 802.00 992.45 56.70 40.09 0 0.558630 706.62 418.41 60.52 34.58 0 0.553541 548.68 594.28 60.01 31.57 0 0.553034 806.06 625.99 66.80 36.38 0 0.552174 853.96 492.82 58.97 33.74 0 0.549693 585.65 749.43 71.89 40.12 0 0.548015 556.17 862.08 63.04 32.85 0 0.547616 786.24 687.65 65.73 36.51 0 0.539764 500.88 765.12 60.16 34.62 0 0.537444 299.26 35.10 51.92 47.96 0 0.521885 1102.23 525.94 62.34 34.30 0 0.520193 613.05 683.29 68.86 35.80 0 0.519868 780.71 203.96 77.68 36.03 1 0.517795 542.33 625.79 58.81 32.99 0 0.515236 772.89 1037.61 64.18 38.61 0 0.510817 513.26 1008.13 60.33 36.12 0 0.506977 421.47 982.64 65.63 38.50 0 0.504970 307.00 40.83 49.38 47.21 0 0.494468 720.28 894.86 63.28 40.06 0 0.491433 452.44 909.62 63.55 33.90 0 0.491097 536.52 927.75 64.74 37.13 0 0.488072 659.38 550.23 68.64 34.81 0 0.485643 802.68 1002.34 59.90 37.62 0 0.484816 696.87 980.35 69.84 34.85 0 0.484297 606.71 500.38 53.52 31.98 0 0.480078 539.97 660.66 60.73 35.39 0 0.476938 678.32 1052.55 67.39 27.45 0 0.468456 621.19 393.45 56.47 35.12 0 0.454366 613.77 431.73 57.16 31.13 0 0.451246 794.44 692.07 64.57 34.14 0 0.449154 601.56 718.58 66.40 34.18 0 0.448491 583.70 529.37 56.92 33.68 0 0.448211 707.46 384.69 60.80 32.75 0 0.445055 730.60 855.96 63.75 33.60 0 0.439937 626.39 407.53 57.41 33.66 0 0.417121 415.36 976.58 65.63 37.12 0 0.416553 494.03 755.92 63.85 36.96 0 0.411830 842.97 526.37 57.67 29.72 0 0.408485 550.29 853.81 67.33 35.30 0 0.384739 618.81 638.71 69.52 35.14 0 0.383319 734.83 837.77 62.79 34.28 0 0.372619 624.95 621.90 68.81 42.70 0 0.354539 814.88 597.13 65.14 37.83 0 0.351512 1139.05 1046.47 63.41 33.53 0 0.350162 717.81 910.41 64.68 39.50 0 0.348390 666.80 1045.88 77.69 34.12 0 0.345850 1143.13 1016.55 59.61 31.73 0 0.342673 575.86 531.68 56.02 34.17 0 0.332152 531.53 681.66 64.02 41.42 0 0.323269 871.86 461.45 55.84 29.75 0 0.312817 821.30 561.04 64.10 38.01 0 0.310421 602.46 436.81 55.16 32.52 0 0.294407 508.18 1001.06 69.68 35.69 0 0.291656 718.27 925.58 64.24 39.14 0 0.291124 606.07 138.86 23.59 19.74 3 0.284769 558.29 842.29 62.66 37.31 0 0.283610 532.13 656.76 60.96 36.32 0 0.279682 487.80 753.52 61.04 36.59 0 0.275534 705.26 380.85 53.77 32.54 0 0.271928 604.82 711.86 67.59 36.68 0 0.260473 602.16 152.27 21.60 18.51 3 0.260143 818.09 586.86 65.53 37.73 0 0.258894 759.57 775.94 63.04 39.22 0 0.252569 698.50 377.34 56.14 32.22 0
152,0.629952 715.20 606.91 27.79 56.97 0 0.557682 681.01 998.87 36.52 73.94 0 0.501359 726.44 423.39 27.19 47.24 0 0.461719 753.01 118.99 25.48 43.65 0 0.275820 625.71 959.83 33.66 37.87 0
153,0.675240 642.70 559.53 75.71 160.48 1 0.657069 767.78 384.52 28.48 45.67 0 0.639888 952.09 948.98 36.63 65.15 0 0.618471 956.93 603.04 30.75 50.87 0 0.568613 257.26 896.19 59.84 31.69 0 0.564782 986.45 950.82 33.17 66.99 0 0.550831 796.16 438.14 29.37 51.98 0 0.550219 733.79 389.84 29.46 45.87 0 0.546927 252.30 1024.04 39.15 55.96 0 0.544448 1170.22 607.07 29.33 54.06 0 0.535625 58.64 802.16 58.95 30.50 0 0.530245 702.78 449.41 28.40 49.09 0 0.508942 736.77 451.81 28.03 40.51 0 0.506168 1081.79 619.66 26.36 45.01 0 0.485990 551.10 913.47 71.18 34.71 0 0.485791 1141.05 607.30 27.97 54.59 0 0.476966 988.21 602.99 31.66 56.04 0 0.471823 399.01 899.09 64.31 33.49 0 0.461385 864.44 991.06 27.79 29.47 3 0.454243 594.58 538.02 41.19 33.40 0 0.447668 735.47 398.24 28.03 44.47 0 0.447065 702.25 389.94 30.11 52.79 0 0.437129 917.17 610.57 27.38 28.99 0 0.436141 637.08 914.56 50.38 27.56 0 0.408197 595.55 124.65 31.63 41.85 1 0.406974 618.12 538.57 35.91 32.22 0 0.405254 1144.98 861.22 56.44 33.88 0 0.397799 229.12 774.22 60.91 26.60 0 0.393377 401.69 1018.63 31.12 59.30 0 0.388556 60.13 766.96 53.53 31.14 0 0.386892 489.10 906.49 45.80 29.38 0 0.378965 14.63 993.89 29.20 40.01 0 0.363181 884.65 985.73 31.10 36.87 3 0.360815 13.65 1000.35 27.75 39.02 0 0.357199 472.66 1006.98 34.45 50.10 0 0.350346 43.03 984.23 33.42 46.32 0 0.348938 1019.69 947.61 29.77 60.96 0 0.338949 84.29 888.15 66.72 31.43 0 0.330673 593.69 345.74 25.88 39.62 0 0.330434 1141.11 564.19 31.21 26.40 0 0.317891 117.42 888.28 49.63 32.93 0 0.317273 245.86 774.69 59.50 26.61 0 0.308973 888.35 968.24 31.42 48.84 3 0.308410 173.08 891.34 50.08 31.60 0 0.297329 61.53 757.12 54.73 33.24 0 0.291897 704.12 372.05 29.53 57.48 0 0.289316 244.79 893.96 56.90 32.14 0 0.285036 188.90 892.10 52.55 31.56 0 0.279228 128.58 758.65 36.44 28.46 0 0.267345 307.56 940.01 39.58 56.67 0 0.265240 440.66 902.27 43.91 28.11 0
154,0.590355 960.00 541.88 34.20 21.33 0 0.572920 826.86 536.87 52.94 20.48 0 0.544013 1023.24 544.68 38.51 20.45 0 0.538589 654.12 516.98 41.22 19.98 0 0.536157 897.39 538.09 42.49 19.19 0 0.523492 1194.76 563.43 50.45 20.26 0 0.488976 1005.85 544.91 40.53 20.63 0 0.487080 1136.41 562.75 47.14 19.92 0 0.420338 1124.36 557.87 41.61 21.40 0 0.357438 889.07 538.90 44.16 17.96 0 0.260479 772.27 533.25 43.11 21.14 0
155,0.669455 393.87 726.14 57.53 32.19 0 0.644212 451.01 656.43 59.76 28.56 0 0.629460 1664.32 206.67 50.10 26.30 0 0.578927 684.44 666.59 60.64 29.37 0 0.568031 1848.98 61.17 39.72 25.96 0 0.556787 1713.15 150.46 52.65 25.89 0 0.535055 1871.41 104.60 42.92 27.76 0 0.527050 1888.40 152.71 31.60 24.66 0 0.509054 1734.82 210.21 50.76 24.15 0 0.501076 1159.77 689.07 58.54 28.49 0 0.477840 1850.11 66.95 42.82 25.84 0 0.475594 71.84 640.64 58.54 29.80 0 0.453368 1836.96 36.56 44.56 22.31 0 0.446417 1727.04 186.68 49.85 24.37 0 0.441501 144.95 664.35 48.23 26.94 0 0.420861 1893.34 171.95 26.66 34.03 0 0.420704 1726.80 181.10 50.11 23.76 0 0.416626 1830.93 20.41 43.86 22.23 0 0.397484 1822.49 0.00 46.23 19.02 0 0.366929 1878.72 125.61 40.07 25.18 0 0.332638 75.70 646.37 55.43 29.13 0 0.285448 1731.64 205.04 52.70 22.79 0
156,0.692376 683.62 545.76 48.80 28.78 0 0.681927 740.70 846.42 63.32 37.03 0 0.673037 1171.76 610.05 53.77 30.14 0 0.668894 515.10 1008.48 61.81 34.75 0 0.655607 649.67 634.32 61.62 36.23 0 0.647847 1075.07 625.65 61.80 34.82 0 0.644777 798.49 681.18 60.00 37.46 0 0.643235 770.28 776.51 64.23 37.35 0 0.642987 1077.08 586.00 60.75 34.46 0 0.637014 540.84 939.42 60.00 34.14 0 0.629972 699.36 985.26 63.58 36.62 0 0.629660 626.34 697.90 59.27 36.77 0 0.624631 689.80 471.92 56.03 30.45 0 0.624021 667.70 576.83 57.75 32.33 0 0.622597 525.59 974.15 61.90 32.65 0 0.618306 813.20 648.54 55.91 31.37 0 0.617206 837.12 586.59 60.44 33.38 0 0.616208 713.97 916.54 62.28 34.34 0 0.611105 618.31 493.76 57.07 30.34 0 0.609678 541.23 676.52 59.22 37.56 0 0.608795 446.06 945.73 59.69 35.30 0 0.607030 688.19 1020.63 67.40 38.05 0 0.606450 485.67 843.64 58.44 37.17 0 0.595574 563.48 868.60 54.19 33.64 0 0.594228 586.93 590.28 55.76 31.80 0 0.592752 846.23 556.41 61.79 33.78 0 0.592129 546.71 903.84 66.34 33.89 0 0.586390 639.88 669.21 63.67 35.08 0 0.576865 755.81 816.91 58.61 31.93 0 0.558546 588.36 805.07 61.97 33.18 0 0.555749 437.86 985.94 57.46 31.55 0 0.553888 695.82 507.31 57.33 33.10 0 0.550519 610.19 728.78 62.96 38.80 0 0.548606 707.40 952.16 57.74 31.75 0 0.547950 518.99 780.49 59.61 35.84 0 0.541805 686.40 1027.45 70.46 36.96 0 0.540842 790.48 717.64 61.32 31.87 0 0.538011 605.09 523.58 55.33 30.12 0 0.536584 602.90 769.66 59.49 32.46 0 0.533265 589.41 553.78 53.92 30.36 0 0.529373 1058.78 682.68 60.07 36.07 0 0.512440 579.68 829.36 61.34 36.18 0 0.502352 732.36 885.22 63.32 30.64 0 0.496996 488.41 812.16 57.40 33.61 0 0.492151 1056.67 680.66 51.86 34.68 0 0.483628 495.38 1045.81 64.83 32.80 0 0.474500 318.63 127.12 44.84 51.21 0 0.473311 532.28 746.31 56.72 32.81 0 0.470062 551.35 640.41 55.95 32.61 0 0.459006 406.56 1055.29 61.81 24.71 0 0.452359 514.35 1002.14 64.13 33.18 0 0.445682 403.74 1047.24 62.23 31.95 0 0.437608 827.39 621.15 52.95 31.09 0 0.436090 1075.27 617.66 61.70 32.41 0 0.428130 725.60 889.53 65.03 33.56 0 0.427589 432.97 982.94 57.24 30.44 0 0.427137 307.69 121.78 42.48 44.85 0 0.422381 639.50 660.70 64.32 38.52 0 0.420382 704.39 510.53 54.76 33.58 0 0.417665 508.32 778.79 59.64 35.23 0 0.400605 584.13 621.53 49.75 31.29 0 0.397284 777.24 303.14 74.09 31.63 1 0.381838 351.45 883.20 32.92 14.91 3 0.379256 697.18 478.27 56.97 32.40 0 0.378268 586.04 836.83 58.63 33.49 0 0.376283 538.32 720.31 60.24 31.55 0 0.373802 682.37 1055.71 66.41 24.29 0 0.368942 485.25 807.48 54.80 34.73 0 0.366689 373.55 831.20 31.38 20.19 3 0.358023 554.93 645.05 56.23 33.36 0 0.357526 588.21 545.11 57.51 31.35 0 0.355300 480.02 825.12 57.35 36.71 0 0.353272 572.49 617.00 54.79 31.94 0 0.349570 604.87 233.47 25.60 21.64 3 0.346926 516.65 992.28 63.86 36.89 0 0.346235 482.40 839.81 56.75 32.85 0 0.341161 1077.54 630.01 67.75 34.36 0 0.333862 565.95 855.87 60.16 34.23 0 0.332923 726.74 880.42 57.02 31.69 0 0.326227 532.43 712.77 56.76 31.44 0 0.325969 486.16 816.61 55.42 38.69 0 0.325754 446.15 958.61 57.32 31.58 0 0.310150 603.15 747.78 66.55 40.53 0 0.309801 1064.04 688.49 54.25 35.10 0 0.306786 756.13 810.96 62.09 33.12 0 0.304872 440.36 970.78 60.98 34.11 0 0.304524 1434.72 5.24 43.58 25.41 0 0.297628 719.02 900.16 60.52 33.60 0 0.289713 555.74 905.77 64.56 34.72 0 0.286009 685.75 530.88 54.89 31.51 0 0.277185 601.83 527.18 55.92 31.25 0 0.255524 533.72 967.34 59.48 34.02 0 0.252295 529.05 725.85 58.35 35.66 0 0.252169 798.29 690.75 60.95 39.35 0
157,0.669457 429.88 785.30 35.23 58.93 0 0.643671 1266.85 502.32 28.20 45.14 0 0.626113 1239.30 608.02 68.52 30.93 0 0.624691 480.11 776.38 34.40 61.46 0 0.622506 58.59 799.57 37.61 66.08 0 0.619726 1055.01 511.50 32.05 49.12 0 0.580746 599.03 771.13 32.35 55.44 0 0.552913 1378.47 639.23 48.60 27.00 0 0.535861 811.89 817.82 58.67 29.17 0 0.527276 563.07 775.46 29.91 57.52 0 0.499383 963.09 387.87 23.52 36.10 0 0.498622 1125.96 854.29 33.05 37.86 0 0.481401 1062.29 386.99 24.64 35.45 0 0.478445 605.99 321.99 47.58 20.68 0 0.458121 1317.87 517.18 25.44 32.79 0 0.445621 1001.90 436.93 26.15 44.92 0 0.442498 1206.57 509.90 29.04 53.52 0 0.428670 67.35 965.81 53.09 24.85 0 0.417381 1213.65 512.78 25.66 49.08 0 0.407118 1290.90 509.36 25.27 41.27 0 0.370202 1125.23 470.22 30.69 38.16 0 0.358742 1020.07 496.98 37.34 51.82 0 0.349310 1115.27 499.19 37.77 62.02 0 0.345579 1117.75 479.94 37.14 60.10 0 0.345046 1228.54 606.57 62.88 27.49 0 0.343794 636.38 296.04 37.09 26.49 0 0.338780 1892.03 35.51 27.21 25.23 0 0.333933 1865.68 41.79 32.93 24.45 0 0.333897 1110.57 506.38 37.50 57.50 0 0.319704 1890.81 185.24 27.55 42.16 0 0.291044 1150.43 504.16 36.19 56.81 0 0.290466 991.73 300.15 28.18 18.69 3 0.277967 1049.87 497.12 33.91 49.78 0 0.276949 1238.12 510.27 25.36 48.68 0 0.272518 239.14 545.07 29.66 43.13 0 0.271130 306.32 316.79 27.92 38.01 0 0.263921 819.06 816.23 62.88 30.56 0 0.255796 1265.65 506.08 26.78 48.96 0
158,0.738365 1270.70 508.38 26.49 46.25 0 0.678386 434.45 783.99 34.12 57.59 0 0.665002 63.08 796.21 38.88 67.79 0 0.602950 1243.90 516.11 24.50 47.17 0 0.597396 602.45 772.67 33.27 58.34 0 0.591249 483.94 772.27 33.70 63.97 0 0.580056 567.88 778.03 28.93 54.55 0 0.571231 1240.90 606.67 69.06 32.59 0 0.568934 814.45 815.36 62.06 33.31 0 0.496994 1215.82 513.35 28.10 49.04 0 0.479872 1096.10 389.19 27.34 34.02 0 0.470942 1409.82 648.98 50.14 44.87 0 0.457337 1299.76 513.74 24.77 39.12 0 0.450371 314.78 318.85 28.48 38.79 0 0.445101 1866.29 50.31 27.04 29.30 0 0.404902 488.87 768.13 33.66 64.21 0 0.392822 1272.22 495.81 25.94 48.16 0 0.389523 1025.79 499.14 35.74 45.10 0 0.358564 71.80 962.08 53.97 25.83 0 0.355858 1892.78 44.14 24.82 36.19 0 0.345374 1550.29 532.77 39.29 25.70 0 0.335249 1894.76 177.45 25.24 45.30 0 0.334090 1893.85 38.01 26.15 35.46 0 0.331414 437.79 776.52 35.58 64.03 0 0.327733 1020.15 353.05 46.33 19.33 0 0.326352 1065.68 518.92 32.00 47.49 0 0.325546 1062.26 511.44 32.25 49.02 0 0.323042 1561.05 853.45 27.30 29.59 0 0.322883 1326.63 518.14 24.27 33.64 0 0.314360 883.29 788.83 30.96 35.97 0 0.312989 1118.31 512.42 40.94 56.09 0 0.309345 1007.93 443.03 25.80 42.30 0 0.294211 1412.07 656.06 49.21 45.05 0 0.285711 879.67 781.92 29.69 35.36 0 0.267408 1868.32 42.90 33.05 32.45 0 0.254353 1065.62 393.59 26.33 30.51 0
159,0.759442 474.05 441.65 81.83 94.66 1 0.694746 168.65 603.68 79.71 70.86 0 0.668760 288.75 415.45 46.86 45.47 0 0.654212 38.78 827.52 152.70 82.58 0 0.640142 88.58 719.56 91.82 87.67 0 0.616205 223.11 346.95 46.35 44.61 0 0.615932 593.77 247.96 32.16 21.93 0 0.610213 1122.79 230.10 41.38 24.49 0 0.606429 1646.63 203.82 45.98 25.69 0 0.605236 262.63 341.31 52.76 45.93 0 0.600072 391.56 356.64 47.73 41.70 0 0.598592 1215.68 133.84 34.15 19.99 0 0.596235 996.64 274.43 50.36 21.72 0 0.595953 1425.36 331.46 44.25 31.61 0 0.595022 1721.97 231.22 45.48 22.32 0 0.592251 1380.95 530.43 58.00 59.38 0 0.584547 90.07 416.40 49.35 43.91 0 0.579687 93.92 362.12 48.19 37.66 0 0.578742 353.14 455.31 63.41 50.02 0 0.573998 262.73 353.36 53.08 42.63 0 0.569423 140.33 415.20 52.90 47.63 0 0.565838 1822.06 178.73 36.57 19.90 0 0.560820 317.76 278.04 47.12 31.44 0 0.560588 1640.75 547.26 71.89 55.30 0 0.558650 0.00 421.20 53.57 42.64 0 0.558052 1288.83 389.04 40.90 45.73 0 0.555317 192.84 425.32 61.25 40.81 0 0.552708 1342.55 463.05 53.73 55.55 0 0.552183 173.88 333.26 50.83 30.40 0 0.540150 920.28 269.02 61.16 28.04 0 0.539082 1351.99 465.19 50.49 59.46 0 0.532160 1395.59 300.07 45.82 30.88 0 0.531175 888.12 715.37 20.80 39.42 3 0.526552 754.87 264.45 62.91 32.20 0 0.523375 337.84 412.34 51.98 51.31 0 0.522345 20.41 223.66 56.74 36.04 0 0.520710 1762.79 176.98 35.50 19.02 0 0.518165 1596.96 501.15 58.95 46.29 0 0.515685 1292.52 197.60 38.55 27.55 0 0.514349 0.00 540.03 63.00 52.41 0 0.505000 286.82 289.94 49.17 30.75 0 0.504719 157.84 544.53 66.13 57.32 0 0.496118 1593.70 173.97 40.52 23.43 0 0.493149 1320.35 434.94 49.46 43.88 0 0.492928 156.11 732.76 77.56 71.88 0 0.492192 362.38 281.44 37.03 35.15 0 0.490769 217.43 282.92 50.99 28.04 0 0.488121 756.17 256.96 61.21 30.32 0 0.488118 239.80 735.93 76.32 77.04 0 0.483838 2.01 587.89 71.36 82.71 0 0.483232 1244.19 319.76 40.63 29.89 0 0.477353 398.79 281.83 36.15 32.62 0 0.473791 1637.02 202.06 42.53 24.40 0 0.472453 378.01 610.14 29.74 24.59 3 0.467254 823.48 245.35 37.23 25.11 0 0.465404 659.95 244.27 35.80 25.41 0 0.463791 212.42 288.27 50.48 31.60 0 0.462983 170.53 294.75 44.90 25.73 0 0.459733 1542.24 155.30 37.22 17.92 0 0.456439 870.45 246.25 42.22 27.27 0 0.445989 744.24 389.22 20.04 26.30 3 0.443604 672.63 611.08 17.83 29.43 3 0.440472 1056.80 275.39 40.06 22.95 0 0.438142 44.17 422.27 49.42 42.92 0 0.437443 181.07 276.98 41.79 22.78 0 0.431337 1660.00 259.09 42.46 24.96 0 0.430222 1351.49 261.32 40.33 26.55 0 0.423306 396.86 286.84 37.77 32.87 0 0.423096 1454.35 359.94 44.10 38.53 0 0.414630 411.02 560.60 28.14 37.87 3 0.414100 1313.64 230.20 38.54 26.28 0 0.413077 289.53 280.32 46.72 31.28 0 0.409451 1813.15 494.44 75.23 49.50 0 0.409315 484.13 610.92 22.16 25.70 3 0.406617 90.96 341.63 48.55 35.17 0 0.403089 1295.38 204.69 44.54 25.54 0 0.402926 1669.72 173.06 42.23 23.03 0 0.399738 1375.84 274.71 39.14 28.49 0 0.398056 133.34 726.14 87.83 77.26 0 0.396506 245.33 611.47 43.27 56.29 0 0.388916 1262.24 362.96 35.20 35.44 0 0.387211 1625.88 175.41 39.96 22.04 0 0.385315 621.08 694.38 46.03 31.78 3 0.383916 624.78 687.66 42.69 32.46 3 0.382337 1584.98 175.74 40.20 21.94 0 0.382171 220.84 357.31 47.16 36.12 0 0.381440 312.21 286.40 45.35 32.29 0 0.380276 1726.56 226.30 49.39 22.82 0 0.378881 535.03 743.07 26.77 42.93 3 0.378289 1863.02 857.95 56.98 38.89 0 0.378087 932.30 712.73 21.71 38.20 3 0.377107 1650.79 177.31 41.92 22.58 0 0.376319 213.98 543.61 61.28 52.24 0 0.375736 1739.23 210.35 45.02 21.22 0 0.373584 296.58 280.91 54.77 31.76 0 0.373452 1759.52 178.34 34.85 19.86 0 0.370019 1502.66 400.33 33.01 27.95 0 0.366060 1320.14 688.06 48.37 34.46 3 0.362432 1246.47 335.04 40.06 34.41 0 0.361069 705.69 236.60 38.05 27.13 0 0.360695 1429.48 333.05 44.24 36.01 0 0.359564 1725.22 208.79 45.87 23.45 0 0.359089 1656.13 207.68 40.98 22.19 0 0.358034 1649.83 781.24 30.59 31.53 3 0.356074 1571.37 565.57 43.48 27.72 0 0.347016 1318.65 438.83 55.98 53.37 0 0.343432 1691.96 175.50 41.75 20.58 0 0.341965 90.27 352.06 51.89 40.14 0 0.337324 482.14 712.16 31.67 25.36 3 0.335574 295.53 288.67 58.13 32.73 0 0.329505 1858.88 250.46 37.59 21.32 0 0.329090 530.17 647.31 25.16 31.64 3 0.328275 503.94 613.56 22.64 26.47 3 0.326448 1588.34 154.48 38.19 18.72 0 0.324198 1127.88 228.81 46.13 26.36 0 0.322567 1552.99 449.60 55.89 50.20 0 0.318947 1359.53 266.71 44.26 27.28 0 0.316853 641.37 245.54 28.42 22.94 0 0.312947 849.92 275.39 57.00 26.95 0 0.308123 551.44 589.54 26.17 29.13 3 0.300119 214.62 344.11 48.02 39.94 0 0.297806 1413.07 318.24 46.94 34.30 0 0.297241 0.00 358.60 30.27 31.56 0 0.292197 1253.69 345.44 39.81 37.17 0 0.290643 1471.59 382.55 36.70 34.26 0 0.280935 1286.29 379.18 41.09 43.30 0 0.279820 1767.13 163.96 37.18 20.56 0 0.277464 1350.06 257.29 40.65 26.63 0 0.272567 270.47 531.65 80.56 71.64 1 0.272425 1288.66 187.18 38.39 28.94 0 0.270277 1655.70 256.15 43.85 25.55 0 0.261369 1557.91 467.08 54.14 38.54 0
160,0.740465 647.79 514.41 27.95 43.45 0 0.708771 620.89 512.82 29.19 44.98 0 0.704303 521.94 411.68 30.78 46.95 0 0.698002 664.66 669.72 32.87 52.24 0 0.697983 356.12 551.51 37.24 52.75 0 0.676493 695.73 669.46 33.95 53.15 0 0.669633 712.38 298.74 29.63 44.06 0 0.661756 503.19 367.59 31.00 39.16 0 0.655370 500.80 673.10 33.27 53.29 0 0.653908 765.27 196.72 28.27 41.61 0 0.653017 531.04 372.39 32.04 37.42 0 0.650688 554.47 289.02 29.61 45.90 0 0.647648 666.45 187.99 26.29 43.93 0 0.645785 332.37 676.14 35.77 53.05 0 0.642604 326.85 552.05 36.29 52.00 0 0.642330 461.50 415.68 30.61 43.68 0 0.641943 548.03 561.58 33.65 52.55 0 0.640814 675.78 513.71 30.15 47.01 0 0.632260 765.94 667.12 31.71 53.65 0 0.629430 719.43 420.59 32.72 54.72 0 0.628459 456.15 727.79 22.06 30.66 3 0.623205 769.58 301.45 28.89 50.47 0 0.617867 740.24 517.30 28.87 47.74 0 0.613128 671.66 375.39 29.10 41.70 0 0.610181 670.51 379.99 25.21 37.90 0 0.606485 516.00 561.35 31.15 52.81 0 0.606276 496.90 289.94 32.51 42.74 0 0.604200 1462.12 420.08 29.44 42.58 0 0.600030 471.34 673.13 31.97 50.94 0 0.595378 470.21 291.26 28.15 40.94 0 0.592142 634.91 422.51 30.33 43.51 0 0.591172 617.32 189.39 27.93 38.41 0 0.589261 636.31 296.61 29.29 44.89 0 0.588637 611.46 570.62 31.29 43.41 0 0.588390 299.43 344.28 40.11 40.18 0 0.587985 568.57 185.80 27.19 36.04 0 0.584369 251.96 443.95 37.64 41.69 0 0.583046 636.07 670.16 27.71 50.02 0 0.582622 1443.02 341.57 25.71 34.80 0 0.582564 525.68 508.03 33.79 46.62 0 0.581390 505.89 728.77 20.52 35.07 3 0.576777 1782.31 105.75 20.61 26.92 0 0.576383 708.60 515.17 28.18 48.21 0 0.571342 1142.68 206.21 39.75 17.83 0 0.570595 1337.68 485.33 31.78 53.48 0 0.567121 468.90 415.07 30.41 44.28 0 0.563751 338.06 255.74 33.74 43.30 0 0.556411 695.71 419.72 27.29 44.61 0 0.554963 540.13 670.28 30.51 48.76 0 0.549750 1776.04 35.52 24.55 25.22 0 0.546823 1396.56 107.68 21.69 30.43 0 0.539054 644.12 375.36 29.90 39.47 0 0.537192 1700.13 97.16 21.36 25.29 0 0.532589 984.56 729.51 75.24 35.07 0 0.531016 604.27 424.32 29.85 47.32 0 0.524688 492.90 178.48 33.05 41.55 0 0.514142 1730.54 38.29 30.17 21.81 0 0.512171 697.83 379.90 26.68 40.22 0 0.507293 1602.65 83.73 21.94 29.08 0 0.502980 1631.48 87.38 23.46 25.86 0 0.491985 531.24 673.19 33.03 50.27 0 0.490882 1681.43 773.62 38.43 27.90 0 0.490306 1630.65 202.81 39.63 23.32 0 0.490129 1340.48 535.99 29.41 55.03 0 0.488675 1648.82 9.85 29.16 21.31 0 0.487534 360.58 204.97 31.71 41.14 0 0.487011 1808.23 106.96 21.78 29.36 0 0.486311 722.07 379.93 30.84 40.14 0 0.486203 684.61 293.06 28.33 45.74 0 0.486189 1320.36 376.23 27.01 47.83 0 0.477403 1467.69 474.49 31.94 42.35 0 0.475305 361.72 680.91 37.32 52.14 0 0.467625 268.95 388.82 45.91 44.89 0 0.467331 1435.57 297.11 24.47 35.80 0 0.451734 1491.84 570.05 37.74 47.90 0 0.451083 371.13 676.20 33.79 52.21 0 0.449945 1813.58 38.64 26.34 22.79 0 0.447603 1756.38 776.00 33.95 28.65 0 0.447508 1092.73 200.83 40.02 20.25 0 0.444392 1727.01 98.27 21.99 25.11 0 0.444285 198.29 552.25 33.32 47.96 0 0.442197 766.90 173.63 31.13 26.36 0 0.439222 1478.69 522.09 32.68 35.24 0 0.437826 1635.19 917.14 60.37 55.12 0 0.437810 1629.23 913.67 59.04 47.21 0 0.435289 1796.30 38.03 27.26 24.41 0 0.432707 627.63 418.63 32.97 47.06 0 0.431925 1712.98 772.41 43.17 26.93 0 0.430713 1581.73 83.29 19.28 29.98 0 0.429193 222.00 504.05 39.36 43.10 0 0.414510 1719.57 140.16 28.20 19.59 0 0.412199 1817.35 105.88 24.87 31.25 0 0.410677 431.68 730.93 22.22 32.36 3 0.407531 409.09 730.66 18.59 32.49 3 0.405085 678.79 294.85 30.46 46.08 0 0.403701 1410.06 176.76 30.23 27.23 0 0.402692 1637.39 199.64 42.02 24.73 0 0.398271 1391.11 76.34 23.10 27.44 0 0.398085 587.81 368.43 32.13 40.48 0 0.396165 626.10 298.17 27.03 41.84 0 0.392714 1839.51 108.20 24.10 28.67 0 0.392023 528.44 375.63 32.36 39.81 0 0.387591 1422.29 104.89 19.38 35.57 0 0.382376 970.85 189.49 46.73 24.77 0 0.381056 1697.92 13.16 29.81 20.08 0 0.379905 1710.91 36.50 26.80 20.88 0 0.376086 1751.58 895.88 42.67 32.02 0 0.372756 431.83 416.33 36.92 42.21 0 0.371931 1557.25 5.05 33.07 21.00 0 0.371651 1652.40 87.28 21.12 28.21 0 0.370852 1655.76 497.50 28.08 39.93 0 0.365112 1517.88 2.96 26.90 23.75 0 0.361275 1181.40 773.41 31.04 24.33 3 0.360530 1891.71 959.24 28.29 51.13 0 0.358630 744.51 415.14 36.82 63.13 0 0.353877 1850.69 447.46 33.99 22.53 0 0.353778 427.60 426.46 36.04 35.89 0 0.353745 1313.82 338.60 24.83 29.99 0 0.350000 1654.62 490.03 28.45 41.67 0 0.347568 1174.37 207.01 36.58 17.86 0 0.344948 315.28 311.60 32.87 38.06 0 0.344030 144.29 653.10 29.61 36.35 0 0.342508 1473.30 471.79 31.11 42.45 0 0.340682 414.93 83.72 27.07 35.40 0 0.338794 1536.37 653.98 29.77 42.22 0 0.336962 293.25 348.92 43.20 37.85 0 0.336186 476.45 721.65 22.84 32.26 3 0.331112 548.14 730.42 25.90 29.97 3 0.330798 1657.86 33.65 22.95 20.93 0 0.326283 1775.83 896.96 54.27 31.37 0 0.324932 582.93 371.96 33.73 38.53 0 0.323541 1424.29 251.27 28.26 31.39 0 0.322544 1083.69 730.37 72.82 38.50 1 0.320608 1414.02 205.39 27.94 30.46 0 0.318574 816.70 135.23 27.69 27.77 0 0.311535 811.00 188.85 35.16 62.99 0 0.309730 323.48 300.85 31.37 39.15 0 0.309472 567.26 255.71 27.45 29.73 0 0.308871 593.34 728.39 26.66 27.08 3 0.307665 811.18 187.50 34.46 59.30 1 0.305819 497.01 295.68 29.68 43.27 0 0.305721 317.46 305.09 32.47 40.46 0 0.304721 608.84 302.83 28.66 38.22 0 0.303976 751.18 378.84 35.91 44.19 0 0.294574 1695.63 774.16 50.38 26.82 0 0.293780 972.23 192.50 48.31 25.80 0 0.293705 1475.97 303.38 28.88 38.53 0 0.289232 1535.83 665.26 26.61 42.69 0 0.286477 557.06 283.29 29.26 46.44 0 0.282710 1601.85 5.58 29.73 21.13 0 0.282287 687.66 515.04 30.19 46.22 0 0.280344 1741.28 35.15 28.86 25.06 0 0.279425 1480.88 4.51 26.89 24.58 0 0.277912 571.92 731.27 24.79 26.14 3 0.277373 630.93 303.07 30.25 41.88 0 0.277075 1674.15 89.10 21.67 29.95 0 0.270696 1080.92 201.23 43.31 21.07 0 0.269695 583.19 379.60 30.90 36.33 0 0.269624 625.00 733.39 21.04 23.07 3 0.266946 505.21 736.72 19.19 33.41 3 0.265340 750.41 409.46 33.69 68.52 1 0.263966 1636.18 753.35 30.83 25.59 0 0.260653 588.47 377.81 31.42 36.17 0 0.259176 419.92 84.68 27.19 35.46 0 0.255058 987.56 189.64 40.29 24.51 0 0.251517 1422.50 81.08 20.49 33.38 0 0.250778 1310.76 294.09 24.53 34.11 0
161,0.492297 720.95 196.23 34.37 28.84 0 0.484831 766.41 277.91 27.72 23.09 0 0.380664 717.86 187.78 37.06 28.32 0 0.374938 744.69 242.30 26.04 26.02 0 0.373326 743.91 233.30 25.39 24.32 0 0.339741 176.22 595.26 22.02 20.24 0 0.309036 724.73 200.06 35.16 24.57 0 0.271781 809.91 411.85 27.57 33.19 0 0.269856 780.81 319.68 31.85 31.26 0
162,0.775951 910.13 582.67 27.89 47.68 0 0.756360 939.32 580.64 27.86 48.37 0 0.745258 767.69 413.90 25.04 42.46 0 0.740002 882.21 582.95 27.57 47.06 0 0.735724 759.84 586.19 28.15 46.99 0 0.735445 962.05 405.67 21.56 41.26 0 0.721845 793.19 467.06 25.35 46.20 0 0.718306 1000.84 581.89 26.87 50.83 0 0.717686 822.71 463.80 25.79 47.12 0 0.711020 604.08 414.10 24.43 45.44 0 0.710389 736.62 465.63 26.47 45.66 0 0.702753 596.97 469.37 23.54 48.72 0 0.700002 910.36 464.59 23.75 50.11 0 0.697148 700.65 582.62 28.62 49.08 0 0.696601 650.50 465.77 25.74 46.76 0 0.694269 678.67 464.13 26.54 48.24 0 0.687964 796.11 414.55 22.36 39.71 0 0.686659 739.77 411.58 23.99 41.42 0 0.686594 600.40 467.56 25.99 48.47 0 0.683601 982.68 780.04 30.47 58.74 0 0.681615 640.25 586.77 28.28 50.45 0 0.676937 963.05 457.90 22.66 45.23 0 0.676063 1026.56 586.89 27.75 51.32 0 0.672832 765.94 468.18 26.81 45.20 0 0.671636 1741.26 653.28 33.82 53.84 0 0.670994 988.75 405.34 21.79 44.42 0 0.670120 1014.34 407.44 22.09 43.58 0 0.668178 1076.97 772.60 34.12 64.16 0 0.664873 671.15 584.67 29.86 48.39 0 0.664714 1049.45 458.14 25.73 45.11 0 0.662084 821.76 415.09 22.64 40.19 0 0.660869 630.17 410.35 23.54 45.43 0 0.658224 880.39 464.81 26.38 52.63 0 0.657865 1045.38 777.67 30.93 63.25 0 0.656378 933.38 413.87 23.02 41.22 0 0.650548 991.99 458.66 24.21 43.70 0 0.646017 623.96 466.90 26.31 47.17 0 0.645467 580.45 588.09 28.06 51.14 0 0.635791 820.90 582.55 28.50 53.51 0 0.635763 787.37 587.51 27.86 47.71 0 0.629812 553.04 593.12 27.91 46.74 0 0.624193 520.79 589.54 29.31 46.71 0 0.604741 546.95 416.03 25.06 43.29 0 0.593844 1741.71 496.34 37.65 52.96 0 0.591457 567.89 469.72 25.93 48.23 0 0.590196 709.98 465.38 25.77 45.17 0 0.584161 1086.67 861.02 28.91 60.21 0 0.580402 1719.04 583.92 36.38 59.78 0 0.568803 1679.81 472.84 33.37 48.60 0 0.564043 1515.61 250.13 48.24 23.91 0 0.559561 1765.20 719.99 36.03 51.78 0 0.557587 968.30 580.43 27.72 51.12 0 0.557306 576.31 657.60 27.88 47.63 0 0.532142 848.78 461.36 26.05 48.82 0 0.529903 1193.34 146.07 28.76 35.64 0 0.526034 510.03 662.04 26.04 45.97 0 0.525381 880.96 409.86 21.98 41.75 0 0.521232 716.96 412.49 22.95 39.77 0 0.519021 848.42 408.17 23.33 40.88 0 0.511976 1422.41 41.06 23.97 30.76 0 0.502706 610.98 586.80 27.88 53.90 0 0.500607 536.53 474.98 27.50 46.24 0 0.481280 539.63 653.69 29.81 49.74 0 0.480906 1615.30 261.92 26.48 42.83 0 0.471989 905.16 410.61 22.57 43.15 0 0.470737 732.04 584.05 26.57 50.14 0 0.467648 1182.45 330.78 11.87 18.16 3 0.466122 1793.97 573.95 39.70 58.21 0 0.443637 1462.50 41.64 37.89 23.09 0 0.439291 1521.34 281.49 48.14 23.83 0 0.431365 1024.17 466.00 22.78 46.13 0 0.417988 1647.27 364.04 30.94 46.09 0 0.417183 1209.83 331.06 18.63 19.86 3 0.404541 1222.02 332.50 16.42 21.17 3 0.401204 1527.75 293.77 44.41 24.19 0 0.383291 1689.33 472.86 35.87 50.30 0 0.377871 1509.85 232.23 46.65 21.35 0 0.367291 543.46 421.58 25.69 39.44 0 0.356688 1194.50 140.13 26.27 33.63 0 0.352425 545.04 471.87 26.94 45.49 0 0.325673 702.77 463.76 26.69 46.98 0 0.296894 852.81 465.51 25.66 49.51 0 0.273459 540.45 470.56 26.88 48.40 0 0.266640 1511.02 235.57 50.14 24.00 0 0.257811 674.51 343.47 13.73 20.76 3
163,0.758237 1103.47 604.42 113.10 131.04 0 0.750045 662.91 675.80 34.56 58.75 3 0.746632 960.22 663.35 102.46 145.34 0 0.743428 484.07 861.07 93.16 164.17 0 0.718904 1158.24 209.08 72.70 61.75 1 0.716456 367.27 860.43 101.15 185.38 0 0.715450 860.25 689.94 109.72 159.10 0 0.710112 1184.82 571.60 107.45 145.46 0 0.698675 624.20 692.50 32.44 64.90 3 0.685298 718.20 381.66 46.27 32.03 3 0.684189 241.57 881.72 109.79 198.28 0 0.674098 828.72 620.56 33.56 58.21 3 0.659999 0.00 599.77 130.94 99.29 0 0.658606 790.85 635.08 35.73 58.13 3 0.657349 1117.60 523.78 33.64 52.45 3 0.654752 1095.25 529.59 31.57 52.69 3 0.645427 1324.01 526.60 128.43 132.88 0 0.638767 1294.98 361.42 48.29 38.11 3 0.634502 1020.73 264.85 34.31 45.06 3 0.633305 805.85 324.84 27.15 46.70 3 0.628753 1622.99 125.10 55.85 41.65 3 0.624259 1703.43 104.81 34.57 47.78 3 0.617131 1261.17 478.77 31.81 53.63 3 0.615427 1472.48 186.94 39.64 39.04 3 0.608432 735.38 651.23 38.41 67.56 3 0.604877 1167.62 505.03 34.81 54.70 3 0.596028 502.40 409.54 48.27 35.24 3 0.594252 1790.46 779.09 129.54 159.44 0 0.593815 956.83 368.58 32.98 32.46 3 0.591595 1675.41 788.20 173.34 157.99 0 0.588727 856.70 307.20 33.18 51.26 3 0.586690 1053.72 542.45 39.74 60.06 3 0.586099 1714.07 99.04 33.09 47.63 3 0.580091 1051.43 366.71 34.56 38.68 3 0.579609 904.48 292.00 31.10 48.31 3 0.572472 1789.42 131.03 43.47 36.19 3 0.571990 1190.02 499.35 35.39 55.33 3 0.567230 890.74 295.63 29.29 49.20 3 0.559662 557.22 394.92 46.85 31.11 3 0.548569 1194.72 496.00 31.95 49.28 3 0.543188 960.79 277.86 32.11 53.29 3 0.540577 1515.77 846.54 160.43 179.96 0 0.529016 786.72 323.24 31.01 46.35 3 0.525670 1247.02 212.17 39.27 36.59 3 0.525386 933.83 286.84 31.05 48.04 3 0.520711 780.62 329.59 29.25 43.17 3 0.505217 1746.95 97.44 32.55 44.27 3 0.503354 1639.56 123.70 49.97 40.78 3 0.499510 1213.32 495.98 35.30 55.23 3 0.490029 1710.42 105.75 34.84 44.94 3 0.487415 1343.16 927.79 154.38 152.21 0 0.487178 1064.39 361.95 32.40 41.11 3 0.473504 759.96 339.19 29.84 42.47 3 0.471770 1324.54 518.03 103.87 113.52 0 0.471089 698.19 669.75 35.48 61.91 3 0.470317 1157.25 219.50 87.39 55.26 1 0.469103 1220.01 490.05 36.02 56.74 3 0.467870 1090.09 531.13 35.30 61.94 3 0.457515 1408.68 497.11 128.21 99.91 0 0.454637 1670.85 114.90 32.20 40.47 3 0.450246 1024.50 257.13 34.11 44.55 3 0.448012 1052.16 250.35 36.45 42.33 3 0.442030 1232.38 951.46 147.80 128.54 0 0.438990 1411.92 497.59 102.44 72.21 0 0.434291 863.76 607.64 38.72 67.29 3 0.433757 1104.66 520.36 33.74 53.52 3 0.432574 691.66 428.41 59.95 32.71 3 0.431017 1013.72 263.27 32.33 48.22 3 0.425517 732.70 363.71 40.27 38.76 3 0.423646 501.10 400.07 50.61 37.94 3 0.421033 1151.34 512.64 32.97 55.05 3 0.419851 753.43 645.07 36.79 67.95 3 0.414820 896.60 595.48 35.83 64.43 3 0.412533 1657.89 773.63 156.06 149.54 0 0.409871 1782.75 125.61 46.65 43.34 3 0.403375 1178.05 558.65 95.25 141.88 0 0.403016 1204.12 497.96 41.15 58.58 3 0.399145 1044.71 262.39 35.15 41.03 3 0.396221 1783.11 139.56 48.47 31.16 3 0.394250 744.43 343.28 30.15 40.65 3 0.389307 1626.86 136.12 61.62 35.64 3 0.381389 1064.21 249.48 33.17 48.62 3 0.377345 617.95 387.59 65.65 36.38 3 0.370381 1049.02 227.23 33.26 34.47 3 0.362605 1208.97 921.70 145.36 154.40 0 0.355541 1304.20 352.71 37.47 37.89 3 0.352623 1549.97 142.43 42.92 39.43 3 0.341642 1697.41 793.41 173.81 165.60 0 0.338348 1767.93 94.19 32.12 40.72 3 0.337304 1421.14 501.52 128.37 116.80 0 0.328695 147.63 849.10 36.37 56.04 2 0.322408 1146.54 209.17 64.20 61.59 1 0.318115 716.62 388.25 40.70 34.47 3 0.316565 1235.34 485.79 31.39 55.99 3 0.310471 1681.09 104.84 29.11 43.12 3 0.303670 1190.32 215.70 57.09 44.78 3 0.298984 984.69 269.26 29.14 51.01 3 0.296136 1033.85 223.01 29.10 29.56 3 0.291772 724.01 368.76 37.17 41.30 3 0.286518 504.89 398.74 40.65 37.86 2 0.284676 1491.00 826.13 160.52 168.05 0 0.284135 761.18 321.06 27.86 42.95 3 0.283085 977.69 272.21 30.21 52.17 3 0.280608 1501.04 132.58 33.44 31.47 3 0.279705 153.39 857.71 47.12 54.69 3 0.278899 937.09 294.18 29.04 46.32 3 0.272387 1387.78 170.77 36.09 53.65 3 0.259590 1749.52 764.12 170.48 183.00 0 0.256219 1572.10 421.65 132.86 103.24 0 0.255860 859.28 684.78 93.91 139.26 0 0.255751 1040.65 370.67 34.75 38.73 3 0.254969 1617.65 129.50 66.54 42.72 3 0.254698 1171.96 497.53 35.41 49.86 3 0.252144 1741.02 105.01 32.81 42.77 3 0.251852 838.85 310.86 34.90 49.38 3
164,0.755105 1172.70 412.04 28.72 58.11 0 0.742483 1165.96 858.72 32.36 53.58 0 0.724010 1240.49 493.94 28.40 54.81 0 0.713254 524.65 213.76 30.89 56.18 0 0.702993 1048.85 503.37 26.93 51.08 0 0.693816 1272.51 499.26 25.25 52.99 0 0.687160 951.25 424.11 28.86 52.92 0 0.679140 836.47 837.73 29.89 50.18 0 0.670612 1274.15 415.01 26.20 53.31 0 0.670593 981.88 419.57 29.01 56.02 0 0.669266 1118.33 499.95 28.87 56.08 0 0.664110 1316.15 491.98 24.48 50.56 0 0.659813 1240.46 414.21 28.73 52.69 0 0.653927 555.34 213.22 31.00 56.21 0 0.636567 1143.01 412.78 28.09 59.11 0 0.635343 1081.95 499.44 28.32 56.28 0 0.631694 1176.52 496.12 27.12 56.70 0 0.626389 1081.38 420.65 27.65 57.54 0 0.623182 646.49 330.80 30.58 59.32 0 0.623060 1271.93 610.68 28.31 54.45 0 0.622394 504.21 338.98 31.33 56.46 0 0.611858 1102.87 294.40 27.77 55.90 0 0.593792 919.29 428.22 28.82 56.47 0 0.582983 1129.04 851.23 29.81 62.23 0 0.582461 386.88 532.90 29.99 56.35 0 0.579131 1240.33 611.95 26.88 49.43 0 0.576979 1048.36 420.93 27.84 57.67 0 0.568185 448.48 534.22 30.59 55.30 0 0.566177 428.57 97.72 27.38 50.09 0 0.560046 428.66 219.28 30.68 57.56 0 0.554183 348.32 536.66 32.64 56.93 0 0.552605 1062.89 835.96 30.37 59.19 0 0.550434 810.92 735.95 59.89 27.93 0 0.549072 1301.05 609.64 27.83 57.39 0 0.538791 1212.44 489.59 26.61 58.03 0 0.530307 808.13 773.61 56.70 29.14 0 0.525716 1349.35 488.32 28.41 55.57 0 0.522883 871.49 835.02 27.96 48.53 0 0.516733 1094.12 831.74 30.93 55.68 0 0.509122 793.06 698.67 58.75 27.30 0 0.501977 989.38 835.06 26.56 50.82 0 0.499995 798.68 834.55 28.38 54.21 0 0.499489 1077.17 611.42 55.93 29.52 0 0.491929 485.96 210.72 34.32 60.73 0 0.491081 1019.72 413.95 26.94 55.23 0 0.486001 1206.61 417.01 25.27 55.12 0 0.483801 1307.47 759.03 61.20 26.75 0 0.465014 371.66 90.14 32.65 59.84 0 0.458072 419.06 531.86 28.45 56.57 0 0.455274 468.94 344.10 30.18 57.50 0 0.444288 901.34 510.02 26.92 52.95 0 0.438307 1209.34 495.72 27.68 58.12 0 0.435064 1099.61 93.12 48.26 61.51 0 0.425808 941.14 57.69 28.99 49.78 0 0.411165 1292.98 715.18 53.58 26.77 0 0.406907 1310.12 420.17 24.95 50.01 0 0.404139 946.52 122.80 41.37 53.45 0 0.400066 863.66 523.90 27.08 48.77 0 0.384988 835.13 239.45 30.15 58.64 0 0.369088 1291.70 719.71 50.51 28.11 0 0.329053 795.37 700.63 63.69 31.36 0 0.325358 1163.41 617.62 42.83 28.30 0 0.313496 874.98 829.87 27.43 51.85 0 0.289209 1304.39 420.62 25.61 48.41 0 0.287121 940.59 125.89 40.18 50.69 0 0.283529 1136.87 412.71 30.96 63.17 0 0.274360 1239.93 402.51 26.24 54.14 0 0.264741 920.26 837.82 27.09 49.60 0 0.255467 1354.73 485.16 26.67 53.40 0
165,0.642939 675.48 5.33 23.19 40.57 0 0.566195 595.53 380.44 31.43 49.95 0 0.548451 647.66 127.68 27.73 43.31 0 0.500038 540.27 628.11 33.88 53.42 0 0.446800 585.22 588.23 31.10 56.12 0 0.293831 960.86 976.56 51.10 28.57 0 0.284633 672.03 10.86 25.21 40.51 0 0.279284 780.75 818.38 28.54 39.52 0 0.260267 517.35 1041.96 27.57 36.40 0
166,0.698858 402.83 671.08 37.78 46.81 0 0.694545 423.08 796.16 37.31 58.81 0 0.693791 330.57 847.88 37.23 57.45 0 0.684911 276.37 720.50 35.75 49.58 0 0.671582 261.61 885.58 37.30 55.42 0 0.652548 491.67 624.58 35.23 48.70 0 0.652444 181.36 771.94 36.86 53.58 0 0.647229 193.83 916.85 34.65 50.79 0 0.634277 370.67 678.13 38.23 52.14 0 0.633936 378.78 815.58 41.67 50.58 0 0.632970 519.98 758.31 39.72 52.14 0 0.632072 316.42 632.39 31.98 45.53 0 0.619103 548.07 601.54 36.54 47.97 0 0.617982 253.26 971.75 42.89 55.39 0 0.616377 693.37 663.93 36.48 49.72 0 0.616111 520.68 609.90 35.01 49.10 0 0.614269 596.97 563.61 31.31 43.37 0 0.608222 373.99 610.09 35.02 46.54 0 0.607608 432.35 652.67 33.62 44.18 0 0.603496 295.92 958.99 35.84 51.81 0 0.602687 494.14 554.36 34.51 44.11 0 0.597838 309.37 707.56 34.29 50.60 0 0.596978 460.95 561.88 29.77 44.66 0 0.595204 454.15 789.05 36.86 50.27 0 0.594422 571.72 514.00 30.89 37.94 0 0.593666 603.70 705.63 33.64 53.86 0 0.592303 404.52 603.75 33.86 45.23 0 0.591222 1336.19 414.75 40.45 43.74 0 0.585601 430.18 584.25 33.69 44.42 0 0.582587 212.65 988.17 39.21 51.40 0 0.581945 764.41 851.98 39.99 55.12 0 0.574047 358.74 834.35 36.11 49.10 0 0.573904 665.81 676.86 35.01 45.51 0 0.572812 297.53 864.66 40.72 64.40 0 0.572102 602.47 500.41 26.41 39.86 0 0.570845 570.71 718.94 38.37 47.31 0 0.569331 630.42 552.11 27.01 39.33 0 0.564703 1021.24 177.78 45.85 26.52 0 0.563282 191.58 696.90 34.96 46.26 0 0.559101 230.82 904.91 40.18 50.94 0 0.553875 340.64 690.73 32.53 40.85 0 0.539373 593.71 715.10 40.61 50.64 0 0.536883 626.01 491.20 28.32 42.34 0 0.533816 660.53 547.99 34.85 37.75 0 0.533468 223.34 680.07 33.69 52.83 0 0.531691 389.23 809.97 36.41 52.19 0 0.529818 218.17 753.18 34.81 54.98 0 0.529355 634.45 695.15 32.24 41.31 0 0.526143 376.88 614.23 36.11 47.59 0 0.525440 1293.31 367.20 43.34 43.56 0 0.516825 250.50 736.92 36.39 49.05 0 0.516625 675.97 521.90 35.50 35.88 0 0.510489 125.90 721.98 34.19 52.76 0 0.506706 231.11 749.08 40.22 47.47 0 0.503841 489.47 766.71 35.80 50.72 0 0.502496 455.21 567.00 33.95 45.24 0 0.502343 459.00 634.09 34.25 47.95 0 0.495897 517.85 551.80 31.90 41.99 0 0.494944 364.25 826.08 34.73 55.09 0 0.494084 243.44 587.64 16.79 18.19 3 0.489156 671.66 167.71 30.38 40.14 0 0.489024 678.64 524.93 38.45 41.93 0 0.488938 472.78 631.59 41.04 45.70 0 0.488801 988.90 132.92 47.28 26.37 0 0.479843 1620.24 670.59 38.02 45.19 0 0.477079 152.95 788.34 33.93 50.86 0 0.475099 902.91 881.79 36.42 50.66 0 0.462590 831.97 834.57 36.91 44.96 0 0.462561 1152.05 201.49 38.34 35.87 0 0.461600 1662.93 679.07 43.95 50.93 0 0.454142 259.50 728.94 41.77 48.31 0 0.453386 449.34 646.92 37.04 43.15 0 0.452657 1374.69 464.05 40.00 37.96 0 0.451009 818.98 41.51 32.00 26.25 0 0.448693 426.73 590.76 35.48 43.89 0 0.448689 835.31 822.73 39.69 43.49 0 0.439245 722.47 652.68 33.64 51.69 0 0.438768 855.79 813.65 39.53 47.39 0 0.438691 423.12 663.52 38.81 42.91 0 0.437294 369.85 823.77 36.41 53.76 0 0.436129 547.48 540.38 32.17 36.39 0 0.433693 480.50 768.90 38.62 49.88 0 0.433666 669.32 158.61 31.91 42.69 0 0.433656 611.01 703.81 39.68 44.70 0 0.433158 1299.42 373.36 42.78 41.55 0 0.428714 1340.67 419.77 40.15 42.35 0 0.428189 219.10 989.48 41.66 58.20 0 0.425768 474.39 556.61 31.12 42.05 0 0.420465 501.80 546.81 34.94 40.16 0 0.409180 850.73 803.43 38.78 49.00 0 0.404715 666.48 534.27 39.94 40.19 0 0.403703 771.47 860.50 41.17 56.21 0 0.396847 1820.11 719.86 45.35 44.90 0 0.387668 1826.07 714.49 49.08 49.98 0 0.386674 1609.37 666.65 38.95 39.57 0 0.383705 466.54 639.18 33.69 42.67 0 0.376288 292.74 867.91 35.43 59.52 0 0.376211 1308.65 316.48 40.89 31.51 0 0.373488 354.84 681.57 41.37 46.20 0 0.372155 1604.28 664.30 38.71 34.29 0 0.368851 493.51 759.99 40.53 50.07 0 0.367244 256.41 889.29 38.59 59.71 0 0.366450 639.23 685.11 38.67 42.68 0 0.364901 326.02 632.67 35.86 42.47 0 0.364146 496.21 616.65 37.13 47.63 0 0.362139 271.72 573.40 17.70 22.47 3 0.360620 652.40 537.98 30.40 38.83 0 0.353939 223.42 988.01 46.29 54.50 0 0.352394 1218.26 276.90 43.11 38.43 0 0.345771 1659.64 674.57 39.69 47.40 0 0.344827 711.83 660.56 38.77 49.71 0 0.343612 1087.68 127.65 28.80 34.41 0 0.340293 1229.97 285.05 41.45 40.58 0 0.334768 348.45 623.18 29.37 40.44 0 0.334224 392.13 805.93 41.28 54.03 0 0.328147 200.02 922.30 34.78 54.17 0 0.327434 271.81 880.20 37.32 56.98 0 0.327125 549.88 546.74 31.67 36.31 0 0.324977 896.19 877.90 36.04 49.56 0 0.321828 581.60 717.35 39.37 55.30 0 0.318789 725.44 658.22 36.88 48.09 0 0.318569 516.82 543.13 32.43 41.37 0 0.315406 320.26 637.92 33.81 43.20 0 0.312479 1385.24 474.21 42.64 37.16 0 0.310025 204.33 689.89 38.16 48.31 0 0.308501 446.73 790.43 35.54 61.97 0 0.304406 540.26 592.57 35.81 45.81 0 0.301997 193.69 688.86 36.12 50.49 0 0.301932 575.61 721.02 39.37 52.85 0 0.296838 840.27 451.64 24.71 39.15 1 0.295314 1223.01 280.30 42.76 43.45 0 0.293718 1000.30 145.99 47.30 26.64 0 0.290880 487.49 760.78 32.34 49.45 0 0.286778 424.42 784.83 37.67 53.47 0 0.285404 344.81 691.71 32.57 44.17 0 0.284720 182.66 762.97 37.45 52.99 0 0.282402 862.19 0.00 31.74 18.53 0 0.281183 225.70 587.27 17.32 19.50 3 0.278086 157.82 782.11 40.15 53.52 0 0.275417 824.63 821.43 33.00 40.90 0 0.260600 290.09 572.02 14.51 21.34 3 0.258670 823.63 39.37 34.02 27.75 0 0.257041 496.58 561.74 30.70 41.51 0 0.254242 1157.32 214.23 38.65 32.30 0 0.254079 1626.70 554.91 41.99 35.85 0 0.253763 1256.49 248.09 35.73 27.08 0
167,0.566288 0.00 409.50 144.76 91.71 0 0.330359 211.88 578.66 101.17 54.68 0 0.251921 0.00 392.62 169.53 75.63 0
168,0.862600 908.07 540.10 74.95 38.96 1 0.385318 1029.26 616.17 24.94 13.32 0 0.379063 760.90 498.12 23.10 14.95 0 0.280039 91.59 776.09 26.77 21.92 0
169,0.782884 1664.36 981.14 75.09 42.62 3 0.730997 1314.04 727.63 30.97 52.01 3 0.716323 926.77 514.57 112.73 45.72 0 0.689757 1263.90 726.21 35.22 54.36 3 0.689301 1145.18 454.92 107.18 43.37 0 0.657111 1285.23 455.26 112.56 46.96 0 0.637512 1575.02 817.59 68.74 43.42 3 0.627376 1409.22 456.89 126.64 49.27 0 0.597023 1016.46 452.03 100.29 45.31 0 0.565346 1135.42 602.43 144.28 68.24 1 0.509204 343.06 375.72 28.29 18.90 3 0.487738 1796.69 773.49 54.02 52.00 3 0.466301 1795.68 589.27 27.86 34.94 3 0.459868 1807.31 790.51 48.80 40.43 3 0.416218 1580.82 810.65 60.81 42.96 3 0.386596 1849.32 861.25 28.92 33.25 3 0.382361 528.93 318.70 20.15 25.42 3 0.380664 307.87 416.63 41.08 21.33 3 0.379341 417.54 997.94 94.34 82.06 0 0.364451 0.00 949.39 63.87 113.30 0 0.360396 1408.65 463.10 133.92 54.46 0 0.357792 0.00 443.08 41.88 53.59 0 0.354038 1847.20 853.44 32.21 36.09 3 0.326907 1747.89 587.65 23.61 39.11 3 0.286860 1884.59 927.65 35.41 41.74 3 0.283370 353.18 374.23 26.42 17.84 3 0.271016 914.85 450.51 32.97 25.59 3 0.265229 1703.90 589.14 18.38 32.98 2 0.258317 1783.38 586.17 26.47 39.57 3 0.251088 0.00 958.91 51.56 108.68 0
170,0.498506 631.69 129.58 25.29 44.80 0 0.398453 511.91 852.01 29.29 61.02 0 0.398255 562.72 566.30 32.36 55.06 0 0.339494 612.84 276.08 28.90 46.61 0 0.333269 522.15 536.65 28.00 35.70 0 0.323467 608.46 281.42 28.13 43.50 0
171,0.818530 893.96 553.30 68.73 40.56 1 0.486554 622.11 497.18 18.76 16.89 0 0.360166 584.72 450.49 15.82 16.23 0 0.355947 1009.08 569.73 27.47 12.57 0 0.265806 1022.85 572.44 26.69 14.88 0 0.253645 989.43 564.23 26.07 16.15 0 0.251929 597.82 450.26 18.41 15.81 0
172,
173,0.675442 81.75 281.89 47.58 34.19 0 0.601288 41.71 90.14 38.73 30.73 0 0.565407 89.19 74.52 45.78 31.55 0 0.557105 151.13 158.30 52.58 28.52 0 0.541122 0.00 103.39 32.52 27.85 0 0.535158 389.89 0.00 43.63 17.87 0 0.519539 280.68 25.02 38.70 25.71 0 0.491053 603.69 6.09 40.26 23.26 0 0.461506 0.00 437.11 24.27 41.60 0 0.451077 408.21 62.69 44.91 25.54 0 0.450651 44.22 292.53 51.08 32.64 0 0.409709 570.77 195.70 34.84 39.99 0 0.364469 135.70 52.78 50.02 33.67 0 0.309700 1288.63 630.47 48.18 53.58 0 0.303375 579.26 200.87 30.99 46.92 0 0.287510 0.00 414.90 24.68 53.65 0 0.257600 265.17 592.42 15.85 16.01 2
174,0.531917 864.90 563.62 25.06 20.24 0 0.511654 643.08 735.91 23.85 25.47 0 0.459591 387.25 699.75 21.65 24.70 0 0.451652 354.97 614.64 23.69 15.93 0 0.438602 450.92 713.11 21.93 19.43 0 0.433834 558.82 728.50 26.41 25.03 0 0.423448 357.66 701.24 24.20 22.80 0 0.417326 435.22 712.80 21.34 16.47 0 0.361681 290.48 642.13 15.68 10.06 0 0.359443 984.13 617.82 19.18 19.91 0 0.359080 318.34 692.32 23.02 19.36 0 0.358359 909.09 571.35 19.85 19.17 0 0.354957 570.75 658.90 30.85 17.66 0 0.337522 1051.37 631.53 19.77 19.62 0 0.320456 601.59 643.70 23.76 16.90 0 0.319056 1009.62 618.77 17.43 17.75 0 0.295506 568.90 731.37 26.27 24.33 0 0.289620 531.13 659.93 22.81 16.68 0 0.287527 361.06 692.82 21.57 24.36 0 0.270020 587.98 688.51 30.91 21.60 0 0.268585 647.49 690.74 27.41 25.03 0 0.267102 336.65 615.86 27.14 15.56 0 0.260388 885.89 564.70 20.87 19.51 0
175,0.693599 695.67 453.25 27.79 50.38 0 0.593962 711.16 285.76 26.10 45.52 0 0.559094 662.26 791.78 36.27 70.09 0 0.367395 735.57 15.96 25.40 37.96 0
176,
177,0.698574 670.97 627.60 57.40 38.56 3 0.692362 1112.65 877.65 86.14 155.86 0 0.675122 659.09 677.34 61.12 38.72 3 0.634734 686.32 585.60 42.66 27.52 3 0.634182 1085.68 728.29 75.98 139.31 0 0.580919 622.60 900.12 68.54 36.71 3 0.579614 658.88 723.05 53.83 32.54 3 0.517290 655.91 753.26 51.65 32.24 3 0.515232 675.67 616.77 53.01 33.05 3 0.512502 658.89 702.50 59.80 37.89 3 0.455948 619.51 910.08 67.71 36.75 3 0.454858 650.44 779.22 54.91 33.84 3 0.447764 702.24 471.91 44.43 96.18 0 0.339021 941.69 364.31 19.63 32.68 3 0.320210 977.19 107.32 27.20 21.36 0 0.315626 632.65 841.79 67.95 42.88 3 0.312681 635.43 828.42 65.00 37.69 3 0.299110 661.38 651.71 63.34 33.71 3 0.296285 1037.01 860.33 31.16 55.80 3 0.280184 949.55 202.28 32.96 18.69 0 0.274154 641.13 797.62 60.47 36.25 3
178,0.480394 495.96 1018.37 46.03 39.64 0 0.444077 569.57 962.99 39.89 41.37 0 0.380194 732.95 685.87 39.36 36.60 1 0.377501 490.34 1026.95 44.85 38.40 0 0.368772 808.65 605.43 27.68 26.42 0 0.302569 1649.12 633.95 23.19 35.56 0 0.283632 574.43 614.12 30.62 24.51 0 0.277607 618.09 921.22 42.80 38.78 0 0.262901 503.04 1014.54 46.97 38.88 0 0.255465 553.18 982.89 39.46 36.29 0 0.252046 865.17 744.22 32.01 29.24 0
179,0.612376 885.96 698.99 30.26 64.09 0 0.448234 1159.68 971.26 79.48 45.05 0
180,0.691110 1085.09 497.54 108.30 64.02 0 0.682505 707.09 631.53 106.17 67.62 0 0.677253 679.10 707.29 112.81 68.76 0 0.676894 777.21 465.58 110.54 60.76 0 0.674369 1187.41 669.15 107.46 61.43 0 0.657636 877.55 999.96 135.30 69.71 0 0.657283 721.97 566.78 104.36 66.19 0 0.655558 524.33 1008.03 130.70 69.85 0 0.647260 658.81 760.89 117.75 60.30 0 0.646943 1037.48 618.51 113.98 64.29 0 0.646911 978.15 873.32 101.79 64.97 0 0.631197 1061.44 560.24 117.59 60.42 0 0.629285 1165.74 724.55 105.28 67.32 0 0.627958 1012.74 683.36 113.45 59.35 0 0.626305 1111.61 924.65 110.62 69.06 0 0.622492 977.84 804.16 117.23 64.99 0 0.622263 1082.74 996.21 122.30 64.51 0 0.620564 639.74 400.85 91.29 53.11 0 0.614623 596.70 886.17 117.63 67.44 0 0.610518 759.31 512.66 102.47 66.43 0 0.610233 561.71 950.93 126.48 64.23 0 0.608720 1000.23 740.66 112.81 60.64 0 0.593630 1228.77 537.77 120.24 73.65 0 0.582670 619.61 821.83 122.19 66.32 0 0.579556 960.09 865.78 105.92 61.66 0 0.569192 921.49 937.37 115.11 72.67 0 0.565725 596.23 459.36 97.19 58.17 0 0.557145 924.81 926.39 112.92 64.21 0 0.550160 792.91 400.18 108.40 65.66 0 0.546857 672.18 342.14 83.92 60.67 0 0.544706 669.74 345.60 105.31 68.54 0 0.544260 1076.77 489.77 110.72 61.14 0 0.515815 794.11 390.92 102.53 64.30 0 0.507620 652.29 406.96 96.20 61.96 0 0.502306 1107.65 917.34 109.33 64.31 0 0.501551 680.31 696.08 112.84 67.18 0 0.493702 701.21 354.57 84.45 65.82 0 0.478907 1396.56 969.45 53.20 31.97 3 0.469952 988.81 815.81 105.47 57.53 0 0.469937 745.66 579.09 92.30 61.96 0 0.466790 885.10 991.87 130.47 65.20 0 0.466462 613.05 811.17 126.75 66.38 0 0.459519 609.76 463.87 96.03 62.86 0 0.458304 1044.36 1037.61 117.71 42.39 0 0.456266 575.31 889.68 133.27 73.35 0 0.446401 668.13 750.13 113.13 62.38 0 0.438324 819.66 403.36 96.82 61.61 0 0.433830 1002.26 731.56 111.36 56.23 0 0.429326 1121.24 933.46 113.52 71.32 0 0.417963 891.13 1010.30 127.94 66.58 0 0.406206 1031.77 610.34 127.75 61.09 0 0.398491 995.22 758.50 111.89 58.58 0 0.392209 1235.69 550.85 121.18 68.97 0 0.383422 723.01 359.33 68.53 61.62 0 0.377285 717.27 557.25 99.84 63.77 0 0.374375 723.70 643.72 92.68 60.90 0 0.373255 749.68 509.63 100.60 57.81 0 0.364979 1009.79 676.85 99.89 51.58 0 0.363147 1070.61 1003.48 127.64 66.52 0 0.354865 870.20 1011.29 134.97 68.71 0 0.352992 1408.36 926.89 57.08 30.39 0 0.351028 89.61 398.18 49.16 37.07 0 0.349760 775.92 438.07 106.49 66.00 0 0.348776 784.74 523.26 80.29 58.32 0 0.339625 46.65 404.98 50.25 39.45 0 0.332608 33.31 392.52 53.24 40.62 0 0.327625 970.24 787.41 127.53 64.99 0 0.326634 1054.70 548.61 114.93 58.03 0 0.316261 699.37 623.80 104.27 62.43 0 0.310619 981.53 780.37 116.39 52.06 0 0.307771 962.35 856.53 113.64 53.84 0 0.291091 1036.55 1032.79 100.83 47.21 0 0.290529 867.64 1031.59 113.11 48.41 0 0.286996 1103.45 1002.32 102.01 66.38 0 0.284976 1018.84 744.82 102.43 60.91 0 0.275127 685.41 681.33 103.43 58.62 0 0.273452 1058.33 542.24 125.17 55.47 0 0.265158 1177.94 663.69 99.52 56.37 0 0.263894 38.68 396.62 62.20 42.31 0 0.263451 1046.78 1011.23 133.86 67.13 0 0.263249 1183.09 726.97 95.45 72.58 0 0.253306 602.76 874.91 123.72 59.29 0 0.252935 679.31 767.02 105.58 62.51 0
181,0.699128 65.43 749.21 37.05 61.75 0 0.654406 145.65 750.03 30.85 55.25 0 0.641457 180.83 747.30 36.05 57.46 0 0.602765 866.25 493.12 28.14 54.34 0 0.585482 13.77 754.26 40.40 62.64 0 0.577166 392.90 799.37 55.49 29.08 0 0.564094 839.85 497.95 28.36 49.71 0 0.543187 849.96 592.76 71.07 32.45 0 0.539002 741.98 369.51 26.05 42.42 0 0.498373 714.13 373.36 25.84 38.48 0 0.483607 615.66 373.98 25.28 42.86 0 0.482627 894.85 489.68 27.51 50.46 0 0.471885 1576.39 36.52 31.47 34.60 0 0.470335 1487.29 57.82 75.40 36.92 0 0.456173 645.11 433.59 22.86 36.27 0 0.441140 10.83 759.27 39.34 65.61 0 0.436514 1607.74 29.45 34.93 37.72 0 0.428721 1646.46 17.61 35.59 37.23 0 0.409478 308.54 274.58 36.93 33.26 1 0.404206 683.02 488.76 33.52 53.70 0 0.403757 648.15 486.56 38.24 48.65 0 0.398019 699.06 622.47 60.69 33.07 0 0.393333 930.45 511.64 25.28 32.03 0 0.383077 273.98 305.41 38.67 24.70 0 0.359300 1722.61 4.07 48.28 53.01 0 0.348209 1577.14 42.34 29.69 33.35 0 0.320242 394.66 792.57 60.09 33.76 0 0.314156 1166.75 516.55 32.13 31.75 0 0.304530 1580.16 188.61 27.27 39.28 0 0.295270 1000.96 512.87 25.36 27.88 0 0.294763 488.18 366.90 50.11 29.84 0 0.294758 785.88 485.40 31.07 34.68 0 0.281716 982.69 513.05 25.47 26.03 0 0.277203 654.93 481.84 37.31 51.72 0 0.274179 72.69 748.59 39.95 60.56 0 0.259031 696.06 618.16 57.35 32.26 0
182,0.421552 925.38 966.32 64.52 98.15 0
183,0.587317 1096.81 542.04 50.48 19.44 0 0.538697 835.65 520.57 55.38 21.73 0 0.506678 1164.48 543.20 47.71 22.75 0 0.501816 917.68 524.23 37.65 21.27 0 0.448491 779.24 520.25 44.24 20.32 0 0.435430 1234.40 548.23 46.19 22.17 0 0.421157 649.98 506.19 49.15 24.21 0 0.413715 1038.83 533.28 44.67 21.72 0 0.412241 1229.54 547.65 42.86 20.72 0 0.375049 541.85 496.38 37.58 19.04 0 0.372526 648.30 501.75 47.46 22.72 0 0.294462 975.22 530.79 42.19 22.96 0 0.290174 977.84 525.34 38.61 22.21 0 0.255336 523.31 493.95 41.74 19.93 0 0.253873 723.02 515.47 31.56 17.78 0
184,0.679205 743.51 538.83 64.13 29.11 0 0.662023 826.13 541.17 66.63 27.81 0 0.628870 657.21 535.08 64.75 26.83 0 0.618952 995.71 546.52 64.99 28.27 0 0.614499 1253.61 558.07 66.00 29.11 0 0.589527 1168.85 554.17 69.36 33.04 0 0.578667 908.72 543.36 61.46 27.88 0 0.546312 1073.87 552.71 71.86 27.09 0 0.529169 483.45 520.82 68.69 28.90 0 0.448209 301.31 518.68 90.90 30.57 0 0.432193 485.36 526.95 66.37 28.40 0 0.392513 991.47 547.42 55.07 25.50 0 0.287806 1159.42 553.25 57.06 28.12 0 0.262031 1167.58 548.94 71.56 31.15 0
185,0.730273 968.06 267.69 113.94 51.57 0 0.728097 279.72 196.18 80.50 65.41 0 0.705085 1693.27 555.81 67.04 120.57 0 0.672791 425.54 170.51 87.61 42.81 0 0.631514 874.86 169.50 53.46 42.60 0 0.610969 119.08 381.39 114.03 99.59 0 0.587275 1696.20 692.77 89.38 135.51 0 0.581079 631.80 143.45 53.96 38.71 0 0.580107 834.87 240.19 112.60 56.06 0 0.577673 1233.07 312.67 108.42 50.56 0 0.569143 303.70 575.35 40.73 49.53 3 0.563678 52.72 159.15 83.56 59.10 0 0.557858 1743.52 857.28 94.07 161.95 0 0.553219 838.28 247.65 115.59 57.75 0 0.523787 1059.49 198.06 54.05 43.56 0 0.514330 169.78 175.56 82.70 63.46 0 0.507739 1657.87 0.00 41.03 45.03 0 0.504515 1115.04 291.93 96.42 52.59 0 0.472255 2.17 336.38 57.90 91.87 0 0.471477 139.48 178.57 77.29 54.62 0 0.461629 1735.55 885.62 115.39 149.36 0 0.456596 1352.42 362.76 73.50 34.11 0 0.451969 977.44 190.10 56.68 32.78 0 0.450526 231.00 190.31 65.44 61.45 0 0.448964 727.38 149.16 44.18 44.47 0 0.448430 6.57 151.64 65.47 56.32 0 0.438207 78.12 1041.17 48.38 38.83 3 0.424297 151.01 166.29 86.17 62.16 0 0.398789 1105.55 284.79 104.45 51.91 0 0.396103 1227.01 306.85 103.87 47.16 0 0.388134 1.40 158.85 55.36 54.90 0 0.379843 1857.49 140.10 60.49 74.85 0 0.378932 0.00 323.58 52.61 94.07 0 0.349293 29.68 137.13 68.99 45.58 0 0.345445 1348.41 310.46 81.78 42.61 0 0.335041 234.26 192.37 88.48 59.12 0 0.327471 0.00 761.15 158.53 201.43 0 0.324899 770.87 147.79 30.85 42.23 0 0.303521 1520.37 212.71 66.49 43.56 0 0.291597 34.57 143.31 74.40 59.96 0 0.290996 1747.17 834.03 79.41 127.26 0 0.280178 862.23 170.43 56.30 38.63 0 0.264664 431.26 173.19 92.40 47.03 0 0.253301 277.89 678.41 34.62 41.61 2
186,0.753392 792.13 398.47 31.32 56.75 0 0.749896 1045.83 516.23 32.51 57.27 0 0.744579 591.76 352.51 30.62 54.60 0 0.716575 553.33 584.31 31.15 58.36 0 0.709258 647.79 565.95 32.83 61.19 0 0.706319 1048.86 359.32 30.21 57.90 0 0.704902 594.60 662.85 35.16 63.02 0 0.701836 698.41 404.65 30.68 56.14 0 0.700708 599.69 419.17 32.10 62.42 0 0.697549 857.01 390.31 34.11 57.88 0 0.696009 614.09 575.08 33.02 61.26 0 0.695105 891.87 384.02 30.27 60.72 0 0.694958 911.24 527.24 32.03 60.79 0 0.676456 567.80 427.40 33.27 58.89 0 0.670427 811.80 541.80 34.17 61.68 0 0.667574 976.37 522.67 35.90 56.86 0 0.667499 1079.45 353.49 31.98 57.88 0 0.667015 1074.27 516.10 32.48 58.08 0 0.664160 686.87 331.06 32.79 55.29 0 0.660396 1001.53 295.18 31.00 48.03 0 0.659757 781.73 549.10 31.64 57.01 0 0.659376 716.31 330.83 29.30 55.28 0 0.656604 1052.62 751.89 37.30 64.44 0 0.656009 493.80 359.73 33.14 56.37 0 0.653827 1014.92 362.24 29.34 52.41 0 0.650343 746.58 552.24 31.30 62.31 0 0.649440 1119.60 743.09 33.90 60.51 0 0.648585 943.67 526.42 29.90 65.72 0 0.648237 982.10 363.28 30.59 55.15 0 0.647672 844.93 311.74 29.23 48.17 0 0.641327 684.03 557.60 32.07 60.01 0 0.641291 763.10 406.59 31.99 52.48 0 0.640020 1153.19 738.16 35.89 67.26 0 0.636357 749.16 333.36 31.67 55.05 0 0.635752 582.26 579.03 31.38 60.24 0 0.635476 662.46 409.20 33.21 58.82 0 0.635192 713.04 554.09 35.12 60.08 0 0.633679 554.52 656.97 34.13 65.36 0 0.632062 1031.48 296.46 29.36 47.42 0 0.631496 822.05 387.23 32.49 57.61 0 0.618888 1865.59 576.29 40.84 64.00 0 0.617873 517.13 586.62 31.29 58.22 0 0.615600 1787.36 285.52 39.98 55.31 0 0.611808 878.17 309.32 29.08 51.72 0 0.602960 783.42 332.40 34.51 49.93 0 0.602552 502.18 436.39 30.81 57.97 0 0.601799 907.25 309.81 29.92 50.77 0 0.598257 1749.30 148.01 36.20 57.01 0 0.597097 1722.17 21.61 28.93 38.78 0 0.588623 1847.25 503.71 36.61 56.64 0 0.587058 731.27 406.53 30.46 56.13 0 0.586079 972.32 296.87 29.55 45.90 0 0.585849 1611.69 51.42 56.29 27.71 0 0.579170 559.29 356.30 29.63 54.89 0 0.571858 535.16 428.89 29.50 63.70 0 0.570826 1172.88 825.40 32.02 65.02 0 0.568853 520.84 661.50 32.15 60.01 0 0.561512 1010.70 518.75 30.69 57.30 0 0.558327 923.19 377.93 32.86 62.38 0 0.551733 630.77 413.83 29.24 61.90 0 0.551693 1823.37 427.46 39.03 67.05 0 0.546801 940.29 310.92 28.12 50.15 0 0.504058 656.60 246.97 13.94 22.48 3 0.490892 846.48 537.35 31.80 66.18 0 0.488567 1595.03 0.00 62.80 27.54 0 0.457611 816.51 316.14 28.59 43.36 0 0.456347 818.38 390.60 30.55 57.81 0 0.449259 1254.76 159.09 19.99 26.51 3 0.395707 1602.14 23.73 58.51 28.08 0 0.387779 806.81 327.58 29.49 50.65 0 0.382537 891.21 378.34 27.93 56.06 0 0.363731 1784.13 280.64 37.77 56.36 0 0.362206 626.85 250.36 16.07 21.39 3 0.348216 1829.68 425.23 37.72 59.86 0 0.345317 1597.83 0.49 59.24 38.20 0 0.314551 672.63 248.14 15.97 21.41 3 0.288994 1036.83 515.37 34.34 60.08 0 0.286604 1861.75 570.86 38.85 62.54 0 0.286481 785.23 325.44 32.39 46.67 0 0.280361 1747.26 138.99 32.85 48.67 0 0.271403 752.56 328.77 30.72 53.18 0 0.260098 919.65 372.64 30.08 56.88 0 0.256548 457.27 274.15 21.29 23.68 3
187,0.738319 725.25 609.30 50.19 46.27 1 0.501321 795.58 588.88 19.59 21.30 0 0.500225 312.16 681.46 22.26 19.25 0 0.488502 284.58 680.46 26.18 18.97 0 0.381367 450.55 713.09 24.23 19.53 0 0.352194 943.67 664.40 16.85 14.89 0 0.347426 887.57 642.98 20.64 19.66 0 0.321813 886.29 652.96 21.79 21.55 0 0.317498 839.42 595.90 17.83 17.43 0 0.314517 505.40 640.60 25.72 18.75 0 0.311495 249.00 663.73 24.30 18.14 0 0.311016 820.77 592.69 16.17 17.38 0 0.287182 437.58 642.59 24.91 15.32 0 0.278636 344.68 689.12 23.34 18.87 0 0.278084 256.71 663.90 23.81 20.32 0 0.267639 476.49 684.79 28.50 18.00 0 0.262647 478.08 731.94 20.96 17.46 0 0.253887 164.94 640.76 22.93 15.08 0
188,0.700512 712.50 254.32 36.66 24.16 3 0.662058 710.15 271.94 42.01 24.80 3 0.515120 973.26 198.44 34.85 29.57 0 0.509227 964.42 101.91 21.69 41.38 0 0.482642 965.22 119.65 23.78 46.79 0 0.466604 741.06 137.62 31.38 18.08 3 0.430930 976.98 230.59 36.59 39.35 0 0.422787 979.80 234.63 37.21 46.32 0 0.374831 1045.28 944.41 69.24 135.02 0 0.364146 964.80 126.77 27.18 46.40 0 0.358952 728.35 210.36 26.73 20.32 3 0.286828 919.74 431.62 20.21 39.61 3 0.278213 971.72 186.08 32.52 25.76 0 0.275697 822.39 154.62 18.64 27.19 3 0.259975 723.01 231.21 27.71 19.53 3
189,0.665221 567.59 315.11 156.80 68.11 0 0.647442 331.13 157.37 150.59 65.77 0 0.559547 511.37 298.72 131.55 58.55 0 0.517715 633.98 387.99 116.80 58.82 0 0.515468 668.25 409.17 108.17 63.05 0 0.359597 526.32 302.26 152.15 57.01 0 0.358055 673.63 413.42 92.25 73.11 0 0.348455 571.27 324.16 130.10 67.46 0 0.338300 653.95 402.15 115.80 64.32 0 0.337117 514.07 299.80 97.39 51.90 0 0.298826 554.29 311.98 145.78 66.13 0 0.295161 580.03 323.36 171.56 72.20 0 0.275419 335.40 167.18 121.63 53.02 0 0.266333 353.56 481.13 52.40 60.30 3 0.256777 354.19 491.62 55.92 58.27 3
190,0.416309 670.01 617.88 40.02 22.87 0 0.398760 868.93 617.74 29.49 54.34 0 0.371670 599.19 618.67 25.95 18.55 0 0.355129 625.82 614.83 32.50 20.21 0 0.335561 759.65 638.36 35.81 22.83 0 0.287870 679.49 619.71 42.38 25.17 0 0.282608 936.96 1033.30 25.02 33.79 0 0.262025 995.76 425.06 46.87 28.89 0
191,0.753283 1481.64 717.64 117.78 164.00 0 0.739079 1182.55 600.13 150.11 69.91 0 0.716758 784.74 416.65 123.62 61.27 0 0.712644 820.69 497.11 143.97 68.93 0 0.710202 784.32 175.32 106.77 52.04 0 0.699044 254.91 238.63 116.78 59.02 0 0.695743 647.79 484.65 132.30 69.07 0 0.693904 735.07 301.97 120.34 64.40 0 0.669067 467.25 260.60 106.39 52.13 0 0.667812 318.14 786.77 174.62 94.39 0 0.656855 1062.29 413.71 137.30 65.85 0 0.652793 639.75 191.48 103.50 53.64 0 0.650756 608.45 361.28 129.39 64.74 0 0.630243 1496.25 739.57 109.67 135.24 0 0.619135 744.00 913.19 197.59 114.73 0 0.617371 79.05 259.93 125.21 58.22 0 0.613877 1155.03 545.66 146.36 70.52 0 0.604938 1213.24 645.03 163.17 92.58 0 0.601458 699.71 681.94 154.10 98.89 0 0.599077 1048.25 366.65 129.69 63.83 0 0.595716 318.24 586.94 160.03 77.54 0 0.594112 683.58 622.93 153.50 73.90 0 0.591561 155.13 481.05 143.47 80.45 1 0.589665 321.20 930.84 205.04 94.81 0 0.586803 378.38 229.56 110.22 55.26 0 0.566946 307.27 943.00 186.74 97.46 0 0.563681 336.88 421.50 130.86 58.54 0 0.559189 318.79 717.65 171.48 78.34 0 0.550677 320.34 533.43 150.22 62.09 0 0.549316 317.06 649.08 173.16 72.31 0 0.546646 341.08 453.61 123.51 60.02 0 0.544283 520.98 207.76 91.74 49.91 0 0.540588 1140.97 492.07 114.31 63.60 0 0.532178 339.47 435.36 130.21 62.38 0 0.513973 0.00 275.06 46.16 59.75 0 0.488102 1138.94 501.72 140.60 68.45 0 0.485345 737.90 279.77 106.47 52.04 0 0.482983 317.31 544.27 157.77 61.71 0 0.478300 1182.68 553.66 118.99 66.07 0 0.473175 1148.23 531.73 145.82 67.79 0 0.468626 321.75 496.44 144.97 57.18 0 0.462441 1193.68 117.02 98.69 52.54 0 0.454838 316.68 427.17 128.42 61.42 0 0.438950 330.04 481.45 135.48 63.38 0 0.389425 1137.07 518.94 148.45 67.54 0 0.373610 311.81 575.78 161.97 68.50 0 0.350475 1856.34 907.97 63.66 65.34 3 0.343279 167.43 441.55 133.36 64.65 0 0.342174 318.77 442.28 129.92 62.97 0 0.334268 691.08 668.27 167.33 96.09 0 0.317750 1472.64 715.21 113.83 135.75 0 0.299329 1041.25 379.25 129.43 66.98 0 0.299071 1163.24 515.70 115.57 56.96 0 0.295237 316.44 601.25 140.54 67.95 0 0.291325 474.41 250.78 110.11 60.31 0 0.286853 1170.10 563.86 148.85 71.79 0 0.277141 1184.85 581.47 145.12 69.49 0 0.273637 315.49 520.46 139.52 65.37 0 0.268408 1034.92 380.40 101.10 56.68 0 0.265606 313.10 562.87 162.11 67.68 0 0.259012 696.43 631.53 154.27 87.85 0 0.256325 728.33 287.95 122.79 63.04 0 0.250922 149.64 455.00 147.03 87.02 0
192,0.617514 1051.32 421.06 22.12 31.19 0 0.597800 357.21 577.08 22.24 34.21 0 0.580824 312.46 575.06 22.68 33.88 0 0.565110 575.89 599.26 27.19 38.49 0 0.495319 896.22 349.36 23.63 27.37 0 0.492761 479.64 496.47 34.34 20.80 0 0.486362 678.36 604.43 22.24 35.58 0 0.483709 860.35 392.77 41.00 59.83 1 0.462031 416.11 584.98 26.39 28.44 0 0.461199 268.90 568.67 28.80 31.91 0 0.460149 427.68 495.99 32.13 17.97 0 0.460004 437.57 586.81 26.36 27.37 0 0.447408 918.03 348.80 21.01 25.05 0 0.431487 616.20 448.83 36.55 16.90 0 0.425756 862.85 388.50 46.04 72.56 1 0.425266 282.76 452.58 37.91 24.33 0 0.417408 570.88 496.12 30.06 20.57 0 0.398979 332.86 574.78 20.52 34.23 0 0.390536 603.49 608.69 23.02 32.54 0 0.379720 859.04 418.89 41.63 55.39 1 0.363171 917.59 364.51 16.48 23.27 0 0.356539 240.38 490.28 27.07 19.86 0 0.352020 128.33 634.39 38.95 36.68 0 0.349333 360.71 572.38 21.60 34.93 0 0.347353 314.15 571.90 25.01 35.14 0 0.344151 525.20 499.17 29.35 19.25 0 0.337689 359.02 651.53 35.62 27.22 0 0.336312 211.41 493.74 24.01 17.40 0 0.327635 894.74 362.59 20.17 25.71 0 0.326779 1173.09 429.50 25.44 22.69 0 0.305730 277.11 567.76 27.18 32.47 0 0.297965 950.11 362.62 25.00 28.28 0 0.293691 1072.06 422.84 24.26 27.58 0 0.287855 1128.34 435.72 21.42 22.79 0 0.277075 119.45 636.62 43.45 34.96 0 0.266433 550.49 586.54 27.12 29.63 0
193,
194,0.661901 404.05 154.08 13.59 19.23 2 0.550199 539.58 175.82 16.52 15.66 2 0.438292 112.91 241.87 33.53 31.84 0 0.430083 1139.07 280.71 23.10 15.31 0 0.423170 116.35 265.66 27.25 34.84 0 0.388556 1245.26 375.30 30.50 17.56 0 0.372995 115.79 292.81 26.67 33.72 0 0.351282 1060.35 159.72 14.46 13.31 3 0.348956 111.26 312.67 28.82 32.13 0 0.343266 894.57 394.74 18.54 24.52 0 0.326013 115.01 244.36 30.47 37.14 0 0.312283 1154.04 280.54 20.80 15.67 0 0.306333 100.69 513.69 26.69 50.84 0 0.303872 541.95 158.30 15.54 20.70 2 0.303483 100.28 528.62 26.26 54.01 0 0.302206 99.13 345.82 37.76 26.44 0 0.287412 201.64 556.62 20.09 18.44 3 0.279610 1239.34 188.51 21.76 15.77 0 0.273073 1043.28 82.70 17.71 20.70 0 0.269171 1075.08 20.07 16.66 19.13 0 0.268559 93.74 628.80 28.29 35.93 0 0.265992 1055.49 293.17 18.95 21.46 0 0.263586 98.38 491.35 30.77 30.79 0 0.263550 894.54 188.54 17.05 18.52 3 0.257668 1041.14 80.35 17.88 20.35 0 0.256808 305.81 27.62 21.31 19.09 3 0.255570 1314.85 321.19 26.39 26.49 0
195,0.441445 131.68 168.61 26.71 53.33 0 0.430488 111.91 387.88 30.82 37.83 0 0.417609 1219.66 144.57 21.15 17.70 0 0.385459 132.56 159.67 27.02 54.49 0 0.370294 135.19 143.93 25.18 47.48 0 0.365316 116.26 361.51 30.33 30.39 0 0.322486 910.66 380.40 9.64 14.11 2 0.308364 114.65 341.53 31.53 32.54 0 0.300278 871.74 185.97 18.77 20.01 3 0.275811 125.83 282.71 24.45 35.45 0 0.267438 112.53 401.85 30.39 42.63 0 0.262576 138.14 143.77 24.93 41.40 0 0.258035 128.81 234.07 25.68 33.71 0 0.257908 127.02 267.27 25.81 30.73 0 0.253812 875.41 328.90 15.85 21.45 2 0.253247 93.80 383.07 39.12 55.71 0
196,0.634852 231.36 802.52 50.42 38.40 0 0.572513 174.70 825.80 50.07 40.04 0 0.567349 121.94 643.84 56.14 41.99 0 0.542533 99.27 864.82 55.83 36.01 0 0.529604 566.02 376.64 44.85 31.15 0 0.518974 1746.75 42.39 38.08 26.50 0 0.516768 298.65 761.53 51.44 47.71 0 0.497421 251.95 106.25 31.94 44.08 0 0.496040 91.27 867.18 61.14 38.81 0 0.493725 105.48 1038.29 60.69 35.74 0 0.488902 290.89 204.34 40.39 46.17 0 0.487270 451.78 560.23 35.05 36.72 0 0.486585 330.62 922.04 60.54 42.38 0 0.475477 610.94 556.93 36.20 39.45 0 0.456544 252.03 960.54 60.22 45.79 0 0.452479 1625.82 106.76 31.40 21.48 0 0.441204 1119.03 470.24 30.71 22.42 0 0.422663 364.50 361.00 36.02 49.22 0 0.411866 303.85 53.00 24.78 36.84 0 0.408872 1389.32 234.69 23.98 19.75 0 0.406586 191.49 991.33 56.81 42.41 0 0.398323 668.88 609.95 44.43 26.07 0 0.396662 293.15 111.15 24.28 34.60 0 0.389169 315.44 256.39 40.12 47.99 0 0.388655 503.66 599.33 29.38 29.42 0 0.387766 674.14 607.42 43.53 24.39 0 0.383069 1578.88 134.96 26.58 17.90 0 0.381843 402.10 182.14 28.57 43.19 0 0.380209 1105.32 474.52 34.46 23.99 0 0.371240 0.97 918.45 27.91 32.91 0 0.369867 271.53 158.37 35.11 46.75 0 0.369565 256.10 956.75 61.52 41.99 0 0.368925 557.81 347.37 42.87 29.40 0 0.368833 442.15 538.91 34.07 36.71 0 0.362495 1601.07 274.52 34.35 19.82 0 0.357322 319.23 930.38 63.45 41.53 0 0.350879 1651.72 90.33 30.34 23.51 0 0.349461 39.08 894.84 46.29 39.93 0 0.335969 651.82 540.40 30.39 32.25 0 0.335716 167.16 832.86 54.94 35.67 0 0.331653 369.31 365.67 35.72 49.29 0 0.330297 230.56 62.28 30.65 38.81 0 0.328908 1732.01 51.84 33.95 25.17 0 0.328743 265.21 157.25 35.38 46.55 0 0.327894 220.23 44.99 31.39 48.23 0 0.316742 292.38 766.15 52.75 47.72 0 0.313579 526.39 308.79 55.20 33.34 0 0.311828 40.25 889.71 52.91 40.63 0 0.311352 243.81 106.92 30.29 43.95 0 0.311293 1895.37 59.21 24.45 29.24 0 0.307295 617.25 545.99 34.31 35.48 0 0.304839 314.81 936.96 50.56 39.17 0 0.299283 29.40 490.59 47.43 28.15 0 0.292008 372.06 781.86 72.62 53.81 0 0.285425 423.44 501.10 33.82 32.48 0 0.285030 494.86 585.11 29.35 33.20 0 0.282557 531.25 454.52 26.58 38.68 0 0.276424 331.16 293.33 37.67 39.69 0 0.270838 877.29 493.26 37.80 27.76 0 0.268587 203.35 980.00 58.68 45.04 0 0.266950 228.28 53.35 33.58 44.65 0 0.254101 1416.98 374.30 30.49 19.07 0
197,0.598603 267.50 40.19 41.42 23.20 0 0.576944 321.00 23.90 36.69 21.45 0 0.559338 447.42 150.11 58.60 27.11 0 0.501739 331.26 203.24 56.15 30.25 0 0.412971 430.64 151.50 73.48 31.48 0 0.398711 424.84 156.15 75.98 30.37 0 0.356709 367.42 6.17 39.90 21.70 0 0.352422 422.72 163.11 68.21 27.49 0 0.339751 907.83 323.09 13.67 16.40 2 0.330960 431.92 281.36 32.16 31.80 0 0.292583 415.63 0.00 44.61 19.08 0 0.291991 0.23 103.92 23.29 23.95 0 0.291991 365.36 10.76 40.51 21.92 0 0.290871 892.48 292.45 14.18 20.04 2 0.278809 362.77 16.58 38.65 19.39 0 0.270503 335.22 207.26 53.61 33.97 0 0.265041 225.83 663.89 26.56 18.23 0
198,0.725079 349.23 886.10 49.93 39.71 3 0.719485 928.69 901.25 117.52 110.52 0 0.690287 820.87 568.97 66.14 60.49 1 0.675732 1268.48 468.45 25.45 31.04 3 0.651765 1641.67 791.35 135.04 89.27 0 0.630108 410.50 818.11 42.03 39.24 3 0.617922 858.84 956.39 124.95 114.36 0 0.615623 356.39 874.90 51.80 45.22 3 0.611807 1481.45 948.19 179.12 119.00 0 0.596731 572.34 701.97 34.70 41.57 3 0.586081 1294.45 606.39 32.11 36.11 3 0.581012 1040.89 825.05 146.52 114.24 0 0.579348 1474.40 465.66 68.88 41.85 0 0.576249 646.10 717.72 37.04 33.50 3 0.571723 584.45 701.54 32.28 40.72 3 0.565477 851.42 884.67 36.44 40.74 3 0.558436 677.42 728.65 98.94 61.56 0 0.550159 1391.12 326.97 88.79 53.07 0 0.544743 946.95 916.26 113.67 105.03 0 0.544318 405.48 819.83 36.71 41.60 3 0.542776 476.98 749.28 34.72 44.62 3 0.540408 1112.32 777.52 133.02 88.83 0 0.533224 719.75 656.34 30.80 29.64 3 0.529239 798.64 910.35 41.48 52.26 3 0.525024 1376.56 332.45 92.21 58.69 0 0.523869 82.44 827.13 33.85 26.25 3 0.519670 648.44 704.99 32.72 38.99 3 0.514072 1779.69 881.68 140.31 94.91 0 0.513200 692.45 659.40 29.74 31.37 3 0.509948 540.31 726.82 32.90 39.53 3 0.507284 974.04 798.41 33.28 45.55 3 0.494918 1195.04 438.48 41.90 30.47 3 0.494160 1473.69 471.85 67.31 45.36 0 0.488168 613.10 1031.13 34.88 48.18 3 0.484962 1302.28 512.31 28.14 35.59 3 0.467496 826.11 895.96 38.12 54.91 3 0.466312 490.08 747.46 32.75 42.44 3 0.459982 77.72 823.20 34.92 26.81 3 0.456027 534.18 723.15 33.92 40.09 3 0.446145 926.26 831.04 41.44 49.16 3 0.443032 1770.68 249.48 39.89 30.29 0 0.441391 1674.91 229.23 45.79 25.06 0 0.440613 1652.21 323.02 36.09 26.29 0 0.439942 975.42 487.91 29.68 28.50 3 0.439806 626.33 697.15 31.55 37.05 3 0.431767 1285.14 398.81 29.33 32.69 3 0.430390 908.31 841.66 35.75 43.39 3 0.410569 428.10 774.27 29.72 40.82 3 0.410010 818.10 565.73 51.20 57.16 1 0.407273 444.55 771.60 28.46 38.76 3 0.405052 735.26 826.44 30.07 50.16 3 0.404534 1676.89 280.03 33.64 22.77 0 0.399071 831.38 896.87 34.26 43.38 3 0.397019 647.62 676.60 26.90 33.92 3 0.389904 1209.19 439.25 37.52 29.63 3 0.388711 1227.90 420.35 24.56 29.93 3 0.388339 930.13 823.27 37.97 47.52 3 0.385447 285.90 846.46 37.36 40.80 3 0.380248 1273.02 398.13 32.33 33.09 3 0.378642 741.95 638.25 28.84 31.10 3 0.376149 1047.21 817.75 126.15 104.99 0 0.371828 641.31 1018.54 39.97 52.74 3 0.360142 854.54 870.50 33.49 39.94 3 0.352967 1676.53 252.47 39.57 20.42 0 0.352579 888.99 847.83 28.47 39.35 3 0.351961 1244.20 417.05 25.33 30.04 3 0.351761 651.87 759.63 79.54 73.07 0 0.346554 638.93 1009.02 38.92 48.72 3 0.338313 652.43 760.33 114.59 65.59 0 0.335998 786.25 910.90 40.06 51.78 3 0.331895 660.22 670.86 26.97 29.79 3 0.330636 570.72 1044.30 31.81 35.70 3 0.329578 1675.44 295.80 30.58 22.34 0 0.327669 1669.20 326.78 26.77 22.11 0 0.324405 1001.27 442.55 51.19 31.57 0 0.316166 1677.28 226.19 49.97 24.64 0 0.313479 945.87 810.57 34.62 51.98 3 0.313023 401.26 829.16 38.93 37.64 3 0.308983 706.71 607.41 35.85 26.95 3 0.304982 317.77 846.07 36.13 36.79 3 0.304686 881.53 562.47 50.22 31.24 3 0.299043 412.17 776.09 27.92 42.66 3 0.297977 300.77 846.07 46.36 40.45 3 0.296692 1306.90 511.86 28.57 34.60 3 0.296106 625.65 686.30 27.12 36.15 3 0.293529 1408.49 971.58 192.46 107.21 0 0.290997 614.96 1040.80 36.40 39.20 3 0.288664 1792.72 873.61 124.61 89.76 0 0.288243 445.28 753.25 32.30 46.00 3 0.281503 1429.39 942.77 203.89 118.01 0 0.281110 1263.76 410.40 29.93 28.58 3 0.280622 955.74 803.81 32.07 45.45 3 0.279552 917.62 886.14 112.46 104.07 0 0.276704 468.89 758.65 32.12 39.55 3 0.273490 343.16 889.33 49.13 35.25 3 0.270722 697.51 605.09 34.32 27.32 3 0.270571 1677.70 246.84 43.16 22.14 0 0.267893 569.52 1053.00 32.02 27.00 3 0.266671 1365.12 339.60 88.52 51.19 0 0.266298 286.60 854.50 38.19 37.36 3 0.261538 235.97 972.21 61.47 42.94 3 0.254690 663.04 662.66 25.81 33.54 3 0.254130 811.15 903.94 34.31 50.23 3 0.252913 914.45 831.35 33.64 42.87 3 0.250572 1410.76 325.87 75.11 47.97 0 0.250365 710.69 1045.14 82.18 34.86 0
199,0.775543 1049.17 495.57 70.83 31.93 1 0.302102 239.22 590.92 30.43 17.99 0 0.299849 839.64 423.09 18.96 13.58 0 0.291725 311.26 354.66 19.82 15.30 0 0.257996 1172.38 523.63 22.78 10.78 0
200,0.655627 1072.64 46.79 27.62 34.56 0 0.622670 1102.56 65.25 25.15 36.99 0 0.529174 1003.01 0.00 29.13 37.22 0 0.525910 568.88 312.95 15.06 18.83 2 0.521986 917.49 61.13 53.05 31.43 0 0.447513 711.29 378.17 9.55 14.63 2 0.341423 1074.32 48.54 27.99 45.21 0 0.317686 1306.24 628.06 35.83 51.59 0 0.304735 256.90 556.73 18.32 22.20 2 0.277253 984.83 108.85 19.35 17.18 3 0.271619 690.66 395.80 13.84 17.49 2 0.269409 559.83 294.08 14.93 18.67 2 0.264130 408.06 169.13 48.09 27.78 1
201,0.704426 814.60 474.66 31.10 48.88 0 0.678301 928.94 474.18 33.64 50.90 0 0.660994 864.77 476.49 31.13 52.57 0 0.658903 977.55 342.88 30.72 44.21 0 0.650903 1101.99 484.71 32.82 51.46 0 0.642696 830.07 250.62 61.47 28.99 1 0.638658 376.80 1011.17 40.58 68.83 1 0.631701 840.42 474.08 30.52 51.21 0 0.595511 126.31 795.19 63.51 32.09 0 0.594118 1601.16 746.50 33.65 45.59 0 0.584629 554.49 845.30 36.20 65.23 1 0.578763 1643.26 1027.46 41.17 51.99 0 0.572913 1132.28 339.17 29.59 45.19 0 0.564161 1629.94 545.05 37.78 56.13 0 0.558432 689.97 337.17 55.42 37.76 0 0.557075 1621.99 433.91 33.29 46.03 0 0.556729 1746.01 968.72 39.59 65.46 0 0.550179 1034.37 479.19 36.12 52.31 0 0.546965 1679.93 811.53 38.96 59.64 0 0.546495 1703.38 957.53 41.48 62.97 0 0.545279 1533.79 894.95 34.23 60.35 0 0.544930 899.09 308.80 57.14 26.01 0 0.543471 1050.09 338.70 31.08 44.37 0 0.536254 558.86 841.13 35.24 56.46 1 0.534685 1000.94 474.89 37.98 51.58 0 0.533679 552.31 1004.31 34.48 64.58 0 0.532584 1690.52 665.65 35.35 58.45 0 0.530689 1020.11 249.12 41.37 23.02 0 0.523225 576.35 563.30 28.47 49.19 0 0.523085 1697.01 885.94 35.96 58.15 0 0.521122 1649.16 609.42 34.42 55.05 0 0.519795 1772.21 306.81 53.53 27.60 0 0.517929 1563.16 492.33 31.27 50.18 0 0.517357 718.44 433.44 53.35 29.08 0 0.511433 1713.03 745.23 32.26 53.27 0 0.506175 1556.99 431.97 29.84 51.36 0 0.503883 1622.67 882.60 32.90 61.53 0 0.502929 1630.06 956.05 37.39 64.61 0 0.501538 972.75 308.16 41.08 25.22 0 0.496355 963.39 474.85 32.23 52.25 0 0.490875 200.61 795.58 62.52 32.06 0 0.488721 205.62 795.34 72.75 35.03 0 0.488435 1589.20 681.34 29.97 55.37 0 0.488352 1179.53 484.02 33.69 46.00 0 0.486080 1672.37 742.60 37.77 57.86 0 0.484099 0.74 801.27 53.08 30.60 0 0.482434 1141.68 487.34 31.20 45.60 0 0.475665 1140.13 493.70 29.86 47.84 0 0.472885 1655.09 667.02 34.60 55.97 0 0.471303 899.04 472.80 31.16 50.52 0 0.463632 1076.53 720.84 55.61 28.13 0 0.462451 1581.29 616.68 35.63 53.60 0 0.461732 845.91 309.88 49.08 24.75 0 0.461635 958.81 552.40 59.43 30.58 0 0.459874 1571.88 553.63 32.06 52.46 0 0.448545 1713.34 307.39 49.50 26.08 0 0.434386 1600.47 769.08 32.52 46.51 0 0.425419 840.66 702.55 57.47 33.72 0 0.422823 389.08 940.71 29.84 59.51 0 0.419942 555.28 925.64 32.09 56.09 0 0.414753 820.66 855.05 29.64 60.91 0 0.413398 580.47 485.09 30.38 40.26 0 0.408268 1625.76 393.85 34.12 40.47 0 0.381429 1091.61 337.98 40.04 46.32 0 0.375589 1048.51 308.66 37.37 25.58 0 0.371835 1006.21 251.77 45.19 21.69 0 0.361599 1617.37 814.83 32.67 49.91 0 0.360049 1594.78 687.23 28.30 52.58 0 0.358853 1190.44 345.43 26.52 36.00 0 0.358733 229.73 797.39 68.05 35.33 0 0.357674 785.45 307.28 44.87 26.85 0 0.354348 682.85 335.60 55.38 38.45 1 0.353826 891.83 476.10 32.43 48.97 0 0.353179 1091.83 306.38 45.91 27.84 0 0.347432 1077.59 339.09 39.96 44.65 0 0.342731 1655.50 452.61 35.69 55.78 0 0.337010 1113.62 1044.44 39.33 26.12 0 0.332854 1567.95 541.63 34.56 53.93 0 0.322268 559.68 834.57 30.58 46.66 1 0.315750 966.45 471.68 35.11 50.48 0 0.315442 1291.26 305.60 48.13 23.24 0 0.312644 952.98 247.29 28.51 25.86 0 0.309944 795.72 351.66 24.53 31.17 0 0.295630 1640.04 607.84 38.20 55.79 0 0.293132 795.47 308.79 45.60 25.06 0 0.282643 567.02 701.53 31.35 40.09 1 0.278301 1706.22 740.11 34.66 61.10 0 0.277111 860.59 1048.76 44.55 24.12 0 0.275927 1096.15 349.38 33.31 38.88 0 0.275574 555.47 901.54 36.10 46.71 1 0.273384 1655.76 466.09 32.61 53.69 0 0.265195 1566.42 554.12 31.79 49.75 0 0.263110 559.13 923.41 33.35 53.78 0 0.262970 798.46 312.59 39.65 25.88 0 0.262403 564.98 715.90 32.42 47.06 1 0.261047 900.54 311.57 60.05 28.22 0 0.258619 1232.63 1045.79 48.05 22.76 0
202,0.498110 983.87 542.18 33.32 49.06 0 0.455466 971.28 433.67 30.86 33.98 0 0.419548 986.35 598.16 37.06 60.39 0 0.375940 979.36 480.12 31.24 44.85 0 0.342878 987.95 755.25 33.79 66.62 0 0.272616 989.28 744.37 34.83 69.57 0 0.259379 992.09 542.96 29.75 50.84 0 0.253520 992.70 755.98 34.63 61.15 0
203,0.661256 0.78 508.09 197.26 86.45 0
204,0.752697 719.00 248.56 30.08 45.93 0 0.735432 643.36 373.52 28.08 42.62 0 0.727027 481.86 620.69 32.12 51.11 0 0.726012 686.53 461.40 31.73 46.79 0 0.710501 379.05 624.77 36.12 50.00 0 0.708701 715.27 463.23 32.11 48.21 0 0.700608 746.77 466.08 31.47 46.64 0 0.665043 590.53 322.24 30.98 43.60 0 0.660251 473.38 364.59 31.55 43.77 0 0.655517 639.64 246.81 28.90 45.09 0 0.654380 768.17 145.07 27.94 44.28 0 0.651514 629.90 460.24 25.00 45.43 0 0.644628 691.24 244.00 31.34 46.62 0 0.641195 570.76 136.88 29.40 41.95 0 0.640209 666.11 140.75 28.65 44.79 0 0.639804 553.66 510.33 34.26 52.57 0 0.638374 713.71 613.19 31.06 53.61 0 0.637342 336.32 503.22 34.29 53.28 0 0.632003 509.29 322.66 27.50 41.22 0 0.624957 652.07 321.09 28.19 43.84 0 0.617989 527.92 364.80 29.93 46.12 0 0.617745 647.54 616.88 31.16 50.00 0 0.614291 523.61 515.82 31.79 49.63 0 0.605186 763.65 326.70 30.92 43.02 0 0.599758 618.38 514.16 33.14 46.79 0 0.599171 615.83 373.03 30.57 44.17 0 0.595955 501.43 243.99 33.39 42.92 0 0.589678 1650.17 843.95 59.27 57.64 0 0.588954 778.38 611.41 34.09 52.82 0 0.588479 547.38 617.94 34.41 53.13 0 0.588466 1552.14 984.61 37.29 51.70 0 0.588241 539.00 319.88 29.44 42.90 0 0.586639 1399.97 57.53 21.07 29.19 0 0.577240 617.80 140.93 28.73 39.51 0 0.575038 472.42 244.88 36.33 43.05 0 0.574058 209.17 508.49 36.10 46.03 0 0.573731 678.45 323.92 27.81 42.69 0 0.572792 655.50 458.65 27.35 45.50 0 0.571308 772.35 251.65 29.16 44.39 0 0.570836 733.94 330.97 25.46 36.17 0 0.570602 515.40 620.52 30.81 53.40 0 0.570201 1672.88 36.20 25.35 25.30 0 0.567423 257.76 403.89 34.40 43.93 0 0.559947 1652.25 34.75 22.91 25.46 0 0.556490 231.94 455.57 37.03 47.28 0 0.547819 1704.07 706.23 57.53 29.12 0 0.546272 1606.46 994.50 47.92 71.10 0 0.544394 677.83 611.51 30.85 56.82 0 0.542064 759.44 364.97 32.26 59.88 0 0.541406 493.82 132.51 31.70 43.60 0 0.536508 1486.08 459.10 33.42 38.52 0 0.535562 555.73 246.56 30.95 43.13 0 0.534343 1344.98 0.00 21.52 31.10 0 0.533198 280.64 342.96 38.71 45.73 0 0.533021 1770.44 824.30 67.02 31.47 0 0.524339 345.43 622.53 36.96 54.58 0 0.522916 532.51 457.02 33.19 45.65 0 0.517561 1146.32 151.59 53.70 22.93 0 0.517064 1339.96 422.96 38.05 53.22 0 0.517063 1500.94 508.48 38.81 46.10 0 0.515060 1391.20 10.97 21.30 34.00 0 0.513604 1094.86 665.28 82.98 42.11 1 0.509423 701.15 372.05 28.08 47.35 0 0.506526 1467.75 367.15 30.74 34.93 0 0.502589 1439.49 241.19 28.09 35.97 0 0.502152 371.33 503.77 32.99 51.24 0 0.497694 1726.20 43.87 27.31 22.35 0 0.495274 567.44 208.44 28.89 31.98 0 0.492034 1458.63 327.21 32.55 38.04 0 0.490360 1604.18 34.73 22.63 24.24 0 0.486843 1688.59 703.73 53.16 32.98 0 0.485934 1767.37 709.59 48.55 25.11 0 0.482783 339.04 210.58 35.61 40.22 0 0.482545 1478.37 413.16 33.28 38.90 0 0.479230 1784.19 52.35 24.18 25.89 0 0.479028 1504.44 1018.07 32.07 47.33 0 0.476657 535.01 323.79 29.43 39.80 0 0.476133 1323.88 316.46 29.07 48.76 0 0.472353 302.20 305.88 35.31 36.26 0 0.471609 1154.08 151.12 60.42 26.39 0 0.469076 613.67 245.14 27.01 42.29 0 0.467882 1716.93 88.19 31.23 15.67 0 0.467872 560.63 508.59 31.01 54.35 0 0.460945 1000.05 671.72 71.93 31.53 0 0.454029 773.05 613.50 34.70 52.72 0 0.448169 769.89 126.96 32.23 35.96 0 0.446907 431.02 378.98 37.82 37.41 0 0.440354 1666.22 432.90 30.20 40.00 0 0.439123 1588.43 34.21 25.01 22.84 0 0.435852 384.33 619.07 34.15 53.63 0 0.434305 323.05 255.88 32.48 39.21 0 0.430943 1660.95 430.41 31.81 41.46 0 0.430549 1701.24 42.89 30.48 21.97 0 0.429318 1442.21 129.56 28.24 34.67 0 0.422864 360.31 166.54 35.78 36.12 0 0.421521 735.21 372.85 31.66 49.82 0 0.420718 815.58 142.07 30.73 59.35 0 0.417468 1416.63 122.97 30.18 31.98 0 0.414560 616.90 215.95 27.54 33.81 0 0.411168 1424.84 25.86 23.94 33.64 0 0.410173 1860.74 380.12 41.63 22.38 0 0.405549 1447.99 285.20 29.26 36.13 0 0.395385 719.73 375.37 31.62 48.05 0 0.392399 1892.63 132.73 26.75 31.60 0 0.386511 1347.36 481.26 32.78 54.25 0 0.385422 726.64 375.81 30.72 49.15 0 0.384367 414.80 39.26 28.93 39.22 0 0.382561 626.96 678.92 14.56 22.96 3 0.372449 499.76 250.57 31.88 41.90 0 0.368696 1807.15 53.30 25.80 26.34 0 0.366945 1452.13 283.79 28.28 34.73 0 0.366509 1623.93 32.68 24.29 25.24 0 0.366176 418.71 36.86 28.92 39.84 0 0.364135 1090.13 149.33 43.15 23.09 0 0.360552 336.11 214.73 35.89 41.15 0 0.358763 1735.68 706.99 49.67 27.54 0 0.350311 816.12 86.63 30.85 30.57 0 0.348830 699.69 326.01 28.22 41.75 0 0.340408 601.99 678.74 20.39 23.50 3 0.338010 1786.42 829.25 63.73 29.13 0 0.334421 1090.94 142.32 40.45 26.05 0 0.331314 1166.43 147.68 55.39 27.73 0 0.328236 560.31 207.48 33.54 31.88 0 0.327832 1.77 725.34 21.43 24.67 3 0.327242 581.55 320.24 33.18 43.22 0 0.325206 703.16 330.54 29.10 37.96 0 0.324743 1429.73 188.27 33.43 39.47 0 0.321880 170.82 570.42 29.57 44.85 0 0.316290 1420.92 57.96 17.94 28.12 0 0.315807 1471.00 214.83 32.74 30.86 0 0.304996 1394.16 23.07 22.16 32.40 0 0.301093 1460.67 331.28 33.07 43.91 0 0.297010 977.52 141.15 48.10 24.90 0 0.295047 976.13 145.24 53.88 25.59 0 0.292250 1698.92 1001.31 28.57 19.59 3 0.287537 1431.38 182.60 34.72 38.24 0 0.286674 608.88 251.83 30.28 41.52 0 0.285428 427.58 681.58 22.63 24.75 3 0.281864 449.98 321.99 29.92 36.06 0 0.281773 1314.39 240.55 25.12 36.73 0 0.280352 496.68 621.66 36.56 51.47 0 0.277417 662.16 459.34 30.64 45.30 0 0.274692 1394.53 0.00 18.12 26.46 0 0.274514 360.74 504.00 37.54 52.18 0 0.272536 446.83 368.41 37.59 43.17 0 0.271602 489.09 616.26 38.23 53.69 0 0.268205 432.92 367.85 36.81 41.38 0 0.267863 517.84 243.25 32.72 44.39 0 0.267765 1841.34 51.78 23.60 26.34 0 0.265309 282.42 344.77 45.38 48.27 0 0.256927 707.37 325.78 28.19 42.29 0 0.255117 646.86 629.88 27.96 56.13 0 0.253756 364.65 160.90 36.65 39.65 0 0.250312 1641.22 683.66 37.63 29.10 0
205,0.409706 134.17 158.10 26.52 32.17 0 0.319015 132.32 206.54 26.22 39.00 0 0.302277 133.99 173.28 26.51 34.23 0 0.299081 144.77 110.79 24.04 26.43 0 0.285455 145.78 56.18 24.89 33.53 0
206,0.250700 1002.83 487.23 20.66 32.22 0
207,0.396101 3.50 0.00 34.86 45.97 0 0.318993 743.56 46.50 138.85 61.42 1 0.313189 724.89 107.60 129.68 59.76 0 0.270504 1833.75 0.00 56.16 22.61 0 0.269650 53.70 0.73 40.47 26.83 0 0.254758 1.98 11.50 35.49 41.95 0
208,0.509338 693.42 440.61 14.58 22.84 2 0.417534 417.92 624.04 15.40 16.49 2 0.374283 619.32 413.71 12.84 19.60 2 0.371773 854.98 108.47 34.02 13.82 0 0.322697 418.92 618.73 13.76 18.23 2 0.283439 1057.73 427.46 13.98 12.22 3 0.280388 975.96 156.70 16.22 20.61 0 0.257821 1095.82 661.19 13.48 16.23 2
209,0.669926 68.50 791.89 36.60 67.75 0 0.642195 1277.38 504.93 26.79 48.27 0 0.622573 491.80 769.40 33.04 62.72 0 0.602301 570.64 780.27 30.37 51.81 0 0.598056 1255.13 610.54 60.65 31.37 0 0.596021 1218.55 511.96 32.91 49.94 0 0.594810 1245.11 513.84 28.29 51.16 0 0.564568 603.70 772.81 32.67 56.23 0 0.555548 1072.72 388.47 24.28 39.26 0 0.552696 1027.78 501.72 34.42 47.42 0 0.536553 1012.67 441.15 26.19 43.42 0 0.515278 818.88 816.76 60.15 32.09 0 0.482997 438.21 785.96 32.71 55.68 0 0.476123 1552.35 534.73 35.41 26.25 0 0.466807 611.98 321.14 50.03 23.22 0 0.462589 1099.90 385.35 27.63 39.95 0 0.435604 1875.68 51.76 25.23 29.92 0 0.419921 441.24 773.37 34.64 66.35 0 0.419608 1450.09 700.46 29.91 56.27 0 0.402629 1067.55 520.05 29.16 46.96 0 0.363955 485.20 769.16 35.89 67.02 0 0.361786 1568.87 540.22 36.64 29.76 0 0.357712 1900.66 46.12 17.92 34.52 0 0.345259 80.04 954.96 60.69 27.20 0 0.326112 1021.77 352.20 46.32 20.64 0 0.325489 251.74 535.30 28.73 47.37 0 0.320625 1442.21 696.36 34.67 58.04 0 0.314373 315.23 318.03 37.67 39.14 0 0.308788 971.59 392.15 29.98 37.16 0 0.274521 884.13 786.50 32.00 40.83 0 0.270055 1123.74 517.69 34.31 49.44 0 0.268892 1444.93 858.04 21.35 33.28 0 0.251588 646.56 290.81 36.23 27.13 0
210,0.777064 666.93 267.39 32.48 53.97 0 0.740514 912.28 176.85 27.71 51.69 0 0.738271 881.43 177.24 27.68 48.30 0 0.727231 697.46 264.55 31.45 55.23 0 0.723141 1075.99 235.42 31.31 55.18 0 0.722828 795.03 262.85 29.15 53.55 0 0.718106 889.46 251.88 29.31 55.34 0 0.712686 710.74 404.96 32.04 56.69 0 0.710219 760.71 262.83 32.68 53.20 0 0.702327 638.82 270.12 28.97 55.60 0 0.699061 998.36 388.09 29.64 52.26 0 0.696244 641.46 416.18 33.39 61.36 0 0.691489 738.70 400.79 32.84 57.27 0 0.690049 1127.99 601.76 30.82 63.87 0 0.686874 1030.38 384.89 31.50 53.65 0 0.686818 952.34 248.45 27.92 57.48 0 0.686675 1005.41 169.65 26.13 48.41 0 0.683812 620.07 500.88 31.46 56.82 0 0.680368 1096.08 385.47 29.01 52.97 0 0.668742 574.48 278.32 30.95 58.55 0 0.663891 835.42 398.60 33.27 59.18 0 0.663810 546.00 424.07 33.72 55.67 0 0.659235 933.99 389.24 31.35 58.58 0 0.658741 772.96 405.64 29.83 55.52 0 0.658130 676.97 409.88 31.47 63.51 0 0.648248 966.68 388.89 29.06 61.27 0 0.642703 786.74 195.35 30.68 52.00 0 0.641571 581.22 420.53 29.36 58.26 0 0.636116 1036.98 168.30 26.40 49.18 0 0.630610 856.17 249.60 30.44 56.21 0 0.625782 543.54 281.06 32.68 55.57 0 0.625197 609.16 271.46 27.73 61.68 0 0.621840 807.07 404.27 31.93 52.60 0 0.620306 613.97 418.15 28.76 58.06 0 0.612054 548.69 496.85 31.39 57.51 0 0.608346 1046.30 235.65 29.83 48.97 0 0.584509 1837.91 344.04 36.97 58.75 0 0.581450 603.86 206.38 27.36 52.85 0 0.567387 1173.30 687.32 31.60 62.34 0 0.567106 1013.05 238.91 27.29 51.93 0 0.558427 1296.57 55.74 15.98 25.56 3 0.554672 1869.08 487.15 39.26 63.14 0 0.548680 1161.57 595.18 32.99 66.58 0 0.544876 1810.16 196.37 37.39 64.05 0 0.538827 1062.40 607.32 30.71 64.77 0 0.535579 1849.87 411.63 37.33 62.54 0 0.534364 732.01 261.51 29.18 52.22 0 0.528616 942.84 178.37 27.31 55.50 0 0.526448 1251.86 56.27 13.47 24.87 3 0.526053 725.86 193.04 28.52 51.98 0 0.524481 819.99 195.66 25.91 47.40 0 0.520299 582.29 494.62 30.42 57.65 0 0.518040 756.59 191.57 27.37 51.06 0 0.517705 535.69 209.85 30.53 54.49 0 0.508888 1108.17 233.53 30.25 52.31 0 0.505396 873.24 394.76 30.80 63.09 0 0.504934 822.42 261.66 27.52 52.81 0 0.502700 1064.00 385.36 28.37 56.84 0 0.489581 630.56 207.50 28.00 49.73 0 0.481503 1068.26 171.61 27.24 48.69 0 0.478740 826.20 260.13 28.59 52.47 0 0.477144 923.22 249.06 28.93 58.92 0 0.468933 974.90 182.68 25.81 51.52 0 0.449967 1774.90 62.98 36.59 52.24 0 0.448695 571.48 285.18 30.44 56.13 0 0.444521 846.05 192.68 27.95 48.59 0 0.428754 1833.39 340.94 34.80 59.04 0 0.402964 1280.82 55.57 14.20 25.89 3 0.394669 720.16 107.26 15.02 21.76 3 0.367780 703.77 105.63 14.46 22.77 3 0.342723 829.00 253.83 28.36 54.06 0 0.339516 1300.50 221.79 32.35 77.51 1 0.307578 726.67 262.98 30.35 52.83 0 0.290867 584.31 500.45 31.94 61.18 0 0.289555 1065.09 616.87 31.31 64.71 0 0.289180 856.07 260.84 29.03 54.99 0 0.279528 576.50 208.64 28.28 51.50 0 0.272617 1780.53 71.26 31.04 55.37 0 0.260998 949.11 182.53 27.40 50.37 0 0.254707 674.50 105.66 15.66 23.13 3
211,0.505061 1116.59 0.00 74.63 132.28 0 0.490337 17.24 873.97 181.15 108.86 0 0.455940 610.38 487.45 46.46 75.18 3 0.366272 528.17 367.05 60.01 36.21 3 0.287919 1074.53 191.22 25.86 66.19 3 0.265431 1073.67 208.41 24.61 53.75 3
212,0.680513 209.89 480.31 58.99 65.55 0 0.655171 277.86 400.39 54.37 64.13 0 0.641886 593.91 21.06 34.26 37.53 0 0.634575 381.81 281.80 42.08 50.40 0 0.629225 432.16 592.95 53.26 63.11 0 0.613322 459.86 179.68 44.96 45.93 0 0.608183 484.53 513.09 50.41 64.87 0 0.605951 527.09 439.27 49.45 59.73 0 0.602950 542.05 90.56 33.77 37.24 0 0.565374 570.19 373.50 45.74 55.06 0 0.564506 799.87 12.30 24.27 35.09 0 0.538085 701.04 164.92 31.48 38.05 0 0.527984 750.65 86.14 30.52 33.10 0 0.420900 563.79 55.07 27.37 30.52 0 0.378444 635.02 256.12 35.68 58.03 1
213,0.490241 1328.65 907.34 30.39 16.80 0 0.480697 1382.69 999.32 32.86 16.17 0 0.465405 1347.71 946.34 31.55 18.34 0 0.423225 1353.33 950.82 31.66 17.44 0 0.386933 1374.47 976.74 31.68 16.01 0 0.385580 1378.12 981.06 33.80 20.01 0 0.381999 1333.96 881.26 30.10 16.14 0 0.358097 1166.32 855.86 26.14 19.62 0 0.354807 1187.84 931.79 37.93 22.60 0 0.343912 1292.53 1044.12 23.13 31.18 0 0.321615 1237.20 897.47 26.46 21.40 0 0.304545 1331.49 909.90 31.66 18.42 0 0.304420 1267.45 1001.64 28.10 25.65 0 0.293245 1191.94 903.68 26.90 16.72 0 0.263144 1442.94 928.51 21.55 17.46 0 0.261689 1158.33 571.82 15.90 11.19 0 0.257648 1184.51 928.09 36.28 23.17 0
214,0.689315 181.96 170.24 51.59 61.45 0 0.615353 295.67 170.95 54.51 60.69 0 0.613084 132.77 168.76 53.80 57.52 0 0.607857 635.64 100.05 38.72 29.07 3 0.598303 604.55 40.23 77.55 43.85 0 0.592051 614.79 523.10 65.36 107.50 0 0.591222 638.52 459.12 43.52 33.21 3 0.585151 15.12 166.42 82.15 68.21 0 0.572988 907.88 47.56 42.78 49.68 0 0.548459 644.17 448.62 40.90 30.80 3 0.536405 240.80 167.93 50.72 62.21 0 0.534349 620.39 153.76 23.68 23.91 3 0.481247 1090.30 801.08 36.20 25.34 3 0.477531 1034.49 708.54 59.50 39.07 3 0.477152 684.67 769.07 51.21 35.30 3 0.470816 617.78 6.48 70.80 35.73 0 0.431621 617.68 131.66 26.70 29.97 3 0.415436 1803.23 835.54 96.74 60.49 0 0.412437 621.00 99.75 44.55 29.78 3 0.411988 637.83 144.96 26.31 29.88 3 0.400294 1073.27 767.03 45.73 32.37 3 0.382998 626.55 1.51 64.11 32.72 0 0.373856 1040.88 745.43 61.57 37.50 3 0.362696 633.86 0.00 61.25 23.82 0 0.356219 1049.51 754.99 66.58 37.18 3 0.345583 639.34 135.71 27.30 30.07 3 0.343451 891.27 226.00 21.23 25.28 3 0.341997 1038.90 727.33 56.79 38.15 3 0.331800 1082.71 775.56 42.32 30.43 3 0.321510 1059.95 759.05 67.88 35.78 3 0.319390 1034.06 743.66 55.56 32.66 3 0.293999 635.52 485.96 45.89 34.18 3 0.290736 651.53 445.88 37.53 30.37 3 0.272398 1031.57 699.09 59.78 38.09 3 0.272042 665.02 138.10 38.43 30.66 3
215,0.250558 1636.50 569.31 19.49 19.87 0
216,0.467335 959.78 518.20 30.11 52.19 0 0.428896 932.76 324.69 25.37 27.92 0 0.427181 962.74 511.23 30.89 53.97 0 0.346672 956.36 412.88 29.00 38.74 0 0.313394 922.80 271.80 28.43 24.81 0 0.310711 951.33 365.64 23.76 30.26 0 0.307341 915.85 256.31 29.56 27.69 0 0.297379 267.13 663.59 21.83 18.28 0 0.270288 955.31 425.82 28.44 35.15 0 0.269566 863.53 415.22 17.61 30.51 0 0.258456 928.48 305.34 29.16 22.78 0 0.257730 308.58 632.05 25.24 18.05 0 0.252886 943.76 364.25 24.67 30.81 0
217,0.778337 89.26 39.07 33.58 57.22 0 0.662275 131.62 265.97 34.98 68.48 0 0.652328 27.23 35.23 30.00 56.24 0 0.651214 161.05 265.77 38.32 65.61 0 0.631552 63.41 268.50 38.31 63.50 0 0.602310 125.13 43.32 31.64 55.86 0 0.600857 166.83 352.65 35.71 58.95 0 0.599802 60.45 35.14 31.11 58.65 0 0.573957 892.26 50.51 33.28 70.13 0 0.549750 890.31 208.43 34.37 62.99 0 0.540915 893.51 133.51 31.70 62.04 0 0.494011 0.94 40.49 25.33 53.51 0 0.373079 895.32 301.63 28.03 57.76 0 0.257751 52.10 33.68 31.67 58.21 0
218,0.716715 1064.98 397.85 50.51 74.20 0 0.661350 36.77 178.01 36.33 59.68 0 0.660890 0.37 476.53 38.31 77.87 0 0.655413 57.19 61.20 29.49 47.31 0 0.615528 274.51 306.08 30.75 56.27 0 0.612352 22.03 312.31 33.66 58.80 0 0.603302 276.53 55.78 28.83 47.59 0 0.577352 275.08 176.19 26.61 45.43 0 0.533006 27.02 248.82 24.79 41.96 0 0.521563 274.50 647.87 42.03 71.57 0
219,0.275594 1249.81 956.62 173.55 112.31 0 0.253906 799.65 678.47 194.16 124.17 0
220,0.674480 1665.59 449.16 53.52 24.73 0 0.646616 1452.20 373.48 49.27 27.29 0 0.639271 1468.15 536.78 51.34 29.38 0 0.638318 1448.72 276.04 46.72 22.88 0 0.629628 1610.40 498.22 51.57 26.21 0 0.618863 1618.02 523.74 51.07 27.35 0 0.617752 1640.96 301.43 43.93 24.46 0 0.611152 1565.69 251.73 47.52 22.53 0 0.603849 1452.35 348.41 48.84 24.58 0 0.599485 1449.52 328.16 46.28 22.78 0 0.592398 1642.18 344.02 44.75 23.15 0 0.587757 1612.00 183.84 44.34 22.02 0 0.582888 1459.06 416.73 52.43 27.61 0 0.579418 1467.56 512.85 51.04 26.81 0 0.573599 1572.93 274.20 46.85 22.54 0 0.568288 1650.47 377.87 49.21 23.64 0 0.554788 1574.23 299.74 47.99 21.25 0 0.551305 1580.93 351.46 53.92 23.16 0 0.546067 1465.28 489.12 50.84 25.72 0 0.542787 1592.40 401.87 51.57 26.26 0 0.542286 1365.33 203.28 47.20 23.10 0 0.541295 1441.90 255.03 46.47 22.40 0 0.539275 1461.06 443.65 49.91 25.33 0 0.536735 1552.43 180.53 48.28 24.93 0 0.532883 1561.16 230.40 44.53 22.99 0 0.524656 1429.62 209.74 48.99 22.64 0 0.523504 1611.12 491.51 53.41 26.10 0 0.522337 1575.10 325.05 50.57 22.39 0 0.521220 1182.34 547.85 55.72 25.97 0 0.520949 1254.55 474.95 55.94 27.63 0 0.517133 1589.52 380.10 51.46 25.04 0 0.514127 1447.93 302.28 46.26 22.72 0 0.512932 1642.22 324.51 45.00 20.82 0 0.511757 1683.33 501.68 51.29 24.94 0 0.503658 1431.40 178.71 45.71 24.75 0 0.490954 1634.35 300.86 46.25 22.05 0 0.489370 1464.84 438.73 49.26 26.19 0 0.488046 1664.81 469.22 55.70 27.31 0 0.487785 1463.58 464.30 47.93 25.23 0 0.485236 1441.78 243.95 48.26 24.02 0 0.484251 1560.40 224.91 47.56 24.03 0 0.483343 1623.82 233.09 46.52 22.94 0 0.473715 1593.84 451.75 54.42 26.72 0 0.470585 1431.04 228.16 49.20 23.75 0 0.467461 1689.31 511.52 48.52 25.90 0 0.464920 1690.97 552.36 55.05 27.04 0 0.460524 1663.12 406.13 47.15 24.18 0 0.458881 1445.22 270.32 50.71 24.31 0 0.448655 1629.56 741.87 81.62 34.20 1 0.448055 1263.50 553.15 55.14 26.69 0 0.435701 1593.33 424.39 51.73 27.31 0 0.434896 1465.64 485.02 53.00 25.21 0 0.422875 1624.66 563.14 52.99 30.56 0 0.421205 1629.66 577.28 53.55 26.94 0 0.414822 1579.01 303.58 46.98 20.92 0 0.412575 1368.20 177.73 48.33 23.62 0 0.410942 1690.12 548.25 51.35 26.87 0 0.403151 1556.00 206.15 47.06 24.05 0 0.402970 1667.98 415.35 48.39 23.87 0 0.393758 1578.72 328.75 47.50 21.17 0 0.389283 1624.85 236.19 48.19 24.47 0 0.377883 1618.37 543.93 51.77 28.21 0 0.368477 1261.33 544.53 57.65 28.65 0 0.352751 1565.66 246.04 48.47 23.00 0 0.333062 1445.70 320.46 50.58 24.38 0 0.322575 1631.84 244.43 41.69 22.72 0 0.306924 1545.05 180.49 48.65 23.37 0 0.301961 1369.14 165.00 46.27 25.01 0 0.299210 1256.09 479.83 54.91 27.58 0 0.292578 1432.97 235.89 47.91 24.41 0 0.291871 1646.18 352.21 49.20 22.19 0 0.289672 1685.03 507.94 53.67 25.46 0 0.286477 1615.35 518.34 53.56 26.23 0 0.279620 1584.96 374.04 57.13 22.61 0 0.278768 1619.87 738.78 85.83 33.78 1 0.276140 1569.31 320.02 49.32 22.40 0 0.272182 1621.92 554.18 55.32 28.16 0 0.264734 1678.46 488.42 52.59 25.87 0 0.252777 1451.80 351.25 52.00 26.73 0
221,0.766557 1247.83 746.50 27.62 53.56 0 0.747676 1216.24 743.99 27.12 54.39 0 0.702197 1148.19 660.37 28.54 58.65 0 0.699844 1323.40 740.85 27.02 48.63 0 0.688670 1247.73 660.22 25.38 56.90 0 0.685806 1155.28 744.39 24.64 52.22 0 0.685768 1246.90 859.04 29.00 55.04 0 0.685076 360.80 779.41 30.48 56.67 0 0.673568 482.29 588.29 28.67 55.39 0 0.670292 955.73 667.68 30.18 54.48 0 0.666218 1056.58 747.31 26.14 53.61 0 0.656789 1023.91 749.90 26.69 50.20 0 0.649882 1277.53 861.99 25.86 52.78 0 0.645211 404.52 467.23 30.23 52.97 0 0.634868 528.78 461.98 31.50 56.36 0 0.631902 1289.62 745.17 27.72 50.46 0 0.609149 894.59 674.66 27.12 56.22 0 0.608253 422.33 777.96 30.24 53.46 0 0.607090 498.37 467.56 28.98 48.52 0 0.599784 1054.41 668.87 27.09 54.29 0 0.592554 1022.11 673.61 25.78 51.86 0 0.590731 1180.26 662.65 25.79 54.69 0 0.577272 1185.26 744.64 26.45 55.59 0 0.576099 772.34 950.41 48.22 23.65 0 0.574049 1213.24 858.93 28.72 53.83 0 0.570422 1215.06 662.00 26.87 52.04 0 0.565658 1078.78 547.10 25.71 49.94 0 0.556416 620.93 576.28 29.11 61.59 0 0.555842 780.60 1023.42 50.87 25.21 0 0.544709 1092.52 745.86 27.15 57.05 0 0.528751 1117.50 662.19 28.71 56.70 0 0.514369 1267.48 966.23 52.15 26.56 0 0.500896 443.87 590.23 32.17 55.54 0 0.494381 990.96 666.08 28.01 54.08 0 0.487367 925.45 673.44 26.76 52.47 0 0.482042 462.39 461.20 30.23 49.36 0 0.475639 870.37 759.64 29.38 55.98 0 0.466655 323.42 785.85 31.45 56.18 0 0.456228 921.25 376.06 44.30 46.82 0 0.447073 1285.70 1009.52 59.55 26.15 0 0.443687 1131.34 869.00 51.55 27.54 0 0.443267 838.05 771.46 28.04 49.43 0 0.431785 391.62 776.54 28.99 56.02 0 0.430429 915.95 306.48 27.02 48.61 0 0.421707 345.87 345.50 32.56 58.05 0 0.420694 926.41 371.57 41.91 43.11 0 0.414543 915.73 295.02 29.76 37.76 0 0.411938 1284.29 658.37 25.92 48.76 0 0.387101 784.02 987.27 49.17 25.45 0 0.385036 466.73 463.37 31.30 47.41 0 0.382443 1088.80 749.89 26.83 57.27 0 0.377286 1278.61 663.02 25.78 52.03 0 0.351077 440.50 587.70 29.05 54.80 0 0.300185 1113.20 660.56 28.04 57.78 0 0.281372 1208.81 856.34 29.22 53.10 0 0.258523 1154.51 736.76 23.10 54.65 0 0.252878 1074.61 347.28 52.91 54.84 0
222,0.558631 877.45 795.85 45.56 92.24 0 0.415697 951.98 132.61 27.15 22.98 0
223,0.629164 1760.07 384.34 159.93 72.32 0 0.583300 1174.84 415.27 189.75 82.52 0 0.574204 1389.85 403.09 181.63 74.22 0 0.502613 338.53 450.47 214.67 80.58 0 0.497854 947.65 413.49 215.66 85.60 0 0.447013 619.14 408.17 224.45 110.01 1 0.290953 284.49 454.13 257.71 85.98 0 0.266231 623.32 413.84 176.85 101.87 0
224,0.704176 931.79 878.21 31.88 60.99 0 0.701573 1753.20 299.16 29.46 48.45 0 0.696918 1672.20 299.77 31.97 46.68 0 0.670583 1649.75 296.50 30.39 45.67 0 0.660132 1702.27 303.21 28.54 46.58 0 0.653446 1801.24 299.04 31.16 46.46 0 0.633263 1796.82 168.02 25.69 40.95 0 0.628736 1625.36 170.35 22.79 40.61 0 0.622384 1720.43 168.23 25.93 39.59 0 0.608276 1787.11 251.74 30.49 41.30 0 0.602738 1695.69 168.61 26.39 38.86 0 0.601624 1676.66 254.50 30.47 38.46 0 0.597884 1529.98 48.36 22.69 39.60 0 0.596112 1730.82 306.46 28.38 47.18 0 0.595308 1573.61 309.39 29.29 40.89 0 0.593369 1844.37 167.23 25.36 39.36 0 0.592813 1866.36 165.14 26.73 43.36 0 0.574561 1624.54 303.32 32.05 44.92 0 0.570594 1825.96 167.93 24.54 40.20 0 0.568429 1552.67 167.89 23.11 39.73 0 0.559091 1583.19 261.53 25.70 39.66 0 0.553827 1702.76 255.21 30.12 39.02 0 0.552400 1894.49 161.76 23.01 45.00 0 0.550960 1029.60 1046.02 70.95 31.98 0 0.543886 1599.23 309.96 26.52 41.83 0 0.533973 1463.57 55.40 28.23 35.58 0 0.530081 1374.39 262.44 22.32 35.36 1 0.528521 1836.83 304.47 32.14 42.88 0 0.528466 1746.02 167.05 25.77 39.64 0 0.525204 1779.39 251.60 29.37 40.78 0 0.523620 1887.42 254.38 29.64 44.05 0 0.511562 1027.73 520.50 44.39 20.96 0 0.509736 1530.99 264.59 25.98 35.27 0 0.507967 1610.58 261.60 23.23 39.24 0 0.506529 1770.83 165.91 24.95 39.18 0 0.502677 1579.24 168.60 21.61 39.71 0 0.501598 1226.55 1021.41 43.71 22.24 0 0.499667 1486.63 52.10 24.31 35.65 0 0.498996 1552.64 260.89 25.68 36.24 0 0.498937 1898.88 124.03 21.12 38.33 0 0.497094 1725.58 257.29 31.03 38.35 0 0.492403 1867.09 122.14 24.12 36.40 0 0.482669 1526.50 169.55 24.33 38.16 0 0.482499 1814.80 255.64 29.24 39.81 0 0.479202 1602.24 170.83 22.34 40.18 0 0.471121 1775.32 299.62 28.58 44.38 0 0.468176 950.11 357.25 24.14 35.95 0 0.467831 1029.81 833.18 54.18 26.75 0 0.466512 1863.85 254.97 29.95 43.55 0 0.462789 1648.90 168.91 25.31 39.72 0 0.460602 1033.08 445.44 41.22 21.03 0 0.447498 1652.60 255.84 29.39 38.44 0 0.446328 1566.21 308.94 29.44 41.44 0 0.446217 954.06 261.75 20.69 34.73 0 0.443556 1837.95 260.24 28.00 37.64 0 0.442228 1031.13 491.95 42.44 19.59 0 0.439655 1217.45 1019.17 48.86 24.14 0 0.432791 944.34 465.20 22.77 46.42 0 0.428560 955.72 255.62 20.33 38.61 0 0.376843 1895.37 152.47 23.06 49.96 0 0.374307 1757.29 1037.19 27.56 39.15 0 0.351348 1178.48 1047.22 28.85 29.52 0 0.350681 1176.75 989.02 27.01 28.02 0 0.348298 1746.93 256.63 29.25 38.72 0 0.339716 1739.45 261.68 32.24 34.36 0 0.330411 1532.72 260.11 30.20 35.38 0 0.320863 1033.58 470.39 41.35 17.86 0 0.317430 1815.67 297.63 28.42 44.77 0 0.314366 1191.55 1018.81 46.55 22.80 0 0.313032 1868.30 158.39 26.80 44.18 0 0.287529 1748.78 163.73 27.31 38.15 0 0.287480 956.04 161.53 21.51 42.82 0 0.286526 1520.88 170.30 26.41 37.90 0 0.282078 957.57 151.19 21.41 44.10 0 0.281675 1688.50 168.62 26.80 39.89 0 0.253494 1578.93 1051.96 28.55 28.04 0 0.251262 959.84 96.04 18.91 32.00 0 0.250690 1027.36 841.40 55.26 27.18 0
225,0.839023 681.93 370.55 78.36 163.56 1 0.635884 443.20 812.38 34.44 63.04 0 0.630483 987.63 401.56 31.41 57.21 0 0.606726 1020.89 740.05 34.19 59.75 0 0.603627 1169.17 418.74 28.53 49.83 0 0.598187 989.18 738.33 32.44 62.19 0 0.584945 295.64 809.78 38.80 60.01 0 0.573990 806.33 197.06 28.65 50.59 0 0.552252 838.62 196.22 30.05 53.58 0 0.548548 835.29 249.45 30.27 45.46 0 0.535468 1107.78 426.61 30.49 44.77 0 0.534132 676.29 706.77 54.64 26.92 0 0.522259 295.51 688.46 52.02 31.95 0 0.510138 837.53 261.17 28.43 45.67 0 0.500973 1022.78 406.62 32.69 53.58 0 0.494729 743.37 261.22 28.45 50.07 0 0.489692 591.56 710.22 56.17 28.21 0 0.483970 1198.59 420.22 27.99 52.46 0 0.476755 1174.55 651.31 54.82 33.55 0 0.473797 27.55 926.75 33.79 59.55 0 0.473759 744.62 195.75 29.72 53.38 0 0.469461 295.99 554.17 64.89 27.77 0 0.463864 0.00 903.91 24.08 59.83 0 0.459928 448.84 690.78 60.25 31.04 0 0.458596 774.44 264.13 27.53 43.44 0 0.454491 308.57 686.90 53.64 33.22 0 0.442697 1050.52 742.37 37.79 59.58 0 0.436475 695.50 359.45 60.34 151.66 1 0.433111 530.81 699.72 46.61 27.73 0 0.429085 61.40 785.19 34.26 43.65 0 0.417734 643.47 170.34 22.40 36.06 0 0.415743 117.05 601.05 55.38 25.47 0 0.390999 326.96 813.89 34.79 57.99 0 0.376737 1195.37 648.91 49.12 37.51 0 0.372187 635.85 351.96 52.13 30.35 0 0.368976 63.62 776.30 33.00 47.78 0 0.365484 742.71 211.19 30.52 48.34 0 0.351480 0.99 895.06 25.91 65.34 0 0.337380 139.64 678.33 44.54 26.12 0 0.330142 745.27 237.36 28.29 40.78 0 0.319733 296.67 692.23 54.87 34.56 0 0.319005 489.57 695.72 39.15 28.74 0 0.315233 778.63 197.19 29.56 53.11 0 0.302390 776.02 207.39 28.44 48.77 0 0.301993 95.15 769.08 31.17 44.96 0 0.295725 116.21 596.67 50.78 25.62 0 0.283643 25.55 607.99 21.30 19.80 3 0.281283 1112.15 421.11 32.46 49.22 0 0.280179 472.44 691.67 54.33 29.96 0 0.275387 181.81 681.55 28.37 26.60 0 0.266238 0.00 911.25 31.05 59.09 0 0.256893 0.05 682.35 18.26 37.98 0 0.254144 1168.62 372.33 34.40 22.47 0 0.254003 282.46 556.29 68.69 25.35 0 0.251153 1666.48 313.37 33.57 25.97 0
226,0.666527 920.67 534.01 57.26 25.10 0 0.660181 995.44 539.05 52.28 23.65 0 0.656489 722.60 519.11 54.69 24.87 0 0.590621 1333.40 563.99 55.41 22.81 0 0.580540 1264.80 562.26 56.44 23.40 0 0.545625 1129.80 546.11 47.99 23.71 0 0.538710 1058.53 543.74 51.41 22.91 0 0.459400 847.87 533.96 53.62 23.47 0 0.440358 1191.02 554.13 60.64 25.46 0 0.282426 1255.27 556.06 49.40 24.83 0 0.270841 609.52 517.66 36.16 17.36 0
227,0.636150 980.62 138.38 29.52 50.76 0 0.359937 1050.63 232.07 36.34 33.70 0 0.279357 714.41 578.35 32.82 28.34 0
228,0.531808 1340.53 465.86 230.52 92.21 0 0.463963 500.31 388.36 317.98 185.78 1 0.436640 984.14 437.16 289.28 117.42 0 0.425717 948.10 449.95 284.93 108.60 0 0.390348 465.54 396.27 300.57 160.87 1 0.353257 52.84 445.14 326.73 110.69 0 0.290887 2.38 443.70 334.16 121.15 0 0.284606 1693.82 464.14 218.09 86.73 0
229,0.485215 783.39 682.43 41.09 25.70 0 0.411386 52.25 737.27 39.10 23.74 0 0.370616 59.00 732.32 42.55 24.68 0 0.360378 630.40 762.19 42.11 25.22 0 0.346535 961.35 467.91 30.52 23.50 0 0.343284 1046.65 389.37 27.90 32.13 0 0.337023 926.22 505.74 36.82 25.83 0 0.321759 1579.65 245.25 23.90 23.54 0 0.311578 815.46 662.94 42.13 26.27 0 0.309346 739.07 709.89 34.38 25.60 0 0.301542 1400.54 1038.97 37.18 36.01 0 0.294959 890.49 534.32 22.64 22.88 0 0.293711 672.19 740.06 39.64 27.33 0 0.291021 1028.99 424.62 23.40 21.06 0 0.275348 1468.79 469.67 28.00 17.57 0 0.270332 825.80 655.63 40.60 26.51 0
230,0.391697 922.62 472.75 35.76 15.03 0 0.352363 1004.32 453.02 30.48 17.03 0 0.292367 919.03 474.65 33.72 15.01 0
231,0.720094 590.86 473.27 113.27 54.27 0 0.710919 594.13 117.67 116.80 56.20 0 0.697469 596.43 76.94 110.61 55.18 0 0.696111 1047.35 496.51 108.39 54.60 0 0.693496 895.58 327.55 106.02 50.15 0 0.690269 877.42 272.03 121.41 57.32 0 0.660972 128.22 708.15 101.02 51.20 0 0.658098 587.60 293.59 120.02 55.60 0 0.651186 887.29 102.99 105.79 51.59 0 0.646460 888.96 453.45 114.77 52.11 0 0.632642 1030.38 144.41 104.62 49.79 0 0.631685 885.56 390.91 110.05 53.59 0 0.631337 579.98 352.81 122.64 54.55 0 0.629488 930.90 627.51 107.16 58.94 0 0.629025 1019.13 199.32 108.07 60.43 0 0.628863 876.99 44.13 106.32 53.20 0 0.627425 935.26 843.77 111.43 60.99 0 0.624609 1023.33 90.36 113.46 57.47 0 0.623221 878.14 151.76 111.13 58.84 0 0.620972 873.42 216.29 121.72 54.26 0 0.620412 92.18 835.96 133.51 61.82 0 0.612323 580.31 660.39 125.01 59.21 0 0.610358 899.58 514.22 107.59 59.04 0 0.605568 590.34 234.47 102.80 56.65 0 0.602861 1085.18 693.60 95.92 51.19 0 0.602613 583.05 724.12 119.19 65.49 0 0.596955 1043.68 558.95 100.83 45.90 0 0.588904 874.33 0.00 108.23 42.42 0 0.587877 1033.92 313.09 110.20 56.58 0 0.580622 1063.86 377.34 100.16 51.54 0 0.577615 1064.45 433.70 108.43 58.32 0 0.575257 1073.87 619.82 102.04 56.18 0 0.574177 1030.80 258.57 101.91 48.45 0 0.572296 592.46 592.40 123.42 63.04 0 0.571509 0.00 921.16 39.42 56.47 0 0.569432 921.34 637.51 105.54 52.76 0 0.553186 583.89 178.71 119.35 51.56 0 0.552412 594.51 16.78 105.10 51.53 0 0.546028 919.62 774.29 110.19 57.37 0 0.542922 589.95 530.79 116.90 52.11 0 0.542032 570.71 796.13 116.00 56.99 0 0.536549 931.55 704.77 93.14 50.81 0 0.534606 1270.48 8.75 42.80 26.03 3 0.529725 1073.39 758.57 97.63 53.82 0 0.500066 596.36 227.13 97.66 54.11 0 0.499229 95.05 706.89 43.91 57.83 0 0.487442 1275.07 42.95 44.96 25.96 3 0.486047 105.17 903.26 125.24 65.43 0 0.484694 1088.40 748.32 114.06 62.30 0 0.447853 592.90 92.48 118.05 63.54 0 0.445314 908.97 777.60 108.47 60.47 0 0.440062 944.67 837.40 110.69 60.44 0 0.432810 584.81 6.61 109.42 56.03 0 0.387734 1029.83 246.76 103.92 54.06 0 0.384070 1121.74 612.75 79.05 59.93 0 0.362003 1267.47 0.00 36.88 11.39 3 0.355217 1084.55 610.74 117.41 61.57 0 0.351378 1126.27 750.23 74.86 60.85 0 0.348252 1275.20 74.32 48.98 28.99 3 0.329331 1054.41 561.00 97.44 54.06 0 0.321896 879.40 51.59 109.00 54.03 0 0.313501 95.23 705.73 86.93 56.70 0 0.306237 1026.80 101.81 109.29 60.28 0 0.273859 595.96 54.70 107.36 45.16 0 0.267169 1081.63 372.18 89.95 58.05 0 0.265252 875.99 26.60 108.29 57.09 0 0.263277 900.48 97.12 103.37 55.50 0 0.256955 1053.26 442.17 105.16 55.24 0 0.254771 578.48 0.00 103.87 33.35 0 0.252806 1087.58 683.52 104.39 55.04 0
232,0.768078 499.15 512.90 27.55 47.44 0 0.767214 627.78 395.45 24.28 42.02 0 0.764907 931.89 505.48 24.54 45.71 0 0.755978 845.65 342.83 20.09 40.90 0 0.753956 526.18 513.06 26.80 49.49 0 0.752954 820.86 342.01 20.49 40.03 0 0.745742 815.98 504.47 26.00 48.17 0 0.740849 795.27 340.12 21.44 41.19 0 0.736954 671.79 506.64 26.68 46.29 0 0.735925 820.76 394.45 22.25 46.93 0 0.730790 548.69 348.15 23.01 39.92 0 0.728558 700.76 505.38 25.71 48.38 0 0.719478 597.54 395.62 24.35 43.01 0 0.713713 556.85 510.24 25.57 47.80 0 0.712976 763.00 394.77 24.57 46.59 0 0.712115 767.04 338.54 21.88 38.62 0 0.710555 905.76 504.94 24.93 46.01 0 0.704068 571.54 394.72 23.79 42.15 0 0.703097 736.44 391.11 23.52 46.87 0 0.702235 643.37 506.27 27.27 47.15 0 0.685192 792.35 398.92 23.51 46.97 0 0.677670 523.01 347.82 24.08 40.42 0 0.660803 457.77 571.85 26.32 47.61 0 0.659952 1609.41 500.80 29.65 50.59 0 0.653036 788.72 504.46 23.82 48.08 0 0.650568 929.35 387.89 23.52 46.22 0 0.650044 872.15 336.91 20.86 41.74 0 0.644954 844.48 502.64 26.52 47.37 0 0.644739 656.44 344.05 22.72 40.84 0 0.640002 871.98 388.47 23.24 44.33 0 0.639587 956.92 385.76 22.63 43.92 0 0.636820 429.41 572.80 27.02 46.33 0 0.618801 880.08 690.78 28.81 57.22 0 0.616278 458.75 403.97 26.45 46.37 0 0.615554 981.80 765.23 26.89 55.19 0 0.614668 653.42 393.81 22.96 43.99 0 0.610765 615.22 504.94 25.12 46.94 0 0.609612 632.85 344.70 20.45 40.24 0 0.605777 677.87 395.70 24.83 45.25 0 0.598569 1574.42 393.32 32.67 45.61 0 0.596768 487.19 400.49 25.03 45.64 0 0.592861 1644.92 632.19 31.15 52.91 0 0.586308 583.25 507.02 25.93 47.15 0 0.549926 940.74 691.80 29.26 57.12 0 0.549555 487.84 576.76 27.17 46.70 0 0.549062 974.16 686.70 32.91 60.24 0 0.529507 727.81 507.14 26.43 50.44 0 0.524497 1520.29 193.43 24.18 44.81 0 0.522428 1622.22 561.58 32.56 56.13 0 0.516323 1420.13 185.67 49.33 23.13 0 0.494762 680.04 345.27 22.81 42.27 0 0.489467 1426.87 226.07 45.65 21.33 0 0.456227 439.50 515.98 26.55 44.19 0 0.453215 1418.40 180.68 48.42 22.23 0 0.450397 468.50 513.29 26.41 45.07 0 0.448973 737.76 343.39 21.25 37.87 0 0.444567 1106.84 84.42 29.52 39.21 0 0.443909 710.20 389.48 24.59 47.45 0 0.434423 516.32 400.38 26.35 46.84 0 0.408261 713.36 346.97 22.63 37.63 0 0.407500 877.42 503.84 25.67 47.04 0 0.399649 543.17 400.67 23.87 42.27 0 0.388703 895.26 338.17 20.80 40.10 0 0.383054 630.11 280.75 14.68 17.56 3 0.381034 465.38 351.06 27.28 37.73 0 0.365273 901.62 387.47 24.22 44.86 0 0.351487 461.18 514.48 26.79 44.98 0 0.344963 732.19 504.47 26.56 52.81 0 0.330723 1423.62 199.01 47.04 21.35 0 0.326458 929.33 339.30 21.06 38.66 0 0.324755 491.41 575.41 27.22 43.37 0 0.312904 547.44 399.21 22.99 41.77 0 0.312864 1545.57 296.57 26.58 38.90 0 0.296864 655.10 350.11 20.92 37.09 0 0.295295 870.51 392.66 22.19 44.75 0 0.294864 871.83 505.03 26.71 46.38 0 0.287710 685.80 345.74 24.39 40.35 0 0.285094 903.64 338.38 22.67 39.71 0 0.284680 1548.17 301.09 30.16 34.36 0 0.274437 1545.84 307.25 28.68 33.78 0 0.266272 894.65 388.88 22.55 42.55 0 0.265468 456.81 578.88 25.67 48.56 0 0.263270 1570.67 392.64 29.85 45.20 0 0.254200 1549.00 312.89 27.62 30.47 0 0.253793 1111.61 84.30 30.42 36.93 0 0.251375 735.46 349.82 22.71 39.64 0
233,0.537882 436.77 706.97 20.48 23.26 0 0.516673 404.98 707.39 26.71 21.76 0 0.494529 911.18 568.13 22.26 18.25 0 0.466351 1133.27 637.33 17.85 15.84 0 0.439764 363.63 699.15 25.51 23.44 0 0.430650 487.20 713.71 22.72 21.81 0 0.400148 619.92 663.78 25.77 16.85 0 0.395297 582.75 663.51 23.13 15.01 0 0.372283 1103.28 634.20 17.16 17.92 0 0.368102 499.16 715.89 21.30 21.18 0 0.350536 396.89 619.13 29.01 16.26 0 0.338711 695.31 740.56 18.77 26.37 0 0.331689 939.03 567.18 19.33 17.33 0 0.326277 607.82 736.94 28.88 22.62 0 0.317135 613.98 736.64 29.88 22.97 0 0.315012 697.34 744.99 18.42 25.58 0 0.313696 1033.22 620.84 19.58 21.95 0 0.312478 651.42 662.88 16.95 14.89 0 0.291770 388.37 619.40 30.15 15.53 0 0.287809 748.81 664.14 23.25 17.72 0 0.279995 1146.57 639.01 20.94 14.79 0
234,0.711812 1595.76 384.50 38.05 46.09 0 0.684374 1525.85 408.51 38.33 43.05 0 0.681510 1361.72 336.25 30.99 42.26 0 0.650909 1503.05 469.10 40.77 53.19 0 0.646289 1621.69 433.46 41.07 48.39 0 0.644656 1430.65 501.71 35.58 47.44 0 0.642127 1621.75 382.31 38.73 43.96 0 0.639765 1501.58 412.41 37.64 44.33 0 0.634566 1690.16 360.48 38.84 45.09 0 0.633735 713.80 619.73 29.72 51.08 0 0.632913 1423.32 440.85 37.16 44.37 0 0.624718 1546.65 284.49 34.49 44.68 0 0.623677 1504.24 298.89 37.78 42.81 0 0.617700 1274.39 196.45 29.49 43.22 0 0.613856 1478.50 416.30 37.70 42.45 0 0.610409 1526.38 288.95 37.39 44.00 0 0.609841 1434.78 319.77 33.98 44.12 0 0.609399 1389.45 333.70 29.17 41.55 0 0.603647 1573.90 282.20 36.09 45.00 0 0.602020 1332.91 341.32 30.07 42.44 0 0.600368 1578.78 390.39 39.59 45.89 0 0.582587 1529.71 469.37 36.03 52.50 0 0.579038 1816.98 384.76 41.84 44.01 0 0.578333 1476.37 479.32 36.96 49.32 0 0.576970 874.83 850.50 46.66 26.94 0 0.573637 1456.72 486.25 38.34 49.77 0 0.572369 1603.26 272.64 36.98 42.67 0 0.571144 1664.85 431.15 35.28 44.49 0 0.569182 1740.11 345.70 35.10 44.11 0 0.568772 1575.81 451.86 41.81 47.02 0 0.568168 1404.78 324.13 33.31 44.04 0 0.567961 1670.07 366.27 41.57 44.35 0 0.556448 1475.36 305.64 34.89 42.58 0 0.552169 1393.67 446.78 33.31 45.49 0 0.551271 1557.53 463.31 37.96 50.30 0 0.549188 1402.02 504.80 36.48 48.46 0 0.537469 1619.23 265.81 35.07 41.96 0 0.536208 1718.82 349.21 38.35 43.92 0 0.533089 1544.99 403.50 36.65 44.04 0 0.530491 1668.17 258.66 30.94 39.04 0 0.527432 1218.57 221.55 39.24 36.66 0 0.522567 878.70 876.98 47.74 25.96 0 0.519387 1604.72 436.76 40.68 48.43 0 0.516557 1480.29 475.25 39.85 47.26 0 0.514891 1310.86 346.29 31.32 42.17 0 0.508491 1678.43 204.73 31.25 37.40 0 0.505002 1763.03 404.91 37.44 43.97 0 0.502326 1501.26 301.94 35.70 43.85 0 0.500700 1768.02 341.57 38.66 44.28 0 0.494207 890.07 947.60 54.73 28.90 0 0.492910 1362.40 455.60 37.50 43.80 0 0.491345 1700.83 249.75 33.26 41.20 0 0.486767 1414.34 439.33 38.37 44.11 0 0.485046 742.67 746.84 29.72 56.53 0 0.480619 1571.35 395.96 38.77 46.65 0 0.479887 676.50 440.01 26.30 52.35 0 0.473843 1342.53 460.57 38.24 41.22 0 0.471478 1652.34 369.13 39.14 42.97 0 0.466976 770.67 905.45 32.02 63.06 0 0.465823 1649.55 257.14 36.04 37.83 0 0.461749 1746.87 406.44 39.24 42.57 0 0.461615 667.76 391.76 26.54 48.62 0 0.452774 1644.70 262.29 32.92 38.76 0 0.451720 1205.15 224.81 34.49 35.72 0 0.447471 1649.30 208.63 28.81 32.82 0 0.447158 1181.69 178.33 27.83 30.38 0 0.444986 1383.66 451.88 38.19 42.19 0 0.441052 1549.60 398.49 38.46 45.52 0 0.439169 886.00 909.93 53.24 28.63 0 0.435846 1600.83 378.24 38.78 46.44 0 0.430235 1657.88 431.98 37.05 47.02 0 0.427815 1461.14 419.02 37.06 41.57 0 0.408222 686.66 494.95 29.99 50.05 0 0.407569 1697.61 352.83 39.30 44.85 0 0.404258 1272.33 203.90 30.92 40.58 0 0.402687 1470.62 423.36 36.66 40.10 0 0.401242 1458.80 428.59 40.82 39.12 0 0.395152 1624.62 208.53 26.85 28.58 0 0.392780 1627.25 377.35 38.40 46.47 0 0.390411 1688.15 430.39 31.29 46.91 0 0.381772 1772.84 398.50 37.58 43.38 0 0.380304 1824.28 383.82 41.23 45.02 0 0.377882 1650.13 214.97 30.54 34.27 0 0.376443 1531.39 401.50 38.68 42.95 0 0.367913 1596.24 276.98 34.80 43.77 0 0.365385 442.94 15.01 34.48 60.93 1 0.361642 1365.70 450.28 35.70 43.36 0 0.359206 874.76 831.19 44.04 25.02 0 0.359122 1394.12 328.60 31.27 42.97 0 0.355215 1344.64 468.04 37.04 44.20 0 0.353005 1593.31 442.41 38.40 52.03 0 0.340040 882.09 882.51 49.35 25.77 0 0.325535 1786.95 393.58 35.27 44.23 0 0.323202 1567.78 458.35 39.42 52.08 0 0.322504 776.26 908.83 31.69 63.87 0 0.316834 1644.00 382.24 39.04 41.91 0 0.315740 885.07 900.36 52.16 28.35 0 0.315301 1540.17 283.33 33.87 38.74 0 0.312576 1473.59 299.58 31.63 42.36 0 0.312284 1667.60 373.48 40.30 40.65 0 0.307488 1405.30 449.55 34.37 41.46 0 0.304615 1437.32 496.52 37.44 51.22 0 0.300592 1781.95 398.60 36.67 43.20 0 0.299259 1591.13 391.20 41.54 50.65 0 0.282956 1695.89 253.91 31.00 40.37 0 0.272661 1783.88 338.44 36.07 41.91 0 0.264415 1228.40 215.59 35.87 39.45 0 0.251927 1498.06 419.06 38.06 41.15 0
235,0.353817 1029.52 324.34 33.87 23.08 0 0.351927 925.98 928.41 46.05 85.61 0 0.333619 926.43 921.78 43.33 72.72 0 0.332523 1101.71 121.62 30.93 30.61 0
236,0.564894 0.00 459.28 245.32 111.85 0 0.485390 1152.38 442.66 286.00 107.44 0 0.476672 445.31 439.56 267.60 106.26 0 0.457068 1128.19 435.80 265.35 108.33 0 0.406409 3.15 463.42 288.21 124.89 0 0.270522 1213.69 450.16 221.79 96.13 0 0.260376 1820.37 483.66 99.63 46.21 0
237,0.791984 740.14 824.93 65.86 37.34 0 0.769731 934.57 867.81 76.54 41.29 0 0.739621 764.10 985.18 72.47 39.42 0 0.729377 727.10 710.18 74.15 35.48 0 0.728730 672.22 1006.53 64.91 34.37 0 0.726107 721.63 629.38 65.29 38.39 0 0.715150 699.47 489.79 60.01 34.40 0 0.713067 955.97 994.49 72.36 38.33 0 0.712609 949.14 912.70 70.50 39.69 0 0.693464 663.76 963.86 67.09 38.91 0 0.685596 878.12 497.44 67.43 33.92 0 0.683928 1122.24 344.47 71.13 35.07 0 0.681666 734.34 746.58 65.72 37.05 0 0.677656 641.67 842.54 73.72 40.76 0 0.676475 911.14 675.58 66.83 38.41 0 0.672747 625.92 651.96 57.83 34.11 0 0.669896 631.04 575.75 62.89 34.64 0 0.669147 886.04 529.04 67.93 37.14 0 0.666954 737.70 789.55 66.46 35.71 0 0.666053 693.11 412.49 66.42 37.93 0 0.665730 923.93 796.03 68.92 37.38 0 0.663592 909.25 637.92 67.02 34.39 0 0.660627 755.30 942.18 73.20 39.07 0 0.655389 876.74 386.78 61.37 34.40 0 0.653547 605.87 470.51 61.28 32.36 0 0.648059 744.24 865.96 73.42 40.60 0 0.646662 1213.21 293.37 59.89 33.76 0 0.641078 637.83 806.03 70.66 37.34 0 0.638584 875.30 420.70 64.12 33.75 0 0.634503 721.63 670.61 69.42 32.86 0 0.632596 618.85 613.70 68.36 34.37 0 0.623079 713.41 555.01 64.35 36.14 0 0.622713 923.01 752.31 68.55 36.93 0 0.617495 633.74 541.10 59.54 33.98 0 0.616641 924.10 833.65 74.33 36.04 0 0.614736 749.87 910.22 71.21 34.49 0 0.610928 615.45 503.65 55.84 32.91 0 0.605264 761.26 1033.00 75.05 40.56 0 0.599715 879.95 457.36 63.84 30.90 0 0.595037 961.67 1035.93 68.10 38.59 0 0.591158 893.25 565.08 68.35 36.51 0 0.585578 950.31 955.59 71.25 34.37 0 0.564664 1064.29 1019.80 66.23 35.46 0 0.557628 608.10 435.14 58.93 32.29 0 0.552774 647.75 765.91 64.66 33.99 0 0.543302 1143.08 411.05 63.85 32.84 0 0.540537 691.20 453.60 62.12 32.65 0 0.532698 918.17 715.41 68.00 35.23 0 0.530086 643.18 724.85 64.26 35.70 0 0.528274 635.59 689.99 69.68 32.45 0 0.526218 1114.46 310.71 67.37 32.19 0 0.525849 457.10 204.82 30.92 19.10 3 0.518791 714.95 592.46 71.17 34.25 0 0.502507 1051.13 978.15 68.12 37.80 0 0.500082 1053.36 928.51 66.13 36.19 0 0.499564 739.99 785.26 74.00 35.17 0 0.489554 670.42 167.06 90.97 37.05 1 0.447431 723.33 748.96 73.18 38.90 0 0.442983 682.00 382.17 61.95 33.68 0 0.413040 737.76 779.68 69.56 36.87 0 0.407790 760.00 967.89 72.61 40.42 0 0.404553 628.91 611.37 63.84 34.12 0 0.394932 879.52 512.17 70.87 40.42 0 0.391410 603.67 505.96 62.24 35.02 0 0.390110 763.87 1026.53 78.18 35.10 0 0.375282 1054.55 1024.15 68.36 36.17 0 0.375188 875.47 381.29 63.76 32.49 0 0.374717 1415.75 821.77 59.69 29.49 0 0.372924 639.96 697.15 64.09 36.89 0 0.370088 732.37 725.64 69.07 42.56 0 0.369198 1044.37 1026.73 67.12 35.58 0 0.330120 947.02 906.32 70.75 36.57 0 0.313182 954.41 948.45 69.27 37.99 0 0.308670 666.35 172.42 75.71 39.80 0 0.307661 1141.47 404.80 68.06 34.11 0 0.282753 876.96 447.66 63.79 35.85 0 0.280403 631.09 569.20 63.94 34.32 0 0.277552 759.91 955.75 70.18 35.30 0 0.275404 922.05 774.64 70.21 35.23 0 0.265574 611.80 496.16 59.21 35.53 0 0.263965 739.94 857.47 77.50 40.99 0 0.262020 764.18 977.96 72.49 34.46 0 0.258002 662.72 956.31 66.84 39.49 0
238,0.722189 704.27 376.55 11.36 16.54 2 0.528124 1097.98 63.82 23.89 37.50 0 0.509138 655.57 397.80 10.89 14.69 2 0.500837 609.16 310.87 10.48 15.13 2 0.473592 1068.31 45.91 27.18 39.66 0 0.473352 673.42 342.96 11.06 13.77 2 0.447796 998.76 0.00 28.58 38.03 0 0.383386 558.54 295.09 13.71 20.81 2 0.380207 913.54 63.74 52.48 29.82 0 0.360121 559.14 305.95 13.52 22.27 2 0.340239 1069.54 51.45 26.64 40.56 0 0.328879 1305.12 625.39 36.42 44.41 0 0.279777 693.86 398.51 13.10 18.82 2 0.262620 842.94 330.09 14.70 18.52 2 0.250112 537.49 275.75 14.97 17.08 2
239,0.585588 358.51 513.57 22.58 30.93 0 0.530027 888.55 363.38 46.30 66.15 1 0.511094 400.77 514.84 24.19 30.12 0 0.488030 702.61 556.91 19.88 32.60 0 0.469931 477.62 529.42 22.15 27.94 0 0.464778 316.38 506.62 29.47 28.24 0 0.463848 1074.16 396.12 24.42 26.32 0 0.447721 1203.39 417.02 19.70 19.33 0 0.439030 1149.89 412.88 18.64 22.33 0 0.399095 521.59 447.27 40.38 22.55 0 0.362215 304.26 427.96 23.75 20.74 0 0.358029 602.17 552.86 26.16 29.34 0 0.354464 1184.02 411.54 17.90 24.09 0 0.352420 333.56 401.61 38.77 21.96 0 0.352074 979.89 340.29 23.01 25.37 0 0.344346 387.26 515.48 21.77 30.70 0 0.330420 603.24 544.78 27.02 31.28 0 0.302729 1206.04 403.71 20.48 21.52 0 0.298964 1183.03 404.04 20.73 25.66 0 0.295963 623.64 560.05 21.48 24.51 0 0.281060 476.98 523.43 21.63 29.58 0 0.278981 468.47 444.34 35.32 20.90 0 0.278606 454.66 528.81 22.70 26.93 0
240,0.642191 817.42 211.72 24.64 47.76 0 0.613822 790.81 754.19 33.47 60.01 0 0.461888 798.14 542.02 29.17 48.50 0 0.328606 801.57 536.75 29.89 52.70 0
241,0.610784 1095.61 421.05 187.30 102.42 0 0.546176 1122.45 412.98 159.53 90.16 0 0.543002 1499.58 344.99 153.13 88.65 0 0.536354 578.44 589.77 128.67 142.96 0 0.530615 1865.77 548.62 44.34 50.60 0 0.445342 1366.63 391.45 119.43 73.23 0 0.414734 1495.53 360.36 119.17 74.12 0 0.370418 683.20 584.14 164.30 142.34 0 0.364284 724.23 588.37 120.07 133.12 0 0.338370 597.73 572.99 117.32 108.38 0 0.289594 1150.41 409.45 128.78 75.57 0 0.278823 486.28 511.83 131.68 80.57 0 0.268158 475.35 528.59 146.62 85.44 0 0.252794 442.32 570.20 119.19 93.17 0
242,
243,0.523518 1168.76 349.02 29.29 37.69 0 0.453541 1150.96 188.74 24.83 28.14 0 0.434552 1141.81 143.34 27.00 30.45 0 0.434156 1170.59 267.34 23.51 35.08 0 0.382347 1165.81 221.77 23.89 31.77 0 0.329385 169.53 977.11 52.79 56.08 0 0.304995 1135.11 147.47 29.25 28.98 0 0.286201 1128.42 107.29 23.50 25.07 0 0.266551 1160.55 225.88 25.17 28.18 0 0.254539 1150.22 192.02 23.36 28.71 0 0.250198 1130.68 127.97 26.41 29.39 0
244,0.819162 847.13 899.06 45.95 84.62 1 0.376953 1153.18 418.76 59.48 35.39 0 0.348735 1813.89 348.50 55.14 29.73 0 0.335157 1152.97 419.44 59.24 35.26 1 0.289244 1167.87 369.42 44.36 29.16 0 0.253651 671.06 823.07 42.88 22.84 0
245,0.764034 719.90 451.19 110.32 63.92 0 0.719875 1045.31 437.13 106.90 59.68 0 0.718687 606.30 677.06 125.09 67.59 0 0.718584 575.89 742.29 126.91 61.44 0 0.706167 711.09 504.93 110.85 61.53 0 0.701134 806.38 231.16 107.52 60.87 0 0.698089 744.17 387.09 101.47 60.81 0 0.691656 1002.44 533.66 115.29 67.00 0 0.683018 659.70 556.77 119.46 68.04 0 0.679713 931.76 722.67 115.03 60.27 0 0.668888 1051.69 835.73 112.64 60.29 0 0.665931 757.07 323.92 101.69 64.49 0 0.664246 1039.74 973.47 103.27 61.95 0 0.660539 529.67 867.39 124.97 71.34 0 0.651854 1247.21 298.65 113.55 72.29 0 0.649833 1132.08 656.60 121.76 68.16 0 0.649394 1088.53 319.79 108.11 58.68 0 0.648065 1206.38 415.08 107.85 65.99 0 0.648040 1029.11 487.82 108.41 59.23 0 0.647952 899.49 778.86 121.46 70.68 0 0.644151 1061.48 370.36 109.82 66.76 0 0.641944 882.38 848.42 128.56 66.86 0 0.637163 832.61 171.34 96.59 59.88 0 0.637074 1102.72 257.99 106.12 62.33 0 0.636408 5.78 893.74 111.67 83.42 0 0.632621 646.37 625.36 105.71 58.61 0 0.628718 1120.16 721.79 108.00 55.80 0 0.624463 781.22 277.62 110.42 61.69 0 0.622633 679.23 170.97 80.77 51.08 0 0.621780 1187.80 466.85 104.23 64.12 0 0.620894 998.15 603.81 100.45 56.71 0 0.613175 503.71 931.91 126.63 70.33 0 0.612316 705.39 124.10 93.25 60.87 0 0.611929 1080.18 773.84 110.25 63.30 0 0.607391 714.20 131.71 96.66 59.37 0 0.606683 952.93 664.26 116.34 59.81 0 0.602252 817.10 990.07 139.80 65.99 0 0.597592 927.64 790.34 103.39 63.03 0 0.547659 763.24 336.00 101.17 57.98 0 0.545638 1042.84 430.75 101.00 50.54 0 0.545197 865.87 910.47 104.25 52.48 0 0.543329 638.27 228.65 90.99 54.77 0 0.529829 1194.66 475.11 105.87 63.51 0 0.524695 472.05 1000.94 132.56 64.56 0 0.521750 1034.78 909.02 108.30 57.68 0 0.499394 712.18 183.23 80.39 56.52 0 0.488374 1052.09 911.51 98.93 60.91 0 0.487715 853.90 918.72 114.36 58.88 0 0.482530 843.11 176.74 95.76 61.49 0 0.480056 1025.33 478.45 106.89 59.13 0 0.446746 1061.43 842.40 107.24 65.36 0 0.438157 806.33 1036.40 126.26 43.60 0 0.437355 658.30 237.13 81.13 57.56 0 0.435717 1034.23 884.90 105.83 55.84 0 0.433392 1036.51 894.77 101.27 62.53 0 0.430106 787.88 264.40 112.40 60.50 0 0.426727 646.18 613.68 119.04 57.55 0 0.418747 1007.84 1037.34 121.93 42.66 0 0.418167 651.74 605.91 109.46 53.29 0 0.417156 1077.48 383.44 98.46 56.74 0 0.407826 504.02 923.01 132.59 62.91 0 0.407766 103.67 171.66 83.79 45.59 0 0.397604 698.86 120.56 82.85 50.96 0 0.397263 89.22 170.03 71.41 46.75 0 0.393556 795.11 244.09 105.59 61.53 0 0.389334 733.51 399.01 104.78 56.61 0 0.387655 1056.49 828.44 108.45 56.39 0 0.385410 778.11 274.75 102.02 51.71 0 0.383854 960.73 732.18 92.75 58.17 0 0.373396 1101.40 249.60 95.94 58.86 0 0.371561 1038.37 448.15 109.07 58.44 0 0.370407 1032.16 464.85 107.47 54.28 0 0.362602 1019.88 542.01 106.59 62.45 0 0.359894 950.17 654.45 108.70 61.56 0 0.357442 830.58 161.75 87.70 54.14 0 0.355717 1049.00 410.91 110.11 49.91 0 0.355113 879.82 840.10 116.01 62.41 0 0.354180 1077.72 309.72 109.25 54.00 0 0.352066 1087.56 297.14 109.64 56.80 0 0.351259 89.77 115.86 89.37 42.62 0 0.348572 800.30 287.36 93.52 54.01 0 0.346007 1054.94 364.41 105.02 58.01 0 0.339274 689.21 172.59 101.47 55.31 0 0.336705 1067.74 767.66 104.88 63.56 0 0.336697 87.23 119.88 93.21 52.09 0 0.334896 819.75 972.10 134.70 75.05 0 0.332382 1012.39 609.06 94.53 59.14 0 0.328190 719.26 440.84 101.33 61.26 0 0.322905 1060.96 385.08 102.31 58.56 0 0.322642 705.88 485.78 116.21 65.67 0 0.316153 1188.34 458.27 113.39 58.89 0 0.309855 937.95 702.08 111.41 55.28 0 0.305551 739.94 461.17 98.65 54.12 0 0.303969 820.12 223.40 101.96 57.68 0 0.301197 1038.86 848.00 121.14 64.94 0 0.288708 746.39 370.00 104.96 47.52 0 0.288228 1036.22 864.61 115.82 59.35 0 0.281552 1075.38 758.28 117.36 61.20 0 0.281496 86.83 160.97 82.76 46.87 0 0.278321 759.97 315.03 110.00 60.42 0 0.277398 1131.03 638.15 118.85 60.17 0 0.275924 651.97 564.39 114.57 73.81 0 0.274426 1199.52 408.19 104.84 55.19 0 0.266930 0.00 1035.49 50.11 44.51 0 0.265859 1130.17 701.23 111.78 54.86 0 0.263796 695.36 498.43 116.50 61.86 0 0.258661 1424.57 651.39 53.31 30.07 0 0.255767 904.60 859.24 107.32 64.83 0 0.255687 667.26 177.57 84.38 47.72 0 0.255476 754.28 343.29 100.87 56.04 0 0.252746 690.11 509.32 120.84 61.99 0 0.251048 535.68 858.50 123.54 61.72 0
246,0.752048 367.15 414.62 241.81 118.74 1 0.656674 977.07 427.59 178.93 76.10 0 0.636962 1179.55 410.77 193.65 79.43 0 0.612739 1564.15 388.17 188.41 78.19 0 0.550333 0.00 460.54 290.09 104.90 0 0.544916 1778.34 390.93 141.66 66.13 0 0.425438 716.69 420.42 235.93 96.14 0 0.306664 1363.82 329.59 90.83 43.25 0 0.255850 382.64 399.89 289.79 137.42 1
247,0.483012 15.22 0.00 41.08 61.02 0 0.463922 725.79 152.16 118.19 49.92 0 0.403980 1831.36 0.00 77.56 55.49 0 0.378725 710.42 149.49 128.07 62.04 0 0.350670 37.28 0.00 63.09 60.36 0
248,0.785445 539.78 751.69 161.83 59.02 1 0.783524 580.33 661.34 150.57 58.29 1 0.633099 340.38 151.82 28.36 41.67 0 0.625208 525.33 797.03 164.74 54.11 1 0.593600 282.56 152.60 28.30 39.88 0 0.552786 244.24 155.10 30.07 41.13 0 0.538913 366.65 151.63 27.84 42.57 0 0.514742 977.30 3.11 26.96 34.20 0 0.497477 402.74 175.47 46.92 29.80 0 0.495522 907.73 2.33 22.42 33.75 0 0.489856 857.97 3.43 23.35 38.48 0 0.479084 784.57 5.54 38.02 38.46 0 0.475911 510.78 7.85 28.19 34.32 0 0.450959 734.94 3.41 29.24 37.47 0 0.438731 806.29 4.42 33.21 37.98 0 0.414487 1046.32 898.92 46.36 20.68 0 0.363804 963.36 4.60 24.21 32.36 0 0.356944 935.51 5.17 23.70 31.61 0 0.346907 879.71 3.78 23.98 34.45 0 0.329464 106.36 0.00 43.36 26.23 0 0.323487 535.46 178.47 42.25 22.12 0 0.293126 465.29 707.21 55.69 163.72 1 0.286705 880.21 63.15 40.87 20.99 0 0.271938 714.58 2.29 35.94 37.35 0 0.256641 479.63 0.00 27.01 21.24 0 0.251180 1049.47 900.24 48.50 22.91 0
249,0.646620 965.24 478.40 23.52 45.99 0 0.645786 960.21 737.33 28.87 52.01 0 0.645197 1791.86 7.42 30.59 39.45 0 0.635482 1540.94 51.74 23.03 38.24 0 0.627531 1559.08 47.87 28.28 41.10 0 0.625466 1744.52 10.72 31.62 39.29 0 0.613423 1060.64 752.70 60.07 34.30 0 0.609902 955.27 906.82 30.16 63.27 0 0.594093 1604.37 42.37 26.79 41.39 0 0.592899 1611.47 11.87 25.48 37.54 0 0.592449 1054.53 591.28 52.09 27.73 0 0.581628 1670.78 42.26 26.59 41.03 0 0.581236 1700.39 9.67 33.01 39.46 0 0.562875 1230.54 984.60 70.82 38.54 0 0.559959 1584.64 42.07 25.62 40.96 0 0.540245 1515.77 53.97 25.90 35.23 0 0.527206 1864.49 8.71 32.66 39.33 0 0.521067 1841.84 45.21 30.65 40.51 0 0.514422 1044.53 209.64 42.26 21.44 0 0.511647 1061.23 1019.56 57.58 33.56 0 0.507210 1586.91 15.94 25.34 40.74 0 0.504122 1657.18 12.62 25.82 36.24 0 0.498937 1041.35 443.61 45.47 21.50 0 0.489101 958.37 897.36 27.68 63.20 0 0.488777 1648.10 46.83 24.74 38.10 0 0.487232 1633.24 12.20 26.03 37.03 0 0.484849 1061.67 981.46 57.09 31.42 0 0.484005 1225.35 920.25 58.89 29.00 0 0.482301 1715.92 8.95 31.16 39.17 0 0.480896 1768.98 7.87 27.61 39.12 0 0.475251 1047.46 182.30 38.96 18.74 0 0.473845 1829.15 46.06 30.52 38.25 0 0.460768 968.86 174.27 22.37 37.39 0 0.458503 1049.32 161.66 36.63 19.02 0 0.451992 1583.86 31.25 29.67 47.37 0 0.441784 1055.62 782.46 59.66 28.93 0 0.440679 1626.07 46.68 24.86 39.04 0 0.429011 1066.31 667.18 42.24 29.02 0 0.426365 1066.09 1055.80 61.57 24.20 0 0.419082 1165.65 562.34 33.76 20.17 0 0.409740 1813.67 8.93 29.33 36.82 0 0.401087 1057.35 977.27 56.69 30.29 0 0.399012 714.17 941.78 24.60 50.93 0 0.392229 960.38 609.97 23.41 48.60 0 0.384986 1697.03 35.32 30.55 45.87 0 0.380815 1067.79 778.00 58.82 34.24 0 0.379671 1550.81 29.80 31.05 48.58 0 0.349313 1090.73 700.81 31.09 28.88 0 0.341375 1534.74 18.85 24.69 33.01 0 0.335170 1482.30 18.16 26.70 32.03 0 0.333243 1608.74 28.80 29.11 49.75 0 0.331029 1849.27 9.80 33.10 36.97 0 0.329594 1175.69 593.70 21.57 26.24 0 0.328363 1534.77 23.48 25.69 35.07 0 0.300769 1505.22 17.96 26.95 32.34 0 0.280214 1069.91 734.35 56.02 28.80 0 0.265676 1698.50 19.40 36.18 47.42 0 0.252826 1550.75 16.63 26.52 41.12 0
250,0.743421 1127.34 458.37 28.13 57.05 0 0.738328 788.36 795.94 28.09 51.03 0 0.714111 1081.30 817.41 29.82 62.72 0 0.708761 1267.04 456.79 27.79 51.81 0 0.702667 1095.88 458.05 28.72 55.95 0 0.684927 1158.60 455.90 26.12 58.17 0 0.684333 813.93 478.81 29.53 53.47 0 0.682183 709.30 662.96 58.57 26.46 0 0.673592 998.65 461.46 29.76 59.02 0 0.668121 1153.00 575.39 30.92 54.54 0 0.667783 1033.50 460.88 30.31 61.47 0 0.657833 1120.62 381.73 30.40 55.10 0 0.655214 348.91 179.74 32.55 57.90 0 0.652632 384.71 304.66 30.35 58.25 0 0.648111 1220.88 379.38 29.69 56.73 0 0.636128 426.12 301.20 30.78 56.95 0 0.635467 1230.79 457.13 27.29 56.11 0 0.632367 1218.05 577.05 31.08 52.36 0 0.632062 966.29 468.75 26.23 52.95 0 0.629927 834.36 391.14 32.05 57.85 0 0.627103 861.59 14.94 29.27 57.46 0 0.615899 933.61 382.47 30.06 52.18 0 0.609698 904.67 792.25 26.99 54.37 0 0.600081 1154.23 378.70 29.40 56.52 0 0.598302 329.75 494.79 34.26 51.94 0 0.598290 749.74 797.83 29.65 55.34 0 0.593468 999.36 386.01 28.20 56.08 0 0.591100 266.79 496.47 28.19 54.92 0 0.589556 475.10 174.35 31.88 59.39 0 0.585062 1057.92 381.57 27.82 55.55 0 0.580112 304.03 495.74 33.18 52.51 0 0.573282 1189.64 380.74 27.35 56.33 0 0.564437 408.29 174.90 32.90 56.09 0 0.563659 1191.36 460.54 27.16 56.54 0 0.558471 1043.63 815.51 29.68 58.48 0 0.557880 1091.01 380.61 29.77 56.70 0 0.554453 869.09 386.43 28.88 57.34 0 0.542284 900.99 384.44 28.24 54.81 0 0.534430 716.30 793.11 30.44 52.88 0 0.531855 729.18 738.27 49.76 26.65 0 0.530520 1187.21 576.85 31.14 54.80 0 0.527347 363.49 491.43 33.66 53.11 0 0.522252 964.83 385.38 26.44 53.79 0 0.514248 293.39 55.91 31.55 58.51 0 0.509118 565.15 289.96 30.80 59.58 0 0.508754 341.69 54.62 31.82 58.92 0 0.486609 1229.30 723.69 55.41 28.39 0 0.474303 835.19 794.58 27.49 53.61 0 0.452862 1209.93 682.93 42.95 25.58 0 0.447254 1020.55 262.76 28.87 53.50 0 0.436271 1017.92 58.24 51.08 57.81 0 0.434667 1012.34 801.70 27.65 57.47 0 0.434574 979.80 803.94 27.66 52.06 0 0.423841 780.65 486.51 27.37 48.55 0 0.420561 442.86 178.28 29.05 53.64 0 0.411569 725.67 698.76 51.17 25.94 0 0.383817 347.38 58.32 29.33 54.78 0 0.373466 999.76 378.43 28.89 53.09 0 0.371218 865.23 89.24 47.06 48.20 0 0.362907 675.16 286.91 23.97 42.25 0 0.357335 996.66 578.82 48.31 25.63 0 0.350035 1069.46 581.46 48.91 29.64 0 0.348865 757.10 194.03 27.52 66.73 0 0.343255 872.68 82.98 42.83 46.07 0 0.327067 1011.80 16.11 47.27 41.60 0 0.321903 1088.58 581.17 42.62 31.13 0 0.299576 1234.10 681.64 36.30 24.78 0
251,0.626473 720.03 405.01 66.95 149.56 1 0.623680 469.25 836.34 33.08 60.79 0 0.595997 1128.52 462.33 27.35 46.09 0 0.590438 862.26 311.47 29.65 44.54 0 0.577078 703.68 728.03 57.57 29.17 0 0.576987 41.29 960.69 36.20 59.26 0 0.542113 329.48 711.29 70.10 29.62 0 0.539716 161.87 628.12 55.19 25.27 0 0.538942 324.30 833.93 38.79 58.37 0 0.525282 1045.61 763.29 30.99 47.55 0 0.507143 90.69 800.60 34.11 45.01 0 0.503259 1009.05 440.86 31.82 52.24 0 0.501326 561.26 723.79 49.95 30.93 0 0.500219 1199.39 677.73 56.35 30.01 0 0.492431 259.29 709.89 40.22 25.56 0 0.491517 1078.77 764.92 35.16 46.02 0 0.491157 1181.86 449.50 29.46 52.06 0 0.482045 1240.30 418.47 42.22 28.28 0 0.472807 782.03 256.57 28.65 45.29 0 0.456851 1213.83 454.53 26.86 45.06 0 0.451067 840.86 266.87 23.85 37.14 0 0.450449 690.38 55.97 29.35 40.95 1 0.436702 283.69 637.44 38.16 19.24 0 0.435502 12.92 703.63 43.79 34.03 0 0.425467 1045.23 447.49 28.98 48.74 0 0.423851 779.24 313.92 27.22 44.66 0 0.423738 221.18 705.81 27.09 26.24 0 0.416447 808.89 266.55 26.90 38.91 0 0.408140 36.85 948.58 40.07 58.02 0 0.404723 481.73 713.76 56.62 31.03 0 0.384485 810.61 319.27 25.19 38.27 0 0.371945 124.49 788.03 30.72 46.92 0 0.362871 671.74 397.62 45.66 27.02 0 0.353547 1216.06 615.86 39.42 48.67 0 0.342052 618.12 731.01 55.42 33.64 0 0.336998 210.85 626.63 34.26 26.10 0 0.334081 250.32 634.86 30.84 21.59 0 0.332430 0.90 698.49 33.24 33.92 0 0.312196 148.06 625.87 50.62 25.57 0 0.310379 353.51 835.48 33.96 56.11 0 0.306762 863.79 300.56 30.00 46.72 0 0.304570 5.87 923.57 44.20 55.38 0 0.302815 97.73 781.00 32.67 55.37 0 0.290518 230.63 633.31 34.57 20.99 0 0.289809 519.48 719.76 37.46 29.46 0 0.286781 1013.70 758.05 38.27 47.40 0 0.285609 564.01 639.93 43.51 27.64 0 0.280583 975.39 441.27 29.11 37.65 0 0.279440 513.86 715.96 43.21 29.15 0 0.277584 777.40 264.85 28.39 43.43 0 0.274773 777.34 318.28 27.86 47.83 0 0.273659 286.64 635.20 43.69 19.96 0 0.252135 118.48 784.77 32.42 50.60 0 0.250981 353.20 843.10 29.25 51.95 0
252,0.598257 1099.34 437.51 165.00 93.56 0 0.453719 1073.20 445.98 191.28 99.92 0 0.450322 498.14 539.86 160.77 116.27 0 0.400735 1315.59 436.39 175.93 84.31 0 0.324261 415.41 489.41 172.87 81.33 0 0.302223 1512.22 420.07 126.99 77.57 0 0.296200 405.58 503.62 179.13 94.42 0 0.286111 1670.00 686.33 100.16 68.67 0 0.273487 441.51 479.54 140.90 68.01 0
253,0.673346 574.19 774.37 29.84 51.51 0 0.656119 492.63 767.62 32.35 63.75 0 0.646456 70.82 796.20 34.22 62.29 0 0.592754 1251.17 515.58 25.62 49.57 0 0.591194 1220.88 511.39 30.24 50.96 0 0.578196 441.84 772.92 35.98 67.07 0 0.563120 1256.16 611.59 59.91 31.34 0 0.535561 1278.92 506.39 26.52 47.32 0 0.512140 605.91 773.27 31.51 55.00 0 0.510454 1027.76 505.61 36.05 46.19 0 0.503368 1554.17 538.67 36.52 25.69 0 0.502342 824.69 815.37 62.36 35.24 0 0.493993 1073.65 391.89 24.93 36.00 0 0.470740 1879.28 50.87 24.63 32.97 0 0.439531 82.69 951.75 57.91 28.26 0 0.408760 1023.04 351.67 46.12 21.35 0 0.400629 1447.14 943.01 21.35 33.08 0 0.398191 1364.06 526.48 22.65 31.51 0 0.397704 1277.49 511.87 25.58 48.33 0 0.361009 1452.28 794.33 29.03 53.09 0 0.350362 1069.22 523.11 30.59 41.77 0 0.346788 1067.79 508.46 29.63 47.12 0 0.339029 1014.95 443.94 26.92 39.11 0 0.338286 1102.25 385.53 28.21 38.68 1 0.333649 975.24 392.08 28.11 38.68 0 0.331069 1900.18 47.32 19.18 36.52 0 0.327506 1335.33 523.07 24.18 35.27 0 0.322551 1137.66 861.00 30.60 40.39 0 0.320070 321.16 314.98 34.46 42.89 0 0.294666 1163.64 510.37 31.66 56.42 0 0.273895 1817.99 82.69 32.44 21.20 0 0.271337 1444.29 902.36 22.75 35.85 0 0.270857 1391.01 525.91 22.99 31.05 0 0.250194 1446.71 795.31 30.92 56.14 0
254,0.377542 617.35 542.60 25.57 18.02 0
255,0.669017 522.83 692.79 41.50 45.32 0 0.667914 562.27 953.49 40.71 55.54 0 0.658621 754.89 727.23 45.81 58.87 0 0.644541 446.07 641.00 41.21 53.13 0 0.644425 957.23 602.90 40.91 51.09 0 0.639703 731.04 749.33 38.81 49.19 0 0.637314 587.63 647.98 39.16 45.09 0 0.617669 832.10 414.32 35.33 45.13 0 0.617194 423.55 649.27 37.33 45.96 0 0.614837 523.38 889.26 41.46 52.91 0 0.608828 659.54 531.01 42.06 42.83 0 0.605893 1065.64 822.94 45.86 55.59 0 0.604932 597.97 940.42 38.32 55.88 0 0.592717 926.83 624.38 42.91 49.73 0 0.589273 453.03 633.84 39.17 56.30 0 0.588681 925.37 436.36 37.09 44.59 0 0.587801 660.72 781.61 44.75 54.30 0 0.586049 731.36 562.04 42.19 47.95 0 0.583161 489.02 894.74 43.27 58.51 0 0.582891 468.42 722.33 42.35 49.13 0 0.579924 963.36 602.80 42.14 53.28 0 0.579528 802.23 428.50 35.55 41.71 0 0.578130 607.24 822.14 45.72 54.19 0 0.577272 760.09 542.57 41.81 47.15 0 0.577129 611.28 629.92 45.78 49.75 0 0.576493 574.66 843.79 39.22 45.77 0 0.572607 683.50 488.91 39.27 44.86 0 0.572393 857.61 390.37 36.05 55.07 0 0.570693 861.92 397.30 35.33 49.76 0 0.570027 787.59 529.93 38.46 45.11 0 0.565191 1204.65 845.66 43.30 54.38 0 0.564239 836.39 670.97 42.67 49.36 0 0.561091 1663.47 282.30 45.79 48.59 0 0.558872 1616.96 220.38 43.17 51.56 0 0.557375 780.75 463.98 33.91 43.98 0 0.555593 635.52 805.00 45.35 52.81 0 0.554511 614.13 641.33 43.54 48.13 0 0.553671 666.80 600.03 42.29 46.53 0 0.551387 1708.90 341.33 43.97 51.53 0 0.548993 902.82 633.35 46.64 49.92 0 0.547369 551.97 956.18 40.97 52.52 0 0.540578 565.05 563.02 41.51 51.23 0 0.536451 902.07 642.14 43.77 46.39 0 0.536387 714.02 480.01 40.98 47.86 0 0.533404 362.66 682.16 37.34 56.87 0 0.533031 784.51 715.13 47.42 51.92 0 0.532313 1154.27 772.57 45.09 52.62 0 0.529465 989.30 597.08 42.38 52.78 0 0.529342 640.58 623.50 42.79 44.97 0 0.526054 406.83 756.23 39.06 54.64 0 0.525167 794.95 542.21 40.99 48.30 0 0.522538 520.38 966.34 36.51 42.65 0 0.520278 874.88 475.69 31.00 41.23 0 0.518866 1446.35 0.00 40.00 39.90 0 0.518592 679.66 598.29 43.61 47.69 0 0.517991 717.79 749.27 39.50 47.41 0 0.517901 483.06 892.68 41.06 56.63 0 0.515525 869.43 658.41 45.10 54.67 0 0.513611 560.54 868.02 43.30 46.90 0 0.513364 460.28 634.22 39.47 56.02 0 0.511836 1122.29 787.48 43.24 48.02 0 0.503757 696.87 578.55 41.23 46.80 0 0.501381 742.64 465.13 37.28 46.94 0 0.500056 945.87 612.38 45.71 52.12 0 0.498253 367.32 690.84 40.35 53.47 0 0.493883 731.46 477.44 41.11 44.29 0 0.493674 906.80 469.48 38.57 46.00 0 0.492304 580.67 853.03 45.15 52.23 0 0.492161 547.63 870.61 43.82 50.42 0 0.477226 590.17 841.00 42.56 46.12 0 0.476612 497.02 706.46 41.25 44.25 0 0.474651 757.70 466.44 39.33 44.74 0 0.472413 900.70 456.32 38.25 47.42 0 0.467011 546.48 668.48 45.70 49.60 0 0.466788 425.31 653.05 39.69 51.35 0 0.466638 575.71 651.66 39.50 42.59 0 0.463740 604.82 555.81 44.36 48.54 0 0.461560 715.25 470.93 38.01 40.59 0 0.461449 751.35 471.42 35.74 44.15 0 0.461318 854.35 482.02 39.69 47.21 0 0.461311 627.10 799.06 38.91 49.00 0 0.459908 701.50 766.94 42.87 50.91 0 0.459459 855.19 667.35 47.38 54.24 0 0.458901 545.14 662.63 40.78 44.27 0 0.458656 705.01 577.54 41.66 47.53 0 0.458230 443.93 745.58 42.94 53.43 0 0.457374 805.07 419.84 39.85 47.63 0 0.457211 693.64 770.39 43.74 51.36 0 0.451036 978.30 586.96 39.62 52.06 0 0.449691 846.56 672.02 44.14 56.76 0 0.448468 839.40 489.16 38.15 47.97 0 0.445495 835.07 479.65 34.67 43.62 0 0.445246 539.13 576.60 41.42 50.75 0 0.445112 427.37 741.07 40.82 52.65 0 0.442968 478.40 508.12 20.09 23.35 3 0.440014 653.18 620.92 41.21 44.40 0 0.437780 746.91 728.66 43.54 54.25 0 0.437069 638.54 535.45 43.18 43.68 0 0.432485 600.54 550.18 42.43 49.36 0 0.430557 608.96 542.54 43.76 48.04 0 0.429958 635.59 797.69 43.49 50.92 0 0.424221 1658.83 279.64 44.30 47.62 0 0.421823 793.83 431.21 38.98 40.16 0 0.420746 537.80 881.14 43.65 49.40 0 0.413121 522.14 878.07 43.73 57.23 0 0.410979 490.28 715.51 43.47 48.08 0 0.409059 643.40 607.63 40.06 46.05 0 0.404183 880.72 467.40 35.14 41.94 0 0.397655 558.57 944.21 37.68 56.33 0 0.395246 922.60 631.45 44.73 50.68 0 0.395005 711.93 489.94 40.78 46.27 0 0.392105 453.86 517.01 16.83 20.03 3 0.391967 440.01 647.14 39.53 60.92 0 0.386993 543.98 581.79 42.25 49.88 0 0.386095 1525.26 97.75 45.83 50.04 0 0.374585 793.44 416.14 35.18 42.97 0 0.372276 415.06 756.56 41.60 57.08 0 0.363359 530.85 687.45 40.04 45.62 0 0.361351 665.62 511.58 41.96 38.54 0 0.359363 590.42 637.79 46.81 47.40 0 0.359320 554.64 674.19 46.39 51.55 0 0.355811 1093.46 339.03 32.47 39.47 0 0.355181 930.09 617.32 42.37 49.50 0 0.351957 715.97 568.38 44.76 47.34 0 0.345477 454.69 727.62 44.68 52.33 0 0.342284 438.62 522.56 17.93 23.75 3 0.342073 601.14 945.01 40.06 57.81 0 0.337498 1544.78 90.36 43.76 46.26 0 0.336171 780.45 544.04 43.39 49.94 0 0.334972 652.14 794.27 43.08 59.68 0 0.332222 891.94 635.96 37.59 45.67 0 0.331437 1140.47 756.90 36.00 41.08 0 0.328288 541.19 567.51 46.59 52.22 0 0.325696 576.40 833.75 36.16 49.36 0 0.324601 867.93 472.11 31.29 44.80 0 0.318422 550.87 854.45 43.01 48.07 0 0.316564 838.63 395.04 35.22 45.31 0 0.312219 1530.75 103.27 43.76 49.29 0 0.309807 785.61 523.70 36.50 44.69 0 0.308422 563.08 585.47 38.24 49.94 0 0.302861 1131.40 783.75 46.80 50.07 0 0.302595 473.89 713.91 43.75 49.89 0 0.301954 928.07 440.83 40.84 44.91 0 0.301695 697.39 759.75 39.52 50.95 0 0.300737 1599.59 157.89 37.85 34.64 0 0.298537 524.63 969.55 38.36 51.47 0 0.296779 1004.71 181.56 25.66 28.04 3 0.287207 1125.01 798.14 41.72 48.19 0 0.279155 684.87 777.67 45.76 50.93 0 0.278823 675.96 606.23 43.13 47.12 0 0.277353 915.17 471.29 39.40 42.66 0 0.276871 511.69 965.46 41.12 39.81 0 0.272444 912.32 440.98 37.86 41.33 0 0.269261 985.62 586.36 42.46 55.22 0 0.268652 632.00 541.25 38.15 46.85 0 0.268171 1539.37 103.07 44.83 51.41 0 0.266973 1642.43 137.55 37.95 28.61 0 0.265566 511.29 704.74 39.27 45.98 0 0.258802 644.26 783.14 46.30 47.29 0 0.255441 1074.56 830.78 46.69 52.99 0 0.254767 921.60 427.96 33.40 44.47 0 0.254248 543.58 972.02 35.78 52.02 0 0.252890 630.91 637.08 41.72 46.52 0
256,0.714206 1127.05 649.00 42.88 33.32 3 0.681755 326.76 661.13 28.54 22.66 3 0.681663 170.49 369.76 49.91 52.75 0 0.666338 0.00 917.25 112.34 83.73 0 0.654195 1668.71 584.99 73.56 59.77 0 0.635767 211.86 366.12 56.29 54.39 0 0.632448 346.35 375.75 54.25 49.53 0 0.632074 306.03 489.77 65.45 56.08 0 0.630349 235.83 452.37 52.88 43.69 0 0.624938 275.68 443.59 59.39 51.96 0 0.604631 863.13 774.35 20.91 43.96 3 0.603894 1427.39 351.39 47.63 36.88 0 0.595079 80.07 444.48 54.55 53.13 0 0.594909 1770.51 185.21 36.98 20.30 0 0.585103 128.78 450.04 67.03 51.95 0 0.569910 1840.24 524.57 76.93 54.36 0 0.566238 121.93 356.66 54.07 31.81 0 0.562728 30.62 447.14 50.27 45.15 0 0.560468 1821.80 180.97 40.89 21.79 0 0.556678 0.00 794.19 89.22 104.97 0 0.552901 422.81 483.34 94.95 97.96 1 0.547926 91.46 652.98 94.99 83.37 0 0.542473 35.51 382.72 57.19 43.37 0 0.539240 1855.96 917.26 58.89 39.14 0 0.537335 1391.15 565.01 55.71 68.87 0 0.537030 1560.29 478.31 64.81 54.94 1 0.536604 155.73 807.44 87.30 87.10 0 0.534356 70.06 803.79 86.20 86.97 0 0.533500 1356.63 506.87 54.21 63.94 0 0.532037 1241.36 341.27 41.34 37.78 0 0.526891 566.21 256.11 41.21 25.20 0 0.521553 282.32 437.56 61.73 59.66 0 0.518193 33.76 369.81 55.38 44.74 0 0.516085 166.97 300.40 58.93 34.77 0 0.513222 279.16 296.12 44.93 35.92 0 0.512873 85.25 591.92 66.96 52.81 0 0.509871 1316.35 466.55 50.73 53.51 0 0.503631 810.05 258.43 35.84 23.90 0 0.494608 738.35 257.99 43.13 21.24 0 0.492562 1354.75 497.64 52.60 64.43 0 0.492258 1611.25 533.21 64.19 54.01 0 0.485515 1746.19 224.76 51.50 23.49 0 0.484415 358.00 301.78 42.79 35.36 0 0.480559 1286.13 412.13 42.72 48.34 0 0.479906 826.42 294.35 55.97 23.99 0 0.478261 1628.96 183.97 39.14 19.55 0 0.477145 734.29 290.54 66.37 25.89 0 0.473427 477.96 685.28 26.11 38.38 3 0.470415 67.99 442.72 56.06 50.80 0 0.468562 28.12 451.20 48.45 47.78 0 0.460491 322.99 306.23 43.00 35.28 0 0.459598 243.75 300.37 47.81 33.59 0 0.458612 132.00 588.61 73.31 54.23 0 0.453643 1577.78 185.42 40.30 21.31 0 0.453331 1649.22 184.06 41.83 21.96 0 0.451101 423.96 783.67 38.61 27.87 3 0.449809 321.33 302.30 38.56 35.71 0 0.446210 592.73 272.94 51.42 29.88 0 0.445782 1675.99 184.30 40.14 22.27 0 0.444320 136.24 294.73 50.82 31.87 0 0.440848 1646.01 212.77 47.43 24.90 0 0.438766 857.32 260.05 37.50 25.02 0 0.431393 1343.99 266.27 44.70 29.85 0 0.427368 1210.15 972.91 54.88 37.32 3 0.426688 350.49 373.10 57.07 46.27 0 0.426532 321.19 662.42 29.08 23.83 3 0.425826 1687.21 182.28 38.29 21.22 0 0.411039 31.30 362.57 49.17 36.48 0 0.409148 476.99 694.80 26.78 34.43 3 0.409133 242.24 308.47 54.94 31.62 0 0.406600 1318.96 241.57 34.52 28.26 0 0.403831 981.48 289.79 59.61 26.10 0 0.400856 1286.34 203.02 36.48 29.21 0 0.398223 640.27 256.90 36.00 27.54 0 0.393419 34.50 357.01 50.33 36.01 0 0.389962 85.49 602.91 72.69 58.37 0 0.389959 904.74 281.79 60.84 28.06 0 0.386541 124.82 311.62 47.76 28.06 0 0.385539 1442.88 1019.85 71.18 41.13 0 0.379501 1388.04 311.91 52.85 35.65 0 0.379150 350.53 307.52 45.90 32.53 0 0.377376 1592.81 152.95 35.34 20.19 0 0.376984 1665.48 271.40 40.35 23.25 0 0.373548 1597.22 183.81 37.99 20.82 0 0.363618 1571.87 490.19 64.86 43.92 1 0.363287 370.25 690.07 34.77 35.01 3 0.362725 1737.32 228.51 53.98 25.51 0 0.362100 1112.05 240.95 48.80 25.68 0 0.360472 1726.89 240.87 44.99 24.72 0 0.356978 1724.01 183.69 39.47 19.04 0 0.349851 631.66 653.97 22.07 38.41 3 0.349810 904.12 289.74 61.66 27.15 0 0.344388 686.56 256.19 36.50 23.21 0 0.343827 1115.92 227.83 44.71 28.45 0 0.343487 672.49 591.86 23.95 31.04 3 0.341714 0.22 451.86 26.25 46.56 0 0.336759 909.48 780.44 24.36 47.20 3 0.336683 145.64 592.85 64.44 54.21 0 0.334708 1457.68 380.86 47.57 37.59 0 0.332026 574.75 270.64 49.95 26.35 0 0.331933 262.80 307.54 57.33 32.04 0 0.330767 500.82 639.17 33.08 28.98 3 0.329431 163.12 308.92 60.73 32.23 0 0.326095 368.72 696.63 36.44 40.13 3 0.324443 1560.62 473.76 62.75 44.81 1 0.323130 30.05 388.16 56.56 40.34 0 0.321619 0.00 241.47 32.73 29.10 0 0.321120 1659.38 213.40 39.86 24.00 0 0.320800 1346.21 271.80 43.47 29.94 0 0.317924 1293.05 217.52 37.34 28.77 0 0.316501 1590.24 156.93 36.99 17.47 0 0.312571 1306.84 231.96 36.23 28.33 0 0.308925 753.60 290.76 57.52 25.07 0 0.305877 1279.72 401.94 46.83 44.74 0 0.305494 1212.90 137.01 29.37 23.18 0 0.305190 0.80 446.71 29.45 46.85 0 0.302521 1740.02 215.02 49.16 26.47 0 0.300706 1657.91 582.26 64.34 58.14 0 0.298240 1205.33 131.07 29.65 22.42 0 0.298223 0.00 925.20 64.42 80.00 0 0.297286 1256.34 221.42 22.33 25.04 0 0.296526 1685.14 558.79 49.85 33.39 0 0.291531 1244.17 350.05 40.28 42.58 0 0.287878 210.84 598.20 72.50 63.49 1 0.287118 1260.81 384.63 34.65 37.44 0 0.283727 340.70 370.02 55.30 45.36 0 0.283370 1637.59 211.25 44.80 23.26 0 0.280535 1867.49 260.77 50.43 27.22 0 0.274752 792.66 256.08 34.01 21.49 0 0.270653 673.49 600.28 22.95 30.19 3 0.265668 718.22 614.25 31.69 29.68 3 0.262346 1052.84 298.24 35.99 23.37 0 0.260544 640.05 872.87 40.13 50.23 3 0.257838 1731.58 233.33 47.55 26.75 0 0.257078 1831.82 155.69 36.47 19.40 0 0.255911 722.35 481.05 20.58 27.63 3 0.253983 742.21 284.00 62.93 29.19 0 0.251337 0.75 234.94 29.88 27.52 0 0.251032 622.75 603.36 23.09 27.24 3 0.250554 637.82 264.05 37.82 27.33 0
257,0.828003 1155.86 479.74 134.88 56.56 1 0.679979 1473.40 500.52 99.26 45.59 0 0.626942 1816.39 499.82 103.61 50.61 0 0.618284 1343.43 497.20 121.46 44.60 0 0.454908 694.46 484.91 102.87 43.97 0 0.434622 825.65 479.20 140.85 50.58 0 0.412094 799.53 626.86 28.26 63.06 2 0.385611 768.03 611.81 26.94 56.82 2 0.350166 1805.62 467.08 114.11 60.48 0 0.345251 1039.33 495.42 86.34 44.51 0 0.321649 1808.11 490.40 110.49 55.50 0 0.310179 0.00 79.20 21.13 59.49 0
258,0.546883 937.22 542.68 33.80 16.77 0 0.533434 835.44 545.40 38.76 20.10 0 0.496129 883.95 545.08 39.21 19.60 0 0.425767 985.93 538.64 39.40 17.52 0 0.394017 994.15 537.12 36.18 18.06 0 0.393274 442.56 570.61 35.20 18.26 0 0.324716 891.66 543.56 38.96 20.97 0 0.314585 634.04 562.51 43.77 17.31 0 0.312393 490.45 567.02 31.63 19.19 0 0.305611 435.43 570.53 37.31 17.10 0 0.279113 742.96 549.54 32.78 20.56 0
259,0.720297 588.35 495.82 113.39 56.90 0 0.705808 597.14 99.76 103.48 48.58 0 0.691409 594.92 142.79 109.29 52.78 0 0.685848 87.97 863.26 130.21 58.02 0 0.680338 879.56 124.27 109.72 49.27 0 0.677054 889.22 348.93 110.92 56.61 0 0.668325 585.20 315.10 118.43 53.52 0 0.663267 872.32 295.06 120.78 58.95 0 0.657612 1027.57 169.24 102.40 51.58 0 0.654093 868.81 68.98 113.68 53.19 0 0.645168 1044.72 520.54 114.29 55.61 0 0.639652 869.72 238.71 122.02 56.00 0 0.634840 885.54 413.48 103.00 53.02 0 0.625628 1030.35 340.56 96.25 46.84 0 0.617532 574.03 687.93 127.98 58.06 0 0.612784 116.92 725.78 108.53 60.85 0 0.609540 579.66 0.00 112.76 39.71 0 0.608233 878.58 178.74 105.54 55.20 0 0.604700 1027.05 111.44 111.51 58.52 0 0.603661 586.58 254.92 104.20 55.55 0 0.603161 1050.96 463.39 113.10 56.78 0 0.602383 887.57 542.58 117.86 57.13 0 0.601698 1016.53 226.28 106.44 57.78 0 0.599310 572.48 200.21 123.16 52.63 0 0.594561 916.08 665.45 100.76 52.25 0 0.590144 1024.65 342.33 110.56 55.92 0 0.584119 877.22 476.35 127.83 54.94 0 0.583889 583.37 40.54 105.17 51.93 0 0.582749 1020.58 285.65 109.15 49.78 0 0.581772 942.59 654.05 91.21 58.39 0 0.580401 873.11 15.13 106.57 50.28 0 0.578672 1063.35 400.48 95.52 54.91 0 0.571897 931.39 872.61 112.92 58.95 0 0.570686 584.05 619.53 124.25 62.06 0 0.568046 572.05 377.35 124.31 53.77 0 0.561468 924.35 799.34 105.46 62.53 0 0.543570 1064.43 783.87 113.83 57.18 0 0.538635 1041.26 585.73 106.29 49.22 0 0.531406 580.68 554.30 125.65 58.94 0 0.521446 924.94 729.32 98.43 56.48 0 0.520702 1075.02 647.23 99.94 52.99 0 0.492668 1076.21 722.11 101.54 48.88 0 0.480468 576.71 758.61 115.63 62.34 0 0.470081 578.96 824.16 111.52 53.63 0 0.468176 93.58 930.22 130.34 66.85 0 0.467200 86.76 731.93 72.51 55.81 0 0.461163 1071.84 774.28 124.44 65.69 0 0.427375 1024.99 129.01 110.28 58.71 0 0.383447 1270.87 64.85 48.40 28.77 3 0.378226 593.39 123.89 110.06 57.65 0 0.368046 1025.80 310.01 107.22 48.79 0 0.360974 909.13 660.30 96.57 47.56 0 0.359814 1075.47 709.53 106.79 51.26 0 0.358771 872.87 0.00 109.98 33.73 0 0.353798 864.37 0.00 110.27 25.65 0 0.330728 98.33 856.88 122.40 55.45 0 0.323996 1265.55 29.34 45.90 26.15 3 0.307987 1064.72 642.36 101.52 50.11 0 0.301034 595.63 110.79 111.60 56.29 0 0.292418 1031.96 521.93 99.43 52.91 0 0.285889 1023.40 268.19 105.93 54.97 0 0.276357 1118.04 776.62 78.64 60.81 0 0.272558 0.69 938.59 33.38 63.09 0 0.268364 590.70 82.32 103.88 50.08 0 0.263074 1052.60 339.04 93.11 60.36 0 0.260819 574.55 767.11 121.16 69.06 0 0.260307 1069.60 454.10 102.55 60.76 0 0.257979 1022.21 298.66 105.28 49.85 0 0.251064 1264.46 0.00 43.58 21.67 3
260,0.525225 644.89 756.32 51.93 45.62 1 0.472084 648.77 743.60 67.48 57.58 1 0.471706 1099.40 528.46 34.93 38.73 0 0.437620 1894.40 266.18 25.38 40.17 0 0.395288 1150.02 482.83 38.50 31.57 0 0.394836 448.10 590.84 29.88 22.89 0 0.393413 1147.18 553.43 31.56 32.05 0 0.369735 791.15 906.44 51.04 42.28 0 0.333203 1296.21 368.63 35.26 29.44 0 0.323940 1243.47 514.00 26.15 30.49 0 0.319300 1194.28 448.48 36.81 28.92 0 0.315298 1796.07 179.97 30.99 21.78 0 0.311232 556.15 562.52 30.34 26.86 0 0.310448 1305.97 361.87 33.24 31.27 0 0.295281 1136.60 357.34 47.00 39.79 1 0.294989 1725.20 134.36 27.83 29.28 0 0.287429 1105.95 522.55 35.90 37.98 0 0.274722 1294.89 270.21 21.93 24.22 0 0.266349 1655.61 243.61 44.44 22.87 0
261,0.514365 810.67 364.00 282.66 146.99 1 0.394767 1327.19 408.49 287.02 114.86 0 0.391344 393.17 395.22 312.20 120.07 0 0.387150 1620.17 459.99 150.36 60.30 0 0.300517 1612.06 427.87 276.84 101.78 0 0.258895 1271.87 411.04 302.50 107.85 0
262,0.625165 582.75 672.34 54.40 36.34 0 0.617864 1121.01 297.37 24.44 34.38 0 0.595116 1128.79 254.75 23.84 33.66 0 0.580692 1089.21 550.69 28.17 49.49 0 0.566956 1261.06 412.19 60.04 46.51 1 0.558477 1117.97 343.50 23.89 35.75 0 0.553719 1134.16 201.84 23.59 33.56 0 0.505785 737.44 131.29 39.58 35.56 0 0.499782 834.13 224.80 31.43 41.38 0 0.483959 569.00 667.19 36.87 32.86 0 0.477226 837.16 211.36 41.37 30.18 0 0.472531 1116.19 388.95 29.52 50.00 0 0.431540 1236.96 581.84 43.73 108.08 1 0.404894 882.62 25.52 30.58 16.17 0 0.397473 864.75 117.49 26.70 33.80 0 0.396664 871.65 52.44 34.53 19.60 0 0.380571 873.17 47.35 34.34 19.83 0 0.300869 1115.11 387.27 31.04 52.29 1 0.290556 744.94 132.69 41.09 33.02 0 0.280050 738.63 136.66 39.19 35.94 0 0.263794 508.42 159.27 11.51 15.11 2 0.253607 850.29 157.92 21.99 24.42 0
263,0.615507 879.89 409.69 47.22 82.46 1 0.615232 306.53 646.78 25.59 39.73 0 0.557193 676.40 674.34 23.21 43.26 0 0.550794 910.15 367.79 18.29 32.13 0 0.541084 1088.00 442.95 22.80 33.63 0 0.528929 211.27 634.24 33.75 40.09 0 0.522610 1109.54 444.25 24.85 34.13 0 0.512177 45.82 728.41 42.08 41.20 0 0.508778 401.02 654.75 23.77 35.36 0 0.494401 280.24 645.37 25.29 41.14 0 0.489358 257.30 646.28 26.36 39.15 0 0.471415 556.31 675.64 32.20 42.56 0 0.467269 440.69 545.85 40.16 22.30 0 0.457987 213.38 494.38 44.53 23.48 0 0.445802 218.72 492.10 40.74 21.29 0 0.443234 1216.05 444.69 25.96 31.57 0 0.417376 377.85 653.50 22.55 34.74 0 0.383092 931.80 368.13 20.10 29.33 0 0.382666 933.37 353.71 19.38 24.16 0 0.373432 480.96 548.43 40.00 23.22 0 0.370875 875.19 441.43 47.09 57.50 1 0.367655 338.15 543.61 29.35 23.96 0 0.361851 1174.03 448.17 26.59 31.18 0 0.356985 597.04 557.72 24.83 22.24 0 0.353553 15.75 615.86 47.04 26.76 0 0.348650 210.09 641.41 31.43 36.19 0 0.342370 434.13 543.20 40.05 23.16 0 0.336207 909.81 351.88 18.58 26.00 0 0.336012 838.86 423.10 33.09 18.19 0 0.322030 1243.50 570.10 44.34 26.84 0 0.320142 691.02 555.02 52.20 25.50 0 0.312187 379.38 545.17 43.29 25.78 0 0.310606 538.40 548.83 42.06 25.23 0 0.305431 328.34 742.98 27.48 35.23 0 0.300233 24.93 590.27 42.87 19.89 0 0.297934 595.84 1022.97 40.41 47.40 0 0.296714 1171.83 454.69 25.18 29.50 0 0.287459 1248.27 425.32 30.22 18.17 0 0.277088 560.36 677.36 35.40 40.47 0 0.272666 600.64 477.47 42.03 24.05 0 0.268757 931.45 1064.44 27.21 15.56 0 0.266232 594.82 485.01 46.03 22.90 0 0.264817 673.40 681.39 25.07 42.75 0
264,0.754674 756.05 866.66 66.82 50.40 0 0.664336 660.06 687.74 67.44 50.74 0 0.663464 783.14 904.07 76.46 52.87 0 0.661070 924.70 242.70 58.40 43.24 0 0.655328 725.35 789.01 66.05 49.25 0 0.652389 642.50 846.72 71.01 59.71 0 0.650786 973.61 817.80 63.65 52.58 0 0.648017 465.02 581.69 68.24 42.17 0 0.644944 740.54 826.72 72.78 50.79 0 0.639949 840.99 608.39 73.05 52.25 0 0.639462 1031.36 886.31 61.47 47.76 0 0.638201 804.54 939.66 72.85 56.70 0 0.631674 630.04 804.86 61.59 51.72 0 0.627279 795.20 551.23 62.86 49.02 0 0.621630 718.27 417.81 63.41 48.06 0 0.621119 669.45 725.61 67.69 49.38 0 0.619852 1054.44 919.79 58.74 51.68 0 0.616455 617.09 620.43 66.94 47.33 0 0.614672 908.32 719.23 64.49 45.86 0 0.613937 735.38 454.06 66.27 44.85 0 0.612553 571.81 559.16 64.84 52.47 0 0.611329 1130.57 864.86 65.36 48.80 0 0.611268 850.76 1007.90 69.79 60.08 0 0.608352 846.79 996.13 75.38 58.66 0 0.605176 491.32 616.03 60.17 48.03 0 0.602051 705.94 380.11 59.72 46.21 0 0.601753 1068.48 967.15 59.07 54.28 0 0.601274 594.53 790.78 61.08 46.24 0 0.597309 633.48 649.77 73.29 49.19 0 0.593503 541.96 719.36 70.07 47.83 0 0.586526 554.73 526.54 57.59 40.56 0 0.585495 560.70 752.04 70.19 53.44 0 0.585428 446.56 553.17 69.97 46.28 0 0.584520 702.65 752.92 63.09 55.65 0 0.582671 889.08 678.45 60.24 47.67 0 0.580126 1004.08 855.16 64.33 49.84 0 0.578920 454.23 543.57 65.59 41.35 0 0.574686 971.54 302.32 54.78 45.15 0 0.574046 665.33 919.54 80.07 62.67 0 0.573886 507.48 464.29 59.82 43.83 0 0.573706 648.97 895.01 75.53 50.63 0 0.566089 828.92 975.61 70.08 50.93 0 0.560376 925.15 751.94 65.52 52.90 0 0.551803 947.45 777.88 68.82 55.01 0 0.549802 755.52 484.32 68.13 46.58 0 0.537489 626.03 611.68 64.23 49.38 0 0.531799 928.83 236.25 59.54 44.61 0 0.530714 538.44 676.56 66.77 48.98 0 0.530555 982.02 164.02 60.82 42.84 0 0.526532 1111.75 818.80 70.45 48.87 0 0.526216 690.84 768.37 68.68 48.81 0 0.525687 832.08 982.87 71.66 51.35 0 0.520032 1137.12 919.37 72.36 49.00 0 0.518411 771.76 510.09 70.57 53.13 0 0.513180 747.13 1036.47 76.85 43.53 0 0.511981 530.58 496.89 58.95 42.53 0 0.507051 529.45 681.29 60.94 48.31 0 0.500034 907.73 705.26 64.77 52.07 0 0.499802 974.74 294.22 57.55 44.72 0 0.497020 539.54 484.02 63.92 44.57 0 0.492480 759.47 492.15 66.78 47.31 0 0.491169 1142.90 910.97 71.30 50.46 0 0.489045 900.08 212.39 58.45 43.38 0 0.484194 860.62 637.43 67.46 54.25 0 0.480884 697.65 386.68 67.53 46.29 0 0.475074 524.07 489.90 62.86 44.58 0 0.474909 679.40 710.89 66.29 52.70 0 0.469060 1122.25 872.84 71.31 54.51 0 0.461347 606.11 791.38 58.94 48.05 0 0.460294 543.45 702.94 66.81 46.38 0 0.459741 1164.91 902.42 59.84 44.99 0 0.456103 795.61 542.49 67.57 48.56 0 0.455783 186.98 396.58 38.81 25.31 3 0.455045 985.86 157.31 61.40 42.76 0 0.441364 822.41 955.02 72.90 53.84 0 0.441060 1023.54 869.74 64.34 54.18 0 0.438903 855.16 630.34 74.34 50.68 0 0.438387 522.70 644.38 65.24 47.21 0 0.433652 930.44 763.19 68.81 54.18 0 0.432974 732.04 443.08 67.01 47.59 0 0.427136 969.13 801.26 67.48 55.96 0 0.422234 937.33 784.45 68.19 47.78 0 0.413182 784.47 528.11 68.83 51.61 0 0.409815 889.69 1043.71 61.94 36.29 0 0.407251 892.72 681.78 65.58 53.04 0 0.404443 397.56 278.46 59.13 42.31 0 0.395488 732.42 812.84 72.15 47.72 0 0.395379 1027.54 892.53 64.62 51.22 0 0.394134 895.79 1037.44 55.05 42.56 0 0.393529 481.01 622.78 65.42 48.38 0 0.392849 856.36 653.54 67.97 51.42 0 0.383419 1040.98 908.80 66.57 47.19 0 0.382257 1076.30 960.90 60.67 52.26 0 0.379419 712.87 409.50 64.98 49.63 0 0.370058 790.90 914.06 83.32 58.11 0 0.369909 460.04 584.75 61.02 45.77 0 0.362274 1010.52 849.58 66.04 52.39 0 0.360784 534.79 725.04 67.57 46.90 0 0.360455 499.80 618.03 63.47 51.17 0 0.349699 523.73 666.11 66.21 51.91 0 0.343780 717.13 764.48 64.55 60.14 0 0.341180 452.81 569.08 67.99 45.92 0 0.338481 625.42 642.19 66.70 39.70 0 0.337569 909.78 239.65 61.46 41.87 0 0.336884 878.59 671.31 65.80 43.98 0 0.336265 906.21 208.32 55.88 40.83 0 0.328358 556.32 574.03 70.92 43.72 0 0.328032 660.21 933.00 73.07 56.21 0 0.319791 620.90 776.32 47.69 44.62 0 0.316515 637.49 819.51 66.65 50.07 0 0.315266 744.41 836.45 72.75 58.46 0 0.313356 392.91 271.51 54.90 42.21 0 0.312015 768.51 883.77 74.98 55.92 0 0.305961 720.97 795.42 65.26 50.56 0 0.303301 647.61 671.11 70.19 49.64 0 0.296588 1107.83 826.53 72.11 48.65 0 0.295219 777.16 1053.29 59.39 26.71 0 0.294107 544.42 728.02 68.91 48.96 0 0.292097 994.46 832.54 61.79 46.75 0 0.291111 699.47 397.96 65.96 43.85 0 0.285604 531.03 636.89 62.81 41.61 0 0.285196 618.52 819.45 66.54 51.90 0 0.280151 617.43 809.05 68.85 51.12 0 0.274045 602.18 779.53 55.40 45.16 0 0.270080 633.07 626.40 69.91 55.22 0 0.267700 861.19 1016.72 75.52 54.50 0 0.265356 840.27 996.81 65.95 55.27 0 0.263555 550.62 717.38 71.68 57.90 0 0.263367 552.00 708.25 65.04 46.27 0
265,0.750602 509.96 539.94 150.35 75.15 1 0.736700 1560.45 657.41 27.11 42.87 3 0.734620 674.13 417.85 104.09 40.17 0 0.734574 1502.39 486.69 29.72 28.93 3 0.730065 1608.12 485.44 23.61 37.13 3 0.721244 1325.95 687.21 64.69 100.55 0 0.719200 1400.75 703.67 67.56 94.89 0 0.718977 1240.26 674.74 66.02 101.26 0 0.718038 1531.40 653.57 28.26 40.24 3 0.699989 1653.72 489.47 19.99 35.31 3 0.692122 505.32 990.36 73.12 55.15 3 0.690723 923.54 437.90 111.64 45.04 0 0.690022 1694.25 710.11 90.15 109.10 0 0.689392 560.41 408.19 93.04 41.72 0 0.689344 573.38 658.14 25.38 49.80 3 0.670072 1479.45 903.60 93.22 119.64 0 0.669922 802.38 432.09 106.07 44.61 0 0.660107 1676.44 488.75 23.26 36.97 3 0.653815 1494.21 848.39 50.49 40.07 3 0.646492 1636.13 659.91 24.02 40.55 3 0.644392 1776.25 713.78 85.41 104.53 0 0.640924 1588.25 658.46 23.61 41.16 3 0.636565 1552.41 490.48 24.79 33.72 3 0.625794 1495.41 486.62 31.32 27.13 3 0.622380 1286.64 610.47 118.23 63.35 0 0.618822 1728.16 492.55 27.97 36.40 3 0.617077 1610.12 659.13 23.87 40.83 3 0.608621 1635.36 485.33 21.10 36.09 3 0.605897 1582.00 484.80 21.95 33.65 3 0.595312 1759.56 930.27 120.70 146.08 0 0.589538 1749.42 546.80 123.41 49.67 0 0.570000 743.59 904.07 60.43 33.78 3 0.561019 1607.13 666.53 25.58 40.74 3 0.546358 978.72 567.82 28.25 29.84 2 0.546085 1874.65 597.14 44.77 49.06 0 0.520671 1698.08 489.64 25.74 37.16 3 0.513988 1454.59 480.63 30.14 29.07 3 0.500823 1502.71 657.21 27.12 39.21 3 0.499019 866.41 946.21 24.25 40.30 2 0.497102 813.18 962.55 33.62 37.92 3 0.475731 1657.74 664.85 25.53 40.00 3 0.473034 1000.28 896.05 34.32 32.37 3 0.459489 515.58 969.92 63.17 65.73 3 0.453620 1282.20 596.89 123.72 62.09 0 0.437614 1773.25 496.95 23.66 33.91 3 0.426483 1015.66 902.33 31.76 30.02 3 0.423810 981.89 805.08 22.87 40.73 2 0.411411 1670.37 662.77 27.78 40.12 3 0.410615 1313.27 895.44 24.17 39.60 2 0.408547 1542.29 485.67 25.03 30.62 3 0.405536 617.45 662.65 26.14 52.23 3 0.405440 1718.53 677.13 35.44 35.70 3 0.399110 1591.72 662.71 25.10 41.82 3 0.395807 1851.18 496.83 29.30 30.57 3 0.394364 1853.26 507.89 26.76 25.23 3 0.370237 1858.74 947.62 60.61 90.01 0 0.368425 1780.69 835.24 53.08 40.62 3 0.363651 861.37 956.66 25.04 34.65 2 0.346996 1564.88 662.24 24.32 40.06 3 0.333805 1797.86 492.75 21.87 33.64 3 0.332266 1749.29 493.66 27.13 35.68 3 0.323591 1702.18 666.86 27.04 34.56 3 0.316645 1869.41 512.03 27.82 22.56 3 0.313163 457.68 398.98 26.16 21.28 3 0.306373 1736.47 917.80 115.37 104.45 0 0.301437 1494.24 656.03 26.09 38.46 3 0.298258 664.91 628.86 31.76 28.70 3 0.290660 1060.27 1032.38 27.90 42.52 3 0.288814 1742.09 923.52 127.74 126.52 0 0.286892 991.13 891.32 31.25 32.04 3 0.284615 1110.95 862.70 23.58 45.01 3 0.279892 1284.18 587.14 126.59 54.05 0 0.273585 1823.81 493.04 24.24 32.15 3 0.271089 1692.18 704.79 76.90 93.77 0 0.264757 1531.57 659.77 29.71 41.82 3 0.263763 42.80 301.57 29.76 19.81 3 0.259266 1790.24 730.64 72.03 97.47 0 0.253257 1768.88 504.32 25.53 27.08 3 0.252898 845.52 1011.95 29.98 38.80 3 0.251294 1508.58 467.90 22.07 30.21 3
266,0.811797 838.51 436.48 27.05 47.05 0 0.806873 574.66 558.92 27.88 45.67 0 0.799326 601.40 556.83 26.91 48.67 0 0.790010 716.25 552.42 28.69 47.28 0 0.772714 643.70 437.41 23.64 44.68 0 0.763926 985.40 551.77 27.03 49.24 0 0.759416 668.47 437.82 27.41 44.99 0 0.758970 868.72 437.69 26.51 48.95 0 0.757553 810.58 434.40 27.39 47.63 0 0.750036 956.20 551.01 28.15 47.15 0 0.748458 1008.18 430.39 26.80 50.12 0 0.727122 700.39 437.82 26.75 45.14 0 0.724584 979.96 431.11 25.44 43.95 0 0.714919 595.63 386.92 21.16 41.43 0 0.707241 841.25 381.42 21.83 41.57 0 0.706529 622.15 386.22 21.44 41.30 0 0.700834 690.14 549.46 27.18 47.05 0 0.697061 545.67 559.67 27.15 44.68 0 0.696461 1036.34 428.50 24.00 49.97 0 0.684939 559.46 441.57 26.39 47.63 0 0.672716 868.29 381.54 21.02 43.47 0 0.665315 500.99 617.25 27.73 50.08 0 0.662562 1029.66 743.77 28.92 55.79 0 0.657091 867.31 549.14 27.43 52.32 0 0.650592 808.42 549.92 28.46 52.08 0 0.644836 726.70 436.60 25.99 47.04 0 0.629390 1013.34 553.78 26.80 49.67 0 0.628933 1061.66 740.55 30.49 59.49 0 0.626331 1699.45 557.01 33.02 52.78 0 0.624028 532.30 448.49 25.18 44.41 0 0.622131 631.33 554.85 26.74 47.81 0 0.620783 894.13 382.98 23.17 42.90 0 0.618829 1602.27 240.31 26.08 39.40 0 0.616372 663.65 551.05 26.04 46.19 0 0.615551 748.83 552.04 27.41 47.83 0 0.613396 927.59 550.96 26.03 45.08 0 0.606890 783.00 434.95 25.54 47.21 0 0.605111 1005.09 382.46 20.87 42.87 0 0.601311 919.25 384.76 23.01 41.47 0 0.591886 896.48 550.88 26.64 50.27 0 0.579820 814.00 384.69 21.67 41.13 0 0.579406 1630.68 340.46 28.15 43.25 0 0.577959 532.43 613.52 28.53 54.43 0 0.575331 895.73 435.78 26.46 50.81 0 0.572079 951.44 429.36 23.85 44.73 0 0.563163 1739.75 688.03 35.00 52.90 0 0.553779 966.01 740.86 32.13 65.62 0 0.541273 589.05 442.09 26.01 45.71 0 0.540441 616.12 439.04 25.32 44.53 0 0.527141 568.03 625.46 27.27 44.92 0 0.515088 1632.53 145.31 30.31 40.53 0 0.514261 757.33 386.76 25.61 42.33 0 0.509005 536.97 389.88 25.50 38.90 0 0.505923 1068.99 820.49 30.88 63.33 0 0.505035 783.79 386.69 23.63 39.93 0 0.486063 1503.00 227.91 46.77 21.84 0 0.484182 512.92 558.38 27.30 44.67 0 0.472899 899.62 433.77 26.28 49.21 0 0.470956 1588.65 82.95 27.88 35.05 0 0.466051 703.69 387.95 24.87 39.85 0 0.465751 724.94 384.57 24.10 39.66 0 0.461293 1660.69 441.63 33.58 51.27 0 0.451045 780.27 551.01 28.02 50.34 0 0.450918 1520.11 271.81 36.47 21.05 0 0.449329 1499.32 207.99 46.12 21.30 0 0.448466 1719.81 620.54 34.57 51.01 0 0.436849 976.15 380.98 22.63 42.41 0 0.435105 543.37 389.51 24.45 38.79 0 0.365336 751.44 436.13 27.26 47.20 0 0.347859 1514.92 257.34 40.14 21.38 0 0.345709 1452.76 20.25 37.74 21.62 0 0.345083 1744.62 695.96 35.31 53.72 0 0.324762 950.28 381.15 24.10 40.04 0 0.323252 1579.91 139.53 26.14 22.11 0 0.323238 1183.16 123.50 27.06 32.99 0 0.313629 967.98 736.82 32.79 57.50 0 0.313210 756.62 434.64 26.78 48.70 0 0.303614 1205.64 308.86 13.73 15.94 3 0.294021 943.78 381.71 22.93 40.57 0 0.285269 1508.57 249.62 43.42 20.88 0 0.273794 1063.77 819.38 30.72 63.40 0 0.273485 1005.75 421.22 26.82 54.33 0
267,0.604148 1005.54 383.94 25.13 41.28 0 0.412506 988.18 258.63 25.92 18.16 0 0.381065 957.34 174.24 29.75 24.16 0 0.318613 406.16 475.26 25.14 18.88 0 0.254601 971.38 209.32 26.70 24.04 0
268,0.747833 884.59 335.40 48.57 67.71 1 0.552209 700.74 517.35 21.42 30.12 0 0.551866 336.02 463.72 23.74 27.80 0 0.512015 484.31 486.36 20.18 26.56 0 0.492080 413.45 473.46 23.23 28.15 0 0.470559 463.23 485.72 22.16 26.71 0 0.463996 567.46 418.64 28.59 18.96 0 0.448113 935.16 304.06 23.07 21.87 0 0.444901 384.72 473.40 26.07 27.09 0 0.423518 1084.91 378.37 23.32 22.53 0 0.423036 607.07 511.17 23.81 28.88 0 0.422065 979.02 316.61 21.97 24.10 0 0.410066 351.93 369.03 38.51 21.15 0 0.397667 1064.77 375.09 22.61 23.65 0 0.382709 1197.30 393.05 18.29 18.14 0 0.369126 339.67 452.13 26.48 25.45 0 0.363061 1177.28 391.60 17.57 19.39 0 0.359792 207.53 519.08 32.86 22.83 0 0.331890 630.60 518.82 19.88 24.03 0 0.316188 963.78 299.03 16.22 19.77 0 0.307690 527.29 413.88 31.42 21.20 0 0.307638 646.55 422.11 22.02 16.13 0 0.305939 608.20 417.43 28.57 19.59 0 0.292596 728.40 427.59 33.34 20.58 0 0.287350 408.77 540.94 31.40 23.26 0 0.287137 1134.60 391.50 23.47 20.25 0 0.285288 691.51 421.20 23.54 15.74 0 0.277157 386.04 479.07 24.08 27.09 0 0.271518 610.07 419.83 31.22 19.01 0
269,0.615525 1575.54 893.10 47.48 29.57 0 0.597882 1224.34 847.33 43.51 30.86 0 0.586264 1196.54 875.35 42.28 30.09 0 0.583922 1530.38 868.00 44.51 31.86 0 0.577465 1229.33 847.48 45.72 34.17 0 0.577364 1291.36 776.15 43.78 26.81 0 0.576144 239.92 683.83 28.99 29.40 0 0.569949 1341.94 936.73 52.05 36.43 0 0.569197 1437.08 733.62 39.75 26.64 0 0.567925 1702.45 897.50 43.08 31.20 0 0.565128 1524.56 967.19 50.24 38.92 0 0.557222 1234.10 830.96 48.12 33.71 0 0.556812 1369.57 889.62 50.74 34.70 0 0.545264 1339.70 922.49 55.98 36.11 0 0.535831 922.90 970.60 47.11 35.48 0 0.531137 1327.70 728.93 35.54 23.54 0 0.527408 1706.16 914.12 50.48 31.76 0 0.525942 1645.71 998.58 55.07 33.97 0 0.506522 1724.55 825.81 41.33 24.01 0 0.504855 1546.89 841.29 44.17 28.55 0 0.499649 1333.67 711.57 42.93 25.89 0 0.499091 1056.52 975.22 34.76 32.96 0 0.497831 1622.86 1035.62 65.39 38.58 0 0.496696 884.66 1025.39 46.72 37.26 0 0.494529 1676.01 943.17 51.73 34.34 0 0.492331 1371.99 883.00 55.22 33.74 0 0.491938 341.11 708.93 23.09 28.95 0 0.489880 1486.65 918.79 52.35 32.48 0 0.488420 1443.06 746.16 43.38 28.02 0 0.483981 1872.83 976.99 41.61 30.91 0 0.481047 1331.31 727.02 41.42 25.97 0 0.480657 1784.61 849.57 41.68 26.88 0 0.480582 1731.75 826.92 39.61 25.62 0 0.470887 1681.07 959.31 52.47 31.71 0 0.467638 1535.84 870.98 47.06 32.16 0 0.463260 109.21 543.94 32.50 16.75 0 0.462534 1597.51 845.90 36.11 27.52 0 0.459394 921.15 981.79 41.55 33.21 0 0.455782 1019.45 1009.96 36.05 40.31 0 0.455354 1583.26 896.41 46.13 31.02 0 0.454329 882.34 1030.14 44.39 43.93 0 0.452777 1549.18 829.85 45.09 30.50 0 0.442111 1655.83 989.97 58.94 38.86 0 0.440614 237.77 635.46 42.31 27.79 0 0.439460 1275.42 754.54 37.14 19.99 0 0.437738 1483.14 923.51 53.73 33.98 0 0.436122 244.14 642.82 38.79 25.90 0 0.429778 1362.74 678.55 37.60 23.33 0 0.428680 1698.70 920.18 49.83 32.04 0 0.427626 1617.90 1043.32 62.83 36.61 0 0.425546 456.15 824.96 29.98 31.23 0 0.424197 1437.64 745.29 41.42 27.80 0 0.421616 1677.00 799.02 39.36 25.03 0 0.421466 1620.70 772.22 39.35 25.62 0 0.417928 1774.12 846.13 41.97 24.53 0 0.414466 1531.71 963.11 52.37 34.93 0 0.413589 1568.59 927.24 46.14 29.11 0 0.410309 1286.05 733.45 33.52 20.81 0 0.406237 1299.17 773.34 40.23 27.39 0 0.405145 1437.22 738.01 49.58 28.42 0 0.400646 1679.80 946.03 56.07 35.29 0 0.400498 1651.09 1007.87 55.38 34.94 0 0.394173 1366.17 821.07 42.70 28.69 0 0.393439 1224.85 804.98 31.66 24.49 0 0.391689 590.25 938.30 33.97 27.31 0 0.389173 1846.52 883.59 52.14 28.68 0 0.387373 1701.49 904.62 53.85 29.22 0 0.387363 1346.42 849.58 31.81 25.38 0 0.386692 1854.91 888.08 49.70 31.08 0 0.383391 1270.72 805.89 36.70 23.93 0 0.381845 1486.13 1010.48 64.38 42.32 0 0.380485 402.39 778.87 33.87 30.27 0 0.380138 1862.43 1036.69 50.26 30.03 0 0.370053 1574.55 883.62 47.13 28.44 0 0.369911 1284.82 754.47 44.21 24.40 0 0.368240 1245.54 828.26 43.32 33.06 0 0.358351 910.11 937.70 42.22 29.63 0 0.347821 197.90 601.87 42.21 27.08 0 0.346615 1301.39 761.75 40.20 23.89 0 0.344560 1875.36 984.21 44.64 32.72 0 0.344037 1618.87 763.71 39.10 26.69 0 0.342805 153.10 561.09 36.30 24.04 0 0.342050 1243.68 784.07 23.86 21.35 0 0.341034 1003.02 1029.81 41.75 33.63 0 0.331963 475.03 1016.90 33.47 41.66 0 0.331630 37.48 637.91 32.16 19.80 0 0.329172 1563.05 924.05 45.69 30.83 0 0.328325 0.94 545.20 30.00 18.94 0 0.327153 63.82 702.43 39.54 25.03 0 0.326473 1386.81 871.66 48.30 32.96 0 0.325360 1689.17 800.23 35.19 24.60 0 0.323931 1511.09 971.81 52.56 36.50 0 0.322746 1572.53 746.48 38.33 25.36 0 0.322458 14.39 545.88 34.96 17.99 0 0.321479 1510.94 710.62 38.97 24.86 0 0.319723 1622.64 871.87 30.43 22.90 0 0.318346 1059.83 970.61 38.59 33.78 0 0.318277 1159.51 729.53 22.41 20.10 0 0.310217 1591.77 880.84 46.20 27.68 0 0.307104 1668.85 988.92 57.70 36.65 0 0.304019 1191.55 680.08 32.24 21.35 0 0.302938 1435.44 972.01 56.62 47.70 0 0.300678 1432.44 968.09 55.71 52.24 1 0.298279 1523.67 982.75 47.35 35.30 0 0.296308 1673.03 968.01 55.50 34.13 0 0.295602 1300.31 565.38 30.52 20.28 0 0.287495 1378.79 888.72 52.74 32.60 0 0.286483 4.35 585.91 35.13 23.05 0 0.284916 450.28 257.91 23.52 13.12 0 0.282598 1734.64 984.95 48.84 30.40 0 0.282444 1373.78 810.61 41.39 30.04 0 0.280951 28.90 631.02 36.50 23.14 0 0.279956 112.58 801.80 33.04 25.13 0 0.277558 2.01 566.96 32.10 19.56 0 0.275871 57.13 636.48 34.01 21.08 0 0.273987 1284.34 800.02 33.02 24.26 0 0.271969 1523.83 721.48 36.98 25.11 0 0.271327 10.32 592.39 33.66 20.48 0 0.270700 1571.98 811.11 37.86 28.55 0 0.270623 1520.21 715.55 37.45 24.90 0 0.267966 1570.40 741.22 38.07 26.24 0 0.267287 392.07 768.21 36.77 34.47 0 0.264980 1643.57 1033.88 57.34 34.18 0 0.263276 17.94 608.39 36.46 20.70 0 0.262223 1412.40 773.60 26.03 22.71 0 0.257325 1415.19 850.52 42.58 26.70 0 0.255677 1246.43 840.64 41.17 33.61 0 0.254940 14.54 571.59 37.01 18.20 0 0.252100 1238.76 806.76 34.89 23.08 0 0.251967 1489.45 937.69 45.96 34.96 0
270,0.582884 769.89 354.50 30.14 45.67 0 0.555365 769.37 281.82 28.72 46.82 0 0.485674 552.93 868.78 33.67 41.84 0 0.454236 865.08 749.26 27.31 34.97 0 0.407840 856.86 61.35 25.21 37.40 0 0.379367 683.92 505.11 37.05 41.16 0 0.375900 677.78 507.06 34.86 42.90 0 0.368251 617.08 897.62 34.29 55.21 0 0.361792 613.37 911.77 38.55 51.74 0 0.335471 611.71 917.49 36.80 52.85 0 0.326359 594.09 880.63 30.64 39.40 0 0.291369 885.94 744.11 23.42 34.76 0 0.278874 885.99 725.30 24.69 36.36 0 0.277113 787.32 412.78 28.58 27.22 0 0.267983 510.30 817.23 29.80 54.81 0 0.267807 674.66 587.67 28.89 32.31 0 0.255631 516.14 815.28 26.89 49.25 0 0.252301 723.25 517.21 28.52 32.35 0
271,0.701388 1364.47 362.64 140.54 58.99 0 0.654040 1525.25 350.29 153.54 64.44 0 0.625580 1177.81 355.81 175.06 66.63 0 0.622136 668.88 381.94 175.43 66.02 0 0.563260 1829.23 339.91 90.77 64.01 0 0.417058 898.76 347.05 187.69 87.50 1 0.403506 0.00 561.32 79.69 38.31 0 0.297982 1821.45 355.31 98.55 47.88 0
272,0.670436 841.00 948.27 31.24 64.32 0 0.641907 910.53 984.28 33.98 70.94 0 0.634721 902.37 889.04 31.32 57.95 0 0.611881 954.96 598.13 35.87 66.67 1 0.581805 767.25 1002.54 23.40 17.48 3 0.511612 436.42 966.02 52.20 52.04 0 0.509077 917.05 174.61 24.67 38.12 0 0.501858 785.39 25.49 25.41 35.69 0 0.485272 907.84 97.59 31.01 40.65 0 0.432789 765.74 952.48 28.75 20.87 3 0.422767 938.73 327.68 23.09 31.19 0 0.406556 909.54 977.90 28.51 66.10 0 0.400895 915.41 146.10 23.81 31.26 0 0.390198 878.58 179.35 26.38 38.26 0 0.371124 893.87 6.14 21.55 42.93 0 0.368831 1001.62 815.20 37.20 50.24 0 0.350736 827.73 823.08 30.51 49.44 0 0.346672 906.27 90.42 28.91 45.31 0 0.322560 860.61 0.00 19.96 25.01 0 0.309835 790.82 110.23 25.58 24.58 3 0.300083 884.30 806.24 21.30 33.35 0 0.299549 770.29 1065.30 28.32 14.70 3 0.294247 544.02 108.69 37.25 22.56 0 0.289744 934.65 299.97 27.55 23.72 0 0.261616 786.91 17.94 25.65 40.74 0 0.252940 965.72 551.22 27.27 39.45 0 0.250742 749.28 0.00 27.41 43.20 0
273,0.341741 1189.10 508.73 71.76 31.80 1 0.273087 337.49 619.88 27.66 14.54 0
274,0.578657 824.16 521.04 51.46 22.28 0 0.561065 1072.68 541.19 45.43 20.69 0 0.535454 896.44 524.59 37.94 21.23 0 0.525310 1132.28 545.90 33.20 19.69 0 0.514268 1197.95 548.24 53.32 22.90 0 0.471242 763.23 519.15 40.17 17.68 0 0.444878 1146.76 545.49 40.24 19.06 0 0.440448 1015.60 533.95 45.79 21.54 0 0.424081 645.28 500.48 31.29 21.60 0 0.402931 658.49 499.88 29.44 22.74 0 0.388095 1008.10 533.15 44.49 21.32 0 0.342366 772.36 519.44 39.19 18.75 0 0.328469 960.60 524.41 33.93 23.63 0 0.293241 524.55 493.62 37.41 17.81 0 0.278628 1199.43 552.96 53.36 25.28 0 0.277510 548.12 495.56 29.30 17.62 0
275,0.365937 719.74 137.18 25.07 31.11 0 0.313094 715.60 145.70 25.63 35.44 0 0.279729 670.98 138.08 30.17 31.40 0 0.278168 640.86 156.90 27.20 32.45 0
276,0.597047 658.88 792.64 40.63 45.97 1 0.335324 1370.15 328.70 34.91 25.92 0 0.298814 737.93 706.50 32.33 27.78 0 0.272491 1361.00 3.48 41.33 25.95 0 0.259567 808.72 851.72 32.45 42.06 0
277,0.689445 828.83 735.50 74.45 111.73 0 0.663657 1248.17 563.29 41.92 24.57 3 0.649690 1248.10 487.38 35.97 24.73 3 0.642247 867.39 640.44 64.60 84.51 0 0.592610 1232.62 892.21 49.11 32.92 3 0.580825 928.69 519.21 51.36 83.01 0 0.571215 1239.03 780.39 54.52 32.78 3 0.561678 952.65 456.78 46.45 63.56 0 0.556659 1250.22 514.82 39.06 23.97 3 0.555385 1240.81 745.57 50.18 30.02 3 0.549232 1250.53 544.47 41.84 25.39 3 0.540192 1242.08 739.11 49.79 29.44 3 0.516884 1017.59 308.09 43.49 33.90 0 0.508399 1232.58 1029.57 65.75 36.69 3 0.487783 1082.10 172.90 31.44 42.69 0 0.465320 1245.04 490.41 44.75 25.69 3 0.426535 1229.92 1013.40 69.68 41.14 3 0.425233 1017.13 295.13 46.17 43.57 0 0.422833 1227.59 996.48 72.11 36.53 3 0.420140 1235.86 800.51 59.63 35.46 3 0.411268 1232.65 918.06 57.58 36.67 3 0.378952 1230.66 879.69 54.37 35.49 3 0.370690 1078.10 181.58 34.62 39.67 0 0.357566 1098.05 131.66 27.12 30.76 0 0.356278 997.65 388.18 33.59 28.06 3 0.352182 976.76 423.87 42.14 29.67 3 0.349021 1237.09 818.08 60.55 37.31 3 0.342020 1237.41 938.60 58.78 43.28 3 0.331457 1233.65 842.49 58.65 35.04 3 0.321021 998.39 377.09 34.31 31.71 3 0.302467 1230.79 850.86 54.26 32.03 3 0.285244 1170.44 8.38 25.89 24.94 0 0.283183 1234.79 968.09 61.00 37.26 3 0.261044 938.45 495.46 51.74 101.37 0 0.258961 985.70 397.81 40.60 28.49 3 0.253219 1194.96 52.62 23.55 22.80 0
278,0.534867 24.57 472.68 137.31 60.81 0 0.453953 674.78 476.78 242.05 90.79 0 0.344014 53.46 497.58 91.30 39.65 0 0.313431 1896.66 409.76 22.31 43.57 0 0.300319 0.06 433.82 194.15 95.93 0 0.280608 661.48 477.87 216.34 78.69 0 0.252257 559.85 585.76 48.84 22.15 0
279,0.727662 994.02 135.43 111.39 52.45 0 0.686477 422.74 100.64 116.59 52.56 0 0.675899 437.75 43.95 106.19 56.22 0 0.673396 862.97 616.13 114.03 51.22 0 0.666697 852.76 88.69 108.79 50.12 0 0.663169 858.78 144.31 103.54 53.64 0 0.656706 566.37 101.22 109.88 55.80 0 0.654550 1008.29 802.57 115.18 58.13 0 0.654342 544.34 760.77 119.75 55.08 0 0.652485 858.57 430.92 108.13 54.54 0 0.650803 543.40 564.56 132.40 59.79 0 0.644797 564.90 153.67 106.27 51.97 0 0.643731 855.37 35.54 102.37 49.45 0 0.643382 866.27 369.15 113.09 55.82 0 0.642560 880.55 948.36 117.59 61.22 0 0.642339 851.29 312.70 116.71 52.06 0 0.631051 846.88 553.04 125.18 58.96 0 0.630960 851.03 492.80 119.74 51.15 0 0.619091 567.78 379.64 114.88 55.23 0 0.618743 854.18 816.21 121.09 57.52 0 0.616031 853.91 205.92 112.63 52.66 0 0.612326 848.56 751.43 122.77 60.33 0 0.609743 999.91 483.88 108.85 57.77 0 0.605831 998.57 190.06 108.44 50.94 0 0.603754 1000.67 546.87 109.56 54.55 0 0.601962 570.60 332.33 111.50 54.63 0 0.594529 859.75 253.90 110.13 52.20 0 0.590356 1006.70 875.19 101.76 50.08 0 0.588297 546.25 893.77 117.67 59.04 0 0.587449 565.84 42.77 108.55 55.29 0 0.586530 528.08 968.89 126.81 57.15 0 0.584891 1027.47 742.76 111.96 55.45 0 0.576307 558.26 499.01 111.86 56.54 0 0.573774 547.56 444.16 118.55 54.03 0 0.570111 854.74 683.20 107.32 52.98 0 0.569301 538.17 626.63 131.73 57.68 0 0.563573 1013.45 363.28 111.11 56.85 0 0.562402 562.82 267.95 113.58 58.51 0 0.561383 1023.45 426.00 97.66 48.39 0 0.555605 557.68 206.37 107.68 54.44 0 0.548259 995.92 22.75 113.39 62.57 0 0.545944 409.83 162.98 108.23 53.68 0 0.541799 882.53 1027.45 98.24 52.27 0 0.533262 42.96 995.95 124.44 56.39 0 0.532237 1038.59 670.59 96.51 53.40 0 0.532232 1006.92 610.95 116.01 53.76 0 0.527295 1040.96 942.70 103.02 58.39 0 0.497982 543.91 819.23 122.04 60.73 0 0.495658 1039.62 1013.20 114.04 63.36 0 0.491695 997.30 605.39 113.14 52.93 0 0.489404 1053.37 937.46 107.13 62.09 0 0.367107 1028.93 604.57 97.98 54.54 0 0.362745 1263.98 249.56 41.64 25.16 3 0.345242 1247.19 0.00 38.66 19.59 3 0.340474 1261.99 281.33 48.53 27.53 3 0.334356 1032.69 733.80 110.00 53.88 0 0.331698 1034.20 615.77 90.62 46.86 0 0.321171 569.57 320.51 112.52 53.32 0 0.317450 993.01 98.53 106.91 41.39 0 0.313889 1039.47 544.72 84.59 53.65 0 0.308898 555.85 507.94 117.29 57.42 0 0.302169 1263.34 344.90 54.51 33.38 3 0.296260 559.53 238.98 108.57 49.62 0 0.295397 18.61 991.49 50.43 64.59 0 0.295218 572.21 363.65 113.69 58.56 0 0.293538 908.57 944.80 93.19 63.56 0 0.276995 515.91 1036.63 133.22 43.37 0 0.270525 1034.55 659.85 97.49 51.65 0 0.268826 1051.71 738.40 100.07 56.19 0 0.263660 1266.93 315.28 47.76 30.18 3 0.258867 566.89 51.33 108.26 57.45 0
280,0.683924 498.00 836.47 38.22 71.57 1 0.665697 1016.00 440.71 36.84 62.83 1 0.611098 838.31 763.03 23.27 25.06 3 0.608787 955.21 681.48 31.17 54.59 0 0.578967 958.61 760.01 31.85 58.70 0 0.558879 900.00 720.36 30.85 60.31 0 0.558709 245.74 936.93 66.43 34.79 0 0.516445 597.66 845.43 34.33 62.67 0 0.512105 968.85 212.40 27.44 35.95 0 0.495064 508.90 836.85 47.98 72.67 1 0.491294 986.51 548.19 34.00 44.71 0 0.487380 550.58 724.61 48.51 36.73 0 0.465787 831.32 849.60 25.95 23.49 3 0.458569 1005.40 82.23 24.38 33.16 0 0.448883 1058.12 666.34 30.01 43.31 0 0.420084 655.19 927.28 68.60 36.28 0 0.401039 832.44 824.84 24.21 26.93 3 0.395294 837.55 770.96 25.28 25.21 3 0.388897 997.23 9.76 26.62 27.53 0 0.382349 559.78 839.13 39.89 72.32 1 0.380483 1012.95 204.49 25.01 35.13 0 0.371746 893.14 622.12 27.61 45.30 0 0.327218 1010.38 168.41 22.40 30.59 0 0.316943 648.88 932.90 69.70 33.04 0 0.316900 888.42 183.77 23.36 28.45 0 0.311564 1001.13 31.06 24.61 27.08 0 0.304332 991.20 544.00 32.93 50.65 0 0.299248 1002.43 54.60 23.05 27.62 0 0.297590 807.33 884.76 38.21 35.78 3 0.288378 855.73 176.72 26.88 33.33 0 0.286661 1029.78 397.65 24.57 43.03 0 0.284782 1005.66 132.04 22.34 25.28 0 0.283393 887.30 64.08 20.39 18.87 0 0.280010 834.19 723.16 29.19 25.96 3 0.279197 693.39 923.76 45.93 35.92 0 0.278885 836.20 811.34 21.97 24.52 3 0.275983 818.02 856.54 31.30 22.44 3 0.254145 831.99 681.71 36.60 37.69 0
281,0.724774 1065.09 347.86 52.70 70.92 0 0.689548 59.63 136.06 35.95 56.11 0 0.651050 3.33 616.62 40.50 71.52 0 0.644017 79.48 23.75 29.11 46.31 0 0.624478 295.88 587.08 42.06 72.02 0 0.621927 24.16 420.63 40.95 71.29 0 0.605259 292.47 260.27 30.80 55.02 0 0.602884 292.28 18.66 29.03 47.41 0 0.585076 46.76 262.89 32.90 58.45 0 0.575259 292.52 131.87 25.92 50.22 0 0.447718 297.45 668.86 38.88 51.14 0 0.436710 50.91 203.36 25.02 42.90 0 0.336360 300.76 593.47 39.99 75.14 0
282,0.756895 958.72 431.21 29.10 56.94 0 0.735566 262.16 169.25 30.77 54.10 0 0.733892 989.04 429.04 26.00 57.71 0 0.714110 927.41 429.92 29.23 57.90 0 0.705614 645.80 456.69 29.38 55.05 0 0.697676 884.12 790.53 29.98 54.90 0 0.694694 984.55 351.07 28.55 56.33 0 0.692506 1022.98 432.77 28.52 54.65 0 0.688584 743.43 774.71 29.48 54.95 0 0.678981 698.76 366.88 28.21 55.79 0 0.676039 829.28 437.13 28.16 59.73 0 0.669960 927.06 793.73 25.78 51.50 0 0.660573 864.69 435.20 31.35 63.30 0 0.658561 665.30 371.23 30.37 56.52 0 0.654398 164.14 173.42 33.88 61.01 0 0.651096 761.37 358.10 30.78 52.96 0 0.642725 206.68 299.42 35.72 54.38 0 0.641171 791.86 358.61 27.95 54.85 0 0.632634 987.96 548.83 27.57 54.31 0 0.628564 852.85 776.03 28.58 52.08 0 0.626291 290.12 166.10 32.15 55.66 0 0.621258 798.34 445.09 25.80 51.83 0 0.620987 1051.75 545.34 31.45 57.46 0 0.613663 677.50 781.45 27.57 51.23 0 0.597443 1053.08 347.29 26.49 56.90 0 0.596861 243.17 295.30 31.27 57.80 0 0.593487 725.84 361.40 29.55 58.22 0 0.591706 383.15 280.63 32.85 57.42 0 0.589712 93.84 495.99 31.16 58.24 0 0.588510 887.29 353.93 28.17 57.29 0 0.578796 554.49 781.83 28.83 54.68 0 0.570156 629.52 784.66 28.62 49.50 0 0.569924 592.50 787.88 29.13 48.59 0 0.558991 1098.38 427.16 28.29 51.63 0 0.558233 161.78 491.29 31.96 55.21 0 0.553325 1021.42 544.75 32.54 57.80 0 0.540017 573.08 175.91 30.61 67.70 0 0.532083 845.14 238.34 25.62 51.66 0 0.531445 1063.12 430.38 28.11 56.62 0 0.513226 827.26 354.96 28.93 61.36 0 0.509090 1019.47 354.06 27.32 52.95 0 0.508437 1046.49 654.22 54.31 24.61 0 0.505259 920.22 349.39 27.74 59.71 0 0.505062 131.98 490.96 31.94 56.70 0 0.497490 222.55 166.08 34.71 62.18 0 0.486694 104.22 49.19 36.06 65.35 0 0.471384 157.29 58.82 29.71 46.19 0 0.439793 950.05 354.02 29.72 58.32 0 0.439339 558.40 691.02 42.59 24.76 0 0.426075 608.45 466.39 28.10 50.66 0 0.420679 822.92 777.45 27.83 49.18 0 0.397494 227.41 169.05 35.98 59.72 0 0.397182 565.36 723.14 41.87 27.28 0 0.387331 675.82 0.00 29.97 45.99 0 0.360822 663.82 379.44 29.64 55.98 0 0.346462 836.30 24.00 50.02 69.00 1 0.325722 249.65 294.72 29.05 57.83 0 0.325347 547.81 649.56 49.44 25.56 0 0.320679 186.06 487.50 32.60 55.80 0 0.317350 833.07 554.08 50.28 26.34 0 0.304547 843.19 778.42 34.06 50.50 0 0.302300 956.24 425.01 27.41 60.60 0 0.285535 296.38 167.24 31.96 58.09 0 0.278624 683.58 67.67 40.23 46.78 0 0.261171 1067.07 691.94 59.42 27.52 0
283,0.695299 1468.35 351.59 177.37 74.86 0 0.623163 806.36 380.00 218.06 85.02 0 0.618074 548.04 403.38 192.96 70.70 0 0.599586 0.00 432.11 198.73 85.53 0
284,0.719869 800.36 862.51 70.96 62.44 0 0.710218 909.23 994.50 69.81 78.17 0 0.678993 463.65 605.58 54.24 52.79 0 0.668226 1017.34 781.06 63.21 61.52 0 0.649929 722.31 444.93 52.64 50.46 0 0.649745 627.52 794.31 61.19 58.00 0 0.648377 839.79 592.79 62.88 65.91 0 0.647347 908.48 99.20 55.21 43.20 0 0.630134 898.68 651.02 69.79 64.22 0 0.629065 506.76 513.05 61.18 54.87 0 0.628866 876.07 624.94 60.44 52.67 0 0.628426 529.40 702.13 64.37 55.54 0 0.627987 881.54 957.50 68.99 66.82 0 0.625871 438.85 574.94 58.56 49.21 0 0.624509 976.65 748.37 68.38 62.44 0 0.624071 826.35 892.60 70.88 64.59 0 0.612427 477.49 485.17 64.19 46.22 0 0.610206 723.03 755.05 60.57 66.05 0 0.608272 820.25 557.98 66.62 58.82 0 0.606825 655.35 872.92 69.72 61.52 0 0.606044 510.59 655.72 72.26 67.51 0 0.602754 763.49 823.22 62.98 58.16 0 0.600165 644.73 820.13 67.23 63.28 0 0.595781 700.91 728.51 59.98 59.99 0 0.593609 612.50 627.98 66.93 61.22 0 0.591290 914.09 228.87 56.90 52.95 0 0.582734 654.80 348.31 55.76 46.05 0 0.581660 586.64 601.55 68.96 56.10 0 0.578392 853.22 925.11 66.77 64.44 0 0.575826 859.71 187.29 48.29 40.54 0 0.574990 744.74 789.21 70.94 65.26 0 0.568973 529.61 556.11 53.77 52.17 0 0.568536 1124.73 734.07 56.61 58.08 0 0.568013 660.73 696.43 64.64 59.15 0 0.567572 648.48 357.62 55.53 42.68 0 0.567005 642.80 657.09 64.71 60.32 0 0.566029 417.57 540.34 61.90 50.20 0 0.564159 557.85 734.44 61.09 57.46 0 0.561938 923.76 693.88 62.56 59.66 0 0.555954 767.28 508.20 59.33 55.30 0 0.552233 1068.21 848.08 68.45 64.19 0 0.551949 490.50 466.16 65.06 53.75 0 0.544792 682.91 889.56 73.51 68.64 0 0.541328 538.73 537.34 65.47 55.88 0 0.541153 530.13 540.84 64.99 62.35 0 0.530144 673.41 381.37 58.83 51.14 0 0.520561 851.60 148.68 44.65 39.44 0 0.517385 1137.76 786.18 72.72 62.23 0 0.516932 649.13 664.91 58.45 61.10 0 0.515134 770.71 1002.72 70.91 63.32 0 0.513740 935.97 1022.92 78.14 57.08 0 0.512888 832.12 167.14 44.08 40.25 0 0.508997 1153.46 827.89 72.99 56.47 0 0.508925 1037.89 817.94 69.28 60.58 0 0.500709 945.05 722.48 67.28 61.73 0 0.497255 1151.48 781.44 62.41 55.88 0 0.495085 747.74 476.76 59.67 51.85 0 0.494486 836.85 906.51 64.67 60.23 0 0.491654 450.82 464.64 67.94 52.50 0 0.489236 918.08 985.24 68.86 63.99 0 0.486570 458.97 451.43 60.75 56.99 0 0.486192 468.41 446.33 56.72 53.03 0 0.485161 1158.77 817.94 73.27 61.18 0 0.482680 663.44 685.22 67.08 59.68 0 0.478539 594.96 763.82 61.99 62.80 0 0.478083 1089.64 892.61 69.48 62.84 0 0.473925 406.33 548.35 62.84 52.90 0 0.472036 876.78 175.46 46.52 42.59 0 0.464380 695.36 409.01 56.49 45.46 0 0.462861 493.31 636.62 64.99 57.31 0 0.457951 848.63 586.52 64.54 58.45 0 0.454893 716.36 749.55 63.14 63.29 0 0.448013 1096.82 882.26 67.85 62.51 0 0.447177 497.01 624.94 60.33 50.06 0 0.447080 906.69 662.31 64.04 60.03 0 0.445077 619.01 789.10 64.46 53.67 0 0.445056 467.67 478.38 66.47 48.07 0 0.444640 971.94 739.63 66.73 60.24 0 0.444104 908.72 106.55 47.72 43.70 0 0.440016 692.52 424.39 60.06 44.25 0 0.435235 760.80 833.45 58.15 59.51 0 0.434464 601.02 589.66 60.22 56.57 0 0.434433 1019.83 788.29 65.76 65.03 0 0.433602 643.59 838.69 71.43 73.26 0 0.433191 886.57 946.98 67.45 65.30 0 0.424805 810.00 1029.38 63.63 50.62 0 0.420819 858.07 602.66 62.81 64.68 0 0.414651 1339.92 444.50 33.93 50.51 0 0.414650 1117.32 741.37 69.48 60.52 0 0.411403 587.58 770.04 60.40 57.59 0 0.409700 673.62 902.93 74.86 64.82 0 0.409236 551.78 723.67 60.93 63.06 0 0.400646 565.62 744.02 60.76 55.48 0 0.400273 622.18 636.32 66.13 56.84 0 0.398108 449.57 609.45 62.55 62.21 0 0.394676 760.47 502.14 61.98 54.73 0 0.393965 838.51 156.76 50.05 42.12 0 0.389608 599.69 758.69 60.19 54.77 0 0.388544 549.50 737.49 65.88 66.46 0 0.384025 748.13 783.13 68.82 57.69 0 0.382225 679.92 884.72 69.42 60.22 0 0.381651 516.67 679.44 71.39 59.49 0 0.380871 741.82 775.79 65.18 62.64 0 0.378571 404.81 557.49 61.12 52.56 0 0.378462 464.92 611.08 63.35 56.84 0 0.377448 430.05 558.02 63.70 54.57 0 0.376665 818.59 886.55 69.04 66.06 0 0.375547 321.61 280.64 56.64 44.24 0 0.374859 869.18 179.96 46.74 46.35 0 0.373691 671.11 371.47 59.37 52.83 0 0.373597 429.04 580.61 65.65 56.77 0 0.366334 917.09 88.66 53.39 42.76 0 0.354783 504.75 666.68 65.57 60.64 0 0.347952 707.13 432.95 57.91 44.53 0 0.347567 635.82 802.59 70.68 70.31 0 0.342869 916.70 685.86 65.23 58.28 0 0.335944 850.65 603.11 63.94 54.31 0 0.323107 1138.34 836.88 74.66 47.29 0 0.322608 740.93 484.39 60.38 49.38 0 0.318195 650.08 676.20 60.14 61.49 0 0.318055 1035.75 806.34 70.45 57.80 0 0.316182 1096.02 874.19 72.89 58.95 0 0.308835 941.94 734.63 59.34 49.28 0 0.306229 113.43 421.02 39.95 33.11 3 0.304713 832.28 574.52 66.72 60.16 0 0.303593 682.36 398.00 59.71 44.99 0 0.303252 686.03 720.19 67.19 57.26 0 0.301721 1063.34 842.36 63.11 61.60 0 0.298438 485.29 475.25 68.74 53.19 0 0.284475 782.82 998.33 65.72 62.07 0 0.281949 608.01 606.67 68.63 61.93 0 0.280437 649.52 370.39 56.41 44.95 0 0.275197 869.40 632.72 61.15 48.68 0 0.269123 473.16 457.75 63.37 58.60 0 0.266277 926.20 222.02 49.35 48.53 0 0.265622 750.24 468.08 63.36 54.57 0 0.262175 812.51 1018.99 63.65 59.07 0 0.262162 923.41 1015.43 79.72 60.29 0 0.252702 852.13 170.77 49.18 44.30 0
285,0.586648 858.01 588.29 52.35 51.08 0 0.482254 497.55 494.08 29.50 22.45 0 0.466055 768.62 604.29 41.75 27.92 0 0.441768 685.74 603.22 40.78 24.75 0 0.391671 990.48 624.19 42.04 30.01 0 0.371061 809.83 606.79 34.89 31.53 0 0.352217 690.43 569.61 30.59 20.76 0 0.340067 458.23 496.13 32.15 23.62 0 0.322004 687.66 593.52 34.81 27.91 0 0.311870 542.05 488.58 25.20 29.20 0 0.310032 526.40 464.80 26.30 23.47 0 0.285879 451.48 462.83 33.67 22.39 0 0.284572 572.60 466.13 26.49 23.49 0
286,0.510822 1817.60 796.56 53.12 46.49 3
287,0.423462 1364.27 473.17 34.34 31.79 0 0.422532 299.52 757.02 54.91 25.69 0 0.420015 539.81 732.17 60.28 24.59 0 0.418107 739.77 341.46 42.93 26.96 0 0.411501 373.31 753.92 36.86 22.59 0 0.408894 478.79 738.15 41.65 24.79 0 0.397505 927.75 711.23 56.94 29.22 0 0.380990 1365.02 372.68 24.48 22.24 0 0.377075 400.84 752.42 36.01 22.44 0 0.375661 852.98 526.74 68.06 37.35 1 0.364883 1603.43 302.39 35.78 21.45 0 0.354694 1066.40 458.01 50.98 26.03 0 0.340589 1150.24 413.87 31.21 34.52 0 0.318300 1338.65 373.00 24.81 28.71 0 0.318148 484.56 738.73 46.50 22.89 0 0.303349 1357.27 476.97 33.53 30.38 0 0.296587 1680.92 280.84 26.33 20.20 0 0.290715 1151.88 430.42 34.87 31.01 0 0.285348 1428.27 449.16 44.20 25.62 0 0.282623 625.35 582.15 43.60 32.67 0 0.270587 1123.26 439.49 33.30 30.65 0 0.264398 363.21 754.36 36.11 23.62 0 0.263752 1170.59 429.48 40.86 30.45 0 0.260198 1453.68 328.27 42.43 29.92 1 0.259370 1181.46 420.43 35.73 34.64 0 0.255266 1080.52 449.93 46.20 27.43 0 0.254470 530.60 735.09 49.83 22.09 0 0.251166 1336.25 469.68 28.98 30.04 0
288,0.739015 1312.74 881.57 37.13 68.39 0 0.733725 1004.62 519.90 27.81 48.45 0 0.708635 1412.25 874.44 35.62 60.91 0 0.681742 1487.31 648.86 33.08 53.29 0 0.680130 1814.69 870.28 40.19 58.71 0 0.675411 1430.43 656.56 29.96 56.21 0 0.662091 1622.85 878.67 35.66 60.47 0 0.661434 1524.19 648.62 31.09 57.04 0 0.657068 1365.93 657.91 32.92 52.90 0 0.655567 1363.01 463.28 30.87 44.99 0 0.653000 1194.89 552.62 29.89 51.50 0 0.633877 1867.59 772.92 37.86 54.30 0 0.597991 1554.66 459.21 32.75 49.56 0 0.595932 1398.27 654.49 29.90 57.87 0 0.589677 1724.04 877.13 35.30 54.91 0 0.587977 1554.79 649.85 35.97 58.69 0 0.587749 1652.80 771.63 34.94 56.73 0 0.581693 1787.33 871.51 37.30 53.60 0 0.580909 1336.07 659.92 32.53 50.32 0 0.577443 1675.80 651.80 34.31 53.11 0 0.577222 1523.91 888.34 31.96 49.03 0 0.575001 1443.70 463.48 31.85 52.37 0 0.574830 1448.31 875.40 35.77 61.43 0 0.572159 1836.96 771.01 36.42 51.45 0 0.571654 1656.18 878.58 35.96 60.96 0 0.563072 1870.17 1028.65 32.46 51.35 0 0.561302 1689.13 875.89 35.45 55.09 0 0.560011 1127.32 709.29 54.62 27.69 0 0.556125 1070.48 134.93 41.15 18.79 0 0.555376 836.55 714.55 29.24 64.78 0 0.546397 1860.60 444.51 34.38 49.39 0 0.545081 1820.45 651.91 38.03 45.53 0 0.535512 1211.48 256.76 41.86 20.60 0 0.527987 1092.09 327.35 48.33 22.97 0 0.525621 1853.89 870.65 38.47 58.50 0 0.521924 1649.46 779.26 37.45 55.92 0 0.520021 1120.90 678.93 56.72 28.30 0 0.511878 1880.82 871.22 36.28 58.65 0 0.508735 1801.09 454.48 34.83 45.59 0 0.495297 1626.07 783.20 33.56 53.16 0 0.489592 1808.05 451.23 40.95 48.18 0 0.488676 1250.44 478.50 30.84 46.59 0 0.483166 1308.88 473.59 31.52 45.24 0 0.473746 1076.47 112.62 36.95 18.66 0 0.465772 1620.28 772.41 33.78 46.03 0 0.459220 1418.87 469.90 30.77 47.81 0 0.459184 1405.74 1039.87 43.71 40.13 0 0.459145 1673.25 874.98 39.05 53.68 0 0.458598 1589.51 457.50 30.27 56.29 0 0.453426 1588.57 1032.79 42.12 47.21 0 0.452024 1769.59 1032.02 36.44 47.98 0 0.451509 1559.95 889.78 33.35 52.47 0 0.442501 1655.31 651.04 28.52 45.58 0 0.434875 866.92 761.71 34.58 58.74 0 0.432935 1795.10 773.16 34.09 49.53 0 0.432051 1698.23 1036.50 34.83 43.50 0 0.419265 1888.72 447.56 31.14 49.10 0 0.417275 1812.17 637.06 38.23 42.79 0 0.415778 1614.17 880.69 36.39 58.58 0 0.415702 833.87 625.33 35.95 71.60 0 0.409282 1775.78 875.90 40.30 53.46 0 0.409169 1204.66 253.87 43.41 21.59 0 0.408567 1083.54 295.83 50.49 23.38 0 0.402704 1091.11 353.48 48.09 23.70 0 0.398605 1358.47 575.29 29.74 40.77 0 0.398182 990.95 51.77 15.13 32.82 0 0.393280 1081.88 292.38 49.61 23.06 0 0.392956 1384.42 576.83 30.67 44.89 0 0.392872 1880.61 644.10 33.94 49.20 0 0.387309 878.87 617.30 30.57 56.23 0 0.384176 1767.20 673.63 34.84 30.93 0 0.379505 1077.22 42.97 32.41 19.48 0 0.369335 1834.69 446.63 32.44 46.01 0 0.368726 1088.15 991.46 44.44 34.60 0 0.363188 1884.94 769.91 31.46 52.05 0 0.354489 1505.82 887.22 32.61 43.99 0 0.348571 1887.45 1025.72 31.68 54.28 0 0.347645 1384.70 571.25 31.89 37.65 0 0.346007 1250.39 469.74 27.85 37.52 0 0.342448 1081.86 255.70 39.53 19.54 0 0.340004 1789.90 669.34 39.88 35.87 0 0.336194 1824.64 770.76 39.87 49.38 0 0.331574 1631.02 567.36 34.81 48.55 0 0.327271 1142.58 770.31 52.16 27.38 0 0.322488 1079.22 283.43 48.12 24.01 0 0.319893 1359.30 571.54 30.99 37.46 0 0.312365 1791.51 777.73 31.07 48.06 0 0.309753 998.46 214.63 23.70 39.47 0 0.309735 1326.42 660.83 33.02 49.92 0 0.308860 1317.01 582.30 26.69 39.99 0 0.306432 865.47 72.41 20.19 40.82 0 0.295546 1150.85 35.01 19.46 16.34 0 0.294704 1199.20 223.73 40.41 19.85 0 0.284221 1080.60 278.80 41.68 21.76 0 0.281223 1299.81 467.64 33.67 37.32 0 0.279364 1403.40 1047.02 46.36 32.98 0 0.278313 1454.11 567.53 40.03 26.52 0 0.272043 1666.01 878.81 38.25 54.32 0 0.269012 1316.50 597.45 25.28 36.63 0 0.263312 1700.34 771.50 31.95 29.84 0 0.254351 1627.89 561.52 32.50 40.09 0
289,0.747507 1220.49 516.41 70.09 30.80 1 0.382424 1343.31 546.33 22.83 13.17 0 0.297604 1008.73 427.64 16.91 15.71 0
290,0.412213 1129.31 160.26 37.57 24.97 0 0.251085 567.32 434.68 36.63 46.31 0
291,0.687635 713.25 552.47 51.92 34.57 0 0.656946 804.84 718.32 61.45 41.99 0 0.654875 472.18 985.83 66.33 41.75 0 0.651565 864.95 627.64 56.90 39.68 0 0.648611 724.76 873.73 58.54 41.67 0 0.645338 620.36 585.35 54.50 38.40 0 0.640961 575.11 798.26 61.79 40.29 0 0.637908 522.59 891.40 68.55 44.92 0 0.628497 627.42 704.93 63.11 43.13 0 0.614344 760.59 804.44 59.30 43.17 0 0.612417 658.82 669.75 59.61 36.99 0 0.607530 1357.89 52.40 56.80 38.77 0 0.592117 742.75 841.95 60.33 42.29 0 0.591678 636.18 1035.95 61.10 44.05 0 0.579009 699.21 583.53 55.39 37.17 0 0.575780 656.45 1000.77 62.00 43.04 0 0.574236 789.93 746.38 61.67 41.14 0 0.573528 1091.60 704.09 56.41 33.91 0 0.572364 415.97 913.93 58.52 40.12 0 0.569564 665.68 650.17 64.11 42.04 0 0.568710 827.35 685.11 56.16 38.10 0 0.568306 668.49 967.93 62.31 38.83 0 0.567485 878.22 605.97 58.27 39.07 0 0.564465 430.40 78.48 51.58 59.56 0 0.563716 635.21 549.63 48.74 35.46 0 0.563669 663.02 639.03 52.75 34.08 0 0.554964 361.61 1016.00 58.74 43.80 0 0.550544 739.29 489.19 49.03 36.86 0 0.550251 684.18 933.86 55.82 36.35 0 0.545803 1100.48 676.05 58.52 36.96 0 0.544071 741.07 531.81 56.86 37.12 0 0.543653 470.09 821.62 61.27 41.84 0 0.532395 1288.72 14.89 59.70 45.44 0 0.518362 544.50 860.91 55.64 34.97 0 0.511995 399.61 945.09 63.04 40.84 0 0.510522 709.34 903.74 61.95 43.22 0 0.509088 452.32 1017.48 68.69 44.03 0 0.508761 500.76 931.27 62.15 38.04 0 0.499849 513.59 758.64 57.65 38.70 0 0.498698 841.77 659.18 56.95 43.93 0 0.497516 557.63 666.07 55.29 42.70 0 0.497278 662.50 493.96 58.19 36.35 0 0.496101 503.41 921.98 65.33 42.02 0 0.495330 539.61 701.75 62.28 41.99 0 0.495173 609.19 726.83 67.60 45.05 0 0.494105 1058.94 762.64 54.88 38.06 0 0.489622 530.06 726.62 60.40 41.48 0 0.481948 1232.86 0.00 60.45 26.60 0 0.480196 689.86 579.14 45.99 36.33 0 0.474409 1185.18 712.74 54.84 33.42 0 0.470475 486.28 958.97 63.09 36.62 0 0.468778 660.35 986.81 62.43 50.56 0 0.457892 518.11 760.85 58.47 45.37 0 0.452677 652.11 992.88 61.03 44.20 0 0.452164 1095.15 666.14 49.79 32.85 0 0.440590 490.13 951.49 65.16 37.94 0 0.438897 563.51 824.94 64.19 42.00 0 0.435871 487.64 783.50 65.61 39.78 0 0.435357 536.66 855.24 56.06 41.04 0 0.431699 1069.82 767.37 52.46 40.69 0 0.431266 480.00 785.96 59.05 36.18 0 0.426596 605.74 615.43 46.80 38.52 0 0.424598 1191.24 716.14 56.32 35.06 0 0.424309 608.90 607.32 51.00 41.79 0 0.420445 744.95 495.75 52.83 35.79 0 0.418964 592.40 767.18 61.00 37.63 0 0.412884 1096.21 720.69 55.38 32.27 0 0.410374 643.37 522.90 57.89 32.78 0 0.406842 570.37 637.93 57.89 40.78 0 0.401883 610.60 736.21 61.72 41.59 0 0.400243 716.13 546.30 54.36 34.19 0 0.399031 834.76 668.29 56.43 44.57 0 0.394860 701.84 910.42 59.51 39.71 0 0.393011 552.21 658.03 60.27 45.79 0 0.391714 592.19 760.03 64.03 35.66 0 0.389226 717.55 877.04 60.97 49.96 0 0.388976 739.11 834.40 62.86 37.23 0 0.386682 1236.99 0.00 60.50 38.45 0 0.381146 622.08 539.75 54.68 36.50 0 0.370638 872.88 597.29 50.76 34.09 0 0.365643 470.83 804.73 62.92 38.39 0 0.364993 480.95 793.86 61.00 40.72 0 0.358338 675.78 945.45 59.34 40.53 0 0.356825 521.58 873.42 67.65 42.86 0 0.355314 655.20 511.56 56.84 36.66 0 0.353844 856.31 647.34 54.16 40.56 0 0.341754 437.92 1033.25 73.28 45.85 0 0.340279 593.89 607.51 54.58 39.79 0 0.337411 730.00 532.35 55.74 36.40 0 0.334762 365.29 784.88 32.19 24.20 3 0.331719 797.86 733.66 62.28 48.85 0 0.331329 728.92 857.35 60.83 50.37 0 0.325794 634.43 708.41 62.76 44.22 0 0.322799 653.68 492.89 54.30 34.16 0 0.319105 472.80 971.71 67.05 38.50 0 0.317659 626.86 1045.13 67.29 34.87 0 0.317582 689.10 926.95 59.39 38.82 0 0.308877 798.74 710.98 58.59 39.89 0 0.306961 699.28 235.44 20.47 22.13 3 0.305366 461.44 1005.23 66.47 48.74 0 0.300121 1566.00 1.03 45.59 28.50 0 0.297967 752.98 819.59 61.32 43.06 0 0.296005 687.75 564.34 47.79 34.67 0 0.292516 371.93 1015.11 55.55 48.77 0 0.290404 546.40 846.74 62.69 43.74 0 0.286484 646.08 1018.84 62.10 41.64 0 0.285604 675.85 963.94 61.78 39.86 0 0.285358 606.26 745.94 63.35 42.83 0 0.284185 618.17 1053.73 63.96 26.27 0 0.282113 614.98 713.89 70.33 49.36 0 0.277240 1626.81 32.91 47.36 26.82 0 0.273956 525.69 743.04 57.84 43.30 0 0.270270 436.10 1046.82 65.19 33.18 0 0.266596 540.12 864.36 58.47 40.47 0 0.264647 749.88 500.71 52.03 33.17 0 0.258412 871.93 619.71 57.69 42.97 0 0.257339 734.77 518.14 52.05 31.73 0 0.250102 662.45 655.64 62.11 41.76 0
292,0.653949 210.08 659.35 63.55 31.10 0 0.637769 1564.48 203.45 50.91 26.87 0 0.627406 1818.20 818.71 69.10 37.65 0 0.625669 1721.38 127.09 46.31 22.89 0 0.623233 442.21 678.91 55.25 29.74 0 0.611119 1825.09 80.64 43.57 22.27 0 0.606301 1849.13 153.58 49.62 22.88 0 0.590018 1857.33 186.69 48.50 23.56 0 0.570193 1843.35 128.66 45.63 23.12 0 0.568860 1738.75 180.56 45.88 23.07 0 0.555538 669.74 771.03 61.53 28.04 0 0.550998 1706.42 60.64 42.46 18.86 0 0.544417 908.54 728.95 61.95 30.98 0 0.531120 1850.31 15.79 47.89 27.38 0 0.525381 1717.94 104.94 45.93 22.42 0 0.515393 1850.43 164.25 53.13 24.18 0 0.512918 1818.87 57.11 41.31 24.54 0 0.508810 1572.56 253.80 54.01 27.20 0 0.508257 1731.18 164.75 47.98 23.11 0 0.496325 1834.36 109.83 43.26 21.98 0 0.493221 1854.70 178.88 50.13 25.81 0 0.489903 1743.22 810.95 63.78 30.66 0 0.489231 1874.85 221.40 45.15 25.57 0 0.486717 1707.60 55.21 41.73 21.79 0 0.486348 1713.18 90.17 43.06 20.28 0 0.474877 1688.31 15.17 42.25 22.96 0 0.469956 1877.46 227.93 41.02 24.14 0 0.461427 1513.79 260.12 48.67 24.12 0 0.442262 1750.68 230.16 44.33 22.57 0 0.431487 1753.91 246.26 42.80 23.56 0 0.428184 1793.66 10.13 43.69 23.03 0 0.428096 1697.87 34.02 42.65 22.40 0 0.426772 1826.29 87.89 41.49 22.25 0 0.426459 1750.30 207.82 41.53 21.38 0 0.421323 1829.94 106.98 45.45 21.50 0 0.420125 1886.01 272.88 33.99 25.45 0 0.407201 1735.44 171.99 50.19 25.44 0 0.394799 1848.49 135.89 49.76 22.78 0 0.393029 1751.47 224.49 43.47 23.83 0 0.392191 1685.08 9.33 42.96 24.65 0 0.374352 1889.91 826.26 30.09 30.77 0 0.373009 1806.25 37.17 40.59 22.03 0 0.343791 1884.05 128.48 35.53 22.36 0 0.341504 1699.84 44.04 45.80 23.31 0 0.341212 1731.66 155.98 46.81 23.86 0 0.340451 1881.19 104.63 38.43 23.43 0 0.339989 1710.14 77.19 43.06 23.06 0 0.328430 1882.10 251.13 37.90 24.93 0 0.327031 1878.84 79.35 38.29 23.63 0 0.319905 1873.96 106.29 40.61 22.80 0 0.309038 1803.23 29.59 38.16 22.47 0 0.308292 1871.10 69.56 39.23 24.32 0 0.300556 1623.39 0.00 46.10 20.89 0 0.300250 1686.25 0.00 42.60 19.45 0 0.281607 1234.93 903.23 46.00 22.67 0 0.273106 1719.32 112.63 47.99 23.39 0 0.258971 1823.87 66.05 41.68 21.78 0 0.255515 1747.89 211.31 43.87 23.19 0 0.250246 1798.49 13.84 43.78 22.85 0
293,
294,0.552286 1008.60 617.18 35.58 55.17 0 0.390667 1006.28 862.19 40.25 75.21 0 0.371306 1013.21 794.25 33.28 48.87 0 0.333499 862.46 11.32 22.99 22.01 0 0.332923 1019.86 773.74 29.27 43.53 0 0.330258 1011.01 694.31 31.13 57.14 0 0.311761 869.02 38.41 21.11 19.05 0 0.281265 1009.59 845.00 38.72 80.97 0 0.280669 1001.97 885.18 39.28 68.64 0 0.276271 1009.72 710.41 30.92 57.55 0 0.250590 1016.78 800.96 32.69 45.19 0
295,0.278594 721.36 754.24 35.01 30.40 0 0.271685 396.61 531.79 55.81 33.39 0 0.258855 368.21 854.94 20.32 20.38 0 0.251438 679.36 707.10 26.35 18.28 0
296,0.565555 993.35 510.61 58.35 30.13 0 0.558528 1730.05 610.70 65.14 34.01 0 0.540775 81.59 389.51 60.10 34.49 0 0.515763 1481.25 578.48 61.90 35.00 0 0.453137 252.61 411.45 54.70 29.90 0 0.433765 0.30 375.95 68.80 37.66 0 0.420247 152.29 398.02 50.65 30.85 0 0.405081 11.72 382.30 63.86 34.59 0 0.385656 165.50 401.35 56.28 29.94 0 0.347018 71.47 385.99 60.64 35.75 0
297,0.433590 978.42 622.31 31.80 51.55 0 0.424296 940.59 337.10 31.75 37.84 0 0.416890 973.54 490.16 30.79 45.71 0 0.397178 966.02 441.43 29.71 37.93 0 0.393643 954.57 389.30 26.25 37.64 0 0.381617 945.46 336.95 30.65 34.41 0 0.370083 979.93 635.89 28.44 46.20 0 0.322710 940.18 330.90 31.89 37.26 0 0.298061 965.74 450.20 29.64 34.84 0
298,0.655126 1697.17 359.00 127.47 54.84 0 0.645416 1851.15 354.94 68.85 56.10 0 0.634513 1522.04 356.30 127.06 54.81 0 0.582997 97.57 85.06 42.80 28.65 3 0.580857 1007.43 125.49 41.77 48.76 0 0.579721 1574.78 538.82 144.71 59.27 0 0.563299 1235.63 724.76 52.24 31.35 3 0.546885 1295.68 415.34 50.37 27.29 3 0.512625 759.41 5.90 38.91 62.93 0 0.492544 1246.08 72.99 49.77 53.62 0 0.490681 1003.30 54.22 41.27 23.39 0 0.484725 1362.74 352.37 132.06 59.60 0 0.474791 1000.94 12.23 44.57 28.38 0 0.463596 1007.40 104.19 42.95 25.68 0 0.443110 1247.26 818.71 65.46 33.99 3 0.434141 755.75 60.62 46.49 49.33 0 0.427887 945.10 431.69 57.28 31.06 3 0.413900 1293.75 957.62 72.66 52.98 3 0.406401 1249.33 782.05 59.88 32.84 3 0.393683 1006.00 81.13 40.54 24.74 0 0.390096 734.81 114.96 65.49 50.08 0 0.389400 1298.91 984.43 71.98 46.51 3 0.380245 528.64 531.90 99.73 49.57 0 0.352548 1060.62 236.36 39.42 69.83 0 0.351140 730.16 103.34 57.93 57.73 0 0.348767 758.35 39.61 41.77 61.70 0 0.305900 42.18 327.70 121.31 62.36 0 0.302905 1292.70 939.09 73.21 44.34 3 0.292460 1217.02 679.48 53.31 33.26 3 0.290103 33.97 332.50 141.74 69.31 0
299,0.708189 1554.17 263.02 28.17 43.46 0 0.682066 1815.13 244.62 32.41 46.28 0 0.666793 1743.77 196.61 32.69 33.89 0 0.660071 1369.07 83.31 22.61 36.71 0 0.650492 1701.12 254.21 26.81 42.55 0 0.634568 1030.43 406.92 25.22 44.43 0 0.633870 1583.02 262.37 25.51 43.81 0 0.621531 1316.55 275.75 31.28 43.84 0 0.618104 1602.98 261.66 27.91 41.96 0 0.581253 1100.10 674.61 28.32 46.75 0 0.580601 1704.77 116.91 25.73 37.86 0 0.574336 1674.38 252.68 27.62 41.40 0 0.568241 1420.08 270.87 25.76 33.71 0 0.556206 1286.69 437.85 51.77 25.60 0 0.554536 1062.35 54.18 21.04 40.87 0 0.552253 1348.83 15.21 19.42 28.93 0 0.550845 1576.96 207.49 24.97 33.56 0 0.537368 1629.13 260.24 30.09 40.82 0 0.532052 983.16 447.25 25.82 56.69 0 0.530818 1539.01 359.05 27.15 42.57 0 0.530750 1444.72 125.39 25.57 39.43 0 0.522136 1411.46 14.79 23.75 30.72 0 0.516372 1376.34 828.56 58.97 33.39 0 0.506502 1501.05 266.57 28.07 43.56 0 0.503813 1071.79 446.17 24.25 45.43 0 0.496162 1390.16 16.99 22.66 30.57 0 0.494835 1218.23 85.73 26.22 34.66 0 0.487474 1289.78 488.29 46.20 21.64 0 0.486625 1727.14 252.45 27.06 39.22 0 0.485041 1396.75 271.20 25.47 34.99 0 0.484906 1478.43 127.93 25.72 39.76 0 0.477957 1559.34 207.49 23.09 33.04 0 0.472529 1324.26 138.73 24.54 34.54 0 0.469738 1373.97 142.14 23.57 37.55 0 0.468844 1355.40 701.80 50.61 24.84 0 0.458652 1501.94 128.41 25.41 38.65 0 0.453497 1465.82 130.81 22.02 37.60 0 0.444230 1111.98 504.35 19.90 39.36 0 0.440411 1351.83 668.33 49.92 27.44 0 0.438266 1759.16 196.85 33.10 32.73 0 0.431337 1394.98 371.90 34.19 30.51 0 0.425568 1697.34 0.00 23.85 32.48 0 0.417637 1658.26 253.55 27.34 40.56 0 0.415363 1347.76 138.13 24.27 35.43 0 0.415190 1585.15 130.24 31.21 25.71 0 0.413510 1405.60 125.79 24.79 37.76 0 0.413313 1537.67 354.59 31.71 40.66 0 0.411063 1348.31 82.97 20.60 34.65 0 0.410474 1746.48 118.25 26.30 38.15 0 0.410402 1278.95 411.96 56.56 25.96 0 0.399662 1347.18 142.32 20.76 33.40 0 0.398153 941.55 138.75 20.00 37.54 0 0.396909 1525.91 7.04 25.44 35.05 0 0.394142 1295.43 475.14 51.12 23.70 0 0.392898 1147.05 348.69 44.85 19.97 0 0.390687 1560.56 75.75 27.17 29.61 0 0.390429 1168.06 154.77 39.70 21.18 0 0.385480 1363.06 889.36 47.92 33.28 0 0.383745 1464.29 266.06 28.55 36.04 0 0.382931 1662.49 129.81 22.08 31.35 0 0.382507 1344.65 674.87 53.81 25.54 0 0.369200 1770.78 254.18 29.95 35.95 0 0.367380 1684.50 123.68 21.74 35.79 0 0.363052 1807.83 246.41 33.94 43.82 0 0.359209 1361.40 706.88 51.00 25.64 0 0.358901 1314.79 96.26 23.02 29.87 0 0.358666 1656.86 259.22 26.56 38.70 0 0.357358 1495.36 6.79 26.36 30.54 0 0.343517 1721.58 0.00 23.35 32.32 0 0.331568 931.87 0.00 23.27 37.14 0 0.331252 1543.32 261.69 29.48 43.35 0 0.319096 1256.16 27.38 20.84 28.62 0 0.309462 1373.53 16.25 16.90 29.46 0 0.307935 1593.34 128.84 31.43 25.88 0 0.302589 1365.80 893.58 50.60 38.14 0 0.294085 1356.62 880.45 47.08 32.48 0 0.290163 1730.28 195.86 33.21 32.52 0 0.288935 1477.39 265.80 29.90 39.74 0 0.287172 1748.79 255.34 30.62 35.48 0 0.277073 1299.14 24.69 26.62 26.17 0 0.276706 972.50 192.38 27.17 48.37 0 0.272158 1343.99 200.27 23.84 26.80 0 0.268795 1298.96 19.32 24.90 27.01 0 0.267493 1385.01 132.49 24.36 35.99 0 0.265313 1752.33 261.05 27.36 35.98 0 0.263823 983.53 452.16 27.83 63.21 0 0.262648 1169.03 175.75 40.79 20.25 0 0.256435 1294.95 514.43 35.00 18.52 0 0.251303 1256.89 19.31 22.44 28.12 0
300,
301,0.673380 639.77 503.04 85.22 160.31 1 0.670462 1146.91 543.39 30.46 53.66 0 0.648920 713.31 386.25 29.33 45.97 0 0.647948 963.03 539.39 28.03 53.99 0 0.632970 1176.74 540.89 31.46 60.27 0 0.630239 260.99 955.35 38.33 59.38 0 0.601808 561.65 851.29 64.56 29.52 0 0.589470 998.10 535.03 32.24 55.59 0 0.588066 411.13 958.71 30.82 60.38 0 0.568571 808.37 376.94 28.70 47.96 0 0.551040 417.11 832.88 55.94 32.44 0 0.533266 1085.46 551.89 30.52 51.13 0 0.524052 747.58 384.08 27.51 45.70 0 0.515419 500.36 844.32 44.93 25.26 0 0.511471 261.72 830.63 47.19 26.86 0 0.511295 253.76 708.91 64.88 25.19 0 0.498393 993.25 884.00 32.13 62.94 0 0.487088 713.05 314.16 31.28 46.63 0 0.480847 142.41 824.03 33.11 29.28 0 0.463536 964.85 882.30 30.23 59.57 0 0.461197 28.20 924.23 27.79 41.83 0 0.439555 840.32 733.09 22.77 22.76 3 0.438760 647.79 847.86 52.04 29.02 0 0.436229 745.08 333.42 28.45 46.58 0 0.436098 277.24 830.87 50.97 26.49 0 0.433815 27.49 931.99 26.32 37.20 0 0.426308 1024.26 883.76 36.57 65.61 0 0.418597 1152.02 793.23 60.62 34.49 0 0.408880 810.95 323.09 30.19 46.58 0 0.407317 75.27 700.95 48.58 25.71 0 0.405601 97.05 827.83 43.28 26.06 0 0.396775 75.57 738.38 50.66 26.78 0 0.395860 100.09 824.40 51.43 28.57 0 0.393823 814.26 333.46 27.98 40.47 0 0.392107 605.81 285.40 24.71 40.08 0 0.391410 512.51 847.55 46.00 23.47 0 0.388114 1173.29 791.04 50.91 36.41 0 0.374908 778.00 320.76 31.04 45.90 0 0.366711 715.77 365.93 30.08 42.59 0 0.354320 713.03 329.52 32.52 48.04 0 0.340411 431.71 833.23 60.30 32.95 0 0.316736 604.81 60.11 34.75 49.23 1 0.315461 1184.24 929.06 48.55 47.94 0 0.314858 936.67 887.37 28.78 57.42 3 0.311302 603.86 472.35 49.55 35.34 0 0.310625 208.92 827.04 39.97 28.55 0 0.307357 747.40 325.10 28.88 49.79 0 0.292801 711.87 306.26 32.01 41.05 0 0.288997 746.43 367.25 27.95 42.40 0 0.288680 184.13 825.73 41.76 30.57 0 0.280375 964.10 551.21 27.02 51.94 0 0.276780 1212.35 506.43 41.11 30.94 0 0.272552 886.54 918.33 32.64 32.91 3 0.261309 555.58 849.88 60.31 28.24 0 0.258698 925.86 535.72 29.71 40.53 0 0.258608 775.72 328.64 28.66 40.66 0 0.251630 952.08 489.90 29.60 27.32 0
302,0.687570 108.35 500.06 36.32 64.93 0 0.661699 595.14 495.64 28.47 49.39 0 0.640375 517.09 483.07 30.61 57.61 0 0.635580 834.04 532.91 60.88 32.98 0 0.584937 627.35 488.25 29.90 52.52 0 0.579707 1274.66 230.05 29.03 55.74 0 0.547073 1050.30 219.78 34.39 47.04 0 0.544477 1244.96 232.98 29.40 52.30 0 0.521371 1099.77 97.09 26.28 40.08 0 0.513992 466.93 490.80 34.79 60.17 0 0.508625 1127.21 94.42 28.33 41.90 0 0.473103 1034.60 154.04 27.76 42.92 0 0.463989 1271.80 331.27 69.91 31.54 0 0.449901 929.91 81.50 45.96 26.60 0 0.426125 617.53 8.97 59.79 29.32 0 0.410401 872.93 80.82 47.89 23.20 0 0.376085 40.31 676.97 47.57 37.13 0 0.371709 1531.47 60.75 29.36 44.12 0 0.358247 1390.26 251.32 29.41 27.69 0 0.356179 1193.29 189.00 29.71 35.27 0 0.349795 1357.15 246.30 26.64 31.90 0 0.348370 1266.37 335.55 69.45 29.43 0 0.347760 1304.77 221.12 26.84 54.65 0 0.344409 1088.87 236.49 28.33 48.31 0 0.340982 992.83 91.28 31.22 39.31 0 0.334670 1147.23 576.74 27.27 41.02 0 0.332332 1338.97 245.11 27.95 35.56 0 0.314814 1579.52 255.06 42.61 35.71 0 0.309890 1084.14 227.69 31.56 54.33 0 0.299469 953.65 107.49 32.57 31.83 0 0.291911 511.10 484.04 32.45 60.66 0 0.291770 130.17 652.35 50.04 29.78 0 0.276608 1275.66 240.46 22.42 50.69 0 0.255369 992.27 98.48 30.25 37.33 0
303,0.549002 124.78 664.01 24.72 20.85 0 0.507468 674.19 594.29 18.27 14.67 0 0.491465 138.03 664.31 26.00 19.86 0 0.490069 263.44 708.14 26.14 21.90 0 0.452221 97.74 661.94 24.92 16.62 0 0.432736 722.03 642.44 21.74 18.65 0 0.427912 315.97 638.76 20.64 18.38 0 0.392267 292.13 640.93 18.83 16.47 0 0.309654 331.38 638.46 22.78 16.06 0 0.295222 560.25 604.57 49.46 40.71 1 0.267330 701.31 638.94 18.94 16.52 0
304,0.512447 915.44 147.67 25.65 45.42 0 0.409275 1167.40 551.94 60.60 38.67 0 0.337899 917.89 378.54 32.04 61.28 0
305,0.645008 571.78 426.47 32.49 51.72 0 0.595045 550.02 698.22 34.78 62.92 0 0.560388 522.25 682.19 32.52 59.35 0 0.516938 623.24 168.34 27.82 43.21 0 0.514853 647.40 38.67 25.82 37.99 0 0.414393 768.56 898.08 30.80 25.53 0 0.380265 769.23 875.51 28.17 26.11 0 0.320520 768.91 922.80 34.27 23.97 0 0.269877 767.36 945.50 35.09 24.91 0 0.255381 522.31 694.92 30.43 62.63 0
306,0.576326 845.70 55.79 20.87 38.94 0 0.564082 268.32 183.23 26.74 39.27 0 0.543591 21.95 71.22 18.42 33.67 0 0.537799 27.24 0.09 17.56 33.85 0 0.536834 843.38 136.03 20.19 40.99 0 0.530590 138.96 70.32 22.63 35.33 0 0.526409 1.02 72.84 18.34 33.68 0 0.508784 293.20 179.81 26.71 39.44 0 0.505196 91.59 71.95 20.29 33.39 0 0.497742 219.11 188.06 27.91 40.59 0 0.497561 43.88 70.93 19.41 32.89 0 0.493410 3.29 0.86 18.62 34.49 0 0.488339 73.64 0.00 19.62 31.85 0 0.484106 285.23 231.39 22.89 39.94 0 0.483352 164.15 0.00 20.57 30.63 0 0.479123 844.32 125.20 19.03 44.63 0 0.476177 50.30 0.00 17.51 32.62 0 0.469699 235.22 0.00 20.28 31.07 0 0.455875 844.22 97.88 20.04 41.96 0 0.446582 25.06 66.70 19.96 34.64 0 0.444903 66.28 71.57 20.35 33.60 0 0.428424 187.27 0.00 20.30 32.51 0 0.425247 270.74 0.00 23.01 25.80 0 0.424029 46.53 67.92 20.60 34.18 0 0.422157 188.99 65.19 25.64 34.86 0 0.421969 114.54 71.12 20.74 34.07 0 0.415460 821.83 698.29 28.77 59.02 0 0.410942 208.73 0.00 21.36 32.61 0 0.410219 292.69 0.00 23.03 24.25 0 0.393301 844.10 67.96 21.01 43.60 0 0.387278 98.99 0.00 22.46 28.38 0 0.375435 94.87 0.00 19.55 30.93 0 0.367337 238.10 0.00 20.15 30.31 0 0.358368 188.27 69.97 22.44 31.47 0 0.357834 120.41 0.00 21.37 28.57 0 0.355926 341.64 0.00 27.37 22.63 0 0.352976 292.05 185.09 24.46 36.38 0 0.351991 75.20 0.00 22.15 29.19 0 0.351423 190.54 0.00 19.63 31.81 0 0.334965 318.34 0.00 22.77 23.87 0 0.330819 116.17 0.00 21.66 31.15 0 0.317300 263.15 70.44 23.39 29.30 0 0.303501 283.62 66.47 25.52 32.12 0 0.286429 140.06 0.00 19.79 29.76 0 0.283747 269.70 0.00 19.72 27.91 0 0.279640 303.91 176.05 26.82 36.29 0 0.272980 236.83 70.66 25.95 28.61 0 0.271376 29.74 0.00 19.66 29.89 0 0.256595 301.64 66.32 25.24 32.41 0
307,0.793817 702.42 494.74 61.15 30.68 1 0.292397 458.74 447.23 18.31 15.55 0
308,0.817240 982.70 338.34 29.36 56.98 0 0.757923 959.25 497.48 31.20 62.58 0 0.743477 661.88 509.63 32.21 63.55 0 0.739413 503.26 601.00 32.11 56.40 0 0.737956 886.93 345.74 29.64 63.30 0 0.730718 975.42 264.24 29.68 54.93 0 0.730340 892.45 501.77 31.28 65.82 0 0.726962 520.85 364.63 34.41 63.90 0 0.718327 1074.81 732.16 33.60 60.49 0 0.716883 1048.81 336.58 32.74 60.07 0 0.714326 499.36 523.64 32.47 57.84 0 0.704024 547.37 285.22 32.32 55.88 0 0.703766 811.15 267.82 31.57 57.11 0 0.702514 1787.81 332.98 38.44 64.20 0 0.702424 685.21 357.24 31.70 60.92 0 0.701611 925.60 500.19 31.74 59.79 0 0.701461 448.10 286.99 34.92 64.15 0 0.698991 596.49 517.38 33.62 63.01 0 0.698682 718.30 354.73 31.77 62.89 0 0.692169 617.07 357.27 32.44 63.53 0 0.690870 878.47 267.46 28.71 61.52 0 0.690141 530.39 525.45 31.93 57.80 0 0.685965 517.93 285.38 29.95 58.67 0 0.678096 653.09 355.68 31.39 61.19 0 0.674328 820.36 354.06 30.48 60.08 0 0.673626 693.57 509.66 31.94 65.24 0 0.672563 995.04 503.29 30.66 61.07 0 0.672134 860.30 503.95 32.50 60.76 0 0.665134 1799.13 641.67 31.00 56.85 0 0.661986 1025.34 504.21 32.74 59.76 0 0.660205 846.08 266.34 29.97 63.27 0 0.659672 909.75 274.05 28.31 58.16 0 0.659292 647.02 274.33 31.23 62.12 0 0.655810 785.48 347.53 30.81 64.15 0 0.641760 542.74 610.16 27.12 55.39 0 0.641502 714.03 279.98 33.43 56.37 0 0.637891 759.88 508.54 33.95 62.84 0 0.629163 1793.03 488.62 37.21 65.84 0 0.628672 555.06 362.02 31.06 63.02 0 0.628283 439.00 179.87 16.59 24.83 3 0.627840 726.09 508.41 33.06 65.67 0 0.625550 949.78 335.57 31.23 59.48 0 0.616551 795.30 510.79 31.03 62.26 0 0.615695 855.27 351.80 30.98 65.66 0 0.611568 1007.39 264.68 31.23 58.64 0 0.609702 588.11 359.02 29.46 62.21 0 0.609334 631.01 510.88 31.84 65.89 0 0.608859 976.13 740.19 38.00 63.48 0 0.605029 564.10 524.75 30.47 61.71 0 0.601703 455.97 368.96 32.19 59.08 0 0.594544 1663.70 52.89 56.66 30.46 0 0.590137 942.63 264.55 29.44 58.94 0 0.588889 487.10 363.98 31.57 63.21 0 0.586369 1078.99 818.61 32.26 60.65 0 0.585353 468.34 598.40 33.71 61.94 0 0.584912 1796.52 563.78 33.59 58.57 0 0.577074 751.34 354.38 30.33 63.21 0 0.565876 744.75 280.32 30.32 55.22 0 0.564389 1659.12 0.00 66.82 25.96 0 0.559327 677.69 272.07 30.45 59.78 0 0.533312 465.36 520.79 31.69 61.91 0 0.510935 1016.37 338.86 30.49 63.26 0 0.481323 1787.13 182.08 32.25 55.17 0 0.456772 774.34 273.92 30.65 57.59 0 0.453427 1782.74 36.44 29.49 36.37 0 0.453236 1043.21 735.91 30.14 62.84 0 0.408639 603.29 175.88 13.39 24.45 3 0.403609 583.44 175.90 14.00 24.39 3 0.396432 1220.10 145.59 18.66 25.27 3 0.382010 1658.57 13.11 61.67 34.12 0 0.364999 1783.69 187.59 31.57 52.55 0 0.354061 414.43 181.35 14.48 22.58 3 0.345357 779.45 271.99 29.35 52.73 0 0.327914 1020.15 349.05 30.59 64.50 0 0.312918 1796.45 736.86 35.52 61.59 0 0.309600 1266.10 140.19 22.71 23.51 3 0.298030 1257.31 139.10 24.41 23.85 3 0.267719 1657.30 19.95 56.82 30.97 0 0.253171 1657.15 4.91 63.34 36.57 0 0.250730 490.88 371.16 32.31 64.72 0
309,0.553953 1247.20 734.16 62.96 31.20 0 0.377707 704.54 319.38 26.38 38.74 0 0.370178 1092.90 1014.85 51.52 27.90 0 0.349886 1570.61 743.31 62.79 29.13 0 0.320223 805.98 812.28 60.68 35.98 0 0.289758 809.65 317.19 23.40 29.75 0
310,0.612315 944.75 235.46 111.40 58.26 0 0.606271 1183.14 573.55 154.73 69.73 0 0.571127 951.13 761.05 149.92 173.87 0 0.534136 1113.08 449.02 119.80 53.71 0 0.495702 1067.74 404.81 82.67 47.52 0 0.486818 1447.97 0.00 72.53 42.25 0 0.468243 1075.37 410.41 86.49 44.77 0 0.423907 965.83 757.79 132.36 128.60 0 0.417530 1120.17 465.21 136.83 59.05 0 0.406326 1155.39 513.57 105.01 47.06 0 0.382180 1160.33 520.73 105.67 49.48 0 0.380021 1182.06 564.07 118.67 52.18 0 0.353095 1178.64 567.28 134.51 59.13 0 0.350518 1108.53 439.48 111.59 52.67 0 0.305938 1420.49 0.00 38.88 33.46 0 0.274824 1429.85 82.80 46.92 30.45 0 0.274755 1118.67 454.87 103.00 60.23 0 0.258138 1094.17 420.45 95.54 44.51 0
311,0.577551 1770.17 687.55 36.70 15.45 0 0.521945 1667.35 680.06 43.05 19.98 0 0.482981 1722.43 684.06 44.13 18.13 0 0.446624 1476.80 664.51 38.34 18.67 0 0.441299 1529.96 666.37 35.33 19.36 0 0.421323 1820.53 688.91 43.79 19.39 0 0.362572 1426.56 662.36 35.17 17.37 0 0.353946 1331.32 655.55 39.32 20.71 0 0.310591 1416.68 661.38 39.50 18.85 0 0.308265 1472.15 663.93 36.04 18.60 0 0.291331 230.01 631.39 27.58 23.48 0 0.281085 1519.97 665.46 29.08 19.68 0 0.268777 1565.02 667.76 32.14 21.80 0 0.262815 1555.78 638.16 31.86 15.87 0 0.259649 1014.34 694.64 29.53 31.27 0
312,0.699000 218.16 813.47 33.92 59.78 0 0.662818 134.56 815.54 36.90 61.03 0 0.627756 255.41 810.76 39.23 63.27 0 0.608849 942.23 634.29 60.16 32.58 0 0.603167 84.99 821.26 39.56 64.67 0 0.591776 756.42 535.80 34.82 53.38 0 0.559399 325.76 344.16 45.35 24.77 0 0.506317 1633.47 49.46 32.26 37.84 0 0.504317 472.69 855.69 62.58 31.39 0 0.502612 975.62 528.86 27.10 41.78 0 0.500253 810.54 412.65 26.65 34.08 0 0.462495 916.32 538.07 28.50 49.44 0 0.448723 717.10 532.03 41.90 47.32 0 0.433003 931.68 635.66 63.42 28.73 0 0.414414 1701.16 29.75 36.82 35.31 0 0.411929 362.56 319.50 29.98 27.20 1 0.403997 892.04 666.34 54.23 29.38 0 0.385702 1667.29 38.55 32.73 35.82 0 0.370412 1668.61 44.42 33.80 34.67 0 0.325199 975.92 533.88 24.65 46.45 0 0.323590 937.77 535.95 29.22 45.66 0 0.322467 1266.50 555.31 33.59 28.51 0 0.313339 763.72 903.87 29.99 40.50 0 0.313298 712.36 470.20 24.45 41.03 0 0.300537 614.87 399.73 44.23 22.87 0 0.292918 860.93 418.84 28.61 26.81 0 0.276184 1103.27 936.85 20.14 29.56 0 0.264550 977.63 521.84 25.05 42.37 0 0.261997 1024.90 543.70 23.78 32.97 0 0.259022 1635.29 152.70 25.93 23.23 3 0.255697 738.45 374.35 50.30 19.86 0 0.251272 762.74 895.07 27.67 42.43 0
313,0.712227 1254.54 760.44 100.28 103.43 0 0.707718 783.58 983.15 84.43 86.48 0 0.659268 1119.30 699.49 88.33 86.07 0 0.628781 500.91 826.13 99.04 97.11 0 0.624352 976.64 459.87 75.29 85.99 0 0.616137 794.64 601.64 78.13 88.04 0 0.611301 1172.47 851.61 84.08 84.94 0 0.606139 894.45 369.61 75.91 79.89 0 0.603745 363.18 956.20 84.83 106.90 0 0.602410 941.60 860.06 80.66 90.05 0 0.600694 703.71 688.13 91.85 88.20 0 0.598592 1168.10 667.62 75.49 80.47 0 0.590321 568.08 815.52 87.60 80.52 0 0.588396 1029.81 788.89 87.32 77.71 0 0.583779 842.87 950.45 82.16 86.15 0 0.578421 895.36 907.83 80.58 91.02 0 0.575339 887.91 535.05 77.71 83.42 0 0.572480 840.11 562.69 76.94 83.23 0 0.567549 6.93 702.26 81.14 97.08 0 0.566000 603.32 754.95 93.42 92.02 0 0.555569 984.44 822.89 84.37 87.60 0 0.554689 886.65 350.66 72.53 81.29 0 0.551024 1128.20 886.37 85.10 90.96 0 0.549053 1084.95 748.58 73.81 85.39 0 0.544883 649.80 712.43 82.10 93.71 0 0.543825 411.80 918.90 90.91 100.22 0 0.542523 881.99 528.65 72.43 80.61 0 0.535975 928.55 495.51 82.43 88.67 0 0.523544 737.12 1007.36 77.45 72.64 0 0.505464 788.31 426.16 62.82 72.85 0 0.501254 848.68 394.77 60.99 63.32 0 0.500322 757.06 665.06 83.71 75.93 0 0.489270 560.15 789.75 91.97 106.84 0 0.484157 801.31 437.97 67.12 77.46 0 0.478050 0.00 694.18 60.99 105.91 0 0.477409 751.52 650.44 75.76 83.41 0 0.476853 1065.37 736.00 83.53 85.24 0 0.456688 1056.72 730.93 74.10 75.68 0 0.447522 498.83 820.62 83.96 89.33 0 0.435603 1166.73 839.83 80.21 80.85 0 0.434938 766.68 986.44 89.83 87.75 0 0.434825 969.24 453.46 73.08 79.36 0 0.426496 981.18 1013.95 85.54 66.05 0 0.421266 797.95 968.92 84.22 91.83 0 0.410111 643.96 711.98 71.68 82.93 0 0.406938 837.45 386.62 58.44 60.06 0 0.398874 1112.04 693.83 84.10 80.46 0 0.396431 842.65 392.06 54.90 65.21 0 0.387551 702.75 692.39 71.74 88.58 0 0.384110 665.56 718.86 77.91 91.42 0 0.381445 791.20 986.18 90.76 92.55 0 0.376461 835.63 939.03 68.88 89.16 0 0.373396 855.06 405.75 65.23 74.28 0 0.364587 738.20 997.55 93.70 79.11 0 0.360863 780.35 418.71 62.34 63.84 0 0.360756 1019.93 780.76 90.41 78.06 0 0.355695 926.72 488.44 76.41 70.42 0 0.352014 911.04 919.39 72.91 83.05 0 0.350942 1156.55 654.48 74.77 72.53 0 0.347638 830.96 554.58 74.36 77.24 0 0.339437 518.92 836.66 83.75 92.14 0 0.334749 950.15 844.60 78.71 96.50 0 0.321749 1246.93 758.24 93.88 91.48 0 0.318665 912.33 385.23 68.32 68.26 0 0.318001 717.87 695.77 85.07 85.81 0 0.316093 386.58 135.17 49.25 62.35 0 0.307440 426.40 150.19 44.35 57.73 0 0.301833 381.30 932.47 94.49 122.40 0 0.294339 1449.40 944.44 62.39 58.77 3 0.292003 305.01 1004.82 87.63 75.18 0 0.286980 400.67 910.27 81.82 114.41 0 0.282584 929.55 838.27 73.85 86.52 0 0.265567 977.34 821.54 74.63 95.48 0 0.263311 981.95 1003.96 69.41 74.82 0 0.261319 320.52 981.08 93.14 95.26 0 0.260255 619.00 728.64 86.79 101.28 0 0.257717 552.79 781.52 75.25 114.11 0 0.253705 515.81 814.02 95.03 98.53 0 0.253277 814.11 988.29 72.86 91.71 0 0.250794 800.35 590.73 81.41 85.40 0
314,0.689992 256.05 922.53 42.98 58.69 0 0.669180 349.29 863.79 42.30 47.77 0 0.659289 593.71 721.32 39.43 41.45 0 0.657995 687.32 677.38 33.54 47.59 0 0.654084 227.91 775.30 38.78 47.08 0 0.651261 377.11 632.30 36.81 37.81 0 0.640387 133.62 833.70 42.73 54.56 0 0.629077 547.43 598.81 35.99 38.55 0 0.624001 447.28 813.26 42.39 47.24 0 0.616862 137.28 753.42 36.51 44.63 0 0.616343 263.33 1015.67 37.39 54.30 0 0.613974 323.07 878.09 41.42 48.23 0 0.613238 257.39 680.38 38.07 40.45 0 0.592149 290.57 894.03 37.91 53.17 0 0.590371 169.56 737.08 33.81 48.47 0 0.589185 69.39 787.01 39.76 50.90 0 0.586131 623.14 701.64 36.12 45.05 0 0.582980 226.82 940.69 41.47 55.63 0 0.580400 1694.43 714.09 63.16 61.39 0 0.577012 292.88 736.89 33.51 39.84 0 0.576636 474.09 648.27 37.84 42.15 0 0.573867 546.01 535.60 31.98 33.71 0 0.569124 532.37 750.12 36.36 44.75 0 0.565434 192.66 964.16 37.66 50.28 0 0.564561 321.73 724.01 37.48 50.84 0 0.564271 406.10 605.77 33.91 36.69 0 0.562637 326.18 869.41 43.45 48.26 0 0.561961 415.76 829.11 43.25 47.85 0 0.560618 384.93 845.66 38.29 49.45 0 0.555359 739.61 871.76 46.20 50.43 0 0.555340 1623.19 535.78 54.00 44.41 0 0.555175 477.87 789.80 41.78 48.32 0 0.555013 497.64 628.35 38.36 41.84 0 0.554843 78.93 789.85 37.07 49.98 0 0.554353 323.67 659.11 38.78 43.92 0 0.551466 353.20 714.12 40.15 44.38 0 0.551093 166.37 812.97 37.36 47.08 0 0.550128 564.99 741.41 41.25 48.48 0 0.548803 154.29 980.04 41.19 52.95 0 0.544348 659.63 680.43 36.47 48.78 0 0.539627 1314.64 437.47 42.65 37.88 0 0.537631 257.58 764.98 40.64 44.77 0 0.535355 259.46 758.56 36.63 38.86 0 0.534083 592.29 180.12 28.60 37.08 0 0.528944 498.03 574.36 33.09 34.85 0 0.526772 828.12 823.91 40.88 48.57 0 0.526761 573.14 528.51 31.22 33.46 0 0.525902 651.83 681.38 33.29 48.12 0 0.525577 406.49 670.43 37.01 40.38 0 0.524368 1075.77 193.84 37.15 37.81 0 0.523594 538.10 754.31 39.47 46.40 0 0.521501 625.06 543.56 38.48 29.64 0 0.520904 105.12 847.64 42.47 51.86 0 0.519615 132.03 824.56 39.54 52.52 0 0.507263 1270.46 390.37 39.86 42.22 0 0.505564 785.54 461.22 30.98 37.93 0 0.505437 655.58 685.24 35.46 46.73 0 0.505142 446.20 800.40 39.23 48.82 0 0.505097 99.53 849.17 40.59 55.89 0 0.504564 641.91 693.60 39.49 42.06 0 0.504076 578.29 575.92 31.48 35.99 0 0.502578 543.18 590.38 34.27 37.99 0 0.502337 476.17 781.79 38.52 53.63 0 0.502288 604.80 564.78 34.33 34.51 0 0.497739 951.89 175.64 38.26 26.46 0 0.497488 743.68 882.10 46.27 48.98 0 0.493409 913.99 131.49 36.49 24.94 0 0.491917 1281.91 402.24 37.66 36.34 0 0.489896 565.50 729.11 41.63 44.10 0 0.485214 296.74 895.15 43.53 48.52 0 0.482239 592.00 190.45 28.52 36.34 0 0.481362 276.92 908.18 43.50 52.32 0 0.480800 280.13 671.35 38.18 45.16 0 0.480366 516.59 549.11 33.01 31.07 0 0.479972 380.14 698.25 35.63 41.25 0 0.475306 446.59 655.36 37.59 41.70 0 0.474019 446.83 665.55 38.10 40.04 0 0.472468 413.06 822.28 35.06 46.56 0 0.469713 204.13 794.01 41.13 46.75 0 0.469299 262.18 686.75 38.03 43.00 0 0.465391 521.23 540.34 34.69 34.97 0 0.464740 612.50 577.62 34.88 32.58 0 0.461266 453.39 583.42 35.57 37.16 0 0.458021 436.13 590.74 32.88 34.88 0 0.457671 350.12 855.05 37.74 49.54 0 0.453055 288.17 666.22 32.86 42.40 0 0.451884 1008.23 122.63 30.78 33.45 0 0.450989 482.05 568.13 33.25 32.82 0 0.449547 803.86 857.12 36.31 38.76 0 0.445506 881.82 896.18 40.35 45.69 0 0.445424 177.74 813.65 40.22 46.71 0 0.441524 470.08 583.49 33.54 36.08 0 0.433689 394.53 845.65 40.05 45.31 0 0.429812 1229.75 345.08 38.74 45.49 0 0.428032 615.84 560.11 40.97 34.47 0 0.426311 497.28 569.88 32.76 32.60 0 0.418472 568.62 518.87 30.30 32.64 0 0.407719 628.53 552.19 39.55 30.75 0 0.405799 444.59 602.86 34.26 32.42 0 0.401683 872.95 883.15 41.06 49.90 0 0.401617 723.77 60.77 30.32 17.93 0 0.401385 200.59 958.50 34.96 48.24 0 0.400836 1150.74 268.38 38.28 35.28 0 0.395721 345.61 649.33 35.26 38.98 0 0.391602 225.06 1029.20 36.53 50.10 0 0.384522 511.66 536.30 29.29 31.63 0 0.372090 378.59 686.89 33.39 37.11 0 0.370696 498.81 639.31 40.05 42.02 0 0.366790 421.06 676.89 37.99 41.02 0 0.361054 302.87 728.74 44.23 45.72 0 0.359103 473.14 639.24 40.19 39.87 0 0.357815 871.56 881.42 37.43 41.08 0 0.357309 196.19 795.82 38.43 46.28 0 0.356173 814.53 819.17 38.88 48.13 0 0.355897 802.43 841.71 38.73 45.02 0 0.352093 1317.08 444.08 44.27 36.36 0 0.351802 1235.52 350.92 39.77 43.85 0 0.351006 275.49 694.53 37.07 37.93 0 0.348983 797.07 824.20 31.37 44.27 0 0.343593 394.67 694.51 34.31 41.41 0 0.343162 558.79 733.11 38.45 46.84 0 0.340934 21.65 719.89 31.59 32.42 0 0.337992 595.11 715.30 43.32 44.13 0 0.337014 1124.04 173.24 33.08 25.88 0 0.332187 149.95 974.93 39.65 55.64 0 0.331491 594.86 575.13 34.29 36.15 0 0.330322 269.96 764.68 35.40 43.38 0 0.329782 459.38 572.04 33.26 30.97 0 0.329722 216.80 780.86 40.86 45.78 0 0.324452 377.06 855.03 41.69 45.98 0 0.324327 614.59 714.36 39.72 39.73 0 0.320002 400.55 657.96 36.73 41.80 0 0.316058 182.33 1041.33 35.85 38.67 0 0.314841 1708.01 705.06 61.41 60.91 0 0.312103 1662.75 732.91 60.99 57.84 0 0.310759 1070.14 187.94 35.17 37.93 0 0.307093 1276.88 396.34 39.18 40.26 0 0.301945 1673.01 726.53 70.47 60.59 0 0.300218 797.45 835.74 36.14 45.08 0 0.299159 566.25 749.45 36.90 48.82 0 0.292838 1085.61 200.93 35.43 35.98 0 0.292607 387.06 832.90 34.73 47.76 0 0.288288 219.71 940.44 37.01 50.22 0 0.277787 729.51 58.41 31.38 22.52 0 0.277665 419.54 685.02 33.27 38.00 0 0.276070 409.28 596.60 33.27 33.47 0 0.274018 922.66 138.51 44.53 25.02 0 0.273150 344.60 866.19 40.78 54.48 0 0.266339 28.34 713.31 30.12 34.27 0 0.260684 473.86 659.71 33.47 39.53 0 0.257902 505.94 641.29 38.46 37.50 0 0.257135 934.63 148.24 36.27 27.17 0 0.256906 629.74 544.78 38.48 31.13 0 0.255389 672.85 668.60 31.77 46.42 0 0.252607 390.81 716.83 33.03 34.36 0
315,0.849403 1185.03 552.76 80.98 38.66 1 0.305767 1293.30 636.72 28.50 14.88 0 0.300815 1320.07 589.46 24.93 15.88 0 0.297589 1010.93 493.60 16.93 15.98 0 0.269944 961.65 469.09 17.72 16.19 0
316,0.489163 1006.74 630.35 14.52 15.09 2 0.482077 808.50 144.09 19.29 16.89 0 0.456775 299.98 526.38 39.26 22.08 0 0.446136 728.46 273.98 15.98 17.87 0 0.444047 302.43 529.03 39.22 22.60 0 0.441715 742.77 225.08 19.98 19.37 0 0.404585 808.87 187.14 12.34 17.14 0 0.377785 759.85 275.13 15.10 16.34 0 0.347436 1327.02 552.11 16.88 28.14 0 0.330331 777.97 108.68 13.21 15.82 0 0.299401 283.10 569.16 33.24 28.80 0 0.296050 720.25 459.38 27.79 16.71 0 0.295302 888.90 259.44 17.05 14.26 0 0.293488 278.39 566.60 34.68 26.07 0 0.292854 1028.52 677.89 11.37 15.43 2 0.288386 842.59 192.31 13.27 15.25 0 0.287702 769.73 185.70 15.51 17.87 0 0.269870 711.18 379.48 18.83 13.66 0 0.264006 345.16 473.69 27.84 38.15 0 0.261378 726.33 458.22 29.10 16.96 0 0.261237 264.00 573.10 26.01 29.07 0 0.256396 626.68 549.05 18.30 17.93 0 0.251525 802.86 123.17 19.50 15.95 0
317,0.552907 1247.13 733.98 63.76 32.24 0 0.379105 1567.78 743.01 63.25 29.01 0 0.363393 702.01 316.56 27.45 42.08 0 0.267611 616.58 1013.58 36.04 27.15 0 0.265856 106.80 874.74 32.94 56.90 0
318,0.435992 1162.54 586.31 44.23 25.55 0 0.392603 790.86 1010.57 32.00 39.20 0 0.323885 778.88 0.52 62.00 31.39 0 0.302687 707.28 962.55 30.00 26.72 0 0.300304 715.50 942.43 32.65 27.57 0 0.286145 918.78 943.25 30.17 28.65 0
319,0.638563 742.53 669.24 31.14 60.23 0 0.385540 752.16 475.77 29.17 50.62 0 0.372917 775.94 163.32 25.13 42.01 0
320,
321,0.692319 303.83 386.84 187.92 84.98 0 0.660815 1194.98 370.10 152.25 64.89 0 0.641503 1584.36 352.56 123.04 54.04 0 0.640195 960.92 367.94 169.35 67.05 0 0.622995 23.90 381.20 243.41 97.09 0 0.614445 1741.93 333.26 178.07 64.37 0 0.546503 536.26 383.96 179.49 75.82 0 0.456680 1530.80 370.04 66.99 36.46 0 0.328220 1536.62 358.49 119.23 47.75 0
322,0.760633 665.73 195.48 31.00 53.85 0 0.759221 786.15 121.82 28.34 51.63 0 0.740676 699.67 192.79 28.55 53.95 0 0.727168 1029.61 97.34 28.18 49.01 0 0.716063 835.22 323.62 31.73 59.68 0 0.713312 885.42 183.63 29.83 54.44 0 0.710009 793.69 191.58 29.61 52.83 0 0.706043 963.37 316.60 30.61 58.12 0 0.705371 1000.00 100.13 27.50 48.15 0 0.692659 1058.09 96.42 28.10 50.29 0 0.685537 906.91 109.29 28.58 52.99 0 0.681906 645.39 343.32 31.18 56.72 0 0.681871 805.64 324.12 30.84 58.27 0 0.673862 1026.61 312.37 31.62 51.08 0 0.670215 603.86 134.21 26.23 54.60 0 0.669513 760.42 192.39 31.72 52.79 0 0.668665 737.88 326.92 32.07 57.62 0 0.667880 868.77 324.94 29.51 56.53 0 0.664780 621.79 419.25 31.27 59.47 0 0.664531 711.34 331.26 31.70 55.19 0 0.659614 638.15 198.71 28.29 54.85 0 0.657193 770.82 329.59 31.54 57.75 0 0.654671 1168.58 598.01 31.75 62.97 0 0.650057 815.87 120.80 26.72 50.89 0 0.648926 607.04 204.64 28.60 55.88 0 0.643893 997.15 315.22 28.57 49.79 0 0.642528 550.78 417.26 31.61 59.46 0 0.640647 615.11 346.29 30.54 55.27 0 0.639221 931.30 316.58 30.37 54.60 0 0.631213 842.94 117.17 28.43 52.20 0 0.622755 575.44 206.70 30.16 57.91 0 0.621519 822.61 189.09 27.94 53.86 0 0.618618 951.07 176.37 28.61 56.46 0 0.617292 1073.17 163.50 29.39 56.06 0 0.616283 1790.61 125.03 38.67 56.77 0 0.614729 1007.82 165.89 29.67 51.41 0 0.614693 1099.78 153.36 31.34 59.26 0 0.603505 855.37 183.83 31.32 54.67 0 0.600586 677.99 336.74 30.54 60.14 0 0.599270 1763.61 0.00 34.68 50.94 0 0.597460 1057.47 524.40 35.75 63.99 0 0.596841 1057.77 310.32 30.84 52.35 0 0.593292 1823.09 258.52 36.08 63.90 0 0.592781 877.51 107.09 28.42 51.16 0 0.592781 939.79 113.72 26.74 48.96 0 0.588465 582.19 347.47 30.28 57.15 0 0.588385 1154.35 518.13 33.23 60.42 0 0.585319 549.49 349.05 32.65 54.69 0 0.580439 1121.94 517.76 36.52 65.30 0 0.569853 918.83 180.55 28.84 58.19 0 0.564459 731.98 191.05 27.48 50.54 0 0.561729 629.15 135.58 26.87 49.70 0 0.548426 1838.56 332.79 34.93 55.70 0 0.539528 543.86 209.23 28.09 55.19 0 0.536821 586.93 412.93 28.68 60.03 0 0.515965 726.54 123.69 25.73 51.45 0 0.498523 1278.91 0.00 22.49 14.11 3 0.492910 1040.18 164.75 28.10 51.14 0 0.485131 538.61 136.76 30.62 55.04 0 0.473224 1858.63 406.15 34.80 57.75 0 0.457692 756.60 120.93 26.50 50.50 0 0.420345 657.67 36.73 16.54 19.60 3 0.418525 846.57 109.58 27.11 57.73 0 0.409542 1091.96 310.28 30.49 50.21 0 0.407389 1292.27 147.98 28.88 73.36 0 0.392549 1851.06 404.75 37.56 57.33 0 0.389608 966.34 108.57 28.06 53.38 0 0.362432 611.87 201.58 27.10 54.98 0 0.322618 717.13 40.28 18.85 22.50 3 0.317241 677.13 39.63 15.99 20.11 3 0.308617 702.37 38.99 18.43 21.89 3 0.292595 1061.97 521.99 37.24 70.16 0 0.290300 830.36 181.52 26.31 53.76 0 0.287706 1245.71 0.00 18.05 14.63 3 0.280407 972.11 105.69 27.52 48.83 0 0.268959 924.03 177.08 27.36 55.45 0 0.266176 581.17 137.46 25.68 52.85 0 0.263082 1288.43 0.00 23.24 13.64 3 0.258137 1832.80 332.92 34.50 57.08 0 0.255480 634.07 129.56 27.79 54.91 0
323,0.761054 676.59 812.29 75.99 48.47 3 0.714273 834.61 436.63 50.67 80.70 1 0.679153 1650.73 614.24 143.14 57.16 0 0.665146 57.56 316.46 63.47 39.34 0 0.608009 1490.13 611.36 140.42 59.51 0 0.602036 581.37 430.34 50.54 30.91 3 0.566517 65.46 632.43 155.28 70.48 0 0.565082 1828.44 617.54 91.56 55.54 0 0.550966 569.79 487.26 49.10 27.77 3 0.504267 566.27 490.28 47.01 26.78 3 0.502908 548.57 565.16 44.32 23.06 3 0.487459 766.24 468.42 22.03 35.67 3 0.445057 558.97 543.94 36.68 22.86 3 0.441323 767.08 472.08 23.69 37.79 3 0.435048 584.71 423.90 49.29 31.08 3 0.430039 548.22 541.83 31.46 24.99 3 0.407993 1761.47 882.95 158.53 105.41 1 0.403643 559.81 565.32 38.24 23.88 3 0.351877 0.30 479.95 38.65 41.07 0 0.338263 1352.65 607.12 45.53 36.91 3 0.313656 1335.26 873.56 64.72 41.22 3 0.290334 16.14 876.47 193.21 80.71 0 0.270958 836.72 415.33 48.86 42.85 1
324,0.513330 812.05 607.35 30.89 21.39 0 0.477269 535.34 1012.85 48.35 42.55 0 0.337466 1502.86 9.54 28.88 25.56 0 0.304721 709.70 714.68 41.42 40.22 1 0.297220 1404.17 0.00 29.56 18.85 0 0.283648 864.83 678.00 22.16 25.98 0 0.268288 581.60 971.74 52.03 48.78 0 0.254235 1394.00 301.87 34.88 28.79 0
325,0.705113 784.13 909.89 71.33 58.57 1 0.703608 181.85 564.80 39.56 47.48 0 0.692951 348.33 920.20 42.04 58.95 0 0.671412 65.94 761.26 39.00 52.85 0 0.671280 253.97 677.74 39.12 48.97 0 0.646740 65.97 608.31 38.52 53.36 0 0.642454 281.95 957.64 40.17 50.65 0 0.641811 407.26 446.47 50.52 26.62 0 0.625971 155.04 715.27 42.59 54.47 0 0.615942 253.62 781.07 39.50 52.86 0 0.598086 244.47 846.14 37.10 49.28 0 0.598046 192.61 811.35 36.83 51.70 0 0.596205 190.53 706.90 40.28 55.46 0 0.595643 817.44 500.91 26.80 33.75 0 0.582310 529.85 493.23 31.35 20.08 3 0.571489 163.26 822.79 33.92 53.22 0 0.568182 44.04 944.32 42.93 60.55 0 0.562267 183.79 888.25 39.02 50.73 0 0.553906 564.77 387.04 47.71 26.25 0 0.548801 982.25 59.57 24.52 28.14 0 0.545817 1527.89 505.78 41.10 32.50 0 0.545006 251.32 972.68 36.41 51.27 0 0.541330 984.20 0.00 29.69 17.92 0 0.539877 1243.81 683.56 34.22 29.14 0 0.534601 1352.68 732.59 45.48 41.31 0 0.528441 1280.08 1010.32 47.91 49.11 0 0.524575 1652.80 423.51 44.67 33.77 0 0.516977 715.89 270.74 24.90 24.18 0 0.511753 909.51 86.40 29.26 24.72 0 0.510747 255.72 774.25 39.92 52.87 0 0.510301 890.26 398.01 32.53 26.57 0 0.510068 811.71 492.62 27.05 36.10 0 0.501644 224.81 796.79 36.98 48.67 0 0.495122 313.22 938.10 38.05 51.39 0 0.494651 928.68 519.54 30.93 28.90 0 0.492983 862.40 7.71 30.09 22.88 0 0.491230 96.03 751.62 46.51 56.12 0 0.491128 278.41 769.84 46.77 53.61 0 0.490559 939.45 463.55 32.98 33.32 0 0.489236 0.25 904.25 30.06 51.68 0 0.488744 156.16 899.24 39.90 54.74 0 0.487158 933.57 78.82 25.33 24.86 0 0.484586 995.27 546.58 34.15 33.07 0 0.484313 1117.36 82.59 31.83 21.16 0 0.473968 1338.51 748.50 38.95 35.47 0 0.469835 1273.85 661.85 30.98 32.00 0 0.464375 999.10 55.80 25.47 27.70 0 0.459159 160.32 718.02 41.98 57.43 0 0.458198 1298.42 645.53 30.24 31.77 0 0.456949 161.94 537.99 42.78 26.43 0 0.453415 961.34 63.03 22.24 28.82 0 0.449566 9.04 638.53 37.56 47.37 0 0.445493 509.36 402.30 43.89 26.11 0 0.442619 1027.77 590.78 38.62 31.23 0 0.442101 917.17 10.90 23.00 23.94 0 0.439146 901.04 645.37 41.49 35.09 0 0.439030 1482.17 535.12 37.00 28.72 0 0.437277 582.77 376.38 52.43 28.64 0 0.435232 717.93 154.17 28.16 23.36 0 0.433313 881.38 600.72 38.09 34.95 0 0.432521 1297.19 648.70 28.08 32.31 0 0.431773 314.34 818.07 43.27 59.77 0 0.431319 1551.65 486.55 43.24 34.00 0 0.430790 0.91 788.63 39.36 59.06 0 0.428240 291.32 767.18 41.86 56.65 0 0.427575 1184.72 776.41 44.75 29.89 0 0.425706 1000.10 552.77 35.08 28.41 0 0.425597 1265.91 820.16 39.53 36.37 0 0.422740 1593.73 583.71 37.70 31.70 0 0.420135 973.31 512.29 31.94 32.01 0 0.417236 1207.02 905.18 46.34 50.83 0 0.416353 51.22 708.87 35.39 47.82 0 0.416214 27.21 893.69 36.11 55.69 0 0.415633 879.71 90.63 29.05 26.28 0 0.413201 1447.22 747.33 39.27 41.64 0 0.412836 1101.32 656.01 28.95 30.91 0 0.411663 1279.97 824.83 45.49 34.68 0 0.409525 224.97 799.75 41.47 56.21 0 0.408968 706.87 976.84 52.07 47.88 0 0.405075 0.00 983.56 24.39 59.68 0 0.402678 962.09 0.00 26.95 19.38 0 0.402139 1384.03 777.38 39.93 32.71 0 0.399847 294.91 950.59 41.11 51.96 0 0.397087 279.72 837.11 40.12 62.34 0 0.396336 874.20 588.51 39.50 37.56 0 0.392597 943.55 62.16 24.50 27.23 0 0.392498 1397.27 589.09 27.44 28.86 0 0.391968 528.71 357.24 36.06 21.70 0 0.391524 1010.11 0.00 25.71 13.20 0 0.390139 788.21 456.22 29.31 29.00 0 0.387318 1051.00 374.25 31.68 24.44 0 0.377383 566.96 381.72 52.89 28.09 0 0.376443 605.31 11.27 23.11 24.81 0 0.375227 847.09 544.35 29.00 28.71 0 0.374580 1077.21 37.44 25.26 21.47 0 0.373235 895.69 637.50 41.08 38.31 0 0.372496 1265.87 669.95 33.69 30.15 0 0.370929 1179.00 757.27 44.04 32.29 0 0.370747 1175.29 771.00 43.85 27.53 0 0.370732 232.89 530.73 50.20 67.88 0 0.367782 1090.60 701.39 34.26 32.81 0 0.364765 216.22 802.24 39.75 48.55 0 0.361511 276.73 825.75 40.31 67.57 1 0.361398 960.80 69.96 20.51 28.46 0 0.357900 1648.01 428.79 44.16 31.68 0 0.357052 863.86 363.39 37.41 26.11 0 0.356788 86.55 754.86 46.65 56.31 0 0.356592 1442.14 564.22 32.34 24.29 0 0.355931 92.63 850.52 40.20 53.29 0 0.353665 333.62 923.28 48.34 55.78 0 0.352086 1196.71 906.90 42.00 47.37 0 0.351789 794.91 30.61 29.10 21.37 0 0.351680 757.81 419.15 30.36 28.53 0 0.351186 1599.17 456.28 38.69 30.00 0 0.350233 1.42 992.67 21.20 53.39 0 0.348519 1619.79 457.16 37.35 28.51 0 0.348180 0.00 739.44 21.24 45.67 0 0.347797 1417.63 591.52 27.69 27.26 0 0.346490 835.26 318.83 26.61 21.86 0 0.346046 181.40 531.99 40.35 27.94 0 0.345736 319.00 932.90 40.26 53.04 0 0.345684 1109.04 447.86 31.49 28.84 0 0.345459 856.15 301.00 32.50 24.27 0 0.344464 709.88 972.12 55.29 45.69 0 0.343543 767.35 57.88 27.49 22.50 0 0.342880 220.38 987.38 38.83 57.02 0 0.342126 56.83 719.04 35.36 49.39 0 0.335628 116.25 1040.71 32.95 39.29 0 0.332801 747.00 189.21 26.08 25.53 0 0.332738 783.08 926.27 60.78 42.27 1 0.332454 866.48 577.23 39.56 32.47 0 0.331824 1236.30 280.22 35.66 17.57 0 0.331511 1440.48 742.75 39.22 40.62 0 0.331145 1051.27 41.96 25.41 26.29 0 0.331073 506.19 414.34 41.78 21.99 0 0.326705 1118.95 457.30 29.03 31.97 0 0.326385 1493.67 524.96 34.70 33.11 0 0.326232 1344.68 7.88 26.39 23.86 0 0.322187 1071.89 705.57 36.01 34.03 0 0.315595 4.29 635.02 36.19 44.51 0 0.310812 1237.65 818.46 31.52 35.61 0 0.309901 601.65 375.48 39.57 25.11 0 0.306638 1579.88 465.76 39.63 30.43 0 0.305784 970.89 391.94 39.23 22.22 0 0.305662 1228.34 347.81 25.27 33.47 0 0.299343 945.88 466.53 31.04 33.98 0 0.297481 150.79 709.01 41.23 51.49 0 0.295987 993.24 175.71 31.16 23.90 0 0.295764 196.88 809.20 44.19 51.31 0 0.294725 915.76 0.00 22.73 19.32 0 0.294638 786.55 250.82 30.12 29.59 0 0.293537 300.63 762.68 34.63 42.66 0 0.293366 174.43 563.25 39.34 38.97 0 0.293050 639.92 4.11 32.81 26.25 0 0.292328 31.98 895.78 38.23 54.93 0 0.290759 445.80 1056.17 64.23 23.83 0 0.279401 1151.09 111.89 24.16 21.19 0 0.273058 833.37 19.66 26.84 19.88 0 0.273021 180.13 715.64 45.10 59.14 0 0.268624 852.35 567.27 37.09 29.80 0 0.265034 1244.74 886.73 32.64 37.91 0 0.263544 803.03 36.16 28.25 19.63 0 0.262791 860.03 355.87 36.25 25.37 0 0.262784 1111.95 84.85 35.40 20.24 0 0.262144 1450.82 558.05 30.64 24.89 0 0.257958 716.82 261.49 24.61 26.19 0 0.256393 1401.74 10.76 39.96 30.47 0 0.254867 868.84 88.65 29.43 24.36 0 0.253738 737.08 62.80 35.03 25.09 0 0.252831 639.57 0.00 36.88 19.61 0 0.252133 997.03 748.49 41.24 34.28 0 0.250507 1408.74 771.29 41.50 35.30 0 0.250383 247.12 677.86 39.16 49.04 0
326,0.754588 826.74 434.47 58.66 110.62 1 0.638084 394.13 614.76 44.91 22.69 0 0.622342 598.99 773.17 28.27 51.81 0 0.606756 160.89 735.16 31.72 43.42 0 0.606490 186.99 741.74 30.69 42.63 0 0.599113 134.72 730.45 34.45 46.93 0 0.587629 92.40 540.92 53.32 30.37 0 0.559531 453.86 616.53 42.30 20.46 0 0.554653 337.58 612.52 47.53 23.49 0 0.534068 206.65 861.47 38.20 48.55 0 0.517099 76.96 720.43 37.61 48.44 0 0.512301 465.36 765.11 40.85 54.01 0 0.506758 1095.28 482.00 24.52 36.54 0 0.505057 871.17 391.59 22.69 37.58 0 0.471612 264.82 745.94 33.99 39.53 0 0.466993 895.93 395.47 21.93 32.08 0 0.448150 84.62 713.69 38.42 49.20 0 0.442450 940.25 386.88 25.77 32.13 0 0.435423 263.75 612.21 56.05 26.12 0 0.402250 1167.59 486.03 26.84 37.19 0 0.400681 1215.27 488.55 29.03 31.42 0 0.400444 1236.27 639.74 51.12 32.72 0 0.369999 286.34 748.45 34.11 37.95 0 0.336052 510.80 540.15 52.97 26.79 0 0.307333 456.98 763.61 43.07 55.91 0 0.294743 1206.62 485.29 28.06 35.49 0 0.294551 1065.84 481.55 25.50 38.58 0 0.292538 503.10 543.18 56.76 25.88 0 0.288337 941.25 372.50 24.60 28.69 0 0.287951 1312.89 477.14 52.43 31.42 1 0.273504 43.67 588.84 45.26 34.34 0 0.263619 1310.56 473.55 45.18 31.93 1 0.260861 787.81 449.44 36.03 20.73 0
327,0.829194 1315.31 663.31 34.76 60.81 3 0.778976 927.89 731.73 84.39 161.85 0 0.752496 1175.21 653.68 32.33 66.14 3 0.744557 838.02 713.93 76.46 171.29 0 0.740244 1649.65 679.05 38.41 65.32 3 0.734166 1430.52 746.36 92.94 179.29 0 0.721873 1115.44 482.72 46.63 40.54 3 0.715201 726.54 703.86 90.10 155.09 0 0.713832 993.55 390.94 51.26 29.16 3 0.710975 1102.13 654.16 31.36 61.43 3 0.701531 1651.20 373.41 38.36 58.84 3 0.697137 1324.87 745.45 91.18 176.82 0 0.696018 1608.49 767.94 106.59 148.91 0 0.691499 1188.63 380.77 55.87 32.15 3 0.688359 295.48 294.29 143.04 55.74 0 0.684807 1628.81 375.00 39.07 57.10 3 0.681412 1766.79 686.82 39.68 61.81 3 0.676035 1214.74 662.94 34.43 61.79 3 0.675809 1389.16 667.17 34.04 60.99 3 0.675266 1141.28 650.81 31.47 63.97 3 0.674463 122.35 277.71 142.31 55.58 0 0.669723 1578.48 672.01 37.87 68.91 3 0.668370 1721.07 684.15 39.51 66.21 3 0.662126 1383.69 372.43 30.31 44.56 3 0.661311 1566.41 368.86 31.93 59.68 3 0.657087 1239.81 659.32 33.81 63.37 3 0.653657 1444.15 374.17 30.83 47.61 3 0.650109 1479.96 372.84 38.36 47.77 3 0.648848 451.15 309.64 149.91 55.59 0 0.626914 1711.76 756.70 108.54 182.07 0 0.620061 1797.16 387.21 100.25 59.55 1 0.615380 1840.73 687.18 38.76 62.60 3 0.594900 1130.52 358.54 38.50 36.58 3 0.583278 1688.40 365.46 37.27 61.00 3 0.579233 1295.30 362.72 33.43 42.61 3 0.565787 1797.60 686.08 40.72 62.90 3 0.562889 1534.59 369.81 33.60 58.62 3 0.561066 1619.50 677.10 34.14 64.43 3 0.560870 1273.87 660.49 34.09 63.63 3 0.559874 1080.02 352.70 35.32 40.85 3 0.556607 0.00 259.05 108.39 57.02 0 0.549442 1334.78 363.32 28.56 46.96 3 0.546667 1598.41 368.05 33.82 61.68 3 0.544073 1357.11 670.43 30.84 56.12 3 0.513259 758.02 546.57 58.89 43.37 3 0.492349 1571.62 365.63 35.63 62.14 3 0.489540 1359.04 366.97 28.63 47.96 3 0.480613 1188.06 371.61 48.96 37.24 3 0.460580 1352.70 403.55 31.86 36.20 3 0.450292 1331.90 376.43 31.17 43.00 3 0.445188 393.06 898.70 34.27 40.91 2 0.440249 1082.46 347.35 31.76 40.47 3 0.421156 1359.36 664.89 31.94 52.57 3 0.409066 1694.49 685.49 35.11 62.54 3 0.408176 842.01 707.23 64.24 149.98 0 0.406949 1604.16 675.27 43.16 67.61 3 0.405383 1335.80 409.26 39.78 31.67 3 0.394407 1675.00 367.20 45.03 64.61 3 0.381547 1129.24 350.83 34.63 42.23 3 0.380593 1750.69 683.85 36.86 60.71 3 0.377739 1358.45 377.03 27.67 42.33 3 0.365579 1654.33 680.56 38.90 72.48 3 0.362072 433.10 848.35 29.86 52.79 3 0.346339 1662.36 338.76 32.89 36.21 3 0.344310 925.00 760.24 79.44 142.24 0 0.333300 1321.90 375.56 34.56 41.93 3 0.331529 1669.05 340.82 33.76 34.22 3 0.322996 1625.23 382.04 39.15 53.89 3 0.321172 1000.57 377.85 43.99 30.87 3 0.317400 4.65 614.52 52.07 52.94 3 0.312109 685.08 630.46 31.27 54.64 2 0.294273 394.16 901.44 36.60 43.33 3 0.292389 1686.14 341.06 35.41 41.16 3 0.289130 1293.80 370.42 38.44 42.91 3 0.275993 1427.09 789.32 85.44 138.78 0 0.264809 1599.65 751.02 103.68 147.24 0 0.259333 1806.29 682.23 36.74 62.01 3 0.258042 1456.62 371.02 36.26 51.65 3
328,0.399907 671.97 565.21 27.02 15.14 0 0.295446 713.77 589.51 27.08 18.76 0
329,0.350668 899.63 815.87 31.44 64.82 0 0.332930 905.43 889.71 34.19 62.28 0
330,0.326863 324.76 474.27 13.02 16.74 2 0.322123 353.53 531.23 16.13 14.83 2 0.275132 370.19 551.62 17.95 18.63 2
331,0.786039 1074.14 484.74 24.74 34.20 3 0.784016 1109.37 486.27 21.61 31.44 3 0.768517 999.53 684.37 68.55 97.82 0 0.757970 651.48 723.53 56.23 105.75 0 0.755502 1002.36 488.64 22.87 36.37 3 0.750662 987.80 489.93 20.55 36.87 3 0.745292 1277.51 452.57 71.43 45.74 1 0.743899 1067.38 684.24 64.67 89.39 0 0.736500 1124.97 484.02 22.46 28.45 3 0.727359 566.26 728.10 58.60 99.18 0 0.724086 277.90 531.60 125.95 48.30 0 0.716667 1462.38 840.62 114.80 101.07 0 0.716244 721.27 735.29 58.26 89.61 0 0.703395 1027.16 488.17 22.11 35.47 3 0.701810 141.64 538.12 122.37 51.26 0 0.685338 1185.97 672.63 81.09 78.48 0 0.683672 1367.86 647.02 97.31 91.27 0 0.664311 1242.47 655.96 84.64 89.07 0 0.662749 1101.94 885.43 78.70 116.39 0 0.659553 751.38 901.85 75.46 116.08 0 0.655709 964.37 490.67 23.50 38.06 3 0.648143 1329.15 856.49 95.18 107.69 0 0.646919 619.23 652.17 126.27 62.87 0 0.641805 1851.49 500.73 68.51 49.03 0 0.636308 1193.20 628.71 25.05 39.11 3 0.635131 1170.88 483.60 27.44 24.90 3 0.631598 997.97 876.84 94.68 133.98 0 0.631308 1291.91 613.95 28.68 40.46 3 0.630513 1506.07 417.98 33.58 29.27 3 0.629820 1158.20 631.95 26.01 37.38 3 0.627438 917.38 659.57 25.22 42.13 3 0.617705 1231.03 865.05 108.13 105.05 0 0.617554 5.95 547.68 108.47 45.48 0 0.614332 1626.77 838.61 119.84 107.15 0 0.605524 858.11 506.68 36.42 26.41 3 0.592473 1713.29 839.58 118.96 103.90 0 0.588781 1471.50 960.38 114.44 119.26 0 0.586803 255.02 1005.53 42.30 44.48 3 0.580946 866.65 662.26 23.40 39.39 3 0.565785 1453.22 642.60 85.93 75.01 0 0.565039 1244.20 626.05 27.41 39.62 3 0.561053 1060.95 485.48 24.20 33.95 3 0.559407 939.71 492.77 21.16 37.52 3 0.557962 957.86 655.00 23.72 38.32 3 0.546264 1719.69 441.40 26.27 31.64 3 0.538356 1011.06 650.94 25.61 36.09 3 0.537093 1215.95 628.06 24.73 39.76 3 0.534813 935.71 658.47 22.55 38.38 3 0.530160 1286.39 616.88 31.28 43.24 3 0.517743 1200.12 479.00 28.59 28.05 3 0.503815 592.20 983.30 31.77 52.08 3 0.503685 1038.93 650.67 22.81 35.24 3 0.497424 834.61 670.84 24.52 37.86 3 0.496016 1322.29 611.53 28.10 45.28 3 0.495632 263.09 1003.31 42.49 49.76 3 0.494899 821.06 507.86 25.48 27.15 3 0.489785 1152.45 484.73 19.76 26.35 3 0.489613 1649.13 444.32 25.60 32.75 3 0.481318 891.78 661.97 25.56 41.67 3 0.479343 1321.38 603.61 28.16 43.45 3 0.476936 1178.20 473.73 26.08 28.47 3 0.471047 1647.12 455.96 26.11 26.14 3 0.446236 133.99 547.77 122.74 44.92 0 0.437312 1752.16 474.15 36.26 27.01 3 0.423728 213.57 1053.47 25.85 26.53 3 0.423429 683.88 933.91 28.78 52.77 3 0.422372 1804.87 585.77 20.60 26.72 3 0.417321 271.01 924.27 29.34 48.35 2 0.404870 180.77 1036.34 29.40 40.99 3 0.404072 274.63 931.47 29.06 44.57 2 0.393630 1612.85 832.70 114.26 106.44 0 0.386319 912.53 493.61 22.41 34.89 3 0.384956 837.22 665.58 24.83 38.30 3 0.376020 1123.47 476.27 22.14 28.44 3 0.371384 1758.06 445.88 26.61 25.93 3 0.366665 1198.72 466.94 29.39 32.00 3 0.361856 1166.13 632.88 26.09 35.96 3 0.356303 985.61 651.35 23.73 37.62 3 0.351861 913.84 501.29 22.65 34.54 3 0.339709 941.64 497.10 23.28 36.41 3 0.333845 1273.61 617.24 24.67 37.09 3 0.333715 215.39 1043.80 27.82 36.20 3 0.331800 234.96 1045.69 26.48 34.31 3 0.330670 1793.98 442.59 37.56 31.93 3 0.326599 1249.59 617.85 25.05 38.74 3 0.321236 1626.54 438.84 37.56 38.28 3 0.295745 871.04 464.34 17.02 24.80 2 0.294221 1192.39 666.50 94.18 79.27 0 0.293139 994.13 870.81 85.72 113.75 0 0.290385 1688.04 437.19 25.98 35.91 3 0.280945 872.45 503.06 33.21 31.33 3 0.280525 1725.98 853.93 100.71 97.03 0 0.269109 1275.97 450.17 54.05 45.91 1 0.263256 1766.23 448.10 24.94 25.32 3 0.263235 1701.84 438.87 25.75 34.21 3 0.257711 865.25 499.39 28.29 30.00 3 0.255182 1841.97 640.67 46.03 63.62 0 0.251682 888.82 493.22 20.37 29.21 3
332,0.641988 452.24 603.49 21.29 33.01 0 0.589392 1203.57 446.27 23.00 20.97 0 0.579317 695.84 624.54 25.57 38.39 0 0.556456 877.15 410.19 46.27 73.10 1 0.538325 366.22 592.22 26.25 37.23 0 0.529150 907.75 369.14 22.95 30.97 0 0.528297 932.03 366.28 23.71 31.37 0 0.517821 590.67 622.07 29.70 38.97 0 0.512763 965.28 369.33 23.20 30.90 0 0.472891 491.39 519.05 35.93 19.20 0 0.472188 1150.06 446.74 20.88 21.38 0 0.468938 282.86 471.17 40.46 23.48 0 0.461687 275.74 590.11 31.98 32.44 0 0.457529 535.62 518.05 35.03 20.42 0 0.440990 532.28 520.29 33.55 18.80 0 0.436905 630.59 520.20 24.91 19.74 0 0.431671 319.16 598.36 27.87 32.04 0 0.419718 133.40 663.35 43.44 31.97 0 0.413860 429.21 601.30 20.69 32.73 0 0.413380 1184.32 443.83 21.23 22.76 0 0.411259 587.01 519.62 30.64 18.06 0 0.408450 340.76 598.29 24.46 34.83 0 0.378312 714.04 522.86 43.53 23.12 0 0.363876 487.16 516.62 35.11 20.25 0 0.356239 336.62 593.93 26.54 34.93 0 0.348013 935.73 353.62 23.22 26.35 0 0.339406 382.96 675.23 24.23 27.26 0 0.335250 581.69 517.69 30.18 17.82 0 0.333937 1072.34 440.98 27.03 26.11 0 0.327799 651.11 520.60 26.35 20.17 0 0.306043 133.32 670.78 43.21 27.94 0 0.279390 909.80 354.52 23.11 25.41 0 0.263071 841.73 413.53 29.50 23.16 0 0.257129 271.45 595.58 32.67 31.36 0
333,0.686146 760.65 299.44 33.87 47.43 0 0.672774 716.87 173.35 32.61 47.01 0 0.662624 91.39 35.62 62.76 35.50 0 0.591829 682.98 386.63 39.48 51.13 0 0.581968 1601.15 273.55 62.61 39.51 0 0.581426 1774.28 176.25 33.21 56.40 0 0.572702 438.56 694.85 71.06 42.12 1 0.572485 1077.65 611.43 57.95 34.16 0 0.564073 364.19 730.59 56.49 39.86 0 0.561196 1400.30 360.05 55.62 36.66 0 0.554924 740.55 241.65 34.54 45.15 0 0.549375 1.42 813.49 31.49 54.79 0 0.537847 57.57 793.92 38.64 53.98 0 0.533308 120.05 769.97 32.94 49.53 0 0.523433 1196.26 442.22 50.23 33.25 0 0.520594 12.06 612.69 39.58 55.50 0 0.505881 61.28 799.36 40.01 50.97 0 0.503220 1411.12 478.43 61.37 38.72 0 0.502894 536.35 122.43 34.49 43.27 0 0.502710 1520.24 311.11 62.54 38.14 0 0.490203 1272.76 754.01 50.24 32.53 0 0.489475 25.30 802.96 33.39 56.55 0 0.485369 211.85 0.00 66.41 31.55 0 0.485114 975.33 700.60 36.76 30.36 0 0.482144 686.69 395.95 39.29 53.08 0 0.471200 678.00 52.79 32.65 47.93 0 0.469824 1339.68 387.07 45.44 34.91 0 0.468043 609.15 333.90 33.56 46.50 0 0.467440 550.82 176.50 35.36 51.69 0 0.467329 17.98 811.30 37.28 52.73 0 0.464768 814.85 965.04 28.88 40.22 0 0.464099 133.44 769.52 35.11 48.18 0 0.462669 783.99 363.88 28.11 43.19 0 0.454804 682.78 59.55 33.42 49.57 0 0.453002 659.24 0.00 33.13 43.54 0 0.449085 954.15 678.64 35.22 32.95 0 0.444742 625.68 388.93 32.74 46.64 0 0.442857 1324.14 394.61 31.23 35.51 0 0.442255 670.29 386.38 39.67 45.55 0 0.436522 1087.83 675.30 46.74 27.80 0 0.432608 602.57 320.21 33.02 44.77 0 0.428795 1268.49 418.40 39.74 28.92 0 0.427688 515.34 65.86 30.90 39.53 0 0.424089 1454.92 338.78 58.01 32.67 0 0.418663 678.98 403.52 36.21 46.40 0 0.418636 1055.33 496.51 39.27 31.89 0 0.413098 586.32 263.30 32.96 45.96 0 0.404674 58.80 783.34 35.78 50.22 0 0.402099 513.62 55.38 32.40 43.81 0 0.394564 34.56 807.81 37.24 51.76 0 0.389631 1051.06 502.98 36.79 29.12 0 0.387712 1003.83 514.93 44.15 31.90 0 0.385930 1061.74 181.48 25.14 21.36 0 0.362799 1173.95 641.15 39.27 48.50 0 0.362200 931.65 683.20 37.42 30.76 0 0.360016 1462.57 327.42 55.81 33.32 0 0.358746 1522.91 305.57 61.49 36.55 0 0.358497 42.43 797.54 40.96 54.41 0 0.356545 491.87 855.63 52.42 30.59 0 0.351327 1.07 632.86 31.12 46.69 0 0.349799 0.00 625.36 33.03 47.24 0 0.347653 511.91 50.55 30.32 44.14 0 0.346842 1600.02 279.11 64.93 42.91 0 0.343760 1292.27 410.95 32.99 28.40 0 0.333314 0.45 499.77 24.17 55.84 0 0.332971 1405.11 351.90 53.80 38.12 0 0.331133 858.42 1045.63 33.40 31.49 0 0.327422 954.54 66.06 25.94 18.95 0 0.326317 507.54 852.18 43.01 27.49 0 0.325798 555.08 78.07 23.73 29.32 0 0.325476 1587.90 285.51 53.27 37.08 0 0.322614 1202.09 438.25 53.82 32.76 0 0.322185 967.22 686.61 43.84 36.08 0 0.319970 87.29 40.57 65.62 36.28 0 0.317138 652.59 466.45 23.42 27.63 3 0.315789 120.92 758.59 33.26 52.98 0 0.312678 1060.56 492.27 44.76 31.59 0 0.306892 1181.10 643.52 36.30 47.81 0 0.305368 1.38 610.69 32.40 56.03 0 0.300458 912.98 632.07 41.72 25.05 0 0.295762 592.40 283.80 33.35 40.08 0 0.292278 604.84 324.93 34.05 50.01 0 0.289924 478.56 866.31 42.84 27.72 0 0.284242 989.26 530.62 37.88 26.25 0 0.283474 583.26 261.26 31.58 42.92 0 0.278358 696.48 119.45 37.73 48.54 1 0.276233 1070.89 620.03 52.68 30.56 0 0.275977 931.13 182.75 27.48 40.28 0 0.261900 560.03 187.83 33.88 46.91 0 0.255427 1587.57 277.43 61.27 39.87 0 0.252783 509.99 42.81 29.54 29.17 0 0.252768 1065.54 144.69 36.34 26.00 0
334,0.780795 1237.29 558.55 70.28 34.73 1 0.289589 1366.40 594.65 24.81 13.33 0 0.275902 1337.77 642.31 29.64 14.95 0
335,0.566929 1257.39 69.84 27.23 42.15 0 0.400940 145.28 88.51 39.23 53.19 1 0.273868 1248.50 77.92 30.07 52.24 0 0.253061 1126.29 232.79 33.71 27.94 0
336,0.582634 875.51 604.75 41.96 40.31 1 0.576275 701.99 756.10 20.06 27.57 0 0.564730 961.03 587.35 20.80 20.68 0 0.541914 508.95 731.36 16.62 22.17 0 0.538475 404.98 714.01 22.45 27.04 0 0.477241 1038.51 637.63 24.07 20.34 0 0.477066 365.04 710.12 22.78 23.96 0 0.464023 437.12 714.67 23.05 26.81 0 0.447852 549.60 667.05 25.49 16.37 0 0.441133 1061.39 639.65 17.92 18.19 0 0.422326 669.24 666.62 24.14 17.05 0 0.421316 621.86 753.99 19.49 22.83 0 0.353043 486.89 730.91 20.24 20.88 0 0.319380 915.43 571.75 19.05 16.04 0 0.311261 435.86 719.79 22.31 26.87 0 0.289502 605.39 753.52 23.51 21.76 0 0.277319 869.49 608.70 43.20 34.60 1 0.276993 1106.42 643.49 16.74 16.91 0 0.273200 626.99 665.28 22.67 20.00 0
337,0.367718 1797.46 211.66 33.65 21.65 0 0.366863 932.30 447.53 36.96 14.38 0 0.323961 891.77 15.52 29.92 17.67 0 0.274622 1053.06 417.46 27.40 17.83 0 0.264877 1294.75 259.80 26.17 21.60 0
338,0.705260 1650.89 91.14 36.09 46.72 0 0.676804 744.19 907.40 33.54 53.67 0 0.676599 1676.03 189.48 36.81 48.49 0 0.661831 1225.11 166.18 28.76 46.52 0 0.658889 640.32 997.20 39.77 76.87 0 0.652875 718.13 438.31 31.56 77.88 1 0.647129 1193.10 165.96 27.67 45.63 0 0.644680 1029.50 166.03 28.69 44.15 0 0.641570 1695.96 245.76 36.98 52.26 0 0.636485 1130.05 44.37 26.78 42.08 0 0.635219 743.87 840.39 30.89 55.97 0 0.630776 1745.67 415.53 36.59 52.70 0 0.625432 715.79 264.54 23.61 39.57 0 0.624762 1619.05 496.84 32.09 53.52 0 0.622487 736.27 634.08 29.82 58.44 0 0.621921 1725.72 357.24 36.66 49.02 0 0.619125 314.48 486.32 55.71 26.59 0 0.614958 734.54 705.88 31.93 82.22 1 0.611554 1002.37 167.19 25.98 43.56 0 0.601542 574.11 724.42 33.68 69.54 0 0.595779 719.73 491.22 30.52 48.00 1 0.588235 1622.58 196.95 33.46 48.18 0 0.582211 580.20 892.36 32.85 67.13 0 0.576859 576.13 588.83 25.19 52.53 0 0.574795 1767.01 353.62 36.86 51.32 0 0.570707 1204.52 37.84 30.29 42.46 0 0.567477 1062.27 54.04 27.26 38.21 0 0.566839 1762.86 351.58 33.85 49.37 0 0.563111 1062.11 164.09 28.37 44.68 0 0.556594 1740.57 290.88 31.19 47.92 0 0.555250 578.57 828.43 32.48 56.28 0 0.551479 1126.57 163.78 32.48 45.53 0 0.549888 1095.88 164.51 30.22 43.53 0 0.540738 1775.67 531.55 39.56 56.54 0 0.531740 1764.49 473.95 33.35 48.79 0 0.526303 1706.35 533.09 35.44 59.83 0 0.521170 180.97 497.33 60.04 28.22 0 0.520309 885.01 29.50 37.62 25.00 0 0.520080 738.61 767.05 32.87 57.21 0 0.516387 1600.98 93.36 29.65 47.46 0 0.516208 291.53 598.88 31.83 40.33 3 0.516124 992.72 20.41 45.79 25.32 0 0.515902 1694.75 472.26 32.94 56.17 0 0.515496 749.79 980.82 31.38 63.62 0 0.513523 721.29 431.80 28.42 45.03 1 0.510210 796.06 51.31 49.48 40.66 0 0.503788 1654.14 309.67 27.48 44.68 0 0.503004 1166.98 37.64 36.65 42.74 0 0.502699 951.86 169.64 24.28 43.24 0 0.499816 715.48 142.46 23.14 37.88 0 0.491664 1681.83 415.04 35.12 48.31 0 0.489566 965.94 500.63 26.78 49.32 0 0.487766 920.51 169.34 26.99 45.07 0 0.487757 1716.53 296.11 31.68 45.87 0 0.484906 974.82 169.10 24.56 44.40 0 0.480505 995.47 233.89 50.36 28.34 0 0.475130 893.94 66.05 22.07 31.50 0 0.469152 1640.84 247.51 33.30 54.09 0 0.469000 1093.13 820.59 47.10 32.28 0 0.465815 1724.22 594.31 38.52 47.65 0 0.463039 1709.48 296.00 31.80 49.53 0 0.462282 1812.57 543.27 39.50 59.07 0 0.459893 943.13 25.57 44.14 26.95 0 0.459731 892.57 28.04 39.73 26.53 0 0.456902 1608.86 146.09 30.08 47.77 0 0.456809 1166.43 6.69 39.96 29.08 0 0.454190 1155.76 42.09 30.48 42.17 0 0.449602 968.54 368.74 50.60 26.69 0 0.447336 1692.29 102.63 37.49 50.98 0 0.443909 711.59 194.29 25.01 41.04 0 0.442482 404.41 482.19 71.24 33.45 0 0.440814 571.80 633.17 32.52 82.11 1 0.434968 373.34 418.24 37.24 22.47 0 0.434115 1353.57 721.64 47.39 27.61 0 0.430396 579.85 971.84 32.58 63.08 0 0.423839 1262.71 159.89 31.27 40.11 0 0.418308 1055.74 20.94 41.33 23.37 0 0.415876 1693.60 111.62 35.52 50.24 0 0.415469 1367.21 631.60 34.82 20.84 0 0.406172 729.58 562.72 34.80 56.40 0 0.359321 1250.60 44.51 32.02 36.78 0 0.356357 1671.99 388.81 31.26 41.54 0 0.353928 993.17 238.83 50.44 28.79 0 0.351301 940.47 20.58 34.77 26.44 0 0.349670 1099.48 824.92 48.39 30.69 0 0.347228 387.22 481.38 75.95 28.74 0 0.341662 1033.55 162.63 29.38 44.85 0 0.339714 1245.70 635.36 38.10 20.61 0 0.336961 1666.62 59.36 30.76 33.14 0 0.336299 382.11 481.98 62.96 26.27 0 0.329863 1226.59 43.34 29.52 37.22 0 0.323140 1065.58 160.18 32.18 44.69 0 0.322995 1601.81 118.04 30.99 49.40 0 0.322241 1617.23 198.46 32.63 47.03 0 0.319951 1754.01 471.93 35.77 52.69 0 0.315917 774.68 152.03 28.16 33.31 0 0.312144 1253.90 36.78 33.69 38.64 0 0.298383 938.47 24.91 37.74 27.13 0 0.293012 1119.23 16.32 35.90 24.39 0 0.287905 1321.65 347.73 49.27 30.27 0 0.287409 737.62 745.97 34.67 74.15 1 0.286169 949.34 852.73 31.68 40.37 0 0.286051 944.12 21.16 40.84 26.34 0 0.274284 1215.98 40.15 35.08 37.62 0 0.269583 719.96 381.34 31.72 52.89 1 0.265272 1663.37 88.98 34.59 51.24 0 0.264871 804.89 34.30 38.01 28.43 0 0.264155 816.93 51.44 37.65 38.29 0 0.261148 713.63 204.32 23.52 41.93 0 0.260023 1184.83 166.96 30.51 46.14 0 0.258844 1224.21 172.73 26.10 45.40 0 0.253359 955.30 174.06 25.89 45.28 0
339,0.634384 1436.99 835.15 27.84 54.79 0 0.559242 1017.62 1020.02 59.79 29.61 0 0.551212 1841.90 157.55 22.73 35.69 0 0.546889 1621.27 556.18 49.94 26.83 0 0.538036 1578.06 229.87 43.68 23.39 0 0.505632 1420.46 278.07 17.21 33.55 0 0.493697 1869.52 160.46 22.13 33.89 0 0.488606 1576.70 281.71 44.30 20.58 0 0.487586 1578.53 251.07 44.57 21.91 0 0.456097 1803.68 41.57 25.62 26.44 0 0.454051 1611.51 439.92 49.22 22.98 0 0.446259 1777.35 39.77 22.83 28.23 0 0.441015 1757.98 39.95 21.80 25.72 0 0.427429 1078.75 652.19 28.06 75.38 1 0.422289 1686.30 27.74 18.77 25.54 0 0.418864 1013.00 949.94 60.33 32.55 0 0.415032 1868.72 116.93 24.72 25.75 0 0.413271 1768.97 147.98 22.95 31.65 0 0.398262 1578.15 299.68 42.87 18.86 0 0.397147 992.53 901.41 73.97 39.56 1 0.396776 1684.20 0.00 25.00 18.52 0 0.381814 1655.73 30.29 21.86 22.00 0 0.378878 1791.68 151.40 23.83 36.22 0 0.375114 1687.38 226.31 26.93 27.09 0 0.363076 1611.51 462.69 47.26 21.45 0 0.360200 1606.74 590.32 48.51 29.38 0 0.341544 1650.77 890.26 50.53 48.05 0 0.341345 1715.54 144.46 27.03 32.04 0 0.332390 1421.17 284.27 17.35 32.51 0 0.331886 1891.18 54.13 23.85 22.16 0 0.329022 1708.79 31.58 20.08 26.68 0 0.326515 1608.32 602.96 45.90 32.64 0 0.325569 1621.63 135.90 28.90 30.89 0 0.303810 1413.09 183.17 35.67 26.11 0 0.301396 1876.88 59.49 25.60 19.16 0 0.292195 1471.75 248.69 25.52 28.18 0 0.287687 1652.58 894.13 53.10 54.60 0 0.286863 1866.80 119.58 24.37 26.70 0 0.280384 1460.48 163.76 35.52 22.90 0 0.279608 1871.74 12.04 28.84 24.77 0 0.261057 1023.04 788.99 54.81 72.95 0 0.260575 1637.36 28.92 20.82 23.42 0 0.257246 1697.36 144.60 26.19 29.38 0 0.256978 1870.51 88.15 24.11 19.57 0 0.250509 1824.19 156.29 25.11 36.50 0
340,0.735150 579.12 674.53 67.49 39.77 0 0.730698 951.87 866.29 72.97 43.91 0 0.723934 922.97 795.10 70.33 41.39 0 0.722099 745.45 863.11 70.96 44.02 0 0.714842 758.94 906.48 72.64 45.34 0 0.713557 909.48 754.79 71.10 41.84 0 0.711860 610.11 459.24 71.72 40.00 0 0.694362 637.60 819.20 68.69 43.88 0 0.680922 667.75 599.95 65.44 39.73 0 0.675549 835.54 535.65 69.52 40.13 0 0.674882 999.98 985.07 73.64 45.30 0 0.669174 532.79 532.75 64.75 38.90 0 0.666533 639.98 867.49 70.17 42.01 0 0.663991 795.85 395.53 67.14 34.53 0 0.659750 884.01 677.02 75.35 42.49 0 0.656654 712.42 746.32 70.36 43.32 0 0.655487 934.98 828.81 74.05 39.04 0 0.654313 543.23 568.43 64.26 37.00 0 0.654282 770.31 942.97 76.80 42.67 0 0.643838 975.55 908.11 69.32 44.42 0 0.635085 695.27 1018.39 74.46 49.00 0 0.633502 983.30 944.69 77.22 43.45 0 0.631538 739.70 819.57 72.31 42.63 0 0.627460 801.48 1017.42 76.96 47.07 0 0.624810 808.75 465.17 69.26 36.81 0 0.623178 1063.24 366.28 61.22 38.01 0 0.620925 690.96 670.12 65.94 40.81 0 0.609738 1015.48 270.58 66.48 36.82 0 0.606864 1083.96 898.44 67.23 42.09 0 0.606351 896.40 710.30 71.19 42.96 0 0.603018 802.07 432.53 65.56 35.87 0 0.601225 679.21 630.14 69.53 40.69 0 0.594723 619.44 749.16 62.88 40.67 0 0.593075 580.07 636.48 66.18 35.71 0 0.590597 634.00 535.80 67.58 40.03 0 0.586040 848.93 573.88 65.85 37.19 0 0.585927 826.49 504.75 64.14 38.41 0 0.584640 581.92 600.01 57.83 38.36 0 0.583198 620.16 500.09 63.13 34.11 0 0.577310 588.30 715.82 67.50 42.91 0 0.577192 326.77 303.81 31.01 18.67 3 0.574702 694.98 705.15 76.19 42.33 0 0.563469 631.12 785.55 62.70 37.36 0 0.563325 1085.22 946.41 76.60 41.51 0 0.562092 1009.32 1030.39 69.13 43.12 0 0.556212 1111.42 240.14 59.04 33.76 0 0.555285 1032.86 303.46 72.04 36.31 0 0.552686 524.45 496.56 68.44 36.80 0 0.547044 1099.45 989.15 75.57 42.31 0 0.546894 598.49 430.00 63.23 39.42 0 0.543067 726.83 783.57 67.45 41.41 0 0.537889 647.73 904.82 78.92 44.72 0 0.535458 881.01 638.01 66.84 39.02 0 0.516538 788.55 977.22 71.31 45.63 0 0.509672 692.05 708.79 64.90 41.33 0 0.508872 797.63 425.05 70.62 35.00 0 0.502728 817.25 495.86 68.00 38.17 0 0.499309 738.43 829.39 67.68 41.92 0 0.494260 669.65 593.91 67.25 38.25 0 0.485009 776.23 959.60 76.68 47.30 0 0.484506 575.66 641.12 63.00 37.92 0 0.476531 843.87 568.92 72.26 36.71 0 0.458652 629.36 547.92 52.50 33.68 0 0.444027 816.15 484.74 66.31 40.86 0 0.434743 727.89 774.22 66.47 43.28 0 0.433793 824.41 1052.25 68.93 27.75 0 0.426991 632.76 542.45 63.75 40.52 0 0.425044 681.06 637.99 63.25 41.19 0 0.409442 795.41 415.46 69.46 38.72 0 0.405629 731.62 792.32 68.74 43.79 0 0.404028 1024.71 296.47 70.87 38.82 0 0.396593 603.63 458.56 66.92 36.96 0 0.395701 739.97 841.53 71.22 44.83 0 0.391239 1082.66 950.30 66.75 44.57 0 0.387174 1096.60 992.83 66.58 45.09 0 0.385811 632.74 795.58 67.92 46.11 0 0.379359 1015.62 1018.35 75.06 44.88 0 0.378630 841.61 556.93 69.34 42.81 0 0.373815 929.49 818.32 71.36 40.50 0 0.370412 917.33 772.55 70.30 44.70 0 0.365927 980.05 900.19 72.13 43.38 0 0.362961 992.09 959.16 74.59 48.81 0 0.358981 891.03 697.24 71.56 45.98 0 0.351752 885.00 685.05 67.06 42.05 0 0.344229 793.27 405.93 65.77 33.65 0 0.341228 783.77 971.29 75.07 42.80 0 0.327255 707.92 1049.59 74.97 30.41 0 0.321274 790.94 983.33 74.61 48.75 0 0.319098 893.91 720.02 69.01 38.64 0 0.318514 723.78 791.00 68.44 39.09 0 0.314344 622.69 452.78 65.03 39.50 0 0.314079 1007.68 997.88 73.96 48.35 0 0.309288 605.81 440.51 75.22 43.75 0 0.301930 944.69 847.37 77.14 47.58 0 0.301781 538.44 221.68 83.84 40.59 0 0.300962 336.91 345.96 28.35 19.51 3 0.293696 1045.23 1010.77 52.09 43.34 0 0.282039 741.68 849.32 73.59 45.80 0 0.280275 1065.83 374.19 60.90 38.12 0 0.269474 684.40 664.13 69.88 40.21 0 0.266640 970.21 891.02 70.81 45.78 0 0.266518 535.50 574.05 58.84 38.76 0 0.265694 908.13 719.74 70.04 43.99 0 0.257664 542.33 211.61 88.34 36.83 1 0.257092 585.76 706.76 70.63 44.27 0 0.253723 710.32 756.74 71.20 43.42 0
341,0.692806 1312.77 776.48 66.48 32.82 0 0.641579 1564.52 776.22 64.10 32.00 0 0.624872 897.69 777.10 65.95 32.29 0 0.580515 575.19 774.48 57.99 29.45 0 0.348064 133.19 342.22 30.86 38.06 0 0.293902 170.84 859.16 62.07 28.61 0 0.286436 318.98 1060.66 56.36 19.34 0
342,0.696981 690.91 543.97 59.40 33.11 0 0.683889 799.47 532.01 65.97 35.67 0 0.677986 870.52 865.55 66.23 39.04 0 0.671743 924.97 1012.15 59.46 37.73 0 0.668932 834.20 396.75 62.95 33.53 0 0.667949 804.59 496.59 66.48 33.68 0 0.667554 852.48 324.52 65.67 35.11 0 0.664509 671.81 888.36 68.01 37.24 0 0.645878 774.72 598.89 62.40 35.25 0 0.644039 585.52 865.88 64.44 35.16 0 0.643710 705.64 774.18 68.42 41.11 0 0.639748 785.22 568.67 64.25 37.86 0 0.637258 591.96 824.56 66.35 37.25 0 0.631892 1269.56 440.27 63.57 35.69 0 0.624083 862.20 910.80 66.15 38.84 0 0.614941 835.81 985.74 72.93 42.18 0 0.613972 877.49 823.02 69.34 39.11 0 0.607614 1019.15 411.84 62.48 34.67 0 0.603575 1010.74 443.32 61.15 34.80 0 0.598552 641.72 678.70 65.11 40.16 0 0.597894 951.26 966.26 63.04 43.48 0 0.597010 904.36 753.80 69.31 38.84 0 0.594927 971.91 540.28 67.69 38.96 0 0.594498 687.68 580.84 63.54 34.48 0 0.590868 742.29 443.78 58.15 33.60 0 0.589035 688.55 817.99 72.15 35.01 0 0.588517 995.77 478.65 63.91 32.34 0 0.587388 852.92 361.74 67.56 34.98 0 0.586416 767.26 344.50 63.65 34.63 0 0.585107 657.41 929.01 67.73 40.24 0 0.582415 753.57 672.09 60.43 34.76 0 0.582206 978.30 508.43 67.09 38.04 0 0.582186 1269.80 484.23 65.66 36.71 0 0.581485 673.62 647.03 57.23 37.18 0 0.578340 963.69 578.92 63.50 37.11 0 0.577418 677.85 847.69 74.84 36.60 0 0.570236 925.50 682.49 66.25 38.46 0 0.566795 636.11 717.16 65.77 37.41 0 0.554662 945.60 649.51 62.80 35.64 0 0.549517 852.33 944.84 69.15 40.84 0 0.546315 918.20 718.87 64.13 36.66 0 0.544686 738.62 701.85 68.51 41.98 0 0.538357 886.39 793.86 66.57 36.69 0 0.537479 1250.68 545.97 70.61 38.92 0 0.533897 746.50 408.39 56.18 30.11 0 0.533354 643.93 965.97 69.10 39.94 0 0.532104 689.51 576.57 62.17 31.20 0 0.531374 550.60 937.87 68.31 41.77 0 0.529001 755.79 373.68 65.40 34.11 0 0.528411 719.42 741.52 60.16 34.27 0 0.518858 685.42 614.63 62.30 33.14 0 0.517364 710.21 504.03 58.39 32.08 0 0.499345 754.21 637.32 73.03 37.94 0 0.486129 831.57 431.82 60.62 34.12 0 0.476955 1371.91 474.11 58.21 28.71 0 0.475951 732.78 475.87 55.02 30.31 0 0.467799 712.55 733.68 64.74 37.11 0 0.467640 685.69 605.99 63.05 37.04 0 0.460010 828.60 1017.64 69.76 40.88 0 0.452246 1247.75 541.40 66.37 36.07 0 0.447689 749.97 79.80 20.17 21.46 3 0.439201 625.30 703.66 67.05 40.78 0 0.407233 665.74 640.95 62.59 38.26 0 0.402557 839.53 968.38 75.14 41.37 0 0.401293 651.21 971.23 67.10 38.46 0 0.395863 769.81 586.15 71.69 39.75 0 0.392991 843.04 390.01 64.82 33.62 0 0.390711 872.21 821.14 66.20 33.59 0 0.390299 943.52 643.20 62.85 34.73 0 0.388577 585.94 857.49 69.17 35.08 0 0.380122 667.39 880.56 68.46 36.28 0 0.370325 695.91 795.90 74.58 38.20 0 0.365763 736.75 458.84 60.23 39.63 0 0.363656 1270.48 479.43 63.38 33.77 0 0.363422 1305.39 1034.65 71.97 38.26 0 0.362923 924.56 692.84 66.82 40.02 0 0.362473 738.89 401.72 61.87 32.10 0 0.360869 918.46 713.59 67.70 35.97 0 0.359961 1310.55 1028.25 67.87 39.28 0 0.359671 697.66 781.98 75.91 40.19 0 0.354208 583.07 889.21 61.80 32.04 0 0.352967 897.65 1043.06 65.08 36.01 0 0.349300 893.30 785.12 70.71 35.67 0 0.338609 710.55 489.53 59.84 37.19 0 0.337044 753.28 649.98 66.27 40.28 0 0.333231 823.08 424.00 66.46 33.75 0 0.332281 698.70 508.99 58.16 31.24 0 0.332184 817.23 420.15 67.64 34.17 0 0.332103 749.89 372.02 60.43 31.54 0 0.329481 982.31 505.79 66.68 33.85 0 0.319868 1379.43 479.81 56.22 27.99 0 0.319126 837.46 975.16 74.43 42.14 0 0.317695 874.21 843.14 69.80 41.81 0 0.314809 505.29 714.49 33.08 23.24 3 0.313076 672.33 635.26 64.78 40.36 0 0.310392 899.83 762.66 69.26 38.21 0 0.293806 929.74 135.97 87.68 42.16 1 0.289851 925.22 1001.23 67.28 39.33 0 0.286995 941.15 653.65 62.33 35.62 0 0.285940 969.69 549.79 66.93 42.88 0 0.285185 588.54 841.09 66.19 36.51 0 0.284503 916.92 1053.31 63.88 26.69 0 0.281300 730.92 116.95 31.97 20.56 3 0.275721 871.20 857.15 74.24 38.67 0 0.275673 693.44 805.17 70.53 34.36 0 0.275483 999.50 468.85 64.51 36.15 0 0.272308 1268.58 459.38 64.44 38.29 0 0.271480 496.35 735.79 38.42 17.60 3 0.271371 853.46 331.98 68.68 35.84 0 0.264953 548.23 931.01 68.50 36.77 0 0.256327 1269.19 468.58 64.47 34.25 0
343,0.811223 144.11 296.12 25.20 40.74 0 0.803801 408.35 293.50 24.24 40.67 0 0.792584 169.91 298.41 24.92 39.98 0 0.776264 123.59 296.66 26.36 41.06 0 0.765726 382.03 293.65 24.02 38.59 0 0.717626 433.37 294.29 24.09 41.79 0 0.715872 238.34 168.82 20.94 30.84 0 0.706555 196.08 297.69 25.00 40.54 0 0.706070 480.37 197.95 22.24 38.77 0 0.689141 220.98 298.09 26.20 41.25 0 0.677930 356.69 293.57 25.21 36.02 0 0.669232 330.62 294.72 24.78 38.94 0 0.665030 312.81 161.15 20.81 33.37 0 0.660154 437.06 156.82 18.82 34.62 0 0.636374 436.80 441.49 25.72 44.96 0 0.634679 458.82 159.64 19.95 33.26 0 0.625353 360.34 161.29 20.97 32.89 0 0.624630 430.02 200.45 20.51 35.93 0 0.622373 195.30 206.61 23.42 37.20 0 0.618087 173.39 205.86 23.12 39.15 0 0.616986 47.73 213.90 24.34 39.15 0 0.612965 629.93 195.15 24.98 54.93 1 0.612484 413.23 156.75 19.32 33.76 0 0.605636 124.03 208.17 23.73 36.95 0 0.604775 219.47 206.44 23.27 36.78 0 0.601214 350.09 446.60 28.81 47.23 0 0.600778 407.87 444.35 26.25 45.45 0 0.595268 148.07 205.71 23.02 39.76 0 0.592827 75.83 213.67 21.72 38.26 0 0.591833 454.34 201.65 21.01 36.72 0 0.588265 338.81 160.97 20.35 31.90 0 0.587588 115.14 170.02 21.27 32.15 0 0.583005 97.88 301.53 27.92 39.75 0 0.575936 405.53 201.46 19.99 36.36 0 0.572868 356.71 205.07 21.24 38.29 0 0.572411 284.67 166.33 20.16 31.47 0 0.568397 309.10 163.58 21.67 32.33 0 0.558465 47.61 173.42 21.67 31.65 0 0.544909 245.94 298.48 26.28 42.28 0 0.542934 431.41 503.26 22.14 45.71 0 0.542593 271.52 204.88 22.19 36.04 0 0.519643 100.03 213.30 21.31 35.65 0 0.516856 330.55 202.18 21.96 37.93 0 0.511647 1055.24 386.70 23.09 43.99 0 0.510832 385.79 166.20 18.93 30.90 0 0.505801 119.67 302.13 24.86 38.07 0 0.501274 307.97 204.10 22.04 37.52 0 0.498050 305.18 293.23 23.26 40.48 0 0.486384 244.65 209.42 20.68 35.91 0 0.484597 1051.39 335.39 24.46 45.79 0 0.482156 39.92 310.10 25.01 33.90 0 0.477614 24.16 217.27 24.76 37.10 0 0.474329 192.36 167.65 23.25 30.41 0 0.472351 20.24 359.40 26.20 38.25 0 0.472085 23.71 310.88 23.26 32.32 0 0.469269 1033.42 30.65 18.93 37.54 0 0.467200 91.64 170.24 22.08 33.10 0 0.466935 951.25 59.90 35.95 18.32 0 0.464889 1047.34 287.87 23.65 38.89 0 0.461582 92.82 305.71 26.21 37.52 0 0.442574 65.48 309.45 24.83 38.05 0 0.437120 239.49 163.95 22.68 33.30 0 0.425332 142.00 300.45 24.18 38.68 0 0.406778 452.25 207.43 21.58 34.97 0 0.402471 67.92 305.24 27.20 38.77 0 0.398780 0.88 356.18 21.85 37.69 0 0.378156 946.72 38.50 37.14 16.68 0 0.371365 252.06 294.92 26.63 44.00 0 0.365967 282.23 201.42 21.50 38.36 0 0.360898 26.21 307.07 25.43 35.48 0 0.359419 213.28 163.48 22.46 31.79 0 0.357844 946.09 16.54 33.93 15.06 0 0.353820 17.71 354.96 26.80 37.93 0 0.353278 655.92 93.33 13.15 16.36 3 0.343947 248.32 302.77 26.80 40.94 0 0.340470 409.89 300.53 21.24 37.94 0 0.327409 33.25 175.17 26.07 29.89 0 0.314411 194.35 164.16 25.56 31.70 0 0.294282 943.91 35.71 36.98 16.90 0 0.289327 1040.64 199.33 18.96 33.18 0 0.284781 389.40 200.39 21.62 36.23 0 0.274041 260.83 167.62 20.12 32.12 0 0.267068 328.56 299.15 24.23 38.87 0 0.266077 327.38 205.90 23.21 38.46 0 0.261957 1194.78 767.56 19.95 36.10 0 0.253867 345.89 450.09 28.59 44.45 0 0.250523 410.62 164.71 18.50 31.59 0
344,0.584503 239.11 555.05 17.62 23.41 2 0.575476 1109.97 66.11 25.47 39.05 0 0.558007 570.06 294.99 13.74 18.45 2 0.501059 1083.13 48.27 26.94 35.00 0 0.428501 925.40 65.15 38.48 30.39 0 0.405995 1017.26 0.00 26.13 31.42 0 0.392365 1014.53 0.55 26.78 37.02 0 0.382950 930.35 65.13 48.23 32.68 0 0.326402 736.19 378.19 13.79 15.84 2 0.325097 670.69 328.06 11.85 14.61 2 0.305650 1010.01 6.92 27.74 31.45 0 0.284978 272.98 556.17 17.58 24.33 2 0.278337 1084.32 55.07 28.84 35.39 0 0.271225 675.62 429.62 10.47 13.35 2 0.252033 594.09 316.73 14.72 18.53 2
345,0.755603 349.80 219.96 31.65 40.96 3 0.737424 170.91 328.75 82.51 83.83 0 0.728997 1037.62 1.14 55.45 60.70 0 0.709639 436.34 214.26 89.67 88.10 0 0.706086 917.25 733.39 143.58 156.75 0 0.701403 1220.95 582.40 113.34 115.73 0 0.692208 327.06 540.32 120.34 138.13 0 0.687137 351.51 826.08 120.15 164.59 0 0.686563 1013.82 695.71 135.49 154.67 0 0.683282 767.53 97.40 88.51 71.37 0 0.681910 1400.71 228.01 112.46 67.39 0 0.681130 420.41 505.91 101.96 129.31 0 0.679336 336.30 50.41 26.88 39.86 3 0.678108 505.86 193.64 75.85 83.83 0 0.666504 773.77 273.45 86.62 79.61 0 0.662070 1139.17 613.03 127.08 133.95 0 0.661704 86.22 338.04 91.15 103.70 0 0.661334 608.80 162.79 84.45 65.19 0 0.651802 1053.79 175.09 87.04 68.93 0 0.651589 281.19 452.19 89.83 93.90 0 0.649296 0.00 365.25 88.71 100.08 0 0.642569 649.99 425.04 109.18 106.47 0 0.640029 449.72 23.43 32.37 30.23 3 0.634919 659.65 912.16 147.18 164.66 0 0.631281 895.77 305.25 108.71 102.04 0 0.629038 827.99 785.57 146.29 155.50 0 0.627957 365.19 47.45 23.47 35.75 3 0.622780 988.92 195.32 95.36 69.18 0 0.619925 499.66 360.43 108.89 109.34 0 0.619087 1093.01 664.91 110.53 125.15 0 0.611786 1645.26 399.91 122.02 85.65 0 0.609365 1293.19 154.87 103.40 70.67 0 0.608680 34.71 266.56 135.66 64.92 0 0.605795 1618.38 747.54 160.20 123.51 0 0.604926 675.73 143.79 70.20 64.36 0 0.604815 269.12 69.25 37.70 44.57 3 0.604718 1225.31 105.58 71.45 57.66 0 0.598882 494.22 362.16 95.86 94.58 0 0.598815 228.49 567.73 107.19 148.23 1 0.597327 878.51 228.13 88.94 71.04 0 0.591481 593.37 340.91 79.10 87.73 0 0.588020 1786.76 492.20 133.24 86.16 0 0.586421 1524.10 319.14 115.75 78.49 0 0.586245 267.72 246.84 27.84 36.39 3 0.567672 1299.72 562.10 93.63 90.47 0 0.556273 496.00 2.24 31.43 36.85 3 0.554195 835.46 83.11 76.95 66.44 0 0.547611 377.07 40.78 26.88 37.22 3 0.526836 171.67 914.64 41.47 56.04 3 0.522610 643.92 880.04 141.28 197.01 0 0.521515 1076.08 648.86 106.57 126.22 0 0.520890 329.77 224.65 29.49 39.33 3 0.518901 381.65 34.95 24.89 37.55 3 0.516231 1636.48 966.47 173.64 113.53 0 0.513593 404.53 34.24 25.07 37.32 3 0.513559 449.73 181.65 34.36 30.92 3 0.511491 519.77 901.80 188.05 178.20 1 0.506549 422.82 28.26 27.09 37.32 3 0.499035 1150.17 446.18 113.89 104.53 1 0.498345 1043.13 176.50 88.98 56.94 0 0.497932 1597.52 737.73 170.38 120.37 0 0.482744 1819.43 814.63 98.83 121.50 0 0.480791 714.78 99.65 29.07 31.33 3 0.479806 1831.11 789.56 87.88 139.37 0 0.478377 303.88 229.78 31.30 38.47 3 0.478031 485.92 5.55 33.48 40.16 3 0.474166 695.96 300.70 100.74 81.90 0 0.466161 577.78 131.88 25.15 38.63 3 0.461593 1051.60 121.06 30.49 31.01 3 0.456652 300.83 235.47 31.64 36.72 3 0.456040 1786.80 484.73 125.75 72.39 0 0.455251 91.88 674.61 26.75 38.90 3 0.453579 386.99 204.02 30.01 35.56 3 0.451988 178.46 925.42 35.30 45.60 3 0.449485 27.52 284.58 115.73 65.87 0 0.445245 90.31 579.18 60.42 46.17 3 0.443850 401.13 40.91 25.99 34.02 3 0.442150 1399.86 886.14 187.18 171.40 0 0.437485 315.82 55.42 24.80 38.97 3 0.427750 27.15 288.53 85.38 66.84 0 0.424081 449.55 12.34 33.36 36.98 3 0.413435 619.18 124.43 27.79 34.67 3 0.405696 284.42 241.00 30.27 37.23 3 0.403672 1318.07 526.50 158.58 99.44 0 0.401603 201.76 730.74 33.88 57.63 3 0.401206 686.78 100.77 32.67 30.64 3 0.398115 221.79 84.61 53.00 33.32 3 0.397362 1486.22 502.05 69.59 46.26 0 0.391563 1031.28 722.61 111.96 132.92 0 0.391028 1056.31 112.58 26.76 33.98 3 0.376360 358.36 209.24 24.67 34.96 3 0.374274 1163.72 635.49 113.43 116.11 0 0.373585 1385.57 878.95 185.26 148.88 0 0.356508 1220.68 430.98 114.37 77.40 0 0.356334 1012.11 191.51 87.90 70.89 0 0.350390 1294.42 516.42 125.69 69.94 0 0.345626 604.37 128.85 22.74 35.64 3 0.341997 644.72 143.99 78.60 60.31 0 0.338377 289.42 232.36 27.34 36.25 3 0.332624 158.36 905.09 51.84 61.02 3 0.323505 365.87 39.96 26.22 36.45 3 0.320526 721.44 89.62 23.26 31.45 3 0.313411 884.14 729.01 168.62 178.02 0 0.309148 103.66 353.91 81.94 89.81 0 0.308336 1542.23 329.22 115.72 74.68 0 0.307653 153.27 900.62 46.42 51.49 3 0.306190 727.99 285.26 120.06 81.88 0 0.302255 545.26 1.36 31.96 26.76 3 0.302034 1831.39 503.69 86.71 82.58 0 0.299897 383.54 208.78 35.53 37.83 3 0.298531 1591.99 723.68 154.02 119.87 0 0.295362 1190.09 433.67 139.96 84.48 0 0.283352 1445.58 890.53 155.48 172.13 0 0.282923 835.04 771.63 113.67 138.66 0 0.272309 1652.52 384.15 118.78 88.39 0 0.271629 0.00 796.57 69.37 156.40 1 0.266962 322.83 231.14 29.57 37.80 3 0.266707 1147.37 436.89 92.97 90.36 0 0.265169 499.24 0.00 27.67 31.00 3 0.265074 1132.69 592.98 120.82 126.36 0 0.262259 164.60 725.40 38.79 65.66 2 0.261993 412.85 735.92 74.26 45.93 3 0.260973 666.02 133.65 62.43 52.15 0 0.260359 220.25 555.05 84.86 133.47 1 0.258977 1299.44 517.08 147.18 84.04 0 0.258404 311.14 63.99 28.07 36.24 3 0.256891 1301.93 549.56 93.39 83.40 0 0.255372 476.30 196.33 91.62 90.37 0 0.255365 672.41 102.48 38.70 31.48 3
346,0.677454 1195.79 511.70 32.60 47.60 0 0.662387 469.34 773.49 33.32 60.30 0 0.654570 1228.32 606.51 62.81 30.76 0 0.647718 550.24 777.46 30.41 53.48 0 0.632458 44.55 802.63 35.34 66.79 0 0.558695 952.07 388.95 27.21 37.62 0 0.542677 417.95 779.89 36.13 65.81 0 0.542029 1255.09 500.06 28.35 51.23 0 0.537709 1078.98 382.05 27.79 40.70 0 0.524600 1226.28 511.51 27.79 48.08 0 0.499311 1051.00 385.32 27.34 39.04 0 0.496553 587.27 774.60 31.37 56.24 0 0.491978 59.09 969.47 53.09 26.74 0 0.490341 1358.91 633.43 49.93 28.60 0 0.476896 802.03 816.22 63.94 33.48 0 0.439708 1878.03 192.35 31.99 35.20 0 0.439224 1114.26 859.89 33.86 38.01 0 0.426615 990.73 438.93 28.55 42.41 0 0.425047 1000.89 347.43 49.96 23.92 0 0.413001 1100.86 518.29 38.53 46.12 0 0.384331 1537.73 529.70 44.99 32.01 0 0.354361 1047.62 527.97 28.84 34.52 0 0.329866 590.18 322.94 49.27 21.92 0 0.326499 1364.16 517.12 21.84 31.47 0 0.310372 1876.99 186.79 31.53 31.49 0 0.309802 293.53 318.24 27.07 37.71 0 0.306560 1145.10 505.36 34.40 49.27 0 0.301838 62.70 965.28 62.19 29.82 0 0.283319 1342.39 514.18 21.98 32.17 0 0.280524 1045.27 507.45 29.07 42.00 0 0.280155 1311.05 514.21 25.15 33.91 0 0.276986 1005.78 498.32 35.99 46.94 0 0.273655 228.97 548.27 27.99 39.64 0 0.273275 1847.42 40.41 28.36 26.89 0 0.268946 1870.62 34.95 33.89 26.77 0 0.263854 1526.43 526.87 51.86 30.29 0 0.260012 1296.52 511.83 28.26 38.61 0 0.258676 951.77 475.27 28.85 28.73 0 0.257163 1882.78 25.99 32.10 30.97 0 0.255919 1017.65 488.38 34.25 51.75 0 0.254020 824.51 374.15 51.08 26.22 0 0.253635 984.60 300.43 25.82 17.96 3
347,0.642718 56.03 632.25 197.70 88.42 0 0.315232 795.76 852.08 235.89 108.01 0
348,0.481981 838.82 947.01 31.81 27.25 0 0.450113 714.06 966.68 34.93 25.58 0 0.399663 793.21 1016.87 36.41 44.79 0 0.358341 861.95 903.99 34.53 22.88 0 0.315301 800.01 1008.94 33.92 45.42 0 0.290020 1323.62 90.48 28.14 22.28 0 0.283395 1360.95 560.18 33.88 29.68 0 0.278540 1169.21 590.47 41.09 21.93 0 0.270572 803.11 1004.88 33.85 40.76 0 0.266560 928.76 949.22 27.97 26.25 0
349,0.427674 976.89 495.47 32.41 17.39 0 0.342260 897.63 516.46 33.97 16.19 0 0.337581 894.74 518.70 32.66 14.74 0 0.281680 1061.04 471.21 33.18 16.64 0 0.279986 1344.75 269.78 26.74 22.27 0 0.270001 1031.72 477.40 26.74 17.62 0 0.263714 44.33 560.52 44.43 21.46 0
350,0.684687 297.44 459.32 141.26 49.01 0 0.556983 1235.47 461.86 132.47 51.36 0 0.533078 121.79 453.39 154.48 50.68 0 0.483198 629.83 462.39 122.14 44.28 0 0.251032 1836.28 491.81 83.72 47.06 0
351,0.452958 1641.84 359.88 278.16 131.04 0 0.428823 47.40 332.05 213.94 90.01 0 0.361967 1103.20 313.53 299.58 156.80 1 0.354479 529.93 374.82 49.38 26.93 0 0.304488 73.45 338.41 208.62 91.97 0 0.295878 1582.39 364.52 304.37 119.05 0 0.278242 1611.30 384.20 201.14 86.93 0 0.271345 1151.55 307.86 301.14 167.54 1
352,0.423525 888.14 804.16 28.24 36.75 0 0.417669 931.73 736.66 32.42 26.84 0 0.313139 1034.83 589.91 31.26 27.27 0 0.281547 637.26 965.95 34.44 35.97 0 0.279173 968.21 546.51 23.72 23.52 0 0.257467 1281.36 261.36 36.34 32.90 0
353,0.473388 442.75 949.43 55.11 109.33 1 0.324836 730.00 598.61 92.29 89.88 0 0.309626 1477.83 462.90 47.39 52.06 0 0.260334 329.00 391.71 44.47 40.28 0
354,0.501577 1170.17 346.45 26.78 38.60 0 0.434107 1151.16 185.38 22.56 27.87 0 0.407941 175.09 969.37 52.67 56.91 0 0.338771 1172.86 353.81 26.33 39.14 0 0.329163 1124.21 103.80 24.52 31.00 0 0.324559 1169.19 261.36 23.78 37.17 0 0.304565 1142.58 137.82 26.50 33.36 0 0.304525 1168.55 254.55 24.56 37.07 0 0.287935 232.75 956.00 42.03 37.64 0 0.280610 594.94 375.59 21.45 19.96 0
355,0.286860 810.62 56.76 32.57 22.30 1
356,0.759648 899.18 557.75 67.47 33.55 1 0.522682 624.02 496.33 27.91 17.00 0 0.360673 1030.77 569.36 24.65 17.28 0 0.356952 1007.49 564.15 27.72 16.27 0 0.336459 596.98 449.61 20.95 14.59 0 0.277251 48.15 806.53 30.99 31.23 0
357,0.847314 734.33 143.93 108.23 55.73 1 0.483819 697.62 215.49 132.31 63.14 1 0.381727 715.83 146.57 121.54 62.94 1 0.350896 1861.89 2.53 51.45 30.31 0 0.314490 695.05 206.76 141.01 57.82 1
358,0.841624 686.86 332.56 121.63 52.86 1 0.317938 642.25 427.87 141.36 57.42 1
359,0.752069 643.49 493.25 77.11 37.68 1 0.305625 388.80 448.89 17.18 17.18 0 0.293437 743.49 497.47 27.29 15.39 0
360,0.694494 200.26 409.50 187.71 73.07 0 0.634801 1328.65 362.98 136.41 59.91 0 0.625456 657.70 383.21 187.96 77.36 0 0.619962 906.61 386.75 166.86 67.61 0 0.577530 1501.24 342.67 207.85 78.29 0 0.547298 0.00 412.80 145.52 74.92 0 0.436254 1490.79 364.68 167.65 51.80 0
361,0.624373 829.92 719.12 34.89 63.80 0 0.497965 826.16 965.59 36.67 73.75 0 0.398908 840.58 348.70 27.83 48.28 0 0.276277 355.78 0.00 31.62 34.29 0
362,0.487445 502.97 924.49 44.07 25.97 0 0.478107 719.62 783.45 39.71 33.05 0 0.403949 613.71 852.49 43.45 29.39 0 0.384978 553.05 892.58 38.72 25.86 0 0.366250 833.49 589.76 36.95 31.51 1 0.339396 958.18 638.52 27.90 34.85 0 0.311557 689.79 808.50 38.83 28.84 0 0.306789 670.44 820.28 39.43 26.07 0 0.284786 903.15 520.70 26.66 25.15 0
363,0.544105 879.06 394.69 40.61 41.42 0 0.474055 928.24 439.60 46.54 43.29 0 0.470369 891.74 405.90 43.54 43.40 0 0.425820 777.60 294.21 39.33 43.03 0 0.420370 826.40 342.13 36.47 41.46 0 0.418814 766.64 288.82 39.45 40.41 0 0.415872 1173.50 460.94 35.57 31.83 0 0.407343 1183.75 711.18 49.02 44.74 0 0.384335 733.69 251.33 40.30 38.91 0 0.382822 882.88 398.88 42.98 44.01 0 0.354602 814.54 334.45 38.76 40.13 0 0.343815 1582.10 704.17 40.96 37.73 0 0.338288 736.71 253.81 42.17 42.38 0 0.326459 1226.11 493.14 29.24 26.00 0 0.305651 754.08 275.39 36.10 38.24 0 0.301040 1870.45 1001.45 36.52 33.47 0 0.297485 1703.90 913.92 49.35 34.95 0 0.294818 1826.24 849.96 34.16 28.40 0 0.294551 1489.76 649.57 52.61 42.36 0 0.293212 1835.76 855.52 34.14 26.54 0 0.288979 1872.60 875.16 39.52 30.59 0 0.281012 1800.04 965.23 43.25 34.66 0 0.279802 1273.20 531.37 55.47 41.63 1 0.262342 1343.46 315.28 40.61 31.36 0 0.252758 1484.17 647.91 53.07 36.93 0
364,0.684916 136.96 350.18 53.52 33.49 0 0.679569 0.00 893.32 144.77 76.68 0 0.651775 1656.22 574.46 73.46 60.86 0 0.643186 149.05 442.02 65.03 49.68 0 0.619325 184.68 365.42 53.47 44.29 0 0.617557 25.42 767.80 93.87 97.76 0 0.615585 1427.61 343.16 43.28 34.44 0 0.611641 1819.51 181.43 38.93 21.00 0 0.611264 252.43 437.05 49.89 47.98 0 0.609710 1383.08 554.23 63.86 66.41 0 0.594049 114.68 632.10 94.22 80.66 0 0.593023 53.01 379.58 60.19 41.03 0 0.587230 0.00 440.87 48.91 47.07 0 0.584788 100.20 437.68 52.10 49.28 0 0.574843 571.99 256.40 38.30 25.08 0 0.574623 1605.16 526.01 64.03 45.20 0 0.568832 1347.57 484.12 57.49 68.88 0 0.566524 175.42 296.11 63.23 36.84 0 0.566250 95.41 779.45 86.05 83.03 0 0.564836 746.06 279.14 64.00 31.70 0 0.561548 438.04 468.71 95.03 99.56 1 0.554590 1765.27 182.40 37.19 19.87 0 0.548114 481.94 783.70 38.94 44.64 3 0.539104 257.28 293.92 53.71 36.23 0 0.536010 811.35 253.86 37.27 24.61 0 0.534467 620.64 265.74 62.71 28.83 0 0.533124 1241.02 336.49 39.98 43.75 0 0.525133 331.86 292.35 38.48 37.53 0 0.525092 1645.52 209.42 47.49 26.17 0 0.524560 376.15 297.15 39.13 34.32 0 0.524496 288.29 291.63 50.03 37.50 0 0.523501 1556.66 465.74 60.38 48.66 1 0.523098 227.78 374.38 57.85 40.30 0 0.521530 1594.37 181.41 40.10 23.22 0 0.519278 1279.34 397.32 47.25 50.69 0 0.516275 105.58 578.30 76.44 57.76 0 0.514918 359.60 370.28 51.61 45.68 0 0.514098 1175.09 653.14 40.21 31.56 3 0.511776 645.44 643.13 20.62 38.61 3 0.511160 1287.43 201.02 35.42 29.41 0 0.506509 1538.90 156.63 37.30 20.76 0 0.506367 42.29 440.18 52.82 46.75 0 0.505130 182.68 785.45 80.50 84.81 0 0.496664 1317.56 453.34 54.25 43.93 0 0.496574 1732.22 233.83 48.15 24.24 0 0.488072 870.13 754.70 21.37 41.25 3 0.476918 1580.90 182.79 41.26 22.93 0 0.474395 150.57 575.13 78.76 55.18 0 0.473118 1828.24 513.77 75.92 52.19 0 0.466239 300.47 427.17 56.64 57.24 0 0.461825 141.63 297.03 59.21 34.49 0 0.461442 318.92 483.00 58.54 47.26 0 0.460519 1627.77 182.28 42.54 20.02 0 0.459743 1586.29 155.22 39.15 20.24 0 0.457851 1862.42 258.99 52.12 26.29 0 0.450518 1670.45 181.69 36.93 20.92 0 0.444111 860.64 258.15 41.87 24.64 0 0.443680 1657.04 270.02 47.30 22.67 0 0.443222 1721.98 183.72 35.21 17.38 0 0.442598 1287.94 406.59 42.43 47.75 0 0.440746 1635.54 210.55 43.83 23.39 0 0.439732 48.41 350.66 48.35 30.04 0 0.431159 1391.19 308.52 45.74 33.28 0 0.429208 1214.56 135.63 29.57 22.03 0 0.429204 693.95 250.50 31.71 25.57 0 0.425665 518.84 630.22 31.21 23.01 3 0.425134 905.02 277.21 60.27 29.77 0 0.423995 1348.74 266.08 45.72 29.43 0 0.421318 910.76 756.95 22.11 40.24 3 0.421244 217.45 564.65 90.46 84.78 1 0.421111 231.70 355.15 57.25 41.00 0 0.420652 1352.07 272.72 44.29 29.24 0 0.409540 1259.95 380.10 45.98 42.26 0 0.405536 1642.73 181.25 43.91 21.43 0 0.391921 985.41 282.69 55.65 27.17 0 0.391878 403.65 664.25 31.88 32.16 3 0.389434 641.78 587.84 27.43 25.26 3 0.371516 1693.10 184.16 38.41 18.65 0 0.367495 361.54 589.94 24.05 23.55 3 0.364024 1115.32 231.92 41.56 28.90 0 0.360961 447.27 759.71 31.26 25.84 3 0.346202 0.00 238.48 40.37 30.51 0 0.340129 744.85 250.12 41.91 23.67 0 0.339311 1.77 577.50 19.32 40.45 3 0.336274 1205.50 129.82 29.24 21.47 0 0.336253 1453.41 375.02 48.22 38.75 0 0.332640 745.58 285.71 65.40 28.88 0 0.331808 1652.71 213.16 43.45 24.17 0 0.327328 1319.58 237.80 35.91 29.89 0 0.325991 1311.67 232.56 35.67 29.50 0 0.325357 434.49 756.75 34.82 25.19 3 0.324268 138.85 308.55 57.33 29.48 0 0.316913 1576.84 1032.73 46.93 47.27 0 0.314673 491.95 678.78 29.92 35.48 3 0.314004 711.08 250.24 28.26 23.80 0 0.307858 67.55 771.36 108.80 92.59 0 0.304026 1826.32 182.50 37.01 20.20 0 0.298826 49.52 367.02 56.05 40.49 0 0.297802 517.46 620.72 30.78 24.24 3 0.292652 1506.93 415.57 35.87 30.08 0 0.291275 187.06 369.93 68.83 45.43 0 0.287683 1740.81 214.49 46.20 25.17 0 0.285408 1131.18 41.08 27.83 18.38 0 0.284430 1622.78 1030.21 44.96 47.73 0 0.276498 1208.73 222.61 24.18 22.75 0 0.275505 340.96 641.45 31.37 27.26 3 0.274097 865.94 250.42 43.94 23.21 0 0.273735 1663.89 261.78 42.42 23.42 0 0.271954 749.28 251.27 47.01 24.94 0 0.268808 727.73 455.42 22.22 29.23 3 0.267207 452.13 606.04 26.77 23.22 3 0.267025 229.56 361.70 60.23 49.28 0 0.266245 1380.94 302.26 49.92 34.47 0 0.265282 502.07 879.59 24.32 24.67 3 0.265140 1254.80 373.33 48.77 42.40 0 0.262102 171.30 302.82 65.45 36.14 0 0.257224 1247.12 346.84 41.21 52.17 0 0.253027 215.64 559.63 100.23 68.13 1
365,0.649964 280.71 817.87 39.08 59.03 0 0.621966 160.23 819.83 40.85 65.98 0 0.611145 245.59 819.91 32.46 59.80 0 0.609226 780.67 538.37 31.72 53.37 0 0.601371 107.28 830.15 39.96 62.25 0 0.568931 344.31 348.85 43.89 24.49 0 0.567347 494.04 860.58 67.69 34.11 0 0.528130 933.89 665.22 57.27 31.25 0 0.523828 940.56 538.60 26.29 48.23 0 0.519208 700.03 415.22 26.66 42.67 0 0.493434 1719.48 28.65 34.11 34.01 0 0.493371 997.49 529.80 27.86 47.12 0 0.447834 948.31 639.49 61.07 28.16 0 0.445913 1650.12 51.88 28.10 33.11 0 0.443728 1051.73 547.87 23.05 35.63 0 0.437049 735.20 468.82 25.79 42.08 0 0.437007 741.65 541.36 34.88 40.62 0 0.432538 968.17 635.45 55.63 29.02 0 0.428327 966.10 535.07 27.17 48.81 0 0.421779 832.65 410.54 25.09 38.74 0 0.405721 1081.23 542.52 24.06 35.30 0 0.396618 758.94 376.53 48.73 22.71 0 0.395365 972.37 638.66 56.22 29.85 0 0.373857 1108.64 540.42 22.83 35.95 0 0.348975 963.88 537.79 25.98 51.32 0 0.348620 1079.43 546.42 22.86 34.73 0 0.345601 1287.85 559.94 40.16 25.02 0 0.333223 1672.28 45.74 26.36 34.29 0 0.331637 752.14 532.72 36.18 48.38 0 0.328005 1678.89 37.52 28.65 36.65 0 0.316197 770.85 374.51 47.40 24.04 0 0.286194 1107.48 546.52 19.95 33.39 0 0.272192 1586.96 557.15 40.99 31.89 0 0.267339 1026.48 543.83 23.33 38.94 0 0.260153 102.86 833.76 39.76 64.30 0 0.256188 1273.04 555.78 41.73 24.44 0 0.253685 1735.09 343.84 39.34 31.56 0
366,0.673322 281.08 875.24 38.02 64.26 0 0.584069 799.22 3.91 17.25 35.33 0 0.404021 668.12 28.72 19.78 25.49 0 0.381316 594.80 678.45 33.13 50.38 1 0.371034 248.22 872.09 35.71 64.45 0 0.361914 642.99 0.00 20.49 30.18 0 0.314730 1330.49 1059.41 47.38 20.59 0 0.299565 188.80 865.47 35.96 62.44 1 0.280968 202.99 867.60 40.12 65.78 1 0.259284 472.83 947.95 44.79 62.13 0
367,0.722590 1778.38 555.74 75.24 108.14 0 0.647042 1125.95 324.09 62.60 55.36 0 0.644733 1230.53 351.10 67.32 73.37 0 0.610396 1185.44 338.51 62.89 53.45 0 0.606114 1088.66 306.69 58.52 61.70 0 0.577716 617.22 341.02 87.93 65.51 0 0.566157 993.32 283.25 81.00 56.70 0 0.557563 1513.75 891.40 57.16 45.99 3 0.557075 1600.85 413.92 33.09 34.17 3 0.554595 728.02 283.39 83.03 56.88 0 0.546506 1634.63 319.29 74.53 47.51 0 0.539251 118.78 523.90 60.66 48.98 0 0.531387 1505.02 942.17 57.33 38.17 3 0.528303 1452.81 980.79 80.02 97.78 0 0.522101 1176.59 344.17 59.35 60.71 0 0.495576 1675.59 267.95 58.11 37.44 0 0.488277 39.66 564.63 64.98 51.78 0 0.465924 808.21 255.90 73.13 50.20 0 0.461855 196.04 496.86 63.41 45.63 0 0.453238 1688.66 243.43 57.80 33.54 0 0.444711 1819.92 102.77 39.92 42.72 0 0.437859 0.00 304.97 81.59 58.94 0 0.429571 1815.49 113.20 42.51 40.96 0 0.417007 1633.93 325.50 72.89 52.15 0 0.415289 1101.83 316.35 68.86 61.75 0 0.410681 1672.27 275.14 60.61 37.56 0 0.410358 815.24 252.31 75.52 45.64 0 0.401929 1498.50 947.87 62.33 35.81 3 0.401835 1601.38 447.68 24.70 29.61 3 0.386752 1615.37 413.17 49.09 35.12 3 0.366596 267.46 469.78 64.80 42.47 0 0.344713 1605.32 394.35 56.26 32.35 3 0.338423 761.74 268.44 88.09 49.42 0 0.338121 1505.77 903.50 60.48 45.71 3 0.326228 1564.49 389.32 27.51 29.57 3 0.314754 1637.20 461.83 20.40 23.68 3 0.310554 1486.50 960.07 71.79 47.78 3 0.308909 828.65 238.00 73.89 48.46 0 0.307439 1625.48 386.95 62.19 34.66 3 0.305156 1636.05 446.53 24.59 29.58 3 0.300925 1679.94 248.01 60.80 35.14 0 0.289979 272.22 463.86 63.58 43.77 0 0.281745 1510.75 877.42 61.48 53.35 3 0.275146 1521.04 879.73 49.67 43.56 3 0.258912 1123.23 331.17 58.63 56.85 0 0.256776 1648.70 293.18 73.56 40.89 0
368,0.522361 822.77 392.33 39.37 35.20 0 0.508721 816.54 387.94 38.36 35.72 0 0.494713 876.17 431.62 46.20 35.75 0 0.445883 1345.76 274.47 25.92 22.60 0 0.443128 1465.91 584.68 52.95 38.23 0 0.434516 1159.68 670.23 45.17 42.46 0 0.414368 770.64 348.51 32.15 34.13 0 0.392702 706.01 298.35 34.90 31.04 0 0.388368 857.76 417.56 45.27 36.51 0 0.382597 1775.10 725.12 32.33 29.30 0 0.360076 1852.68 881.57 33.45 28.24 0 0.354189 1456.74 581.97 53.06 35.29 0 0.353087 1227.42 482.62 51.89 38.38 1 0.350872 1401.64 559.44 55.96 31.56 0 0.350035 1284.37 267.97 32.15 26.09 0 0.348372 1480.21 590.79 57.18 38.54 0 0.342037 1499.49 596.70 42.81 37.73 0 0.341615 1232.53 483.53 58.51 40.25 1 0.332849 885.28 435.08 43.12 33.95 0 0.319431 1674.23 804.37 49.35 33.90 0 0.310275 742.73 324.64 30.77 32.23 0 0.301283 1103.26 412.11 40.29 32.54 0 0.274835 1410.08 566.22 59.14 30.07 0 0.274286 664.20 261.60 37.27 38.05 0 0.274031 1856.39 882.90 37.79 28.86 0 0.267657 1373.61 302.77 29.63 26.27 0 0.267571 1889.34 897.35 29.77 30.63 0 0.266712 749.99 335.05 30.54 31.74 0 0.265539 1782.08 849.86 43.00 31.01 0 0.256422 1551.68 627.92 49.67 36.04 0 0.255021 1097.32 815.06 31.23 44.47 1 0.252481 1378.43 303.13 30.65 25.95 0 0.252259 1901.84 772.35 16.54 29.63 0
369,0.594286 873.59 342.03 41.49 65.29 1 0.536543 963.78 323.99 22.41 27.24 0 0.517858 1173.04 396.16 21.88 20.72 0 0.512440 597.21 510.06 23.87 29.80 0 0.508366 475.21 488.35 20.71 27.28 0 0.482768 353.48 375.56 28.48 18.03 0 0.458612 601.53 425.28 24.92 19.27 0 0.453040 931.51 318.82 22.10 26.26 0 0.451870 913.65 317.29 19.30 24.03 0 0.445440 519.11 420.00 26.96 20.83 0 0.437089 327.20 470.10 28.50 23.74 0 0.435461 1049.97 378.52 24.70 27.73 0 0.416492 1124.40 390.83 20.41 23.42 0 0.405728 362.86 480.13 22.86 25.91 0 0.405036 554.22 423.00 27.54 19.47 0 0.402924 403.54 481.41 21.88 27.06 0 0.385365 365.53 473.92 25.34 28.17 0 0.363985 453.51 489.60 20.46 26.70 0 0.345042 648.50 423.97 24.65 18.48 0 0.344821 685.85 519.29 25.48 30.41 0 0.336337 320.91 471.75 27.73 21.83 0 0.329666 871.49 227.52 22.09 21.92 0 0.323071 914.57 308.31 23.09 26.19 0 0.322382 405.97 476.43 22.69 28.74 0 0.316160 646.62 379.97 26.67 15.05 0 0.314630 403.65 542.85 25.17 22.22 0 0.300716 864.67 345.53 42.31 50.16 1 0.299775 631.63 424.43 23.25 17.68 0 0.298626 286.88 402.27 23.06 13.36 0 0.289709 385.67 541.10 32.42 19.70 0 0.284478 190.64 445.50 28.63 23.16 0 0.280878 380.78 480.17 20.49 26.92 0 0.279901 1158.43 393.97 17.23 22.17 0 0.273029 1049.35 385.03 23.29 26.34 0 0.259178 437.70 395.68 21.66 17.97 0 0.256596 934.82 306.80 21.22 25.69 0 0.252512 383.03 475.49 21.60 28.53 0
370,0.709094 1065.92 399.63 51.51 76.29 0 0.685620 274.57 305.94 30.55 57.41 0 0.669456 2.24 478.85 35.12 75.93 0 0.665268 58.45 62.73 27.91 44.87 0 0.663226 38.19 179.45 35.47 58.78 0 0.630852 277.89 59.48 28.16 44.68 0 0.601049 276.11 178.17 26.16 44.92 0 0.589364 22.78 314.19 33.38 56.88 0 0.565321 27.70 249.69 25.55 41.62 0 0.436835 275.85 648.10 41.34 71.90 0
371,0.426502 555.62 615.09 16.75 21.63 2 0.377784 356.19 260.82 10.70 12.86 2 0.365037 557.84 622.27 16.25 20.13 2 0.352587 492.63 556.68 11.90 17.60 2 0.344279 532.76 589.83 15.31 18.19 2 0.291725 437.10 409.82 15.26 16.08 2 0.289071 1.63 522.01 39.70 69.22 0 0.267721 322.96 355.07 15.92 17.81 2 0.266165 420.89 464.94 17.15 18.44 2 0.256906 339.48 379.74 15.76 17.31 2 0.255900 505.40 475.95 11.96 15.02 2
372,0.604618 1041.43 365.75 190.73 79.76 0 0.496446 99.10 460.19 55.83 39.66 0 0.484142 269.16 409.38 183.31 73.84 0 0.387278 0.00 424.50 148.39 65.92 0 0.355591 102.79 464.44 41.71 34.66 0 0.349721 126.78 445.20 64.82 35.84 0 0.306774 0.00 441.43 113.66 53.97 0 0.284330 260.40 461.13 52.19 27.07 0
373,0.511193 899.85 599.88 44.44 45.41 0 0.410894 811.83 608.26 38.87 29.27 0 0.383802 0.00 284.26 208.58 77.43 0 0.313932 1034.22 622.16 38.49 34.38 0 0.310484 432.87 425.32 29.74 15.91 0 0.302389 727.05 600.47 48.47 28.64 0 0.295707 821.64 610.93 40.42 29.74 0 0.281291 719.50 600.61 43.78 27.19 0 0.270565 490.43 489.73 30.65 32.27 0 0.264192 307.10 705.66 24.70 24.35 3 0.250467 525.63 492.47 28.94 28.29 0
374,0.597930 1290.87 540.45 59.81 25.18 0 0.596776 1083.91 522.92 50.81 23.17 0 0.567268 1360.85 542.19 63.98 25.70 0 0.562912 1005.88 519.94 62.39 24.67 0 0.530272 934.53 517.09 44.45 20.77 0 0.518197 1223.51 533.94 53.50 22.97 0 0.499587 1440.15 548.14 54.77 23.83 0 0.445027 799.91 501.40 54.84 26.85 0 0.418806 1148.82 524.58 47.57 23.71 0 0.378588 1153.27 526.21 50.20 24.51 0 0.337833 25.58 662.46 33.18 35.58 0 0.260017 797.91 506.60 52.92 24.31 0
375,0.560854 1078.32 434.94 189.74 108.84 0 0.550779 1525.57 431.43 111.99 72.31 0 0.488249 1532.69 448.76 119.99 58.60 0 0.432847 402.47 489.13 187.89 107.92 0 0.426007 1344.76 449.53 151.69 76.23 0 0.422244 494.90 539.17 145.62 114.07 0 0.366095 419.23 473.55 167.20 82.07 0 0.319765 1059.79 451.26 210.63 105.86 0 0.314383 1894.47 694.12 25.53 38.39 0 0.293644 1118.21 435.76 140.76 88.44 0
376,0.566730 1032.51 605.58 40.96 58.57 0 0.534188 850.85 617.28 47.23 31.18 0 0.514886 668.95 502.73 33.39 35.04 0 0.476649 987.37 626.23 32.69 36.11 0 0.444249 316.84 579.78 109.00 49.67 0 0.435611 1216.96 648.98 39.06 25.64 0 0.431053 571.16 467.29 38.22 27.93 0 0.395748 672.29 491.71 34.78 41.46 0 0.395054 624.91 507.16 38.12 31.96 0 0.370451 990.08 618.93 33.74 44.19 0 0.367511 1217.92 611.42 37.21 27.43 0 0.365444 949.85 621.25 31.24 34.12 0 0.350439 987.74 608.53 33.33 46.01 0 0.348873 1165.42 649.92 34.68 25.37 0 0.335725 849.98 589.05 41.70 22.98 0 0.334281 936.87 624.10 36.39 30.09 0 0.331674 637.79 490.23 33.99 34.74 0 0.304377 525.90 726.57 54.54 28.25 0 0.293913 790.31 588.06 32.61 27.24 0 0.290423 846.57 587.01 39.38 21.13 0 0.274742 588.87 507.38 33.10 33.78 0 0.255708 1770.41 573.17 26.31 16.01 0 0.250779 1219.76 638.03 37.99 26.89 0
377,0.468542 1361.71 594.02 38.84 22.19 0 0.455018 1462.37 594.80 35.65 18.79 0 0.452350 1282.82 592.72 36.01 19.35 0 0.442183 1414.89 594.13 36.52 19.22 0 0.441226 1676.69 595.78 32.96 19.25 0 0.438356 1723.95 595.58 38.67 19.89 0 0.420899 1499.75 597.21 40.32 20.83 0 0.413748 1583.97 594.39 38.35 22.30 0 0.397808 1634.31 594.50 35.01 20.62 0 0.368215 1236.13 593.78 36.33 18.70 0 0.355882 1641.90 592.45 38.45 20.58 0 0.279681 1588.66 593.51 39.90 21.86 0 0.255151 1349.92 590.75 41.88 20.74 0
378,0.926678 1003.03 463.56 137.94 60.42 1 0.722641 1784.03 478.65 131.79 54.41 0 0.720139 1320.61 485.40 97.82 41.80 0 0.640985 1661.08 483.72 112.52 44.88 0 0.627254 1184.47 478.50 118.96 46.77 0 0.408283 527.16 467.85 123.47 46.19 0 0.394190 559.20 598.12 29.95 63.60 2 0.386692 859.63 475.85 106.93 40.38 0 0.356719 555.85 603.16 31.99 68.08 2 0.348339 531.84 603.04 27.50 60.32 2 0.338375 1775.91 482.71 97.53 42.12 0 0.288955 530.71 465.53 126.73 44.73 1 0.283103 530.16 596.08 26.69 57.65 2 0.277964 556.96 592.31 30.16 55.21 2
379,0.674096 711.40 606.52 30.31 48.24 0 0.634469 740.70 660.44 31.46 51.74 0 0.628740 933.80 829.78 32.85 57.83 0 0.614832 583.74 798.24 79.22 167.04 1 0.598881 646.21 671.50 29.41 47.48 0 0.589898 741.28 600.08 32.85 53.54 0 0.576199 1085.56 832.57 29.25 54.20 0 0.560654 1116.82 826.49 27.41 54.48 0 0.554469 902.44 833.25 29.91 51.45 0 0.530300 529.71 567.89 32.24 49.12 0 0.512796 676.71 666.37 27.49 46.95 0 0.506422 1024.44 844.20 30.93 48.70 0 0.502335 187.20 1019.46 66.53 33.70 0 0.484595 643.97 599.44 32.43 48.49 0 0.481636 23.87 1030.74 62.08 32.09 0 0.474264 87.23 988.14 38.89 35.93 0 0.471872 563.85 767.64 35.21 32.88 0 0.454240 645.09 590.00 30.84 46.32 0 0.427460 1145.53 797.28 41.80 33.28 0 0.419034 647.88 650.59 30.12 41.81 0 0.417240 744.78 592.83 30.80 53.51 0 0.392457 741.88 609.42 30.36 53.01 0 0.368088 19.92 987.08 56.00 31.35 0 0.363054 540.52 769.01 37.80 30.85 0 0.358562 861.30 836.41 31.94 35.82 0 0.333563 645.06 615.60 33.34 49.47 0 0.308917 683.46 665.19 27.22 46.98 0 0.303779 679.57 606.93 29.55 52.54 0 0.288016 1859.59 933.85 49.76 71.53 1 0.286776 12.80 1025.09 63.50 33.31 0 0.270766 679.83 655.77 26.32 49.41 0 0.268783 710.02 591.68 30.83 56.35 0
380,0.563450 853.68 387.91 36.76 39.89 0 0.459565 1792.71 784.43 35.87 28.00 0 0.437493 751.10 296.38 39.12 44.71 0 0.422815 1867.22 941.33 32.57 36.19 0 0.420686 842.33 383.70 39.62 36.37 0 0.419403 1250.83 503.89 49.13 33.87 1 0.399727 803.16 345.68 32.36 36.09 0 0.396448 906.04 431.07 44.35 37.55 0 0.393716 878.30 406.29 39.01 37.60 0 0.392371 1255.20 507.67 59.82 41.25 1 0.388129 694.68 251.61 36.34 39.93 0 0.367059 899.55 426.87 41.78 37.24 0 0.363503 739.87 291.44 40.21 43.56 0 0.360612 919.13 436.44 39.99 39.22 0 0.349604 868.28 399.28 41.84 39.09 0 0.334974 791.13 335.23 35.25 36.02 0 0.316147 1199.23 471.63 32.23 25.17 0 0.315677 1147.43 438.08 32.39 29.40 0 0.304029 782.98 328.49 31.00 33.41 0 0.299753 1185.32 693.09 37.75 36.73 0 0.295646 1168.48 685.31 37.74 35.05 0 0.294957 1816.75 792.46 37.18 28.39 0 0.293024 1865.77 822.17 44.77 29.57 0 0.278944 709.37 255.88 38.53 44.27 0 0.273531 1173.10 689.68 42.27 39.49 0 0.272474 1710.27 869.22 42.37 27.91 0 0.264937 1768.04 770.35 31.61 29.06 0 0.258287 1808.55 787.98 37.65 27.65 0 0.257712 1105.27 833.39 26.06 44.34 1 0.256345 1101.55 825.59 30.32 47.05 1 0.254307 1790.91 903.13 41.58 33.26 0 0.250770 1752.59 750.58 33.96 28.08 0
381,0.500648 938.16 517.40 27.26 18.91 0 0.471331 562.94 981.87 39.95 44.66 0 0.422912 914.34 568.91 27.96 23.42 0 0.311531 907.08 605.67 25.41 36.07 0 0.292507 567.72 971.64 39.65 48.86 0 0.252166 609.12 871.85 38.89 31.85 0
382,0.778542 644.98 100.64 28.22 59.23 0 0.764166 787.80 96.69 30.14 59.09 0 0.754265 311.99 448.25 31.30 54.14 0 0.732693 677.68 98.16 27.05 61.85 0 0.727948 711.04 101.96 28.04 60.51 0 0.707429 676.32 219.93 28.45 50.80 0 0.706814 741.69 20.68 29.25 58.43 0 0.706427 449.07 25.59 31.51 52.19 0 0.701765 550.43 104.01 31.19 64.43 0 0.700530 358.42 445.42 29.82 54.57 0 0.700228 616.57 103.04 30.27 57.90 0 0.689687 518.08 110.03 30.13 60.93 0 0.689393 426.59 443.92 30.04 52.29 0 0.680449 639.17 23.00 29.20 56.09 0 0.671390 576.36 20.93 27.80 56.68 0 0.668172 332.56 121.81 32.36 60.65 0 0.656867 672.60 16.27 30.96 59.99 0 0.650515 504.46 450.83 28.16 50.10 0 0.647430 567.25 460.53 31.19 56.21 0 0.644781 387.32 31.21 26.53 57.83 0 0.638596 482.34 27.81 28.33 53.46 0 0.632521 515.95 26.55 28.56 59.61 0 0.624999 707.81 19.58 29.25 60.67 0 0.624273 608.04 22.90 28.05 57.25 0 0.620160 535.33 448.09 29.44 53.64 0 0.615602 749.48 98.39 29.36 62.97 0 0.598895 349.42 37.10 32.17 59.54 0 0.570426 414.12 25.97 29.28 61.24 0 0.569583 707.16 220.25 31.14 54.50 0 0.565088 484.79 114.96 25.22 54.71 0 0.560071 604.77 465.15 31.69 57.69 0 0.558483 1707.30 713.72 52.74 26.70 0 0.555726 235.31 446.84 32.59 57.32 0 0.551090 451.07 539.59 48.75 28.54 0 0.549216 244.50 354.98 52.94 25.66 0 0.524545 270.12 451.67 30.60 55.01 0 0.507662 735.47 323.65 39.85 26.68 0 0.501477 250.75 391.40 40.98 25.22 0 0.490957 760.11 322.50 33.19 26.34 0 0.476400 1897.40 524.39 20.89 41.46 0 0.466087 620.87 228.78 33.89 28.83 0 0.458362 295.13 128.83 29.93 54.70 0 0.433950 755.00 96.60 27.59 61.79 0 0.432899 551.23 218.13 29.35 28.37 0 0.392417 518.14 221.22 36.43 26.46 0 0.386337 243.74 393.37 39.96 25.84 0 0.368640 1271.07 997.43 32.30 39.49 0 0.358919 228.05 312.77 57.01 26.99 0 0.357776 1763.31 506.27 46.67 26.39 0 0.352892 1788.50 641.03 41.47 25.91 0 0.351189 1205.61 961.56 26.23 32.94 1 0.329654 727.91 323.52 42.35 29.51 0 0.327543 598.05 226.89 33.92 27.56 0 0.317808 1797.53 472.40 33.77 25.90 0 0.312255 274.86 454.68 29.25 55.26 0 0.309329 252.27 352.29 59.05 24.47 0 0.307123 344.72 39.92 31.36 59.16 0 0.303718 734.97 223.51 29.82 55.04 0 0.300993 1814.67 702.65 28.36 24.77 0 0.291793 1277.97 995.81 35.07 41.85 0 0.284930 1898.40 511.09 18.07 40.89 0 0.260030 1151.15 1000.14 36.45 31.41 0
383,0.667167 763.33 590.19 57.59 29.43 0 0.625833 1257.98 666.13 49.32 51.10 0 0.623860 861.44 328.91 30.14 17.47 0 0.583591 1203.33 557.34 35.47 39.19 0 0.575212 1156.37 471.13 29.53 27.14 0 0.544330 1067.22 290.76 25.05 19.07 0 0.480047 849.96 287.20 30.98 17.87 0 0.469873 836.71 237.50 28.00 16.16 0 0.468728 1022.04 192.82 18.87 15.38 0 0.419279 858.10 310.25 30.39 16.73 0 0.416975 1078.82 316.48 26.85 19.93 0 0.410650 903.89 208.78 22.71 15.95 0 0.409759 1109.44 375.00 38.16 34.22 1 0.407845 837.47 232.93 27.45 17.13 0 0.396840 782.93 191.05 29.17 15.51 0 0.381935 855.33 313.67 32.05 17.57 0 0.370815 1099.56 361.73 34.76 25.51 0 0.364300 850.33 261.28 27.45 15.69 0 0.359890 882.59 140.03 20.40 15.53 0 0.348106 702.16 238.95 23.77 17.09 0 0.347485 761.86 288.29 33.45 19.10 0 0.346454 1288.21 227.22 19.27 16.29 0 0.343411 591.40 226.21 37.46 16.68 0 0.343174 670.71 228.52 22.94 15.47 0 0.339718 1083.35 325.00 25.81 20.49 0 0.337962 965.22 295.98 22.06 25.59 0 0.336581 825.70 188.07 23.81 15.00 0 0.336554 848.94 283.58 30.70 18.13 0 0.331409 797.24 189.46 26.94 15.27 0 0.328122 715.17 240.96 26.07 15.62 0 0.320384 836.25 186.20 27.59 16.61 0 0.320344 1088.16 337.19 25.00 18.93 0 0.319899 761.76 594.41 61.25 31.01 0 0.293632 850.53 210.84 25.19 14.32 0 0.280316 801.89 209.15 26.78 14.33 0 0.275278 1051.88 189.30 18.53 16.85 0 0.265354 963.73 299.54 21.36 24.51 0 0.264908 843.08 183.14 21.85 15.75 0
384,0.753358 141.44 342.99 27.01 40.83 0 0.730936 381.42 237.69 20.56 40.19 0 0.709203 405.28 236.47 22.79 43.40 0 0.696695 389.78 193.27 19.76 36.10 0 0.690246 314.43 200.55 22.75 33.30 0 0.689887 186.69 199.91 24.65 35.01 0 0.684845 121.65 247.94 23.76 39.17 0 0.681794 356.06 237.08 20.96 38.80 0 0.679007 529.13 487.22 28.10 48.27 0 0.676102 94.88 393.22 30.57 42.23 0 0.669850 117.80 342.20 26.68 40.79 0 0.661624 148.63 247.75 24.94 38.62 0 0.660469 386.12 331.18 24.90 43.88 0 0.659898 434.98 235.17 22.61 42.79 0 0.657804 331.31 333.30 24.45 44.38 0 0.657439 411.45 331.52 24.80 43.42 0 0.638694 171.80 340.08 26.50 41.08 0 0.631207 498.39 486.41 29.28 47.28 0 0.629780 1135.78 225.89 20.33 40.69 0 0.624337 162.76 200.59 25.54 36.16 0 0.624328 1145.86 318.66 26.51 50.69 0 0.620552 171.51 245.52 24.38 37.59 0 0.618747 362.10 197.52 21.19 35.48 0 0.614061 87.96 343.08 26.78 39.19 0 0.612646 304.64 332.63 24.16 42.50 0 0.612553 715.50 228.32 24.09 56.43 1 0.611764 114.40 204.16 26.68 31.56 0 0.602350 290.27 197.19 20.85 31.80 0 0.602304 40.11 394.94 30.92 40.35 0 0.601576 198.30 242.18 24.59 36.90 0 0.594067 221.51 241.35 23.93 38.37 0 0.593505 533.95 235.83 23.23 39.14 0 0.592549 463.06 193.14 18.65 36.88 0 0.592104 222.62 333.91 25.77 40.94 0 0.590642 70.54 395.87 26.65 41.28 0 0.585185 436.42 329.77 26.38 43.03 0 0.581463 1155.87 424.90 25.79 50.53 0 0.576470 198.33 335.66 25.67 41.46 0 0.575329 524.73 547.88 24.34 50.24 0 0.574501 533.78 191.53 21.46 35.00 0 0.574442 509.27 233.25 21.99 37.01 0 0.573969 485.92 191.79 19.76 36.24 0 0.563567 438.97 192.23 20.39 35.88 0 0.562617 483.26 234.09 22.73 37.69 0 0.556274 414.32 194.03 19.57 35.09 0 0.555569 247.03 336.27 25.07 41.80 0 0.549417 69.13 402.94 24.77 35.86 0 0.540464 94.61 251.86 25.28 36.14 0 0.534978 268.64 202.15 23.40 29.86 0 0.529366 335.10 198.24 20.46 33.67 0 0.524756 534.16 186.68 23.03 34.16 0 0.521093 443.83 487.95 29.78 50.65 0 0.517941 62.30 342.09 28.30 40.22 0 0.499323 510.75 191.16 20.04 33.95 0 0.498031 520.22 334.33 23.69 39.83 0 0.484579 462.29 332.13 25.91 40.70 0 0.484091 281.43 239.68 23.01 36.93 0 0.477563 1031.45 36.53 34.98 16.07 0 0.475155 439.72 493.64 29.18 47.78 0 0.472085 305.98 239.36 22.15 39.58 0 0.468204 408.59 232.44 23.48 42.56 0 0.467313 557.35 232.38 25.52 40.08 0 0.451885 239.93 239.71 22.95 34.74 0 0.430471 1151.98 377.20 23.01 45.33 0 0.422787 488.11 187.55 20.02 34.36 0 0.412831 1030.24 62.56 37.07 15.58 0 0.398693 493.42 331.48 24.75 41.87 0 0.390611 259.30 241.37 22.98 37.00 0 0.386035 278.74 335.99 24.25 40.36 0 0.382457 330.19 239.18 21.47 37.68 0 0.342606 56.94 345.63 29.81 38.75 0 0.340017 1030.63 88.40 36.78 16.50 0 0.339013 120.72 254.43 22.34 36.61 0 0.326450 481.58 327.31 25.64 41.35 0 0.318177 1113.71 56.62 22.61 35.69 0 0.312414 104.18 206.47 32.43 30.60 0 0.291845 485.40 332.59 25.03 39.85 0 0.291195 1118.86 58.18 22.85 37.21 0 0.283874 280.50 332.11 26.06 39.78 0 0.271724 258.85 336.94 24.13 37.85 0 0.265388 103.54 394.21 31.63 39.16 0 0.265260 149.70 255.17 21.00 34.79 0 0.257754 1037.19 87.44 34.67 16.27 0 0.253582 94.54 257.79 23.15 34.59 0
385,
386,0.388833 281.98 990.58 27.12 26.51 0 0.292542 437.15 854.10 18.21 15.59 0 0.292298 406.09 853.06 22.30 17.65 0 0.267041 428.99 752.71 34.32 27.50 1 0.252865 354.31 993.14 29.80 20.54 0
387,0.812529 485.44 909.18 177.69 63.67 1 0.643694 191.66 242.16 32.71 43.82 0 0.613784 232.86 239.47 29.68 40.47 0 0.578383 712.24 69.91 27.23 41.91 0 0.573912 1028.19 72.55 21.96 39.50 0 0.550620 294.72 239.29 26.07 39.79 0 0.517849 479.33 965.18 173.15 49.98 1 0.504074 494.11 267.44 45.60 24.81 0 0.490570 423.24 241.05 48.51 27.28 0 0.485751 885.18 70.07 18.76 37.78 0 0.472373 853.29 137.21 44.18 23.71 0 0.433152 837.25 77.60 21.47 37.32 0 0.418172 966.75 76.11 22.24 31.27 0 0.408643 654.05 0.00 24.58 25.01 0 0.402371 412.97 845.89 68.90 190.36 1 0.394419 322.03 237.53 31.44 40.42 0 0.378273 685.74 65.89 28.76 42.82 0 0.337437 857.69 72.35 21.69 39.11 0 0.333677 679.06 33.14 22.20 28.57 0 0.313104 787.92 77.49 28.71 38.57 0 0.308898 532.79 805.25 163.92 59.04 1 0.305435 496.74 261.36 45.87 27.36 0 0.295103 365.92 59.51 18.75 23.05 0 0.288804 881.58 66.30 24.11 40.13 0 0.270301 422.00 846.34 64.26 153.85 1 0.268840 1052.25 180.45 25.34 33.24 0 0.263058 844.81 134.19 51.20 24.31 0 0.259559 572.60 0.00 24.77 21.37 0 0.258384 910.61 74.78 21.34 33.80 0 0.254613 511.20 260.46 42.31 30.42 0 0.251424 762.24 80.86 28.77 35.14 0
388,0.371881 1044.17 777.04 35.35 61.07 0 0.353378 944.58 108.78 22.27 21.22 0 0.348304 938.74 65.60 19.73 19.35 0 0.322349 1026.61 991.30 42.36 70.47 0 0.263959 956.41 199.88 25.49 26.52 0
389,0.543881 1006.91 90.70 26.09 18.42 0 0.516690 1032.60 161.33 24.03 19.72 0 0.382681 986.85 44.61 30.20 22.72 0 0.355166 1041.79 222.88 26.29 32.55 0 0.333170 204.90 835.69 45.66 44.78 0 0.329169 989.69 51.66 31.81 22.64 0 0.292873 1025.73 133.00 22.17 18.31 0 0.253048 519.95 298.90 27.01 15.86 0
390,0.710471 842.09 554.37 72.76 35.56 0 0.650539 749.10 552.28 73.82 33.59 0 0.649961 929.42 561.67 81.07 35.23 0 0.635594 1024.41 562.88 82.41 35.73 0 0.631484 464.12 541.34 75.13 34.10 0 0.629823 279.63 529.12 78.42 36.89 0 0.606658 1122.69 568.25 75.25 31.26 0 0.593308 657.47 548.14 73.52 29.26 0 0.514503 561.17 550.44 82.34 30.89 0 0.457520 84.61 519.07 102.05 37.58 0 0.355350 555.11 543.92 83.63 33.24 0 0.333783 1024.53 571.48 82.42 31.45 0 0.262689 106.90 527.91 83.82 31.04 0 0.253669 395.38 541.58 39.99 19.35 0
391,0.526653 1778.59 788.46 70.45 28.89 0 0.517643 1524.91 787.11 75.08 33.56 0 0.483379 306.23 350.55 30.74 41.00 0 0.447625 302.22 354.84 29.69 41.88 0 0.436873 1112.22 791.30 66.22 32.68 0 0.388165 785.47 786.35 59.22 29.49 0 0.316108 330.31 874.42 54.18 32.84 0 0.261603 406.52 748.49 49.61 24.44 0
392,0.655791 587.09 733.67 61.36 31.75 0 0.616764 1783.38 115.76 43.50 23.16 0 0.576066 524.59 657.36 59.73 28.05 0 0.569163 992.77 709.57 57.63 26.53 0 0.542948 1813.74 203.08 47.63 23.06 0 0.540101 1816.74 226.42 47.91 24.60 0 0.539583 1856.74 7.47 47.86 28.86 0 0.538490 1761.54 36.61 47.99 22.80 0 0.536156 1773.14 81.52 43.96 20.88 0 0.535763 1579.07 247.38 51.83 23.25 0 0.528087 300.17 635.24 58.82 30.03 0 0.514670 1801.20 155.94 44.65 23.80 0 0.512808 1829.93 794.37 55.87 32.19 0 0.492050 1642.25 249.51 49.47 25.68 0 0.486019 1781.35 108.20 42.86 23.45 0 0.461863 1766.55 63.75 45.16 20.93 0 0.453728 1774.60 88.88 44.16 21.79 0 0.426531 1752.39 19.32 50.81 24.18 0 0.418131 1808.46 182.88 44.76 19.73 0 0.401192 1747.84 7.49 49.58 24.51 0 0.400092 1871.28 40.87 40.98 22.50 0 0.371797 1882.77 81.00 36.63 21.66 0 0.370428 1627.50 189.33 53.81 27.59 0 0.369335 1849.21 0.00 48.47 22.56 0 0.360435 1634.50 230.42 54.54 27.75 0 0.349585 1759.87 30.49 47.62 23.39 0 0.348527 1854.37 2.02 47.27 27.92 0 0.347221 1813.97 210.01 50.10 23.56 0 0.336262 1897.34 801.45 22.66 29.57 0 0.331399 1890.24 103.06 29.76 21.74 0 0.311312 1742.86 0.00 49.14 18.99 0 0.310918 1899.99 128.29 19.15 29.12 0 0.307636 1635.51 244.37 50.92 25.57 0 0.298507 294.78 633.06 56.46 27.96 0 0.295099 1867.95 6.45 47.64 29.03 0 0.282073 1879.58 58.57 38.81 23.07 0 0.271529 585.06 740.02 62.63 31.57 0
393,0.520049 807.42 624.30 89.45 70.98 0 0.493155 388.98 358.54 88.87 80.95 0 0.478084 190.48 233.74 74.93 66.53 0 0.467070 124.84 24.01 83.84 59.80 0 0.462395 155.32 201.04 74.32 56.20 0 0.444951 116.56 15.00 87.21 54.49 0 0.412758 1075.32 453.42 51.91 59.79 0 0.412359 377.45 344.04 72.49 66.33 0 0.410355 522.50 452.23 83.75 75.59 0 0.405268 457.45 417.33 57.29 57.20 0 0.387874 167.35 208.31 76.21 63.14 0 0.385076 498.95 434.42 78.67 71.25 0 0.376964 508.43 440.69 82.89 78.60 0 0.376460 180.88 218.84 73.72 65.83 0 0.352190 816.77 628.84 101.30 75.69 0 0.333042 850.51 637.20 74.86 73.18 0 0.320874 494.23 431.41 67.67 70.52 0 0.318526 448.69 409.08 61.21 53.81 0 0.293440 395.08 375.43 81.64 68.77 0 0.289806 1044.96 452.33 54.39 49.78 0 0.281118 1121.88 471.59 55.71 55.23 0 0.270031 640.88 505.14 57.68 57.64 0 0.258749 378.67 347.29 82.93 80.92 0
394,0.309213 1346.02 469.39 27.85 19.07 0 0.268168 1436.55 426.06 24.03 20.64 0
395,0.413768 1191.95 918.68 24.42 28.67 0 0.344323 1367.18 999.72 31.52 19.57 0 0.293712 1356.74 977.98 30.54 20.14 0
396,0.694286 736.25 636.71 105.64 159.21 0 0.597326 564.39 610.97 119.30 155.58 0 0.577861 1533.65 211.24 86.67 65.14 0 0.541969 858.79 629.07 104.20 203.16 0 0.534621 1279.40 332.04 93.17 70.69 0 0.530063 1745.14 368.92 74.26 63.67 0 0.528967 1124.11 378.66 145.74 116.86 0 0.528268 1403.90 265.12 99.54 79.42 0 0.511400 1851.67 404.59 68.33 50.69 0 0.456447 1416.18 254.57 102.48 80.22 0 0.451515 1303.60 315.07 102.64 78.76 0 0.415743 1542.34 202.90 86.47 58.57 0 0.361768 1115.26 398.95 159.72 107.40 0 0.342809 1649.36 433.38 104.66 63.98 0 0.315521 1280.71 320.03 108.34 77.06 0 0.313903 990.36 644.89 111.40 91.69 0 0.309253 1748.55 383.98 76.05 55.56 0 0.283665 852.81 659.88 95.86 165.72 0 0.281061 1440.31 251.14 78.78 71.55 0 0.280524 1114.27 416.37 120.03 83.05 0 0.270601 874.57 618.79 93.70 191.00 0
397,0.535894 883.55 971.71 34.64 74.92 0 0.257988 884.64 1027.50 36.72 52.50 0
398,0.695338 1629.34 340.04 121.34 51.92 0 0.603095 1292.94 341.68 156.40 62.12 0 0.596531 1459.37 353.63 137.24 48.85 0 0.592805 312.64 506.39 79.40 37.73 0 0.506086 1046.18 331.36 183.62 78.11 1 0.478308 84.21 517.71 87.11 43.90 0 0.451883 1606.42 352.31 145.98 46.51 0 0.433071 902.19 364.20 99.69 59.39 0 0.390804 1043.10 334.62 182.95 75.76 0 0.275820 1883.09 345.86 35.68 38.73 0
399,0.539995 217.31 561.54 12.59 16.45 2 0.520984 189.40 576.18 10.99 16.42 2 0.461147 204.95 0.00 48.27 18.33 0 0.460840 0.00 197.54 26.01 33.40 0 0.327620 516.31 74.46 28.67 28.77 0 0.308869 535.80 102.33 22.20 24.27 0 0.264756 233.23 578.48 12.22 15.03 2
400,0.685837 1398.23 633.55 64.15 28.91 0 0.658273 924.10 612.13 55.26 24.69 0 0.635247 1319.92 630.31 60.04 25.21 0 0.608898 762.73 600.50 64.78 29.07 0 0.597752 995.72 612.64 71.07 27.19 0 0.546019 1488.16 635.30 55.55 24.84 0 0.545493 1086.76 619.28 56.98 23.76 0 0.536399 1239.30 626.52 62.15 25.67 0 0.489345 767.30 595.52 61.20 29.98 0 0.469398 1160.50 620.86 58.62 25.93 0 0.369726 1237.65 621.35 62.05 26.82 0
401,0.658039 1050.42 615.22 32.09 56.94 0 0.618528 569.96 595.77 61.72 34.48 0 0.611256 1090.98 238.49 23.49 32.53 0 0.596306 1101.67 150.48 22.46 31.51 0 0.592760 1088.77 278.62 24.52 35.18 0 0.586243 1066.31 476.57 25.92 45.43 0 0.556022 847.32 6.07 35.96 23.44 0 0.530665 1225.10 340.09 72.33 44.86 1 0.506998 818.89 161.61 42.16 23.96 0 0.468491 813.62 188.60 33.08 26.14 0 0.404203 838.43 88.76 27.69 21.56 0 0.394408 1214.13 501.72 34.28 91.05 1 0.387198 1085.96 319.45 28.95 51.86 1 0.383884 718.85 87.65 39.21 31.36 0 0.364966 1099.13 201.30 22.54 33.92 0 0.353680 719.27 93.38 39.27 33.75 0 0.335365 1086.30 320.84 28.02 49.22 0 0.327332 99.45 169.54 16.98 19.29 2 0.314457 1216.98 611.18 53.26 29.42 0 0.299191 719.56 89.85 40.44 34.05 1 0.288541 841.31 71.65 25.53 27.26 0 0.275328 1095.54 196.87 23.26 35.85 0 0.273873 0.00 0.00 35.70 21.78 0
402,0.752784 1248.29 746.63 26.74 52.07 0 0.728244 1215.67 741.99 26.79 52.26 0 0.724861 1153.54 743.34 25.82 52.11 0 0.713126 1057.46 748.39 26.28 53.71 0 0.708272 954.83 668.68 30.20 52.35 0 0.705371 1288.30 745.19 26.05 51.56 0 0.694914 1323.35 741.56 26.43 50.72 0 0.675056 1145.35 663.53 29.69 55.39 0 0.657417 1176.70 663.70 25.71 55.95 0 0.653668 480.15 583.83 30.88 60.72 0 0.649469 1244.81 860.06 29.55 53.78 0 0.645583 358.38 783.16 31.91 56.97 0 0.643451 1022.25 751.46 28.59 51.58 0 0.638886 1244.66 661.64 26.79 58.72 0 0.623329 530.19 463.28 28.90 51.74 0 0.619039 402.35 469.71 31.34 54.03 0 0.615298 1275.71 861.92 26.13 54.02 0 0.607542 500.54 470.52 27.39 43.99 0 0.600833 1184.46 741.77 26.53 54.10 0 0.600125 988.45 667.95 29.20 51.45 0 0.593193 892.13 673.75 28.54 54.79 0 0.571545 389.40 780.58 28.99 55.08 0 0.564691 771.20 951.54 48.06 22.98 0 0.556211 1053.22 668.38 28.01 56.10 0 0.543458 1213.27 662.33 27.04 54.86 0 0.532241 421.89 777.90 28.46 55.07 0 0.529668 914.39 297.34 29.23 56.92 0 0.529111 869.47 760.54 30.66 58.15 0 0.528680 1212.50 861.08 26.85 52.41 0 0.528045 1277.42 664.08 27.53 53.12 0 0.519354 1116.05 662.83 29.61 55.11 0 0.518653 1273.04 969.26 51.63 24.79 0 0.513141 463.35 462.80 27.85 52.35 0 0.505638 1021.34 671.36 26.44 54.98 0 0.497242 924.23 671.43 27.31 52.97 0 0.491111 782.23 1025.74 48.90 23.35 0 0.489759 618.50 574.25 30.55 63.22 0 0.486210 439.69 592.46 29.53 57.85 0 0.480375 925.43 369.99 42.95 42.09 0 0.477803 1078.51 548.26 24.00 48.67 0 0.473261 1263.44 968.62 51.44 25.24 0 0.465407 1092.95 748.16 25.72 57.80 0 0.460283 1132.53 870.66 47.22 27.52 0 0.458265 468.79 466.08 29.11 48.26 0 0.452908 1283.97 1009.60 56.55 26.33 0 0.445183 1087.54 749.66 26.61 56.58 0 0.441626 341.95 341.45 31.06 54.78 0 0.425080 1073.25 350.14 48.94 51.35 0 0.423918 322.59 784.81 30.59 58.65 0 0.408458 920.85 376.67 44.52 43.93 0 0.374880 836.57 778.03 25.29 45.24 0 0.353123 1281.53 660.51 28.08 56.55 0 0.347820 1208.20 657.16 26.99 61.10 0 0.334303 782.17 990.03 46.54 23.41 0 0.323955 809.61 478.76 28.25 69.67 0 0.299206 345.67 345.98 31.99 56.01 0 0.277398 402.35 367.26 27.15 33.50 0 0.258928 1208.67 857.25 28.13 51.53 0
403,0.644327 590.23 957.63 34.56 66.24 0 0.541891 670.57 334.34 26.92 49.25 0 0.528404 628.52 642.52 33.34 60.68 0 0.387518 687.05 188.42 25.17 41.15 0 0.268242 668.21 340.72 27.79 48.49 0
404,0.645958 1507.09 227.66 49.65 25.87 0 0.624400 1838.41 871.28 70.11 36.54 0 0.618911 1772.69 107.55 43.08 20.91 0 0.608632 1791.81 181.87 48.03 23.43 0 0.596492 110.71 699.45 61.59 32.66 0 0.592924 1694.33 252.89 47.28 23.90 0 0.580602 1803.27 41.35 45.74 23.19 0 0.571686 1865.30 203.97 44.17 22.69 0 0.569057 1791.41 154.00 46.20 22.75 0 0.564418 1756.80 866.70 63.68 33.21 0 0.561780 1685.56 208.38 46.10 22.04 0 0.561692 1662.42 114.08 40.71 20.96 0 0.556552 1825.65 246.82 41.85 23.96 0 0.556539 1803.65 209.32 43.09 23.81 0 0.555189 1844.96 153.34 40.35 21.12 0 0.551863 1572.31 9.77 46.86 26.83 0 0.538403 1831.06 110.99 41.88 20.39 0 0.532808 1836.68 128.71 42.64 21.84 0 0.531150 784.40 823.71 56.70 29.79 0 0.528764 1658.62 89.83 39.51 19.43 0 0.527942 1650.06 62.62 43.70 20.80 0 0.525368 348.87 722.44 58.99 28.72 0 0.523146 1665.75 135.43 44.34 21.24 0 0.521272 1678.04 188.86 47.61 23.65 0 0.520091 1667.47 150.97 42.80 22.49 0 0.511883 1698.63 275.07 48.57 23.68 0 0.506758 1836.07 302.02 43.50 22.96 0 0.501160 1448.94 284.06 52.78 25.93 0 0.495069 1745.45 37.93 40.65 19.68 0 0.492371 1767.55 79.86 43.59 22.09 0 0.485135 1789.49 0.00 46.37 20.92 0 0.485010 1828.84 256.93 40.20 22.44 0 0.480084 1668.83 855.73 70.38 33.48 0 0.479848 1800.41 205.60 46.97 23.97 0 0.466590 1660.74 106.50 42.95 23.04 0 0.461934 1774.43 114.12 42.90 21.35 0 0.458579 1515.93 278.21 56.76 28.38 0 0.458263 1827.93 869.80 64.62 33.69 0 0.454588 1803.24 36.94 42.04 22.61 0 0.450235 1862.27 183.83 41.40 18.48 0 0.445446 825.89 769.62 60.83 30.52 0 0.445422 1781.73 136.59 46.09 20.57 0 0.443913 1692.90 234.38 46.70 20.74 0 0.434712 1650.99 67.36 44.71 21.96 0 0.425085 1683.44 198.78 51.01 23.85 0 0.425084 1831.63 278.71 45.26 21.80 0 0.424230 1871.64 222.97 41.52 24.40 0 0.421583 1779.21 130.27 48.31 21.73 0 0.418520 1886.43 245.89 33.57 23.01 0 0.417269 1861.99 422.29 56.77 31.54 0 0.416669 1637.92 40.93 43.62 21.54 0 0.415989 1659.63 81.08 41.65 20.83 0 0.413481 1636.10 16.65 40.83 19.88 0 0.410013 1737.63 11.13 43.74 19.92 0 0.406991 1892.34 277.38 27.66 22.74 0 0.401029 1795.48 185.40 47.18 22.77 0 0.394345 1760.21 69.90 43.23 23.15 0 0.392492 1678.74 183.17 47.36 22.17 0 0.389699 1872.95 229.03 43.27 23.73 0 0.371994 1756.74 57.57 41.37 20.15 0 0.366651 1844.69 160.53 44.89 20.44 0 0.361169 1634.61 30.88 42.55 23.07 0 0.359975 1823.85 92.92 42.02 21.31 0 0.334315 1821.17 89.33 38.68 20.55 0 0.330814 1694.37 257.21 49.75 25.37 0 0.324142 1795.62 158.81 44.66 19.86 0 0.323527 1522.30 290.03 52.71 26.37 0 0.311751 1663.63 126.11 45.87 24.00 0 0.307570 1783.65 151.29 51.44 21.48 0 0.300974 1825.02 129.24 43.02 19.87 0 0.293140 1817.18 233.75 41.79 20.86 0 0.279981 1513.68 270.77 54.26 25.66 0 0.259054 1827.05 105.73 43.14 20.18 0
405,0.648091 657.38 494.40 48.13 29.55 0 0.643956 1024.82 513.63 51.63 34.63 0 0.628061 1022.21 275.95 46.73 24.55 0 0.619242 1078.32 585.05 49.94 34.47 0 0.601566 1233.18 276.60 45.41 28.49 0 0.600225 976.79 345.26 47.18 29.96 0 0.589481 1147.02 426.62 51.05 29.03 0 0.586423 1003.06 580.47 44.60 33.19 0 0.585550 1144.86 432.62 53.64 28.10 0 0.583249 1204.98 326.45 48.22 27.14 0 0.576229 902.80 461.33 53.78 32.04 0 0.572581 1172.07 392.98 46.78 28.20 0 0.571493 1008.20 556.83 54.92 34.08 0 0.568754 1123.76 343.46 48.85 28.95 0 0.568261 597.82 469.96 42.10 23.58 0 0.563998 1154.48 296.17 46.16 26.58 0 0.559236 1101.40 387.43 52.52 27.75 0 0.556892 946.37 400.23 48.99 30.18 0 0.556329 1010.46 299.08 47.44 26.47 0 0.553615 999.43 320.26 46.56 26.19 0 0.551608 1126.49 339.48 50.51 27.07 0 0.551179 971.98 633.65 52.26 33.70 0 0.538565 1109.53 369.09 52.96 29.67 0 0.536670 859.91 526.26 52.25 31.84 0 0.536477 912.46 438.18 53.56 31.76 0 0.536464 1045.07 633.93 53.42 32.00 0 0.534182 984.45 226.25 43.60 27.83 0 0.532340 1068.23 446.25 50.99 29.33 0 0.527722 966.69 367.67 49.17 30.39 0 0.527506 1096.75 393.48 52.30 29.23 0 0.526781 1122.77 500.53 50.28 26.55 0 0.518620 1036.58 247.63 49.94 25.68 0 0.516482 672.61 467.97 47.92 28.37 0 0.515983 1129.19 470.02 51.00 27.20 0 0.512007 864.44 513.14 54.32 36.14 0 0.504838 1056.11 470.92 48.19 30.58 0 0.503146 1173.74 255.57 41.99 28.77 0 0.498200 1167.88 269.18 46.31 26.07 0 0.497822 1050.75 230.46 46.63 26.42 0 0.496179 1053.41 615.54 51.80 29.80 0 0.492366 698.44 425.89 36.71 26.93 0 0.487828 894.67 482.19 47.47 30.71 0 0.484421 1077.52 556.05 50.75 30.96 0 0.481968 1091.64 531.86 56.29 31.27 0 0.477655 1103.19 530.26 54.66 30.06 0 0.475218 1032.48 254.74 51.37 26.03 0 0.474919 1136.11 328.00 48.00 27.91 0 0.474513 974.30 606.01 52.31 33.01 0 0.471879 1120.70 492.59 52.83 28.91 0 0.464680 1150.54 423.69 55.91 29.23 0 0.463070 1081.47 425.21 50.72 30.20 0 0.455943 850.68 532.50 53.61 37.29 0 0.451215 1073.20 435.36 53.34 29.39 0 0.447805 1023.60 267.04 50.33 25.87 0 0.445505 1105.18 374.86 52.57 29.07 0 0.433614 961.69 378.17 50.06 28.20 0 0.431650 979.57 340.77 48.96 27.35 0 0.431167 1083.64 417.79 50.84 32.16 0 0.429912 1078.81 562.35 50.88 31.15 0 0.429679 707.85 433.05 39.19 25.93 0 0.425602 1206.80 336.51 44.76 27.75 0 0.416741 1041.15 490.08 52.20 31.12 0 0.416725 1058.49 220.56 44.37 27.23 0 0.415819 701.61 429.00 42.95 26.31 0 0.415346 1051.91 608.91 52.59 32.29 0 0.414354 1005.34 202.68 45.04 24.36 0 0.410988 953.52 387.13 51.38 30.10 0 0.410103 846.02 552.22 52.24 28.69 0 0.399897 943.35 403.89 46.62 29.85 0 0.398746 1114.43 514.40 51.50 31.03 0 0.381634 1034.49 495.01 52.24 29.96 0 0.378869 1043.26 650.48 49.71 28.04 0 0.376638 886.35 497.59 47.33 28.23 0 0.365117 1011.04 303.94 45.23 26.06 0 0.356181 844.43 543.02 52.50 32.48 0 0.353082 1176.58 301.38 51.50 26.30 0 0.341580 880.87 503.86 48.42 29.32 0 0.336463 1282.28 423.44 42.54 21.39 0 0.317677 1063.54 450.05 50.40 29.92 0 0.316714 1165.72 410.83 52.55 26.69 0 0.309020 1052.22 481.85 49.03 26.99 0 0.306217 967.85 349.76 49.64 28.22 0 0.286370 1293.99 396.58 36.80 21.08 0 0.275059 666.17 483.63 48.71 27.53 0 0.272956 904.12 480.68 49.48 30.23 0 0.271087 1101.80 524.30 59.63 28.09 0 0.271025 975.00 592.88 46.23 30.18 0 0.266703 1121.07 505.52 50.21 26.26 0 0.265340 1022.64 228.73 52.43 25.91 0 0.255811 1159.00 277.18 48.81 26.79 0 0.250020 651.83 472.69 46.43 26.58 0
406,0.802205 1331.32 210.40 43.11 114.86 1 0.749887 974.16 106.84 37.02 71.78 0 0.749592 672.07 222.42 37.85 78.24 0 0.747850 497.24 215.43 41.37 83.94 0 0.746828 717.80 212.31 38.65 82.56 0 0.745649 811.63 422.08 40.72 82.97 0 0.742871 379.09 437.75 40.84 75.91 0 0.742061 548.67 424.37 40.57 77.42 0 0.731020 944.78 422.02 36.49 77.92 0 0.730397 335.26 535.50 41.16 72.22 0 0.728902 754.99 107.12 36.21 73.25 0 0.727364 1026.44 429.49 41.85 75.19 0 0.724908 593.24 426.78 41.62 81.56 0 0.721189 761.87 221.50 40.09 76.50 0 0.718681 453.22 220.53 40.36 76.80 0 0.713677 801.21 109.19 36.78 79.06 0 0.709516 897.45 421.75 39.29 72.81 0 0.709079 681.69 420.44 36.47 84.89 0 0.708220 850.54 218.13 37.36 87.47 0 0.708149 326.37 226.28 42.12 82.94 0 0.707137 883.03 120.51 36.12 76.95 0 0.703966 1015.11 106.06 37.14 77.06 0 0.698367 977.99 206.29 38.70 70.26 0 0.697185 930.51 105.22 36.57 71.74 0 0.694621 545.15 216.88 40.75 75.62 0 0.691327 852.68 423.20 39.38 81.15 0 0.687792 985.50 427.55 39.59 75.72 0 0.683027 1081.47 716.10 42.43 86.83 0 0.680891 416.75 220.82 39.81 78.77 0 0.678873 933.56 208.41 38.29 76.79 0 0.677409 372.92 224.29 40.91 82.57 0 0.667514 1068.78 205.17 35.21 75.33 0 0.663094 588.13 222.47 38.03 75.88 0 0.661241 368.14 125.32 38.40 75.22 0 0.660897 296.83 530.78 40.22 80.43 0 0.659007 622.70 125.05 41.07 71.33 0 0.656794 955.29 731.17 43.26 84.36 0 0.652385 631.28 222.36 39.62 76.64 0 0.650532 839.29 116.20 37.99 74.99 0 0.643412 421.55 435.49 40.26 80.61 0 0.629154 512.07 421.07 39.28 81.01 0 0.625680 636.29 424.67 40.59 82.21 0 0.624108 1041.86 723.80 41.47 84.17 0 0.623301 728.36 427.00 37.21 80.10 0 0.620387 283.07 230.69 41.16 76.46 0 0.619607 540.58 114.22 37.36 75.02 0 0.618745 334.87 434.84 39.43 74.99 0 0.614532 1090.95 836.05 40.05 77.55 0 0.614121 1025.92 210.58 38.40 82.85 0 0.610873 273.71 122.92 42.45 75.54 0 0.606143 667.95 121.91 37.66 73.46 0 0.598300 406.61 122.33 40.26 76.22 0 0.597831 805.82 218.15 39.77 85.87 0 0.583258 467.60 429.63 38.31 78.54 0 0.579752 290.33 437.80 39.78 72.88 0 0.569451 1025.79 206.98 31.83 71.87 0 0.568089 383.25 541.21 40.84 77.35 0 0.536477 578.00 114.47 39.74 68.10 0 0.529843 710.61 113.73 38.49 80.23 0 0.495449 486.91 0.00 15.12 13.96 3 0.493958 413.56 119.11 36.63 74.86 0 0.480190 455.75 950.09 39.77 73.50 0 0.458395 495.30 950.98 39.80 60.06 0 0.451114 529.73 0.00 20.44 13.34 3 0.450772 512.17 0.00 18.46 14.61 3 0.437766 462.05 0.00 16.04 12.07 3 0.415953 500.63 209.66 35.94 76.35 0 0.380654 462.75 118.94 35.07 64.15 0 0.275697 490.66 943.86 39.80 63.40 0 0.275270 294.97 524.34 41.14 67.30 0 0.272196 845.47 120.39 34.39 80.58 0 0.270539 283.76 128.62 43.80 74.96 0 0.265078 410.16 224.29 41.40 81.08 0 0.254679 850.54 212.91 37.68 69.93 0
407,0.292621 690.66 401.52 49.05 25.76 0
408,0.746375 1677.26 412.85 31.06 49.55 0 0.739096 1747.65 266.53 27.09 41.82 0 0.733199 1630.80 367.51 27.97 42.83 0 0.706897 1830.07 265.21 24.19 40.87 0 0.700144 1776.72 265.31 25.10 40.67 0 0.696990 1649.27 415.82 30.01 50.68 0 0.693807 1709.23 363.52 26.87 43.50 0 0.687652 1795.77 362.50 29.23 43.76 0 0.687346 1682.24 364.52 28.94 44.37 0 0.672753 1819.00 360.74 29.97 44.68 0 0.671366 1701.81 414.67 31.21 50.25 0 0.661710 1649.39 268.26 22.93 40.85 0 0.654203 1837.41 412.03 29.13 49.47 0 0.641930 1846.83 363.28 29.90 44.52 0 0.641820 1818.54 410.68 32.07 48.41 0 0.639122 1602.28 369.22 27.46 41.63 0 0.638653 1720.66 265.20 26.35 41.13 0 0.634627 1576.02 370.74 28.31 41.45 0 0.632544 1800.79 263.97 25.73 41.04 0 0.629959 1730.61 364.56 28.83 41.34 0 0.625823 1622.09 422.84 26.77 46.93 0 0.623209 1771.41 363.05 28.64 42.10 0 0.613956 1676.44 268.27 26.40 40.76 0 0.606884 1788.07 412.51 30.51 49.85 0 0.604144 1567.74 265.15 23.99 40.64 0 0.597491 1874.85 364.45 28.42 44.78 0 0.591139 1018.50 658.43 50.59 26.45 0 0.581037 1745.01 365.28 29.45 39.54 0 0.578684 1019.24 1015.80 54.21 33.60 0 0.576981 938.29 357.32 24.78 47.99 0 0.571734 1730.29 418.80 29.73 49.36 0 0.557086 1853.78 266.59 23.02 40.00 0 0.541984 1898.36 367.43 21.64 40.54 0 0.536238 927.30 596.12 28.11 49.84 0 0.535570 1018.78 628.76 48.67 27.69 0 0.530441 1764.93 417.09 32.76 47.62 0 0.525389 1874.49 417.27 27.88 47.12 0 0.509888 938.02 473.99 23.74 40.09 0 0.506914 1600.80 266.36 23.51 40.15 0 0.503619 1542.68 266.76 23.00 40.24 0 0.500594 1591.74 420.61 26.68 45.05 0 0.494157 1549.56 374.29 28.48 40.68 0 0.492755 1588.95 265.71 22.51 39.53 0 0.483056 1875.04 267.87 23.78 37.88 0 0.474014 1753.06 419.55 31.56 48.20 0 0.456911 942.11 223.72 23.41 43.52 0 0.449486 1626.07 269.93 21.82 40.02 0 0.446537 1597.81 419.96 30.11 46.34 0 0.443029 1901.26 215.17 18.30 39.10 0 0.442236 1793.80 369.68 28.82 42.00 0 0.432120 1898.03 264.03 21.47 37.31 0 0.418712 1898.83 416.92 20.50 42.24 0 0.411208 1023.07 580.39 44.80 29.21 0 0.402171 1020.26 571.19 46.70 29.76 0 0.382115 942.59 256.99 23.14 40.74 0 0.381894 1023.28 608.47 47.09 23.36 0 0.381409 1482.34 145.08 23.48 33.68 0 0.338143 1542.19 377.56 30.29 42.63 0 0.335714 1469.69 145.17 23.35 32.31 0 0.328196 942.62 242.22 23.85 51.98 0 0.324337 1845.81 369.34 26.81 41.75 0 0.298141 1899.79 375.12 20.21 39.56 0 0.286277 1815.16 410.09 29.18 53.28 0 0.284943 1542.84 134.95 25.72 37.97 0 0.283502 945.07 179.41 22.29 31.51 0 0.282808 1011.97 661.41 54.94 25.91 0 0.277647 1897.37 421.69 21.46 46.10 0 0.270894 1386.93 356.96 23.39 52.35 1 0.261982 1711.86 265.09 27.01 40.52 0
409,0.711230 173.64 515.11 86.33 36.60 0 0.701785 573.87 535.60 70.24 30.87 0 0.692174 467.41 530.71 79.82 35.44 0 0.659905 843.18 540.42 81.88 36.54 0 0.650422 658.13 536.66 72.78 33.05 0 0.626749 368.33 528.41 78.45 31.06 0 0.620603 1044.52 552.49 75.72 29.33 0 0.612524 753.85 537.63 72.06 33.09 0 0.540873 21.63 511.13 62.62 29.01 0 0.517435 943.86 549.08 83.32 35.61 0 0.483757 941.70 542.59 87.54 36.38 0
410,0.547313 768.69 87.95 29.26 20.61 0 0.504545 779.17 695.32 35.46 57.11 0 0.416538 591.30 963.94 48.60 52.94 0 0.407121 750.68 57.69 32.03 19.16 0 0.328693 774.05 696.39 37.98 66.48 0 0.321363 291.45 280.64 22.23 20.06 0 0.301036 109.06 816.34 45.28 47.63 0 0.291933 770.34 710.33 43.45 86.94 1 0.282013 796.71 150.10 29.51 25.21 0 0.279251 716.71 6.46 28.59 21.31 0 0.275219 733.17 33.00 27.44 22.43 0 0.264164 796.67 137.77 30.34 27.12 0 0.258075 785.28 693.44 28.08 50.99 0 0.251194 707.41 985.31 41.11 82.85 0
411,0.507547 739.37 244.30 27.34 32.16 0 0.506326 715.33 206.44 35.22 25.76 0 0.455080 770.65 322.04 33.35 37.13 0 0.371706 800.39 415.39 28.32 44.87 0 0.370119 759.85 290.68 32.36 25.73 0 0.364121 758.62 283.37 29.65 29.55 0 0.320154 165.46 616.87 26.70 14.62 0 0.295046 773.21 327.00 32.01 40.70 0
412,0.673461 719.73 583.98 30.73 57.32 0 0.647278 1124.93 821.49 33.24 54.35 0 0.641190 690.06 652.61 28.14 44.47 0 0.625117 1098.13 819.00 32.81 51.39 0 0.612609 908.43 812.92 35.23 57.17 0 0.587634 947.28 819.61 30.38 51.51 0 0.548061 687.00 590.29 30.57 52.81 0 0.529944 1036.72 836.64 27.06 45.53 0 0.524159 195.29 1010.89 64.27 38.39 0 0.521043 655.77 656.87 28.55 50.81 0 0.503283 748.12 654.66 33.29 48.30 0 0.445331 26.33 1018.23 50.40 30.44 0 0.429767 545.74 752.84 42.19 32.40 0 0.428093 574.96 753.17 33.29 32.98 0 0.426371 809.74 777.84 53.89 37.61 0 0.415380 756.33 621.95 30.49 38.69 0 0.411335 654.93 597.88 29.89 46.42 0 0.399249 182.31 1007.31 69.05 35.01 0 0.381596 757.03 586.28 31.37 58.41 0 0.379283 869.30 821.70 30.02 35.43 0 0.342354 542.19 557.05 29.24 47.33 0 0.332550 73.98 1015.55 36.16 30.87 0 0.328818 16.25 1018.89 45.56 27.24 0 0.292345 792.06 812.22 36.19 38.23 0 0.284391 867.82 877.55 18.18 21.35 3 0.274210 1154.38 787.51 51.52 33.12 0 0.268963 540.83 328.44 33.59 38.75 1 0.263092 21.35 984.71 53.02 29.95 0 0.256341 690.26 623.82 27.55 37.97 0 0.250746 520.58 144.73 43.09 33.92 0
413,0.631789 652.75 550.61 68.45 38.78 1 0.427402 768.37 546.93 24.65 14.76 0 0.331284 317.45 519.92 24.91 17.49 0 0.329769 333.93 525.30 23.52 20.25 0 0.316024 746.50 547.33 21.36 13.92 0 0.298381 671.12 546.49 49.68 32.91 1
414,0.525642 838.67 562.58 18.87 22.75 0 0.518434 607.21 731.82 19.90 24.33 0 0.515259 288.83 687.51 20.22 16.70 0 0.506398 957.38 616.94 25.09 19.43 0 0.445764 410.70 707.49 21.60 18.85 0 0.420194 334.70 692.43 22.46 19.86 0 0.387838 528.19 729.79 20.87 21.34 0 0.374579 882.66 565.07 20.76 21.59 0 0.371096 796.96 588.67 29.48 33.87 1 0.355074 866.11 564.21 16.94 21.57 0 0.351114 357.57 693.02 19.59 20.17 0 0.345307 319.90 691.44 18.41 18.94 0 0.338022 812.26 492.05 19.15 17.95 0 0.317285 501.20 644.45 22.67 15.82 0 0.282903 548.24 686.41 27.49 19.78 0 0.276118 557.64 734.18 14.71 18.99 0 0.254441 1176.95 134.87 33.39 14.32 0
415,0.723770 1042.58 351.39 42.79 63.23 0 0.700798 103.90 293.30 39.93 58.52 0 0.693587 283.94 526.58 40.69 69.62 0 0.676489 49.51 435.55 40.34 63.82 0 0.674455 1272.59 583.94 48.14 63.55 0 0.667770 303.69 452.01 38.82 58.95 0 0.624876 223.80 7.56 27.67 36.23 0 0.624634 269.35 622.33 41.29 75.71 0 0.618730 187.95 85.84 32.24 46.61 0 0.561834 154.80 177.37 32.49 47.54 0 0.548246 399.91 25.92 25.66 35.99 0 0.540106 360.34 199.51 24.84 44.81 0 0.502885 377.66 105.84 27.41 35.28 0 0.467760 0.00 610.05 25.73 74.94 0 0.418321 331.79 331.13 33.29 48.16 1 0.262839 165.64 134.97 28.50 33.03 0
416,0.690702 924.68 570.26 59.42 28.45 0 0.652896 1161.12 580.09 72.58 30.56 0 0.636803 754.87 564.63 64.30 26.30 0 0.626852 583.99 550.72 76.43 35.72 0 0.595263 1251.89 587.08 65.31 29.48 0 0.577140 1085.20 578.30 66.67 27.77 0 0.576716 1332.53 588.59 59.42 24.44 0 0.560760 834.70 566.53 72.62 27.98 0 0.519021 588.42 547.01 73.16 32.90 0 0.460266 1001.11 572.58 62.45 26.14 0 0.459218 449.44 553.34 57.78 28.64 0 0.354538 417.15 541.98 84.65 38.76 0 0.274954 1081.17 573.40 65.83 27.41 0 0.268584 923.37 573.85 65.84 29.17 0
417,0.523740 873.57 552.63 66.87 35.28 1 0.343511 1004.71 570.63 20.56 14.39 0 0.305017 601.75 492.63 20.48 16.54 0 0.287799 575.74 445.89 19.15 14.86 0
418,0.766162 719.97 527.81 25.37 46.35 0 0.763319 869.44 575.73 26.86 51.14 0 0.753690 1003.28 504.29 25.45 44.70 0 0.750548 596.02 735.30 31.72 56.80 0 0.741583 599.06 603.81 29.93 51.88 0 0.729515 786.31 717.40 31.46 53.08 0 0.727794 859.58 516.30 24.39 46.93 0 0.724678 694.26 720.84 29.43 55.16 0 0.723036 721.85 715.27 29.94 55.88 0 0.718281 745.58 525.91 24.73 47.76 0 0.716732 837.26 576.11 30.57 52.33 0 0.714691 977.26 505.08 24.12 42.42 0 0.708004 717.96 590.83 27.57 50.25 0 0.696862 601.48 816.14 29.67 59.78 0 0.690390 817.85 715.71 30.44 54.40 0 0.688105 1032.46 503.69 22.12 44.20 0 0.687116 665.06 726.97 29.54 56.37 0 0.685914 890.08 514.39 24.65 47.75 0 0.681502 913.60 702.59 29.55 55.66 0 0.680215 1038.51 696.49 28.34 50.94 0 0.670133 629.00 735.20 29.29 57.57 0 0.667397 566.60 737.52 31.40 54.48 0 0.667357 943.16 701.62 28.47 58.44 0 0.665996 568.50 605.76 30.88 51.88 0 0.662526 630.62 601.93 26.26 50.41 0 0.644183 1007.40 696.40 29.44 49.90 0 0.642303 746.93 587.01 26.66 52.03 0 0.640388 974.70 700.55 28.20 49.46 0 0.639819 928.01 576.04 30.50 50.33 0 0.632423 526.77 810.36 30.81 59.43 0 0.630343 600.09 544.66 26.18 45.76 0 0.628510 809.00 582.11 27.01 51.51 0 0.621333 852.99 710.48 29.50 57.13 0 0.621018 756.79 719.58 31.41 54.80 0 0.619675 532.43 741.19 31.15 55.18 0 0.615401 629.81 536.76 25.83 50.44 0 0.613386 540.13 606.65 28.71 52.51 0 0.612948 980.91 562.63 27.52 46.98 0 0.604312 689.24 593.46 28.18 51.25 0 0.601976 774.44 530.17 26.63 48.29 0 0.600482 1014.61 559.75 26.07 45.76 0 0.598501 1073.32 555.19 29.29 50.25 0 0.596783 1626.04 311.05 25.87 35.31 0 0.594694 1142.74 898.65 35.09 69.24 0 0.574722 1044.46 911.24 31.48 62.39 0 0.568300 602.46 539.05 26.66 48.63 0 0.557044 916.94 515.33 23.84 46.33 0 0.556506 1715.46 511.23 37.60 48.92 0 0.550081 1768.00 638.05 36.74 52.14 0 0.550059 1164.02 995.24 31.50 62.20 0 0.539714 899.08 575.97 28.37 52.08 0 0.525891 656.78 597.95 26.83 49.61 0 0.525412 1834.82 783.52 35.33 51.30 0 0.524232 562.78 807.53 30.35 60.59 0 0.521032 1520.56 300.93 48.90 22.92 0 0.505412 1045.55 558.29 26.75 52.13 0 0.494954 1110.17 907.91 31.25 65.07 0 0.487344 1796.19 705.91 37.29 54.53 0 0.483826 1773.28 311.32 34.38 32.89 0 0.481714 1070.58 696.84 27.71 49.41 0 0.475418 833.51 525.19 22.08 44.50 0 0.456294 1824.47 779.40 38.93 52.44 0 0.451744 1510.59 276.51 42.39 20.11 0 0.414326 1516.60 298.44 42.93 22.44 0 0.412092 943.39 511.36 24.42 46.18 0 0.409776 1533.46 341.00 44.05 23.54 0 0.405818 1159.13 992.27 30.70 65.68 0 0.404616 1303.38 135.50 38.57 19.58 0 0.395839 1773.48 650.57 36.27 50.39 0 0.393781 535.56 547.65 30.47 48.82 0 0.384731 807.41 530.08 23.66 41.00 0 0.375458 1292.98 137.20 40.25 19.41 0 0.373819 535.73 466.58 16.25 26.45 3 0.368457 1718.53 500.69 33.68 45.76 0 0.358756 766.57 587.58 25.25 49.34 0 0.346690 894.44 577.52 27.67 50.41 0 0.331929 781.30 590.89 25.76 47.92 0 0.320666 1538.13 333.39 40.92 24.87 0 0.320490 1667.58 410.33 36.83 40.92 0 0.318673 833.10 563.78 27.46 59.63 0 0.310974 1664.34 408.42 32.38 44.08 0 0.304964 1439.63 81.64 33.96 19.44 0 0.304346 1392.95 0.00 42.27 14.48 0 0.272976 1664.21 401.99 29.75 41.41 0 0.270724 935.33 522.84 26.64 40.87 0 0.270723 1045.43 905.47 28.37 56.60 0 0.266787 549.17 465.22 17.95 24.83 3 0.264460 1039.77 914.34 34.28 67.56 0 0.261989 1527.58 326.60 46.11 21.34 0 0.261076 1713.02 514.47 34.74 51.55 0 0.257449 1784.33 370.83 24.88 26.19 0 0.256944 751.60 718.78 31.32 56.88 0 0.252587 1028.02 559.13 25.06 46.41 0 0.251868 929.23 570.07 25.22 51.50 0
419,0.627147 37.19 267.96 48.51 34.36 0 0.586850 470.68 4.26 44.03 27.15 0 0.568880 249.36 77.21 48.91 26.18 0 0.509078 39.62 57.81 43.84 31.22 0 0.478779 168.09 559.81 11.85 16.12 2 0.472070 241.83 0.94 38.69 26.55 0 0.467982 3.28 278.46 49.54 36.12 0 0.466470 545.92 165.28 32.59 43.66 0 0.390310 481.12 17.64 43.24 23.87 0 0.382169 1303.57 558.26 39.87 53.18 0 0.372710 0.00 77.47 28.00 30.05 0 0.337431 36.62 62.68 42.64 29.59 0 0.333810 223.63 525.85 14.06 17.97 2 0.328591 547.87 165.05 35.29 54.15 0 0.319037 53.71 614.00 41.91 23.93 0 0.312543 36.70 463.49 13.70 18.96 2 0.300276 470.36 9.99 45.57 26.11 0 0.287492 237.30 566.67 15.98 18.63 2 0.285893 87.44 37.16 54.91 37.74 1
420,0.509485 427.63 429.69 246.18 94.03 0 0.403152 762.51 467.28 267.74 96.50 0
421,0.567991 889.16 758.70 60.01 29.19 0 0.500929 1618.05 761.60 67.66 31.02 0 0.478904 1863.89 760.98 56.11 29.93 0 0.455462 1211.67 761.89 60.14 31.10 0 0.401950 642.14 1043.20 43.05 29.00 0 0.397568 686.90 1046.20 49.24 29.31 0 0.354533 200.19 1045.00 45.78 30.79 0 0.352865 621.87 1043.60 37.57 27.38 0 0.349608 390.48 337.76 28.51 37.79 0 0.334968 572.87 62.31 44.25 18.79 0 0.319822 569.31 88.10 44.26 16.73 0 0.319159 655.08 1043.79 43.62 28.96 0 0.306813 576.22 32.03 42.76 21.40 0
422,0.629215 543.12 401.17 235.36 90.35 0 0.602993 841.13 400.28 259.18 98.49 0 0.594679 176.11 376.08 291.85 113.11 0 0.507453 217.46 371.26 294.30 113.60 0 0.253334 1407.98 414.10 260.23 89.88 0
423,0.698621 1174.66 757.03 28.57 54.99 0 0.616934 1143.20 833.37 31.45 54.39 0 0.575349 1305.82 330.42 40.58 21.78 0 0.562889 787.67 1019.80 55.91 29.92 0 0.519838 1312.50 451.62 48.46 27.18 0 0.519419 1340.74 130.67 31.28 19.90 0 0.450816 1410.60 35.72 23.39 29.70 0 0.448421 1339.35 41.68 22.34 27.17 0 0.441792 1468.85 35.42 22.84 25.06 0 0.440399 1366.80 43.46 20.96 25.05 0 0.437053 1431.29 35.75 24.61 31.85 0 0.429663 1486.17 0.00 35.55 17.24 0 0.419835 1294.72 347.82 41.94 20.21 0 0.418136 1243.03 160.39 43.11 17.29 0 0.416669 1249.92 205.09 32.20 16.55 0 0.406491 1088.96 536.90 26.90 41.84 0 0.404386 1303.63 354.02 41.51 20.12 0 0.384294 1097.49 216.96 20.62 31.80 0 0.370274 1321.71 41.92 20.61 25.89 0 0.352254 779.91 953.44 58.22 28.81 0 0.331608 1275.11 48.15 26.50 26.89 0 0.302085 1273.82 43.29 23.91 26.94 0 0.296433 1240.41 141.63 42.80 21.82 0 0.271292 749.72 904.53 72.75 36.59 1 0.270730 1336.92 510.95 33.71 23.03 0 0.265472 1314.11 456.08 48.62 28.75 0 0.250674 1310.52 491.63 38.20 26.16 0
424,0.456771 1094.15 434.18 257.42 90.31 0 0.453729 624.11 414.09 244.02 69.82 0 0.413347 8.55 11.07 34.61 21.80 0 0.402697 0.45 9.27 29.35 23.08 0 0.367250 184.35 410.10 305.77 107.18 0 0.327042 623.08 419.64 261.80 93.38 0 0.274036 1046.24 436.79 279.19 101.76 0
425,0.694187 1187.59 205.07 45.97 23.57 0 0.646895 1185.52 259.22 45.98 24.42 0 0.642999 997.95 302.64 49.97 24.22 0 0.637789 744.85 566.56 56.51 28.53 0 0.634579 980.27 392.58 50.52 25.86 0 0.630772 756.73 490.75 50.08 25.82 0 0.624575 950.40 558.26 54.53 25.92 0 0.609632 1186.10 322.77 45.99 25.94 0 0.603536 999.64 231.10 47.74 22.09 0 0.600623 1115.66 401.58 51.30 24.34 0 0.598289 667.04 559.90 54.10 25.03 0 0.598001 1125.23 201.52 47.32 24.73 0 0.591936 1123.35 297.69 50.92 24.00 0 0.579125 1113.78 424.37 50.24 22.45 0 0.564566 988.14 345.44 47.26 23.84 0 0.560955 1175.24 470.27 51.08 24.00 0 0.559211 1123.64 325.21 53.34 23.24 0 0.556532 1107.18 546.34 49.75 27.56 0 0.549454 992.74 327.32 47.88 23.15 0 0.544988 1175.84 370.74 50.14 22.81 0 0.542723 973.84 462.19 49.67 27.22 0 0.541873 1128.18 272.64 44.75 21.63 0 0.536919 1116.87 351.77 55.24 24.25 0 0.534797 744.83 537.88 52.77 26.46 0 0.521145 1123.48 276.48 47.07 22.19 0 0.519196 998.33 255.41 46.74 20.00 0 0.518676 1123.23 235.43 47.23 23.47 0 0.515911 1179.12 547.02 51.35 26.44 0 0.508144 1185.54 440.05 46.51 22.00 0 0.508131 1107.73 522.02 51.76 24.92 0 0.505286 1102.68 475.72 52.03 25.18 0 0.501132 1004.29 204.76 44.77 21.27 0 0.499380 961.98 509.35 52.53 26.11 0 0.498349 1183.49 429.39 45.69 23.58 0 0.497232 1123.48 248.10 48.33 23.01 0 0.497139 1177.64 523.52 49.98 25.90 0 0.495952 1170.01 497.79 52.97 23.16 0 0.491337 941.92 227.90 43.93 19.63 0 0.489570 1178.14 401.71 48.24 22.77 0 0.488622 1171.48 579.28 54.58 26.62 0 0.484292 1115.58 373.79 53.81 23.13 0 0.480877 984.83 368.84 49.97 24.25 0 0.472539 1183.85 349.74 49.02 21.24 0 0.470641 974.19 441.88 51.85 27.63 0 0.469546 937.35 224.75 44.80 21.49 0 0.466747 999.97 276.05 47.64 21.21 0 0.462899 953.19 534.47 55.81 25.09 0 0.457628 1014.69 188.90 40.36 21.36 0 0.449605 958.13 531.74 54.82 25.00 0 0.434325 1123.40 253.92 46.73 22.46 0 0.428066 953.30 186.81 41.09 20.32 0 0.425056 969.32 488.99 48.11 26.52 0 0.423470 1173.92 474.56 55.19 23.44 0 0.422091 1095.64 572.70 55.16 26.47 0 0.414298 1111.03 448.66 51.55 23.89 0 0.391744 1075.95 771.44 63.36 31.13 0 0.375999 948.47 201.75 45.08 20.44 0 0.368080 1107.30 517.70 48.52 24.97 0 0.367738 1176.39 558.49 54.16 28.63 0 0.360676 988.79 350.75 49.27 22.45 0 0.354613 1118.17 348.78 53.16 22.50 0 0.341636 1173.07 517.67 49.28 25.26 0 0.323890 959.73 517.95 55.85 24.42 0 0.306476 1101.27 600.73 58.06 26.30 0 0.304930 1101.35 593.30 56.33 27.26 0 0.297804 1183.26 256.08 47.59 22.08 0 0.275990 1103.40 566.60 50.40 28.62 0 0.273821 1115.81 368.96 52.71 22.10 0 0.266299 999.63 279.79 49.28 22.68 0 0.259245 1296.70 206.96 27.60 16.20 3 0.250012 1180.11 422.25 50.84 21.17 0
426,0.533296 569.39 948.54 64.58 98.25 0 0.436930 560.41 953.56 63.59 97.94 0 0.269949 1015.83 986.53 40.88 39.70 0 0.252435 469.53 988.80 35.82 39.99 0
427,0.674922 493.92 779.60 57.13 28.53 0 0.661186 720.70 989.44 66.22 36.97 0 0.519651 1098.12 641.11 28.58 43.26 0 0.517172 65.58 529.04 43.30 53.30 0 0.476695 221.73 540.72 41.78 47.17 0 0.467452 877.24 995.76 57.03 32.97 0 0.439167 92.23 531.17 42.78 49.47 0 0.419345 557.30 595.41 53.78 33.71 0 0.405651 1095.90 559.81 30.16 53.86 0 0.401499 100.18 529.61 37.14 46.00 0 0.390000 1096.20 556.14 30.99 52.99 1 0.370193 1099.91 630.63 26.35 48.88 0 0.366336 255.74 575.17 41.73 35.61 0 0.316056 878.55 1005.01 55.97 31.49 0
428,0.783883 811.44 382.63 30.00 57.45 0 0.758626 1003.32 378.40 27.53 55.66 0 0.743039 241.85 115.07 30.25 54.66 0 0.700589 938.64 376.42 27.67 58.99 0 0.688341 808.79 306.61 28.84 57.96 0 0.678257 844.46 381.31 28.87 61.51 0 0.673582 905.67 742.81 29.05 54.22 0 0.670064 624.54 404.00 30.73 58.46 0 0.667772 999.50 297.73 28.18 55.58 0 0.658879 722.58 719.29 28.44 56.88 0 0.653802 830.93 724.25 31.35 57.48 0 0.650915 1001.73 493.58 32.50 55.14 0 0.649131 869.37 299.98 27.19 57.77 0 0.648900 1079.98 372.79 29.45 58.47 0 0.648763 606.04 728.71 31.23 49.84 0 0.639550 907.48 380.51 28.80 56.11 0 0.637358 864.09 740.57 29.55 58.49 0 0.636060 773.60 309.43 27.97 53.14 0 0.634719 145.07 117.61 31.05 57.20 0 0.632632 741.22 306.05 30.25 52.78 0 0.629503 111.88 437.03 31.55 52.69 0 0.626658 675.44 312.44 30.02 58.60 0 0.626466 653.84 721.94 28.53 55.91 0 0.624141 72.41 441.07 31.72 55.42 0 0.619609 275.68 111.87 31.60 55.60 0 0.612918 591.00 411.60 29.48 52.93 0 0.607916 1032.83 497.20 28.22 53.55 0 0.600523 641.35 318.09 32.61 57.19 0 0.597490 138.43 434.68 32.74 54.54 0 0.595026 569.45 732.49 32.25 53.07 0 0.579908 965.29 299.59 27.16 55.01 0 0.579864 932.58 299.78 28.85 57.11 0 0.570472 968.83 489.92 27.45 55.85 0 0.564021 1032.23 295.70 28.76 59.75 0 0.562636 226.25 238.12 31.35 61.64 0 0.554354 776.14 386.40 28.52 57.66 0 0.543312 967.86 380.27 27.84 57.51 0 0.542833 900.71 298.71 30.94 56.97 0 0.541866 532.65 726.19 30.44 56.75 0 0.535649 1045.02 375.01 27.26 58.30 0 0.530759 187.67 240.29 31.19 57.34 0 0.523479 709.01 307.87 29.21 56.48 0 0.519977 555.91 124.32 27.98 62.71 0 0.516708 138.89 0.00 27.72 49.27 0 0.513880 84.09 0.00 34.96 56.07 0 0.498812 534.42 633.31 46.73 25.13 0 0.493968 526.79 593.40 54.40 26.10 0 0.490000 799.42 724.96 30.68 54.77 0 0.484923 1042.49 639.80 64.64 29.06 0 0.461337 205.77 114.53 34.83 58.45 0 0.458282 1038.47 378.52 28.85 57.96 0 0.432131 542.33 668.65 61.91 28.12 0 0.415934 827.09 184.75 30.12 53.90 0 0.397614 1025.20 600.82 49.91 26.83 0 0.395306 810.20 496.76 53.10 28.69 0 0.367377 822.98 179.76 30.37 56.70 0 0.365029 1026.55 597.43 53.89 26.99 0 0.342093 268.39 114.00 34.02 54.35 0 0.313928 198.54 115.09 37.14 61.13 0 0.294967 971.31 370.96 27.14 61.44 0 0.293222 585.43 414.06 31.14 54.05 0 0.281290 896.13 297.28 28.38 60.29 0 0.276674 363.19 230.28 35.17 56.95 0
429,0.590084 236.55 429.62 266.88 106.57 0 0.442241 704.30 461.39 249.85 91.51 0 0.382411 295.04 437.03 252.97 101.33 0 0.380660 0.00 454.87 186.60 73.92 0 0.332939 1431.49 195.06 35.21 39.91 0
430,0.678943 206.20 75.59 55.26 29.10 0 0.652053 207.85 989.11 29.92 51.66 0 0.648539 79.45 215.21 55.31 39.00 0 0.624865 1562.88 827.37 59.16 39.99 0 0.615789 1376.99 798.06 59.32 37.74 0 0.612836 1507.42 610.17 39.81 51.20 0 0.594233 1429.24 949.28 60.31 33.38 0 0.591855 1576.22 739.89 39.80 49.38 0 0.583269 1615.50 919.66 47.47 39.21 0 0.570164 1476.24 552.49 40.15 47.95 0 0.565740 617.65 683.63 57.08 31.44 0 0.560138 490.94 730.19 51.12 35.21 0 0.557969 201.39 36.05 46.31 28.46 0 0.557501 1402.18 876.44 54.26 34.46 0 0.555966 375.38 53.03 64.75 37.89 0 0.549642 47.30 579.08 37.28 51.52 0 0.545162 361.57 14.23 55.57 30.43 0 0.537201 219.02 107.16 60.17 35.54 0 0.532143 1323.57 701.65 54.49 36.25 0 0.530535 483.10 24.67 58.41 34.99 0 0.528016 318.50 73.71 62.14 44.67 0 0.518793 1477.99 564.09 38.58 42.91 0 0.515874 114.46 466.82 32.34 29.17 0 0.515112 1201.63 448.23 51.08 31.64 0 0.511277 147.87 49.32 45.48 30.55 0 0.506278 755.54 122.28 34.07 48.98 0 0.504831 12.18 54.27 55.86 34.84 0 0.504536 299.24 3.63 49.10 30.63 0 0.503015 1666.11 757.81 42.25 47.00 0 0.499652 60.03 124.65 45.80 32.30 0 0.498104 1615.07 811.74 40.00 46.65 0 0.497735 555.98 706.02 52.72 32.20 0 0.490428 628.71 0.00 75.55 35.19 0 0.490198 123.19 9.45 53.64 34.75 0 0.488367 358.43 6.83 57.96 31.77 0 0.485306 1641.49 864.10 44.12 46.78 0 0.476407 1523.18 754.11 48.91 36.83 0 0.476401 52.70 582.41 39.71 56.16 0 0.475353 1641.25 985.88 43.73 34.62 0 0.470929 1319.54 678.89 53.52 32.60 0 0.470369 309.61 824.99 53.82 34.76 0 0.469099 221.23 117.11 59.59 36.09 0 0.467157 807.62 603.95 54.93 30.20 0 0.466974 950.47 820.78 44.44 27.35 0 0.457922 18.85 56.50 57.02 35.43 0 0.457329 1166.18 1001.12 48.04 36.98 0 0.453997 1536.04 748.95 41.43 39.56 0 0.453763 61.49 168.38 51.52 31.69 0 0.451560 261.92 1019.75 30.93 37.20 0 0.451360 311.41 56.16 52.44 37.38 0 0.450922 1123.07 777.84 34.04 27.66 0 0.450374 121.97 1.42 49.37 32.01 0 0.449285 969.47 809.79 43.64 27.63 0 0.448459 1394.80 471.88 47.90 37.82 0 0.445130 750.51 632.37 44.13 28.88 0 0.443420 472.99 583.89 54.71 32.15 0 0.442947 830.86 636.05 47.31 30.78 0 0.441532 363.41 0.00 56.60 26.61 0 0.439616 1389.99 840.01 57.62 33.22 0 0.435322 1262.80 430.55 35.97 29.88 0 0.434532 529.91 557.18 52.31 35.14 0 0.433702 740.33 637.61 45.61 31.19 0 0.425015 1121.02 481.16 58.29 32.57 0 0.420757 56.84 158.31 51.52 33.74 0 0.420301 800.52 217.01 36.65 44.29 0 0.418051 1447.45 991.39 48.12 34.90 0 0.417606 119.60 0.00 51.55 23.69 0 0.417021 1402.55 496.90 40.91 35.55 0 0.416200 1444.58 990.78 34.25 37.20 0 0.415752 53.61 150.54 47.66 33.81 0 0.415219 1540.55 667.59 41.95 50.91 0 0.415120 106.12 413.77 32.28 36.84 0 0.412080 51.37 126.62 48.40 33.38 0 0.406509 1398.63 483.93 47.04 44.27 0 0.403833 1569.39 725.70 37.57 53.04 0 0.403048 1408.80 877.96 55.59 35.07 0 0.402212 17.58 42.65 51.50 30.26 0 0.401987 1626.56 685.13 37.70 34.48 0 0.401744 1327.07 554.56 39.21 39.17 0 0.399849 0.99 105.95 27.34 30.40 0 0.397126 609.96 526.98 57.70 35.46 0 0.396869 1309.42 650.61 51.17 33.20 0 0.396349 356.17 0.00 55.96 24.10 0 0.396139 1531.05 667.19 45.55 49.09 0 0.395946 1625.18 952.58 50.79 39.36 0 0.395664 203.48 53.93 51.82 24.95 0 0.393724 1608.82 798.33 41.62 47.04 0 0.393519 1129.33 797.80 30.33 32.36 0 0.388708 1583.14 863.83 54.94 40.27 0 0.387537 4.53 485.73 37.28 52.96 0 0.381203 1127.68 476.24 56.57 31.09 0 0.380129 1595.89 870.98 53.79 48.92 0 0.378459 8.78 488.55 38.72 56.45 0 0.376564 821.01 271.25 30.01 31.98 0 0.375171 1155.78 927.65 22.82 29.21 0 0.374992 143.72 52.95 51.98 30.74 0 0.372525 6.24 35.47 56.25 28.95 0 0.370087 1260.97 495.82 33.78 28.04 0 0.368470 549.20 710.20 56.07 31.88 0 0.366926 598.56 912.68 48.08 32.18 0 0.364198 273.57 783.08 43.10 20.67 0 0.363134 0.00 89.06 32.88 26.84 0 0.359237 790.87 978.48 42.05 26.52 0 0.356558 828.44 292.19 29.94 35.59 0 0.352852 1364.17 767.64 57.27 31.14 0 0.351703 9.85 134.53 32.28 28.35 0 0.345735 487.42 734.89 48.01 33.63 0 0.344063 1410.08 259.18 23.38 13.03 3 0.343655 258.99 990.65 29.25 34.87 0 0.342563 314.33 61.42 55.95 43.34 0 0.340591 217.21 102.83 58.91 32.70 0 0.340555 1310.20 883.39 36.82 42.05 0 0.340276 1609.27 803.48 42.32 54.22 0 0.339858 1.76 30.72 42.93 28.13 0 0.335682 402.22 612.91 52.22 26.94 0 0.333913 1393.38 476.72 43.92 44.43 0 0.332550 752.31 472.81 44.55 26.47 0 0.330980 1585.65 865.57 63.80 48.19 0 0.328852 63.79 154.76 51.77 35.20 0 0.328760 287.31 0.00 48.45 16.53 0 0.326700 1123.87 396.66 34.43 17.99 0 0.326012 1233.00 498.55 45.56 29.09 0 0.325813 1620.56 866.54 50.63 47.50 0 0.325364 1327.66 545.21 35.81 39.54 0 0.322568 1261.83 423.74 33.42 34.02 0 0.320470 1479.01 1034.14 51.56 40.26 1 0.319885 293.02 0.00 54.34 24.27 0 0.319136 692.23 654.78 34.02 29.83 0 0.319083 1319.64 553.98 39.94 38.14 0 0.317763 204.12 62.14 53.85 26.06 0 0.317284 879.64 612.62 42.45 27.64 0 0.314512 1435.95 578.02 36.90 27.58 0 0.313919 1586.32 873.56 53.68 46.45 0 0.312273 406.98 608.59 48.54 27.23 0 0.309834 1169.88 1004.72 48.24 40.37 0 0.309245 121.74 485.46 34.70 41.89 0 0.307931 131.74 8.64 55.10 33.00 0 0.307011 57.23 164.79 50.18 31.75 0 0.306641 13.77 65.39 51.85 34.60 0 0.306571 1657.71 745.54 42.24 39.56 0 0.304361 102.07 407.99 32.50 36.26 0 0.303781 1453.02 491.68 29.15 35.77 0 0.301027 1584.16 820.28 56.55 43.28 0 0.294719 1880.04 32.16 39.34 41.45 0 0.294120 608.24 898.90 49.36 34.26 0 0.289183 887.37 604.36 44.16 29.09 0 0.285713 736.85 481.53 35.04 27.22 0 0.284942 1354.75 735.69 45.17 33.09 0 0.283890 5.85 128.03 28.97 29.08 0 0.282913 1572.88 833.50 59.16 54.22 0 0.282811 485.45 742.59 44.31 29.33 0 0.282126 1233.27 508.39 46.74 28.37 0 0.281833 598.39 906.92 55.85 33.47 0 0.281732 1270.27 471.16 32.25 24.52 0 0.279999 1194.46 458.06 44.05 31.19 0 0.279268 264.61 490.89 19.77 26.20 3 0.278566 836.77 631.37 46.49 33.13 0 0.277042 1173.94 1001.43 49.74 39.31 0 0.273382 30.90 902.82 42.41 25.15 0 0.272532 428.66 759.06 51.48 29.10 0 0.271776 602.95 530.78 57.60 33.07 0 0.270258 74.32 205.64 57.06 34.77 0 0.269806 416.70 765.30 61.50 28.55 0 0.269757 348.21 52.99 71.00 40.52 0 0.268711 284.02 819.81 48.17 26.11 0 0.268332 1630.38 695.93 39.10 42.03 0 0.267915 881.98 233.57 23.09 30.72 0 0.266559 370.26 55.99 68.11 43.65 0 0.260675 1375.16 602.40 20.21 27.23 0 0.259206 3.51 54.33 53.00 31.03 0 0.258681 1471.03 556.81 37.16 42.95 0 0.257101 883.14 241.66 22.27 27.89 0 0.256414 675.35 506.28 29.93 27.41 0 0.255858 1467.72 996.42 38.58 33.54 0 0.253344 1449.76 615.53 32.82 28.95 0 0.251187 889.36 901.37 18.69 20.35 0
431,0.647268 577.23 675.49 57.27 34.47 0 0.633994 1123.53 300.14 22.84 33.42 0 0.615474 1090.80 553.94 27.71 49.17 0 0.581512 1246.80 584.81 37.28 107.97 1 0.554026 1120.65 344.08 22.91 35.87 0 0.543000 1136.53 206.67 22.62 32.34 0 0.535716 835.67 231.53 32.02 37.80 0 0.487133 568.90 669.92 57.39 33.09 0 0.476035 838.58 211.58 43.27 28.27 0 0.471016 1117.05 390.55 28.94 51.52 1 0.462732 872.31 51.81 38.11 21.47 0 0.455817 1133.21 258.81 21.42 36.11 0 0.452525 1260.84 410.42 63.65 47.81 1 0.431464 1259.10 418.04 74.90 44.55 1 0.394513 865.53 134.79 25.91 24.25 0 0.382900 836.71 213.39 42.13 33.04 0 0.378533 873.78 47.47 38.64 22.52 0 0.373456 1244.11 586.24 36.98 82.75 1 0.372456 837.38 214.60 37.30 46.72 0 0.356113 1117.86 391.55 27.53 49.50 0 0.347534 738.11 130.15 34.96 35.06 0 0.333681 850.22 163.47 21.00 20.05 0 0.304418 372.43 161.29 11.94 19.46 2 0.283696 1129.12 261.22 22.46 33.94 0 0.262058 866.46 121.39 26.19 32.76 0
432,0.595261 971.59 759.90 29.38 56.67 0 0.557055 912.39 731.26 30.74 48.44 0 0.555601 673.99 924.26 55.73 33.72 0 0.511872 518.89 837.51 39.36 61.91 1 0.483714 264.85 930.59 68.19 31.03 0 0.469382 724.31 921.99 29.89 33.56 0 0.467751 904.44 622.78 29.05 47.01 1 0.451170 666.32 929.62 55.57 29.32 0 0.429911 921.60 979.84 56.72 39.49 0 0.425726 565.30 721.11 51.73 38.52 0 0.393833 965.64 683.18 30.52 50.46 0 0.377522 1010.80 32.42 25.17 23.34 0 0.346688 926.36 973.17 55.14 40.86 0 0.343234 1542.92 1037.84 30.02 22.69 3 0.336545 1345.39 904.93 66.98 33.94 0 0.329644 937.56 729.61 26.81 45.82 0 0.317001 831.58 904.18 43.02 39.79 0 0.308260 1016.05 87.93 21.63 30.52 0 0.303898 1072.55 670.46 26.35 41.28 0 0.283351 979.72 1046.23 29.98 21.51 3 0.280021 688.14 870.49 59.10 33.02 0 0.272045 1030.23 219.25 22.88 32.20 0 0.268885 613.32 837.50 37.92 64.12 0 0.267066 1034.84 395.78 29.99 49.79 0
433,0.592549 599.97 424.78 301.64 111.54 0 0.570082 966.64 442.25 234.89 95.46 0 0.556477 128.49 372.16 338.25 179.17 1 0.542480 1279.17 445.72 242.54 96.42 0 0.413555 647.42 420.32 296.19 112.09 0 0.320254 1239.77 453.51 248.32 87.88 0 0.293761 1796.71 488.30 106.49 53.44 0
434,0.659262 828.84 903.71 33.29 60.12 0 0.612210 333.09 81.28 33.89 43.21 0 0.595130 842.48 474.19 29.42 54.03 0 0.501254 277.92 45.01 29.00 36.15 0 0.380143 327.45 40.35 32.37 35.00 0 0.322100 346.64 38.58 31.75 35.42 0 0.311758 856.28 0.00 22.33 39.29 0 0.310017 270.59 40.57 32.20 37.51 0 0.269919 822.40 904.30 34.81 61.33 0
435,0.660501 1114.65 611.69 40.05 41.88 0 0.623023 617.40 625.32 45.02 40.74 0 0.614303 559.92 567.93 50.61 50.47 0 0.599083 1193.80 683.86 36.70 35.77 0 0.588371 832.02 394.53 37.15 28.67 0 0.565256 1212.35 113.14 41.72 24.97 0 0.564603 784.32 822.91 59.35 42.45 0 0.559827 586.14 606.40 41.11 38.97 0 0.558454 1306.51 253.87 56.90 30.55 0 0.549338 1162.35 654.99 34.43 36.96 0 0.548533 1140.91 530.70 36.90 43.19 0 0.545864 626.01 531.52 38.19 37.28 0 0.541843 1049.40 721.22 36.51 36.74 0 0.541149 1034.93 845.42 43.70 37.45 0 0.538275 1150.12 666.33 37.04 35.97 0 0.537167 626.72 539.82 45.35 36.16 0 0.528429 706.53 703.19 45.94 47.64 0 0.527124 1076.51 459.18 37.83 34.34 0 0.520317 1219.94 711.33 37.04 34.83 0 0.510915 1231.81 84.71 39.50 23.87 0 0.506886 1102.26 618.19 38.86 37.02 0 0.505319 1254.50 619.25 27.27 30.56 0 0.499304 1035.89 559.38 34.85 35.97 0 0.498179 1109.50 521.28 30.18 31.90 0 0.494938 694.44 2.14 45.92 43.24 0 0.493289 1178.23 160.19 55.26 26.40 0 0.491045 1086.38 736.90 38.09 33.97 0 0.490658 1191.29 586.32 31.10 30.42 0 0.486256 1097.62 764.89 40.45 42.06 0 0.482322 1091.65 588.28 36.50 38.61 0 0.479118 1047.81 546.21 35.78 36.62 0 0.478827 983.29 502.67 39.62 44.08 0 0.476837 1026.33 422.34 35.43 32.65 0 0.474873 994.39 392.26 40.06 38.43 0 0.473105 826.69 850.82 40.97 37.99 0 0.470246 1059.15 486.08 36.98 30.49 0 0.466978 1220.73 594.30 30.25 32.40 0 0.466261 1142.60 630.32 31.71 33.46 0 0.464115 806.16 98.02 44.84 45.53 0 0.459157 859.81 418.40 42.46 32.62 0 0.458161 1045.34 550.49 36.36 38.03 0 0.457649 668.58 469.49 43.80 28.70 0 0.447391 1218.65 607.17 30.86 30.85 0 0.443479 976.22 391.50 40.61 40.90 0 0.442930 1128.94 645.16 32.61 32.04 0 0.441889 944.71 611.50 48.16 38.79 0 0.441262 1076.54 601.50 41.80 39.70 0 0.440874 1002.30 671.08 38.55 36.45 0 0.439655 1024.62 834.13 45.22 32.25 0 0.438109 1017.05 522.89 36.51 33.53 0 0.435375 985.18 400.88 39.10 38.63 0 0.433954 471.08 62.49 50.17 50.10 0 0.425986 1032.93 457.73 35.34 28.20 0 0.425733 1183.01 693.18 36.96 32.82 0 0.424839 997.63 504.92 38.92 42.35 0 0.421155 1093.52 758.66 41.55 44.29 0 0.417264 1019.59 883.09 46.83 44.88 0 0.414906 994.53 667.14 40.55 37.25 0 0.401603 1217.00 716.75 37.62 32.57 0 0.401212 671.32 478.27 49.37 36.27 0 0.398952 1205.18 560.67 28.56 28.50 0 0.396201 879.03 398.96 33.46 25.21 0 0.394972 1099.17 604.13 41.56 45.70 0 0.394862 491.85 82.11 48.25 45.29 0 0.391679 761.43 764.94 45.73 38.50 0 0.389668 934.97 371.77 38.57 32.86 0 0.387733 1010.86 534.38 35.41 34.30 0 0.387419 1078.09 735.44 39.01 35.32 0 0.385290 1148.43 523.81 35.16 41.46 0 0.382389 1085.58 766.04 42.52 40.42 0 0.370898 464.27 59.93 50.54 42.81 0 0.370627 814.68 89.07 41.34 35.21 0 0.368791 655.92 506.33 44.72 34.75 0 0.362947 668.69 471.62 49.94 36.12 0 0.362054 1025.68 429.68 36.82 32.82 0 0.361118 965.76 387.11 34.93 34.34 0 0.360827 655.67 513.40 41.63 31.49 0 0.360343 1141.77 547.10 34.21 44.64 0 0.355447 658.84 0.00 38.86 24.18 0 0.354326 949.64 354.52 41.90 29.58 0 0.353187 949.74 617.96 45.04 36.34 0 0.351832 1079.80 745.36 38.89 40.27 0 0.346474 1053.43 715.21 36.19 36.51 0 0.346311 1179.91 554.37 24.68 29.89 0 0.344644 701.20 708.76 47.08 45.12 0 0.341505 442.43 35.85 42.86 37.37 0 0.341078 655.22 659.99 39.70 34.75 0 0.340307 1155.86 572.05 28.69 30.61 0 0.336230 1014.61 875.22 44.19 41.37 0 0.328271 1029.84 836.99 43.31 35.46 0 0.328027 779.34 793.65 47.66 32.66 0 0.327440 1182.48 586.29 30.45 31.93 0 0.321305 434.22 39.41 47.27 51.19 0 0.320672 1241.61 629.67 31.98 33.24 0 0.319733 966.17 372.47 39.71 34.77 0 0.315427 1022.79 532.10 35.10 34.78 0 0.315209 512.40 97.03 45.24 44.02 0 0.309000 988.35 500.27 40.15 37.25 0 0.308307 1353.22 209.59 29.97 34.67 0 0.291752 1119.23 617.85 36.62 39.60 0 0.291032 700.37 0.00 45.00 34.34 0 0.289931 578.50 595.75 44.69 45.36 0 0.287667 818.38 856.62 48.50 37.25 0 0.283336 1193.34 689.57 36.13 37.01 0 0.282165 901.21 153.88 31.82 47.30 1 0.281448 439.77 43.18 54.33 52.32 0 0.280602 1170.94 545.51 30.15 33.05 0 0.279995 952.04 365.70 40.45 35.51 0 0.276646 1125.95 519.61 29.61 33.15 0 0.275807 880.26 872.92 32.57 32.77 0 0.270143 1171.83 383.74 36.33 49.97 0 0.270027 1023.78 887.42 48.82 43.94 0 0.268981 1135.56 540.10 33.08 39.55 0 0.266742 1011.54 154.58 45.11 51.08 0 0.264718 802.03 836.65 56.47 40.85 0 0.254926 866.91 410.08 39.01 34.79 0 0.254764 620.57 618.23 46.19 45.20 0
436,0.806036 693.73 671.34 165.65 82.98 0 0.739938 729.41 358.93 121.69 58.94 0 0.708386 255.13 430.29 138.56 64.02 0 0.658985 656.16 528.60 141.98 70.38 0 0.658822 570.70 369.60 117.70 67.70 0 0.657790 1194.44 947.89 187.24 124.78 0 0.650451 738.32 799.72 179.79 89.15 0 0.646191 1043.33 679.07 162.71 82.69 0 0.633720 1025.99 613.43 147.10 79.79 0 0.632804 498.53 603.29 162.07 81.56 0 0.624645 412.31 404.31 119.55 64.97 0 0.615263 105.53 440.18 150.85 69.90 0 0.613926 529.21 771.05 162.35 94.74 0 0.604875 1196.01 278.22 105.47 58.07 0 0.587846 1147.38 864.84 184.23 97.73 0 0.571192 1131.83 793.92 153.15 87.18 0 0.549683 0.00 466.14 56.61 59.71 0 0.546317 151.49 739.53 169.84 75.15 0 0.529390 100.14 946.57 218.42 106.49 0 0.510955 44.82 511.44 157.44 61.75 0 0.477898 141.18 691.19 182.36 73.60 0 0.475478 102.31 875.53 222.56 95.22 0 0.473187 124.48 809.13 194.67 86.05 0 0.472516 0.00 723.57 114.66 58.71 0 0.453319 658.41 490.30 118.11 57.82 0 0.425039 581.86 995.91 166.53 84.09 0 0.394627 1036.54 608.50 141.38 64.97 0 0.386489 139.06 794.11 181.72 77.52 0 0.368888 153.75 720.75 164.89 72.87 0 0.359886 89.04 444.37 148.79 76.60 0 0.321002 132.48 696.83 171.81 87.71 0 0.318809 1214.36 946.15 158.91 98.71 0 0.307695 0.00 758.03 119.54 106.56 0 0.280371 1029.58 655.51 165.46 86.72 0 0.272645 152.08 681.46 189.86 71.26 0 0.271670 0.00 789.85 107.69 88.29 1 0.254927 657.15 504.26 139.95 77.20 0
437,0.335525 624.43 612.21 24.35 23.28 0
438,0.695225 1746.06 461.50 129.26 45.98 0 0.688279 68.57 589.42 133.20 56.57 0 0.675240 1618.22 458.60 113.44 47.31 0 0.668242 6.08 454.60 107.80 52.13 0 0.666544 239.84 452.38 113.83 56.75 0 0.666176 1474.85 458.20 110.86 46.55 0 0.659105 218.93 586.66 133.38 58.57 0 0.655584 1223.32 523.48 120.79 48.89 0 0.644581 1342.12 455.59 110.17 47.26 0 0.613536 1232.37 731.73 57.05 36.14 3 0.594056 162.74 361.26 52.87 37.98 0 0.569980 1700.22 741.46 51.83 47.57 3 0.553508 1525.44 609.29 162.54 74.79 1 0.539790 5.57 357.26 64.77 38.13 0 0.538936 602.33 849.05 32.22 58.17 3 0.538739 622.75 379.08 34.87 18.99 3 0.530426 483.53 964.26 97.60 107.79 0 0.494228 212.31 256.54 52.26 32.39 0 0.461517 1766.00 745.57 37.66 47.99 3 0.413009 611.75 423.18 36.18 22.01 3 0.373371 31.82 256.44 41.82 31.40 0 0.360540 78.09 256.53 36.41 35.54 0 0.358920 1231.34 740.26 57.05 33.43 3 0.345867 121.86 255.68 41.65 36.50 0 0.338070 957.28 5.82 22.58 25.93 0 0.330043 1593.48 771.42 58.26 49.22 3 0.329290 906.75 15.07 25.14 27.38 0 0.317382 73.73 261.40 42.11 33.86 0 0.307826 53.30 359.06 51.56 33.48 0 0.294124 23.58 255.21 42.94 32.46 0 0.279640 1239.19 457.19 36.43 26.94 3 0.278754 877.21 23.77 25.90 32.86 0 0.277841 476.57 590.98 29.55 22.32 3 0.277113 605.86 420.47 33.72 23.08 3 0.274413 872.84 25.50 25.76 29.53 0 0.254062 1557.95 608.61 128.71 58.96 1
439,0.603235 1791.88 730.53 72.46 32.58 0 0.570829 1073.85 723.31 61.15 30.61 0 0.435305 1401.52 731.98 57.29 26.65 0 0.423032 853.23 994.52 41.56 25.27 0 0.373265 869.56 995.44 54.52 27.29 0 0.357151 832.23 996.42 48.11 26.79 0 0.354987 377.44 656.00 44.76 21.14 0 0.352301 636.81 804.25 46.77 37.06 0 0.327588 893.79 998.83 57.56 27.89 0 0.269506 627.84 803.38 40.16 37.45 0 0.267105 640.65 811.15 45.89 37.54 0 0.261486 352.76 654.60 38.23 21.52 0 0.257316 560.87 313.78 26.94 36.29 0
440,0.680272 661.13 824.08 67.47 33.33 0 0.670469 848.89 874.27 70.30 35.58 0 0.604894 602.75 1013.48 82.25 41.46 0 0.592190 964.22 1027.66 83.94 44.09 0 0.567754 196.32 879.68 66.91 32.16 0 0.557027 206.36 581.15 38.99 50.96 0 0.531183 19.94 590.43 24.59 40.45 0 0.527389 233.51 585.99 35.89 50.21 0 0.496754 361.07 590.01 36.74 48.48 0 0.490408 1265.10 651.20 32.98 52.16 0 0.469922 0.13 588.22 22.24 42.29 0 0.460761 396.64 616.58 43.70 43.70 0 0.377517 1249.66 716.29 30.63 47.30 0 0.338103 193.06 885.08 67.73 30.65 0 0.327300 1276.82 713.66 31.56 50.26 0 0.327082 365.14 586.26 38.05 48.85 0 0.267671 709.09 630.82 42.64 37.10 0
441,0.550972 758.21 448.42 230.66 94.51 0 0.549028 0.00 437.03 261.72 108.65 0 0.398529 481.98 467.86 236.42 85.15 0
442,0.651000 120.65 656.45 32.03 55.45 0 0.644717 845.83 418.47 25.54 45.69 0 0.607461 43.28 656.33 35.09 59.08 0 0.589114 792.60 425.43 26.28 43.39 0 0.585995 799.92 511.58 64.06 32.27 0 0.574051 154.55 656.97 35.03 55.21 0 0.567487 538.92 546.46 53.56 26.94 0 0.563800 670.24 313.75 25.02 31.98 0 0.559477 573.28 310.21 26.86 35.78 0 0.555845 0.00 668.88 28.92 55.57 0 0.540842 572.84 304.12 30.77 38.95 0 0.538121 818.92 420.84 25.77 45.50 0 0.533784 605.53 359.14 20.57 38.55 0 0.531619 352.85 703.10 52.70 25.47 0 0.520374 640.04 415.10 34.93 49.59 0 0.458219 640.88 425.99 33.35 43.80 0 0.444247 1098.78 440.12 38.47 28.96 0 0.439818 700.35 307.70 25.33 36.98 0 0.437762 280.67 221.88 32.63 29.72 0 0.424826 601.31 418.38 36.35 43.86 0 0.374952 447.46 296.63 47.87 22.80 0 0.362463 705.73 698.55 52.93 27.77 0 0.357340 634.42 269.92 43.29 27.70 0 0.356835 1119.12 446.71 36.82 29.64 0 0.343426 893.66 434.44 22.97 30.46 0 0.342381 938.66 782.74 21.05 30.36 0 0.337564 0.53 661.34 32.22 58.23 0 0.313953 465.53 296.69 43.84 22.80 0 0.304053 871.20 428.37 21.53 36.60 0 0.299255 1052.78 604.09 25.84 29.45 0 0.287771 669.30 307.21 29.43 36.55 0 0.287375 52.37 656.34 37.68 57.36 0 0.276506 526.05 296.16 37.01 27.16 0 0.268825 1441.49 11.42 55.01 31.39 0 0.262933 383.34 663.44 36.31 23.82 0 0.262251 603.37 409.96 40.89 51.04 0 0.256522 1516.31 129.67 27.20 35.98 0
443,0.748174 1242.47 529.19 74.47 35.39 1 0.342564 1369.06 568.79 23.76 11.69 0
444,0.690464 559.45 891.70 66.92 39.12 0 0.669864 476.96 869.35 65.78 37.84 0 0.665084 740.41 341.52 59.90 33.89 0 0.661080 747.98 869.18 63.83 37.73 0 0.653050 579.51 551.71 60.18 32.39 0 0.652508 823.21 652.91 66.19 37.44 0 0.639271 805.37 1009.89 66.57 37.88 0 0.636153 543.53 934.53 67.59 36.77 0 0.634504 694.21 508.88 64.65 35.78 0 0.634081 600.20 747.54 66.95 36.43 0 0.629935 633.96 423.09 58.12 33.26 0 0.628534 560.81 654.63 58.97 38.61 0 0.627952 727.51 410.49 50.78 29.93 0 0.617943 580.04 822.16 64.52 37.45 0 0.617202 679.76 578.06 57.68 35.06 0 0.617164 685.27 546.10 67.13 33.99 0 0.608593 758.94 829.94 67.29 37.81 0 0.605695 742.33 911.02 65.60 36.95 0 0.603090 894.79 457.31 57.97 30.22 0 0.602231 816.67 159.44 83.27 36.13 1 0.599583 768.68 795.20 62.65 36.11 0 0.595748 831.15 969.24 62.03 39.01 0 0.594653 864.91 521.52 61.58 34.42 0 0.594557 849.85 554.00 64.16 38.19 0 0.589174 611.26 491.23 61.75 38.28 0 0.581218 639.65 388.14 59.82 33.82 0 0.579735 633.34 685.59 63.35 35.10 0 0.578981 799.40 725.09 63.97 37.20 0 0.576610 597.00 515.78 64.76 36.64 0 0.573695 731.13 947.04 68.48 39.17 0 0.572966 649.03 647.60 62.79 32.20 0 0.571987 530.10 693.05 59.82 32.87 0 0.564278 719.96 983.07 66.61 39.38 0 0.560845 843.18 588.40 65.44 37.15 0 0.558169 655.76 603.68 61.65 38.35 0 0.556040 632.59 456.70 56.78 32.18 0 0.555047 617.80 713.19 69.09 35.72 0 0.552364 479.07 831.33 65.60 35.96 0 0.551981 711.25 446.33 59.67 32.46 0 0.551672 1122.72 551.99 66.17 39.03 0 0.550711 525.78 725.00 62.42 36.79 0 0.550463 881.35 486.60 55.65 34.64 0 0.545648 442.95 942.38 67.10 37.91 0 0.543388 588.93 786.44 70.98 36.03 0 0.539359 532.61 969.04 65.68 38.43 0 0.537475 1242.96 481.93 59.73 30.22 0 0.529983 790.88 765.51 63.58 33.93 0 0.527979 900.92 424.27 63.63 32.75 0 0.527321 1141.64 490.65 65.80 35.58 0 0.513920 659.37 360.15 58.98 30.86 0 0.512007 812.17 690.85 61.95 36.87 0 0.503124 577.53 588.40 62.01 35.45 0 0.496662 1145.15 486.66 61.78 33.22 0 0.495548 627.43 419.11 61.55 34.19 0 0.484706 568.90 626.15 59.33 32.22 0 0.474412 737.86 377.61 59.66 30.63 0 0.466823 572.32 848.37 66.74 38.00 0 0.460795 1143.66 448.12 61.37 32.84 0 0.458900 1145.37 454.64 64.66 34.49 0 0.454637 484.42 835.28 65.93 36.13 0 0.441737 707.27 1013.74 64.26 42.45 0 0.431265 722.89 969.75 71.42 40.69 0 0.415883 641.24 639.66 68.69 34.21 0 0.412387 901.69 430.18 61.50 32.16 0 0.394235 896.12 445.32 60.09 33.61 0 0.391959 781.88 1043.72 66.98 35.80 0 0.385605 536.69 975.47 63.32 37.63 0 0.377418 719.90 1023.44 59.26 39.45 0 0.370198 654.76 355.99 54.38 30.81 0 0.358241 340.50 0.00 57.53 41.81 0 0.355545 1239.84 476.76 60.89 30.01 0 0.352740 687.81 501.47 59.35 31.22 0 0.351046 858.87 525.03 65.33 39.21 0 0.342009 804.88 1002.74 71.25 36.12 0 0.336951 613.15 717.88 66.87 36.76 0 0.332928 661.99 352.23 54.99 32.42 0 0.325124 578.64 600.10 62.81 32.46 0 0.314560 582.60 546.66 64.42 35.28 0 0.311102 572.01 609.12 63.03 34.95 0 0.310620 780.11 781.66 68.07 34.91 0 0.307861 842.06 595.42 66.26 36.20 0 0.304424 405.30 709.97 29.09 20.30 3 0.302100 1186.17 1029.10 58.25 32.87 0 0.300815 873.15 509.76 57.94 37.76 0 0.294987 634.72 102.79 33.44 21.21 3 0.294118 1136.74 498.87 64.33 35.98 0 0.290969 760.75 1036.77 53.04 39.32 0 0.290338 564.76 864.04 69.67 36.88 0 0.283691 626.81 703.95 65.16 39.18 0 0.274059 793.04 1053.07 67.68 26.93 0 0.272933 853.77 544.55 68.58 36.31 0 0.271020 633.04 440.68 58.13 36.46 0 0.263784 753.34 826.65 63.00 34.37 0 0.257230 639.21 92.12 29.11 22.20 3
445,0.547382 5.05 432.26 98.60 46.48 0 0.540651 604.91 421.66 126.83 48.97 0 0.539084 862.06 434.01 98.56 48.86 0 0.453210 863.00 423.29 97.57 48.59 0 0.342495 478.32 319.09 47.24 23.26 0 0.276129 7.68 442.03 96.55 41.76 0 0.251590 324.14 544.12 51.66 29.80 0
446,0.680793 948.33 1003.76 60.15 66.27 0 0.653763 974.23 733.03 66.05 66.50 0 0.637706 415.79 671.22 59.19 63.94 0 0.620763 1019.75 760.05 59.04 66.49 0 0.618921 680.94 754.09 59.15 73.54 0 0.612526 802.90 882.09 69.34 70.41 0 0.608411 903.24 964.72 66.61 71.06 0 0.605759 816.02 212.42 62.16 63.95 0 0.605384 534.21 793.05 69.12 67.99 0 0.595107 640.06 732.39 64.73 62.74 0 0.590667 877.70 938.90 65.18 65.44 0 0.590376 677.53 905.75 63.50 76.18 0 0.589422 682.14 488.51 68.16 69.41 0 0.587531 452.88 569.28 58.15 60.82 0 0.584691 815.02 1016.60 63.01 61.80 0 0.584647 776.46 845.24 53.65 60.10 0 0.582026 1142.17 760.10 65.74 58.08 0 0.580990 1153.35 731.70 56.10 55.20 0 0.577295 1128.75 689.84 49.80 57.01 0 0.572357 1168.96 777.37 63.46 66.41 0 0.572238 986.14 1019.92 61.57 60.08 0 0.571870 660.34 461.07 55.82 57.04 0 0.569283 844.18 905.47 61.60 62.41 0 0.568220 880.08 648.73 63.80 63.17 0 0.564541 1087.27 817.94 57.02 58.88 0 0.564154 688.09 923.83 85.11 84.78 0 0.563277 546.49 643.27 64.21 68.66 0 0.559683 708.23 783.75 66.71 69.54 0 0.559655 1045.90 796.78 63.31 62.02 0 0.555653 742.07 805.30 66.24 76.85 0 0.555475 759.46 175.39 52.33 50.69 0 0.549759 782.49 564.66 62.82 74.60 0 0.549461 392.11 512.74 58.33 59.97 0 0.547783 487.40 715.89 64.39 61.91 0 0.543079 729.46 152.40 54.10 52.76 0 0.540336 1119.59 844.52 63.34 64.15 0 0.526885 418.41 534.60 55.81 62.34 0 0.525658 644.96 856.98 69.01 67.24 0 0.523775 850.24 621.50 57.27 57.80 0 0.520058 578.39 662.94 60.98 70.54 0 0.513296 795.66 78.56 58.28 56.81 0 0.510939 487.73 592.55 62.17 66.53 0 0.509000 616.56 696.79 62.11 60.03 0 0.504441 909.69 955.78 64.44 70.83 0 0.503966 511.71 753.52 60.17 60.39 0 0.501793 385.95 517.37 54.14 59.06 0 0.501638 811.33 597.62 65.13 63.42 0 0.495045 730.02 806.97 68.49 73.57 0 0.493403 943.41 708.75 54.82 61.91 0 0.491776 1078.53 827.36 61.02 60.65 0 0.490999 908.00 683.41 58.88 59.78 0 0.489695 553.86 802.03 68.32 70.95 0 0.488985 612.05 834.15 65.45 63.96 0 0.484122 824.89 209.05 58.78 56.47 0 0.481922 571.24 375.84 56.19 61.44 0 0.476163 597.14 408.95 60.65 60.26 0 0.475321 1109.36 854.72 63.01 69.05 0 0.473344 347.56 615.42 63.05 66.12 0 0.470144 815.56 590.95 63.34 60.18 0 0.466504 389.86 645.63 53.81 61.96 0 0.465693 567.97 809.27 65.27 69.15 0 0.461598 717.10 510.83 61.43 61.90 0 0.460659 1166.21 791.89 61.14 52.55 0 0.458954 646.04 724.54 62.11 61.01 0 0.456323 464.83 692.90 57.11 59.62 0 0.449949 590.54 654.61 59.09 64.00 0 0.448574 949.81 984.15 61.56 63.94 0 0.445029 926.51 704.26 60.15 61.80 0 0.443005 563.90 659.63 66.81 64.24 0 0.442570 762.59 166.91 59.82 53.55 0 0.437278 627.35 432.46 60.59 61.24 0 0.431551 810.64 868.48 67.68 63.84 0 0.424813 676.18 482.00 60.77 63.91 0 0.424636 1187.51 772.69 56.02 54.35 0 0.421684 897.27 951.43 66.68 74.07 0 0.419076 741.05 151.47 52.91 53.26 0 0.417155 692.23 767.60 64.63 68.73 0 0.414205 556.47 633.25 63.37 62.34 0 0.413427 402.67 674.63 66.44 71.83 0 0.413362 412.45 524.83 60.88 61.37 0 0.411168 608.92 414.16 57.95 65.54 0 0.411025 607.29 405.54 52.89 58.07 0 0.401100 429.03 521.98 66.35 56.96 0 0.396630 878.12 922.48 63.18 64.74 0 0.396462 909.52 693.68 61.39 59.08 0 0.395472 475.04 721.14 64.86 69.96 0 0.393891 382.99 634.02 59.57 60.02 0 0.388305 752.51 799.81 60.61 68.41 0 0.388118 372.05 640.65 64.04 53.59 0 0.387233 693.95 504.72 67.42 64.45 0 0.387080 854.50 1031.39 54.74 48.61 0 0.381345 895.61 666.47 55.45 56.69 0 0.366849 618.62 686.19 61.99 61.51 0 0.365585 1062.44 802.36 56.27 62.36 0 0.360110 933.90 717.10 61.34 59.39 0 0.359821 769.68 158.89 57.05 52.14 0 0.357063 451.66 695.19 61.25 65.43 0 0.352755 582.21 801.54 64.45 67.84 0 0.352513 1115.94 698.65 64.54 73.67 0 0.348555 852.76 626.87 60.82 66.51 0 0.345620 501.30 764.97 65.43 65.91 0 0.343145 15.55 538.81 42.06 41.41 3 0.342548 969.28 726.35 56.19 65.96 0 0.336850 765.35 849.48 63.43 70.39 0 0.334147 634.53 716.21 60.75 64.45 0 0.333825 441.19 517.69 60.48 58.86 0 0.332377 825.46 601.46 63.32 61.39 0 0.329345 768.77 177.07 52.20 52.85 0 0.328995 465.71 684.47 59.82 59.36 0 0.318668 213.87 343.69 57.44 60.81 1 0.316846 808.67 1024.45 75.77 55.55 0 0.305233 479.46 706.90 62.37 61.64 0 0.302943 631.41 420.29 59.45 62.71 0 0.302171 449.57 689.23 55.11 59.34 0 0.295716 565.46 631.04 58.78 55.43 0 0.294942 843.73 629.61 61.27 59.71 0 0.291611 837.29 608.95 61.83 61.39 0 0.280381 795.83 864.62 62.33 64.33 0 0.280292 952.68 702.28 49.54 58.51 0 0.278355 852.24 910.95 61.52 65.56 0 0.278032 601.04 819.43 64.12 67.16 0 0.276133 829.04 1030.41 76.06 49.59 0 0.274044 475.07 587.51 63.33 63.20 0 0.268443 1156.51 766.18 65.32 61.98 0 0.266113 882.68 951.65 71.14 70.48 0 0.260998 603.26 394.86 55.47 60.98 0 0.256543 675.65 498.75 66.41 58.95 0
447,
448,0.691462 804.16 711.85 32.68 62.72 0 0.671231 36.98 440.33 36.21 61.29 0 0.631241 38.28 519.95 33.77 61.29 0 0.628776 71.05 519.86 32.91 58.57 0 0.627753 73.98 910.66 36.43 64.21 0 0.604412 811.40 549.18 33.69 65.84 0 0.602024 804.84 784.74 31.44 63.82 0 0.580008 41.76 917.10 33.00 63.23 0 0.577896 40.73 689.55 36.92 56.41 0 0.552638 3.04 519.92 32.43 54.79 0 0.546156 802.46 945.23 33.89 67.57 0 0.533515 819.04 400.84 27.53 53.46 0 0.512957 76.42 999.93 35.69 60.42 0 0.494621 802.79 859.91 30.33 64.46 0 0.491694 2.17 682.47 35.24 60.51 0 0.488495 707.63 175.67 51.16 24.31 0 0.461169 705.20 270.64 53.22 28.63 0 0.446971 2.81 444.55 29.42 56.71 0 0.442790 267.10 546.90 31.57 67.15 1 0.437318 704.98 209.48 46.53 25.75 0 0.403530 837.19 550.92 34.69 62.25 0 0.403108 703.46 234.07 44.11 27.82 0 0.400511 824.26 227.38 28.53 59.34 0 0.394771 827.26 220.46 28.71 61.05 0 0.386989 271.01 534.28 34.20 74.28 1 0.288708 29.20 447.05 36.59 55.79 0 0.259273 8.57 692.20 39.39 56.57 0
449,0.875557 851.63 403.66 51.27 83.63 1 0.673752 107.83 587.28 144.00 69.37 0 0.650100 1642.04 572.53 140.81 56.72 0 0.614126 571.70 512.54 45.64 31.42 3 0.605157 1746.86 825.95 173.14 96.15 1 0.602886 1483.71 570.08 131.70 58.44 0 0.582980 90.14 291.29 61.54 38.74 0 0.578150 1812.90 566.32 104.30 65.32 0 0.576497 63.84 812.28 180.50 78.14 0 0.561937 604.41 399.24 49.45 28.86 3 0.507906 0.00 822.29 57.59 71.40 0 0.485545 24.73 443.37 73.79 46.98 0 0.464104 0.25 294.91 29.60 34.93 0 0.449868 784.88 437.35 22.94 39.92 3 0.425468 591.35 449.56 43.93 26.78 3 0.412907 592.65 460.70 43.51 24.91 3 0.392007 8.44 289.26 42.90 37.18 0 0.386391 158.21 89.95 33.70 14.94 0 0.293099 517.82 1037.76 32.29 42.24 2 0.250286 1773.02 937.97 25.04 40.08 2
450,0.711396 553.19 552.48 70.68 46.11 1 0.391754 194.33 568.15 20.94 13.92 0 0.388116 213.39 568.93 20.54 16.35 0 0.363598 653.21 548.65 21.98 15.52 0 0.356262 124.96 523.54 13.81 12.90 0 0.301225 672.38 548.19 23.09 14.14 0 0.259525 380.54 548.32 26.32 13.66 0
451,0.504218 1128.18 837.13 68.24 35.70 0 0.440896 1447.01 1011.98 55.95 27.50 0 0.374479 1550.60 716.89 62.70 28.28 0 0.371875 1163.95 713.48 53.74 25.71 0 0.367560 998.49 90.12 47.13 18.88 0 0.363277 999.81 67.04 44.53 18.13 0 0.348591 1576.69 777.47 29.11 24.41 0 0.318425 1849.07 696.74 62.18 33.25 0 0.305434 1027.57 249.67 38.18 17.67 0 0.296289 1000.71 36.74 39.64 19.47 0 0.277938 1738.52 798.83 33.32 24.55 0 0.276788 1494.02 809.66 24.06 38.53 0 0.269289 1527.63 1024.31 25.28 25.76 0 0.257194 918.13 347.00 24.48 38.15 0
452,0.638489 1337.95 748.12 62.40 30.52 0 0.605290 1828.98 751.98 64.60 32.92 0 0.584052 108.92 824.95 63.89 29.11 0 0.557036 1087.36 748.14 64.15 30.30 0 0.538431 678.69 748.29 62.11 31.29 0 0.473079 100.88 1020.12 53.30 31.57 0 0.422185 366.62 744.06 58.31 27.59 0 0.349401 44.78 1017.37 52.17 28.98 0 0.326131 24.90 1015.11 57.47 31.81 0 0.314943 98.81 1029.31 54.44 32.75 0 0.253038 0.00 226.27 19.04 22.27 0
453,0.627673 1250.71 535.22 67.66 31.36 1 0.333918 1371.79 567.21 26.24 14.46 0 0.298820 1835.10 1049.49 56.10 28.65 0 0.259622 1029.92 446.47 19.90 13.20 0
454,0.489997 970.29 546.24 47.44 46.95 0 0.460913 1315.60 682.94 57.08 47.52 1 0.456896 1491.28 486.49 25.91 32.67 0 0.419048 1141.54 533.80 46.61 33.45 0 0.408899 1210.25 862.43 52.06 46.75 0 0.408226 929.89 498.80 44.13 43.88 0 0.406134 925.89 498.03 40.32 37.87 0 0.405834 1321.01 686.40 59.80 51.35 1 0.365614 1548.78 840.04 49.60 43.90 0 0.363768 938.28 513.24 44.85 41.64 0 0.357495 1622.14 899.34 46.04 43.03 0 0.340985 950.70 523.35 44.09 42.07 0 0.324901 875.83 439.91 41.38 41.30 0 0.311185 983.29 551.63 46.51 47.77 0 0.310161 835.19 385.24 42.22 45.23 0 0.308306 1419.31 467.08 44.18 37.26 0 0.306551 841.45 394.01 42.32 46.50 0 0.291704 1635.01 903.87 50.52 46.33 0 0.278749 886.40 448.78 37.32 38.13 0 0.278742 802.20 338.25 41.28 45.13 0 0.256175 1533.89 829.88 56.27 49.90 0 0.255022 1222.10 594.14 40.78 35.98 0
455,0.704667 593.62 649.03 64.87 39.64 0 0.703112 727.52 532.73 60.56 34.82 0 0.702449 634.56 776.48 63.17 38.27 0 0.682648 631.82 510.08 59.08 36.35 0 0.681324 903.59 516.94 61.74 35.66 0 0.678326 1188.69 487.65 64.67 33.49 0 0.663506 596.32 888.54 65.66 37.43 0 0.662058 643.58 744.58 61.32 33.32 0 0.659532 794.01 863.96 65.38 39.74 0 0.648667 782.88 909.86 69.60 37.17 0 0.648565 520.23 823.93 63.91 36.00 0 0.647509 673.11 412.20 56.18 36.09 0 0.638975 619.69 582.78 61.19 33.26 0 0.637203 781.55 364.49 58.13 33.27 0 0.630958 620.19 818.61 64.22 33.32 0 0.630229 885.11 582.64 65.67 38.55 0 0.621546 512.12 865.16 65.35 36.35 0 0.618999 837.15 721.74 62.08 37.20 0 0.614021 620.00 547.88 60.30 31.89 0 0.612474 808.19 793.43 64.67 35.79 0 0.608604 800.07 824.94 66.63 38.78 0 0.606650 864.28 648.99 67.05 37.83 0 0.606377 568.60 680.88 64.15 38.66 0 0.605751 700.51 348.45 61.02 34.21 0 0.604769 871.66 963.47 57.63 40.68 0 0.601270 1164.71 546.22 67.09 38.64 0 0.601072 752.18 436.78 62.12 33.51 0 0.599384 606.52 850.66 64.81 35.94 0 0.597552 702.00 601.33 61.41 34.94 0 0.593734 756.38 977.63 69.02 39.71 0 0.591922 680.86 672.86 62.65 35.35 0 0.590025 1187.53 444.13 65.45 33.05 0 0.584716 830.43 753.75 63.32 37.15 0 0.584600 476.03 934.78 71.34 42.25 0 0.583232 564.13 721.82 63.17 35.25 0 0.582550 768.73 940.13 71.29 39.90 0 0.580824 583.77 926.80 68.30 37.83 0 0.572133 849.94 682.63 63.68 41.02 0 0.564119 784.40 899.14 68.96 40.12 0 0.563699 858.40 148.85 84.23 37.71 1 0.556844 712.84 571.03 65.30 34.58 0 0.556298 764.65 403.79 57.77 30.68 0 0.553231 661.58 710.07 66.92 37.60 0 0.551934 613.07 616.11 58.54 31.93 0 0.551267 730.46 498.57 59.28 31.77 0 0.549614 946.15 420.05 60.73 32.18 0 0.543849 923.43 480.02 56.66 30.64 0 0.539077 681.53 638.91 69.65 36.36 0 0.537287 1283.67 471.16 57.74 30.78 0 0.524402 936.79 446.45 59.01 33.99 0 0.520905 568.26 963.54 69.05 39.57 0 0.514074 658.17 480.36 57.56 31.46 0 0.508798 732.60 505.55 66.37 33.62 0 0.506641 740.59 1013.55 71.46 40.31 0 0.492836 895.14 551.38 65.32 36.26 0 0.489806 839.84 1006.63 64.11 37.00 0 0.489312 829.92 1040.38 67.92 37.62 0 0.487492 668.59 449.69 61.32 32.49 0 0.469580 640.68 738.17 65.26 32.86 0 0.469527 786.12 340.68 59.92 30.50 0 0.459059 618.73 578.47 59.15 32.05 0 0.456933 688.61 602.59 70.00 35.71 0 0.448052 936.28 454.73 57.75 31.14 0 0.447963 630.47 794.13 65.92 34.78 0 0.447012 685.17 380.42 57.68 31.79 0 0.444029 1289.48 479.86 59.32 30.12 0 0.434774 678.82 88.34 25.88 19.29 3 0.434346 555.53 708.96 58.82 35.15 0 0.428022 632.67 784.35 66.68 35.85 0 0.424813 941.70 417.08 57.82 32.23 0 0.416670 592.89 879.15 67.58 35.96 0 0.408181 614.83 606.85 58.73 35.65 0 0.407430 747.93 1019.65 68.61 42.24 0 0.399727 892.06 545.88 63.95 34.18 0 0.375158 594.12 637.58 68.56 39.12 0 0.360183 746.41 434.77 61.67 31.06 0 0.353108 579.45 933.08 69.77 40.83 0 0.351882 1232.62 1030.41 61.29 32.91 0 0.344315 801.48 835.26 63.73 42.37 0 0.344297 812.54 782.69 72.00 36.87 0 0.338314 648.11 484.59 55.89 33.71 0 0.334478 825.15 759.17 70.70 38.06 0 0.333293 704.68 573.81 67.52 38.06 0 0.331124 842.41 702.99 65.58 41.36 0 0.316666 822.42 751.36 63.57 36.29 0 0.299921 791.54 857.99 64.94 37.45 0 0.296633 1226.03 993.90 62.23 32.15 0 0.288185 779.85 332.37 51.68 29.25 0 0.285546 511.01 859.43 68.69 35.25 0 0.267811 817.90 1040.55 64.39 37.19 0 0.261285 946.44 434.57 56.36 34.49 0 0.256450 672.44 388.62 56.90 34.75 0 0.254794 687.45 369.15 64.02 36.22 0
456,0.721256 865.68 482.41 24.81 42.74 0 0.712466 714.74 581.11 32.39 49.25 0 0.710758 480.74 865.24 32.80 57.80 0 0.706978 839.38 486.81 24.90 41.32 0 0.702763 503.70 634.88 32.12 54.09 0 0.702445 841.49 677.68 31.24 50.85 0 0.690642 885.60 531.16 29.24 47.72 0 0.687110 531.10 764.76 31.33 55.89 0 0.685948 913.03 523.77 29.35 46.42 0 0.682965 719.02 713.71 34.02 56.85 0 0.682203 592.23 743.02 33.44 52.72 0 0.678693 445.56 650.29 31.41 51.79 0 0.670115 697.76 521.55 25.44 40.55 0 0.665583 623.84 735.24 33.32 56.29 0 0.652013 902.88 663.79 30.05 48.22 0 0.651012 689.75 721.14 32.26 53.16 0 0.650231 1003.43 848.75 34.18 62.43 0 0.649996 495.95 776.95 36.21 59.98 0 0.648821 627.58 608.41 29.68 48.47 0 0.647825 808.41 687.35 35.29 54.69 0 0.643122 596.78 608.69 31.93 50.48 0 0.642729 810.03 491.42 24.34 39.43 0 0.642069 475.26 644.03 34.05 53.16 0 0.640648 399.60 801.50 31.52 52.94 0 0.639434 552.58 558.63 30.25 42.95 0 0.637921 406.60 872.85 32.71 59.08 0 0.637312 744.14 573.03 30.97 53.89 0 0.618165 566.83 618.43 28.52 49.89 0 0.611214 379.32 667.80 33.45 54.18 0 0.603260 410.23 659.98 32.20 58.40 0 0.600939 467.74 786.82 31.24 53.90 0 0.598413 533.94 626.69 29.12 53.49 0 0.593812 564.42 749.36 30.55 51.93 0 0.588910 929.81 656.84 32.69 53.10 0 0.584671 435.42 796.46 28.34 51.54 0 0.582790 859.56 539.25 22.99 45.38 0 0.569587 1035.39 840.52 33.46 62.33 0 0.565008 686.63 585.62 31.06 46.77 0 0.564552 580.82 552.68 26.94 44.01 0 0.562036 612.97 550.59 29.54 42.77 0 0.558505 654.72 726.54 30.67 57.16 0 0.553396 941.97 868.04 32.14 62.89 0 0.543780 668.45 532.18 27.36 41.65 0 0.542594 432.61 592.38 30.11 50.37 0 0.542247 443.33 864.25 29.79 58.91 0 0.540426 1288.96 203.58 54.03 28.03 0 0.534368 1700.33 439.37 44.49 41.27 0 0.533582 1601.56 544.28 41.66 49.14 0 0.533385 771.62 562.83 32.72 52.12 0 0.530990 726.98 511.73 26.53 45.28 0 0.530139 1499.92 377.71 38.99 48.71 0 0.523598 1068.13 923.87 33.05 60.07 0 0.520203 1640.15 605.17 39.47 47.53 0 0.518937 462.73 583.17 29.08 50.09 0 0.512271 1569.06 487.78 36.92 51.00 0 0.505139 649.36 601.36 29.88 44.08 0 0.502168 829.49 546.08 25.67 46.38 0 0.499025 1305.59 235.63 51.22 27.73 0 0.489873 1440.50 286.43 33.45 43.35 0 0.480807 944.84 871.51 34.61 64.59 0 0.477069 779.08 692.19 32.24 53.65 0 0.472680 371.20 602.82 32.30 49.30 0 0.457867 784.82 508.07 25.83 39.38 0 0.454636 1176.48 9.36 46.52 22.41 0 0.444919 639.69 548.04 26.60 42.42 0 0.439069 1388.73 194.50 26.65 40.64 0 0.425686 1563.93 483.59 37.86 52.93 0 0.407949 1281.42 185.17 49.56 24.63 0 0.407037 1007.78 857.40 32.38 60.16 0 0.403881 531.21 493.28 13.23 17.33 3 0.377300 746.04 509.05 28.20 44.37 0 0.372189 668.73 542.34 27.45 42.39 0 0.336918 339.65 537.15 19.79 25.14 3 0.335407 1081.99 478.06 29.52 63.55 1 0.330721 864.99 671.67 32.47 49.49 0 0.327563 1073.31 932.74 32.96 57.48 0 0.326602 876.21 669.23 28.81 48.65 0 0.323303 1705.53 443.49 43.37 41.72 0 0.322031 928.02 1049.16 47.92 25.47 0 0.301793 671.46 588.82 35.15 47.11 0 0.296847 959.10 168.11 30.76 38.42 0 0.294446 659.59 599.02 27.93 45.31 0 0.293693 883.40 663.24 34.03 49.91 0 0.285574 1523.16 380.51 33.85 41.32 0 0.284254 956.94 159.66 32.37 36.80 0 0.277701 484.93 496.02 11.09 16.33 3 0.274921 787.49 518.11 26.52 37.06 0 0.270421 458.44 790.87 33.26 52.11 0 0.269090 511.17 494.38 10.29 16.65 3 0.265666 757.24 510.47 28.18 41.13 0 0.261548 1604.55 550.41 43.08 46.46 0 0.253861 907.58 527.35 30.00 54.50 0 0.252773 537.85 624.99 28.96 50.56 0
457,0.636934 812.62 213.63 30.37 39.55 0 0.544381 860.50 347.77 29.16 38.59 0 0.470620 792.25 205.60 28.43 30.58 0 0.449189 879.89 446.69 32.97 41.04 0 0.419906 860.37 354.44 28.80 40.79 0 0.330692 830.39 265.41 24.45 33.13 0 0.312775 825.51 263.62 24.61 36.22 0 0.267101 853.58 313.25 25.49 29.20 0 0.260477 845.27 306.28 24.61 29.67 0
458,0.683626 666.98 100.02 54.23 71.79 0 0.603146 633.54 255.82 57.68 82.72 0 0.404932 654.73 192.78 43.05 61.01 0 0.338789 509.35 703.95 87.03 106.67 0 0.328004 538.42 632.06 74.17 55.77 3 0.303855 615.33 255.56 68.38 87.35 0 0.300534 985.43 164.10 25.15 35.34 3 0.287033 689.93 63.33 37.92 32.42 3 0.256075 546.37 593.22 75.93 54.31 3
459,0.709527 1842.08 123.15 25.81 38.46 0 0.693616 1588.58 166.07 27.89 43.82 0 0.644441 1649.74 128.31 26.12 33.13 0 0.638785 960.44 311.80 21.50 40.66 0 0.629345 1820.93 124.55 24.45 36.33 0 0.622814 1757.52 47.99 20.39 36.77 0 0.621051 1589.19 50.60 23.57 36.26 0 0.595671 1541.35 167.38 26.44 40.29 0 0.593703 1746.82 124.34 26.88 37.22 0 0.592435 1660.30 49.20 22.62 35.82 0 0.580812 1674.46 126.76 24.07 33.61 0 0.580362 1214.92 776.43 44.93 23.65 0 0.576777 1709.99 48.14 20.73 36.19 0 0.575682 1686.60 48.86 20.68 35.91 0 0.572389 1793.13 126.21 25.27 37.23 0 0.563066 1624.24 132.43 27.90 32.91 0 0.559702 1778.53 49.72 19.16 35.24 0 0.556092 1633.94 161.41 29.47 40.96 0 0.554273 1517.57 48.29 25.82 37.68 0 0.552179 966.42 124.11 19.97 39.92 0 0.551485 1044.37 301.35 38.63 22.87 0 0.542098 1566.39 167.08 25.12 42.10 0 0.540674 1576.65 131.23 25.34 35.93 0 0.538603 1754.70 166.68 26.20 38.08 0 0.535213 1055.51 989.45 67.93 38.50 0 0.535057 941.12 969.95 32.68 68.81 0 0.534525 949.10 656.05 30.54 54.17 0 0.532151 1681.13 169.57 26.71 38.94 0 0.531738 1770.67 123.67 24.75 36.37 0 0.529555 1799.17 48.37 20.42 34.56 0 0.521569 1039.70 793.63 64.99 34.52 0 0.514779 1554.07 50.32 23.04 36.31 0 0.513394 1701.21 169.02 27.38 38.06 0 0.512461 1791.21 169.02 25.26 36.94 0 0.502821 1731.51 45.89 19.64 36.38 0 0.502729 1504.14 131.43 27.50 35.26 0 0.494319 1660.67 165.02 27.49 40.24 0 0.492652 1846.69 47.24 21.04 33.96 0 0.490892 1527.48 132.65 26.77 33.64 0 0.490584 1035.11 618.33 53.77 26.10 0 0.489286 1871.69 12.33 24.78 34.00 0 0.489022 1698.57 128.60 24.62 33.74 0 0.479712 1863.25 123.40 26.37 38.32 0 0.473878 1553.67 127.86 24.10 35.09 0 0.468686 944.91 814.33 26.52 53.77 0 0.465842 1608.83 51.99 22.97 32.30 0 0.454650 1820.84 46.67 22.85 34.62 0 0.453463 1035.24 352.35 42.90 21.54 0 0.449483 1615.57 129.63 26.73 36.12 0 0.448295 1866.72 48.97 22.64 35.66 0 0.437310 1718.46 166.22 26.90 37.86 0 0.414201 1886.67 161.86 30.09 41.04 0 0.411527 968.06 34.13 21.82 48.73 0 0.405690 1173.58 749.61 27.81 25.01 0 0.404897 1611.13 164.71 26.59 40.43 0 0.404355 1067.52 887.08 32.84 34.81 0 0.402638 1043.01 1028.62 74.75 34.43 0 0.400040 1878.21 164.33 31.75 39.73 0 0.398388 1043.31 283.16 39.24 22.96 0 0.396699 1529.80 49.72 23.77 36.12 0 0.391995 1621.84 153.31 30.66 43.08 0 0.390850 1578.76 149.57 29.51 51.73 0 0.377018 1178.95 797.33 24.59 25.91 0 0.356511 1892.08 126.91 25.62 34.54 0 0.350530 1812.73 168.05 26.24 39.33 0 0.339515 1198.84 775.13 57.28 24.90 0 0.332402 1731.67 124.03 23.77 34.94 0 0.327429 1710.70 44.17 22.20 35.00 0 0.323550 1615.23 157.25 29.22 42.86 0 0.322865 1717.91 159.00 27.48 36.91 0 0.311168 1040.05 329.06 39.70 20.48 0 0.299107 1846.84 39.23 22.72 34.26 0 0.287870 1776.96 168.33 21.25 36.17 0 0.279560 1078.03 926.18 42.52 34.37 0 0.266217 1748.33 150.99 30.80 38.93 0 0.251365 1357.39 123.19 26.39 41.51 1
460,0.531697 871.68 493.93 47.19 29.38 0 0.456124 0.00 819.60 156.42 83.94 0 0.380295 457.59 638.17 48.68 40.64 0 0.333463 0.00 796.56 158.25 97.35 0 0.300578 874.51 457.21 42.59 30.47 0 0.259842 479.85 519.16 24.47 27.26 0
461,0.742646 631.26 496.33 133.31 53.80 1 0.620245 339.25 55.29 27.36 35.28 0 0.475003 583.15 576.36 160.73 63.02 1 0.467916 305.50 57.54 27.17 31.83 0 0.467690 585.93 602.54 149.45 54.01 1 0.463281 379.73 80.76 33.80 29.34 0 0.419717 387.90 60.48 32.39 34.42 0 0.394710 534.37 533.89 51.51 120.69 1 0.373018 416.80 54.60 30.22 29.61 0 0.338925 43.12 68.32 28.56 35.98 0 0.274841 702.74 500.29 71.16 49.32 1
462,
463,0.523941 1154.21 429.70 234.78 99.62 0 0.517237 7.08 360.60 294.38 160.26 1 0.417026 491.40 406.16 309.93 122.58 0 0.414841 829.79 429.37 243.45 96.92 0 0.390851 1715.27 435.81 204.73 98.60 0 0.351548 8.43 375.64 220.60 114.16 0 0.251442 1114.89 442.04 231.38 84.94 0
464,0.696422 847.11 100.29 107.56 49.77 0 0.687540 849.41 144.89 109.70 54.55 0 0.677062 986.70 80.57 109.22 54.31 0 0.676309 59.80 870.61 124.38 62.53 0 0.673091 569.01 221.83 111.61 51.11 0 0.669530 979.03 32.03 113.81 54.39 0 0.666325 845.76 432.88 123.26 59.51 0 0.654106 551.24 640.46 117.00 58.02 0 0.652299 1039.08 946.97 108.91 56.33 0 0.651154 997.56 481.87 118.36 54.29 0 0.646840 427.59 1.59 108.21 54.39 0 0.644808 849.13 200.81 114.67 55.81 0 0.643211 565.90 268.17 116.26 59.23 0 0.638577 557.77 53.60 109.58 53.66 0 0.635690 1051.01 805.91 107.83 56.32 0 0.625307 1003.67 245.41 115.88 59.77 0 0.622536 868.47 257.75 95.06 52.68 0 0.621844 556.64 452.76 123.53 55.07 0 0.621592 866.88 492.72 107.56 51.43 0 0.615969 844.92 0.00 107.01 37.37 0 0.614019 855.09 313.69 107.52 54.28 0 0.613631 558.31 104.00 105.79 58.53 0 0.609492 887.65 965.25 109.62 55.07 0 0.607332 999.62 425.90 112.85 52.45 0 0.603998 567.20 0.71 102.62 57.83 0 0.598894 1036.97 545.03 100.14 55.11 0 0.592326 854.69 687.51 125.60 57.44 0 0.590068 1014.47 307.05 98.73 48.43 0 0.590063 410.06 66.90 103.85 50.90 0 0.587682 563.79 162.70 104.28 54.15 0 0.587674 1029.40 613.05 103.12 54.06 0 0.587012 844.76 41.57 100.15 48.10 0 0.581564 855.82 560.42 107.94 51.19 0 0.575401 551.20 332.63 116.75 56.89 0 0.566257 1017.89 673.49 104.41 53.85 0 0.562927 1010.02 737.36 104.23 50.08 0 0.559062 539.39 836.69 133.00 62.79 0 0.550951 996.91 365.84 104.47 55.89 0 0.550798 39.92 1012.73 130.32 57.98 0 0.549729 853.74 625.49 120.73 56.47 0 0.546864 538.51 910.47 121.51 59.90 0 0.546175 559.52 391.85 107.81 56.65 0 0.537394 847.71 372.51 123.16 54.26 0 0.535257 540.80 515.69 127.56 52.27 0 0.530985 895.36 887.63 97.65 53.00 0 0.526367 546.38 699.62 123.47 57.93 0 0.518197 1045.82 877.12 107.08 53.58 0 0.507590 554.21 770.65 119.83 59.63 0 0.487701 898.27 1033.17 83.88 46.83 0 0.476669 887.37 816.92 101.60 53.72 0 0.456372 918.90 1030.31 80.67 49.69 0 0.435410 1046.46 799.43 105.09 53.66 0 0.404270 1258.81 232.09 46.00 27.68 3 0.398644 43.78 876.10 64.08 57.14 0 0.392663 532.97 972.52 118.09 64.74 0 0.392416 968.31 1027.75 51.08 52.25 0 0.356542 1257.32 200.49 41.95 26.69 3 0.352832 999.93 454.46 115.04 52.22 0 0.351670 864.96 963.30 137.62 63.22 0 0.349162 850.38 109.04 108.95 53.30 0 0.340565 848.67 119.21 108.41 56.96 0 0.332632 1049.14 827.98 108.86 56.71 0 0.328098 846.38 71.08 103.56 49.39 0 0.322224 885.17 809.56 100.93 51.03 0 0.311516 844.40 79.85 106.22 50.03 0 0.295566 1251.02 161.60 46.73 28.40 0 0.289694 847.83 690.13 106.09 60.01 0 0.279015 841.46 379.56 113.66 51.31 0 0.278602 922.05 806.46 87.55 59.36 0 0.267446 564.03 184.69 102.64 50.84 0 0.262999 1036.34 804.83 96.45 57.11 0 0.261085 945.22 806.54 61.31 61.08 0 0.258139 881.11 255.74 98.23 51.81 0 0.251452 566.20 173.32 108.88 53.76 0
465,0.747811 64.36 877.55 112.86 59.92 0 0.733669 848.05 147.97 111.81 56.76 0 0.715066 980.10 35.23 114.65 53.03 0 0.691579 552.42 643.83 124.59 63.32 0 0.675483 845.43 100.84 111.35 56.01 0 0.660030 560.84 57.04 108.31 51.65 0 0.653147 539.93 912.02 119.05 58.70 0 0.652602 856.02 316.63 108.57 56.45 0 0.650953 566.70 271.70 115.13 59.41 0 0.646819 843.86 379.39 124.36 55.41 0 0.639911 425.88 4.84 111.26 55.22 0 0.638941 864.07 497.95 110.94 50.50 0 0.637830 1032.83 619.87 108.54 53.04 0 0.636459 565.54 2.60 104.71 57.41 0 0.619867 865.76 258.65 99.93 54.87 0 0.619080 1000.77 427.09 116.78 56.55 0 0.615718 845.81 0.00 107.66 39.99 0 0.613119 844.25 436.40 126.26 61.69 0 0.611620 561.73 225.39 116.86 51.94 0 0.610057 1015.10 305.72 98.79 55.08 0 0.609246 846.13 44.32 100.65 52.39 0 0.606195 990.27 85.86 100.97 47.73 0 0.603629 869.02 969.01 128.23 62.15 0 0.603504 555.89 163.84 111.15 55.13 0 0.599800 1037.52 948.58 112.22 58.52 0 0.594078 852.15 692.84 122.44 59.13 0 0.593621 548.45 334.89 114.86 57.76 0 0.591483 550.54 108.48 110.38 56.29 0 0.588864 560.62 453.95 116.04 57.99 0 0.587193 1037.72 549.52 95.00 52.48 0 0.585232 861.50 203.49 103.95 57.65 0 0.575981 1047.48 809.29 105.11 57.49 0 0.574814 556.25 774.22 121.04 61.05 0 0.574432 994.64 368.52 110.22 57.96 0 0.570565 1009.81 743.57 102.72 50.98 0 0.570540 895.57 891.73 93.71 52.32 0 0.569497 1000.79 245.07 120.70 62.63 0 0.556176 35.34 1017.26 126.85 60.69 0 0.555713 861.61 625.71 112.59 54.26 0 0.552514 539.89 517.77 127.14 53.63 0 0.551252 535.06 842.60 130.90 61.55 0 0.547714 553.47 702.27 118.06 58.99 0 0.546908 882.05 820.93 107.15 54.40 0 0.542054 862.71 557.13 100.41 52.06 0 0.537313 1017.98 491.65 101.30 53.37 0 0.534879 889.56 812.43 114.19 59.67 0 0.532169 1043.54 882.53 107.54 55.97 0 0.528059 560.95 396.54 105.20 52.68 0 0.521441 1021.80 672.88 112.08 55.78 0 0.514367 897.14 1035.08 103.50 44.92 0 0.510108 411.50 67.23 102.33 53.82 0 0.501251 1256.24 202.26 47.38 30.16 3 0.476868 564.65 767.36 108.32 59.00 0 0.464956 997.81 485.05 117.28 54.40 0 0.464148 559.18 636.16 113.81 58.87 0 0.448444 1053.78 874.00 108.27 59.58 0 0.437951 539.77 979.35 118.61 61.19 0 0.405293 42.22 880.19 84.46 63.43 0 0.389257 890.15 1044.65 99.45 35.35 0 0.387310 1046.61 815.87 108.71 64.45 0 0.377110 1022.84 737.46 104.37 56.45 0 0.361278 923.80 813.91 82.78 60.64 0 0.354742 1004.18 679.06 108.88 53.92 0 0.336975 1044.87 802.09 97.60 51.36 0 0.333456 843.86 53.89 104.03 51.42 0 0.320889 561.01 171.07 114.07 54.83 0 0.314703 951.09 1033.47 66.16 46.53 0 0.304107 1000.07 404.64 117.37 67.52 0 0.292912 1023.17 625.21 116.80 58.60 0 0.275264 558.95 154.15 103.40 55.58 0 0.269144 1256.66 232.52 50.14 30.98 3 0.261182 903.07 890.44 96.46 63.61 0 0.255130 1037.79 891.62 110.30 56.48 0 0.250959 536.66 962.81 120.55 61.08 0
466,0.708641 350.20 411.95 33.72 57.60 0 0.603848 252.68 404.11 33.98 55.52 0 0.599178 285.89 410.84 31.03 53.94 0 0.574312 1787.48 397.08 51.70 27.28 0 0.562770 873.10 345.98 52.84 27.37 0 0.556928 317.46 413.97 29.52 53.87 0 0.525719 475.76 322.77 67.03 29.70 0 0.519453 807.06 340.70 57.58 31.99 0 0.508003 944.46 348.90 59.92 30.47 0 0.465073 1039.00 353.86 58.59 25.70 0 0.420930 382.07 409.98 35.83 57.28 0 0.417445 630.41 330.75 61.07 29.15 0 0.405726 791.60 343.36 56.35 30.54 0 0.389244 318.23 312.26 64.32 31.62 0 0.347480 637.08 336.20 60.53 25.77 0 0.284687 306.38 309.89 66.31 31.89 0
467,0.572542 0.00 410.28 167.96 87.14 0 0.325282 167.99 590.65 89.30 56.68 0
468,0.610287 363.97 592.93 20.05 16.09 0 0.571720 220.37 612.86 23.48 18.49 0 0.566081 390.07 590.17 20.62 16.57 0 0.512305 724.41 567.34 18.10 15.46 0 0.492334 695.08 564.22 23.22 17.33 0 0.460836 191.61 610.22 24.20 17.35 0 0.446055 599.69 569.86 67.58 55.64 1 0.403458 751.40 616.67 28.15 19.52 0 0.353528 103.78 570.68 22.25 14.52 0 0.352350 763.02 617.47 26.11 19.38 0 0.327208 338.19 592.29 20.73 13.78 0 0.271893 663.27 541.94 24.21 21.49 0 0.263608 745.32 569.82 19.53 15.05 0 0.256662 119.42 570.28 18.96 14.47 0
469,0.520683 485.01 480.01 239.59 93.88 0
470,0.535703 418.18 407.23 218.49 83.83 0 0.452589 1673.85 416.28 246.15 91.44 0 0.390375 0.00 392.00 34.35 75.78 0 0.379171 426.56 392.36 259.47 108.09 0 0.347261 1028.53 413.62 238.43 84.93 0 0.321557 68.54 408.26 236.94 87.91 1 0.311568 93.85 387.17 244.14 92.55 0 0.310782 1847.20 113.92 34.43 24.09 0 0.302119 115.88 24.40 26.85 29.39 0 0.291573 357.33 90.16 29.77 21.03 0 0.284646 115.90 18.47 26.69 28.34 0 0.250656 78.78 397.37 244.66 96.18 0
471,0.744088 562.57 296.26 47.88 25.24 0 0.729667 334.99 506.68 31.99 47.26 0 0.721232 232.89 854.11 35.93 61.68 0 0.713647 384.02 580.84 33.87 47.43 0 0.704107 237.60 986.99 33.49 62.65 0 0.674494 331.54 814.34 41.42 61.02 0 0.673650 304.33 958.40 39.09 65.73 0 0.668984 138.77 654.89 31.51 44.57 0 0.657289 165.79 646.61 32.06 46.50 0 0.651938 406.48 915.51 35.72 59.17 0 0.642140 383.20 742.35 36.01 51.19 0 0.636538 472.62 887.80 40.60 61.31 0 0.636190 272.16 839.67 37.21 62.72 0 0.635593 14.92 928.80 38.20 61.13 0 0.635126 235.04 396.73 33.29 51.08 0 0.633372 423.13 615.82 44.77 67.16 1 0.622895 303.32 661.05 35.67 59.53 0 0.619817 93.85 576.16 33.20 50.48 0 0.616294 541.36 862.49 39.97 53.01 0 0.612897 57.00 913.02 38.18 64.66 0 0.606289 324.50 596.98 29.53 41.31 0 0.606178 1598.86 701.39 40.17 49.91 0 0.605039 342.65 375.64 38.96 44.81 0 0.597544 61.48 583.03 33.92 49.86 0 0.596437 351.30 589.28 32.37 46.10 0 0.592131 729.51 256.84 49.26 21.91 0 0.586411 305.67 509.83 34.15 46.86 0 0.583622 359.53 750.14 32.05 48.34 0 0.582669 447.99 722.07 40.99 51.69 0 0.578329 151.08 548.80 41.24 55.85 0 0.574654 181.16 413.53 33.42 45.16 0 0.573276 229.88 623.26 36.47 47.91 0 0.569377 121.72 429.94 32.44 48.50 0 0.566923 27.39 448.87 33.52 50.69 0 0.565388 419.17 726.80 39.01 54.90 0 0.565118 214.19 533.32 34.41 50.44 0 0.563905 274.04 668.42 37.94 56.70 0 0.560064 1686.11 489.41 45.13 35.54 0 0.556751 1101.49 10.31 31.05 28.12 0 0.550637 364.29 633.90 33.27 44.92 0 0.543609 998.23 484.03 35.39 34.86 0 0.541634 1128.38 464.41 32.34 32.49 0 0.534034 396.99 485.46 32.48 48.34 0 0.531622 226.88 792.41 34.93 53.16 0 0.529970 249.75 529.47 33.66 49.04 0 0.528718 1389.93 612.08 31.40 31.14 0 0.527618 173.98 697.26 33.56 52.04 0 0.524966 1642.17 513.54 38.00 31.57 0 0.514868 441.20 897.05 37.54 62.07 0 0.513601 178.05 696.94 35.27 58.95 0 0.510303 750.26 253.98 50.10 22.84 0 0.505877 1569.32 713.96 36.70 50.76 0 0.503496 326.12 763.07 34.79 49.91 0 0.496471 1372.70 975.92 48.58 54.48 0 0.495597 294.39 604.31 30.34 47.19 0 0.495274 1159.88 509.81 37.73 39.36 0 0.493240 663.62 276.09 45.85 21.71 0 0.487412 1172.67 106.08 27.86 25.82 0 0.478862 1774.24 463.09 43.94 24.19 0 0.478811 722.09 257.96 43.57 22.43 0 0.478418 209.11 487.75 31.61 41.86 0 0.477418 932.37 348.31 25.45 27.00 0 0.477147 267.81 976.97 35.25 65.65 0 0.475197 119.87 1033.25 37.68 46.75 0 0.470116 1126.37 4.88 21.46 26.76 0 0.469237 1531.65 557.15 37.63 32.39 0 0.468563 393.88 345.80 43.35 63.81 0 0.468061 110.31 726.76 36.42 48.21 0 0.462356 1320.97 38.14 35.42 18.60 0 0.459755 1078.84 15.02 33.98 25.64 0 0.456491 1834.90 433.04 47.56 33.70 0 0.451204 354.50 754.77 34.53 50.95 0 0.451122 1408.24 232.59 30.35 22.73 0 0.450717 397.58 625.15 36.77 64.76 0 0.448769 1822.88 438.10 47.86 33.26 0 0.447859 777.91 828.03 62.18 35.66 0 0.445277 1328.04 38.73 35.30 19.11 0 0.442098 949.11 384.04 29.80 36.20 0 0.441636 1359.18 625.63 34.53 27.12 0 0.438432 31.07 451.48 36.44 49.94 0 0.434455 211.35 502.76 32.58 42.00 0 0.433396 405.49 730.42 39.01 52.31 0 0.432580 326.45 593.29 32.90 41.75 0 0.425129 1243.77 0.00 21.16 17.73 0 0.424749 1419.00 604.52 33.66 31.98 0 0.418011 1082.15 375.98 29.32 31.92 0 0.413211 390.17 484.01 34.73 50.47 0 0.411962 1630.26 518.53 38.01 31.43 0 0.409546 1103.14 418.31 34.17 33.36 0 0.409345 1559.60 714.86 37.09 45.66 0 0.406677 1041.37 305.43 31.16 29.94 0 0.405996 429.85 280.83 29.20 20.17 0 0.404927 1628.53 350.76 36.87 17.25 0 0.402309 387.91 343.05 44.07 59.05 0 0.401700 1369.37 908.77 48.83 48.88 0 0.399515 1455.27 700.51 39.61 34.73 0 0.398957 1388.03 291.74 24.11 38.40 0 0.397294 1148.30 324.65 41.45 20.79 0 0.396929 1148.69 1.58 20.31 26.36 0 0.391441 328.60 793.34 41.43 59.69 0 0.390391 1573.84 706.37 40.98 51.70 0 0.388776 1726.61 115.00 33.12 29.46 0 0.383943 1264.94 392.65 29.62 34.35 0 0.378507 1020.50 534.47 35.10 36.93 0 0.376008 389.65 738.20 37.06 51.93 0 0.375188 1157.47 507.14 36.81 36.11 0 0.370376 1160.21 322.19 37.22 22.14 0 0.370170 956.74 155.76 32.29 31.24 0 0.362680 989.98 472.65 37.37 36.15 0 0.362545 863.18 790.13 70.40 42.74 0 0.362056 374.12 630.49 32.76 51.55 0 0.358185 909.54 301.17 25.02 29.80 0 0.357219 168.25 660.49 36.74 54.21 0 0.356830 1586.62 536.65 35.69 29.81 0 0.355018 1369.76 973.26 44.15 51.36 0 0.354483 341.95 341.87 40.94 24.81 0 0.344790 482.58 885.74 42.11 58.96 0 0.344356 1364.08 618.88 35.29 29.56 0 0.342551 416.39 567.64 35.15 54.88 0 0.341727 58.42 678.71 33.14 32.23 0 0.340640 403.07 574.49 37.02 48.78 0 0.337658 775.03 835.26 54.07 33.49 0 0.336655 1223.62 727.84 34.29 33.12 0 0.336269 1727.15 469.79 48.34 28.59 0 0.333608 1423.58 601.16 35.35 31.41 0 0.333264 908.68 310.66 28.33 29.88 0 0.332819 271.48 969.81 35.82 64.99 0 0.331627 148.62 513.85 31.99 38.27 0 0.331268 1640.71 675.08 39.32 62.10 0 0.328722 374.47 299.03 27.43 20.15 0 0.322598 1381.54 767.77 41.99 34.24 0 0.320890 1690.99 127.01 32.56 35.50 0 0.320171 303.19 601.63 32.95 42.19 0 0.320030 1478.49 690.21 36.71 34.09 0 0.318910 1249.40 379.75 28.47 27.14 0 0.317915 1197.25 0.00 19.21 22.19 0 0.315983 336.16 344.79 40.93 22.64 0 0.313790 1084.74 379.22 29.95 33.14 0 0.310893 884.44 921.12 33.21 24.97 0 0.310316 264.36 842.39 42.16 68.33 0 0.309262 1447.77 703.97 35.65 34.36 0 0.309139 147.53 551.36 40.14 63.83 0 0.307788 66.01 743.46 44.07 42.66 0 0.305421 173.53 684.15 34.45 57.32 0 0.303682 1737.18 115.15 33.31 26.85 0 0.303515 985.44 466.67 33.75 28.78 0 0.303081 1714.42 480.87 46.52 31.77 0 0.300445 411.50 914.43 37.67 63.91 0 0.299251 1171.91 0.38 19.36 25.86 0 0.295641 1061.61 343.45 35.02 28.22 0 0.293809 1266.94 0.00 23.50 15.35 0 0.287625 1311.29 988.36 28.16 35.46 0 0.287365 422.77 903.96 46.19 63.79 0 0.286237 1544.21 552.85 40.43 32.63 0 0.285773 80.92 1048.93 40.99 31.07 0 0.279765 1590.65 532.41 35.77 30.05 0 0.274439 1634.28 64.53 21.18 23.24 0 0.270434 1739.17 488.81 39.74 30.89 0 0.270089 58.37 699.98 33.03 34.81 0 0.268639 69.29 767.28 42.84 32.91 0 0.265485 57.74 592.58 33.89 41.72 0 0.264098 44.79 917.05 46.08 69.34 0 0.263375 407.29 906.43 39.77 58.02 0 0.262486 1327.42 0.00 26.69 15.95 0 0.260896 378.94 1007.08 25.40 29.73 3 0.258559 454.93 719.82 40.93 53.55 0 0.257178 1376.68 762.02 45.70 37.15 0 0.256163 175.34 415.62 34.80 44.17 0 0.256095 66.14 727.68 38.99 41.85 0 0.252509 410.05 992.35 19.71 29.98 3 0.250083 1734.61 582.35 51.86 45.33 0
472,0.622717 1072.83 799.48 42.87 31.69 3 0.603163 1077.57 852.37 46.73 28.06 3 0.566830 759.68 774.03 55.76 68.91 0 0.552150 1074.83 824.63 45.67 24.65 3 0.519950 735.95 855.65 54.12 82.09 0 0.505350 826.42 611.27 43.96 37.04 0 0.487467 881.46 484.61 28.63 37.80 0 0.479318 956.45 321.96 25.82 22.77 0 0.468139 950.16 445.36 30.18 29.85 0 0.447563 685.80 994.47 65.08 80.47 0 0.442155 1074.67 783.51 36.75 26.97 3 0.436011 887.02 466.47 30.56 33.17 0 0.430620 1074.62 873.54 49.50 26.48 3 0.429347 996.94 484.64 28.13 35.92 0 0.394364 892.19 442.81 29.03 25.97 0 0.382710 626.03 256.76 25.26 17.72 0 0.382252 387.84 277.88 25.65 16.35 0 0.372176 495.28 278.83 30.33 15.23 0 0.367208 826.11 619.42 43.16 32.89 0 0.362276 740.88 260.23 22.90 15.34 0 0.334753 1070.88 801.62 49.34 35.52 3 0.323117 720.28 260.20 25.32 14.64 0 0.299424 529.02 280.39 24.69 13.41 0 0.295664 835.36 326.93 35.52 19.40 0 0.291750 452.64 282.82 26.07 16.91 0 0.290176 766.29 261.35 25.74 15.96 0 0.289666 673.59 257.30 28.40 15.53 0 0.278894 816.81 260.61 34.45 14.71 0 0.275830 801.42 703.76 36.65 29.03 3 0.268586 959.60 258.90 28.62 15.45 0 0.264154 992.43 231.25 23.32 12.83 0
473,0.522979 946.21 909.65 63.76 112.61 0 0.291054 905.84 709.25 54.67 84.65 0 0.290591 952.40 207.07 36.38 37.77 0 0.276333 945.95 923.00 66.50 128.56 0
474,0.698456 784.36 515.22 104.94 63.18 0 0.697708 659.76 794.27 112.98 68.84 0 0.686608 964.86 856.44 102.14 64.07 0 0.680354 682.77 744.83 105.01 65.26 0 0.675285 614.23 856.30 112.45 63.56 0 0.671910 554.69 978.61 125.40 67.46 0 0.669244 1060.21 624.62 105.01 59.24 0 0.665372 727.60 615.93 96.30 61.66 0 0.658524 1080.05 562.80 104.19 64.32 0 0.652290 1215.56 619.71 117.21 69.69 0 0.638403 765.17 568.23 96.45 61.01 0 0.634073 988.24 798.00 106.28 62.23 0 0.633798 1170.08 736.81 101.28 64.87 0 0.629449 892.11 984.79 118.90 76.01 0 0.620333 1001.38 744.98 111.21 60.13 0 0.619605 663.77 453.88 88.24 61.34 0 0.613784 710.28 677.47 98.54 68.69 0 0.597003 679.48 459.88 83.41 63.39 0 0.596240 590.10 914.37 108.39 69.55 0 0.595910 813.28 459.90 94.02 62.15 0 0.584610 756.08 560.22 97.91 60.14 0 0.580809 1025.19 677.27 109.30 64.04 0 0.576161 699.59 401.71 88.83 66.01 0 0.575119 679.21 396.24 94.29 64.90 0 0.563800 895.90 974.44 117.80 68.97 0 0.559937 943.05 916.71 97.43 59.21 0 0.551531 1073.23 983.52 129.21 72.19 0 0.551432 959.97 923.77 98.59 60.06 0 0.546560 1163.63 731.09 102.24 60.21 0 0.543673 658.97 448.36 82.85 56.85 0 0.540072 736.47 624.32 93.31 59.43 0 0.539205 615.49 507.31 93.46 60.45 0 0.515120 724.84 408.77 75.30 61.19 0 0.503826 1151.10 788.60 92.73 51.72 0 0.492431 958.73 845.24 110.12 65.15 0 0.482365 1076.12 968.02 99.96 63.96 0 0.471114 808.22 442.38 77.31 61.08 0 0.465583 1049.76 613.73 113.02 61.92 0 0.461325 892.09 964.23 112.87 65.96 0 0.451649 113.96 423.59 59.35 35.70 0 0.450279 871.82 1025.60 123.56 54.40 0 0.448645 725.72 684.88 91.46 62.62 0 0.444112 1006.34 730.31 111.21 54.56 0 0.442240 1071.33 1026.55 121.33 53.45 0 0.434413 1155.47 795.38 96.42 65.07 0 0.426552 562.22 967.34 122.59 62.84 0 0.424411 806.09 453.70 91.52 56.51 0 0.424202 1182.06 802.02 76.08 62.23 0 0.397022 1036.85 693.78 98.35 56.84 0 0.392054 786.83 575.38 78.20 55.48 0 0.390891 1073.85 1008.85 120.70 67.24 0 0.380893 516.66 1028.52 138.93 51.48 0 0.374487 764.42 554.09 103.47 62.14 0 0.372667 718.93 606.87 101.82 61.29 0 0.362995 633.49 515.93 82.15 62.03 0 0.349855 1076.07 555.02 103.12 60.56 0 0.342211 1008.73 711.71 111.23 54.24 0 0.335917 684.34 731.11 98.90 56.70 0 0.335860 1217.28 615.42 98.57 63.64 0 0.308104 969.49 926.08 77.48 63.88 0 0.306729 1153.66 782.03 104.40 52.90 0 0.301537 679.82 809.64 91.16 61.35 0 0.299728 77.29 417.55 62.63 40.03 0 0.297133 999.66 794.24 100.21 54.82 0 0.296337 1216.66 809.51 49.33 56.08 0 0.294765 976.89 863.48 100.08 59.55 0 0.286420 791.45 506.68 102.97 62.45 0 0.285415 701.64 671.64 94.26 61.76 0 0.280928 81.72 422.91 62.05 40.36 0 0.278894 693.45 684.99 101.07 64.99 0 0.276383 987.70 779.30 108.06 55.00 0 0.271293 1082.35 991.39 123.17 78.71 0 0.270541 534.24 1040.83 117.76 39.17 0 0.269092 1057.92 607.17 112.07 56.31 0 0.268752 129.37 426.02 44.54 35.81 0 0.267487 606.64 504.29 85.53 54.16 0 0.265934 962.02 812.48 118.06 60.97 0 0.264567 1157.60 748.68 105.55 64.16 0 0.260482 709.04 663.95 99.47 56.18 0 0.258173 743.88 585.90 102.36 60.47 0 0.258160 72.05 413.87 59.30 38.35 0 0.252526 968.14 843.58 108.72 53.00 0
475,
476,0.675780 864.47 360.39 48.39 63.17 1 0.551436 404.71 492.92 22.01 26.08 0 0.516302 366.32 490.63 23.93 27.41 0 0.508376 910.55 327.13 21.35 24.16 0 0.495107 1061.19 400.00 20.69 23.31 0 0.489769 956.67 343.05 22.12 25.03 0 0.465231 1040.23 397.98 22.40 24.39 0 0.461221 592.18 519.71 27.52 28.55 0 0.437339 327.35 487.74 30.50 23.38 0 0.418568 1110.35 414.47 22.90 20.68 0 0.409928 474.94 500.16 21.69 24.54 0 0.402906 680.86 536.76 22.77 28.02 0 0.362261 385.17 493.08 22.32 25.21 0 0.360967 593.94 530.86 25.27 26.36 0 0.330121 285.98 421.42 20.82 14.33 0 0.327735 351.18 394.97 32.29 17.24 0 0.324459 936.61 326.67 18.67 21.22 0 0.318779 870.27 245.85 22.61 23.92 0 0.309039 596.33 444.85 25.80 17.83 0 0.308476 319.20 488.13 32.19 20.60 0 0.307005 455.11 499.41 21.86 24.96 0 0.295575 577.30 517.26 27.07 27.29 0 0.278570 610.96 482.14 44.23 27.61 0 0.263780 554.65 442.31 29.87 18.06 0 0.257207 1150.13 413.90 19.14 20.16 0 0.256173 916.95 159.50 21.56 16.43 1
477,0.541059 166.18 395.50 263.96 108.72 0 0.449009 798.89 416.86 281.88 100.49 0 0.383891 1529.17 428.29 221.26 83.12 0 0.368841 1479.26 422.07 266.97 98.15 0 0.348521 204.63 390.51 217.02 77.89 0 0.346981 0.00 405.46 100.80 93.64 1 0.308500 142.17 405.84 241.59 101.70 0 0.303986 311.69 174.51 31.30 24.67 0 0.263937 304.19 159.15 32.04 25.37 0
478,0.612865 292.37 91.98 54.84 45.00 0 0.591109 163.74 943.79 61.17 37.54 0 0.590225 179.37 149.85 60.68 43.91 0 0.554457 130.69 998.01 56.11 36.87 0 0.548422 319.69 1037.84 65.14 42.10 0 0.546697 567.55 30.27 59.12 37.12 0 0.546429 514.62 215.55 49.12 41.81 0 0.535331 516.52 781.62 40.29 46.39 0 0.533158 834.85 218.82 36.54 41.53 0 0.531240 159.75 198.67 56.88 42.42 0 0.527116 399.53 151.56 45.46 40.03 0 0.525187 471.72 366.61 61.86 47.64 0 0.520483 523.19 770.13 37.65 48.90 0 0.516910 277.32 261.72 61.16 44.01 0 0.512110 1857.00 1042.10 49.96 34.82 0 0.510507 936.15 32.88 32.50 35.05 0 0.508243 111.04 1036.42 55.83 40.34 0 0.507756 577.86 242.08 53.14 40.69 0 0.504576 957.18 248.53 31.81 39.73 0 0.499682 151.02 967.15 59.29 37.29 0 0.497891 222.84 226.75 49.10 41.87 0 0.488098 232.11 67.38 55.75 38.61 0 0.486184 864.41 426.01 61.10 32.74 0 0.485577 697.16 326.07 45.59 27.23 0 0.483341 225.26 62.83 54.85 36.54 0 0.482693 886.65 440.69 60.55 32.28 0 0.476225 687.95 342.75 46.93 26.25 0 0.463456 407.62 158.65 48.97 37.23 0 0.461126 141.02 984.41 57.41 34.53 0 0.454259 0.00 1042.35 38.46 31.88 0 0.450182 557.28 683.99 46.23 61.50 1 0.441307 0.00 990.93 49.73 30.15 0 0.440727 353.52 973.29 60.41 40.25 0 0.439179 362.19 299.53 54.65 44.86 0 0.433311 127.74 1004.15 54.34 38.92 0 0.428873 465.86 186.58 47.34 38.29 0 0.422841 0.00 995.95 45.21 29.36 0 0.420955 0.00 1010.90 44.71 29.83 0 0.419363 674.81 366.20 45.92 28.39 0 0.419122 242.29 31.11 46.51 30.03 0 0.418118 353.23 980.41 59.85 40.20 0 0.413726 1043.80 194.63 53.14 38.71 0 0.411573 312.08 1040.72 62.73 39.28 0 0.409893 459.21 182.60 43.57 35.22 0 0.391327 1151.31 531.91 39.92 28.37 0 0.388453 588.82 219.42 61.94 48.39 0 0.382938 231.08 33.30 50.39 31.56 0 0.379951 1004.81 254.00 31.76 47.20 0 0.375637 437.96 340.60 43.76 48.56 0 0.371295 159.50 25.41 48.84 34.70 0 0.367365 43.87 927.78 58.16 29.49 0 0.367195 1755.04 829.53 18.36 17.35 0 0.362724 891.53 460.07 51.48 27.46 0 0.362631 351.62 122.65 50.84 43.72 0 0.354397 865.28 159.81 37.96 32.78 0 0.351799 585.48 228.95 64.56 43.61 0 0.346341 399.16 320.69 56.72 48.11 0 0.344040 949.46 6.75 32.85 27.10 0 0.339827 689.38 798.95 31.34 32.31 0 0.335224 1868.30 1041.80 50.14 35.03 0 0.333822 412.35 326.06 53.92 50.93 0 0.330050 164.24 928.47 53.84 33.01 0 0.329872 212.63 221.17 52.59 44.42 0 0.326383 968.75 213.18 34.98 37.14 0 0.323158 1856.27 1040.16 42.42 32.86 0 0.319998 52.26 888.08 66.24 35.79 0 0.318119 366.70 302.86 58.07 50.40 0 0.312098 28.58 870.51 82.34 47.46 0 0.312093 1732.12 813.80 19.52 19.25 0 0.308546 159.74 955.73 61.87 35.65 0 0.302313 1049.78 182.36 56.14 35.64 0 0.301947 638.95 444.04 41.60 27.62 0 0.299979 879.46 487.62 52.08 26.55 0 0.299185 1060.14 158.73 52.06 42.66 0 0.297242 0.00 889.92 33.53 32.00 0 0.286115 450.79 353.94 58.64 46.87 0 0.285861 232.42 209.83 44.22 39.98 0 0.285776 930.06 349.97 49.60 31.20 0 0.282124 19.86 941.22 53.57 34.62 0 0.281155 1804.51 853.51 18.15 16.61 0 0.280467 175.21 160.74 59.62 43.98 0 0.277186 103.68 1046.26 57.56 33.74 0 0.276776 690.34 335.91 48.95 30.56 0 0.271071 36.86 883.34 75.68 41.81 0 0.269334 151.44 194.62 54.17 42.15 0 0.261028 3.82 841.64 60.16 37.89 0 0.255186 33.68 946.01 49.49 31.67 0 0.254767 939.27 14.75 37.27 34.41 0 0.253966 675.48 371.09 45.66 28.61 0 0.252423 933.02 355.13 49.94 28.15 0 0.252227 876.60 151.22 37.98 36.74 0
479,0.571806 1118.25 382.14 160.00 73.30 0 0.505823 1151.87 235.64 73.84 64.89 0 0.481660 936.66 263.69 177.12 75.90 0 0.462674 1102.79 391.75 176.67 89.59 0 0.447508 1034.83 342.96 86.50 51.48 0 0.427517 931.32 270.76 155.99 76.64 0 0.424401 1664.12 761.63 41.22 45.90 0 0.405093 1030.60 344.17 108.85 69.01 0 0.390241 1124.29 321.91 76.69 46.72 0 0.368646 1141.10 375.88 145.22 63.14 0 0.350075 1229.85 302.41 56.81 39.62 0 0.326793 811.29 95.64 110.92 43.75 0 0.271003 928.34 277.21 120.40 64.00 0 0.268729 1722.65 682.97 31.26 39.73 0
480,0.743188 1065.18 399.25 54.36 73.92 0 0.670623 37.04 177.30 35.85 60.53 0 0.666893 57.44 61.62 28.70 46.32 0 0.642018 0.56 477.72 37.61 76.57 0 0.626760 274.27 305.73 30.68 57.60 0 0.619751 21.72 311.54 33.90 59.64 0 0.601371 276.31 56.51 29.28 46.76 0 0.580669 275.31 176.44 26.55 46.10 0 0.539212 26.94 249.19 24.84 41.85 0 0.481694 274.10 648.61 43.12 71.33 0 0.317217 264.02 645.32 49.14 74.68 0
481,0.497298 241.23 566.36 23.26 17.45 0 0.442316 718.40 545.36 22.03 16.00 0 0.438717 626.13 555.41 53.10 31.40 1 0.419383 265.10 570.49 25.42 20.76 0 0.376907 172.59 523.46 20.31 15.52 0 0.323353 700.03 547.33 21.74 18.30 0 0.263901 742.22 565.20 19.51 15.26 0
482,0.729052 762.18 910.43 76.98 47.44 0 0.721975 605.35 511.63 63.94 38.34 0 0.715340 664.10 649.51 70.21 43.07 0 0.714288 955.18 865.31 71.48 44.55 0 0.708766 815.57 540.36 72.41 42.12 0 0.707354 910.03 753.36 70.30 43.99 0 0.700690 922.97 793.91 73.42 43.33 0 0.700632 741.67 872.98 74.22 41.92 0 0.698240 1008.38 292.23 72.84 41.36 0 0.687656 978.56 904.29 68.62 49.04 0 0.684129 687.31 722.13 71.61 45.83 0 0.680989 537.07 586.54 58.25 37.17 0 0.676220 734.87 837.10 71.71 42.60 0 0.673060 653.00 608.19 68.98 41.65 0 0.672476 767.68 399.89 70.40 36.94 0 0.672417 930.58 826.22 77.23 42.78 0 0.671303 581.97 730.78 69.61 43.09 0 0.667024 835.71 577.70 66.94 41.62 0 0.666727 806.69 505.61 67.79 43.26 0 0.662936 812.08 1031.04 77.39 45.96 0 0.662507 898.47 714.76 68.99 45.07 0 0.657740 782.57 951.67 69.96 45.32 0 0.652066 591.21 476.22 65.73 36.64 0 0.646852 506.83 516.62 68.00 35.65 0 0.639330 654.47 915.56 73.94 45.27 0 0.637773 635.69 840.08 68.24 43.05 0 0.635471 779.41 435.58 68.94 40.24 0 0.632559 727.11 793.32 73.11 43.15 0 0.631253 1011.13 981.91 74.52 44.80 0 0.630228 797.38 989.55 74.74 45.17 0 0.627567 1099.02 936.46 76.47 44.37 0 0.625307 627.20 797.66 66.16 40.98 0 0.622062 1095.21 891.03 70.04 44.15 0 0.619731 566.42 650.12 66.79 41.03 0 0.616351 568.72 692.14 67.84 41.60 0 0.615162 1109.83 985.00 75.43 43.60 0 0.608174 704.94 757.00 76.01 49.96 0 0.600366 618.11 549.81 68.14 42.33 0 0.596343 517.37 554.15 64.03 37.78 0 0.595445 870.98 636.98 66.24 42.26 0 0.595347 993.32 936.01 71.92 45.47 0 0.579479 677.17 682.97 72.19 41.17 0 0.575925 733.36 830.63 78.10 42.84 0 0.575691 709.63 1034.65 69.14 43.85 0 0.575614 809.89 1010.20 72.95 49.23 0 0.567546 612.31 764.42 67.24 42.32 0 0.563221 1041.57 357.68 64.60 37.55 0 0.560463 559.98 619.01 66.40 36.03 0 0.556175 639.76 878.56 70.43 42.55 0 0.551538 570.90 444.20 61.48 37.56 0 0.526217 991.63 260.70 62.03 37.69 0 0.521990 1022.13 1022.00 76.43 47.45 0 0.518283 877.69 674.35 73.32 44.08 0 0.508953 634.31 830.14 68.25 42.82 0 0.498466 812.38 1018.13 75.38 50.57 0 0.480439 1078.77 230.72 64.08 36.80 0 0.478693 565.54 685.39 69.84 42.44 0 0.475110 790.33 471.28 71.75 37.40 0 0.469850 286.58 325.05 37.44 24.87 3 0.467387 999.13 960.92 74.59 45.19 0 0.448317 841.90 1053.69 63.59 26.31 0 0.424188 503.45 521.31 61.72 36.71 0 0.416002 927.70 817.07 74.65 43.58 0 0.415166 1003.90 972.69 74.24 46.48 0 0.414413 768.00 405.89 66.13 45.31 0 0.410955 1110.45 976.91 78.05 44.41 0 0.405396 785.29 962.91 77.30 51.50 0 0.405186 0.00 0.00 20.22 33.96 0 0.400830 656.14 619.93 70.70 41.72 0 0.398591 20.02 0.03 41.42 35.73 0 0.397866 660.26 635.17 73.67 43.00 0 0.397139 575.73 456.22 66.29 42.34 0 0.386121 594.69 747.32 69.68 46.80 0 0.385126 812.54 529.21 67.64 43.96 0 0.379580 648.37 918.09 68.98 47.38 0 0.369390 521.97 221.41 74.87 35.33 1 0.368022 797.70 488.51 68.84 45.50 0 0.364510 720.35 767.76 71.41 50.51 0 0.364116 774.20 419.21 69.24 44.14 0 0.361685 776.32 941.87 74.57 49.63 0 0.355860 665.89 641.04 75.18 44.22 0 0.354044 886.44 698.80 72.22 47.94 0 0.354016 653.76 616.04 65.62 38.39 0 0.350613 988.26 945.17 68.24 45.40 0 0.348743 758.81 899.30 76.04 49.97 0 0.343483 952.60 857.34 75.56 46.34 0 0.340552 732.07 817.80 74.80 45.10 0 0.337587 503.36 232.02 86.75 47.91 1 0.335504 917.11 777.62 71.87 44.63 0 0.329744 635.75 815.01 65.40 41.64 0 0.324354 605.61 556.96 68.52 37.21 0 0.320180 646.35 894.25 77.07 46.60 0 0.319911 510.90 533.67 66.84 42.53 0 0.317888 731.11 1053.01 61.06 26.99 0 0.316710 524.83 588.38 59.07 45.33 0 0.315455 594.76 467.95 71.43 39.84 0 0.312717 562.46 621.89 65.39 42.61 0 0.311714 872.35 645.47 69.02 48.24 0 0.285668 1090.28 900.97 73.13 46.21 0 0.279157 944.65 844.85 77.94 50.82 0 0.277956 809.01 1037.49 85.21 42.51 0 0.269991 820.93 1045.21 81.64 34.79 0 0.269821 525.79 582.09 62.78 41.14 0 0.269377 823.45 556.28 74.95 48.99 0 0.268929 669.25 675.03 67.90 44.05 0 0.268442 708.34 1044.41 72.63 35.59 0 0.267165 640.33 863.33 69.66 42.77 0 0.261891 786.67 462.42 66.03 39.91 0 0.257072 20.59 0.00 49.06 31.63 0 0.254695 1097.61 881.37 67.47 41.44 0 0.254231 559.04 655.35 66.47 42.21 0 0.253892 693.08 713.65 71.88 45.80 0 0.251929 672.24 721.12 73.98 43.74 0
483,0.371387 1350.17 449.81 25.96 16.59 0 0.260478 1200.94 547.69 24.20 11.98 0
484,0.703619 472.25 837.53 32.14 60.55 0 0.668930 704.02 727.14 62.08 31.17 0 0.634930 328.05 835.36 35.04 56.28 0 0.625813 160.19 629.34 55.31 26.46 0 0.601056 862.55 314.15 30.67 43.79 0 0.581780 43.12 959.38 39.53 61.55 0 0.574784 333.92 711.58 66.74 31.11 0 0.574624 1197.46 678.19 58.51 30.31 0 0.567570 225.56 632.43 50.07 24.34 0 0.562773 566.52 725.72 49.57 31.11 0 0.556140 93.10 799.54 34.37 52.27 0 0.537819 841.75 274.12 23.41 34.12 0 0.528572 1215.51 459.74 24.42 42.24 0 0.526287 781.81 321.08 25.36 40.63 0 0.514947 485.82 714.58 52.79 31.05 0 0.494424 1048.61 764.06 28.66 45.98 0 0.494355 721.22 403.50 64.75 155.72 1 0.481940 1013.20 454.00 28.80 52.31 0 0.480601 1011.30 445.41 30.05 49.79 0 0.479263 808.79 274.47 26.40 38.07 0 0.462310 1046.80 452.29 28.50 45.83 0 0.447808 784.15 265.95 26.05 43.52 0 0.419464 815.51 321.27 23.06 35.52 0 0.400286 17.63 701.83 40.52 36.73 0 0.397170 1130.11 467.65 24.86 37.86 0 0.380125 351.18 576.47 55.82 26.38 0 0.375696 520.49 716.09 39.70 30.19 0 0.368907 10.71 924.38 40.94 57.13 0 0.364326 692.94 56.51 30.66 44.41 1 0.349069 1081.61 764.69 33.92 47.42 0 0.346659 222.12 709.00 31.26 25.85 0 0.336900 97.67 632.24 43.73 23.19 0 0.336777 360.84 836.86 30.75 53.41 0 0.327216 990.48 757.28 26.05 35.94 3 0.326207 1185.20 458.42 26.91 45.44 0 0.319727 290.34 636.56 40.81 20.68 0 0.316660 285.81 637.23 38.02 20.80 0 0.314524 3.34 695.89 32.64 36.47 0 0.308890 41.05 950.10 40.44 56.61 0 0.303573 677.68 400.52 49.10 28.23 0 0.297612 867.92 306.98 29.19 43.55 0 0.291382 674.67 398.84 43.20 26.32 0 0.287082 262.31 708.71 37.97 26.84 0 0.285192 871.07 270.00 24.52 30.46 0 0.282379 1303.00 450.19 64.91 35.96 1 0.280888 777.76 328.66 28.37 39.58 0 0.254831 1241.19 422.71 37.05 27.10 0
485,0.673611 0.09 507.79 197.85 86.87 0
486,0.613041 916.16 165.47 23.56 41.71 0 0.552171 1170.03 558.88 60.59 37.23 0 0.470435 917.50 396.07 31.92 61.95 0 0.379702 903.58 0.00 24.31 37.35 0 0.356634 916.01 396.41 35.80 61.55 1 0.274075 232.49 99.91 31.88 38.93 0
487,0.554350 382.47 982.20 36.74 51.28 0 0.359865 378.15 988.79 37.58 50.86 0 0.349183 820.88 520.07 22.63 17.78 0 0.316506 385.43 979.82 43.19 50.93 0 0.279517 398.55 966.14 39.47 36.74 0 0.264875 1665.02 445.58 35.55 33.70 0
488,0.503100 718.11 245.10 109.15 54.49 1 0.280674 660.31 332.10 147.30 59.15 1
489,0.441029 1132.56 471.06 24.27 27.43 0 0.421600 551.52 569.43 43.44 31.16 0 0.413308 1155.72 465.46 22.64 24.68 0 0.401299 1188.92 551.97 33.33 33.21 0 0.398446 1240.24 514.08 35.09 26.70 0 0.386892 1286.56 482.96 42.69 26.09 0 0.386864 829.70 895.24 53.18 33.31 0 0.364877 1414.92 403.91 38.31 27.63 0 0.358779 432.76 1023.08 64.43 35.32 0 0.352973 595.76 531.28 32.36 24.41 0 0.347444 382.52 1045.47 51.14 32.33 0 0.346501 1177.04 553.16 33.62 34.43 0 0.342635 424.67 1027.85 70.89 34.59 0 0.331653 711.23 719.42 66.53 45.97 1 0.326216 1265.28 1026.77 41.26 40.83 0 0.318014 1286.90 1030.77 32.33 39.07 0 0.312430 1200.74 429.77 26.94 25.01 0 0.310507 420.00 1031.92 67.33 34.30 0 0.306254 1096.52 485.09 22.72 22.44 0 0.295384 1310.34 983.22 25.83 34.34 0 0.292397 546.39 576.66 48.66 27.73 0 0.277636 1170.92 445.11 23.40 18.45 0 0.271621 1237.58 388.72 40.12 35.38 1 0.271502 1285.16 945.19 26.50 38.32 0 0.265213 1406.84 410.87 39.92 28.29 0 0.258694 956.28 575.44 28.85 32.86 0 0.257196 491.61 849.56 46.90 35.02 0 0.251491 1305.70 466.37 38.24 29.29 0
490,0.614388 1177.12 387.19 161.15 91.99 0 0.526623 1536.97 306.59 134.41 76.29 0 0.507500 706.00 577.66 109.68 123.46 0 0.472636 1165.38 403.18 181.40 94.13 0 0.464435 1383.62 360.72 129.94 68.63 0 0.396425 1566.79 303.02 101.21 61.38 0 0.386542 858.81 577.99 86.13 68.82 0 0.381401 807.65 611.31 141.68 156.47 0 0.377285 1520.96 321.25 113.68 67.91 0 0.337201 738.01 458.35 23.07 39.04 3 0.267354 1697.95 280.42 53.89 52.26 0
491,0.489119 932.15 954.11 56.82 93.02 0
492,0.750173 1199.70 691.29 28.07 54.89 0 0.722812 1265.54 695.80 25.71 51.73 0 0.719696 1106.75 694.77 28.16 56.71 0 0.701109 1072.01 697.47 28.80 54.91 0 0.689311 1291.93 811.81 28.41 53.92 0 0.662279 887.99 707.57 29.76 60.01 0 0.658776 1194.71 612.46 28.74 54.77 0 0.651041 1168.20 693.13 27.79 52.88 0 0.648052 1073.89 619.29 27.59 55.39 0 0.641017 458.38 541.31 28.34 56.80 0 0.632478 479.83 413.65 31.10 51.98 0 0.628334 1295.57 609.77 25.79 58.84 0 0.627918 546.72 412.15 30.85 55.51 0 0.621858 801.60 971.86 48.28 28.53 0 0.618313 339.13 731.00 31.23 58.12 0 0.616402 1224.70 807.24 29.50 53.31 0 0.612062 1004.80 616.56 28.68 50.66 0 0.604874 1228.75 608.52 27.81 59.10 0 0.603712 1232.15 693.75 26.41 54.35 0 0.597625 496.50 537.69 29.61 57.84 0 0.592988 405.57 731.55 32.28 53.64 0 0.586037 786.80 898.31 53.56 27.97 0 0.583719 1259.90 807.79 29.61 57.62 0 0.572223 1263.92 612.36 26.19 53.25 0 0.564865 376.30 730.99 33.17 54.58 0 0.553715 1341.43 689.34 27.02 49.71 0 0.553296 1039.56 697.54 26.21 53.40 0 0.553235 1088.17 1030.19 27.82 49.35 0 0.552662 360.19 288.55 30.80 54.71 0 0.550499 973.34 615.65 28.67 53.01 0 0.546931 1165.28 611.19 28.62 52.83 0 0.545557 1131.22 614.28 27.43 54.17 0 0.537506 939.35 619.16 29.23 55.72 0 0.537343 421.44 414.07 30.57 55.56 0 0.535814 930.15 255.33 29.76 48.19 0 0.532607 1283.60 916.73 53.07 25.15 0 0.528473 1036.68 619.52 26.31 53.54 0 0.522552 908.83 626.40 30.53 55.14 0 0.521640 982.05 1032.50 24.15 41.90 0 0.514934 636.53 526.04 32.43 64.24 0 0.510320 865.98 1040.30 26.45 39.70 0 0.505258 512.27 415.48 28.77 54.51 0 0.488935 1303.38 695.05 26.67 51.79 0 0.471614 1056.70 1034.07 27.41 45.93 0 0.469877 930.72 244.14 29.65 46.69 0 0.442894 1308.12 692.37 25.47 49.87 0 0.436979 437.54 725.86 31.87 57.97 0 0.434342 800.36 932.65 50.39 27.50 0 0.431358 1090.71 303.18 50.72 46.11 0 0.421363 936.71 330.52 44.58 41.95 0 0.419182 1296.13 956.56 60.04 26.90 0 0.417417 1083.56 253.07 43.83 32.37 0 0.386761 1155.14 816.99 44.50 31.20 0 0.379646 827.84 1039.20 26.94 40.80 0 0.371820 1070.80 808.12 54.64 27.98 0 0.363108 1160.46 611.23 28.20 57.77 0 0.358627 1145.58 817.62 47.87 28.74 0 0.348200 1093.32 498.95 26.38 48.11 0 0.337979 853.67 721.79 26.93 49.56 0 0.332758 790.24 1027.99 27.30 51.01 0 0.328771 1159.91 1050.30 28.38 29.70 0 0.318291 828.03 430.27 28.50 63.80 0 0.312786 747.99 529.53 23.53 35.08 0 0.282073 944.02 320.47 41.18 39.49 0 0.271725 908.94 616.83 28.72 56.93 0 0.269907 1080.27 244.96 43.29 32.87 0 0.255235 415.91 309.39 28.47 38.65 0
493,0.724824 845.82 509.02 126.46 53.06 0 0.672869 412.33 477.69 192.96 86.86 1 0.600908 659.15 501.00 164.80 58.58 0 0.599256 1304.33 507.71 140.54 55.96 0 0.575979 1474.77 509.47 146.10 60.25 0 0.515660 1751.64 513.25 145.52 50.41 0 0.394173 1746.78 524.58 130.09 37.49 0 0.338789 102.88 476.79 166.31 68.61 0 0.334455 1479.03 521.62 131.67 46.62 0 0.324515 0.00 476.48 111.27 64.39 0 0.323151 413.33 483.99 171.96 70.04 0
494,0.710878 782.86 634.11 68.66 33.51 0 0.636306 1256.02 663.16 58.49 26.28 0 0.623074 1176.66 661.02 61.29 28.43 0 0.615043 1497.89 678.12 61.68 26.68 0 0.608858 1101.45 656.85 59.21 26.27 0 0.545460 1414.35 672.07 70.68 33.19 0 0.522050 1018.98 652.09 65.75 28.47 0 0.442072 1327.00 667.18 70.09 29.24 0 0.433006 1491.01 676.45 58.30 26.04 0 0.424519 1015.13 650.24 59.25 27.20 0 0.411266 953.04 650.49 50.15 26.23 0 0.364227 940.70 643.31 44.56 26.61 0 0.348350 634.54 632.49 66.59 27.33 0 0.334455 944.82 645.44 53.67 28.27 0
495,0.452888 886.35 558.12 27.61 22.96 0
496,0.701112 1693.13 626.87 80.00 50.46 1 0.695769 683.65 777.30 57.78 38.93 3 0.669395 1458.68 739.71 85.77 103.67 0 0.661863 758.11 316.83 78.30 36.70 0 0.641706 738.38 277.28 41.38 27.69 0 0.636094 253.92 882.40 66.94 49.20 3 0.630391 130.59 449.31 85.94 67.25 0 0.630377 658.66 273.92 45.03 26.11 0 0.618717 1404.56 629.34 85.55 102.54 0 0.610011 946.67 318.36 72.30 30.70 0 0.603562 1375.22 289.59 47.54 29.68 0 0.595061 1813.39 764.07 105.71 90.03 0 0.591379 1744.98 678.30 90.29 73.61 0 0.585038 1825.46 209.82 37.11 22.09 0 0.581476 1803.93 246.24 53.41 27.61 0 0.580613 34.74 639.20 96.71 76.95 0 0.576365 1482.18 392.88 47.73 34.71 0 0.569209 1731.94 210.75 43.68 23.14 0 0.568271 1254.70 387.91 50.47 59.69 0 0.563539 551.30 839.43 56.15 33.14 3 0.563141 1312.96 491.50 56.42 67.30 0 0.558924 849.03 316.48 74.18 30.45 0 0.554179 1842.90 208.92 39.70 22.19 0 0.552387 555.30 831.72 48.76 34.35 3 0.551363 1362.75 575.94 68.18 67.66 0 0.545584 656.30 316.74 83.40 37.07 0 0.543628 796.62 280.06 48.14 26.43 0 0.521382 430.64 927.31 35.01 50.77 3 0.521375 1797.12 248.47 48.83 25.46 0 0.518448 422.64 920.42 40.48 46.13 3 0.518025 476.56 298.01 24.96 25.41 0 0.509079 139.95 342.70 50.94 44.75 0 0.507487 1406.10 319.08 58.99 36.19 0 0.499479 481.25 348.36 21.81 18.91 3 0.495958 0.00 342.75 33.74 35.04 0 0.495691 203.95 998.14 34.43 41.40 3 0.492587 1755.73 293.36 48.37 24.40 0 0.490005 188.18 343.47 51.18 45.06 0 0.478160 92.85 342.18 48.21 40.93 0 0.474405 1276.13 448.13 49.61 50.02 0 0.467831 1341.89 251.21 39.64 31.18 0 0.464602 1845.24 165.58 38.64 23.07 0 0.464537 1436.56 348.09 57.77 43.41 1 0.453336 152.83 626.59 182.10 209.60 1 0.450684 1295.00 196.63 48.31 35.67 0 0.447415 1673.96 585.08 71.87 40.87 1 0.445633 1706.90 206.44 38.22 24.73 0 0.441046 543.33 273.74 32.51 33.50 0 0.440263 1670.44 163.54 42.90 23.69 0 0.440052 596.05 274.17 32.34 31.96 0 0.439895 1797.86 163.00 35.27 21.18 0 0.439826 658.10 309.05 74.91 37.18 0 0.437621 1619.80 164.08 43.28 26.06 0 0.435888 1312.98 216.33 46.69 34.36 0 0.435158 1572.76 506.86 57.62 37.59 1 0.434535 1720.09 206.74 46.17 24.50 0 0.424566 195.73 964.52 40.28 27.26 3 0.422606 104.63 331.66 48.27 36.34 0 0.421580 0.57 462.88 55.96 53.11 0 0.419999 1216.02 114.33 29.60 24.17 0 0.416716 144.20 303.45 56.00 28.13 0 0.416155 46.99 342.45 50.62 41.50 0 0.412172 1601.37 156.73 42.92 26.81 0 0.402616 190.66 964.58 37.36 26.21 3 0.399683 1102.97 251.34 54.25 29.89 0 0.390730 1759.79 283.79 46.51 25.77 0 0.387485 46.16 354.33 53.24 33.62 0 0.385998 1175.63 65.58 32.52 19.63 0 0.382963 310.73 314.44 67.73 30.23 0 0.375413 1573.59 493.97 60.30 45.57 1 0.372960 1300.39 200.03 50.10 36.33 0 0.371382 651.09 320.82 73.35 32.68 0 0.368502 451.54 278.31 32.13 26.73 0 0.357147 1098.57 248.27 50.42 30.22 0 0.355546 1690.67 162.95 37.65 23.69 0 0.354529 1852.63 209.97 36.90 20.92 0 0.351768 434.99 815.81 57.97 30.76 3 0.351485 1643.30 135.42 35.42 20.27 0 0.347078 1203.94 105.05 29.39 24.22 0 0.344488 96.11 333.11 53.23 47.91 0 0.337531 88.20 353.71 51.66 33.67 0 0.335430 21.19 555.32 105.66 85.18 1 0.334558 846.13 314.59 64.05 29.60 0 0.316775 1651.91 160.79 39.68 25.04 0 0.313671 1519.63 443.77 58.22 45.34 0 0.312586 0.04 431.65 52.11 46.99 0 0.310882 458.81 295.34 28.65 23.74 0 0.300766 499.03 815.57 46.95 32.21 3 0.296437 1750.74 163.88 38.23 23.61 0 0.294981 850.05 308.91 73.83 33.96 0 0.289126 1166.34 34.61 27.14 19.30 0 0.288945 575.70 271.30 28.98 33.31 0 0.284961 1719.84 166.60 37.85 24.29 0 0.284256 518.88 274.52 30.43 31.99 0 0.277603 651.94 275.90 47.27 26.08 0 0.272568 1529.71 450.10 53.89 48.07 1 0.272150 1590.48 137.57 39.83 22.63 0 0.261600 1148.68 35.30 25.33 17.36 0 0.260076 1484.92 408.13 49.83 34.32 0 0.259538 1847.13 735.53 70.77 66.65 0 0.259173 1030.34 324.07 41.47 28.71 0
497,0.501655 1146.02 616.63 38.51 19.57 0 0.497789 1192.37 616.33 33.41 17.31 0 0.481706 1049.54 620.38 40.45 18.84 0 0.447401 1244.45 614.57 30.61 15.63 0 0.386333 1303.78 609.57 38.20 17.55 0 0.383034 1298.59 610.55 36.73 16.90 0 0.380660 948.50 630.47 44.42 19.88 0 0.366056 806.71 635.51 35.75 16.29 0 0.342596 761.35 638.37 32.79 15.37 0 0.325350 892.01 634.85 40.13 17.44 0 0.274121 1008.83 621.09 33.96 19.20 0
498,0.697857 729.59 517.80 58.14 26.26 0 0.623264 1015.63 539.69 49.53 21.48 0 0.612011 1282.23 561.04 59.70 25.04 0 0.589253 1356.71 563.71 51.67 23.53 0 0.552126 1076.53 545.09 50.97 22.14 0 0.548737 940.22 538.75 53.21 19.02 0 0.541419 1154.88 545.87 43.85 24.17 0 0.499136 1141.26 545.61 48.89 23.22 0 0.447938 1216.04 556.08 54.65 23.29 0 0.440939 935.12 534.75 51.23 20.48 0 0.409870 1350.88 562.70 49.04 23.53 0 0.408406 1279.58 558.75 52.29 23.72 0 0.374102 876.67 538.11 40.46 17.27 0 0.302278 604.49 508.78 55.80 25.25 0 0.256794 868.79 537.62 38.56 17.50 0
499,0.608211 47.12 571.31 34.70 54.26 0 0.566368 253.26 604.03 47.39 39.13 0 0.564356 195.75 625.69 49.82 37.34 0 0.556332 373.83 160.92 38.98 52.51 0 0.539916 297.51 0.00 35.85 36.89 0 0.539882 65.61 678.21 56.85 39.48 0 0.535402 3.47 704.97 54.61 37.26 0 0.525577 620.47 381.33 36.75 41.49 0 0.516057 349.50 727.94 52.36 38.09 0 0.498355 125.13 821.38 62.52 37.47 0 0.492654 129.83 818.19 68.51 35.70 0 0.474410 132.03 446.23 61.59 38.12 0 0.462668 568.19 188.23 55.39 35.15 0 0.458174 86.04 310.27 30.34 38.36 0 0.457808 127.03 654.35 48.25 37.45 0 0.449057 543.20 266.92 30.27 37.81 0 0.438877 315.65 570.77 51.60 43.01 0 0.434492 8.62 873.31 49.50 36.89 0 0.413094 1422.47 81.31 23.86 18.86 0 0.411501 566.50 179.63 54.22 36.21 0 0.390090 298.85 746.85 44.52 37.39 0 0.387046 701.51 967.14 40.26 38.47 0 0.382044 424.95 0.00 64.07 23.85 0 0.379774 453.45 349.30 32.46 40.29 0 0.378407 430.14 301.48 35.99 43.38 0 0.365665 1434.02 77.34 25.28 21.85 0 0.360642 1444.47 66.95 27.44 24.11 0 0.358949 538.44 116.51 54.59 33.56 0 0.358797 658.08 851.66 40.46 66.15 1 0.350582 562.54 302.36 28.84 32.95 0 0.342670 220.86 776.79 56.58 41.65 0 0.341761 337.47 734.75 44.65 36.10 0 0.341435 562.38 160.00 55.99 31.00 0 0.335832 248.94 768.69 49.29 41.44 0 0.335465 122.81 659.29 44.81 36.62 0 0.333934 1697.19 88.25 28.28 22.22 0 0.329399 356.58 725.17 52.57 36.37 0 0.324277 692.11 940.20 39.64 41.46 0 0.320697 0.00 876.75 45.20 36.22 0 0.309070 697.41 958.13 39.12 42.93 0 0.308185 323.34 50.53 31.77 35.45 0 0.303450 457.90 353.86 35.85 47.27 0 0.303333 1490.35 208.67 30.74 22.36 0 0.302571 324.00 742.38 41.83 33.75 0 0.301612 622.07 370.23 38.50 46.76 0 0.300902 1458.14 63.61 24.51 21.16 0 0.293604 265.04 751.94 58.67 43.21 0 0.290390 859.62 489.11 40.95 28.43 0 0.283421 632.25 366.27 33.53 39.76 0 0.280171 1649.44 129.07 38.25 19.36 0 0.279362 117.77 825.47 65.24 37.88 0 0.276752 0.00 708.88 56.99 40.04 0 0.271874 1484.10 53.90 29.74 21.76 0 0.268988 285.35 0.00 37.31 36.53 0 0.267198 1491.18 38.03 26.88 22.87 0 0.262721 1344.09 109.96 24.77 17.56 0 0.254820 555.76 173.24 58.22 35.89 0 0.253821 349.85 122.21 34.90 33.04 0
500,0.513998 993.95 922.17 39.77 69.91 0 0.496497 910.49 636.70 32.75 57.26 0 0.440674 921.89 704.56 37.40 58.79 0 0.303771 975.80 873.48 36.68 67.11 0 0.301309 973.30 866.42 35.23 58.62 0 0.292852 987.06 916.30 43.13 71.94 0
501,0.612003 1109.54 424.12 22.14 24.25 0 0.535294 1060.25 422.55 20.71 18.97 0 0.507324 483.33 520.93 25.40 21.90 0 0.505347 381.47 507.58 28.96 23.61 0 0.498450 412.84 509.09 27.95 25.33 0 0.493754 604.61 540.67 25.14 28.35 0 0.487102 1149.99 425.10 22.16 21.60 0 0.434013 914.25 349.64 22.75 24.67 0 0.413999 961.99 364.86 21.05 22.02 0 0.408319 344.15 498.55 27.54 21.86 0 0.406357 691.19 546.71 22.29 25.75 0 0.379594 1176.39 424.12 18.63 18.89 0 0.376712 357.06 423.54 30.34 16.03 0 0.337116 614.14 545.59 27.84 25.85 0 0.334303 534.21 450.63 26.83 17.77 0 0.316112 569.68 452.14 24.08 16.82 0 0.306487 1040.89 422.51 22.26 20.04 0 0.296988 932.87 347.33 20.32 21.45 0 0.294215 960.54 355.93 20.03 20.51 0 0.285207 415.21 513.14 31.46 24.46 0
502,0.530941 957.93 515.53 34.83 49.19 0 0.492555 975.90 654.16 31.18 49.67 0 0.451187 975.39 717.47 33.23 56.73 0 0.324121 973.87 885.06 33.67 50.87 0 0.300239 166.68 990.22 27.36 21.45 0 0.291192 961.39 572.50 29.86 52.30 0 0.289772 979.04 729.12 31.94 58.66 0 0.260626 976.91 640.69 29.27 41.27 0 0.253874 100.89 1050.22 29.74 22.99 0
503,0.688130 679.62 359.71 126.03 59.01 1 0.558940 621.52 428.58 151.77 68.48 1 0.530169 625.74 452.19 150.49 62.34 1 0.385341 584.43 398.05 45.08 117.29 1 0.274793 1074.37 539.68 53.49 24.08 0 0.265351 577.50 415.82 48.52 111.67 1
504,0.660445 793.96 465.94 61.10 29.59 0 0.642052 1382.57 509.77 64.44 30.07 0 0.637987 1098.45 492.32 53.70 21.83 0 0.594268 1162.15 495.29 53.70 24.81 0 0.588516 1021.36 487.31 57.29 23.50 0 0.558056 1308.33 505.78 60.35 26.72 0 0.557319 1236.18 496.24 57.69 26.95 0 0.538882 1463.55 514.79 55.71 23.33 0 0.480824 949.15 488.93 49.16 19.70 0 0.390147 1013.83 483.33 41.29 24.26 0 0.289881 1.37 633.59 25.41 36.13 0 0.272596 1087.49 490.08 51.39 20.91 0 0.259787 0.00 647.07 22.62 32.90 0 0.257246 665.60 461.78 55.66 26.59 0
505,0.637979 1699.72 348.20 71.04 63.25 0 0.603124 1086.46 377.32 144.37 118.57 0 0.594722 1487.29 204.58 85.01 55.08 0 0.557272 1362.81 256.53 107.39 78.88 0 0.526758 1802.11 376.88 74.10 54.95 0 0.517554 863.73 623.22 79.87 139.31 0 0.510250 551.17 636.13 104.44 135.67 0 0.505334 715.62 649.52 105.36 122.01 0 0.472061 1378.68 242.97 98.64 91.66 0 0.430871 1242.98 329.87 79.03 65.23 0 0.425273 1500.83 195.76 85.47 55.86 0 0.397766 1128.89 363.99 109.12 90.64 0 0.382533 842.31 624.80 101.31 197.53 0 0.379916 1086.15 414.65 136.44 86.07 0 0.373778 1115.23 368.65 122.30 107.49 0 0.367069 1615.24 415.65 89.08 60.51 0 0.326055 1695.83 359.98 79.11 55.60 0 0.319451 966.66 648.01 94.39 107.52 0 0.299399 1250.95 326.82 89.10 73.32 0 0.273636 1239.18 336.11 78.09 50.20 0 0.265792 1803.18 352.54 75.76 72.79 0
506,0.573118 537.39 445.36 57.32 25.73 0 0.543770 443.74 439.25 62.22 32.13 0 0.543701 1778.95 514.78 53.40 29.23 0 0.539226 365.49 435.83 59.37 30.06 0 0.539113 1283.66 484.93 62.02 28.81 0 0.499785 81.45 965.52 84.39 38.79 1 0.431048 280.38 432.54 68.68 34.32 0 0.414138 120.11 419.73 63.73 32.72 0 0.387033 275.12 431.72 64.97 30.61 0 0.358394 436.31 438.36 58.42 30.70 0 0.259951 300.43 432.12 54.50 31.20 0 0.250920 0.22 411.54 31.15 27.18 0
507,0.583805 676.45 576.51 20.45 34.51 0 0.574202 573.82 575.12 26.33 31.61 0 0.564915 366.22 541.87 24.21 31.96 0 0.538396 856.65 374.47 43.95 59.02 1 0.530266 283.63 534.80 27.26 28.23 0 0.529472 522.97 473.97 35.31 19.26 0 0.485380 574.88 567.49 28.46 36.21 0 0.478974 341.31 543.36 23.76 30.05 0 0.477366 1159.84 414.26 17.03 23.09 0 0.475584 318.74 541.64 24.51 30.66 0 0.469285 297.33 427.82 35.32 20.29 0 0.458336 1047.85 412.86 29.06 24.43 0 0.448752 138.26 602.31 41.19 27.22 0 0.434895 855.75 404.62 42.40 41.33 1 0.429892 1177.74 415.52 19.40 21.41 0 0.429148 570.59 473.49 31.06 18.53 0 0.424311 1123.53 415.05 22.59 23.00 0 0.416611 917.58 330.87 19.62 23.47 0 0.411737 485.42 470.06 33.13 19.66 0 0.389490 894.29 330.26 21.59 27.64 0 0.388255 272.09 538.03 29.28 27.36 0 0.376287 600.66 578.47 22.57 28.77 0 0.375181 620.01 423.07 38.37 16.67 0 0.370947 354.25 610.99 37.78 29.44 0 0.364720 917.45 345.77 15.24 20.47 0 0.357369 218.90 463.58 29.66 19.23 0 0.344695 616.25 472.70 39.06 22.66 0 0.341260 896.30 337.48 18.77 29.08 0 0.338769 592.64 571.29 28.64 32.08 0 0.333328 426.83 554.84 26.85 25.66 0 0.323647 341.40 548.04 20.65 30.51 0 0.298764 260.25 450.93 27.05 21.06 0 0.295469 364.63 549.05 21.07 29.21 0 0.292245 855.90 376.07 53.46 68.81 1 0.279856 319.72 548.52 23.25 29.23 0 0.269166 141.66 595.45 42.22 33.94 0 0.266318 545.68 13.52 30.41 14.98 0 0.265453 1052.59 404.92 29.27 27.69 0 0.263083 430.15 466.58 35.93 20.31 0 0.261509 607.46 474.78 36.24 19.99 0 0.254573 426.58 547.86 27.49 28.23 0
508,0.626944 1567.57 814.12 204.51 121.46 0 0.614404 1205.21 465.22 169.66 74.49 0 0.579206 1760.71 745.14 87.87 62.54 0 0.558469 919.88 452.66 202.06 100.65 0 0.517472 1432.18 760.95 71.96 67.57 0 0.331335 478.64 544.96 118.82 101.69 0 0.309050 1073.83 147.41 51.51 46.61 0 0.288478 1539.51 823.09 197.34 121.74 0 0.265314 1590.12 803.10 179.05 111.18 0 0.251666 276.21 447.82 181.99 81.23 0
509,0.676496 678.31 535.92 58.89 26.11 0 0.670459 1267.88 562.48 60.79 27.89 0 0.655848 1177.08 555.44 72.13 32.04 0 0.623761 1091.98 553.76 71.15 29.29 0 0.603861 755.14 537.97 75.66 33.00 0 0.599137 850.24 544.12 62.74 25.99 0 0.577982 924.66 546.08 66.93 25.77 0 0.499992 504.40 527.25 73.23 31.00 0 0.471046 1009.41 547.66 67.50 27.88 0 0.405885 327.99 514.10 89.43 36.21 0
510,0.517436 866.95 940.89 34.20 71.97 0 0.287444 1166.51 909.43 75.06 42.52 0
511,0.666493 1467.98 608.95 58.95 31.52 0 0.648000 1307.38 301.48 47.08 21.78 0 0.636848 1501.42 323.32 45.80 25.86 0 0.628932 1018.45 583.95 52.01 23.31 0 0.627416 1305.84 400.91 51.13 27.34 0 0.623260 1479.57 204.59 45.27 23.32 0 0.618472 1522.31 437.96 46.62 25.09 0 0.607812 1094.42 585.62 56.78 28.69 0 0.601615 1415.67 203.03 47.49 22.31 0 0.597694 1535.41 580.47 53.34 26.27 0 0.597064 1454.97 578.46 59.39 29.72 0 0.593560 1501.09 367.84 47.53 23.55 0 0.592802 1488.05 258.23 49.50 22.91 0 0.591080 1436.49 297.48 46.72 24.89 0 0.569911 1535.88 533.99 50.38 25.33 0 0.568997 1446.66 484.19 49.87 25.80 0 0.568896 1092.37 505.31 57.16 29.13 0 0.568080 1294.63 208.34 47.49 22.67 0 0.566513 1293.09 230.96 51.09 21.59 0 0.565274 1540.08 587.14 52.70 25.24 0 0.554575 1305.95 353.18 45.58 22.70 0 0.550918 1230.58 227.11 42.86 20.64 0 0.550403 1519.55 493.27 47.70 27.88 0 0.547753 1305.37 328.12 45.54 21.05 0 0.543651 1313.04 493.00 53.39 25.58 0 0.539405 1308.65 545.00 55.24 27.62 0 0.538181 1520.54 473.39 46.64 24.50 0 0.537656 1305.17 273.73 47.23 21.95 0 0.537447 1539.09 560.65 50.98 23.84 0 0.529548 1431.80 273.73 45.13 22.21 0 0.528190 1435.26 377.04 55.22 24.84 0 0.516988 1417.88 206.43 49.01 21.79 0 0.516667 1307.96 442.44 60.21 25.45 0 0.505853 1435.68 380.58 51.34 25.19 0 0.501289 1508.60 404.77 46.76 23.23 0 0.500635 1435.69 323.24 47.53 22.67 0 0.494771 1310.04 464.39 55.95 27.73 0 0.492651 1091.60 555.62 57.50 28.51 0 0.491367 1298.14 258.08 49.56 22.76 0 0.491151 1232.45 204.14 48.36 21.35 0 0.482119 1307.13 377.31 50.17 25.22 0 0.481109 1431.75 348.91 51.23 22.72 0 0.471573 1458.35 554.81 55.42 27.55 0 0.467343 1238.25 186.36 49.55 22.35 0 0.460068 1309.74 521.34 57.27 25.96 0 0.459210 1442.96 404.08 52.13 25.56 0 0.458309 1426.18 255.12 44.70 20.94 0 0.452840 1518.30 426.79 44.79 23.17 0 0.438029 1502.06 348.48 47.54 21.94 0 0.436918 1447.56 444.01 50.39 27.29 0 0.432836 1446.31 423.03 52.10 26.97 0 0.417324 1307.47 570.07 53.36 27.54 0 0.406610 1302.44 269.79 49.23 22.06 0 0.391945 1456.82 525.71 55.96 26.00 0 0.389442 1421.86 233.50 44.85 19.66 0 0.372617 1502.48 373.22 49.88 21.92 0 0.372606 1303.11 348.87 49.92 23.44 0 0.339151 1298.65 249.13 50.15 21.92 0 0.331000 1525.41 507.19 47.91 25.58 0 0.312326 1438.97 396.49 57.74 23.69 0 0.305379 1514.43 411.82 48.35 23.61 0 0.293569 1493.76 327.42 49.05 22.94 0 0.292837 1431.93 280.00 46.79 22.79 0 0.284210 1459.22 542.17 52.31 29.29 0 0.273893 1524.76 492.01 49.50 26.19 0 0.265785 1440.04 459.02 53.95 24.62 0 0.261521 1423.46 246.28 47.01 21.93 0 0.257347 1531.03 523.83 49.04 26.18 0 0.251518 1306.87 575.70 53.84 25.76 0
512,0.691912 762.99 295.24 30.72 53.55 0 0.680236 769.57 362.78 29.39 51.94 0 0.649504 787.09 605.95 33.52 57.67 0 0.647910 976.81 534.86 31.03 60.74 0 0.647707 13.21 262.84 51.71 80.30 1 0.646532 742.52 0.29 24.51 43.36 0 0.640415 690.91 688.36 37.52 65.26 0 0.639175 1549.64 807.45 65.22 31.12 0 0.621405 1414.42 830.76 57.47 28.41 0 0.610313 1633.41 795.78 61.70 35.01 0 0.607931 790.89 676.62 31.65 60.80 0 0.607458 1725.82 818.59 59.07 40.12 0 0.592500 1017.97 1015.85 68.94 37.32 0 0.590088 783.12 540.14 33.77 61.44 0 0.589203 227.48 227.54 49.58 30.14 0 0.573606 1771.95 207.02 32.30 50.70 0 0.571016 1263.27 856.90 55.87 27.57 0 0.562256 1267.61 372.67 35.68 23.71 0 0.548144 1634.17 244.08 31.88 55.52 0 0.543954 968.38 894.03 56.71 31.11 0 0.541460 353.04 214.00 61.03 33.79 0 0.515819 626.64 538.96 30.91 53.86 0 0.514532 628.67 591.30 33.08 66.36 0 0.508011 1695.31 149.05 34.08 47.77 0 0.501733 235.22 225.49 56.92 31.59 0 0.496881 1391.63 956.53 71.38 35.85 0 0.492431 1337.44 841.16 52.50 32.81 0 0.491660 1480.91 818.64 60.74 28.19 0 0.489002 1185.90 864.02 57.01 32.76 0 0.485235 1716.96 262.79 34.60 55.83 0 0.482019 431.58 211.35 69.40 29.38 0 0.481832 1746.47 95.85 33.18 44.78 0 0.470899 635.06 668.75 31.90 57.97 0 0.470588 1787.75 266.87 34.66 44.61 0 0.465166 357.61 948.46 75.86 43.18 1 0.462042 1727.75 35.04 30.33 41.85 0 0.462011 0.48 747.22 24.40 72.42 0 0.459632 1705.89 212.69 32.92 44.10 0 0.456570 1762.27 153.04 31.24 46.88 0 0.454941 266.99 962.65 70.89 41.54 0 0.451986 757.65 226.36 35.58 39.33 1 0.451951 991.04 226.56 29.63 54.42 0 0.449305 0.00 449.72 24.19 55.61 0 0.445905 783.79 114.48 31.73 42.38 0 0.445672 771.69 425.06 30.95 53.06 0 0.439924 1664.62 0.00 27.70 42.29 0 0.437619 0.00 633.73 24.13 63.65 0 0.436726 1757.46 150.16 31.15 49.19 0 0.435754 615.94 321.96 28.40 51.57 0 0.430532 29.79 181.12 29.18 27.20 0 0.428902 32.40 937.70 42.16 67.11 0 0.426399 1721.20 0.00 29.26 39.20 0 0.422209 1119.83 532.08 41.56 29.54 0 0.412867 0.82 558.66 22.28 71.01 0 0.409930 1786.90 94.85 28.17 40.79 0 0.403759 1672.95 53.35 27.80 34.25 0 0.397674 621.08 441.87 32.22 61.07 0 0.396633 25.87 938.25 40.49 62.59 0 0.396510 779.16 483.47 31.25 52.67 0 0.395364 1757.84 29.28 31.40 45.51 0 0.392297 0.00 238.93 28.01 34.05 0 0.376745 996.36 102.19 54.06 29.00 0 0.372147 1824.15 280.08 34.89 43.14 0 0.368337 773.67 423.79 30.89 54.27 1 0.365388 1820.84 273.39 36.04 46.69 0 0.362973 1684.02 95.47 29.43 33.34 0 0.359302 1323.15 843.89 45.35 32.29 0 0.357225 786.05 102.25 33.52 45.72 0 0.356576 1190.16 858.22 60.87 32.92 0 0.345328 1731.68 809.35 56.75 44.13 0 0.339185 1782.02 265.63 33.75 45.56 0 0.333497 356.56 954.05 78.85 36.12 0 0.331677 425.45 215.69 67.74 28.08 0 0.325367 1028.88 890.21 41.70 28.24 0 0.318364 1779.86 93.36 27.56 44.31 0 0.317301 1678.36 81.21 31.04 38.69 0 0.312759 620.49 401.11 27.81 38.41 0 0.307530 437.39 215.34 72.27 29.84 0 0.305846 1728.81 324.48 35.16 39.37 0 0.299336 340.40 326.70 30.94 39.73 3 0.288572 1690.02 130.41 33.04 46.19 0 0.287065 820.35 796.54 25.50 34.37 3 0.273358 748.93 110.70 27.64 50.99 0 0.267959 1267.26 356.38 37.82 24.41 0 0.257483 1754.56 32.91 31.70 47.23 0 0.257378 629.60 663.15 35.01 67.61 0
513,0.690453 906.96 482.50 25.39 52.24 0 0.458489 880.47 815.48 43.03 82.29 1 0.429833 882.51 818.40 42.00 81.71 0 0.395473 907.69 244.22 27.22 43.68 0 0.281515 1171.29 718.43 68.97 43.11 0 0.253648 186.80 193.29 31.08 44.19 0
514,0.709077 1150.33 818.24 29.68 50.49 0 0.620145 1820.27 59.91 26.68 24.40 0 0.601409 774.41 926.32 54.03 29.41 0 0.580376 1199.10 241.07 20.74 31.62 0 0.579532 1191.39 782.62 32.05 62.71 0 0.579343 1354.73 181.64 45.18 24.55 0 0.570014 844.05 619.18 32.19 84.50 1 0.552857 1627.55 52.18 21.88 27.93 0 0.544905 1651.16 51.87 23.69 26.31 0 0.542611 1132.94 282.35 21.77 39.78 0 0.530447 772.91 994.12 54.01 29.76 0 0.509181 1357.47 202.50 44.15 22.04 0 0.495010 1463.79 157.85 31.37 29.76 0 0.488941 1384.81 498.39 56.87 29.11 0 0.484047 1357.35 235.00 38.51 20.48 0 0.481037 1378.28 398.67 54.21 26.60 0 0.473353 1803.31 60.85 29.14 22.60 0 0.463340 1157.69 481.36 27.80 45.73 0 0.450791 839.09 648.09 31.85 63.80 1 0.415540 1371.07 345.80 55.85 22.61 0 0.406863 1291.49 101.61 44.99 21.94 0 0.398676 1378.70 379.23 55.91 25.22 0 0.393331 1747.72 62.01 21.52 21.16 0 0.390237 397.96 804.91 54.57 24.81 0 0.382233 1494.11 88.11 23.97 31.33 0 0.377279 1367.65 533.33 41.19 32.97 0 0.372171 1370.92 373.03 53.97 23.30 0 0.359116 753.94 873.19 66.64 37.41 0 0.357219 1404.50 80.45 28.31 36.85 0 0.331231 1465.52 171.78 29.70 27.67 0 0.313133 1560.62 88.93 28.04 32.84 0 0.311164 1472.47 87.06 24.93 31.03 0 0.289038 1373.79 396.34 52.82 23.75 0 0.287700 1370.87 325.86 56.54 24.89 0 0.286507 1381.02 412.16 50.76 23.22 0 0.285301 1628.35 42.43 22.61 28.94 0 0.274708 1750.56 377.86 23.46 14.35 0 0.271752 1804.78 350.37 24.82 13.87 0 0.262252 1564.25 93.23 30.62 32.79 0 0.260319 1245.44 125.91 37.19 21.73 0 0.259053 389.63 734.74 44.13 24.94 0 0.254441 1753.10 4.03 24.11 23.48 0
515,0.698691 132.12 14.88 40.75 54.14 0 0.676041 46.99 144.10 45.34 54.22 0 0.576558 1087.05 240.79 30.56 52.59 0 0.559558 1189.69 263.57 30.53 53.48 0 0.420372 587.63 44.78 21.19 23.74 2 0.416788 289.45 661.15 73.64 41.82 0 0.270297 428.28 20.74 44.26 32.57 0 0.268550 587.76 49.17 20.87 22.94 2
516,0.633509 1160.12 304.79 48.22 23.53 0 0.621844 1150.94 394.87 49.23 25.88 0 0.618293 934.78 497.63 55.32 27.09 0 0.617322 1141.71 535.01 57.63 27.69 0 0.612856 1339.51 202.09 49.80 23.49 0 0.612154 1350.57 322.69 48.33 26.86 0 0.607260 1346.12 254.74 47.96 23.03 0 0.603572 1293.78 547.61 49.91 27.09 0 0.595311 926.49 543.72 52.50 26.69 0 0.589368 1285.83 353.49 54.46 24.15 0 0.585171 1156.62 259.15 44.98 21.17 0 0.582446 1156.76 230.33 44.79 20.95 0 0.579628 1356.52 466.96 54.80 27.22 0 0.569413 1138.96 563.59 54.62 26.74 0 0.561521 1091.66 225.73 45.93 21.14 0 0.556556 1287.43 399.82 52.78 23.26 0 0.554712 1283.77 207.01 43.29 20.49 0 0.552098 1364.73 578.09 54.61 29.13 0 0.551069 1346.26 259.35 46.68 22.20 0 0.549037 1289.26 296.02 46.93 23.03 0 0.546935 1158.40 204.15 45.14 21.96 0 0.536812 1353.50 494.76 50.92 26.15 0 0.536629 1287.13 424.86 55.37 25.77 0 0.536057 850.01 569.40 57.28 27.13 0 0.534931 1149.97 465.05 50.57 24.78 0 0.532666 1148.69 441.28 51.02 23.47 0 0.532528 1284.38 253.99 43.34 20.25 0 0.523695 1157.77 326.74 47.55 22.52 0 0.523534 1286.19 275.82 45.69 20.86 0 0.519487 1152.27 368.82 53.02 24.04 0 0.519086 1153.79 347.98 47.90 21.76 0 0.516441 1288.92 324.66 49.53 22.07 0 0.513602 1292.66 519.70 51.90 26.66 0 0.512123 1284.30 445.71 56.41 28.28 0 0.510628 1344.34 371.58 47.96 21.69 0 0.505403 1159.63 279.78 46.67 21.63 0 0.505401 1148.71 510.99 54.92 25.92 0 0.499194 1283.29 476.44 56.62 26.76 0 0.485465 1358.81 428.82 46.59 24.67 0 0.484203 1290.25 605.09 60.09 26.93 0 0.474062 1350.02 401.32 48.23 24.43 0 0.444637 1350.22 346.92 48.11 22.04 0 0.437122 1150.06 487.97 47.82 23.81 0 0.431160 1284.98 375.89 56.02 24.12 0 0.430243 1157.27 298.93 51.09 23.29 0 0.429535 1103.43 195.40 47.18 23.81 0 0.418245 929.44 572.28 56.84 28.10 0 0.411483 1342.64 355.31 52.10 22.58 0 0.408384 1155.66 254.41 49.76 22.52 0 0.407782 1159.65 187.88 40.03 21.57 0 0.407563 1346.07 365.45 50.17 23.01 0 0.405595 1368.04 542.85 52.15 28.36 0 0.400176 1102.53 185.73 41.12 22.25 0 0.386074 1284.67 234.07 43.01 18.80 0 0.382885 1359.54 521.70 51.62 25.15 0 0.382078 1361.00 526.07 54.42 26.21 0 0.380967 1098.63 201.59 45.72 20.87 0 0.364768 1105.01 188.63 46.52 23.60 0 0.361622 1364.56 558.70 56.51 30.56 0 0.322234 1462.95 327.00 23.69 13.66 3 0.317174 1088.27 227.94 42.30 18.15 0 0.297139 1477.03 237.56 43.08 20.62 0 0.294884 1157.26 272.72 48.59 22.41 0 0.288922 1279.78 771.18 70.78 33.03 1 0.275489 1340.95 234.40 49.86 21.19 0 0.260772 933.72 504.91 53.95 27.46 0 0.252983 1281.33 350.60 51.64 23.98 0
517,0.764719 858.60 670.84 43.01 90.61 0 0.747343 335.41 774.74 50.24 95.12 0 0.724084 181.89 443.99 47.62 86.88 0 0.706908 391.74 769.60 46.10 90.12 0 0.701348 914.86 912.67 49.12 101.64 0 0.700460 906.15 650.95 46.23 95.38 0 0.694018 1068.04 872.48 48.85 94.05 0 0.690319 596.53 713.20 48.21 98.83 0 0.690099 970.97 902.01 47.17 95.12 0 0.687282 649.19 702.43 50.53 102.02 0 0.686045 1183.62 862.59 44.42 83.82 0 0.685454 1005.18 630.10 50.08 89.30 0 0.682043 862.89 928.87 47.30 101.42 0 0.676914 591.12 983.16 46.37 93.46 0 0.674127 753.66 948.18 46.76 88.78 0 0.671275 1210.24 975.41 57.36 102.13 0 0.668901 226.86 793.09 47.81 92.99 0 0.667938 757.27 682.12 47.51 90.54 0 0.667258 280.27 783.80 49.56 94.38 0 0.666490 808.39 683.34 45.82 95.75 0 0.664466 1050.94 1015.03 46.27 64.97 0 0.663431 701.80 961.54 49.69 96.46 0 0.660806 1101.77 1001.84 46.55 72.67 0 0.657891 494.72 743.74 47.27 96.82 0 0.655511 971.30 503.77 43.16 65.86 0 0.649046 704.00 693.57 45.24 88.08 0 0.648693 958.75 632.66 50.21 91.99 0 0.646634 1114.01 606.46 44.42 91.44 0 0.642917 644.67 975.07 50.75 102.81 0 0.641448 807.74 937.57 49.15 97.81 0 0.639161 444.26 752.31 47.97 100.73 0 0.634269 534.88 988.82 51.79 91.18 0 0.633185 1019.50 888.35 51.08 94.60 0 0.631940 277.44 422.64 47.71 83.86 0 0.631484 1079.95 489.32 46.90 74.09 0 0.624741 1124.64 863.93 53.50 95.66 0 0.585814 129.56 460.92 46.90 79.74 0 0.585686 117.31 337.38 44.12 75.16 0 0.580849 477.94 1001.12 47.34 78.88 0 0.567662 1052.24 619.49 55.54 90.49 0 0.544386 1027.71 501.39 49.85 65.41 0 0.541649 758.68 954.35 47.92 99.92 0 0.514121 1174.01 853.87 50.49 102.98 0 0.486635 922.99 930.86 46.26 89.10 0 0.442561 911.70 665.18 44.40 88.61 0 0.424139 1073.62 885.28 48.04 90.87 0 0.405398 976.85 507.18 42.39 91.20 0 0.400745 1033.24 504.37 46.16 86.43 0 0.385674 811.92 949.47 50.13 93.71 0 0.367113 707.87 976.84 52.30 91.63 0 0.366619 1130.89 881.53 48.48 87.07 0 0.363478 1084.75 500.35 47.47 90.82 0 0.346921 1116.70 624.34 47.52 81.84 0 0.342863 751.81 678.88 42.33 91.34 0 0.336071 1056.04 614.29 45.17 72.39 0 0.332746 1036.54 876.75 50.47 95.35 0 0.323169 804.52 923.41 46.72 79.74 0 0.308414 253.14 1052.41 63.88 27.59 0 0.295816 1007.91 648.00 52.55 78.96 0 0.286240 328.76 1061.68 42.07 18.32 0 0.276601 983.15 895.07 63.60 98.53 0 0.271643 739.36 949.09 58.24 102.73 0 0.257823 1120.50 852.79 46.78 68.17 0 0.255445 1007.59 892.11 57.27 94.32 0 0.253102 232.22 788.59 53.52 99.48 0
518,0.555153 290.56 686.90 19.19 18.57 0 0.527330 336.39 692.79 20.85 21.38 0 0.523475 957.25 617.83 24.13 16.70 0 0.509146 838.82 561.69 18.96 23.15 0 0.491778 607.76 732.92 18.57 21.42 0 0.466943 407.28 708.20 26.03 18.20 0 0.439462 527.95 730.81 21.53 19.19 0 0.411295 359.97 693.46 18.95 20.78 0 0.404565 883.68 568.18 20.31 19.72 0 0.371773 549.73 687.36 24.42 17.95 0 0.368847 1056.80 634.40 21.26 18.41 0 0.366521 338.44 738.39 24.85 17.59 0 0.339463 812.54 494.71 19.68 15.05 0 0.338157 797.48 588.04 31.41 35.88 1 0.328046 315.39 691.26 16.26 20.31 0 0.327142 868.35 566.28 17.61 19.85 0 0.299133 1176.98 134.31 33.39 14.85 0 0.290877 1016.25 632.45 22.04 17.88 0 0.286674 333.89 701.98 21.61 20.43 0 0.285169 530.21 715.85 22.19 15.95 0 0.256593 575.33 643.81 22.59 15.34 0
519,0.759186 928.22 341.19 29.09 56.21 0 0.743924 603.08 698.69 26.46 47.28 0 0.733855 960.26 342.01 27.73 57.95 0 0.732085 861.75 266.70 26.29 51.11 0 0.710673 835.17 345.84 31.22 60.37 0 0.697871 1026.56 460.04 28.01 54.64 0 0.695993 647.04 690.95 26.71 52.24 0 0.661621 355.40 187.63 33.62 59.36 0 0.659246 665.92 276.93 32.67 56.64 0 0.651449 1035.88 337.46 26.03 58.74 0 0.647320 762.69 271.02 28.43 56.41 0 0.645639 215.83 201.85 33.49 59.87 0 0.643380 767.63 355.00 27.10 53.60 0 0.642076 714.23 688.78 28.53 48.31 0 0.641340 1071.47 337.01 28.36 55.70 0 0.636188 581.10 376.82 27.55 49.14 0 0.631823 890.46 265.76 27.09 53.21 0 0.629323 263.22 73.32 33.19 58.89 0 0.623503 230.26 79.33 30.11 56.45 0 0.621115 544.43 89.20 32.69 63.38 0 0.608335 137.29 81.00 33.29 59.73 0 0.605577 195.89 73.76 29.61 56.98 0 0.603377 961.14 459.27 27.65 56.04 0 0.599792 989.32 261.48 28.16 57.44 0 0.597461 956.53 261.07 28.78 56.30 0 0.594847 1025.76 265.95 27.32 54.88 0 0.592735 522.33 689.58 30.86 54.47 0 0.591217 797.60 268.01 28.16 62.16 0 0.589909 734.98 270.22 29.97 51.44 0 0.587391 1018.96 565.60 49.12 24.48 0 0.585301 618.32 364.13 29.54 62.27 0 0.580686 855.26 700.64 28.50 56.88 0 0.580405 897.13 338.52 28.01 65.20 0 0.579715 894.34 703.20 30.00 59.39 0 0.566527 61.10 404.56 35.69 56.71 0 0.563548 102.26 398.35 30.35 57.61 0 0.562082 458.71 644.71 30.06 54.00 0 0.561245 178.57 205.13 34.95 57.34 0 0.558651 558.07 698.80 30.78 50.60 0 0.553881 822.93 687.34 29.07 54.39 0 0.540431 992.67 458.25 28.50 62.46 0 0.539184 701.10 268.62 29.05 60.39 0 0.529857 790.62 690.57 29.24 51.00 0 0.516309 530.47 595.81 51.53 26.35 0 0.512627 537.35 632.70 49.62 29.37 0 0.512581 995.88 341.76 26.67 60.71 0 0.511463 800.32 350.27 29.49 59.47 0 0.507907 516.69 558.74 49.57 24.75 0 0.506137 130.60 394.93 33.81 58.26 0 0.501009 634.22 283.55 30.92 55.09 0 0.496510 815.41 145.12 28.64 54.55 0 0.487636 1039.86 606.78 55.77 27.95 0 0.416821 528.41 633.57 51.78 29.96 0 0.411707 924.36 265.39 27.79 55.71 0 0.392854 565.40 700.26 27.92 47.99 0 0.388576 804.53 465.27 47.37 25.22 0 0.302681 266.14 67.01 32.20 57.51 0 0.301651 473.97 186.34 24.44 41.09 0 0.281642 98.21 404.35 33.99 59.01 0 0.276107 817.25 465.46 49.12 24.64 0 0.271364 860.72 258.82 24.83 53.64 0 0.254541 77.56 0.00 39.72 21.86 0
520,0.663939 523.17 439.67 52.08 55.53 0 0.663356 208.87 465.95 62.82 69.97 0 0.650634 466.41 175.76 47.38 50.25 0 0.629389 420.19 584.45 56.39 70.05 0 0.619735 476.66 507.18 52.68 67.12 0 0.618687 550.35 88.22 34.55 41.21 0 0.611733 569.35 371.03 46.54 55.30 0 0.609162 387.13 278.73 41.96 47.83 0 0.601975 277.95 390.57 55.08 62.49 0 0.596928 762.80 85.65 30.17 33.47 0 0.583017 604.25 22.32 34.55 37.08 0 0.468225 710.07 165.42 29.78 40.38 0 0.379025 803.49 420.07 15.31 21.13 2 0.349191 575.72 54.50 30.08 30.53 0 0.321300 812.26 16.13 26.97 34.52 0 0.296534 431.52 573.66 51.45 77.73 0 0.270392 802.39 414.49 14.93 20.42 2
521,0.728064 1730.90 280.86 45.61 24.73 0 0.625417 1567.91 109.52 45.34 21.13 0 0.624400 1817.54 321.86 44.57 22.21 0 0.620798 1592.69 213.05 46.00 23.41 0 0.617115 1421.51 300.71 49.63 25.16 0 0.605266 1688.36 114.87 43.12 19.65 0 0.599438 1607.39 271.43 49.00 23.91 0 0.597538 1563.58 985.83 70.98 35.45 0 0.595528 1730.57 1000.78 82.35 37.39 0 0.594494 1701.39 158.47 42.75 20.72 0 0.592616 1647.53 993.42 73.51 38.36 0 0.586343 1585.56 154.97 43.99 22.34 0 0.577537 1617.50 328.98 46.00 22.92 0 0.568380 1717.85 229.97 47.53 23.88 0 0.567802 679.21 895.76 61.91 30.38 0 0.564190 178.32 841.69 67.63 33.47 0 0.556457 1708.38 185.95 40.28 20.14 0 0.556197 1761.26 183.83 44.32 21.34 0 0.554069 1432.76 365.57 53.79 25.17 0 0.544685 1750.44 318.62 45.24 24.92 0 0.536172 1671.03 60.94 43.06 20.01 0 0.534107 1588.73 183.39 43.99 20.68 0 0.533712 1605.10 279.05 46.89 22.73 0 0.531514 1618.78 349.78 45.30 21.61 0 0.529786 1696.24 132.10 43.68 21.19 0 0.528218 1578.82 132.00 43.62 21.69 0 0.526791 1735.30 89.42 42.95 18.75 0 0.523773 1799.47 294.76 40.50 22.54 0 0.523755 1557.76 42.73 40.79 19.50 0 0.523637 1749.98 326.54 44.68 23.09 0 0.518148 1757.69 154.92 45.74 22.29 0 0.514630 1821.92 350.99 49.64 25.01 0 0.509429 1606.03 252.28 45.48 22.49 0 0.508706 1783.53 229.28 40.28 19.70 0 0.499027 1820.53 356.25 51.13 25.05 0 0.494598 1589.23 204.22 48.47 24.84 0 0.492493 1750.20 349.63 51.57 24.54 0 0.489228 1711.88 208.29 44.29 20.20 0 0.486669 1614.32 305.12 43.53 21.51 0 0.486409 1754.73 150.74 45.97 22.48 0 0.478548 1722.87 251.82 47.92 23.86 0 0.475561 1705.14 180.34 44.62 20.46 0 0.475415 1758.50 373.11 51.83 26.31 0 0.470642 1796.74 280.77 44.60 19.52 0 0.469070 1795.98 274.34 43.17 20.85 0 0.467642 1793.14 252.12 42.40 20.57 0 0.459920 1427.95 340.46 53.70 26.65 0 0.457699 1563.01 90.46 44.77 20.87 0 0.455194 1498.49 61.02 45.32 20.63 0 0.446890 1357.84 362.16 57.08 25.57 0 0.445361 1678.81 84.07 40.37 20.14 0 0.443307 1588.05 176.55 46.37 21.17 0 0.441404 1819.24 325.31 46.00 22.28 0 0.438109 1604.57 257.02 45.22 23.78 0 0.435517 1018.21 980.46 66.53 34.39 0 0.435515 1582.53 160.76 43.62 21.80 0 0.434687 1825.55 362.77 50.01 25.21 0 0.426435 1743.45 104.68 37.09 20.06 0 0.425633 1499.14 39.70 47.36 22.29 0 0.419529 1684.88 89.80 37.43 18.30 0 0.410467 1615.00 323.73 48.34 22.90 0 0.408518 1787.10 517.75 71.62 30.73 0 0.405470 1561.74 82.92 45.95 20.95 0 0.405404 1726.81 257.83 44.50 23.53 0 0.385258 1724.50 57.89 43.43 18.83 0 0.377531 1703.19 162.54 42.38 19.82 0 0.376312 1568.14 103.28 46.19 22.28 0 0.374054 1578.11 139.91 46.09 23.21 0 0.364495 1685.41 106.29 45.69 19.64 0 0.361369 1773.33 213.35 43.43 23.06 0 0.359163 1651.32 999.65 72.65 37.40 0 0.356006 1560.09 65.66 43.28 18.28 0 0.351409 1766.90 510.65 84.82 33.59 1 0.349458 1561.79 67.85 41.23 20.58 0 0.331535 1360.07 356.74 53.78 26.39 0 0.323027 1770.70 210.10 42.45 20.77 0 0.302560 1492.15 38.41 48.19 22.00 0 0.297643 1428.43 349.00 53.67 24.77 0 0.297534 1612.02 297.54 48.49 22.38 0 0.294612 1712.15 224.66 52.04 22.99 0 0.289175 1803.61 305.20 44.61 21.63 0 0.283264 1687.50 129.42 47.73 19.44 0 0.281167 1709.85 197.88 43.98 21.62 0 0.278087 1699.89 140.20 43.73 20.83 0 0.265866 1779.47 219.47 42.02 22.37 0 0.262308 1743.01 307.28 44.60 22.00 0 0.258707 1756.46 143.03 43.79 23.73 0
522,0.666256 1083.01 828.57 74.56 120.89 0 0.659881 1408.16 716.61 93.80 103.16 0 0.638440 664.53 794.87 70.04 129.50 0 0.631325 1059.68 629.11 62.70 98.01 1 0.624653 723.53 606.09 54.88 68.41 0 0.623864 706.23 677.37 61.52 103.35 0 0.581149 321.23 310.40 93.75 37.28 0 0.570251 208.76 299.53 102.81 43.79 0 0.563543 778.30 389.21 42.73 54.77 0 0.552996 1089.33 1026.27 44.44 52.49 3 0.548165 1638.94 157.87 38.20 21.35 0 0.546671 777.79 396.48 47.08 60.78 0 0.544652 1011.63 183.20 25.68 41.71 0 0.539541 47.15 267.03 41.28 32.33 0 0.534595 1312.96 159.81 30.09 19.40 0 0.533550 1526.71 150.86 42.53 26.81 0 0.533424 1408.20 197.01 29.29 22.61 0 0.531779 1632.38 157.15 39.49 22.93 0 0.524119 403.58 266.32 50.77 32.12 0 0.520083 753.25 509.08 44.55 72.19 0 0.517028 1600.78 200.71 34.91 22.69 0 0.514305 1055.56 623.80 61.08 85.08 1 0.511773 130.90 265.93 45.35 34.60 0 0.504123 1499.21 300.37 47.25 30.26 0 0.502171 1691.33 340.56 65.60 35.04 0 0.490384 520.63 312.91 73.86 31.65 0 0.482007 709.69 642.24 63.60 142.65 0 0.475111 1460.47 155.13 31.27 22.86 0 0.459155 192.10 257.90 51.30 33.29 0 0.456593 1480.17 200.41 30.50 23.22 0 0.451369 1711.54 157.76 33.04 21.08 0 0.449675 626.12 366.82 35.35 22.14 3 0.441264 1434.59 156.59 27.95 21.74 0 0.431534 1375.31 198.51 28.67 22.74 0 0.426783 991.70 84.50 23.75 34.43 0 0.424985 808.57 91.78 46.30 23.75 0 0.424958 1567.91 204.21 30.59 23.57 0 0.423110 1063.57 725.10 67.32 91.38 0 0.421000 1343.22 200.40 28.30 19.71 0 0.416473 1347.44 158.33 30.87 20.23 0 0.412044 337.51 265.23 54.40 29.50 0 0.409047 1405.55 156.49 30.00 21.52 0 0.405213 1700.03 285.43 48.77 25.84 0 0.401994 1015.43 232.27 28.43 38.77 0 0.394969 219.75 309.96 95.23 35.33 0 0.391571 760.88 467.46 43.94 46.22 0 0.390254 1775.12 136.87 25.20 18.96 0 0.387731 1489.87 155.72 32.86 24.40 0 0.382723 1019.03 283.44 34.32 31.46 0 0.382658 1742.70 87.02 32.21 16.89 0 0.380806 442.20 311.16 69.63 35.18 0 0.374127 1014.35 228.12 26.89 36.75 0 0.373783 1032.63 345.31 35.12 50.22 1 0.367303 1026.01 85.60 27.13 33.10 0 0.364286 1065.93 249.41 36.18 33.22 0 0.360127 343.99 490.41 25.73 41.94 3 0.348394 1463.94 200.46 30.51 22.32 0 0.347887 1586.88 159.26 32.93 21.20 0 0.347070 1446.69 196.51 27.04 22.66 0 0.339227 1504.54 155.70 44.56 26.67 0 0.336865 45.15 261.87 44.36 33.10 0 0.336621 1042.25 449.51 38.61 50.18 0 0.335967 344.95 260.11 47.52 31.07 0 0.315496 1430.70 117.60 35.26 21.01 0 0.312273 813.11 64.49 46.81 22.60 0 0.307948 111.90 264.65 34.27 34.07 0 0.307722 1047.29 504.51 46.17 56.46 1 0.307304 775.57 407.68 47.29 54.29 0 0.304764 715.56 610.13 61.14 128.38 0 0.297033 889.74 27.75 23.82 23.09 0 0.294037 264.51 257.36 50.53 32.30 0 0.292591 251.76 263.20 59.14 31.54 0 0.291113 1174.99 1034.57 27.86 44.15 3 0.289166 882.14 17.34 27.29 22.99 0 0.283191 1567.47 320.59 46.03 30.19 0 0.282465 1020.69 295.14 35.45 32.05 0 0.280556 741.76 243.78 48.47 24.27 0 0.278890 258.93 266.42 50.55 31.96 0 0.267883 1125.86 1030.53 37.36 49.47 3 0.254404 991.69 91.36 24.40 33.78 0
523,0.685347 1520.85 295.32 49.03 25.82 0 0.642745 1665.94 370.57 49.47 24.79 0 0.638604 1335.46 391.97 56.30 27.03 0 0.614967 1682.68 427.75 51.93 27.56 0 0.612755 1512.91 200.19 44.49 22.92 0 0.605582 1513.62 228.12 46.64 23.29 0 0.601087 1512.44 232.20 46.37 22.25 0 0.597421 1544.84 422.52 46.97 25.88 0 0.587331 1638.80 256.93 49.79 23.51 0 0.584807 1345.70 463.76 57.49 25.64 0 0.579794 1622.30 185.62 46.49 22.92 0 0.577743 1546.26 443.95 46.44 25.35 0 0.576433 1542.79 399.20 46.29 24.09 0 0.576369 1613.32 155.51 45.69 22.28 0 0.576071 1665.81 116.54 44.55 24.51 0 0.569934 1655.25 327.80 49.71 21.08 0 0.566979 1657.35 340.99 53.81 24.25 0 0.566684 1727.04 328.27 41.82 20.69 0 0.557259 1754.83 446.40 51.76 29.26 0 0.550782 4.48 991.01 51.16 29.59 0 0.547898 1434.12 108.16 41.22 21.37 0 0.544196 1698.84 257.55 44.19 21.34 0 0.538796 1752.11 411.42 52.69 25.99 0 0.536974 1635.95 231.63 48.37 22.40 0 0.531339 1630.92 201.87 46.34 23.66 0 0.522040 1711.79 301.40 45.95 22.70 0 0.521540 1692.20 482.52 56.79 26.91 0 0.521533 1530.11 349.03 53.63 25.11 0 0.519932 1515.19 258.40 45.17 23.19 0 0.519361 1731.93 369.66 49.40 23.42 0 0.516680 1519.80 276.55 48.69 24.04 0 0.516668 1265.60 457.03 56.11 26.82 0 0.514408 1508.59 204.71 45.98 21.44 0 0.512654 1677.00 156.66 43.84 23.90 0 0.512452 1503.58 178.98 45.51 21.79 0 0.510049 1694.55 224.67 45.09 24.27 0 0.504893 1675.81 162.49 48.41 24.61 0 0.502701 1492.14 113.45 41.56 19.95 0 0.501304 1492.97 159.59 44.63 20.54 0 0.499123 1340.12 436.50 55.20 25.21 0 0.498084 1535.54 375.00 47.48 23.99 0 0.489841 1632.53 206.17 44.17 23.33 0 0.488711 1434.70 136.41 41.15 19.32 0 0.484468 1634.26 249.96 53.87 24.30 0 0.483495 1741.84 392.86 46.95 25.37 0 0.466128 1680.82 418.05 52.59 28.13 0 0.464889 1654.48 301.85 44.01 21.21 0 0.462675 1699.01 228.38 46.47 23.57 0 0.454999 1730.68 357.86 46.09 23.52 0 0.449558 1606.68 116.70 45.15 24.59 0 0.444508 1634.70 225.38 50.84 21.49 0 0.444009 1611.21 150.81 47.10 22.06 0 0.442801 1759.24 455.97 53.09 28.26 0 0.441690 1536.14 367.72 50.24 24.47 0 0.437966 1493.02 137.41 40.75 18.15 0 0.430929 1747.18 406.30 49.70 25.93 0 0.429856 522.03 1049.47 66.87 30.53 0 0.427421 1491.94 154.75 46.00 20.75 0 0.400843 1606.34 127.19 46.00 22.13 0 0.400275 1503.80 187.57 48.18 22.87 0 0.392607 1640.17 279.19 48.32 22.80 0 0.388395 1682.38 171.56 45.33 22.93 0 0.385375 1514.18 250.94 47.52 23.04 0 0.380116 1657.87 320.72 51.69 21.95 0 0.361169 1538.47 393.18 52.44 24.50 0 0.330405 1681.35 457.39 60.18 28.73 0 0.321293 1517.39 269.66 50.80 24.33 0 0.318676 1525.25 329.95 52.10 23.91 0 0.294957 1495.26 174.73 49.48 22.81 0 0.274016 1705.20 283.70 45.35 21.61 0 0.271599 1677.59 225.86 47.82 23.04 0 0.265367 1727.43 390.31 45.25 23.71 0
524,0.708332 1624.43 302.15 39.46 65.21 0 0.636671 979.27 438.45 36.58 75.72 0 0.627538 1390.05 329.32 40.39 63.76 0 0.625368 1330.76 329.44 37.32 73.08 0 0.619792 376.94 501.27 33.18 68.88 0 0.618473 1428.54 322.98 35.57 65.73 0 0.593808 1299.37 331.40 35.51 70.00 0 0.572586 1654.17 302.73 40.09 63.31 0 0.560324 881.72 455.18 33.80 66.51 0 0.549452 279.86 360.19 37.68 74.19 0 0.548279 347.73 504.25 29.17 68.19 0 0.541803 314.42 506.16 31.96 70.09 0 0.536824 1458.42 320.03 36.88 67.57 0 0.525292 278.36 516.63 34.29 62.39 0 0.520270 967.34 0.00 43.95 54.91 0 0.515309 916.00 454.84 32.64 64.14 0 0.502535 406.50 498.52 35.91 67.90 0 0.485294 212.69 367.24 36.62 77.08 0 0.409537 53.70 530.24 57.84 72.90 0 0.406690 953.40 0.00 40.72 52.25 0 0.403799 38.65 532.72 53.02 69.66 0 0.399877 1305.25 332.24 37.82 72.02 0 0.396990 959.34 0.69 46.33 68.23 0 0.385944 443.46 492.83 38.77 71.33 0 0.384784 681.95 621.89 87.40 42.40 0 0.373960 744.23 196.46 49.87 60.23 0 0.353993 1113.83 291.81 40.19 50.33 0 0.352542 1199.98 0.00 62.02 23.38 0 0.349216 746.54 217.93 51.92 51.77 0 0.347991 1092.15 0.00 31.01 59.69 0 0.346405 68.68 527.81 47.15 75.83 0 0.341982 1401.30 325.65 39.70 61.40 0 0.325734 835.35 203.56 54.37 69.99 0 0.324644 1070.04 178.75 57.14 39.34 0 0.317597 674.01 796.29 90.77 63.36 0 0.316693 1077.53 177.64 56.17 44.66 0 0.306631 603.01 277.83 68.04 35.15 0 0.306084 854.46 42.35 38.75 47.23 0 0.300652 739.94 201.47 51.16 65.87 0 0.291504 1078.44 0.00 44.40 53.22 0 0.281793 842.79 251.80 48.92 47.87 0 0.279510 841.10 222.86 52.81 55.94 0 0.263505 8.53 534.26 48.81 68.66 0 0.253722 345.02 505.37 38.99 77.68 0 0.253228 1312.26 329.54 42.13 70.57 0 0.253180 1795.41 285.95 45.39 75.29 0
525,0.804518 980.87 306.08 27.16 57.19 0 0.750719 785.22 235.20 29.15 58.15 0 0.711270 789.54 313.49 29.57 58.26 0 0.691054 509.13 652.49 29.18 52.87 0 0.688401 885.60 307.87 27.95 54.45 0 0.687470 916.39 304.97 26.95 58.46 0 0.678903 978.29 421.72 32.25 57.90 0 0.675213 881.11 668.72 30.41 53.92 0 0.673903 115.51 360.34 32.25 51.87 0 0.669136 218.80 41.70 29.68 54.07 0 0.668272 89.42 363.35 29.02 51.79 0 0.662055 807.33 652.18 29.80 56.77 0 0.661430 878.89 228.54 29.28 54.97 0 0.656576 699.23 647.60 27.54 57.40 0 0.647068 976.34 223.27 27.13 57.89 0 0.643948 717.34 232.25 29.13 55.90 0 0.642321 1007.63 423.90 30.01 54.83 0 0.631401 685.78 234.85 29.80 57.23 0 0.621681 252.40 38.48 31.64 53.47 0 0.621215 122.39 43.73 32.67 56.33 0 0.614907 1008.59 222.07 27.78 60.47 0 0.609337 651.81 240.23 29.74 61.07 0 0.599156 820.96 311.20 28.63 62.60 0 0.598404 544.95 659.94 33.31 51.79 0 0.595908 601.48 328.84 30.53 57.63 0 0.595414 620.05 246.54 31.84 58.44 0 0.589661 1056.70 298.45 27.43 55.67 0 0.589081 839.64 666.38 29.39 62.08 0 0.587492 947.91 303.68 27.73 59.42 0 0.584143 628.94 650.11 29.40 55.19 0 0.582373 204.42 165.54 31.17 59.25 0 0.579919 909.92 227.79 28.28 57.35 0 0.575942 49.30 368.47 31.09 54.03 0 0.571475 567.74 336.21 27.94 53.68 0 0.568965 845.80 228.06 27.45 59.98 0 0.553566 943.70 424.72 29.61 58.47 0 0.550040 517.39 595.68 63.51 27.20 0 0.545041 513.89 559.14 53.72 25.51 0 0.535857 1021.87 305.03 26.93 54.82 0 0.532918 751.23 239.44 28.39 55.55 0 0.528081 182.49 39.86 32.39 58.21 0 0.520238 774.89 652.66 30.49 54.75 0 0.518306 805.21 111.35 27.67 53.33 0 0.515930 582.33 656.13 30.75 52.46 0 0.515197 532.23 47.21 27.93 65.94 0 0.511799 942.93 224.91 27.31 57.02 0 0.510623 756.00 314.69 28.29 57.76 0 0.485583 166.81 169.62 29.62 57.25 0 0.482228 1003.67 528.45 51.30 27.73 0 0.458156 1017.38 569.56 61.78 27.23 0 0.455668 788.62 425.76 62.22 29.61 0 0.451273 503.85 521.39 50.92 24.66 0 0.447289 1029.47 567.92 59.47 28.81 0 0.429983 1015.18 307.50 28.30 55.87 0 0.421752 463.85 678.94 41.02 46.34 0 0.386932 517.82 556.08 60.51 26.99 0 0.341677 748.64 232.68 29.45 55.57 0 0.341673 454.93 142.38 27.18 44.06 0 0.329730 175.14 39.91 35.99 62.52 0 0.251535 341.60 152.49 31.01 55.21 0
526,0.601189 515.08 377.05 212.57 97.47 0
527,0.914302 855.34 389.68 58.23 112.45 1 0.638531 259.46 655.10 27.71 41.11 0 0.605858 646.45 693.26 25.64 44.26 0 0.598941 235.45 654.43 27.24 40.90 0 0.593514 1081.52 436.56 22.88 33.79 0 0.583656 852.40 396.29 46.26 105.64 1 0.572775 162.73 488.34 48.50 23.26 0 0.546231 209.92 651.82 30.49 41.95 0 0.526827 1172.17 436.82 24.07 34.68 0 0.518146 520.53 693.65 33.61 42.52 0 0.514316 160.99 639.23 35.55 38.82 0 0.498740 1107.90 434.35 20.89 33.02 0 0.495737 158.47 645.58 35.86 40.48 0 0.494833 520.58 678.71 35.19 45.01 0 0.485145 1217.18 435.09 23.59 34.87 0 0.483558 398.37 546.39 49.19 25.24 0 0.458771 647.84 686.02 27.24 45.96 0 0.454764 446.70 548.29 52.31 25.01 0 0.445533 334.02 660.30 28.81 39.54 0 0.445302 358.37 669.53 26.72 34.94 0 0.423181 567.77 564.68 36.86 21.95 0 0.411701 960.43 345.02 22.60 37.99 0 0.390407 561.28 488.92 43.08 20.93 0 0.385385 920.39 351.82 21.20 33.07 0 0.376006 0.00 755.00 25.53 36.88 0 0.374810 663.75 557.03 46.94 22.41 0 0.368502 580.09 564.21 37.07 20.93 0 0.364915 280.87 765.67 32.05 38.50 0 0.351041 894.82 348.06 24.06 36.40 0 0.347698 330.31 666.29 30.33 37.63 0 0.344792 1239.14 442.47 23.73 28.50 0 0.327834 814.71 402.30 36.06 23.20 0 0.322342 149.54 647.30 34.75 38.42 0 0.321181 1050.30 420.32 27.22 29.04 0 0.301921 537.39 600.58 56.51 27.63 0 0.296168 540.74 698.58 33.88 39.94 0 0.291937 1082.36 428.44 24.59 34.86 0 0.284449 896.09 357.50 19.42 30.88 0 0.280122 1240.96 577.46 47.27 27.26 0 0.275399 334.53 545.67 43.46 25.89 0 0.270895 0.00 761.47 24.91 36.16 0 0.268142 960.75 330.40 20.08 25.49 0 0.266710 895.41 327.13 20.42 26.72 0 0.264978 500.15 553.59 46.76 25.71 0 0.262845 919.28 358.04 19.19 29.08 0 0.250219 568.93 474.47 40.28 20.66 0
528,0.661008 735.78 225.35 29.99 17.34 0 0.619548 1099.58 519.89 33.77 35.99 0 0.594647 753.73 279.39 29.65 17.71 0 0.588591 1158.04 618.11 44.02 49.02 0 0.586658 686.84 584.12 58.34 31.93 0 0.557119 1049.58 436.58 32.57 30.00 0 0.556668 1269.81 224.50 27.42 15.86 0 0.517678 960.29 273.27 23.73 18.29 0 0.486040 926.02 459.01 25.76 39.34 0 0.481055 734.66 178.78 27.65 16.15 0 0.477857 982.66 313.88 21.69 19.91 0 0.455365 764.23 313.47 31.91 20.40 0 0.434842 723.48 182.11 25.22 15.97 0 0.415818 573.15 229.03 22.39 17.12 0 0.386236 662.54 277.82 32.73 20.29 1 0.373959 848.08 193.44 23.56 15.46 0 0.354326 971.16 294.75 25.46 18.35 0 0.351607 1240.50 194.23 30.13 17.76 0 0.334810 753.64 176.87 21.53 14.43 0 0.328924 752.63 259.40 26.89 16.90 0 0.327633 764.94 318.08 31.92 20.64 0 0.326197 1208.63 195.57 25.04 15.24 0 0.323088 1079.48 196.91 23.80 15.67 0 0.307266 1315.45 223.51 28.48 17.13 0 0.270472 775.78 128.33 22.01 18.04 0 0.261485 979.01 307.84 24.07 20.83 0 0.259949 908.05 177.27 16.25 12.88 0 0.251132 1121.16 330.50 46.80 34.80 1
529,0.690651 243.54 126.47 20.42 32.41 0 0.667422 94.11 255.54 26.69 38.85 0 0.666388 354.30 396.11 28.11 43.55 0 0.661243 147.04 130.99 23.66 32.01 0 0.644270 313.03 126.02 20.98 33.19 0 0.642976 75.44 255.10 24.49 38.37 0 0.639175 169.14 133.52 23.91 32.42 0 0.633014 279.58 252.91 23.38 36.79 0 0.618897 292.00 125.50 21.13 31.60 0 0.606756 54.46 256.23 24.27 37.70 0 0.605179 341.02 122.30 19.45 33.47 0 0.604391 269.07 400.04 29.13 47.01 0 0.597534 124.84 134.91 25.30 30.96 0 0.594444 380.08 165.21 21.44 36.52 0 0.589544 119.94 256.57 26.52 39.41 0 0.589329 54.20 172.68 25.30 35.39 0 0.587631 98.76 171.28 25.00 35.32 0 0.583298 386.97 124.96 20.02 33.78 0 0.577004 25.17 263.90 23.28 37.19 0 0.574689 306.64 252.83 23.03 37.29 0 0.568183 357.28 257.72 25.66 34.40 0 0.566971 265.40 125.60 21.88 31.52 0 0.565904 50.11 259.84 23.09 37.95 0 0.561490 955.36 0.00 22.60 38.98 0 0.557671 26.92 175.15 26.63 36.03 0 0.552186 333.11 258.84 23.05 35.07 0 0.551963 960.76 341.80 23.66 42.52 0 0.551597 48.49 137.13 27.26 30.68 0 0.543176 957.51 244.13 23.96 43.66 0 0.542380 407.98 160.15 24.32 38.45 0 0.533057 75.16 172.15 24.54 35.02 0 0.530202 25.83 137.76 25.75 30.92 0 0.520790 283.69 168.40 21.67 38.02 0 0.517416 216.35 130.38 22.67 30.81 0 0.516201 146.36 257.61 27.33 38.18 0 0.492586 198.18 168.26 24.63 36.18 0 0.487521 355.09 165.34 20.80 33.74 0 0.486901 957.30 81.27 18.26 35.49 0 0.486652 118.63 174.38 24.83 33.25 0 0.486038 233.76 167.25 23.69 39.92 0 0.484315 255.65 253.80 24.80 35.94 0 0.477774 173.64 257.41 26.69 41.09 0 0.475580 123.64 260.50 24.56 37.55 0 0.473843 364.20 124.05 19.84 34.14 0 0.473409 326.74 395.93 26.03 43.20 0 0.471350 959.85 294.81 25.34 44.87 0 0.468106 169.27 140.60 26.22 31.25 0 0.464299 256.65 166.38 22.83 39.98 0 0.462984 3.24 179.36 25.98 34.95 0 0.462072 344.11 454.40 24.93 43.49 0 0.460460 145.79 172.01 24.60 31.69 0 0.459180 189.06 132.01 22.83 31.62 0 0.457851 27.78 259.14 24.97 37.82 0 0.453619 168.00 170.39 24.29 33.59 0 0.448470 2.10 267.08 20.29 36.65 0 0.426863 207.81 166.11 24.20 39.31 0 0.411440 235.80 253.30 25.81 37.27 0 0.397321 553.31 156.80 22.07 47.60 0 0.381164 331.34 165.59 20.16 33.74 0 0.375667 957.98 158.32 18.77 35.62 0 0.353411 321.00 399.88 27.76 44.39 0 0.346883 873.41 8.91 33.71 33.10 0 0.330135 273.53 395.81 31.04 49.90 0 0.326047 957.00 253.64 25.54 43.27 0 0.310178 865.99 7.32 34.27 29.63 0 0.289696 550.61 160.99 21.94 49.36 0 0.288028 316.74 165.34 20.40 36.33 0 0.264788 178.63 255.35 28.03 39.23 0 0.258296 510.86 129.85 17.20 23.79 0
530,0.773234 629.50 430.49 127.84 61.46 0 0.743855 141.87 414.27 115.42 56.76 0 0.741250 880.86 739.33 166.15 79.55 0 0.723969 1234.76 520.42 146.36 65.36 0 0.720891 330.99 383.53 124.59 61.49 0 0.716679 1059.35 485.74 127.60 65.91 0 0.711752 233.22 370.71 96.66 52.44 0 0.707330 0.00 746.22 148.67 87.52 0 0.705787 1039.85 905.40 180.62 98.75 0 0.702082 754.72 450.65 120.10 65.24 0 0.692722 473.09 404.32 117.71 57.09 0 0.690852 894.53 466.35 125.49 61.80 0 0.684247 483.10 822.84 164.84 87.74 0 0.677077 62.93 511.97 145.93 67.85 0 0.670998 1072.51 707.41 157.36 83.17 0 0.657596 414.09 897.64 201.32 93.12 0 0.645901 533.29 758.23 145.46 76.35 0 0.632277 356.63 730.18 157.28 83.90 1 0.619939 544.08 716.09 162.47 69.52 0 0.610829 824.18 963.08 188.23 91.28 0 0.580916 4.05 559.60 148.26 74.44 0 0.546815 389.93 988.26 181.29 91.74 0 0.537127 19.68 86.00 91.46 59.92 0 0.524680 379.56 671.87 158.92 67.55 0 0.511968 1430.35 999.78 233.31 80.22 0 0.453414 104.97 174.43 58.45 43.08 0 0.448202 1075.64 648.94 137.18 62.87 0 0.404278 538.45 741.54 158.22 72.07 0 0.359990 544.46 703.83 166.91 68.07 0 0.339855 406.28 907.94 181.89 90.59 0 0.313831 472.41 815.49 158.91 75.88 0 0.291513 288.45 480.34 22.15 33.66 2 0.276576 756.15 430.93 122.78 71.04 0 0.259513 37.50 522.28 151.52 64.97 0 0.254685 1077.89 690.36 148.77 73.35 0 0.251902 530.18 730.47 142.39 81.87 0 0.251544 9.92 541.25 177.08 77.90 0
531,0.302936 944.23 331.34 28.44 37.94 1 0.268465 945.48 322.41 30.76 44.11 1
532,0.555418 1576.66 38.07 40.05 35.25 0 0.528592 38.08 796.32 119.86 65.41 0 0.481802 1501.43 94.61 38.04 32.87 0 0.395376 1564.65 42.10 34.90 32.07 0 0.392997 1547.67 61.91 37.54 37.86 0 0.384557 709.71 458.87 56.32 73.20 0 0.381363 1552.84 56.99 35.03 39.24 0 0.368559 1461.81 109.42 32.69 28.56 0 0.357826 1499.70 86.87 42.04 38.28 0 0.343200 9.56 973.39 141.74 69.81 0 0.325623 1492.38 96.50 31.51 31.61 0 0.311912 4.61 803.82 48.76 66.50 0 0.311375 1540.88 51.77 31.16 36.79 0 0.307460 1533.12 70.23 34.98 34.97 0 0.290490 1579.80 41.34 39.26 40.32 0 0.279970 1646.20 0.96 45.75 45.21 0 0.267258 936.74 352.13 32.24 47.77 0 0.259110 1413.00 137.72 25.64 28.47 0
533,0.382475 858.64 548.16 37.37 15.50 0 0.357937 900.10 541.15 36.69 16.50 0 0.342210 1794.05 228.97 27.56 17.83 0 0.324171 1026.91 497.49 35.22 18.22 0
534,0.595809 1040.19 222.71 18.51 20.35 0 0.490174 1244.69 365.59 18.69 12.53 0 0.433059 1071.11 224.74 21.03 16.06 0 0.425856 1147.91 395.56 19.27 18.75 0 0.406251 455.67 128.71 39.83 19.52 0 0.397710 1272.29 448.47 20.07 15.66 0 0.382638 1171.98 424.86 20.14 19.18 0 0.373370 1286.33 365.40 21.21 12.84 0 0.342722 423.29 125.31 20.56 21.67 0 0.328924 16.12 309.37 20.41 25.02 0 0.325203 1262.55 364.39 16.38 10.07 0 0.322861 1324.73 363.51 17.98 13.19 0 0.311662 351.73 109.76 19.24 36.67 0 0.307023 446.80 128.16 32.50 18.89 0 0.304127 604.01 449.66 14.57 21.65 0 0.299947 1276.07 397.99 23.29 13.29 0 0.293055 1230.62 413.53 21.72 14.03 0 0.277553 1123.52 378.65 16.31 12.50 0 0.277216 1187.75 361.07 16.71 14.21 0 0.263440 400.13 125.62 21.62 23.54 0 0.263218 1205.52 365.38 16.49 14.80 0 0.254085 608.75 399.23 12.78 16.06 0 0.250174 1136.78 360.11 17.75 13.73 0
535,0.365961 887.33 538.83 24.37 39.24 0 0.344118 1478.54 663.82 39.80 35.89 0 0.336132 1035.08 845.31 39.18 80.13 0 0.306441 938.73 89.64 22.38 25.75 0 0.291327 888.48 578.09 22.99 34.09 0 0.262852 939.64 99.73 20.83 27.77 0
536,0.475203 966.95 79.11 20.32 32.66 0
537,0.606909 881.14 416.29 45.31 66.93 1 0.586332 700.12 627.98 23.24 35.62 0 0.567616 595.54 625.74 22.76 36.60 0 0.553333 453.04 609.48 25.91 31.97 0 0.514020 282.61 589.48 31.33 35.14 0 0.510530 386.07 677.97 25.63 33.37 0 0.496802 1198.80 447.80 28.83 20.90 0 0.484178 366.37 599.25 27.84 37.57 0 0.479414 967.22 373.70 24.58 30.78 0 0.469430 135.62 672.42 40.56 30.79 0 0.467544 1152.95 448.95 21.69 23.57 0 0.463979 910.19 368.64 25.08 27.38 0 0.448536 429.67 608.69 24.54 32.58 0 0.441993 492.65 519.97 36.21 21.54 0 0.436654 629.34 521.64 28.58 20.45 0 0.430125 341.80 599.98 25.54 36.40 0 0.421796 533.50 520.44 33.11 21.87 0 0.411061 588.10 521.92 31.11 18.65 0 0.406033 210.65 514.97 30.71 20.08 0 0.402176 319.55 599.66 26.74 33.57 0 0.387645 338.91 595.28 27.51 35.55 0 0.384065 285.61 475.70 38.43 24.94 0 0.381062 632.88 467.27 39.46 18.04 0 0.376624 930.26 369.98 23.60 27.85 0 0.372431 650.57 521.10 33.67 21.41 0 0.345962 844.07 416.68 30.98 19.27 0 0.343208 138.73 664.31 40.81 38.50 0 0.333971 1072.30 440.91 24.34 27.33 0 0.333315 357.65 674.80 33.44 30.41 0 0.332702 592.33 616.72 25.83 39.29 0 0.323997 244.48 510.11 28.34 22.86 0 0.318369 1222.38 424.14 23.94 15.49 0 0.307678 487.27 519.69 34.23 21.21 0 0.298249 250.37 507.59 29.69 24.49 0 0.295668 1096.73 442.21 24.37 25.20 0 0.292521 582.52 519.00 29.18 18.31 0 0.279156 930.39 384.46 21.03 25.95 0 0.272977 284.03 596.37 29.64 32.58 0 0.264674 617.30 635.28 24.38 30.80 0 0.258617 715.12 523.18 42.15 24.13 0
538,0.713691 1257.84 786.82 92.30 102.11 0 0.680267 1172.56 683.08 73.14 80.84 0 0.655820 570.18 790.93 82.35 80.07 0 0.655302 416.10 884.85 76.72 93.41 0 0.649059 807.17 599.43 75.23 86.41 0 0.648550 981.78 829.46 82.70 85.48 0 0.647105 511.01 807.11 82.45 92.22 0 0.646080 1168.47 865.29 72.94 89.16 0 0.625224 760.77 649.25 82.34 87.69 0 0.623510 951.07 501.00 73.35 86.28 0 0.615404 1023.29 793.16 84.16 80.45 0 0.602915 309.11 961.77 84.14 98.27 0 0.602409 659.32 700.73 79.65 93.85 0 0.596816 894.40 899.67 71.48 92.01 0 0.595314 907.54 544.78 72.89 78.05 0 0.586422 1121.73 900.76 81.14 92.98 0 0.580817 361.24 919.44 85.72 105.54 0 0.580276 609.17 736.64 88.15 81.93 0 0.565535 940.21 869.10 79.04 85.58 0 0.565232 1067.70 755.10 81.27 78.42 0 0.565215 809.23 421.58 64.85 75.01 0 0.563829 777.92 969.30 76.51 89.79 0 0.562679 716.83 678.34 83.67 87.95 0 0.557215 920.81 370.31 67.18 77.83 0 0.557184 1128.07 715.27 79.29 84.35 0 0.552270 998.91 473.97 67.94 81.00 0 0.546961 855.92 562.70 71.17 81.30 0 0.545131 915.11 360.43 59.90 67.47 0 0.544849 869.67 397.16 59.98 58.52 0 0.538826 29.97 650.43 76.69 94.84 0 0.533828 896.69 526.98 70.07 66.66 0 0.533668 295.48 964.78 90.65 106.09 0 0.527942 900.91 908.56 71.83 93.45 0 0.523638 934.09 389.73 62.69 68.40 0 0.517424 833.99 935.08 74.73 93.62 0 0.515876 882.08 423.35 64.72 62.13 0 0.513033 756.07 635.16 78.32 88.27 0 0.511864 944.83 494.93 76.44 77.93 0 0.511775 980.19 816.15 75.81 86.39 0 0.495292 860.56 388.93 60.50 55.52 0 0.491620 815.86 429.26 64.79 74.18 0 0.485909 267.47 971.22 104.33 103.82 0 0.482569 561.18 761.77 62.99 54.05 0 0.481003 732.14 999.12 74.84 79.25 0 0.477481 1162.23 860.46 70.92 73.86 0 0.462714 993.16 462.60 67.55 82.30 0 0.452195 823.62 433.30 64.97 75.60 0 0.449594 804.81 981.90 70.07 91.02 0 0.439060 1113.65 893.77 76.26 77.10 0 0.437133 232.85 984.49 104.32 95.51 0 0.426729 789.17 966.47 82.03 102.02 0 0.426596 18.72 644.13 67.41 96.99 0 0.415889 849.52 557.83 67.93 73.51 0 0.389461 1113.20 703.77 68.77 68.13 0 0.388379 884.83 902.50 66.57 96.86 0 0.387326 1063.28 749.56 75.68 72.29 0 0.383974 969.94 1017.06 77.49 62.94 0 0.376963 1013.82 483.57 59.61 77.41 0 0.373934 705.52 678.68 84.71 97.60 0 0.355639 620.89 744.36 78.26 87.02 0 0.345928 459.80 109.33 56.27 80.16 0 0.344968 932.84 855.63 71.86 93.40 0 0.338016 1125.38 727.77 72.38 78.43 0 0.332189 827.16 918.60 71.38 99.33 0 0.322811 454.27 89.07 66.19 87.83 0 0.321532 575.76 769.39 75.86 95.82 0 0.317056 882.01 407.35 59.34 68.53 0 0.311400 928.58 847.38 72.45 80.26 0 0.309916 1250.05 778.50 78.79 87.85 0 0.307665 1134.21 908.83 72.79 93.79 0 0.302180 905.29 530.05 71.73 75.33 0 0.301147 941.19 505.23 69.31 79.75 0 0.298673 679.50 1038.44 64.16 41.56 0 0.296259 762.85 974.86 78.14 91.67 0 0.294142 891.78 430.87 57.24 57.68 0 0.289267 433.60 98.44 52.81 77.42 0 0.284951 915.91 352.64 56.82 62.81 0 0.283395 1042.88 766.13 71.83 93.17 0 0.282560 894.59 522.04 58.08 57.78 0 0.275612 1158.93 856.33 56.06 61.33 0 0.274572 1014.54 801.32 80.38 81.37 0 0.270100 901.84 370.70 65.09 72.26 0 0.264281 942.54 489.79 65.48 70.14 0 0.259696 1161.44 671.07 71.52 73.04 0 0.258856 824.32 915.11 61.12 75.98 0
539,0.593023 1525.17 309.80 149.45 80.38 0 0.578919 1173.81 390.81 159.29 86.55 0 0.569329 1161.60 406.72 172.27 90.89 0 0.489891 1383.37 358.17 135.51 77.26 0 0.451262 1200.60 387.34 128.86 72.23 0 0.448280 677.64 571.50 130.95 147.55 0 0.425766 532.12 550.05 126.41 112.27 0 0.417306 541.52 538.10 136.09 131.06 0 0.378921 788.72 614.22 144.84 162.33 0 0.367542 1520.26 321.50 130.02 76.25 0 0.302980 1362.83 365.95 79.38 68.77 0 0.294950 1158.54 426.65 164.79 81.28 0 0.261060 563.27 510.62 127.80 94.61 0
540,0.861961 1263.90 552.45 81.78 38.94 1
541,0.649871 1010.89 557.56 74.02 31.81 0 0.645963 390.75 528.91 77.19 32.47 0 0.639813 1200.75 565.69 64.29 27.51 0 0.635834 568.41 542.40 69.56 28.11 0 0.635469 1102.27 561.39 75.83 33.97 0 0.622716 925.28 553.08 67.74 32.38 0 0.621008 754.96 545.98 67.91 29.08 0 0.530060 657.12 541.27 82.62 33.21 0 0.467152 839.23 552.16 65.15 26.71 0 0.383737 217.80 528.34 87.53 31.24 0 0.380368 657.75 549.31 83.85 29.78 0 0.358031 208.43 519.64 92.30 34.95 0 0.294674 207.05 527.64 82.22 29.20 0
542,0.662973 173.98 338.88 30.80 49.42 0 0.659913 239.79 339.08 28.83 47.04 0 0.593647 627.16 79.10 19.17 29.14 0 0.578542 269.78 337.51 29.28 49.28 0 0.528401 133.54 342.77 32.19 47.65 0 0.527418 817.70 168.31 19.91 35.50 0 0.521757 830.50 232.55 48.61 22.46 0 0.516866 472.17 986.93 176.31 62.06 1 0.501065 445.40 376.05 43.38 21.86 0 0.459370 979.75 309.85 22.98 36.75 0 0.451300 815.36 160.24 21.83 35.86 0 0.429425 863.29 160.49 23.68 36.66 0 0.428293 434.08 313.22 40.11 26.24 0 0.376375 841.19 165.82 16.16 35.84 0 0.337471 688.69 173.69 23.04 28.14 0 0.322738 1073.13 1018.49 24.11 23.78 0 0.318782 597.28 79.09 21.36 27.45 0 0.316359 736.44 177.87 28.01 26.49 0 0.315874 652.10 112.97 17.35 31.43 0 0.314294 522.12 63.38 36.01 17.85 0 0.309481 886.46 169.07 19.71 29.99 0 0.288208 906.97 172.07 21.07 26.16 0 0.285483 936.94 170.05 20.74 27.25 0 0.282610 822.49 231.63 43.58 20.81 0 0.279421 980.31 300.46 23.06 40.40 0 0.278331 475.24 329.31 27.91 24.24 0 0.259585 129.37 349.26 31.24 43.55 0 0.256197 365.95 1049.34 58.90 30.66 0 0.254187 766.76 175.91 22.98 27.42 0 0.251613 654.19 167.89 22.97 29.80 0
543,0.451254 1075.17 443.81 39.26 19.26 0 0.434209 570.22 945.97 28.01 27.29 0 0.351596 578.39 922.66 32.30 23.46 0 0.348316 589.46 915.76 32.91 25.87 0 0.323259 617.33 869.79 30.20 26.24 0 0.278243 593.37 904.18 31.75 24.77 0
544,0.595167 537.73 589.69 54.21 50.74 1 0.550553 528.59 594.51 64.23 51.46 1 0.483532 693.11 632.82 28.90 21.49 0 0.468291 286.27 663.70 24.03 15.58 0 0.435389 120.67 654.84 26.28 20.52 0 0.434637 243.70 688.54 22.56 22.64 0 0.410497 625.29 572.34 19.79 16.93 0 0.392689 1780.26 518.85 52.13 22.54 0 0.363178 744.36 641.82 21.44 20.72 0 0.358857 95.01 656.95 22.69 17.49 0 0.329568 70.95 641.46 24.69 18.21 0 0.318839 311.56 618.84 23.32 15.94 0 0.252639 247.77 619.37 23.14 14.20 0
545,0.759832 1181.63 744.68 26.28 54.26 0 0.741292 1052.58 749.61 27.50 55.37 0 0.727392 1243.90 747.58 25.90 52.41 0 0.724132 1319.48 742.96 27.31 49.48 0 0.686158 1240.34 864.23 28.23 53.87 0 0.665330 1269.64 863.87 29.83 57.83 0 0.658491 1149.80 748.11 28.30 51.40 0 0.655386 475.32 592.56 30.83 56.34 0 0.649400 1205.75 863.54 28.27 52.45 0 0.633103 1286.47 745.08 25.38 49.30 0 0.632473 952.01 671.93 29.83 52.90 0 0.623917 866.32 765.42 28.63 53.83 0 0.616070 354.99 785.71 33.84 55.79 0 0.610132 398.96 471.53 29.65 49.51 0 0.603504 1142.58 665.35 30.45 55.78 0 0.601292 1172.88 663.78 28.35 56.21 0 0.597858 525.87 465.75 28.60 54.37 0 0.594480 1085.27 749.02 27.60 57.59 0 0.585202 1243.13 667.45 27.77 53.22 0 0.584828 385.65 782.43 30.46 54.58 0 0.583497 435.03 595.51 30.99 55.02 0 0.580821 765.15 951.74 52.29 24.76 0 0.573930 458.30 464.84 30.91 52.73 0 0.571895 1259.68 970.68 49.92 25.01 0 0.567119 317.79 787.23 29.66 58.86 0 0.562277 888.78 676.14 30.16 54.16 0 0.559999 1020.00 751.30 28.67 53.43 0 0.538387 615.20 579.25 30.54 62.20 0 0.535167 1212.10 744.30 27.12 52.88 0 0.534790 1274.54 661.37 28.89 55.57 0 0.532699 1110.35 669.69 28.98 54.66 0 0.525034 418.83 778.28 31.14 56.62 0 0.518216 985.72 668.05 29.22 54.20 0 0.509262 909.77 302.89 30.08 55.13 0 0.507678 1067.07 349.98 50.83 52.81 0 0.487526 780.25 1026.46 45.03 25.17 0 0.478866 493.96 470.82 25.54 47.38 0 0.477064 832.73 783.78 24.82 41.35 0 0.475129 919.83 672.81 27.82 56.84 0 0.470406 1050.58 664.50 28.60 50.34 0 0.461060 777.40 989.48 49.87 26.39 0 0.449748 1127.04 869.72 52.05 30.61 0 0.444688 1208.20 661.12 27.08 58.35 0 0.441557 917.80 381.59 44.22 42.08 0 0.440691 340.92 347.83 31.61 55.75 0 0.438241 1279.73 746.80 26.64 54.03 0 0.433542 1283.71 1010.12 54.79 27.58 0 0.425305 1050.05 672.76 28.41 56.86 0 0.419335 1015.77 755.45 28.47 51.02 0 0.412350 910.11 295.65 29.92 45.46 0 0.387724 1019.00 672.63 26.97 55.47 0 0.387503 1070.82 548.37 29.77 51.56 0 0.375252 1267.82 969.30 52.80 24.47 0 0.363057 1048.17 865.30 51.11 27.84 0 0.357819 923.09 371.95 41.17 39.52 0 0.332426 807.30 482.54 27.32 69.91 0 0.327496 1208.03 745.94 26.25 54.78 0 0.326328 771.91 1025.51 46.26 27.10 0 0.305961 1148.56 738.42 26.41 54.24 0 0.275324 411.59 778.97 33.97 57.22 0 0.261378 1273.21 859.59 27.58 54.25 0 0.250352 981.07 670.58 29.58 55.52 0
546,0.704404 771.94 582.46 58.80 32.35 0 0.701991 751.33 488.40 56.50 31.85 0 0.685331 776.54 649.72 56.18 29.42 0 0.680458 690.88 568.58 56.80 29.94 0 0.679477 784.66 846.26 65.77 34.48 0 0.677624 919.34 436.81 55.44 30.44 0 0.676490 680.05 531.24 51.14 27.79 0 0.674995 934.60 737.87 57.51 28.16 0 0.671544 799.84 943.87 60.10 31.52 0 0.657582 918.64 538.61 54.33 31.73 0 0.653914 923.29 603.30 52.97 28.07 0 0.652799 721.00 921.19 55.87 31.16 0 0.646307 935.89 801.34 54.88 30.06 0 0.636181 685.94 627.46 55.90 31.15 0 0.630533 722.06 1017.48 61.52 34.02 0 0.629821 942.45 834.19 57.01 29.19 0 0.623989 952.28 895.58 58.86 30.11 0 0.623548 677.19 465.42 54.38 30.96 0 0.623311 1229.31 371.86 56.57 27.60 0 0.621435 918.18 473.34 52.47 28.40 0 0.616028 704.84 821.46 59.87 33.61 0 0.612757 1144.42 412.37 60.82 31.89 0 0.603161 770.79 620.02 60.08 28.75 0 0.599889 802.47 973.46 61.55 31.38 0 0.595182 706.22 762.16 56.99 30.11 0 0.592610 799.57 1010.88 59.42 29.95 0 0.590581 780.65 785.56 62.41 32.18 0 0.590252 679.65 501.04 52.72 27.85 0 0.587597 780.39 750.53 58.33 32.55 0 0.587361 686.01 665.46 60.00 30.55 0 0.580911 948.71 863.35 60.56 28.10 0 0.577522 930.36 664.92 63.34 29.94 0 0.572874 787.96 884.01 61.34 30.88 0 0.568133 938.47 770.38 56.45 27.74 0 0.567581 774.47 680.20 58.07 33.75 0 0.565957 1030.43 954.54 63.78 31.73 0 0.556981 952.85 930.16 57.55 29.49 0 0.550023 745.31 420.60 57.55 31.00 0 0.546786 930.08 702.13 58.16 26.78 0 0.538334 701.84 792.11 59.50 30.20 0 0.532250 752.68 449.98 62.59 30.50 0 0.531913 919.20 503.69 52.54 27.46 0 0.530082 707.08 725.66 54.65 30.65 0 0.528226 696.29 594.84 54.08 28.27 0 0.526562 955.35 994.28 59.32 28.98 0 0.526216 1029.75 987.42 64.06 29.83 0 0.520366 1151.60 472.62 60.22 31.40 0 0.511376 1043.52 914.04 54.07 30.85 0 0.504269 707.53 698.90 52.00 29.09 0 0.497365 1137.70 378.03 60.81 29.35 0 0.494693 736.34 215.45 78.23 34.71 1 0.486809 792.05 917.63 59.94 26.30 0 0.480522 956.17 962.05 59.81 29.97 0 0.479922 921.37 570.03 56.33 29.32 0 0.469681 725.87 955.99 56.91 27.92 0 0.465431 755.09 524.36 58.00 29.94 0 0.458860 781.98 814.55 62.75 29.05 0 0.451941 779.45 721.77 58.70 30.20 0 0.444461 780.88 806.49 59.19 34.44 0 0.430543 922.39 578.83 57.86 30.24 0 0.406536 954.55 939.53 57.50 30.35 0 0.391852 778.45 713.05 59.01 30.18 0 0.376100 682.34 496.85 54.02 28.82 0 0.370190 955.29 934.58 58.42 29.85 0 0.364452 679.63 460.83 55.85 31.55 0 0.358548 540.83 231.14 27.65 18.41 3 0.354498 922.89 470.06 54.03 29.23 0 0.353371 745.90 453.76 59.98 29.59 0 0.350144 942.43 762.73 55.10 28.85 0 0.341414 1338.01 846.32 59.98 29.99 0 0.336061 781.44 790.06 57.70 38.67 0 0.332960 929.76 673.93 63.37 28.07 0 0.328650 25.85 911.78 28.20 41.50 0 0.322465 690.82 600.08 56.03 27.88 0 0.313985 927.22 677.85 63.96 31.07 0 0.313669 698.88 687.56 55.55 30.04 0 0.304428 944.70 853.64 60.07 31.77 0 0.291510 537.63 226.47 27.32 21.51 3 0.287215 1032.12 961.66 63.29 36.44 0 0.286050 1033.13 916.81 60.73 31.86 0 0.278168 0.31 914.47 20.79 40.83 0 0.274785 744.06 442.27 61.22 31.40 0 0.268659 795.80 984.26 58.44 31.27 0 0.267678 774.08 756.75 58.80 31.89 0 0.258377 601.96 854.99 28.89 20.52 3 0.256268 681.32 661.97 55.99 32.01 0 0.250182 773.80 626.85 56.53 32.70 0
547,0.551100 812.35 564.46 23.29 17.07 0 0.495154 760.35 585.73 43.33 39.34 1 0.484968 574.46 725.73 23.11 24.79 0 0.479833 935.01 616.66 22.76 17.04 0 0.470115 262.20 684.02 24.72 18.96 0 0.468286 294.29 688.47 23.61 21.52 0 0.449092 311.04 688.72 23.18 21.32 0 0.425875 761.58 593.03 40.08 35.52 1 0.408416 494.03 713.31 25.94 23.42 0 0.404786 330.17 689.05 21.94 20.40 0 0.381503 920.43 615.73 22.31 17.58 0 0.378734 551.20 640.63 23.82 15.78 0 0.377875 787.74 489.86 22.09 18.92 0 0.346511 483.88 711.27 27.97 22.70 0 0.342154 846.20 568.80 19.89 16.25 0 0.330142 384.21 705.73 23.54 18.41 0 0.329779 857.84 568.46 22.72 18.33 0 0.322875 468.89 642.96 29.95 17.65 0 0.312375 485.89 725.09 29.44 22.94 0 0.280591 1029.07 621.71 21.11 19.07 0 0.276009 458.59 642.62 32.27 16.52 0 0.269588 518.52 679.56 31.91 23.42 0 0.262251 1320.67 187.10 26.64 11.68 0
548,0.745092 883.71 262.70 28.40 55.38 0 0.728351 554.97 618.93 28.59 49.66 0 0.726317 916.32 262.03 25.73 55.43 0 0.725453 717.54 192.24 28.34 55.74 0 0.710649 980.11 381.12 30.06 54.56 0 0.700113 791.41 266.42 30.59 63.43 0 0.687318 215.25 0.00 33.53 53.79 0 0.684657 622.86 199.20 28.82 54.30 0 0.676943 913.55 379.43 28.48 54.56 0 0.668435 719.92 275.68 27.83 56.70 0 0.661959 908.52 178.62 29.41 60.01 0 0.660226 669.90 608.53 28.80 52.43 0 0.651587 809.65 621.65 31.12 56.97 0 0.648384 1027.31 259.29 27.84 55.37 0 0.648013 813.79 185.71 28.77 58.04 0 0.636432 88.40 1.69 33.58 58.72 0 0.631789 571.98 288.55 29.32 56.17 0 0.631468 756.47 269.02 29.37 63.25 0 0.631358 843.40 183.00 29.25 59.20 0 0.627694 988.54 262.46 27.70 56.11 0 0.626773 14.46 328.68 33.46 57.75 0 0.626515 602.43 611.58 28.64 53.80 0 0.623902 145.62 0.00 33.65 53.98 0 0.623408 183.10 0.53 29.77 52.33 0 0.619603 167.91 126.53 32.49 58.22 0 0.611844 651.29 192.23 29.65 58.60 0 0.610495 517.16 619.57 28.60 50.53 0 0.605473 978.36 181.60 28.99 57.61 0 0.597560 688.11 189.65 28.62 52.99 0 0.596201 946.69 378.11 32.26 59.29 0 0.572957 852.49 625.70 27.90 58.93 0 0.571463 854.04 262.50 26.79 57.86 0 0.567245 949.49 264.91 27.24 55.61 0 0.566288 942.81 178.93 27.94 60.72 0 0.555953 770.16 68.55 26.36 54.36 0 0.542132 495.14 4.22 32.28 70.74 0 0.538722 534.61 301.36 27.47 48.95 0 0.538310 750.80 191.39 29.44 61.63 0 0.537640 745.51 616.61 29.09 50.91 0 0.534141 483.39 521.07 54.11 26.82 0 0.527378 477.23 613.36 32.95 52.30 0 0.523892 974.20 485.77 44.45 25.09 0 0.508387 586.70 204.59 32.48 57.26 0 0.503070 84.57 318.80 28.92 58.65 0 0.498788 132.45 132.34 32.87 54.40 0 0.473771 307.94 111.66 33.02 52.88 0 0.471574 980.69 484.43 50.85 26.32 0 0.470405 487.78 555.75 53.17 28.85 0 0.464290 877.28 183.87 28.65 60.15 0 0.457502 779.42 608.05 27.35 55.00 0 0.451190 468.62 697.70 56.40 30.54 0 0.442799 55.24 322.37 29.05 59.72 0 0.431715 755.27 386.08 61.86 28.75 0 0.423690 127.78 130.09 31.17 55.84 0 0.404123 470.12 482.14 53.98 25.80 0 0.381950 491.20 518.48 62.23 25.86 0 0.349474 467.33 689.48 52.19 31.75 0 0.343427 991.06 526.29 60.40 28.49 0 0.324865 848.84 263.37 28.56 61.06 0 0.276827 150.83 0.00 34.49 52.90 0 0.263455 221.55 0.00 33.21 51.82 0 0.257544 508.40 618.40 34.05 51.80 0 0.254291 422.82 97.75 28.62 50.17 0
549,0.696930 653.00 600.95 59.88 60.22 1 0.417695 217.39 665.73 21.72 19.96 0 0.395077 432.67 639.29 27.55 18.89 0 0.392788 189.68 660.82 24.02 17.49 0 0.385046 768.41 594.57 17.95 16.19 0 0.375147 870.09 659.09 20.12 16.16 0 0.331580 402.00 679.37 35.00 22.01 0 0.330851 371.96 714.18 34.12 20.77 0 0.295010 240.38 667.75 24.51 23.33 0 0.279162 434.03 684.73 22.60 20.61 0 0.264695 813.36 643.78 22.84 19.94 0
550,0.663286 30.74 172.88 21.48 36.44 0 0.651250 258.74 169.81 22.80 35.70 0 0.641568 831.13 890.08 32.91 59.73 0 0.615733 221.50 52.57 21.17 32.50 0 0.606827 330.10 84.89 23.59 32.35 0 0.605208 244.49 52.06 18.18 31.92 0 0.589499 172.26 52.08 19.24 30.32 0 0.584924 246.32 298.91 26.94 43.19 0 0.575005 191.73 297.80 29.35 44.50 0 0.570406 310.74 50.08 21.59 28.19 0 0.568787 147.70 55.51 22.27 31.79 0 0.554995 138.06 89.95 22.18 33.61 0 0.539085 281.83 83.01 21.46 34.98 0 0.533748 73.65 57.95 21.13 24.58 0 0.530037 100.33 60.72 23.29 26.01 0 0.529004 264.32 353.78 21.69 39.98 0 0.528176 44.82 94.61 20.03 32.15 0 0.527658 55.56 173.28 21.29 33.64 0 0.526103 268.64 47.77 17.44 30.74 0 0.525860 190.47 52.86 21.32 30.90 0 0.525305 188.11 92.41 21.23 35.11 0 0.522880 47.63 90.74 21.26 32.99 0 0.519347 270.05 296.27 26.59 43.08 0 0.517220 233.59 169.14 21.27 33.69 0 0.508321 259.21 85.53 21.92 34.08 0 0.501826 77.07 174.18 24.80 33.14 0 0.498821 3.94 169.07 19.82 37.61 0 0.492366 113.87 58.28 24.15 27.89 0 0.474642 110.39 170.91 25.33 36.65 0 0.474188 163.40 93.22 20.40 33.38 0 0.473713 162.11 169.22 22.44 36.00 0 0.467944 212.99 92.85 21.49 33.38 0 0.466420 286.96 47.40 18.10 29.52 0 0.462123 244.15 304.28 25.12 37.29 0 0.452410 279.63 169.76 24.31 35.35 0 0.446016 305.83 90.52 21.64 31.65 0 0.425841 189.39 170.08 21.45 33.83 0 0.395357 19.69 94.14 20.07 34.21 0 0.378538 114.96 88.53 22.26 34.38 0 0.375865 67.85 93.44 20.40 32.97 0 0.374718 92.12 93.56 21.07 32.49 0 0.361255 0.50 92.90 17.96 35.31 0 0.336120 270.61 43.96 17.91 30.19 0 0.319068 101.62 172.95 22.97 33.62 0 0.296292 209.88 169.48 21.62 32.45 0 0.275478 313.22 44.87 21.28 29.61 0 0.273582 94.72 86.10 23.43 34.32 0 0.265632 275.47 294.43 27.95 41.76 0 0.262153 246.35 80.61 23.30 35.15 0 0.253746 852.32 157.72 26.40 43.91 0
