Image_ID,PredictionString
1,0.392090 522.57 367.84 31.17 35.73 3 0.346566 263.26 246.90 31.26 30.26 3 0.345010 1524.56 102.16 27.99 31.28 3 0.289360 1434.73 173.97 82.13 76.19 0 0.284554 0.00 26.69 73.30 44.36 0 0.283790 495.76 698.35 25.71 26.50 3 0.256627 924.02 699.61 33.83 28.25 0 0.250088 1499.91 0.00 45.87 46.24 0
2,0.586712 688.67 292.00 27.47 37.53 0 0.570025 810.82 191.62 27.42 49.06 0 0.537297 1652.54 5.25 19.22 34.24 0 0.507624 758.03 312.95 31.65 27.23 0 0.494356 617.71 187.60 22.77 35.10 0 0.490050 1794.65 99.27 33.72 34.66 0 0.467662 766.28 672.76 34.71 53.44 0 0.439865 697.21 658.01 30.87 64.74 0 0.433046 1702.10 5.82 19.35 42.26 0 0.413874 490.03 187.62 30.89 33.30 0 0.411779 625.04 308.90 27.66 30.44 0 0.403179 626.43 297.05 24.20 42.60 0 0.387343 566.03 188.39 28.98 31.28 0 0.382925 1727.93 10.58 29.73 42.18 0 0.372244 456.13 420.32 24.65 37.20 0 0.368207 548.05 291.76 27.90 44.93 0 0.361981 543.05 572.69 31.32 47.33 0 0.354824 473.66 257.25 30.51 27.22 0 0.350757 451.67 370.83 22.65 20.85 0 0.349024 619.52 432.00 32.01 33.20 0 0.348644 766.38 304.27 24.64 39.77 0 0.340804 524.91 374.28 30.54 33.20 0 0.340316 702.36 509.59 18.70 59.71 0 0.331651 1746.14 20.28 24.12 33.43 0 0.329223 568.22 181.39 25.32 36.27 0 0.328666 1784.47 98.92 18.65 32.68 0 0.324255 1728.26 20.50 30.69 29.85 0 0.323589 604.76 290.01 22.95 49.64 0 0.321364 662.30 190.84 28.11 37.09 0 0.307514 723.97 507.77 28.63 59.21 0 0.304164 715.17 665.36 24.15 55.23 0 0.303183 1705.55 88.29 22.43 30.74 0 0.297660 679.06 662.48 21.37 60.58 0 0.297512 1604.05 0.00 21.98 28.57 0 0.294706 519.91 406.28 28.81 47.23 0 0.287211 743.30 514.68 26.20 38.59 0 0.281752 687.20 306.23 27.99 32.24 0 0.281301 265.85 409.47 36.35 39.60 0 0.279691 558.66 176.72 23.47 43.36 0 0.278550 694.12 383.21 30.71 35.05 0 0.276074 1706.82 9.33 25.52 41.82 0 0.275486 747.92 293.64 24.46 45.58 0 0.275259 1657.86 79.08 19.91 36.72 0 0.274119 453.58 430.55 26.64 28.19 0 0.272182 761.39 187.89 25.73 49.57 0 0.266656 545.75 311.16 31.46 26.09 0 0.263565 451.16 744.80 30.60 25.57 0 0.261074 715.54 383.77 26.10 38.59 0 0.258442 641.49 311.35 27.27 30.21 0 0.255987 641.12 430.64 25.24 38.46 0 0.254793 331.71 679.06 33.54 56.19 0 0.252662 258.03 437.34 32.50 35.61 0
3,0.269466 568.74 226.28 27.30 26.53 0
4,0.386096 1102.11 65.13 24.31 36.92 0 0.337507 1000.99 0.00 29.47 32.20 0
5,0.401026 1114.00 288.39 24.68 18.53 0 0.398413 1111.07 328.49 20.36 22.33 0 0.383038 1246.54 675.01 43.22 31.26 0
6,0.463109 592.02 640.78 31.89 33.29 0 0.251146 1111.79 273.80 24.11 31.06 0
7,0.484949 734.88 679.25 36.99 43.62 0 0.374805 963.53 660.32 28.40 34.76 0 0.344612 1054.85 825.66 23.99 44.80 0 0.313579 1224.20 766.53 27.36 50.11 0 0.307873 1361.08 440.18 29.31 33.30 0 0.282010 973.91 669.98 30.83 30.37 0 0.268415 622.24 978.29 27.53 51.74 0 0.264098 1007.63 552.11 27.81 34.33 0 0.255713 497.69 675.24 58.85 40.31 0
8,0.438039 926.96 434.67 86.70 46.98 0 0.318569 1306.10 592.82 102.76 58.10 0 0.317186 809.83 425.74 90.28 47.66 0 0.303123 1602.00 649.82 25.99 36.30 0 0.301052 921.60 440.04 49.14 42.58 0 0.291399 87.38 367.50 31.34 37.62 0 0.285778 959.03 435.49 76.15 47.54 0 0.269340 982.28 443.49 49.57 37.80 0 0.254715 1487.65 509.66 125.43 55.23 0 0.252119 1338.77 601.89 77.95 49.57 0
9,0.499074 497.28 389.31 34.15 35.17 0 0.423745 326.80 468.60 30.01 54.27 0 0.366764 1046.46 579.94 25.61 31.77 0 0.353726 233.04 634.44 32.05 58.56 0 0.339816 190.65 1021.22 32.72 58.78 0 0.314498 1038.76 578.39 24.79 30.31 0 0.310022 146.84 675.94 26.98 47.83 0 0.303546 1230.33 726.69 19.30 34.09 0 0.287981 0.00 745.21 20.83 42.78 0 0.280579 383.59 866.06 34.98 62.01 0 0.280042 1416.75 747.60 37.88 45.54 0 0.276850 883.29 223.81 30.70 33.63 0 0.272483 405.45 1031.29 26.70 48.71 0 0.269748 41.02 558.83 27.91 61.32 0 0.269250 231.62 1024.77 29.70 46.42 0 0.268713 449.21 1020.55 28.99 59.45 0 0.267061 1575.77 554.99 31.17 37.13 0 0.260942 1034.74 566.49 25.66 41.01 0 0.259757 71.94 803.87 24.02 45.17 0 0.254647 1422.45 749.18 40.44 34.21 0 0.250241 337.42 879.63 26.64 56.31 0
10,0.391959 1004.38 0.00 28.25 33.89 0 0.363723 1102.57 63.29 25.41 38.09 0 0.265204 22.64 373.48 34.37 34.23 0
11,0.431193 460.43 106.61 30.48 30.31 0 0.415592 1285.94 541.07 58.06 48.58 0 0.331034 1285.61 539.14 49.15 52.09 0 0.324881 549.04 575.17 60.39 33.62 0 0.298832 422.11 104.68 14.82 28.18 0 0.251943 452.31 103.14 24.79 34.09 0
12,0.342505 1114.62 291.37 25.51 21.13 0 0.267584 1107.91 375.09 36.91 48.27 0 0.251644 591.58 651.39 35.55 36.79 0
13,0.493340 1107.00 64.01 21.76 38.37 0 0.419026 1005.67 0.00 30.14 33.59 0
14,
15,0.560495 643.24 222.72 21.02 37.45 0 0.552498 542.82 459.58 30.74 28.91 0 0.541793 644.85 467.12 28.97 33.77 0 0.520308 782.44 701.14 37.09 62.33 0 0.455858 701.69 549.76 18.72 49.02 0 0.440896 640.28 613.02 27.15 29.98 0 0.412877 549.34 410.13 35.59 32.06 0 0.384492 1432.87 222.89 28.71 26.32 0 0.373903 618.92 416.65 20.67 25.76 0 0.371568 763.99 555.90 24.32 42.12 0 0.358088 568.64 412.18 25.51 32.95 0 0.353730 629.52 609.62 21.87 37.77 0 0.350061 254.41 535.59 31.71 28.16 0 0.346422 672.34 331.76 16.76 44.12 0 0.337349 714.24 322.35 25.41 50.42 0 0.337140 722.84 548.27 19.91 51.85 0 0.335677 782.12 358.68 34.52 26.94 0 0.333176 725.33 702.67 21.41 60.95 0 0.332220 672.82 708.75 20.89 52.14 0 0.330981 517.23 219.92 30.14 39.53 0 0.320105 746.77 708.00 15.04 55.89 0 0.318385 518.83 713.31 41.03 52.79 0 0.315834 596.29 221.34 19.79 38.22 0 0.298318 777.73 700.86 27.25 61.62 0 0.295967 592.42 311.33 30.02 47.67 0 0.292290 674.97 552.97 21.52 42.86 0 0.290596 749.36 554.40 24.04 46.23 0 0.290497 786.42 346.83 29.21 36.43 0 0.290195 692.84 413.87 25.55 32.27 0 0.289055 1009.06 770.23 71.95 33.26 0 0.283879 1001.85 223.60 34.69 35.57 0 0.278857 591.97 330.60 29.35 35.19 0 0.277132 542.93 599.54 35.52 49.22 0 0.276725 402.87 715.25 27.32 44.33 0 0.275840 1682.50 126.75 24.19 35.18 0 0.274294 356.57 708.16 30.81 44.33 0 0.271063 690.57 225.05 23.59 41.82 0 0.265159 748.66 454.44 20.69 51.23 0 0.262262 640.35 479.65 29.17 25.88 0 0.258719 1744.64 70.43 35.06 27.88 0 0.256294 385.85 707.80 33.79 55.50 0
16,0.412763 301.29 794.53 36.33 28.81 0 0.389099 55.53 216.23 61.46 40.58 0 0.384718 62.80 255.07 56.04 65.43 0 0.380798 1173.69 442.14 28.34 39.16 0 0.346810 65.05 51.26 31.24 32.40 0 0.344415 1464.08 552.94 24.20 37.10 0 0.337540 840.20 524.01 70.06 50.40 0 0.328343 932.24 797.47 31.20 42.32 0 0.311797 1.98 123.77 30.66 38.23 0 0.309202 1169.99 451.63 36.05 30.76 0 0.306793 1051.24 727.82 41.48 40.41 0 0.301484 337.80 98.55 57.43 52.74 0 0.286259 192.54 193.02 46.90 34.65 0 0.285042 1538.24 703.41 35.07 39.04 0 0.282963 972.85 431.45 36.89 38.42 0 0.279570 1199.18 344.72 52.15 61.51 0 0.278405 49.51 192.89 30.84 44.96 0 0.277084 1316.44 415.25 28.30 43.48 0 0.268707 1445.87 549.48 24.26 49.45 0 0.263301 58.91 255.01 74.10 54.63 0 0.251337 71.72 240.89 61.14 48.84 0
17,0.518315 918.41 764.56 21.56 42.96 0 0.409495 589.79 685.07 31.51 34.53 0 0.386519 446.51 650.58 27.70 34.36 0 0.364258 281.63 389.28 29.97 24.05 0 0.339071 591.00 694.00 39.60 30.94 0 0.337455 998.72 898.59 39.21 41.47 0 0.329900 429.31 198.19 29.45 41.35 0 0.314609 832.71 387.98 28.11 30.30 0 0.304439 259.34 438.00 30.88 22.77 0 0.294125 581.66 681.08 33.29 39.65 0 0.264683 956.26 988.87 34.72 39.78 0 0.256572 480.55 507.29 33.76 45.78 0 0.251504 919.48 751.85 23.22 46.61 0
18,0.270863 740.06 8.62 17.97 27.96 0 0.262134 570.41 667.71 61.96 42.07 0
19,0.508709 1055.76 226.10 27.72 67.28 0 0.414067 229.58 778.15 40.82 39.35 0 0.405506 810.28 240.29 24.47 31.77 0 0.389377 1078.00 384.77 25.14 50.64 0 0.367729 1750.11 145.51 35.71 33.84 0 0.364131 1143.61 246.61 26.61 39.28 0 0.344709 762.32 243.19 30.86 30.05 0 0.333779 643.63 280.40 62.26 38.64 0 0.331731 1607.39 653.84 26.48 29.14 0 0.324273 243.26 776.71 50.83 40.51 0 0.323617 958.53 169.54 46.81 24.13 0 0.311647 1110.36 242.21 16.28 50.06 0 0.294979 1761.33 147.28 34.07 29.56 0 0.294630 1645.17 150.15 36.18 36.80 0 0.294104 1005.00 223.06 22.52 31.72 0 0.291734 573.94 702.57 29.14 37.00 0 0.287865 575.86 668.48 32.26 49.76 0 0.287103 657.19 269.52 49.85 48.12 0 0.265840 1145.37 384.42 35.73 42.51 0 0.261260 1012.50 228.10 21.65 65.95 0 0.259608 902.63 169.45 34.23 25.97 0 0.259224 423.14 904.93 35.44 46.89 0 0.257204 643.33 269.86 48.53 58.35 0 0.254143 1694.99 717.69 28.49 31.03 0 0.251562 1135.11 246.75 24.39 42.85 0
20,0.262227 271.06 322.52 19.44 20.87 0
21,0.357975 421.91 41.09 14.28 27.14 0
22,0.474230 687.67 37.22 31.39 38.46 0 0.466761 725.18 293.44 19.63 42.97 0 0.452438 1395.87 272.84 15.58 38.43 0 0.422470 1144.30 26.99 30.21 31.91 3 0.396074 814.81 409.89 30.22 46.22 0 0.392865 747.91 409.91 23.94 46.52 0 0.350315 675.14 224.13 21.48 36.86 0 0.347611 596.23 336.26 29.48 42.31 0 0.343337 1287.70 174.32 32.29 29.81 0 0.325180 975.90 25.99 33.21 28.62 0 0.324422 600.44 21.57 26.63 52.87 0 0.317530 1573.82 703.80 27.31 36.59 0 0.314462 764.41 409.08 19.92 46.03 0 0.304658 698.51 293.77 19.98 34.96 0 0.299623 1347.49 84.43 19.63 41.76 0 0.295525 452.77 417.41 39.80 52.24 0 0.286347 1619.61 828.01 39.22 40.49 0 0.283671 534.33 34.19 20.25 37.48 0 0.274723 1073.00 23.89 28.35 29.08 0 0.274376 621.52 427.59 23.46 49.12 0 0.273175 606.18 110.76 13.96 29.78 0 0.271785 475.41 424.92 28.75 46.86 0 0.270956 749.26 297.10 20.32 42.84 0 0.266290 1076.20 15.12 28.35 43.00 0 0.264663 577.35 416.07 31.09 60.01 0 0.263878 519.67 214.75 31.94 46.90 0 0.260848 1716.81 541.40 35.85 38.23 0 0.255941 507.43 446.68 22.59 53.03 0
23,0.421641 794.92 11.72 24.56 38.96 0 0.408548 1156.89 7.12 22.05 42.95 0 0.386656 274.62 1011.09 41.42 66.52 0 0.362049 354.80 408.85 26.59 34.16 0 0.342155 566.81 314.34 34.30 30.55 0 0.341633 334.51 626.21 25.15 39.42 0 0.323811 1374.69 1011.71 40.08 41.50 0 0.315245 453.50 746.17 31.02 63.02 0 0.309207 240.32 1012.16 37.46 67.84 0 0.309155 259.43 1012.41 51.09 67.59 0 0.307807 456.09 917.04 35.49 73.94 0 0.307337 547.25 900.55 34.56 51.24 0 0.304323 283.67 997.20 35.98 70.21 0 0.303717 349.80 867.48 31.34 34.17 0 0.295964 231.99 417.45 31.36 55.98 0 0.293038 1359.63 939.43 43.79 22.48 3 0.277387 350.02 367.01 39.90 29.80 0 0.270054 400.71 375.11 34.26 56.91 0 0.268777 266.76 1001.76 44.57 71.33 0 0.268565 394.99 513.27 31.72 33.82 0 0.268475 480.70 918.80 31.63 64.35 0 0.262753 259.79 572.84 23.94 30.22 0 0.256040 1278.14 680.90 20.94 38.92 0 0.254365 119.27 754.29 22.71 36.97 0 0.250606 1833.23 455.76 37.26 30.88 0
24,0.604222 760.94 652.45 37.71 65.86 0 0.542803 669.78 365.89 26.82 37.93 0 0.525644 718.54 656.41 19.56 61.00 0 0.491340 979.09 171.45 37.89 35.98 0 0.477267 1714.25 753.02 42.35 42.98 0 0.475977 757.37 312.87 32.61 24.36 0 0.467801 761.93 299.73 25.64 32.14 0 0.448046 643.59 507.84 23.25 41.30 0 0.446719 329.26 245.75 35.90 31.58 0 0.439439 560.28 174.17 19.11 44.65 0 0.439291 664.36 184.72 26.56 33.76 0 0.395596 329.78 663.02 36.16 57.62 0 0.381546 520.74 412.82 24.61 30.75 0 0.378797 687.92 289.74 24.57 33.26 0 0.376975 1799.80 89.44 25.44 37.78 0 0.366437 617.17 174.50 23.13 39.17 0 0.362546 700.33 506.61 16.28 47.21 0 0.355569 1798.31 11.63 27.54 40.65 0 0.346591 743.09 511.61 24.93 41.91 0 0.337067 621.66 417.09 36.16 41.28 0 0.336229 702.33 655.07 25.05 63.53 0 0.332898 571.18 173.63 21.99 39.63 0 0.331961 211.02 512.09 35.20 30.81 0 0.325803 679.22 506.49 17.31 48.41 0 0.317638 1413.55 159.87 25.42 32.68 0 0.311378 1700.56 752.82 31.27 43.07 0 0.310193 615.10 578.60 29.26 24.35 0 0.300765 458.42 409.25 27.02 45.44 0 0.290776 502.27 671.23 30.41 51.62 0 0.287787 618.82 494.34 33.76 42.78 0 0.283575 626.48 509.07 29.28 32.13 0 0.279281 696.74 367.44 20.06 37.04 0 0.274691 678.23 651.69 23.46 66.62 0 0.270819 603.94 280.16 21.61 56.45 0 0.270755 1745.00 3.05 25.66 40.36 0 0.269515 987.20 721.95 72.84 30.39 0 0.267084 618.26 561.63 29.59 32.91 0 0.265939 725.73 511.18 23.17 43.02 0 0.260442 1008.70 721.84 44.74 34.40 0 0.258922 1853.49 420.97 27.87 40.24 0 0.255211 1808.74 25.98 32.80 25.09 0
25,0.406822 79.48 284.92 42.40 42.51 0
26,0.383994 83.64 543.53 40.74 53.58 0 0.341404 1159.24 103.62 17.48 20.40 0
27,0.358590 246.36 1052.48 52.61 27.52 0 0.331174 348.33 241.38 36.10 30.56 0 0.302393 591.99 851.39 29.30 24.90 0 0.295319 228.31 339.17 35.56 43.71 0 0.273845 2.52 431.36 31.28 48.81 0 0.270658 31.52 1028.76 47.82 51.24 0 0.266619 110.71 143.38 51.29 37.96 0 0.264347 240.74 1044.74 34.86 35.26 0
28,
29,0.315009 396.77 594.93 44.60 47.83 0 0.266681 347.98 204.31 41.64 29.64 0
30,0.412230 1311.17 414.22 32.83 44.75 0 0.278954 407.14 184.12 40.32 32.49 0 0.277277 611.50 609.96 47.93 41.66 0
31,0.486585 1263.75 1042.71 45.93 37.29 0 0.442335 865.41 58.81 28.23 41.85 0 0.431888 1065.50 741.61 18.76 41.93 0 0.415318 1272.20 1039.78 45.38 40.22 0 0.370759 1122.91 0.00 25.02 34.26 0 0.351503 746.81 102.26 24.01 46.26 0 0.307034 604.21 466.78 36.71 50.09 0 0.299800 1345.28 1040.37 35.18 39.63 0 0.293296 43.48 893.89 31.36 41.81 0 0.292267 1168.12 963.07 32.29 33.75 0 0.284870 1172.54 0.00 35.00 30.31 0 0.280264 116.90 843.18 37.27 47.27 0 0.266820 9.49 689.68 41.46 39.99 0 0.264773 621.44 312.99 35.88 41.01 0 0.263789 1069.60 363.01 27.88 27.79 0 0.262868 1269.75 769.38 21.94 28.56 0 0.255365 12.01 701.36 39.34 25.97 0 0.254395 808.72 195.66 32.88 33.29 0 0.253929 1276.16 1037.37 58.33 42.63 0 0.253778 650.81 455.23 30.68 40.48 0
32,0.420615 502.12 624.49 26.06 34.12 0 0.406907 188.13 441.13 31.12 43.74 0 0.400386 870.57 792.50 16.53 33.19 0 0.328126 865.38 876.97 31.12 36.60 0 0.291398 548.62 639.48 30.61 49.58 0 0.284676 1015.33 720.73 21.89 35.06 0 0.272166 836.09 1014.83 31.67 65.17 0 0.270913 270.06 167.40 21.59 46.28 0 0.260017 733.83 866.09 35.38 41.11 0 0.257728 375.44 117.92 31.18 35.94 0 0.254165 872.87 886.96 34.45 28.51 0 0.252511 635.79 695.05 41.11 39.59 0
33,0.489003 1222.93 622.84 49.43 31.54 0 0.447341 1094.70 256.21 27.30 16.41 0 0.435623 591.45 605.12 31.83 35.26 0 0.426220 1092.46 293.72 22.38 22.92 0 0.292655 725.71 93.28 17.69 27.55 0
34,0.382420 1236.60 176.39 32.28 44.85 0
35,0.516411 279.06 1020.66 40.64 58.40 0 0.514601 472.27 1010.25 38.70 43.93 0 0.452200 376.92 238.21 28.06 31.87 0 0.394555 264.23 1016.26 32.94 63.36 0 0.370640 592.42 266.49 32.90 26.64 3 0.357735 371.12 384.47 39.00 44.96 0 0.351485 183.76 193.52 31.51 26.85 0 0.329682 306.95 215.05 33.35 36.12 0 0.321481 462.55 1007.45 26.67 43.88 0 0.307719 295.95 1027.08 38.78 51.29 0 0.305259 0.00 963.53 20.06 35.30 0 0.305215 485.49 1013.61 42.53 40.08 0 0.281267 74.19 989.94 53.68 44.39 0 0.256856 353.89 377.41 36.50 45.69 0 0.252136 425.84 392.97 33.67 46.24 0 0.251821 259.25 204.97 25.23 36.31 0
36,0.534193 836.85 193.68 20.95 31.14 0 0.457024 881.49 191.27 29.31 35.35 0 0.398234 53.88 756.47 39.06 35.05 0 0.380908 1032.36 202.27 61.37 53.53 0 0.367150 605.06 732.39 27.90 36.02 0 0.360739 253.98 726.25 43.86 38.98 0 0.358398 951.81 222.57 27.37 35.54 0 0.344021 772.12 200.03 49.35 39.51 0 0.343513 1765.27 106.34 31.29 34.17 0 0.312286 271.44 726.66 46.12 39.64 0 0.301587 295.61 726.50 40.35 38.32 0 0.292871 662.16 230.46 59.78 56.27 0 0.281710 595.03 610.18 37.81 65.47 0 0.277086 1034.67 338.90 22.05 47.07 0 0.275905 1029.63 208.66 34.20 48.68 0 0.268094 1753.72 104.95 37.46 38.49 0 0.264723 1720.06 100.66 29.77 43.69 0 0.259647 653.13 347.29 24.50 56.91 0 0.257989 448.12 956.61 40.47 39.25 0 0.252251 1101.58 197.81 32.71 55.09 0
37,
38,0.490521 68.04 1033.32 23.04 45.66 0 0.410255 546.43 857.64 31.34 50.37 0 0.404908 115.12 416.46 26.23 35.24 0 0.397949 111.67 1022.67 33.90 57.11 0 0.344815 1503.37 1037.48 39.68 42.52 0 0.339541 313.03 589.92 21.29 34.65 0 0.333426 1650.38 507.69 28.52 35.92 0 0.310132 460.28 876.34 33.75 71.23 0 0.303322 1397.08 601.63 17.99 45.99 0 0.302606 99.40 1030.10 38.34 49.90 0 0.290724 335.99 587.08 27.94 50.47 0 0.288173 303.12 499.00 29.00 46.32 0 0.284950 560.50 274.94 40.87 37.69 0 0.280050 297.45 491.19 26.08 58.30 0 0.274986 1558.94 534.36 20.58 43.53 0 0.272476 339.57 585.46 23.20 40.02 0 0.265548 394.84 482.16 30.99 39.15 0 0.255916 537.90 848.47 26.08 61.02 0
39,0.585730 782.06 384.35 30.74 40.71 0 0.566416 695.22 597.78 25.38 50.43 0 0.506747 641.65 264.21 22.72 40.06 0 0.496089 692.80 458.07 25.20 33.29 0 0.482318 783.57 770.41 30.51 44.41 0 0.458953 777.45 760.35 22.60 55.50 0 0.450592 643.12 510.68 29.96 40.09 0 0.438629 832.06 274.08 29.83 44.61 0 0.434707 1680.70 101.21 20.88 23.73 0 0.394459 1752.50 875.17 25.16 41.79 0 0.393484 510.94 252.16 22.61 37.81 0 0.376466 591.55 261.70 29.14 36.25 0 0.372976 1700.07 169.10 26.16 26.75 0 0.342836 528.00 443.25 28.49 40.50 0 0.332914 528.78 656.75 28.42 44.28 0 0.327748 616.39 649.40 33.67 49.97 0 0.327172 669.62 754.76 35.34 63.62 0 0.325956 633.51 508.76 21.15 44.80 0 0.324962 749.44 607.40 28.03 44.32 0 0.316287 338.41 633.18 31.00 63.06 0 0.308381 628.26 361.25 24.69 46.18 0 0.303829 749.40 499.78 24.14 55.82 0 0.302416 498.18 364.01 25.49 38.86 0 0.292100 786.82 253.91 25.09 57.75 0 0.287603 596.03 818.46 25.86 32.08 0 0.282435 528.69 455.21 34.47 31.24 0 0.277110 379.77 765.98 30.36 49.03 0 0.276152 1472.26 794.36 16.82 48.02 0 0.272630 237.32 588.80 31.79 37.34 0 0.265915 432.78 818.89 21.09 39.41 0 0.264969 1458.57 386.80 30.52 24.39 0 0.262648 993.72 264.73 51.33 29.79 0 0.261692 674.24 599.88 27.72 45.23 0 0.260064 719.50 461.48 24.83 34.45 0 0.255021 543.50 457.31 36.35 31.88 0
40,0.561475 789.60 584.10 27.26 41.08 0 0.549442 721.84 578.22 27.92 50.03 0 0.483164 817.33 123.82 29.47 45.97 0 0.445082 695.45 221.65 26.58 45.70 0 0.405197 740.39 578.72 21.03 49.31 0 0.383812 644.09 217.56 20.56 41.62 0 0.371908 622.54 482.40 28.56 42.52 0 0.365153 501.05 112.63 24.22 41.53 0 0.350349 748.72 439.25 24.77 42.66 0 0.324279 779.74 242.94 29.59 22.67 0 0.316940 773.52 223.82 24.10 39.91 0 0.311028 670.36 119.09 26.96 41.63 0 0.309276 668.88 433.97 26.28 36.85 0 0.307848 644.28 337.78 31.88 43.48 0 0.301835 1780.32 22.90 23.89 34.96 0 0.282471 1419.20 105.28 43.35 30.03 0 0.269668 1556.87 945.99 32.84 52.37 0 0.268512 566.43 216.29 29.13 43.47 0 0.265977 644.78 434.60 33.18 32.53 3 0.264897 571.40 119.39 28.13 42.77 0 0.260006 1719.37 12.48 27.83 51.62 0 0.256985 1765.95 660.87 36.49 38.15 0 0.255555 1699.82 655.17 28.62 43.53 0 0.255334 553.01 592.17 31.41 50.27 0 0.254645 383.45 589.99 36.42 54.91 0 0.252382 775.24 121.59 20.09 46.61 0
41,
42,0.287662 1118.93 394.50 33.21 45.92 0 0.280153 740.32 8.81 17.57 27.81 0
43,0.581770 816.88 465.74 25.93 44.02 0 0.522006 840.12 59.55 23.34 43.52 0 0.472491 773.19 345.48 24.08 40.82 0 0.443055 598.14 61.36 18.88 32.72 0 0.420471 980.61 50.17 37.30 38.41 0 0.419393 10.26 506.95 34.74 31.93 0 0.415661 674.78 341.19 23.60 28.14 3 0.397720 332.41 248.00 30.84 23.67 0 0.392381 644.52 559.14 26.61 22.07 0 0.376301 669.18 164.85 19.89 30.41 0 0.369867 692.19 339.11 24.24 37.69 0 0.361788 717.03 152.65 26.83 43.12 0 0.360033 653.23 264.04 24.64 34.38 0 0.357384 601.62 136.74 15.95 27.60 0 0.355352 1582.81 774.35 32.70 61.44 0 0.353671 314.74 293.41 34.76 31.74 0 0.347698 668.81 264.80 26.30 31.38 0 0.327345 786.97 69.32 23.09 32.90 0 0.327214 1616.19 1027.65 31.23 47.03 0 0.321857 645.25 60.20 21.75 41.33 0 0.310286 764.74 463.21 20.19 54.74 0 0.306221 527.25 56.46 24.17 36.09 0 0.305173 1535.39 770.43 24.25 43.93 0 0.303483 591.39 143.76 25.45 43.71 0 0.302718 696.50 462.83 22.36 60.41 0 0.297329 747.89 461.23 22.44 56.33 0 0.284996 784.63 155.16 31.50 34.52 0 0.284589 341.88 224.86 25.68 39.06 0 0.283294 723.03 459.83 25.15 62.62 0 0.282988 1389.17 25.14 31.11 48.42 0 0.279510 318.16 294.69 34.55 23.72 0 0.269181 406.16 372.98 27.25 41.62 0 0.266674 442.39 485.43 34.61 33.62 0 0.264842 565.38 266.20 31.06 25.23 0 0.262216 789.36 61.09 22.17 41.09 0
44,
45,0.385118 1102.54 63.88 24.78 37.74 0 0.328427 1002.50 0.00 29.42 32.67 0
46,0.505226 1143.58 0.00 27.42 21.14 3 0.483516 878.26 78.51 39.53 45.31 0 0.401241 953.78 79.23 24.69 32.55 0 0.378925 1793.91 4.57 29.94 33.95 0 0.356777 1753.78 581.97 29.60 46.01 0 0.347171 676.04 582.63 27.23 29.08 0 0.341164 131.91 604.74 52.36 38.61 0 0.328296 523.85 797.65 47.28 28.52 0 0.326221 543.00 1015.39 38.02 64.61 0 0.308562 649.63 221.45 29.84 32.87 0 0.298960 1142.40 0.27 29.09 26.27 3 0.288437 528.19 702.50 33.36 45.32 0 0.267467 665.49 465.27 35.90 60.69 0 0.256025 663.06 224.56 26.71 31.52 0 0.255045 735.23 109.93 49.92 59.08 0 0.250304 737.26 120.19 51.52 45.16 0
47,
48,
49,0.433482 590.80 671.63 34.39 35.86 0 0.302279 834.03 227.85 29.22 41.41 0 0.256507 737.91 8.22 20.43 28.16 0
50,0.373803 315.86 208.52 47.76 31.41 0 0.313490 428.80 144.76 51.27 43.16 0 0.306014 381.06 607.00 45.75 48.02 0
51,0.459588 593.64 673.21 31.40 34.29 0 0.411269 834.46 231.02 28.58 38.68 0 0.269411 738.35 9.03 18.90 27.69 0 0.253455 581.94 668.45 42.67 38.71 0
52,
53,
54,0.383533 122.11 468.81 18.73 35.00 0 0.379303 353.62 412.14 25.71 47.98 0 0.375930 566.34 336.40 39.60 29.61 0 0.366472 244.70 1029.07 28.41 50.93 0 0.347219 141.37 597.51 34.38 50.05 0 0.346030 457.93 943.34 35.34 64.73 0 0.326680 382.43 781.98 28.20 58.33 0 0.319835 738.55 297.59 30.47 35.96 0 0.306783 296.82 540.45 26.16 60.26 0 0.301048 407.73 771.72 35.61 65.91 0 0.300456 240.39 444.54 20.59 36.34 0 0.294946 931.31 146.80 27.79 23.05 0 0.292079 1156.00 363.34 42.34 29.17 0 0.286841 276.69 1024.77 40.71 55.23 0 0.280778 116.45 466.86 26.72 52.80 0 0.279067 429.77 942.33 36.75 67.54 0 0.277715 435.48 772.04 31.21 54.50 0 0.277451 237.87 563.41 25.91 31.44 0 0.275122 350.11 422.96 30.75 37.70 0 0.269784 1315.32 876.37 33.29 57.76 0 0.267779 169.63 1040.40 23.09 39.60 0 0.267429 1297.99 878.67 28.65 59.61 0 0.266521 331.79 645.51 28.07 39.08 0 0.263683 306.06 646.44 36.05 39.60 0 0.263533 260.80 1024.61 33.75 55.39 0 0.259781 388.20 531.03 27.83 40.57 0 0.253692 313.64 638.61 21.75 42.72 0 0.253220 425.67 771.61 38.58 59.88 0 0.251747 1385.40 665.63 31.38 40.42 0
55,0.445250 279.80 256.04 21.23 25.71 3
56,0.588073 1513.51 195.20 28.81 27.01 0 0.440066 1251.89 220.14 22.63 44.07 0 0.404802 1333.94 472.35 44.72 52.73 0 0.389509 1510.98 1040.87 33.93 39.13 0 0.379240 1525.35 196.12 27.47 30.78 0 0.366533 1623.76 180.12 44.46 43.03 0 0.360426 1704.02 315.58 28.44 48.81 0 0.358433 1554.83 449.46 39.24 45.92 0 0.355839 1086.72 248.55 42.85 39.05 0 0.351704 1433.97 208.59 24.38 36.36 0 0.344003 1629.50 179.34 29.32 42.58 0 0.338019 1504.56 274.20 30.97 36.49 0 0.334386 1230.90 223.54 18.29 42.69 0 0.321981 1332.75 481.62 56.08 37.84 0 0.320646 928.03 733.41 37.11 59.43 0 0.318006 1302.23 216.33 23.41 48.49 0 0.305181 1272.70 217.75 22.22 47.13 0 0.299359 1567.82 336.42 15.33 50.31 0 0.294864 1652.66 320.93 30.62 50.02 0 0.293123 1318.13 82.18 32.54 41.40 0 0.284974 1673.84 250.98 36.65 43.44 0 0.282142 1086.77 250.37 51.30 45.38 0 0.275925 1437.25 358.26 28.13 49.32 0 0.257498 1482.63 964.74 31.15 32.60 3 0.256894 1322.81 212.82 18.87 48.80 0 0.254645 1421.09 348.30 25.10 62.18 0 0.251135 1354.28 989.74 48.46 57.86 0
57,0.328682 261.99 439.66 20.69 23.20 3 0.271195 1019.19 136.92 26.83 40.44 0
58,
59,0.633609 1304.70 371.62 33.37 51.46 0 0.372153 822.43 295.39 52.53 41.58 0 0.338177 574.23 405.22 50.75 32.99 0 0.321518 1060.80 88.88 20.93 23.71 0 0.270334 1173.18 205.85 20.34 19.36 0 0.267449 1261.17 224.33 12.97 25.81 3
60,0.274754 573.55 244.10 22.56 25.79 0 0.266931 0.00 208.99 19.92 24.55 0
61,0.344958 1118.23 307.40 26.29 20.10 0 0.326227 1116.73 353.02 23.03 21.27 0 0.264888 585.64 664.00 38.72 41.71 0
62,
63,
64,0.369884 986.75 691.68 19.10 20.21 0 0.305167 1289.69 85.99 24.95 20.20 0 0.262247 601.35 108.60 31.97 28.90 0
65,0.276471 1037.89 2.96 26.80 27.28 0
66,0.291111 571.45 667.25 60.51 41.81 0 0.283238 1124.89 308.80 25.23 25.23 0 0.282483 571.62 626.44 15.29 19.29 0 0.251400 739.91 8.76 18.51 28.05 0
67,0.262552 1016.24 0.00 25.41 32.42 0
68,0.585476 987.03 194.43 44.12 34.31 0 0.522648 696.36 663.11 29.81 61.13 0 0.514805 642.77 197.07 21.51 38.57 0 0.512635 590.87 194.37 26.24 37.44 0 0.509543 689.47 203.21 24.41 36.71 0 0.464970 781.62 314.50 29.90 38.17 0 0.463416 672.83 662.45 31.07 60.21 0 0.418682 833.96 206.82 28.68 43.99 0 0.391410 496.67 314.24 29.81 22.85 0 0.390323 719.23 423.47 24.26 49.34 0 0.385149 784.61 679.00 30.35 39.28 0 0.384578 677.16 201.56 22.99 36.47 0 0.372529 693.18 389.40 27.90 30.71 0 0.370017 642.12 438.86 32.29 40.83 0 0.355805 715.06 311.80 24.11 32.53 0 0.350054 696.93 519.61 22.08 48.01 0 0.347810 788.24 208.33 21.14 42.24 0 0.324238 1802.23 55.78 22.24 25.43 0 0.313539 250.89 512.68 30.24 20.93 0 0.309267 1773.58 780.57 28.76 37.83 0 0.298576 1799.18 122.91 26.20 28.10 0 0.296878 745.84 209.86 16.59 36.73 0 0.283786 778.96 669.78 23.52 50.16 0 0.282917 674.45 387.79 25.15 27.49 0 0.282016 548.78 372.87 30.46 41.87 0 0.279420 715.70 392.08 28.89 34.32 0 0.278782 787.92 307.22 25.72 43.05 0 0.276916 501.74 406.45 24.58 53.71 0 0.274885 276.81 460.62 31.67 23.83 0 0.270719 746.98 429.20 27.32 52.04 0 0.268130 1654.91 100.38 26.06 37.16 0 0.267526 623.60 576.65 27.40 38.86 0 0.267452 1485.19 274.39 24.85 22.00 0 0.264775 788.07 199.89 25.64 48.90 0 0.258983 512.10 192.92 25.77 41.89 0 0.254907 1751.94 777.57 27.02 39.45 0 0.253616 767.35 430.74 29.23 52.40 0
69,0.531235 639.61 436.00 32.81 38.26 0 0.505170 1770.98 775.95 35.00 40.83 0 0.475949 782.65 192.56 29.22 51.24 0 0.414038 1725.63 772.68 26.18 43.55 0 0.405492 781.24 314.58 29.66 35.99 0 0.402389 781.33 678.23 31.21 42.16 0 0.397189 669.55 386.43 28.03 26.30 0 0.395959 645.38 310.97 23.26 30.05 0 0.386023 692.90 518.93 26.70 41.11 0 0.383665 697.29 515.26 24.63 49.88 0 0.366469 695.26 307.32 30.01 42.54 0 0.361886 1708.26 769.18 21.64 47.40 0 0.354119 780.21 682.56 33.46 48.78 0 0.343095 643.16 198.32 25.37 40.25 0 0.337206 716.00 671.50 27.81 51.60 0 0.335763 719.21 517.30 25.97 46.84 0 0.320311 580.77 192.65 25.55 43.04 0 0.317897 669.16 660.51 36.11 62.84 0 0.313570 670.44 519.69 27.78 42.59 0 0.305588 540.85 435.05 30.75 24.95 0 0.301705 646.83 518.21 24.97 38.70 0 0.301698 545.02 377.31 31.13 37.20 0 0.301519 745.49 436.38 25.54 41.29 0 0.293696 573.70 289.65 27.31 46.55 0 0.292907 598.70 382.46 25.32 35.41 0 0.290743 622.06 582.11 26.71 35.68 0 0.287640 787.26 306.70 24.91 37.86 0 0.285727 348.77 558.24 39.99 50.86 0 0.279590 698.61 666.46 29.14 59.46 0 0.273840 590.72 195.62 26.41 35.87 0 0.272989 1140.70 201.70 39.53 42.49 0 0.269747 838.03 202.30 25.21 45.78 0 0.264403 1663.09 503.64 37.88 40.94 0 0.263994 1772.23 894.91 63.20 41.09 0 0.263554 699.86 385.69 21.39 28.79 0 0.260896 241.77 514.04 29.16 28.66 0 0.258713 784.91 211.77 25.49 32.44 0 0.258299 757.51 523.71 29.90 45.65 0 0.256691 1455.92 6.83 31.54 37.68 0
70,0.627348 494.91 916.49 32.11 23.46 0 0.620531 581.31 273.13 24.54 42.76 0 0.584093 479.23 516.64 23.38 40.23 0 0.561717 837.80 286.71 23.46 50.63 0 0.499346 1707.27 180.87 19.14 38.43 0 0.477701 476.79 388.41 34.44 45.38 0 0.460036 676.87 780.27 23.16 60.76 0 0.459421 1656.00 173.57 21.45 39.81 0 0.413914 530.90 676.45 29.51 44.83 0 0.413599 620.43 549.48 30.38 28.10 0 0.404140 338.56 654.52 27.47 64.54 0 0.395071 716.08 781.99 22.11 57.23 0 0.387704 529.53 524.59 31.76 36.39 0 0.372793 1684.76 175.34 17.47 41.19 0 0.370390 591.47 281.10 28.22 36.11 0 0.359326 1727.39 182.51 26.67 38.60 0 0.355332 781.70 405.69 27.97 41.05 0 0.352351 1674.99 101.11 28.26 36.42 0 0.342681 1798.15 1040.16 69.70 39.84 0 0.336347 785.15 283.36 26.15 50.68 0 0.330572 647.89 778.29 25.51 59.85 0 0.330344 474.14 519.78 25.81 40.05 0 0.327077 702.52 778.44 25.37 63.54 0 0.326973 687.52 284.93 25.06 35.03 0 0.323991 535.87 529.18 35.50 28.76 0 0.323583 746.16 402.73 18.96 40.59 0 0.318342 786.04 399.58 24.91 28.87 0 0.317623 772.35 787.24 27.98 54.52 0 0.313692 722.92 520.74 21.83 54.68 0 0.290632 624.10 531.45 26.52 45.43 0 0.285151 747.46 284.53 13.65 42.98 0 0.283865 673.82 534.27 17.00 35.47 0 0.277909 748.99 524.26 27.73 55.46 0 0.277484 362.07 656.51 27.96 61.85 0 0.274454 709.88 408.64 28.91 27.48 0 0.267381 532.32 478.35 38.80 36.36 0 0.266254 1721.49 911.38 29.25 31.19 0 0.266245 506.73 271.59 24.94 40.09 0 0.263125 541.48 507.32 30.94 40.77 0 0.256204 764.81 525.66 28.93 52.12 0 0.252621 544.56 470.77 32.64 41.46 0 0.250111 627.74 383.06 25.55 47.52 0
71,0.557862 592.79 76.61 24.01 32.25 0 0.484597 1551.08 833.26 27.65 42.45 0 0.455211 787.67 182.01 27.31 33.82 0 0.444950 1683.17 1030.21 29.84 46.11 0 0.432736 783.68 79.85 29.18 46.21 0 0.426174 1620.51 1036.40 29.98 43.60 0 0.424754 718.18 363.75 24.13 46.50 0 0.403556 565.48 244.80 30.38 23.37 0 0.374373 722.84 497.81 22.09 53.01 0 0.365022 698.11 365.03 21.57 40.13 0 0.351352 806.13 501.52 31.33 47.05 0 0.342791 782.56 188.12 33.14 29.53 0 0.325966 1602.02 847.36 25.67 35.83 0 0.320001 784.55 89.47 25.59 34.60 0 0.316270 1607.74 1039.45 34.92 40.55 0 0.304585 562.68 293.46 32.74 22.83 0 0.299631 699.38 497.68 22.29 50.54 0 0.293266 836.37 78.29 26.06 48.16 0 0.286934 571.33 413.20 30.05 40.76 0 0.278821 1686.25 11.84 28.72 37.21 0 0.278410 646.48 77.02 19.04 34.86 0 0.277636 746.22 286.47 23.52 36.88 0 0.274357 502.04 288.30 24.46 31.60 0 0.269141 389.17 410.07 25.12 45.14 0 0.262814 1372.67 122.60 21.45 32.13 0 0.261798 770.08 496.83 13.75 51.22 0 0.259484 745.68 367.65 32.37 43.99 0 0.259123 653.25 164.11 20.99 43.90 0
72,0.601101 361.69 1047.41 28.68 32.59 0 0.576432 175.37 1027.56 55.09 52.44 0 0.480760 493.17 215.91 36.77 42.04 0 0.453689 374.12 1056.02 36.81 23.98 0 0.419906 376.84 1047.77 34.13 32.23 0 0.402324 123.69 225.14 25.62 41.63 0 0.324515 1141.12 473.83 35.11 36.39 0 0.317612 361.40 1053.68 34.35 26.32 0 0.295184 772.92 296.39 23.91 39.02 0 0.283759 391.17 988.43 29.69 40.83 0 0.279086 647.44 268.52 28.30 28.59 0 0.269262 187.60 94.57 32.91 30.45 0 0.267977 168.85 1028.80 40.40 51.20 0 0.266053 402.68 988.46 33.88 41.84 0 0.255749 881.21 435.43 38.89 42.66 0
73,0.567012 494.60 340.75 26.17 39.77 0 0.518058 523.88 454.84 32.08 47.12 0 0.515423 310.40 608.14 23.60 43.43 0 0.510281 805.66 292.89 40.69 34.65 0 0.466529 1574.55 57.85 26.96 23.34 0 0.426272 394.37 457.85 32.72 41.95 0 0.426012 1572.52 122.82 46.55 39.39 0 0.425589 390.96 345.00 15.27 39.71 0 0.408465 355.95 900.24 31.27 48.94 0 0.402882 498.46 937.30 30.14 26.76 0 0.394187 452.56 340.98 20.96 43.01 0 0.366981 477.12 479.07 21.12 26.79 0 0.366443 1649.81 792.51 26.47 32.25 0 0.330420 1560.04 119.84 28.92 38.41 0 0.318245 458.54 475.03 23.43 30.96 0 0.307436 172.54 779.03 31.17 63.30 0 0.301625 485.94 341.41 27.41 41.63 0 0.298831 600.09 843.52 24.63 65.24 0 0.297104 583.20 845.24 24.71 69.12 0 0.296142 555.65 536.33 17.61 39.89 0 0.289014 386.67 460.24 30.02 43.04 0 0.287191 648.04 317.28 31.37 52.16 0 0.286767 599.49 678.53 35.84 59.01 0 0.280468 594.44 329.77 25.61 45.01 0 0.276473 1505.08 121.06 24.33 27.80 3 0.273667 396.76 478.88 31.77 28.56 0 0.273298 807.35 293.00 54.16 35.41 0 0.273187 218.12 782.98 29.34 56.25 0 0.270209 407.05 349.91 24.07 40.63 0 0.256831 1604.76 793.02 24.66 38.61 0 0.256325 100.45 604.81 32.72 48.15 0
74,0.729146 451.27 536.74 26.21 42.31 0 0.656943 673.74 796.45 30.04 67.12 0 0.598252 1702.97 183.97 25.68 33.72 0 0.541283 761.88 802.39 30.70 58.65 0 0.531538 1776.81 196.61 28.84 45.81 0 0.515780 648.98 798.86 28.43 64.28 0 0.509495 555.30 295.65 18.49 40.56 0 0.478183 972.45 289.60 38.71 28.34 0 0.445265 448.25 545.20 26.62 33.62 0 0.420312 696.54 798.67 23.23 62.92 0 0.409694 757.66 431.62 27.59 25.90 0 0.388514 642.61 803.52 30.93 46.82 0 0.377759 675.42 635.80 19.99 58.39 0 0.365307 544.37 402.28 27.13 42.52 0 0.352873 754.25 799.00 22.31 60.16 0 0.343532 1683.15 177.64 21.16 39.91 0 0.342061 723.76 638.05 25.20 56.83 0 0.341098 512.21 637.25 36.28 26.78 0 0.327066 719.90 408.18 21.59 46.39 0 0.323472 1842.55 561.10 34.23 37.72 0 0.323461 1722.74 119.60 31.10 26.88 0 0.321049 598.31 293.56 21.74 40.34 0 0.304609 651.99 642.41 19.95 47.13 0 0.303058 670.93 801.71 32.01 50.11 0 0.299759 1382.73 176.47 25.52 23.16 0 0.298554 1792.23 197.34 38.55 44.66 0 0.298200 254.13 531.20 35.63 28.30 0 0.298001 672.37 406.89 26.97 49.21 0 0.297209 700.49 637.30 20.27 57.00 0 0.294358 1626.68 172.89 27.50 39.99 0 0.289296 1696.29 910.17 26.17 35.04 0 0.288129 305.93 686.77 36.08 56.79 0 0.287742 1772.66 121.85 26.11 29.43 0 0.285847 551.37 374.33 24.95 25.70 0 0.283623 1411.52 284.99 30.02 30.11 0 0.283447 237.51 583.64 28.46 26.26 0 0.279749 1701.10 115.13 33.33 33.10 0 0.279232 471.82 943.85 34.36 20.43 0 0.275044 456.38 828.55 29.40 55.37 0 0.272895 722.76 803.23 13.52 57.38 0 0.270409 1438.58 84.99 29.74 42.16 0 0.270276 618.79 558.57 29.12 30.70 0 0.269795 211.01 635.69 28.33 31.70 0 0.269486 314.72 814.25 24.12 53.53 0 0.264246 1722.81 184.74 24.46 35.70 0 0.255894 399.56 195.58 25.72 25.64 3 0.255746 760.13 418.60 26.49 36.04 0 0.254780 618.80 645.33 29.96 40.19 0 0.253435 310.50 684.08 30.05 45.93 0 0.251395 645.71 492.03 23.75 30.11 0 0.251293 323.68 689.09 39.80 53.47 0 0.250018 759.76 288.32 28.89 47.60 0
75,
76,0.380733 688.29 356.91 25.30 30.65 0 0.323547 79.60 274.01 37.76 35.06 0 0.282329 82.10 602.58 29.30 38.18 0
77,0.342897 570.54 255.45 26.10 29.31 0 0.260435 533.10 117.91 24.93 29.14 0
78,0.312345 576.44 668.17 51.47 39.90 0 0.306424 571.34 626.28 15.89 19.41 0 0.280364 1123.90 308.18 25.53 24.35 0 0.251036 740.07 8.64 18.36 27.99 0
79,0.365259 1001.48 0.00 26.72 33.11 0 0.319131 1101.78 67.94 24.02 34.10 0 0.263229 1094.69 63.96 25.93 39.26 0 0.256953 975.90 0.00 16.06 27.81 0
80,
81,0.264435 718.64 597.17 42.18 43.14 0
82,0.380579 1101.92 62.43 25.63 39.13 0 0.299150 1002.63 0.00 29.52 32.77 0
83,
84,0.296079 1238.14 176.87 32.84 43.89 0
85,0.277459 671.97 472.75 21.82 19.57 0
86,0.538218 1290.41 522.64 34.65 53.59 0 0.409091 440.05 139.19 39.37 31.32 0 0.312477 432.40 136.18 31.62 34.70 0 0.256362 419.10 136.98 15.72 32.95 0 0.254585 405.01 139.56 16.75 29.96 0
87,0.437804 424.30 2.97 41.47 41.88 0 0.370650 1601.92 999.98 26.39 40.06 0 0.350735 419.95 607.19 34.65 37.22 0 0.327368 1379.79 578.02 34.17 28.85 0 0.314287 590.96 457.63 29.05 37.70 0 0.301138 283.66 743.05 28.28 39.93 0 0.290608 1622.07 796.17 30.61 42.57 0 0.288925 1701.29 829.65 25.87 35.43 0 0.280847 1131.24 267.57 20.11 26.30 0 0.276449 1555.45 669.36 51.23 65.11 0 0.274633 928.32 446.18 44.83 38.70 0 0.270975 1422.87 899.58 42.02 28.85 0 0.269015 512.14 601.40 106.87 74.18 0 0.267385 1733.49 1032.83 29.09 47.17 0 0.264491 1287.64 579.81 55.10 34.21 0 0.260367 1555.94 676.04 47.14 71.55 0 0.257657 1428.95 1031.66 48.91 47.76 0
88,
89,
90,0.471176 1308.18 321.16 34.23 41.82 0 0.287172 1071.98 25.46 21.26 25.52 3 0.268706 579.03 343.30 50.34 31.33 0
91,0.448649 871.38 624.72 18.20 31.80 0 0.363228 568.56 501.21 45.79 43.89 0 0.340476 761.07 584.20 27.23 18.84 3 0.335618 257.29 87.65 39.18 51.04 0 0.327857 670.80 548.00 62.36 44.61 0 0.296986 505.54 621.95 33.45 40.31 0 0.293579 159.45 287.26 27.96 31.06 0 0.287421 973.61 733.14 29.30 29.43 0 0.262121 866.06 612.48 23.34 39.88 0 0.254371 919.80 641.11 18.51 39.32 0 0.253841 522.99 622.34 39.37 45.28 0
92,
93,0.638564 567.87 191.63 24.47 35.31 0 0.618564 615.82 193.27 27.06 38.95 0 0.535687 479.24 413.25 20.80 37.63 0 0.491709 257.57 460.67 27.65 23.39 0 0.473333 703.51 661.93 25.49 60.87 0 0.466077 775.64 671.10 26.41 51.33 0 0.456286 1797.00 109.15 27.33 34.34 0 0.424515 641.72 294.44 25.73 45.05 0 0.424055 620.74 429.98 36.77 33.63 0 0.419807 1656.20 22.63 20.19 28.37 0 0.409817 528.88 372.42 26.65 30.23 0 0.408190 523.47 409.31 30.74 46.31 0 0.388706 523.90 432.21 30.24 26.51 0 0.383437 763.75 182.71 33.35 63.87 0 0.371816 450.77 371.70 26.75 16.62 0 0.367978 1641.11 200.39 35.50 36.10 0 0.366720 280.01 389.02 35.16 34.82 0 0.362416 547.20 374.15 27.32 32.79 0 0.358210 1782.60 104.99 21.05 41.57 0 0.351825 746.84 426.23 28.86 46.61 0 0.349581 556.68 289.72 26.86 47.93 0 0.349472 819.86 191.32 26.90 55.83 0 0.338553 690.60 292.23 29.54 44.61 0 0.336928 1623.40 84.83 28.63 37.48 0 0.331158 289.27 371.30 35.12 35.08 0 0.331031 230.23 513.77 27.12 22.33 0 0.328841 675.66 660.07 26.97 63.21 0 0.317217 639.27 311.22 30.93 27.70 0 0.312781 735.36 509.06 34.10 62.49 0 0.309745 673.70 513.90 25.27 45.14 0 0.292210 335.98 664.64 36.17 61.16 0 0.287361 500.74 180.97 28.76 37.93 0 0.286924 1455.37 0.00 27.52 31.84 0 0.286625 566.84 287.53 30.76 48.98 0 0.283180 1588.66 84.36 20.81 37.91 0 0.278051 547.47 306.79 36.55 32.00 0 0.270831 477.50 683.38 31.37 54.69 0 0.269086 719.26 387.29 22.72 30.52 0 0.266994 647.07 660.00 27.03 57.67 0 0.265908 432.56 404.66 27.66 52.83 0 0.265260 699.17 383.22 23.45 34.27 0 0.261909 699.79 508.19 17.83 57.92 0 0.259241 748.92 399.92 29.63 58.83 0 0.258555 686.58 308.19 34.77 30.10 0 0.256989 1854.78 438.52 35.41 40.26 0
94,0.320164 768.60 589.31 57.51 33.28 0 0.308388 661.20 292.18 39.44 28.42 0
95,0.292847 749.75 305.73 26.35 19.27 0 0.277332 561.74 325.87 34.88 29.36 0 0.268307 679.50 631.78 68.18 39.99 0
96,0.548734 292.24 826.12 28.01 52.54 0 0.472837 1195.13 534.70 33.07 39.50 3 0.426782 1057.86 532.28 18.13 43.45 0 0.407745 1105.59 522.37 25.92 54.52 0 0.366913 662.05 845.60 38.40 38.42 0 0.354430 1214.40 536.91 32.82 37.38 3 0.292748 1178.22 532.31 23.29 41.36 0 0.279173 647.21 522.74 17.19 28.88 0 0.267550 644.78 847.83 48.73 42.74 0 0.257652 1085.12 528.37 23.02 48.40 0 0.256625 235.79 840.66 26.22 42.36 0
97,0.398093 961.17 688.83 17.74 29.86 0 0.275367 688.54 925.25 32.07 32.48 0
98,0.366634 885.81 1037.64 32.67 42.36 0 0.346150 652.35 720.68 41.57 27.13 3 0.341920 301.98 940.07 34.55 25.53 0 0.310603 1456.06 388.00 39.02 33.45 0 0.274256 90.96 416.57 68.15 65.79 0 0.266467 6.32 505.96 94.95 62.04 0 0.261208 201.87 334.38 41.64 47.17 0 0.259154 903.34 674.09 39.36 34.76 0 0.256876 556.29 1042.81 33.01 37.19 0
99,
100,
101,
102,0.333843 67.07 321.83 72.61 62.20 0 0.297855 26.96 326.98 75.91 67.84 0 0.270837 14.96 646.97 79.08 51.22 0 0.252892 435.50 817.12 46.21 38.59 0
103,0.589252 1470.56 341.34 38.72 35.47 0 0.496338 1473.46 300.90 37.86 26.32 0 0.462704 1473.23 319.49 36.57 35.46 0 0.389892 1448.49 245.71 41.10 27.59 0 0.341355 1461.13 341.62 42.02 34.00 0 0.333165 1137.64 505.00 37.98 26.08 0 0.320319 1470.74 366.23 44.49 27.64 0 0.296657 1504.33 539.62 31.91 22.13 0 0.280113 1502.94 558.06 33.60 31.98 0 0.267248 1332.28 297.09 47.35 27.34 0 0.265430 1337.84 390.95 50.03 26.67 0 0.262934 1464.58 296.02 37.02 24.89 0 0.258439 1332.05 252.65 38.29 26.01 0 0.255031 1046.56 575.84 62.94 32.78 0 0.252238 1455.35 273.01 44.43 26.74 0 0.250733 1343.55 550.03 46.69 45.55 0
104,0.334858 193.06 800.37 29.87 38.92 0 0.305875 1.22 768.02 25.33 45.48 0 0.304457 541.98 842.44 34.60 43.03 0 0.294255 54.91 776.54 22.05 61.08 0 0.289224 918.58 388.90 21.46 38.99 0 0.271723 1313.71 492.19 27.15 34.49 0 0.251262 65.31 786.56 30.02 51.51 0
105,
106,0.321689 927.48 266.44 32.64 33.46 0 0.261550 430.50 396.42 35.70 33.45 0 0.257631 697.78 247.37 61.96 65.82 0
107,
108,
109,0.684128 857.82 342.40 30.69 64.82 0 0.454456 858.79 344.00 31.31 42.82 0 0.391164 1262.05 265.64 61.76 38.55 0 0.367942 446.63 308.92 70.98 47.03 0 0.312390 911.01 359.02 33.65 49.50 0 0.311453 811.04 336.74 31.49 72.38 0 0.307573 791.85 340.46 33.51 66.36 0 0.288930 1273.32 247.15 55.18 31.27 0 0.285113 1256.20 317.60 56.38 42.67 0 0.264819 1544.24 811.78 93.83 54.14 0 0.252090 1281.44 211.80 53.26 53.31 0
110,0.294263 76.39 456.02 26.21 35.85 0
111,0.325966 1644.46 267.15 64.46 31.38 0 0.321340 1759.81 420.32 57.98 61.99 0 0.289701 1521.76 383.02 36.70 30.27 3 0.287026 1873.82 673.81 45.89 30.47 0 0.267211 1522.07 368.98 34.60 35.94 3
112,
113,0.317477 759.89 1017.29 30.24 39.71 0 0.258390 1279.14 743.68 38.65 32.10 0
114,0.306239 605.98 609.66 18.89 41.37 0 0.292492 983.06 506.58 27.16 37.33 0 0.277702 1053.12 700.33 36.93 49.70 0 0.272585 1035.19 699.63 23.39 44.30 0 0.272340 793.05 603.24 18.01 42.32 0 0.271536 694.44 602.30 22.76 45.04 0 0.260249 751.06 601.94 17.89 42.58 0 0.255516 1063.29 557.15 20.64 44.64 0 0.250563 1012.19 574.27 15.26 34.40 0
115,
116,0.259207 1232.27 466.77 25.17 36.48 0
117,0.495462 416.82 1026.93 16.99 53.07 0 0.408175 476.84 1024.01 39.55 55.65 0 0.377148 440.05 1034.03 20.84 44.39 0 0.342539 813.10 337.10 27.06 39.90 0 0.325280 450.99 1030.95 27.98 47.57 0 0.285710 1149.27 544.01 40.79 56.89 0 0.258406 1210.92 170.38 37.84 37.73 0 0.256286 1043.92 369.40 32.42 30.76 0 0.254678 1246.81 455.03 26.72 43.88 0
118,0.489074 1609.63 253.73 17.51 38.50 0 0.476322 1001.03 563.71 34.05 43.59 0 0.398800 962.90 433.74 20.58 48.05 0 0.378935 909.06 393.21 23.19 40.92 0 0.350142 549.04 396.35 20.10 33.18 0 0.345784 836.30 389.00 23.35 35.32 0 0.340164 984.64 567.84 27.28 38.80 0 0.329905 909.05 406.06 26.41 32.73 0 0.319749 599.56 564.07 22.89 44.18 0 0.312658 903.86 560.84 28.95 48.18 0 0.301515 905.55 456.38 23.77 41.51 0 0.300133 741.17 562.68 30.38 45.74 0 0.283620 550.61 460.20 19.40 39.12 0 0.275869 518.59 575.67 29.53 28.28 0 0.267762 979.76 388.55 29.44 28.32 0 0.265537 593.83 452.13 31.29 46.82 0 0.264966 690.09 555.52 27.01 43.97 0 0.254314 759.81 564.46 38.09 44.29 0
119,
120,0.261070 384.78 657.44 38.25 38.21 0 0.250588 1380.63 1036.14 51.74 43.49 0
121,
122,0.335597 1289.27 671.32 28.56 27.63 0 0.304163 957.43 514.46 28.98 45.66 0 0.289584 1293.41 655.06 27.40 42.08 0
123,0.578767 97.55 196.72 31.06 68.33 0 0.518025 43.90 206.32 23.02 51.70 0 0.456593 49.08 363.58 27.79 65.73 0 0.368386 1010.11 1036.60 25.28 43.40 0 0.296801 47.21 203.80 21.81 42.66 0 0.285212 73.19 364.42 32.72 65.10 0
124,0.530504 1113.13 984.48 44.85 28.39 3 0.465661 490.76 1014.42 89.33 65.58 0 0.288436 641.59 626.09 97.34 76.22 0 0.258148 1130.36 622.57 44.15 30.86 0
125,0.445603 755.18 581.16 57.68 37.40 0 0.269391 649.24 291.78 34.08 28.57 0
126,0.262927 689.38 644.57 43.36 30.88 0
127,0.395145 1417.10 1009.25 29.89 67.55 0 0.391682 1852.35 998.55 20.01 40.70 0 0.387228 1854.97 1005.10 23.73 36.59 0 0.363241 1394.78 1011.41 24.90 45.12 0 0.347574 1436.19 1010.96 31.72 65.05 0 0.339061 1536.58 1013.28 26.62 39.36 0 0.323500 1466.51 866.06 23.81 68.05 0 0.302538 1416.06 871.81 17.27 34.57 0 0.299507 1875.46 998.04 27.68 37.32 0 0.286986 1866.76 1002.48 37.43 37.85 0 0.285607 1368.40 1011.00 21.38 44.22 0 0.272512 1468.74 869.23 20.91 43.11 0 0.256854 975.90 509.86 33.95 58.89 0 0.251604 1205.73 997.91 40.59 52.40 0 0.250153 1417.10 1012.42 25.90 47.59 0
128,
129,0.254047 236.60 624.95 25.95 29.62 0
130,0.276327 1119.12 395.21 33.35 45.26 0 0.263161 741.06 9.15 16.71 27.63 0
131,0.302217 1273.09 1034.86 22.54 45.14 0 0.272660 1231.66 1035.46 15.73 36.87 0
132,0.256548 1440.27 349.70 51.12 57.41 0
133,
134,0.450704 409.55 412.82 20.88 45.79 0 0.427576 503.51 268.07 19.63 37.22 0 0.410011 436.13 316.73 16.54 43.49 0 0.397223 362.38 422.72 22.29 43.62 0 0.392982 335.43 426.06 22.30 41.13 0 0.357678 452.86 416.48 27.79 45.17 0 0.353627 389.64 310.36 17.76 46.78 0 0.342293 739.54 299.94 38.59 56.21 0 0.340786 336.48 309.66 23.49 54.83 0 0.336909 430.81 414.31 26.51 47.14 0 0.327960 613.58 413.66 29.70 39.21 0 0.312968 342.22 267.63 27.54 60.86 0 0.308163 389.51 414.91 19.97 46.42 0 0.304449 415.06 314.59 14.85 44.85 0 0.303691 576.77 317.10 21.70 41.16 0 0.295130 359.52 272.99 24.42 27.63 0 0.292707 691.82 417.19 34.17 42.67 0 0.287365 257.68 423.58 24.22 37.83 0 0.287210 460.58 317.59 21.41 43.13 0 0.285364 254.60 431.34 29.88 29.51 0 0.267426 1218.34 107.44 54.43 62.75 0 0.254384 478.28 314.81 26.15 44.48 0
135,0.291284 478.52 0.00 36.02 24.79 0 0.271545 753.74 15.65 19.49 28.76 0 0.254751 319.26 611.19 19.42 25.56 0
136,0.641065 379.32 61.27 29.40 58.03 0 0.521896 327.94 59.58 26.97 55.93 0 0.494418 1080.46 820.66 25.54 66.91 0 0.481803 1136.41 461.67 17.27 45.31 0 0.419505 453.12 176.79 24.12 59.03 0 0.414046 1082.78 467.16 16.73 34.98 0 0.392853 1205.70 465.98 15.72 38.76 0 0.392349 426.52 302.16 28.87 59.41 0 0.389642 1158.17 462.39 19.28 45.45 0 0.376690 1123.64 823.20 23.97 33.57 0 0.375172 1052.92 78.07 40.92 45.47 0 0.358769 1231.15 463.71 15.33 42.83 0 0.351965 794.60 802.43 20.15 49.57 0 0.344110 1184.54 461.81 19.16 45.84 0 0.333367 796.41 800.37 20.76 44.84 0 0.327500 1117.28 581.45 37.44 36.37 0 0.323959 748.84 803.01 25.01 38.26 0 0.323437 416.91 305.92 30.51 55.81 0 0.313139 1202.14 573.80 21.11 50.26 0 0.303460 765.11 803.77 26.57 36.76 0 0.291591 510.09 171.33 27.61 59.79 0 0.276748 456.96 178.86 19.01 38.69 0 0.273315 1053.60 272.21 33.24 41.04 0 0.257345 595.08 292.01 41.79 64.85 0 0.254348 384.21 185.21 30.68 55.04 0 0.251820 1120.50 817.27 30.32 61.55 0 0.250065 833.54 806.48 26.03 44.27 0
137,
138,0.487017 593.24 658.86 30.35 32.28 0 0.362775 1117.89 340.68 20.00 18.70 0 0.293011 738.42 122.70 24.68 29.07 0 0.278821 579.05 652.63 47.80 38.40 0
139,0.594058 763.50 109.82 29.73 57.06 0 0.575379 531.14 535.85 18.23 43.38 0 0.489923 473.32 539.26 22.19 54.19 0 0.439989 916.53 182.71 18.35 56.64 0 0.414440 686.35 0.00 31.48 39.50 0 0.405894 673.55 539.32 22.53 51.92 0 0.390685 676.33 536.25 18.46 48.21 0 0.361915 407.40 483.24 46.97 24.58 0 0.355589 671.94 200.72 32.24 59.59 0 0.351075 869.53 194.27 13.23 44.59 0 0.347944 867.29 104.25 22.24 57.29 0 0.317701 452.52 628.48 56.30 32.88 0 0.316964 840.80 194.60 20.20 43.88 0 0.314247 481.10 222.30 37.23 47.28 0 0.309866 503.88 129.12 31.16 52.29 0 0.306251 798.32 196.34 17.78 43.38 0 0.301519 776.86 195.19 18.38 46.28 0 0.300375 44.82 54.14 26.74 47.09 0 0.300374 594.34 536.78 28.27 42.28 0 0.294658 893.28 109.42 29.75 45.39 0 0.290078 402.44 480.86 43.60 26.33 0 0.289060 840.67 104.30 24.42 54.20 0 0.288060 903.20 319.24 26.86 37.25 0 0.286702 688.05 301.13 40.20 41.51 0 0.285987 822.72 195.68 17.77 43.82 0 0.285825 573.26 123.09 21.04 44.56 0 0.284857 50.48 52.91 28.89 60.89 0 0.277020 456.73 223.66 22.58 46.50 0 0.274405 503.00 126.16 31.56 39.50 0 0.268180 631.45 120.07 11.58 47.12 0 0.264544 748.34 108.86 25.02 55.35 0 0.261250 893.18 304.50 25.92 53.48 0 0.259297 835.12 300.22 30.20 55.08 0 0.259143 821.36 106.92 18.75 55.45 0
140,0.478605 704.63 841.85 34.54 26.77 0 0.419460 653.04 1024.23 59.96 55.77 0 0.381013 663.56 935.74 66.23 40.35 0 0.379296 1074.38 780.41 32.21 34.11 0 0.366999 843.31 747.38 47.12 41.18 0 0.355529 686.77 751.17 33.82 29.62 0 0.349706 580.79 994.64 77.83 60.97 0 0.332235 836.62 773.82 49.14 33.68 0 0.327617 655.91 1030.99 79.52 48.25 0 0.316286 1071.29 683.68 38.42 58.07 0 0.306404 690.06 841.05 47.22 29.78 0 0.296327 663.39 925.24 61.09 61.93 0 0.282032 816.69 942.46 65.17 32.58 0 0.276504 608.07 943.21 38.00 33.96 0 0.268854 1096.11 687.38 29.05 56.16 0 0.260390 576.56 1003.17 65.92 44.63 0 0.257672 386.88 5.28 29.24 64.39 0 0.256747 850.18 724.67 44.17 39.63 0 0.255011 821.04 1009.77 58.82 43.78 0 0.252868 825.72 846.90 49.21 41.89 0 0.251217 1161.17 695.03 39.42 31.50 0
141,0.267183 878.59 714.19 32.64 34.02 0
142,0.282163 919.78 1035.65 43.74 43.05 0
143,0.493812 821.57 699.95 38.11 30.92 0 0.409965 622.07 1017.59 41.31 62.41 0 0.408550 465.76 851.84 44.35 62.41 0 0.388276 1187.39 744.13 42.08 43.98 0 0.387785 48.30 651.47 26.13 39.18 0 0.352403 961.81 897.24 30.18 61.21 0 0.317783 911.96 1031.53 29.36 48.47 0 0.310930 1059.71 840.33 21.03 40.01 0 0.307509 927.56 1016.36 38.04 63.64 0 0.307293 567.26 1035.93 32.67 44.07 0 0.297138 911.88 591.32 35.24 52.60 0 0.280770 644.12 703.03 59.50 75.51 0 0.273707 1264.83 865.93 44.82 52.11 0 0.267092 911.89 1051.48 26.28 28.52 0 0.260565 981.51 603.78 28.51 29.17 0
144,0.392456 634.74 418.34 40.07 39.62 0 0.272441 1773.47 799.29 35.46 52.62 0
145,0.257841 674.35 731.75 22.12 30.82 0
146,0.374868 1343.75 647.82 22.86 48.54 0 0.264503 1104.71 629.22 27.42 45.87 0 0.251833 1104.25 649.41 27.94 29.41 0
147,0.281844 969.91 92.41 40.15 47.71 0
148,0.665786 0.00 503.27 22.42 36.57 0 0.488057 512.15 894.59 29.19 68.52 0 0.433587 144.35 1016.82 31.49 63.18 0 0.397014 232.45 635.05 32.20 37.25 0 0.381794 1322.08 73.39 15.93 27.95 0 0.380384 1345.86 72.15 17.53 30.64 0 0.373688 523.98 892.26 23.38 65.29 0 0.371108 450.50 383.74 24.10 34.26 0 0.350273 100.65 1028.27 23.78 51.73 0 0.347932 1717.58 833.14 37.95 59.39 0 0.343997 498.53 355.76 36.28 59.56 0 0.342688 290.15 853.14 27.80 50.84 0 0.339672 479.71 490.36 28.35 43.05 0 0.334375 1369.64 70.27 27.55 34.05 0 0.328883 1200.77 2.35 20.25 35.61 0 0.328426 1777.30 627.79 20.58 45.51 0 0.326750 121.93 1017.69 30.47 62.31 0 0.325098 667.59 314.19 33.72 33.78 0 0.318784 1396.68 73.57 43.92 33.21 0 0.317677 385.64 754.97 25.67 31.70 0 0.305929 283.55 409.79 22.77 45.33 0 0.304201 1293.91 74.17 21.76 26.98 0 0.292832 341.91 394.14 21.28 42.78 0 0.292503 1411.18 1024.30 36.34 53.16 0 0.285973 1275.77 73.83 20.60 31.60 0 0.282417 481.99 899.31 30.67 67.95 0 0.275304 478.54 727.81 28.42 63.71 0 0.273833 1250.22 4.06 16.28 39.77 0 0.271068 1523.18 703.50 35.10 37.78 0 0.269699 284.78 415.61 26.05 43.99 0 0.263652 1309.36 654.29 27.85 25.25 0 0.259754 402.08 750.15 24.60 39.62 0 0.259279 215.46 638.10 30.45 44.31 0 0.258952 1252.73 75.96 19.65 37.31 0 0.254745 1298.33 176.50 28.52 40.87 0 0.250481 1657.13 660.00 23.88 43.59 0
149,0.594428 737.85 343.44 58.63 42.44 0 0.389450 1028.26 745.57 61.62 26.01 0 0.371418 830.22 113.75 29.67 44.24 0 0.370184 1437.64 459.33 68.22 45.19 0 0.354442 1191.53 746.73 49.97 32.39 0 0.346600 1204.78 751.24 50.83 27.18 0 0.345337 1255.43 312.50 68.14 40.54 0 0.318780 1185.92 700.24 60.05 25.19 0 0.316995 1761.78 238.47 41.95 42.77 0 0.304380 719.89 195.76 57.78 34.03 0 0.296282 1198.69 654.66 49.22 30.07 0 0.295953 1199.89 793.19 57.67 40.76 0 0.282587 933.74 746.31 34.56 58.06 0 0.274363 1296.78 707.62 44.76 69.22 0 0.266183 1687.41 444.84 51.50 56.45 0 0.258659 748.47 266.76 41.03 26.95 0 0.258546 721.08 265.17 30.42 27.63 0
150,
151,0.466924 721.79 938.90 55.16 40.39 0 0.465366 818.75 585.43 57.57 44.08 0 0.426118 443.47 976.03 40.44 43.77 0 0.370391 517.70 756.21 32.76 37.89 0 0.358145 760.57 790.38 58.70 40.86 0 0.333198 546.66 696.94 36.47 33.32 0 0.317580 520.72 980.41 40.97 56.99 0 0.306428 456.39 869.89 58.02 41.49 0 0.302332 1145.02 486.15 23.93 36.69 0 0.296711 1086.30 585.11 42.22 32.61 0 0.295212 738.87 844.99 59.24 28.34 0 0.293736 686.23 555.00 39.71 31.33 0 0.280602 856.59 469.38 58.90 55.01 0 0.275375 808.11 583.69 47.37 65.67 0 0.273999 758.90 793.54 58.32 47.92 0 0.272380 574.13 558.93 31.22 35.65 0 0.267130 679.46 1037.15 62.21 42.85 0 0.256940 525.36 968.76 39.50 43.41 0 0.254765 425.64 974.44 41.86 40.01 0 0.252024 692.87 479.94 37.43 27.89 0
152,
153,0.564524 960.22 607.47 27.83 42.27 0 0.446440 1002.80 622.44 21.96 34.78 0 0.364692 1142.74 859.64 37.61 33.43 0 0.352295 392.12 996.32 39.51 40.85 0 0.329822 255.03 1032.18 37.09 47.82 0 0.293216 400.41 1031.64 28.55 42.14 0 0.284438 1148.18 616.19 37.33 42.88 0 0.275751 1008.61 610.12 19.25 44.96 0 0.270233 954.21 941.96 32.76 68.24 0 0.262986 987.21 617.09 28.72 37.58 0 0.259691 592.61 349.58 25.04 31.30 0
154,0.733659 907.52 529.07 27.36 32.14 0 0.582625 961.82 529.94 22.55 40.75 0 0.532970 1046.48 533.91 40.13 43.03 0 0.491805 1027.15 533.94 25.04 42.25 0 0.484224 1079.11 536.51 23.43 42.81 0 0.398111 938.41 529.77 32.00 38.59 0 0.389086 1145.48 552.16 26.58 29.01 3 0.333445 1125.27 548.98 32.60 32.26 0 0.289263 983.15 529.58 21.01 44.12 0 0.269325 1211.06 553.39 33.35 29.72 0
155,0.348956 1170.72 686.03 35.84 34.44 0 0.343837 1881.77 150.84 33.92 32.86 0 0.333907 1881.05 167.39 35.22 34.13 0 0.283194 1158.79 684.08 24.34 37.06 0 0.267566 74.79 636.15 24.51 36.82 0 0.258473 447.77 651.61 43.34 37.25 0 0.251502 1183.35 686.28 37.10 37.33 0
156,0.533729 667.68 635.35 29.72 31.49 0 0.494583 685.18 555.58 31.16 40.95 0 0.461971 682.23 581.17 37.26 19.99 0 0.385985 806.84 674.67 58.64 43.09 0 0.376484 1086.16 583.02 44.40 37.06 0 0.340539 678.06 549.69 27.50 49.63 0 0.336100 537.02 1004.78 44.61 37.44 0 0.307913 689.57 541.33 30.71 27.64 0 0.300773 655.43 629.85 22.94 39.28 0 0.286933 1066.85 680.78 41.31 36.28 0 0.283840 749.91 838.54 55.69 47.15 0 0.274925 691.29 1029.11 68.72 49.76 0 0.274248 669.24 635.62 49.11 29.11 0 0.267279 319.44 140.78 43.32 35.78 0 0.262635 866.31 557.45 44.76 40.41 0 0.258125 797.45 678.24 59.07 48.46 0 0.257780 460.59 942.61 43.71 42.72 0 0.255353 637.62 702.98 39.42 25.90 0 0.250770 500.74 844.33 31.76 30.75 0
157,0.466952 484.90 782.11 26.45 58.09 0 0.425033 432.81 801.15 20.64 42.14 0 0.373369 1265.97 509.43 25.10 49.23 0 0.300647 561.38 791.03 18.87 37.24 0 0.276501 592.63 792.27 32.04 35.02 0 0.267347 428.43 813.23 25.09 30.93 0 0.258496 952.13 385.42 32.35 39.81 0 0.255145 1374.23 631.74 53.01 39.20 0
158,0.439328 485.35 786.15 29.77 52.80 0 0.403423 436.93 801.03 17.69 41.95 0 0.387380 1223.55 514.94 19.24 41.38 0 0.384223 571.51 787.59 29.09 47.48 0 0.324860 879.56 792.49 30.23 37.42 0 0.319986 752.89 401.55 38.74 39.70 0 0.297644 494.60 791.44 26.15 41.08 0 0.293198 1222.92 510.52 25.12 53.83 0 0.289079 1083.18 389.87 38.24 32.58 0 0.269116 928.68 382.79 28.55 41.00 0 0.265620 1270.67 508.72 26.33 47.14 0
159,0.317765 258.89 740.51 34.86 46.48 0 0.300688 157.04 552.65 52.30 45.87 0 0.295610 161.63 551.68 64.83 47.71 0 0.295539 1860.74 863.46 59.26 33.34 0 0.294586 634.78 684.91 31.15 32.61 3 0.259311 347.58 455.27 55.27 49.29 0 0.255123 1361.60 461.83 33.17 34.51 0 0.253249 1554.94 459.24 61.81 44.04 0 0.251997 470.96 746.34 33.74 29.16 0 0.250787 247.51 736.96 24.87 52.28 0 0.250660 195.27 274.93 63.82 38.30 0
160,0.649129 761.85 663.11 34.83 55.97 0 0.570596 1653.83 6.86 19.79 34.13 3 0.548225 524.75 419.40 25.01 33.85 0 0.524286 672.31 657.05 29.25 62.90 0 0.514853 724.07 659.35 13.48 60.06 0 0.499387 759.73 312.17 34.35 27.73 0 0.489596 525.26 371.78 29.90 25.00 0 0.476932 459.97 412.85 27.56 44.61 0 0.476043 477.49 410.56 20.84 44.99 0 0.441214 1628.44 78.75 22.60 38.65 0 0.424437 717.15 508.34 32.54 58.25 0 0.424065 811.39 189.70 32.34 53.89 0 0.400935 617.36 191.01 24.47 33.57 0 0.398329 494.79 178.14 28.84 38.91 0 0.396858 670.05 374.80 23.73 35.32 0 0.391475 552.05 287.79 28.19 44.47 0 0.391093 1780.94 99.03 29.21 40.35 0 0.374292 335.52 670.61 26.18 52.09 0 0.364638 491.94 187.86 30.43 32.15 0 0.354211 1773.46 26.60 27.58 40.23 0 0.351122 1612.00 79.43 25.58 38.52 0 0.338500 557.64 273.73 27.99 42.96 0 0.333210 1586.29 77.11 20.59 37.69 0 0.327250 1557.11 0.00 28.15 28.16 0 0.326211 700.54 663.75 23.71 56.26 0 0.324338 511.54 366.62 21.35 26.61 0 0.321303 352.90 556.03 34.20 43.44 0 0.318471 1789.07 103.55 38.47 35.80 0 0.314490 1604.47 0.00 20.65 29.54 0 0.310798 622.35 430.34 26.82 33.84 0 0.304702 691.13 292.99 27.31 40.44 0 0.304098 566.37 187.39 29.93 34.01 0 0.303699 519.51 575.72 37.54 37.65 0 0.302376 1716.62 102.29 32.06 33.45 0 0.300931 643.45 515.51 25.68 39.02 0 0.299838 721.57 381.90 19.70 38.08 0 0.296062 665.32 191.97 24.34 35.76 0 0.294912 1652.36 11.37 23.62 38.66 0 0.293370 570.15 183.69 23.06 34.52 0 0.288298 626.66 416.97 27.36 39.12 0 0.285871 1746.57 24.39 26.69 36.25 0 0.282725 518.62 430.36 29.94 29.07 0 0.282593 771.03 301.04 23.02 40.91 0 0.282359 566.44 286.03 29.35 46.07 0 0.280231 329.65 552.00 32.17 47.99 0 0.273058 1412.39 177.48 26.47 30.15 0 0.267195 1162.25 199.18 38.95 34.17 3 0.267107 1384.28 62.20 30.55 23.44 0 0.262527 1708.86 17.13 18.03 40.09 0 0.262196 651.65 661.80 24.34 51.76 0 0.257892 763.88 183.51 23.03 57.02 0 0.253579 747.86 291.62 22.86 47.04 0 0.253336 1690.54 770.63 43.50 37.67 0 0.250382 1677.17 767.34 43.27 41.66 0
161,0.451745 126.81 1032.09 46.02 47.91 0 0.338955 93.00 1030.40 85.57 49.60 0 0.262584 88.53 1033.56 38.38 46.44 0
162,0.616890 762.02 597.63 26.37 34.60 0 0.579948 999.79 592.28 38.07 40.86 0 0.475679 985.71 592.95 26.58 40.90 0 0.443011 969.79 587.97 12.34 45.76 0 0.442699 744.75 597.13 26.51 36.39 0 0.397248 965.22 460.44 20.40 42.97 0 0.381936 1060.86 772.74 26.53 64.53 0 0.357227 905.03 585.81 27.30 48.90 0 0.351139 911.35 464.06 18.32 37.96 0 0.345480 545.89 417.94 21.90 33.04 0 0.342876 989.47 462.32 18.25 39.59 0 0.331989 907.14 583.67 27.84 42.89 0 0.313261 1747.03 492.60 30.63 44.48 0 0.305691 789.67 597.78 24.79 38.00 0 0.305151 724.87 465.39 22.30 39.37 0 0.303776 769.03 413.91 17.44 32.92 0 0.300502 679.04 463.55 15.56 45.18 0 0.283271 1721.72 590.66 30.89 29.74 0 0.282730 710.60 412.86 27.54 25.86 0 0.279950 601.89 584.55 21.96 53.97 0 0.279362 726.26 590.85 14.52 44.04 0 0.276641 697.79 465.33 24.30 44.41 0 0.255612 1081.66 779.10 25.74 37.60 0 0.255175 1766.47 728.50 31.12 30.87 0 0.254332 917.43 413.95 17.21 36.15 0 0.253250 864.14 468.09 17.48 37.57 0 0.251101 510.04 658.18 20.75 36.87 0
163,0.368845 1793.63 128.89 31.35 42.27 0 0.311731 1249.88 929.66 71.34 70.54 0 0.301583 1045.15 1017.34 106.26 62.66 0 0.289791 693.85 675.12 23.07 44.98 0 0.282949 678.70 678.50 23.18 44.75 0 0.276184 985.51 1016.82 27.41 53.47 0 0.274508 1719.80 116.13 34.47 34.98 0 0.271356 0.00 598.14 120.77 87.58 0 0.262630 696.82 683.00 24.29 42.28 0 0.256714 1618.63 120.05 49.01 43.19 0 0.252752 1702.86 104.25 25.97 46.15 0
164,0.493472 1290.77 709.81 51.32 51.05 0 0.489335 980.98 827.76 34.10 57.93 0 0.442969 807.91 770.38 40.25 23.66 0 0.429780 432.78 103.13 21.74 43.30 0 0.414948 792.51 831.51 25.23 29.73 0 0.407686 414.87 522.31 24.59 61.55 0 0.379614 1110.05 505.82 22.64 47.19 0 0.378261 488.11 206.95 22.73 59.28 0 0.377919 1122.97 503.43 21.88 45.73 0 0.371697 1178.20 502.86 21.94 48.95 0 0.362630 1271.64 607.82 28.66 39.82 0 0.361597 1320.65 491.89 20.81 42.38 0 0.357159 1175.72 416.92 28.57 53.12 0 0.354424 1292.28 607.35 31.93 59.32 0 0.351455 1308.63 733.13 50.21 60.33 0 0.340269 907.21 520.73 24.88 35.71 0 0.322591 1225.19 492.14 21.48 56.08 0 0.311162 1096.60 107.59 39.85 47.08 0 0.304438 813.18 772.69 46.90 22.48 0 0.304112 423.68 98.95 30.98 53.91 0 0.300778 918.34 841.16 19.58 41.38 0 0.300525 1132.18 845.38 20.85 66.39 0 0.300313 1269.55 425.75 29.21 36.60 0 0.297078 984.28 419.46 23.68 55.36 0 0.293636 1062.45 832.41 18.65 55.98 0 0.288453 1052.98 508.19 22.87 42.71 0 0.287681 1243.80 419.37 30.73 41.95 0 0.281837 844.50 833.58 15.16 53.32 0 0.280375 872.38 837.09 17.24 48.55 0 0.278999 1307.65 742.06 61.12 47.27 0 0.278846 1254.24 608.26 17.89 41.52 0 0.277261 793.90 823.58 25.86 61.04 0 0.272407 862.65 527.28 22.98 43.92 0 0.272271 1085.99 506.12 19.99 48.23 0 0.265255 987.57 827.16 27.17 47.78 0 0.256420 1105.28 510.37 24.75 46.65 0 0.254131 558.61 207.06 25.35 55.73 0 0.253606 1273.58 501.52 15.08 48.43 0 0.252497 1294.67 717.67 61.81 73.39 0
165,0.288011 646.83 131.59 30.66 36.88 0
166,0.454214 1670.90 674.80 36.11 50.54 0 0.345895 263.91 968.90 20.60 40.55 0 0.291472 225.63 698.22 34.61 33.56 0 0.288297 126.08 729.67 31.83 38.78 0 0.287497 1023.42 168.36 31.96 38.35 0 0.277915 595.19 700.73 39.81 62.97 0 0.277490 549.14 531.55 28.65 39.88 0 0.272463 208.26 697.17 40.74 31.03 0 0.265660 270.62 737.04 23.79 53.08 0 0.262096 151.26 794.78 30.89 40.84 0 0.256818 164.10 793.87 26.08 40.30 0
167,
168,
169,0.454440 423.04 1013.61 64.62 66.39 0 0.358962 1454.50 461.24 84.71 56.33 0 0.281050 181.94 771.18 27.35 32.90 0
170,0.293038 508.64 858.50 34.53 50.04 0 0.265396 629.10 134.70 23.56 37.75 0
171,
172,
173,0.303489 75.52 512.16 51.82 43.78 0 0.296975 0.00 439.20 20.00 28.93 0 0.283703 71.96 271.57 50.54 48.76 0 0.259707 63.94 275.74 45.28 47.41 0 0.250919 689.42 369.97 27.48 28.87 0
174,
175,0.265508 691.40 455.44 37.21 49.61 0
176,
177,0.273528 889.68 147.93 21.02 28.65 0
178,0.253277 567.32 602.68 36.72 28.99 0
179,
180,0.413744 1165.13 712.38 93.85 60.20 0 0.406352 585.05 877.45 98.33 59.86 0 0.395690 1060.00 1034.21 47.27 45.76 0 0.376960 614.06 458.97 43.84 50.38 0 0.372177 1196.53 725.35 84.38 69.77 0 0.342128 764.51 506.03 59.21 48.52 0 0.338606 1055.56 1032.26 34.61 47.74 0 0.330766 1069.45 1033.84 66.36 46.16 0 0.285863 555.95 1018.62 94.26 60.20 0 0.284654 1104.14 914.08 25.76 46.30 0 0.269223 989.14 739.28 86.99 41.85 0 0.267935 603.53 877.06 90.20 65.60 0 0.260465 956.99 926.30 71.55 57.22 0 0.259395 1109.88 915.16 55.81 49.75 0 0.253634 1174.93 700.11 106.17 76.64 0 0.252066 723.67 551.23 82.84 64.12 0 0.250209 1053.91 613.19 60.09 66.87 0
181,0.471135 836.55 507.97 28.16 46.17 0 0.295731 563.74 364.03 34.11 43.51 0 0.273407 18.04 771.66 25.79 44.57 0 0.259918 836.98 509.06 39.04 50.37 0 0.259041 145.35 760.84 22.42 47.96 0 0.252315 954.90 503.98 28.84 37.53 0
182,0.473933 942.64 1032.31 46.27 47.69 0 0.279260 939.38 1018.52 48.51 61.48 0
183,0.367323 983.41 513.33 22.76 44.25 0 0.283863 923.06 510.58 32.98 42.12 0 0.273412 1044.90 526.45 29.91 30.44 0 0.272275 838.91 510.30 33.14 38.44 0 0.257384 847.07 509.53 37.83 39.87 0
184,0.613031 936.14 536.29 23.43 37.59 0 0.516369 1009.01 536.36 27.76 45.05 0 0.514049 918.47 535.08 22.35 42.64 0 0.406992 1016.74 536.15 37.36 44.96 0 0.368684 1083.28 550.23 49.76 31.86 0 0.359181 835.85 532.32 44.29 41.64 0 0.335714 680.88 528.44 36.89 35.01 0 0.328658 661.96 529.30 53.28 29.07 3 0.290263 748.01 532.38 47.25 36.40 0
185,0.275666 44.66 152.84 79.07 74.55 0 0.260996 1743.32 945.00 95.09 68.81 0
186,0.495910 1056.02 519.76 29.71 55.29 0 0.349036 1071.29 524.38 33.90 50.03 0 0.338240 1079.10 356.72 31.34 48.56 0 0.321945 782.34 559.56 32.25 48.40 0 0.321293 1017.86 519.15 13.98 53.84 0 0.293271 671.89 411.30 29.09 57.10 0 0.290777 979.39 308.18 34.24 32.10 0 0.279381 552.01 669.53 25.09 49.76 0 0.278818 1037.81 517.82 22.96 55.62 0 0.277405 1606.45 49.34 55.81 36.72 0 0.268204 1609.51 0.00 46.88 19.11 0 0.263277 727.37 408.15 21.78 47.22 0 0.260955 912.82 310.35 22.14 42.21 0 0.260811 929.33 392.91 26.87 51.14 0 0.260181 580.09 574.01 21.35 56.24 0 0.257669 860.27 546.81 22.98 50.64 0 0.254014 1166.29 833.24 37.76 53.07 0
187,
188,
189,
190,
191,0.324417 0.00 284.17 27.50 42.90 0 0.324139 649.27 181.30 94.72 62.22 0 0.300072 326.28 627.80 132.33 70.32 0 0.280883 1187.70 574.75 144.40 78.33 0 0.254615 348.63 625.18 139.06 71.08 0
192,0.356647 262.20 563.76 24.55 37.34 0 0.260899 354.91 578.29 22.51 30.96 0
193,
194,
195,
196,0.424343 880.28 473.40 39.11 42.79 0 0.265387 409.30 177.22 32.35 57.07 0 0.262427 1120.00 465.81 29.08 33.97 0 0.261986 398.69 712.52 28.34 36.65 0
197,0.364422 391.59 596.94 46.95 45.16 0 0.290186 428.02 269.78 42.17 35.65 0 0.274959 330.91 204.88 30.42 31.13 0 0.267912 381.81 3.57 19.53 27.73 0
198,0.495799 354.93 874.37 35.76 42.53 0 0.486834 213.10 869.30 31.58 41.25 3 0.462589 977.32 485.91 30.75 34.14 0 0.391916 249.07 969.59 40.82 38.85 0 0.361154 735.67 840.58 29.70 30.41 0 0.337533 657.25 761.81 55.68 63.40 0 0.321997 597.70 1032.90 40.97 47.10 0 0.299243 348.12 879.79 42.11 41.00 0 0.295333 1378.02 336.10 61.65 57.64 0 0.280958 930.53 838.68 37.63 34.84 0 0.275940 1676.02 793.61 96.69 75.53 0 0.264285 246.44 978.44 44.53 36.32 3 0.260728 812.96 569.08 56.88 63.71 0 0.257591 613.58 1024.89 38.06 54.38 0
199,
200,0.388379 1001.44 0.00 30.00 32.38 0 0.372907 1103.35 66.66 23.24 35.26 0
201,0.492867 1091.40 326.17 40.08 60.38 0 0.402793 212.98 792.21 58.24 34.76 0 0.386247 1058.81 325.71 66.10 61.87 0 0.382990 2.17 797.22 51.82 37.30 0 0.378985 580.47 490.51 27.62 28.42 0 0.369718 807.31 471.70 27.77 50.01 0 0.364751 1104.30 483.29 22.29 50.90 0 0.360477 1053.43 328.01 29.98 59.41 0 0.344595 985.99 468.88 22.13 55.34 0 0.321115 887.53 472.03 30.03 49.69 0 0.318817 1012.63 474.31 20.70 51.33 0 0.315037 588.01 435.42 32.31 25.37 0 0.300478 1052.86 471.22 22.99 52.73 0 0.285342 1633.98 537.27 26.81 37.94 0 0.278766 1166.37 486.14 45.95 41.34 0 0.266912 1110.50 1041.30 27.29 38.70 0 0.263648 867.01 463.81 22.27 64.55 0 0.256763 1756.06 294.08 53.00 49.94 0 0.255286 1034.26 474.72 24.73 49.57 0 0.253767 910.93 476.37 21.99 43.82 0 0.251233 1178.76 345.90 25.41 39.86 0
202,
203,0.263767 868.48 270.26 21.67 40.31 0
204,0.680533 617.13 145.62 22.64 32.98 0 0.647562 775.93 606.41 27.29 60.60 0 0.564460 642.79 462.31 26.57 38.71 0 0.556240 475.97 359.84 24.90 46.68 0 0.532427 696.00 245.18 24.52 44.62 0 0.494879 810.97 141.85 37.75 53.18 0 0.482259 780.58 608.64 30.80 58.85 0 0.479676 208.73 510.12 31.56 35.20 0 0.463483 641.61 244.50 22.81 40.44 0 0.462731 722.41 334.97 19.71 34.45 0 0.460209 673.04 325.75 23.50 33.39 0 0.450049 552.86 244.41 28.24 42.43 0 0.448033 665.40 146.09 25.94 37.49 0 0.422753 495.06 139.50 29.29 32.24 0 0.403292 719.55 612.51 21.06 53.51 0 0.392461 566.60 139.73 28.55 36.46 0 0.373386 1774.00 700.61 27.34 37.51 0 0.371675 628.79 240.85 24.42 43.16 0 0.366903 570.58 224.76 24.65 23.76 0 0.361595 621.03 383.60 37.29 28.26 0 0.347021 525.38 359.66 31.28 49.44 0 0.336409 768.57 249.97 27.35 38.85 0 0.313051 678.97 611.43 21.28 56.63 0 0.313021 641.65 261.64 23.78 27.95 0 0.311604 450.56 325.39 25.85 17.65 0 0.300509 559.46 225.54 28.49 33.93 0 0.296675 689.89 256.76 30.93 34.16 0 0.290068 743.91 466.44 30.06 46.27 0 0.288540 1730.85 698.00 20.90 36.94 0 0.285979 697.96 326.57 22.48 39.35 0 0.283656 549.13 323.69 22.29 30.61 0 0.283036 719.90 460.73 28.74 53.40 0 0.282266 718.74 613.01 21.47 38.25 0 0.279126 624.77 227.09 25.41 27.87 0 0.277221 673.30 460.89 22.53 44.54 0 0.276504 569.30 239.25 24.77 46.24 0 0.269895 523.66 507.27 36.44 52.98 0 0.268470 1626.79 1032.91 28.96 29.74 0 0.262831 630.69 462.63 26.18 32.54 0 0.262593 290.40 322.10 35.56 35.75 0 0.262568 637.80 386.53 28.75 27.55 0 0.261017 382.42 613.33 33.96 39.75 0 0.259712 532.91 322.90 24.19 29.06 0 0.258450 701.49 606.83 24.05 58.38 0 0.253063 378.54 611.76 36.42 59.69 0 0.250231 548.49 260.42 30.93 29.23 0 0.250097 435.20 355.59 27.32 52.86 0
205,
206,
207,
208,0.449020 588.43 223.25 48.94 30.56 0 0.284791 1020.50 205.90 20.30 24.22 0 0.282266 1275.86 204.72 19.49 21.66 0
209,0.519785 572.46 784.96 23.69 44.59 0 0.484115 577.35 780.39 20.63 41.94 0 0.445700 486.38 779.04 34.29 59.95 0 0.345463 448.32 789.99 26.65 50.00 0 0.329979 439.84 798.91 22.96 41.59 0 0.329483 494.31 778.74 26.60 53.36 0 0.314528 836.56 385.23 39.35 35.50 0 0.314287 1223.70 511.01 21.50 43.90 0 0.296858 615.41 788.05 28.48 44.86 0 0.265709 1074.74 527.04 22.43 38.53 0 0.255858 1089.40 392.75 36.56 37.06 0 0.250263 1314.36 524.61 31.19 32.81 0
210,0.474301 618.33 514.74 29.33 34.15 0 0.471867 759.58 408.62 37.69 51.14 0 0.377863 1014.03 243.06 15.20 41.26 0 0.340730 961.16 251.66 17.96 30.22 0 0.336766 736.47 407.75 34.50 50.25 0 0.327050 951.69 257.85 26.23 51.25 0 0.326085 1074.16 391.33 39.28 48.52 0 0.291752 1059.16 239.84 18.24 47.57 0 0.290467 959.64 186.80 25.63 40.39 0 0.267083 817.34 269.55 17.78 43.57 0 0.266779 1034.95 387.85 17.10 45.31 0
211,0.414325 612.37 488.72 34.59 35.30 0 0.313224 94.03 890.39 93.44 80.56 0 0.290594 515.91 464.21 36.12 31.06 0 0.256416 507.17 464.89 35.08 36.24 0
212,0.272470 533.05 453.16 32.08 39.05 0 0.266636 572.41 380.10 37.24 36.95 0 0.252455 700.76 167.47 32.01 35.94 0
213,
214,0.279019 195.06 169.91 23.63 52.70 0
215,0.315263 1843.45 1030.10 32.74 49.90 0
216,
217,0.617444 95.37 37.15 29.17 60.52 0 0.422513 116.70 45.69 32.63 52.36 0 0.335915 78.72 32.81 21.73 63.93 0 0.272932 57.21 34.27 15.62 59.31 0
218,0.458289 53.15 55.35 30.64 48.15 0 0.303815 270.09 306.52 37.89 51.60 0 0.281432 27.07 313.00 24.72 29.92 0 0.269677 55.71 59.23 28.93 30.64 0 0.257883 273.88 665.70 38.71 43.27 0
219,0.253863 1288.61 638.11 28.22 35.56 0
220,0.600446 1592.66 341.53 42.17 34.62 0 0.389014 1596.67 367.22 39.07 41.60 0 0.383296 1179.64 534.80 52.94 45.24 0 0.362133 1265.64 537.02 38.72 43.16 0 0.357895 1653.71 551.41 24.95 49.36 0 0.357143 1586.35 296.76 40.97 41.03 0 0.331885 1438.45 175.66 29.40 33.22 3 0.330160 1695.90 532.78 32.63 41.16 0 0.325538 1599.15 392.42 39.60 29.76 0 0.324222 1617.52 436.31 40.45 37.10 0 0.316711 1450.92 276.07 33.44 20.86 0 0.310422 1441.65 220.87 35.64 32.11 0 0.307855 1568.82 222.99 35.76 38.45 0 0.306615 1623.44 510.41 30.74 23.95 0 0.299599 1594.19 410.71 44.56 42.40 0 0.292140 1570.01 245.58 39.74 22.77 0 0.288998 1742.29 288.32 27.84 28.21 0 0.285497 1263.60 549.10 42.72 30.60 0 0.280682 1365.19 168.86 32.90 46.32 0 0.267986 1464.61 438.93 48.12 29.11 0 0.267835 1565.55 191.46 51.58 53.65 0 0.266675 1573.70 313.38 42.55 37.39 0 0.263396 1652.10 572.89 28.37 30.12 0 0.262259 1613.76 554.67 24.14 38.65 0 0.259415 1437.52 187.59 32.02 40.13 0 0.257613 1650.98 344.66 34.19 28.95 0 0.254118 1449.72 230.76 33.78 20.65 0
221,0.580413 962.70 668.57 19.26 50.37 0 0.536296 1157.97 744.82 23.19 51.11 0 0.502555 1220.30 668.17 26.74 37.32 0 0.433875 1224.38 857.52 20.82 52.87 0 0.412924 1226.34 744.81 19.46 45.33 0 0.380344 1294.83 740.45 26.03 49.45 0 0.375127 405.29 469.30 22.27 39.81 0 0.363732 1312.10 742.07 38.29 45.73 0 0.363225 1143.17 665.40 32.23 48.14 0 0.302257 1070.61 543.22 35.31 50.82 0 0.299215 1179.78 662.60 20.53 50.43 0 0.297011 1252.35 859.57 27.04 53.05 0 0.296675 1145.04 659.11 31.52 40.59 0 0.291525 840.67 774.51 24.02 45.08 0 0.284475 1274.58 866.39 26.22 48.46 0 0.282841 1178.63 745.33 22.69 46.95 0 0.271940 1207.76 745.72 16.82 45.04 0 0.271759 384.99 770.61 25.92 69.46 0 0.271433 476.94 588.72 36.18 56.53 0 0.266387 1132.21 659.19 28.29 42.54 0 0.257474 1269.06 963.07 45.28 30.32 0 0.256897 1251.84 746.47 14.98 44.77 0 0.251961 1102.70 753.17 21.42 44.37 0 0.251107 1273.59 967.05 51.08 25.72 0
222,
223,
224,0.519047 1702.16 167.55 20.08 40.32 0 0.496307 1685.08 1038.12 22.38 41.88 0 0.448309 1703.65 254.74 21.30 36.07 0 0.418036 1631.54 168.90 20.71 40.93 0 0.394612 1856.61 261.74 18.15 38.95 0 0.379687 1728.01 167.71 19.22 41.12 0 0.367173 1059.43 1033.36 47.00 46.64 0 0.356597 1614.35 308.68 19.74 44.21 0 0.335505 1684.98 253.04 21.98 39.37 0 0.324705 1532.99 168.88 25.08 36.76 0 0.323146 1033.38 1031.99 71.79 48.01 0 0.312071 1660.32 279.59 27.00 61.83 0 0.305223 1225.83 1009.61 30.82 44.61 0 0.304852 1174.87 989.32 35.35 66.41 0 0.296699 1801.68 259.71 27.90 34.51 0 0.296614 1582.02 168.41 17.53 38.40 0 0.296355 1177.51 1017.60 34.23 61.56 0 0.290104 1731.03 1029.21 25.35 50.79 0 0.289483 1876.01 258.75 25.95 37.08 0 0.287098 1848.08 318.63 22.96 29.87 0 0.284573 1755.91 165.42 15.22 45.57 0 0.284512 1826.66 167.90 19.36 41.46 0 0.279802 1706.68 259.30 23.69 36.20 0 0.279561 1847.03 168.99 22.06 39.00 0 0.273470 1564.21 168.44 19.41 39.54 0 0.273096 1033.04 445.01 44.01 59.56 0 0.272545 1226.24 1014.26 39.67 38.09 0 0.271127 1754.45 266.26 19.78 29.48 0 0.260667 1707.89 159.10 16.33 44.30 0 0.255779 1032.13 1032.72 26.14 47.28 0 0.252008 1752.76 311.64 21.38 36.43 0
225,0.294885 831.68 255.98 34.11 50.68 0 0.287111 985.56 407.53 34.50 52.06 0 0.259780 117.90 597.17 36.09 32.71 0
226,0.633562 1131.47 535.98 22.43 39.50 0 0.481224 1056.42 532.33 26.70 35.51 0 0.362393 1204.88 549.58 48.89 31.04 0 0.352618 1184.02 535.48 59.42 46.68 0 0.306138 1134.86 533.82 37.67 42.94 0 0.300736 1033.21 531.28 39.63 36.14 0 0.286358 1004.58 529.99 28.09 32.05 0 0.273312 1079.39 530.26 19.35 40.62 0 0.257763 727.59 512.53 37.43 33.01 0
227,
228,
229,0.286846 398.53 653.26 30.84 32.79 0
230,
231,0.524197 1061.46 380.11 92.42 39.34 0 0.475001 1074.63 430.96 76.02 60.02 0 0.426259 1050.74 552.81 80.19 54.24 0 0.413669 113.53 906.70 71.26 60.83 0 0.410825 576.25 110.74 118.92 60.52 0 0.386999 1063.84 620.48 103.06 54.40 0 0.365417 574.31 230.52 115.33 50.47 0 0.356792 1017.47 186.49 108.63 65.66 0 0.349004 915.73 640.55 103.23 45.22 0 0.348185 926.81 625.55 94.82 56.42 0 0.346271 963.64 833.92 60.19 63.92 0 0.345306 572.16 732.60 111.57 57.53 0 0.343688 1090.19 692.51 89.84 58.03 0 0.339759 575.11 709.15 110.45 73.70 0 0.323216 578.10 665.07 118.08 53.90 0 0.311646 901.69 514.81 75.53 54.43 0 0.300065 1068.23 767.37 66.83 36.35 0 0.292528 571.06 182.31 127.95 56.30 0 0.291987 927.19 697.68 77.72 52.80 0 0.287790 1061.22 436.84 103.70 60.86 0 0.279256 1072.47 765.43 44.13 42.76 0 0.272537 1053.39 380.35 85.90 43.83 0 0.271048 923.68 709.81 87.47 42.28 0 0.269960 582.64 517.44 110.75 68.60 0 0.267409 600.87 513.63 120.66 72.80 0 0.262131 565.99 740.42 94.28 47.49 0 0.250367 1038.64 184.07 102.22 67.05 0
232,0.431134 578.59 397.93 18.12 42.92 0 0.398035 954.27 387.56 26.94 37.17 0 0.387335 528.02 349.05 31.80 41.09 0 0.333117 499.70 512.65 24.35 44.99 0 0.325710 671.68 508.80 24.14 43.79 0 0.310401 580.02 391.70 19.33 41.87 0 0.302207 483.54 584.80 23.78 40.18 0 0.294648 457.15 580.25 28.29 42.11 0 0.292856 579.42 507.08 18.36 44.53 0 0.289036 527.39 405.04 20.71 38.18 0 0.287825 531.89 345.06 23.48 38.12 0 0.286323 643.81 342.26 24.53 33.25 0 0.286121 878.60 692.94 29.96 47.58 0 0.275980 818.30 390.07 23.31 46.49 0 0.272827 746.64 338.16 23.92 38.56 0 0.264459 925.14 507.33 29.27 38.31 0 0.262225 555.34 507.90 18.66 45.65 0 0.254357 945.33 382.91 25.00 48.00 0 0.251102 763.77 337.43 25.72 39.43 0
233,
234,0.496115 1831.99 387.25 21.13 42.77 0 0.343511 1676.40 438.40 27.07 40.81 0 0.327277 1637.97 433.27 22.78 50.08 0 0.316952 1686.12 362.49 21.18 45.22 0 0.302488 1464.01 495.15 27.70 55.15 0 0.291289 1659.68 437.03 29.42 46.31 0 0.290598 1488.57 412.45 23.35 41.97 0 0.288894 881.66 914.72 60.81 39.70 0 0.281728 1317.31 339.71 26.80 44.86 0 0.269555 1345.56 339.34 24.90 44.18 0 0.264841 880.50 913.26 41.31 38.85 0 0.260844 1533.10 285.57 23.31 46.42 0 0.257211 1420.08 321.88 20.76 41.31 0
235,
236,
237,0.536677 887.79 411.95 50.63 39.44 0 0.456761 993.14 1033.73 38.06 43.98 0 0.444486 954.80 960.27 64.89 34.14 0 0.438790 676.41 964.90 53.79 47.76 0 0.404826 664.53 960.28 59.79 51.15 0 0.369095 964.06 1031.73 64.11 48.27 0 0.302674 732.24 556.29 47.93 33.50 0 0.300672 706.73 479.16 38.95 41.66 0 0.297924 878.35 460.20 61.92 25.97 0 0.286118 922.84 721.38 59.40 35.73 0 0.274131 878.57 533.17 73.91 42.89 0 0.266592 613.08 511.64 44.46 30.72 0 0.252457 1205.88 289.73 61.28 35.60 0
238,0.290776 1102.58 68.12 21.76 32.64 0 0.268951 999.31 0.00 26.92 32.31 0
239,
240,0.289585 794.05 539.76 35.85 53.39 0
241,0.285541 539.72 433.71 29.86 33.18 0 0.277910 1861.36 550.73 51.03 46.28 0
242,
243,
244,
245,0.539969 1041.23 1033.47 45.79 46.53 0 0.531922 1262.78 299.73 91.50 64.57 0 0.517017 1023.39 537.74 94.38 64.65 0 0.442633 1224.32 470.40 67.91 63.91 0 0.432770 835.64 166.29 60.38 48.29 0 0.409696 1055.15 963.86 55.29 50.61 0 0.369244 1133.07 652.42 111.68 67.92 0 0.360954 1072.07 748.45 61.53 72.81 0 0.354652 1252.08 296.17 87.28 62.90 0 0.344243 1055.69 970.13 65.28 60.86 0 0.328236 1206.70 411.53 55.90 49.11 0 0.326401 993.58 524.07 102.60 63.38 0 0.312551 804.37 1026.61 45.98 53.39 0 0.308640 723.87 375.36 114.57 59.37 0 0.295992 1042.28 568.44 76.15 38.01 0 0.290365 843.69 1024.38 74.73 55.62 0 0.287721 832.20 174.40 76.77 54.67 0 0.271869 1245.49 483.71 57.81 47.70 0 0.270022 1059.29 369.60 112.03 60.88 0 0.269562 1042.92 546.82 78.91 55.14 0 0.264205 1046.95 968.52 61.42 60.69 0 0.261331 1124.18 643.86 81.38 61.23 0 0.259270 646.24 540.03 118.98 68.22 0 0.253455 632.64 596.24 99.28 64.13 0
246,
247,0.346295 1841.79 5.87 42.77 44.50 0 0.282707 75.43 2.03 28.19 44.56 0
248,0.518539 408.43 171.32 30.48 31.06 0 0.385418 692.68 679.42 33.45 39.40 0 0.253050 340.67 153.75 21.18 38.68 0
249,0.357690 1230.65 984.81 66.80 40.87 0 0.328283 1228.51 915.63 51.69 35.11 0 0.320282 1167.33 566.38 37.98 40.74 0 0.310044 1803.10 9.40 15.86 36.88 0 0.301769 1181.34 576.48 54.94 29.98 0 0.277177 954.69 478.32 37.36 48.09 0 0.253108 961.88 177.97 28.99 37.97 0
250,0.530192 351.56 178.59 26.84 32.62 0 0.494141 350.98 172.98 27.58 62.99 0 0.480106 352.37 71.90 26.06 41.82 0 0.468115 1154.50 569.65 20.12 57.75 0 0.454680 1063.52 373.35 20.45 58.48 0 0.399215 986.91 800.01 18.95 41.56 0 0.398625 382.66 297.26 28.93 64.82 0 0.395170 1180.96 577.92 25.10 50.32 0 0.389382 1156.99 461.29 18.70 45.86 0 0.359492 414.57 171.64 19.50 64.39 0 0.358591 471.79 172.59 34.45 55.21 0 0.356628 665.70 295.68 41.81 40.20 0 0.348160 795.61 797.36 18.32 44.43 0 0.346506 784.13 794.07 28.44 56.57 0 0.346122 1006.63 797.86 29.46 43.91 0 0.344344 1230.62 459.11 13.34 46.28 0 0.342671 1200.73 582.13 27.14 44.44 0 0.328982 338.53 484.01 27.12 63.56 0 0.315202 983.22 794.35 25.55 58.81 0 0.306157 1084.20 817.06 26.16 47.39 0 0.303267 420.77 309.33 33.97 49.90 0 0.298559 1265.22 460.45 29.50 43.17 0 0.295034 963.76 468.89 21.30 39.09 0 0.292410 807.37 483.08 37.74 44.93 0 0.292069 905.62 803.89 27.21 36.05 0 0.291632 262.14 484.62 38.12 66.76 0 0.289443 433.18 172.91 19.78 49.01 0 0.286256 1130.28 464.77 24.48 43.02 0 0.283933 965.42 386.68 15.87 44.93 0 0.283712 286.03 54.13 35.63 44.11 0 0.280465 1159.80 373.75 18.31 54.16 0 0.279702 1007.96 461.67 27.28 65.43 0 0.274490 318.02 483.55 23.11 68.15 0 0.267275 720.02 799.28 23.85 37.82 0 0.262063 1108.34 463.88 21.36 42.23 0 0.259968 1081.52 376.55 25.65 54.11 0 0.259482 992.88 388.36 18.85 43.41 0 0.254907 778.29 794.76 20.19 50.41 0 0.254159 911.24 379.67 24.06 51.71 0 0.251551 1012.49 795.50 29.41 62.00 0 0.250694 1057.89 804.27 25.61 61.20 0
251,0.366325 1183.46 459.04 24.32 43.79 0 0.345493 560.59 720.84 41.53 28.38 3 0.329616 184.42 622.06 35.77 36.79 0 0.325238 1309.46 441.01 30.91 35.34 0 0.294459 863.85 319.38 26.78 35.53 0 0.286409 211.51 624.06 28.75 35.89 0
252,
253,0.596636 1071.94 529.07 24.32 33.04 0 0.545463 578.59 779.92 18.73 39.73 0 0.459807 446.61 793.85 25.82 44.28 0 0.443586 811.96 492.63 27.82 31.02 0 0.437096 571.59 778.23 24.77 52.59 0 0.436353 437.91 799.77 25.31 39.67 0 0.394717 1389.26 528.55 33.20 30.17 3 0.340015 615.89 786.48 28.17 44.81 0 0.295869 885.13 479.94 33.80 43.55 0 0.282157 497.41 781.99 24.70 46.33 0 0.266845 1242.21 599.95 85.15 32.92 0
254,
255,0.416066 1454.31 0.00 29.93 33.95 0 0.340495 806.44 552.95 27.64 28.88 0 0.339148 926.72 442.21 28.86 29.63 0 0.329987 719.65 753.25 56.99 65.51 0 0.300937 1457.59 0.00 26.25 29.19 0 0.289882 860.83 653.40 40.15 49.53 0 0.281435 690.81 763.32 43.03 55.77 0 0.281276 365.32 678.92 36.28 59.87 0 0.259846 485.60 726.42 27.39 61.10 0 0.251162 810.19 540.45 25.35 36.06 0
256,0.502324 171.82 804.42 29.50 63.32 0 0.345925 277.31 295.28 32.67 42.03 0 0.323697 1637.35 760.37 25.87 58.40 0 0.320992 1287.62 414.52 37.67 41.51 0 0.297428 503.15 634.12 26.92 28.59 0 0.292327 1799.77 754.70 29.48 64.11 0 0.265370 474.36 683.80 31.83 35.87 0 0.258380 625.00 653.91 27.36 28.97 3 0.258055 1774.30 753.06 31.05 63.83 0 0.257120 1729.91 750.32 29.80 66.14 0
257,
258,
259,0.463578 1038.73 571.44 97.09 57.08 0 0.429104 574.88 257.24 108.97 47.64 0 0.413007 916.35 735.39 96.92 43.05 0 0.383873 1065.35 403.55 82.24 46.12 0 0.376590 1015.56 208.89 99.09 65.61 0 0.351597 1084.04 644.53 95.98 58.66 0 0.338094 561.07 762.87 102.65 51.63 0 0.336604 1034.82 521.56 103.89 50.86 0 0.336564 572.94 370.59 124.54 61.87 0 0.328499 576.54 86.22 120.61 63.03 0 0.317221 573.44 133.81 120.90 53.47 0 0.316890 1016.25 116.32 103.59 50.80 0 0.314883 907.78 403.41 72.17 59.84 0 0.314794 585.28 545.30 89.62 65.60 0 0.310864 918.84 716.82 92.01 60.62 0 0.303655 579.53 689.08 115.61 60.66 0 0.299929 926.93 650.03 83.11 54.62 0 0.291242 95.95 935.81 78.54 59.19 0 0.279680 861.53 172.66 127.63 62.18 0 0.277691 910.71 656.41 106.83 59.55 0 0.277443 571.74 176.04 130.40 73.62 0 0.275782 106.44 926.98 94.64 69.44 0 0.274587 956.28 871.13 86.83 59.17 0 0.273813 940.53 876.50 77.46 57.93 0 0.266286 961.43 862.54 69.12 60.71 0 0.263592 890.96 153.71 100.64 67.90 0 0.262924 1038.71 589.54 101.47 44.00 0 0.257315 880.94 545.38 87.71 54.63 0
260,0.347181 896.18 1038.41 38.51 41.59 0 0.271863 1383.44 680.72 27.71 30.19 3
261,
262,0.408346 590.50 668.69 34.66 38.87 0 0.262808 832.48 229.11 29.86 40.44 0
263,0.377939 305.96 651.50 22.80 30.76 0 0.277725 447.60 534.94 32.45 38.61 0
264,0.423832 666.75 843.30 34.32 48.21 0 0.357931 880.04 1028.18 33.91 49.95 0 0.353752 758.60 1039.50 44.19 40.50 0 0.352176 717.03 405.01 69.42 51.44 0 0.349726 1081.19 962.61 31.31 51.01 0 0.348456 599.42 749.09 29.75 43.61 0 0.289550 779.27 1033.75 40.60 46.25 0 0.289229 580.02 560.11 47.60 40.73 0 0.266188 589.66 760.83 40.20 45.36 0 0.263845 718.34 918.90 21.47 43.95 0 0.253171 469.10 542.72 40.52 30.19 0
265,0.530194 1867.88 678.48 36.92 30.80 3 0.386160 924.99 437.63 55.52 44.82 0 0.365620 1735.23 548.82 96.88 38.82 0 0.357570 1584.37 485.15 28.63 43.63 0 0.336222 829.49 429.49 73.97 38.96 0 0.332315 565.01 401.31 93.69 57.54 0 0.331954 926.38 435.09 85.40 45.74 0 0.322882 952.12 433.60 87.84 49.40 0 0.320064 1514.62 1030.63 71.07 49.37 0 0.318223 981.04 439.95 53.08 41.50 0 0.316388 1631.50 669.77 23.95 32.51 0 0.310465 824.72 962.24 44.88 27.65 0 0.283822 1527.85 653.27 34.59 39.99 0 0.278136 1605.02 659.85 26.30 44.41 0 0.266137 1392.06 712.31 97.82 92.35 0 0.255431 1602.73 492.34 38.55 41.35 0
266,0.682779 981.89 435.49 24.33 41.49 0 0.473505 1034.57 434.36 26.57 46.75 0 0.453547 842.04 443.72 20.36 37.06 0 0.385389 594.82 444.01 24.96 38.44 0 0.363415 654.90 434.76 12.10 43.61 0 0.363327 1631.92 146.57 29.11 43.96 0 0.353685 767.84 391.98 15.73 31.49 0 0.342389 702.95 437.87 18.17 42.34 0 0.338599 817.04 437.94 20.26 39.23 0 0.324853 800.04 429.69 18.88 43.53 0 0.315232 697.10 552.92 17.61 41.45 0 0.314977 983.82 554.94 26.73 45.18 0 0.313551 797.28 554.53 22.99 42.26 0 0.305487 599.78 388.23 28.68 31.59 0 0.303167 812.13 555.34 20.38 39.90 0 0.295676 1511.46 264.82 39.71 30.57 0 0.291785 653.58 553.65 15.91 43.46 0 0.289908 965.25 551.38 18.45 49.51 0 0.282240 725.46 437.06 18.31 42.00 0 0.275649 901.05 551.47 28.06 46.13 0 0.270269 618.51 391.00 23.34 25.93 0 0.254217 628.81 554.33 15.20 45.51 0 0.252492 1014.42 433.62 23.56 46.74 0 0.250769 770.58 389.40 19.97 56.04 0
267,
268,
269,0.510262 1791.62 843.93 28.64 34.85 0 0.406490 1547.02 829.33 35.43 30.54 0 0.366904 1337.41 714.31 34.41 40.81 0 0.358352 1641.50 1003.64 43.91 51.44 0 0.356098 1650.48 995.31 29.61 30.21 0 0.339607 1322.43 720.34 36.11 37.25 0 0.330163 1700.82 898.78 32.16 25.52 0 0.322054 1353.24 724.83 35.92 25.71 0 0.311348 1370.73 894.44 28.41 28.72 0 0.302817 1440.73 733.42 25.54 37.91 0 0.299145 888.13 1017.41 33.99 57.66 0 0.291531 1862.63 888.43 31.61 28.22 0 0.284690 1618.28 1032.00 50.24 45.33 0 0.281956 1382.98 803.81 30.16 27.92 0 0.278941 1290.70 724.18 24.94 37.38 0 0.273325 1720.04 941.32 33.08 38.00 0 0.251923 1853.49 1026.77 22.67 51.77 0
270,
271,0.251506 992.02 942.42 20.04 29.67 0
272,0.491723 906.12 173.03 37.65 36.09 0 0.410397 784.36 25.70 25.26 28.45 0 0.290615 887.99 170.52 29.24 40.42 0 0.257016 910.86 997.30 23.41 25.21 0
273,
274,0.472920 958.17 516.08 26.92 42.33 0 0.370114 1144.54 537.16 29.70 40.40 0 0.324365 1203.69 537.33 28.70 42.05 0 0.250636 1213.32 541.06 32.12 35.04 0
275,0.303179 1599.83 921.49 32.67 36.99 0
276,0.462015 1373.46 325.51 22.53 38.38 0
277,0.409583 1258.21 937.68 34.55 38.49 0 0.258138 926.56 552.91 45.14 49.28 0
278,
279,0.606984 881.82 1027.23 75.39 52.77 0 0.537050 1041.03 667.04 92.69 57.38 0 0.500053 988.98 184.11 97.77 53.18 0 0.469089 535.31 500.29 101.60 54.91 0 0.428654 1030.67 666.36 82.96 60.04 0 0.424330 555.23 257.13 116.13 58.86 0 0.402821 551.85 374.93 115.58 53.59 0 0.396786 864.03 944.53 122.66 66.16 0 0.396230 552.36 493.87 101.50 61.65 0 0.382533 1012.96 468.41 106.45 67.70 0 0.380337 863.23 607.48 120.43 68.63 0 0.378305 840.98 258.01 110.88 44.43 0 0.377878 862.40 416.17 107.14 63.66 0 0.371844 841.96 233.06 115.75 62.73 0 0.369469 1007.83 805.65 100.43 54.52 0 0.350223 841.29 817.69 59.46 53.11 0 0.346633 844.66 418.88 115.05 66.75 0 0.342401 518.37 1033.93 77.80 46.07 0 0.340938 558.08 212.81 95.38 41.28 0 0.340921 900.88 1025.22 81.37 54.78 0 0.327523 865.89 377.86 107.89 47.52 0 0.325739 1044.71 743.82 75.11 50.57 0 0.318629 402.31 164.81 78.40 46.71 0 0.317556 845.90 139.12 112.08 61.42 0 0.310563 584.00 258.56 97.17 61.25 0 0.294490 416.04 163.18 78.38 52.70 0 0.294286 1067.95 671.14 75.42 50.70 0 0.289633 994.43 471.69 112.20 67.85 0 0.287858 538.47 1022.18 92.10 57.82 0 0.276581 993.26 20.58 106.28 56.94 0 0.267882 850.93 811.05 76.69 65.26 0 0.266738 1023.70 950.42 98.18 49.48 0 0.266115 867.52 305.68 101.22 59.88 0 0.262647 531.30 824.22 118.14 58.02 0 0.261448 860.35 205.03 100.67 49.27 0 0.257413 841.74 209.39 108.79 54.95 0 0.251189 991.25 882.08 96.86 38.29 0 0.250533 1009.79 179.63 89.06 61.55 0 0.250220 1017.62 358.75 94.03 60.55 0
280,0.424924 963.18 685.56 17.90 34.63 0 0.394305 966.38 200.73 22.95 40.85 0 0.372255 995.76 82.55 29.74 24.85 3 0.361887 996.26 103.60 30.29 27.13 3 0.274946 954.12 687.93 26.63 40.80 0
281,0.270081 76.97 19.45 29.40 49.44 0
282,0.638621 929.58 553.09 23.61 33.00 0 0.514238 744.63 774.15 29.84 46.42 0 0.492443 1046.00 355.73 31.57 43.38 0 0.439551 566.17 722.70 38.65 25.57 0 0.430466 161.20 175.50 26.76 36.82 0 0.397251 1038.91 436.30 13.98 47.46 0 0.391529 549.32 785.29 22.37 27.93 0 0.374201 378.62 271.32 43.97 64.67 0 0.374044 91.22 488.41 28.58 64.31 0 0.373100 986.04 543.86 20.00 55.65 0 0.373091 223.50 162.26 20.94 57.56 0 0.359996 728.10 362.78 15.38 46.06 0 0.332756 556.87 721.03 36.55 28.79 0 0.322574 100.01 42.60 32.35 53.78 0 0.306023 962.68 437.81 23.21 42.96 0 0.300719 551.08 779.65 24.36 50.71 0 0.299144 913.66 355.95 25.90 52.14 0 0.298386 936.99 356.29 24.74 51.72 0 0.293023 917.16 552.74 24.51 30.11 0 0.292870 890.68 353.08 21.76 55.19 0 0.292520 212.27 290.79 31.23 62.24 0 0.282236 938.22 442.26 19.18 37.79 0 0.282047 149.25 482.35 25.28 67.38 0 0.280111 1064.93 430.23 16.03 51.48 0 0.278006 640.75 462.85 35.19 43.45 0 0.277723 628.19 791.38 18.92 45.70 0 0.263114 1070.84 664.58 42.88 60.30 0 0.261583 1032.38 544.27 29.32 56.75 0 0.259459 823.59 360.88 19.42 43.82 0 0.259368 837.81 224.46 36.88 61.79 0 0.254150 601.12 789.66 18.86 47.24 0 0.252874 795.32 445.36 16.73 43.75 0
283,
284,0.424167 537.19 554.24 46.96 41.39 0 0.353715 541.24 552.99 57.16 34.58 0 0.334296 742.71 468.79 55.34 70.96 0 0.322946 942.35 746.76 51.08 39.76 0 0.316709 922.93 234.21 39.64 48.23 0 0.315357 834.81 1027.98 29.12 51.32 0 0.295207 852.44 166.67 33.68 44.03 0 0.280308 720.13 892.43 28.32 47.35 0 0.278821 751.45 498.01 56.34 50.12 0 0.274744 469.82 460.09 33.79 46.19 0 0.251788 476.53 603.94 28.59 44.42 0
285,0.268400 852.12 581.30 49.16 52.60 0
286,
287,0.354394 737.08 336.56 34.41 29.00 0 0.325375 1653.23 378.44 23.37 34.62 0 0.289108 1773.63 794.71 31.01 41.66 0 0.277053 478.03 727.24 31.66 44.47 0 0.273077 937.28 706.29 39.62 38.29 0 0.271559 487.28 728.53 50.38 41.80 0 0.269054 977.25 862.27 39.42 36.92 0 0.254815 119.09 421.72 52.65 44.95 0 0.253134 744.97 551.72 23.40 36.75 0
288,0.487415 1825.52 865.65 26.14 68.56 0 0.430823 1874.42 1016.53 35.54 63.35 0 0.415357 1779.27 874.46 18.79 54.81 0 0.407090 1437.67 661.38 22.72 56.69 0 0.395083 1699.41 1037.94 29.27 40.30 0 0.394174 1783.68 870.93 14.20 46.98 0 0.344790 1872.57 873.14 27.84 44.41 0 0.341370 1852.44 869.43 26.87 52.72 0 0.336601 1794.03 767.71 23.05 39.91 0 0.334676 1539.25 652.50 22.20 48.81 0 0.333855 1212.73 243.91 32.79 29.52 0 0.326280 1648.94 775.94 33.10 61.76 0 0.322278 1848.95 766.07 20.55 47.88 0 0.315838 1517.18 892.40 14.12 42.52 0 0.315108 1687.71 871.97 19.54 64.85 0 0.308291 1722.22 1033.45 27.00 46.55 0 0.305287 1824.59 643.14 26.12 58.82 0 0.304019 1704.54 874.25 23.48 60.97 0 0.302337 1566.71 653.74 21.38 45.51 0 0.290922 1191.29 562.90 32.46 39.22 0 0.289331 1690.79 1034.01 24.76 44.32 0 0.288205 1629.55 885.16 24.19 50.77 0 0.284801 1586.56 889.58 15.09 49.00 0 0.281977 1853.94 866.20 28.49 69.32 0 0.278956 1824.83 869.98 21.47 48.09 0 0.275956 1867.20 441.52 32.37 60.41 0 0.267484 1867.27 866.60 33.06 68.43 0 0.262260 1513.61 649.97 23.24 51.55 0 0.261568 1079.26 254.49 33.42 38.95 0 0.258648 1628.78 563.77 30.59 30.83 3 0.254922 1823.88 439.89 24.15 60.27 0 0.252438 1343.84 655.16 24.37 59.14 0 0.250945 1300.28 659.70 17.65 30.43 0 0.250038 1875.07 771.26 30.75 46.60 0
289,
290,
291,0.411952 1074.32 765.22 36.10 37.94 0 0.309109 517.69 918.37 46.46 38.16 0 0.297429 686.55 646.94 36.59 35.38 0 0.297197 645.26 1018.81 48.84 61.19 0 0.283869 1098.07 694.51 39.07 36.11 0 0.279025 1313.00 18.18 28.35 41.64 0 0.277663 415.83 917.14 45.00 42.31 0 0.267367 640.73 699.35 34.10 39.04 0
292,0.412334 1714.92 82.62 33.43 28.70 0 0.331527 1871.83 225.83 44.03 28.14 0 0.314156 1881.04 242.59 34.00 40.49 0 0.307439 1876.54 263.38 38.44 31.58 0 0.305124 1751.74 221.95 34.57 41.51 0 0.290161 1737.23 175.99 42.78 25.26 0 0.268134 673.14 768.61 54.97 33.47 0
293,
294,
295,
296,0.553886 164.36 394.95 28.99 38.89 0
297,0.257639 977.92 620.08 35.80 51.92 0
298,0.470082 1297.86 409.60 45.96 26.97 0 0.250833 154.42 362.63 36.11 31.65 3
299,0.644590 1780.13 242.74 22.59 46.65 0 0.591981 1490.51 268.72 19.12 45.75 0 0.582467 1418.02 269.92 20.72 42.71 0 0.575673 1732.14 246.13 23.59 50.91 0 0.570907 1485.54 129.52 30.72 40.01 0 0.465644 1598.50 124.25 25.77 31.31 0 0.437205 1708.79 248.58 21.69 47.52 0 0.416284 1610.23 258.29 16.72 50.59 0 0.384684 1757.79 244.64 25.95 48.91 0 0.363851 1515.25 267.50 16.62 47.55 0 0.357002 1382.87 825.92 30.53 39.40 0 0.356386 1699.91 0.00 25.65 37.24 0 0.351435 1697.32 118.88 30.69 44.97 0 0.345118 1464.99 124.56 26.36 46.81 0 0.344299 1656.27 251.58 19.53 52.33 0 0.342661 1557.85 75.28 28.82 23.32 0 0.342011 1821.64 245.74 23.21 41.87 0 0.308419 1584.48 124.32 30.88 26.95 0 0.304787 1561.61 200.18 28.46 34.83 0 0.302071 1742.74 0.00 35.95 33.26 0 0.301676 1507.21 8.50 37.45 39.57 0 0.290945 1318.85 141.77 24.55 36.66 0 0.272595 1369.00 135.62 29.14 45.18 0 0.270639 1313.20 271.18 31.75 41.45 0 0.270417 1805.90 243.69 26.18 45.27 0 0.268392 1724.22 0.00 33.00 34.28 0 0.268080 1562.03 266.75 18.33 42.08 0 0.260521 1399.92 269.60 18.10 45.01 0 0.259366 1746.20 121.20 28.71 42.20 0 0.258946 1684.80 251.04 18.30 44.45 0 0.258815 1359.45 655.93 43.32 43.44 0 0.256613 1386.70 376.55 45.02 36.87 0 0.253328 1387.61 372.95 36.06 36.76 0
300,
301,0.327189 1151.70 556.26 30.89 41.62 0 0.291638 1163.74 793.39 41.39 27.94 0 0.280132 1145.54 490.90 29.40 33.00 0 0.254019 1165.17 559.06 33.38 37.61 0 0.251824 267.75 958.60 33.71 56.39 0
302,0.540846 595.59 505.26 26.69 36.60 0 0.421994 519.85 499.36 27.06 43.19 0 0.416828 1247.14 236.00 28.26 53.57 0 0.325605 512.94 496.03 31.45 54.45 0 0.310992 463.29 512.37 23.72 42.13 0 0.310441 1364.64 243.97 27.40 37.97 0 0.277474 472.49 506.62 24.92 45.32 0
303,
304,
305,0.338827 642.03 48.36 28.92 32.53 0
306,0.607556 280.62 72.63 31.23 28.93 0 0.563797 212.29 72.25 21.70 31.10 0 0.546347 264.40 63.93 25.77 43.57 0 0.539383 191.71 71.82 27.13 31.80 0 0.532437 138.36 72.54 21.69 31.48 0 0.467776 263.73 72.07 26.32 28.59 0 0.427165 293.29 0.00 20.19 29.74 0 0.424434 195.30 63.56 21.07 41.85 0 0.356628 247.05 71.50 17.34 31.57 0 0.355171 119.67 72.43 28.46 28.84 0 0.328377 286.83 0.00 25.23 30.03 0 0.292809 312.55 0.00 24.99 27.22 0 0.290890 291.63 66.08 21.19 42.27 0 0.279453 847.97 269.36 17.16 38.21 0 0.269976 215.96 63.04 21.42 42.97 0 0.267451 69.85 0.00 24.12 34.47 0 0.267069 87.94 72.23 34.29 28.84 0 0.262226 238.01 0.00 18.97 32.60 0 0.257003 116.53 0.00 23.41 32.17 0 0.250185 335.68 0.00 24.77 31.46 0
307,
308,0.475841 1031.50 337.55 34.57 69.91 0 0.456616 679.62 357.41 20.70 52.61 0 0.433173 1006.50 510.69 29.10 52.61 0 0.429614 531.44 518.31 22.46 60.86 0 0.428903 1027.24 513.27 29.11 54.66 0 0.378924 656.65 361.53 19.48 48.65 0 0.374620 810.26 270.52 23.77 39.55 0 0.364319 625.05 514.27 24.73 61.49 0 0.357796 864.76 275.25 21.01 46.62 0 0.357434 886.50 350.45 26.14 28.50 0 0.348662 575.16 521.58 23.67 56.30 0 0.347175 624.53 364.86 21.25 46.42 0 0.340307 653.32 513.06 21.99 60.10 0 0.329318 986.47 349.97 19.96 52.11 0 0.319423 674.01 512.33 21.89 60.64 0 0.316245 861.34 271.35 21.86 42.01 0 0.313321 1050.90 341.87 28.06 39.94 0 0.308434 603.57 366.36 23.12 53.38 0 0.304215 794.26 281.51 25.90 37.92 0 0.290756 695.75 359.58 28.31 51.29 0 0.284774 880.39 355.41 34.99 50.32 0 0.280501 740.14 512.30 34.24 61.04 0 0.279775 605.47 522.23 22.35 55.03 0 0.278858 1779.83 46.81 27.30 31.55 0 0.278360 787.38 351.85 24.88 51.71 0 0.272636 988.44 345.58 17.72 42.50 0
309,0.318288 1056.35 1010.88 23.18 42.60 0 0.268164 1111.92 1012.00 36.35 32.48 0
310,0.360774 1199.66 565.14 93.57 52.77 0 0.270904 1178.24 562.12 118.08 63.13 0
311,0.273712 1668.51 672.33 32.15 28.34 0
312,0.422962 137.06 824.22 26.59 53.86 0 0.373738 87.43 838.50 27.43 45.55 0 0.331355 1699.59 29.26 30.92 41.12 0 0.321552 218.79 826.08 21.34 46.20 0 0.321113 581.67 506.83 30.95 44.06 0 0.318087 1728.57 26.04 20.08 43.26 0 0.306414 805.67 411.69 28.24 34.46 0 0.295529 497.77 531.71 23.17 30.12 0 0.278330 1026.61 538.35 27.75 46.86 0 0.267819 140.26 824.62 23.71 38.05 0 0.267784 617.74 398.51 37.78 49.09 0 0.258422 216.53 830.18 27.91 43.77 0
313,0.571128 984.09 1012.78 42.18 67.22 0 0.485504 826.27 642.91 46.80 53.65 0 0.470317 1004.44 1012.43 42.90 67.57 0 0.373010 280.96 1034.57 38.39 45.39 0 0.363680 962.72 1023.37 26.45 56.63 0 0.351429 450.67 948.54 42.28 64.85 0 0.343852 932.94 571.12 37.28 51.12 0 0.331471 1008.70 1026.61 53.35 53.39 0 0.320697 610.39 750.42 62.87 73.54 0 0.275680 306.88 1032.31 32.96 47.69 0 0.270814 264.12 1036.27 33.54 43.73 0 0.263873 1168.54 907.29 42.21 61.72 0 0.250307 999.18 483.07 37.91 39.48 0
314,0.403083 1634.91 535.38 30.46 42.87 0 0.359794 564.17 735.39 31.43 53.79 0 0.327248 645.79 690.84 33.87 51.27 0 0.317939 158.01 749.50 40.18 37.48 0 0.316022 882.38 904.31 35.69 39.46 0 0.313199 232.18 792.76 26.80 38.08 0 0.286264 557.33 573.22 20.77 48.32 0 0.284910 1721.47 716.67 34.46 54.16 0 0.271120 743.89 871.13 26.16 47.60 0 0.269944 950.92 166.91 30.35 35.55 0 0.257985 419.30 815.60 47.61 53.17 0
315,
316,
317,0.334293 1031.26 1010.74 25.96 35.90 0 0.305532 1052.33 1010.82 27.27 41.85 0 0.260793 1578.92 732.41 33.15 40.14 0
318,
319,
320,
321,
322,0.476487 1037.42 171.66 19.07 40.02 0 0.429684 1013.68 171.01 20.96 41.07 0 0.400182 954.89 175.77 27.52 58.50 0 0.396230 765.78 332.42 30.21 52.53 0 0.345282 960.11 119.86 23.67 35.38 0 0.338521 1033.55 154.49 23.83 39.77 0 0.321448 836.27 119.61 22.87 39.29 0 0.311504 940.25 173.09 33.46 66.75 0 0.300494 739.12 331.03 32.62 53.81 0 0.295452 623.04 436.40 28.52 42.12 0 0.289347 1128.64 510.47 27.52 64.95 0 0.284991 1083.91 163.49 26.48 54.29 0 0.283728 1054.28 311.14 36.36 51.00 0 0.274578 1035.75 308.45 19.49 54.38 0 0.271608 815.24 197.60 20.18 39.40 0 0.255203 1820.68 0.00 36.15 32.45 0
323,
324,
325,0.757365 927.91 510.63 24.17 31.99 0 0.461411 407.98 441.47 44.75 36.02 0 0.411604 1175.94 733.36 26.28 31.47 0 0.410941 409.32 442.87 29.48 37.29 0 0.407619 1001.00 49.66 23.29 33.96 0 0.340573 194.81 571.69 24.72 44.51 0 0.338278 17.83 630.73 23.37 36.46 0 0.337985 340.48 928.49 33.76 64.74 0 0.335306 101.97 1040.58 23.35 39.42 0 0.316795 312.17 940.60 33.05 68.98 0 0.303135 355.01 930.90 36.05 54.48 0 0.293610 714.93 258.40 24.42 36.46 0 0.291798 785.90 457.58 35.59 30.82 0 0.291289 1398.93 582.64 22.77 41.01 0 0.284540 67.72 602.94 32.94 60.26 0 0.277581 6.79 640.87 24.40 45.66 0 0.261881 4.98 795.96 31.24 42.75 0 0.261583 922.79 509.38 23.98 34.91 0 0.256875 983.23 504.64 26.38 39.82 0 0.251729 1584.82 580.85 39.66 46.04 0
326,0.435857 188.28 744.38 21.70 36.03 0 0.347743 266.42 744.95 30.82 44.15 0 0.291401 86.54 719.70 26.92 47.24 0 0.282651 144.34 728.09 22.83 44.62 0 0.282034 75.14 719.62 27.82 48.21 0
327,0.540621 9.42 626.79 35.14 25.53 3 0.351192 0.00 548.09 27.02 39.01 0 0.337501 1175.69 672.46 20.80 42.95 0 0.319209 688.79 631.12 28.39 34.55 0 0.297651 445.24 823.33 32.76 32.33 0 0.279894 1221.87 670.35 28.24 47.98 0 0.278333 450.92 307.11 81.00 54.20 0 0.277301 0.00 256.97 96.27 58.48 0 0.255833 1716.76 242.97 32.77 27.32 3
328,
329,
330,
331,0.518604 1752.42 458.29 32.85 46.86 0 0.468643 1170.12 628.63 32.74 29.29 3 0.385505 279.52 536.64 51.26 46.48 0 0.380020 13.11 549.07 81.54 44.32 0 0.370346 278.34 532.64 89.24 47.40 0 0.366587 1282.62 452.16 40.54 51.07 0 0.359435 931.29 656.23 26.60 39.90 0 0.328764 160.06 522.35 103.18 61.81 0 0.299519 1404.52 690.97 49.23 54.38 0 0.288609 1196.71 457.45 27.09 47.20 3 0.268339 955.55 499.86 32.87 35.90 0 0.266436 632.06 729.15 100.10 112.35 0 0.263625 959.85 489.34 26.16 44.25 0 0.258665 592.76 991.68 27.92 33.53 3 0.250811 997.01 730.15 80.35 60.97 0
332,0.315417 693.05 627.49 24.56 32.24 0
333,0.461791 95.75 32.30 55.91 39.92 0 0.434086 864.52 1040.06 28.27 39.42 0 0.383251 882.79 1036.03 34.85 42.89 0 0.370522 71.68 787.47 25.38 52.97 0 0.347247 537.65 132.30 35.37 28.26 0 0.338722 1212.86 434.10 37.66 42.05 0 0.338229 687.73 73.41 28.39 25.94 0 0.328555 1072.29 604.85 43.54 43.97 0 0.318459 89.22 33.14 41.02 40.44 0 0.315172 1410.40 359.01 34.29 37.80 0 0.284070 571.82 195.49 31.46 33.40 0 0.268015 1087.80 675.45 36.29 30.30 0 0.260678 54.97 793.16 25.70 54.53 0 0.254855 817.30 512.42 27.02 42.09 0
334,
335,
336,
337,
338,0.601293 1239.06 46.79 28.26 31.34 0 0.542372 189.64 493.56 49.03 33.99 0 0.529443 1219.63 39.59 28.14 39.52 0 0.424956 187.30 493.67 36.81 36.34 0 0.408617 1074.51 50.11 21.18 33.78 0 0.379740 1176.92 38.25 19.73 44.01 0 0.353107 1132.07 28.91 18.63 55.65 0 0.342470 709.80 269.74 29.29 27.17 0 0.295978 574.75 685.53 31.41 38.49 0 0.290899 1055.88 8.76 34.18 62.32 0 0.288960 1207.80 40.52 18.75 39.60 0 0.282674 1173.80 23.18 27.61 56.99 0 0.281664 643.07 992.58 29.85 59.10 0 0.272470 1064.76 47.13 23.81 31.95 0 0.264898 1684.89 199.90 23.68 35.63 0 0.257342 739.41 705.61 23.46 23.02 0 0.256134 1000.32 9.35 30.91 44.85 0 0.255221 718.64 493.37 24.58 34.96 0
339,0.492547 1707.41 134.58 24.76 41.12 0 0.428886 1571.59 227.43 40.11 33.80 0 0.387920 1573.43 275.26 42.09 40.25 0 0.339489 1774.45 146.30 28.56 44.77 0 0.253194 1780.66 37.04 24.08 38.44 0
340,0.345171 763.98 914.69 63.11 33.70 0 0.331089 828.60 532.94 74.84 50.12 0 0.327803 762.61 915.25 41.38 36.71 0 0.324229 1112.21 241.55 45.10 28.24 0 0.305668 695.63 1028.58 63.08 47.29 0 0.293643 757.53 869.27 45.25 33.34 0 0.291026 812.56 393.08 50.50 38.75 0 0.283917 930.76 818.65 68.09 34.90 0 0.279698 1023.57 938.92 33.89 54.15 0 0.277576 668.17 821.06 33.98 39.59 0 0.250049 645.08 892.91 28.75 44.61 0
341,0.405644 918.11 774.45 40.88 37.52 0 0.376785 1577.74 775.08 41.08 39.69 0
342,0.554939 815.26 489.73 31.62 41.95 0 0.402759 718.75 720.16 34.82 50.25 0 0.394394 1019.04 417.08 59.38 60.28 0 0.389836 822.68 493.67 43.64 35.68 0 0.382141 661.87 716.26 29.51 33.63 0 0.368451 836.15 435.33 50.58 23.18 0 0.362585 1040.43 416.71 41.67 32.58 0 0.331673 851.88 390.86 41.79 35.81 0 0.324352 598.44 824.50 52.98 39.10 0 0.321902 685.49 647.19 40.45 36.57 0 0.313402 876.30 363.68 40.58 41.28 0 0.306077 937.64 676.01 60.22 48.65 0 0.305601 695.32 581.93 47.47 28.95 0 0.301840 599.53 835.76 49.34 48.50 0 0.296355 712.95 774.42 39.52 27.48 0 0.290641 594.42 940.25 28.20 44.37 0 0.277306 683.58 887.71 47.61 38.72 0 0.276070 935.05 133.79 32.49 37.10 0 0.270630 736.96 726.80 34.35 37.42 0 0.266985 741.68 698.19 38.59 51.19 0 0.265996 956.94 573.25 67.33 31.75 0 0.255884 1260.23 542.28 41.44 35.32 0 0.255249 693.45 819.79 70.01 30.55 0 0.252469 856.22 939.65 49.31 40.89 0
343,0.508900 329.43 292.12 27.97 39.74 0 0.451369 190.20 297.82 24.21 41.26 0 0.398601 408.04 296.20 30.41 41.07 0 0.392753 415.59 186.16 14.21 49.47 0 0.368560 312.22 183.18 25.53 57.47 0 0.360058 168.75 297.36 22.71 41.98 0 0.351734 241.01 299.75 23.36 38.18 0 0.349466 219.19 300.18 24.90 39.25 0 0.346680 339.46 166.85 29.67 37.34 0 0.340617 271.97 181.01 17.71 57.98 0 0.324710 461.25 182.87 26.35 58.02 0 0.319706 122.17 297.29 20.37 43.33 0 0.313376 294.78 175.30 19.16 64.24 0 0.310825 72.09 305.56 23.87 36.48 0 0.308256 439.36 185.90 18.80 53.31 0 0.307916 944.80 16.65 35.54 32.79 0 0.305342 237.51 169.24 24.26 30.77 0 0.291941 292.06 168.93 20.33 34.89 0 0.285086 1182.43 558.49 15.25 43.56 0 0.277898 1062.63 564.74 19.33 38.94 0 0.277821 357.51 166.77 25.23 35.31 0 0.275439 49.63 308.31 19.49 35.31 0 0.267549 1135.35 558.87 16.06 43.16 0 0.266571 311.11 210.01 22.85 32.61 0 0.263954 1083.59 562.83 20.15 39.93 0 0.259447 316.97 294.72 25.51 38.38 0 0.258509 51.67 299.73 17.99 46.70 0 0.253522 51.82 216.16 18.72 32.95 0
344,0.254470 1016.09 0.00 24.88 30.68 0
345,0.331820 333.58 55.43 30.17 38.69 0 0.305733 599.51 362.71 67.95 48.82 0 0.281382 1230.96 108.59 59.29 54.10 0 0.256369 682.35 100.28 40.70 24.91 3 0.255819 1020.15 180.04 108.53 70.77 0 0.252154 1807.57 626.34 34.66 28.33 0
346,0.410807 474.47 794.30 26.04 43.41 0 0.313792 786.91 493.31 28.52 32.70 0 0.294538 549.98 792.33 24.80 38.44 0 0.264112 704.99 387.46 45.75 40.15 0 0.263595 591.62 795.91 27.53 36.84 0 0.259620 1098.15 489.86 50.15 77.72 0
347,
348,0.307380 1797.77 899.03 41.37 44.14 0
349,
350,
351,
352,
353,
354,
355,
356,
357,0.259669 1848.15 57.29 59.38 42.57 0
358,
359,
360,0.260140 0.00 408.58 118.74 78.67 0
361,
362,
363,0.324298 1357.26 315.76 29.64 32.63 0 0.263972 1276.20 525.71 51.57 50.82 0 0.251554 1873.82 996.71 25.57 39.82 0
364,0.439047 485.69 676.68 26.30 26.13 0 0.438674 215.55 792.18 32.82 46.45 0 0.376449 491.56 678.00 30.61 25.32 0 0.359843 197.92 784.75 23.26 55.56 0 0.345576 195.61 792.76 43.47 68.90 0 0.330455 1357.56 936.19 45.96 27.41 0 0.320852 1347.43 263.72 27.61 36.61 0 0.310373 98.80 579.23 85.69 65.81 0 0.300809 1589.99 741.92 18.77 52.67 0 0.300578 109.71 585.08 55.87 46.96 0 0.294981 1601.54 1035.37 30.70 44.03 0 0.292752 1679.83 579.18 50.32 51.03 0 0.279504 867.18 753.16 18.24 35.44 0 0.264988 1842.95 766.34 27.94 34.44 0 0.263389 1819.86 751.75 29.15 40.02 0 0.261813 661.54 831.55 37.63 35.62 0 0.258168 1627.98 1041.37 33.89 38.16 0 0.257139 1292.57 412.34 34.47 42.65 0 0.254779 1394.30 570.67 52.45 56.71 0
365,0.433452 786.13 547.42 24.58 42.19 0 0.346276 831.94 411.73 25.26 34.50 0 0.343875 113.02 844.02 24.61 43.91 0 0.339225 245.10 830.83 20.06 48.53 0 0.317840 510.52 848.98 57.75 42.17 0 0.313866 282.04 829.11 29.28 40.19 0 0.312734 164.86 823.86 28.62 60.87 0 0.301849 1047.31 550.18 31.90 30.46 0 0.266862 277.15 829.50 35.14 48.20 0 0.262449 1730.35 29.29 22.26 42.12 0
366,0.334746 591.75 678.16 30.88 35.97 0 0.314157 810.29 101.90 34.94 24.12 3
367,0.461806 1638.87 306.78 78.68 52.15 0 0.348441 1656.45 282.53 74.50 59.02 0 0.314958 1203.10 330.96 29.55 55.29 0 0.298342 1630.92 363.62 61.40 43.92 0 0.275870 853.79 31.36 29.34 25.67 3 0.267883 1673.53 453.51 39.79 48.10 0
368,0.423866 1853.85 873.77 25.21 38.03 0 0.350319 1278.84 265.15 35.96 28.31 0 0.265799 1781.98 845.01 23.77 30.12 0
369,0.256419 459.78 484.79 23.83 25.60 0
370,0.434336 275.89 307.06 29.18 48.97 0 0.289721 53.76 57.39 30.28 46.03 0
371,
372,
373,
374,0.486045 1362.26 533.60 32.90 40.99 0 0.418189 1234.14 524.14 36.50 34.48 0 0.409143 1093.61 511.80 31.73 42.52 0 0.361975 1450.16 538.48 40.59 37.64 0 0.325592 1020.89 512.12 35.63 40.04 0 0.300857 1368.99 532.63 47.49 40.59 0 0.284278 1291.85 526.21 46.58 39.83 0 0.283237 1303.65 530.52 36.69 36.61 0 0.281178 1440.52 534.38 34.07 43.79 0
375,
376,0.337211 952.24 625.12 31.75 26.70 0 0.301567 1168.57 648.37 27.24 26.74 0
377,0.261922 161.90 553.68 26.78 27.93 0
378,
379,0.528821 906.03 826.51 31.09 58.11 0 0.348310 894.58 836.74 28.95 42.17 0 0.316617 864.94 836.71 19.51 40.78 0 0.285628 1084.49 825.16 31.19 64.44 0 0.271317 931.15 835.88 30.56 47.97 0 0.268059 40.81 1027.29 31.40 34.92 0
380,0.375867 1260.85 503.40 47.80 51.52 0 0.290989 1394.79 309.61 28.15 37.74 0 0.268582 1316.30 287.79 35.58 31.93 0
381,
382,0.543176 671.35 211.17 25.01 60.98 0 0.421679 443.38 533.48 61.02 40.37 0 0.421539 246.18 387.15 40.93 27.27 0 0.398397 357.44 442.37 26.28 59.70 0 0.386343 674.77 98.12 21.35 62.84 0 0.370737 522.33 28.16 20.85 39.38 0 0.370658 520.62 36.36 25.25 40.14 0 0.353828 314.11 453.62 19.98 50.54 0 0.340563 353.87 35.05 27.93 51.66 0 0.337070 520.23 105.94 35.16 63.32 0 0.332334 566.89 463.27 33.42 61.15 0 0.330995 575.32 16.42 21.76 53.61 0 0.318586 431.98 38.96 20.41 38.96 0 0.310973 733.39 317.83 51.39 39.79 0 0.310121 547.21 449.30 39.81 57.13 0 0.307592 707.97 225.04 41.51 47.92 0 0.288052 1277.07 995.65 22.80 39.38 0 0.274070 426.52 446.32 27.87 40.80 0 0.272029 701.61 105.76 18.87 46.15 0 0.271341 720.65 102.95 20.09 58.20 0 0.259115 417.20 439.17 32.29 58.89 0 0.258891 414.64 26.49 22.81 54.57 0 0.256495 517.86 216.80 36.73 28.60 0
383,0.330143 656.95 292.92 36.44 25.17 0 0.257241 766.41 583.57 55.02 38.67 0
384,0.590199 386.52 236.89 20.88 40.12 0 0.528317 199.21 241.28 19.07 41.98 0 0.496922 289.67 241.61 23.60 38.10 0 0.485852 433.91 237.77 20.34 45.30 0 0.471336 221.99 240.75 15.86 41.00 0 0.460432 313.83 239.90 16.56 40.69 0 0.425058 63.94 341.78 25.47 27.50 0 0.421746 173.29 338.56 16.80 44.27 0 0.394796 148.74 340.47 17.60 43.86 0 0.390319 476.38 323.22 38.04 50.70 0 0.367876 271.44 243.65 18.60 41.05 0 0.361829 260.58 337.19 28.05 41.28 0 0.353726 493.93 335.15 37.41 34.83 0 0.353305 118.88 242.13 23.45 43.49 0 0.352806 364.78 230.79 19.69 40.44 0 0.351678 51.38 391.58 24.45 40.16 0 0.348611 520.18 558.09 29.70 35.17 0 0.347868 170.00 198.68 29.38 71.15 0 0.343961 103.66 241.90 21.45 43.91 0 0.339058 214.44 334.89 22.77 42.71 0 0.325671 308.50 196.31 23.20 37.19 0 0.316182 239.70 335.91 25.07 41.13 0 0.306882 480.23 194.45 21.75 35.79 0 0.283411 148.14 243.70 20.98 43.17 0 0.281566 121.90 340.79 21.73 53.06 0 0.279650 248.62 242.37 12.64 41.08 0 0.270740 279.92 337.37 30.98 42.16 0 0.269897 406.10 328.38 24.68 41.42 0 0.264263 174.07 242.50 19.34 44.52 0 0.253303 308.91 337.38 36.44 40.37 0
385,
386,0.251909 432.64 848.62 20.26 32.61 0
387,
388,0.271421 948.16 142.68 30.78 38.08 0
389,
390,0.426611 585.40 541.74 47.50 39.21 0 0.271833 672.18 547.06 66.37 33.31 0 0.260539 488.81 539.73 35.76 35.95 0 0.257589 789.28 553.97 23.19 30.82 0
391,0.319820 1137.57 791.14 35.70 34.95 0
392,0.425366 1881.31 100.93 32.20 27.46 0 0.381465 987.38 702.76 23.26 38.55 0 0.370003 1875.24 74.38 39.58 35.43 0 0.284252 1001.57 704.25 30.78 37.51 0 0.269714 1814.08 217.18 37.56 41.30 0 0.251767 1876.98 53.85 33.57 32.50 0
393,0.317743 386.11 363.23 77.40 71.39 0
394,
395,
396,0.255474 1125.66 409.06 123.09 85.59 0
397,
398,
399,0.332448 5.32 540.17 34.17 27.78 0 0.260561 473.47 276.49 19.95 26.51 0
400,0.384788 1425.36 624.90 34.45 38.63 0 0.379464 1171.36 610.74 34.43 42.16 0 0.336449 1100.66 609.10 30.43 40.51 0 0.326995 1487.83 629.17 46.47 33.41 0 0.294519 1327.39 623.91 46.07 29.32 0 0.272798 1261.74 619.59 34.98 32.46 0 0.253413 1480.76 627.46 39.67 36.98 0
401,0.457969 1225.34 609.84 43.38 28.81 0 0.362630 592.97 595.89 29.15 33.26 0 0.335250 722.81 91.09 22.61 26.87 0 0.334183 1223.24 609.00 29.17 30.57 0 0.323200 1091.86 240.44 24.04 28.26 0 0.283390 573.72 593.89 48.76 33.79 0 0.275727 568.40 593.91 21.14 31.18 0
402,0.500537 1239.74 865.62 37.05 47.98 0 0.454807 1204.60 748.30 19.59 42.55 0 0.398348 1228.28 747.09 20.35 45.80 0 0.394949 1179.59 744.77 27.99 48.90 0 0.392389 956.01 667.80 25.29 50.93 0 0.373542 388.00 770.60 21.74 69.03 0 0.364921 1204.72 658.78 18.80 56.60 0 0.357474 436.65 586.52 28.52 60.02 0 0.348620 1072.04 362.94 38.91 39.80 0 0.338327 471.80 589.02 37.56 57.97 0 0.315136 1157.82 744.34 22.82 54.59 0 0.311798 1182.40 660.88 19.55 55.23 0 0.311161 1150.22 657.66 27.22 47.61 0 0.308093 1254.16 747.67 16.43 46.99 0 0.306791 1259.11 861.42 41.82 52.27 0 0.304967 1070.92 538.55 35.10 57.59 0 0.298395 906.26 665.42 27.14 54.28 0 0.297091 1314.43 742.50 37.92 44.21 0 0.293070 1129.54 654.85 28.36 61.44 0 0.274949 1145.81 659.73 29.23 56.66 0 0.272851 1226.34 863.85 26.63 50.74 0 0.272601 889.06 664.63 31.94 56.78 0 0.263281 316.37 776.27 36.33 62.66 0 0.255888 1295.94 1007.96 39.95 28.61 0 0.253377 1131.81 658.56 24.94 48.00 0 0.252671 859.55 766.71 41.20 51.26 0
403,
404,0.515550 1683.04 199.32 45.82 23.99 0 0.465464 1791.05 171.22 41.08 44.53 0 0.401946 1841.20 286.88 29.29 35.80 0 0.391125 1837.06 267.45 31.37 44.88 0 0.376150 1798.49 195.14 58.81 30.74 0 0.309848 1786.22 167.83 67.46 48.97 0 0.307817 1832.08 248.08 39.44 34.26 0 0.271668 1787.28 153.92 43.55 29.67 0 0.261770 1859.49 873.50 41.60 38.41 0 0.250717 831.18 768.43 43.18 27.66 0
405,0.416870 912.02 456.45 47.24 34.62 0 0.374266 1032.22 510.23 46.41 28.94 0 0.356474 670.85 481.90 36.42 45.08 0 0.334621 920.88 443.15 42.56 36.77 0 0.325859 885.67 791.95 33.71 30.00 0 0.316804 1215.56 318.43 30.88 36.31 0 0.305624 1097.71 388.06 42.87 36.11 0 0.301802 1239.95 270.90 36.82 35.90 0 0.300346 1025.25 508.71 38.24 23.72 0 0.291851 1104.50 499.07 35.92 55.17 0 0.267873 1110.84 387.76 44.50 33.11 0 0.254968 858.87 525.07 40.37 47.38 0 0.254630 1012.05 560.34 43.90 32.00 0 0.254216 1054.56 586.10 47.06 67.98 0
406,0.647585 1030.07 219.00 30.18 73.06 0 0.623383 471.68 435.89 35.30 71.21 0 0.565081 638.49 435.77 37.71 69.79 0 0.564068 430.80 434.59 28.87 74.18 0 0.542172 600.09 436.61 30.30 69.39 0 0.528144 983.12 219.99 24.64 61.63 0 0.525952 932.24 101.61 31.11 68.38 0 0.492970 339.35 221.20 19.02 66.20 0 0.468350 856.68 410.83 37.24 76.66 0 0.446427 759.14 133.17 29.70 45.97 0 0.437948 549.71 219.02 31.90 69.85 0 0.401512 987.30 107.08 21.62 61.29 0 0.375884 1032.05 200.11 27.71 67.81 0 0.353752 762.71 111.86 28.73 60.47 0 0.339714 986.52 216.50 19.96 52.27 0 0.338276 530.01 423.02 25.12 58.83 0 0.336177 341.16 534.81 27.77 68.51 0 0.325717 502.69 221.84 40.66 77.58 0 0.322903 546.72 138.31 31.11 46.00 0 0.322549 279.50 133.27 34.80 57.54 0 0.307397 456.93 221.89 27.08 71.58 0 0.301405 498.49 216.09 37.67 62.97 0 0.296709 385.28 131.76 26.39 61.00 0 0.292870 520.65 436.33 32.10 68.17 0 0.292729 981.17 433.76 51.73 71.79 0 0.286055 624.80 124.77 43.51 65.49 0 0.285771 1073.75 202.62 31.83 61.90 0 0.284339 985.76 423.51 41.30 71.57 0 0.281764 884.91 126.97 27.13 69.71 0 0.274163 381.46 250.90 27.43 59.18 0 0.267769 292.56 449.42 37.11 54.88 0 0.266994 994.86 435.66 49.01 70.15 0 0.266842 1024.34 149.09 27.14 23.40 0 0.259256 413.81 128.86 28.97 64.18 0 0.255458 383.14 438.99 29.60 70.99 0 0.250372 720.48 126.52 26.26 64.77 0
407,
408,0.455673 1610.24 264.31 17.57 43.46 0 0.411422 1658.57 268.73 17.59 41.42 0 0.389002 1024.90 1003.20 48.99 52.53 0 0.379454 1845.01 413.96 27.71 44.37 0 0.308623 1828.50 264.91 14.79 41.35 0 0.298544 1804.62 263.19 15.35 42.67 0 0.297821 1640.11 266.52 16.71 42.48 0 0.285000 1733.20 265.15 16.28 44.68 0 0.275603 1866.15 267.89 30.83 40.35 0 0.253062 1831.69 363.25 18.30 40.63 0 0.252938 1484.62 142.90 26.52 30.67 0 0.252687 1682.72 266.63 13.37 42.69 0 0.250091 1731.86 365.51 19.46 38.93 0
409,0.555851 687.29 534.14 32.26 39.24 0 0.525954 850.79 535.34 51.73 42.45 0 0.451273 777.36 531.55 40.31 42.20 0 0.439302 968.32 544.36 58.28 39.46 0 0.349768 572.39 529.39 78.12 32.82 0 0.338541 716.95 531.26 22.29 43.78 0 0.319665 384.41 526.45 63.77 30.87 0 0.285459 765.49 531.90 30.72 42.44 0 0.282404 870.18 535.59 39.13 41.86 0 0.258545 672.71 535.58 31.36 34.84 0 0.250236 950.48 543.43 40.60 39.95 0
410,
411,
412,0.537739 909.77 816.83 33.87 52.52 0 0.275033 23.99 999.80 51.05 58.74 0 0.258598 751.65 644.37 28.69 51.91 0
413,
414,
415,0.297383 154.23 172.77 29.54 44.87 0 0.257634 352.79 194.11 37.59 44.64 0
416,0.343953 1007.56 558.02 29.96 47.17 0 0.319383 1343.32 582.70 62.30 39.51 0 0.260076 1099.63 573.02 60.65 37.61 0 0.254489 1093.14 569.25 49.36 37.66 0
417,
418,0.384144 1050.06 699.75 33.89 44.71 0 0.353785 710.33 530.79 28.08 36.73 0 0.352257 1722.58 500.82 32.59 55.63 0 0.324041 792.06 721.94 27.05 47.84 0 0.317576 746.47 598.81 23.14 45.00 0 0.309266 601.55 728.68 21.79 61.33 0 0.304001 1032.64 699.02 26.93 45.36 0 0.299590 654.84 730.40 21.98 59.29 0 0.294283 1016.19 697.44 14.86 46.80 0 0.293882 1051.59 561.24 30.59 48.89 0 0.291988 933.83 525.36 25.05 32.84 0 0.285043 907.73 511.74 34.04 47.29 0 0.282913 670.28 725.46 26.07 60.30 0 0.276235 1141.24 930.85 40.68 37.89 0 0.272767 1074.51 559.85 24.86 38.02 0 0.254892 718.02 718.59 27.58 51.21 0 0.253901 1773.84 490.27 27.25 38.15 0 0.253552 938.13 702.42 27.81 44.00 0 0.253167 930.82 508.67 26.14 43.75 0
419,0.261174 25.89 267.21 43.53 42.30 0
420,
421,0.359802 632.02 1038.97 20.43 34.82 0 0.294970 671.52 1038.18 24.25 40.94 0 0.269295 695.26 1039.24 24.47 39.36 0 0.251824 644.93 1037.10 23.13 39.94 0
422,
423,0.343264 1421.15 28.10 19.89 47.61 0 0.334322 1317.92 444.47 33.62 38.56 0 0.320005 1243.42 147.03 51.34 35.75 0 0.308957 801.47 1017.06 38.25 34.00 0 0.304041 1167.02 750.66 37.90 60.74 0 0.303846 1137.55 831.82 25.91 51.51 0 0.298065 1319.78 488.42 34.95 34.43 0 0.289583 1236.41 146.76 44.14 35.08 0 0.281649 1335.38 438.93 37.47 39.77 0 0.270835 1237.42 203.21 34.76 25.61 0 0.264455 1000.42 1057.39 32.00 22.61 0 0.262859 1334.75 516.25 29.18 23.89 0 0.257184 1312.12 453.12 44.83 36.81 0
424,
425,0.459235 1131.49 318.74 42.55 38.61 0 0.449067 1184.65 243.83 37.82 32.81 0 0.404548 1185.58 199.41 43.84 35.47 0 0.353699 1131.16 215.21 49.79 46.35 0 0.345055 1009.02 216.64 34.19 40.92 0 0.318756 1013.91 227.10 36.42 26.42 0 0.312699 763.42 540.20 32.80 31.78 0 0.290539 1189.51 438.05 33.55 31.71 0 0.289714 1183.01 460.61 41.79 29.92 0 0.277908 1110.37 466.90 38.46 26.53 0 0.277332 1138.28 301.87 40.15 36.25 0 0.276753 1113.28 583.44 40.37 39.69 0 0.270247 1109.37 553.77 42.63 41.79 0 0.269198 1115.61 415.74 36.97 24.96 0 0.261907 1182.98 425.01 37.29 54.84 0 0.251869 950.86 510.89 65.13 35.50 0
426,0.275557 568.43 965.82 56.70 73.28 0 0.275316 579.73 948.86 49.38 51.51 0
427,
428,0.571870 809.72 305.01 23.64 52.04 0 0.501377 145.64 2.73 20.94 42.76 0 0.499865 724.98 725.69 26.73 48.31 0 0.487229 210.86 112.93 25.78 53.32 0 0.484837 912.30 384.75 22.14 48.44 0 0.482760 885.92 296.99 30.94 54.99 0 0.481585 1003.59 493.97 33.23 55.18 0 0.475335 963.98 380.44 17.87 51.01 0 0.442505 184.62 240.09 30.87 47.79 0 0.440550 1067.92 624.73 37.31 44.27 0 0.403679 272.18 106.23 25.90 59.15 0 0.402715 962.13 298.96 17.54 51.71 0 0.400145 871.92 295.21 18.30 59.05 0 0.379527 1006.50 389.05 19.20 42.64 0 0.373153 577.00 732.12 17.74 51.99 0 0.356372 85.87 0.00 27.85 43.02 0 0.354717 904.08 293.36 30.51 61.16 0 0.351290 617.18 734.61 24.85 45.81 0 0.325795 826.97 492.35 35.36 37.81 0 0.322543 471.91 222.23 35.07 37.20 0 0.320755 90.49 7.63 25.94 47.68 0 0.320439 828.37 183.96 31.81 47.52 0 0.315775 817.33 491.58 34.56 41.46 0 0.281225 278.04 110.13 30.67 54.68 0 0.280167 1006.88 296.26 26.78 52.39 0 0.276666 991.09 384.64 22.45 45.96 0 0.274123 773.31 397.04 20.45 39.80 0 0.272343 960.02 295.62 20.71 41.10 0 0.271343 847.09 386.78 23.36 48.15 0 0.267993 820.55 386.07 23.56 51.29 0 0.264369 1069.19 372.68 38.98 40.15 0 0.262040 619.28 412.71 38.58 45.26 0 0.260689 838.22 733.57 27.20 49.82 0 0.259084 188.43 243.35 31.93 53.34 0 0.256061 143.90 123.55 32.74 50.05 0 0.255429 902.46 744.96 28.90 44.18 0 0.253718 532.18 731.80 26.83 38.80 0
429,
430,0.438765 1644.30 982.70 38.05 37.24 0 0.395131 1435.65 563.30 26.76 44.79 0 0.370111 486.36 23.33 55.53 33.05 0 0.337609 39.20 33.52 28.61 31.06 0 0.324456 1679.65 752.98 29.31 45.51 0 0.308906 79.61 217.63 47.41 33.01 0 0.304764 303.29 1.69 41.39 28.74 3 0.291735 207.03 991.50 25.93 36.29 0 0.286685 835.96 285.64 26.91 42.45 0 0.269742 19.85 870.55 39.17 32.44 0 0.267672 1489.39 561.55 23.26 38.69 0 0.266619 51.48 577.55 30.59 47.69 0 0.266033 1675.46 761.29 36.05 37.23 0 0.264576 153.85 53.77 38.53 35.54 0 0.259224 1336.29 555.97 27.43 28.24 0 0.257833 308.24 62.55 28.91 24.68 0 0.252696 955.50 524.18 97.08 62.29 0 0.252478 1583.31 747.19 24.77 41.35 0
431,0.420658 593.45 672.99 31.27 34.92 0 0.313329 833.98 231.18 29.31 38.36 0 0.273818 739.09 9.10 17.88 27.04 0 0.257259 578.90 668.27 46.89 38.81 0
432,0.307671 696.35 925.57 44.71 33.36 0
433,
434,
435,0.379517 1081.82 595.89 25.94 40.14 0 0.352752 670.16 0.00 30.71 43.01 0 0.351759 1170.59 384.15 35.01 47.10 0 0.350835 1030.26 424.55 28.51 41.11 0 0.345917 1155.89 672.67 22.56 30.71 0 0.344808 1173.48 150.68 59.56 40.49 0 0.338713 1025.54 851.04 44.22 67.70 0 0.327002 835.26 389.13 28.21 39.58 0 0.323608 1300.15 240.96 67.19 51.25 0 0.317414 714.40 705.80 32.63 38.85 0 0.305180 1082.26 576.15 25.45 54.76 0 0.300297 1221.54 699.07 31.83 46.18 0 0.277841 1075.55 458.91 25.75 33.59 0 0.272690 1131.23 511.66 26.53 52.72 0 0.271243 1212.59 687.59 36.67 39.31 0 0.270740 1143.47 633.99 28.59 26.64 0 0.270443 1218.76 94.63 40.04 36.65 0 0.263758 835.36 842.71 27.16 44.04 0 0.250298 1074.96 741.64 37.96 52.13 0
436,0.293679 585.76 361.85 101.94 62.63 0 0.291735 621.07 1008.24 132.18 71.76 0 0.265919 23.16 694.56 81.52 37.55 0 0.263200 659.91 487.39 104.26 54.07 0 0.251285 0.00 713.47 92.59 67.04 0
437,
438,
439,
440,0.465890 668.45 818.11 54.26 43.54 0 0.402490 659.40 817.85 48.54 43.60 0 0.316068 971.15 1022.91 68.96 52.15 0 0.292192 857.79 869.14 56.99 43.39 0
441,
442,0.648752 48.67 666.43 24.93 50.57 0 0.330328 4.48 678.29 16.17 41.60 0 0.305575 25.65 673.54 35.78 46.02 0
443,
444,0.405197 727.23 514.40 38.10 31.42 0 0.393583 710.39 510.35 39.98 36.29 0 0.380496 569.23 651.56 51.47 44.98 0 0.375331 892.83 454.27 63.99 37.37 0 0.364846 464.73 945.89 39.38 39.15 0 0.355299 544.75 719.81 33.33 40.80 0 0.341212 734.02 416.98 34.60 24.58 0 0.338624 730.50 423.84 35.63 52.46 0 0.306705 585.85 893.93 40.82 33.52 0 0.294447 731.95 938.45 51.85 50.00 0 0.283691 582.42 655.24 40.77 39.95 0 0.283426 1144.63 443.90 37.45 45.24 0 0.282613 738.90 1016.90 34.63 46.41 0 0.278253 771.70 795.66 60.47 42.08 0 0.265366 694.00 508.80 32.61 37.53 0 0.260388 853.14 564.77 47.10 54.02 0 0.256394 1143.12 448.99 42.54 50.39 0 0.252823 730.08 935.65 70.23 46.19 0 0.252604 900.65 429.90 55.67 52.56 0 0.251909 620.49 718.13 37.03 55.68 0
445,
446,0.435272 717.88 525.37 36.19 51.32 0 0.419288 549.15 786.67 40.75 60.50 0 0.384240 862.32 618.78 36.68 57.99 0 0.376726 694.78 494.99 40.84 63.41 0 0.331971 1339.53 368.31 25.00 42.05 0 0.331483 667.12 865.11 38.99 51.72 0 0.319183 545.75 799.58 52.46 62.13 0 0.307609 496.61 594.16 37.65 50.23 0 0.305973 1004.87 1015.83 39.30 59.49 0 0.304155 429.78 675.42 32.16 48.09 0 0.303680 1031.42 759.53 33.54 59.49 0 0.302517 720.31 931.51 34.66 56.34 0 0.293672 550.80 809.29 55.99 46.98 0 0.289294 1124.23 854.61 40.84 62.73 0 0.288325 1019.35 1016.05 32.60 37.89 0 0.286879 1142.63 847.77 37.17 42.01 0 0.283010 466.09 577.85 42.96 38.94 0 0.271492 982.77 736.16 30.58 60.81 0 0.271086 640.78 700.94 58.37 44.65 0 0.265007 492.44 625.60 38.66 27.19 0 0.260777 815.79 1031.29 39.55 48.71 0 0.260384 751.74 171.62 42.50 42.55 0 0.254691 554.03 668.18 28.34 34.15 0 0.254589 924.24 959.34 42.74 54.74 0 0.254415 768.93 808.41 37.10 60.65 0
447,
448,0.253867 40.36 454.93 30.42 41.62 0
449,0.313268 1495.16 558.89 122.48 75.13 0 0.281148 1813.51 566.71 106.49 60.91 0 0.270094 587.82 513.06 32.09 34.42 0 0.256748 1825.98 967.72 33.85 47.82 0
450,
451,0.325720 1461.24 1006.96 33.85 44.47 0 0.298241 1411.79 1013.11 26.89 41.54 0
452,0.457051 114.97 1015.41 28.62 39.75 0
453,
454,0.395895 1322.49 679.05 32.28 45.22 0 0.261267 972.49 53.93 54.32 42.07 0 0.260093 1426.25 464.19 32.65 38.59 0
455,0.405499 537.37 828.09 40.74 39.72 0 0.379830 868.26 651.52 55.64 26.68 0 0.377057 519.85 940.87 28.42 42.39 0 0.361223 1169.38 542.14 45.06 40.54 0 0.344738 580.49 947.36 29.31 55.82 0 0.297332 755.12 508.37 40.27 30.28 0 0.291176 1185.81 443.31 41.83 36.32 0 0.286335 936.71 429.32 58.78 48.22 0 0.281136 762.70 1011.25 48.57 49.81 0 0.279198 776.07 937.90 55.53 45.59 0 0.271962 616.38 649.97 36.28 33.64 0 0.267997 843.50 724.43 57.97 43.51 0 0.258183 616.79 581.83 42.18 24.81 0 0.257225 885.84 548.83 70.96 49.61 0 0.254719 774.99 412.25 38.98 31.57 0
456,0.379769 447.08 600.66 36.88 30.54 0 0.351004 902.86 665.53 37.65 54.25 0 0.328451 453.06 660.79 24.17 33.01 0 0.318809 721.00 586.35 22.17 39.12 0 0.316972 446.99 662.71 30.42 48.84 0 0.313420 867.51 536.23 15.64 42.83 0 0.311180 1608.10 548.18 33.17 45.51 0 0.290040 1390.16 201.81 26.48 38.50 0 0.281764 873.10 668.59 15.43 53.52 0 0.260562 789.40 504.36 29.25 38.69 0 0.257268 916.52 663.87 47.54 52.78 0 0.256841 617.08 555.33 27.09 35.62 0 0.255465 547.14 557.08 33.39 42.85 0 0.251961 857.96 545.48 26.31 39.25 0
457,
458,0.284726 664.78 102.45 51.01 68.28 0 0.281588 668.89 94.87 48.10 54.06 0
459,0.414906 1662.23 126.10 17.67 22.82 0 0.402271 1675.10 48.96 26.68 35.05 0 0.392343 1772.84 49.67 21.78 33.98 0 0.392250 1602.76 51.45 20.78 36.81 0 0.381455 1661.01 48.91 19.17 38.75 0 0.360853 1728.43 47.15 19.24 37.60 0 0.341841 1755.54 48.55 21.45 35.25 0 0.341201 1702.23 48.06 22.92 36.87 0 0.340240 1588.80 51.10 24.08 39.04 0 0.337931 1037.18 312.58 34.58 50.54 0 0.311420 1826.23 49.25 24.76 32.86 0 0.290843 1853.32 123.51 16.84 34.03 0 0.288185 1637.22 158.24 16.16 48.18 0 0.285087 1075.59 885.80 36.53 39.23 0 0.284748 1802.53 49.31 19.13 38.72 0 0.282482 1841.62 50.92 26.53 27.67 0 0.275285 1048.46 988.47 69.17 72.26 0 0.266940 1038.39 608.84 31.58 44.62 0 0.263279 1508.59 47.98 29.83 33.43 0 0.262143 1662.09 158.50 19.92 49.71 0 0.260394 1704.62 127.29 20.26 23.45 0
460,
461,
462,
463,
464,0.554540 1035.99 807.90 110.14 51.99 0 0.532460 991.90 355.07 111.07 64.20 0 0.476712 1034.77 546.79 72.57 53.93 0 0.439416 521.95 977.20 86.87 61.89 0 0.434870 547.32 160.07 119.70 51.04 0 0.393278 538.51 162.02 100.41 48.11 0 0.388958 880.01 692.00 72.58 55.89 0 0.385331 1031.26 805.74 96.14 63.78 0 0.384536 529.29 906.90 113.38 60.89 0 0.373893 1014.46 667.40 105.01 58.56 0 0.359446 921.66 1033.36 43.69 46.64 0 0.355787 1027.91 958.41 63.14 37.20 0 0.337794 881.74 888.47 81.45 49.12 0 0.336733 1010.65 735.70 93.47 53.55 0 0.333753 1037.92 952.71 94.65 47.18 0 0.331433 979.59 1035.73 31.80 44.27 0 0.327680 554.97 255.66 115.80 63.88 0 0.327034 1016.68 355.71 100.01 62.04 0 0.322233 538.00 376.65 106.86 63.39 0 0.317240 982.65 56.90 99.38 74.56 0 0.315118 856.28 264.14 88.87 51.24 0 0.309769 881.55 808.32 89.89 63.36 0 0.307941 587.00 646.39 87.85 44.84 0 0.305469 996.90 740.06 93.70 51.00 0 0.302216 549.35 515.98 120.29 51.50 0 0.295765 98.05 1023.34 59.98 44.88 0 0.289061 872.03 490.94 101.68 60.74 0 0.285965 555.67 833.61 116.49 67.80 0 0.270301 530.84 971.24 90.25 64.56 0 0.267696 549.50 111.28 114.24 55.72 0 0.266253 826.08 138.49 106.78 54.06 0 0.262450 1011.34 266.55 109.03 75.65 0 0.261903 1065.89 881.47 79.09 47.15 0 0.261756 580.32 163.14 92.67 52.69 0 0.261560 844.53 302.23 117.94 65.17 0 0.257876 1002.64 255.99 91.79 48.30 0 0.254786 1046.09 877.24 95.86 59.70 0 0.253064 556.63 87.52 108.22 68.70 0 0.251574 1247.77 150.13 47.56 28.61 0 0.250741 560.95 43.98 97.31 60.69 0
465,0.706959 1033.79 544.33 70.16 58.20 0 0.650731 890.01 692.80 62.21 58.06 0 0.605545 1044.26 547.16 69.44 53.58 0 0.542980 1036.72 812.79 106.46 53.81 0 0.454142 1043.15 881.96 87.96 56.44 0 0.362915 990.37 83.50 72.42 46.81 0 0.351389 1056.49 873.15 99.95 64.92 0 0.348244 552.51 278.85 111.15 48.98 0 0.343767 1015.58 737.16 80.48 52.12 0 0.331814 950.30 1037.16 53.28 42.84 0 0.331484 529.81 903.50 114.40 68.18 0 0.323043 995.23 86.54 88.94 44.11 0 0.308835 928.68 1033.46 35.60 46.54 0 0.305786 1037.04 949.85 83.11 53.97 0 0.296941 411.37 67.67 58.09 46.76 0 0.293911 1028.47 953.61 62.08 49.80 0 0.288765 558.26 114.87 98.62 50.91 0 0.288597 531.73 448.36 114.60 60.02 0 0.284639 1032.51 814.98 83.96 56.33 0 0.283934 1001.00 738.71 82.93 51.99 0 0.276509 548.32 514.96 127.56 60.21 0 0.276314 999.41 259.62 94.70 44.27 0 0.274239 986.53 367.92 118.14 55.14 0 0.271148 537.18 162.69 99.94 49.67 0 0.270095 1075.36 548.22 60.01 52.42 0 0.269392 850.85 260.45 103.64 62.68 0 0.268481 978.44 1037.86 35.95 42.14 0 0.266494 1061.65 810.51 92.96 59.60 0 0.264580 838.67 134.62 115.67 59.64 0 0.258343 88.36 887.40 77.40 47.83 0 0.257033 545.86 118.61 87.71 37.14 0 0.257027 996.04 357.82 94.99 63.57 0 0.255891 1009.45 659.74 114.13 69.32 0 0.253896 572.35 227.00 111.61 48.47 0 0.250074 536.37 702.23 115.74 57.24 0
466,0.531409 951.94 344.02 38.64 41.37 0 0.448555 959.75 342.86 59.91 41.61 0 0.371645 1787.78 391.62 52.12 40.95 0 0.299273 348.45 409.24 40.20 68.17 0 0.285663 1192.32 199.32 50.93 21.57 0 0.276502 1192.21 170.55 46.29 47.55 0 0.269652 877.70 341.71 40.66 41.22 0 0.258695 1187.61 175.71 55.36 37.72 0
467,
468,
469,
470,
471,0.435583 87.81 1036.88 29.51 43.12 0 0.399434 1224.64 723.25 30.09 40.93 0 0.392682 398.72 348.88 35.30 60.34 0 0.377325 356.97 378.18 20.91 38.88 0 0.374843 120.44 1034.12 33.12 45.88 0 0.366315 78.68 1040.20 27.14 39.80 0 0.357499 1384.74 608.90 30.18 39.65 0 0.344013 1215.94 561.54 29.88 28.76 0 0.339287 397.34 503.51 29.11 26.93 0 0.330630 234.30 394.28 32.45 56.55 0 0.330512 545.33 859.42 36.30 53.72 0 0.325687 399.36 490.70 26.94 34.95 0 0.317038 1472.76 694.71 40.01 34.39 0 0.307815 1168.01 101.53 28.93 27.92 0 0.305423 88.98 1036.96 35.72 43.04 0 0.294805 433.08 722.36 36.02 67.75 0 0.281226 731.99 247.31 49.64 35.43 0 0.279004 1155.17 313.16 41.57 27.13 0 0.277540 180.39 721.97 29.18 26.90 0 0.272260 552.64 291.23 36.54 31.92 0 0.268902 434.13 893.66 39.50 67.27 0 0.267628 454.86 891.88 31.91 69.52 0 0.265993 1489.45 1038.22 39.27 41.78 0 0.256095 158.95 554.61 26.16 34.65 0 0.251482 348.17 344.21 35.56 35.78 0
472,0.311424 996.44 486.60 30.09 37.21 0 0.263298 734.40 894.35 48.73 46.33 0
473,0.260837 950.83 940.23 51.28 67.72 0
474,0.399760 739.04 697.52 72.73 53.36 0 0.398408 641.80 511.60 34.70 47.96 0 0.377484 1149.96 786.66 69.36 56.58 0 0.358254 685.92 457.29 32.70 45.08 0 0.358035 714.09 693.43 85.28 52.29 0 0.322179 1087.08 975.99 55.38 56.83 0 0.318276 1166.05 785.55 76.62 60.90 0 0.308619 1098.56 986.92 77.53 74.41 0 0.306517 662.08 808.82 76.15 51.87 0 0.292645 1212.08 813.59 43.05 49.21 0 0.288422 1173.40 764.09 74.59 58.27 0 0.283329 654.50 786.51 102.99 62.33 0 0.281184 1185.70 802.15 62.90 58.89 0 0.280008 624.19 506.01 41.11 52.22 0 0.275041 878.10 1035.86 40.04 43.72 0 0.272798 1174.02 741.80 67.79 45.47 0 0.272315 1001.05 850.09 52.35 64.75 0 0.262807 823.58 473.98 51.20 39.42 0 0.250903 701.02 676.15 65.02 45.80 0
475,0.333074 1639.11 946.78 26.30 39.29 0
476,
477,
478,0.512382 346.02 1040.60 38.71 39.40 0 0.394622 372.18 978.86 38.90 35.76 0 0.387828 328.79 1040.69 50.48 39.31 0 0.361141 239.31 226.18 27.49 44.24 0 0.355641 311.09 1036.09 27.17 43.91 0 0.338753 167.99 6.49 25.62 42.63 0 0.333621 895.35 459.01 42.11 32.58 0 0.327633 166.21 14.67 26.31 43.05 0 0.313498 831.92 219.90 30.52 37.98 0 0.291561 1010.09 266.31 19.82 33.99 0 0.286110 222.39 41.83 17.46 49.85 0 0.279099 306.36 96.31 32.11 31.05 0 0.274490 961.42 223.77 27.50 36.10 0 0.264233 543.85 714.42 42.16 35.84 0 0.262764 357.45 974.82 44.59 38.91 0 0.262686 523.75 781.20 31.02 31.01 0
479,0.257088 1160.08 379.41 87.15 56.67 0
480,0.425109 53.22 56.15 30.10 47.92 0 0.332465 270.07 306.35 37.77 51.73 0 0.282213 26.84 312.99 24.83 29.94 0 0.280665 275.71 664.58 37.06 44.44 0 0.268420 56.28 59.62 28.42 30.86 0
481,
482,0.506906 538.96 516.93 32.05 18.64 0 0.355586 1009.33 941.78 55.92 51.64 0 0.326025 936.87 817.31 66.92 42.89 0 0.309347 677.98 607.21 48.84 39.69 0 0.303674 799.50 464.02 47.03 42.59 0 0.302564 653.29 836.08 45.11 38.74 0 0.277188 644.00 906.10 35.14 53.68 0 0.255803 710.76 1036.83 56.13 43.17 0
483,
484,0.442704 1184.37 461.74 22.95 40.99 0 0.386523 868.53 313.51 28.60 49.09 0 0.286738 1309.01 446.28 29.80 34.14 0 0.264528 1196.01 465.96 28.24 36.49 0
485,0.273251 868.46 270.30 21.98 40.28 0
486,0.326962 1823.09 0.00 33.16 27.37 0
487,
488,
489,0.299539 922.57 1041.94 39.09 37.75 0 0.299512 713.95 719.81 46.38 51.60 0
490,
491,
492,0.471769 984.55 611.37 21.78 57.93 0 0.467909 1035.29 708.60 22.32 41.30 0 0.463647 1226.04 797.50 23.82 65.00 0 0.446907 1229.76 692.49 14.15 49.86 0 0.422180 1257.22 696.58 15.58 44.66 0 0.388038 1273.84 618.13 23.23 40.13 0 0.387744 456.34 535.55 29.60 63.56 0 0.383632 334.73 725.33 36.41 68.73 0 0.372594 1132.52 608.03 22.89 56.29 0 0.362980 1302.02 696.80 17.23 47.47 0 0.357338 803.91 965.11 39.72 26.74 0 0.348501 1299.89 928.71 48.84 60.23 0 0.346397 1175.76 696.93 22.22 45.13 0 0.342889 981.72 607.03 27.44 33.55 0 0.339788 1084.69 698.59 21.51 47.64 0 0.336769 484.70 409.71 20.58 51.92 0 0.334028 1288.04 816.90 28.39 40.57 0 0.331335 1204.60 694.73 21.19 48.94 0 0.328026 1293.33 913.50 52.25 74.19 0 0.318291 882.00 711.45 37.46 56.41 0 0.315999 1074.22 610.80 23.01 58.26 0 0.305839 1201.66 613.60 20.29 48.80 0 0.296250 1279.89 912.02 61.16 37.20 0 0.276176 411.02 722.17 28.56 66.88 0 0.267976 1271.34 700.32 18.26 42.79 0 0.266183 1151.80 609.81 23.90 53.18 0 0.263175 407.23 724.30 27.89 52.29 0 0.260638 1056.36 1033.80 34.21 46.20 0 0.259112 1125.75 1038.47 35.26 41.53 0 0.257291 787.66 1026.59 30.66 52.56 0 0.256374 1291.05 620.06 26.87 37.76 0 0.255661 1132.26 608.57 20.55 43.11 0 0.253359 1162.52 816.71 33.22 36.96 0
493,
494,0.549259 1118.96 649.27 33.06 31.84 0 0.416081 1181.45 650.62 22.28 39.90 0 0.400660 1262.93 651.94 35.41 41.94 0 0.315867 1330.98 655.21 48.89 43.93 0 0.275057 1413.75 670.56 64.99 29.14 0
495,
496,0.367197 0.00 339.87 19.22 36.50 0 0.307514 562.29 837.83 38.81 30.62 0 0.288520 35.86 634.13 71.48 77.15 0 0.273043 564.95 830.19 33.39 39.11 0
497,
498,0.568137 1155.60 532.22 24.03 43.09 0 0.398551 1101.92 530.87 23.36 41.80 0 0.379681 1021.39 532.18 33.56 32.16 0 0.354574 1085.80 532.78 23.35 38.69 0 0.322267 1162.69 532.41 34.44 44.65 0 0.320718 1315.42 552.83 22.52 33.72 0 0.299107 1228.08 549.84 44.33 35.71 0 0.297373 1211.04 538.32 42.69 44.05 0
499,0.362381 717.94 610.77 32.20 36.17 0 0.299968 698.01 605.51 33.55 66.59 0 0.285876 377.34 172.05 33.58 40.70 0 0.271391 716.36 537.62 32.64 29.41 3
500,
501,
502,
503,0.261766 770.00 376.35 26.66 33.60 0
504,0.650087 1247.43 487.10 28.31 41.24 0 0.456346 1247.36 486.50 48.67 43.84 0 0.451506 1387.59 504.83 29.39 29.29 0 0.437507 1302.73 489.71 56.19 44.09 0 0.393905 1155.03 483.66 31.08 40.23 0 0.391054 1111.39 482.56 46.10 35.01 0 0.370289 1173.81 484.02 26.83 37.56 0 0.319995 1408.83 504.42 31.80 34.12 0 0.261102 1038.95 480.23 40.41 33.93 0
505,0.333250 1102.92 401.22 122.96 85.13 0
506,
507,
508,
509,0.614169 857.77 536.29 39.13 41.09 0 0.409639 858.85 536.58 52.38 39.54 0 0.355892 950.39 538.00 30.96 37.64 0 0.299253 937.03 535.15 30.67 44.13 0 0.282173 760.30 531.74 36.43 40.49 0
510,0.400480 866.96 960.30 30.82 47.20 0 0.257717 1165.12 899.47 60.06 52.36 0
511,0.364993 1008.45 574.48 72.25 31.71 0 0.340151 1440.48 485.30 56.11 23.30 0 0.314059 1310.74 459.18 48.42 42.44 0 0.306686 1311.79 464.52 53.36 31.07 0 0.303905 1428.05 435.21 69.52 28.42 0 0.299569 1295.21 226.95 46.77 23.32 0 0.286232 1293.42 223.02 37.64 28.86 0 0.269087 1305.72 273.29 41.69 22.24 0 0.266212 1307.26 297.12 37.74 34.56 0 0.260869 1473.02 535.58 39.18 40.68 0 0.251512 1098.43 577.84 53.00 29.82 0
512,0.427975 0.00 454.35 23.14 41.64 0 0.421630 236.00 219.80 51.67 38.94 0 0.407367 1791.11 271.85 31.02 34.02 0 0.394355 22.02 271.88 47.35 68.33 0 0.363819 225.80 222.49 39.82 38.85 0 0.357098 1339.57 840.38 28.39 40.51 0 0.345516 26.77 945.20 34.58 57.39 0 0.325730 1732.24 6.25 25.29 65.03 0 0.279724 1721.51 273.13 29.55 34.74 0 0.269578 613.44 413.60 31.59 22.56 0 0.257430 302.76 962.57 28.57 35.84 0 0.251369 1322.76 841.71 24.71 44.11 0
513,
514,0.347359 1149.00 815.57 29.63 50.79 0 0.314176 1487.07 84.92 24.47 38.24 0 0.311512 1432.89 482.83 36.48 39.34 0 0.310261 1348.31 178.48 30.30 34.94 0 0.308292 1554.44 88.76 34.73 36.13 0 0.307697 1360.55 176.55 35.23 34.20 0 0.298488 782.69 986.57 36.05 31.13 0 0.288492 1765.75 0.00 38.01 31.01 0 0.287986 1288.13 94.21 37.62 36.37 0 0.270677 1413.27 486.69 31.56 42.35 0 0.269743 1153.79 822.66 31.94 50.19 0
515,0.393479 287.62 651.69 52.39 41.25 0 0.366472 130.91 21.09 28.79 46.93 0 0.352833 1191.29 259.55 27.28 45.68 0 0.279815 437.49 23.49 25.40 27.98 0
516,0.664957 1147.05 458.51 59.16 35.75 0 0.473977 1143.70 387.12 61.30 26.07 0 0.470265 1351.03 247.91 38.26 23.64 0 0.457506 1350.69 199.07 38.41 21.30 0 0.452507 1143.91 363.70 53.94 37.80 0 0.424365 1160.09 251.53 40.29 25.33 0 0.384370 1144.65 442.33 58.97 30.01 0 0.372970 1364.21 434.89 36.77 45.45 0 0.371435 1362.89 464.39 34.88 31.68 0 0.367511 1158.78 271.14 44.17 27.38 0 0.357270 1164.24 229.29 33.36 21.85 0 0.342714 1313.56 516.73 27.86 35.28 0 0.317442 1285.29 297.30 36.94 24.27 0 0.310344 1141.17 526.81 57.40 50.00 0 0.301827 1147.49 422.06 56.06 29.96 0 0.298509 1144.25 344.01 53.15 33.31 0 0.287629 1149.79 320.94 51.94 29.00 0 0.281687 1162.83 197.16 33.36 27.10 0 0.250967 1144.43 483.29 60.86 34.03 0 0.250870 1351.25 245.22 28.55 37.51 0
517,0.429745 483.51 1024.14 34.28 55.86 0 0.359890 863.60 697.49 30.56 41.45 0 0.334526 764.16 700.20 29.08 71.33 0 0.317995 711.36 701.89 38.16 64.52 0 0.315447 765.05 686.79 25.79 49.71 0 0.302117 605.26 766.08 44.67 39.03 0 0.292477 498.93 778.61 41.75 63.86 0 0.271299 664.67 726.58 49.20 76.45 0 0.268005 1220.18 1000.93 49.10 62.97 0 0.261043 978.67 513.64 27.92 50.89 0 0.254657 124.67 464.63 43.95 69.65 0 0.253538 1066.44 1013.42 53.33 65.43 0 0.251351 287.52 444.69 39.74 59.83 0 0.251044 1101.24 1012.58 43.54 58.58 0 0.250636 814.13 679.22 33.59 70.58 0
518,
519,0.687551 603.46 696.98 15.03 44.90 0 0.614384 525.71 688.20 26.70 53.28 0 0.548484 579.64 699.61 17.88 42.41 0 0.526347 794.97 685.55 20.78 52.24 0 0.422729 532.25 628.59 44.12 26.70 0 0.399527 710.52 682.77 30.50 49.92 0 0.382515 524.16 687.39 27.20 36.28 0 0.360724 702.01 269.76 21.20 58.78 0 0.357560 556.72 697.06 22.57 45.55 0 0.339532 716.13 687.75 23.64 36.61 0 0.335079 651.41 688.66 17.04 45.08 0 0.330617 120.03 389.48 37.63 70.36 0 0.325162 1024.93 561.55 57.78 30.92 0 0.318608 644.26 694.11 24.43 43.75 0 0.316419 695.30 270.04 23.56 47.21 0 0.315375 812.39 150.07 32.47 41.35 0 0.298576 1036.60 341.13 17.64 47.29 0 0.293659 1074.69 343.33 27.88 41.23 0 0.285618 78.99 0.00 30.62 27.28 0 0.284089 197.67 68.98 20.86 56.49 0 0.278055 534.47 624.70 32.83 35.76 0 0.259656 66.94 395.97 28.61 59.52 0 0.256550 820.38 352.17 26.71 53.60 0 0.255482 860.19 700.69 28.72 64.69 0 0.250803 622.99 374.80 21.18 30.88 0
520,0.345086 532.53 446.26 30.97 43.63 0
521,0.458799 1846.31 1047.77 23.28 32.23 0 0.442162 1656.58 987.98 25.73 45.33 0 0.422742 1432.72 341.21 42.88 43.54 0 0.314121 1673.12 993.99 32.94 38.88 0 0.307744 1766.84 357.18 33.41 45.24 0 0.281825 702.58 1046.86 21.68 33.09 0 0.274202 1756.67 317.79 43.33 33.23 0 0.273843 1734.78 272.43 41.30 27.90 0
522,0.350393 1040.26 415.62 35.84 27.72 0 0.348820 688.57 741.30 85.39 48.16 0 0.337042 1056.24 696.32 77.34 34.08 0 0.324881 1693.34 337.01 68.94 44.89 0 0.289489 1089.37 1032.33 37.15 33.78 0 0.273871 1045.80 621.77 75.61 42.89 0 0.269985 823.27 15.94 56.90 56.29 0 0.260718 1418.38 736.60 71.49 59.45 0 0.251048 1063.45 741.63 70.87 43.04 0
523,0.540895 1664.89 364.27 44.69 26.03 0 0.414426 1695.18 454.48 33.48 42.86 0 0.356140 1648.45 321.03 63.20 41.88 0 0.355707 1635.01 243.39 46.11 33.07 0 0.310712 538.02 1049.31 39.49 30.69 0 0.306277 1530.66 343.84 50.51 25.99 0 0.302294 1515.94 295.18 50.77 19.06 0 0.297958 1354.59 455.13 43.03 31.31 0 0.288847 1599.24 110.47 38.65 41.78 0 0.275923 1344.59 440.87 35.50 45.68 0 0.274091 1673.11 111.57 33.57 32.04 0 0.265657 1279.75 443.49 42.58 42.98 0 0.255088 1517.74 274.25 36.97 34.06 0
524,0.634829 1394.34 326.24 28.60 65.52 0 0.387084 1423.93 328.95 42.21 54.88 0 0.368084 833.36 190.67 73.29 50.95 0 0.357542 1412.57 323.08 37.07 63.83 0 0.337885 984.79 444.16 30.74 48.24 0 0.315082 1635.76 296.59 30.47 70.74 0 0.307080 1201.53 0.00 44.95 23.81 0 0.289087 48.64 531.70 29.70 57.55 0 0.285794 1073.36 176.85 65.38 40.02 0 0.284885 285.98 364.06 29.71 51.69 0 0.283077 885.64 458.30 34.58 62.89 0 0.282475 883.52 456.16 31.09 53.56 0 0.272333 342.33 514.53 21.73 61.44 0 0.260428 286.89 530.47 21.52 45.12 0 0.257003 60.20 534.11 41.36 58.10 0
525,0.674562 782.37 236.29 24.62 41.88 0 0.556064 247.39 32.32 27.12 58.28 0 0.524912 979.26 314.06 22.72 44.60 0 0.503620 192.11 28.01 23.25 64.62 0 0.416343 984.62 416.68 29.23 60.29 0 0.408296 253.63 30.92 31.25 58.59 0 0.401245 701.25 653.69 26.93 46.60 0 0.401026 878.83 673.01 28.82 43.03 0 0.379067 647.11 651.75 18.07 44.26 0 0.375747 774.77 653.04 18.33 50.48 0 0.370966 842.06 667.01 17.33 50.23 0 0.366382 884.06 311.44 27.11 46.23 0 0.360612 592.58 337.32 41.33 48.80 0 0.348086 752.04 321.68 17.04 41.30 0 0.347582 942.22 421.96 20.87 52.85 0 0.343650 551.22 661.41 23.81 45.15 0 0.340070 938.88 306.80 17.81 51.95 0 0.337229 963.14 308.17 25.01 49.77 0 0.334665 882.90 222.11 24.95 57.42 0 0.334125 631.15 652.09 21.97 46.14 0 0.333291 842.59 220.27 22.21 60.49 0 0.331739 161.81 168.04 27.55 46.88 0 0.309463 813.10 666.09 29.15 41.17 0 0.291189 749.79 326.65 24.14 42.20 0 0.290904 576.99 343.73 26.15 45.27 0 0.287919 821.33 316.92 23.42 47.82 0 0.282324 794.16 319.12 23.86 45.49 0 0.275244 449.06 152.83 34.30 38.32 0 0.271781 1034.89 551.61 46.73 47.07 0 0.271052 1002.90 522.21 45.83 42.10 0 0.265993 1042.71 306.98 41.94 44.56 0 0.264143 692.19 230.35 26.97 56.94 0 0.263550 789.20 228.80 20.03 37.95 0 0.262510 1003.85 421.78 30.86 54.18 0 0.257501 915.50 312.08 24.22 46.81 0 0.255038 840.23 315.38 16.40 47.11 0 0.251758 791.33 314.71 30.16 60.73 0 0.250604 118.47 33.27 35.41 62.02 0
526,
527,0.459254 217.41 652.33 19.60 45.69 0 0.452752 639.73 699.55 29.87 39.42 0 0.313093 400.63 535.17 34.84 41.67 0 0.290878 160.12 638.84 26.50 48.33 0 0.271705 176.93 483.95 31.98 24.09 0 0.254521 261.99 657.67 20.21 38.37 0
528,
529,0.718493 54.11 168.32 17.99 46.55 0 0.590850 165.83 264.00 26.46 30.93 0 0.541860 187.22 263.78 20.00 35.03 0 0.508664 78.29 168.95 17.21 44.29 0 0.472157 332.84 256.05 27.16 37.66 0 0.448601 263.64 252.36 20.80 38.81 0 0.432864 282.13 170.71 23.25 34.98 0 0.420805 239.01 256.07 30.17 41.46 0 0.415773 141.13 263.21 27.39 33.98 0 0.388668 174.35 169.07 17.14 38.60 0 0.384124 124.68 168.21 19.42 44.16 0 0.372629 257.80 257.88 24.81 39.47 0 0.356061 317.51 248.40 21.66 46.34 0 0.351635 338.10 132.34 23.48 62.92 0 0.350105 290.28 123.40 24.50 41.52 0 0.332015 169.47 126.59 20.68 35.23 0 0.324865 271.06 169.08 22.26 32.98 0 0.305880 149.85 169.56 20.48 37.47 0 0.289290 337.77 166.11 20.26 31.43 0 0.283093 367.35 164.02 25.17 38.95 0 0.281960 22.14 171.28 27.19 44.38 0 0.278679 101.85 168.34 17.81 45.15 0 0.272912 63.93 258.10 37.61 40.87 0 0.261652 173.44 134.30 21.89 55.05 0 0.261091 116.48 263.03 27.80 34.10 0 0.257854 954.40 4.84 26.98 28.85 0 0.256320 41.39 260.90 31.22 40.93 0 0.254998 92.82 258.16 30.39 40.54 0
530,0.306900 1229.66 512.68 123.42 58.23 0 0.283795 1086.27 492.93 105.51 57.82 0 0.282936 922.10 472.50 93.29 43.85 0 0.267735 22.64 91.19 62.70 54.34 0 0.266353 375.32 392.34 84.94 48.49 0 0.258550 1055.63 476.98 133.38 78.79 0 0.255939 345.00 374.69 109.33 61.78 0
531,
532,0.324183 598.42 798.77 90.52 73.05 0
533,
534,0.642131 458.09 122.62 31.31 30.36 0 0.529759 418.05 120.21 16.70 29.80 0 0.525108 406.29 121.13 14.38 26.78 0 0.500386 453.68 119.67 25.53 34.03 0 0.380268 548.37 591.34 53.82 31.67 0 0.358668 552.42 586.64 39.05 38.98 0 0.279125 350.40 118.60 17.86 20.35 0
535,
536,
537,0.421224 360.12 602.53 23.12 30.54 0 0.336242 1070.28 434.13 29.87 30.47 0 0.317836 434.87 606.07 31.53 38.42 0 0.277377 441.66 607.30 33.84 34.74 0
538,0.463380 1269.33 813.17 67.32 54.81 0 0.441781 958.26 1018.82 46.96 61.18 0 0.425178 685.98 1038.17 41.97 41.83 0 0.409535 795.96 699.44 46.73 31.18 0 0.393216 977.52 1010.13 44.45 69.87 0 0.301482 1262.06 777.07 46.35 71.50 0 0.256165 192.10 1023.65 46.71 56.35 0
539,
540,
541,0.639295 763.04 537.47 47.57 44.59 0 0.514734 685.84 539.51 39.61 38.14 0 0.434625 1021.96 553.04 42.31 31.79 0 0.352041 670.17 536.79 32.92 42.17 0 0.333816 775.89 540.68 39.08 37.88 0 0.330371 1038.04 552.52 38.23 36.86 0 0.312845 944.36 551.56 38.65 31.39 0 0.264839 857.73 544.77 34.58 36.72 0 0.259779 699.79 537.38 41.52 42.06 0
542,0.373900 953.56 167.00 28.36 31.29 3 0.355350 371.52 1045.92 35.86 34.08 0 0.339701 449.32 364.45 32.08 31.71 0 0.309276 852.79 163.63 40.93 34.35 0 0.277557 245.85 344.41 19.94 45.13 0 0.268433 879.03 165.89 39.66 31.29 0 0.251456 593.78 993.56 55.59 57.88 0
543,
544,
545,0.732369 1206.42 856.28 21.14 57.86 0 0.463818 1250.91 749.95 15.66 44.16 0 0.398754 1231.45 747.61 19.51 45.21 0 0.379893 1203.78 745.66 19.72 48.48 0 0.371515 1179.88 746.93 27.10 47.42 0 0.370692 1306.67 748.28 39.19 42.59 0 0.363291 436.08 593.73 22.51 56.40 0 0.356067 313.74 778.35 26.71 62.37 0 0.347760 522.65 461.86 32.77 59.86 0 0.342273 1156.05 747.60 20.12 49.88 0 0.305446 387.70 776.67 25.67 65.19 0 0.300211 1050.35 292.04 30.81 28.11 3 0.296909 1053.39 667.39 20.83 50.50 0 0.286585 1052.20 693.79 23.87 28.24 0 0.278681 470.34 599.43 35.24 47.74 0 0.278514 400.44 477.41 26.02 45.06 0 0.275990 860.85 774.89 34.57 45.24 0 0.266578 1205.11 659.19 15.71 54.08 0 0.264323 331.03 340.14 44.61 62.74 0 0.262925 1068.33 863.85 30.85 33.47 0 0.260769 1154.78 662.52 22.80 53.44 0 0.259809 957.17 674.93 21.66 51.12 0 0.258339 1249.90 861.89 26.18 50.79 0 0.256123 1015.09 759.86 23.36 48.56 0 0.253231 1277.99 1008.67 58.23 29.48 0 0.253005 461.55 461.49 20.95 58.96 0 0.250468 481.72 467.92 17.63 52.93 0
546,0.477917 714.43 565.65 29.77 28.25 0 0.422594 787.96 582.69 45.60 28.12 0 0.356416 783.56 637.14 38.54 31.25 0 0.338519 737.40 1012.30 47.98 44.04 0 0.311011 796.99 847.21 52.51 31.57 0 0.306639 780.45 657.38 42.07 21.92 0 0.296848 943.42 724.53 48.10 40.82 0 0.288029 908.25 559.79 66.99 40.17 0 0.285686 956.72 896.78 50.70 33.99 0 0.280440 939.07 802.25 54.58 34.97 0 0.269936 772.95 576.96 29.49 44.27 0 0.266839 910.31 574.85 62.88 49.03 0 0.259460 709.21 607.73 31.80 26.54 0 0.255285 750.60 1009.24 37.00 44.29 0 0.254513 1173.59 366.86 22.80 39.10 0 0.252639 938.60 819.96 58.07 35.34 0 0.251437 808.00 1008.28 40.83 29.14 0
547,
548,0.596521 918.29 268.63 19.37 45.15 0 0.567618 218.54 0.00 27.48 47.86 0 0.509023 148.81 0.00 23.05 50.36 0 0.508424 747.91 607.67 20.26 59.94 0 0.480914 484.44 557.54 42.07 21.43 0 0.463186 975.27 192.45 29.36 37.63 0 0.443944 816.81 172.32 23.50 63.69 0 0.441809 937.30 367.68 37.84 64.65 0 0.429418 766.07 191.24 17.03 44.87 0 0.421690 200.20 0.00 20.55 48.14 0 0.413865 698.56 196.30 18.06 51.97 0 0.413277 912.64 369.14 28.23 63.00 0 0.397028 670.51 611.01 26.71 41.70 0 0.390589 474.65 614.63 28.56 32.09 0 0.372803 958.75 373.14 32.49 60.24 0 0.349067 471.57 615.44 38.40 40.43 0 0.346284 793.50 605.59 30.83 64.91 0 0.340100 982.76 482.24 48.54 73.11 0 0.337368 918.87 175.16 14.77 56.90 0 0.333517 593.43 207.33 27.83 45.77 0 0.330986 750.19 607.16 15.53 47.06 0 0.330689 942.30 269.64 14.92 43.52 0 0.316418 674.34 200.83 22.84 46.18 0 0.314145 885.79 270.14 24.13 42.50 0 0.313272 19.75 324.37 25.39 56.43 0 0.295319 656.12 198.65 18.12 52.32 0 0.293378 127.48 128.91 27.20 54.05 0 0.291271 990.06 263.63 12.32 47.91 0 0.289416 1024.65 260.20 28.51 48.91 0 0.275598 164.47 123.42 40.16 61.29 0 0.272992 819.48 178.32 18.61 45.29 0 0.272900 966.37 269.14 15.01 43.84 0 0.264475 996.36 502.29 39.90 53.23 0 0.262096 425.28 109.36 26.87 35.93 0 0.256171 125.87 125.84 23.04 44.14 0 0.255876 857.60 631.48 24.93 40.85 0 0.252100 570.62 296.12 28.34 39.70 0 0.250177 724.96 193.73 14.72 44.29 0
549,
550,0.513548 74.58 171.24 23.28 40.42 0 0.432666 50.66 93.71 24.83 36.37 0 0.407228 125.72 55.49 21.56 64.34 0 0.383811 168.62 52.96 20.58 29.38 0 0.373453 54.60 171.50 18.23 41.31 0 0.370685 253.74 169.24 36.13 30.94 0 0.363803 99.91 173.17 20.31 38.33 0 0.321847 69.50 56.78 31.05 64.30 0 0.317057 172.00 95.52 18.40 27.04 0 0.315324 74.95 54.76 29.93 36.09 0 0.296754 186.35 169.82 25.44 34.69 0 0.273186 123.46 52.00 21.13 43.68 0 0.266614 293.55 53.70 25.48 64.94 0 0.264181 270.25 54.74 19.24 60.82 0 0.263181 255.33 362.06 29.70 27.58 0 0.259378 195.16 294.38 22.08 39.97 0 0.254962 171.06 171.52 24.84 35.89 0 0.250603 262.62 163.86 27.91 46.76 0
