Image_ID,PredictionString
1,0.739092 597.16 383.84 82.15 156.08 1 0.684775 768.82 376.01 79.99 124.71 0 0.640183 349.43 493.07 31.93 48.57 2 0.637623 873.60 255.15 75.76 102.78 0 0.625538 646.74 643.80 90.97 163.90 0 0.615887 233.76 359.20 29.64 35.65 2 0.615767 97.94 7.90 130.62 55.27 0 0.615417 849.08 97.86 76.20 93.85 0 0.608679 685.48 377.65 89.87 138.15 0 0.605565 1267.39 280.61 102.35 112.10 0 0.599761 993.40 341.96 97.31 113.59 0 0.592806 0.00 21.40 83.75 52.67 0 0.587282 1078.85 723.35 112.75 194.93 0 0.584890 458.64 165.19 58.63 85.55 0 0.584292 963.87 251.52 63.14 90.02 0 0.584223 658.15 292.23 77.33 88.10 0 0.577218 1264.14 193.28 91.90 78.34 0 0.574293 1153.88 215.28 77.65 87.47 0 0.572613 1020.01 77.95 73.89 80.16 0 0.572349 601.68 156.88 58.96 83.69 0 0.571752 1464.11 171.71 94.42 93.35 0 0.565768 1182.23 706.76 113.79 193.84 0 0.560525 1744.51 205.93 112.91 86.36 0 0.558208 1357.68 660.01 111.07 193.55 0 0.550166 596.51 330.86 34.53 48.34 3 0.550072 917.73 89.96 60.67 88.68 0 0.546986 1075.93 26.97 39.64 51.02 3 0.538331 1528.79 626.18 112.98 179.06 0 0.533060 720.46 88.88 24.87 43.48 3 0.532735 1027.89 38.75 27.39 38.23 3 0.532392 531.95 147.89 65.37 94.78 0 0.531454 26.67 556.63 65.85 47.48 3 0.530179 1431.84 639.53 128.79 194.55 0 0.521211 1671.49 135.69 89.99 68.81 0 0.517873 1190.21 37.47 82.56 86.23 0 0.512782 694.34 98.89 25.79 41.20 3 0.511584 1074.19 226.36 90.44 97.09 0 0.502213 1087.00 49.57 69.81 93.05 0 0.493124 1391.04 176.03 105.82 92.93 0 0.488268 894.83 783.87 102.58 193.30 0 0.487588 745.68 90.59 21.47 41.70 3 0.482375 1266.69 685.13 118.46 196.43 0 0.474484 1261.04 36.68 82.87 76.23 0 0.472433 1662.86 603.08 145.06 167.56 0 0.468024 810.26 76.45 24.12 40.21 3 0.456322 518.26 365.80 38.41 45.11 3 0.449368 1046.69 33.36 26.88 41.80 3 0.440496 487.26 96.89 106.00 64.95 0 0.433823 770.80 86.76 22.96 42.02 3 0.430155 284.99 560.66 156.27 230.65 1 0.424930 1146.24 24.03 25.63 35.15 3 0.416849 42.42 508.81 65.57 46.01 3 0.404341 28.14 550.93 70.63 40.89 3 0.392148 1124.23 25.32 31.82 35.73 3 0.378180 1611.72 616.72 120.70 176.34 0 0.375127 17.58 562.23 64.28 45.34 3 0.372971 1554.01 632.97 82.30 150.93 0 0.367195 1515.09 106.58 31.49 34.52 3 0.361967 1095.60 734.54 103.72 167.89 0 0.339763 1095.82 25.46 45.96 51.22 3 0.337211 1486.31 472.51 128.68 146.16 1 0.334693 747.75 86.37 23.31 46.81 3 0.331812 1482.07 468.28 183.43 150.77 1 0.329612 1852.74 308.29 67.26 88.27 0 0.328897 996.16 43.02 25.75 39.78 3 0.322308 551.65 58.39 26.11 27.12 3 0.316683 346.48 484.62 32.57 51.67 2 0.312256 541.81 518.83 32.15 54.98 3 0.312233 1381.94 690.81 93.54 140.03 0 0.307731 95.61 374.73 35.73 43.98 3 0.287652 598.64 345.62 39.34 56.80 3 0.284309 1652.67 997.70 137.73 82.30 0 0.282839 438.89 453.92 25.08 50.23 2 0.282744 1147.28 18.42 23.42 34.16 3 0.282587 1457.56 0.00 23.90 33.29 3 0.278702 1410.53 178.90 100.16 94.90 0 0.277846 834.20 72.58 28.30 38.01 3 0.275922 571.06 307.84 24.59 34.99 2 0.274394 782.09 787.49 118.63 204.54 1 0.273498 227.17 739.31 33.24 45.23 3 0.272202 93.37 367.23 32.83 47.64 2 0.271983 911.92 809.51 98.18 168.97 0 0.269951 494.53 623.27 29.97 52.08 2 0.266746 1525.22 472.03 171.53 138.14 0 0.266429 1523.01 101.75 29.56 34.09 3 0.265993 875.04 63.44 28.12 29.80 3 0.265761 888.70 768.24 96.53 181.72 0 0.263689 219.00 409.49 57.27 36.77 3 0.262881 570.38 312.78 27.66 39.63 2 0.256063 1626.40 603.93 165.01 170.67 0 0.251245 363.03 169.93 20.15 37.09 2
2,0.644856 360.22 676.60 40.36 57.19 0 0.632953 543.41 566.83 29.56 49.58 0 0.632841 764.68 300.62 26.37 51.77 0 0.623244 675.49 515.15 26.14 49.84 0 0.622486 499.22 674.63 31.26 59.19 0 0.604902 644.76 516.92 26.54 44.61 0 0.604318 606.28 567.79 31.26 47.76 0 0.593312 694.10 669.20 34.33 63.10 0 0.586123 1445.58 340.34 26.42 35.44 0 0.581511 763.78 668.59 36.41 59.04 0 0.575350 615.87 185.14 27.24 43.83 0 0.571341 661.79 670.53 30.26 60.34 0 0.566798 604.87 291.79 24.01 46.06 0 0.566723 522.56 512.98 30.55 47.48 0 0.564814 733.25 515.39 30.71 52.34 0 0.558087 1635.17 914.00 68.44 63.05 0 0.557470 763.59 187.26 28.11 49.43 0 0.544432 1780.94 106.12 21.83 26.17 0 0.540547 615.43 517.13 27.57 46.38 0 0.536919 975.00 188.95 48.27 25.64 0 0.524918 354.30 554.92 32.77 58.06 0 0.519874 696.36 376.78 24.95 43.12 0 0.517732 503.39 371.73 22.41 42.35 0 0.516387 1480.02 525.19 29.45 32.86 0 0.514472 462.77 414.91 28.49 46.34 0 0.513579 355.34 209.68 31.71 39.85 0 0.512395 332.20 678.19 33.02 56.27 0 0.509959 670.30 375.17 26.45 44.54 0 0.509665 628.36 422.38 31.57 49.94 0 0.504049 981.46 732.27 76.44 35.38 0 0.500627 530.82 371.51 25.92 43.01 0 0.494547 642.18 377.70 23.61 42.17 0 0.491801 323.50 557.36 32.49 54.12 0 0.491526 267.98 392.69 42.49 46.11 0 0.481671 604.22 424.39 30.96 48.82 0 0.481645 1693.91 771.64 59.97 26.49 0 0.480771 520.19 415.81 29.20 47.76 0 0.476070 1493.77 568.59 34.23 45.30 0 0.475459 1316.95 369.42 25.45 51.68 0 0.475087 466.85 674.99 32.51 57.96 0 0.467540 1341.24 548.12 28.38 47.28 0 0.459153 663.39 186.47 27.55 47.30 0 0.457675 531.75 673.14 33.49 58.70 0 0.455109 509.15 566.93 33.60 50.01 0 0.454961 248.25 444.50 34.01 48.48 0 0.447407 1430.97 292.32 28.72 36.92 0 0.445926 218.08 507.32 35.17 46.64 0 0.438547 631.38 303.23 27.37 39.77 0 0.433423 1582.14 84.80 23.89 23.86 0 0.427944 297.26 346.71 32.73 40.09 0 0.425543 1654.77 8.07 24.71 29.61 0 0.419441 634.45 668.89 32.85 61.82 0 0.412091 724.92 378.54 26.87 43.22 0 0.409212 1782.67 899.30 58.70 26.61 0 0.406883 1395.62 109.26 20.72 26.22 0 0.405261 810.98 185.71 28.32 59.03 1 0.405158 712.28 294.75 27.05 50.73 0 0.405064 609.38 188.16 26.83 37.44 0 0.404513 707.12 516.15 28.81 48.87 0 0.402601 550.06 286.66 25.59 48.30 0 0.396554 1624.65 198.48 47.35 23.57 0 0.389176 488.03 175.78 30.34 48.85 0 0.387691 566.49 182.15 26.23 39.17 0 0.387573 1724.42 98.26 25.46 23.78 0 0.384860 335.36 258.50 30.19 43.83 0 0.381612 197.23 561.35 31.52 40.44 0 0.372480 1709.03 29.98 23.07 26.01 0 0.362847 313.38 309.05 32.57 40.50 0 0.360095 509.42 414.12 35.01 49.41 0 0.357693 1628.48 85.25 20.88 28.03 0 0.355676 1654.60 486.77 33.57 49.19 0 0.352840 1746.22 30.61 24.85 25.65 0 0.350772 1458.99 417.26 28.96 33.13 0 0.349873 709.25 288.58 27.28 53.86 0 0.347380 1806.90 104.54 30.09 27.49 0 0.342239 1666.83 999.66 33.23 24.30 3 0.339639 1082.54 727.66 96.96 38.28 1 0.338595 745.14 409.73 36.31 68.40 1 0.338588 1733.05 30.12 23.77 24.75 0 0.335899 409.12 291.50 21.96 25.04 3 0.333450 1603.83 86.68 24.88 24.68 0 0.332207 656.98 188.66 27.19 43.45 0 0.329538 1718.88 133.82 29.09 23.69 0 0.328056 1756.08 898.82 68.69 26.73 0 0.326960 561.06 185.32 28.45 37.35 0 0.325592 1469.35 292.09 29.77 36.74 0 0.322669 1470.80 475.28 30.35 40.87 0 0.316520 1776.32 32.16 22.20 22.67 0 0.316455 1650.61 87.02 19.80 28.67 0 0.316373 1656.37 25.86 23.67 29.61 0 0.315829 411.78 734.90 21.25 30.67 3 0.312068 1674.79 90.07 19.18 27.50 0 0.311886 599.51 729.53 19.74 30.40 3 0.309354 584.07 373.62 28.85 44.87 0 0.305506 318.22 299.73 31.95 49.43 0 0.300762 505.27 367.27 25.39 49.29 0 0.300347 1417.54 226.51 30.81 38.72 1 0.299971 617.70 258.75 25.02 50.22 0 0.296299 1141.59 200.24 44.64 21.93 0 0.291969 1080.21 198.01 38.72 21.73 0 0.290174 1801.48 36.13 33.24 19.75 0 0.289528 1753.88 777.63 41.81 26.68 0 0.287498 1808.47 35.08 32.38 21.39 0 0.279807 695.44 420.49 25.15 51.52 0 0.273211 684.01 286.41 27.73 50.23 0 0.271920 1836.42 105.56 27.36 27.02 0 0.269647 703.07 517.04 27.29 48.08 0 0.269613 1336.36 483.18 29.28 58.38 0 0.269497 383.71 729.95 29.54 35.30 3 0.264425 1680.58 771.65 66.27 32.12 0 0.263459 324.33 286.74 29.76 45.95 0 0.261979 360.49 203.72 29.68 43.14 0 0.259013 1699.88 91.57 20.54 26.54 0 0.255545 412.84 84.08 25.11 33.03 0 0.255142 1599.25 0.00 31.62 18.17 0
3,0.567113 103.54 17.16 53.36 28.41 0 0.480130 0.00 191.87 24.77 37.81 0 0.460103 85.79 465.65 12.67 15.62 2 0.448686 513.76 68.58 35.86 46.44 0 0.338422 172.14 444.44 16.02 18.46 2 0.314191 521.96 70.95 32.95 50.01 0 0.289207 146.02 580.96 16.03 14.77 2 0.282178 529.55 75.98 28.12 49.71 0 0.261640 603.34 112.33 12.68 13.03 2
4,0.516175 1099.24 61.87 28.05 49.21 0 0.474171 540.09 269.91 17.95 21.63 2 0.464760 1069.35 46.88 32.29 49.76 0 0.462975 1002.76 0.00 29.55 41.35 0 0.441679 721.46 320.47 13.18 19.90 2 0.434672 633.12 441.91 16.05 22.15 2 0.408483 558.79 293.00 16.99 25.35 2 0.380399 914.87 60.19 60.69 32.11 1 0.351964 605.17 296.03 13.70 18.04 2 0.351624 620.25 268.32 13.87 19.90 2 0.351623 804.30 328.88 15.57 14.67 2 0.316566 775.41 664.50 20.96 24.71 2 0.297430 492.06 272.83 18.91 29.64 2 0.295709 784.07 646.32 21.69 24.34 2 0.279495 753.75 353.36 15.93 19.61 2 0.278090 44.62 475.10 20.29 20.53 2 0.270235 988.96 106.37 13.66 16.51 3 0.255702 619.24 263.87 17.13 20.60 2
5,0.580406 1119.69 238.02 27.52 39.96 0 0.550591 1083.04 524.74 31.02 57.75 0 0.547361 572.77 644.52 62.40 36.11 0 0.537620 542.59 625.86 17.33 23.14 2 0.515575 1106.38 365.54 35.03 55.52 1 0.502939 1233.22 562.73 45.97 109.72 1 0.488209 1125.82 184.37 26.20 38.98 0 0.469726 1065.33 674.21 35.02 45.79 0 0.439940 1111.56 323.41 24.29 43.46 0 0.419535 830.39 222.76 35.88 27.80 0 0.414909 871.97 37.29 34.91 19.37 0 0.394106 1114.80 280.94 26.51 35.49 0 0.360194 833.75 195.39 43.75 31.53 0 0.318185 1234.41 555.23 42.96 83.27 1 0.307472 1247.15 392.01 73.91 44.81 1 0.289480 552.12 142.05 15.35 12.93 2 0.258998 832.15 216.12 38.80 33.83 0
6,0.561984 1082.51 520.46 28.22 52.26 0 0.511103 1104.60 357.52 36.03 58.56 1 0.501698 831.23 191.87 42.33 27.38 0 0.500841 569.16 639.18 68.90 34.71 0 0.482823 1064.99 666.62 34.38 53.38 0 0.463509 1116.70 231.88 28.09 43.02 0 0.444808 1123.90 178.98 26.07 38.90 0 0.410457 829.49 219.66 36.38 28.43 0 0.410266 1106.01 310.78 27.74 47.82 0 0.383392 1247.73 386.10 72.08 44.26 1 0.352939 733.88 113.25 41.69 30.20 1 0.333068 1111.13 275.82 25.92 41.38 0 0.310809 1102.79 362.56 34.27 56.29 0 0.292673 543.49 624.08 12.95 25.09 2 0.290036 868.03 27.56 36.88 25.34 0 0.286505 865.45 32.39 40.19 23.77 0 0.286293 1229.06 543.57 45.77 118.23 1 0.272870 1253.49 394.57 60.40 34.83 1 0.262956 400.39 21.80 21.39 22.62 2
7,0.618596 760.16 924.98 32.82 69.62 3 0.610719 715.90 939.24 33.91 75.79 3 0.609911 691.12 948.22 33.21 71.88 3 0.599463 798.14 913.45 31.92 68.90 3 0.591815 649.82 964.24 34.42 72.39 3 0.565442 616.33 973.25 34.82 68.23 3 0.562256 1044.07 822.58 35.21 65.96 3 0.560706 1174.50 848.63 117.75 187.75 0 0.559071 138.36 830.07 215.89 102.32 0 0.537644 928.42 946.12 105.67 133.24 0 0.532579 832.85 573.15 30.03 56.01 3 0.528299 831.48 976.36 100.17 103.64 0 0.525716 869.13 567.77 25.36 48.94 3 0.514664 1673.83 383.57 31.76 39.08 3 0.505890 884.12 557.80 27.88 52.92 3 0.504706 741.69 684.43 35.80 38.19 3 0.494978 1724.27 366.80 32.18 36.03 3 0.485702 838.94 905.39 31.21 62.47 3 0.485654 1527.92 506.31 36.77 45.82 3 0.480351 1099.28 893.96 114.43 133.93 0 0.478887 1005.47 538.02 26.06 42.42 3 0.475225 1627.74 385.29 31.92 44.53 3 0.453940 1362.82 437.54 27.56 39.58 2 0.451574 780.64 591.86 27.93 50.07 3 0.447536 1158.21 680.31 49.37 37.81 3 0.442226 572.10 986.77 38.71 77.97 3 0.434294 1423.46 774.73 133.32 136.74 0 0.433180 660.45 964.51 28.99 71.21 3 0.417278 916.80 554.34 28.74 51.97 3 0.404940 491.09 690.96 45.30 35.16 3 0.401616 1323.63 793.43 128.68 164.13 0 0.400740 707.82 946.16 35.54 72.87 3 0.397318 1302.58 475.23 23.31 35.69 2 0.393808 1079.17 818.19 30.85 63.07 3 0.392845 759.17 597.71 29.84 46.77 3 0.388543 1248.53 748.51 34.60 62.14 3 0.387020 699.94 952.20 32.81 73.12 3 0.386237 1191.65 770.03 31.91 60.04 3 0.385528 966.27 654.68 27.65 43.50 2 0.383835 872.41 564.05 28.56 52.47 3 0.375903 1130.18 480.97 97.98 64.23 1 0.371499 1036.98 823.18 34.95 65.22 3 0.363088 1002.28 544.60 27.61 37.18 3 0.335045 702.21 655.51 36.59 37.56 3 0.329216 1143.23 597.27 40.09 37.12 3 0.325847 1101.34 803.75 34.71 60.26 3 0.325559 1214.87 762.10 34.78 59.30 3 0.322067 947.97 541.80 29.68 57.18 3 0.319712 1047.93 533.14 24.60 35.47 3 0.305780 1702.14 377.10 32.15 36.12 3 0.302681 1706.50 372.15 26.67 35.83 3 0.300275 1649.35 368.69 26.93 40.99 3 0.297269 642.86 965.30 35.54 70.84 3 0.297101 1300.62 480.16 22.83 33.43 2 0.295815 492.84 678.23 48.77 44.53 3 0.295220 1188.82 868.44 108.45 145.28 0 0.291098 1716.27 375.95 35.50 34.51 3 0.284115 1028.12 538.00 29.62 36.04 3 0.276662 717.77 668.25 42.33 45.17 3 0.276502 1325.75 799.94 112.96 121.81 0 0.274618 501.42 671.55 54.21 35.33 3 0.273849 931.24 549.49 33.18 52.21 3 0.272496 1646.06 380.70 30.61 38.15 3 0.272178 149.43 838.59 168.31 97.60 0 0.272035 1598.63 389.90 32.55 45.74 3 0.270206 1347.90 811.99 117.43 136.22 0 0.270149 838.23 568.47 28.35 55.81 3 0.269024 714.17 620.97 36.03 41.75 3 0.267674 1169.16 774.62 35.41 57.97 3 0.267348 595.44 661.75 50.78 34.47 3 0.260322 728.42 692.25 43.93 33.15 3 0.255144 1139.64 793.26 31.42 61.86 3 0.254346 179.76 826.23 166.66 90.45 0 0.250887 1849.94 318.14 61.66 61.75 0
8,0.705302 1723.47 476.30 26.90 38.63 3 0.685725 505.07 552.48 165.58 79.57 1 0.651852 627.38 673.60 23.03 46.30 3 0.640237 1702.50 692.89 94.35 110.38 0 0.628046 1756.97 475.58 23.48 40.49 3 0.619880 1362.40 858.93 22.73 41.35 2 0.612599 552.03 412.70 94.51 44.42 0 0.608802 1202.74 655.96 19.52 35.75 2 0.600089 1410.24 695.47 74.22 102.82 0 0.598384 1790.62 695.26 79.40 105.10 0 0.597725 1541.10 636.65 23.52 44.85 3 0.596539 800.60 433.59 105.49 45.53 0 0.594306 922.17 439.76 113.27 48.78 0 0.594286 665.92 427.25 101.50 42.99 0 0.589271 1297.14 600.51 113.02 66.10 0 0.586103 1256.35 670.53 65.16 101.58 0 0.579049 1010.74 567.99 22.51 32.91 2 0.573123 1512.30 885.13 92.89 134.23 0 0.563920 1012.35 799.00 21.11 40.24 2 0.554718 1334.85 673.91 71.19 106.23 0 0.541120 1494.43 522.33 120.29 50.03 0 0.534803 1511.93 643.26 25.24 45.30 3 0.529410 1842.16 486.68 28.92 34.26 3 0.519780 1867.93 654.87 31.93 48.31 3 0.516642 1559.43 641.10 25.16 46.61 3 0.489233 1575.82 841.33 56.31 48.41 3 0.488816 1783.15 472.12 26.32 41.16 3 0.478504 1112.63 352.26 15.15 30.68 2 0.454983 1603.14 645.93 26.70 46.80 3 0.443979 856.68 947.21 42.64 47.67 2 0.443720 535.11 1008.38 71.10 54.95 3 0.440890 1769.66 901.73 126.89 161.09 0 0.438424 1895.95 656.86 21.01 46.64 3 0.435916 1586.49 645.07 25.90 45.78 3 0.430715 769.86 912.74 63.92 39.52 3 0.423923 1448.66 851.73 24.41 39.10 2 0.417095 1628.71 477.99 21.84 32.59 3 0.382081 1703.98 649.44 28.85 40.49 3 0.368578 1673.55 648.53 25.17 43.62 3 0.365319 1863.35 480.45 29.72 37.97 3 0.363090 1018.52 890.06 48.90 41.35 3 0.356282 1144.25 884.90 23.00 48.01 2 0.344446 1717.49 648.54 30.23 38.65 3 0.342074 1600.31 476.76 24.63 33.82 3 0.339266 1831.04 481.51 27.85 40.05 3 0.334473 843.63 962.73 54.19 43.09 3 0.331495 968.27 578.25 19.75 31.90 2 0.319259 1845.94 461.94 31.36 30.95 3 0.318236 1791.87 475.45 26.66 41.67 3 0.310698 1659.03 469.33 23.40 36.02 3 0.304395 1176.06 737.72 19.25 38.23 2 0.304358 1654.24 477.78 21.86 32.45 3 0.303128 1702.71 479.20 24.54 34.66 3 0.297011 1577.66 480.79 29.34 34.11 3 0.295651 583.68 673.60 24.03 44.69 3 0.293838 842.07 1014.26 44.31 40.60 3 0.286801 1647.72 648.04 25.43 45.80 3 0.279648 1632.97 645.51 26.55 45.88 3 0.270329 1016.29 1014.35 30.27 65.65 2 0.265337 542.81 996.37 55.42 64.86 2 0.263134 1040.66 794.56 23.97 42.69 2
9,0.697797 369.87 750.18 38.17 66.46 1 0.647495 1101.73 582.81 32.34 37.42 0 0.628198 1069.93 540.56 32.76 33.73 0 0.620238 321.58 461.25 37.97 68.30 1 0.619673 97.42 796.42 35.52 55.56 0 0.605165 167.29 951.19 39.74 66.94 0 0.585673 396.09 850.16 38.59 62.94 0 0.576163 312.43 775.17 32.92 51.63 0 0.566772 326.44 606.93 34.52 59.84 0 0.544127 231.66 634.66 32.70 60.52 0 0.542653 284.45 958.83 46.59 76.75 0 0.542612 335.59 877.59 34.62 59.63 0 0.540584 486.59 394.83 49.79 27.27 0 0.533648 144.45 669.32 33.48 67.37 0 0.530302 369.22 863.41 35.57 62.76 0 0.525662 433.09 1026.73 39.68 53.27 0 0.524084 1315.91 832.37 65.05 43.81 0 0.520439 257.85 731.12 33.03 51.77 0 0.519637 747.59 933.65 57.19 41.35 0 0.519378 502.06 999.64 40.53 56.83 0 0.513647 302.84 897.87 33.35 51.15 0 0.510525 265.23 630.12 34.78 57.78 0 0.507871 214.58 813.06 38.95 65.02 0 0.495241 99.57 549.04 31.70 50.52 0 0.485695 153.64 527.38 33.44 53.25 0 0.483001 1045.60 503.12 27.96 34.38 0 0.481912 1745.26 459.85 58.21 36.15 0 0.479149 137.60 632.38 30.91 54.26 0 0.474630 35.65 566.96 36.12 54.46 0 0.466165 935.60 558.32 37.65 47.12 0 0.464353 652.22 341.59 67.47 27.74 0 0.460537 112.24 846.90 38.82 65.39 0 0.456652 248.17 799.95 35.11 60.23 0 0.455833 66.53 805.14 31.20 54.09 0 0.448719 231.97 744.79 30.73 52.41 0 0.448091 266.90 493.41 35.72 50.07 0 0.446734 1074.77 0.00 40.68 14.12 0 0.444817 82.82 692.79 36.60 67.63 0 0.439092 169.26 773.23 31.69 52.98 0 0.438379 735.51 941.92 59.66 44.91 0 0.431233 13.18 720.63 33.40 64.28 0 0.430937 1062.08 53.56 17.35 33.17 0 0.430735 1686.61 489.05 49.45 37.68 0 0.427026 181.85 669.08 30.89 52.88 0 0.424198 770.10 178.60 26.74 30.19 1 0.420179 321.16 706.06 31.27 55.54 0 0.413561 1614.50 529.49 47.99 39.34 0 0.406043 647.65 343.82 64.58 31.14 0 0.403690 1043.58 579.51 28.39 32.59 0 0.403685 290.68 723.58 33.54 54.11 0 0.401746 1086.43 51.27 15.78 29.78 0 0.399311 262.26 464.32 42.26 27.31 0 0.398057 1327.51 1034.98 46.01 45.02 0 0.396511 1406.92 757.38 53.72 35.45 0 0.394089 182.98 1008.44 34.99 69.36 0 0.393270 217.98 992.91 44.73 74.78 0 0.391809 1112.22 375.73 32.90 23.94 0 0.385185 1471.71 603.16 40.26 34.41 0 0.373201 1567.54 556.79 39.04 34.09 0 0.372662 825.19 892.58 67.28 41.07 1 0.372176 1119.74 372.33 35.33 26.40 0 0.371761 338.85 771.05 32.93 54.74 0 0.365730 1148.32 37.57 20.25 31.52 0 0.365402 1412.08 753.43 50.78 34.13 0 0.360317 1109.90 48.94 18.49 29.96 0 0.358000 1558.86 566.47 38.97 31.57 0 0.356359 1172.10 34.36 21.88 29.24 0 0.338951 1086.92 160.59 24.83 29.68 0 0.335640 1063.33 37.86 21.37 26.79 0 0.334833 1469.44 606.49 38.38 38.34 0 0.332644 497.65 995.13 41.22 54.26 0 0.330882 1312.38 680.77 41.32 31.31 0 0.329384 982.52 81.77 25.37 23.65 0 0.327325 1030.04 66.27 23.33 28.73 0 0.324330 1647.77 512.60 55.76 36.91 0 0.321476 70.70 805.21 34.98 54.53 0 0.320123 879.02 458.04 34.51 48.50 0 0.318839 815.18 126.63 23.60 31.01 1 0.318478 812.26 102.29 22.25 32.59 1 0.312828 1506.58 768.53 42.51 57.81 0 0.308011 363.97 866.20 35.60 63.00 0 0.307440 1603.82 110.95 32.46 33.91 0 0.305996 0.00 729.79 24.80 61.97 0 0.304093 957.44 614.85 33.49 36.99 0 0.303482 271.50 906.19 38.11 53.16 0 0.300939 946.91 344.07 32.42 28.38 0 0.296729 1314.77 354.68 24.47 35.34 0 0.296061 237.29 735.34 38.48 56.30 0 0.294258 835.01 382.59 32.05 40.33 0 0.291840 591.00 367.37 40.60 22.78 0 0.291793 44.89 878.50 41.02 61.93 1 0.290559 1532.83 30.56 30.27 27.00 0 0.285811 1669.18 493.74 56.70 35.31 0 0.285484 1191.04 450.74 33.91 39.10 0 0.285348 1564.70 129.10 37.09 32.68 0 0.284802 1076.02 39.33 21.30 30.66 0 0.284696 218.66 809.92 44.54 63.55 0 0.284597 1661.33 500.08 52.56 34.06 0 0.283743 844.35 169.97 22.91 26.71 1 0.282899 1555.64 60.45 34.65 30.88 0 0.273068 299.66 714.63 37.06 53.10 0 0.271553 352.09 868.61 37.66 61.89 0 0.269927 278.31 901.25 38.39 56.87 0 0.267135 150.01 672.59 36.26 59.44 0 0.265136 391.90 1042.67 42.37 37.33 0 0.263835 1667.04 618.30 43.89 32.46 0 0.262410 915.73 526.22 35.82 41.03 0 0.261622 1577.39 723.32 46.26 65.57 1 0.261218 1221.80 82.54 37.99 21.58 0 0.260524 1094.10 156.53 26.72 27.53 0 0.256463 234.33 751.46 33.16 52.65 0
10,0.699156 753.95 645.58 15.26 18.56 2 0.664463 709.42 599.54 15.40 20.32 2 0.537522 1005.61 0.00 30.13 43.83 0 0.508628 1100.25 62.51 30.08 51.59 0 0.482537 718.27 373.02 14.64 20.00 2 0.481329 738.36 666.08 15.84 19.78 2 0.474920 469.59 261.80 17.31 24.08 2 0.437078 1074.25 46.89 31.85 50.50 0 0.349620 769.64 388.90 13.57 17.52 2 0.329995 919.37 62.35 57.93 31.98 1 0.310318 634.14 441.32 15.88 22.85 2 0.298196 786.72 679.43 20.13 22.37 2 0.278125 541.74 270.76 19.60 18.66 2 0.277515 239.44 526.24 12.75 16.25 2
11,0.342856 659.19 327.62 9.19 12.64 2 0.313892 1045.03 261.17 21.69 25.26 1 0.292579 1077.00 210.70 24.07 13.54 0 0.280155 924.94 597.03 19.27 46.15 1 0.257090 355.46 90.96 17.69 38.99 1
12,0.593899 1083.89 531.25 31.36 56.22 0 0.559101 1108.22 371.10 34.16 55.93 1 0.556218 1122.57 239.40 27.59 41.00 0 0.553063 571.43 648.74 63.32 38.01 0 0.483400 873.16 38.97 32.77 18.24 0 0.458486 1115.49 282.54 27.08 37.82 0 0.448506 836.76 199.71 38.42 26.57 0 0.433853 1237.08 560.47 43.68 115.13 1 0.418998 399.40 28.94 20.27 20.95 2 0.406375 1066.73 680.00 34.84 40.00 0 0.402310 1128.77 186.85 23.87 39.37 0 0.352780 831.74 226.87 36.39 25.34 0 0.340313 1254.19 401.57 67.54 39.61 1 0.337384 1251.34 394.32 60.30 49.09 1 0.274830 1239.86 563.13 38.52 91.16 1 0.265558 1113.86 326.65 25.67 40.48 0 0.254278 1247.87 385.58 76.83 56.14 1
13,0.585274 1005.75 0.00 29.13 43.46 0 0.506028 1101.99 60.52 30.40 52.47 0 0.501820 708.91 591.92 14.98 19.46 2 0.428879 1074.94 47.65 30.47 48.12 0 0.375303 720.77 373.29 14.73 19.83 2 0.374307 750.97 639.89 15.87 19.29 2 0.371238 770.03 389.55 14.19 16.84 2 0.337375 906.68 640.05 16.99 18.05 2 0.327963 585.43 313.59 13.69 20.68 2 0.324673 636.60 444.82 15.35 19.15 2 0.310812 737.83 664.97 16.17 18.97 2 0.288690 132.60 294.41 18.55 19.47 2 0.265218 921.74 58.13 58.22 31.97 1 0.257370 467.30 261.35 16.98 24.73 2
14,0.530306 575.64 379.87 15.95 21.31 2 0.428992 659.35 415.90 10.33 15.02 2 0.425020 1253.81 66.59 32.37 49.19 0 0.362298 334.59 201.85 18.14 22.71 2 0.347020 401.11 127.73 15.07 19.13 2 0.342047 534.05 362.86 16.81 18.01 2 0.327143 686.90 101.21 18.08 19.69 2 0.301794 150.81 554.90 16.31 20.03 2 0.293520 709.38 129.36 20.95 19.36 2 0.273771 1244.78 66.54 39.95 54.99 0 0.262916 769.59 365.84 16.88 19.08 2 0.258298 603.24 123.81 16.03 16.83 2 0.256090 506.42 326.03 13.22 22.60 2 0.250504 533.03 209.43 19.62 18.74 2
15,0.705115 766.88 431.94 42.34 87.90 1 0.691534 720.72 412.35 25.09 43.66 0 0.677735 696.42 411.74 24.07 43.76 0 0.652994 787.44 704.38 28.76 57.75 0 0.624919 532.64 404.21 25.60 41.35 0 0.621887 595.96 217.84 22.95 43.84 0 0.613559 789.69 336.61 25.85 49.59 0 0.611143 997.94 228.43 47.32 25.10 0 0.609871 548.28 543.31 31.56 49.32 0 0.604205 521.21 704.99 30.77 59.65 0 0.602158 629.93 597.06 30.62 52.80 0 0.573769 568.00 595.22 30.12 53.43 0 0.573000 686.96 704.12 28.55 56.00 0 0.565509 670.73 411.44 21.27 42.77 0 0.559083 384.77 585.84 32.06 56.28 0 0.556938 698.37 550.16 26.96 49.49 0 0.554087 350.74 584.10 33.75 58.05 0 0.547625 717.11 703.49 34.02 57.64 0 0.540693 579.28 321.40 26.80 51.22 0 0.538401 670.13 549.36 24.08 45.83 0 0.535259 546.87 451.18 28.37 43.56 0 0.528468 662.26 455.04 25.67 43.80 0 0.527713 1706.78 822.27 71.42 26.70 0 0.527497 355.57 709.77 31.89 52.86 0 0.525366 1797.80 154.73 24.09 21.75 0 0.521865 1482.26 460.90 28.88 41.64 0 0.517906 642.77 220.30 23.50 43.32 0 0.512589 1656.29 962.27 70.71 63.45 0 0.511077 1503.74 569.66 31.61 31.67 0 0.508342 517.80 215.54 29.02 43.58 0 0.507262 709.84 318.72 25.50 56.53 0 0.506540 493.77 707.83 31.84 56.36 0 0.504475 556.43 704.08 32.48 57.33 0 0.498722 395.38 707.87 34.79 53.64 0 0.497380 757.42 551.13 28.35 51.52 0 0.497242 690.14 225.79 24.25 43.12 0 0.492891 736.77 321.98 27.48 56.39 0 0.487774 1829.26 156.19 20.42 24.30 0 0.485233 1005.25 770.64 76.62 33.68 0 0.471856 1855.27 156.52 23.11 24.23 0 0.454574 630.11 459.16 26.29 49.75 0 0.451164 630.62 331.94 25.75 42.98 0 0.449162 1541.18 43.05 21.32 26.20 0 0.448540 642.02 550.24 26.53 42.76 0 0.443254 1465.05 382.68 25.43 38.98 0 0.435024 535.82 597.52 31.56 52.06 0 0.434488 391.57 245.21 28.32 40.37 0 0.432330 746.89 447.28 41.63 68.64 1 0.429398 643.22 294.12 21.83 42.54 0 0.416632 1794.90 75.72 20.68 27.12 0 0.415854 791.16 225.31 25.56 51.29 0 0.413473 499.12 324.77 23.84 44.16 0 0.407839 279.45 479.54 32.75 39.14 0 0.405193 554.70 404.73 29.54 40.05 0 0.404657 722.88 455.37 22.51 51.24 0 0.402540 656.74 713.51 27.66 50.17 0 0.401770 489.16 455.72 27.88 39.55 0 0.400184 1335.72 403.91 30.19 58.59 0 0.399037 388.68 712.46 34.98 51.72 0 0.389489 1720.72 138.41 21.29 26.32 0 0.387355 1103.09 233.30 46.52 23.82 0 0.383816 837.43 228.82 28.30 56.69 0 0.383414 1753.47 77.58 29.39 24.07 0 0.382761 1451.85 336.41 27.67 33.26 0 0.382218 1581.16 44.10 22.66 22.87 0 0.378131 604.02 768.44 15.55 28.52 3 0.377650 1628.48 132.41 30.02 23.56 0 0.377220 327.33 376.99 31.97 46.62 0 0.375860 454.61 768.69 17.33 26.11 3 0.371658 364.98 291.03 32.87 45.97 0 0.362231 1677.99 73.54 23.21 26.02 0 0.359258 774.62 421.37 36.45 96.05 1 0.357057 1456.81 187.22 25.94 36.42 0 0.356464 1823.46 78.56 19.76 25.80 0 0.352135 1505.00 401.62 26.39 40.82 0 0.352011 1666.42 244.48 36.34 27.55 0 0.351382 1514.80 608.45 33.59 49.49 0 0.351343 1785.52 826.15 38.84 24.09 0 0.351218 413.90 772.84 20.43 27.82 3 0.350644 1363.02 582.04 25.08 54.82 0 0.348095 430.56 150.48 24.64 31.51 0 0.345259 660.33 323.06 28.02 54.63 0 0.344619 347.39 338.14 32.79 39.34 0 0.344093 1733.50 79.61 25.50 23.17 0 0.341739 1417.15 153.50 25.13 28.50 0 0.341242 1490.64 516.68 29.96 40.34 0 0.339617 649.14 313.08 29.36 58.58 0 0.339222 1776.38 174.97 31.82 20.44 0 0.331176 1677.92 61.89 22.81 24.68 0 0.326404 1461.18 379.78 25.76 35.82 0 0.326061 644.24 456.50 31.15 44.36 0 0.325922 305.09 414.77 35.85 48.08 0 0.324550 532.12 324.98 20.66 46.98 0 0.322615 426.53 770.46 22.31 26.10 3 0.318876 250.87 534.08 31.60 38.58 0 0.316920 301.71 423.53 39.00 44.15 0 0.306155 748.93 415.38 28.41 50.22 0 0.306055 1561.74 10.57 30.18 22.18 0 0.304016 608.94 408.94 27.02 43.25 0 0.303028 1682.94 134.32 22.79 25.53 0 0.302522 1325.13 325.46 26.46 45.83 1 0.301551 226.91 590.35 32.12 42.67 0 0.299263 732.05 552.76 26.52 50.20 0 0.289338 660.26 705.54 31.15 57.00 0 0.280430 596.52 292.22 20.35 32.81 0 0.279299 1674.20 532.69 32.65 45.33 0 0.279183 395.50 586.50 30.76 53.17 0 0.275825 1101.62 769.40 76.00 43.69 1 0.273839 1493.79 519.43 30.07 42.74 0 0.273296 631.33 323.76 28.69 45.80 0 0.270972 1603.59 131.96 27.61 21.92 0 0.267531 1165.73 244.38 44.91 22.63 0 0.265367 1600.30 991.73 39.60 67.19 0 0.264845 1429.99 221.08 31.51 29.56 0 0.264625 246.51 537.62 34.14 40.43 0 0.263332 280.33 473.53 28.86 36.40 0 0.255961 1784.32 174.25 32.69 24.23 0 0.255785 1643.77 17.82 30.92 19.84 0 0.251102 1355.54 520.01 29.50 55.58 0 0.250809 1441.11 279.73 30.03 43.10 1
16,0.595452 472.99 638.88 59.87 50.61 0 0.556153 1208.91 343.37 52.27 68.70 1 0.536885 1178.60 155.07 18.58 17.71 3 0.527311 1256.91 728.30 33.91 61.65 0 0.526116 180.41 185.85 58.15 46.10 0 0.519990 327.14 104.89 70.06 58.46 0 0.519184 556.41 286.54 55.79 49.17 0 0.518380 1404.63 573.70 47.14 41.83 0 0.511983 1171.38 915.86 62.22 36.50 0 0.497415 1404.07 816.48 46.80 31.26 0 0.483037 6.98 0.10 68.18 37.09 0 0.481366 427.22 876.68 56.54 55.50 0 0.471533 1379.92 779.71 57.27 35.14 0 0.453183 59.15 44.60 55.23 45.06 0 0.443788 602.25 337.01 55.89 70.17 0 0.438867 242.14 6.74 56.82 45.59 0 0.430069 1480.06 636.29 66.13 74.65 1 0.429555 407.92 702.61 50.21 38.68 0 0.428740 1184.86 536.13 50.28 55.12 1 0.411020 144.55 151.00 54.78 37.96 0 0.410956 1522.65 655.54 59.17 83.62 1 0.408191 49.08 215.38 64.02 43.50 0 0.397096 1330.72 720.68 51.72 33.40 0 0.395592 304.22 76.82 64.21 53.72 0 0.380917 477.54 840.48 53.48 56.51 0 0.378167 106.76 100.08 53.41 38.49 0 0.375538 1163.59 445.79 47.61 46.06 0 0.370858 68.85 243.15 79.74 60.22 0 0.367925 486.04 833.34 49.36 50.56 0 0.367248 135.32 127.07 53.06 40.11 0 0.363038 543.31 781.78 57.86 50.14 0 0.361964 64.69 50.86 53.30 42.19 0 0.355611 1520.32 528.20 53.54 52.20 1 0.355114 298.67 794.75 45.82 43.21 0 0.351806 1445.87 536.30 41.20 55.73 0 0.349945 646.04 705.58 43.75 45.89 0 0.349920 36.02 198.35 64.37 47.18 0 0.346753 1532.66 675.78 51.04 67.32 1 0.338946 1390.13 398.45 47.16 54.62 1 0.336425 652.84 698.56 42.07 44.75 0 0.334327 485.13 208.94 54.35 52.55 0 0.333567 1463.33 620.65 58.10 66.10 1 0.332868 536.97 596.80 48.90 43.94 1 0.329170 902.26 801.63 38.00 46.00 0 0.326091 360.95 743.26 48.99 47.55 0 0.324745 1446.61 842.14 51.51 34.66 0 0.314213 921.54 791.16 38.21 52.94 0 0.313499 1488.07 647.49 81.72 71.95 1 0.310466 1493.41 647.06 61.69 67.30 1 0.310256 30.39 179.76 61.77 38.51 0 0.308366 1389.86 487.03 45.32 56.15 0 0.308043 142.40 143.59 57.86 39.69 0 0.307889 1348.13 444.96 49.90 60.49 0 0.307172 404.39 707.72 53.66 40.26 0 0.306930 1409.10 565.95 47.82 49.10 0 0.297055 1279.22 423.71 45.16 48.29 0 0.294232 538.78 587.64 63.75 54.84 1 0.288502 706.75 648.28 45.65 47.11 0 0.279770 350.84 45.74 44.38 50.16 0 0.277028 97.88 85.24 53.05 35.90 0 0.277022 1496.80 593.62 42.80 50.10 0 0.276552 113.20 104.10 52.69 37.63 0 0.274145 1263.49 347.06 34.94 54.37 1 0.273862 1.92 145.55 51.12 34.17 0 0.272637 1217.34 341.69 56.18 66.07 1 0.268482 350.87 750.63 50.57 47.05 0 0.266446 0.00 108.09 26.21 32.30 0 0.260422 137.32 133.66 54.75 39.58 0 0.259411 625.52 340.17 40.70 73.41 0 0.257133 107.43 9.85 53.00 35.35 0 0.254512 546.83 581.00 57.03 55.94 1 0.254417 1556.35 728.66 55.14 52.89 1
17,0.649424 688.59 660.46 39.30 34.79 0 0.559848 1190.77 365.33 30.61 28.77 0 0.553745 348.41 436.07 49.21 37.33 1 0.537405 590.74 692.87 46.23 38.23 0 0.528463 693.03 425.04 24.64 41.70 0 0.471332 643.58 629.42 44.91 31.87 0 0.470809 619.13 785.34 54.94 41.25 0 0.467459 975.60 670.99 29.87 38.48 0 0.454247 395.81 148.21 36.44 26.59 0 0.439285 446.36 107.89 37.65 32.22 0 0.435705 837.92 394.18 28.35 30.19 0 0.412315 403.26 204.71 37.25 24.82 0 0.406526 214.86 321.33 29.08 40.36 1 0.401833 421.70 225.32 34.10 26.61 0 0.399933 567.12 124.68 30.51 34.77 0 0.399621 975.25 801.91 35.84 47.17 0 0.398455 165.73 661.15 47.44 50.32 0 0.391079 469.03 676.71 50.68 46.75 0 0.389514 0.06 803.73 65.72 47.27 0 0.389159 582.05 745.58 47.27 44.95 0 0.388738 643.12 31.89 32.41 24.54 0 0.386584 1169.03 396.47 32.05 32.77 0 0.383710 45.82 247.54 37.83 31.05 0 0.380582 620.24 777.43 50.53 44.19 0 0.373678 878.01 6.82 31.55 28.01 0 0.361746 282.83 390.97 40.51 30.31 0 0.355388 646.92 633.84 45.43 33.55 0 0.347819 914.36 31.10 34.39 26.84 0 0.343580 1121.27 468.14 35.32 32.85 0 0.341113 603.04 597.00 35.74 34.29 0 0.338059 518.75 551.22 47.46 31.39 0 0.333729 1219.54 318.73 32.92 38.29 0 0.333340 175.40 649.07 46.94 50.72 0 0.328661 1002.95 638.04 30.42 36.76 0 0.324439 450.96 198.14 31.86 29.35 0 0.323304 543.21 141.22 26.84 31.25 0 0.320525 587.98 690.38 41.52 36.36 0 0.318112 411.57 107.47 27.20 24.26 0 0.316498 738.43 685.20 42.75 41.56 0 0.315226 957.46 901.81 51.16 33.47 0 0.312291 566.95 577.34 41.26 32.32 0 0.309463 433.79 650.84 41.13 36.91 0 0.308451 435.48 106.86 36.86 32.42 0 0.307006 385.08 616.37 55.06 46.38 0 0.305175 237.62 365.53 37.68 24.84 0 0.304498 385.93 455.78 34.38 36.17 1 0.301105 811.72 15.05 30.85 25.63 0 0.295502 855.13 5.68 39.59 27.52 0 0.293032 972.59 66.01 31.72 22.87 0 0.291101 760.17 521.94 43.69 32.16 0 0.290806 497.70 75.01 34.63 27.18 0 0.288257 930.29 35.61 38.85 28.48 0 0.287133 108.69 706.04 54.46 46.05 0 0.286458 510.19 158.87 24.07 37.99 0 0.285769 790.27 8.34 33.73 24.65 0 0.284693 219.30 246.91 49.91 38.24 0 0.278147 725.30 431.57 21.18 36.69 0 0.274308 477.77 181.84 26.92 31.23 0 0.273556 1092.98 508.18 28.92 34.22 0 0.271707 1243.59 1002.16 42.63 30.43 0 0.269439 31.45 219.30 40.14 28.27 0 0.263517 380.82 614.01 53.43 40.90 0 0.260065 113.73 710.32 45.38 36.43 0 0.259959 1069.48 541.48 36.12 31.88 0 0.256434 993.67 912.27 39.85 37.00 0 0.253616 620.87 159.99 34.99 26.55 0 0.251381 571.03 738.68 52.30 42.21 0
18,0.527771 1091.11 554.01 32.98 54.36 0 0.510333 1118.86 347.08 28.37 39.82 0 0.500224 572.37 678.31 64.35 32.89 0 0.451341 1116.59 391.94 32.89 55.77 0 0.443335 1137.01 201.09 26.09 42.65 0 0.429856 876.92 54.14 37.28 18.57 0 0.415994 1122.76 295.17 28.98 49.07 0 0.379082 1264.22 418.55 69.30 42.95 1 0.352744 840.89 241.32 32.01 28.77 0 0.344154 842.71 213.60 40.94 28.81 0 0.342104 1131.65 256.55 26.90 43.88 0 0.284914 573.18 171.65 13.05 17.56 2 0.284558 1248.23 590.62 44.69 113.22 1 0.268017 739.37 132.27 39.50 31.77 1
19,0.778502 424.39 951.31 45.46 94.23 1 0.677737 792.77 404.02 25.15 51.31 0 0.650664 1656.30 498.47 34.82 54.57 0 0.597318 1646.05 157.65 43.58 25.38 0 0.591796 571.74 513.07 27.67 54.92 0 0.583675 1010.92 387.47 30.92 51.50 0 0.582724 1583.13 581.15 30.10 52.03 0 0.578647 137.83 794.53 64.59 29.09 0 0.571904 1628.38 504.87 30.97 54.14 0 0.571883 598.82 938.76 36.22 69.83 0 0.546577 939.29 389.77 29.08 53.17 0 0.537161 1691.78 699.96 30.17 55.79 0 0.531886 1657.90 841.43 36.40 65.95 0 0.529176 906.68 395.59 28.32 52.39 0 0.526554 1553.16 458.77 33.37 59.30 0 0.516853 1079.23 383.97 29.75 52.78 0 0.508935 939.48 263.76 27.97 46.52 0 0.507683 699.07 376.21 45.63 29.50 0 0.489642 574.16 662.26 41.29 107.93 1 0.477276 1528.55 408.54 37.06 44.47 0 0.470214 562.39 439.55 33.22 60.75 1 0.469887 1525.17 401.52 36.99 43.74 0 0.466111 1719.56 152.61 36.99 25.17 0 0.464343 1565.62 525.93 32.17 53.31 0 0.464335 1699.62 767.46 38.38 65.45 0 0.456750 584.53 780.69 37.57 85.59 1 0.451400 1682.60 700.70 39.37 61.61 0 0.447231 878.51 396.77 26.14 51.14 0 0.446389 978.47 390.40 28.11 51.46 0 0.444343 1.80 817.08 63.37 29.67 0 0.441620 1645.70 569.78 35.90 57.13 0 0.436519 427.32 902.47 29.95 68.77 0 0.429647 931.33 234.37 40.62 23.01 0 0.428128 1668.39 631.49 40.76 62.55 1 0.427750 759.03 249.04 40.14 27.32 0 0.424938 1699.55 152.08 46.37 27.52 0 0.423111 647.28 282.05 54.77 42.66 0 0.420990 782.49 185.56 65.79 35.43 1 0.420485 272.06 792.45 47.73 27.99 0 0.418038 1588.79 389.32 32.88 57.40 0 0.415697 1150.13 379.24 32.34 52.20 0 0.414542 594.23 864.18 31.20 64.26 0 0.407848 1609.21 451.40 36.01 50.46 0 0.405161 748.03 250.21 40.25 31.17 0 0.403276 932.96 464.25 41.39 34.21 0 0.399239 1563.28 283.42 35.75 50.10 0 0.395823 1016.79 383.03 32.20 53.63 0 0.394067 581.73 716.40 33.40 83.71 1 0.385181 846.67 404.65 26.27 49.46 0 0.381442 1748.28 153.29 41.01 24.67 0 0.375544 1762.43 152.82 40.78 24.45 0 0.374277 1617.19 707.72 31.35 59.44 0 0.371582 220.67 786.49 62.90 28.91 0 0.371514 941.76 461.62 45.25 32.83 0 0.370761 1635.92 773.45 41.04 65.69 0 0.366914 1667.10 631.79 37.00 60.82 0 0.362788 862.12 235.84 52.10 26.70 0 0.355397 1009.83 252.51 25.30 49.23 0 0.348516 838.69 624.79 57.73 31.03 0 0.347605 1605.36 645.74 32.21 47.83 0 0.341590 1513.70 344.19 36.70 57.03 0 0.340594 1115.74 386.31 27.95 49.38 0 0.337234 1503.49 284.32 30.17 55.64 0 0.337117 1684.41 565.81 33.42 53.81 0 0.322441 1654.97 155.15 49.52 28.69 0 0.318888 842.81 762.38 35.78 69.88 0 0.316711 856.47 400.85 27.18 48.97 0 0.314906 759.72 284.77 24.49 37.26 0 0.314145 1605.34 310.23 31.67 50.22 0 0.313529 1536.33 724.63 37.15 67.18 0 0.301828 1119.16 245.51 26.22 41.57 0 0.300735 809.71 245.55 41.82 23.80 0 0.297932 822.67 404.96 22.88 48.62 0 0.297095 1002.92 224.36 36.69 25.61 0 0.295326 1144.73 241.12 27.76 44.19 0 0.284565 1709.93 770.51 36.43 57.20 0 0.281087 1697.79 757.79 34.94 63.26 0 0.273750 1600.76 293.42 32.49 59.92 1 0.272663 589.11 846.61 37.86 75.19 1 0.270607 583.79 771.08 33.21 70.97 1 0.261828 939.54 232.28 38.29 25.93 0
20,0.470205 1073.43 247.97 15.38 14.39 3 0.361339 165.23 697.17 25.38 22.39 3 0.355191 341.23 396.81 15.90 13.39 2 0.301632 922.16 645.30 15.88 23.13 2 0.295828 205.35 516.05 14.44 16.43 2 0.290140 1028.04 615.11 20.69 26.67 2 0.269463 330.03 274.50 18.72 21.00 2 0.262059 907.95 340.82 19.61 27.87 2
21,0.485384 471.13 276.15 17.34 26.20 2 0.476570 944.65 290.35 14.99 38.72 1 0.262733 1169.95 163.23 29.62 15.39 0 0.257608 841.12 311.05 10.96 15.83 2
22,0.685805 614.22 329.87 26.32 47.85 0 0.668245 725.67 293.00 22.78 40.61 0 0.659673 817.96 408.23 24.67 46.21 0 0.652752 649.89 107.08 26.09 53.28 0 0.645145 598.41 102.67 28.43 56.86 0 0.643087 1437.17 280.27 30.94 28.35 0 0.638168 720.90 110.04 24.43 49.28 0 0.621760 1558.78 693.74 35.99 50.74 0 0.618881 702.77 293.64 20.42 37.91 0 0.569076 674.57 112.41 24.80 49.14 0 0.559735 671.13 333.61 26.26 44.73 0 0.551376 438.16 427.97 23.64 41.29 0 0.543996 1817.29 465.60 61.19 25.42 0 0.539962 745.12 109.14 25.61 51.83 0 0.538363 908.16 492.89 26.63 17.64 3 0.534920 443.20 333.42 32.60 39.98 0 0.534560 756.67 408.99 28.70 48.20 0 0.525485 418.67 332.93 33.12 41.46 0 0.524712 593.84 293.66 23.18 37.88 0 0.524046 796.29 118.45 22.00 46.31 0 0.514230 1628.95 464.03 53.92 23.68 0 0.492722 402.52 97.07 28.49 35.69 0 0.492040 1419.78 191.69 24.16 43.66 1 0.480552 1509.49 679.55 26.87 41.48 0 0.479191 554.38 110.64 24.80 51.42 0 0.476485 533.01 214.29 23.48 45.27 0 0.472321 1127.18 38.32 38.20 20.61 0 0.470358 974.74 29.60 42.45 23.35 0 0.461155 527.71 118.23 24.79 42.37 0 0.459556 702.46 414.20 23.50 49.82 0 0.459433 584.42 419.70 27.92 45.25 0 0.450770 582.29 217.64 27.05 41.19 0 0.449463 652.32 97.38 28.49 59.28 0 0.449386 677.89 294.52 24.15 38.53 0 0.445349 738.92 210.17 23.94 49.64 0 0.444877 760.93 291.59 25.96 41.39 0 0.442287 1455.80 315.67 30.23 37.62 0 0.441852 685.48 210.91 25.63 46.29 0 0.440373 374.88 167.92 28.76 36.56 0 0.435366 1460.25 675.98 27.00 36.65 0 0.393285 557.24 421.96 26.77 43.12 0 0.391436 1392.60 275.98 25.17 39.62 0 0.384795 1623.42 835.88 33.24 52.66 1 0.384740 1414.74 178.28 27.83 42.90 1 0.384187 728.91 413.46 26.09 47.61 0 0.383013 1621.03 466.37 56.55 25.41 0 0.375711 1076.45 35.48 32.23 18.77 0 0.374359 780.65 291.24 25.45 38.56 0 0.372110 584.94 331.60 29.86 46.16 0 0.369358 467.43 424.39 28.39 44.34 0 0.366398 1683.94 467.77 51.20 22.59 0 0.366067 424.96 61.11 24.48 35.44 0 0.363175 576.42 184.02 29.81 32.91 0 0.358638 715.58 184.28 20.75 39.45 0 0.357122 1429.06 244.64 30.12 29.65 0 0.356894 502.93 219.24 24.78 43.21 0 0.356867 302.78 339.67 29.84 36.46 0 0.352779 976.70 34.62 48.59 22.01 0 0.352718 613.12 420.58 27.19 41.75 0 0.347667 788.40 36.01 25.45 42.11 0 0.347081 1610.38 636.47 28.00 26.21 3 0.346438 1633.72 685.38 20.74 22.68 3 0.341588 355.22 207.83 37.04 39.99 0 0.339020 670.13 100.52 24.28 57.12 0 0.338843 606.92 35.57 21.63 34.86 0 0.332913 390.20 136.61 31.89 37.62 0 0.331504 1289.71 173.32 24.15 39.36 0 0.323607 342.29 250.43 31.52 36.35 0 0.322688 1575.57 564.60 48.51 30.59 0 0.319856 535.77 31.35 25.66 41.16 0 0.317257 786.50 195.03 27.77 69.16 1 0.317187 739.14 187.09 22.24 37.41 0 0.308807 1702.47 550.51 61.03 30.02 0 0.307848 663.60 219.60 26.64 42.17 0 0.306779 830.06 33.19 28.15 52.14 1 0.303469 1004.82 450.77 68.15 28.85 0 0.302520 321.62 296.33 30.83 41.49 0 0.289832 830.31 36.52 26.90 52.15 0 0.288109 758.92 204.04 25.54 59.25 0 0.285082 1316.27 295.34 25.43 43.81 0 0.279866 790.37 182.33 25.22 59.65 0 0.266305 1426.63 238.58 32.81 31.86 0 0.263854 736.23 189.12 24.60 47.74 0 0.262697 746.36 293.34 25.83 40.66 0 0.259252 688.49 191.50 24.96 46.02 0 0.259180 383.75 147.52 33.48 39.67 0 0.257162 767.54 182.01 22.54 44.15 0
23,0.690551 1105.91 447.44 29.45 38.93 0 0.683635 1129.58 489.92 30.83 34.52 0 0.647152 350.91 615.32 31.01 51.93 0 0.634291 169.19 673.70 33.19 52.06 0 0.627274 396.55 368.37 36.21 67.63 1 0.623896 452.76 741.77 36.41 61.94 0 0.621077 235.35 421.41 30.18 55.12 0 0.617985 122.39 453.39 29.43 51.39 0 0.583497 324.10 623.61 28.02 48.77 0 0.581789 307.89 989.57 37.35 69.09 0 0.578486 475.71 912.93 38.84 67.56 0 0.569813 229.03 824.82 33.57 53.33 0 0.569420 421.97 749.66 29.69 63.24 0 0.568075 421.33 631.89 41.40 76.14 1 0.566687 61.20 610.81 31.75 53.35 0 0.559877 339.83 843.77 36.09 67.08 0 0.548453 305.10 532.98 30.46 56.89 0 0.536445 358.22 778.31 30.73 50.12 0 0.533848 238.00 1015.07 32.02 61.75 0 0.525721 234.97 880.49 33.35 68.40 0 0.525403 273.72 1003.15 32.30 71.62 0 0.523563 137.88 680.93 29.20 52.56 0 0.521632 20.14 955.25 37.16 71.37 0 0.520217 32.25 474.98 35.91 58.63 0 0.517608 57.75 942.63 39.77 74.04 0 0.516974 272.16 873.37 34.82 60.67 0 0.511975 559.96 320.16 50.26 24.54 0 0.509194 336.07 528.75 30.25 53.22 0 0.491520 1361.70 790.01 58.07 40.99 0 0.489021 276.44 698.42 32.94 60.18 0 0.487672 158.26 579.75 32.40 57.82 0 0.486129 1180.47 659.33 31.39 58.52 0 0.480761 410.38 942.60 35.33 61.99 0 0.473429 296.02 633.18 29.26 55.79 0 0.472045 1767.91 478.11 45.24 36.59 0 0.470469 181.81 440.74 30.33 49.81 0 0.469120 219.95 559.60 32.57 60.49 0 0.460969 306.64 687.37 32.08 56.94 0 0.459644 441.96 926.21 32.09 64.27 0 0.457620 1154.91 534.54 39.40 34.01 0 0.448363 1037.16 326.19 31.31 32.24 0 0.446534 1362.87 992.94 54.09 60.56 0 0.446361 1101.79 33.98 32.22 25.17 0 0.446135 250.48 558.96 30.13 52.71 0 0.442555 397.07 512.12 32.57 54.85 0 0.433427 545.27 889.13 34.82 51.02 0 0.430320 211.22 512.01 31.58 59.57 0 0.427228 1158.29 341.68 39.76 23.97 0 0.427110 785.30 849.39 59.20 38.89 0 0.419989 349.05 393.47 30.59 54.62 0 0.417205 1678.91 515.69 42.94 34.50 0 0.408672 863.67 815.25 72.01 37.62 1 0.408531 724.59 277.86 58.67 24.43 0 0.408142 1078.90 39.65 36.39 26.33 0 0.396204 924.39 374.66 32.29 26.82 0 0.393921 399.43 649.77 32.54 67.69 1 0.388493 1082.65 403.80 26.26 34.60 0 0.386433 388.87 768.80 32.62 57.31 0 0.379024 178.29 720.70 35.25 60.18 0 0.376645 1824.79 455.97 55.91 31.02 0 0.371550 96.73 606.78 31.63 53.91 0 0.370272 1449.82 726.39 47.16 27.86 0 0.369436 330.63 790.28 31.06 50.13 0 0.365572 731.35 277.07 62.38 23.25 0 0.364838 155.06 571.27 32.80 63.03 0 0.360932 1192.52 15.78 21.10 31.71 0 0.355192 1525.76 578.62 47.30 37.62 0 0.355029 1632.02 83.88 20.88 28.69 0 0.351031 383.89 610.97 32.66 55.58 0 0.345704 1016.12 294.43 36.01 25.05 0 0.342406 1688.01 509.35 46.98 36.23 0 0.340807 427.08 638.62 39.83 72.95 1 0.339381 1718.30 500.62 41.57 32.33 0 0.335108 234.97 651.82 27.67 51.99 0 0.331645 401.45 643.55 42.63 72.77 1 0.330245 1728.54 139.24 25.89 26.65 0 0.325921 996.37 200.02 26.78 27.31 0 0.319533 1384.93 315.35 23.27 39.01 0 0.313156 1737.93 487.46 42.20 36.03 0 0.310848 903.94 323.73 32.50 44.77 0 0.307744 1231.45 10.21 23.27 31.34 0 0.303055 360.26 1047.41 23.66 31.09 3 0.302854 549.90 891.18 33.34 55.46 0 0.302559 995.33 502.70 33.73 45.61 0 0.301264 1722.98 496.17 43.50 36.26 0 0.300272 417.21 592.39 34.33 49.68 0 0.299309 394.54 766.82 29.58 52.57 0 0.297047 1532.26 575.35 48.17 34.07 0 0.294252 301.91 626.84 34.99 53.17 0 0.293968 971.68 460.09 35.61 36.15 0 0.291798 1380.09 640.07 36.11 30.56 0 0.288929 236.81 559.40 35.26 55.22 0 0.287332 952.03 177.85 31.55 36.00 0 0.282787 405.82 594.50 41.00 60.33 0 0.279373 1170.39 124.06 23.41 30.01 0 0.278768 1624.97 543.00 34.04 33.25 0 0.278250 1405.03 257.15 32.00 18.71 0 0.275066 85.73 790.83 31.41 36.34 0 0.274964 170.57 677.16 35.03 70.11 0 0.268610 374.96 322.40 25.43 22.36 0 0.268487 1057.99 366.89 33.02 33.27 0 0.266785 990.80 243.58 31.06 26.79 0 0.266199 147.35 536.72 33.16 41.13 0 0.262148 1122.68 27.03 22.68 29.73 0 0.255456 232.76 868.48 37.27 69.16 0 0.253324 408.13 1021.34 22.70 32.88 3 0.251235 1357.27 647.31 32.61 32.33 0
24,0.676253 766.49 290.61 22.68 50.04 0 0.666859 990.23 722.14 72.00 32.81 0 0.642726 1485.61 509.43 32.14 38.34 0 0.639786 644.82 504.21 27.66 46.70 0 0.637777 549.39 273.30 29.83 55.91 0 0.634724 669.24 367.95 27.22 44.27 0 0.633267 604.33 281.78 26.55 49.79 0 0.628294 766.78 659.02 29.14 56.15 0 0.627933 697.59 369.00 24.20 43.39 0 0.624596 603.36 414.22 25.78 52.21 0 0.607561 698.07 658.19 31.60 57.53 0 0.605077 1656.44 477.18 31.22 45.03 0 0.593683 678.39 504.80 25.90 48.94 0 0.588350 748.13 406.31 36.83 67.05 1 0.581252 528.30 359.09 26.70 40.54 0 0.580857 664.28 659.43 28.90 56.32 0 0.579962 521.02 502.67 30.17 46.65 0 0.579547 632.04 411.87 30.25 50.14 0 0.576691 643.41 367.62 23.40 41.05 0 0.576102 519.70 404.75 30.59 46.87 0 0.572209 582.89 364.70 29.29 42.14 0 0.571770 364.99 668.65 41.36 60.49 0 0.570526 1639.55 899.80 70.00 68.27 0 0.563334 606.02 549.66 35.03 62.87 0 0.563016 973.36 176.84 50.10 26.79 0 0.559133 542.94 553.13 30.61 54.88 0 0.557251 709.03 507.24 25.51 48.29 0 0.553228 411.34 73.73 24.65 38.19 0 0.546356 467.96 664.64 31.57 53.49 0 0.540373 500.27 666.04 29.68 54.38 0 0.535285 503.63 362.74 21.96 39.96 0 0.534884 332.21 246.55 34.26 41.31 0 0.530408 733.02 505.84 27.77 49.98 0 0.519498 1730.63 85.88 19.58 21.59 0 0.518234 512.13 553.56 34.22 58.67 0 0.516204 1077.67 183.90 50.34 24.37 0 0.513040 353.77 544.61 32.18 53.37 0 0.506770 323.80 547.42 30.98 50.58 0 0.504863 631.25 284.78 27.29 48.33 0 0.499087 533.01 665.91 28.56 52.15 0 0.499017 1628.84 72.97 19.31 27.23 0 0.490751 359.10 198.70 30.14 41.89 0 0.490519 1078.75 179.21 43.40 26.40 0 0.485979 632.88 658.46 32.91 58.76 0 0.484881 1697.46 760.26 60.31 29.06 0 0.484491 1433.74 285.09 26.31 36.32 0 0.480500 1659.83 8.82 23.66 30.59 0 0.474545 569.43 170.85 26.57 41.51 0 0.472159 811.98 175.71 29.54 60.58 1 0.470895 975.26 180.32 54.48 28.62 0 0.467737 616.09 504.48 27.71 45.61 0 0.465663 194.92 555.74 30.61 40.75 0 0.460884 1676.37 75.87 17.71 27.66 0 0.460739 1343.49 523.32 27.27 58.95 0 0.455308 696.26 412.24 27.10 50.31 0 0.453177 710.33 274.50 26.97 57.01 0 0.450085 328.74 669.76 35.40 57.59 0 0.443514 313.98 299.64 33.41 36.03 0 0.440103 1783.51 89.05 20.50 30.55 0 0.437337 1806.60 17.18 29.71 27.92 0 0.435890 494.95 280.77 24.69 44.73 0 0.434323 1676.16 993.95 27.45 32.24 3 0.433175 913.90 135.65 20.04 18.06 0 0.432928 1704.60 79.15 18.00 26.85 0 0.425670 462.58 405.19 28.93 47.99 0 0.420031 1443.80 329.57 27.98 33.04 0 0.417853 1782.29 14.42 19.84 29.56 0 0.412869 608.45 174.83 26.21 40.43 0 0.410196 536.65 659.99 32.39 56.48 0 0.405795 1498.91 557.48 38.98 41.05 0 0.404686 764.63 175.96 26.29 53.19 0 0.403986 290.90 340.60 39.00 37.83 0 0.403377 268.08 385.23 40.92 39.80 0 0.403003 249.29 442.46 34.93 39.83 0 0.398942 1841.61 91.47 22.18 27.39 0 0.396793 725.26 368.62 26.61 44.24 0 0.394055 296.69 332.65 36.00 40.64 0 0.388521 487.78 165.96 28.78 47.36 0 0.386761 684.52 276.84 25.75 51.91 0 0.369839 1744.18 12.76 30.47 29.78 0 0.368907 1317.89 350.26 28.39 66.83 0 0.359694 1465.58 407.60 23.43 42.52 1 0.359653 1723.78 18.14 36.11 26.26 0 0.358850 958.78 136.94 27.26 17.78 0 0.358139 1756.86 885.05 81.86 34.09 0 0.357683 678.72 277.44 29.11 54.24 0 0.351118 1580.61 932.51 40.75 62.38 0 0.350795 615.54 172.84 25.67 42.13 0 0.345276 220.23 493.37 34.87 54.07 0 0.333613 1677.85 1013.42 26.69 29.77 3 0.333497 429.42 396.93 28.04 43.68 0 0.327523 749.08 408.12 32.28 64.44 0 0.326992 752.97 375.24 32.45 81.63 1 0.326535 1861.48 425.86 39.14 26.65 0 0.326143 588.50 361.46 27.33 42.30 0 0.325703 1765.90 759.95 37.41 29.80 0 0.322640 1447.80 331.56 27.45 35.74 0 0.322037 717.59 415.47 27.71 58.06 0 0.320614 769.14 294.27 23.04 49.51 0 0.315450 1648.21 73.74 20.95 26.47 0 0.313085 1624.98 187.16 45.06 24.58 0 0.312902 1454.64 371.47 28.68 31.13 0 0.304440 662.77 174.58 27.70 50.37 0 0.300071 815.35 126.99 21.46 24.51 0 0.296157 1421.61 230.20 32.64 34.63 1 0.295041 465.80 287.90 25.85 37.07 0 0.293975 610.92 518.34 29.60 66.37 0 0.289983 1143.43 187.57 37.19 25.33 0 0.287457 719.67 158.01 15.76 24.21 3 0.286658 1810.08 17.54 32.35 25.51 0 0.282609 1663.60 476.40 31.39 43.34 0 0.274837 1708.96 14.13 32.56 25.69 0 0.262648 719.37 413.71 33.79 58.09 0 0.250187 1471.40 279.23 27.51 32.57 0
25,0.561883 186.77 156.96 53.79 32.04 0 0.505824 77.53 291.31 53.69 36.81 0 0.503344 50.84 296.67 58.22 40.47 0 0.494555 637.57 7.07 40.02 24.89 0 0.483745 392.24 1.81 41.01 23.72 0 0.437837 47.19 299.97 49.82 36.65 0 0.417885 88.78 85.47 42.30 26.21 0 0.397005 0.00 111.25 35.57 24.25 0 0.387465 576.86 203.24 33.19 49.81 0 0.365271 440.53 65.45 43.11 22.89 0 0.362343 61.00 291.95 70.70 42.87 0 0.342753 171.75 566.57 11.71 16.40 2 0.298808 286.00 33.03 38.23 22.61 0 0.284169 183.87 682.65 14.64 15.07 2 0.255016 90.33 81.31 42.64 25.40 0 0.251261 583.07 204.21 29.64 53.59 0
26,0.451123 857.44 499.66 21.44 22.81 2 0.415179 590.62 0.00 15.27 19.19 2 0.283220 1070.57 157.63 19.42 23.18 2 0.261703 1034.27 210.38 22.00 20.47 2
27,0.572088 613.66 751.07 50.19 68.52 1 0.498399 336.00 245.02 49.48 29.86 0 0.477746 272.04 222.55 50.67 28.63 0 0.459503 548.60 327.95 42.76 31.43 0 0.456119 933.59 417.13 37.21 26.23 0 0.453109 959.32 309.38 21.75 42.31 0 0.400853 584.85 842.46 37.20 56.58 0 0.390926 322.70 395.77 64.74 36.42 0 0.386747 563.33 382.98 46.49 29.59 0 0.383683 430.55 275.63 38.34 32.39 0 0.372180 580.82 844.25 36.98 68.09 0 0.371341 943.41 413.79 38.44 26.75 0 0.361586 391.45 264.95 47.82 31.71 0 0.344540 17.03 1053.70 61.31 26.30 0 0.328908 0.62 414.90 53.18 75.04 0 0.324005 0.04 108.37 43.41 26.40 0 0.321467 956.68 193.70 28.18 39.04 0 0.320381 580.39 161.88 53.06 31.29 0 0.316615 963.05 290.45 24.63 42.61 0 0.314367 853.73 542.41 42.95 30.26 0 0.312265 465.71 441.95 48.60 36.96 0 0.302535 941.31 79.21 26.48 33.15 0 0.302479 0.00 110.75 47.62 29.12 0 0.291298 520.32 470.63 50.45 33.32 0 0.286766 502.89 306.41 40.55 29.95 0 0.281535 845.23 298.32 27.88 42.58 0 0.280686 962.88 24.23 22.82 45.81 0 0.279484 562.63 376.57 44.36 32.40 0 0.279120 268.29 363.41 45.85 40.14 0 0.277684 97.66 1001.23 93.74 53.15 1 0.275094 918.12 126.70 28.11 53.67 0 0.272967 214.60 349.41 65.03 40.00 0 0.271602 442.50 283.40 42.57 34.73 0 0.269734 449.36 435.27 53.37 38.98 0 0.265871 1035.51 265.94 42.53 30.26 0 0.264114 633.03 0.00 38.87 29.95 0 0.260537 1060.60 197.16 47.11 27.68 0 0.259772 406.36 418.15 50.38 37.73 0 0.259066 212.42 342.41 59.53 37.13 0 0.252852 23.60 1039.10 62.71 37.22 0
28,0.568204 524.62 440.15 14.59 22.02 2 0.556784 682.42 655.81 18.68 26.29 2 0.469003 490.09 437.14 14.91 24.64 2 0.441037 450.91 382.36 15.42 18.83 2 0.379058 600.00 627.13 20.34 25.00 2 0.335225 583.04 563.65 15.78 21.31 2 0.308780 316.70 395.15 17.96 23.58 2 0.300011 450.50 473.57 25.30 29.75 2 0.299894 450.52 385.68 16.07 19.33 2 0.297601 515.12 341.36 18.02 15.86 2 0.291714 398.16 355.62 17.06 20.10 2 0.286142 398.26 418.72 21.25 29.89 2 0.274727 456.62 481.71 21.79 29.35 2 0.270795 507.40 445.95 15.90 28.37 2
29,0.408966 277.51 39.92 39.10 22.23 0 0.379233 328.90 23.45 40.99 24.15 0 0.373533 458.01 148.56 55.87 27.01 0 0.317848 373.74 5.51 44.40 26.60 0 0.294603 366.82 9.17 49.28 27.05 0 0.277717 427.48 163.31 57.42 26.53 0
30,0.404355 389.91 182.13 67.29 30.59 1 0.313964 1013.88 200.85 30.39 25.64 1 0.286261 976.75 546.70 15.28 39.56 1 0.276833 993.69 147.12 21.97 19.68 0
31,0.666171 1436.38 414.97 32.31 32.36 0 0.598480 188.37 973.46 61.12 82.78 1 0.556731 908.72 388.49 26.69 33.82 0 0.506211 768.85 107.30 18.93 34.66 0 0.490802 382.79 61.80 27.89 35.01 0 0.481284 25.90 634.87 38.14 25.66 0 0.479189 842.84 561.56 44.25 31.96 0 0.474854 76.02 690.58 53.40 67.14 1 0.469224 1161.56 966.95 44.45 35.44 0 0.460398 1.57 699.97 48.48 29.50 0 0.454739 667.79 436.25 33.60 27.98 0 0.450674 134.92 949.32 45.66 66.50 0 0.445759 815.59 199.09 27.87 27.20 0 0.445297 51.81 887.01 50.94 51.75 0 0.429431 1404.02 437.88 34.57 33.83 0 0.425501 348.80 510.85 45.02 31.29 0 0.424882 641.26 514.83 36.72 42.97 0 0.422925 890.38 54.85 19.43 30.77 0 0.421134 101.54 968.70 39.37 58.78 0 0.420962 1771.09 123.32 30.80 27.45 0 0.417674 1222.94 33.10 32.58 27.09 0 0.411974 906.68 629.45 43.73 30.61 0 0.411237 404.57 481.43 60.74 34.14 0 0.404191 42.33 1012.27 36.82 57.09 0 0.404055 764.64 28.15 27.56 31.39 0 0.401386 29.78 729.42 37.10 54.24 0 0.399274 1382.18 460.85 33.56 35.97 0 0.397495 803.94 517.43 38.38 32.65 0 0.394726 745.52 450.49 31.44 31.17 0 0.394505 598.66 87.38 27.08 20.60 0 0.394282 1479.92 368.93 41.33 42.34 0 0.391259 243.40 570.38 59.08 33.99 0 0.390090 670.00 373.92 37.68 33.62 1 0.389069 1264.48 567.26 34.54 34.96 0 0.383509 608.37 480.83 36.79 42.05 0 0.381994 1180.04 639.06 27.33 36.88 0 0.381010 977.19 472.43 31.81 37.33 0 0.380851 707.39 410.93 34.04 34.85 1 0.380280 67.21 994.71 44.15 53.12 0 0.378781 715.13 59.98 29.62 22.02 0 0.374025 746.60 110.07 22.56 29.16 0 0.373998 673.96 556.55 35.84 42.24 0 0.371835 1296.45 538.19 34.33 28.02 0 0.371833 700.76 140.12 28.56 27.56 0 0.371190 175.91 984.06 56.18 83.34 1 0.362745 666.89 12.61 31.45 28.11 0 0.359737 652.51 459.62 33.39 30.78 0 0.348962 872.16 592.56 41.58 31.81 0 0.344367 715.17 997.07 58.26 53.09 1 0.333066 49.38 879.03 46.70 54.96 0 0.325679 238.54 573.28 61.51 38.46 0 0.323905 692.98 6.59 33.26 25.10 0 0.318239 87.24 692.32 51.83 64.63 1 0.318112 726.00 101.25 24.31 23.86 0 0.315308 870.52 62.34 21.10 33.42 0 0.312833 811.48 8.85 33.86 25.81 0 0.311684 1334.80 504.31 33.94 31.16 0 0.310630 411.18 479.45 63.68 31.40 0 0.308116 114.56 834.21 47.37 68.34 0 0.306056 35.25 888.15 59.31 64.48 0 0.305879 654.97 467.89 34.74 31.06 0 0.305089 788.76 97.76 19.82 31.41 0 0.304029 782.73 688.27 48.98 45.30 0 0.302152 1805.48 91.94 28.83 25.36 0 0.295790 749.50 649.33 47.25 42.74 0 0.295463 1333.72 700.38 47.90 64.63 1 0.293149 1171.99 818.64 50.20 27.10 0 0.292771 528.19 224.06 30.13 30.81 1 0.292284 1259.93 571.71 32.03 34.46 0 0.290620 766.76 8.94 24.81 30.70 0 0.289628 137.34 942.38 41.60 56.52 0 0.289461 738.84 636.33 50.09 41.59 0 0.287102 1376.07 467.06 31.10 33.05 0 0.286449 914.75 106.98 36.81 25.79 0 0.279696 165.89 920.98 45.54 68.17 0 0.278736 715.81 603.49 41.66 39.10 0 0.276397 1464.54 381.95 36.07 38.61 0 0.275852 75.54 988.14 37.13 57.33 0 0.273991 21.96 891.68 50.03 65.55 0 0.272428 713.77 136.20 25.72 25.80 0 0.271137 743.16 120.36 20.02 29.06 0 0.266459 694.02 41.49 32.26 21.74 0 0.266179 869.53 66.97 23.76 33.67 0 0.265536 539.09 117.83 38.80 33.99 0 0.262313 1255.59 55.21 29.54 27.18 0 0.261350 1072.14 365.05 26.38 30.28 0 0.259637 808.20 92.41 22.06 31.44 0 0.256417 564.73 258.66 27.88 29.88 1 0.254382 567.62 262.29 28.06 30.28 1 0.253772 867.75 586.64 43.21 32.04 0
32,0.516048 684.58 720.68 42.29 39.54 0 0.506093 585.28 675.22 44.40 28.97 0 0.505737 631.98 702.43 39.70 30.83 0 0.483634 363.98 233.24 29.50 33.17 0 0.477022 268.10 500.99 57.70 41.57 1 0.445671 1068.31 976.15 93.69 45.60 0 0.434176 763.74 18.54 36.34 25.70 0 0.423447 995.19 823.93 48.49 26.22 0 0.422343 562.47 829.76 57.75 44.15 0 0.422198 329.66 152.94 38.61 33.89 0 0.418862 446.48 601.48 45.38 31.20 0 0.408848 621.24 798.06 48.30 35.31 0 0.394768 738.42 13.44 38.72 26.38 0 0.392788 438.79 177.34 27.92 35.85 0 0.390702 1094.01 392.27 29.36 24.44 0 0.390668 371.60 519.50 32.99 30.86 0 0.384666 1002.28 553.45 30.98 31.64 0 0.380580 379.45 222.43 27.51 31.86 0 0.375989 1052.55 473.18 32.24 24.97 0 0.374723 757.88 418.96 34.27 25.22 0 0.372661 1140.35 308.99 28.03 40.81 0 0.366363 1079.33 424.66 32.67 24.80 0 0.365852 399.53 576.01 44.60 29.48 0 0.365180 617.56 790.92 51.56 34.07 0 0.362763 399.62 201.31 25.19 32.54 0 0.359054 334.92 144.56 42.31 31.87 0 0.357331 328.76 131.25 35.20 34.77 0 0.354930 321.20 266.01 31.69 29.77 0 0.347545 305.70 681.63 57.03 39.44 0 0.344692 69.71 449.60 35.88 23.17 0 0.343354 910.64 80.38 35.28 25.26 0 0.343071 398.03 727.32 50.68 48.02 0 0.328860 257.55 495.97 56.00 36.78 1 0.324585 938.06 785.08 34.29 44.32 0 0.324409 90.72 730.92 48.36 54.95 0 0.319683 450.13 168.92 32.34 37.40 0 0.319213 84.97 737.93 42.64 51.51 0 0.316755 471.58 151.33 26.80 30.42 0 0.309796 613.44 787.41 44.79 32.47 0 0.301093 312.17 275.74 33.98 31.68 0 0.298308 310.68 150.02 37.50 33.73 0 0.291728 1073.73 433.42 29.50 26.57 0 0.291164 807.26 38.41 33.51 26.90 0 0.289434 851.13 879.45 51.85 31.53 0 0.288912 260.43 182.15 29.44 25.31 0 0.286974 841.73 59.37 35.64 23.21 0 0.284862 355.01 237.15 31.59 30.20 0 0.281853 494.28 622.93 43.44 32.64 0 0.278112 523.37 638.64 39.45 32.30 0 0.273674 1026.70 724.53 23.44 39.41 0 0.273568 694.44 5.08 37.92 23.44 0 0.265461 81.00 747.65 43.76 45.95 0 0.254886 1034.43 702.56 24.06 39.86 0 0.252224 395.58 106.15 30.68 30.47 0 0.251613 538.43 645.65 35.14 33.58 0 0.251313 532.71 640.89 40.41 35.24 0 0.250149 703.45 38.02 33.34 25.31 0
33,0.561555 1089.97 329.03 35.68 55.00 1 0.554131 1105.86 154.03 27.15 39.65 0 0.544810 1052.15 625.87 34.21 61.65 0 0.538389 1067.87 483.12 31.54 53.18 0 0.488230 568.88 605.84 64.06 33.51 0 0.476310 1103.80 205.68 24.53 42.73 0 0.474238 826.11 169.84 36.68 27.75 0 0.468626 1094.82 290.00 23.26 40.62 0 0.460791 1213.72 510.15 45.97 109.65 1 0.402621 853.22 9.92 37.87 24.56 0 0.383152 1097.90 245.41 24.77 38.29 0 0.341811 724.99 93.67 40.20 37.03 1 0.304564 817.76 194.53 35.31 30.14 0 0.283442 849.48 15.28 41.25 22.38 0
34,0.558481 742.82 577.88 13.32 16.24 2 0.479003 659.74 507.51 10.83 15.67 2 0.427502 1241.53 159.75 32.94 59.20 0 0.425259 1007.60 582.75 13.46 17.24 2 0.344720 358.02 268.10 15.03 28.78 2 0.310478 490.40 389.09 12.55 16.49 2 0.298303 524.84 188.97 11.96 17.22 2 0.289665 1227.05 162.86 41.10 60.81 0 0.266345 565.27 456.25 15.56 22.45 2
35,0.653101 587.17 680.33 39.60 72.54 1 0.585363 171.63 194.79 57.25 29.37 0 0.568887 913.38 103.09 58.61 28.11 0 0.531730 568.87 781.13 33.58 55.75 0 0.516510 733.92 155.16 30.65 62.35 0 0.480869 570.39 773.13 33.37 55.92 0 0.469659 482.11 254.15 61.75 43.46 0 0.460464 368.38 237.71 51.93 32.01 0 0.417563 419.64 60.34 64.08 37.12 0 0.416380 429.23 255.98 45.37 29.30 0 0.414328 237.91 210.10 53.79 33.01 0 0.400886 260.76 1033.33 64.96 31.34 0 0.392628 103.28 182.02 55.65 27.69 0 0.368968 68.81 325.12 64.77 37.05 0 0.361348 183.94 354.48 85.96 35.56 0 0.356661 852.96 139.65 30.45 55.31 0 0.356047 931.55 12.52 65.99 39.50 0 0.351763 131.18 1047.65 72.01 32.35 0 0.350926 909.43 294.92 25.37 31.32 3 0.348622 296.24 50.52 28.87 50.28 0 0.344139 916.95 60.20 61.88 37.11 0 0.337276 415.28 410.26 67.19 30.55 0 0.322367 0.36 965.23 19.39 39.20 0 0.306041 62.52 1033.35 64.03 29.67 0 0.301818 849.43 276.30 46.64 38.55 0 0.300397 198.98 360.30 76.63 33.05 0 0.298393 347.17 384.25 66.83 35.38 0 0.291974 457.16 1016.76 62.15 36.14 0 0.291926 300.59 219.41 34.91 33.28 0 0.283691 852.20 354.57 47.76 36.89 0 0.278795 293.39 377.29 51.34 31.77 0 0.270915 241.85 206.30 57.81 41.02 0 0.267822 259.37 1053.79 65.79 26.21 0 0.253977 66.00 320.78 59.13 36.25 0
36,0.727039 452.02 903.57 41.31 82.44 1 0.631212 867.78 356.91 23.66 48.72 0 0.606662 1123.67 343.79 30.49 50.52 0 0.592646 811.09 358.80 26.19 48.90 0 0.583972 956.58 219.84 29.63 48.42 0 0.563530 1029.63 341.97 30.89 50.38 0 0.563147 593.00 464.41 27.70 53.06 0 0.547561 1622.36 409.84 34.36 47.73 0 0.545256 1575.37 235.70 32.94 55.66 1 0.541164 1601.70 340.37 31.95 59.61 0 0.539667 956.78 351.14 27.78 47.60 0 0.539426 584.03 390.90 36.81 63.29 1 0.538749 1560.50 414.28 32.36 57.87 0 0.537922 1127.81 339.25 32.38 54.62 0 0.536875 1675.97 588.40 40.31 60.41 1 0.532811 1105.78 201.54 31.92 45.05 0 0.529516 1762.52 113.08 46.25 23.25 0 0.528334 166.55 739.04 64.37 30.07 0 0.526927 862.16 713.08 32.61 61.47 0 0.524521 622.23 884.33 35.85 69.80 0 0.520134 896.17 354.34 25.60 49.30 0 0.515591 844.67 360.39 24.59 46.89 0 0.504831 1550.60 682.18 33.79 60.93 0 0.502963 1613.57 247.64 33.30 62.04 1 0.498786 251.76 728.73 67.44 29.30 0 0.484717 627.27 962.56 35.18 102.57 1 0.474748 603.86 647.21 34.59 92.00 1 0.473840 1577.63 478.20 28.34 49.09 0 0.473595 1527.84 302.12 31.31 52.75 0 0.467557 598.01 602.07 36.54 81.58 1 0.465595 1021.85 208.91 29.84 49.68 0 0.462452 1169.76 331.04 27.71 49.76 0 0.461321 1515.54 245.09 34.37 58.02 0 0.459036 454.54 995.26 38.64 79.52 0 0.453040 1702.46 113.05 48.17 27.36 0 0.449117 1715.06 715.59 38.05 61.64 0 0.446584 29.75 760.58 70.18 32.10 0 0.439590 1750.22 718.99 44.72 64.55 0 0.423467 1626.10 658.84 34.13 58.85 0 0.422760 880.90 196.49 46.74 26.01 0 0.420511 924.07 352.06 26.01 49.11 0 0.413198 1670.22 795.26 31.65 55.72 0 0.408261 1130.03 197.74 30.32 48.77 0 0.399735 765.77 208.92 52.33 28.46 0 0.398637 1091.84 343.20 28.07 52.49 0 0.396192 1154.56 192.17 31.06 51.63 0 0.392329 1287.33 940.95 64.23 41.44 0 0.391545 597.40 610.47 39.18 101.24 1 0.387113 245.82 731.44 62.17 30.30 0 0.385406 615.41 806.72 33.95 69.00 0 0.376297 1053.36 206.42 38.24 47.64 0 0.374875 1539.56 358.66 34.56 49.81 0 0.371438 554.32 93.44 22.90 39.03 0 0.369738 1667.90 454.93 33.02 50.59 0 0.363289 986.68 344.91 28.31 51.50 0 0.362920 607.06 728.56 38.07 68.78 1 0.357153 1063.54 172.74 37.04 32.55 0 0.355837 453.17 843.36 28.21 65.51 0 0.355733 995.51 344.79 28.78 50.51 0 0.355640 1610.33 590.39 36.45 54.90 0 0.355583 939.01 418.70 54.11 35.20 0 0.348893 1628.87 421.80 32.57 43.19 0 0.342527 1694.80 649.37 37.40 59.86 0 0.338192 1616.19 253.81 36.52 60.72 1 0.327513 1576.67 205.62 35.09 70.65 1 0.320737 1135.09 548.96 60.49 34.62 0 0.320544 1063.39 205.11 36.20 50.38 0 0.318434 587.22 332.45 31.67 51.88 1 0.306539 1641.69 718.92 40.45 73.08 0 0.303815 1588.16 527.06 32.30 37.56 0 0.302497 388.55 735.88 20.46 18.71 3 0.298812 1642.31 459.03 33.84 49.68 0 0.297780 861.28 574.00 57.00 32.42 0 0.296481 1019.89 180.93 33.14 25.87 0 0.294476 976.93 127.84 46.01 28.74 0 0.283797 302.30 736.40 45.14 28.63 0 0.282658 1650.22 116.48 45.18 28.07 0 0.281073 1692.43 520.15 35.99 53.76 0 0.275480 1661.25 791.56 37.60 59.44 0 0.274819 1580.66 492.04 35.00 57.03 0 0.270298 920.36 134.10 42.73 28.14 0 0.269213 587.65 400.85 33.89 101.03 1 0.264882 605.32 674.94 33.48 84.51 1 0.257970 906.89 350.25 31.41 52.06 0 0.257721 1011.57 182.46 36.07 28.84 0 0.253407 1526.67 0.00 49.87 63.67 1
37,0.579043 167.83 0.73 54.40 28.57 0 0.518389 82.17 543.25 14.60 14.23 2 0.459267 0.00 193.66 29.37 38.22 0 0.451474 516.79 71.98 32.27 41.03 0 0.369596 531.67 86.40 29.00 44.73 0
38,0.632828 414.43 603.39 44.74 67.96 1 0.612907 471.59 879.43 35.38 61.38 0 0.602699 292.11 595.53 28.98 48.13 0 0.599552 260.16 826.56 43.71 70.82 0 0.593523 149.67 530.55 35.31 64.03 0 0.587520 395.48 334.63 35.15 66.49 1 0.585413 444.03 705.78 35.69 59.65 0 0.575843 1393.80 988.20 50.22 61.39 0 0.575313 405.95 900.56 30.92 60.61 0 0.573562 229.49 984.05 36.13 62.71 0 0.570899 170.71 684.43 33.89 59.95 0 0.567962 384.45 727.69 31.97 56.02 0 0.563810 561.34 282.12 52.33 27.46 0 0.559112 174.96 404.44 31.02 46.37 0 0.555061 217.04 782.91 35.82 58.29 0 0.554363 350.96 738.26 30.85 51.09 0 0.549640 301.18 651.28 33.68 61.32 0 0.548355 213.08 515.34 29.73 55.73 0 0.547863 328.27 488.03 31.02 55.56 0 0.544646 246.70 515.59 30.43 55.33 0 0.529688 349.68 576.96 28.65 53.42 0 0.522833 264.95 971.42 36.43 64.49 0 0.522586 390.86 470.72 31.47 54.80 0 0.519101 22.64 434.19 35.37 61.87 0 0.516791 299.59 948.36 35.26 71.75 0 0.510855 115.05 415.36 31.94 53.19 0 0.509782 1114.88 413.69 32.25 33.73 0 0.504410 226.93 833.76 34.24 71.65 0 0.493813 47.46 903.32 43.11 73.03 0 0.489188 779.87 819.15 52.09 37.45 0 0.483662 7.71 910.79 40.02 71.31 0 0.482061 361.56 1000.34 21.59 31.93 3 0.481131 275.54 653.87 38.24 63.86 0 0.479696 301.44 487.19 29.46 61.15 0 0.473786 1259.76 770.31 36.77 42.69 0 0.468974 790.60 813.86 54.68 36.20 0 0.465874 228.46 384.39 30.86 50.63 0 0.459220 377.80 566.94 34.72 55.40 0 0.455030 537.98 854.60 39.84 54.09 0 0.454716 435.82 890.50 35.70 64.26 0 0.448105 111.39 1024.91 37.37 55.09 0 0.446218 319.69 587.02 29.84 53.79 0 0.444516 1575.98 702.79 37.75 56.72 0 0.433388 948.36 367.74 33.35 47.46 0 0.432310 1373.77 753.76 69.02 47.57 0 0.431628 128.34 644.60 30.23 47.29 0 0.430241 1005.30 472.05 34.42 47.61 0 0.423740 1043.15 294.33 33.51 30.26 0 0.423150 1807.35 462.98 33.65 33.99 0 0.421350 1845.27 423.03 51.17 32.77 0 0.419692 999.00 465.32 37.34 44.02 0 0.415044 326.83 792.56 44.95 79.71 0 0.413117 158.16 633.43 28.88 53.69 0 0.408263 1540.35 542.08 48.62 35.42 0 0.406210 1346.56 807.83 35.81 54.39 0 0.404739 1165.42 494.86 34.62 37.20 0 0.399379 928.76 83.11 23.81 28.31 0 0.398428 54.29 572.35 30.02 50.03 0 0.396726 132.02 638.12 31.98 52.52 0 0.388635 664.77 257.22 40.89 23.12 0 0.386212 1135.06 455.37 33.28 31.03 0 0.386197 319.82 750.58 32.78 55.77 0 0.382174 343.03 360.19 32.78 44.98 0 0.379816 1385.45 608.18 38.58 32.46 0 0.378576 384.16 991.66 19.92 31.45 3 0.377714 1696.79 476.87 46.52 36.65 0 0.374583 419.83 717.04 33.66 57.78 0 0.367196 399.57 601.83 53.49 71.43 1 0.364460 1398.88 283.79 20.43 35.83 0 0.364454 1646.08 671.40 45.47 66.00 1 0.360913 1130.04 448.44 37.16 35.14 0 0.359247 1651.00 509.01 41.33 29.05 0 0.356928 1679.95 5.87 24.71 36.64 0 0.353732 1018.77 255.62 32.34 29.85 0 0.350736 84.04 559.05 30.35 57.07 0 0.349295 1157.64 0.00 16.47 22.37 0 0.341538 1743.77 462.39 38.94 38.84 0 0.335956 353.91 580.35 29.79 63.36 0 0.335092 1657.26 8.96 23.73 34.11 0 0.332220 1097.92 2.77 22.59 28.22 0 0.331514 1195.97 0.00 25.58 14.64 0 0.330206 1154.72 308.40 41.51 25.78 0 0.328278 978.46 423.47 36.48 37.77 0 0.326546 1182.01 0.00 24.37 19.14 0 0.326390 1383.43 908.04 51.14 47.07 0 0.319196 1626.59 0.00 36.28 19.44 0 0.319188 1788.06 453.43 40.95 31.79 0 0.317637 520.42 247.03 33.84 23.10 0 0.317487 1372.90 614.81 40.93 33.09 0 0.313567 1837.82 428.40 56.29 31.76 0 0.312365 394.23 611.36 35.77 65.57 1 0.310520 225.78 610.36 34.10 57.41 0 0.310008 1267.11 371.30 29.16 41.12 0 0.309290 1632.10 515.46 38.48 29.44 0 0.300228 1706.84 475.89 52.61 35.29 0 0.294820 425.08 714.04 37.21 56.26 0 0.293057 1064.30 329.67 35.99 30.64 0 0.292627 1475.56 689.41 50.97 32.43 0 0.292600 1714.59 470.09 45.67 36.36 0 0.289794 1645.11 50.60 26.10 29.27 0 0.287496 25.74 432.67 41.23 61.26 0 0.287397 410.46 555.79 38.02 64.59 0 0.281387 911.76 294.22 28.28 39.00 0 0.279856 1073.71 6.97 22.40 26.66 0 0.266572 724.88 247.12 42.06 22.98 0 0.263980 1684.76 49.25 27.67 26.35 0 0.258899 1324.83 979.56 29.36 44.31 0 0.258024 1459.26 695.78 49.11 36.59 0 0.257188 1596.91 688.48 46.09 61.00 0 0.256686 205.90 473.08 30.09 53.44 0 0.256366 1132.59 0.00 20.48 25.07 0 0.254469 1431.03 831.49 26.03 29.71 3
39,0.667270 787.88 382.07 24.51 47.58 0 0.610190 371.52 638.23 36.38 55.95 0 0.603455 711.31 756.94 31.66 56.85 0 0.600575 689.13 456.61 25.09 46.00 0 0.591071 994.63 268.65 49.62 23.85 0 0.588170 377.85 764.11 35.76 59.88 0 0.587465 1507.13 616.12 33.77 35.00 0 0.578692 521.97 446.27 25.18 44.57 0 0.573441 692.05 599.43 28.75 53.71 0 0.573372 652.05 500.41 31.32 50.29 0 0.570936 647.98 759.67 29.96 54.61 0 0.567710 545.21 761.18 33.75 55.56 0 0.567584 1687.16 106.30 24.24 27.58 0 0.565447 996.84 831.81 76.13 33.93 0 0.560758 688.32 262.30 24.36 43.68 0 0.558854 715.64 458.57 25.43 46.34 0 0.545359 1758.01 176.97 17.89 28.69 0 0.541790 620.41 653.52 32.14 56.58 0 0.540339 763.94 481.19 40.49 84.77 1 0.538910 543.65 590.00 31.23 46.01 0 0.531107 1719.54 883.17 63.40 27.22 0 0.530128 623.91 502.05 28.95 51.81 0 0.527709 779.84 763.47 31.04 55.51 0 0.524288 656.35 377.15 25.28 45.94 0 0.524115 528.28 648.55 29.77 56.66 0 0.520840 515.21 764.35 30.82 54.13 0 0.520366 721.89 599.84 27.92 53.09 0 0.519264 1808.03 107.73 20.33 32.11 0 0.516233 1585.60 77.02 24.04 23.23 0 0.515790 665.89 455.72 23.13 42.61 0 0.510458 547.45 451.68 25.53 42.37 0 0.507258 1100.43 274.30 43.83 23.64 0 0.491102 240.37 585.99 30.64 47.27 0 0.489555 834.35 264.43 30.59 61.46 1 0.488359 1488.44 510.57 26.38 44.00 0 0.488083 1445.74 323.97 35.20 36.56 1 0.484552 1802.96 1016.60 61.73 27.30 0 0.482124 385.67 281.30 27.22 42.11 0 0.481322 344.51 639.00 39.79 53.49 0 0.477793 267.85 527.05 31.08 45.10 0 0.476342 294.29 469.08 36.00 49.24 0 0.476169 628.60 375.07 24.24 43.68 0 0.475192 536.89 499.08 33.59 42.51 0 0.472302 591.11 258.90 26.35 42.23 0 0.471880 661.83 596.36 27.20 50.64 0 0.465363 486.56 761.61 31.58 56.07 0 0.460075 1776.44 108.18 22.64 28.95 0 0.454056 1468.94 427.09 27.96 32.03 0 0.449527 214.92 638.13 30.15 46.47 0 0.449400 573.55 364.03 26.13 48.75 0 0.440601 755.09 599.81 28.61 52.82 0 0.436015 1826.56 1021.24 52.38 26.28 0 0.431704 483.52 491.19 28.20 49.49 0 0.431405 1456.71 379.92 27.27 37.90 0 0.428838 1683.98 583.48 30.93 48.45 0 0.423572 678.83 757.29 30.53 58.42 0 0.422433 344.81 762.34 36.28 55.49 0 0.422328 512.30 251.02 28.92 47.06 0 0.415712 1339.35 455.37 30.35 58.06 0 0.415680 559.40 646.33 30.35 56.91 0 0.412090 1730.73 172.77 15.78 28.94 0 0.407116 1863.89 161.49 35.44 22.78 0 0.406397 1166.63 278.47 55.78 25.41 0 0.403673 598.87 824.95 24.04 28.86 3 0.402245 639.50 262.17 24.68 40.01 0 0.390804 1700.27 169.22 18.88 27.64 0 0.387987 323.44 415.24 30.45 45.36 0 0.384708 1167.11 282.47 63.20 27.44 0 0.373978 505.89 762.69 36.05 57.50 0 0.370581 1545.90 79.13 26.45 28.03 0 0.363821 1363.00 629.26 29.76 62.18 0 0.363631 607.09 455.48 23.74 41.40 0 0.362432 632.32 263.03 24.91 37.31 0 0.361463 1734.35 109.88 28.67 22.21 0 0.358617 360.29 328.52 30.54 37.18 0 0.357042 550.33 448.77 26.58 41.13 0 0.353589 1412.31 146.00 24.20 33.07 0 0.351346 733.71 367.72 27.57 55.59 0 0.347679 342.96 375.35 30.65 42.45 0 0.345713 638.15 596.97 32.02 48.68 0 0.345513 1433.63 277.30 30.53 45.99 1 0.342949 490.05 367.54 26.43 44.14 0 0.342891 1841.59 111.88 24.45 28.28 0 0.341667 695.60 600.99 29.98 55.90 0 0.341048 1495.30 564.76 32.85 44.80 0 0.340540 634.22 599.70 27.47 47.33 0 0.339708 451.88 498.46 28.14 48.48 0 0.339489 317.67 416.26 33.51 49.06 0 0.338111 339.24 382.18 31.92 39.39 0 0.334841 1518.09 660.93 38.45 47.47 0 0.332639 836.49 267.40 28.93 59.20 0 0.331546 703.53 367.41 26.91 53.14 0 0.330417 435.73 827.51 20.12 30.91 3 0.321525 1649.90 164.36 20.65 28.76 0 0.318001 1796.57 885.27 60.26 28.34 0 0.317383 1160.79 279.76 45.60 23.77 0 0.315619 1630.15 79.23 23.10 20.96 0 0.314447 1727.72 88.76 24.80 20.37 0 0.312183 735.06 491.49 33.03 70.16 0 0.312052 505.75 825.01 20.70 31.84 3 0.311599 1660.93 1030.40 66.25 48.06 0 0.311060 410.10 827.14 18.32 31.18 3 0.309544 1681.14 91.53 20.30 27.75 0 0.306267 1099.53 835.78 77.85 38.37 0 0.305278 1455.27 227.17 30.20 32.12 0 0.302067 1675.58 168.42 18.56 26.54 0 0.301468 270.62 520.74 34.50 46.84 0 0.299540 1675.84 280.53 32.99 27.95 0 0.299338 1826.06 111.01 20.63 28.98 0 0.293859 746.37 458.71 27.90 62.13 0 0.290055 478.08 827.71 22.65 31.84 3 0.290039 1452.23 339.45 31.96 35.80 1 0.287521 772.69 458.81 33.28 92.98 0 0.282761 1356.24 559.63 32.33 68.06 0 0.280741 541.37 491.52 31.49 46.53 0 0.277283 789.84 246.80 35.02 42.31 0 0.276100 785.83 262.64 29.80 49.76 0 0.267845 1790.73 1018.35 63.51 28.68 0 0.265320 1608.22 161.55 22.64 28.34 0 0.264173 719.72 497.02 27.83 62.64 0 0.261046 1807.84 187.50 25.77 24.35 0 0.258915 517.71 370.45 25.33 43.50 0 0.254133 493.73 364.91 27.07 42.81 0 0.252049 584.52 260.05 28.56 39.45 0
40,0.696346 674.87 116.10 25.02 45.75 0 0.684713 625.81 118.19 24.56 39.86 0 0.674404 574.69 115.63 27.99 43.36 0 0.669109 695.71 432.45 25.38 47.14 0 0.662089 820.76 110.72 34.52 65.09 0 0.661001 664.59 430.87 25.03 45.29 0 0.656274 774.45 115.58 24.73 51.29 0 0.646838 627.43 474.54 30.47 56.08 0 0.642765 687.05 581.70 28.65 57.63 0 0.635297 721.23 579.47 28.99 58.79 0 0.632423 482.44 337.14 27.81 46.34 0 0.619009 527.49 586.64 27.33 55.99 0 0.615835 697.37 216.56 26.11 52.69 0 0.615740 567.02 476.35 30.11 49.63 0 0.596412 1005.68 636.43 68.49 29.31 0 0.595899 521.34 294.55 21.91 41.85 0 0.592921 789.99 579.53 24.54 56.96 0 0.592870 543.77 430.57 27.72 46.66 0 0.589611 1394.88 35.79 22.45 32.56 0 0.580557 624.29 343.01 25.61 49.30 0 0.574750 378.79 474.35 30.83 49.92 0 0.566460 755.26 432.98 26.83 49.95 0 0.563778 1489.04 430.12 30.96 37.91 0 0.543348 350.36 475.35 28.98 48.54 0 0.541123 497.20 589.74 26.24 51.83 0 0.520572 547.25 295.43 28.42 42.52 0 0.518714 1437.36 216.91 25.51 34.99 0 0.517359 397.74 590.45 31.15 53.70 0 0.508442 1551.07 933.06 41.01 57.99 0 0.507226 1775.13 776.32 69.35 31.20 0 0.502044 726.32 432.98 27.03 49.43 0 0.501221 652.42 340.07 25.06 48.23 0 0.499196 1503.89 471.12 30.92 49.75 0 0.497435 1423.10 0.00 17.13 33.16 0 0.483629 638.65 431.24 27.36 44.04 0 0.480465 501.15 109.94 29.66 50.20 0 0.465952 983.06 118.08 51.44 25.70 0 0.465804 1618.23 964.10 40.63 58.10 0 0.463471 687.43 297.50 24.03 43.54 0 0.460973 535.69 338.60 30.46 45.00 0 0.459612 363.44 592.15 29.06 48.09 0 0.456945 1477.36 386.02 31.32 38.68 0 0.456815 728.42 220.99 25.71 46.86 0 0.456013 534.98 478.26 33.70 51.25 0 0.446938 333.00 233.70 30.61 44.22 0 0.442655 770.53 299.41 27.88 57.46 0 0.436942 765.37 327.21 32.97 68.88 1 0.432862 1775.28 30.88 23.76 25.00 0 0.431681 293.66 321.56 36.73 43.08 0 0.429650 1610.89 948.08 49.80 74.48 0 0.427967 374.37 142.49 30.59 41.93 0 0.423934 315.25 276.18 34.02 43.98 0 0.419642 1410.03 104.79 30.99 27.15 0 0.416865 1680.74 899.43 29.70 26.46 3 0.416512 1661.09 396.33 29.65 46.96 0 0.412541 1462.27 326.75 30.35 44.87 1 0.399033 1718.23 663.87 43.66 28.25 0 0.397192 618.86 213.35 23.95 48.33 0 0.395895 602.99 301.16 24.01 40.72 0 0.394648 245.88 429.05 31.28 47.07 0 0.391856 1148.57 127.45 48.96 22.14 0 0.391016 1084.03 125.93 46.18 21.44 0 0.387738 565.03 582.85 29.69 49.90 0 0.387558 352.38 189.84 28.59 38.50 0 0.385169 485.80 225.14 21.20 40.94 0 0.380855 1099.44 635.03 77.95 35.10 1 0.379282 713.81 302.73 23.92 39.10 0 0.379145 567.44 209.73 26.42 50.99 0 0.374321 273.02 371.35 32.59 36.58 0 0.373448 779.97 227.37 27.67 48.56 0 0.369897 1824.93 32.94 31.93 23.26 0 0.369561 743.64 303.99 21.80 39.26 0 0.368647 659.13 581.71 28.66 56.32 0 0.364952 1785.64 780.02 60.72 31.10 0 0.363191 425.89 11.00 26.49 45.95 0 0.359687 1339.30 374.77 35.74 67.69 0 0.356380 311.64 283.06 34.66 39.64 0 0.353495 1624.72 14.20 25.82 24.55 0 0.351127 691.30 296.80 24.24 46.08 0 0.349835 1697.27 17.64 23.48 25.67 0 0.344482 224.15 482.85 31.39 36.52 0 0.342570 766.59 331.35 31.99 69.19 0 0.342134 645.04 213.96 27.05 50.82 0 0.336713 771.88 305.47 30.01 60.67 0 0.335447 1808.02 33.24 26.52 24.66 0 0.328260 1311.05 209.80 26.75 47.88 0 0.325505 559.20 587.44 27.02 51.85 0 0.319787 647.28 223.07 26.37 45.32 0 0.319712 1326.42 295.62 26.37 47.17 0 0.317716 1467.27 330.62 27.06 42.71 0 0.314135 1389.75 0.00 22.61 32.01 0 0.313963 657.37 301.05 24.87 45.04 0 0.308039 714.93 342.92 23.86 47.05 0 0.301852 1652.03 16.45 22.79 25.63 0 0.301586 1446.33 257.78 26.08 32.92 0 0.296537 271.31 368.94 36.70 47.20 0 0.295663 1760.50 779.17 74.45 31.26 0 0.289044 1596.27 13.28 30.89 24.20 0 0.282724 1471.65 173.36 24.40 38.64 0 0.276003 1685.73 662.82 44.68 29.61 0 0.270605 1855.18 348.30 37.49 28.16 0 0.267085 697.81 433.87 28.27 51.11 0 0.262796 1581.87 11.92 25.67 23.60 0 0.256639 1644.78 794.39 76.00 66.61 0 0.254377 434.79 222.72 19.82 25.26 3 0.252464 669.76 298.41 20.28 42.52 0 0.251534 1673.21 17.32 21.84 26.71 0
41,0.561932 390.57 177.26 15.41 20.89 2 0.393623 231.31 137.29 15.38 19.16 2 0.351445 365.19 135.35 16.21 21.43 2 0.335892 339.23 155.46 14.66 20.55 2 0.334961 1007.45 532.18 13.42 14.95 2 0.334779 1014.77 496.79 13.63 15.34 2 0.327849 398.84 159.70 15.96 19.78 2 0.315623 132.97 634.88 15.28 24.31 2 0.268548 189.48 128.24 12.67 16.11 2 0.255277 996.70 559.99 13.00 17.57 2
42,0.516210 1091.54 555.57 32.60 53.26 0 0.510255 1119.36 346.67 28.69 38.78 0 0.496015 1136.82 202.23 27.20 41.99 0 0.470666 1117.48 391.68 33.97 57.50 0 0.469942 574.71 679.23 63.81 32.05 0 0.423361 877.35 54.67 36.38 17.91 0 0.410854 1123.26 295.78 28.42 45.85 0 0.366690 843.60 214.29 40.61 27.75 0 0.361601 841.98 241.25 31.76 29.21 0 0.349499 1132.14 256.47 26.78 44.30 0 0.349227 1117.43 389.91 32.95 55.43 1 0.317634 1264.64 421.04 71.17 41.41 1 0.274933 1249.08 592.43 44.01 109.81 1 0.252136 836.55 244.90 34.88 27.74 0
43,0.669455 794.59 150.47 22.09 46.28 0 0.655078 721.35 337.03 23.38 44.25 0 0.654897 627.77 221.54 19.12 37.53 0 0.640649 692.43 336.56 23.16 43.35 0 0.637149 574.14 217.32 24.24 35.44 0 0.606590 567.28 474.13 25.69 45.98 0 0.599926 715.68 146.63 23.18 44.85 0 0.589844 551.21 218.66 19.69 37.41 0 0.579274 688.53 467.99 26.38 48.79 0 0.571163 1464.51 325.26 28.86 34.81 0 0.567752 605.08 378.86 28.34 46.52 0 0.563066 718.77 469.19 24.94 47.44 0 0.560239 666.98 337.77 24.43 41.77 0 0.549583 747.69 336.84 23.40 43.73 0 0.545575 811.93 465.57 29.58 51.00 0 0.544309 984.07 57.90 50.44 23.07 0 0.531853 643.24 151.30 23.37 36.74 0 0.527948 721.32 221.34 25.62 37.94 0 0.521099 1585.22 777.57 38.08 59.77 0 0.518640 575.39 380.82 25.11 46.56 0 0.516711 424.53 381.60 28.85 42.73 0 0.513725 1018.36 512.76 66.41 29.20 0 0.511515 676.00 257.41 28.04 43.73 0 0.507648 396.97 378.87 29.71 46.03 0 0.507607 1421.95 169.16 25.73 33.77 0 0.506364 781.35 233.27 31.03 66.15 1 0.502185 575.72 255.05 22.77 40.52 0 0.499370 773.62 335.86 28.13 44.10 0 0.493093 593.47 146.03 25.02 37.58 0 0.492612 444.58 479.86 28.29 44.58 0 0.489122 656.32 379.50 31.34 48.90 0 0.482130 1529.81 763.25 33.02 51.04 0 0.475885 644.87 58.73 21.99 36.10 0 0.471118 1654.45 950.17 38.98 50.61 1 0.457562 1657.54 533.54 60.66 26.28 0 0.450232 751.29 466.79 27.28 50.14 0 0.442747 650.14 256.84 26.44 46.77 0 0.441254 744.50 142.30 24.89 49.06 0 0.438764 387.51 120.33 29.76 37.51 0 0.436077 358.47 203.18 27.96 37.78 0 0.430504 669.71 153.44 22.88 38.49 0 0.428923 580.84 336.77 26.42 40.11 0 0.428520 414.23 480.00 24.98 44.09 0 0.427300 277.80 382.99 28.86 38.88 0 0.421997 596.47 473.41 26.24 41.68 0 0.421931 336.09 244.23 34.19 35.72 0 0.420698 763.97 219.69 23.20 56.63 0 0.418258 526.78 52.33 22.23 44.62 0 0.418123 1616.44 1022.53 41.73 57.47 0 0.411640 318.68 291.96 30.95 36.03 0 0.407876 697.34 220.81 18.71 35.51 0 0.406783 1454.95 288.93 30.21 29.71 0 0.400873 1648.60 932.04 45.58 56.58 1 0.399571 410.53 83.07 26.60 37.81 0 0.398718 1078.41 59.03 47.41 20.20 0 0.376923 1104.41 504.68 76.16 35.09 1 0.376413 1436.51 218.50 31.88 45.39 1 0.376350 1861.52 533.96 58.48 28.99 0 0.367749 787.29 59.55 26.11 44.97 0 0.365830 1138.25 60.51 45.65 23.91 0 0.365266 1477.98 367.60 36.51 36.79 0 0.362802 1721.74 534.45 66.08 26.55 0 0.361419 832.32 56.93 27.24 53.43 0 0.358319 734.97 220.62 24.42 40.38 0 0.357273 1442.79 241.35 28.27 39.49 1 0.354997 1378.18 163.99 25.67 41.45 0 0.353887 601.08 55.48 18.28 38.62 0 0.344598 1415.75 149.69 24.88 34.30 0 0.343463 1630.59 297.11 22.78 40.46 0 0.343382 1647.23 735.90 25.46 18.78 3 0.341068 515.40 253.80 28.27 43.51 0 0.337695 484.53 264.00 25.49 38.43 0 0.324259 693.33 66.73 21.71 34.45 0 0.317979 510.37 256.21 29.18 42.93 0 0.316719 486.75 252.20 26.12 43.05 0 0.313426 1336.03 343.08 26.45 50.63 0 0.300934 1311.77 209.16 24.07 42.73 0 0.299079 294.70 335.69 30.86 37.29 0 0.288399 1590.23 785.43 39.12 53.95 0 0.285309 647.99 566.21 25.20 18.72 3 0.282020 1468.52 324.23 31.99 41.33 0 0.275486 543.06 477.28 27.42 44.97 0 0.274159 645.62 121.98 22.96 33.70 0 0.272788 1414.66 138.64 23.04 27.71 0 0.267149 1151.71 59.99 54.95 24.38 0 0.259615 781.85 220.28 30.57 79.93 0 0.254664 1392.16 34.96 25.93 36.30 0 0.251836 507.30 252.38 28.45 43.59 0
44,0.418319 659.88 3.95 14.70 29.99 2 0.410748 282.72 161.23 21.58 21.56 2 0.402465 401.64 211.60 20.51 19.19 2 0.342551 1239.10 430.14 28.47 16.98 0 0.282697 1239.27 580.05 26.75 20.29 3 0.281067 188.04 378.39 21.27 19.74 2
45,0.520138 1100.06 61.51 29.65 46.01 0 0.495494 1003.47 0.00 31.44 41.42 0 0.465926 1070.05 46.52 32.74 48.62 0 0.390391 484.71 263.53 16.08 29.34 2 0.383109 752.49 622.25 14.30 20.33 2 0.353233 540.24 270.56 18.32 19.40 2 0.351644 633.93 442.06 15.77 23.20 2 0.346894 917.25 60.96 60.81 33.10 1 0.341829 558.95 292.91 15.57 21.84 2 0.253791 621.76 269.16 12.23 18.20 2 0.251442 722.58 327.12 11.35 15.56 2
46,0.649071 685.77 652.48 33.43 67.99 1 0.628881 251.56 589.86 63.47 29.58 0 0.609564 701.44 807.03 31.03 83.05 1 0.585471 1702.60 335.00 33.35 48.93 0 0.584011 1599.73 298.06 35.51 56.69 0 0.578302 1081.66 223.59 33.18 50.22 0 0.577847 1692.44 399.91 35.60 53.79 0 0.571011 1080.73 102.17 31.09 41.00 0 0.567245 1706.62 649.82 29.43 51.58 0 0.561679 1725.21 524.90 37.00 43.26 0 0.555799 118.44 609.66 64.49 28.60 0 0.554472 1553.52 135.25 27.74 53.20 0 0.553190 1676.96 338.90 31.90 49.59 0 0.552403 715.61 1007.94 31.85 69.44 0 0.552187 1612.04 132.51 30.65 49.49 0 0.550251 1001.85 81.70 40.16 23.38 0 0.541863 1731.67 400.14 32.57 47.62 0 0.541853 693.47 728.11 30.83 64.38 0 0.540744 1180.61 222.31 28.48 49.71 0 0.527097 526.94 694.28 30.18 60.91 0 0.518784 1219.68 216.36 27.59 46.84 0 0.518287 335.62 580.18 78.12 27.21 0 0.516607 1155.10 88.94 28.42 43.02 0 0.513338 676.89 571.63 33.10 63.85 1 0.511972 781.93 211.52 43.60 23.42 0 0.509274 1737.56 11.13 53.14 27.64 0 0.498240 1634.98 410.07 29.09 51.41 0 0.497562 1048.20 227.25 25.06 46.05 0 0.496885 951.87 234.30 24.16 44.87 0 0.495956 1752.00 582.01 31.92 57.13 0 0.493426 663.97 459.31 38.74 79.35 1 0.485098 903.77 236.46 24.30 49.06 0 0.484324 1688.06 17.77 42.77 26.44 0 0.483279 674.29 531.62 37.94 94.23 1 0.482596 980.48 234.09 23.51 47.36 0 0.481955 1714.37 462.12 34.82 53.62 0 0.481745 1145.38 225.32 27.48 48.08 0 0.472596 1013.08 114.07 25.26 39.90 0 0.470438 1650.26 140.58 30.35 53.92 1 0.470199 1657.52 291.09 34.38 47.08 0 0.468769 1637.75 226.59 30.55 53.63 0 0.465910 1793.96 12.03 52.66 23.99 0 0.456714 345.96 583.07 70.63 27.94 0 0.455725 1589.04 551.70 33.27 58.77 0 0.445789 1015.29 229.77 23.94 47.18 0 0.438107 1757.50 588.59 29.80 47.65 0 0.430227 983.76 229.89 25.08 50.00 0 0.429692 672.04 507.25 40.34 106.15 1 0.427611 839.07 122.98 24.69 41.62 0 0.425201 664.45 469.68 44.36 110.46 1 0.423403 920.16 436.31 57.45 33.64 0 0.420747 923.52 570.16 31.98 60.18 0 0.417256 1569.93 193.58 30.18 53.48 0 0.416049 709.17 940.23 34.30 67.16 0 0.415063 529.50 759.70 36.06 65.07 1 0.405380 1663.95 527.89 33.80 56.27 0 0.405035 1653.85 463.66 30.14 52.28 0 0.404415 545.16 999.25 34.55 78.93 0 0.404154 925.67 236.27 24.61 46.15 0 0.403192 1581.98 244.65 31.14 48.54 0 0.402874 652.28 267.33 28.66 55.72 1 0.390560 1121.98 93.19 33.65 45.31 0 0.385897 943.78 84.11 39.30 23.84 0 0.385593 970.26 298.61 52.35 32.59 0 0.378858 738.31 117.81 57.53 44.41 0 0.377629 871.35 236.58 28.00 50.39 0 0.369593 1665.84 532.60 32.98 63.55 0 0.364216 701.45 825.07 34.22 89.67 1 0.359398 531.83 830.90 37.71 76.05 0 0.356168 1101.57 100.75 40.63 40.21 0 0.345269 1181.08 90.51 27.89 42.16 0 0.341544 1621.31 101.32 29.49 37.75 0 0.341204 1204.20 85.82 31.17 43.14 0 0.334298 701.14 801.71 29.36 70.88 1 0.334274 661.68 332.47 29.42 51.61 0 0.329077 882.93 85.70 42.83 27.35 0 0.324765 1650.64 158.11 32.38 50.28 0 0.319972 1609.13 350.48 33.75 37.37 0 0.317025 1570.58 198.78 33.46 74.15 0 0.310781 541.58 936.84 31.70 63.99 0 0.308914 1677.67 585.25 41.29 62.48 0 0.304363 914.58 914.00 38.60 72.86 1 0.295579 974.64 23.58 41.01 33.50 0 0.287950 1630.62 412.40 33.00 58.51 0 0.285636 1735.14 594.16 24.88 42.57 0 0.281652 1026.73 7.52 53.20 36.48 0 0.274015 1615.35 362.08 30.76 42.22 0 0.271567 1788.83 587.47 34.22 56.25 0 0.271392 652.84 224.18 31.10 81.31 1 0.270791 915.73 914.54 36.16 73.12 0 0.267117 675.26 559.74 38.66 70.44 1 0.254247 1332.45 790.03 54.33 37.05 0 0.251368 826.35 91.75 41.91 27.36 0
47,0.319128 962.39 562.41 14.91 19.30 2 0.285535 234.52 240.32 18.02 17.34 3 0.266990 946.02 567.31 13.40 17.15 2 0.259470 923.08 583.50 16.94 18.73 2 0.256918 148.01 0.00 27.56 59.74 1
48,
49,0.580390 1112.38 386.69 33.55 55.79 1 0.550965 1118.98 298.30 27.68 36.87 0 0.484596 1116.38 342.17 27.20 39.40 0 0.468061 570.79 671.44 61.99 35.35 0 0.447017 1088.67 546.26 31.65 58.34 0 0.437402 1129.04 255.37 23.41 41.24 0 0.437395 833.21 237.90 38.08 29.84 0 0.423490 1133.16 195.37 26.64 42.08 0 0.401064 835.56 211.24 45.11 29.45 0 0.335421 441.68 692.70 13.47 20.01 2 0.318292 874.19 49.46 36.36 20.70 0 0.305696 1238.64 573.72 52.77 124.39 1 0.275878 876.33 46.03 33.14 20.92 0 0.275268 1197.52 139.27 17.79 18.72 3 0.262481 944.65 90.66 15.61 20.46 3
50,0.456663 333.12 15.60 45.21 25.04 0 0.447688 383.87 0.00 52.67 22.45 0 0.399997 234.05 48.19 47.94 26.26 0 0.346040 303.79 213.64 59.97 29.21 0 0.323754 424.02 151.15 55.89 28.31 0 0.318716 401.58 168.89 61.46 30.10 0 0.305876 1310.20 329.35 11.93 13.44 2 0.300280 771.88 700.80 19.06 19.20 2
51,0.713635 1114.79 388.61 32.42 55.13 1 0.520555 1120.43 298.33 26.08 37.11 0 0.486968 1088.87 548.03 30.22 57.25 0 0.484107 1117.27 342.07 27.33 41.42 0 0.467553 569.07 673.43 65.14 35.53 0 0.412859 442.35 693.99 13.06 20.19 2 0.404218 833.66 236.30 36.60 32.25 0 0.396372 874.69 51.75 36.88 19.54 0 0.395702 1242.91 591.08 46.65 106.40 1 0.386860 1130.20 254.96 22.66 43.44 0 0.380910 1133.21 196.55 26.19 41.65 0 0.355981 1265.14 427.21 64.57 31.75 1 0.352496 836.51 211.03 42.95 32.00 0 0.267456 1261.52 427.79 45.58 26.59 1 0.260410 945.57 92.30 15.62 19.77 3 0.257661 849.85 159.53 28.06 24.64 0
52,0.460494 397.31 89.60 19.23 21.55 2 0.401683 850.93 616.22 19.96 21.13 2 0.389342 1278.17 474.94 26.30 19.96 3 0.352657 1104.51 194.36 18.65 20.77 2 0.328277 892.49 490.56 15.70 22.72 2 0.308097 837.18 662.82 14.91 17.94 2 0.303969 1249.91 310.56 32.07 20.29 0 0.290699 327.62 73.34 25.20 25.83 2
53,0.581454 909.69 52.66 18.97 33.60 1 0.373863 754.69 311.57 13.06 19.25 1 0.316742 1054.38 490.98 25.33 17.34 3
54,0.641172 145.43 587.40 32.46 60.95 0 0.639457 160.04 740.60 34.16 63.42 0 0.620645 414.96 650.89 43.48 77.96 1 0.598477 1382.28 815.23 68.39 48.97 0 0.597345 281.21 1008.96 41.62 70.14 0 0.596719 233.43 438.58 29.55 56.63 0 0.585838 1146.72 374.25 42.35 26.03 0 0.583866 1140.09 515.32 34.63 33.20 0 0.583325 205.25 844.21 36.78 59.50 0 0.571419 286.62 649.90 27.67 48.11 0 0.564453 21.75 965.18 43.68 72.41 0 0.560520 210.03 569.57 29.45 60.45 0 0.557549 244.25 567.87 29.58 55.55 0 0.556799 115.30 464.81 32.52 57.62 0 0.549534 1182.88 54.17 18.74 26.89 0 0.546560 22.58 487.30 37.19 57.78 0 0.545334 374.75 786.37 33.32 56.58 0 0.542283 316.73 857.34 44.27 74.48 0 0.542170 318.47 643.10 28.57 48.09 0 0.539743 1169.30 555.56 37.68 38.84 0 0.537538 47.24 623.76 31.31 55.93 0 0.537143 563.10 340.91 51.83 25.34 0 0.525551 442.15 764.12 32.66 56.62 0 0.523281 396.51 388.87 35.26 65.70 1 0.507731 154.73 688.79 31.79 49.96 0 0.504021 328.76 543.52 32.37 53.66 0 0.502351 1489.93 746.24 51.89 31.19 0 0.498756 210.63 901.95 35.33 69.99 0 0.496302 1795.44 510.58 44.40 36.71 0 0.495987 783.45 874.58 62.86 39.02 0 0.495286 1049.31 354.61 28.34 31.09 0 0.494357 423.51 952.53 35.12 67.90 0 0.494227 262.58 712.99 34.09 61.28 0 0.485526 873.48 838.23 62.45 39.04 1 0.478278 393.56 962.09 33.37 65.69 0 0.476950 1150.68 370.26 44.18 24.37 0 0.476634 1115.60 474.47 33.24 28.82 0 0.476540 1028.85 578.76 35.46 42.01 0 0.476141 295.51 708.06 33.26 54.70 0 0.469074 175.90 456.29 30.94 47.13 0 0.466423 244.53 1024.11 33.87 55.89 0 0.463229 361.96 673.11 31.92 52.98 0 0.462140 1154.99 58.60 17.83 27.12 0 0.459297 250.60 890.30 36.39 68.34 0 0.458258 390.71 521.76 33.56 61.05 0 0.454059 221.58 667.16 32.02 54.14 0 0.453885 84.40 617.80 29.16 51.45 0 0.449636 1117.42 482.42 36.34 28.26 0 0.445731 395.17 661.68 44.11 69.92 1 0.444625 1746.38 528.37 41.56 37.52 0 0.444500 299.45 546.68 29.50 52.69 0 0.444467 531.92 911.23 38.46 62.59 0 0.442498 1024.55 315.23 31.35 29.75 0 0.441647 1713.42 537.39 42.35 38.68 0 0.432861 1660.18 565.18 43.26 30.21 0 0.429103 315.64 807.57 30.80 54.34 0 0.428270 463.06 937.86 36.55 63.70 0 0.425216 1854.01 481.10 56.15 34.51 0 0.425061 1475.61 750.15 60.42 34.93 0 0.422094 377.38 624.67 31.24 52.86 0 0.421750 344.52 410.64 32.92 52.38 0 0.419392 343.02 798.85 30.02 52.97 0 0.419080 1625.26 60.26 37.52 23.16 0 0.410092 1805.03 504.67 41.65 35.28 0 0.409304 954.73 429.43 29.99 43.23 0 0.399281 1433.32 655.31 45.48 33.24 0 0.398608 1001.97 525.56 40.05 45.08 0 0.398314 1207.06 50.93 16.83 26.98 0 0.397350 388.52 1048.08 22.06 30.41 3 0.388662 347.97 631.81 29.39 49.07 0 0.388167 409.92 775.23 33.92 59.89 0 0.385846 1287.01 887.62 44.09 48.57 0 0.381161 736.50 303.45 46.57 24.69 0 0.379361 0.00 974.45 28.57 70.95 0 0.372139 992.16 514.59 42.46 41.60 0 0.370797 205.92 552.01 31.92 68.79 0 0.369298 1321.65 55.62 31.77 21.25 0 0.369277 124.42 701.65 26.03 48.78 0 0.368475 1005.99 9.96 26.44 24.28 0 0.367251 1182.40 158.65 24.57 29.15 0 0.365805 1247.38 51.56 18.72 25.06 0 0.365359 1266.08 433.18 38.14 38.55 0 0.363394 416.47 768.07 38.69 62.27 0 0.360053 1624.18 753.62 40.16 55.34 0 0.359610 390.03 671.08 35.98 60.13 1 0.359188 91.92 768.05 35.23 53.18 0 0.358722 1593.36 766.30 42.16 54.53 0 0.358228 1552.78 605.69 42.40 35.91 0 0.350916 1111.51 469.25 35.91 28.86 0 0.344961 739.90 302.66 61.20 23.10 0 0.341811 1383.70 0.00 42.02 14.71 0 0.341791 1340.31 93.54 31.45 21.30 0 0.339031 1000.11 273.23 31.13 26.48 0 0.332271 1133.42 512.73 38.13 33.18 0 0.330624 1218.93 0.00 41.44 12.78 0 0.329177 1169.48 0.00 36.12 19.71 0 0.328374 931.09 393.80 33.67 29.27 0 0.328150 1583.24 774.00 48.24 54.91 0 0.319296 1072.27 0.00 30.82 14.22 0 0.319111 1664.75 733.25 42.11 65.64 1 0.318425 409.56 609.85 37.96 67.33 0 0.317044 1123.57 2.94 28.11 25.63 0 0.312868 331.22 635.65 36.36 51.72 0 0.308446 1102.03 68.66 28.15 25.38 0 0.307806 934.26 147.98 24.40 25.39 0 0.305220 1845.84 487.39 56.53 38.95 0 0.304683 1401.08 343.40 24.25 35.85 0 0.302672 665.83 320.35 43.65 22.05 0 0.300718 986.51 485.07 34.34 43.79 0 0.300563 43.99 774.31 38.09 50.02 0 0.300512 1191.14 0.00 46.00 15.93 0 0.296425 963.79 207.37 30.30 32.53 0 0.295413 1354.34 871.46 36.12 57.28 0 0.292722 1299.35 887.12 40.74 50.15 0 0.292340 943.40 20.63 27.73 34.68 0 0.289113 1680.58 83.30 27.59 30.41 0 0.288481 772.78 882.92 64.95 35.82 0 0.288258 1123.89 65.66 23.49 26.22 0 0.284460 1559.20 601.89 48.87 33.57 0 0.283454 728.93 304.25 44.45 25.06 0 0.276076 1443.09 656.03 47.32 28.16 0 0.275474 325.34 636.69 35.28 52.61 0 0.274849 1756.58 638.69 52.92 41.11 0 0.271419 1080.44 77.66 27.92 23.94 0 0.269467 1070.65 393.16 36.69 31.61 0 0.266384 1566.29 34.42 26.92 27.20 0 0.265744 673.07 308.34 41.66 22.91 0 0.265388 454.24 942.58 36.67 64.04 0 0.262283 1234.61 0.00 36.55 10.94 0 0.258890 1157.19 758.91 18.89 26.87 3 0.257696 158.07 729.95 39.38 67.57 0 0.257076 1682.35 111.51 29.03 30.93 0 0.255573 979.38 205.27 35.05 29.97 0 0.254961 1273.27 48.61 19.76 27.46 0 0.254580 148.15 598.38 31.05 55.76 0 0.252759 909.27 109.92 24.28 28.34 0
55,0.518139 925.54 582.35 13.72 20.03 2 0.490393 169.75 631.43 24.85 22.55 3 0.471665 566.90 193.73 17.97 21.01 2 0.403936 1172.70 515.18 15.45 13.78 2 0.386094 336.05 211.57 19.37 21.42 2 0.380865 672.48 195.81 16.80 19.99 2 0.312033 1292.31 559.45 19.90 15.40 3 0.279391 1126.13 511.37 14.06 15.04 2 0.270809 165.34 561.55 19.23 25.91 2 0.260674 961.63 576.40 19.00 27.17 2 0.259476 234.97 331.90 20.78 24.29 2 0.257452 236.14 336.03 20.28 26.47 2
56,0.621986 886.83 317.41 28.50 59.44 1 0.577779 1444.46 353.09 28.58 46.33 0 0.562500 1413.56 349.64 28.25 46.73 0 0.553906 1576.17 331.48 26.35 47.11 0 0.538016 1490.39 344.22 29.60 49.28 0 0.536157 1514.76 272.75 24.68 43.45 0 0.519796 1650.83 324.76 23.44 45.03 0 0.518732 1054.76 641.11 24.02 52.61 0 0.507840 1414.38 66.81 24.07 42.28 0 0.506348 1232.93 557.02 49.92 29.10 0 0.503437 1249.74 369.66 33.07 51.48 0 0.496207 1637.61 176.86 23.35 43.04 0 0.493756 1676.36 319.75 24.42 45.71 0 0.488169 1702.21 255.90 23.81 40.84 0 0.482857 1357.06 992.50 68.78 36.11 0 0.478097 1445.50 67.15 25.05 41.60 0 0.476968 1300.44 214.86 26.80 42.93 0 0.476414 1754.02 307.29 35.20 45.29 0 0.475886 1533.95 336.68 31.38 47.59 0 0.472423 1134.13 163.45 27.39 41.49 0 0.456113 1679.99 256.13 23.45 40.84 0 0.455081 1321.66 79.25 27.26 36.93 0 0.447203 1680.64 170.49 21.41 41.53 0 0.421637 1762.00 309.38 30.59 44.66 0 0.421166 1023.94 14.98 43.05 22.55 0 0.420019 1614.12 325.33 24.63 45.23 0 0.416961 1698.04 314.84 28.03 43.23 0 0.414586 1358.96 355.18 28.76 43.93 0 0.404322 1493.74 277.60 28.71 44.52 0 0.399856 831.76 147.87 25.47 52.09 0 0.396771 1327.30 208.44 27.41 47.21 0 0.392698 1680.05 38.11 24.19 41.45 0 0.391902 1323.92 845.26 51.46 28.57 0 0.387008 1301.13 80.69 22.31 35.87 0 0.384524 1659.76 41.86 24.59 40.68 0 0.381171 1694.18 429.43 35.57 33.44 0 0.379175 1673.64 327.37 24.50 40.55 0 0.377904 1431.04 198.57 24.10 44.48 0 0.376106 929.74 723.60 33.13 71.52 0 0.369265 1372.32 199.45 25.32 43.89 0 0.365820 1708.16 427.61 38.48 39.06 0 0.362910 1613.71 44.29 26.73 40.28 0 0.358049 1405.63 202.53 25.01 43.15 0 0.351587 1250.95 600.76 54.22 27.51 0 0.347354 1525.98 190.92 25.16 40.49 0 0.345959 1170.69 100.72 25.06 33.48 0 0.343759 1488.74 453.57 27.98 44.60 0 0.338861 1338.19 488.97 39.92 28.31 0 0.338699 1610.22 187.68 23.76 36.41 0 0.338507 1698.86 328.86 27.61 39.32 0 0.335638 1558.19 445.98 31.21 40.24 0 0.331912 1029.88 11.35 43.53 28.62 0 0.331188 1264.55 83.07 23.95 33.95 0 0.330677 1226.72 522.84 54.46 26.76 0 0.324791 1273.08 217.78 27.31 39.97 0 0.321096 1036.83 742.53 32.71 58.19 0 0.319923 1623.22 327.62 24.74 42.44 0 0.316937 1632.60 43.87 25.80 41.49 0 0.311372 1347.10 844.48 43.63 28.93 0 0.307453 1327.36 361.94 29.38 38.76 0 0.305344 1086.49 249.14 44.16 23.15 0 0.298193 1252.79 220.55 27.51 39.44 0 0.295982 1247.77 629.39 47.17 25.17 0 0.292916 1334.48 361.22 28.31 36.57 0 0.288797 1006.48 576.52 29.18 56.21 0 0.288490 1490.36 132.95 24.25 39.54 0 0.278780 1492.51 136.91 26.19 39.30 0 0.274410 1289.92 154.87 23.69 43.26 0 0.270769 1305.72 809.10 63.94 31.19 0 0.265049 1218.35 94.68 22.21 33.30 0 0.258435 1530.56 340.69 30.37 47.59 0 0.257027 1720.57 413.39 33.01 32.33 0 0.252658 1257.12 84.37 25.78 34.20 0 0.250292 849.54 15.67 27.20 50.62 0
57,0.337678 1061.37 365.83 14.02 17.05 3 0.325212 687.51 383.85 15.06 17.83 2
58,0.527586 357.95 0.00 46.86 21.83 0 0.498417 153.58 649.10 17.70 20.55 2 0.480440 0.00 247.64 38.07 41.24 0 0.444945 523.97 126.37 33.76 55.86 0 0.433268 523.39 128.15 30.06 41.49 0 0.374359 107.36 81.03 51.27 29.60 0 0.330038 535.16 132.06 31.57 59.14 0 0.327144 185.17 515.54 16.78 18.45 2 0.320573 33.47 5.06 57.85 41.20 0 0.294776 34.03 4.54 58.78 41.99 1 0.280070 155.48 658.61 17.11 17.20 2 0.261105 215.63 626.19 15.35 21.91 2
59,0.510002 707.67 623.74 16.91 22.30 2 0.494729 1098.74 42.96 32.15 15.49 0 0.476128 587.18 625.28 16.49 18.76 2 0.449487 1141.76 45.89 29.39 18.30 0 0.436211 603.72 595.20 13.43 22.04 2 0.396933 1149.08 45.97 26.62 18.71 0 0.372455 1184.67 51.31 29.28 19.51 0 0.322566 300.23 630.20 21.99 19.77 2 0.279139 1061.54 39.29 20.80 19.74 0
60,0.476469 0.00 203.79 28.27 37.30 0 0.470683 233.78 0.00 50.49 20.01 0 0.444422 84.83 566.09 12.75 12.58 2 0.426710 517.37 80.91 33.87 41.46 0 0.311615 150.27 475.15 12.35 17.78 2 0.307488 520.38 80.41 35.36 52.23 0 0.261140 532.91 84.29 28.65 57.72 0
61,0.692671 1111.45 384.58 32.31 53.92 1 0.500304 1087.13 542.27 32.24 60.83 0 0.482697 1118.64 299.54 26.20 34.18 0 0.465225 569.17 665.79 68.03 35.98 0 0.440666 1116.22 341.60 26.78 40.93 0 0.435359 1126.81 254.41 25.19 41.66 0 0.433136 832.37 236.27 35.83 28.72 0 0.419923 1240.33 571.06 50.66 123.62 1 0.402936 833.98 210.76 44.64 30.43 0 0.392769 1132.69 194.52 25.84 39.86 0 0.349433 1271.66 424.19 59.52 32.73 1 0.349228 875.75 46.50 32.41 18.52 0 0.293967 735.48 129.33 42.82 32.52 1 0.269283 1258.72 421.03 43.26 30.28 1 0.250225 1255.81 401.53 49.80 50.41 1
62,0.405498 632.26 698.47 16.94 21.53 2 0.369651 476.60 549.61 18.98 29.72 2 0.357341 550.27 637.75 22.00 24.08 2 0.352727 486.18 477.32 14.56 22.38 2 0.345083 600.95 673.62 17.61 20.35 2 0.312880 1.14 542.14 37.56 73.29 0 0.303998 1115.10 473.19 20.80 26.84 2 0.300880 550.64 631.03 22.09 26.25 2 0.290352 334.82 395.71 22.17 21.75 2 0.284446 491.07 569.43 15.96 26.19 2 0.280653 505.15 489.61 13.24 21.52 2 0.274125 425.11 423.91 18.90 19.96 2 0.257457 600.79 647.33 18.89 23.37 2 0.255853 428.98 424.72 17.63 18.22 2
63,0.502913 993.75 666.03 15.24 21.06 2 0.489083 164.96 629.96 20.40 22.54 2 0.477479 1054.59 632.46 16.58 19.20 2 0.414291 701.18 36.53 18.21 20.39 2 0.410223 692.94 313.44 17.46 19.09 2 0.403108 332.91 125.19 18.32 20.54 2 0.387738 381.27 39.14 16.47 17.89 2 0.385678 602.59 69.19 16.94 19.42 2 0.379532 651.89 329.98 13.61 16.45 2 0.372690 1027.30 612.98 14.45 21.52 2 0.350328 302.53 71.03 20.90 27.02 2 0.345646 1233.69 0.00 43.41 28.03 0 0.329979 550.21 74.29 21.54 18.44 2 0.314580 693.80 321.01 17.18 20.40 2 0.314515 991.54 398.58 13.08 14.66 2 0.292865 305.74 74.68 16.64 30.02 2 0.289873 516.09 117.17 19.39 22.30 2 0.278493 501.45 83.38 18.43 23.24 2 0.273327 552.92 58.59 22.28 20.14 2 0.272217 1230.31 0.38 43.52 38.75 0 0.271219 331.76 92.48 18.35 21.58 2 0.252304 775.14 370.49 15.18 24.58 2
64,0.393431 202.72 565.02 17.07 21.34 2 0.341950 875.12 548.13 18.22 28.74 2 0.329212 876.33 543.78 19.64 27.56 2 0.304083 1021.07 676.10 19.01 22.79 2 0.272712 682.69 325.82 16.60 16.70 2 0.271586 1289.30 590.44 25.42 22.90 3 0.267358 230.15 447.96 23.95 27.39 2
65,0.490210 853.97 162.97 23.23 40.14 1 0.441212 1119.16 539.91 18.89 21.17 2
66,0.495249 1091.07 552.44 30.80 54.91 0 0.491193 1118.65 347.24 27.63 37.85 0 0.491098 569.87 676.46 65.05 34.67 0 0.436606 1122.24 298.42 28.53 44.47 0 0.419693 876.84 53.71 37.60 19.25 0 0.415452 1136.07 200.54 25.86 41.14 0 0.410066 1116.41 389.29 33.87 55.74 1 0.372196 1263.71 420.00 71.00 42.28 1 0.347094 1130.91 256.39 26.77 43.27 0 0.327732 836.01 239.97 34.79 30.40 0 0.322209 841.53 212.09 40.40 31.99 0 0.310216 1244.74 578.41 49.71 117.27 1 0.309618 1116.12 391.34 34.02 56.67 0 0.288388 738.97 131.15 39.12 31.90 1 0.283108 440.88 697.36 15.34 19.20 2 0.258137 851.64 159.73 23.73 25.79 0
67,0.579657 752.20 639.89 15.47 19.32 2 0.536857 1106.13 61.58 30.40 50.75 0 0.533691 1009.30 0.00 30.83 42.47 0 0.519537 640.92 443.43 17.68 22.49 2 0.498441 567.47 291.48 16.26 23.39 2 0.486544 804.41 649.74 16.42 16.38 2 0.462301 755.66 629.21 15.25 21.14 2 0.446478 600.15 390.20 18.75 20.66 2 0.420504 710.76 588.88 16.57 21.48 2 0.384498 643.11 453.94 15.54 20.94 2 0.366625 590.33 313.58 15.57 21.39 2 0.362588 608.98 239.93 12.27 18.04 2 0.348723 637.23 426.78 19.83 25.24 2 0.343250 1079.62 50.60 27.15 43.57 0 0.342297 725.71 375.97 13.00 20.02 2 0.316511 802.88 692.37 17.88 18.94 2 0.312504 548.11 270.88 19.72 20.17 2 0.300679 742.47 280.08 14.42 19.24 2 0.289506 590.64 318.45 15.86 21.74 2 0.288971 774.60 389.40 12.31 17.97 2 0.285824 689.40 321.96 14.97 19.60 2 0.262637 600.75 382.64 17.04 20.61 2 0.253489 271.06 555.58 16.84 25.03 2
68,0.685928 624.78 564.43 33.40 55.54 0 0.661691 691.35 384.68 26.08 46.33 0 0.641371 1484.48 485.04 30.81 36.72 0 0.637364 564.85 567.18 29.21 51.01 0 0.629532 626.63 428.94 26.97 49.35 0 0.627617 726.62 524.01 26.97 45.89 0 0.621870 719.12 385.35 25.13 45.76 0 0.608627 787.86 310.93 24.83 46.88 0 0.600991 349.90 557.27 29.92 54.29 0 0.594860 717.39 671.40 30.23 60.56 0 0.592217 785.90 672.16 27.76 55.85 0 0.591541 992.23 206.13 49.12 23.98 0 0.585434 1461.16 354.06 24.11 34.38 0 0.583638 379.77 556.59 31.44 57.25 0 0.580588 1637.81 104.08 18.06 29.79 0 0.570421 386.14 673.90 37.36 59.50 0 0.570282 756.58 522.82 27.20 46.73 0 0.566618 542.35 421.49 35.64 43.77 0 0.565309 591.43 195.52 29.16 40.39 0 0.564754 666.52 520.09 24.20 43.05 0 0.560498 684.23 672.07 27.80 57.47 0 0.559950 522.76 676.24 30.72 58.23 0 0.555313 1508.84 581.82 31.65 42.63 0 0.550762 1661.82 107.00 17.78 30.63 0 0.545547 697.76 521.97 24.28 44.10 0 0.545316 667.45 383.93 21.41 43.76 0 0.544658 556.22 673.57 32.85 55.84 0 0.543365 528.65 374.35 24.33 41.76 0 0.536522 657.07 304.97 26.56 46.45 0 0.532861 487.15 416.57 29.67 49.27 0 0.525564 686.55 195.53 28.09 44.89 0 0.523799 545.67 518.28 32.25 44.98 0 0.523394 526.43 378.66 22.40 40.19 0 0.522624 1852.44 128.84 21.78 30.58 0 0.522585 1668.52 503.41 32.27 44.51 0 0.514117 653.65 669.86 30.66 61.64 0 0.501652 1653.54 920.94 63.45 65.82 0 0.500419 1686.57 107.37 17.06 30.26 0 0.492309 768.92 405.93 36.82 81.78 1 0.488891 353.52 674.95 31.75 57.78 0 0.487944 1818.78 127.12 22.93 30.56 0 0.480312 628.87 303.65 26.97 44.84 0 0.477210 632.89 194.57 26.29 43.13 0 0.476795 1447.34 309.35 27.20 36.71 0 0.471538 575.69 299.27 27.14 46.18 0 0.470382 653.22 428.41 30.34 50.34 0 0.467583 610.03 384.10 27.02 40.62 0 0.464007 786.33 204.34 28.11 49.47 0 0.463396 491.65 675.86 31.10 55.64 0 0.461083 639.94 518.94 25.06 45.93 0 0.458055 1493.73 531.68 36.28 37.49 0 0.457173 533.44 568.71 36.20 52.75 0 0.453598 574.63 733.82 21.91 29.77 3 0.452670 1711.59 784.52 63.85 28.75 0 0.449064 279.44 451.46 30.73 42.50 0 0.448389 734.81 296.82 27.20 54.26 0 0.444182 555.13 377.83 24.51 38.32 0 0.443563 1752.13 52.85 24.78 26.25 0 0.439335 747.40 386.45 26.81 49.27 0 0.439149 459.54 424.04 28.18 47.25 0 0.434565 1775.56 904.28 73.95 33.24 0 0.432838 718.52 426.88 22.70 50.23 0 0.431078 301.72 399.23 33.20 44.13 0 0.427952 1442.45 154.74 28.72 33.45 0 0.424227 1095.37 733.90 87.22 39.58 1 0.419647 773.53 387.24 31.75 81.44 0 0.419498 363.66 264.58 31.13 41.39 0 0.417735 639.13 195.13 25.70 43.07 0 0.417269 459.35 416.71 29.35 46.74 0 0.411808 225.54 553.60 33.39 47.66 0 0.409765 327.84 347.49 29.71 42.19 0 0.408072 1725.37 57.61 20.75 21.54 0 0.403039 1655.86 220.05 36.82 25.98 0 0.402885 1096.90 210.26 40.07 21.15 0 0.401622 624.97 730.11 21.32 29.79 3 0.396370 441.07 94.53 25.95 38.88 0 0.394684 1612.22 107.23 21.41 25.63 0 0.376823 521.65 304.84 24.80 39.70 0 0.376415 605.40 731.00 19.44 27.65 3 0.375693 1710.71 111.80 21.13 27.20 0 0.373646 515.52 188.59 28.78 46.37 0 0.370362 1772.86 784.49 39.85 30.04 0 0.361855 1693.31 783.64 64.87 30.93 0 0.353902 1460.90 9.94 28.51 37.56 0 0.344581 346.51 308.60 30.56 38.13 0 0.336832 494.72 303.70 25.47 37.69 0 0.333374 249.44 501.76 34.19 47.37 0 0.330212 708.82 295.47 25.84 52.95 0 0.314786 389.34 221.34 28.14 38.68 0 0.313141 1348.41 491.72 32.61 57.73 0 0.307381 1796.77 56.62 23.25 24.22 0 0.304914 1825.59 53.99 28.91 24.84 0 0.294996 1495.41 356.69 27.95 36.97 0 0.290183 734.42 524.28 28.59 44.60 0 0.289078 1011.06 736.14 57.32 32.65 0 0.284170 1408.64 122.55 23.81 33.20 0 0.277851 245.52 507.30 35.19 47.06 0 0.270693 1664.88 34.57 25.65 26.59 0 0.269905 703.94 300.55 28.34 50.91 0 0.263575 787.69 184.76 32.45 27.40 0 0.252887 660.67 669.79 33.41 62.40 0
69,0.681702 621.47 567.54 31.30 48.46 0 0.651918 1484.11 483.49 31.68 37.39 0 0.644374 712.98 669.56 31.37 55.43 0 0.628621 631.35 195.06 26.94 40.51 0 0.626295 517.69 671.87 28.38 56.64 0 0.621176 698.99 297.07 26.32 54.74 0 0.617163 383.72 673.14 37.29 59.33 0 0.613699 564.78 565.63 31.05 52.19 0 0.610442 686.62 382.73 25.32 42.75 0 0.609026 651.05 424.19 32.41 51.40 0 0.606734 713.15 384.53 23.48 44.70 0 0.600059 621.11 427.55 27.47 49.57 0 0.585507 603.65 377.87 23.81 43.10 0 0.580461 623.09 306.12 23.00 41.75 0 0.579935 541.59 514.25 34.09 49.00 0 0.576508 378.40 553.84 31.76 55.64 0 0.559019 550.13 671.00 30.36 55.03 0 0.557845 1668.31 499.17 29.30 46.04 0 0.555656 996.28 738.31 74.15 30.04 0 0.552626 989.90 203.28 49.41 22.22 0 0.551619 681.08 196.24 25.78 42.06 0 0.548684 1648.40 921.91 69.38 59.98 0 0.546776 693.31 520.21 26.11 49.68 0 0.546573 651.02 670.88 28.06 52.38 0 0.542134 1492.42 526.99 32.68 40.17 0 0.524597 508.61 186.77 30.88 44.89 0 0.522995 723.43 520.91 24.40 47.70 0 0.513048 346.67 555.41 29.87 50.01 0 0.506168 1817.13 124.93 22.20 26.83 0 0.505290 351.51 673.42 30.90 54.74 0 0.502989 1659.90 102.99 16.04 29.03 0 0.501201 780.89 672.24 30.32 57.40 0 0.500407 1612.85 102.20 18.50 26.24 0 0.496355 521.84 376.25 23.68 38.75 0 0.494607 531.47 568.04 26.11 48.69 0 0.491401 681.89 673.49 28.32 51.94 0 0.491205 654.22 304.70 23.22 44.75 0 0.490466 583.88 192.72 28.33 38.34 0 0.488787 1707.26 783.94 66.28 29.34 0 0.487332 589.72 191.68 27.70 39.57 0 0.480755 273.42 447.32 32.72 44.14 0 0.480075 1637.11 100.00 14.53 28.67 0 0.479390 487.52 672.08 29.06 54.99 0 0.477025 573.35 302.99 26.68 42.01 0 0.470990 750.93 523.46 28.29 47.70 0 0.470893 239.86 506.35 35.38 44.66 0 0.470179 1710.01 108.73 17.94 26.43 0 0.467022 773.89 383.83 27.43 50.47 0 0.466552 662.97 519.75 25.61 43.52 0 0.465966 537.68 421.39 31.11 42.94 0 0.464522 1686.77 106.05 16.59 27.40 0 0.460311 1096.52 207.36 39.22 20.04 0 0.458553 339.00 312.26 31.93 34.05 0 0.453995 1505.89 576.61 34.78 46.05 0 0.453679 380.85 217.14 29.32 40.99 0 0.449613 448.49 432.57 30.69 39.26 0 0.449318 641.62 194.70 25.69 39.51 0 0.447172 296.66 392.62 36.25 41.11 0 0.446176 217.31 558.41 34.92 44.25 0 0.444754 483.63 423.03 28.78 40.79 0 0.443111 784.31 305.09 28.72 50.58 0 0.442281 1829.25 51.75 19.69 28.22 0 0.439277 623.32 299.87 26.84 44.74 0 0.436840 981.92 161.11 26.74 20.14 0 0.429159 571.33 298.58 25.53 42.99 0 0.426710 546.42 375.74 29.37 44.82 0 0.423202 1442.20 145.24 24.90 33.75 0 0.407739 359.41 263.75 30.78 35.08 0 0.394445 341.92 304.87 31.10 39.87 0 0.392780 1770.89 903.58 71.19 32.20 0 0.385554 323.56 345.59 31.48 39.79 0 0.383912 1849.18 126.01 21.05 26.29 0 0.383076 634.15 518.04 26.57 43.48 0 0.382145 744.80 383.51 21.28 42.93 0 0.381119 1531.86 14.47 22.30 28.37 0 0.379153 1459.75 350.12 25.00 35.39 0 0.376540 935.90 156.55 24.56 19.01 0 0.365186 1770.87 781.90 48.21 32.06 0 0.361796 1100.39 738.06 75.98 34.56 0 0.361413 451.12 422.00 27.14 39.61 0 0.361002 724.33 293.72 24.81 53.20 0 0.356096 733.66 292.69 28.04 53.67 0 0.349880 1568.16 16.28 25.53 24.84 0 0.345417 497.80 670.97 33.59 56.44 0 0.345047 1318.72 299.22 28.57 56.30 0 0.344313 550.82 375.34 28.11 41.00 0 0.342678 1689.09 782.53 67.96 31.19 0 0.342668 765.79 409.05 33.80 69.53 0 0.342008 1494.60 348.72 22.83 34.15 0 0.339582 523.84 369.91 27.37 45.36 0 0.335665 1611.16 19.90 27.88 21.00 0 0.334720 269.29 450.80 32.72 44.59 0 0.331466 665.44 383.28 24.91 41.39 0 0.328244 288.01 401.05 43.04 44.03 0 0.321474 489.01 299.08 25.02 40.95 0 0.319813 603.77 732.07 19.32 27.14 3 0.317500 316.83 347.61 35.28 45.38 0 0.309418 1437.16 266.21 25.62 36.39 1 0.308971 829.03 198.85 30.48 57.95 1 0.308651 436.18 300.38 18.87 20.64 3 0.304279 557.70 567.96 32.46 47.24 0 0.297242 727.71 299.29 24.82 51.85 0 0.295510 638.94 518.00 26.29 44.99 0 0.295211 1750.47 47.52 24.67 28.91 0 0.294849 1423.38 210.42 28.61 42.36 1 0.294248 1443.70 302.65 23.23 34.93 0 0.285403 1446.97 306.26 21.24 37.10 0 0.283643 830.00 202.38 29.87 56.46 0 0.266896 1349.58 533.46 35.37 67.68 1 0.266854 1149.10 212.88 45.16 21.50 0 0.264049 1399.34 82.55 19.39 32.73 1 0.262650 1752.99 41.03 22.88 27.99 0 0.261252 1659.31 209.21 45.63 26.16 0 0.260503 1329.91 378.98 30.39 54.78 0 0.258609 1467.48 390.27 31.11 37.14 0 0.251412 1352.01 540.48 33.97 58.15 0 0.251152 535.23 514.63 37.92 55.70 0
70,0.653305 475.26 516.91 29.94 46.95 0 0.628329 533.01 518.74 31.42 44.06 0 0.624675 1505.95 639.58 32.35 38.05 0 0.582537 371.60 791.26 37.16 58.51 0 0.578300 719.07 624.50 28.02 52.04 0 0.576925 687.35 479.06 25.05 44.06 0 0.574262 507.67 268.03 28.48 47.74 0 0.563923 539.11 788.65 33.44 52.89 0 0.562640 996.78 283.57 46.64 26.99 0 0.557647 547.20 467.69 29.21 46.02 0 0.556947 784.06 396.22 28.64 53.15 0 0.548070 685.95 622.93 28.19 52.66 0 0.544983 1654.10 65.88 31.70 21.67 0 0.538664 617.37 674.05 30.88 54.37 0 0.538435 710.70 479.86 25.27 45.69 0 0.536955 332.75 660.35 30.55 55.55 0 0.536800 640.56 785.24 30.91 58.26 0 0.534972 1721.21 914.15 66.43 26.75 0 0.534026 508.45 788.88 30.34 60.66 0 0.527187 475.51 787.24 31.01 58.13 0 0.519761 770.87 786.74 35.36 62.86 0 0.510087 379.18 305.84 29.00 36.46 0 0.508411 1096.17 855.09 89.32 43.27 1 0.507577 747.87 624.52 30.86 54.43 0 0.496916 784.33 281.96 32.32 49.87 0 0.490544 707.19 785.77 31.86 60.13 0 0.489156 1486.78 532.55 29.90 41.43 0 0.488230 614.69 524.38 31.40 50.92 0 0.488064 229.02 606.22 35.85 51.80 0 0.486243 1678.57 304.04 35.09 22.44 0 0.485798 535.25 618.28 29.93 45.46 0 0.483616 522.51 672.65 29.66 55.44 0 0.483414 630.65 280.96 27.78 39.73 0 0.482328 289.24 489.98 35.51 50.19 0 0.475737 334.44 793.86 32.50 55.06 0 0.472926 1684.85 604.65 32.48 52.09 0 0.471017 332.98 402.25 32.03 41.13 0 0.467203 674.24 786.82 28.70 55.52 0 0.465701 656.86 620.30 27.35 47.48 0 0.463708 368.24 659.30 37.87 56.16 0 0.459508 554.32 672.21 34.02 55.67 0 0.459081 1867.18 210.96 25.53 23.71 0 0.452516 598.19 850.43 18.38 28.08 3 0.449731 762.73 514.08 34.86 75.30 1 0.447451 1444.50 345.72 34.05 39.11 1 0.445398 1860.02 177.89 35.12 20.66 0 0.436683 831.77 283.07 30.80 59.80 0 0.434251 773.63 480.59 27.88 53.51 0 0.433766 646.05 523.34 30.34 47.85 0 0.433721 1791.34 921.61 53.08 24.52 0 0.432989 743.45 480.18 22.93 46.81 0 0.431427 1587.39 91.17 21.10 24.83 0 0.428589 1100.79 295.92 43.23 22.27 0 0.424477 262.02 548.47 31.70 46.85 0 0.424027 1853.15 131.00 21.70 27.70 0 0.421216 1839.46 211.13 29.56 24.65 0 0.420445 1374.10 0.29 19.12 32.68 0 0.417915 1182.86 300.69 52.36 23.43 0 0.417337 1759.85 194.61 18.66 28.16 0 0.415602 1170.45 298.20 50.03 24.61 0 0.410296 354.59 348.60 28.84 44.10 0 0.407696 1830.47 128.14 21.82 29.31 0 0.404051 1775.42 126.29 23.35 30.17 0 0.397842 679.00 283.31 29.90 41.43 0 0.397756 313.54 440.49 34.68 47.68 0 0.389496 1496.85 586.73 32.95 46.31 0 0.388345 577.17 850.05 18.24 28.15 3 0.386041 1460.56 244.29 28.47 36.78 0 0.382756 1806.02 123.92 19.79 31.16 0 0.381729 632.22 622.96 24.96 44.11 0 0.377303 1613.43 177.22 22.07 31.41 0 0.375708 1363.59 653.30 27.42 57.58 0 0.374195 998.36 857.58 74.51 34.94 0 0.372940 518.99 470.59 24.55 40.23 0 0.371751 1652.05 181.09 19.74 30.69 0 0.369987 701.41 400.05 24.01 43.24 0 0.366947 1469.21 448.04 26.97 34.85 0 0.366941 432.60 387.29 20.67 25.26 3 0.354166 360.73 789.77 44.47 59.59 0 0.353683 362.14 662.12 38.14 56.61 0 0.353237 1362.71 650.86 27.90 63.45 1 0.349312 1340.11 476.64 27.74 53.58 0 0.345309 559.75 670.17 36.09 55.24 0 0.343497 719.65 523.19 31.07 60.55 0 0.335917 569.73 378.00 27.34 50.96 0 0.330715 204.58 657.24 34.75 50.86 0 0.329956 584.62 279.86 28.27 37.94 0 0.327649 589.33 278.52 28.69 37.71 0 0.324195 601.18 474.73 22.77 42.60 0 0.323202 1807.84 202.97 28.70 25.20 0 0.322504 382.28 300.00 29.06 38.64 0 0.308223 689.13 623.59 30.28 56.68 0 0.307256 1510.19 89.84 20.61 25.39 0 0.303409 521.06 790.36 35.00 55.99 0 0.300237 485.96 387.21 25.27 43.44 0 0.298333 705.84 523.05 32.08 53.69 0 0.296715 339.56 787.11 34.18 57.41 0 0.294827 440.40 164.82 25.05 40.64 0 0.293280 539.70 616.53 30.41 43.90 0 0.288172 1356.63 582.74 29.81 60.28 0 0.287505 671.23 479.05 25.03 42.53 0 0.284879 1854.39 175.63 35.46 25.03 0 0.283900 1478.96 489.49 28.66 38.39 0 0.282680 1434.68 304.77 32.02 51.45 1 0.282547 1812.67 208.48 31.52 23.48 0 0.281406 1708.08 67.28 26.49 22.55 0 0.278562 1545.68 88.91 25.00 30.36 0 0.277256 1626.46 90.82 29.12 23.34 0 0.276531 1351.36 551.91 30.21 61.24 0 0.274662 1674.50 185.12 19.38 29.27 0 0.273857 777.56 283.71 33.11 45.29 0 0.271961 696.99 787.27 32.94 59.77 0 0.271812 1801.60 1049.05 78.35 30.73 0 0.271593 762.61 514.76 36.39 72.19 0 0.271411 993.36 287.27 52.12 27.29 0 0.270622 1562.88 64.07 25.49 19.26 0 0.267535 732.54 385.85 28.93 51.56 0 0.265140 1729.54 192.79 17.56 28.09 0 0.255298 451.47 479.93 23.96 36.99 0 0.255214 433.43 857.13 22.95 27.69 3 0.252956 1683.35 106.40 29.40 23.05 0 0.252760 1747.56 127.33 25.98 24.84 0 0.250212 635.59 280.60 28.40 42.32 0
71,0.661146 790.02 172.92 21.59 47.87 0 0.653661 743.07 500.14 28.35 49.92 0 0.637591 621.34 241.79 22.36 42.58 0 0.608699 668.63 279.76 25.89 49.00 0 0.605600 1435.11 200.33 28.87 34.46 0 0.605146 702.69 244.14 22.65 42.02 0 0.603505 805.15 500.84 31.63 50.52 0 0.600827 525.15 509.49 27.10 55.05 0 0.593830 425.19 512.12 31.49 54.35 0 0.590807 706.80 502.30 29.06 49.45 0 0.589156 714.08 365.50 25.91 45.07 0 0.576706 649.38 400.94 30.20 53.90 0 0.573356 638.98 282.62 28.24 48.34 0 0.565386 743.85 365.54 23.75 45.57 0 0.559146 778.63 259.03 30.68 72.15 1 0.558890 504.82 277.31 25.66 44.30 0 0.557835 532.84 164.42 23.22 46.49 0 0.556437 382.97 404.65 29.04 49.03 0 0.554182 593.03 406.17 27.77 47.52 0 0.553793 580.92 152.86 30.36 57.49 0 0.553346 769.91 365.94 27.12 45.19 0 0.548194 555.56 506.76 28.86 57.13 0 0.540560 1623.52 695.82 72.64 49.91 0 0.533069 727.79 244.52 24.92 42.72 0 0.530874 588.00 504.10 28.73 50.29 0 0.528545 1467.20 319.06 26.96 34.28 0 0.528087 505.37 170.64 23.87 38.80 0 0.524586 560.57 281.07 29.11 40.70 0 0.521232 567.39 366.73 30.20 39.60 0 0.521162 566.72 240.90 25.87 38.46 0 0.519935 1748.73 677.65 70.75 29.81 0 0.500069 593.09 74.09 26.74 39.15 0 0.488685 1597.94 833.94 46.55 70.75 0 0.481067 677.79 244.64 23.55 42.23 0 0.480827 518.93 66.56 29.10 47.19 0 0.479719 413.11 402.29 31.46 52.34 0 0.477868 475.82 282.34 26.58 45.27 0 0.475662 1680.02 832.92 23.14 21.74 3 0.471473 1488.11 398.21 36.15 35.58 0 0.463330 710.29 161.44 26.34 51.27 0 0.462944 728.55 273.90 26.74 54.63 0 0.454758 1490.95 406.26 33.79 37.76 0 0.454107 1343.13 374.02 31.82 51.73 0 0.449995 396.08 512.16 27.54 48.65 0 0.445828 321.57 270.13 36.72 36.30 0 0.440326 829.23 75.33 28.21 53.24 0 0.438135 665.31 166.30 24.93 48.03 0 0.434575 641.37 165.94 23.29 45.91 0 0.433899 642.36 74.33 23.85 37.83 0 0.430015 737.58 163.82 25.47 50.28 0 0.428163 260.06 406.55 30.24 42.45 0 0.426460 303.54 315.40 30.50 38.32 0 0.426284 277.65 363.07 32.78 41.70 0 0.424965 547.28 241.40 25.06 37.06 0 0.413933 798.98 501.85 32.10 48.57 0 0.408773 687.16 70.59 25.27 43.98 0 0.407219 1476.11 362.73 30.33 29.80 0 0.400199 641.90 143.17 24.05 46.65 0 0.396887 685.41 362.91 24.33 44.53 0 0.393772 1674.54 572.57 65.96 28.32 0 0.393579 1144.78 80.92 40.90 22.84 0 0.393440 559.96 409.48 33.72 50.58 0 0.392389 692.29 502.86 33.58 48.64 0 0.382089 748.83 274.06 27.13 60.78 0 0.381081 340.16 226.06 34.38 34.33 0 0.377936 1825.40 283.31 35.74 20.09 0 0.375916 588.75 145.46 28.23 57.29 0 0.375031 1086.82 77.76 42.08 21.63 0 0.370323 1415.46 116.28 24.08 38.77 0 0.361497 1376.14 118.76 19.88 37.18 0 0.360511 353.65 195.97 32.54 36.00 0 0.360500 1017.47 550.80 65.80 28.61 0 0.354137 1886.30 578.41 33.70 30.19 0 0.352564 1334.69 322.50 26.54 47.09 0 0.346450 396.16 97.81 27.63 40.91 0 0.344517 674.95 364.23 26.88 40.83 0 0.342893 654.43 390.65 27.96 59.89 0 0.338344 1338.88 330.81 30.39 53.14 0 0.335617 988.78 75.22 45.67 23.81 0 0.330500 785.42 63.86 28.65 52.72 0 0.324105 1316.74 227.69 24.98 50.65 0 0.322488 680.62 506.09 28.65 44.51 0 0.319585 760.68 245.40 27.34 72.59 0 0.319027 1497.21 395.64 34.63 38.80 0 0.313300 629.32 164.14 27.01 47.95 0 0.310501 374.68 141.65 30.92 32.50 0 0.300165 362.37 180.45 34.44 32.01 0 0.298084 345.27 219.31 32.79 38.45 0 0.293991 495.62 569.66 24.60 22.81 3 0.288184 1454.63 264.74 27.73 37.43 0 0.282837 657.88 368.24 25.99 42.93 0 0.279648 1870.53 718.37 41.30 59.61 0 0.270580 1424.13 160.62 24.87 32.32 0 0.268082 1545.93 825.23 29.10 50.13 0 0.267949 479.48 277.91 25.82 47.00 0 0.267871 1304.20 158.89 26.19 45.68 1 0.267809 1157.99 84.38 43.62 21.57 0 0.264025 573.65 505.56 30.21 53.46 0 0.263450 1744.80 575.87 59.20 27.37 0 0.262512 745.40 244.01 27.03 46.80 0 0.261981 1666.90 785.48 28.97 26.52 3 0.260080 1494.90 828.48 29.85 52.33 0 0.258093 1399.05 54.72 26.15 34.08 1 0.257197 836.30 28.71 22.74 24.76 0 0.253647 773.17 264.09 29.71 68.00 1 0.250230 1670.44 1011.42 38.05 59.63 0
72,0.613050 1015.40 121.22 57.55 46.03 1 0.575156 249.83 125.33 60.11 33.82 0 0.508804 178.84 1009.98 58.18 32.13 0 0.490675 906.12 323.74 49.58 31.99 0 0.481335 490.57 223.87 45.41 35.90 0 0.480775 570.52 680.18 44.94 68.52 1 0.460624 189.02 102.40 55.84 31.54 0 0.448778 164.48 1037.78 64.90 37.23 0 0.447289 3.55 932.51 52.50 33.53 0 0.447163 399.94 995.78 47.12 33.40 0 0.420017 432.37 196.01 49.41 38.09 0 0.405400 886.22 0.00 29.63 47.33 0 0.398546 209.06 265.57 36.63 36.65 0 0.397945 369.49 172.56 43.35 34.86 0 0.397689 0.71 969.98 50.11 36.81 0 0.391797 203.33 974.01 63.93 35.76 0 0.390765 195.45 972.74 62.16 34.28 0 0.390245 1035.61 79.83 61.51 33.27 0 0.389762 545.08 246.27 50.30 36.48 0 0.379596 532.11 979.15 16.34 23.18 3 0.372001 189.44 984.43 61.26 33.76 0 0.369178 931.21 189.24 32.20 55.66 0 0.364417 539.71 772.95 36.36 42.08 0 0.363749 255.96 300.80 66.00 32.61 0 0.359576 367.52 167.35 46.12 33.90 0 0.349958 58.49 151.54 60.85 36.96 0 0.347602 400.37 348.77 57.85 45.16 0 0.341607 364.44 1056.37 56.35 23.63 0 0.332492 134.55 241.77 52.60 31.24 0 0.329871 197.05 979.53 66.56 34.56 0 0.326774 869.20 392.23 58.10 36.91 0 0.323451 256.84 293.36 61.51 35.19 0 0.317393 389.83 346.44 59.84 40.77 0 0.307725 929.61 198.05 26.85 53.19 0 0.290996 0.00 997.52 34.94 37.07 0 0.284192 814.05 181.81 27.84 38.15 0 0.272805 1009.05 145.74 54.93 47.57 1 0.267993 811.30 187.56 29.26 46.17 0 0.266116 1139.92 486.03 40.75 24.14 0 0.264417 403.86 0.00 26.48 29.49 0 0.261316 67.97 918.37 83.76 53.67 0 0.259058 6.45 15.38 48.76 39.10 0 0.253236 528.05 38.87 52.81 33.06 0 0.252616 186.24 994.40 62.60 35.54 0
73,0.734268 527.88 443.09 25.85 55.58 0 0.690196 433.97 542.89 27.45 52.57 0 0.657571 666.11 838.64 30.99 59.29 0 0.651753 606.98 553.66 41.43 87.75 1 0.649418 547.55 688.30 29.07 52.10 0 0.639571 386.60 343.33 24.14 48.41 0 0.631912 901.67 865.08 70.11 35.80 0 0.625093 809.30 303.68 56.41 24.61 0 0.623708 494.55 540.16 24.25 45.48 0 0.617384 295.03 473.69 29.06 48.02 0 0.610155 526.12 859.65 30.79 60.74 0 0.608930 521.45 538.43 28.04 46.70 0 0.598556 388.40 702.58 31.78 55.50 0 0.595751 327.31 472.30 26.00 48.55 0 0.591964 350.61 890.73 33.86 66.42 0 0.588695 384.35 886.63 35.65 67.95 0 0.587205 439.89 341.09 26.44 45.59 0 0.585366 421.73 876.55 33.64 64.53 0 0.579882 593.83 846.71 31.82 63.61 0 0.574848 1345.75 577.60 38.22 35.98 0 0.565173 483.68 744.38 33.73 67.03 0 0.563972 210.53 775.49 35.98 64.17 0 0.563886 304.64 347.23 29.77 52.42 0 0.563448 552.22 536.20 24.87 49.06 0 0.558839 1547.08 949.37 68.34 60.26 0 0.555936 242.92 483.80 21.43 26.50 3 0.551120 474.51 452.29 27.91 54.08 0 0.549765 238.08 910.67 38.25 69.11 0 0.549623 1366.93 626.38 39.30 42.86 0 0.549407 614.41 445.19 28.28 50.73 0 0.547437 612.09 677.80 30.14 56.87 0 0.541590 555.78 438.26 27.75 59.74 0 0.540690 493.92 594.57 27.47 49.60 0 0.538437 1517.21 121.43 14.02 29.77 0 0.537902 177.08 783.23 36.54 61.62 0 0.536951 516.72 689.82 27.52 47.78 0 0.536096 1317.51 483.47 27.99 31.02 0 0.535636 418.52 758.23 31.64 59.01 0 0.531101 387.52 459.99 30.79 54.68 0 0.530130 52.42 743.21 36.60 63.39 0 0.527930 443.32 451.73 28.10 51.81 0 0.523846 384.52 766.84 28.09 57.80 0 0.520737 76.11 677.90 33.58 55.67 0 0.520461 370.79 598.94 29.29 55.98 0 0.516577 1492.29 121.18 13.07 27.87 0 0.514647 373.38 551.82 27.93 47.51 0 0.511497 1290.89 402.59 25.70 31.40 0 0.506238 1563.48 122.45 17.62 33.18 0 0.505347 488.12 335.68 28.94 46.68 0 0.504312 201.61 911.27 34.02 67.14 0 0.502977 648.06 322.10 30.56 60.00 1 0.495330 169.82 401.45 28.33 45.87 0 0.490904 1374.35 444.58 39.94 24.97 0 0.484557 582.63 685.41 27.91 52.09 0 0.484497 344.12 556.07 26.69 42.70 0 0.484293 450.19 416.95 23.51 42.17 0 0.481763 509.55 929.06 15.57 31.82 3 0.481533 1660.44 910.97 72.80 33.75 0 0.479161 462.37 594.87 28.09 57.07 0 0.476953 144.71 456.89 33.61 45.24 0 0.476619 117.13 558.66 36.81 45.92 0 0.474841 1422.44 122.38 14.07 27.16 0 0.474001 1396.02 126.23 16.00 25.62 0 0.470918 96.31 613.12 34.80 52.53 0 0.469881 1441.64 121.85 13.50 27.46 0 0.468401 1734.71 91.77 35.90 21.58 0 0.462559 1586.54 796.67 51.04 28.59 0 0.443938 1440.16 64.59 22.32 23.56 0 0.433508 1465.27 228.29 24.11 26.29 0 0.432656 1150.25 370.21 24.27 31.57 0 0.422883 133.96 505.70 32.54 45.97 0 0.420626 1586.71 55.71 19.63 23.85 0 0.419199 1365.53 440.20 40.27 23.76 0 0.419105 1332.55 530.21 29.17 33.83 0 0.412911 562.12 851.26 30.03 61.14 0 0.407639 305.54 609.41 30.33 53.45 0 0.403799 1503.04 521.57 33.56 42.10 0 0.402529 599.94 330.89 24.89 47.68 0 0.400478 1781.92 772.42 55.79 28.18 0 0.400092 1273.65 354.27 21.30 35.90 0 0.399302 1465.91 120.37 13.87 28.72 0 0.394628 557.78 579.21 28.34 54.39 0 0.394126 100.40 612.49 37.37 49.64 0 0.388210 1492.12 60.87 24.23 24.21 0 0.385648 1592.00 124.08 21.46 32.96 0 0.384882 1195.83 133.17 23.56 28.42 1 0.382847 390.04 420.86 28.65 43.43 0 0.379772 1700.79 401.87 31.82 18.14 0 0.373585 1576.17 800.23 59.95 30.55 0 0.370314 352.41 551.31 30.67 46.36 0 0.367738 445.39 434.86 27.20 58.22 0 0.363123 1560.61 55.97 21.23 23.16 0 0.356440 310.62 969.13 19.40 36.02 3 0.352098 1512.01 56.38 26.80 24.87 0 0.351878 976.83 295.29 38.82 20.75 0 0.349984 583.67 572.27 34.43 67.14 0 0.343831 212.58 254.13 26.84 38.82 0 0.339356 918.10 296.57 40.19 19.54 0 0.336596 34.57 807.81 32.92 54.57 0 0.335908 1301.43 439.64 32.71 31.94 0 0.332140 1173.88 453.76 25.84 42.18 0 0.329919 911.64 297.68 38.59 20.45 0 0.322339 587.56 682.44 30.50 54.93 0 0.321819 1865.93 758.96 32.61 29.85 3 0.319521 461.25 944.62 18.79 29.74 3 0.316752 1218.45 619.42 28.39 50.14 0 0.315698 335.95 964.39 17.17 32.73 3 0.311865 1310.82 474.26 31.52 33.44 0 0.311662 1788.59 948.45 44.28 71.60 0 0.308970 994.80 849.93 79.02 43.15 0 0.306180 1552.00 957.24 66.85 65.44 0 0.303579 1317.46 16.62 32.70 19.09 0 0.301737 582.18 534.98 34.49 56.67 0 0.301622 1636.52 790.31 60.74 30.94 0 0.297661 1401.71 9.63 37.53 22.00 0 0.297069 1831.75 936.03 41.53 73.47 1 0.295773 1610.82 125.24 25.41 30.83 0 0.293179 1252.25 302.35 30.32 33.50 1 0.282609 1426.55 3.13 43.22 24.81 0 0.280708 1256.41 305.74 27.40 36.32 1 0.280349 485.42 938.88 18.99 29.40 3 0.277298 996.09 850.28 80.33 41.29 1 0.274034 1014.40 296.90 38.93 20.06 0 0.269795 1376.92 124.80 20.12 24.47 0 0.269066 1884.09 931.16 32.64 79.14 0 0.265426 1889.64 757.25 26.80 30.79 3 0.264645 489.41 695.86 27.07 45.73 0 0.256525 499.47 692.52 33.38 47.52 0 0.252113 1434.08 45.46 25.05 19.84 0
74,0.680766 519.13 810.96 33.61 57.18 0 0.679386 605.87 294.74 29.35 42.16 0 0.647547 349.59 816.48 34.47 60.75 0 0.644728 409.44 876.59 19.66 34.69 3 0.642799 805.00 295.33 32.50 61.93 1 0.642331 654.61 295.14 30.23 46.20 0 0.606790 594.86 694.02 31.98 53.80 0 0.603412 971.54 297.01 43.02 23.29 0 0.590331 510.06 538.49 31.46 47.93 0 0.587298 457.99 813.75 29.30 57.77 0 0.574359 686.53 800.07 32.97 60.84 0 0.573243 984.45 867.49 74.63 38.13 0 0.569960 1481.90 640.87 32.63 39.57 0 0.567100 755.91 806.62 33.04 53.16 0 0.562253 665.33 643.27 27.78 48.74 0 0.556054 624.55 543.58 28.52 50.98 0 0.549088 558.57 291.26 27.23 43.49 0 0.544811 624.76 807.98 30.30 57.57 0 0.540379 450.01 535.78 30.44 51.62 0 0.532254 696.81 643.66 28.18 48.58 0 0.527986 1441.67 450.51 28.55 33.63 0 0.525746 491.16 816.17 28.74 54.29 0 0.518380 341.71 684.10 35.51 58.14 0 0.514646 761.02 413.01 26.32 49.97 0 0.511869 674.79 403.34 26.91 51.51 0 0.511834 284.47 469.37 30.08 39.15 0 0.509445 1072.64 300.01 45.50 25.44 0 0.508684 309.50 683.99 30.98 56.18 0 0.507990 688.52 496.39 25.59 47.18 0 0.494948 1341.78 666.22 27.40 49.28 0 0.492317 729.65 643.92 29.52 48.75 0 0.488551 1333.97 601.48 28.77 61.99 0 0.487771 477.67 280.35 29.60 52.03 0 0.484836 1799.40 231.29 36.77 21.76 0 0.482073 1775.85 200.66 24.27 26.69 0 0.481316 1611.62 181.08 22.30 27.45 0 0.479691 593.60 544.71 26.64 51.89 0 0.478301 636.29 640.55 27.46 47.06 0 0.472050 1657.35 604.79 28.45 48.00 0 0.471966 353.50 317.82 29.12 42.97 0 0.464455 664.03 493.75 26.52 46.02 0 0.464101 501.84 695.48 28.53 55.42 0 0.463166 316.13 815.76 31.13 61.39 0 0.455652 1649.24 297.13 33.58 27.84 0 0.451636 1532.30 61.54 30.11 19.41 0 0.451018 1818.68 205.38 36.09 23.27 0 0.448563 512.16 638.93 29.95 50.09 0 0.448153 520.67 490.58 28.93 47.34 0 0.448005 575.01 492.25 23.06 46.69 0 0.446298 258.82 515.37 40.40 48.22 0 0.446154 304.72 424.11 29.20 40.50 0 0.443841 1418.23 347.85 31.53 45.81 1 0.440499 543.06 401.11 27.20 49.18 0 0.425146 1081.41 866.82 83.45 38.40 1 0.422613 206.58 630.72 35.01 53.24 0 0.422370 382.62 879.01 21.12 31.43 3 0.418605 1461.60 536.64 29.19 40.08 0 0.415382 324.75 369.25 31.21 40.29 0 0.406522 409.97 189.76 23.63 32.90 0 0.405418 181.04 691.14 32.14 44.70 0 0.403630 1519.59 506.15 39.70 30.35 0 0.402734 1769.55 124.27 21.76 26.54 0 0.401462 1141.56 306.35 44.16 24.74 0 0.399348 653.08 802.77 31.57 60.61 0 0.388023 496.94 489.59 25.17 43.20 0 0.384514 536.34 691.82 34.36 59.35 0 0.381609 1313.67 476.84 31.33 64.09 0 0.377022 457.80 407.41 26.42 43.02 0 0.374068 1513.62 99.33 20.55 30.11 0 0.373124 1721.58 193.10 21.44 26.08 0 0.371993 1786.20 1043.68 71.29 29.11 0 0.368067 349.32 321.41 31.33 43.05 0 0.366406 1705.94 908.15 57.74 28.37 0 0.363638 1625.82 66.91 31.45 20.52 0 0.362249 1498.62 687.90 36.41 51.47 0 0.360092 1773.07 913.78 63.78 28.45 0 0.359619 353.59 812.16 34.44 59.37 0 0.357796 759.13 302.32 25.46 45.95 0 0.346191 628.70 640.87 31.31 48.65 0 0.343428 237.81 570.67 30.94 48.33 0 0.342269 1430.91 402.27 25.34 39.04 0 0.341964 739.12 530.75 35.54 70.72 1 0.341022 1729.95 123.66 27.04 27.05 0 0.337976 1516.20 92.22 20.94 25.69 0 0.335351 959.23 255.65 24.70 16.39 0 0.331800 1709.47 126.80 26.58 25.31 0 0.330349 718.72 497.28 25.21 45.28 0 0.329096 1388.70 208.19 26.28 31.10 0 0.327704 609.30 642.96 25.65 45.03 0 0.326864 641.01 491.42 23.68 44.57 0 0.324865 1657.50 187.09 21.66 26.39 0 0.322001 1576.46 177.04 22.06 29.52 0 0.321816 556.34 876.22 18.18 28.20 3 0.319101 596.29 408.09 24.64 45.99 0 0.318883 633.39 492.69 25.42 45.13 0 0.317674 1691.44 910.84 65.49 32.20 0 0.315812 746.80 492.78 31.85 53.04 0 0.312943 1302.49 399.07 29.64 58.45 1 0.309417 430.19 879.72 19.07 31.75 3 0.306166 595.26 874.82 25.74 28.28 3 0.306112 1799.07 128.38 27.02 24.27 0 0.295645 741.11 527.46 36.02 69.48 0 0.293502 575.88 875.34 22.24 28.16 3 0.290511 1471.68 589.22 30.41 43.54 0 0.285815 1869.30 279.62 40.00 34.99 0 0.285784 797.53 299.47 36.05 56.03 1 0.284780 624.17 409.61 24.82 46.18 0 0.284513 1764.82 1044.02 67.87 31.12 0 0.277082 753.34 276.72 31.75 23.43 0 0.275745 1432.34 247.32 25.47 39.38 0 0.268642 410.31 178.97 24.21 35.98 0 0.268231 1380.70 167.12 28.16 34.16 1 0.266010 1775.45 909.08 56.83 30.21 0 0.263908 1505.33 497.62 36.22 30.50 0 0.262138 974.49 294.91 49.11 27.59 0 0.257942 914.59 251.44 26.96 18.95 0 0.250766 1640.36 893.12 41.10 25.81 0
75,0.477823 488.49 443.48 16.13 22.32 2 0.474799 684.66 664.62 19.27 26.45 2 0.426053 507.46 454.51 14.83 21.41 2 0.350842 602.68 640.15 19.35 19.51 2 0.334236 441.48 392.37 16.35 16.94 2 0.329031 602.46 613.12 18.24 22.51 2 0.293371 632.65 663.74 20.64 27.98 2
76,0.601297 375.78 69.55 45.23 22.82 0 0.550654 77.84 276.90 49.95 34.78 0 0.500197 113.05 167.79 47.95 26.89 0 0.466899 43.39 285.95 55.47 35.02 0 0.456957 567.41 185.69 33.64 50.37 0 0.446073 577.16 8.91 41.70 24.33 0 0.390602 87.25 74.09 40.30 23.19 0 0.363525 264.23 577.07 15.42 20.50 2 0.363510 251.54 533.09 15.19 18.39 2 0.340263 182.97 650.38 14.23 17.74 2 0.340212 0.00 98.46 30.76 25.32 0 0.329728 50.49 283.94 59.42 39.73 0 0.318611 173.51 544.34 10.19 17.57 2 0.316442 64.07 277.80 63.92 39.49 0 0.301487 105.08 459.37 14.79 21.18 2 0.264943 133.42 52.72 47.91 30.36 0 0.264369 276.72 23.88 37.48 21.59 0 0.257858 387.19 0.00 38.43 14.45 0
77,0.515652 517.36 90.68 34.89 43.69 0 0.419121 86.82 495.48 12.20 17.04 2 0.386592 0.00 215.30 24.81 36.29 0 0.341899 101.74 564.27 14.19 13.49 2 0.320866 265.02 0.00 45.00 17.04 0 0.320473 528.65 90.58 32.45 55.71 0 0.320087 2.31 76.11 44.73 27.60 0 0.286764 145.60 614.01 16.30 14.63 2 0.286007 520.05 88.80 36.69 52.43 0 0.279343 172.55 475.16 17.02 18.70 2 0.270353 82.40 583.54 15.95 15.13 2 0.254411 238.82 526.50 13.65 19.37 2
78,0.501393 568.59 675.64 64.72 34.17 0 0.486619 1118.46 347.59 28.34 36.78 0 0.485194 1090.56 551.88 30.48 54.67 0 0.456787 1121.99 299.09 28.38 42.83 0 0.432463 1135.23 200.74 27.07 40.60 0 0.416545 1115.96 389.63 34.08 55.07 1 0.397697 876.49 52.04 38.51 20.20 0 0.370805 1261.48 421.06 72.14 41.26 1 0.350896 1243.17 577.68 51.08 119.74 1 0.341636 1130.46 256.89 27.71 44.00 0 0.341289 835.75 239.92 36.05 30.54 0 0.295632 841.63 211.04 40.01 33.28 0 0.289443 441.46 697.49 14.88 18.71 2 0.262811 1115.69 391.08 34.23 56.54 0 0.255755 851.45 159.30 26.13 26.15 0
79,0.513624 537.64 270.79 17.63 19.26 2 0.503933 1098.11 64.73 27.91 44.42 0 0.439853 558.46 294.07 15.98 27.34 2 0.433503 1068.35 46.84 30.10 48.63 0 0.431004 606.89 305.45 12.75 18.49 2 0.424382 805.36 327.06 14.47 16.99 2 0.413427 1001.07 0.00 27.52 41.55 0 0.410538 702.15 372.16 17.05 18.94 2 0.410535 786.79 294.41 15.91 15.62 2 0.395699 710.18 308.80 10.78 20.60 2 0.390889 914.41 61.44 61.24 29.45 1 0.330676 632.42 444.95 16.33 21.08 2 0.297876 559.99 296.10 16.77 30.21 2 0.296162 651.81 573.22 17.13 21.08 2 0.261299 636.60 546.21 23.36 20.66 2 0.257252 989.56 92.74 15.65 20.87 3 0.251083 745.02 640.47 16.55 21.05 2
80,0.331811 374.14 430.70 11.90 13.63 2 0.296809 182.52 322.40 14.39 18.78 2 0.270642 267.33 159.90 17.91 16.69 2 0.260287 306.12 181.13 13.18 15.34 2
81,0.361876 757.16 313.17 12.62 20.34 1 0.346427 924.64 66.53 18.48 33.90 1 0.282143 881.78 24.57 30.48 27.46 0 0.258798 550.85 516.60 16.54 17.64 3
82,0.530661 1100.49 61.49 29.66 46.79 0 0.494739 1003.67 0.00 30.22 40.95 0 0.448025 1071.04 46.26 31.16 48.90 0 0.407955 574.63 309.74 14.92 20.50 2 0.379501 540.37 270.59 19.48 19.79 2 0.374280 917.65 60.97 60.77 32.95 1 0.343661 633.83 442.65 15.96 23.63 2 0.288888 751.95 623.97 15.10 18.87 2 0.283716 558.99 293.16 15.60 21.96 2
83,0.432792 607.30 691.86 16.71 19.85 2 0.354054 623.60 692.18 17.26 20.70 2 0.315688 0.00 8.04 32.49 40.29 0 0.263296 607.78 686.74 17.65 21.52 2
84,0.427350 357.80 268.34 17.12 29.59 2 0.419738 1246.27 161.59 27.11 52.85 0 0.411851 658.60 507.89 11.37 15.19 2 0.388464 525.38 188.84 11.36 18.31 2 0.387978 1007.87 583.58 13.05 16.63 2 0.354338 744.96 580.05 15.37 15.91 2 0.324006 505.45 243.51 12.60 15.09 2 0.321180 331.29 251.28 15.91 23.77 2 0.304476 419.20 338.87 16.39 20.60 2 0.301765 490.84 389.94 13.08 16.82 2 0.273239 1238.65 160.12 32.34 60.04 0 0.268692 692.38 190.86 14.90 18.22 2 0.256460 318.81 281.36 15.43 23.90 2
85,0.529473 906.21 52.01 19.86 31.26 1 0.268103 753.69 310.96 14.01 19.27 1 0.261331 404.88 362.27 13.37 22.80 2
86,0.431682 1033.05 268.50 27.30 22.08 1 0.417402 927.97 361.34 17.91 40.98 1 0.365420 1026.82 209.58 24.37 20.75 0 0.311831 804.74 363.36 20.10 19.73 1 0.308736 339.82 125.64 19.94 43.15 1 0.296479 458.50 376.35 16.74 25.72 2 0.255362 1063.53 209.99 20.61 17.33 0
87,0.623364 698.60 460.13 52.96 27.31 0 0.622581 1653.04 997.17 34.64 74.16 0 0.609461 1290.23 584.42 53.39 25.98 0 0.589644 414.16 9.06 54.43 27.55 0 0.570080 1054.40 114.59 26.04 55.85 0 0.568740 638.43 464.45 52.87 26.32 0 0.527030 1367.77 580.98 54.91 29.07 0 0.522335 539.22 606.13 61.12 31.20 0 0.515056 281.92 332.11 32.82 65.83 0 0.508457 1630.98 845.34 34.76 62.66 0 0.498077 571.58 466.54 51.72 24.63 0 0.487715 1584.85 1003.34 59.23 39.34 0 0.464883 1177.50 870.37 35.00 64.17 0 0.449138 192.10 802.02 35.89 75.98 0 0.443318 1559.17 664.77 47.87 73.27 1 0.432914 283.08 732.14 30.27 56.54 0 0.424371 276.18 251.71 28.02 54.30 0 0.417774 1618.92 780.58 32.73 64.02 0 0.414050 605.12 604.92 55.43 26.67 0 0.406424 775.81 454.25 67.11 29.93 0 0.392600 648.00 797.01 64.06 35.63 0 0.377050 914.25 448.93 63.45 30.15 0 0.375434 665.40 602.04 66.37 29.09 0 0.370800 1000.51 844.71 47.40 25.37 0 0.363655 1638.69 912.28 37.96 68.91 0 0.360378 383.82 174.88 25.77 47.34 3 0.354478 936.39 593.41 65.79 34.63 0 0.353346 1013.26 841.71 51.27 28.02 0 0.348184 665.20 955.01 29.96 47.21 0 0.344450 747.25 599.73 69.21 29.47 0 0.344083 1734.50 553.30 53.23 27.37 0 0.340361 1067.69 282.03 27.66 52.72 0 0.334882 1311.72 1030.72 56.62 49.28 1 0.334386 161.98 696.29 44.70 36.78 0 0.310359 136.25 805.50 34.90 48.23 0 0.306094 1417.11 985.59 58.55 36.06 0 0.298033 1420.94 944.23 57.49 46.08 0 0.297192 1416.43 910.26 59.42 43.55 0 0.294564 863.19 600.00 58.70 27.88 0 0.294456 384.01 160.71 22.30 31.34 3 0.287592 672.03 952.43 29.09 45.28 0 0.283975 173.17 686.80 49.76 30.97 0 0.281317 1419.35 1013.61 61.17 64.74 1 0.277445 1133.93 255.07 25.18 51.32 0 0.276019 1147.16 583.53 53.18 35.73 0 0.272271 227.69 239.88 31.62 56.92 0 0.250575 1587.69 673.43 52.00 73.57 1 0.250379 1403.97 814.24 58.49 34.41 0 0.250217 308.49 988.61 27.40 57.97 0
88,0.530034 324.53 0.00 50.58 20.79 0 0.442901 0.00 242.47 29.31 38.25 0 0.415881 516.76 114.89 38.50 52.18 0 0.396334 67.54 82.57 50.54 27.34 0 0.387358 25.37 0.00 57.80 34.96 0 0.362048 146.04 645.97 17.65 17.23 2 0.343002 147.99 524.54 14.96 18.09 2 0.313457 80.98 626.77 18.27 17.74 2 0.311065 533.18 120.64 30.31 57.86 0 0.266664 239.62 560.18 15.26 19.02 2 0.264273 95.84 608.27 19.24 20.46 2
89,0.394886 927.34 154.76 17.97 24.03 2 0.367605 941.05 190.21 14.22 26.29 2 0.335475 895.99 607.46 14.67 20.11 2 0.261162 705.18 556.74 21.17 22.16 2
90,0.453766 586.82 560.02 14.85 18.41 2 0.396294 871.73 564.98 18.14 17.33 2 0.390317 703.57 565.05 15.80 17.69 2 0.365520 906.05 642.75 16.66 28.92 2 0.311195 969.09 681.25 18.03 19.13 2 0.293807 243.14 677.91 22.55 24.68 2 0.262893 213.45 659.99 19.92 23.29 2 0.251651 305.77 567.31 21.22 20.25 2
91,0.531480 338.44 36.45 34.48 32.75 0 0.531144 620.92 535.14 40.45 31.44 0 0.520148 347.66 27.03 36.46 34.24 0 0.496122 379.53 415.03 49.00 29.67 0 0.490351 790.55 672.40 43.07 33.28 0 0.488852 258.37 110.15 33.55 33.23 0 0.478189 28.97 639.81 44.39 46.70 0 0.473009 273.33 98.61 32.58 34.37 0 0.470160 479.55 4.87 30.58 32.48 0 0.459138 1104.41 185.06 32.27 26.02 0 0.438552 983.19 654.55 49.74 26.63 0 0.429938 233.32 4.49 36.01 29.86 0 0.425689 524.86 484.07 39.75 30.37 0 0.425315 571.36 510.60 45.15 27.31 0 0.419399 956.91 562.70 31.23 47.19 0 0.416123 435.21 435.25 46.12 32.84 0 0.414944 614.65 966.39 58.09 74.96 1 0.409328 78.64 588.99 45.20 49.48 0 0.408730 668.37 557.69 49.16 32.24 0 0.400436 1067.51 253.78 32.59 25.54 0 0.398582 1044.62 293.39 30.37 29.88 0 0.396951 286.22 83.60 36.11 33.18 0 0.386801 134.61 100.92 26.79 23.60 0 0.384368 389.55 571.92 60.44 39.47 0 0.368735 153.42 295.45 42.70 24.74 0 0.368708 353.44 17.09 31.28 31.76 0 0.342712 1081.40 224.36 32.05 25.04 0 0.338637 914.27 519.91 27.59 40.78 0 0.338458 296.32 72.28 32.59 31.17 0 0.335674 1130.49 136.08 29.34 37.20 0 0.332814 1059.76 258.75 33.99 26.77 0 0.329329 306.61 59.73 34.33 31.72 0 0.328869 1132.38 127.19 31.53 41.57 0 0.324902 111.15 83.88 31.45 27.70 0 0.322673 517.34 634.19 49.55 39.63 0 0.320747 910.24 527.27 27.32 40.26 0 0.319239 60.06 134.61 51.61 46.27 0 0.315003 572.27 513.81 51.57 28.76 0 0.312217 169.85 24.55 30.29 28.48 0 0.303539 763.40 656.79 41.86 29.74 0 0.302619 103.11 263.71 35.25 29.28 0 0.291564 413.03 129.50 32.97 36.58 0 0.291449 478.96 462.90 45.87 31.73 0 0.291204 681.03 390.95 42.31 31.27 0 0.288515 601.32 275.21 24.75 33.91 0 0.285620 977.28 731.59 39.99 29.53 0 0.280222 1038.13 301.63 33.86 31.21 0 0.278991 468.19 604.55 42.34 42.75 0 0.276204 565.10 666.05 56.23 39.22 0 0.274989 521.42 640.24 48.46 36.97 0 0.269211 954.78 567.41 27.60 41.23 0 0.268905 253.73 117.15 30.48 29.52 0 0.267805 137.18 53.63 32.86 30.72 0 0.264194 763.58 589.62 31.98 25.18 3
92,0.367509 339.36 229.65 17.62 20.38 2 0.321354 348.40 89.75 19.65 24.04 2 0.289883 1094.15 72.82 13.15 14.81 3 0.271461 179.75 439.47 20.51 19.51 2 0.251824 1306.80 441.89 23.74 14.89 3
93,0.743202 620.91 186.56 25.59 44.40 0 0.699018 751.33 402.88 38.02 77.25 1 0.688594 638.16 422.21 29.74 46.63 0 0.687348 670.35 189.58 25.39 45.64 0 0.663020 711.49 514.61 26.47 50.96 0 0.661951 552.18 562.98 29.45 50.80 0 0.642684 1483.11 524.14 33.16 36.62 0 0.634550 473.72 674.97 29.27 54.70 0 0.613290 770.85 666.81 32.31 57.27 0 0.606536 574.74 186.57 26.66 43.82 0 0.600955 769.32 298.21 30.97 53.52 0 0.589670 333.24 551.70 29.24 53.32 0 0.589101 980.88 730.94 85.23 35.47 0 0.582919 670.61 669.51 29.66 52.12 0 0.573712 611.43 562.59 32.61 52.67 0 0.573231 1730.24 108.09 19.88 19.59 0 0.572267 529.00 417.02 26.40 44.81 0 0.567364 1705.40 775.41 52.94 25.70 0 0.564579 770.69 185.57 27.63 55.34 0 0.563433 507.06 672.44 30.48 59.24 0 0.555732 517.91 565.45 28.75 49.44 0 0.552092 654.21 512.47 25.72 45.92 0 0.551736 741.91 516.88 28.85 49.76 0 0.534796 372.40 672.96 35.41 58.90 0 0.532753 539.88 670.26 30.82 52.75 0 0.530207 555.53 283.62 30.41 51.17 0 0.527908 690.34 293.33 27.48 51.36 0 0.502934 704.81 668.33 30.99 58.86 0 0.500890 638.02 668.26 28.80 52.79 0 0.490874 497.29 180.86 27.74 44.50 0 0.489460 527.09 511.29 34.50 48.59 0 0.488909 703.76 379.31 26.46 45.87 0 0.485375 1784.65 112.27 22.16 27.92 0 0.482283 1783.24 38.63 21.61 27.38 0 0.478288 337.29 672.51 32.89 60.07 0 0.473815 1661.56 493.30 28.90 44.38 0 0.464287 679.98 376.40 25.04 44.09 0 0.459039 1660.65 35.45 24.13 24.84 0 0.457704 366.32 548.89 36.76 59.47 0 0.455124 637.09 299.21 30.55 45.23 0 0.452944 1073.88 779.66 29.58 28.26 3 0.452808 471.78 412.13 26.90 45.83 0 0.447030 684.07 515.51 27.40 50.42 0 0.444823 718.34 299.75 26.46 48.05 0 0.443184 817.64 189.02 35.42 66.38 0 0.436111 1639.43 913.13 68.52 67.66 0 0.433943 1466.47 425.28 25.25 39.68 0 0.426381 1705.50 100.89 15.62 24.88 0 0.423611 325.63 303.12 28.64 42.93 0 0.423197 306.05 347.02 29.87 40.50 0 0.422399 611.84 424.78 32.91 45.81 0 0.418287 1340.26 542.09 32.38 54.76 0 0.418004 478.65 293.46 24.10 41.42 0 0.415202 1480.12 314.15 23.77 42.23 0 0.413570 509.58 373.40 23.42 37.77 0 0.408818 1677.79 97.17 16.58 26.45 0 0.401376 1840.14 115.29 23.67 25.58 0 0.399672 507.36 288.14 21.79 44.96 0 0.397236 278.45 388.60 41.33 51.98 0 0.396635 1667.35 999.55 32.80 26.56 3 0.393016 1677.23 1021.35 25.81 27.53 3 0.387448 370.55 211.76 29.54 38.26 0 0.385070 1475.31 477.84 30.94 39.98 0 0.384904 701.15 418.18 25.84 54.65 0 0.381496 1145.99 208.93 47.39 19.95 0 0.371849 1089.15 203.43 42.31 17.05 0 0.371845 1458.24 387.21 28.47 40.96 1 0.369985 231.20 502.83 32.96 39.28 0 0.369009 1463.39 418.51 26.89 43.23 0 0.368125 736.51 409.33 42.80 69.92 1 0.366823 531.66 373.07 30.28 39.41 0 0.365380 259.57 449.71 31.91 40.43 0 0.365168 1860.64 443.93 32.77 27.12 0 0.364804 438.26 732.35 18.54 28.21 3 0.363959 1742.97 40.19 31.36 25.51 0 0.361743 1656.16 20.17 23.42 24.42 0 0.358854 1817.63 115.43 23.62 26.18 0 0.358206 597.91 731.37 24.82 26.08 3 0.351622 702.31 413.00 26.91 52.06 0 0.347737 981.34 194.98 41.19 23.89 0 0.340427 1563.24 6.92 23.10 22.89 0 0.339512 1820.04 40.50 23.31 25.34 0 0.334630 205.96 548.70 31.68 44.69 0 0.332959 1495.59 567.36 33.46 40.36 0 0.329919 1340.54 480.46 29.27 59.45 0 0.326784 653.08 378.30 22.53 36.80 0 0.326239 1449.02 343.73 26.26 36.82 0 0.325435 1772.95 897.97 57.90 27.24 0 0.325014 1627.78 91.86 19.02 29.14 0 0.323569 1677.65 776.87 73.06 28.73 0 0.319625 1679.88 774.76 52.19 33.03 0 0.311493 628.23 514.76 23.90 44.41 0 0.302559 1500.27 573.27 33.92 41.35 0 0.296825 717.70 285.48 30.18 58.15 0 0.294366 347.24 259.09 30.93 36.80 0 0.293102 233.54 499.74 26.90 37.06 0 0.288967 341.77 261.40 30.64 38.26 0 0.288829 521.50 671.89 30.50 54.86 0 0.287787 1323.25 380.33 25.51 48.72 0 0.284769 1728.70 41.32 33.70 22.43 0 0.284745 1520.47 2.46 27.65 26.66 0 0.280512 619.15 732.79 29.78 24.72 3 0.280229 1087.05 199.14 37.85 22.31 0 0.279897 1650.23 96.12 19.21 26.41 0 0.275167 731.07 382.92 30.04 55.93 0 0.274478 541.15 373.35 28.01 41.72 0 0.271244 1315.69 345.74 29.15 36.18 0 0.269509 1589.71 89.23 20.71 29.76 0 0.264725 1764.43 777.52 43.10 27.34 0 0.260252 498.04 799.17 28.45 21.46 3 0.256369 1892.51 401.41 26.33 23.81 0 0.255131 427.65 82.21 23.50 35.97 0 0.254836 623.02 259.32 24.78 33.17 0 0.251696 724.78 416.20 29.76 61.53 0 0.251175 1799.75 40.61 23.05 25.02 0
94,0.550222 765.66 592.55 57.29 30.34 0 0.507642 1158.10 469.27 31.88 32.22 0 0.484208 1203.75 557.57 41.01 44.72 0 0.483805 1263.30 668.12 44.73 51.88 0 0.407491 862.77 329.47 32.58 18.72 0 0.380667 1203.67 216.62 21.26 14.11 0 0.372547 967.88 287.39 18.80 28.00 0 0.356738 1061.21 193.88 13.64 14.03 0 0.349157 1068.17 291.92 26.94 19.85 0 0.330036 1235.22 373.39 49.48 31.03 1 0.308152 1101.63 359.62 29.47 24.39 0 0.302932 852.40 289.23 29.39 17.03 0 0.282273 1060.86 627.53 40.48 50.80 1 0.277830 838.25 234.04 29.90 16.41 0 0.277667 1075.71 307.78 29.13 21.25 0 0.277627 1086.45 323.10 27.95 20.20 0 0.273074 762.18 283.07 34.65 20.29 1 0.271559 876.38 94.11 12.61 17.56 0 0.258424 911.18 204.33 18.10 17.71 0 0.257362 1110.28 376.31 39.87 32.40 1 0.255113 858.79 310.49 33.00 17.35 0
95,0.571183 1155.03 674.61 44.17 45.39 0 0.542826 1096.70 566.12 38.89 44.52 0 0.515758 972.47 330.15 26.68 32.07 0 0.502280 1050.42 482.02 31.20 29.96 0 0.435710 731.41 256.90 30.91 17.12 0 0.391735 1077.08 224.83 19.18 15.29 0 0.364513 762.65 353.55 32.24 19.67 0 0.353999 661.43 314.90 33.85 19.40 1 0.346930 959.65 303.62 21.73 21.03 0 0.345796 1165.48 459.43 38.57 41.38 1 0.344787 681.25 638.49 59.51 35.27 0 0.323617 1138.14 379.79 30.79 24.22 1 0.314073 751.21 231.58 21.00 15.22 0 0.291212 926.33 197.16 14.20 14.48 0 0.283584 1116.22 374.79 49.13 32.82 1 0.283483 721.10 209.27 23.61 15.28 0 0.282507 1109.33 372.51 43.44 35.45 1 0.264911 733.47 206.79 23.35 15.66 0 0.264693 997.40 385.85 42.28 40.32 1
96,0.581099 294.24 807.74 37.82 73.90 0 0.574315 1080.73 527.80 25.67 50.58 0 0.566931 373.23 809.32 34.05 62.61 0 0.532025 1110.55 520.76 25.67 53.57 0 0.520240 237.65 816.25 39.53 74.72 0 0.519300 1074.41 632.52 60.75 30.89 0 0.484447 1802.66 15.26 34.19 46.05 0 0.479638 625.53 853.33 62.45 31.44 0 0.444179 412.97 803.74 38.01 69.74 0 0.425724 1054.77 535.47 26.40 51.09 0 0.391907 1379.38 545.94 46.19 28.80 0 0.364005 845.34 467.18 20.69 44.04 0 0.349159 807.32 410.21 24.92 42.52 0 0.330034 859.01 368.60 54.08 25.20 0 0.328065 937.77 398.84 26.96 46.87 0 0.325389 907.36 410.42 24.56 36.17 0 0.323841 1153.04 529.11 25.37 44.62 0 0.320183 1131.38 651.23 52.31 34.63 0 0.319003 1883.26 0.00 33.53 65.21 0 0.307658 1741.41 43.49 40.50 34.58 0 0.307624 837.62 320.80 34.26 20.50 0 0.301728 1748.99 36.93 38.61 38.23 0 0.301342 1244.52 0.00 24.18 33.45 0 0.298444 857.88 527.02 32.15 56.91 0 0.277152 482.33 309.03 37.07 39.42 1 0.275685 137.91 363.46 36.14 25.90 0 0.275382 58.30 579.36 33.85 44.67 0 0.256268 890.62 525.20 33.07 64.06 0
97,0.771106 1014.86 441.30 40.20 77.06 1 0.747738 502.28 828.41 39.02 76.98 1 0.701089 955.01 754.02 30.54 63.85 0 0.545785 919.93 412.75 18.36 27.61 3 0.523305 837.30 812.29 19.74 18.43 3 0.519855 958.10 680.41 25.26 59.27 0 0.480028 839.98 764.79 25.70 21.51 3 0.474938 897.53 718.92 33.94 68.06 0 0.459304 995.36 609.16 27.15 57.67 0 0.445041 253.97 929.22 70.28 36.92 0 0.419813 653.36 921.39 79.03 38.42 0 0.399890 839.87 775.85 23.29 18.36 3 0.383260 601.98 837.78 42.17 64.91 0 0.380181 890.54 613.56 30.68 58.28 1 0.374291 1325.49 903.61 78.58 37.71 0 0.366208 554.57 832.92 46.40 76.44 1 0.345040 1354.77 1045.91 30.46 21.23 3 0.340525 997.48 833.15 35.11 65.17 0 0.317185 1053.92 939.11 19.36 26.35 3 0.308080 1022.82 395.09 30.55 56.62 0 0.275041 837.13 724.76 21.48 21.06 3 0.264252 558.52 726.31 46.41 29.67 0
98,0.660883 862.22 928.97 36.97 64.66 3 0.596626 2.21 513.61 89.92 61.39 0 0.588410 112.37 411.10 71.89 68.32 0 0.585731 700.82 316.22 74.50 33.51 0 0.571557 1731.27 671.26 97.75 74.70 0 0.562573 1765.63 234.46 43.68 24.90 0 0.560657 908.28 679.04 42.32 30.88 3 0.551118 1411.58 653.00 78.31 81.77 0 0.542797 246.45 338.78 47.21 40.42 0 0.541130 126.85 508.11 63.31 62.35 0 0.539356 881.05 319.45 62.88 27.48 0 0.533551 1296.50 454.73 53.31 71.18 0 0.530959 964.52 320.09 63.14 27.88 0 0.526493 286.34 338.37 51.56 40.59 0 0.519821 201.82 335.88 48.13 41.74 0 0.516723 809.46 923.72 34.61 67.04 3 0.506106 257.74 436.18 62.70 44.99 0 0.504618 1689.16 230.95 37.22 26.64 0 0.486954 0.00 979.08 92.24 100.92 0 0.484817 68.63 413.31 54.97 64.32 0 0.480934 1608.28 527.75 93.80 94.72 1 0.479689 19.35 399.43 66.30 46.23 0 0.478059 53.44 341.07 85.28 42.09 0 0.468487 1858.73 199.44 35.81 20.63 0 0.460462 163.22 338.93 56.98 40.72 0 0.452368 653.13 719.37 43.31 29.50 3 0.449842 1173.46 107.35 35.43 22.77 0 0.447085 1719.99 195.48 40.61 24.16 0 0.443691 1239.67 375.17 51.84 55.28 0 0.440350 1212.64 150.41 33.15 23.51 0 0.438751 1664.78 609.42 75.73 58.82 0 0.433006 0.00 683.92 83.17 73.93 0 0.431982 1782.39 230.32 46.12 20.97 0 0.426329 1373.31 557.67 76.48 93.88 0 0.418916 1353.58 294.44 45.16 36.94 0 0.418774 796.41 321.06 60.34 30.18 0 0.415143 199.07 568.21 73.86 66.77 0 0.410422 271.57 987.09 55.43 44.78 3 0.402637 544.91 774.90 37.01 44.32 3 0.393429 1698.32 197.60 32.98 23.49 0 0.388491 175.09 338.95 63.85 41.00 0 0.385700 523.53 288.84 37.09 26.82 0 0.383613 1355.32 553.24 90.24 89.93 0 0.377659 600.37 290.20 32.17 26.07 0 0.376499 1339.39 530.10 63.81 70.79 0 0.372811 186.07 497.54 73.52 71.22 1 0.362272 832.68 293.02 34.70 23.91 0 0.357281 1793.94 197.37 42.12 22.40 0 0.357028 198.03 778.88 35.54 34.81 3 0.347917 76.05 676.22 98.61 108.27 1 0.346937 1516.51 459.11 61.74 47.14 1 0.345032 34.99 344.29 78.06 39.06 0 0.343003 1664.73 227.49 41.30 27.61 0 0.339308 1608.81 528.41 72.21 82.10 1 0.327066 1264.21 426.49 51.81 47.17 0 0.325259 647.37 707.10 43.40 37.42 3 0.324899 1737.47 196.69 40.52 23.01 0 0.317714 1103.41 251.25 52.17 32.76 0 0.313390 1658.83 226.85 35.25 23.97 0 0.309351 696.93 301.92 64.49 29.98 0 0.308162 701.28 306.26 66.38 30.15 0 0.297424 802.44 324.00 64.52 30.12 0 0.297240 1559.09 176.76 34.91 20.23 0 0.297026 1668.40 194.27 35.69 25.34 0 0.296087 1702.72 298.43 37.37 26.05 0 0.294165 43.30 330.08 66.69 35.65 0 0.287401 694.66 323.71 76.79 32.91 0 0.283122 47.82 331.18 74.05 38.56 0 0.280688 1602.61 196.27 30.58 24.12 0 0.278152 1175.48 204.54 16.83 25.67 3 0.270248 1344.25 530.80 98.30 102.11 0 0.267806 1760.56 259.17 40.22 21.50 0 0.262265 43.33 693.54 117.25 88.84 1 0.258728 185.60 924.72 33.05 60.30 3 0.256134 1103.61 261.63 47.29 29.52 0 0.251566 1257.93 404.69 49.46 65.43 0 0.250900 1513.18 449.33 61.46 51.30 1
99,0.359126 1418.88 663.15 21.93 32.44 1 0.280289 1422.14 673.68 20.43 26.46 1 0.268037 1759.62 578.92 22.14 35.44 1
100,0.480039 1210.83 413.47 172.26 102.60 0 0.415570 877.35 613.07 122.58 178.25 0 0.412524 767.06 590.06 112.80 154.51 0 0.399436 1215.00 388.48 175.29 114.11 0 0.358829 1557.74 323.19 156.34 77.77 0 0.281239 1404.53 359.31 137.55 79.67 0 0.254192 853.61 488.46 26.88 41.80 2
101,0.566312 675.89 563.60 57.42 43.85 1 0.429862 703.70 564.33 44.77 37.47 1 0.329815 818.66 612.45 27.95 16.85 0 0.320108 285.59 571.72 25.54 17.31 0 0.293688 762.72 546.97 25.77 18.90 0
102,0.668115 663.18 784.37 60.56 48.37 3 0.618831 1572.27 480.18 76.39 67.87 1 0.594875 1463.13 749.71 85.71 104.12 0 0.545343 1379.11 279.89 46.31 31.86 0 0.544922 1408.11 632.02 83.85 112.93 0 0.543597 16.88 644.14 94.66 79.71 0 0.539672 648.36 313.95 85.95 36.10 0 0.535449 407.00 935.84 39.68 63.54 3 0.528531 1762.21 682.39 91.79 85.11 0 0.528181 1825.08 202.20 43.65 26.72 0 0.521802 1369.53 584.80 63.86 59.81 0 0.519347 749.27 311.90 77.00 32.02 0 0.516818 1741.74 201.79 39.52 24.79 0 0.515276 737.57 267.46 40.78 31.47 0 0.506189 120.99 456.60 79.10 61.90 0 0.504452 939.66 312.21 72.55 31.38 0 0.488382 1485.34 392.49 58.06 43.11 0 0.486614 1692.95 156.15 41.62 23.68 0 0.484273 69.86 328.09 67.74 54.27 0 0.484008 170.02 336.17 59.85 47.24 0 0.481170 538.82 836.69 57.13 50.38 3 0.460095 1804.35 241.26 54.39 26.61 0 0.440946 1846.70 200.47 44.33 24.27 0 0.440230 1214.14 106.66 35.46 23.75 0 0.432044 1762.54 279.67 48.87 31.62 0 0.431032 1849.12 158.10 45.69 23.94 0 0.429253 1672.33 158.53 38.82 22.63 0 0.427624 1255.42 380.19 52.35 60.86 0 0.421172 842.08 310.52 78.31 34.58 0 0.405579 1437.99 343.07 60.93 43.89 1 0.394562 1097.48 241.82 57.80 29.31 0 0.382041 1704.64 622.93 97.14 63.57 1 0.381631 182.57 1027.36 34.42 46.11 2 0.379508 1711.45 198.19 42.07 25.45 0 0.376826 1843.58 772.38 76.42 105.06 0 0.367457 1749.79 156.27 43.21 26.40 0 0.364135 654.43 307.72 76.36 38.76 0 0.362044 349.82 817.42 27.27 40.14 2 0.359867 232.00 892.27 46.52 60.37 3 0.356264 1717.01 155.61 41.46 25.22 0 0.352440 465.36 341.83 24.54 30.20 3 0.337204 1.37 436.90 41.83 74.54 0 0.335474 1412.43 313.38 53.20 34.78 0 0.332093 1766.02 155.88 37.92 26.12 0 0.330731 1155.61 12.54 40.87 26.01 0 0.329224 422.49 820.66 61.33 42.90 3 0.328132 1600.99 136.44 36.39 17.26 0 0.319174 95.17 330.94 65.78 52.43 0 0.318904 1313.96 488.44 66.63 75.08 0 0.315555 255.50 888.64 41.27 57.96 2 0.314479 1176.13 52.21 33.09 23.01 0 0.313990 1522.51 436.59 73.04 54.91 0 0.309667 1281.50 446.58 44.76 51.86 0 0.303616 846.82 306.54 70.06 32.35 0 0.290432 128.08 332.88 41.82 49.87 0 0.289116 349.99 793.58 27.15 41.15 2 0.289093 444.45 279.95 32.50 40.19 0 0.282569 1630.97 153.60 35.57 24.24 0 0.273918 1645.19 154.49 34.66 24.95 0 0.272859 651.23 271.27 37.11 25.29 0 0.271474 1757.68 285.52 51.66 28.96 0 0.261209 285.99 307.45 62.52 27.56 0 0.259051 1098.33 228.16 58.00 33.87 0 0.255155 1676.54 584.70 78.60 54.93 1 0.250891 1563.10 454.67 68.53 74.61 1 0.250584 448.02 273.65 31.94 38.78 0
103,0.609832 1130.74 585.47 56.86 29.45 0 0.548223 1515.99 205.38 46.01 23.90 0 0.529026 1125.80 510.18 59.81 26.60 0 0.522363 1478.95 483.52 54.90 28.36 0 0.519780 1497.57 587.84 55.09 27.64 0 0.515992 1334.52 401.63 54.08 27.80 0 0.503164 1500.40 554.82 52.26 27.20 0 0.497842 1044.96 582.34 64.50 28.29 0 0.493052 1462.61 299.12 49.79 23.33 0 0.474640 1554.62 472.45 48.96 25.10 0 0.459788 1555.41 439.65 48.96 28.00 0 0.453527 1532.29 366.78 49.92 28.47 0 0.448604 1345.97 469.09 46.85 26.74 0 0.442666 1459.29 273.83 47.85 22.56 0 0.441196 1519.27 256.48 49.27 26.60 0 0.440449 1463.97 322.20 48.90 23.45 0 0.439936 1444.46 202.71 54.15 26.79 0 0.437927 1334.86 323.41 48.27 25.41 0 0.437747 1575.28 591.41 58.59 29.60 0 0.433966 1505.30 617.27 52.98 27.54 0 0.433277 1465.42 303.81 45.79 25.90 0 0.431163 1334.57 373.06 49.34 26.51 0 0.425295 1573.84 585.73 56.72 31.57 0 0.425142 1325.86 233.40 49.37 22.53 0 0.422819 1530.97 325.96 49.84 24.06 0 0.417355 1343.27 440.73 52.82 30.35 0 0.414026 1347.19 518.05 48.42 27.89 0 0.410791 1344.69 544.56 50.47 28.64 0 0.407412 1129.97 559.78 56.02 28.61 0 0.402112 1334.50 346.51 47.89 25.52 0 0.395773 1348.09 575.94 53.18 27.96 0 0.393260 1336.93 293.88 47.76 25.66 0 0.389032 1570.96 536.83 49.93 26.07 0 0.382320 1453.93 247.49 47.09 24.02 0 0.378530 1346.17 496.08 46.48 26.47 0 0.376413 1482.29 490.68 53.22 26.24 0 0.374191 1331.01 269.92 48.46 24.81 0 0.373450 1553.91 484.47 52.15 26.62 0 0.369893 1556.65 487.97 53.60 28.48 0 0.354325 1575.66 560.73 48.15 27.22 0 0.351979 1459.95 283.26 47.42 23.25 0 0.350865 1259.86 228.27 46.01 22.61 0 0.349073 1753.34 834.03 26.68 18.13 3 0.348429 1501.96 592.54 54.23 26.17 0 0.347170 1554.81 443.98 50.25 29.49 0 0.343687 1476.87 413.39 52.94 32.27 0 0.340889 1475.65 436.87 51.86 31.08 0 0.326627 1342.68 514.35 52.67 26.38 0 0.325487 1448.82 225.04 49.16 24.23 0 0.324954 1462.20 344.41 47.78 24.09 0 0.319315 1328.24 254.48 49.27 24.88 0 0.303497 1343.10 492.16 48.82 25.37 0 0.297012 1346.51 563.00 51.88 31.18 0 0.288275 1500.11 531.47 50.17 28.55 0 0.286247 1479.02 458.37 53.63 27.49 0 0.284017 1336.16 376.67 52.02 27.52 0 0.260075 1476.88 468.38 56.31 24.23 0 0.256332 1547.80 413.65 46.73 23.86 0
104,0.704956 796.00 457.08 64.13 123.32 1 0.625266 1205.77 504.83 22.03 42.43 0 0.588145 547.33 824.48 32.53 63.59 0 0.569162 1052.45 497.47 25.33 48.58 0 0.540228 845.41 401.95 18.81 37.27 0 0.514329 12.45 569.67 51.47 27.98 0 0.493603 24.48 909.84 57.82 47.97 0 0.465484 132.14 925.72 37.76 62.13 0 0.463220 1085.06 501.16 21.62 44.54 0 0.455265 408.34 821.16 39.90 62.04 0 0.439552 59.10 783.00 33.27 49.47 0 0.423278 1154.58 502.94 25.68 48.51 0 0.414749 330.16 650.35 42.35 24.17 0 0.408666 1230.84 507.08 23.35 41.27 0 0.393596 918.06 389.62 27.58 44.06 0 0.393370 450.03 583.22 53.98 24.46 0 0.376324 2.07 766.58 37.24 60.50 0 0.371951 1226.61 687.92 55.13 28.25 0 0.365565 843.66 353.92 23.53 43.35 0 0.360350 105.00 913.37 48.63 71.20 0 0.358656 871.66 360.47 22.07 39.06 0 0.354429 7.97 909.88 55.64 44.46 0 0.346731 83.86 787.76 29.62 42.35 0 0.336048 97.83 911.52 48.93 67.99 0 0.331909 1311.42 498.62 34.04 27.39 1 0.313527 197.33 794.28 32.23 43.75 0 0.311354 768.12 204.81 25.72 38.82 1 0.308876 871.29 396.26 21.01 36.25 0 0.293424 277.87 649.47 48.04 24.86 0 0.274101 337.45 651.54 44.18 23.44 0 0.255680 202.27 648.37 45.43 26.53 0 0.253875 641.94 663.58 39.06 19.81 0 0.252107 200.76 785.13 39.04 51.34 0
105,
106,0.638193 208.23 455.88 31.69 54.21 0 0.575207 390.44 497.57 53.79 26.31 0 0.555272 59.93 461.80 35.95 56.39 0 0.552820 653.54 259.26 26.58 48.93 0 0.540772 839.96 258.76 22.56 40.00 0 0.523360 174.59 460.48 31.12 51.67 0 0.500146 106.45 456.99 34.61 55.72 0 0.495388 1164.82 702.26 47.61 57.89 1 0.435638 816.02 262.29 22.85 39.74 0 0.426432 911.51 597.60 30.04 60.06 0 0.411756 797.72 337.48 59.75 28.05 0 0.395467 889.52 270.04 20.54 32.56 0 0.363411 792.15 265.56 24.42 40.04 0 0.300414 592.48 161.76 22.76 39.17 0 0.284286 679.45 166.33 20.74 32.09 0 0.278988 495.04 154.58 32.78 25.48 0 0.278226 622.73 255.90 27.73 45.10 0 0.276094 868.91 262.64 21.10 35.72 0 0.258772 425.43 396.89 47.73 29.21 0
107,
108,0.425943 68.35 700.62 212.17 92.93 0 0.273978 0.00 878.98 31.75 61.00 0
109,0.594198 1214.47 958.65 87.14 121.35 0 0.563453 1425.73 141.96 40.50 54.33 0 0.556490 640.20 311.89 90.11 68.26 0 0.551443 222.11 442.00 109.08 76.32 0 0.543000 1273.08 341.80 43.97 27.74 3 0.530529 895.75 365.28 72.51 73.73 0 0.514075 1250.03 912.09 50.47 43.49 3 0.509363 1594.51 328.29 59.03 69.36 0 0.505389 337.95 358.35 108.91 58.02 0 0.504347 779.01 335.22 65.63 72.37 0 0.473357 845.92 346.80 56.33 78.79 0 0.472072 743.65 328.19 63.76 72.14 0 0.467514 1252.98 858.21 47.67 43.67 3 0.464146 1243.98 916.72 54.27 45.58 3 0.463046 1241.94 375.78 25.33 26.85 3 0.406800 1284.59 195.99 58.73 32.96 0 0.391304 1250.11 321.66 54.47 30.83 3 0.379609 435.82 309.35 82.95 44.68 0 0.361778 1247.46 895.94 49.72 45.99 3 0.357591 1251.22 270.29 70.88 43.54 0 0.347574 1276.00 221.59 57.30 35.09 0 0.325921 1481.50 124.40 34.61 27.46 3 0.324095 1259.74 339.02 49.44 30.63 3 0.281047 1800.20 1017.97 111.32 62.03 0 0.275813 1376.55 51.83 32.28 35.13 0 0.274488 418.38 328.57 69.84 51.18 0 0.270001 1262.11 244.95 66.31 35.33 0 0.266141 860.90 348.27 95.43 85.27 0 0.264239 1558.14 822.57 69.90 149.39 0 0.261529 1486.55 69.26 34.99 53.84 0
110,0.587041 43.96 624.60 50.97 82.23 0 0.578189 1043.79 213.00 47.39 67.57 0 0.535283 337.06 420.77 43.03 66.34 0 0.529621 84.84 276.35 42.87 67.48 0 0.519825 111.20 31.60 35.71 53.05 0 0.515318 327.96 136.69 35.27 55.53 0 0.513154 326.57 30.50 26.10 41.18 0 0.504969 1278.42 402.81 60.15 71.31 0 0.500469 70.82 440.28 42.86 68.55 0 0.484633 342.12 495.34 42.27 82.60 0 0.437402 346.36 592.66 44.79 85.72 0 0.432754 103.73 141.72 33.38 54.51 0 0.306309 347.44 613.38 41.96 100.27 0
111,0.627027 1669.24 315.25 102.68 87.54 1 0.596358 1398.21 384.18 78.87 108.88 0 0.577329 737.77 221.43 103.49 54.48 0 0.572005 1588.18 202.73 71.50 57.09 0 0.567440 1790.12 505.79 100.49 94.99 0 0.524604 1426.89 497.49 86.59 102.77 0 0.512877 733.73 148.85 50.85 41.36 0 0.510715 1538.57 789.42 103.18 158.54 0 0.504266 1630.40 258.16 79.48 54.65 0 0.482294 0.51 217.63 94.18 85.29 0 0.476958 1737.89 420.36 83.56 79.49 0 0.473338 855.10 224.63 115.58 53.89 0 0.469710 148.11 191.74 112.06 44.24 0 0.467302 982.17 234.45 105.19 44.29 0 0.467007 1472.76 605.41 92.90 130.63 0 0.455892 1856.90 603.75 62.11 104.31 1 0.453728 476.09 130.61 45.13 54.02 0 0.453210 1526.47 365.23 30.36 40.75 3 0.451641 152.43 187.48 96.46 40.44 0 0.450597 587.84 210.62 130.03 59.00 0 0.448621 806.18 141.43 55.00 55.18 0 0.446089 367.28 134.38 53.11 49.04 0 0.421989 1526.21 378.98 30.84 33.67 3 0.389927 1602.08 932.15 103.50 147.85 0 0.389118 627.48 149.25 50.32 40.85 0 0.359467 1483.54 611.26 101.67 127.86 0 0.350686 1224.79 102.57 77.04 40.12 0 0.328134 1222.55 127.78 79.19 43.40 0 0.312568 1474.36 605.21 76.06 91.30 0 0.311988 1627.11 263.74 88.26 61.68 0 0.310501 1545.82 135.86 55.62 52.80 0 0.287967 612.75 220.32 104.51 53.37 0 0.277439 511.48 127.90 37.11 52.02 0
112,0.483362 1397.78 409.09 259.70 120.69 0 0.481033 715.84 414.23 270.39 113.82 0 0.423233 1093.01 417.17 220.78 120.28 0 0.317647 1104.14 410.34 261.00 143.32 0 0.306896 59.20 394.31 257.74 142.38 0
113,0.507859 1662.53 744.62 70.24 29.86 0 0.479748 1255.93 744.58 66.08 29.44 0 0.400445 942.81 739.76 62.83 29.29 0 0.325167 571.51 704.37 52.10 23.09 0 0.266850 596.44 140.65 30.68 12.10 0
114,0.718793 690.26 597.85 24.56 49.94 0 0.696688 601.29 541.59 22.87 51.35 0 0.675173 840.40 578.49 25.13 57.08 0 0.669494 789.06 719.44 26.27 51.33 0 0.657120 916.79 704.50 26.02 55.77 0 0.647256 664.47 729.90 27.35 55.42 0 0.644046 1045.36 561.59 26.26 52.27 0 0.640209 601.61 606.94 25.33 55.30 0 0.637803 719.54 530.32 24.79 49.77 0 0.632652 596.22 742.20 29.05 55.62 0 0.629559 568.73 609.71 27.64 55.12 0 0.608876 1795.94 709.46 40.54 55.58 0 0.596948 697.62 724.57 27.65 53.45 0 0.592139 747.61 528.83 22.67 47.05 0 0.584852 629.49 540.72 23.94 49.16 0 0.575182 600.36 813.18 28.02 60.68 0 0.574318 984.33 560.65 25.05 53.51 0 0.562299 722.45 593.46 24.49 49.90 0 0.562279 1396.55 0.00 44.28 14.49 0 0.556404 1008.53 696.94 26.41 55.71 0 0.554994 833.03 524.27 23.81 47.73 0 0.546442 820.45 713.96 27.32 56.91 0 0.545860 901.14 580.07 26.99 56.02 0 0.544209 893.72 516.86 20.11 47.73 0 0.541833 565.32 812.93 28.26 58.73 0 0.537651 1163.40 992.44 31.48 63.30 0 0.536517 528.10 810.49 28.48 63.09 0 0.534255 928.74 575.74 27.26 58.15 0 0.533765 871.43 579.41 25.52 54.89 0 0.531400 1832.68 778.78 36.84 58.11 0 0.529651 1073.76 696.43 24.98 51.10 0 0.523705 853.18 713.19 27.88 58.43 0 0.521180 630.55 739.69 28.12 59.21 0 0.520064 1035.50 506.00 21.14 46.08 0 0.518309 1044.38 917.63 30.43 68.51 0 0.518099 1016.85 564.07 26.30 49.34 0 0.515777 566.21 742.58 26.66 53.72 0 0.513350 977.34 506.32 24.44 46.30 0 0.512680 726.18 718.06 27.22 56.86 0 0.509476 865.64 519.12 21.32 46.18 0 0.509475 1073.80 557.21 26.51 46.78 0 0.507760 776.94 530.42 24.93 48.69 0 0.504607 757.09 721.09 28.07 55.17 0 0.498612 1715.79 525.80 32.66 46.56 0 0.496979 535.94 741.55 27.61 58.42 0 0.495001 810.82 586.09 24.66 52.50 0 0.494133 539.26 546.27 29.18 50.32 0 0.489968 807.25 530.44 24.62 45.95 0 0.488474 945.93 702.10 26.00 56.66 0 0.477173 1145.67 901.83 30.21 61.35 0 0.472540 1768.45 641.43 39.67 56.97 0 0.465666 975.11 701.11 26.46 53.57 0 0.463734 660.70 599.13 24.99 50.47 0 0.456000 540.33 612.08 26.46 53.18 0 0.448142 1522.72 298.48 47.33 26.93 0 0.440948 1006.69 506.75 22.49 44.36 0 0.438179 1040.37 697.45 26.59 56.09 0 0.437025 921.55 522.23 22.74 44.56 0 0.429558 1111.06 906.75 32.22 68.95 0 0.429491 1827.07 772.84 39.03 61.96 0 0.428071 1626.41 309.98 23.85 39.63 0 0.422158 1441.34 84.16 38.11 19.61 0 0.386985 949.29 517.83 25.65 45.64 0 0.385781 626.96 607.10 25.91 49.73 0 0.383841 780.84 590.04 25.62 51.73 0 0.374067 1668.64 411.87 33.93 43.27 0 0.367400 1516.90 282.75 48.18 22.27 0 0.367356 752.27 591.40 26.38 54.73 0 0.316116 1518.25 295.64 46.18 26.14 0 0.310667 699.10 0.00 33.98 53.07 0 0.297246 1532.98 340.95 48.72 23.08 0 0.279349 835.84 520.46 23.23 47.78 0 0.258584 1302.72 135.38 42.16 20.65 0
115,0.612270 121.08 392.82 262.78 145.45 1 0.560128 1582.63 383.27 194.50 77.94 0 0.554841 1375.94 383.05 189.19 78.86 0 0.554264 752.13 418.21 185.24 70.56 0 0.455524 978.07 407.77 202.21 75.33 0 0.444558 494.81 411.90 227.69 82.29 0 0.337728 159.64 371.11 281.41 166.81 1
116,0.352044 790.59 796.90 22.89 25.28 0 0.288176 739.30 897.37 25.66 28.99 0 0.250284 768.25 844.74 22.23 26.42 0
117,0.551516 1228.97 220.16 38.81 28.31 0 0.547603 1108.78 311.31 44.51 42.75 0 0.537012 1257.66 341.25 48.22 34.94 0 0.518653 1134.89 451.92 40.74 32.97 0 0.518323 1408.97 283.32 44.45 35.43 0 0.507742 1192.35 251.75 39.82 31.37 0 0.507585 1363.36 326.45 45.01 42.50 0 0.507517 1094.66 321.05 47.28 41.94 0 0.502663 1372.61 321.88 43.10 38.80 0 0.498564 1129.30 446.31 40.55 36.43 0 0.496682 1159.76 429.28 39.09 36.36 0 0.495634 1158.75 526.41 43.85 45.05 0 0.495132 807.44 344.61 43.54 35.73 0 0.484618 1089.28 327.79 46.37 36.78 0 0.484235 1224.33 467.74 45.50 42.11 0 0.477236 1240.94 347.46 50.84 36.65 0 0.469248 1045.63 539.42 46.53 33.73 0 0.466072 1217.47 226.25 37.72 30.62 0 0.465237 859.68 297.91 35.68 36.78 0 0.464968 1108.68 487.13 38.60 38.23 0 0.461996 1285.60 319.52 41.53 30.98 0 0.460225 1216.38 473.51 46.50 43.59 0 0.459890 304.15 770.05 48.02 57.57 0 0.458918 991.98 408.12 43.34 41.44 0 0.458713 975.27 416.84 47.13 45.25 0 0.458612 965.43 426.22 51.70 40.52 0 0.452831 1310.36 379.02 40.96 35.94 0 0.452352 1283.93 412.46 38.30 33.78 0 0.449442 1294.37 308.80 43.80 32.81 0 0.447173 1142.30 442.08 44.15 37.86 0 0.441026 1123.51 297.20 41.22 42.65 0 0.425892 1084.05 499.84 37.92 35.71 0 0.422742 1240.43 207.86 36.58 25.96 0 0.422630 1170.62 268.04 43.82 36.51 0 0.419576 1049.01 520.13 46.82 28.35 0 0.418940 1307.89 386.79 44.60 39.81 0 0.418260 817.34 337.71 41.29 32.70 0 0.418142 1198.11 483.33 39.89 43.09 0 0.402042 1048.38 366.77 43.14 37.61 0 0.401063 1315.66 290.30 40.06 34.55 0 0.398461 1036.48 379.17 41.83 38.53 0 0.392514 1145.95 279.34 42.11 37.28 0 0.391889 1228.17 460.50 45.51 36.85 0 0.389308 1299.68 300.81 37.55 31.54 0 0.388942 1322.57 280.19 37.81 34.32 0 0.385605 1190.40 179.31 35.46 28.86 0 0.384904 1201.49 233.44 38.13 28.15 0 0.383694 1165.60 510.17 41.97 46.18 0 0.380147 1155.72 531.31 40.72 43.81 0 0.375311 1264.14 332.38 51.03 35.81 0 0.373267 957.50 430.67 46.73 33.62 0 0.369780 1172.84 181.40 31.35 25.89 0 0.362575 1198.86 396.96 42.24 34.88 0 0.359810 1329.88 272.31 44.27 32.87 0 0.359750 1240.32 437.23 40.94 34.79 0 0.357550 1144.45 546.26 38.26 42.23 0 0.355466 1119.50 560.02 40.37 42.08 0 0.355297 1205.43 388.49 45.06 37.10 0 0.353897 1171.61 417.77 39.76 37.47 0 0.353665 1259.45 194.57 34.72 31.02 0 0.352924 909.78 639.85 38.38 52.53 1 0.352865 1350.81 256.07 42.90 28.08 0 0.352028 1139.07 285.16 39.59 36.22 0 0.351998 1344.31 261.95 45.17 33.46 0 0.351833 1232.35 360.60 50.10 34.60 0 0.351198 334.20 823.34 56.09 56.02 0 0.350876 1075.80 509.61 44.11 38.75 0 0.333443 1203.34 239.62 40.58 29.99 0 0.332704 1271.94 323.93 45.67 32.12 0 0.326504 1049.80 545.03 41.74 38.16 0 0.323472 1187.87 405.81 39.86 34.42 0 0.322371 1290.51 398.47 44.87 37.32 0 0.314959 1177.73 263.37 42.47 29.79 0 0.314615 1216.11 177.52 32.28 27.86 0 0.300533 1512.03 329.42 33.01 23.74 3 0.298371 1055.80 528.10 43.32 37.11 0 0.291210 374.86 874.81 54.01 63.37 0 0.276957 1030.39 373.37 44.25 39.28 0 0.274879 1095.95 488.87 42.69 38.77 0 0.272504 1045.44 797.47 35.59 35.07 3 0.271606 1218.41 366.50 50.46 39.79 0 0.269165 1055.49 361.22 41.89 34.16 0 0.265207 1115.49 563.53 38.14 41.92 0
118,0.650452 568.00 451.45 23.67 45.73 0 0.641219 596.87 449.70 24.79 45.82 0 0.624730 966.96 561.71 24.00 47.01 0 0.624008 957.86 389.83 20.49 40.84 0 0.621712 1079.28 830.28 27.91 61.00 0 0.617536 700.44 558.52 24.14 50.05 0 0.613436 1673.81 450.99 28.88 49.92 0 0.605950 653.83 450.87 23.32 40.05 0 0.601945 905.61 560.20 24.23 50.98 0 0.600845 996.90 566.16 25.18 44.20 0 0.593271 674.59 559.93 22.70 49.32 0 0.592166 790.24 563.99 21.62 48.31 0 0.591773 580.16 568.09 25.43 47.55 0 0.591003 1731.28 629.36 33.47 54.37 0 0.590248 640.13 562.91 25.72 49.13 0 0.585231 1728.47 637.50 34.47 50.97 0 0.581052 680.69 448.60 24.02 47.18 0 0.579499 1012.90 390.03 19.02 42.16 0 0.566265 821.77 447.07 21.74 45.56 0 0.562231 906.86 446.65 23.47 49.11 0 0.559884 1025.00 566.22 23.17 43.88 0 0.558246 876.61 448.70 25.92 46.87 0 0.556723 603.20 396.22 22.52 45.31 0 0.554556 1752.91 698.70 36.65 60.14 0 0.552144 766.91 397.17 23.42 46.61 0 0.546849 737.44 449.31 22.34 45.46 0 0.546316 962.36 439.53 20.37 47.34 0 0.539318 876.61 560.97 24.86 50.25 0 0.535766 522.26 564.81 25.06 51.16 0 0.532449 986.94 390.46 19.45 40.51 0 0.529319 575.21 633.68 22.92 54.33 0 0.528561 758.84 564.38 23.96 44.68 0 0.526776 542.00 630.57 24.41 50.39 0 0.523863 822.03 564.27 22.53 47.41 0 0.523700 1040.36 754.03 28.18 60.31 0 0.507404 978.92 754.33 27.13 63.23 0 0.500233 1073.24 748.70 28.68 60.10 0 0.492382 940.18 560.52 21.27 47.13 0 0.491012 608.84 568.72 26.09 50.14 0 0.487944 1519.46 276.31 42.95 20.44 0 0.487266 991.51 442.52 19.86 43.59 0 0.485943 554.16 566.00 22.70 46.10 0 0.485351 767.24 448.99 21.94 45.80 0 0.474757 511.29 626.66 23.63 50.90 0 0.462589 738.36 392.55 21.67 43.07 0 0.456476 629.76 395.40 21.31 45.71 0 0.447162 546.47 399.85 23.62 44.07 0 0.446824 627.05 450.16 22.73 43.15 0 0.446765 713.75 391.73 23.36 43.99 0 0.445252 1710.97 331.91 29.63 51.47 0 0.439052 1640.77 354.89 26.22 36.30 0 0.428292 794.22 449.56 19.80 44.45 0 0.427650 849.94 448.21 24.85 48.24 0 0.416901 537.06 453.43 27.12 45.44 0 0.408853 848.91 390.34 21.54 43.49 0 0.405877 797.86 399.52 19.24 40.92 0 0.397534 730.30 561.99 25.08 50.31 0 0.394865 820.05 398.14 22.02 46.22 0 0.392522 930.19 396.89 21.79 42.26 0 0.387219 1712.53 562.28 32.06 60.21 0 0.376421 710.40 446.41 23.80 43.85 0 0.372623 1509.20 245.57 42.04 21.69 0 0.361472 1612.90 251.07 20.96 40.16 0 0.359791 1455.22 29.93 40.63 21.73 0 0.345384 1020.96 446.96 26.20 42.78 0 0.324002 1661.11 261.25 24.16 38.83 0 0.322582 557.04 326.39 13.30 23.30 3 0.305631 880.72 394.73 22.12 41.33 0 0.294493 532.21 329.34 14.24 22.80 3 0.291816 902.63 395.18 23.88 42.46 0 0.281176 1514.81 248.07 44.50 23.16 0 0.279320 705.24 328.25 14.61 19.39 3 0.277223 614.04 569.75 26.15 48.12 0 0.275815 1191.57 129.49 27.87 33.82 0 0.271338 796.61 444.28 18.49 43.39 0 0.259914 1045.63 437.32 25.90 46.35 0
119,0.582325 525.40 415.54 190.23 74.70 0 0.566112 982.98 377.11 189.72 75.09 0 0.540581 246.01 412.15 196.47 86.57 0 0.513383 1207.99 359.73 207.17 83.67 0
120,0.387948 779.20 685.20 35.77 25.23 0 0.383922 815.49 665.74 34.91 25.19 0 0.381384 919.77 509.02 28.49 22.85 1 0.348528 715.51 723.63 35.01 25.93 0 0.270701 664.26 749.14 38.63 24.07 0 0.256255 614.52 773.53 38.57 22.98 0
121,0.302965 791.75 616.74 36.00 13.55 0 0.250561 1099.47 572.84 25.82 15.45 0
122,0.512636 1281.67 635.34 44.16 60.09 0 0.480959 1330.21 637.06 42.18 65.38 0 0.419817 1576.24 666.26 51.38 47.77 0 0.405123 871.16 513.04 32.95 59.44 0 0.402549 1382.17 642.40 48.23 60.47 0 0.362018 909.83 508.48 32.74 62.23 0 0.359441 1187.55 629.22 48.00 60.55 0 0.358827 958.43 520.96 34.89 47.92 0 0.304969 1572.74 651.23 52.70 49.42 0 0.304862 912.84 489.74 33.73 59.05 0 0.288197 1522.49 660.18 45.05 56.05 0 0.256650 837.51 487.56 33.71 40.55 0
123,0.672821 70.44 118.43 36.30 69.19 0 0.580268 114.31 680.21 32.35 64.42 0 0.572583 41.62 199.88 29.03 62.43 0 0.549807 13.57 597.68 34.52 63.99 0 0.548082 12.14 364.30 33.22 59.97 0 0.527418 839.73 535.37 31.80 69.31 0 0.521272 77.04 199.58 34.69 64.89 0 0.513671 838.58 623.52 35.81 71.93 0 0.502875 849.93 229.01 31.47 64.85 0 0.499918 41.91 363.92 35.77 59.51 0 0.479752 842.47 384.69 34.40 70.56 0 0.476135 36.81 121.27 30.91 60.95 0 0.472076 107.38 197.63 34.47 64.15 0 0.467662 843.15 462.83 33.68 63.54 0 0.460068 112.00 591.60 35.62 64.11 0 0.452468 79.70 365.63 35.56 60.18 0 0.446402 77.46 597.36 33.56 68.13 0 0.432674 856.30 70.31 28.82 65.48 0 0.404374 9.60 197.35 32.60 62.04 0 0.396886 3.22 115.13 33.43 64.42 0 0.318191 1047.47 261.92 29.07 61.04 0
124,0.587795 709.22 445.59 81.23 116.20 0 0.534709 1115.06 628.48 57.37 26.85 3 0.525652 654.51 560.59 90.17 142.65 0 0.442375 760.97 386.33 47.59 28.78 3 0.426197 551.71 812.96 106.18 166.42 0 0.403975 1118.07 585.22 59.47 31.49 3 0.399508 1123.17 483.74 50.31 32.22 3 0.358886 485.84 985.58 118.85 94.42 0 0.335635 802.51 292.90 40.87 32.49 3 0.334836 765.28 370.33 52.07 34.03 3 0.333953 1113.62 602.22 62.78 33.84 3 0.330195 1117.64 531.02 51.62 26.91 3 0.329885 781.05 355.37 44.55 27.38 3 0.314228 776.28 361.32 45.35 27.60 3 0.308877 788.14 320.49 47.73 34.48 3
125,0.639460 1137.85 458.68 32.25 36.02 0 0.570262 821.13 232.82 28.77 15.81 0 0.526342 1182.92 547.80 39.75 40.64 0 0.508990 751.72 586.75 59.55 32.75 0 0.506232 1237.71 653.61 52.95 56.79 0 0.470425 847.43 326.28 32.46 17.66 0 0.441408 983.17 399.30 24.74 33.05 0 0.439013 1067.64 325.04 28.74 25.22 0 0.392532 799.47 205.79 26.51 17.84 0 0.387938 915.84 208.32 24.95 15.12 0 0.382832 1018.18 180.86 21.58 16.80 0 0.348102 1062.70 313.44 27.23 23.20 0 0.319436 1097.08 369.15 36.18 31.02 1 0.317813 745.39 281.88 32.39 18.46 1 0.311460 1061.98 310.56 28.59 21.31 0 0.310727 1050.86 288.81 24.81 18.14 0 0.304625 1213.86 371.71 43.58 31.66 1 0.292680 1185.62 215.01 20.01 12.40 0 0.292070 1224.26 365.83 44.89 29.26 1 0.271113 1037.90 190.63 16.42 14.62 0 0.265462 1212.89 364.13 54.27 34.46 1 0.250052 834.81 181.48 19.75 13.91 0
126,0.562571 1047.16 486.19 30.96 33.22 0 0.531311 1096.57 575.17 37.21 43.87 0 0.439418 676.71 644.90 63.21 40.45 0 0.398914 761.72 361.21 30.61 19.72 0 0.379281 1154.45 686.00 40.00 34.00 0 0.364169 998.85 395.45 38.91 42.42 1 0.357293 819.49 246.47 27.83 15.94 0 0.355747 721.21 215.08 21.28 12.83 0 0.339077 733.73 261.92 25.35 14.84 0 0.337368 1078.13 231.06 22.14 11.98 0 0.317116 992.18 381.48 27.96 22.29 0 0.311656 658.29 315.62 31.82 21.28 1 0.308259 734.48 212.34 19.39 11.93 0 0.289850 756.58 341.33 31.10 19.08 0 0.282625 1110.62 381.18 39.77 34.51 1 0.274166 973.63 339.35 23.62 21.22 0 0.256049 1135.73 384.01 30.25 28.95 1
127,0.628306 983.61 520.31 22.95 48.67 0 0.574322 1436.57 1018.68 31.69 57.60 0 0.565936 1675.63 863.75 40.65 69.51 0 0.555807 1273.64 868.05 34.92 68.74 0 0.553741 1505.32 866.49 31.42 65.01 0 0.552773 1341.11 865.80 36.19 68.15 0 0.547167 980.58 934.78 30.65 65.88 0 0.547005 1475.82 867.00 29.66 63.39 0 0.543212 1407.70 858.94 32.12 64.09 0 0.532272 1205.95 968.37 34.64 79.61 0 0.532092 1404.15 1021.52 29.56 56.53 0 0.513286 1091.15 684.45 52.99 25.56 0 0.484691 983.75 299.67 18.66 40.90 0 0.467559 1636.60 864.89 34.19 69.27 0 0.461421 1534.78 1013.43 31.78 49.26 0 0.459676 982.86 394.40 23.99 50.46 0 0.439632 1365.39 1017.42 26.75 51.34 0 0.433587 1399.37 1018.25 29.52 56.23 0 0.400315 1091.70 420.95 36.00 25.46 0 0.399113 1073.49 399.82 39.33 24.03 0 0.394932 1069.25 418.01 43.10 26.65 0 0.385459 981.30 629.96 23.32 53.26 0 0.357513 1885.59 1006.23 31.16 40.72 0 0.352659 1214.03 524.38 49.12 22.64 0 0.343569 1076.43 602.87 51.33 26.34 0 0.342842 1218.39 572.55 54.24 26.41 0 0.337160 985.39 203.40 19.30 36.38 0 0.332860 1092.71 716.42 50.98 24.99 0 0.318612 1094.03 364.58 28.01 27.80 0 0.297309 1080.93 626.00 50.88 24.70 0 0.292687 1850.00 1008.15 38.23 35.93 0 0.292078 1070.47 572.14 50.30 24.13 0 0.284028 1072.31 592.03 50.40 25.02 0 0.279070 1079.61 610.16 48.47 26.40 0 0.267496 1094.61 346.55 25.08 28.07 0
128,0.575990 57.90 28.93 52.12 25.32 0 0.464291 508.86 63.50 33.58 51.68 0 0.407750 515.03 65.70 31.03 51.26 0 0.398621 67.43 531.15 12.70 18.60 2 0.397513 201.18 549.12 14.42 18.55 2 0.360977 506.55 62.19 32.61 40.07 0 0.329491 233.27 508.86 16.86 14.68 2 0.305565 184.59 602.00 13.65 12.95 2 0.273588 164.09 446.11 16.72 18.42 2
129,0.421094 1207.61 385.69 157.02 115.16 0 0.404525 778.70 615.05 118.18 151.56 0 0.340813 1665.52 246.97 75.92 61.73 0 0.336254 1196.80 404.85 151.73 104.81 0 0.331338 1383.59 323.34 149.05 102.73 0 0.329956 900.31 635.41 121.02 170.07 0 0.292655 1528.87 286.80 136.35 77.52 0 0.280370 1200.70 424.93 132.39 83.69 0
130,0.505663 1092.29 556.28 32.40 53.27 0 0.497101 1119.85 346.39 28.22 38.47 0 0.484277 1137.08 203.06 27.71 41.10 0 0.463835 1117.93 391.43 33.57 57.53 0 0.461778 573.79 679.05 64.70 33.00 0 0.431873 1123.35 296.88 28.18 44.36 0 0.421322 877.95 54.55 35.57 17.79 0 0.394616 843.92 214.85 41.26 27.06 0 0.387633 1117.58 389.93 33.14 55.37 1 0.368740 841.84 242.38 32.21 28.11 0 0.353627 1265.47 419.87 68.64 42.98 1 0.346490 1132.46 258.30 27.20 42.80 0 0.272348 1247.88 592.52 43.91 113.88 1 0.256680 742.46 132.19 35.58 33.97 1 0.253571 836.02 246.15 35.63 26.65 0
131,0.520449 1433.01 755.25 70.37 31.64 0 0.381795 858.87 332.54 24.17 46.02 0
132,0.562558 25.48 203.34 115.74 70.49 0 0.554288 132.50 248.06 108.32 72.93 0 0.549910 87.13 68.55 88.78 54.30 0 0.545124 3.42 462.12 131.56 88.61 0 0.538865 187.28 75.20 95.34 46.94 0 0.529733 277.63 222.75 105.26 66.98 0 0.524598 1164.63 359.89 125.61 74.09 0 0.509170 0.00 99.52 63.92 54.15 0 0.504910 1310.88 414.37 125.94 83.77 0 0.502592 766.16 199.50 92.23 60.18 0 0.488514 393.77 389.25 127.19 87.67 0 0.484416 1433.32 339.43 71.94 66.95 0 0.479229 426.94 133.16 89.43 61.42 0 0.462691 611.92 204.54 96.02 69.34 0 0.445935 204.23 195.07 92.33 57.92 0 0.442406 261.76 309.48 122.11 88.59 0 0.437657 84.83 145.46 125.75 64.81 0 0.436659 13.68 674.04 146.48 111.77 0 0.428910 485.43 32.79 19.44 36.23 3 0.426784 503.82 169.28 112.98 66.35 0 0.410779 1616.01 540.39 152.23 88.39 0 0.398358 1352.69 320.48 64.27 48.38 0 0.396526 1235.98 287.62 55.76 39.59 0 0.393769 233.71 304.03 93.29 76.56 0 0.391070 1499.02 493.67 99.12 71.76 0 0.391011 236.35 298.53 120.41 83.35 0 0.377985 398.02 117.57 90.86 65.49 0 0.371628 86.01 515.36 147.99 106.73 0 0.367846 81.17 505.36 124.49 98.21 0 0.358915 538.49 167.68 95.92 66.68 0 0.357387 13.21 448.49 140.83 79.86 0 0.347972 571.87 184.54 85.41 73.12 0 0.345268 250.91 281.00 123.51 80.49 0 0.342735 575.66 187.65 108.01 73.39 0 0.342627 1613.82 535.77 129.38 66.67 0 0.335867 117.01 139.84 101.79 60.79 0 0.334034 978.81 190.10 53.37 53.21 0 0.333051 346.65 0.00 43.00 24.56 3 0.332172 409.00 119.02 99.90 65.64 0 0.331166 523.36 155.57 96.00 61.96 0 0.323122 1307.18 408.83 115.08 70.79 0 0.322396 254.02 928.34 31.70 69.59 2 0.321181 263.64 292.36 115.40 88.39 0 0.318015 546.71 184.48 99.61 69.37 0 0.317940 4.13 417.68 113.32 72.21 0 0.308597 1777.04 579.86 110.61 77.56 0 0.293841 333.60 0.00 43.60 25.46 3 0.290469 0.21 431.63 123.25 105.26 0 0.288962 97.46 131.87 111.71 61.69 0 0.287900 1460.16 482.76 138.98 72.30 0 0.287366 1080.60 227.49 52.32 51.23 0 0.269540 0.00 393.88 95.53 55.66 0 0.260887 414.38 113.76 81.17 50.93 0 0.259852 114.02 515.14 170.46 122.50 1 0.259115 21.09 661.54 167.81 113.03 0 0.251015 119.27 783.82 131.63 187.71 1
133,
134,0.687278 413.69 317.52 20.15 44.60 0 0.639875 581.05 263.13 20.66 40.25 0 0.639530 506.59 416.84 20.94 47.34 0 0.635714 676.82 415.74 20.96 46.50 0 0.615329 293.69 483.45 24.74 48.76 0 0.614445 309.22 430.36 22.02 43.63 0 0.607017 723.08 584.81 25.24 53.80 0 0.602657 575.65 314.37 20.49 45.76 0 0.588648 479.40 420.88 20.54 41.73 0 0.585068 548.18 311.38 20.13 46.37 0 0.581028 602.58 314.52 21.04 46.44 0 0.567977 679.28 309.14 22.53 44.21 0 0.562232 630.94 312.33 22.00 48.41 0 0.558866 265.27 482.76 24.31 44.48 0 0.549118 336.34 321.50 21.54 44.07 0 0.549080 655.85 264.56 20.50 43.60 0 0.547164 701.72 415.84 21.94 46.82 0 0.546480 629.15 264.27 21.42 41.83 0 0.546173 338.31 429.54 21.20 42.97 0 0.541230 535.53 416.71 24.07 47.25 0 0.537048 503.27 272.57 20.65 39.16 0 0.536052 451.01 269.31 21.85 39.75 0 0.531255 615.36 414.42 23.79 46.70 0 0.529603 1388.40 465.29 30.59 52.60 0 0.528025 364.94 427.22 22.51 41.15 0 0.523546 387.70 317.02 20.47 43.84 0 0.521520 341.05 276.22 25.61 35.69 0 0.516348 607.90 264.21 21.05 41.16 0 0.515402 282.93 429.86 21.82 38.08 0 0.510211 646.65 414.81 20.44 44.91 0 0.505336 551.82 265.72 20.01 43.52 0 0.505176 235.15 478.72 28.05 48.22 0 0.503895 663.53 584.49 28.27 58.69 0 0.500788 735.04 308.11 23.23 45.33 0 0.499256 289.54 274.19 23.87 40.12 0 0.481779 449.59 421.09 21.82 42.55 0 0.472725 306.00 322.25 22.86 41.68 0 0.468048 440.02 316.82 19.17 42.75 0 0.444909 762.94 301.85 22.58 45.51 0 0.431429 280.87 328.73 24.59 36.23 0 0.431373 680.78 260.80 24.68 40.93 0 0.426461 365.31 272.12 23.49 39.55 0 0.419347 1357.18 307.29 26.83 41.49 0 0.413190 928.99 20.59 34.90 41.90 0 0.406302 1230.50 152.95 42.48 21.11 0 0.403829 392.56 422.02 24.35 44.45 0 0.402389 729.57 415.38 24.46 45.66 0 0.398042 1322.29 119.22 19.34 47.29 0 0.383843 361.85 318.05 17.35 43.26 0 0.381742 390.56 421.45 22.23 41.06 0 0.381086 591.09 413.87 23.26 47.31 0 0.377297 255.43 427.14 28.65 42.72 0 0.375906 461.98 314.52 19.23 42.49 0 0.370331 534.01 269.53 19.10 40.64 0 0.359805 1401.90 522.96 28.83 49.66 0 0.354714 1228.32 114.33 42.43 22.30 0 0.352059 249.09 429.33 27.21 40.41 0 0.317018 473.32 268.99 21.35 39.32 0 0.309211 582.47 412.90 25.93 47.16 0 0.306799 752.58 650.79 27.16 56.63 0 0.305555 752.29 578.96 29.07 54.57 0 0.302415 1232.56 124.42 39.16 24.16 0 0.296147 293.69 211.06 16.46 23.44 3 0.293439 405.26 418.12 23.09 43.37 0 0.288025 1378.60 401.31 30.64 54.62 0 0.287703 499.04 318.21 20.55 40.70 0 0.285577 521.99 314.79 20.57 42.75 0 0.282703 415.38 207.89 12.11 21.50 3 0.278312 459.26 206.69 12.74 21.17 3 0.258058 422.45 419.01 23.05 41.77 0
135,0.441460 1138.36 108.51 27.92 15.16 0 0.420619 1055.96 101.62 20.05 20.33 0 0.361968 1178.67 109.41 26.06 16.73 0 0.311746 592.93 683.64 15.45 21.15 2 0.307200 1183.66 110.23 24.05 17.78 0 0.296383 946.77 240.11 18.23 40.63 1 0.272635 1053.68 152.71 25.92 24.59 1 0.269370 452.82 0.00 62.57 22.33 1 0.251483 858.46 676.73 16.57 27.38 2
136,0.689426 1002.23 467.66 26.25 58.46 0 0.648525 1120.79 821.87 28.90 63.05 0 0.614721 1082.06 820.40 30.42 60.89 0 0.612888 1269.33 459.86 29.03 58.97 0 0.611710 904.30 395.00 25.97 54.01 0 0.600384 1193.53 381.97 27.67 55.73 0 0.600034 1224.32 580.95 25.17 53.77 0 0.594831 1196.46 462.12 23.69 61.21 0 0.586746 446.25 180.21 28.94 59.34 0 0.583423 1133.02 460.86 24.68 62.58 0 0.581863 386.14 183.14 31.11 60.77 0 0.581115 374.01 497.99 26.89 50.23 0 0.574289 1072.70 461.71 28.96 61.96 0 0.570798 404.61 498.85 25.66 50.53 0 0.556991 1241.27 688.26 62.60 26.68 0 0.554740 937.64 388.50 27.97 56.69 0 0.554722 1230.34 462.89 25.84 61.11 0 0.552451 1191.17 581.30 24.25 52.18 0 0.546997 1097.22 385.61 26.32 57.21 0 0.546507 1039.03 462.91 27.55 62.30 0 0.545573 382.11 62.49 27.69 59.40 0 0.544183 423.51 309.45 30.35 56.69 0 0.534422 1228.12 382.78 26.05 54.14 0 0.525323 483.49 178.80 25.28 56.76 0 0.524585 791.38 801.33 26.83 55.05 0 0.523423 305.75 506.17 31.30 60.38 0 0.514493 1165.41 462.02 24.93 57.27 0 0.510168 855.20 475.60 27.24 58.65 0 0.488988 942.13 796.97 28.92 57.43 0 0.486069 1264.46 385.76 23.24 52.11 0 0.485774 343.08 500.62 28.74 57.61 0 0.476070 766.38 700.63 49.43 28.97 0 0.474673 1041.31 389.28 25.42 56.58 0 0.473608 1050.85 799.16 25.40 57.01 0 0.470220 1006.52 390.00 24.16 57.09 0 0.469492 327.45 59.09 30.26 62.84 0 0.458757 1128.82 382.90 27.08 58.56 0 0.449324 755.07 796.99 29.28 58.07 0 0.448391 516.31 178.91 27.59 56.69 0 0.441938 974.26 386.43 24.82 51.95 0 0.424656 1257.12 582.47 25.29 51.37 0 0.420483 1056.47 264.15 23.92 63.68 1 0.416251 1036.50 582.60 53.30 24.36 0 0.415272 829.64 800.74 27.03 51.90 0 0.410205 872.87 397.36 27.88 54.48 0 0.409152 1159.21 383.20 27.07 58.68 0 0.403022 462.97 309.20 29.73 57.33 0 0.396434 599.88 295.50 33.36 61.87 0 0.384965 1050.90 23.53 42.96 34.49 3 0.383671 1302.49 458.17 25.39 58.78 0 0.382104 901.92 92.48 40.04 43.56 0 0.359368 1020.85 805.20 26.36 51.86 0 0.345842 1053.01 807.44 26.40 53.90 0 0.340905 1111.83 591.79 48.86 19.08 0 0.339650 1268.45 727.11 52.88 25.14 0 0.304539 819.29 486.68 25.19 52.13 0 0.272869 1047.37 10.97 38.99 38.23 3 0.255954 763.17 742.56 38.11 28.38 0
137,0.793731 835.42 530.58 66.93 36.91 1
138,0.616681 1109.10 372.91 32.72 55.29 1 0.531704 1085.01 534.23 31.31 55.09 0 0.519829 568.71 656.00 65.34 35.67 0 0.511596 1122.79 244.16 27.97 38.61 0 0.503180 875.11 42.55 32.31 18.39 0 0.491650 1116.38 284.97 27.97 41.18 0 0.491274 398.99 29.61 17.13 19.38 2 0.447173 836.98 202.24 38.25 31.54 0 0.441052 1130.49 188.59 22.49 41.45 0 0.376470 1114.01 328.76 28.40 42.18 0 0.359475 1234.45 559.48 51.36 123.24 1 0.322204 831.92 216.58 37.01 42.84 0 0.310068 1068.16 686.48 33.38 33.52 0 0.295497 734.81 121.90 38.83 28.93 1 0.258230 442.37 679.54 14.31 20.69 2
139,0.678084 835.17 188.34 27.59 56.51 0 0.651971 832.74 102.47 27.69 59.28 0 0.634507 767.82 554.92 28.30 60.00 0 0.623738 477.04 540.42 25.43 52.52 0 0.617039 766.90 109.75 26.37 57.11 0 0.604987 711.39 192.90 29.49 62.52 0 0.603885 868.18 188.51 29.06 59.72 0 0.594134 444.98 632.94 58.37 29.44 0 0.591534 669.33 534.94 26.60 55.43 0 0.590709 49.78 55.24 30.39 59.90 0 0.589586 642.13 199.52 27.47 60.74 0 0.589071 770.46 187.56 27.39 60.15 0 0.588576 671.16 112.43 28.30 59.19 0 0.585833 835.56 308.14 26.85 53.53 0 0.583697 573.33 116.47 29.50 59.38 0 0.582296 491.11 215.08 28.56 60.15 0 0.582110 910.79 182.99 27.03 58.85 0 0.545897 638.41 118.31 25.31 57.20 0 0.541285 804.95 189.25 26.51 56.84 0 0.540354 521.59 534.58 27.74 57.61 0 0.538897 589.24 534.63 29.48 57.94 0 0.533670 900.55 305.78 27.54 55.16 0 0.532970 539.82 119.93 26.80 63.62 0 0.531454 90.11 52.86 27.29 58.11 0 0.530888 892.34 411.34 55.86 29.03 0 0.528543 699.17 534.88 27.14 54.73 0 0.523614 398.24 540.22 29.12 56.64 0 0.520797 676.14 199.65 29.79 60.42 0 0.514460 733.69 110.47 26.95 57.33 0 0.510083 900.30 101.88 27.94 60.54 0 0.502670 731.59 553.84 28.24 57.73 0 0.502029 798.80 107.74 27.86 58.59 0 0.497154 456.21 219.40 27.14 55.84 0 0.491707 866.84 105.93 26.07 58.79 0 0.489978 437.40 542.76 28.27 54.07 0 0.477930 510.13 130.79 29.01 57.12 0 0.452473 868.70 306.72 27.02 55.54 0 0.424961 1862.17 785.46 57.31 28.21 0 0.415648 945.50 176.45 27.61 62.83 0 0.407298 690.85 0.00 26.91 51.97 0 0.398126 609.36 110.98 26.59 57.44 0 0.315532 406.40 439.99 32.59 29.81 3 0.301836 678.77 310.90 59.98 29.78 0 0.284730 231.25 34.28 29.40 60.47 0 0.277605 914.87 447.85 47.79 29.24 0
140,0.592932 383.32 1.97 33.88 67.58 0 0.581839 354.10 0.00 33.54 63.92 0 0.581226 826.25 844.80 61.54 39.11 0 0.576053 823.72 943.41 62.61 37.36 0 0.576041 656.47 1042.21 61.37 35.99 0 0.567613 449.20 8.53 32.85 65.58 0 0.539847 594.68 780.20 53.04 31.74 0 0.516022 581.89 1039.21 55.78 31.54 0 0.484345 680.37 710.39 61.76 33.88 0 0.469475 418.32 8.65 30.18 64.60 0 0.468013 831.25 786.99 59.30 28.50 0 0.465934 664.57 1009.16 59.48 30.46 0 0.459644 843.26 748.86 51.83 32.63 0 0.459168 1068.61 724.34 63.12 32.80 0 0.455976 589.51 872.17 60.83 35.80 0 0.455669 1064.33 786.92 67.65 33.78 0 0.445522 828.85 816.75 60.49 32.99 0 0.429399 691.68 473.13 78.90 37.19 1 0.425165 601.76 713.06 58.94 30.32 0 0.424786 826.57 879.38 57.17 31.50 0 0.420524 817.80 1011.16 59.11 35.20 0 0.402647 667.73 939.17 56.11 35.24 0 0.402414 1065.78 691.33 62.48 33.91 0 0.397112 677.39 743.54 47.97 28.62 0 0.386479 672.19 677.70 64.38 32.76 0 0.369366 587.73 906.91 55.07 28.78 0 0.368216 595.47 944.60 53.84 34.01 0 0.360664 669.82 778.53 57.78 33.49 0 0.356764 672.05 840.37 62.64 29.92 0 0.347231 814.19 1048.17 62.94 31.83 0 0.341164 671.87 874.57 64.56 34.30 0 0.332660 598.81 839.79 57.20 32.67 0 0.331469 821.05 973.39 60.66 34.42 0 0.331342 664.95 977.51 55.52 30.18 0 0.325620 0.00 0.00 26.68 49.86 0 0.312877 595.50 972.87 53.83 30.91 0 0.312459 1889.80 30.61 30.20 26.52 0 0.310476 1150.57 692.37 70.37 32.03 0 0.307129 589.79 1002.90 59.27 28.64 0 0.301581 684.37 467.70 93.68 48.80 1 0.296435 604.09 812.38 53.92 31.32 0 0.272962 821.92 980.69 58.26 32.08 0 0.264556 577.22 1053.50 61.33 26.50 0 0.263220 671.45 906.58 59.31 29.69 0 0.257452 823.39 884.19 59.56 34.22 0 0.250822 670.68 911.24 56.95 29.63 0
141,0.614357 1588.39 725.30 64.94 26.18 0 0.521321 158.86 711.13 56.15 27.98 0 0.513016 155.79 705.09 55.46 27.87 0 0.501282 138.15 788.41 63.76 28.76 0 0.423713 861.35 715.58 65.04 29.47 0 0.418935 1107.13 715.22 61.65 28.24 0 0.277469 465.07 713.01 58.74 30.71 0
142,0.418326 834.60 802.51 61.28 96.58 0 0.323658 881.12 939.38 81.03 125.47 0 0.276273 870.97 936.08 72.11 107.53 0
143,0.558112 537.61 739.76 82.78 104.48 0 0.507982 1164.75 718.36 79.11 100.28 0 0.506489 204.99 913.74 95.67 120.01 0 0.503842 119.56 550.50 70.73 92.19 0 0.503112 1121.77 743.34 83.21 104.32 0 0.499408 881.88 557.02 79.61 104.09 0 0.491040 742.17 654.33 80.35 103.48 0 0.481090 1242.74 838.51 79.70 94.94 0 0.473019 867.37 429.00 61.76 77.18 0 0.469960 969.05 819.34 83.26 104.05 0 0.468293 881.27 433.84 58.87 89.92 0 0.461407 274.50 886.53 84.36 111.38 0 0.444854 678.72 668.08 83.22 104.69 0 0.442905 932.24 854.39 70.73 106.61 0 0.438418 328.82 865.23 74.19 112.12 0 0.434946 836.87 595.03 78.81 94.21 0 0.432820 930.63 533.30 73.90 98.92 0 0.430145 1136.22 890.52 85.46 110.92 0 0.429827 967.29 383.11 61.32 74.89 0 0.424910 943.64 536.65 77.50 103.22 0 0.421838 1006.70 795.99 97.15 115.34 0 0.421471 1092.84 913.95 83.11 97.72 0 0.418815 223.68 915.56 72.55 105.04 0 0.416816 439.58 812.64 72.82 98.08 0 0.415647 111.11 547.09 64.36 102.02 0 0.413671 766.27 930.50 82.47 107.43 0 0.413466 1046.42 493.76 67.54 98.66 0 0.413118 872.94 894.94 80.22 113.82 0 0.412571 1060.70 771.44 86.84 110.43 0 0.410559 642.22 690.68 87.96 104.92 0 0.409909 8.07 589.88 75.12 105.04 0 0.409866 393.30 834.47 75.12 115.65 0 0.409845 923.39 543.99 68.35 99.71 0 0.408062 1033.13 494.05 64.87 95.05 0 0.405543 580.96 722.78 97.35 114.49 0 0.396760 659.54 989.62 74.83 90.38 0 0.395478 863.95 888.72 80.60 105.70 0 0.388196 172.04 940.58 68.95 103.69 0 0.338545 817.54 906.26 73.86 110.50 0 0.338215 176.63 938.56 80.94 112.46 0 0.337726 655.41 671.04 101.92 123.23 0 0.334257 943.98 1009.31 68.96 70.69 0 0.332968 341.16 863.72 77.03 110.69 0 0.331413 972.95 515.52 86.75 101.01 0 0.320368 180.21 932.01 111.34 107.82 0 0.312172 389.91 835.99 61.75 104.75 0 0.306186 753.30 635.21 92.63 115.29 0 0.304708 610.27 706.12 98.04 117.56 0 0.300161 930.96 415.13 71.65 86.18 0 0.299945 972.53 406.09 74.43 83.93 0 0.287652 700.88 660.41 106.87 109.02 0 0.281347 556.27 735.04 110.97 108.47 0 0.280988 230.36 910.65 88.68 108.14 0 0.280789 711.38 958.64 76.68 106.46 0 0.277736 285.65 882.65 87.31 108.01 0 0.275865 789.06 614.15 87.57 90.73 0 0.271964 951.36 531.46 91.34 98.12 0 0.270893 421.55 814.19 89.31 118.79 0 0.269752 933.00 540.41 60.32 72.39 0 0.268884 404.57 823.04 85.22 111.56 0 0.267187 804.32 912.08 98.06 118.59 0 0.266286 822.84 907.92 93.45 108.68 0 0.265762 1034.49 490.92 58.15 76.73 0 0.259076 772.82 614.92 86.12 108.86 0 0.257543 1023.21 789.02 91.62 111.25 0 0.256645 768.35 919.68 102.50 116.56 0 0.253992 597.86 745.06 79.08 91.33 0 0.251654 884.83 902.61 83.23 98.41 0 0.250116 849.42 569.05 84.97 114.37 0
144,0.838243 888.23 315.76 50.23 90.00 1 0.713602 660.66 330.43 41.10 19.83 3 0.593052 1782.60 477.71 135.60 56.73 0 0.572480 211.91 492.80 115.47 63.04 0 0.560261 1623.66 481.52 118.76 51.74 0 0.529264 22.83 673.76 156.94 69.49 0 0.525051 641.60 377.74 39.57 25.02 3 0.520274 1476.33 479.67 122.95 51.74 0 0.518702 124.02 360.87 61.72 51.43 0 0.490144 1703.58 688.22 197.52 102.84 1 0.478579 16.07 231.11 47.69 41.61 0 0.455065 16.98 623.41 66.79 41.09 3 0.453937 173.05 233.42 64.49 37.77 0 0.425919 643.81 425.42 35.62 27.49 3 0.422372 198.20 672.16 157.77 72.06 0 0.413081 68.47 234.88 47.22 38.20 0 0.375880 666.11 1017.41 38.05 62.59 3 0.365027 653.78 328.99 44.54 27.63 3 0.355156 646.37 375.65 43.65 20.92 3 0.351385 666.76 1017.20 37.19 62.80 2 0.320073 172.36 228.39 53.46 38.56 0 0.302839 823.14 362.49 22.08 37.77 3 0.297338 644.90 435.22 36.03 28.80 3 0.278251 1349.57 474.21 35.19 31.79 3 0.265396 627.07 436.91 37.59 31.86 3 0.264647 4.38 495.64 67.94 57.41 0 0.258896 1355.46 477.54 37.02 31.59 3
145,0.331928 545.25 973.39 36.53 37.58 0 0.289078 796.14 502.95 34.97 41.55 1 0.263770 541.01 983.30 35.39 43.89 0
146,0.489927 1158.43 635.63 31.67 48.50 0 0.464853 814.96 492.36 34.76 56.28 0 0.403418 1016.61 618.42 39.07 48.65 0 0.359550 766.65 506.21 34.25 47.09 0 0.349096 698.66 473.75 34.00 41.13 0 0.349096 1200.62 630.81 46.77 54.21 0 0.339064 1339.56 644.22 38.28 48.70 0 0.333426 886.13 476.97 29.95 57.32 0 0.319674 713.77 755.14 54.85 33.41 0 0.309139 1386.57 638.22 40.80 51.93 0 0.293166 1107.24 623.40 41.52 55.14 0 0.276521 956.21 611.69 26.13 36.11 0 0.274346 724.17 513.90 32.59 41.85 0
147,0.603914 906.99 665.10 32.35 51.66 3 0.540218 758.28 132.08 31.87 24.81 3 0.501292 763.05 105.85 30.58 20.30 3 0.444620 906.67 652.81 33.81 48.43 3 0.423447 764.40 84.27 27.32 21.16 3 0.331914 966.00 10.77 29.01 58.72 0 0.322478 970.80 90.22 36.14 60.91 0 0.276890 782.24 41.03 29.10 25.36 3
148,0.739170 493.62 609.39 39.85 77.94 1 0.723402 280.99 403.29 31.06 48.70 0 0.657415 240.98 628.62 30.15 47.44 0 0.648628 1224.97 534.55 35.35 38.82 0 0.638341 242.41 679.83 31.10 57.15 0 0.632215 331.11 954.59 42.67 73.21 0 0.628544 242.60 523.22 31.11 66.96 0 0.612840 425.34 586.30 29.44 51.36 0 0.612249 137.89 424.26 27.88 53.76 0 0.606009 315.78 832.58 38.04 69.03 0 0.600599 373.15 654.61 30.12 58.74 0 0.595272 301.32 520.46 27.34 54.00 0 0.588935 93.37 884.56 40.11 72.22 0 0.586177 768.54 304.68 44.37 20.46 0 0.585122 277.25 837.26 31.74 68.00 0 0.583685 398.48 593.25 27.92 48.90 0 0.576083 828.89 869.97 66.88 36.33 0 0.570552 1456.94 868.79 68.53 55.80 0 0.569702 381.74 755.29 30.57 52.80 0 0.568563 207.52 632.15 30.24 51.87 0 0.561529 444.32 740.94 27.84 52.11 0 0.559750 475.37 910.61 34.77 65.02 0 0.558012 474.97 734.49 30.79 55.78 0 0.557735 478.97 484.71 33.49 59.42 0 0.546345 408.66 751.82 30.86 50.87 0 0.544378 147.64 561.08 28.09 52.26 0 0.537478 332.70 519.48 27.61 53.09 0 0.537383 1147.15 369.64 30.61 31.28 0 0.528854 334.91 392.72 28.47 55.15 0 0.527222 1525.64 34.48 36.13 17.33 0 0.524288 1252.96 580.07 35.25 35.39 0 0.523788 449.77 369.20 27.55 55.62 0 0.520419 661.38 320.01 51.07 27.33 0 0.516574 223.86 412.24 34.07 51.84 0 0.512265 259.91 983.16 33.21 65.85 0 0.510671 381.90 808.14 40.29 73.75 0 0.507944 489.77 598.85 36.65 81.95 1 0.504309 275.14 779.40 32.53 56.73 0 0.500036 506.61 726.92 34.19 60.58 0 0.498982 1375.00 74.79 20.27 28.68 0 0.496928 495.80 359.16 39.13 67.80 1 0.482665 1406.68 1014.96 34.87 62.47 0 0.467499 55.62 891.59 36.63 71.08 0 0.452366 294.56 973.33 34.82 68.64 0 0.452177 511.91 904.10 34.80 64.47 0 0.451688 831.17 298.96 36.12 19.88 0 0.449944 140.58 1015.83 39.54 64.17 0 0.449237 443.48 916.61 31.34 66.61 0 0.449080 236.62 494.54 30.59 56.06 0 0.446953 1320.87 78.14 25.79 26.14 0 0.443092 1231.10 398.18 47.62 27.98 0 0.440816 1371.19 7.41 31.62 23.63 0 0.436538 420.79 495.15 30.96 55.70 0 0.436504 1756.00 796.49 48.41 84.37 1 0.436442 343.04 659.15 30.50 61.35 0 0.432224 581.67 880.97 35.69 58.41 0 0.428650 1247.89 9.29 23.56 27.03 0 0.421674 1363.57 462.42 30.88 41.84 0 0.418898 1216.71 87.70 27.32 25.63 0 0.417487 1316.76 8.63 32.85 29.91 0 0.413871 1242.94 88.28 22.18 24.55 0 0.413169 0.03 493.62 22.98 50.00 0 0.411165 1276.88 83.77 20.86 22.95 0 0.404226 390.64 510.09 28.46 51.77 0 0.400696 1771.51 113.31 37.75 27.77 0 0.392055 1521.40 704.42 41.25 32.57 0 0.382733 1298.67 177.78 24.68 32.41 0 0.378994 498.22 357.04 38.84 67.22 0 0.378480 1772.03 637.43 38.72 31.20 0 0.378130 1476.64 714.85 46.03 29.41 0 0.377542 1296.99 12.90 28.66 30.01 0 0.374309 299.20 964.75 31.26 70.16 0 0.374082 1180.44 440.80 33.45 36.85 0 0.372618 171.21 704.33 36.28 54.76 0 0.372178 468.52 614.85 34.27 76.10 1 0.371197 1382.96 7.56 28.33 23.14 0 0.368724 1508.86 381.58 21.41 36.69 0 0.368531 1550.98 817.12 61.02 33.23 0 0.364728 21.74 331.60 27.98 47.85 0 0.359963 471.50 614.40 48.00 76.85 1 0.357315 1712.10 816.37 39.62 68.29 1 0.355677 1860.67 602.40 53.81 37.35 0 0.354298 1834.05 612.20 57.26 35.00 0 0.349223 241.91 497.55 32.51 83.59 0 0.348655 1011.86 352.38 23.66 42.13 0 0.348373 1128.19 26.75 22.77 31.60 0 0.347634 368.86 603.09 27.40 44.21 0 0.344028 915.09 846.23 78.34 36.00 1 0.343856 1673.60 5.35 26.24 39.66 0 0.341464 1204.56 492.11 35.34 38.72 0 0.337576 353.63 657.98 38.60 59.73 0 0.334705 1873.08 599.76 46.80 36.36 0 0.334485 1674.47 833.55 43.82 63.59 0 0.330317 459.46 584.52 26.90 54.37 0 0.325326 410.78 999.67 21.44 33.68 3 0.324113 427.16 999.46 25.26 32.14 3 0.323137 1866.28 720.94 53.49 48.80 0 0.319484 382.77 594.32 33.85 49.98 0 0.318523 1891.47 233.91 26.57 31.92 0 0.317821 1300.00 81.40 25.31 23.66 0 0.317270 1819.36 620.41 42.71 32.84 0 0.316550 303.48 615.48 28.53 53.97 0 0.312353 1825.34 171.21 34.95 28.20 0 0.309851 1821.96 138.61 31.49 27.78 0 0.309472 1125.16 328.90 29.22 29.46 0 0.308580 1103.13 592.83 32.02 45.09 0 0.305643 1514.23 958.80 27.30 33.07 3 0.290784 458.48 588.28 30.21 63.08 0 0.290781 1841.66 240.05 40.09 39.40 0 0.289165 1031.38 399.47 32.26 28.09 0 0.278227 825.29 300.74 41.37 21.27 0 0.277588 1648.29 664.80 56.12 35.43 0 0.273926 1413.03 916.61 37.64 60.01 0 0.267849 1708.84 19.96 27.40 35.30 0 0.267196 391.81 495.24 30.25 58.95 0 0.264216 180.45 547.01 27.18 50.13 0 0.260277 1204.45 89.24 27.69 26.86 0 0.258383 125.24 716.10 34.56 49.51 0 0.255523 1814.45 210.23 30.09 30.35 0 0.251404 1126.19 333.79 29.74 29.06 0
149,0.650938 714.57 105.41 73.81 36.38 0 0.616705 931.11 735.47 35.12 73.52 0 0.606143 1156.28 408.75 69.74 36.13 0 0.574564 707.06 529.42 72.37 38.20 0 0.573253 1036.24 746.59 62.50 30.53 0 0.561593 712.19 153.49 69.81 36.54 0 0.532178 1262.22 313.69 71.33 39.49 0 0.531018 1257.32 275.46 71.93 38.20 0 0.524857 1280.87 560.70 71.17 38.29 0 0.524044 731.54 345.42 74.62 38.18 0 0.507230 1188.64 750.98 69.94 35.90 0 0.496071 1179.19 699.04 64.55 33.71 0 0.490719 1171.98 578.43 71.57 35.27 0 0.488550 704.92 579.36 76.90 40.44 0 0.481120 1177.89 615.25 70.36 35.16 0 0.479580 1196.05 797.21 69.89 35.23 0 0.476686 1053.56 454.91 38.95 78.95 0 0.471556 1127.39 172.29 71.13 37.11 0 0.470064 1180.93 653.10 67.76 39.59 0 0.461322 1162.66 495.06 75.78 36.11 0 0.452038 724.13 446.87 74.66 35.47 0 0.448902 1423.07 462.51 76.20 38.45 0 0.447908 1262.80 441.93 72.36 37.28 0 0.439817 1274.24 364.31 60.55 35.67 0 0.431327 1284.41 602.81 67.78 37.36 0 0.427875 732.50 486.08 72.59 41.36 0 0.421909 880.51 758.06 35.97 81.26 0 0.410222 1029.84 702.00 73.02 35.82 0 0.409136 719.40 198.56 64.54 38.68 0 0.408469 1277.47 523.25 72.16 31.24 0 0.399678 1285.08 688.80 68.82 34.00 0 0.389589 1131.87 215.64 76.47 36.62 0 0.388669 1033.31 659.48 67.28 33.31 0 0.372874 1284.30 649.34 74.23 35.58 0 0.367813 1248.14 272.29 73.68 38.86 0 0.363427 1282.44 692.82 74.05 37.26 0 0.359901 830.69 117.08 36.28 68.26 0 0.353911 922.87 86.86 34.15 67.06 0 0.343881 1293.20 729.26 71.09 36.45 0 0.333360 1386.91 12.08 57.74 46.82 0 0.332689 872.51 105.44 36.65 73.23 0 0.322184 1242.84 237.98 74.12 37.05 0 0.315310 723.36 261.48 74.68 35.68 0 0.313797 1166.75 452.30 69.42 37.14 0 0.306271 1685.86 446.53 60.31 53.93 0 0.305694 1734.21 240.34 76.29 38.24 0 0.284773 1048.47 544.07 31.92 45.24 0 0.280313 1163.47 450.14 68.65 32.08 0 0.270371 1279.34 739.18 75.91 32.77 0 0.266488 1271.94 526.11 70.49 34.18 0
150,0.679129 878.28 553.32 78.56 40.33 1 0.338431 1101.66 690.06 30.96 29.87 1
151,0.592269 1095.45 526.18 67.90 36.18 0 0.541208 506.08 1005.84 68.93 34.60 0 0.528981 853.13 494.82 61.00 34.70 0 0.511646 759.78 760.23 66.83 33.21 0 0.497327 736.48 832.00 66.57 35.14 0 0.491435 805.36 625.56 68.64 36.40 0 0.488165 1098.47 484.80 66.59 33.32 0 0.487203 1196.36 512.61 63.98 30.28 0 0.485261 1102.45 488.91 65.63 34.56 0 0.480125 411.03 980.02 78.06 41.65 0 0.478954 603.59 462.23 54.53 31.86 0 0.476940 719.91 900.87 66.54 37.38 0 0.467932 1081.22 577.73 65.52 39.50 0 0.459311 492.73 760.77 62.54 31.45 0 0.455391 775.21 726.42 65.05 38.81 0 0.454876 528.39 922.27 76.42 40.77 0 0.452801 1096.11 521.87 67.88 31.98 0 0.449330 552.33 591.10 57.35 33.39 0 0.448079 866.86 463.28 60.90 34.36 0 0.440979 563.38 821.39 68.17 41.64 0 0.435391 652.01 580.28 63.80 36.33 0 0.432103 729.25 863.60 66.34 34.49 0 0.427537 754.32 793.75 66.53 37.44 0 0.424498 683.00 1013.20 69.30 40.96 0 0.419533 590.42 528.89 55.01 35.49 0 0.415644 779.98 1038.47 56.68 37.15 0 0.409916 818.58 592.68 62.14 32.71 0 0.407287 460.46 869.29 66.09 36.34 0 0.405212 448.28 908.45 67.77 32.27 0 0.402150 675.87 485.75 60.18 34.59 0 0.397197 515.11 961.88 75.71 41.76 0 0.395389 640.36 618.00 62.77 33.13 0 0.390383 607.18 721.76 57.85 30.28 0 0.385225 711.93 942.29 69.58 40.13 0 0.377021 710.62 420.17 62.25 37.52 0 0.371512 829.38 560.73 56.24 34.65 0 0.356381 614.15 683.50 61.30 37.80 3 0.342576 551.91 859.30 64.90 35.36 0 0.337889 699.56 979.67 70.64 37.62 0 0.337031 563.90 560.93 60.26 37.07 0 0.331633 590.08 751.18 67.89 41.40 0 0.329651 788.28 687.90 65.69 36.15 0 0.316867 705.46 417.39 58.83 37.49 0 0.306266 796.83 995.09 60.12 40.14 0 0.304749 659.24 547.92 67.36 34.99 0 0.304155 500.01 730.48 64.35 36.36 0 0.290518 735.34 844.88 65.20 39.14 0 0.286622 381.15 750.30 25.35 26.39 3 0.266732 529.88 689.26 66.11 39.14 0 0.264093 611.57 431.65 57.00 32.60 0 0.263769 305.78 954.11 26.57 16.11 3 0.261351 668.16 1050.24 74.00 29.76 0 0.253053 542.96 897.81 70.97 38.50 0 0.252508 779.46 202.96 84.64 36.67 1 0.251345 704.99 970.81 62.68 38.24 0 0.251079 292.98 990.22 30.53 21.57 3
152,0.536893 713.42 606.70 27.64 58.94 0 0.434131 680.88 995.84 41.26 84.16 0 0.347493 728.48 420.06 26.90 49.77 0
153,0.579548 639.26 568.70 83.80 153.84 1 0.568638 951.55 947.47 36.62 69.37 0 0.554373 766.16 371.33 29.62 59.04 0 0.535389 268.16 891.74 46.35 40.86 0 0.533654 795.43 432.19 33.96 62.71 0 0.526312 955.59 596.82 30.04 62.65 0 0.497222 990.58 595.79 32.37 66.25 0 0.494310 736.89 378.50 29.30 57.36 0 0.476459 248.25 894.71 54.12 36.79 0 0.476167 986.31 946.43 33.62 74.36 0 0.444907 1141.19 603.95 28.11 59.40 0 0.423342 769.49 363.87 32.31 64.57 0 0.417928 1079.85 609.14 32.46 58.01 0 0.412333 1168.31 604.95 31.22 60.17 0 0.406849 56.25 805.19 57.14 31.54 0 0.405307 401.97 1020.17 30.03 59.83 0 0.402424 702.63 448.14 30.70 50.64 0 0.385252 404.28 903.53 64.73 30.14 0 0.384049 594.44 540.65 56.97 29.90 0 0.379351 1145.56 860.95 62.52 34.04 0 0.367568 253.06 1020.28 34.59 56.92 0 0.360820 1015.69 952.04 35.42 65.79 0 0.357863 701.75 377.29 33.39 65.80 0 0.356765 558.89 914.72 58.88 28.72 0 0.340916 472.73 997.00 35.48 66.77 0 0.339121 596.76 245.32 22.94 37.68 3 0.328615 636.86 915.21 56.63 28.40 0 0.307450 207.30 890.20 33.12 29.69 0 0.298856 738.51 445.42 24.71 45.27 0 0.263580 422.04 900.66 61.52 32.35 0
154,0.611503 956.37 543.10 39.73 20.67 0 0.590206 1199.28 560.60 50.51 21.86 0 0.572464 898.14 537.00 36.17 19.95 0 0.531475 1130.75 558.64 54.84 22.92 0 0.486949 1013.72 543.02 47.13 24.64 0 0.484725 826.06 531.69 51.92 23.81 0 0.258839 649.77 516.67 40.86 19.74 0
155,0.631756 391.81 727.06 56.02 25.33 0 0.544944 1161.37 691.88 61.07 26.62 0 0.528239 455.64 658.90 58.44 23.63 0 0.506619 1666.01 207.27 50.12 24.11 0 0.462573 1844.19 62.55 45.46 24.31 0 0.454796 1713.22 149.39 51.33 25.44 0 0.442594 1867.26 102.87 42.00 26.70 0 0.419204 66.85 638.23 70.60 31.08 0 0.401256 1891.92 154.54 28.08 23.85 0 0.390617 1838.02 36.71 45.09 22.17 0 0.385318 1731.85 201.88 55.23 28.20 0 0.381007 685.34 666.74 59.10 27.53 0 0.353532 1727.55 187.80 54.61 26.16 0 0.348323 1830.54 16.75 45.05 22.88 0 0.343003 1848.25 65.88 44.72 25.30 0 0.338475 1723.77 181.91 54.03 27.83 0 0.312005 1817.26 0.00 48.24 16.13 0 0.300984 1824.39 10.85 48.46 20.57 0 0.293712 1896.36 173.82 23.64 24.93 0 0.281949 1874.08 124.90 38.64 24.21 0 0.258995 1883.85 132.87 35.31 24.61 0
156,0.635745 740.83 851.20 60.66 35.86 0 0.616276 800.40 681.05 64.24 38.57 0 0.601836 716.43 915.79 61.08 35.64 0 0.582351 838.44 590.22 56.43 33.88 0 0.547356 709.74 950.69 58.70 32.45 0 0.535081 482.74 839.51 69.19 38.67 0 0.530104 514.09 1006.79 68.05 35.79 0 0.524514 828.26 616.24 54.89 32.34 0 0.512619 812.32 649.79 56.43 33.11 0 0.512070 630.23 700.25 54.60 31.78 0 0.498086 1078.69 588.04 61.35 33.96 0 0.491303 677.78 545.00 50.36 31.02 0 0.490047 772.62 778.74 62.55 36.62 0 0.488719 1166.19 613.79 59.40 28.04 0 0.483998 542.09 680.33 56.13 34.15 0 0.477127 1057.09 678.58 62.94 37.50 0 0.474208 698.83 984.21 62.83 37.09 0 0.465984 847.55 558.40 57.30 28.27 0 0.458363 788.80 718.27 60.55 31.85 0 0.457416 657.48 635.49 54.22 35.56 0 0.452544 494.14 1045.69 76.42 34.31 0 0.446454 534.53 938.72 65.04 36.43 0 0.441793 672.31 577.52 50.41 30.80 0 0.436927 754.16 813.61 64.13 32.15 0 0.435995 445.37 950.28 64.41 36.76 0 0.431349 687.15 1024.31 70.67 32.82 0 0.429013 734.31 880.99 61.85 31.14 0 0.414185 586.03 550.59 60.10 34.66 0 0.411346 563.35 865.33 61.35 36.68 0 0.407989 401.37 1055.75 67.05 24.25 0 0.401981 611.96 733.56 55.74 33.99 0 0.395735 523.19 777.96 56.77 39.24 0 0.392797 437.91 985.69 66.54 31.23 0 0.362652 287.41 1046.49 28.66 20.87 3 0.356043 577.82 618.48 55.93 34.33 0 0.355978 593.07 806.81 51.02 34.40 3 0.352503 486.79 815.34 63.68 40.94 0 0.346336 640.50 668.38 62.22 31.88 0 0.346202 1071.78 613.13 61.27 32.49 0 0.332596 544.93 903.86 66.97 36.08 0 0.327017 1078.89 627.10 59.23 33.25 0 0.326263 620.10 496.99 59.78 30.76 0 0.311155 694.28 508.44 56.34 31.18 0 0.310421 606.74 514.89 61.65 33.61 0 0.309655 292.95 1026.05 25.83 16.38 3 0.300494 734.76 871.67 62.81 37.85 0 0.293385 479.15 827.77 69.10 39.13 0 0.289923 353.59 877.93 24.65 18.01 3 0.286725 1075.03 603.04 63.75 35.61 0 0.277050 593.78 592.78 55.64 32.47 0 0.276815 794.75 703.04 59.64 38.73 0 0.276396 787.52 713.95 66.85 31.05 0 0.272490 759.19 804.20 67.00 36.99 0 0.269041 626.91 704.17 57.37 34.57 0 0.266179 375.25 827.48 27.18 26.40 3 0.256282 773.78 295.41 85.15 37.56 1
157,0.656053 483.09 771.48 33.47 67.34 0 0.583479 1269.28 495.93 24.03 54.59 0 0.575869 56.43 787.69 41.10 79.31 0 0.574225 594.01 769.96 35.44 58.71 0 0.548381 1057.18 507.99 26.51 53.52 0 0.543034 1236.29 607.78 68.14 31.90 0 0.540350 1377.24 639.53 48.89 25.20 0 0.535077 430.21 780.76 36.30 69.02 0 0.493114 1094.28 369.45 28.90 52.87 1 0.462513 561.69 768.79 30.00 61.44 0 0.445974 810.32 817.15 64.18 32.58 0 0.426350 1088.50 373.11 29.88 51.66 1 0.420895 235.89 539.53 31.56 49.66 0 0.415231 963.84 385.59 22.35 40.58 0 0.341731 1003.87 439.14 21.55 43.74 0 0.338745 632.15 292.17 40.98 38.39 1 0.316776 67.81 963.46 65.28 31.52 0 0.310146 1215.10 511.11 26.83 51.00 0 0.303187 1322.97 511.95 22.28 40.89 0 0.299892 1890.76 188.65 25.88 45.20 0 0.292471 1235.72 508.93 27.17 49.26 0 0.278418 1547.09 530.53 46.46 25.95 0 0.264220 363.21 331.17 53.82 24.23 0 0.263211 608.96 309.88 49.83 32.71 0 0.258337 1014.81 494.47 33.49 56.48 0 0.251866 304.24 327.77 32.43 34.76 0
158,0.577510 62.74 792.68 41.39 70.80 0 0.577223 1274.84 500.74 23.22 52.29 0 0.574949 568.21 770.40 30.69 59.31 0 0.561146 1096.57 380.07 28.13 42.63 1 0.552690 486.76 765.73 35.86 72.85 0 0.535664 434.99 776.42 36.05 69.58 0 0.518629 604.66 769.88 33.41 61.49 0 0.497159 1244.18 607.17 65.39 32.63 0 0.491824 1218.28 515.84 25.86 48.66 0 0.464026 1025.10 500.74 30.34 50.01 0 0.455478 1244.98 505.85 27.04 51.17 0 0.445297 1864.62 48.46 33.16 28.31 0 0.440042 814.34 816.21 62.16 32.96 0 0.426163 1242.92 513.06 24.99 46.26 0 0.403541 1060.28 505.58 31.89 53.68 0 0.355209 968.58 391.59 27.62 40.32 0 0.337599 1898.72 191.91 18.96 38.69 0 0.330405 76.97 959.63 54.72 29.60 0 0.318623 1548.29 532.66 44.53 24.15 0 0.311368 1008.92 440.72 22.07 47.22 0 0.298000 369.70 330.31 51.90 23.83 0 0.293159 1416.83 649.62 47.89 47.54 0 0.287576 241.87 535.47 34.89 54.18 0 0.275757 1300.57 504.67 21.44 47.77 0 0.273330 1067.94 373.83 42.24 52.72 1 0.261940 842.16 377.34 49.83 23.87 0 0.261692 158.44 775.00 42.03 35.39 3 0.250155 906.67 375.57 38.25 21.46 0
159,0.605119 1550.23 438.02 64.90 74.80 1 0.556615 913.19 748.44 181.18 99.52 1 0.554153 223.74 347.32 43.32 50.91 0 0.552382 263.72 339.53 56.95 56.93 0 0.546904 184.25 417.90 71.87 47.80 0 0.536906 597.17 245.39 29.77 25.26 0 0.533479 1216.96 134.93 36.25 20.61 0 0.531517 156.03 542.92 80.96 67.06 0 0.527225 1341.48 468.59 59.84 54.48 0 0.524037 37.84 835.91 171.02 78.38 0 0.523294 759.67 270.45 66.05 28.26 0 0.523140 1761.83 174.50 36.77 20.71 0 0.515311 1381.02 527.36 60.49 67.11 0 0.513246 164.77 602.46 85.45 80.48 0 0.498999 198.25 282.69 68.83 37.61 0 0.497577 994.76 270.95 59.77 28.24 0 0.491207 1641.44 546.58 80.12 57.41 0 0.485404 140.40 414.27 54.48 54.48 0 0.479093 1626.54 175.18 32.82 22.31 0 0.472520 0.00 572.02 71.53 102.24 0 0.468754 291.76 419.06 45.65 50.25 0 0.458585 87.72 718.38 104.64 96.35 0 0.453189 4.31 424.27 70.41 45.74 0 0.450555 628.69 683.85 41.21 30.99 3 0.450462 178.54 287.64 49.42 35.32 0 0.442784 868.27 247.62 40.04 23.28 0 0.438468 470.72 447.83 72.56 95.34 1 0.435912 155.82 726.56 85.43 87.73 0 0.429428 95.40 414.37 42.59 56.53 0 0.428767 179.36 274.71 59.73 35.28 0 0.425485 1240.18 320.66 47.01 40.84 0 0.425256 760.25 257.61 62.21 26.48 0 0.424635 1820.66 179.06 37.01 19.09 0 0.414528 320.01 278.39 40.91 36.85 0 0.414067 244.79 730.40 73.81 93.51 0 0.412823 1719.38 232.80 42.00 22.93 0 0.406277 9.42 425.57 78.98 48.76 0 0.401382 1241.14 326.37 51.69 42.67 0 0.399216 663.32 246.46 34.92 25.88 0 0.398819 175.77 335.17 48.01 29.80 0 0.398717 1384.72 296.23 52.92 34.55 0 0.398295 1671.92 177.15 33.84 20.03 0 0.392002 1429.94 329.79 39.54 31.80 0 0.388992 92.39 363.02 60.34 38.16 0 0.387473 1635.12 204.65 29.63 20.03 0 0.380988 359.45 460.04 57.71 51.34 0 0.377924 1547.16 449.39 96.08 77.95 1 0.373848 534.58 737.85 26.08 47.75 3 0.370914 1860.55 866.09 54.22 34.99 3 0.363188 101.74 413.24 43.74 54.29 0 0.363072 1314.51 228.58 38.57 29.02 0 0.360717 1756.87 173.86 33.27 22.62 0 0.355517 850.09 275.32 50.71 24.35 0 0.354111 1586.56 171.95 32.70 23.41 0 0.353799 1660.57 207.81 33.89 22.02 0 0.351137 365.04 281.82 33.37 34.49 0 0.349633 90.60 338.51 57.29 34.20 0 0.349439 179.65 331.48 41.23 29.71 0 0.345954 1292.11 197.58 42.91 26.18 0 0.342196 1655.58 207.34 35.41 19.46 0 0.340275 921.91 270.74 59.26 26.92 0 0.339542 0.00 536.47 71.95 90.61 0 0.339466 1693.39 174.93 36.47 21.18 0 0.336658 1648.75 176.83 37.44 20.27 0 0.329938 1859.96 252.47 38.26 20.28 0 0.326897 1283.70 378.81 49.04 53.56 0 0.326801 528.35 644.69 23.71 36.70 2 0.323176 391.65 359.00 47.49 38.17 0 0.320302 1599.68 171.26 36.30 24.53 0 0.320031 709.22 243.43 30.87 24.12 0 0.315180 123.55 721.12 115.98 92.64 0 0.307968 1047.65 268.73 54.74 31.89 0 0.305387 216.93 344.91 50.07 42.29 0 0.305224 164.19 551.07 107.15 68.89 0 0.304699 288.46 287.73 39.87 29.22 0 0.303466 1593.82 159.62 37.72 15.83 0 0.300121 1321.90 439.62 53.84 45.91 0 0.296060 1460.66 360.17 45.07 46.87 1 0.295697 93.80 346.98 57.22 35.19 0 0.293890 24.29 414.80 68.17 56.70 0 0.293727 1345.26 255.29 42.88 29.85 0 0.289990 415.47 564.49 21.99 35.26 2 0.289959 1318.84 682.62 46.70 37.34 3 0.281885 291.44 283.31 42.48 31.84 0 0.281652 829.74 247.09 30.42 20.59 0 0.278412 1726.53 223.28 48.37 25.80 0 0.278122 482.56 688.15 30.36 32.28 2 0.276326 1262.39 366.95 53.21 41.39 0 0.276119 1286.19 390.28 46.69 48.50 0 0.273115 1542.76 158.01 30.73 14.90 0 0.272552 436.63 517.12 16.27 33.71 2 0.271783 1347.84 259.25 44.79 28.44 0 0.270539 1868.81 856.44 49.44 44.56 3 0.264634 19.56 228.17 55.21 31.24 0 0.264580 623.80 694.13 45.47 31.22 3 0.259850 1814.18 495.28 77.79 48.54 0 0.258988 369.29 287.44 51.81 32.97 0 0.256424 397.24 288.71 38.22 30.72 0 0.253461 88.86 332.65 48.35 27.96 0 0.251958 300.26 282.33 51.29 32.69 0 0.250190 1592.01 495.76 68.04 51.26 0 0.250008 884.41 706.94 27.34 51.30 3
160,0.693546 647.50 513.38 25.13 47.61 0 0.651697 764.95 666.12 30.25 57.76 0 0.641938 523.79 417.07 25.59 47.00 0 0.623903 768.03 302.08 27.21 50.98 0 0.609787 547.67 563.57 30.20 48.94 0 0.607961 698.98 376.34 24.42 47.63 0 0.607850 619.38 189.28 25.98 38.62 0 0.606546 813.41 181.60 32.67 64.21 1 0.604694 553.52 281.41 30.49 53.02 0 0.596846 664.68 668.95 31.05 53.15 0 0.593902 677.99 512.41 25.86 49.02 0 0.589157 698.50 668.36 31.87 55.38 0 0.574336 983.51 729.14 77.80 35.38 0 0.565737 370.78 674.18 34.73 57.25 0 0.565407 672.22 374.37 26.21 47.06 0 0.564687 636.30 421.06 28.55 46.80 0 0.561457 522.55 508.62 35.45 47.06 0 0.551299 737.86 516.25 28.02 51.81 0 0.549729 505.08 372.69 23.38 40.80 0 0.549558 715.15 300.32 26.61 47.90 0 0.547211 625.11 732.39 24.95 26.47 3 0.546206 514.30 562.15 31.52 54.05 0 0.542432 619.64 516.00 26.49 47.17 0 0.539307 471.67 670.73 31.08 52.71 0 0.534497 1479.44 526.12 33.10 32.33 0 0.529361 403.52 732.93 24.41 31.13 3 0.524938 364.19 211.34 26.55 38.08 0 0.522031 569.20 186.25 29.12 40.89 0 0.517198 504.44 670.94 30.31 56.96 0 0.508545 1635.15 911.46 68.91 64.49 0 0.502041 1697.85 771.96 58.59 25.99 0 0.498865 1775.28 37.44 27.91 22.75 0 0.494750 645.56 376.54 24.29 43.88 0 0.494706 325.03 552.25 32.45 55.02 0 0.491715 1339.82 543.20 31.86 51.61 0 0.489478 1461.64 419.24 27.93 41.82 0 0.489366 668.86 189.09 23.30 43.15 0 0.485970 1781.60 109.19 20.20 26.99 0 0.475712 538.17 671.71 30.99 50.91 0 0.472950 1446.09 344.02 27.41 37.21 0 0.464064 635.64 667.71 30.85 51.93 0 0.462046 274.62 387.29 37.97 40.21 0 0.459423 333.50 675.53 33.31 56.05 0 0.456923 768.25 185.94 28.73 52.44 0 0.455487 1730.51 35.93 31.07 22.47 0 0.454880 361.05 548.16 37.62 60.30 0 0.454526 532.56 672.03 32.55 55.28 0 0.447054 298.35 349.66 34.08 37.64 0 0.446628 1727.12 103.91 20.77 19.94 0 0.446088 710.25 515.12 26.43 49.29 0 0.444343 979.52 188.93 49.49 26.80 0 0.432812 1493.22 567.18 37.73 47.96 0 0.421575 338.56 259.43 31.83 42.34 0 0.418983 252.64 442.63 33.80 44.79 0 0.417393 534.11 369.57 27.41 41.58 0 0.416399 1318.12 368.14 26.55 59.06 0 0.414940 1657.03 488.74 32.81 48.86 0 0.414586 718.65 417.26 29.83 61.19 0 0.408150 267.97 394.96 43.41 43.35 0 0.400891 463.62 414.87 29.37 46.56 0 0.396762 1722.34 138.83 27.66 22.47 0 0.395238 1144.57 200.06 50.23 25.95 0 0.394820 460.08 730.86 16.25 30.25 3 0.394432 1435.09 297.17 27.45 36.48 0 0.393548 325.14 292.88 29.42 38.63 0 0.389214 1810.11 39.76 30.33 22.73 0 0.388789 606.35 424.62 28.61 47.76 0 0.388068 432.10 733.83 16.73 31.71 3 0.384954 606.73 567.08 31.82 46.77 0 0.384796 1396.97 110.85 20.61 30.20 0 0.384288 1783.08 898.57 58.79 28.51 0 0.379067 203.23 552.07 32.97 41.20 0 0.377351 1470.44 475.08 32.22 42.12 0 0.377257 1711.00 36.18 29.83 23.65 0 0.368917 1793.87 41.23 37.15 22.03 0 0.362315 1687.57 773.00 73.84 27.71 0 0.358679 1658.34 33.74 25.64 24.78 0 0.357945 750.15 405.00 34.50 70.55 1 0.356732 1605.63 87.26 20.66 27.58 0 0.356324 607.25 295.10 26.58 41.19 0 0.351041 1626.83 204.69 44.37 23.97 0 0.341236 1630.33 87.71 18.65 28.71 0 0.340710 1892.73 398.69 27.27 24.16 0 0.339539 1086.38 197.58 43.82 22.72 0 0.335017 473.50 286.12 23.75 43.24 0 0.333664 1753.40 898.77 64.37 27.41 0 0.332417 616.29 257.15 26.14 41.33 0 0.315436 684.76 290.62 26.53 49.65 0 0.313761 1740.59 36.74 29.36 23.01 0 0.312443 1451.61 383.36 31.58 37.82 1 0.303147 1757.56 778.35 40.61 25.95 0 0.302525 1154.89 201.06 58.37 25.65 0 0.299971 1857.68 441.33 34.82 26.28 0 0.299538 430.85 427.35 28.96 38.22 0 0.296394 1556.44 3.27 31.25 24.83 0 0.295272 291.97 351.20 39.71 43.47 0 0.294051 596.60 728.18 19.85 28.91 3 0.292962 725.61 379.26 28.05 47.40 0 0.289763 1335.37 481.24 29.99 62.33 0 0.287305 584.89 367.26 28.36 45.45 0 0.286855 318.95 301.07 33.23 41.39 0 0.286305 1680.24 773.04 59.23 30.46 0 0.284858 1649.04 90.62 20.44 28.65 0 0.284059 1598.05 2.89 33.96 23.38 0 0.282410 1655.10 9.94 26.25 21.81 0 0.280845 722.25 414.73 32.88 60.26 0 0.277612 1080.82 197.29 39.03 24.21 0 0.272892 225.25 501.69 31.68 47.16 0 0.268993 1633.54 200.99 43.22 24.61 0 0.266253 1077.25 729.25 89.70 41.81 1 0.264772 633.72 297.15 29.73 46.32 0 0.264644 1581.35 84.71 19.47 27.26 0 0.264417 1749.25 897.56 53.25 31.00 0 0.262997 200.36 558.08 33.37 38.42 0 0.262649 1519.05 0.00 28.05 28.98 0 0.261912 617.26 423.84 36.36 47.31 0 0.255471 1697.87 96.55 21.61 25.73 0 0.255423 749.65 409.97 32.07 65.69 0 0.255319 1576.18 942.71 39.10 53.78 0 0.252907 623.85 423.33 34.66 45.54 0 0.251015 1809.48 108.56 25.14 29.09 0
161,0.528302 767.31 276.61 28.94 26.85 0 0.460772 744.32 238.43 25.42 31.51 0 0.391445 724.49 192.98 31.56 32.96 0 0.251059 744.29 232.93 28.07 31.82 0
162,0.696547 909.55 582.86 25.34 51.14 0 0.681211 960.64 404.97 22.11 45.92 0 0.629020 1000.42 583.55 23.50 49.44 0 0.613893 702.66 584.29 24.62 48.75 0 0.613753 940.53 581.65 23.37 50.68 0 0.611884 877.90 465.32 25.69 51.45 0 0.598810 965.47 460.34 22.43 49.60 0 0.595243 984.43 775.17 27.04 65.18 0 0.594213 641.31 589.93 25.39 47.54 0 0.590236 596.50 471.60 24.57 45.58 0 0.588328 1743.24 651.14 35.52 56.17 0 0.584279 880.58 583.07 24.68 53.08 0 0.583759 567.18 472.05 24.24 45.68 0 0.582261 673.59 588.08 24.04 46.15 0 0.576152 1077.02 771.09 31.53 65.60 0 0.569237 1046.06 777.09 27.71 61.02 0 0.568185 715.37 412.79 21.81 43.18 0 0.567689 769.32 418.37 23.43 41.78 0 0.567355 1722.73 580.02 30.87 61.43 0 0.565857 909.14 460.40 22.77 54.77 0 0.565204 1765.36 720.89 36.72 53.99 0 0.562920 759.92 589.44 24.07 43.27 0 0.559157 738.09 466.80 23.44 49.20 0 0.554186 792.01 590.20 22.36 45.27 0 0.551850 767.01 469.38 22.19 44.52 0 0.551241 581.60 589.96 25.05 49.21 0 0.546085 1050.71 456.39 22.66 49.22 0 0.545937 653.85 473.39 22.77 40.02 0 0.540956 822.93 464.38 24.09 49.64 0 0.532014 710.20 465.56 24.83 48.74 0 0.530740 604.07 415.56 21.36 45.40 0 0.530456 880.07 410.53 22.87 45.54 0 0.528241 740.42 413.42 22.70 42.71 0 0.527978 576.39 659.34 23.44 52.06 0 0.524902 625.33 471.61 23.12 43.46 0 0.520572 681.84 468.51 25.02 48.37 0 0.513039 554.86 589.18 23.19 45.88 0 0.511093 1794.35 567.45 41.17 67.42 0 0.509184 1029.20 584.44 22.85 53.01 0 0.508119 630.68 412.57 20.89 46.23 0 0.505021 993.14 460.29 23.29 46.64 0 0.495348 988.50 406.25 20.57 44.95 0 0.494262 1015.31 409.26 21.39 45.30 0 0.493156 1683.39 468.73 31.42 52.93 0 0.487804 542.39 653.68 24.43 50.82 0 0.481312 522.32 590.05 24.82 48.24 0 0.466376 823.79 588.09 25.15 47.88 0 0.455474 511.80 652.92 25.87 53.21 0 0.453275 849.34 409.22 24.95 44.50 0 0.448609 536.81 473.11 27.17 45.96 0 0.446968 933.72 414.20 22.11 46.24 0 0.446618 1515.75 251.70 43.80 25.40 0 0.438917 1742.63 495.26 32.03 54.14 0 0.435534 1087.49 856.96 29.64 63.17 0 0.420798 1422.49 41.55 18.83 31.13 0 0.416506 1461.84 43.72 38.00 21.46 0 0.413067 1022.19 462.27 23.88 50.56 0 0.405684 797.82 465.20 22.37 47.60 0 0.401765 821.04 417.11 23.06 42.46 0 0.395817 547.25 415.77 24.19 45.91 0 0.394449 969.52 582.09 25.64 50.99 0 0.390620 612.66 593.10 26.35 48.41 0 0.383530 903.36 411.04 25.47 47.51 0 0.363930 797.85 416.66 21.43 40.12 0 0.360034 1528.04 291.62 41.49 23.24 0 0.358742 1615.81 264.07 27.84 42.39 0 0.356126 853.75 469.85 25.03 49.16 0 0.353998 1194.40 141.01 29.14 44.34 0 0.343966 733.43 588.61 24.74 49.12 0 0.338385 541.67 475.36 26.43 44.27 0 0.335835 1223.81 459.26 25.68 69.34 1 0.328043 1525.64 282.23 42.37 22.43 0 0.327053 607.43 590.41 26.67 49.31 0 0.323064 1223.52 459.41 20.98 54.89 1 0.291285 558.28 346.20 12.08 25.67 3 0.289919 1513.24 234.74 44.41 21.56 0 0.287815 1648.34 363.02 29.79 43.73 0 0.282801 673.83 341.29 13.59 23.51 3 0.278624 1517.36 274.86 40.94 24.02 0 0.278162 704.35 342.22 12.13 24.23 3 0.263083 535.32 344.96 12.40 25.04 3 0.257551 613.64 950.29 30.05 49.64 0
163,0.753100 829.54 622.23 33.78 56.96 3 0.665632 697.96 669.82 33.39 60.83 3 0.665457 960.74 654.25 99.24 153.91 0 0.665261 663.99 674.64 32.04 63.86 3 0.656494 373.27 850.45 90.29 178.18 0 0.636144 791.17 628.38 33.56 64.70 3 0.629889 1149.52 220.76 93.27 50.72 1 0.629418 735.67 647.66 31.86 72.47 3 0.628997 1643.15 111.15 47.31 56.80 3 0.618567 865.06 684.42 101.97 168.27 0 0.601793 1789.88 133.92 41.03 32.03 3 0.566262 1181.15 561.68 110.75 169.28 0 0.546873 1111.22 608.50 105.54 122.50 0 0.536346 487.87 852.39 85.60 159.21 0 0.535333 892.97 291.64 26.87 49.20 3 0.534746 934.40 286.89 27.46 48.53 3 0.525948 856.37 302.30 30.84 55.51 3 0.524763 868.03 609.87 30.74 60.29 3 0.511998 624.99 685.26 32.84 64.49 3 0.509864 1329.78 512.66 113.22 152.12 0 0.507484 956.78 365.33 31.63 38.73 3 0.505601 1172.17 502.79 31.67 54.39 3 0.503653 1703.71 103.19 32.27 46.93 3 0.487306 962.73 276.70 28.86 52.14 3 0.482519 1794.98 768.19 125.02 189.96 0 0.470133 1433.61 495.88 113.30 126.46 0 0.469608 240.52 874.95 103.01 195.13 0 0.467722 2.77 609.78 109.72 95.01 0 0.465957 1026.55 268.86 30.00 41.25 3 0.448853 804.44 320.48 27.30 48.99 3 0.439759 1301.18 362.17 41.92 40.30 3 0.438895 1056.97 541.39 35.60 61.63 3 0.437094 1626.73 111.07 46.39 58.04 3 0.432619 808.37 624.43 38.97 60.30 3 0.428593 1528.37 856.80 143.17 164.04 0 0.416146 860.91 296.47 29.91 59.51 3 0.413446 1168.77 509.45 31.98 56.27 3 0.409964 1013.71 269.39 26.52 45.31 3 0.406984 1116.19 522.14 34.20 57.73 3 0.399565 1341.47 529.43 122.74 130.18 0 0.399441 1293.47 367.51 45.36 37.49 3 0.398793 1745.53 97.46 36.90 42.68 3 0.385724 1659.56 112.93 40.18 50.95 3 0.381203 905.28 290.31 26.21 46.76 3 0.380385 761.65 639.52 28.96 64.99 3 0.372280 1094.27 530.07 30.29 57.39 3 0.370959 696.78 419.86 51.15 37.93 3 0.370912 1357.82 911.15 136.01 168.85 0 0.362455 721.14 384.81 43.09 28.76 3 0.358246 1059.48 1014.21 107.29 65.79 0 0.352328 1219.96 486.43 34.56 60.50 3 0.350099 1709.72 787.30 144.45 168.19 0 0.346450 1205.18 492.48 30.59 57.01 3 0.340734 1050.61 361.95 33.02 44.61 3 0.339082 514.46 401.48 35.93 44.48 3 0.338679 1261.86 478.34 29.77 54.00 3 0.331723 705.80 667.50 28.83 61.82 3 0.326292 1654.98 104.34 36.25 63.30 3 0.325606 1212.82 494.66 30.71 55.12 3 0.324794 1071.88 263.24 25.72 35.45 3 0.323733 1196.47 575.32 99.40 138.50 0 0.323687 506.67 392.44 33.99 50.20 3 0.323070 1071.80 534.08 35.25 65.89 3 0.320600 1634.83 122.88 53.45 49.02 3 0.318218 0.00 593.92 119.73 110.15 0 0.316302 901.97 295.53 28.46 46.73 3 0.316069 766.20 633.83 32.21 61.23 3 0.312344 900.28 603.21 30.25 60.86 3 0.301677 152.03 850.15 29.44 54.23 2 0.293263 860.49 669.52 91.46 150.98 0 0.291879 1671.55 102.56 34.51 57.68 3 0.287524 1153.45 510.39 31.84 57.79 3 0.278575 1476.24 182.22 36.03 42.34 3 0.276949 666.77 338.66 25.86 40.80 2 0.272009 358.09 856.77 71.14 157.28 0 0.271409 1198.89 500.18 33.36 51.26 3 0.270142 716.97 654.58 36.34 75.05 3 0.266611 1213.50 926.07 122.37 153.93 0 0.263709 1048.01 267.73 27.53 38.69 3 0.257345 1222.46 925.73 143.53 154.27 0 0.253522 1236.98 482.49 30.66 56.04 3 0.253082 619.19 325.52 24.43 34.80 2 0.252820 156.71 850.53 34.06 58.42 2 0.252245 627.83 694.15 32.46 66.05 3 0.250545 1717.08 99.94 29.44 45.82 3
164,0.654363 950.31 424.83 24.99 52.41 0 0.642213 1317.56 489.11 26.21 56.74 0 0.626886 1240.96 491.27 24.72 55.51 0 0.623682 507.77 342.58 29.21 55.05 0 0.622177 1179.28 496.61 26.17 54.67 0 0.591985 1047.97 501.02 26.43 58.10 0 0.586284 1098.26 836.37 25.79 52.72 0 0.583838 1239.54 413.45 25.67 56.73 0 0.580870 983.52 417.74 26.03 60.08 0 0.576611 1118.21 497.11 28.26 61.53 0 0.575556 1081.83 418.95 25.50 57.73 0 0.572676 1272.33 493.87 28.89 58.42 0 0.572104 1128.37 851.22 31.11 66.84 0 0.571941 558.74 210.20 28.68 59.25 0 0.568937 1175.85 414.41 26.05 58.69 0 0.557516 1301.62 613.00 25.66 52.11 0 0.557222 1101.24 296.77 28.18 60.89 0 0.556114 429.72 214.90 28.38 62.72 0 0.553015 1052.63 421.58 23.80 56.53 0 0.549708 1142.87 413.96 27.21 59.26 0 0.547420 1272.87 611.13 25.20 53.39 0 0.544996 469.13 343.13 30.68 57.38 0 0.543646 838.39 833.34 26.66 55.99 0 0.543515 648.53 330.96 27.52 63.24 0 0.540927 1167.84 857.99 28.13 58.17 0 0.533549 990.34 828.76 27.93 58.59 0 0.530931 348.84 534.51 31.59 62.84 0 0.520564 419.17 530.93 28.08 52.64 0 0.515084 523.88 212.89 28.72 53.19 0 0.506076 388.23 535.85 28.55 58.46 0 0.496048 811.47 736.95 52.18 27.88 0 0.485471 1082.95 500.09 29.20 58.10 0 0.470068 1315.22 759.23 52.88 29.31 0 0.469656 919.91 428.44 27.50 59.72 0 0.468319 446.80 530.22 27.88 54.69 0 0.462402 1272.67 414.87 26.10 58.72 0 0.453528 1351.89 487.20 27.23 58.04 0 0.449379 1237.79 611.56 27.14 51.93 0 0.436471 806.53 774.06 52.59 27.60 0 0.433773 488.88 210.03 31.27 63.16 0 0.422622 872.01 831.95 26.41 53.07 0 0.416108 1210.45 491.61 25.62 59.61 0 0.414757 797.78 698.34 57.43 29.79 0 0.413659 1100.63 94.99 50.01 57.83 0 0.412842 1064.25 835.16 28.26 55.31 0 0.409661 427.60 96.48 25.44 56.42 0 0.400005 866.64 523.50 24.69 51.13 0 0.396582 1207.02 412.94 26.57 61.71 0 0.394647 372.44 91.90 33.24 64.10 0 0.381951 1309.10 415.80 26.48 54.94 0 0.349814 937.33 44.02 35.11 69.35 1 0.348824 1020.90 416.13 26.49 58.16 0 0.345269 1082.02 613.15 56.46 24.99 0 0.344901 797.96 828.43 29.88 60.29 0 0.326174 900.71 508.01 25.80 61.61 0 0.312721 917.94 834.01 28.66 50.87 0 0.301647 949.85 121.25 37.56 51.96 0 0.278476 1291.35 715.24 56.93 27.90 0 0.275828 1088.99 45.03 48.85 46.43 3 0.258578 1104.82 836.63 31.14 62.02 0
165,0.488209 676.16 4.54 18.33 42.98 0 0.486259 599.56 380.67 24.48 54.85 0 0.405446 540.45 629.41 31.71 54.54 0 0.369929 585.09 591.46 31.58 55.43 0 0.336618 648.19 133.74 23.37 36.67 0
166,0.700920 426.27 798.48 36.84 55.80 0 0.665943 601.31 562.08 31.37 51.00 0 0.648620 667.59 677.93 30.29 50.70 0 0.642134 829.03 827.16 35.34 54.93 0 0.631711 374.07 681.70 30.16 56.61 0 0.614891 327.78 849.99 35.36 57.90 0 0.611582 268.69 882.81 33.67 58.70 0 0.607592 1337.87 418.33 40.04 48.12 0 0.601470 279.47 721.75 31.44 55.96 0 0.589151 522.53 752.94 32.36 54.89 0 0.576237 697.94 659.76 29.41 56.07 0 0.574164 312.76 709.86 33.30 54.65 0 0.554840 297.72 957.49 31.79 56.75 0 0.552350 378.74 610.64 29.88 50.89 0 0.545379 299.15 867.91 32.15 62.51 0 0.545250 457.60 783.32 34.33 54.58 0 0.538996 494.80 551.96 29.64 47.21 0 0.521019 184.32 775.13 35.84 58.22 0 0.518235 233.21 896.97 29.48 57.45 0 0.518225 661.63 548.42 30.17 43.91 0 0.517838 578.51 718.51 32.61 50.27 0 0.508934 573.93 514.66 26.49 44.90 0 0.508727 1378.90 463.20 39.86 44.43 0 0.507965 518.73 604.87 32.91 57.07 0 0.506766 405.99 670.01 29.86 47.30 0 0.492134 255.91 965.35 31.80 65.94 0 0.478233 637.74 692.18 26.86 46.23 0 0.467790 197.61 913.34 32.09 59.17 0 0.463832 126.65 719.78 34.60 59.95 0 0.462989 547.81 591.61 34.52 57.39 0 0.461948 551.67 539.98 24.32 43.69 0 0.460389 1612.19 666.65 41.32 50.99 0 0.460133 608.35 707.62 31.35 51.86 0 0.459836 215.64 982.82 39.21 67.30 0 0.452390 493.05 769.00 29.04 52.25 0 0.451435 198.91 694.89 33.00 51.72 0 0.443085 628.35 554.71 28.74 48.16 0 0.437359 497.73 619.91 29.26 51.23 0 0.433728 671.90 164.32 26.88 44.95 0 0.427297 318.74 632.81 32.05 51.23 0 0.422493 1380.86 468.11 44.04 42.80 0 0.418958 252.46 735.88 33.60 57.72 0 0.412562 853.40 802.23 41.60 61.15 0 0.408154 364.03 830.31 34.53 53.98 0 0.406276 675.99 526.52 39.79 42.05 0 0.394326 1299.03 368.51 37.97 49.60 0 0.394282 225.43 677.31 30.76 56.23 0 0.391047 601.68 498.22 24.77 45.87 0 0.386521 221.44 749.30 33.75 49.00 0 0.384780 1023.44 180.13 43.89 25.51 0 0.383419 466.19 635.87 31.73 49.99 0 0.382523 435.65 656.91 29.80 46.52 0 0.381890 640.11 687.68 31.52 51.72 0 0.378012 432.45 588.12 27.84 45.25 0 0.373382 842.42 447.02 27.08 44.84 1 0.368470 996.96 150.99 48.69 27.45 0 0.365097 1824.74 718.68 51.66 47.33 0 0.361785 772.53 853.50 35.59 57.01 0 0.361529 347.74 690.47 28.70 50.73 0 0.360785 774.59 860.33 36.56 56.60 0 0.359378 150.44 781.85 36.58 58.65 0 0.358484 1663.38 674.24 49.57 58.35 0 0.358396 348.09 620.99 27.64 43.87 0 0.354099 1153.07 202.20 37.23 39.54 0 0.349137 287.97 571.27 14.50 23.27 3 0.339319 369.36 822.85 34.70 59.08 0 0.338434 225.59 751.10 33.59 53.17 0 0.327659 901.43 878.06 35.90 58.15 0 0.324493 1608.23 661.45 41.97 49.22 0 0.320316 378.44 813.99 39.90 60.13 0 0.315354 996.48 135.43 48.53 23.77 0 0.312832 432.72 664.80 31.08 44.20 0 0.312384 512.69 546.00 33.19 44.21 0 0.307641 723.97 652.94 29.72 52.00 0 0.303922 354.52 683.37 36.28 55.63 0 0.296189 437.26 584.16 26.78 46.45 0 0.288589 990.94 132.99 46.79 23.57 0 0.275524 1006.13 159.17 51.08 27.62 0 0.272831 456.22 568.14 32.04 48.88 0 0.271843 507.47 610.93 31.14 57.15 0 0.270612 663.71 532.36 40.83 44.72 0 0.265212 262.23 728.05 38.94 61.90 0 0.264478 392.79 811.66 31.25 54.40 0 0.260749 463.70 563.99 28.83 52.05 0 0.260372 258.32 884.63 38.41 60.57 0 0.256011 1224.68 287.25 36.87 38.72 0 0.253060 96.30 649.38 17.86 31.51 3 0.252788 217.53 752.19 36.65 57.68 0 0.252730 340.55 693.11 30.65 51.36 0
167,0.308786 0.00 404.46 178.44 95.71 0
168,0.797769 916.39 542.03 66.90 42.76 1
169,0.754037 1116.71 607.68 162.02 97.30 1 0.677196 1660.64 978.17 79.04 51.36 3 0.666117 1577.62 816.15 65.76 44.42 3 0.657252 1411.40 455.54 131.60 50.97 0 0.611395 1015.86 449.79 102.16 47.33 0 0.582734 1287.42 455.39 110.35 47.06 0 0.538255 1141.96 455.57 109.71 46.38 0 0.533616 929.52 511.10 116.25 54.94 0 0.455399 1264.04 720.27 34.08 58.78 3 0.449193 1317.44 722.37 31.33 63.46 3 0.437600 1705.92 587.05 17.11 34.12 2 0.413358 313.85 411.25 40.39 24.06 3 0.365672 1802.14 780.56 57.70 56.43 3 0.358740 1795.71 586.40 27.70 36.68 3 0.357637 4.22 443.37 41.87 55.53 0 0.351091 525.83 312.01 25.67 32.32 3 0.345230 335.31 371.45 37.42 23.73 3 0.342349 303.90 416.34 43.43 23.55 3 0.316041 1883.76 921.01 36.01 45.79 3 0.314841 420.23 1001.98 83.95 78.02 0 0.287393 1794.45 768.67 60.85 59.63 3 0.287082 1881.47 928.17 37.89 44.90 3 0.283826 177.51 745.57 36.90 67.94 3 0.262224 1423.23 458.49 113.07 60.98 0 0.259152 344.19 366.80 31.35 22.23 3 0.250971 1846.90 839.78 35.62 50.00 3 0.250862 0.00 948.80 69.15 126.31 0
170,0.365854 513.10 849.20 33.60 68.00 0 0.310984 609.76 277.31 26.65 46.11 0 0.275127 564.01 565.01 30.69 58.83 0
171,0.477588 888.43 553.67 80.05 41.20 1 0.386827 1119.06 692.94 27.55 24.57 1
172,
173,0.561710 80.83 279.22 49.93 34.61 0 0.550003 606.98 6.47 37.82 23.88 0 0.536815 152.27 158.71 51.61 30.56 0 0.492232 0.00 105.10 33.55 22.60 0 0.477670 573.74 194.32 32.52 49.00 0 0.449526 92.20 77.49 43.57 24.48 0 0.411365 56.20 287.83 55.98 40.65 0 0.399827 45.36 289.73 50.49 36.37 0 0.374008 388.60 0.00 39.79 18.06 0 0.358595 137.66 53.87 49.29 33.54 1 0.353341 410.43 64.25 41.15 23.45 0 0.349866 265.12 588.54 14.99 20.33 2 0.277951 44.62 92.98 38.08 25.01 0 0.273871 285.06 26.71 36.24 22.55 0 0.272349 0.21 417.54 27.19 65.06 0 0.259073 253.75 540.23 12.20 20.41 2 0.252849 74.62 283.25 55.68 39.61 0
174,0.470015 319.79 692.07 26.92 22.04 0 0.465517 862.77 558.63 22.94 28.82 0 0.458717 820.79 584.06 43.50 50.96 1 0.418795 558.43 731.28 22.81 24.59 0 0.415154 906.59 570.28 21.03 25.95 0 0.394248 389.35 697.20 21.00 27.77 0 0.391702 805.60 582.94 57.62 60.55 1 0.361293 353.21 612.01 27.81 18.03 0 0.352351 359.86 698.42 20.42 26.78 0 0.351947 881.66 559.49 24.21 26.04 0 0.329195 448.05 712.66 22.01 25.33 0 0.320656 438.97 712.10 22.27 20.69 0 0.291654 642.48 738.06 20.91 26.12 0 0.278534 1178.96 632.79 17.28 21.41 0 0.272489 981.18 620.55 27.00 21.48 0 0.264689 1083.97 631.26 21.83 20.85 0
175,0.555151 663.17 792.75 31.68 70.12 0 0.516301 697.09 454.34 22.46 49.97 0 0.367427 710.27 282.93 25.56 49.08 0
176,
177,0.578515 654.84 724.21 57.87 33.23 3 0.559797 650.90 758.58 57.91 30.32 3 0.553350 689.27 583.67 40.23 24.96 3 0.543100 682.84 617.54 46.43 33.99 3 0.515366 677.48 622.55 50.88 38.45 3 0.484633 661.52 674.68 61.30 45.67 3 0.450655 625.28 895.63 61.45 40.45 3 0.448891 650.45 770.13 56.89 34.68 3 0.416274 669.91 628.11 57.75 39.51 3 0.369247 654.33 692.78 61.50 44.36 3 0.345297 654.78 677.82 60.45 46.45 3 0.337922 1115.76 889.03 91.68 136.28 0 0.320997 1082.14 728.46 65.27 130.04 0 0.304470 617.11 908.62 51.08 36.86 3 0.285080 1039.24 853.52 29.75 65.56 3 0.283670 620.02 904.84 63.64 36.56 3 0.261473 700.74 465.62 51.35 103.73 1 0.253599 948.37 0.00 28.92 51.14 1 0.253042 645.04 799.91 57.05 35.24 3
178,0.587418 734.79 685.07 31.74 35.88 1 0.467477 574.47 965.09 32.95 30.41 0 0.454392 727.84 694.92 30.56 30.27 1 0.390998 489.97 1017.55 51.06 39.25 0 0.374629 502.70 1016.68 46.50 34.65 0 0.373693 481.13 1026.57 53.29 39.88 0 0.311146 617.00 921.20 40.74 31.27 0 0.265463 728.01 687.18 34.25 37.12 1
179,0.549482 1165.29 971.83 73.84 42.43 0 0.449631 886.67 698.15 29.77 66.21 0
180,0.526360 1407.81 927.42 55.82 29.22 3 0.520635 601.49 457.10 100.77 63.36 0 0.514829 1501.21 601.91 55.27 26.97 3 0.498852 1170.08 724.32 110.68 64.01 0 0.492068 1223.52 545.10 131.11 70.88 0 0.488980 1495.79 631.26 60.29 25.45 3 0.482343 525.81 1017.44 134.27 62.56 0 0.472486 1100.75 917.97 118.77 78.44 0 0.471268 892.82 1009.21 135.74 70.79 0 0.470635 721.66 560.73 110.88 68.20 0 0.465361 1056.84 554.23 120.05 65.53 0 0.462625 801.73 387.54 95.38 65.31 0 0.459809 752.95 508.10 111.24 66.40 0 0.457851 698.60 627.62 119.32 77.51 0 0.448415 644.25 398.54 91.95 62.47 0 0.445941 1182.13 665.70 111.72 67.19 0 0.442176 563.84 943.67 131.35 71.57 0 0.440386 982.55 799.99 116.02 68.66 0 0.438176 919.53 929.18 125.64 75.41 0 0.432973 957.57 862.60 105.04 68.22 0 0.432667 658.32 756.46 126.33 66.29 0 0.425302 997.90 732.86 119.97 70.31 0 0.424836 806.06 396.66 109.43 63.42 0 0.419697 674.73 353.73 121.29 64.48 0 0.413630 1081.55 504.07 118.27 56.32 0 0.406756 663.95 347.67 121.96 63.77 0 0.405008 1036.79 623.61 119.69 61.55 0 0.396428 594.59 873.75 119.54 78.26 0 0.392967 662.62 409.75 95.85 66.15 0 0.391444 1014.99 678.61 111.03 65.55 0 0.375688 610.30 818.25 125.03 63.32 0 0.367739 1038.87 1038.55 111.46 41.45 0 0.367506 1191.08 676.02 112.31 63.46 0 0.365613 1078.40 489.92 103.37 60.95 0 0.364238 889.78 989.39 123.69 66.43 0 0.361231 1501.83 634.01 56.11 29.18 3 0.352820 38.49 401.54 65.03 42.51 0 0.339098 826.25 404.78 90.88 61.34 0 0.333123 776.45 462.49 112.97 64.58 0 0.325971 1084.97 989.44 122.98 73.23 0 0.324693 702.95 354.62 88.73 67.75 0 0.312559 974.34 869.26 108.06 67.94 0 0.311767 681.66 690.96 119.10 74.57 0 0.310815 1034.32 612.67 116.24 59.21 0 0.308380 665.69 338.04 96.61 66.03 0 0.301486 919.59 914.64 118.88 70.80 0 0.290412 1225.94 537.93 112.69 65.07 0 0.287328 1214.69 740.94 77.51 63.41 0 0.285881 1398.22 969.98 45.53 33.35 3 0.284945 1420.80 889.31 54.50 30.42 3 0.278417 81.88 398.12 66.48 41.81 0 0.275176 971.90 781.33 116.93 77.06 0 0.268640 1518.03 566.26 55.27 33.47 3 0.262464 672.85 710.03 119.19 68.12 0 0.261240 580.87 884.96 127.66 75.23 0 0.259867 1386.04 1004.55 45.92 33.69 3 0.254942 1391.22 1000.39 52.71 41.82 3 0.254312 1189.52 740.59 104.26 67.55 0 0.251671 873.02 1025.79 153.06 54.21 0
181,0.587883 1649.74 15.79 31.37 40.44 0 0.582365 146.59 746.27 31.84 60.37 0 0.576567 66.54 746.54 38.42 68.44 0 0.572047 388.95 797.26 62.46 29.00 0 0.542552 180.04 743.67 36.14 64.62 0 0.498304 842.31 499.58 24.17 50.00 0 0.496295 14.54 754.55 42.98 67.32 0 0.474846 617.15 371.67 22.80 46.11 0 0.444568 1632.21 273.06 20.55 26.40 3 0.442038 1600.80 29.27 38.33 39.35 0 0.422835 895.89 491.70 26.84 51.24 0 0.413964 1164.08 520.69 46.83 26.94 0 0.411625 870.08 499.31 23.24 47.55 0 0.405755 848.55 591.98 66.65 34.29 0 0.385249 1577.06 35.27 35.88 34.15 0 0.330848 929.96 500.29 24.86 42.80 0 0.312119 644.63 432.67 20.53 40.86 0 0.305721 646.96 488.50 35.73 53.13 0 0.295652 685.74 495.82 27.74 53.04 0 0.290202 1580.14 187.46 27.17 43.34 0 0.258466 1513.86 63.71 49.54 25.47 0
182,0.294587 931.78 969.32 57.87 108.01 0
183,0.636656 1095.45 539.73 55.61 21.05 0 0.578823 1164.32 542.32 53.83 22.52 0 0.476645 1035.15 532.25 49.57 23.37 0 0.432061 1231.57 547.02 54.60 24.51 0 0.381863 837.93 520.06 63.71 21.67 0 0.373052 766.11 520.09 58.99 19.18 0 0.352565 909.13 523.25 47.83 21.99 0 0.339967 974.65 529.35 46.69 24.64 0
184,0.630776 649.51 532.87 73.65 30.55 0 0.629956 740.74 539.89 71.55 25.78 0 0.579500 824.19 542.10 70.50 30.13 0 0.563885 907.92 542.52 66.57 27.21 0 0.560361 1165.05 553.88 72.22 31.60 0 0.554248 1243.83 555.33 73.22 28.08 0 0.539767 480.29 516.75 77.93 37.73 0 0.463537 991.97 545.91 68.28 32.52 0 0.425535 1071.44 551.13 74.11 29.69 0 0.253436 1157.66 552.37 64.46 31.92 0
185,0.584654 1675.52 554.98 88.88 134.33 0 0.546186 969.70 264.48 106.04 55.62 0 0.543333 1693.85 691.92 96.89 136.74 0 0.539206 834.43 239.25 112.89 56.54 0 0.532190 168.67 170.00 89.65 70.54 0 0.530521 38.47 150.80 108.93 71.55 0 0.500541 4.81 147.76 71.69 68.30 0 0.498614 878.80 171.10 46.91 42.30 0 0.495239 12.86 0.00 38.22 24.23 3 0.478908 270.06 190.42 97.89 72.65 0 0.469510 1230.67 305.19 103.82 45.75 0 0.468747 1661.93 0.00 38.58 44.01 0 0.463499 423.77 168.20 95.93 41.53 0 0.460380 141.68 169.05 97.31 68.21 0 0.448682 113.55 382.72 119.48 89.21 0 0.448475 983.09 187.11 55.76 39.05 0 0.446762 3.72 324.25 65.54 99.69 0 0.440144 630.06 134.05 53.62 47.20 0 0.438695 233.31 180.28 68.75 75.56 0 0.389502 1094.61 289.99 118.06 52.59 0 0.387591 1231.80 325.65 112.81 49.10 0 0.368922 3.97 541.25 48.29 72.02 0 0.367274 1225.56 311.60 117.23 55.38 0 0.367039 1098.73 285.02 109.26 47.42 0 0.359541 209.56 173.44 83.39 74.08 0 0.351454 1057.06 190.56 57.58 51.14 0 0.349351 70.60 1039.02 57.93 40.98 3 0.332277 727.78 139.51 47.55 51.24 0 0.329673 1519.07 210.88 76.31 52.68 0 0.328409 1738.42 887.97 106.80 141.24 0 0.305171 17.17 147.50 118.19 72.50 0 0.304131 1731.02 839.93 100.09 174.81 0 0.297837 1732.26 838.54 89.36 123.54 0 0.292856 302.99 571.56 39.79 52.95 3 0.291919 234.57 185.34 93.36 73.59 0 0.271633 66.70 1024.26 61.77 55.74 3 0.259803 189.35 180.55 92.49 69.41 0 0.258151 730.17 150.16 42.58 44.89 0 0.252469 420.02 170.76 111.23 55.57 0
186,0.651332 593.22 347.14 27.22 57.03 0 0.641692 596.67 659.48 30.07 62.47 0 0.639891 663.30 409.23 30.05 60.86 0 0.630181 612.77 576.14 32.17 61.21 0 0.630146 907.74 307.55 29.90 53.74 0 0.623855 858.07 388.12 30.66 58.93 0 0.619125 1045.35 516.07 28.19 56.81 0 0.613932 1172.05 826.00 31.32 61.98 0 0.611118 558.15 654.15 30.30 74.19 0 0.608630 571.35 426.41 29.04 60.38 0 0.603601 913.35 525.11 30.51 65.94 0 0.599676 1050.27 359.29 27.99 58.59 0 0.594615 1003.01 292.34 23.69 54.78 0 0.588140 522.43 658.62 30.29 66.80 0 0.582443 712.90 553.49 31.53 59.28 0 0.576266 760.72 402.38 29.98 58.40 0 0.572375 502.09 434.41 29.14 66.09 0 0.569291 1122.33 741.53 31.03 66.70 0 0.569253 721.86 331.97 25.81 52.72 0 0.567157 984.71 363.43 27.41 58.84 0 0.564882 1013.27 520.34 29.49 59.59 0 0.564326 815.78 542.00 30.73 61.11 0 0.563209 978.72 525.23 28.47 53.48 0 0.561540 848.19 308.29 27.24 53.29 0 0.559818 553.15 584.11 29.91 59.70 0 0.555630 685.35 556.37 27.93 60.28 0 0.548307 878.34 311.06 26.46 52.17 0 0.545140 517.75 585.39 30.95 58.96 0 0.539651 1786.73 280.53 38.75 59.29 0 0.531651 780.80 549.62 29.13 55.22 0 0.530931 1034.27 290.96 24.61 53.18 0 0.528569 849.32 539.36 31.04 66.24 0 0.526492 1864.82 577.25 43.52 67.69 0 0.526353 649.68 566.31 32.36 65.54 0 0.522173 890.08 381.36 31.96 69.12 0 0.520673 972.90 292.98 27.88 54.66 0 0.511788 1054.36 749.23 37.17 73.29 0 0.510932 942.28 306.72 26.84 54.88 0 0.509268 826.65 388.04 29.49 63.12 0 0.507131 731.70 406.08 28.28 59.31 0 0.506608 1612.85 53.68 53.36 25.24 0 0.504753 1155.82 733.51 34.62 67.96 0 0.501262 1846.29 502.19 39.74 62.08 0 0.498891 1078.97 515.61 27.75 57.50 0 0.492282 495.07 358.93 31.77 63.04 0 0.491249 923.54 382.66 32.86 63.01 0 0.490784 689.21 332.31 28.80 58.27 0 0.489234 1752.46 148.13 36.11 53.56 0 0.486417 559.71 353.50 29.65 57.54 0 0.485111 754.72 333.53 29.55 53.45 0 0.453599 946.95 528.03 28.83 61.20 0 0.453267 697.27 408.23 28.18 60.12 0 0.447828 749.38 552.49 29.74 61.90 0 0.443716 1722.85 20.73 25.67 42.09 0 0.442175 586.57 577.85 29.74 63.38 0 0.440537 1079.46 351.04 29.47 60.20 0 0.437697 812.13 320.13 25.56 57.49 0 0.436448 632.55 415.63 28.28 59.88 0 0.427817 794.64 393.91 29.12 61.82 0 0.424437 626.16 246.50 14.03 27.97 3 0.416964 602.67 420.46 26.19 58.09 0 0.407663 1276.42 318.64 33.40 84.23 1 0.407100 1016.93 362.49 27.43 55.31 0 0.403307 534.22 431.11 30.86 64.20 0 0.402777 817.95 314.62 25.82 55.87 0 0.393867 1825.59 422.91 38.11 70.48 0 0.391538 1599.22 24.29 57.46 27.25 0 0.348995 460.07 269.39 17.50 28.35 3 0.339765 656.35 243.15 11.46 29.38 3 0.327257 1082.92 346.38 27.73 58.33 0 0.315731 1606.01 57.17 56.10 26.15 0 0.315076 1599.61 0.00 56.54 23.28 0 0.308538 1605.61 27.89 54.69 30.35 0 0.307957 675.55 243.35 11.40 28.87 3 0.298067 484.74 267.43 14.43 28.59 3 0.286027 1595.12 1.27 58.82 31.15 0 0.280762 910.61 311.72 29.89 57.20 0 0.259441 784.70 328.42 27.93 55.04 0
187,0.518560 725.62 606.97 59.13 51.08 1 0.502634 721.73 610.32 60.62 60.58 1 0.394964 308.61 676.75 21.51 24.18 0 0.389726 793.86 586.57 20.63 26.70 0 0.385051 287.43 677.00 21.78 23.49 0 0.349047 248.47 666.85 26.57 20.39 0 0.307829 818.99 589.42 23.85 23.49 0 0.292600 830.88 595.81 24.96 19.99 0 0.281847 507.69 642.43 20.62 18.28 0 0.251015 942.04 661.89 17.98 20.17 0
188,0.719829 720.34 228.00 36.19 17.30 3 0.665617 713.26 255.50 36.75 17.82 3 0.597351 758.40 86.70 29.36 21.38 3 0.536560 960.10 99.13 34.09 68.75 0 0.461541 974.21 219.50 42.32 66.84 0 0.448101 740.56 137.23 35.97 18.97 3 0.417731 711.91 271.08 36.97 21.80 3 0.350165 823.43 153.35 17.04 30.03 2 0.339704 724.64 206.31 33.75 19.61 3 0.325121 725.97 224.25 33.74 20.11 3 0.290116 724.17 184.64 33.96 23.40 3 0.282678 968.70 190.61 42.94 61.07 0 0.262745 763.40 53.66 31.70 27.10 3
189,0.608274 338.04 165.07 134.29 58.13 0 0.331033 562.21 319.83 132.00 80.58 0 0.320260 513.38 300.59 114.43 56.43 0 0.303164 666.87 418.83 112.35 82.08 0 0.290190 623.29 381.58 131.98 69.92 0
190,
191,0.712327 147.91 476.74 168.54 81.98 1 0.646849 783.54 177.48 105.99 54.12 0 0.605973 824.70 504.08 135.71 68.48 0 0.604634 1191.07 118.97 98.59 52.07 0 0.594604 648.18 482.98 134.82 71.89 0 0.579549 782.83 412.74 120.75 66.65 0 0.555129 316.84 649.08 164.61 82.57 0 0.552824 742.32 908.91 216.92 123.41 0 0.536832 735.74 310.98 118.86 61.41 0 0.534260 252.48 243.03 112.36 59.58 0 0.513094 613.55 364.28 119.51 65.24 0 0.512322 1070.59 413.12 131.12 74.05 0 0.511483 378.21 237.39 105.11 55.51 0 0.508130 662.52 187.57 87.01 55.35 0 0.492951 1482.36 714.82 114.70 167.82 0 0.480787 78.44 263.23 119.01 57.30 0 0.467359 471.89 256.28 98.95 53.49 0 0.463877 320.24 595.27 153.22 73.65 0 0.462187 316.83 719.58 167.02 87.38 0 0.456582 310.67 787.34 180.64 101.52 0 0.450726 705.39 684.44 166.91 97.19 0 0.450209 1217.24 650.20 155.17 95.69 0 0.436154 305.94 937.79 196.26 111.02 0 0.432544 1038.82 366.59 128.82 78.56 0 0.418238 510.82 209.50 95.20 50.45 0 0.414173 323.85 607.57 147.90 76.09 0 0.412590 316.79 541.97 149.03 75.84 0 0.412533 1057.28 402.47 137.55 75.63 0 0.405170 0.00 269.71 44.34 66.59 0 0.403151 1151.46 530.93 139.29 87.62 0 0.399950 1124.25 493.07 118.27 82.68 0 0.386587 1500.93 739.04 105.33 140.76 0 0.383820 327.48 710.22 163.97 83.21 0 0.383582 684.68 625.87 133.53 87.25 0 0.372057 325.67 635.48 165.78 80.34 0 0.357946 344.87 446.29 123.60 63.74 0 0.354144 1179.77 601.83 144.61 76.90 0 0.343400 324.06 438.42 131.46 71.93 0 0.341575 226.76 402.05 56.55 44.81 3 0.338372 730.73 285.78 117.34 67.45 0 0.336043 695.15 622.18 132.37 73.52 0 0.328252 1474.44 707.16 110.22 136.18 0 0.327443 1122.52 503.51 86.39 74.90 0 0.305997 330.28 494.82 126.17 64.87 0 0.302525 1191.53 593.67 136.22 73.31 0 0.300044 376.05 223.39 106.49 61.90 0 0.299935 1045.40 364.21 132.92 64.78 0 0.293917 316.24 566.16 156.14 72.96 0 0.293300 1149.72 487.57 99.61 65.69 0 0.270193 1044.48 381.23 141.57 88.59 0 0.264169 466.14 263.87 111.06 53.14 0 0.261077 326.01 428.93 140.98 70.95 0 0.254629 488.01 260.52 97.40 52.13 0
192,0.661322 872.09 394.01 36.79 65.02 1 0.660990 866.06 397.48 39.28 67.08 1 0.628667 355.77 574.46 26.47 37.49 0 0.559166 919.09 341.32 19.87 39.51 0 0.547710 414.71 585.42 31.04 29.03 0 0.526827 576.26 597.83 25.45 41.31 0 0.518748 481.09 499.33 29.22 20.27 0 0.510634 313.14 574.48 24.94 36.00 0 0.491049 896.11 345.82 20.46 38.73 0 0.462484 429.92 589.89 33.83 26.49 0 0.459710 525.31 498.63 30.14 22.96 0 0.446433 1051.94 421.14 23.99 32.84 0 0.411425 335.17 574.78 23.93 34.48 0 0.383824 951.55 353.46 23.15 38.15 0 0.355953 269.92 568.11 28.79 32.28 0 0.328298 605.67 605.31 25.06 36.79 0 0.301186 918.50 350.46 21.75 39.11 0 0.288017 280.39 452.86 40.36 25.24 0 0.267648 430.61 498.20 26.12 16.56 0 0.267200 570.83 498.80 29.92 22.77 0 0.266362 615.75 499.39 30.45 21.75 0 0.257614 678.91 604.90 26.30 39.14 0
193,0.372863 1171.01 519.12 21.68 15.99 0
194,0.327139 567.69 165.11 17.27 26.25 2 0.325270 399.51 153.39 20.02 18.45 2 0.307025 955.04 9.75 17.09 18.70 2 0.268568 1244.91 376.26 32.84 15.69 0
195,
196,0.522920 99.71 864.13 57.69 36.48 0 0.502524 290.92 767.07 59.37 43.23 0 0.497674 1107.28 471.18 41.91 25.66 0 0.476543 670.78 603.31 46.69 30.33 0 0.475789 610.20 548.62 38.16 44.22 0 0.459007 365.75 358.07 36.32 57.33 0 0.450483 328.73 923.80 59.72 47.86 0 0.449507 233.37 803.35 49.48 38.97 0 0.444038 174.39 825.63 55.81 41.28 0 0.436780 118.27 645.72 60.52 37.83 0 0.418177 663.08 604.34 59.53 33.82 0 0.411283 188.91 988.30 54.30 43.20 0 0.401342 561.55 380.19 47.59 26.39 0 0.368997 249.00 957.04 66.36 46.95 0 0.368678 321.77 262.77 37.80 54.62 0 0.358060 329.76 274.80 41.81 54.05 0 0.354888 403.99 709.87 31.98 22.91 3 0.350351 265.57 164.33 46.82 56.81 0 0.342670 372.10 784.03 70.64 49.26 0 0.339190 95.48 1035.24 72.18 38.38 0 0.337585 260.12 951.71 64.84 46.31 0 0.336429 95.25 869.53 59.27 36.44 0 0.330418 263.90 155.69 44.32 53.99 0 0.327918 555.24 347.67 46.38 30.52 0 0.322861 217.37 980.79 46.96 42.49 0 0.315981 526.52 305.16 56.21 37.84 0 0.315483 1732.61 53.71 40.90 28.19 0 0.314347 245.02 102.09 39.45 59.59 0 0.302045 284.02 197.99 46.85 54.31 0 0.295041 301.84 48.77 28.18 43.74 0 0.291573 164.78 833.24 60.79 36.81 0 0.289649 532.53 308.36 45.92 31.30 0 0.281315 1736.73 51.21 45.88 26.55 0 0.280418 868.98 487.38 54.78 30.62 1 0.260296 0.00 915.63 29.19 38.85 0 0.258146 27.82 489.96 54.24 27.65 0 0.254860 319.64 256.18 42.00 46.20 0
197,0.485687 270.17 42.89 39.68 20.09 0 0.435882 368.27 8.76 40.86 21.61 0 0.412360 416.57 0.00 47.94 19.35 0 0.357087 322.68 25.10 35.50 24.19 0 0.351331 424.53 157.10 61.00 34.84 0 0.314025 364.12 11.60 43.26 24.25 0 0.302439 119.13 679.02 12.77 13.86 3 0.280003 451.77 149.07 53.36 26.51 0 0.265477 334.35 203.94 52.71 25.99 0 0.255647 319.90 29.91 38.96 23.09 0
198,0.621564 575.33 702.45 36.04 42.62 3 0.558195 232.17 969.29 60.92 51.24 3 0.551514 1377.70 332.27 92.85 58.42 0 0.547792 1106.69 774.33 150.97 116.57 0 0.538548 240.11 964.95 58.05 50.06 3 0.517252 1795.09 883.19 124.87 96.09 0 0.516753 916.39 884.85 140.07 171.86 0 0.514003 1654.26 793.06 123.24 85.69 0 0.492139 864.94 943.95 127.33 129.91 0 0.459742 1471.38 466.65 69.58 50.10 0 0.437578 1456.74 941.87 227.85 138.13 0 0.427400 545.91 707.69 41.44 50.20 3 0.416832 474.78 749.93 37.44 44.13 3 0.411104 696.05 654.15 35.89 42.70 3 0.404778 539.82 716.61 35.75 46.95 3 0.404044 1267.22 463.17 27.37 37.23 3 0.400076 1212.77 430.42 33.25 35.62 3 0.393592 801.26 909.80 36.69 54.71 3 0.383345 739.24 630.15 32.37 39.83 3 0.373743 205.11 877.17 50.19 31.34 3 0.360280 805.49 570.62 95.61 62.78 1 0.358953 718.35 958.24 20.34 35.06 2 0.354939 870.60 862.36 46.21 47.07 3 0.351425 1291.93 397.98 25.58 28.09 3 0.350720 1672.90 227.58 48.30 24.68 0 0.349120 469.97 757.82 33.46 41.43 3 0.344745 1670.91 273.70 38.65 24.10 0 0.342403 585.53 699.60 32.13 45.30 3 0.340012 404.93 793.18 41.97 47.64 2 0.328544 347.81 887.53 48.20 37.61 3 0.317176 1221.03 418.15 26.69 36.33 3 0.315599 401.62 821.11 40.66 39.59 3 0.308928 1669.15 295.05 36.59 24.16 0 0.295915 646.07 669.61 31.45 52.93 3 0.286010 667.25 727.74 111.67 78.33 0 0.283588 1303.85 509.01 28.57 44.42 3 0.282059 928.14 816.11 38.17 54.66 3 0.281367 712.24 650.02 38.24 37.39 3 0.276665 1199.20 424.04 29.13 37.07 3 0.276257 1417.93 987.35 197.08 92.65 0 0.274463 842.63 873.65 43.54 52.38 3 0.273016 739.85 821.01 28.31 53.62 3 0.271218 644.05 660.89 25.57 48.87 3 0.270955 1680.08 227.91 52.29 26.56 0 0.269535 902.76 831.01 39.44 47.29 3 0.264605 639.60 714.82 41.09 36.01 3 0.259491 1629.59 384.77 71.18 67.80 1 0.254476 881.24 841.64 36.99 46.07 3 0.253926 702.96 598.33 29.07 35.81 3 0.253739 628.44 686.31 31.56 53.63 3 0.251187 1766.08 250.73 43.91 29.48 0
199,0.718374 1061.85 495.82 56.53 31.83 1 0.405472 1230.91 616.54 22.82 27.07 1
200,0.527305 1099.47 61.66 29.15 49.91 0 0.468291 1069.66 47.55 31.88 47.23 0 0.428065 1003.85 0.00 29.29 39.53 0 0.402548 570.62 310.84 14.89 20.57 2 0.398914 486.89 270.88 16.57 26.77 2 0.372453 772.67 658.34 21.09 25.09 2 0.356972 915.71 60.73 61.41 32.24 1 0.340238 721.45 327.17 12.34 15.77 2 0.333737 540.49 269.81 19.02 20.41 2 0.333334 989.60 110.60 13.27 15.97 3 0.324862 633.72 443.34 15.64 20.91 2 0.306708 621.26 269.27 12.74 18.49 2 0.295408 559.05 292.90 16.34 22.68 2
201,0.615274 1646.42 606.54 35.06 62.07 0 0.612380 810.27 470.06 29.97 54.61 0 0.611018 121.46 795.36 62.84 28.08 0 0.600796 560.61 698.83 43.07 82.07 1 0.588429 1032.72 477.41 32.60 52.88 0 0.578032 556.05 841.70 37.37 74.80 1 0.560485 718.99 433.92 53.98 27.97 0 0.540036 1601.46 741.75 31.42 67.76 0 0.523243 1710.07 736.94 35.54 63.07 0 0.520405 198.90 797.15 64.82 27.15 0 0.514531 1049.16 333.53 32.81 56.31 0 0.513415 842.47 473.32 25.34 51.54 0 0.506765 1652.70 668.15 37.78 65.12 0 0.506747 930.59 474.44 27.11 50.77 0 0.505109 1135.30 336.40 28.26 47.81 0 0.500577 1627.97 543.91 39.68 61.99 0 0.500317 963.91 475.02 29.53 50.70 0 0.495240 578.36 554.04 29.59 60.16 0 0.495210 867.27 475.67 26.16 50.88 0 0.493799 1.10 802.41 54.25 30.03 0 0.492020 1694.26 872.41 37.40 75.16 0 0.490419 1668.93 740.10 36.96 64.60 0 0.482566 1687.58 664.47 36.84 59.82 0 0.480455 377.30 1008.01 45.23 71.99 1 0.475828 1578.92 610.99 36.87 59.56 0 0.472006 1102.17 485.01 31.60 57.16 0 0.471288 1533.17 892.73 36.70 64.09 0 0.465454 1701.27 953.72 42.84 73.28 0 0.463750 999.42 476.30 29.97 51.17 0 0.463540 978.22 343.75 28.36 44.85 0 0.457943 552.89 994.71 36.48 74.81 0 0.452589 840.48 704.34 61.02 33.40 0 0.448775 1742.01 961.68 43.67 69.28 0 0.445879 1041.65 474.09 32.72 55.95 0 0.439183 1621.40 879.52 35.85 71.05 0 0.431891 1079.79 331.91 40.81 53.56 0 0.429513 1588.32 678.44 34.69 65.23 0 0.429249 893.06 474.38 27.89 51.85 0 0.429019 975.25 474.62 28.81 51.26 0 0.418098 1709.46 957.73 42.21 64.30 0 0.416620 1077.49 715.34 60.84 33.35 0 0.408762 816.37 847.74 36.77 68.63 0 0.407703 1610.69 811.06 41.52 63.47 0 0.406641 690.79 328.46 56.71 47.44 0 0.405709 1138.63 486.11 28.86 53.25 0 0.398161 1645.60 1025.76 38.62 54.24 0 0.396984 1627.46 954.98 46.84 78.00 0 0.394767 205.78 796.60 74.32 31.16 0 0.394068 387.16 936.09 32.80 68.19 0 0.382479 1716.87 308.63 48.20 27.69 0 0.378037 900.56 473.09 27.52 52.86 0 0.373404 1774.04 306.80 52.16 29.25 0 0.368129 678.58 330.27 61.25 48.31 0 0.350083 832.70 246.97 63.92 34.64 1 0.346185 794.85 342.39 27.53 41.20 0 0.339308 589.04 425.46 33.65 47.52 0 0.317240 1615.60 424.86 40.60 60.64 1 0.311246 1680.32 811.50 38.89 70.69 0 0.304187 969.42 308.59 50.60 26.65 0 0.303967 1086.53 333.23 41.07 52.62 0 0.297627 1561.25 495.00 36.76 77.51 0 0.294905 1187.82 332.38 28.94 52.83 0 0.293537 1094.90 307.42 41.16 29.18 0 0.290455 1833.91 312.73 51.12 26.29 0 0.284404 903.63 308.07 52.33 28.35 0 0.276796 557.95 705.39 42.40 91.24 1 0.276075 1012.93 245.35 53.86 29.81 0 0.274570 1701.38 733.62 41.45 68.55 0 0.273842 553.91 916.05 37.41 70.53 0 0.270082 949.74 243.32 65.37 31.52 0 0.268920 1177.18 486.28 31.36 46.65 0 0.266665 959.16 551.20 59.80 34.24 0 0.265902 1654.45 461.54 34.83 57.76 0 0.265341 849.46 304.78 44.30 28.92 0 0.262630 786.24 306.33 52.79 28.68 0
202,0.456076 989.18 593.70 35.55 75.92 1 0.391999 988.47 544.65 32.73 53.44 0 0.328635 979.99 479.95 26.88 46.17 0 0.269026 847.39 274.50 20.92 24.83 0
203,0.348252 0.00 505.59 201.06 92.17 0
204,0.740346 620.61 138.78 25.45 43.20 0 0.706392 757.26 364.32 32.69 61.10 1 0.645410 815.33 135.74 34.49 66.54 1 0.642923 772.10 251.29 29.90 49.45 0 0.619830 643.45 373.47 27.84 45.71 0 0.610909 668.75 141.46 23.71 43.93 0 0.608520 691.17 243.00 25.55 52.62 0 0.605286 618.17 511.47 28.25 53.30 0 0.595072 648.98 615.59 26.96 51.34 0 0.592170 712.41 611.62 29.05 53.54 0 0.591896 529.51 358.07 27.93 53.14 0 0.588749 715.59 462.39 28.63 52.66 0 0.586949 472.27 361.24 28.10 50.12 0 0.579457 571.62 137.54 27.35 43.47 0 0.560581 982.49 140.89 46.80 26.13 0 0.559926 1645.92 843.02 72.14 62.89 0 0.559760 379.21 622.29 35.91 55.34 0 0.558291 556.72 230.25 31.05 57.06 0 0.552126 522.92 512.03 29.14 52.61 0 0.551030 684.76 460.74 27.98 54.15 0 0.536548 745.36 465.89 30.20 48.13 0 0.532114 531.94 456.51 33.72 46.28 0 0.531867 1437.88 240.26 28.38 37.59 0 0.523723 657.36 459.07 26.74 47.39 0 0.522805 996.72 669.90 72.80 34.66 0 0.521794 1489.30 462.53 33.38 37.49 0 0.518706 614.41 374.18 28.61 48.63 0 0.518029 515.73 622.23 29.20 49.77 0 0.517440 557.33 508.54 29.30 54.62 0 0.515761 772.05 138.09 27.95 51.65 0 0.515696 721.38 250.83 24.23 47.88 0 0.513572 677.54 614.64 31.00 53.97 0 0.509316 510.55 323.87 25.37 38.90 0 0.509227 541.20 318.13 29.14 51.27 0 0.501207 344.94 624.61 36.90 54.97 0 0.499162 369.19 502.09 32.89 56.83 0 0.498867 280.41 342.66 39.16 51.76 0 0.493368 779.85 614.80 31.46 50.83 0 0.489063 1625.04 30.25 22.66 28.62 0 0.488498 653.22 325.98 23.67 39.71 0 0.488008 545.26 621.19 31.86 50.08 0 0.484385 1703.53 704.83 60.11 28.22 0 0.481215 1770.38 825.74 70.49 29.48 0 0.477818 1345.71 0.00 20.15 35.72 0 0.477310 1762.98 826.65 68.65 31.77 0 0.475655 1460.95 332.03 29.01 63.97 1 0.469011 679.02 324.40 24.95 42.52 0 0.464688 628.75 462.97 26.46 49.26 0 0.464040 337.69 501.88 33.65 54.39 0 0.454137 637.55 245.37 28.63 49.34 0 0.453915 703.07 367.71 28.87 47.29 0 0.450904 1467.26 357.84 26.84 47.79 1 0.447545 304.66 303.28 30.86 42.23 0 0.445395 493.78 133.04 32.35 44.35 0 0.439178 1685.59 706.05 68.81 30.06 0 0.437945 562.03 505.00 31.30 57.04 0 0.437152 1551.80 980.27 38.05 58.56 0 0.434173 1324.93 309.81 29.80 62.27 1 0.418024 1784.33 52.67 23.97 26.31 0 0.413261 1149.65 149.79 46.08 22.84 0 0.410747 1839.58 51.11 25.20 26.00 0 0.410578 1611.63 995.19 48.58 77.90 0 0.409552 1478.55 414.66 31.86 39.36 0 0.403361 328.91 240.68 31.70 48.24 0 0.396958 1862.68 377.88 44.30 26.38 0 0.396051 1770.34 709.07 45.66 28.77 0 0.388033 361.93 169.48 34.06 38.23 0 0.381998 530.49 319.35 33.02 47.81 0 0.381153 726.47 370.89 31.99 57.47 0 0.380973 1608.85 989.56 44.11 73.69 0 0.378884 1310.01 234.32 26.92 48.10 0 0.378739 1703.26 40.35 22.19 25.61 0 0.376174 210.35 505.14 31.82 45.37 0 0.374864 1665.68 430.29 30.98 43.52 0 0.371803 1093.95 665.39 88.46 46.52 1 0.371431 231.26 454.95 35.02 47.78 0 0.367007 614.70 239.22 27.11 47.32 0 0.366570 1340.40 417.37 35.37 63.70 0 0.362392 593.56 322.53 25.73 45.64 0 0.362212 1502.13 505.49 36.77 48.50 0 0.357679 259.31 399.89 32.95 46.32 0 0.355744 1720.25 83.93 26.71 22.46 0 0.352816 486.51 619.29 31.89 52.12 0 0.350406 503.04 237.66 27.46 46.94 0 0.349397 619.51 210.81 26.25 41.03 0 0.343838 815.54 136.37 33.39 65.45 0 0.342888 1803.37 828.99 50.41 29.20 0 0.337105 433.66 373.64 32.84 45.43 0 0.335939 1651.42 33.95 21.30 28.14 0 0.334303 563.91 212.73 30.82 53.47 0 0.323761 1588.98 33.11 26.53 23.68 0 0.322179 1349.30 476.81 32.81 63.00 0 0.317442 324.12 245.30 33.73 49.65 0 0.315363 1398.33 56.11 21.61 33.45 0 0.313453 762.11 324.86 27.88 46.16 0 0.313024 734.60 328.45 28.90 44.11 0 0.311056 1600.24 33.72 26.03 25.52 0 0.310772 1086.27 148.45 44.66 22.55 0 0.304462 701.93 327.19 29.56 47.20 0 0.303677 1890.29 136.67 29.01 29.99 0 0.299383 1731.44 43.93 22.09 23.27 0 0.298644 665.16 459.03 29.58 49.87 0 0.295108 697.37 326.29 28.90 43.05 0 0.293583 434.60 680.75 19.54 26.72 3 0.290028 709.29 326.14 30.90 45.09 0 0.285387 1461.31 327.15 28.44 42.77 1 0.283246 1673.38 36.41 22.35 28.27 0 0.273617 409.27 683.11 22.04 27.98 3 0.273032 1326.19 316.01 30.04 56.80 0 0.272348 607.27 238.24 31.11 52.21 0 0.267211 1814.50 51.65 23.41 26.76 0 0.265887 626.78 467.82 25.57 49.26 0 0.262189 1680.24 707.00 60.08 33.38 0 0.258697 453.86 322.10 24.40 37.60 0 0.253605 347.43 204.25 30.83 38.31 0
205,0.386163 893.07 632.26 13.30 18.73 2
206,
207,0.523702 717.74 111.61 143.76 73.28 1 0.277580 0.00 0.00 39.53 49.39 0 0.253992 720.09 37.87 145.42 98.48 1
208,0.419536 522.00 645.03 19.15 31.34 2 0.394800 693.64 443.53 14.45 19.46 2 0.312458 518.15 652.78 21.30 31.03 2
209,0.556838 570.70 769.23 30.30 59.79 0 0.547991 67.10 788.36 42.56 74.02 0 0.515661 490.41 766.34 34.83 69.08 0 0.512425 1277.55 499.98 24.57 54.67 0 0.505968 440.37 769.96 36.51 70.15 0 0.498070 1221.85 513.78 26.97 50.93 0 0.489817 1248.41 505.82 25.93 54.49 0 0.473991 1025.50 501.93 29.76 51.95 0 0.460931 1250.69 610.87 62.03 30.97 0 0.444821 604.68 763.02 37.32 67.74 0 0.429259 819.67 815.23 64.61 31.31 0 0.382521 77.27 953.82 74.77 32.88 0 0.378349 1102.81 376.74 27.10 52.61 1 0.361822 1872.80 49.04 27.91 33.87 0 0.349091 1101.57 366.91 34.58 59.80 1 0.336182 1013.48 444.67 20.62 42.33 0 0.324911 377.44 329.19 49.61 22.11 0 0.316618 1059.18 502.58 30.60 58.80 0 0.316173 1450.46 698.33 30.90 63.09 0 0.306962 1021.84 351.13 42.35 19.83 0 0.300026 250.30 533.36 31.95 54.45 0 0.291822 167.53 777.90 37.28 34.33 3 0.281206 437.64 779.07 34.91 68.78 0 0.272326 973.14 389.28 26.49 40.75 0 0.260284 1549.08 534.31 41.74 23.39 0 0.250828 846.75 377.03 50.80 24.87 0
210,0.676443 548.55 421.10 27.18 57.49 0 0.661083 858.01 252.41 27.56 58.60 0 0.650270 1005.62 169.96 25.78 54.22 0 0.645083 604.25 207.58 23.91 52.14 0 0.632655 1078.48 235.05 26.53 54.63 0 0.629753 939.62 392.01 25.57 55.69 0 0.625532 762.83 261.38 26.64 56.83 0 0.607096 619.93 495.04 28.72 60.36 0 0.591259 668.01 269.67 29.43 59.82 0 0.587553 1173.56 684.47 29.08 60.45 0 0.587099 1046.35 239.50 26.20 51.10 0 0.580836 614.05 420.07 27.09 57.50 0 0.580126 582.56 419.11 27.87 59.01 0 0.573618 1097.71 383.41 28.18 58.55 0 0.573550 807.66 404.99 27.61 51.59 0 0.572160 548.07 492.68 29.69 66.53 0 0.569364 712.59 407.78 29.42 57.89 0 0.561918 700.91 264.74 25.64 62.00 0 0.561793 787.77 195.37 27.45 57.62 0 0.560967 882.43 176.17 26.39 55.61 0 0.559303 1129.27 601.75 29.29 65.17 0 0.559104 540.84 278.81 29.10 57.88 0 0.554121 1036.06 167.48 25.21 52.54 0 0.553020 1012.17 234.94 29.81 59.94 0 0.552024 954.81 247.03 29.41 62.98 0 0.550208 914.27 177.32 25.73 55.89 0 0.549639 637.62 269.83 27.45 58.04 0 0.546302 644.93 415.99 28.47 61.45 0 0.543244 1032.71 386.01 29.01 58.62 0 0.543085 968.19 391.30 27.42 57.22 0 0.539964 999.31 389.33 27.86 53.47 0 0.539271 775.88 403.97 28.29 58.69 0 0.537508 1851.37 408.34 37.67 63.46 0 0.537138 840.92 401.24 28.01 55.94 0 0.534564 744.59 403.56 28.01 55.19 0 0.531139 576.12 278.77 28.91 55.88 0 0.526645 874.08 398.46 29.78 63.71 0 0.520070 922.40 249.28 27.79 60.80 0 0.516777 1866.47 483.77 42.08 70.70 0 0.515993 891.93 252.44 27.96 57.24 0 0.504379 734.10 263.31 26.59 56.51 0 0.503255 534.19 205.89 32.37 58.15 0 0.501018 727.27 191.03 28.89 59.72 0 0.487321 1066.28 385.65 28.49 58.28 0 0.473450 847.51 187.49 27.66 54.22 0 0.463383 1810.48 195.00 37.14 66.32 0 0.460062 609.38 275.26 27.03 58.64 0 0.454649 1163.81 597.64 29.59 62.31 0 0.439031 679.39 412.83 29.31 61.81 0 0.436020 975.06 178.34 25.08 56.83 0 0.434914 1110.87 231.53 27.69 50.07 0 0.432311 1301.47 217.46 31.71 76.03 1 0.430628 756.41 192.92 26.62 52.32 0 0.425737 1838.57 336.39 38.93 67.62 0 0.425207 584.29 492.36 30.53 65.11 0 0.417236 795.04 260.66 25.71 59.19 0 0.410985 633.28 200.99 29.13 56.15 0 0.399322 821.49 192.07 24.23 51.83 0 0.371953 1067.44 165.25 27.78 54.23 0 0.368388 829.68 258.86 26.91 57.90 0 0.332385 945.47 179.49 26.31 54.36 0 0.321033 1064.93 607.16 33.13 70.31 0 0.305518 677.47 103.42 11.53 30.47 3 0.278590 704.23 101.10 12.09 32.02 3 0.272282 950.41 180.86 27.78 54.87 0 0.271015 1778.32 72.30 31.43 54.64 0 0.250317 724.05 102.53 11.16 31.05 3
211,0.485444 609.31 470.78 50.99 88.57 3 0.434240 1116.45 0.30 77.77 126.63 0 0.387683 530.39 316.16 76.80 44.07 3 0.287610 526.29 365.78 65.77 36.75 3 0.270546 0.00 874.46 158.48 108.50 0
212,0.631120 567.06 372.01 49.48 59.15 0 0.606192 381.31 280.10 44.60 53.23 0 0.556610 274.91 397.04 54.09 65.33 0 0.552025 484.87 512.29 51.48 65.75 0 0.549323 528.51 439.99 49.99 57.76 0 0.548781 432.57 592.14 48.96 63.21 0 0.543773 591.01 17.36 38.22 44.41 0 0.536531 460.44 179.32 45.33 47.42 0 0.516729 211.62 476.58 61.15 71.20 0 0.481507 541.36 90.10 35.67 41.32 0 0.480494 797.76 4.83 29.02 42.05 0 0.470986 750.70 82.66 32.01 32.80 0 0.458126 700.50 157.82 33.93 45.29 0 0.314931 634.06 263.50 40.94 53.23 1
213,0.491907 1372.37 977.68 29.24 16.95 0 0.438649 1347.87 947.68 27.66 18.61 0 0.379529 1292.09 1046.21 23.17 27.67 0 0.329744 1328.92 903.45 24.83 23.36 0 0.327892 1387.45 1002.93 30.41 16.63 0 0.307529 1442.91 927.66 21.36 18.05 0 0.305441 1191.21 932.56 32.17 23.52 1
214,0.543804 181.29 166.53 67.89 70.14 0 0.527262 634.54 95.87 39.71 30.70 3 0.527251 18.99 162.92 89.02 72.97 0 0.519628 615.91 130.70 27.02 31.02 3 0.475672 127.05 161.59 68.92 70.39 0 0.472500 287.08 162.73 70.83 72.32 0 0.455384 638.67 456.54 41.86 38.31 3 0.447626 613.72 515.07 63.77 115.38 0 0.439734 234.82 163.41 61.60 72.65 0 0.436511 620.99 90.61 55.74 28.63 3 0.432681 615.86 99.52 37.88 29.48 3 0.394797 618.99 146.52 26.34 33.45 3 0.386780 607.50 0.98 84.38 41.22 0 0.362577 578.00 109.40 18.78 32.09 3 0.352540 643.98 444.36 42.81 35.71 3 0.336332 601.82 30.68 82.42 44.91 0 0.322583 1036.28 701.03 57.81 44.62 3 0.321963 635.28 481.43 50.00 40.81 3 0.315317 891.72 222.54 21.10 39.04 3 0.302437 906.34 51.15 46.97 49.57 0 0.266508 891.90 231.90 24.34 40.89 3 0.258437 619.76 0.00 71.36 36.17 0
215,0.334024 1557.82 615.62 32.08 20.27 0
216,0.470895 933.04 315.69 26.42 36.25 0 0.375057 920.23 265.64 27.46 34.20 0 0.347382 944.29 362.57 28.48 33.28 0 0.314774 963.73 528.18 29.09 41.84 0 0.302246 865.61 413.54 17.17 31.00 0
217,0.574047 64.85 268.38 35.56 67.55 0 0.573689 89.90 34.52 33.88 61.74 0 0.561507 167.40 347.85 33.62 66.36 0 0.543685 59.49 38.63 28.89 58.31 0 0.533041 26.56 35.37 30.96 61.09 0 0.520828 132.08 263.80 31.55 68.05 0 0.490875 161.19 258.79 38.28 68.54 0 0.454649 0.00 37.86 26.20 62.08 0 0.453260 123.61 37.95 32.29 61.20 0 0.448696 892.42 50.41 36.15 70.79 0 0.433294 891.60 205.29 33.68 74.33 0 0.399466 892.16 130.33 35.50 64.18 0 0.330956 891.80 294.04 34.04 73.86 0
218,0.627835 1064.75 398.84 50.87 72.29 0 0.525690 0.00 480.62 36.57 74.26 0 0.509130 275.29 657.57 43.76 62.43 0 0.508720 275.98 53.55 30.81 51.95 0 0.502480 21.14 306.12 39.78 65.94 0 0.500577 272.64 308.53 36.36 59.84 0 0.478739 36.26 173.07 39.34 63.44 0 0.463361 27.85 248.41 22.86 43.35 0 0.441643 56.18 57.85 32.77 53.84 0 0.429954 274.05 172.41 26.69 47.83 0
219,0.561170 459.43 413.92 192.66 80.60 0 0.502888 1282.92 924.60 159.52 155.40 0 0.470906 1212.24 969.56 167.04 110.44 0 0.433192 1234.16 965.81 178.98 114.19 0 0.324560 930.18 775.07 222.80 136.60 0 0.317452 812.14 694.96 181.55 110.59 0 0.262362 816.90 716.47 175.60 110.09 0 0.258420 839.05 716.01 180.89 87.12 0 0.253388 1068.49 904.83 143.21 101.15 0 0.251729 907.68 782.95 174.52 111.91 0
220,0.572307 1449.22 372.99 51.98 28.74 0 0.543998 1445.67 278.36 45.41 25.86 0 0.510592 1614.49 182.60 50.17 23.71 0 0.498366 1612.56 495.64 48.15 29.06 0 0.486353 1464.46 513.91 50.60 25.56 0 0.485425 1449.80 322.02 47.02 25.27 0 0.482121 1564.86 254.06 49.37 26.16 0 0.480498 1458.88 414.21 51.26 27.87 0 0.476329 1595.95 447.45 52.30 29.39 0 0.473903 1178.06 547.55 60.59 26.08 0 0.458549 1429.22 209.03 47.59 24.79 0 0.457896 1461.48 437.11 50.08 26.69 0 0.447636 1618.13 524.45 50.18 25.49 0 0.441064 1643.27 343.77 46.31 24.62 0 0.435652 1445.24 273.31 45.59 24.26 0 0.432902 1374.08 175.26 41.34 24.52 0 0.428872 1548.04 181.20 50.34 24.62 0 0.428352 1441.65 251.96 47.86 24.73 0 0.417270 1468.46 542.09 48.82 25.07 0 0.410506 1621.23 229.09 50.03 25.78 0 0.406525 1575.06 294.20 47.19 24.84 0 0.401488 1556.29 233.28 50.44 23.57 0 0.395274 1367.85 181.64 46.54 20.16 0 0.393358 1571.97 281.25 47.35 25.35 0 0.391794 1557.97 221.35 49.56 24.28 0 0.384776 1590.42 399.19 49.43 25.26 0 0.383269 1574.84 322.57 47.25 24.97 0 0.382000 1367.25 203.81 43.79 22.23 0 0.381368 1668.56 440.94 49.80 27.56 0 0.373564 1252.36 473.63 59.04 28.00 0 0.373099 1465.86 443.12 45.04 30.13 0 0.364834 1551.25 199.10 48.11 24.68 0 0.362280 1592.40 424.72 51.08 26.27 0 0.360870 1627.45 577.90 53.89 26.81 0 0.359624 1450.98 350.62 48.25 23.72 0 0.353549 1648.80 378.33 43.43 23.28 0 0.353094 1691.53 535.94 48.58 30.68 0 0.352994 1430.21 180.15 46.81 25.05 0 0.351782 1563.77 244.94 52.48 26.36 0 0.350626 1449.54 304.39 44.88 22.50 0 0.349149 1687.89 550.37 58.13 28.73 0 0.343420 1268.23 552.86 55.60 27.61 0 0.339641 1668.46 470.09 48.31 25.93 0 0.336920 1684.37 499.43 50.19 26.25 0 0.336029 1461.68 419.92 48.41 28.50 0 0.309647 1669.49 413.25 45.47 25.10 0 0.307436 1691.65 511.04 47.79 27.38 0 0.300676 1262.32 538.41 52.15 25.80 0 0.295059 1469.50 485.82 46.96 26.73 0 0.294157 1584.77 379.88 49.88 22.45 0 0.288006 1611.10 488.70 50.61 30.76 0 0.285959 1579.57 348.61 46.81 25.03 0 0.283120 1468.76 469.41 42.76 24.43 0 0.264336 1439.55 244.93 48.36 23.01 0 0.261400 1622.80 232.40 51.66 27.77 0 0.260146 1431.00 221.75 48.54 23.98 0 0.259875 1369.52 207.20 45.05 22.52 0 0.253374 1587.54 418.04 55.60 28.97 0 0.253157 1692.54 554.06 57.13 28.04 0
221,0.726272 1215.45 742.68 26.26 55.60 0 0.668393 1246.28 862.26 25.07 53.07 0 0.662850 1152.61 740.36 27.80 58.26 0 0.662177 1249.12 744.06 27.87 58.05 0 0.621716 1289.38 739.79 26.02 55.01 0 0.601054 1024.05 748.46 25.58 55.62 0 0.599599 1148.53 660.88 25.38 53.48 0 0.599192 1275.95 861.39 25.21 54.19 0 0.597154 1213.00 662.47 26.90 54.71 0 0.569856 535.75 459.84 28.10 60.22 0 0.569498 1265.77 968.33 51.36 26.72 0 0.568626 1093.33 744.93 27.98 59.60 0 0.568226 362.27 779.08 28.48 59.43 0 0.546710 620.01 578.33 28.17 64.09 0 0.539741 480.73 588.73 26.77 56.69 0 0.535467 1022.08 671.57 24.82 52.95 0 0.529963 405.96 464.59 27.72 52.92 0 0.506781 957.90 665.22 26.60 58.93 0 0.504181 1326.11 740.32 25.38 49.97 0 0.503927 1249.28 661.01 26.09 57.39 0 0.497878 502.37 461.23 25.81 54.41 0 0.484140 1058.75 747.71 24.95 52.82 0 0.479302 1126.46 871.65 58.25 24.98 0 0.476305 1118.07 666.14 26.21 53.25 0 0.476045 444.28 589.00 28.02 57.69 0 0.457464 1055.09 667.94 25.20 54.70 0 0.456841 1185.92 740.54 26.44 58.53 0 0.450095 419.72 775.41 32.39 58.82 0 0.443100 781.79 1024.21 49.23 26.99 0 0.440647 465.09 460.19 28.69 55.05 0 0.432694 924.37 672.67 26.02 52.57 0 0.415706 1211.41 860.04 27.09 53.38 0 0.404599 394.72 775.39 31.95 59.01 0 0.400127 1181.43 663.06 25.36 54.91 0 0.397331 911.20 297.02 35.00 61.56 1 0.395175 874.67 761.61 27.37 53.18 0 0.383901 772.56 949.74 54.62 27.02 0 0.343272 895.29 673.67 27.08 60.97 0 0.330125 322.57 781.61 31.73 62.28 0 0.329252 992.08 664.53 25.82 56.14 0 0.328433 349.67 343.09 32.44 57.77 0 0.297443 922.02 368.57 44.15 50.60 0 0.290569 1280.16 660.95 26.07 56.09 0 0.281728 1284.81 1009.30 58.23 27.10 0 0.261642 1076.83 543.91 28.46 57.92 0
222,0.439156 879.14 795.03 44.72 96.65 0 0.347082 950.90 132.99 28.26 22.22 0
223,0.569080 1184.52 419.06 183.15 71.76 0 0.562905 1749.11 386.11 170.89 76.71 0 0.538391 1390.98 406.59 191.14 76.98 0 0.466601 302.19 449.71 244.95 92.29 0 0.442526 620.62 385.93 258.29 143.47 1 0.433844 262.82 453.87 238.10 97.68 0 0.384989 959.03 413.76 212.50 78.63 0
224,0.647433 1842.15 166.42 25.09 41.36 0 0.627700 1627.70 306.27 25.49 44.58 0 0.613388 1731.79 309.11 26.54 42.47 0 0.585681 1798.40 166.51 24.46 42.68 0 0.568843 1747.61 165.92 23.84 41.99 0 0.556036 1721.50 167.04 25.26 42.22 0 0.544893 1864.50 259.63 27.61 39.24 0 0.536672 1487.53 52.82 24.36 39.25 0 0.536155 1550.07 166.71 25.21 39.83 0 0.527910 1704.23 307.91 26.52 45.00 0 0.526139 930.08 878.13 32.24 66.27 0 0.525955 1610.36 261.60 22.82 43.49 0 0.517211 1868.57 166.34 23.23 40.51 0 0.509436 1585.26 261.93 20.53 38.06 0 0.501039 1657.68 259.67 23.04 41.74 0 0.494294 1696.32 167.94 26.78 39.27 0 0.477846 1756.33 306.60 29.42 41.89 0 0.475857 1601.33 309.76 25.01 42.61 0 0.474482 1532.39 262.89 26.31 34.78 0 0.474194 1624.38 168.96 25.00 41.74 0 0.473697 1528.59 48.12 23.10 38.32 0 0.470431 1575.20 310.15 27.40 42.15 0 0.457251 1769.22 165.02 24.66 41.73 0 0.457101 1683.92 256.00 22.44 41.39 0 0.451129 1679.60 303.31 25.15 45.55 0 0.446779 1803.00 300.53 32.66 46.30 0 0.441113 1029.52 1045.25 69.26 33.09 0 0.426408 943.98 465.81 26.52 49.90 0 0.413298 1840.34 258.00 24.53 42.42 0 0.413217 1373.12 249.28 27.44 52.41 1 0.396798 1825.78 167.30 23.86 39.81 0 0.394831 1654.76 298.98 22.15 43.72 0 0.389247 1577.61 167.51 22.60 40.14 0 0.386362 1021.51 522.13 53.42 22.96 0 0.374235 1816.32 258.63 25.62 39.10 0 0.367434 1889.31 255.13 26.23 45.62 0 0.366476 1027.86 831.51 55.22 30.94 0 0.364145 1651.10 168.89 24.74 39.30 0 0.359316 1551.83 262.38 24.64 34.63 0 0.350807 1708.82 256.94 21.96 38.60 0 0.346065 1896.66 165.47 21.25 43.19 0 0.343436 956.32 151.67 23.02 50.62 0 0.341694 1710.57 259.27 22.86 40.81 0 0.340946 1838.28 307.62 28.72 38.97 0 0.337376 1024.17 494.29 47.54 22.50 0 0.329147 1790.16 255.22 26.51 44.72 0 0.325984 1466.35 57.65 25.60 34.59 0 0.325572 1729.80 255.10 21.81 41.30 0 0.319911 1732.24 257.84 23.83 41.05 0 0.311256 1779.58 253.75 25.07 43.24 0 0.310500 1870.28 122.89 21.87 35.84 0 0.306281 1705.57 304.04 21.48 44.37 0 0.305772 954.15 256.86 21.40 40.63 0 0.303721 1034.68 444.76 41.64 24.66 0 0.286003 1530.81 168.10 22.61 39.91 0 0.263193 1605.01 168.82 21.62 41.17 0 0.259386 948.72 351.23 24.74 46.57 0
225,0.618941 989.13 736.75 33.95 67.95 0 0.604959 1023.52 403.71 29.85 58.75 0 0.604224 688.33 361.75 73.62 152.62 1 0.597451 838.22 193.17 26.73 53.36 0 0.585668 1022.38 741.39 32.47 60.85 0 0.515099 1170.24 413.01 25.83 55.35 0 0.512097 1176.71 655.51 58.13 29.60 0 0.496381 443.34 810.22 32.96 64.06 0 0.491302 24.74 910.43 39.31 76.54 0 0.475193 285.56 687.69 73.40 37.97 0 0.462868 806.99 196.64 29.20 51.96 0 0.453581 989.77 404.80 31.80 60.49 0 0.440804 120.03 600.94 47.64 27.27 0 0.438083 465.13 695.04 60.25 31.76 0 0.421977 1197.37 415.94 27.07 54.55 0 0.418566 833.94 254.58 31.56 55.49 0 0.409365 298.60 808.91 35.92 59.25 0 0.408751 746.62 257.92 23.00 54.32 0 0.390044 744.86 200.23 27.52 61.45 0 0.379741 676.73 705.93 58.14 26.66 0 0.375540 451.27 694.14 62.89 31.29 0 0.374368 322.68 808.66 35.27 58.69 0 0.371929 1111.97 418.09 27.57 53.28 0 0.368358 1052.62 740.33 31.22 63.41 0 0.362012 960.79 737.80 30.03 60.34 0 0.348135 586.12 710.01 70.03 32.04 0 0.342546 63.18 776.30 30.89 48.02 0 0.326376 636.31 353.12 51.54 25.91 0 0.314925 1184.63 650.41 58.91 35.00 0 0.314676 532.93 698.66 47.97 28.20 0 0.303258 681.76 384.25 63.43 141.00 1 0.302804 0.00 900.68 30.04 73.72 0 0.293374 59.31 602.30 32.43 23.66 0 0.288328 1292.67 415.84 75.26 27.98 1 0.275952 995.59 738.21 35.29 67.94 0
226,0.701237 996.19 540.02 47.66 20.76 0 0.589578 1055.79 544.87 55.10 22.44 0 0.541004 1335.08 561.31 58.03 25.54 0 0.521835 1188.63 552.18 67.61 27.42 0 0.513621 1264.35 562.93 61.61 24.32 0 0.506810 916.77 532.86 63.59 25.36 0 0.487554 1124.49 546.31 54.58 24.25 0 0.318843 723.58 518.09 54.87 23.78 1 0.277465 991.24 536.66 58.08 26.17 0
227,0.390150 984.06 133.67 28.97 50.37 1 0.250489 715.87 581.10 31.59 24.47 0
228,0.459071 1646.09 459.37 271.24 122.98 0 0.378156 969.15 436.01 282.86 124.57 0 0.373037 1306.92 461.54 255.17 111.12 0 0.369553 185.76 450.44 210.88 107.36 0 0.365806 1597.83 497.48 141.87 61.06 0 0.332821 9.79 440.64 261.42 124.59 0 0.317837 1354.64 459.77 228.44 104.93 0 0.274832 539.40 356.92 286.02 224.63 1 0.254769 1024.45 421.63 278.06 138.59 0
229,0.470674 930.38 498.84 27.83 27.07 1 0.373379 717.28 723.66 32.59 25.03 0 0.337350 783.72 683.80 32.85 21.46 0 0.322797 628.29 761.67 42.11 22.19 0 0.311213 818.01 663.75 33.77 25.59 0 0.267238 828.65 659.56 32.35 23.07 0 0.261207 678.86 737.98 38.08 24.85 0
230,0.398130 1001.66 451.61 28.91 17.78 0 0.310038 921.97 472.49 33.29 15.19 0
231,0.586821 928.26 698.21 104.59 59.97 0 0.539423 877.29 272.64 103.48 57.67 0 0.525263 895.79 506.94 109.95 60.24 0 0.519351 1069.36 750.74 113.49 61.62 0 0.513885 1077.20 618.98 102.65 64.50 0 0.512013 1082.53 685.27 105.83 64.98 0 0.511904 1066.30 370.12 96.29 58.02 0 0.509511 885.32 386.44 112.90 64.57 0 0.507482 1020.64 195.32 107.42 66.67 0 0.504813 874.26 0.00 109.35 51.04 0 0.501432 916.68 630.78 102.99 63.22 0 0.493943 111.15 699.20 120.09 61.96 0 0.483880 588.91 467.70 114.49 64.70 0 0.481471 1274.53 43.07 42.91 26.66 3 0.478869 908.19 775.21 130.46 65.41 0 0.472097 1027.91 90.55 111.53 66.80 0 0.470710 1266.28 9.97 43.41 24.37 3 0.468094 892.15 318.30 108.26 62.66 0 0.465401 587.73 5.72 103.07 65.23 0 0.463523 1030.36 134.55 104.33 55.97 0 0.462327 874.81 47.65 105.22 58.40 0 0.461133 593.83 112.03 118.22 62.45 0 0.460676 1043.83 554.51 105.56 52.41 0 0.460657 111.56 899.85 125.59 66.28 0 0.458397 934.37 843.29 112.03 58.22 0 0.456086 578.79 353.40 128.04 57.48 0 0.453293 574.20 803.41 117.17 53.47 0 0.444545 1045.49 489.24 112.12 64.19 0 0.443454 581.21 729.34 115.47 72.22 0 0.443008 1272.14 74.02 44.85 26.75 3 0.435383 1028.88 257.57 110.57 57.76 0 0.419322 586.69 292.33 122.05 64.01 0 0.412092 96.93 834.43 119.57 67.76 0 0.400975 581.44 659.32 127.30 66.65 0 0.398182 600.44 122.05 109.14 69.03 0 0.398084 1054.90 438.02 111.04 58.21 0 0.392905 595.55 228.23 108.00 64.97 0 0.385632 887.04 455.49 115.46 66.04 0 0.376542 590.56 529.61 118.41 58.59 0 0.374194 91.04 701.43 83.15 66.10 0 0.370207 589.16 176.90 108.55 62.09 0 0.369699 598.85 591.27 111.67 66.72 0 0.366689 873.86 150.68 115.34 64.99 0 0.357662 1035.31 307.35 111.38 61.54 0 0.349004 886.97 101.01 107.06 57.96 0 0.347441 1119.50 748.68 80.69 62.48 0 0.339252 1264.81 0.00 39.81 17.91 3 0.333310 0.00 910.44 44.70 73.46 0 0.332075 890.89 149.92 98.96 50.14 0 0.325232 968.65 626.77 71.96 63.17 0 0.321188 598.56 77.71 110.68 54.50 0 0.316358 595.38 100.11 113.45 61.87 0 0.308587 883.50 208.01 114.29 62.26 0 0.294475 987.63 628.72 56.86 61.01 0 0.276982 1031.24 100.56 107.10 73.49 0 0.276962 580.40 787.17 127.86 64.17 0 0.267032 1278.27 53.18 43.93 33.49 3 0.256631 1274.66 51.76 40.78 26.71 3 0.250215 876.47 265.92 124.38 56.53 0
232,0.668080 820.90 504.07 22.71 48.50 0 0.648279 427.77 567.22 26.88 51.04 0 0.641144 790.28 504.43 21.91 49.59 0 0.611850 818.23 343.12 21.13 41.86 0 0.610607 941.50 688.24 28.70 60.49 0 0.601827 847.51 347.11 20.12 39.38 0 0.599025 459.80 402.81 23.25 45.57 0 0.577087 975.44 687.51 28.19 56.36 0 0.575579 654.67 400.12 21.53 43.22 0 0.574456 1626.35 567.18 29.00 52.12 0 0.568012 628.82 395.70 20.88 44.87 0 0.567470 767.23 338.94 22.85 42.98 0 0.560685 556.90 512.88 23.23 48.04 0 0.560375 905.09 504.93 23.05 47.96 0 0.555384 1575.23 391.09 30.68 53.80 0 0.554949 701.15 505.62 24.17 49.29 0 0.553301 527.16 515.29 23.72 49.47 0 0.552045 979.76 764.75 26.32 57.63 0 0.551996 497.99 514.85 23.00 50.40 0 0.551366 792.50 399.92 22.24 44.71 0 0.551126 821.21 399.15 21.77 44.29 0 0.549024 882.39 689.96 27.53 60.15 0 0.545814 674.10 507.66 20.95 46.59 0 0.535941 597.25 399.41 23.17 45.89 0 0.534313 547.94 349.45 24.48 40.08 0 0.531325 871.57 391.76 22.83 41.59 0 0.524616 796.78 342.18 21.02 42.04 0 0.519924 643.15 507.38 22.62 48.12 0 0.505207 929.08 392.66 22.02 46.15 0 0.499332 1427.37 222.77 42.64 22.41 0 0.483962 567.69 400.49 22.28 42.60 0 0.482512 1643.43 632.77 34.63 56.02 0 0.478069 766.13 397.50 20.94 46.63 0 0.477997 679.90 401.30 22.28 43.51 0 0.463398 460.42 573.17 24.28 48.97 0 0.462572 737.21 395.18 22.53 45.17 0 0.459765 935.75 504.31 23.11 47.90 0 0.453997 486.75 402.27 23.10 45.63 0 0.450568 655.04 342.98 24.39 39.41 0 0.448666 1520.70 195.29 26.59 42.79 0 0.446118 632.13 345.37 22.58 38.91 0 0.436839 871.91 344.68 18.44 39.00 0 0.432560 521.12 398.68 25.66 48.82 0 0.428080 519.70 349.16 24.07 42.61 0 0.417546 613.98 504.81 24.07 48.44 0 0.409705 732.82 505.48 27.26 54.33 0 0.407013 960.26 385.65 19.79 48.14 0 0.401568 542.88 397.74 24.20 44.91 0 0.394226 876.50 504.90 24.76 48.37 0 0.393347 1605.17 497.61 33.79 58.81 0 0.392938 585.25 507.51 23.79 48.64 0 0.379693 848.24 503.05 22.27 48.55 0 0.375059 1421.42 184.11 46.32 23.84 0 0.372293 470.15 513.43 24.34 48.49 0 0.368582 1125.07 383.46 24.88 62.05 1 0.355524 488.83 576.61 26.20 51.79 0 0.334161 458.57 512.60 24.54 49.29 0 0.332882 440.43 514.61 24.82 47.15 0 0.332240 735.55 346.13 23.40 41.30 0 0.325019 1107.06 84.78 30.86 43.89 0 0.288202 480.68 276.63 13.25 27.73 3 0.285233 1417.91 177.72 45.31 21.24 0 0.284888 681.99 345.19 24.60 43.25 0 0.283942 469.38 350.99 26.98 47.04 0 0.279406 908.55 341.73 21.95 40.95 0 0.269494 465.28 353.30 26.31 42.95 0 0.262423 901.38 389.56 23.61 47.46 0 0.260034 682.59 352.61 25.81 43.08 0 0.257874 714.56 350.71 22.59 41.57 0 0.257731 1544.62 293.16 25.44 40.41 0 0.255558 631.88 280.83 13.10 20.99 3
233,0.510054 405.90 705.88 24.82 26.25 0 0.489813 436.03 705.55 22.93 27.40 0 0.482470 366.26 697.39 27.06 25.69 0 0.440999 868.88 588.66 44.55 47.53 1 0.432325 1130.41 637.81 22.85 17.85 0 0.423545 493.57 715.25 26.70 23.32 0 0.399390 486.47 713.69 28.71 23.24 0 0.358909 582.89 657.83 25.38 22.09 0 0.330543 617.57 660.73 25.90 19.65 0 0.287324 606.40 733.90 27.27 25.99 0 0.279089 953.38 572.43 21.14 23.85 0 0.277839 548.35 657.17 26.81 19.14 0 0.273585 859.23 587.05 48.91 58.37 1 0.272151 914.97 565.37 17.89 23.03 0 0.271028 694.60 739.20 21.24 28.17 0
234,0.598767 1578.30 280.67 28.54 45.97 0 0.581228 1362.28 333.61 28.36 47.93 0 0.559473 1507.57 471.73 33.81 51.62 0 0.552018 1334.21 339.77 29.43 47.82 0 0.550731 1477.97 304.59 30.94 43.60 0 0.547662 1627.80 432.59 34.59 54.44 0 0.543984 1503.61 300.94 29.95 44.89 0 0.535045 1410.53 324.89 27.58 46.42 0 0.522731 1695.03 356.32 37.91 51.73 0 0.511511 1454.88 488.78 36.25 56.63 0 0.501974 1528.73 405.69 32.19 46.86 0 0.500630 1218.03 217.59 36.02 40.93 0 0.498700 871.98 848.37 51.23 30.13 0 0.497228 1465.63 423.22 33.59 46.01 0 0.494840 1601.57 379.93 37.78 51.68 0 0.493237 1820.55 378.60 41.26 57.86 0 0.490451 713.91 613.22 28.32 56.98 0 0.483703 1535.31 473.44 31.18 47.53 0 0.473354 1556.83 470.37 33.99 45.89 0 0.455145 1717.09 352.15 38.41 49.33 0 0.454111 1439.66 315.91 27.50 49.51 0 0.452170 1648.75 371.68 33.47 52.86 0 0.448422 1653.89 207.16 27.94 46.93 0 0.446172 1276.12 198.87 28.56 46.18 0 0.440765 687.05 486.34 31.57 57.05 0 0.439917 1623.93 264.44 31.41 45.99 0 0.439537 770.92 898.79 35.76 73.85 0 0.439243 1363.49 454.92 34.76 43.32 0 0.438865 1608.32 272.22 29.78 47.36 0 0.429515 1552.72 283.74 31.73 48.09 0 0.426305 1579.29 449.20 37.11 51.78 0 0.423891 1771.67 339.27 35.90 46.28 0 0.421011 1481.56 414.25 32.71 52.10 0 0.420945 1402.29 506.05 36.27 51.90 0 0.420704 882.47 916.18 58.76 28.35 0 0.410775 738.19 743.20 29.68 62.99 0 0.403897 1659.55 429.18 33.42 51.73 0 0.400804 1755.36 400.18 42.66 51.78 0 0.399611 879.20 880.12 49.03 27.74 0 0.396584 1182.76 477.81 32.15 72.47 1 0.394449 1390.56 329.29 26.97 47.36 0 0.387030 1771.34 399.62 39.98 52.04 0 0.386533 1627.36 377.52 33.79 49.58 0 0.383394 1669.11 258.69 29.48 41.12 0 0.382010 1605.60 276.80 26.68 42.49 0 0.380757 1436.37 496.36 34.09 50.99 0 0.379651 1347.21 463.68 35.07 45.01 0 0.377679 1706.08 247.08 33.59 45.67 0 0.373902 675.27 437.66 29.16 56.19 0 0.373177 443.84 14.43 32.84 69.14 1 0.363440 1505.66 296.30 33.84 50.26 0 0.362403 1479.81 474.15 33.37 53.18 0 0.362282 666.34 388.70 26.79 55.02 0 0.362144 1547.72 395.28 35.33 51.76 0 0.361435 1561.48 465.86 34.15 52.21 0 0.354467 1648.96 261.54 29.57 39.51 0 0.353954 1406.41 442.47 33.13 50.38 0 0.350873 1531.48 288.12 31.32 50.80 0 0.350747 1410.65 442.88 37.38 48.87 0 0.347109 1672.88 364.17 37.63 53.85 0 0.346735 1392.33 449.64 31.45 44.07 0 0.343296 1311.04 344.48 27.06 46.96 0 0.341807 1733.21 346.20 36.42 49.58 0 0.335475 1679.29 208.31 27.10 47.70 0 0.334153 1741.84 344.51 32.28 50.69 0 0.331603 678.49 441.96 29.04 57.12 0 0.330583 1667.52 429.76 33.05 49.70 0 0.330477 1678.16 363.78 40.52 53.58 0 0.328590 1474.00 417.47 33.48 51.19 0 0.315677 1426.89 440.21 31.42 52.97 0 0.303116 1622.32 208.51 27.62 36.53 0 0.300062 1231.26 213.29 31.67 41.13 0 0.298369 1555.52 394.28 33.11 50.43 0 0.288977 1583.95 384.29 37.51 50.71 0 0.287571 1206.11 221.88 33.77 37.30 0 0.284026 1777.40 398.26 37.62 47.81 0 0.282332 1690.04 433.08 32.52 47.48 0 0.278963 1506.13 409.44 32.82 48.57 0 0.255011 887.48 947.11 57.75 30.62 0 0.254102 661.45 564.60 38.07 33.78 0
235,
236,0.559004 828.71 439.87 244.36 121.60 0 0.477446 1155.96 422.58 261.92 131.19 0 0.386878 424.00 424.54 277.97 133.52 0 0.370450 0.00 460.60 242.60 122.64 0
237,0.599166 964.94 1034.49 73.50 41.58 0 0.593893 923.01 794.76 66.33 38.14 0 0.579987 621.61 650.80 67.95 38.05 0 0.577935 760.87 1034.46 83.25 42.39 0 0.565150 1208.62 293.08 69.21 32.57 0 0.557903 600.11 468.06 70.23 36.19 0 0.550237 891.69 527.82 61.92 35.44 0 0.542268 725.62 629.28 66.87 40.36 0 0.542209 601.47 434.78 69.92 35.37 0 0.539528 763.40 1029.90 72.63 40.16 0 0.538452 949.32 913.03 71.14 40.75 0 0.537878 937.31 869.83 73.60 41.52 0 0.531626 906.57 677.63 73.55 39.90 0 0.530892 661.04 963.34 75.79 40.21 0 0.529948 629.91 533.48 64.61 42.02 0 0.526641 766.64 985.54 73.17 41.37 0 0.523309 739.81 783.80 68.79 42.58 0 0.520235 690.07 413.20 70.11 39.94 0 0.518777 881.89 498.65 63.29 32.33 0 0.511607 742.32 867.66 73.99 42.40 0 0.499991 642.10 841.96 76.88 39.78 0 0.498294 1142.23 410.27 71.17 34.22 0 0.495894 1123.92 344.16 72.18 38.19 0 0.494016 873.48 422.57 65.83 34.68 0 0.489281 879.63 457.15 65.44 35.27 0 0.485958 638.23 805.86 70.40 35.97 0 0.475575 889.07 565.34 72.57 35.98 0 0.470040 713.26 552.96 71.33 40.08 0 0.465436 916.06 673.86 64.61 37.93 0 0.459899 872.65 387.40 64.20 36.72 0 0.457569 619.27 611.97 66.45 36.31 0 0.450450 960.06 993.09 71.59 41.57 0 0.449530 734.54 823.46 83.00 41.07 0 0.441729 672.55 1005.12 67.49 36.47 0 0.430311 909.95 636.99 69.41 36.42 0 0.424246 743.94 907.33 73.45 41.59 0 0.419992 924.39 751.68 65.78 38.98 0 0.417334 657.36 165.22 109.16 47.38 1 0.407495 610.52 502.73 69.02 32.59 0 0.402321 681.39 378.95 70.47 38.14 0 0.398662 717.59 591.07 73.74 42.01 0 0.392465 1116.76 307.87 68.29 33.08 0 0.382288 923.63 832.09 69.08 35.69 0 0.373919 739.28 746.86 64.82 34.56 0 0.360960 1041.67 1027.91 82.34 35.83 0 0.359135 911.24 715.87 72.20 35.82 0 0.355582 629.07 574.75 65.37 34.09 0 0.345658 754.43 946.22 70.65 40.67 0 0.338052 643.81 721.34 65.54 40.37 0 0.330726 1062.47 1021.22 68.40 35.81 0 0.329990 647.17 763.60 66.20 37.79 0 0.303938 741.00 746.70 65.11 37.74 3 0.300963 734.43 711.89 64.41 37.55 3 0.295770 695.41 487.54 61.53 38.28 0 0.294123 723.64 668.74 65.19 39.41 0 0.292331 695.44 407.36 70.81 42.87 0 0.285198 1052.98 974.26 67.64 44.46 0 0.281723 631.18 686.23 74.20 40.38 0 0.280216 453.46 203.82 34.47 17.43 3 0.277910 642.53 724.60 67.66 38.72 3 0.277566 954.42 957.35 74.97 34.96 0 0.275815 1055.21 933.31 72.07 38.55 0 0.267739 729.15 713.41 63.45 35.15 0
238,0.568208 557.77 293.86 15.26 27.34 2 0.502701 535.80 271.44 17.29 20.01 2 0.493414 1095.58 65.04 29.11 44.50 0 0.447624 607.42 306.98 13.60 19.24 2 0.438424 786.21 279.48 16.87 16.12 2 0.406454 999.31 0.00 25.63 40.51 0 0.374620 1066.14 47.01 31.02 45.05 0 0.360779 214.97 252.71 16.51 20.28 2 0.329513 803.49 324.77 17.07 20.22 2 0.321854 885.11 337.33 22.24 19.28 2 0.303190 652.68 390.12 15.97 23.37 2 0.285094 701.61 372.98 16.08 19.20 2 0.253501 1069.97 49.65 32.84 48.45 0
239,0.767857 887.65 358.41 48.55 79.75 1 0.470844 521.05 449.31 31.07 19.02 0 0.458120 357.34 509.44 27.16 35.99 0 0.420946 701.61 556.09 19.56 37.30 0 0.417355 982.07 335.44 22.03 31.36 0 0.371859 319.59 504.96 28.11 34.08 0 0.349362 604.21 550.32 24.05 32.60 0 0.342984 398.55 510.04 25.99 36.93 0 0.331535 187.38 447.34 28.87 15.27 0 0.328101 1202.85 410.17 19.94 26.52 0 0.319420 475.09 529.43 22.47 26.75 0 0.310128 1146.48 408.69 21.21 25.88 0 0.309005 562.67 451.13 32.40 23.50 0 0.299144 641.50 450.37 28.25 25.46 0 0.295067 978.91 330.63 21.58 29.07 0 0.276325 547.60 450.57 37.68 20.17 0 0.271976 930.42 130.94 21.06 34.45 1 0.253167 934.40 323.09 20.87 30.02 0
240,0.407084 801.57 538.35 29.82 56.83 0 0.401195 792.43 747.25 31.04 66.43 0 0.380284 821.46 213.34 19.40 44.80 0
241,0.484260 1103.15 447.00 187.65 88.37 0 0.422832 562.52 574.58 160.57 160.51 0 0.416378 1111.88 411.99 180.36 103.60 0 0.354206 426.81 547.09 175.65 149.32 0 0.353659 1496.92 350.69 152.73 88.26 0 0.319709 1352.82 374.11 148.01 87.60 0 0.281767 1329.73 382.43 165.95 92.95 0
242,
243,0.378544 1150.79 186.02 26.22 27.15 0 0.367112 1170.15 351.78 26.59 40.60 0 0.326127 1144.78 143.89 29.72 31.10 0 0.269103 1165.73 263.94 28.47 35.46 0 0.263566 1161.19 220.26 27.96 34.15 0
244,0.719081 911.33 110.56 25.42 55.61 1 0.642812 850.89 904.29 42.88 80.08 1 0.617378 908.72 105.73 33.24 59.85 1 0.527326 1154.13 421.33 58.26 31.79 1
245,0.525941 1188.85 466.80 113.69 66.97 0 0.503909 536.99 865.75 115.48 72.40 0 0.501529 1521.85 322.69 51.95 29.18 3 0.498745 1247.60 296.60 114.10 79.73 0 0.495952 1039.01 968.45 99.35 66.89 0 0.490617 1200.71 411.07 109.78 67.04 0 0.487522 992.92 597.42 98.82 68.06 0 0.483798 1128.59 648.65 124.17 72.51 0 0.480475 469.75 998.05 134.32 76.86 0 0.475580 954.51 653.38 115.56 70.18 0 0.471387 889.65 847.38 123.47 67.52 0 0.471208 573.75 741.92 131.42 60.52 0 0.460668 822.93 979.95 137.49 78.64 0 0.459879 856.46 914.80 114.50 65.94 0 0.453623 0.04 908.79 116.04 70.86 0 0.448894 933.71 716.22 116.91 65.32 0 0.443419 1047.24 829.78 118.30 70.22 0 0.440679 835.84 167.30 101.58 64.73 0 0.438172 669.65 170.63 104.32 62.67 0 0.437628 636.98 222.47 104.04 66.35 0 0.435414 1130.03 714.51 102.36 61.05 0 0.435267 1011.05 536.34 112.21 68.57 0 0.435182 735.62 379.98 116.00 75.48 0 0.434883 1106.64 263.57 108.98 58.57 0 0.434582 1424.79 650.88 50.74 28.72 3 0.431142 1083.83 305.08 118.76 72.71 0 0.423358 1063.12 371.20 116.32 64.93 0 0.417295 610.35 677.44 128.53 66.97 0 0.414065 697.03 128.60 124.82 62.78 0 0.412254 1028.68 482.28 111.61 63.92 0 0.409716 652.44 555.34 120.18 71.07 0 0.407435 504.60 922.64 115.30 77.52 0 0.400702 1073.15 759.41 106.99 75.49 0 0.400426 704.70 495.94 111.83 76.14 0 0.395879 783.90 272.34 119.58 61.26 0 0.392348 1513.77 366.04 47.28 33.47 3 0.388463 757.05 318.29 119.47 77.15 0 0.386266 642.46 607.54 114.96 78.78 0 0.384122 822.89 967.23 128.74 76.80 0 0.379966 697.41 124.88 100.58 60.15 0 0.368184 1044.73 430.97 116.78 64.11 0 0.364342 998.82 1036.13 116.15 43.87 0 0.353372 1399.66 725.73 50.98 31.34 3 0.340429 798.70 226.45 114.91 65.48 0 0.327572 1031.38 896.16 125.69 69.52 0 0.320612 642.96 235.81 102.25 64.46 0 0.312137 1031.78 880.53 116.55 70.10 0 0.308771 959.90 726.94 98.41 63.49 0 0.308706 1099.44 254.20 103.59 58.68 0 0.299660 717.43 447.02 110.08 63.35 0 0.298998 752.83 334.12 113.47 65.40 0 0.298499 1505.05 371.73 49.26 29.83 3 0.295184 803.07 208.85 115.53 77.04 0 0.291154 486.04 985.32 118.16 77.49 0 0.290439 1216.41 418.63 104.95 62.85 0 0.289758 680.14 173.13 111.99 67.41 0 0.288533 1053.47 814.31 100.14 78.08 0 0.280053 880.33 830.97 119.63 80.44 0 0.270692 87.42 151.23 110.90 64.34 0 0.254760 1411.87 691.16 38.85 27.78 3 0.250061 1513.94 347.78 51.77 29.23 3
246,0.836178 361.96 408.71 252.83 127.75 1 0.574202 1572.34 391.41 191.95 76.89 0 0.572296 1168.60 410.81 208.22 76.92 0 0.527626 705.06 421.67 244.26 93.70 0 0.501740 966.45 423.86 184.49 73.89 0 0.484464 33.01 458.23 237.86 96.68 0 0.412046 0.00 459.93 235.18 103.40 0 0.405430 372.47 389.59 284.09 155.77 1 0.312795 1779.56 395.43 140.44 62.93 0
247,0.473170 701.10 144.62 148.62 69.94 1 0.357938 18.91 0.00 39.03 51.53 0 0.333930 0.00 51.68 17.97 45.25 0 0.323962 753.62 93.64 116.82 44.96 1 0.284541 703.09 159.55 152.01 66.74 1
248,0.633714 284.57 150.89 26.66 42.09 0 0.600239 581.19 662.52 154.29 57.22 1 0.487939 342.42 152.54 25.99 40.05 0 0.484613 405.24 176.04 45.28 23.20 0 0.482701 470.57 710.50 54.53 146.08 1 0.454239 244.90 156.17 30.27 44.57 0 0.434264 857.57 5.89 24.40 34.67 0 0.425147 538.19 759.68 156.31 60.25 1 0.404218 910.62 1.86 23.66 33.46 0 0.396229 879.61 2.24 25.44 34.47 0 0.396196 935.60 5.36 21.93 33.63 0 0.377564 979.06 2.26 23.85 31.39 0 0.367328 531.12 779.71 160.28 65.74 1 0.361172 738.26 5.07 25.10 34.85 0 0.301197 536.63 178.04 34.10 20.32 0 0.297868 367.10 147.32 28.26 42.47 0 0.278814 468.40 740.08 51.62 124.61 1 0.270472 521.90 792.75 174.53 60.88 1 0.260497 783.17 5.85 27.94 36.15 0
249,0.589065 1673.43 49.96 26.70 38.38 0 0.578505 1564.49 53.80 20.12 38.37 0 0.509508 1066.38 1022.52 54.08 32.33 0 0.500826 1229.74 986.02 69.13 33.42 0 0.461286 1228.77 919.85 63.32 30.11 0 0.458044 1840.58 48.88 31.72 37.56 0 0.455110 1062.58 754.38 57.47 33.36 0 0.449288 964.19 476.39 25.17 47.84 0 0.439473 1515.85 58.00 21.30 32.95 0 0.436749 1793.74 9.95 25.93 37.89 0 0.414802 1699.83 10.22 28.16 37.32 0 0.413404 1612.61 49.53 21.76 36.43 0 0.405060 956.92 910.20 27.17 62.45 0 0.396681 1540.88 56.04 19.62 33.73 0 0.392732 1635.53 13.83 22.32 34.52 0 0.390913 1749.12 12.26 25.19 35.32 0 0.383457 961.02 739.98 25.70 59.47 0 0.375585 1067.25 1057.54 62.56 22.46 0 0.374616 1659.04 10.02 20.71 38.03 0 0.372119 1612.67 13.94 20.07 34.95 0 0.368643 1043.33 440.16 42.28 22.39 0 0.350838 1042.92 209.47 40.48 18.10 0 0.350403 960.66 608.03 21.66 47.29 0 0.349120 1054.38 784.51 56.43 29.96 0 0.346666 1588.70 44.21 20.48 39.91 0 0.340018 1652.81 51.48 26.26 37.34 0 0.337744 1767.61 12.04 24.51 35.59 0 0.336627 1587.05 18.51 21.61 33.54 0 0.334870 1052.60 594.53 56.09 23.60 0 0.334291 1861.17 11.70 33.77 33.77 0 0.328475 1046.52 184.30 39.18 16.72 0 0.323129 1720.57 11.36 28.44 33.45 0 0.311926 1074.36 669.11 33.83 28.08 0 0.305853 1065.50 983.91 53.61 29.02 0 0.302809 1830.58 50.91 34.86 36.40 0 0.300264 1625.21 51.90 22.64 38.46 0 0.292328 1719.44 52.06 24.88 31.86 0 0.291995 1047.13 161.70 35.24 18.84 0 0.274473 1587.73 26.35 22.53 43.43 0 0.273214 1820.82 12.13 25.70 33.18 0
250,0.641095 936.05 382.37 25.57 53.05 0 0.638906 1211.26 683.56 49.76 28.49 0 0.621063 838.54 388.51 25.39 57.85 0 0.619575 1193.18 459.41 28.22 60.73 0 0.619317 1126.69 456.69 27.12 63.16 0 0.613247 1266.90 454.35 26.09 55.74 0 0.613198 1036.98 460.86 25.73 62.07 0 0.607954 966.29 464.45 27.97 62.03 0 0.607544 1079.03 817.24 29.30 63.50 0 0.600277 1190.11 383.26 25.50 53.30 0 0.599450 816.20 475.49 25.27 54.52 0 0.591617 409.72 173.74 27.73 60.46 0 0.585000 1158.60 455.74 27.12 61.52 0 0.579834 1155.31 576.87 27.14 51.24 0 0.579110 789.33 794.74 27.77 52.40 0 0.577288 1043.42 816.56 29.89 64.13 0 0.576968 1000.80 459.31 26.81 62.54 0 0.575910 1123.54 381.58 27.05 55.43 0 0.573339 428.64 302.91 25.73 56.85 0 0.572187 715.62 792.93 29.36 59.25 0 0.566674 904.11 793.70 28.46 56.10 0 0.566258 1095.55 457.10 26.12 62.67 0 0.557475 306.20 493.62 26.57 56.19 0 0.546461 1158.92 379.79 26.00 56.03 0 0.543545 999.79 383.83 26.52 56.33 0 0.535573 1060.92 382.07 25.95 58.96 0 0.528813 1221.51 382.46 24.39 54.38 0 0.524845 386.81 303.36 30.28 61.05 0 0.512941 445.64 179.36 24.96 50.75 0 0.509114 980.86 795.91 28.02 55.77 0 0.506435 871.53 386.67 25.62 54.82 0 0.504973 1232.39 457.01 28.09 62.05 0 0.504763 1012.75 795.90 29.71 58.87 0 0.504431 335.17 489.00 27.93 58.17 0 0.503644 477.73 177.91 24.79 52.20 0 0.503132 350.23 177.56 30.48 56.68 0 0.498188 1092.54 383.61 28.94 57.09 0 0.496395 901.94 385.34 26.40 53.76 0 0.495872 859.99 6.61 30.83 67.37 0 0.485416 966.24 384.75 25.94 57.28 0 0.479989 712.87 665.54 54.36 24.94 0 0.478014 1217.40 577.18 25.75 56.45 0 0.471817 294.80 50.31 29.19 65.10 0 0.471063 1187.91 578.84 26.96 53.73 0 0.434842 728.85 737.51 45.40 27.32 0 0.390131 837.10 793.96 25.08 56.29 0 0.385907 751.37 795.98 27.70 55.27 0 0.378235 268.89 498.76 29.64 60.32 0 0.374928 867.66 86.51 38.94 50.48 0 0.368502 1020.75 262.58 28.57 57.21 0 0.355685 875.89 83.49 36.25 51.89 0 0.343895 1228.67 725.14 53.13 26.60 0 0.335377 780.65 488.61 26.60 47.49 0 0.321744 566.99 295.87 29.19 55.26 0 0.297273 996.43 577.26 56.93 26.13 0 0.275221 349.73 61.84 29.00 53.72 0 0.270023 343.95 56.80 31.68 59.43 0 0.252657 1017.35 52.64 50.76 62.87 0
251,0.647634 717.00 387.46 77.77 159.02 1 0.581524 1046.92 765.54 27.94 44.04 0 0.528421 468.16 834.56 34.43 62.20 0 0.519665 39.77 940.95 39.84 72.12 0 0.515570 165.63 629.60 49.41 24.52 0 0.505993 214.37 629.56 27.12 22.54 0 0.485443 1181.29 448.95 29.16 54.83 0 0.468005 1015.67 443.20 29.25 55.38 0 0.456802 808.85 262.97 25.25 47.12 0 0.448809 864.26 300.98 27.47 57.56 0 0.439703 323.19 831.03 36.36 60.55 0 0.437547 1130.92 454.78 26.72 52.08 0 0.433052 326.31 710.80 73.18 32.37 0 0.406467 841.54 259.78 23.11 51.16 0 0.405513 1213.16 452.38 25.01 49.30 0 0.400147 1197.58 677.96 61.31 30.85 0 0.387565 1044.88 445.56 26.45 52.61 0 0.381689 243.44 632.30 33.25 22.89 0 0.374686 519.85 719.39 36.62 29.05 0 0.373510 779.06 258.40 28.05 51.46 0 0.365790 347.81 830.07 36.67 62.00 0 0.360852 89.70 796.60 37.18 52.79 0 0.358274 1075.02 765.86 36.44 42.36 0 0.352120 566.65 725.01 43.15 26.64 0 0.349121 263.37 709.37 34.11 23.36 0 0.333719 1303.10 447.33 48.37 32.15 1 0.326596 290.37 637.79 34.89 21.12 0 0.302406 4.56 920.94 44.82 78.62 0 0.293609 707.45 729.56 51.58 24.42 0 0.292917 221.23 701.56 27.84 30.16 0 0.289958 622.45 732.24 46.66 25.57 0 0.279395 96.15 629.19 37.18 25.29 0 0.277638 867.30 258.47 30.10 56.55 0 0.268108 577.76 728.99 50.13 25.54 0 0.262472 481.73 717.85 60.61 30.52 0 0.261190 145.57 629.18 53.09 24.94 0 0.254061 779.09 310.74 27.74 51.88 0 0.251925 669.90 399.82 43.49 24.33 0
252,0.428253 1066.48 463.16 183.15 92.78 0 0.392549 526.20 547.26 136.56 121.51 0 0.379279 1799.33 726.29 120.67 128.28 0 0.332107 385.17 516.26 196.36 119.74 0 0.313488 1071.95 443.28 194.88 102.67 0 0.309736 389.58 519.36 151.96 102.82 0 0.307885 1681.89 684.02 128.76 104.03 0
253,0.588893 573.23 770.89 30.00 57.36 0 0.549512 493.35 766.69 32.35 65.89 0 0.537492 440.91 771.66 37.10 67.19 0 0.536958 1226.09 517.72 23.50 48.51 0 0.526533 73.67 786.03 36.71 74.62 0 0.462258 1108.03 376.26 25.57 50.62 1 0.459297 1553.90 539.96 43.69 20.93 0 0.443227 607.27 767.07 33.57 61.69 0 0.429853 1251.24 517.90 23.11 46.66 0 0.412665 1105.35 366.97 34.21 59.05 1 0.399236 975.32 388.70 25.06 43.52 0 0.398768 82.25 952.95 70.08 29.85 0 0.387307 1069.68 507.27 28.76 59.82 0 0.380816 821.14 815.92 63.13 31.59 0 0.369173 175.63 779.49 29.64 31.34 3 0.355934 1248.98 610.33 65.22 32.48 0 0.346903 656.62 288.69 33.96 35.41 1 0.334844 1280.79 509.51 26.73 50.15 0 0.318882 1028.80 504.47 31.06 53.46 0 0.304182 323.45 315.17 29.86 39.84 0 0.301795 1878.30 51.57 28.66 32.00 0 0.290624 1450.56 794.76 30.87 63.01 1 0.278557 1389.02 0.00 23.06 32.25 0 0.270043 180.39 777.06 30.09 30.29 3 0.259370 437.72 780.83 38.94 65.44 0 0.259159 252.62 533.84 31.07 49.79 0 0.257548 1026.50 352.20 41.17 18.27 0 0.256550 1016.52 447.71 24.71 42.48 0
254,0.321954 1180.65 512.84 20.61 18.90 0 0.282277 1126.80 520.99 23.26 12.95 0
255,0.624163 659.38 779.82 48.31 57.22 0 0.580099 803.88 424.61 34.81 46.71 0 0.570542 518.30 886.58 45.90 56.34 0 0.561061 548.85 862.21 44.03 59.79 0 0.559498 755.50 540.63 41.89 55.31 0 0.553124 603.46 824.45 44.50 57.24 0 0.550331 1662.26 280.49 44.31 51.96 0 0.544663 1094.60 336.52 33.81 56.95 1 0.537982 1617.30 214.78 45.78 59.09 0 0.533237 553.30 587.23 36.82 49.74 0 0.514573 580.01 842.27 35.83 58.47 0 0.510344 900.67 636.74 36.38 53.16 0 0.498872 589.36 644.36 37.86 49.28 0 0.498083 758.38 725.94 42.40 62.14 0 0.495765 686.66 494.49 35.92 43.26 0 0.495087 932.59 624.42 40.13 52.67 0 0.494816 1706.14 340.43 45.02 56.97 0 0.489943 873.57 656.64 35.30 56.07 0 0.488140 429.24 652.03 37.78 56.31 0 0.486179 602.82 936.35 34.39 58.24 0 0.483792 624.63 633.86 37.60 57.98 0 0.482353 736.76 559.51 41.31 52.08 0 0.481915 633.98 806.84 49.31 54.29 0 0.481236 446.33 640.49 43.70 57.40 0 0.479888 1000.39 606.35 30.14 42.96 0 0.472696 471.59 723.40 42.43 56.92 0 0.465409 1143.87 768.48 51.21 65.17 0 0.456142 957.86 606.54 42.01 50.21 0 0.455448 842.08 480.22 30.51 45.97 0 0.455169 1065.89 827.97 44.23 53.07 0 0.452393 727.30 749.45 38.09 52.69 0 0.449910 1205.35 844.01 39.24 56.80 0 0.443605 784.73 713.42 44.50 62.10 0 0.440832 494.80 904.33 41.61 53.40 0 0.430803 616.30 627.03 43.72 58.08 0 0.429004 844.21 667.08 35.54 52.17 0 0.428114 364.93 683.86 43.21 62.32 0 0.427797 411.32 752.51 44.68 60.72 0 0.423551 566.68 953.59 34.11 48.82 0 0.421437 921.89 438.55 39.99 44.35 0 0.416376 525.03 684.71 41.65 52.61 0 0.412534 695.77 770.60 42.66 57.62 0 0.409425 1121.57 788.45 46.30 55.89 0 0.399719 907.13 466.97 42.65 47.32 0 0.399210 521.86 962.42 35.78 48.19 0 0.396311 640.74 791.51 55.08 55.58 0 0.391081 844.72 493.50 34.54 45.89 0 0.382951 433.47 743.32 47.13 60.42 0 0.381826 594.61 635.76 45.09 56.46 0 0.380919 531.19 679.97 42.26 59.29 0 0.380451 1096.56 333.92 40.71 65.72 1 0.374929 547.91 578.46 41.26 56.60 0 0.371989 1531.30 99.39 42.62 53.94 0 0.370108 718.97 482.55 39.53 45.82 0 0.369835 1448.61 0.00 37.78 39.05 0 0.369754 458.89 633.35 33.90 59.55 0 0.357817 519.56 871.34 46.60 62.98 0 0.348085 798.87 541.88 36.00 44.76 0 0.345104 517.26 894.40 41.17 54.19 0 0.340392 746.57 466.15 40.14 47.13 0 0.338114 865.71 654.70 36.75 59.68 0 0.337957 945.43 614.24 47.60 49.73 0 0.337093 783.26 456.75 29.43 43.07 0 0.334164 904.92 451.97 41.05 46.63 0 0.325888 984.23 586.03 31.29 39.85 0 0.317394 635.64 621.79 47.42 51.86 0 0.314637 417.65 742.80 51.44 66.88 0 0.313854 746.73 727.17 39.90 61.31 0 0.313344 482.93 719.80 46.23 54.15 0 0.312756 1125.48 796.59 46.61 51.79 0 0.312477 487.49 892.40 32.83 51.61 0 0.295567 836.58 412.46 28.86 41.86 0 0.293081 563.39 855.84 44.52 62.25 0 0.289055 547.40 674.72 49.28 53.99 0 0.288554 535.94 976.17 38.36 52.23 0 0.285395 730.52 479.82 41.21 46.52 0 0.284713 569.71 558.21 33.16 57.42 0 0.284431 561.47 571.80 38.90 53.82 0 0.283790 703.75 586.60 35.93 47.99 0 0.282434 613.99 559.45 34.99 47.96 0 0.278767 537.91 673.54 50.52 57.15 0 0.278297 663.22 535.10 31.35 36.31 0 0.275777 874.30 473.91 32.63 43.45 0 0.269953 549.85 852.24 41.71 59.48 0 0.267199 849.57 480.48 41.07 50.97 0 0.262577 549.56 658.85 40.99 57.23 0 0.261511 758.65 458.16 38.85 49.11 0 0.254812 848.96 673.66 39.24 54.37 0 0.254117 531.81 869.67 52.76 59.59 0 0.253883 865.11 404.02 30.35 42.40 0 0.253011 545.88 568.05 38.06 52.28 0 0.251472 924.95 631.14 44.38 50.58 0 0.250662 721.74 749.40 38.06 57.93 0
256,0.733484 1203.64 969.13 60.42 37.75 3 0.590023 1205.53 978.70 60.81 33.52 3 0.581246 276.76 436.57 71.46 64.64 1 0.578082 173.53 368.58 46.57 55.75 0 0.563262 213.29 363.67 61.79 58.23 0 0.551254 1663.73 585.64 78.52 58.50 0 0.549444 1766.42 183.29 40.29 21.24 0 0.538442 739.84 289.88 66.17 27.34 0 0.534160 283.40 294.89 41.68 37.82 0 0.531753 1837.13 526.96 79.83 57.84 0 0.531443 1382.97 564.91 68.14 67.83 0 0.529819 34.13 388.63 64.12 41.43 0 0.523673 28.78 446.22 49.43 53.80 0 0.514128 148.97 302.02 73.46 45.73 0 0.510916 78.29 447.65 57.90 53.93 0 0.498490 83.18 593.86 68.79 65.90 0 0.498073 0.00 920.48 121.37 91.19 0 0.487648 478.99 691.46 22.94 36.20 2 0.484765 889.42 831.27 169.53 100.00 1 0.476130 1827.00 184.70 37.12 20.18 0 0.475096 1352.15 499.38 62.87 72.61 0 0.473637 30.02 360.03 68.53 41.37 0 0.465916 234.15 448.27 49.27 51.68 0 0.464492 1429.94 347.98 45.07 35.32 0 0.463250 1238.06 340.62 47.67 43.68 0 0.458993 132.41 292.18 72.59 45.61 0 0.456666 859.67 771.86 26.40 52.44 3 0.455559 125.12 356.97 49.48 33.47 0 0.443033 1647.78 182.16 37.84 19.62 0 0.442305 885.78 804.14 195.14 136.16 1 0.440513 91.37 648.34 95.36 90.24 0 0.440356 983.11 289.33 58.72 26.42 0 0.438324 127.42 451.19 73.62 54.76 0 0.431707 1862.05 920.81 55.23 34.26 3 0.426023 1633.77 183.87 32.14 17.72 0 0.422457 826.45 290.57 56.46 25.33 0 0.421057 0.00 789.01 92.99 115.05 0 0.411993 132.08 301.33 54.33 43.98 0 0.411673 69.67 797.66 88.54 98.01 0 0.393838 1581.73 179.16 30.95 21.44 0 0.388690 247.61 297.60 41.94 35.72 0 0.382821 156.74 797.69 92.10 98.36 0 0.380639 1282.82 413.50 50.62 50.05 0 0.373305 1319.10 469.71 58.70 56.81 0 0.371102 1488.58 410.10 39.67 39.56 1 0.370675 347.37 373.67 55.92 48.68 0 0.364082 1725.87 182.36 32.87 19.44 0 0.362757 1675.10 185.13 39.41 19.19 0 0.350727 567.23 256.73 39.19 25.74 0 0.348554 602.66 271.40 40.17 25.80 0 0.345483 62.58 444.39 54.44 55.66 0 0.344059 1128.48 648.32 39.06 34.09 3 0.342593 809.99 258.05 35.36 26.89 0 0.340276 592.20 273.39 47.99 24.48 0 0.338064 1393.25 315.77 51.52 32.97 0 0.332506 1563.85 468.03 80.41 72.84 1 0.332321 1603.25 181.99 30.82 20.20 0 0.328085 452.81 673.45 25.68 34.08 2 0.323972 1346.88 271.08 44.07 27.73 0 0.323020 386.71 564.36 16.34 34.05 2 0.322930 846.28 271.27 48.07 29.55 0 0.320495 1382.90 299.48 48.30 28.58 0 0.318809 363.29 302.74 37.23 35.13 0 0.316401 27.31 354.66 64.13 39.74 0 0.308835 1452.03 379.02 57.96 53.11 1 0.305722 324.57 298.87 33.55 40.91 0 0.304962 1127.71 39.14 29.99 26.65 1 0.304255 1737.19 226.97 44.98 23.59 0 0.301634 433.17 480.02 82.66 90.80 1 0.300266 1558.61 473.10 94.31 94.53 1 0.291790 906.76 290.58 59.10 27.65 0 0.291441 574.37 263.85 44.17 28.33 0 0.283476 1691.45 180.68 34.82 21.54 0 0.282700 1868.89 259.46 51.11 27.30 0 0.282277 1733.37 241.11 46.32 26.27 0 0.280612 1663.15 274.72 41.38 22.07 0 0.278001 1047.23 295.58 39.13 28.62 0 0.277447 359.83 308.92 44.38 31.93 0 0.271755 1665.24 213.24 34.76 23.62 0 0.270285 317.83 305.07 38.22 34.31 0 0.270191 1746.41 182.57 39.80 21.27 0 0.267331 28.50 392.99 60.25 36.51 0 0.264466 1212.54 137.02 34.08 26.94 1 0.259319 1241.28 340.76 52.31 55.76 0 0.253360 148.42 578.02 135.58 70.29 1 0.252320 1608.54 509.07 75.71 80.94 1
257,0.761041 1160.19 478.24 158.37 61.07 1 0.645594 768.19 619.33 30.23 71.94 2 0.523577 1344.03 491.61 123.39 48.73 0 0.520684 1817.23 505.57 99.08 46.93 0 0.502666 1476.81 502.51 98.74 43.49 0 0.403444 769.69 612.15 26.93 58.05 2 0.363779 667.42 475.25 137.12 54.10 0 0.323627 1014.68 496.68 113.86 45.39 0 0.314201 794.46 622.74 32.68 70.84 2 0.285455 681.54 481.03 136.61 52.54 0 0.283790 973.29 493.71 153.70 53.59 0 0.279128 3.08 633.38 111.99 54.61 0 0.258547 823.16 474.40 140.84 61.37 0
258,0.586440 940.97 542.51 30.41 17.65 0 0.532487 836.22 547.06 42.31 18.18 0 0.500593 435.86 570.17 42.76 17.25 0 0.493085 889.00 546.93 46.11 18.02 0 0.452241 987.84 538.72 39.98 19.65 0 0.436155 637.28 556.68 44.57 22.07 0 0.400181 494.57 569.69 29.66 16.28 0 0.318509 372.14 569.02 48.29 18.15 0 0.271278 744.43 548.84 33.81 20.71 0 0.267781 946.65 541.77 29.18 19.16 0
259,0.567650 1058.38 395.95 101.26 59.15 0 0.562261 874.45 292.68 101.76 61.22 0 0.555280 1263.02 29.01 45.02 26.91 3 0.552000 1018.54 218.74 104.46 67.92 0 0.549087 108.24 722.37 119.74 67.31 0 0.533718 925.88 726.87 97.74 55.33 0 0.529907 1040.20 578.72 101.21 55.80 0 0.527112 107.47 934.06 125.81 60.03 0 0.519867 884.38 348.99 113.50 65.67 0 0.519373 1267.28 65.47 45.79 25.53 3 0.511855 1042.14 512.56 107.65 65.95 0 0.510056 882.55 409.84 108.51 59.89 0 0.503647 580.90 317.12 119.97 67.43 0 0.491480 917.62 660.10 97.32 61.16 0 0.482974 1269.38 96.01 49.89 29.46 3 0.472592 588.14 132.43 118.45 62.80 0 0.471889 917.57 800.19 111.83 62.33 0 0.471803 1076.56 720.10 109.85 54.45 0 0.471736 1072.11 644.11 100.23 67.73 0 0.471240 583.50 492.46 110.20 64.60 0 0.470000 1024.04 115.67 115.15 60.04 0 0.466313 574.67 821.33 115.50 59.26 0 0.456108 895.69 532.54 110.89 60.53 0 0.452213 1041.96 169.66 97.30 54.84 0 0.452088 83.10 863.37 125.40 62.39 0 0.445888 569.32 755.51 126.11 70.12 0 0.441332 1069.61 780.12 118.74 61.32 0 0.438091 869.59 170.95 113.43 66.08 0 0.437920 601.10 139.58 107.44 64.88 0 0.437833 569.73 374.50 130.41 58.79 0 0.435962 585.30 32.14 99.09 59.52 0 0.434446 871.53 5.33 106.32 64.87 0 0.430957 1260.41 4.04 45.30 28.00 3 0.429886 584.83 197.66 103.80 64.35 0 0.423627 577.45 552.11 120.51 63.40 0 0.418208 876.00 71.38 115.65 57.10 0 0.409782 574.13 0.00 107.65 46.81 0 0.401961 882.94 121.33 116.37 51.45 0 0.399193 587.67 248.88 103.59 68.47 0 0.389187 1274.36 79.07 47.26 35.88 3 0.384552 578.64 688.89 119.30 66.73 0 0.372446 930.09 868.94 108.85 61.49 0 0.371994 875.39 227.06 119.83 63.90 0 0.371487 882.88 478.74 114.79 65.73 0 0.371250 1065.02 460.81 101.31 57.74 0 0.368738 83.97 725.74 113.66 66.87 0 0.364855 1261.28 0.00 43.58 24.39 3 0.352731 593.28 98.43 102.88 56.76 0 0.349965 1031.51 331.61 110.32 59.72 0 0.333166 590.71 618.05 114.52 68.06 0 0.309265 879.30 123.84 100.31 64.33 0 0.302435 590.72 146.54 114.13 73.18 0 0.300559 575.02 680.52 129.61 61.78 0 0.297211 582.96 0.00 104.50 36.28 0 0.292340 594.11 552.25 117.83 53.01 0 0.285243 1022.97 284.74 104.14 56.53 0 0.275117 1021.58 237.37 102.85 86.57 0 0.269207 975.13 651.27 60.41 61.16 0 0.257117 1127.41 775.82 67.63 62.04 0 0.256510 590.13 119.76 108.97 67.36 0 0.251746 879.32 536.40 109.00 64.10 0
260,0.480848 647.42 751.33 75.68 53.74 1 0.341938 1894.29 268.37 25.71 41.26 0 0.334422 794.74 905.59 48.80 41.22 0 0.317502 1096.25 533.31 34.39 33.36 0 0.299894 1151.28 555.03 22.86 33.47 0 0.292569 1726.65 136.87 25.75 29.03 0
261,0.539400 948.08 333.35 286.91 191.28 1 0.477140 804.19 371.73 287.93 149.30 1 0.429650 853.68 345.08 280.28 180.99 1 0.405272 1334.32 400.72 282.99 136.47 0 0.372157 372.95 397.28 286.43 129.58 0 0.296170 1671.11 428.83 248.89 114.98 0 0.287893 424.24 390.15 284.02 140.21 0 0.254362 324.11 407.21 286.83 121.91 0
262,0.583129 1111.90 386.29 33.59 56.10 1 0.520383 1118.35 300.36 28.14 35.09 0 0.497536 572.34 670.94 61.15 35.28 0 0.487082 1087.67 545.80 32.45 57.87 0 0.483927 1116.27 343.30 26.12 38.95 0 0.445836 833.14 236.85 37.56 30.64 0 0.442030 1128.49 255.83 23.52 39.97 0 0.419200 1133.25 195.79 26.47 40.85 0 0.395097 835.01 211.61 44.24 28.58 0 0.391664 507.64 156.16 14.10 19.56 2 0.341721 1238.71 574.42 51.69 121.80 1 0.336455 876.17 46.00 32.61 20.41 0 0.299051 874.09 49.17 35.99 20.63 0 0.254911 1198.22 139.17 17.43 18.20 3 0.250453 1279.86 428.22 49.34 28.67 1
263,0.636256 876.32 414.07 49.06 91.14 1 0.615058 304.05 645.53 30.87 41.66 0 0.520988 673.19 673.06 24.63 51.98 0 0.511166 277.82 644.94 30.38 41.95 0 0.510380 256.64 643.58 27.39 42.86 0 0.508949 445.93 546.50 36.42 21.10 0 0.460690 936.58 341.74 20.24 34.73 0 0.447851 376.77 654.40 26.64 34.91 0 0.439172 211.41 635.28 29.96 41.65 0 0.427016 1088.00 442.30 20.35 36.87 0 0.426230 907.64 343.95 22.15 35.09 0 0.409468 556.53 665.62 30.06 53.94 0 0.376059 491.44 547.88 36.38 20.89 0 0.369557 397.20 656.94 27.67 35.22 0 0.354098 477.11 546.47 41.96 21.94 0 0.351613 689.97 560.90 44.26 20.65 0 0.347125 908.18 364.22 22.51 35.35 0 0.344472 1173.55 454.51 25.12 29.77 0 0.330276 962.50 342.46 20.46 41.59 0 0.325285 327.43 742.40 27.34 38.38 0 0.305472 596.02 554.23 25.38 24.23 0 0.298858 1218.75 450.68 24.56 29.46 0 0.262512 385.19 547.77 35.70 22.84 0 0.262391 601.50 483.98 36.09 23.85 0 0.254907 975.10 360.93 24.01 39.02 0
264,0.574219 745.90 1029.83 73.36 50.17 0 0.551190 670.67 918.84 78.22 62.63 0 0.518288 792.65 546.59 72.70 52.50 0 0.506060 846.62 609.79 75.01 57.34 0 0.498757 757.51 862.40 71.68 56.31 0 0.494220 741.80 822.04 74.03 59.61 0 0.487309 753.74 868.97 66.52 57.09 0 0.478192 964.51 817.14 80.48 55.13 0 0.477071 901.53 711.72 75.83 60.02 0 0.464916 946.49 784.08 75.75 54.17 0 0.463273 490.04 612.02 69.03 49.00 0 0.462865 535.80 670.70 72.72 48.09 0 0.462555 738.63 453.86 66.11 45.35 0 0.455244 709.26 417.71 74.37 52.10 0 0.454223 856.57 643.45 76.65 63.36 0 0.451929 852.01 992.05 74.91 78.77 0 0.449904 723.99 421.06 68.65 55.28 0 0.440226 871.60 673.22 75.64 55.22 0 0.437500 704.74 758.94 73.06 56.32 0 0.434949 804.98 942.51 76.37 57.57 0 0.432746 657.36 893.54 76.24 51.97 0 0.430917 777.25 517.72 74.82 53.82 0 0.430875 918.62 237.87 73.63 47.79 0 0.429451 926.04 749.88 73.88 60.26 0 0.428101 784.46 901.31 81.46 58.51 0 0.428066 618.37 812.55 72.32 53.75 0 0.427390 899.31 208.04 75.95 52.33 0 0.424152 639.54 652.83 68.88 52.18 0 0.420898 1042.83 922.95 78.90 58.51 0 0.414372 835.32 982.45 79.12 69.19 0 0.411984 1007.19 853.90 69.56 54.95 0 0.404453 540.79 705.10 74.60 59.53 0 0.401524 1023.00 886.31 77.64 59.17 0 0.400972 758.48 484.44 60.58 43.44 0 0.399664 548.08 529.05 65.58 43.91 0 0.391180 778.75 525.20 71.87 59.42 0 0.389274 542.56 717.14 77.98 52.62 0 0.385168 984.10 159.80 70.26 47.77 0 0.381889 869.29 657.77 77.94 63.06 0 0.379688 462.68 575.11 74.46 47.82 0 0.375959 508.29 462.65 71.76 51.80 0 0.374897 673.22 723.65 67.38 55.75 0 0.373699 964.78 292.04 69.03 46.32 0 0.373031 1116.89 818.58 69.16 54.25 0 0.371399 1061.08 962.68 75.37 58.37 0 0.368678 1131.81 912.70 87.87 57.43 0 0.366770 561.19 556.48 77.91 59.94 0 0.356644 637.70 843.14 74.30 65.13 0 0.345728 1133.01 867.06 69.75 47.42 0 0.343489 717.19 411.84 70.19 51.89 0 0.341752 728.68 791.08 65.87 53.46 0 0.339941 564.16 751.71 72.74 57.25 0 0.334366 701.36 385.29 69.44 46.14 0 0.331567 756.91 504.73 73.67 44.89 0 0.331127 657.96 682.85 68.42 52.06 0 0.330840 696.15 745.24 72.40 55.00 0 0.329370 662.47 694.21 67.13 48.62 0 0.327875 589.84 782.48 83.04 58.58 0 0.316580 448.18 542.52 73.74 48.92 0 0.313200 185.82 393.42 46.59 29.94 3 0.310177 497.52 614.82 65.43 60.33 0 0.308872 711.74 773.64 71.81 54.47 0 0.306541 832.00 971.88 79.87 60.84 0 0.305566 1144.01 906.91 77.00 56.12 0 0.299348 1030.74 903.35 86.24 60.52 0 0.294992 644.54 833.05 69.26 62.15 0 0.289095 614.16 617.13 76.94 52.23 0 0.285591 847.26 622.13 79.23 56.16 0 0.283912 937.11 777.60 79.18 54.38 0 0.276899 858.21 634.20 75.92 55.72 0 0.269230 660.75 902.94 86.09 66.01 0 0.269028 925.98 761.84 79.21 59.52 0 0.265880 466.98 589.09 79.96 55.14 0 0.259258 523.54 643.51 66.72 56.97 0 0.257469 727.72 443.11 68.17 48.77 0 0.252348 818.67 960.28 84.17 56.84 0 0.250026 646.72 670.42 75.48 54.41 0
265,0.700020 1690.30 712.71 94.46 113.32 0 0.690002 1161.61 774.28 22.00 42.20 2 0.677594 981.33 563.79 22.13 36.27 2 0.652758 1320.97 679.91 66.14 112.25 0 0.652748 501.43 545.99 169.38 81.93 1 0.631942 1484.98 890.32 87.94 134.24 0 0.613952 1109.30 864.00 22.93 48.68 2 0.606602 1313.91 893.02 22.30 45.11 2 0.598166 1400.40 694.00 75.27 101.73 0 0.597162 560.12 409.96 92.45 41.12 0 0.596780 924.85 437.23 114.20 49.36 0 0.582482 1237.05 667.36 68.39 105.71 0 0.558558 1397.70 871.49 18.37 38.92 2 0.557154 804.63 431.58 100.70 39.37 0 0.557001 1781.64 709.17 81.39 110.09 0 0.555423 667.50 421.36 105.44 40.22 0 0.547030 1588.30 656.35 25.16 51.06 3 0.538339 1773.09 490.41 27.33 38.86 3 0.529812 1796.75 489.05 29.48 38.53 3 0.525733 966.29 984.65 27.13 53.33 2 0.515740 1746.81 541.77 123.25 57.75 0 0.512172 1729.09 484.78 28.11 42.53 3 0.494421 1606.39 654.24 27.52 51.77 3 0.489897 1749.42 916.46 124.65 163.54 0 0.488237 1182.32 656.91 24.45 37.88 2 0.488193 1289.68 603.95 115.60 66.99 0 0.487298 1699.67 665.84 32.40 37.55 3 0.485565 1670.27 661.70 27.26 41.19 3 0.469630 1634.40 657.24 26.62 49.94 3 0.466678 1564.44 655.04 24.43 48.96 3 0.456569 1674.29 482.87 25.80 42.85 3 0.446787 1113.81 352.50 20.15 28.37 2 0.444719 1602.40 657.39 25.08 48.75 3 0.442737 1606.39 480.25 26.94 43.53 3 0.442710 1701.34 484.97 23.85 41.33 3 0.437960 516.20 538.42 147.51 77.56 1 0.424174 616.45 658.24 25.67 57.06 3 0.423203 856.87 941.23 31.77 51.31 2 0.413429 1062.26 1016.46 28.95 59.92 2 0.402768 1649.16 482.18 24.84 42.98 3 0.398731 1504.37 437.09 22.57 31.42 2 0.396379 1577.95 477.58 28.75 42.65 3 0.390275 1880.39 589.35 39.20 58.54 0 0.388905 1870.34 508.64 24.89 28.39 3 0.387179 502.24 995.37 71.68 48.23 3 0.384650 1503.74 652.79 26.18 49.64 3 0.379773 573.69 656.42 25.45 50.74 3 0.374318 1535.12 650.68 27.18 50.05 3 0.358885 997.26 946.00 32.57 58.37 2 0.353749 745.85 897.55 58.45 41.16 3 0.351777 985.01 802.24 21.85 39.29 2 0.348411 1488.38 483.15 34.05 32.49 3 0.345254 1145.84 1032.31 35.12 47.69 2 0.339853 1720.29 663.92 29.69 39.05 3 0.331892 1850.54 509.01 28.74 31.01 3 0.311852 785.35 1018.99 46.02 39.04 3 0.298806 932.05 576.88 23.85 33.80 2 0.291055 1839.98 939.71 79.68 140.29 0 0.288905 1711.58 669.35 39.16 41.76 3 0.284395 1048.15 747.35 25.07 51.95 2 0.272175 1867.15 676.63 37.29 43.22 3 0.269751 807.85 957.55 38.39 43.55 3 0.268000 1767.84 495.41 41.53 44.85 3 0.262694 1652.06 658.44 25.54 46.16 3 0.261416 1858.17 937.73 61.83 136.53 0 0.260830 1763.91 931.40 127.75 146.47 0 0.257653 936.11 570.29 21.95 38.05 2 0.254903 979.09 1021.77 25.20 53.16 2
266,0.698555 813.52 432.84 21.52 50.49 0 0.695572 842.99 435.55 20.93 49.91 0 0.637575 532.33 443.86 21.37 46.20 0 0.637291 956.90 553.13 22.68 48.83 0 0.633057 644.55 436.85 20.59 47.50 0 0.630295 1011.13 431.02 20.96 47.22 0 0.618960 1027.86 742.32 30.97 60.11 0 0.612996 673.45 437.33 19.57 49.22 0 0.599333 976.23 382.09 23.25 42.78 0 0.597745 1067.61 821.22 29.71 61.53 0 0.597086 504.27 615.68 23.32 52.71 0 0.595010 702.62 435.92 22.56 48.78 0 0.591164 868.84 550.62 24.93 51.98 0 0.588081 603.91 559.89 21.78 49.00 0 0.584149 988.19 554.02 23.76 49.93 0 0.583056 979.86 429.64 22.74 47.91 0 0.571220 870.23 384.04 19.96 43.53 0 0.568855 842.14 381.67 20.73 40.94 0 0.568502 574.70 564.01 21.90 45.65 0 0.555816 811.82 550.35 27.18 54.95 0 0.542142 1721.93 623.88 32.72 49.02 0 0.541132 619.61 385.16 23.29 45.16 0 0.534576 691.70 549.15 23.17 49.29 0 0.526873 662.85 549.99 24.94 48.68 0 0.525111 950.89 431.76 24.53 47.46 0 0.523071 1743.58 691.92 34.06 52.14 0 0.516412 1664.50 442.40 29.48 49.09 0 0.515250 870.08 437.66 21.50 50.29 0 0.511875 720.52 551.37 23.72 49.30 0 0.497213 812.49 383.69 21.09 45.53 0 0.497165 1037.93 428.58 21.81 47.82 0 0.494894 704.16 386.37 24.27 41.88 0 0.492885 570.79 623.39 21.00 52.30 0 0.490378 1062.09 739.69 30.92 59.28 0 0.488158 926.83 551.65 24.18 48.74 0 0.481533 1636.21 144.30 27.03 46.12 0 0.478968 544.47 559.91 23.04 47.01 0 0.476814 560.87 444.16 22.81 47.02 0 0.470470 594.21 389.24 20.93 41.80 0 0.462740 785.33 435.36 23.14 50.15 0 0.459368 1630.85 337.85 24.47 43.84 0 0.455898 897.79 550.13 25.93 51.32 0 0.454010 749.99 551.28 24.65 48.89 0 0.453651 535.17 613.31 26.77 53.97 0 0.448492 759.35 388.71 24.22 44.19 0 0.447535 617.68 438.75 21.91 47.88 0 0.443523 1001.89 382.14 21.56 43.22 0 0.433889 590.16 441.94 24.84 47.58 0 0.426354 1698.36 551.68 34.57 62.00 0 0.419185 632.57 556.41 25.69 50.78 0 0.419050 966.55 741.77 32.69 66.97 0 0.416097 1499.90 211.03 47.11 20.03 0 0.408577 898.42 437.10 25.73 52.46 0 0.408130 1502.65 230.44 45.43 21.93 0 0.392765 950.73 380.01 23.34 43.13 0 0.387129 920.11 385.35 22.80 43.75 0 0.383789 1603.11 239.63 21.94 42.19 0 0.369035 728.92 435.86 23.60 46.92 0 0.367929 778.91 553.47 27.29 50.15 0 0.367606 722.59 384.41 25.96 41.95 0 0.356513 1010.60 419.32 22.55 48.04 0 0.351221 785.36 387.87 22.57 43.88 0 0.340766 896.19 384.69 22.14 41.58 0 0.337889 703.00 318.61 11.92 22.82 3 0.337760 1016.79 553.24 25.84 50.18 0 0.327028 942.63 380.56 23.11 42.97 0 0.305077 513.50 556.05 24.29 47.28 0 0.301175 1506.47 267.73 42.30 22.76 0 0.269150 1180.59 123.55 28.94 40.74 0
267,0.520398 1005.17 380.83 26.37 47.07 0 0.482042 985.77 251.41 29.72 32.16 0 0.460012 956.61 176.88 30.34 23.95 0 0.277608 991.94 291.97 29.39 40.85 0 0.254563 992.04 299.37 28.13 42.37 0
268,0.589678 887.79 332.35 46.38 65.55 1 0.546553 487.92 486.82 16.17 31.52 0 0.543361 334.25 466.36 23.86 26.02 0 0.468334 464.82 484.95 19.11 29.10 0 0.414689 411.56 474.16 24.22 28.54 0 0.404622 606.15 510.70 22.06 30.99 0 0.378251 569.56 413.98 24.19 23.30 0 0.359752 650.88 418.04 23.05 20.88 0 0.357412 935.46 302.76 20.54 28.44 0 0.356875 1178.61 388.48 21.23 23.01 0 0.356350 880.59 345.75 44.57 60.97 1 0.313445 699.62 518.97 20.24 32.71 0 0.306137 651.50 370.02 27.28 20.45 0 0.303698 529.72 414.15 25.38 21.67 0 0.294470 381.93 473.19 23.54 28.01 0 0.293265 981.73 313.08 19.76 28.93 0 0.273655 1135.64 387.51 24.56 23.49 0 0.259976 733.64 427.49 30.28 22.58 0 0.257765 354.44 366.47 31.52 20.95 0
269,0.512150 1331.51 729.42 42.22 24.07 0 0.482227 1194.69 878.06 41.70 30.44 0 0.442203 1002.94 1014.91 49.11 51.78 0 0.430979 1528.25 872.28 43.46 27.61 0 0.429471 1792.69 851.12 34.67 25.37 0 0.428478 1348.40 939.67 48.40 30.28 0 0.425573 1650.13 994.52 40.14 28.09 0 0.424009 887.37 1025.06 43.98 37.92 0 0.417518 1431.79 747.93 49.76 26.99 0 0.415229 1692.24 950.53 45.29 32.58 0 0.411775 1079.92 955.31 25.21 22.36 3 0.392874 928.78 971.15 42.03 34.03 0 0.381952 1698.46 902.61 41.48 27.40 0 0.370195 1249.03 829.92 44.60 35.78 0 0.366748 1303.49 760.04 40.50 26.65 0 0.363188 1488.10 1009.97 63.99 44.42 0 0.360354 1625.92 1037.77 60.14 36.33 0 0.359163 1514.23 990.18 50.65 34.00 0 0.355694 1434.33 964.37 65.38 54.99 1 0.355571 1526.34 970.14 41.94 32.99 0 0.354525 1681.16 797.89 33.06 26.92 0 0.347747 1596.07 891.31 42.33 31.86 0 0.344689 1010.63 1010.55 46.54 46.25 0 0.343153 1553.03 967.09 37.82 29.78 0 0.342977 1656.24 1013.09 44.65 29.88 0 0.341155 1297.87 772.12 41.59 24.93 0 0.341152 1199.23 888.10 40.44 28.51 0 0.340786 1872.62 976.48 45.10 31.02 0 0.340047 1681.48 946.67 50.19 33.41 0 0.338992 1553.02 832.69 44.66 26.17 0 0.338537 1877.95 983.61 42.05 31.11 0 0.337587 1224.64 845.90 45.16 32.67 0 0.333259 1432.00 736.96 47.84 24.99 0 0.330326 1489.82 916.49 45.61 26.61 0 0.327759 1437.30 739.19 46.75 28.35 0 0.320984 1626.40 769.95 35.21 27.15 0 0.319738 1536.66 986.43 44.19 32.30 0 0.317556 1350.63 921.07 50.54 31.82 0 0.315686 1480.62 922.60 49.15 28.11 0 0.309837 1863.71 1036.76 48.13 25.51 0 0.309413 1571.21 927.78 38.35 29.43 0 0.307940 1689.49 958.16 44.73 29.05 0 0.305488 1443.84 960.74 62.65 42.88 1 0.304018 1439.63 745.25 45.68 26.99 0 0.303424 1780.28 845.51 33.02 27.13 0 0.302726 1701.74 914.05 54.20 29.18 0 0.298960 1519.06 711.95 30.02 24.24 0 0.298661 1868.57 1043.33 46.12 26.92 0 0.297545 878.70 1030.75 50.29 43.16 0 0.293140 1235.07 846.52 44.66 34.95 0 0.284767 1660.25 779.50 26.98 25.51 0 0.284457 450.80 822.17 37.81 32.85 0 0.282717 1862.81 894.08 40.12 22.53 0 0.281411 1398.78 877.44 37.14 29.38 0 0.279745 1365.38 678.02 35.48 23.24 0 0.273684 1536.86 878.71 42.65 27.88 0 0.266101 1620.17 1043.59 52.66 34.82 0 0.262058 1742.28 830.48 30.56 23.97 0 0.261129 921.77 980.37 39.33 33.81 0 0.255607 1365.84 904.12 43.52 26.03 0 0.255572 1292.38 773.70 39.96 29.82 0 0.254080 1327.35 730.41 40.43 25.84 0 0.252834 1244.81 835.92 46.47 34.40 0 0.250543 1727.53 823.70 35.25 23.94 0 0.250228 1844.48 881.46 40.99 25.44 0
270,0.555280 769.46 358.05 31.56 42.57 0 0.401272 770.04 279.80 26.66 48.20 0 0.324951 686.28 509.90 32.16 31.83 0 0.305793 609.34 919.78 37.24 50.79 0
271,0.595146 910.50 339.99 198.83 99.46 1 0.580548 1169.00 357.69 184.10 70.95 0 0.555151 663.50 384.19 192.20 70.95 0 0.531168 1525.26 353.84 159.83 66.84 0 0.525872 1366.85 363.94 143.79 59.20 0 0.408464 1827.34 353.50 89.82 50.22 0 0.312902 1838.84 344.23 81.16 62.53 0
272,0.747882 954.93 597.15 41.22 75.92 1 0.654657 837.65 939.67 37.39 79.93 0 0.585096 906.48 981.62 37.93 80.81 0 0.499386 901.70 888.87 32.02 61.09 0 0.483979 763.52 998.28 28.71 24.54 3 0.370053 791.31 161.38 19.87 16.81 3 0.353934 882.92 801.68 20.25 38.45 3 0.351699 763.48 1015.51 30.94 21.50 3 0.303351 762.51 944.65 31.79 31.04 3 0.300996 910.29 107.09 26.63 32.36 0 0.291317 770.56 1063.89 23.83 16.11 3 0.287778 796.75 136.86 20.17 13.46 3 0.287019 823.77 808.78 32.82 69.28 1 0.275727 787.02 24.08 27.80 38.56 0 0.275140 964.50 543.92 31.10 50.59 0
273,0.387665 1367.26 640.77 24.71 30.15 1 0.375329 1193.39 505.81 69.31 33.18 1 0.269696 1292.93 525.18 28.02 17.34 0
274,0.601701 1073.23 542.67 50.63 20.68 0 0.567741 1010.70 534.57 51.24 21.23 0 0.522520 1138.30 545.32 51.33 23.13 0 0.458091 823.19 522.18 57.26 19.01 0 0.441212 760.18 520.03 44.32 17.51 0 0.414738 1196.68 548.00 55.74 25.16 0 0.404958 895.10 522.33 42.34 21.65 0 0.272979 957.21 525.14 37.73 24.35 0 0.265650 956.40 528.74 40.70 24.90 0
275,
276,0.519799 658.77 798.02 39.60 39.44 1 0.307149 654.24 802.23 40.59 40.42 1 0.257415 1637.74 691.95 26.60 53.00 1
277,0.748399 980.30 423.08 37.33 28.99 3 0.621702 1232.11 895.06 40.75 27.08 3 0.588582 1231.65 1032.59 57.57 31.78 3 0.560610 864.81 632.24 77.43 92.86 0 0.533165 1251.35 559.95 39.28 23.20 3 0.503169 821.13 729.24 82.03 116.94 0 0.483249 1245.23 562.41 41.01 22.37 3 0.467864 1234.02 994.53 51.68 29.52 3 0.446534 929.13 511.16 54.01 89.53 0 0.438930 951.22 455.59 52.39 64.56 0 0.428989 1250.02 512.88 35.01 22.48 3 0.414652 1241.29 821.73 49.17 34.45 3 0.409693 1242.61 940.66 54.16 41.84 3 0.384440 1231.03 1012.30 54.64 33.55 3 0.383143 1229.01 896.79 48.03 32.46 3 0.376720 1083.01 163.77 33.33 52.58 0 0.370828 1250.54 546.54 40.63 22.14 3 0.364531 1234.66 841.95 47.69 31.20 3 0.363237 1232.30 876.59 42.36 29.63 3 0.362653 1231.11 915.24 52.88 39.83 3 0.352931 1019.34 314.05 39.85 25.19 0 0.338361 1094.84 134.30 29.22 27.95 0 0.337264 1248.35 491.70 36.01 20.51 3 0.324125 1227.17 913.67 47.06 33.53 3 0.319668 1003.74 386.75 26.99 32.70 3 0.270173 831.08 728.18 69.21 94.58 0 0.266673 1241.96 783.32 51.28 27.59 3 0.253712 1243.80 990.77 53.21 36.20 3 0.250252 988.54 418.45 35.50 30.61 3 0.250192 1245.19 797.06 47.88 37.02 3
278,0.418173 655.92 469.99 257.23 115.99 0 0.302037 0.00 434.57 186.68 104.63 0 0.273620 1349.40 111.64 15.47 20.09 0
279,0.556272 858.53 246.73 112.95 62.27 0 0.547511 1035.76 669.02 101.27 58.86 0 0.537967 856.19 676.57 106.13 58.73 0 0.535768 990.87 24.42 119.46 59.70 0 0.535050 1266.20 349.49 43.54 29.15 3 0.534982 535.49 817.73 123.75 62.89 0 0.526937 1038.92 936.88 104.11 66.66 0 0.525412 532.39 627.75 130.97 60.25 0 0.514537 1003.51 867.88 106.38 57.66 0 0.506139 1009.66 797.21 115.42 64.49 0 0.503566 883.80 1023.72 107.28 56.28 0 0.498681 1005.79 187.16 110.50 55.89 0 0.498456 45.62 993.67 122.08 62.14 0 0.495086 995.84 138.53 107.16 59.21 0 0.494583 849.03 748.63 121.46 67.74 0 0.490534 547.67 441.44 116.17 69.34 0 0.490007 858.31 609.28 116.79 61.34 0 0.483200 1261.76 277.90 47.17 30.20 3 0.480390 541.80 757.90 121.97 63.52 0 0.478776 873.82 950.12 120.11 61.67 0 0.475592 547.90 565.98 123.19 65.55 0 0.475567 1039.50 1017.18 106.51 59.28 0 0.474212 1264.54 315.07 44.71 27.84 3 0.471771 411.14 157.50 106.24 58.14 0 0.471267 862.78 429.70 110.01 61.17 0 0.470840 1270.73 343.92 45.70 31.46 3 0.466036 846.37 816.57 124.06 55.45 0 0.462730 530.65 966.76 121.90 66.69 0 0.457494 997.49 480.92 116.65 65.63 0 0.453714 430.07 46.42 113.96 60.02 0 0.447151 562.45 266.52 111.42 65.91 0 0.446091 1005.12 360.38 120.51 64.51 0 0.445385 851.77 485.42 114.91 64.28 0 0.445318 559.35 500.52 106.18 63.55 0 0.444427 849.99 83.91 113.63 66.68 0 0.428540 853.78 311.42 114.49 58.30 0 0.415029 1031.66 740.52 109.08 63.00 0 0.408528 869.60 366.32 102.73 65.28 0 0.406913 571.19 43.85 107.31 57.99 0 0.403787 996.94 536.55 117.50 69.74 0 0.400967 567.38 332.16 116.28 59.72 0 0.398748 563.07 151.30 116.18 56.50 0 0.397345 852.56 201.65 109.70 60.09 0 0.397088 564.03 372.79 116.78 68.62 0 0.392964 19.98 989.85 52.98 65.94 0 0.391021 544.60 890.60 120.85 62.12 0 0.386691 847.06 143.36 112.01 56.78 0 0.386234 927.13 946.29 79.89 60.67 0 0.385551 1063.58 1008.75 99.07 68.79 0 0.384556 847.70 550.19 123.00 62.66 0 0.378368 1105.19 935.00 63.37 67.78 0 0.375404 891.82 942.94 110.14 64.55 0 0.372455 558.14 206.32 105.65 65.62 0 0.370223 425.12 98.93 111.81 56.25 0 0.365271 1260.14 244.13 46.25 28.64 3 0.358350 1008.10 602.50 110.33 60.00 0 0.356104 1242.55 0.00 44.06 26.34 3 0.331937 570.26 101.29 110.00 60.53 0 0.319510 854.07 33.68 106.58 52.66 0 0.299657 1030.81 798.49 109.74 61.78 0 0.299549 22.49 990.85 119.95 64.24 0 0.299461 1247.09 5.85 46.34 38.84 3 0.298189 1017.76 418.36 102.07 61.95 0 0.277738 548.41 435.88 120.56 58.14 0 0.275774 944.02 937.80 60.31 66.43 0 0.271898 562.30 221.80 102.36 70.73 0 0.271378 401.47 163.69 120.81 60.74 0 0.251011 883.74 363.85 103.02 58.27 0
280,0.773517 496.21 835.90 41.05 73.21 1 0.696245 1018.77 441.43 35.63 70.81 1 0.631797 957.63 760.16 32.09 69.85 0 0.549621 247.19 936.64 72.81 36.55 0 0.535304 958.01 678.79 25.56 58.28 0 0.497060 898.75 720.10 36.16 67.05 0 0.490024 499.48 832.52 47.50 74.88 1 0.480357 653.34 931.21 71.11 37.13 0 0.467767 600.35 839.81 37.31 66.42 0 0.459596 1337.35 907.60 71.92 32.59 0 0.439398 553.72 838.65 48.15 79.48 1 0.436474 835.06 773.96 24.27 21.78 3 0.433705 836.70 763.51 23.58 23.73 3 0.384597 835.80 825.33 20.71 27.30 3 0.378594 889.92 611.89 31.42 59.43 1 0.356103 1030.46 391.09 23.59 49.94 0 0.352461 835.77 721.64 23.36 23.83 3 0.350793 990.70 538.64 30.92 58.00 0 0.336637 835.86 812.72 21.20 23.16 3 0.295960 557.28 727.91 42.80 32.05 0 0.292362 889.12 63.87 15.89 19.87 3 0.268473 968.65 206.36 28.12 44.96 0
281,0.625422 58.54 136.40 39.11 61.67 0 0.608146 292.22 18.70 30.28 48.88 0 0.587438 1066.17 344.38 49.60 73.58 0 0.543382 291.46 259.56 37.17 60.40 0 0.539867 290.88 130.42 28.15 48.90 0 0.528664 77.08 21.86 32.79 52.15 0 0.526847 0.18 609.89 48.27 81.22 0 0.522315 21.24 420.85 47.30 76.76 0 0.499637 295.73 592.24 45.23 75.56 0 0.494062 46.54 259.61 38.72 60.65 0 0.438068 296.92 674.49 40.91 45.51 0
282,0.674544 889.18 354.69 26.59 56.40 0 0.650690 763.18 358.69 26.09 52.18 0 0.648548 593.66 784.18 24.87 52.89 0 0.635212 868.57 435.91 24.76 61.59 0 0.625897 956.74 431.24 26.72 58.06 0 0.621801 700.22 367.61 25.56 56.72 0 0.615250 986.42 347.29 25.95 57.17 0 0.609155 833.37 437.29 24.88 59.97 0 0.605090 989.55 430.99 27.81 58.84 0 0.595506 1100.34 424.48 23.97 51.88 0 0.588734 796.33 440.94 28.06 62.81 0 0.586382 628.96 780.02 28.98 54.48 0 0.585683 951.83 353.18 26.98 55.16 0 0.577030 1050.53 652.93 54.70 27.38 0 0.570975 667.77 368.67 27.40 59.63 0 0.559028 926.83 794.50 25.78 58.74 0 0.558274 675.96 776.64 30.52 56.30 0 0.556975 1024.54 432.35 27.05 57.24 0 0.552924 743.68 775.57 25.36 57.91 0 0.546313 1022.54 546.82 28.86 55.05 0 0.540719 646.83 457.04 25.81 54.20 0 0.536841 165.43 171.72 29.48 59.76 0 0.521167 227.27 166.21 31.89 60.22 0 0.521134 671.48 0.00 32.52 48.52 0 0.520265 829.33 357.95 27.60 60.58 0 0.513149 1052.36 345.63 27.58 58.97 0 0.512985 885.63 792.19 29.61 62.84 0 0.507452 160.70 486.59 28.72 62.25 0 0.507279 990.61 548.63 24.43 52.18 0 0.498348 927.77 430.77 25.91 59.20 0 0.485108 209.31 295.28 30.68 60.63 0 0.485090 93.95 494.90 32.10 64.90 0 0.484198 1053.26 545.29 26.30 57.07 0 0.481015 262.46 168.18 28.77 54.07 0 0.469916 553.25 781.64 29.70 55.41 0 0.463741 1019.22 349.85 27.45 56.03 0 0.457282 294.77 163.59 29.71 59.38 0 0.431881 920.94 352.79 27.97 60.70 0 0.422651 854.26 772.65 24.41 49.75 0 0.418962 728.78 361.22 27.49 60.89 0 0.405700 133.73 490.86 29.68 59.23 0 0.405061 247.60 297.06 29.27 58.59 0 0.398543 1063.94 427.00 28.08 60.34 0 0.397605 796.81 360.46 24.40 55.91 0 0.386482 610.87 459.65 28.16 57.79 0 0.357348 388.06 282.65 27.37 57.03 0 0.330952 559.45 684.16 38.84 28.99 0 0.328681 566.26 725.23 32.15 27.54 0 0.306943 104.95 44.35 35.28 68.42 0 0.305512 1067.48 691.68 60.08 28.22 0 0.295099 840.62 552.91 51.77 26.68 0 0.289985 823.10 779.02 25.67 44.90 0 0.286598 573.47 178.00 31.26 65.23 1 0.284819 834.57 24.60 51.14 66.27 0 0.274092 102.63 41.68 31.67 59.67 0 0.269812 691.12 57.95 41.10 62.91 0
283,0.619334 531.35 397.57 212.79 82.15 0 0.579020 794.30 378.18 225.27 92.64 0 0.564858 1478.30 355.05 171.12 78.41 0 0.498808 0.00 441.18 193.44 81.63 0 0.303668 14.69 432.62 202.14 80.73 0
284,0.555941 801.70 865.57 76.56 68.98 0 0.546802 614.19 624.16 77.23 63.32 0 0.535046 821.48 560.01 76.89 71.47 0 0.520320 528.59 532.43 72.65 68.80 0 0.501774 905.69 93.17 67.53 53.04 0 0.498515 590.10 1037.81 42.23 36.51 3 0.493980 408.49 539.21 73.32 64.43 0 0.483984 773.15 820.57 65.25 64.77 0 0.481205 825.57 892.82 76.57 66.68 0 0.481167 909.87 1006.66 80.87 66.28 0 0.479969 974.71 746.84 81.45 67.84 0 0.477187 878.48 950.56 83.83 77.04 0 0.475398 680.88 893.38 80.44 73.83 0 0.471024 908.52 229.64 61.37 52.99 0 0.469531 923.21 683.87 73.84 66.83 0 0.466626 942.56 723.08 75.21 64.68 0 0.465605 460.37 455.08 66.83 60.12 0 0.464484 451.28 602.13 75.83 66.23 0 0.458724 659.55 689.21 74.39 69.65 0 0.457567 424.37 574.95 75.30 64.43 0 0.453708 841.69 586.39 67.68 74.90 0 0.453502 852.90 173.92 65.96 58.63 0 0.452827 1018.71 776.10 76.45 69.30 0 0.452319 636.66 816.62 77.53 73.70 0 0.451432 759.59 497.04 75.56 66.62 0 0.450759 492.53 634.87 81.17 68.48 0 0.448237 663.76 375.74 72.30 65.17 0 0.447656 1041.66 818.66 82.29 64.65 0 0.447177 588.48 759.69 80.93 71.68 0 0.445610 773.96 1007.16 72.09 66.70 0 0.445109 828.72 154.54 59.97 56.89 0 0.444847 852.16 927.77 77.09 72.97 0 0.444485 508.05 654.83 77.93 74.02 0 0.444299 802.33 1018.03 72.53 61.97 0 0.433641 897.56 648.53 79.09 69.94 0 0.433253 585.76 600.22 78.06 60.73 0 0.432971 949.53 718.49 82.72 65.31 0 0.430094 1156.37 817.34 85.21 68.07 0 0.428169 742.77 782.17 75.14 70.68 0 0.427003 1124.24 732.58 62.29 58.64 0 0.421594 554.22 734.26 70.75 63.11 0 0.420851 505.54 511.73 74.54 57.91 0 0.416801 736.78 471.18 79.24 69.66 0 0.411622 1139.58 778.64 71.69 64.23 0 0.405744 713.74 447.39 74.72 56.18 0 0.404447 661.53 872.67 77.32 61.41 0 0.404078 640.34 653.89 81.93 65.53 0 0.402474 746.77 794.85 73.27 70.67 0 0.399863 690.80 407.41 73.27 61.23 0 0.392819 1093.52 885.58 68.24 65.10 0 0.391517 874.00 622.78 73.87 69.50 0 0.389335 720.60 755.14 76.69 73.32 0 0.387280 822.35 572.53 80.85 76.77 0 0.386111 890.13 643.36 77.28 68.04 0 0.381740 474.18 469.54 77.01 64.56 0 0.375555 826.84 903.54 75.71 70.90 0 0.375240 499.24 647.09 82.85 66.93 0 0.369935 1065.37 850.32 73.70 65.20 0 0.364380 1057.63 838.12 75.27 63.73 0 0.364223 528.41 694.68 72.18 63.55 0 0.362461 1117.82 744.54 77.71 61.50 0 0.358536 614.15 634.21 83.35 65.47 0 0.358253 646.66 667.34 74.07 70.38 0 0.354935 924.81 1032.92 81.16 47.08 0 0.353282 762.20 835.92 73.34 66.90 0 0.352947 692.52 417.89 76.62 62.67 0 0.350633 958.69 733.02 86.89 75.30 0 0.350272 681.49 414.38 72.75 58.98 0 0.349763 613.54 786.19 74.05 65.67 0 0.346977 670.86 879.17 85.17 72.41 0 0.343384 899.41 663.81 78.79 67.08 0 0.341501 926.24 695.27 81.44 66.81 0 0.341450 525.61 542.49 76.50 70.69 0 0.334926 707.62 443.87 73.37 51.66 0 0.325265 846.90 592.34 81.44 77.43 0 0.321999 651.63 348.48 70.17 56.24 0 0.319979 594.91 592.47 70.27 61.88 0 0.319139 465.91 460.56 79.57 66.39 0 0.313638 815.39 881.52 79.82 69.48 0 0.312568 690.16 724.61 77.88 56.55 0 0.307772 662.98 698.50 88.20 68.15 0 0.301115 111.43 422.50 42.91 30.93 3 0.300271 729.88 767.80 81.26 68.83 0 0.296850 831.52 584.80 87.82 65.77 0 0.288788 473.90 621.07 81.92 65.18 0 0.280585 743.84 481.41 84.32 74.42 0 0.279259 1137.86 794.63 84.29 60.34 0 0.276720 996.66 769.59 84.35 64.30 0 0.274049 482.23 459.96 83.61 59.28 0 0.274002 514.17 672.24 81.54 72.26 0 0.261972 442.03 584.96 74.10 70.95 0 0.261227 308.48 260.34 94.72 70.64 1 0.260298 748.29 776.60 72.32 58.37 0 0.258831 717.03 752.53 69.37 60.17 0 0.256957 643.76 806.74 73.81 71.62 0 0.252783 1036.93 801.79 71.49 59.08 0
285,0.383745 861.61 585.74 44.85 57.89 0 0.263799 542.16 480.50 28.59 32.74 0 0.263022 502.49 491.47 25.46 28.02 0 0.255663 816.07 599.74 34.81 40.16 0
286,
287,0.475556 934.01 712.37 51.07 27.74 0 0.438564 398.26 748.45 38.80 25.30 0 0.432761 370.92 750.57 42.94 23.83 0 0.367209 1430.20 450.96 40.57 22.75 0 0.329571 530.30 728.94 69.72 27.28 0 0.295273 361.97 752.67 48.82 24.76 0 0.288669 472.79 739.61 55.00 25.58 0 0.287392 296.13 755.43 60.08 23.91 0 0.272926 1360.11 474.58 38.98 25.85 0
288,0.632005 1194.78 551.23 29.79 58.70 0 0.602974 1818.06 868.99 32.84 62.04 0 0.597906 1655.28 772.81 32.87 62.50 0 0.589729 1771.67 1027.22 38.56 52.78 0 0.582809 1416.42 464.85 27.60 52.32 0 0.582263 1432.12 650.29 29.64 62.59 0 0.569543 1628.84 776.14 31.50 59.17 0 0.564759 1558.21 651.37 32.03 58.63 0 0.560289 1489.42 646.08 33.53 60.56 0 0.548511 1869.16 768.16 29.45 54.32 0 0.548069 1446.90 459.37 28.47 52.98 0 0.544388 1367.76 653.92 30.04 57.70 0 0.538438 1724.21 877.00 30.00 55.51 0 0.534402 1674.02 646.59 34.85 56.86 0 0.530631 1413.06 873.29 32.58 60.62 0 0.530019 1861.45 445.50 29.30 52.35 0 0.521884 1366.18 464.86 24.42 46.64 0 0.520519 1526.96 649.10 28.49 59.49 0 0.514664 1338.19 653.20 31.84 60.42 0 0.514117 1005.65 517.64 24.74 51.79 0 0.505629 1691.64 876.10 30.09 55.16 0 0.503340 1622.74 878.37 34.44 62.33 0 0.502218 1451.12 876.01 32.94 62.94 0 0.497337 1398.14 651.24 30.94 64.20 0 0.487933 1840.25 770.47 28.33 51.01 0 0.487665 1310.72 881.26 38.12 73.81 0 0.485025 1557.46 459.46 28.97 51.24 0 0.484025 1208.20 254.64 42.30 23.56 0 0.483817 1868.65 1024.49 38.15 55.51 0 0.483128 1124.68 678.01 51.82 28.31 0 0.480680 1870.45 636.07 35.13 56.68 0 0.480666 1121.67 712.74 58.11 26.59 0 0.473986 1562.40 883.31 33.33 59.13 0 0.472195 1591.78 454.97 31.55 57.19 0 0.470365 1251.04 470.08 29.51 53.29 0 0.458505 1779.19 872.54 32.15 56.67 0 0.449215 1854.46 868.94 29.23 60.16 0 0.448251 1804.55 453.00 33.23 48.40 0 0.440390 1067.01 136.88 44.65 18.79 0 0.439767 1789.54 869.35 31.24 60.94 0 0.439060 1836.18 451.22 28.85 49.19 0 0.436285 1586.31 1032.66 45.58 45.61 0 0.435366 1823.20 633.86 32.29 61.05 0 0.426352 1510.40 880.19 35.55 58.57 0 0.424036 1359.11 573.67 27.45 43.59 0 0.414180 1699.68 1041.70 34.06 38.30 0 0.394861 1093.74 331.24 45.87 26.11 0 0.393646 1659.10 880.01 33.12 59.71 0 0.393482 1811.17 451.23 36.00 49.16 0 0.382358 1706.30 769.13 23.75 42.81 0 0.373539 1523.79 881.67 32.42 55.70 0 0.371975 1076.85 258.57 40.71 19.85 0 0.366986 1894.79 764.13 22.02 54.45 0 0.366286 877.42 618.70 27.86 59.41 0 0.365066 837.26 713.73 28.45 70.83 0 0.360145 1893.07 442.50 23.95 55.02 0 0.351993 1884.14 866.84 32.12 65.14 0 0.349117 1082.61 292.26 41.65 23.00 0 0.344495 1795.46 771.46 33.53 59.99 0 0.335859 1817.07 636.17 34.64 61.83 0 0.332995 1387.33 574.56 28.30 46.49 0 0.329242 998.54 218.96 24.62 40.20 0 0.310108 1794.34 664.82 32.83 39.38 0 0.307878 1311.05 464.57 28.00 50.28 0 0.304005 1883.06 1022.14 33.29 57.86 0 0.303296 991.65 52.35 14.91 37.20 0 0.293769 1655.46 648.59 36.44 59.18 0 0.283757 1085.29 297.79 43.88 23.09 0 0.281094 1444.71 870.73 34.59 63.58 0 0.280256 994.08 123.42 23.17 38.71 0 0.277922 1073.39 112.29 40.22 17.31 0 0.270115 1080.65 276.52 41.09 18.34 0 0.265236 1635.62 563.73 30.52 48.87 0 0.264593 1067.81 149.74 46.88 22.11 0 0.258259 1825.30 644.51 30.98 56.05 0 0.252808 834.54 627.03 34.10 75.00 0
289,0.361078 1219.20 520.33 79.52 32.47 1 0.312780 1401.58 659.12 23.16 21.78 1
290,0.458241 1131.87 160.24 35.05 21.18 0
291,0.621040 472.41 818.07 63.17 43.27 0 0.619969 865.26 627.23 54.90 40.10 0 0.555069 803.77 716.34 63.51 38.33 0 0.531429 683.13 935.12 59.95 37.73 0 0.529017 742.43 840.49 64.30 42.13 0 0.500377 789.28 749.70 59.22 38.51 0 0.476661 469.95 987.43 64.05 40.04 0 0.476305 656.96 996.46 62.96 42.43 0 0.466343 879.13 605.52 55.75 38.28 0 0.453932 358.08 1010.04 66.59 46.50 0 0.442897 530.96 733.94 49.05 31.62 3 0.436366 1290.72 15.35 58.59 40.77 0 0.435914 630.30 548.74 54.00 35.50 0 0.435843 399.51 947.48 66.03 41.80 0 0.433715 519.12 889.73 69.51 46.61 0 0.433540 552.98 709.39 48.55 33.48 3 0.432949 1058.44 766.37 63.77 35.84 0 0.432314 666.20 964.78 68.60 43.54 0 0.432230 756.87 809.84 62.69 39.88 0 0.425563 716.14 552.71 48.14 34.13 0 0.424031 431.70 79.25 54.96 60.50 0 0.411688 446.37 1021.64 69.11 43.43 0 0.410183 1362.80 53.51 55.51 29.39 0 0.407812 1092.42 702.23 57.91 33.29 0 0.406898 415.61 913.74 63.50 40.45 0 0.404331 726.90 871.32 56.42 44.53 0 0.402508 539.13 728.82 50.06 32.58 3 0.394554 1363.05 59.53 54.99 28.25 0 0.388739 848.65 656.40 53.21 38.34 0 0.386407 697.75 584.01 48.35 38.16 0 0.385843 706.43 900.17 64.42 41.50 0 0.384969 538.05 855.68 58.51 39.96 0 0.381501 591.53 804.44 44.14 35.16 3 0.372908 719.00 867.45 60.69 43.09 0 0.370688 552.92 716.59 46.03 32.84 3 0.370039 639.11 705.07 54.25 40.56 0 0.365714 546.53 700.32 54.62 34.71 3 0.361845 483.72 958.51 58.12 37.34 0 0.361223 639.78 1035.19 63.78 40.49 0 0.353272 667.37 637.77 55.96 36.56 3 0.351450 503.86 920.56 61.24 44.32 0 0.350452 576.66 802.88 48.23 35.31 3 0.350053 376.07 780.65 24.63 25.44 3 0.347885 807.77 709.58 65.18 35.57 0 0.346493 492.13 944.80 66.68 41.94 0 0.339224 1102.69 675.33 64.76 37.05 0 0.333831 827.47 686.92 55.78 38.05 0 0.329774 626.44 588.89 50.97 38.62 0 0.327967 740.07 525.25 58.60 37.31 0 0.317747 714.86 882.42 63.56 45.64 0 0.310895 1057.48 759.23 57.69 38.27 0 0.308943 656.16 675.03 54.63 35.35 0 0.306918 872.04 607.02 58.33 42.48 0 0.306468 816.50 694.95 61.33 39.16 0 0.300413 700.50 910.40 60.49 37.31 0 0.284131 441.86 1033.67 71.58 44.31 0 0.281227 498.52 929.48 61.49 37.84 0 0.278439 532.51 859.77 61.67 41.98 0 0.277278 688.88 579.47 47.83 39.72 0 0.272911 1095.03 668.26 56.10 29.20 0 0.271561 833.48 669.32 57.20 39.30 0 0.268495 845.17 321.57 84.15 55.47 1 0.267024 670.55 643.19 61.09 39.71 0 0.262829 469.69 800.54 64.53 44.00 0 0.258378 816.70 687.54 59.60 38.97 0 0.255354 483.63 790.78 61.72 43.99 0
292,0.553835 912.13 730.18 56.47 24.56 0 0.534514 439.04 680.59 55.82 25.16 0 0.514168 1814.57 62.44 46.03 21.82 0 0.512093 209.59 657.11 63.27 29.39 0 0.505619 1707.34 56.62 47.21 27.94 0 0.492562 1842.96 158.69 44.72 21.14 0 0.490365 676.06 773.73 59.20 25.04 0 0.483599 1567.05 204.32 49.73 24.74 0 0.481652 1838.11 824.33 49.38 25.68 0 0.477252 1820.62 824.16 59.03 25.96 0 0.467239 1819.80 84.23 48.87 21.81 0 0.455341 1739.52 179.87 43.58 22.30 0 0.451753 1747.70 204.35 40.98 22.55 0 0.451225 1702.85 51.38 50.95 24.79 0 0.434759 1854.67 187.57 47.30 24.06 0 0.433144 1719.80 123.81 46.38 24.54 0 0.429153 1751.10 816.65 55.71 26.87 0 0.410898 1845.46 162.25 49.94 24.59 0 0.406844 1850.49 181.38 51.32 23.70 0 0.401411 1837.85 130.89 43.07 20.01 0 0.400315 1756.11 245.03 44.33 25.72 0 0.397670 1733.82 163.32 48.21 23.94 0 0.388401 1509.77 260.39 51.93 24.23 0 0.378603 1898.88 827.83 21.12 30.64 0 0.367741 1830.66 115.18 42.12 20.29 0 0.365353 1578.02 256.90 54.47 27.09 0 0.363930 1713.40 89.45 46.04 25.31 0 0.360689 1824.82 111.30 45.39 19.23 0 0.359889 1688.93 14.14 49.28 27.58 0 0.358496 1717.53 105.30 45.54 21.03 0 0.335656 1805.42 39.76 44.47 21.80 0 0.333832 1685.74 7.10 48.91 26.58 0 0.326980 1750.97 226.39 43.52 21.20 0 0.325388 1852.63 12.97 48.22 24.40 0 0.323418 1577.29 250.40 50.58 27.16 0 0.320897 1723.55 131.10 48.30 25.65 0 0.314420 1736.60 172.78 46.87 25.68 0 0.314401 1825.93 90.51 42.55 21.87 0 0.298289 1710.39 81.13 47.28 24.56 0 0.297445 1698.08 33.08 46.38 23.50 0 0.296979 1851.38 132.55 50.54 20.56 0 0.290398 1790.23 6.21 50.17 25.45 0 0.284369 1818.91 64.51 46.77 23.20 0 0.277504 1732.68 156.07 47.17 22.26 0 0.270213 1883.72 253.13 36.28 24.50 0 0.262763 1755.11 233.49 44.65 25.34 0 0.262476 1698.31 43.32 50.53 24.51 0 0.259989 1585.38 264.44 51.94 26.68 0
293,0.339470 1150.20 540.23 21.01 16.71 0
294,0.537313 883.69 80.58 27.25 52.89 1 0.308785 1007.33 611.87 41.31 74.11 0 0.279212 1010.43 790.75 38.20 64.37 0 0.274046 862.87 13.03 24.08 29.58 0
295,
296,0.543507 79.82 389.94 59.28 28.91 0 0.494946 993.49 512.98 59.72 25.19 0 0.462670 1482.69 580.56 58.20 28.90 0 0.414466 174.59 402.47 46.41 30.19 0 0.410001 241.72 412.46 59.72 25.98 0 0.396945 3.17 380.98 67.36 32.45 0 0.393743 150.49 400.62 50.44 28.27 0 0.388628 1728.69 612.70 64.23 31.33 0
297,0.416119 952.56 391.39 29.49 42.97 0 0.377977 954.87 403.20 32.19 47.63 0 0.364804 977.53 613.57 29.95 49.85 0 0.321353 944.51 334.12 30.41 42.90 0 0.278336 967.08 437.82 31.03 47.72 0
298,0.616973 1361.85 350.50 140.91 63.18 0 0.571102 47.72 326.06 146.76 80.44 1 0.567150 1245.83 778.79 59.19 34.88 3 0.564811 1522.73 357.08 124.83 56.62 0 0.524432 1245.66 817.42 57.91 33.87 3 0.499860 1852.69 354.86 67.31 56.54 0 0.478859 99.92 82.66 44.76 33.98 3 0.462246 1697.94 360.55 137.17 53.26 0 0.462104 941.02 429.86 58.84 30.32 3 0.441501 1288.16 935.46 69.87 59.29 3 0.419248 1246.73 60.17 48.33 70.57 0 0.414120 731.84 96.94 57.11 71.57 0 0.412414 1293.09 983.80 77.67 48.96 3 0.410046 1298.61 400.14 44.10 34.99 3 0.408171 756.62 0.00 48.89 98.35 0 0.392916 999.54 11.25 47.28 41.82 1 0.383082 1887.13 554.24 31.42 41.03 3 0.378017 1692.77 356.18 116.95 53.87 0 0.365426 1286.96 948.98 78.02 59.71 3 0.358022 1294.08 409.53 52.23 33.35 3 0.342237 1232.17 721.42 47.96 34.11 3 0.330507 570.62 562.92 68.09 37.15 3 0.322000 942.98 420.05 56.37 38.72 3 0.296507 1001.57 105.44 43.98 79.30 0 0.286874 1004.69 91.75 46.03 88.78 0 0.273130 1215.57 685.72 45.29 32.97 3 0.265842 1820.03 592.83 57.42 36.37 3 0.253793 1811.91 594.82 55.29 33.77 3
299,0.613186 1552.86 261.87 25.08 43.09 0 0.563866 1603.32 261.17 23.51 42.51 0 0.553837 1286.69 436.64 56.34 28.57 0 0.552334 1632.52 258.68 24.19 43.90 0 0.549983 1100.30 678.14 23.59 47.41 0 0.531838 1558.80 202.41 20.67 39.05 0 0.507234 1376.43 139.00 25.04 39.95 0 0.491931 1676.80 257.18 24.06 40.57 0 0.490574 1368.86 84.94 21.89 35.40 0 0.484639 1349.47 16.83 19.38 32.02 0 0.474086 1504.88 265.33 23.50 44.24 0 0.472530 1772.22 249.41 23.04 38.79 0 0.472235 1744.54 196.52 24.04 35.76 0 0.466692 1756.84 252.56 24.84 37.54 0 0.466547 1576.72 202.74 25.34 39.41 0 0.466322 1447.06 124.26 21.02 41.79 0 0.462495 1583.13 261.88 22.67 43.14 0 0.462212 1705.56 114.73 23.53 42.44 0 0.461980 1423.96 271.81 25.92 35.38 0 0.448381 1410.68 11.27 21.48 35.50 0 0.442758 1705.62 258.10 21.80 38.87 0 0.429819 1389.43 13.61 20.23 34.29 0 0.426167 1541.05 357.37 26.78 43.64 0 0.424434 1319.04 275.59 25.18 45.81 0 0.423275 1348.02 138.52 22.51 36.79 0 0.420903 1396.18 271.99 22.41 34.48 0 0.406045 1816.80 242.91 33.23 45.64 0 0.402564 1763.44 195.03 27.32 35.37 0 0.400116 1588.98 125.40 26.21 33.61 0 0.396188 1696.89 0.00 26.25 32.14 0 0.393155 1168.49 156.32 40.38 20.28 0 0.390938 1471.23 263.25 24.92 38.44 0 0.385083 1381.89 831.48 60.71 29.22 0 0.362130 1292.63 484.41 49.04 22.83 0 0.361236 1029.43 399.81 22.10 51.33 0 0.358326 1733.30 253.96 20.38 38.77 0 0.352143 1754.85 259.51 25.32 36.44 0 0.339129 1496.00 7.92 24.81 34.63 0 0.336920 1354.31 701.53 46.26 24.79 0 0.327678 1300.53 24.35 26.07 30.68 0 0.326419 1526.16 5.89 24.03 38.44 0 0.324830 1322.69 139.49 22.31 34.03 0 0.323077 1294.91 476.42 49.62 25.46 0 0.316216 1071.21 441.33 27.22 49.83 0 0.314013 1739.69 0.00 34.11 29.97 0 0.309678 1747.11 115.16 22.28 41.40 0 0.307181 1218.49 82.96 22.72 37.93 0 0.303820 1502.81 126.65 23.17 40.60 0 0.302091 1325.60 135.15 25.47 42.60 0 0.301626 931.07 0.00 22.14 32.45 0 0.300724 1282.21 411.65 52.89 24.95 0 0.298776 1807.81 244.38 36.01 45.13 0 0.295760 1112.08 505.67 26.38 42.24 0 0.291195 1257.48 26.12 22.85 36.09 0 0.283417 1768.64 253.98 26.44 41.42 0 0.282966 983.63 440.87 23.89 59.41 1 0.270795 1567.11 75.03 23.13 34.50 0 0.264052 1724.61 0.00 29.59 31.98 0 0.254953 1347.31 676.14 52.78 26.78 0
300,
301,0.633000 1148.45 543.82 26.34 55.07 0 0.624443 963.61 880.49 32.87 68.77 0 0.587683 965.09 535.80 29.85 54.29 0 0.570984 806.32 370.43 30.63 55.93 0 0.524239 746.36 320.65 27.39 58.55 0 0.520385 995.32 884.02 31.71 64.75 0 0.505444 999.72 533.47 28.27 57.31 0 0.503781 565.13 848.98 65.02 28.58 0 0.503186 1153.10 797.83 60.80 28.77 0 0.491285 260.95 952.27 40.54 62.76 0 0.478022 413.24 950.62 33.05 68.41 0 0.469684 1179.82 547.57 25.30 53.44 0 0.464721 748.13 378.76 22.85 48.46 0 0.446773 714.34 386.42 27.42 48.40 0 0.431333 935.81 881.04 31.80 64.87 0 0.416550 1087.40 551.88 30.23 55.21 0 0.416399 69.85 738.80 59.83 28.60 0 0.406608 648.09 491.07 77.98 169.48 1 0.404360 808.40 314.71 30.20 59.21 0 0.387766 801.01 366.83 40.95 62.22 0 0.354175 353.20 833.08 26.68 21.32 3 0.337686 714.50 309.77 29.06 64.33 0 0.332270 29.25 921.87 27.76 42.29 0 0.329073 886.55 498.48 31.51 28.74 3 0.324232 419.61 834.64 54.91 30.83 0 0.311376 1023.92 881.90 34.64 68.19 0 0.300218 600.01 480.73 48.96 28.90 0 0.297575 645.44 847.82 61.48 30.04 0 0.295903 99.63 820.65 39.09 33.13 0 0.285405 100.73 820.64 49.21 28.41 0 0.281036 329.42 959.94 30.98 56.09 0 0.268407 137.37 820.42 35.92 30.22 0 0.266651 750.03 356.73 26.36 51.73 0 0.258461 951.31 489.36 28.33 26.55 3 0.258050 777.54 312.70 31.52 58.38 0 0.257229 1272.68 543.72 66.08 32.15 1 0.250141 207.06 825.59 43.20 23.95 0
302,0.570892 594.04 482.83 31.17 60.04 0 0.526967 834.95 529.83 67.28 32.32 0 0.508919 465.21 482.14 38.21 69.28 0 0.508011 515.51 477.81 34.38 68.25 0 0.489360 105.81 490.59 41.60 77.21 0 0.460587 1248.65 229.88 23.55 54.34 0 0.451930 997.03 92.12 25.65 46.26 0 0.450353 1047.98 219.72 33.01 55.84 0 0.432929 875.85 82.78 39.84 21.77 0 0.426243 629.38 479.44 34.64 61.04 0 0.407582 1305.28 225.12 27.35 54.26 0 0.399934 1272.15 335.39 65.65 28.96 0 0.386493 1127.00 74.67 35.61 60.68 1 0.359190 1277.39 233.25 23.67 49.69 0 0.357027 1358.39 240.94 28.08 39.02 0 0.354627 1035.60 154.32 22.38 45.53 0 0.353231 1098.56 94.21 26.44 41.39 0 0.351519 38.99 680.87 62.70 34.95 0 0.325154 1337.94 234.08 26.88 46.65 0 0.324408 1087.28 226.55 29.53 59.72 0 0.323183 952.74 83.57 30.18 30.10 0 0.317875 934.87 83.66 33.46 22.60 0 0.306747 1026.22 0.00 30.78 17.71 3 0.298194 865.04 81.59 46.08 24.38 0 0.292456 131.17 652.02 64.77 29.69 0 0.265246 255.82 243.04 35.20 54.38 0 0.260474 1051.31 52.03 51.85 26.02 0 0.256176 1129.26 80.14 29.18 55.71 0
303,0.648373 551.72 609.83 63.85 56.23 1 0.481050 136.49 667.00 24.80 22.12 0 0.462632 122.26 667.86 30.46 21.24 0 0.429994 551.37 612.55 53.45 41.98 1 0.375475 265.37 711.29 23.73 16.61 0 0.357963 672.30 590.04 19.11 19.60 0 0.355007 643.25 585.12 21.91 22.65 0 0.311294 307.63 670.11 24.28 18.39 0 0.305856 628.17 590.41 21.98 20.77 0 0.283127 93.38 662.33 24.71 18.52 0 0.275177 718.81 642.52 29.08 20.34 0 0.252868 768.03 654.06 18.96 21.89 0 0.250669 316.43 641.13 24.04 16.39 0
304,0.409876 922.79 381.33 30.50 65.68 1 0.375826 1167.89 556.07 62.26 30.27 1 0.323962 1168.90 547.46 58.73 35.79 1 0.313392 917.86 149.52 21.16 45.12 0 0.305244 453.59 982.38 25.28 38.41 0 0.284672 919.51 151.52 23.34 48.58 0
305,0.465714 521.47 689.03 28.54 55.27 0 0.447944 626.11 171.98 20.81 36.64 0 0.413070 555.97 697.46 31.73 62.04 0 0.354778 648.43 36.12 19.64 40.44 0 0.318994 574.65 421.26 27.97 58.81 1
306,0.515773 28.44 0.38 20.54 34.20 0 0.514047 139.90 70.09 20.25 32.60 0 0.514010 116.24 72.50 18.81 30.75 0 0.501917 267.99 186.95 20.20 37.76 0 0.501865 164.73 0.00 19.80 33.88 0 0.495902 285.74 234.31 20.42 35.00 0 0.492703 25.45 71.12 17.72 32.73 0 0.471126 73.17 0.00 19.63 32.75 0 0.465502 95.28 72.22 18.46 30.58 0 0.462551 233.54 0.00 21.72 31.72 0 0.455761 120.03 0.00 20.45 32.96 0 0.449979 193.70 70.34 17.59 34.13 0 0.446375 296.29 180.65 21.37 37.90 0 0.422748 190.26 0.00 19.49 36.99 0 0.420576 843.48 90.15 22.21 66.06 0 0.412944 52.38 0.37 16.97 34.91 0 0.408965 844.42 108.48 21.28 64.16 0 0.407056 843.22 126.20 21.88 52.28 0 0.393717 45.37 70.65 18.99 31.98 0 0.390396 95.81 0.00 18.95 33.38 0 0.390153 3.27 0.00 21.79 36.58 0 0.388089 221.67 186.73 24.02 38.76 0 0.376862 71.22 71.80 18.61 31.08 0 0.365928 212.98 0.00 20.09 34.06 0 0.335313 213.67 65.35 17.86 36.22 0 0.329009 270.50 0.00 22.48 28.82 0 0.320638 843.57 55.94 21.44 53.42 0 0.318294 284.18 68.08 20.20 31.64 0 0.313170 265.45 66.19 16.77 35.05 0 0.309944 136.40 0.00 21.06 33.96 0 0.292864 1.94 72.23 17.98 34.47 0 0.280447 337.62 0.00 29.43 24.28 0 0.270929 49.02 65.94 18.59 36.09 0 0.251415 823.23 697.45 28.42 66.00 0
307,0.670250 705.80 494.99 64.67 31.03 1 0.335067 888.29 593.87 25.04 27.50 1 0.268171 811.44 498.82 27.62 19.46 0 0.260728 696.91 497.74 65.71 26.25 1
308,0.654423 786.32 349.65 31.15 63.32 0 0.644573 715.73 281.07 28.79 58.47 0 0.635448 457.62 367.51 27.00 60.60 0 0.634784 1007.35 258.81 29.59 63.82 0 0.633828 662.70 510.88 29.29 58.43 0 0.626858 687.21 357.38 29.25 60.18 0 0.615663 565.86 526.66 29.19 59.03 0 0.612178 878.40 269.22 27.40 61.45 0 0.611845 977.26 263.79 28.21 56.56 0 0.607654 533.90 525.36 30.00 64.57 0 0.605100 885.15 345.18 30.69 66.34 0 0.604244 860.79 504.19 31.28 65.38 0 0.604010 600.12 519.64 28.32 61.82 0 0.603773 763.81 509.36 30.52 61.39 0 0.589910 588.32 359.18 27.64 63.23 0 0.589139 852.95 351.42 29.79 62.37 0 0.585621 619.12 359.52 30.00 63.76 0 0.582569 524.36 362.82 28.71 62.79 0 0.572471 469.15 600.89 30.70 63.95 0 0.572225 548.86 282.72 31.06 63.71 0 0.572221 811.64 265.67 29.58 60.45 0 0.568662 516.36 287.64 29.20 58.15 0 0.568425 820.81 350.69 30.79 64.82 0 0.564423 1025.65 505.09 29.70 61.75 0 0.561950 960.76 502.67 30.87 64.14 0 0.554743 798.00 508.79 31.06 63.94 0 0.551480 895.00 502.73 29.84 64.90 0 0.547250 924.89 502.70 29.16 59.82 0 0.546104 504.43 602.84 30.52 60.36 0 0.545661 985.91 343.21 26.71 52.98 0 0.539322 1795.27 632.50 35.20 72.46 0 0.534599 650.04 276.07 27.76 60.95 0 0.533309 978.66 739.60 28.92 65.06 0 0.531138 911.10 271.04 28.01 60.89 0 0.523268 501.89 525.61 31.44 59.72 0 0.522191 1793.14 484.90 38.18 69.26 0 0.520583 1077.29 731.39 28.33 58.60 0 0.517623 1666.95 53.61 55.94 26.43 0 0.512981 555.84 361.23 28.32 63.37 0 0.509821 1081.60 818.02 26.34 60.37 0 0.503314 718.34 355.36 30.33 62.15 0 0.497337 447.38 285.63 33.24 67.88 0 0.491506 1019.41 341.49 26.55 62.79 0 0.491368 541.51 605.78 27.72 60.58 0 0.482696 994.71 505.44 29.62 59.67 0 0.481063 1050.12 335.82 28.30 64.60 0 0.479095 731.36 508.97 28.92 60.71 0 0.476927 949.01 338.88 29.04 59.89 0 0.448304 1795.70 567.42 32.50 61.79 0 0.447137 654.49 356.08 29.68 64.19 0 0.440674 695.17 512.45 30.25 59.49 0 0.431219 489.08 363.41 29.86 64.80 0 0.428077 1789.24 328.67 35.74 68.96 0 0.426265 773.59 276.96 30.77 60.63 0 0.423153 465.58 521.39 32.11 68.80 0 0.415382 845.87 264.67 31.00 63.96 0 0.413024 946.02 262.30 29.25 63.04 0 0.386801 629.73 171.26 14.78 33.43 3 0.382833 635.38 514.68 29.41 57.60 0 0.361019 591.93 282.15 26.79 56.44 0 0.360432 779.75 272.34 28.57 60.69 0 0.338052 676.54 272.46 31.96 61.31 0 0.319816 751.12 351.97 30.14 65.71 0 0.312909 1042.50 740.28 29.08 60.34 0 0.307862 683.35 280.14 27.14 55.50 0 0.306919 1660.63 53.04 57.02 31.36 0 0.299064 1798.31 728.03 41.27 82.96 0 0.296608 1656.64 0.00 64.34 23.68 0 0.284790 602.73 172.47 14.02 30.66 3 0.276325 1785.69 177.47 35.74 57.99 0 0.274494 1658.21 10.38 60.51 33.32 0 0.257425 1784.47 35.89 27.75 39.40 0 0.257345 581.76 173.37 15.46 30.61 3
309,0.480448 1244.59 736.05 64.92 27.38 0 0.444071 1562.32 739.74 70.82 33.25 0 0.426034 808.43 813.30 55.20 31.68 0 0.353734 704.81 315.56 28.69 42.08 0 0.334217 637.49 86.37 51.97 23.07 0 0.304235 816.18 803.98 55.71 34.52 0 0.269817 655.95 88.57 63.51 21.10 0
310,0.615558 940.30 241.01 119.30 56.26 0 0.571581 955.97 747.46 148.21 184.30 0 0.411962 1178.65 571.46 170.31 80.38 0 0.376990 1113.52 445.84 112.81 67.05 0 0.369411 1072.06 407.85 95.88 49.29 0 0.351680 1182.85 562.40 127.71 84.13 0 0.283407 1070.69 418.67 129.12 60.74 0
311,0.629416 1773.08 687.34 35.00 17.07 0 0.559128 1821.36 687.43 50.57 20.77 0 0.526275 1668.15 679.09 41.34 19.77 0 0.475695 1725.34 682.47 46.51 20.56 0 0.380636 1425.11 663.67 38.03 16.24 0 0.328256 1480.29 668.29 39.94 16.69 0 0.303042 1532.61 667.25 35.73 20.82 0 0.265482 1564.10 669.68 43.77 23.28 0
312,0.576123 255.51 804.97 38.64 71.33 0 0.570078 137.16 810.12 37.77 72.49 0 0.536211 83.34 816.63 41.97 69.94 0 0.506709 974.65 524.87 26.55 52.20 0 0.499599 916.19 540.01 27.66 49.03 0 0.488908 220.90 807.40 33.13 67.65 0 0.472258 216.56 806.59 42.99 75.34 0 0.450911 723.51 530.22 33.38 55.56 0 0.437340 809.40 401.73 29.10 45.41 1 0.433988 1705.23 30.97 35.78 38.00 0 0.433496 1632.72 49.65 34.95 35.54 0 0.427984 939.05 634.87 60.71 32.15 0 0.423048 1146.36 1.88 22.10 37.41 0 0.418710 760.01 539.96 29.35 53.26 0 0.396557 468.68 853.51 68.08 36.17 0 0.383858 1666.53 44.81 32.15 33.35 0 0.368130 897.44 668.30 46.10 26.00 0 0.338741 680.22 413.10 28.42 42.36 0 0.336766 739.03 373.89 43.73 21.17 0 0.328862 1254.29 555.73 48.38 27.32 0 0.319855 947.16 533.70 27.72 50.97 0 0.296228 863.24 412.59 27.10 34.83 0 0.292877 714.28 467.90 22.99 49.08 0 0.275620 748.95 372.83 41.43 22.60 0 0.268170 1244.33 553.91 50.28 26.68 0
313,0.492744 399.76 910.80 106.04 116.81 0 0.490214 831.61 551.75 99.88 104.10 0 0.489714 1258.48 756.48 103.48 103.98 0 0.489647 884.03 358.68 83.03 79.46 0 0.481670 499.15 819.64 92.88 102.44 0 0.469499 774.42 975.92 108.10 100.96 0 0.467167 1163.21 841.62 99.24 96.71 0 0.462689 1156.99 669.17 95.87 93.89 0 0.460274 694.31 678.74 115.40 105.62 0 0.453122 835.94 944.06 95.66 96.94 0 0.445899 0.58 694.71 93.59 106.82 0 0.440741 634.68 704.35 110.86 115.13 0 0.435078 353.20 945.52 105.24 128.47 0 0.433385 940.00 865.95 89.68 87.24 0 0.430647 785.47 418.59 81.74 82.49 0 0.422591 983.33 815.65 103.89 94.89 0 0.418902 793.77 598.60 94.02 98.98 0 0.416236 1061.24 736.35 102.79 104.14 0 0.407881 1120.07 878.18 90.39 97.50 0 0.407502 970.08 455.39 85.87 84.21 0 0.402489 845.22 395.69 79.77 84.35 0 0.395222 893.11 905.75 82.05 91.61 0 0.381023 737.88 652.74 99.39 119.02 0 0.377369 886.70 521.63 96.86 99.05 0 0.363642 583.80 749.73 103.21 118.51 0 0.363429 920.60 487.92 93.45 95.67 0 0.359099 554.71 784.42 96.74 118.02 0 0.357797 875.46 523.27 80.42 96.15 0 0.350422 605.55 749.26 97.22 105.57 0 0.350297 308.89 995.25 106.04 84.75 0 0.350004 1117.17 702.20 88.59 87.17 0 0.348210 891.42 363.29 88.66 90.07 0 0.345271 509.99 827.62 95.88 100.65 0 0.343941 1012.87 776.49 110.90 111.30 0 0.342847 1062.06 719.84 115.24 107.18 0 0.330122 999.18 786.37 114.36 110.38 0 0.327749 982.00 457.04 83.60 97.87 0 0.319350 600.95 716.55 94.95 129.50 0 0.307712 649.71 696.71 114.60 109.28 0 0.303794 1154.32 652.37 81.01 82.74 0 0.302318 1456.84 929.08 57.20 63.78 3 0.294897 826.12 948.34 115.40 106.48 0 0.293567 967.89 818.51 101.88 99.29 0 0.292843 978.95 1015.07 88.59 64.93 0 0.286971 970.92 1025.70 107.56 54.30 0 0.284253 0.00 689.89 64.38 120.12 0 0.275497 1144.52 667.69 100.38 113.91 0 0.275417 1452.41 941.79 53.78 58.73 3 0.268037 610.47 703.06 125.39 144.50 0 0.267710 364.81 924.08 120.70 132.98 0 0.263303 1477.02 917.85 60.91 63.19 3 0.261456 898.06 506.77 106.90 103.81 0 0.261374 622.80 712.49 103.28 115.60 0 0.260855 783.48 958.12 126.51 113.93 0 0.256715 798.53 431.01 75.70 85.12 0 0.254377 514.98 803.02 130.08 118.93 0 0.252034 741.11 986.26 121.13 93.74 0
314,0.688804 594.39 717.58 34.58 44.06 0 0.675557 550.22 587.28 30.86 49.78 0 0.604651 350.82 851.44 39.01 56.01 0 0.600474 450.53 802.24 38.40 57.08 0 0.591827 267.80 1012.63 33.71 61.08 0 0.590518 133.74 832.01 37.05 57.41 0 0.584466 326.00 872.09 37.67 58.38 0 0.570407 264.07 680.03 36.44 54.41 0 0.557919 257.12 923.10 42.68 60.13 0 0.556229 477.08 788.22 39.72 56.96 0 0.555026 158.15 979.90 36.24 55.07 0 0.554993 140.69 748.60 39.18 55.92 0 0.554370 448.58 656.25 32.49 49.63 0 0.549792 657.46 681.16 32.32 49.99 0 0.543187 471.86 638.53 36.54 51.81 0 0.529579 258.68 759.88 39.44 52.40 0 0.527276 568.45 740.51 31.53 48.04 0 0.515657 546.15 531.74 28.83 41.31 0 0.509982 1272.60 397.23 38.70 36.19 0 0.501079 418.28 824.31 35.06 52.13 0 0.499104 229.31 938.33 35.50 59.12 0 0.487926 388.63 846.13 34.80 53.87 0 0.485101 280.72 669.85 37.04 54.06 0 0.483919 806.41 853.16 36.55 41.90 0 0.483884 579.48 572.77 31.45 49.60 0 0.481391 406.97 600.31 33.61 42.08 0 0.476125 324.33 656.16 37.32 51.41 0 0.466001 227.52 1021.81 34.44 54.18 0 0.465183 950.40 176.84 41.26 27.63 0 0.456529 71.30 784.17 39.03 54.56 0 0.455584 99.96 847.60 38.42 53.94 0 0.454997 539.90 752.51 33.21 49.21 0 0.453877 1010.08 126.51 32.21 32.82 0 0.449991 613.53 570.83 32.42 41.95 0 0.449766 348.63 708.70 39.92 47.95 0 0.449083 501.12 630.12 36.97 46.10 0 0.446465 160.14 736.52 41.72 57.82 0 0.443963 196.05 962.94 33.76 57.20 0 0.441368 228.35 773.57 35.31 53.18 0 0.422664 220.07 619.80 19.36 23.93 3 0.419258 817.81 819.14 53.86 54.82 0 0.417964 380.94 624.48 34.75 46.69 0 0.417639 1315.65 439.64 39.91 35.98 0 0.405544 627.14 705.68 34.05 46.65 0 0.402471 742.40 872.82 38.38 49.79 0 0.398332 592.73 179.40 28.54 46.85 0 0.383410 187.03 1038.08 29.69 40.98 0 0.371163 682.01 674.29 33.13 47.99 0 0.365482 1081.15 187.16 35.97 44.92 0 0.363867 1710.32 721.85 45.34 52.64 0 0.362455 1233.39 352.45 38.69 44.96 0 0.360611 515.75 540.42 30.79 42.97 0 0.356472 927.79 147.77 43.50 29.25 0 0.356375 909.78 132.34 41.05 24.93 0 0.347557 875.78 883.68 39.18 55.60 0 0.340781 803.05 831.39 42.58 56.17 0 0.339518 168.46 815.58 41.61 52.52 0 0.338491 410.63 667.20 38.30 55.53 0 0.331411 292.23 893.00 35.68 57.24 0 0.323804 341.80 646.18 37.78 47.05 0 0.323686 492.09 567.17 31.43 41.17 0 0.322625 162.47 981.75 38.99 56.46 0 0.322154 1163.12 272.92 35.94 35.86 0 0.319287 618.46 708.74 38.81 43.53 0 0.318426 565.00 728.75 29.49 46.83 0 0.317421 315.25 727.04 44.08 53.98 0 0.314377 751.68 891.62 38.05 42.43 0 0.312405 1277.66 403.91 42.66 35.03 0 0.309184 618.76 554.72 39.68 39.57 0 0.307673 1153.37 270.00 35.85 35.76 0 0.307367 172.29 731.29 31.92 60.12 0 0.304896 810.37 819.04 49.58 62.22 0 0.298340 641.64 691.42 36.41 49.28 0 0.295628 288.60 739.12 38.87 45.37 0 0.292331 661.47 676.49 34.40 52.01 0 0.288745 303.63 728.38 48.08 53.21 0 0.287592 196.27 792.64 41.24 57.29 0 0.284222 297.13 736.52 38.60 47.43 0 0.280797 170.74 642.76 15.14 21.42 3 0.280298 1229.52 347.08 36.10 44.57 0 0.277434 269.74 674.95 39.63 57.35 0 0.257621 571.95 525.33 27.57 36.83 0 0.256947 289.32 666.56 29.94 51.22 0 0.253209 535.08 751.59 31.84 46.69 0 0.252277 919.57 137.24 46.95 26.56 0
315,0.511204 1388.17 708.64 27.69 29.96 1 0.309233 1192.47 553.64 85.14 37.67 1 0.263313 1318.48 587.81 24.41 17.81 0 0.254547 1293.72 635.70 29.36 17.66 0
316,0.400639 638.32 511.95 13.30 15.26 3 0.359829 1153.80 430.14 24.34 19.61 2 0.347588 744.06 223.87 16.17 26.32 1
317,0.478407 703.76 315.08 27.15 43.64 0 0.444205 1241.25 734.44 71.16 30.79 0 0.408764 1566.13 739.03 64.50 34.35 0 0.277990 830.75 136.56 36.54 16.16 0
318,
319,0.454039 743.07 668.35 27.19 63.70 0 0.355408 756.19 470.02 27.03 53.25 0
320,
321,0.643469 1173.25 364.02 185.68 69.77 0 0.618505 1732.39 328.70 187.44 73.30 0 0.608005 1540.40 334.32 183.25 74.71 0 0.564602 300.14 395.00 184.77 76.02 0 0.526873 541.35 390.00 183.78 73.99 0 0.513795 964.05 364.11 180.72 74.32 0 0.439208 45.69 387.63 214.93 93.42 0 0.314746 21.72 392.50 204.36 94.40 0
322,0.690824 623.84 419.34 26.25 56.87 0 0.655703 550.93 349.20 27.45 54.17 0 0.648334 667.79 197.10 28.04 59.63 0 0.644297 603.20 135.13 24.42 55.28 0 0.643819 1074.27 164.56 26.11 53.87 0 0.636504 855.48 180.97 27.33 57.46 0 0.626241 888.03 180.51 27.58 55.71 0 0.618747 934.25 312.24 26.94 60.94 0 0.614367 942.09 111.70 23.78 50.26 0 0.613424 840.31 320.11 27.03 60.46 0 0.612677 617.11 343.62 27.10 57.98 0 0.607411 741.97 327.71 28.19 55.68 0 0.607336 761.49 191.88 25.83 57.36 0 0.606548 1294.01 147.87 28.83 73.91 1 0.597183 712.39 333.81 29.15 56.94 0 0.591838 1028.62 312.14 28.78 55.12 0 0.584103 878.15 108.48 26.56 51.43 0 0.581397 553.01 417.30 25.81 61.63 0 0.581043 702.17 193.74 24.88 59.77 0 0.579900 965.30 312.73 28.27 60.84 0 0.579384 638.48 199.46 27.27 57.12 0 0.575771 1104.91 159.10 26.31 53.95 0 0.570585 1060.03 97.01 26.17 53.13 0 0.569158 1790.88 121.01 38.49 67.07 0 0.565666 792.04 189.18 27.52 58.72 0 0.565398 805.72 323.58 27.19 57.67 0 0.564918 1008.68 159.29 26.82 60.15 0 0.562977 1124.19 517.39 28.78 60.75 0 0.554994 952.83 178.46 27.51 56.59 0 0.553653 846.80 117.85 25.95 54.52 0 0.553070 542.30 211.48 28.41 55.17 0 0.551590 648.71 343.77 27.91 57.48 0 0.540343 1001.12 100.57 25.45 49.99 0 0.538187 1040.78 161.40 28.23 54.94 0 0.534201 910.97 108.57 25.51 50.82 0 0.531480 582.57 348.12 28.40 54.64 0 0.529250 1842.32 332.81 32.14 58.77 0 0.527087 1169.05 600.89 27.68 62.21 0 0.517647 785.68 122.52 25.95 57.41 0 0.517247 920.85 180.63 26.89 57.60 0 0.515839 1031.90 99.44 24.34 51.18 0 0.515307 575.55 207.96 28.01 56.16 0 0.514880 773.62 327.14 28.02 60.03 0 0.508334 538.66 136.03 32.93 60.51 0 0.507751 1093.76 311.59 25.71 51.43 0 0.484038 1058.95 527.46 31.85 65.52 0 0.482267 1821.32 254.57 38.32 71.60 0 0.482211 1158.07 514.18 30.57 59.65 0 0.481722 1062.51 310.57 27.59 56.90 0 0.468338 727.85 125.13 26.04 57.02 0 0.465753 871.19 320.03 27.86 59.30 0 0.457168 1858.11 407.46 34.46 60.43 0 0.453440 996.59 312.19 26.11 52.48 0 0.437726 818.56 121.71 24.67 52.12 0 0.425589 632.40 129.95 27.24 56.91 0 0.423215 732.73 193.56 26.09 54.87 0 0.415507 611.78 204.63 28.39 56.19 0 0.412077 583.86 412.54 28.51 60.71 0 0.411103 678.31 338.86 29.30 59.17 0 0.383695 756.03 123.38 25.81 49.81 0 0.377696 587.34 417.07 28.52 60.58 0 0.361878 824.35 187.59 27.90 58.02 0 0.353212 1762.46 0.00 36.78 53.94 0 0.344546 702.85 39.27 18.64 26.05 3 0.320010 967.96 109.86 26.46 50.09 0 0.282134 716.68 40.78 17.29 24.84 3 0.270389 972.63 107.26 26.59 52.95 0
323,0.740061 679.41 805.68 71.38 55.77 3 0.631439 1650.39 617.79 139.61 55.23 0 0.616700 584.90 426.55 48.10 23.90 3 0.600482 69.97 630.43 150.19 72.53 0 0.560295 835.59 416.31 54.59 115.66 1 0.540337 1484.85 610.40 138.10 62.67 0 0.518518 1822.02 612.85 97.37 60.42 0 0.493152 1334.52 868.10 57.59 43.44 3 0.481366 60.83 316.11 63.21 37.38 0 0.427784 582.34 434.45 45.96 27.04 3 0.426885 1782.80 888.32 137.20 115.31 1 0.374427 548.19 538.39 49.41 30.77 3 0.373000 23.00 871.90 168.42 76.81 0 0.326131 566.97 487.56 47.33 28.08 3 0.306862 1.13 473.26 49.43 53.65 0 0.302260 570.88 485.05 48.72 27.53 3 0.293969 544.65 532.67 48.66 33.76 3 0.276881 546.58 558.21 45.06 29.28 3 0.273017 553.11 554.75 46.23 32.40 3
324,0.413780 540.70 1016.46 38.50 38.25 0 0.386444 587.60 969.77 48.10 38.15 0 0.356628 578.34 976.62 54.46 42.91 0
325,0.612991 402.40 447.37 56.77 26.76 0 0.591980 715.42 967.93 55.59 42.48 0 0.585306 237.42 530.27 42.72 68.93 1 0.582421 346.52 915.02 42.50 68.53 0 0.579715 310.15 814.78 45.01 69.82 1 0.576460 27.77 891.37 36.34 54.54 0 0.555817 182.37 879.54 42.80 68.85 0 0.550931 285.04 949.42 41.90 59.35 0 0.532259 162.39 821.78 31.28 55.36 0 0.532157 1032.72 590.84 37.95 35.61 0 0.510651 909.19 88.84 27.58 26.32 0 0.510621 254.73 773.92 36.12 59.43 0 0.507981 276.58 839.20 36.04 61.60 1 0.504215 195.01 812.39 35.10 55.38 0 0.498924 253.68 674.72 36.39 60.66 0 0.491984 69.96 758.74 32.18 55.55 0 0.478659 70.26 606.91 34.97 57.94 0 0.469679 251.08 968.03 33.50 52.00 0 0.461910 2.15 784.15 39.04 70.24 0 0.455580 982.29 62.41 21.66 26.68 0 0.451382 1275.52 824.47 49.27 36.23 0 0.451016 50.93 938.70 38.15 71.64 0 0.448584 811.21 490.63 31.94 39.56 0 0.438614 1550.67 485.48 39.85 36.74 0 0.438078 918.00 6.25 26.80 29.26 0 0.437443 188.81 558.09 33.45 57.94 0 0.435301 866.52 363.44 33.56 31.92 0 0.427467 158.63 892.67 39.02 68.72 0 0.424167 1603.18 455.25 38.95 30.93 0 0.422908 1565.92 478.37 38.48 33.07 0 0.422480 285.02 765.11 43.56 68.46 0 0.404844 893.95 399.54 29.39 29.99 0 0.403279 882.17 602.18 38.68 29.98 0 0.395304 8.45 637.36 35.95 49.87 0 0.395216 1276.24 1005.64 53.52 56.77 0 0.391628 1173.23 775.98 23.45 22.78 3 0.390231 876.69 590.66 37.39 30.10 0 0.388434 1002.55 55.17 22.91 26.33 0 0.388339 323.46 927.00 37.25 68.24 0 0.387278 938.57 466.01 35.85 32.05 1 0.386474 938.70 77.63 21.45 26.11 0 0.383916 1616.98 456.04 37.93 31.54 0 0.383518 507.94 402.09 44.22 26.11 0 0.379631 507.87 407.56 48.64 28.67 0 0.378965 1001.48 544.10 32.37 39.78 0 0.378622 1530.53 497.39 42.91 38.78 0 0.375842 718.93 152.68 27.20 27.69 0 0.374181 958.42 70.45 21.36 29.49 0 0.357802 1340.11 747.15 43.33 32.29 0 0.353785 1579.09 462.24 34.99 32.90 0 0.353042 1464.28 722.95 47.22 57.27 0 0.349484 832.16 19.02 31.27 22.21 0 0.344895 756.44 415.38 39.01 36.57 0 0.343563 1267.52 819.73 54.29 34.04 0 0.343378 605.34 2.44 23.63 32.67 0 0.337064 705.31 966.35 61.26 52.27 0 0.334460 704.22 979.77 52.74 41.77 0 0.333666 1442.26 564.89 32.32 30.50 0 0.331812 16.41 891.47 41.27 61.74 0 0.331008 191.63 704.97 38.04 58.25 0 0.329350 331.34 920.34 51.75 66.12 0 0.329306 974.79 512.02 35.52 38.26 0 0.327267 1.36 979.68 20.99 59.81 0 0.325606 747.47 187.82 24.93 27.12 1 0.325364 169.33 534.91 37.05 27.21 0 0.323831 1645.45 426.81 46.46 35.29 0 0.321597 568.33 377.90 71.11 29.42 0 0.320968 1297.70 649.28 27.68 36.31 0 0.319701 1482.19 534.50 36.86 35.24 0 0.318139 858.14 6.67 36.24 24.08 0 0.314948 785.76 460.86 33.97 25.07 0 0.309406 1409.92 8.56 35.27 32.83 0 0.308685 1654.51 420.96 49.05 34.57 0 0.304994 832.83 317.90 31.92 24.82 0 0.299807 1456.10 64.56 32.34 31.17 0 0.299640 845.97 544.35 31.86 31.62 0 0.298410 930.37 514.26 29.49 35.06 0 0.295908 894.62 636.30 41.21 33.35 0 0.295619 158.99 715.93 33.83 55.52 0 0.292586 786.66 921.47 66.13 44.68 1 0.291095 178.81 534.13 42.78 28.26 0 0.287221 311.58 937.47 40.89 63.65 0 0.283311 222.29 987.33 35.79 59.71 0 0.282192 73.80 765.78 31.73 54.45 0 0.281835 250.69 844.30 41.65 59.15 1 0.280101 194.11 722.47 42.33 44.91 0 0.278894 961.80 61.70 22.45 29.18 0 0.278228 1415.41 583.48 29.14 35.41 0 0.275831 974.98 0.00 45.48 18.72 0 0.275066 228.45 792.97 30.23 51.86 0 0.270556 1238.67 277.30 28.22 19.75 0 0.266427 1051.69 373.83 28.12 27.47 0 0.264335 912.44 0.00 25.86 22.94 0 0.261364 961.69 0.00 39.08 22.34 0 0.261325 3.08 778.70 34.94 63.97 0 0.261046 219.38 989.83 40.56 71.63 0 0.255005 105.97 756.71 32.68 51.16 0 0.251533 1.56 895.78 32.26 62.88 0 0.251489 853.08 565.04 40.12 29.21 0 0.250286 1434.90 43.07 34.88 27.20 0
326,0.680803 832.07 435.35 57.13 106.81 1 0.561232 134.88 731.60 29.78 48.20 0 0.538562 599.16 770.66 28.17 57.01 0 0.537728 209.95 858.18 32.12 50.45 0 0.528213 186.74 739.85 30.65 42.53 0 0.494637 159.25 734.56 31.13 45.31 0 0.494385 79.26 718.09 42.27 54.34 0 0.475524 336.80 615.02 45.69 22.95 0 0.474489 266.75 745.29 29.74 40.73 0 0.443619 1096.45 480.32 22.10 41.09 0 0.412305 941.18 372.15 24.59 42.07 0 0.400168 274.52 616.45 45.47 19.09 0 0.396672 468.93 764.26 35.67 57.55 0 0.395742 396.07 615.90 45.37 20.34 0 0.384684 1168.82 482.58 23.54 43.65 0 0.383581 942.03 381.52 26.73 39.33 0 0.345668 172.13 846.56 48.30 55.48 0 0.345399 895.09 392.59 20.46 33.92 0 0.342346 90.18 845.91 40.81 25.21 0 0.314675 1220.54 485.40 22.95 33.98 0 0.312678 290.41 741.13 30.60 46.23 0 0.308994 814.65 100.51 25.90 48.12 1 0.307505 386.34 615.01 48.75 24.12 0 0.304880 139.08 849.05 37.14 42.08 0 0.273879 871.15 388.18 19.44 39.11 0 0.273461 184.73 848.47 41.04 54.02 0
327,0.811164 1533.92 367.35 31.54 58.05 3 0.750507 1795.89 678.88 37.58 69.64 3 0.712086 1440.10 362.68 31.14 56.24 3 0.682789 1576.18 672.14 39.13 71.43 3 0.653796 1719.20 677.89 38.15 65.66 3 0.646239 1838.89 681.57 37.57 70.01 3 0.634024 1650.29 674.36 37.85 68.29 3 0.615350 1566.12 366.01 31.81 62.03 3 0.613631 1313.23 660.51 35.14 64.46 3 0.611556 1615.63 765.37 96.62 145.81 0 0.606286 1696.15 678.77 38.47 66.95 3 0.605001 835.51 704.89 79.06 165.44 0 0.589863 1215.08 656.89 31.18 64.98 3 0.583160 294.98 292.42 138.92 60.49 0 0.574106 130.09 281.72 123.62 54.42 0 0.568907 1143.37 650.20 33.88 64.56 3 0.557087 1771.57 678.51 35.83 70.07 3 0.555728 1479.96 370.19 33.97 49.02 3 0.552663 926.15 729.07 86.08 170.94 0 0.547495 456.29 311.24 137.42 56.12 0 0.543500 1601.82 673.49 38.24 70.74 3 0.538618 729.94 696.48 81.01 168.33 0 0.531936 396.85 893.45 33.92 53.28 2 0.530839 1129.10 355.06 37.33 38.69 3 0.527897 0.00 259.50 107.62 58.49 0 0.516761 1328.45 743.64 92.18 179.02 0 0.514668 1485.83 363.95 30.87 52.15 3 0.506601 1171.01 650.89 32.16 68.14 3 0.503306 1217.96 662.44 25.33 65.50 3 0.502819 1241.21 656.14 29.68 64.16 3 0.501773 1430.47 742.76 90.32 183.83 0 0.499271 1691.90 378.09 30.11 52.91 3 0.498569 1621.31 675.60 34.13 68.64 3 0.498282 1717.69 739.69 96.30 163.08 0 0.491509 1118.76 480.26 43.70 41.52 3 0.483567 1713.84 743.60 110.19 203.43 0 0.477162 1652.48 376.59 32.25 54.31 3 0.459111 1383.38 363.30 31.29 52.16 3 0.457087 1631.10 374.89 34.50 56.56 3 0.451019 1274.97 656.22 32.59 66.16 3 0.448682 1742.51 679.14 37.08 67.96 3 0.437498 1128.77 473.81 33.40 48.06 2 0.429761 1461.67 361.41 28.54 51.51 3 0.428328 995.92 380.24 50.02 37.90 3 0.426475 1388.41 662.13 27.75 58.99 3 0.408123 1795.63 374.94 90.78 71.36 1 0.395733 1202.82 384.99 40.76 27.81 3 0.390384 753.24 548.19 47.12 44.15 3 0.387552 1808.32 678.92 33.85 71.15 3 0.376683 686.07 630.29 30.54 59.42 2 0.372464 1354.49 403.37 30.34 37.41 3 0.369071 1357.19 667.74 30.54 59.58 3 0.368893 0.33 534.99 34.05 68.88 3 0.352243 1100.03 649.34 33.14 67.19 3 0.347191 1667.42 675.26 36.11 70.95 3 0.341646 1331.42 367.24 29.64 51.08 3 0.329126 1499.91 366.67 30.31 55.47 3 0.328277 6.37 619.17 51.03 46.16 3 0.324727 1320.45 723.86 92.89 175.66 0 0.315338 1671.34 336.44 40.92 41.11 3 0.314763 1081.64 343.24 29.87 50.45 2 0.314129 1661.31 335.47 44.38 41.40 3 0.307465 1360.83 662.80 30.98 60.27 3 0.306077 1078.67 346.21 32.48 49.22 3 0.304058 1337.09 409.85 30.99 34.70 3 0.296676 1358.10 368.28 30.24 51.50 3 0.287660 1360.93 364.43 33.03 50.60 3 0.281910 1690.73 368.33 35.85 63.52 3 0.269455 1330.43 728.89 78.72 140.84 0 0.255417 1456.73 369.10 37.22 49.45 3
328,
329,0.380275 903.39 888.49 34.57 67.70 0 0.348321 917.05 961.94 30.17 57.32 0 0.321983 917.03 974.56 31.39 50.71 0 0.304588 899.32 816.65 30.70 65.98 0
330,0.589051 402.60 497.40 20.15 22.58 2 0.468630 400.80 498.10 20.71 26.62 2 0.324243 522.58 573.86 21.08 28.45 2 0.297973 1118.83 555.10 18.02 20.41 2 0.270784 366.33 544.06 23.65 35.37 2
331,0.689248 755.21 900.26 77.98 123.28 0 0.634844 565.94 726.03 60.62 91.91 0 0.632530 1073.88 480.19 25.18 37.51 3 0.628127 1002.79 878.36 87.19 128.48 0 0.615048 1452.27 642.44 88.83 81.38 0 0.613391 1372.17 642.61 95.30 91.10 0 0.600777 1068.53 676.55 66.82 99.51 0 0.599114 1109.72 482.11 20.81 35.71 3 0.599051 278.68 534.04 132.16 51.83 0 0.596034 996.35 681.16 72.28 106.70 0 0.595211 1186.05 672.44 80.08 83.31 0 0.595155 645.31 722.10 61.40 97.52 0 0.592711 625.99 650.43 115.33 60.61 0 0.581404 144.44 540.72 117.59 51.92 0 0.580048 1328.44 856.50 102.78 124.41 0 0.579953 1256.71 648.02 80.96 98.84 0 0.579852 719.06 725.19 63.40 94.96 0 0.564341 1242.69 858.62 107.50 123.67 0 0.564208 959.72 652.32 21.13 45.05 3 0.555710 1026.21 483.45 25.55 40.32 3 0.550950 1721.19 444.54 25.99 31.01 3 0.547340 982.74 650.14 20.45 42.25 3 0.545962 0.00 552.15 106.33 46.18 0 0.536695 1105.90 887.65 72.66 106.83 0 0.533507 1466.73 836.09 120.62 108.88 0 0.524467 277.76 924.42 27.12 48.70 2 0.523150 1711.21 832.32 120.69 117.40 0 0.519040 592.75 982.22 33.37 55.12 2 0.514095 917.53 658.20 21.97 46.17 3 0.512684 865.86 664.06 21.75 45.29 3 0.498100 1273.79 617.68 23.63 37.76 3 0.496211 1633.50 823.76 115.55 124.22 0 0.482917 1856.31 503.46 63.69 45.85 0 0.480847 1798.49 446.71 22.63 27.60 3 0.473128 595.23 984.37 34.12 59.36 3 0.469163 911.12 499.92 21.13 36.79 3 0.462932 937.70 654.01 21.09 45.47 3 0.459974 1143.94 1006.04 83.92 73.96 0 0.440695 892.27 666.11 18.88 42.14 3 0.440481 1170.76 482.66 23.78 27.41 3 0.438511 861.36 503.13 26.64 32.76 3 0.436030 533.34 1028.61 26.81 51.39 2 0.431767 1269.72 456.62 78.12 47.75 1 0.420794 1214.64 624.35 26.34 42.71 3 0.416698 1470.72 957.36 123.89 122.64 0 0.408591 963.81 488.40 22.37 39.87 3 0.403151 1001.42 484.04 24.91 41.15 3 0.399368 833.73 669.45 23.33 44.07 3 0.396386 1126.82 477.72 21.94 35.23 3 0.385578 1751.53 471.86 31.59 27.66 3 0.384445 941.03 489.85 22.32 39.71 3 0.381263 1248.35 618.87 24.20 40.36 3 0.379153 1320.72 595.10 26.60 36.95 3 0.378125 1010.97 649.87 25.03 37.32 3 0.377785 79.48 686.83 26.62 33.38 2 0.377311 1806.35 583.96 20.43 32.10 3 0.377305 1194.30 625.89 24.81 43.58 3 0.370166 1317.15 599.45 31.40 44.33 3 0.366750 253.05 1005.19 39.01 46.85 3 0.351839 1059.09 481.93 24.03 36.60 3 0.340374 272.28 929.32 28.98 44.76 2 0.332455 1311.88 612.91 32.72 43.73 3 0.329778 1508.73 416.59 28.02 29.57 3 0.328848 984.43 485.92 19.92 41.26 3 0.322446 870.45 459.53 20.72 27.17 2 0.318481 861.20 1020.03 81.23 59.97 0 0.308802 1617.82 828.71 109.36 132.58 0 0.307682 893.70 663.15 21.82 44.26 3 0.306622 1820.58 443.60 23.24 26.80 3 0.296943 1160.65 630.09 25.20 44.27 3 0.294137 574.57 633.72 32.24 43.50 3 0.287735 1755.52 450.58 22.96 26.67 3 0.285740 1630.05 455.61 34.19 28.09 3 0.284743 820.65 504.40 26.67 34.54 3 0.280178 1129.67 472.90 21.45 37.33 3 0.278244 1284.23 618.62 37.30 41.01 3 0.275063 1644.42 454.44 28.01 28.07 3 0.273783 1033.50 648.98 23.94 36.90 3 0.271628 836.95 666.02 23.75 45.90 3 0.269771 265.02 1006.65 41.03 47.10 3 0.266233 426.25 817.29 21.24 39.20 2 0.262941 1295.39 612.34 29.38 39.56 3 0.252077 689.27 928.06 28.05 57.67 2 0.251441 1650.86 445.97 25.62 31.61 3
332,0.751149 877.95 397.73 46.47 83.84 1 0.566468 1198.97 446.12 26.80 21.21 0 0.535005 1146.76 445.25 20.55 29.52 0 0.516958 365.58 597.32 27.28 35.88 0 0.515906 696.71 622.71 23.78 40.70 0 0.504595 450.36 606.74 21.95 31.64 0 0.420622 427.56 604.57 22.41 29.84 0 0.392927 277.98 590.19 30.63 30.13 0 0.391248 1184.73 444.32 26.84 24.05 0 0.390405 967.01 368.77 20.83 34.42 0 0.389748 906.73 353.27 22.72 34.93 0 0.388758 906.34 360.78 22.77 38.83 0 0.362095 532.93 521.20 33.53 16.76 0 0.352188 489.26 520.63 34.79 15.46 0 0.346430 714.59 523.62 41.61 22.64 0 0.341074 582.04 518.32 28.42 18.84 0 0.330210 591.28 620.03 27.41 39.29 0 0.329226 320.90 600.50 26.30 29.38 0 0.288535 333.57 600.30 25.05 32.47 0 0.286664 381.60 674.57 27.72 30.59 0 0.284918 1075.89 438.65 24.25 26.43 0 0.279950 931.95 352.54 24.80 36.05 0
333,0.605608 739.92 238.04 31.56 51.73 0 0.561262 657.73 0.00 33.51 43.02 0 0.558505 1263.35 602.28 35.11 71.46 1 0.545141 1773.07 176.47 35.66 60.21 0 0.526052 57.79 789.40 35.75 56.55 0 0.523319 89.02 36.71 67.14 35.16 0 0.521363 1071.81 613.09 60.96 37.59 0 0.517363 764.06 300.64 29.37 48.00 0 0.484701 929.46 181.86 32.09 56.59 0 0.483709 686.17 384.73 32.31 66.11 0 0.481728 211.32 0.00 64.08 29.22 0 0.475754 439.78 698.08 67.52 37.17 0 0.474010 122.47 765.66 40.63 60.00 0 0.468828 1194.44 438.45 63.80 38.53 0 0.461729 551.44 166.42 37.95 66.67 0 0.458160 1522.23 306.40 60.85 35.71 0 0.445938 1410.26 480.98 56.06 31.75 0 0.445338 681.54 56.07 29.75 53.26 0 0.443922 1597.21 281.10 72.77 36.42 0 0.441052 6.83 605.76 46.54 66.74 0 0.437368 365.61 732.18 54.34 38.31 0 0.420437 513.09 46.29 34.56 62.27 0 0.410071 1334.20 386.02 52.98 35.84 0 0.409158 783.55 354.94 31.78 55.54 0 0.374650 1.41 807.95 34.31 65.04 0 0.374126 599.84 291.71 40.95 73.15 0 0.372982 1005.64 515.63 41.94 32.98 0 0.364214 0.00 494.26 27.29 64.48 0 0.361565 1399.91 358.51 61.02 37.90 0 0.359510 37.16 797.28 40.75 61.30 0 0.353889 723.24 168.65 28.66 55.27 0 0.352108 745.65 238.58 31.40 57.27 0 0.343179 23.32 802.17 35.51 59.87 0 0.342378 625.44 379.36 34.97 67.92 0 0.332466 699.10 117.33 37.68 70.22 1 0.322366 1086.94 664.29 51.59 30.52 0 0.311140 1270.97 753.80 50.15 35.03 0 0.309997 1323.92 391.64 45.17 39.95 0 0.308306 534.34 110.62 35.23 52.63 0 0.306116 1405.35 354.16 53.33 36.07 0 0.300963 16.61 602.10 46.61 71.74 0 0.289500 280.44 0.00 58.68 14.43 0 0.286912 44.25 793.76 43.46 64.09 0 0.275201 609.07 326.57 38.36 58.21 0 0.274932 1051.42 495.81 54.43 35.75 0 0.270575 1279.53 406.61 42.20 32.28 0 0.270069 593.04 279.47 41.72 79.01 0 0.265888 1.11 604.94 43.56 70.51 0 0.264437 676.14 384.59 39.91 64.10 0 0.261591 990.76 518.54 40.27 33.96 0 0.254217 1086.23 673.75 49.31 28.30 0 0.254101 129.42 766.10 45.86 64.12 0
334,0.470325 1236.14 561.76 84.33 37.57 1 0.313971 1431.77 715.06 26.35 27.12 1 0.257511 1436.30 729.23 23.84 22.04 1
335,0.434152 331.23 201.90 15.73 21.89 2 0.388192 572.28 379.69 16.19 18.95 2 0.387455 349.61 184.09 17.19 28.00 2 0.382259 1254.77 68.02 32.25 49.20 0 0.338223 659.05 417.18 10.19 12.77 2 0.307085 402.54 129.02 14.48 17.78 2 0.290751 533.68 362.54 17.05 17.34 2 0.267508 490.14 305.24 12.85 17.83 2 0.266184 770.23 366.04 16.14 18.56 2 0.264270 995.25 584.02 13.66 15.86 2
336,0.451510 367.62 708.88 24.59 26.20 0 0.438961 405.41 715.40 21.93 27.79 0 0.415075 699.68 754.77 19.61 32.13 0 0.407222 487.24 730.25 18.10 21.90 0 0.395376 508.07 731.23 15.63 20.67 0 0.388882 438.17 716.03 22.17 27.47 0 0.347041 961.22 581.18 17.50 27.50 0 0.345639 929.90 567.40 24.28 23.94 0 0.325605 549.06 665.54 26.51 18.35 0 0.317575 910.74 579.94 22.77 29.25 0 0.312086 623.17 750.07 19.68 25.02 0 0.279617 622.87 665.59 23.78 25.23 0 0.259893 1102.43 642.95 22.35 21.26 0 0.255507 1150.36 641.93 23.92 21.59 0
337,0.311157 1005.70 429.16 32.83 18.39 0 0.256495 1086.58 253.87 17.79 21.68 0 0.252423 1800.30 210.88 28.29 18.60 0
338,0.766416 734.33 704.54 34.41 87.74 1 0.659990 724.59 489.97 31.69 65.21 1 0.647555 1766.86 354.41 31.21 49.81 0 0.642928 639.75 993.10 39.75 81.42 0 0.630634 177.18 496.21 68.86 31.83 0 0.627191 1126.35 161.75 30.96 48.34 0 0.618072 1062.83 164.42 26.36 46.35 0 0.606448 309.78 487.83 61.93 24.56 0 0.597173 1771.92 529.26 39.31 59.97 0 0.590824 1700.11 247.51 29.81 54.49 0 0.581241 1694.43 100.65 36.83 63.85 1 0.576005 1190.19 161.92 29.88 48.29 0 0.567467 1028.66 165.53 26.00 46.46 0 0.564514 1675.22 183.60 34.12 55.94 0 0.538585 573.26 632.53 38.63 86.45 1 0.531213 715.11 259.33 25.05 45.35 0 0.525510 1095.20 162.74 26.28 45.45 0 0.506693 733.88 627.54 32.58 63.45 0 0.497472 747.18 904.36 30.38 56.88 0 0.497318 1224.94 163.79 30.68 49.21 0 0.496605 1653.61 311.80 29.00 40.38 0 0.494587 887.10 30.63 39.58 24.37 0 0.493068 1002.31 166.30 24.55 45.96 0 0.486683 1060.95 51.35 29.84 42.06 0 0.486454 744.42 833.02 29.86 67.95 0 0.484143 1725.07 352.38 37.80 53.06 0 0.478018 1207.25 33.58 27.83 43.16 0 0.473678 1753.29 472.39 36.48 47.14 0 0.470114 1765.33 474.32 29.78 44.44 0 0.465882 714.98 375.31 34.40 76.76 1 0.453289 1738.93 288.88 32.91 49.84 0 0.450359 962.71 488.98 34.20 61.87 0 0.448056 1745.40 410.08 32.57 63.98 0 0.442385 1695.03 472.52 31.78 58.02 0 0.432132 574.37 723.55 34.02 73.83 0 0.430724 579.16 878.12 39.72 83.57 0 0.421103 1600.31 92.44 26.97 55.17 0 0.413151 1620.27 495.46 30.01 60.08 0 0.410835 572.47 593.03 28.47 65.49 0 0.408203 1621.15 187.50 34.16 59.87 0 0.406692 1682.13 411.01 34.22 57.69 0 0.406291 952.11 168.08 24.57 47.11 0 0.405598 991.42 232.22 53.98 32.22 0 0.404536 725.27 562.52 35.17 63.50 1 0.404428 713.82 250.67 29.16 55.49 1 0.403013 1054.49 19.80 45.69 24.87 0 0.402872 739.28 759.09 31.45 68.53 0 0.399067 708.91 193.35 32.64 64.66 1 0.397172 1172.75 39.99 28.83 44.56 0 0.392239 711.91 385.60 37.62 81.07 1 0.391662 1262.10 162.25 30.14 42.06 0 0.375457 393.97 481.36 77.34 31.59 0 0.372539 1095.40 817.32 48.22 29.87 0 0.370353 1727.90 598.39 34.77 43.49 0 0.366482 1718.34 293.45 32.12 47.47 0 0.363130 1649.15 302.24 33.68 42.26 0 0.358069 787.30 51.98 54.80 40.47 0 0.355760 1127.41 34.92 28.51 51.91 0 0.347972 1814.64 537.62 34.95 61.24 0 0.342435 1641.02 248.09 31.62 58.24 0 0.336307 751.61 978.49 34.67 70.32 0 0.334514 715.21 134.09 24.63 45.20 0 0.328870 1709.39 296.59 33.55 49.02 0 0.323229 1073.19 163.27 28.66 47.10 0 0.321336 733.90 719.28 35.22 97.26 1 0.319734 894.11 64.38 24.20 30.70 0 0.316051 581.77 963.84 36.51 76.12 0 0.311751 1704.54 531.69 43.02 62.95 0 0.308116 947.12 820.56 36.15 73.98 0 0.307769 1670.81 389.85 31.62 59.65 0 0.307545 920.46 167.28 27.94 48.12 0 0.304014 1611.59 144.40 30.90 59.68 0 0.286213 1032.27 163.92 27.58 45.72 0 0.278014 988.84 21.34 50.95 26.77 0 0.275408 1354.09 716.06 59.26 33.32 0 0.274748 388.99 479.78 76.33 27.95 0 0.272782 1155.17 39.37 31.55 45.40 0 0.263153 718.21 431.95 37.56 103.58 1 0.257304 1624.11 192.57 36.21 67.18 0
339,0.598608 1437.83 838.74 27.43 61.36 0 0.525395 1016.63 1019.67 61.56 29.49 0 0.454177 1077.35 631.89 34.90 91.58 1 0.450657 1579.48 250.73 45.13 22.06 0 0.440334 1626.75 559.22 48.65 27.06 0 0.431998 1577.31 282.47 43.76 22.67 0 0.416359 1840.87 159.14 21.64 32.76 0 0.407492 1580.96 233.59 42.80 19.83 0 0.392420 1791.38 149.00 24.10 39.02 0 0.373712 1803.63 41.99 29.13 24.71 0 0.364856 1074.42 649.13 38.26 89.10 1 0.362078 1653.01 29.80 23.97 23.25 0 0.354568 1866.92 110.14 26.01 30.53 0 0.343757 1628.45 562.83 49.50 27.48 0 0.340669 1686.28 31.21 20.17 24.37 0 0.330523 1582.88 252.12 44.92 25.35 0 0.327838 1611.99 439.26 47.24 23.95 0 0.275655 1418.30 275.42 19.14 38.57 0 0.275229 998.68 904.71 72.91 39.17 1 0.272977 1015.99 951.55 57.55 32.06 0 0.257764 1871.84 89.13 23.92 28.59 0 0.252059 1683.58 226.69 31.02 25.45 0
340,0.619693 634.25 536.21 67.13 42.77 0 0.592085 949.95 865.56 76.86 45.47 0 0.566574 1012.09 1022.20 74.01 47.44 0 0.560906 918.91 793.78 71.54 43.20 0 0.536537 832.54 537.29 70.16 42.78 0 0.522260 1013.82 271.96 71.82 38.19 0 0.514554 686.91 672.29 70.81 42.07 0 0.501772 676.64 634.66 71.78 47.44 0 0.487592 880.29 639.84 69.67 43.60 0 0.483153 812.30 464.46 63.31 37.54 0 0.479530 1111.10 238.61 64.34 34.93 0 0.478956 847.23 574.47 70.98 35.73 0 0.477394 974.32 910.45 76.16 44.48 0 0.476450 588.49 716.74 71.88 43.72 0 0.458064 1056.59 361.06 72.26 38.50 0 0.457610 532.65 533.01 69.43 41.25 0 0.455027 609.66 459.78 72.51 42.24 0 0.453228 666.77 596.38 73.77 43.42 0 0.452115 735.21 825.02 69.94 42.75 0 0.449583 801.93 431.34 68.54 36.25 0 0.447773 754.79 904.42 77.46 49.71 0 0.446882 900.03 715.59 72.44 44.34 0 0.441120 638.01 818.48 72.72 46.58 0 0.440607 581.86 676.02 68.33 41.49 0 0.436311 643.68 903.08 84.70 50.39 0 0.430620 1059.11 367.82 69.59 37.50 0 0.426140 594.49 428.66 70.86 42.94 0 0.423182 767.63 943.68 75.51 44.21 0 0.411920 825.61 506.15 63.95 40.30 0 0.405449 995.15 986.37 74.34 45.44 0 0.404857 885.53 677.14 71.92 44.90 0 0.398640 640.68 866.90 72.42 42.26 0 0.394416 324.40 299.27 32.48 18.33 3 0.384864 805.60 1020.21 71.67 46.58 0 0.382641 739.51 866.92 75.95 41.93 0 0.375444 794.54 395.19 67.39 37.37 0 0.366575 912.49 755.10 69.64 45.90 0 0.365637 689.87 1022.23 78.27 49.23 0 0.363929 575.35 633.47 71.33 42.73 0 0.361651 1104.68 988.00 73.93 43.78 0 0.358057 1030.14 302.48 69.66 40.99 0 0.355462 588.11 712.56 67.98 39.26 0 0.355354 570.96 600.20 67.75 40.06 0 0.354906 540.25 567.61 71.46 40.43 0 0.351494 930.91 831.32 75.34 40.82 0 0.329728 983.36 942.86 78.52 44.92 0 0.322215 711.30 748.58 70.33 42.43 0 0.321938 623.30 496.47 58.95 34.61 0 0.313031 701.79 1046.02 80.60 33.98 0 0.308119 1090.45 899.45 65.52 42.12 0 0.306199 652.13 898.49 76.44 45.73 0 0.299552 793.70 980.54 69.92 46.01 0 0.296854 1095.18 947.09 69.09 41.52 0 0.283544 1006.86 1032.49 78.60 42.21 0 0.274509 696.23 709.66 73.28 40.71 0 0.272681 529.93 206.43 107.70 55.73 1 0.259688 1076.96 904.54 81.89 43.44 0 0.258533 526.59 497.10 69.82 37.63 0 0.258438 1094.09 992.85 82.66 44.10 0 0.257473 640.93 806.59 73.94 52.40 0 0.252650 1088.15 948.90 79.74 49.88 0 0.251795 522.36 504.86 69.84 36.39 0
341,0.684116 1312.72 776.79 66.06 28.86 0 0.610168 1565.07 777.31 66.27 27.72 0 0.575316 578.35 775.59 58.79 26.94 0 0.455204 896.13 777.33 60.53 27.18 0 0.341044 172.06 855.31 64.39 33.26 0
342,0.594362 970.66 545.20 71.40 32.16 0 0.558453 961.14 580.57 66.55 37.38 0 0.557128 706.08 776.57 70.65 41.14 0 0.554830 992.65 478.08 66.75 32.49 0 0.526671 693.77 541.40 56.99 33.85 0 0.520139 976.03 514.96 69.79 36.63 0 0.484903 921.76 719.20 63.50 35.87 0 0.478732 1267.08 483.77 66.95 36.95 0 0.475657 593.95 826.26 70.08 39.58 0 0.470313 552.48 934.61 73.47 42.27 0 0.468910 646.07 966.27 70.52 40.16 0 0.468523 1274.53 443.70 64.88 36.73 0 0.464467 633.78 710.76 64.67 33.98 0 0.463308 867.78 865.65 73.55 41.56 0 0.461780 937.29 645.59 72.43 41.68 0 0.458384 1008.60 441.84 65.98 39.41 0 0.455556 854.48 328.47 63.83 32.68 0 0.441382 755.57 368.08 68.00 38.73 0 0.440396 1019.26 412.28 64.20 34.04 0 0.433920 652.44 926.73 74.84 40.88 0 0.431029 834.64 984.44 69.07 40.68 0 0.418777 927.78 682.04 71.46 39.94 0 0.412735 580.49 862.56 75.04 37.64 0 0.412623 890.88 792.13 66.81 38.32 0 0.404852 877.89 825.74 70.20 37.77 0 0.403178 908.62 754.94 65.48 39.42 0 0.398693 1368.12 470.24 62.13 30.80 0 0.396912 798.09 531.23 68.87 37.94 0 0.392162 643.72 680.88 59.80 37.00 0 0.387564 1243.83 543.82 72.18 36.47 0 0.386828 753.13 675.89 58.06 31.98 0 0.386665 693.22 816.61 68.04 35.37 0 0.386004 821.30 1015.29 71.27 41.59 0 0.383711 934.43 1012.94 54.20 37.04 0 0.374948 860.38 905.19 69.68 43.58 0 0.354844 518.69 689.36 26.82 28.25 3 0.351938 807.25 492.47 72.60 36.91 0 0.351684 671.34 888.20 72.75 38.36 0 0.351608 722.90 470.97 65.89 41.27 0 0.350321 855.52 942.96 67.84 41.78 0 0.348239 840.60 396.08 51.21 34.43 0 0.347277 707.11 501.85 65.40 35.42 0 0.344751 740.39 705.14 65.85 39.86 0 0.344346 683.54 853.45 71.48 38.54 0 0.342310 826.75 431.12 59.30 37.01 0 0.336880 950.85 967.97 68.51 45.82 0 0.327401 748.36 402.79 56.62 33.34 0 0.327268 855.92 362.49 65.09 35.19 0 0.322698 854.08 360.05 57.78 28.34 0 0.320031 719.26 741.48 65.80 33.85 0 0.315940 673.08 641.90 64.39 36.28 0 0.314270 760.84 634.72 66.57 40.55 3 0.310740 1270.47 449.15 68.49 38.62 0 0.308935 756.58 653.93 58.10 35.93 3 0.298886 933.30 136.54 93.61 40.31 1 0.294136 690.52 578.83 60.00 32.55 3 0.291300 745.69 395.14 64.40 35.74 0 0.287896 876.93 831.85 67.95 40.91 0 0.287187 832.54 415.57 49.98 41.44 0 0.283998 691.85 580.14 58.66 34.07 0 0.275853 749.97 674.59 62.57 34.37 3 0.270336 542.72 942.56 84.14 44.59 0 0.250814 684.42 610.03 62.57 37.93 0 0.250451 744.05 659.51 60.73 36.39 3
343,0.671830 435.28 293.64 20.29 43.51 0 0.667125 410.63 292.69 18.83 44.24 0 0.661945 145.15 295.20 19.76 42.98 0 0.646474 407.96 446.46 23.75 47.77 0 0.626300 356.16 291.52 19.52 44.35 0 0.623331 119.16 299.94 21.14 40.37 0 0.621464 459.56 202.22 20.22 37.17 0 0.610194 170.76 298.50 19.39 40.03 0 0.607205 382.70 291.90 20.44 44.78 0 0.593503 238.34 168.36 23.00 39.84 0 0.590854 45.59 173.39 24.66 32.04 0 0.588634 439.21 441.89 24.72 49.33 0 0.583831 220.33 298.53 22.36 41.42 0 0.570703 197.89 300.58 20.85 38.29 0 0.565650 329.37 295.24 23.19 42.52 0 0.564586 148.43 212.49 22.09 38.95 0 0.563555 481.01 196.61 21.24 39.79 0 0.557865 431.04 503.67 20.68 49.11 0 0.545200 351.65 445.36 30.64 51.66 0 0.527975 428.66 199.02 19.88 39.06 0 0.519375 411.56 156.81 18.70 36.35 0 0.519254 24.03 311.41 26.80 37.42 0 0.515899 190.71 169.17 22.52 34.75 0 0.515494 1055.08 381.03 22.02 51.44 0 0.515243 213.87 168.57 21.88 34.24 0 0.511556 49.84 210.98 24.91 38.97 0 0.505995 458.09 161.02 21.48 34.71 0 0.500505 113.13 167.80 24.41 36.24 0 0.495351 283.63 164.51 21.38 37.76 0 0.493397 41.35 309.83 24.31 38.29 0 0.475262 1051.67 339.67 26.39 47.70 0 0.474117 92.72 171.28 23.34 35.09 0 0.470869 307.03 294.22 22.29 44.02 0 0.465784 124.55 210.99 21.22 33.25 0 0.465318 74.88 214.18 25.08 38.27 0 0.462882 405.48 201.26 19.84 38.45 0 0.460305 218.49 204.76 17.73 39.59 0 0.456350 353.24 205.58 25.32 44.60 0 0.449764 312.85 160.69 19.28 35.75 0 0.449729 385.26 160.10 19.95 36.06 0 0.439599 92.68 212.43 23.91 37.27 0 0.437472 311.47 204.63 26.71 46.52 0 0.433791 175.24 211.44 21.95 39.35 0 0.432912 22.51 214.10 27.67 40.74 0 0.428350 93.67 305.22 22.65 38.01 0 0.427024 195.39 208.31 21.34 40.47 0 0.422877 270.22 201.30 23.39 41.79 0 0.415062 358.32 161.33 20.88 35.50 0 0.402179 15.17 356.73 30.18 42.94 0 0.390185 337.90 161.26 20.59 34.74 0 0.389597 66.86 310.71 24.61 37.77 0 0.380664 951.97 61.31 36.27 17.25 0 0.379836 201.60 110.38 14.61 21.34 3 0.373812 326.19 206.65 26.90 44.33 0 0.362175 437.72 158.86 19.38 34.34 0 0.359576 1035.69 29.90 17.49 40.70 0 0.353908 246.02 298.75 24.78 41.97 0 0.350387 243.18 194.64 21.30 45.19 0 0.331884 0.13 353.08 27.15 43.16 0 0.322769 1045.07 284.15 26.71 48.71 0 0.321117 146.62 299.28 22.17 41.98 0 0.306802 265.12 166.94 19.80 40.25 0 0.303830 49.47 114.20 28.05 23.62 3 0.298195 949.33 37.44 35.50 18.93 0 0.276980 31.68 174.39 35.13 32.38 0 0.275222 455.61 203.83 22.02 39.70 0 0.271251 171.68 109.01 11.68 20.78 3 0.270039 253.43 296.11 26.31 45.45 0 0.267836 95.43 209.07 21.18 34.73 0 0.262475 412.44 295.48 20.93 44.29 0 0.259033 281.22 201.32 25.45 48.06 0
344,0.584544 570.74 292.65 15.98 22.37 2 0.497982 805.83 649.78 15.40 17.91 2 0.493850 1107.10 61.77 32.81 51.01 0 0.478443 756.13 630.23 15.27 22.15 2 0.467163 723.19 325.17 13.27 19.41 2 0.461718 744.03 280.06 14.16 17.96 2 0.425050 1013.07 0.00 29.47 41.54 0 0.394628 550.47 270.34 18.76 19.35 2 0.381965 1003.95 104.76 21.47 17.56 3 0.348876 924.00 59.50 59.68 30.96 0 0.329329 975.41 139.82 11.87 15.67 3 0.315337 1080.06 50.51 27.41 46.76 0 0.287332 642.15 441.62 18.68 25.76 2 0.284202 689.58 321.25 14.93 19.47 2 0.281122 920.29 64.72 53.62 30.03 0 0.266863 610.59 239.22 15.42 19.26 2 0.261962 643.83 454.00 17.99 22.85 2 0.260881 710.89 581.54 16.70 20.70 2
345,0.683532 2.77 360.62 91.12 100.17 0 0.662373 333.99 50.92 27.22 41.17 3 0.630820 90.07 335.54 92.72 100.61 0 0.629714 667.91 892.37 123.36 187.63 0 0.625969 504.61 361.38 103.63 107.77 0 0.623566 591.82 342.24 80.07 93.59 0 0.616851 879.42 224.12 91.87 76.96 0 0.595700 722.39 88.16 21.67 35.36 3 0.590464 178.51 317.34 76.86 95.13 0 0.589852 417.50 503.91 102.58 140.28 0 0.588909 359.40 823.68 101.27 161.05 0 0.585359 903.26 310.23 113.40 98.22 0 0.581168 654.81 417.61 102.64 111.47 0 0.566792 438.64 215.14 93.11 86.08 0 0.566324 1219.59 104.58 75.29 61.18 0 0.555234 1218.58 571.43 119.93 144.01 0 0.554664 276.23 452.16 97.57 93.08 0 0.553237 445.54 15.17 30.47 39.71 3 0.550520 1050.27 172.37 92.40 77.64 0 0.547436 507.74 192.20 76.04 86.40 0 0.544873 611.97 158.55 87.39 70.75 0 0.544263 336.50 537.91 100.98 140.32 0 0.543405 928.08 730.39 125.30 173.28 0 0.540708 768.36 265.35 92.19 85.22 0 0.540588 1292.75 155.77 107.29 70.63 0 0.539165 1037.76 0.00 58.30 63.60 0 0.537695 832.75 776.47 128.59 170.08 0 0.529843 312.54 54.15 29.28 41.71 3 0.527972 1404.09 225.61 113.83 77.30 0 0.527174 770.28 96.05 96.68 75.58 0 0.518472 665.30 98.09 37.04 38.27 3 0.516010 1803.11 494.32 116.89 87.89 0 0.512389 387.12 202.48 27.25 42.14 3 0.506566 422.21 730.89 61.14 49.58 3 0.504281 353.26 217.00 27.96 42.63 3 0.499269 1148.82 427.28 134.33 129.68 1 0.497983 1615.56 742.67 159.08 136.69 0 0.495757 1121.14 598.65 139.10 174.79 0 0.489973 989.87 189.25 99.36 78.65 0 0.488929 93.76 674.30 22.59 41.15 2 0.486676 691.61 96.31 31.01 35.78 3 0.480851 720.22 93.04 25.62 38.02 3 0.474442 652.19 128.96 89.64 81.09 0 0.471354 1638.93 954.46 164.53 125.54 0 0.468321 41.52 267.58 120.52 68.49 0 0.462659 831.44 78.17 85.54 71.40 0 0.462325 698.41 292.49 103.08 85.52 0 0.458672 27.33 281.26 104.80 74.50 0 0.456483 647.89 105.26 26.60 37.38 3 0.455061 579.59 133.59 22.75 39.21 3 0.452064 1522.37 324.46 134.45 78.84 0 0.450192 224.57 79.76 49.25 39.51 3 0.450169 1647.36 405.39 117.72 83.44 0 0.447141 1341.77 526.62 133.40 132.79 0 0.442473 616.67 117.89 26.40 39.44 3 0.440497 1075.21 652.88 129.36 165.39 0 0.433803 494.12 0.00 30.15 39.28 3 0.433039 1835.81 809.61 84.19 128.39 0 0.430185 292.00 228.11 27.86 48.34 3 0.428601 23.66 272.66 137.43 74.27 0 0.426423 698.62 91.60 25.61 35.06 3 0.418709 450.94 179.44 30.10 38.05 3 0.415537 751.98 271.35 114.65 99.54 0 0.412135 549.31 0.00 34.99 25.30 3 0.410382 1003.80 682.43 137.72 189.61 0 0.399860 1029.51 176.92 120.78 81.38 0 0.390093 689.17 915.26 114.24 153.24 0 0.388727 1281.99 545.74 110.25 143.10 0 0.388111 275.50 68.61 32.03 44.11 3 0.387184 282.38 234.01 35.98 44.84 3 0.384182 377.37 44.89 28.65 32.88 3 0.380912 329.08 224.65 28.72 44.61 3 0.374391 616.60 144.28 100.05 84.68 0 0.369968 404.36 193.98 25.29 44.22 3 0.369235 1210.05 429.18 113.09 96.67 0 0.367007 301.14 230.54 30.63 42.24 3 0.366269 425.15 22.91 32.43 38.68 3 0.363388 1009.81 183.47 133.00 88.19 0 0.363006 481.68 0.00 31.60 42.65 3 0.359446 306.27 226.00 29.53 48.82 3 0.356830 646.40 888.57 125.91 189.94 0 0.355311 264.79 244.42 31.04 44.52 3 0.353099 230.19 571.13 105.81 149.93 1 0.345706 1452.14 901.53 131.71 166.19 0 0.345578 1029.84 697.00 114.12 146.83 0 0.342071 1052.76 654.07 133.70 188.75 0 0.340169 446.86 3.17 34.33 47.57 3 0.334270 558.92 0.00 38.40 23.14 3 0.324041 92.54 579.03 48.26 42.47 3 0.315727 432.05 510.31 98.32 121.98 0 0.313552 734.12 278.84 117.79 93.58 0 0.310433 401.60 32.65 30.42 39.52 3 0.310104 1164.30 425.39 164.59 116.23 0 0.310076 603.75 123.95 23.72 39.27 3 0.308025 325.16 531.33 102.73 165.29 0 0.302646 436.10 184.15 31.60 43.66 3 0.289681 1418.71 874.61 174.15 191.72 0 0.283142 360.08 48.31 24.37 33.61 3 0.282388 1152.57 609.73 114.10 142.63 0 0.281892 1081.82 644.37 110.52 147.88 0 0.278348 1221.14 206.29 20.11 33.76 2 0.277407 382.75 36.98 28.91 36.60 3 0.273087 353.33 824.85 94.02 136.01 0 0.272584 1296.52 535.57 121.15 147.28 0 0.269296 1555.29 335.68 101.25 72.99 0 0.257375 1299.32 517.21 161.00 155.42 0 0.256668 171.90 908.94 39.24 56.47 3 0.256235 1305.72 411.65 49.87 56.68 3 0.254052 377.99 839.09 101.21 159.91 0 0.251085 64.49 264.40 102.65 66.48 0
346,0.576602 468.21 768.13 35.73 69.31 0 0.574284 547.05 769.96 34.79 64.14 0 0.522736 43.50 798.12 41.65 77.22 0 0.497299 1225.52 607.26 68.15 30.13 0 0.483798 1354.37 634.89 55.25 26.90 0 0.479865 415.96 775.71 39.10 75.04 0 0.460856 952.87 383.44 23.97 43.00 0 0.455443 991.34 440.65 24.28 43.59 0 0.452766 582.37 766.77 35.27 65.30 0 0.451782 795.35 816.09 66.53 31.98 0 0.428477 1201.94 515.90 24.52 46.13 0 0.406597 1872.87 28.39 32.09 35.19 0 0.395225 1257.73 495.29 26.80 55.32 0 0.379826 55.78 966.95 68.33 28.67 0 0.379542 1080.07 368.97 32.23 53.04 1 0.331845 1003.00 348.67 38.99 20.50 0 0.316935 982.68 302.56 26.68 19.71 3 0.313040 621.46 288.25 43.39 44.81 1 0.295591 1849.21 39.48 28.78 35.27 0 0.295483 1228.98 503.63 24.60 49.93 0 0.295019 290.54 331.03 32.32 33.92 0 0.285676 1879.14 185.86 33.13 45.70 0 0.268081 1526.34 707.77 39.48 30.93 0 0.259333 227.94 547.64 27.87 40.73 0
347,0.533163 41.95 643.02 204.59 84.50 0
348,0.346261 857.82 904.69 37.94 25.09 0 0.306805 833.61 948.16 36.78 26.56 0 0.296366 1170.07 592.60 40.95 19.05 0
349,0.487731 981.41 494.47 26.17 17.53 0 0.349006 896.89 517.61 34.13 16.46 0 0.317252 1067.44 470.14 31.44 17.24 0 0.290396 1057.96 470.40 31.64 19.22 0 0.259945 1037.17 476.99 25.49 20.34 0 0.252164 1899.07 202.01 18.36 27.94 0
350,0.645033 123.61 450.82 152.21 55.77 0 0.518487 303.06 464.39 112.44 46.95 0 0.486160 1252.79 457.76 111.53 54.40 0 0.458219 622.87 459.52 125.67 50.13 0
351,0.361065 1166.61 306.52 282.49 169.12 1 0.315332 59.46 338.40 212.13 91.63 0 0.304876 1213.60 288.65 272.14 196.13 1 0.257560 55.77 331.00 191.55 84.45 0 0.251288 1680.46 350.35 239.54 153.00 0
352,0.257688 889.15 801.47 27.46 34.61 0
353,
354,0.425192 1169.62 340.91 27.70 49.09 0 0.360838 1149.71 181.76 27.25 31.50 0 0.351636 1160.51 221.20 28.76 30.80 0
355,0.332082 478.48 84.85 22.75 19.90 1
356,0.570213 895.27 553.73 75.88 37.91 1 0.295143 1127.03 692.17 32.98 26.57 1 0.294972 621.27 496.05 28.53 19.09 0
357,0.716043 690.11 216.69 143.98 58.97 1 0.360989 734.76 141.46 120.00 54.65 1 0.333193 655.67 173.57 41.06 102.03 1
358,0.346959 642.30 427.10 137.58 60.20 1 0.342269 648.25 406.05 129.57 69.76 0
359,0.678614 637.63 498.21 67.71 32.38 1
360,0.703418 1290.76 355.08 189.51 76.42 0 0.608162 903.31 385.37 169.26 72.36 0 0.548066 649.09 384.13 199.89 79.19 0 0.527127 1503.65 332.46 218.85 89.01 0 0.518649 200.21 408.97 187.62 79.08 0 0.379323 0.00 421.56 129.75 71.56 1
361,0.444219 826.82 964.36 35.09 77.57 0 0.392434 831.45 718.76 30.70 66.45 0 0.301208 843.77 344.12 20.82 49.28 1
362,0.577579 834.46 591.56 30.10 26.71 1 0.528746 725.12 778.84 42.20 29.41 0 0.505747 503.70 923.61 47.10 25.48 0 0.399519 556.09 892.24 40.77 25.94 0 0.360435 721.54 782.06 41.16 31.90 0 0.357154 612.97 854.98 45.79 24.93 0 0.283218 620.95 851.38 44.29 27.93 0 0.261276 672.05 819.08 39.27 24.83 0 0.251473 686.86 811.65 35.06 25.44 0
363,0.498474 732.36 248.12 41.98 46.33 0 0.419371 1271.78 532.16 63.89 49.74 1 0.375958 771.88 296.71 47.46 48.93 0 0.371011 1192.32 715.93 44.27 38.51 0 0.359444 876.05 397.16 50.43 46.81 0 0.348383 1271.62 532.56 52.12 39.32 1 0.332141 823.29 345.11 43.09 41.30 0 0.328034 1182.33 712.97 46.53 40.35 0 0.303559 1872.35 874.01 37.36 29.06 0 0.293353 798.71 318.20 46.68 45.94 0 0.281395 879.56 401.84 60.33 44.26 0 0.276954 883.00 408.31 56.46 46.62 0
364,0.579574 1313.02 993.08 55.55 33.61 3 0.573387 0.00 894.39 136.99 83.51 0 0.566746 142.53 438.36 68.91 51.29 0 0.565040 810.63 252.21 39.24 22.80 0 0.558169 627.15 265.29 57.48 29.91 0 0.546660 1763.22 183.52 38.02 20.31 0 0.545665 1287.21 394.29 47.43 59.29 0 0.544336 280.54 427.18 85.01 71.99 1 0.543971 1350.85 941.76 48.83 28.33 3 0.540685 1383.82 551.90 63.28 70.72 0 0.538590 105.83 578.10 76.52 62.29 0 0.538369 112.79 639.74 92.47 79.36 0 0.528127 4.03 437.77 47.05 55.17 0 0.523621 49.43 369.21 62.06 51.68 0 0.504925 1583.69 179.73 34.78 20.61 0 0.504690 1429.82 340.49 41.18 35.07 0 0.500574 861.82 256.55 37.34 23.70 0 0.499377 288.17 296.73 52.68 32.79 0 0.496717 1829.19 517.67 80.33 51.18 0 0.495833 746.59 277.95 62.01 31.61 0 0.490379 0.00 235.28 45.49 34.66 0 0.489551 898.41 815.98 164.18 89.62 1 0.481104 376.36 300.33 36.60 31.33 0 0.480372 102.94 435.87 41.09 53.22 0 0.479115 260.91 300.06 42.34 30.54 0 0.478636 1596.86 179.77 35.20 20.39 0 0.475214 1657.02 574.21 73.70 58.49 0 0.474323 1339.65 487.59 66.84 66.40 0 0.471554 47.13 436.84 45.45 57.54 0 0.468313 1629.70 182.89 28.81 17.89 0 0.468128 171.24 300.02 63.69 33.38 0 0.467322 578.29 253.87 31.15 25.82 0 0.463988 144.36 350.80 46.53 31.12 0 0.455237 44.36 347.10 63.02 45.31 0 0.447704 1131.25 37.32 30.47 27.28 1 0.433689 1502.48 407.97 40.01 40.69 1 0.421198 92.23 774.82 97.00 95.36 0 0.418928 1561.60 467.81 86.49 77.65 1 0.412229 189.37 373.51 41.47 43.20 0 0.412221 231.69 360.14 55.85 55.68 0 0.411724 1674.55 181.08 37.91 20.55 0 0.409787 191.16 365.91 42.46 42.83 0 0.409420 1238.59 334.83 46.42 49.29 0 0.409410 1822.71 184.46 36.37 19.07 0 0.404691 1736.32 225.00 47.55 24.21 0 0.404232 1456.74 382.33 50.88 52.11 1 0.401188 1864.33 258.41 51.96 25.50 0 0.394920 1597.22 520.86 73.96 52.44 0 0.394057 1173.95 655.28 41.31 31.69 3 0.385320 1541.15 159.85 31.42 14.75 0 0.382983 330.96 302.11 39.51 31.05 0 0.379099 365.91 375.89 41.81 41.23 0 0.379070 115.44 610.41 99.10 105.17 0 0.378188 15.70 768.54 101.94 109.11 0 0.375527 571.88 583.31 19.73 29.95 2 0.371064 249.87 436.99 61.04 53.94 0 0.368475 747.07 287.77 67.85 28.49 0 0.366474 1636.87 211.17 31.00 19.64 0 0.362802 1652.57 270.27 49.59 24.16 0 0.362516 150.81 574.50 97.14 54.04 0 0.358401 65.52 772.16 117.67 100.78 0 0.348500 1318.01 456.98 64.82 47.63 0 0.345134 1209.20 137.90 36.26 25.60 1 0.343824 134.71 577.44 110.47 74.87 0 0.334504 1562.60 462.71 67.65 69.14 1 0.332208 1618.99 1016.34 51.36 63.66 0 0.324928 1382.36 303.11 59.25 40.87 0 0.320198 143.10 297.91 55.61 35.27 0 0.316133 1453.61 372.96 54.46 49.33 1 0.315073 1692.46 179.70 41.26 20.93 0 0.313888 208.80 575.43 94.72 70.84 1 0.302672 1574.06 1025.16 46.43 54.84 0 0.300635 182.21 775.58 89.97 99.29 0 0.298395 869.47 756.17 25.82 46.14 3 0.298095 983.64 284.01 58.57 26.60 0 0.296658 746.40 255.11 46.01 22.79 0 0.296428 1378.62 297.78 58.45 37.53 0 0.294739 477.80 796.44 37.11 34.50 3 0.289526 147.84 297.05 69.44 35.93 0 0.281596 1115.44 229.28 41.99 27.54 0 0.276577 1346.73 267.40 45.63 27.65 0 0.273781 1666.38 212.40 31.41 23.57 0 0.272129 908.15 283.18 47.15 25.43 0 0.270662 1252.95 363.90 48.55 57.58 0 0.266680 913.51 280.50 52.27 27.91 0 0.264357 1719.05 183.20 36.07 19.14 0 0.262899 1239.44 331.16 40.34 44.33 0 0.256264 359.65 589.52 23.35 30.90 2 0.253601 744.13 258.99 44.62 23.33 0 0.250093 908.68 790.70 169.74 115.07 1
365,0.592905 162.24 814.81 40.52 73.69 0 0.575653 1649.43 49.83 33.53 35.76 0 0.559062 246.29 815.54 31.66 63.17 0 0.557891 280.06 811.46 39.44 67.65 0 0.554615 109.59 821.71 43.49 73.90 0 0.532435 1722.68 29.74 32.70 38.43 0 0.510528 939.78 542.68 24.85 48.00 0 0.490974 701.51 416.01 24.16 39.33 0 0.426584 998.25 526.16 25.58 51.53 0 0.424621 746.72 532.51 29.46 52.15 0 0.423148 502.57 860.93 56.11 29.66 0 0.404752 831.67 402.76 28.40 48.02 1 0.394749 956.06 636.38 68.26 32.87 0 0.383217 782.23 538.18 29.43 55.24 0 0.355907 35.42 363.80 34.40 29.55 0 0.324186 943.18 665.55 53.54 29.59 0 0.322495 759.92 375.42 43.11 21.19 0 0.303093 1278.93 556.66 49.67 26.64 0 0.301942 345.27 347.35 41.48 27.81 0 0.285354 162.28 362.06 34.55 25.03 0 0.269246 740.87 328.25 27.68 17.02 3 0.268419 1669.58 43.51 37.87 36.77 0 0.261737 207.52 361.58 46.30 26.49 0 0.260758 1677.97 41.27 35.52 40.14 0
366,0.707201 183.90 859.43 46.83 74.41 1 0.682837 189.21 860.14 51.22 81.53 1 0.642021 799.32 0.00 24.47 42.71 0 0.609199 238.99 866.50 52.19 84.96 1 0.467986 284.33 874.64 38.77 72.57 0 0.334072 593.41 665.44 36.52 65.05 1 0.293571 1.87 883.50 47.47 76.26 1 0.272876 557.39 920.85 48.59 65.05 1 0.254043 518.78 739.45 40.27 44.25 0
367,0.619538 31.26 991.35 94.75 88.65 0 0.614238 1511.30 893.80 58.01 37.02 3 0.542065 1777.27 551.97 69.01 106.43 0 0.539575 993.28 273.69 90.91 65.06 0 0.529244 1447.48 981.64 87.53 98.36 0 0.524833 1625.07 385.75 63.14 33.99 3 0.523969 728.32 283.59 94.11 59.07 0 0.508776 1226.76 355.39 75.13 74.28 0 0.501713 1171.16 340.56 72.78 70.66 0 0.475896 1500.03 941.51 60.91 40.89 3 0.448842 37.17 559.69 69.06 60.10 0 0.437319 1670.14 266.30 68.27 42.18 0 0.425514 192.87 498.48 69.96 49.99 0 0.425474 615.20 337.19 92.32 70.66 0 0.423126 269.31 461.10 59.52 48.16 0 0.421952 1631.41 316.75 84.17 50.04 0 0.419889 120.09 524.96 62.83 48.36 0 0.418651 1105.59 315.20 89.16 70.04 0 0.410829 803.99 258.45 81.64 60.87 0 0.398935 1082.35 299.89 70.88 67.03 0 0.394165 1685.58 242.53 65.46 35.56 0 0.392988 1181.58 338.52 72.44 68.14 0 0.389823 1.51 305.58 82.72 53.01 0 0.387065 1599.94 416.25 30.26 34.85 3 0.367933 1509.02 899.67 62.92 37.75 3 0.356361 1516.64 877.72 55.73 43.42 3 0.353242 1819.22 102.12 41.23 47.78 0 0.332751 305.06 342.41 60.41 40.01 0 0.331421 1086.32 310.70 84.37 61.34 0 0.331199 1631.03 437.39 34.82 36.48 3 0.317105 1617.85 364.89 64.67 37.53 3 0.302583 1602.63 443.58 28.02 30.70 3 0.298742 1641.38 290.57 83.68 53.11 0 0.296175 811.37 251.32 85.04 53.38 0 0.275281 1191.60 345.06 100.75 79.00 0 0.263855 1676.79 245.46 71.78 44.67 0 0.262425 1479.68 961.80 73.14 77.44 3
368,0.388882 1223.10 485.91 44.35 33.63 1 0.346465 700.55 302.14 48.77 44.60 0 0.341026 658.99 260.41 51.34 43.73 0 0.333270 761.65 344.73 40.16 36.61 0 0.332198 1227.15 485.84 60.07 42.80 1 0.310268 1158.37 674.10 50.03 36.07 0 0.304422 1853.48 881.21 32.80 32.18 0 0.289282 819.91 395.86 46.34 30.58 0 0.268299 1894.35 893.02 23.04 34.83 0
369,0.839014 874.12 336.91 45.67 73.99 1 0.556943 454.17 486.68 17.52 32.11 0 0.517150 892.59 149.54 23.89 34.04 1 0.497172 867.53 348.08 50.07 67.10 1 0.457622 1123.38 395.04 19.62 19.80 0 0.435369 910.19 312.18 21.36 30.89 0 0.431800 967.28 323.61 17.52 27.86 0 0.415847 594.94 515.46 23.51 29.07 0 0.402228 473.48 488.02 20.21 34.00 0 0.399515 365.91 476.10 19.67 28.84 0 0.384718 602.27 427.10 23.86 17.76 0 0.377295 557.36 424.88 28.41 15.56 0 0.376829 1172.07 396.10 20.01 18.71 0 0.363287 403.79 480.45 21.44 30.70 0 0.357897 328.25 468.77 24.92 26.03 0 0.345228 644.30 422.19 26.64 20.58 0 0.329931 382.37 480.15 21.22 28.40 0 0.312472 520.00 420.25 24.97 17.75 0 0.297581 854.91 340.10 56.78 71.56 1 0.296708 1051.90 381.55 21.01 24.89 0 0.294342 321.58 470.16 26.34 23.99 0 0.290327 1053.49 384.99 21.26 26.00 0 0.285024 261.64 514.88 30.20 19.69 0 0.275653 930.74 314.89 20.71 30.11 0 0.274681 1160.49 394.92 20.25 18.70 0 0.267430 931.57 306.06 25.46 28.16 0 0.265309 353.81 372.48 29.74 19.62 0 0.264191 285.52 402.61 26.56 13.24 0 0.260246 680.98 523.03 23.98 30.07 0 0.255404 911.05 307.27 19.49 29.12 0 0.251164 434.82 396.94 22.73 17.24 0
370,0.633940 1064.46 401.34 52.40 71.99 0 0.547350 0.00 481.13 39.81 74.98 0 0.522345 274.72 656.70 46.01 63.30 0 0.512441 275.84 55.68 31.07 54.25 0 0.504621 272.60 307.57 37.50 61.02 0 0.497473 22.09 313.89 39.66 62.11 0 0.492279 37.62 179.22 39.88 61.89 0 0.483381 273.31 172.41 32.25 52.94 0 0.457072 56.24 60.87 35.01 53.63 0 0.414745 27.88 250.06 24.54 45.53 0
371,0.532911 434.47 407.84 15.90 16.84 2 0.526039 687.21 685.05 20.12 26.39 2 0.391009 551.73 612.59 22.57 27.13 2 0.369964 488.58 459.33 14.53 22.05 2 0.354601 506.25 471.23 14.18 19.30 2 0.315391 603.26 626.60 20.18 24.19 2 0.306959 338.97 377.80 20.42 20.98 2 0.303853 1.65 523.68 38.95 70.70 0 0.294977 417.23 464.24 22.19 21.59 2 0.281767 354.10 259.46 12.07 14.15 2
372,0.639925 1055.26 365.44 169.64 73.07 0 0.497916 0.00 417.65 176.60 78.80 0 0.448607 259.30 397.23 219.87 96.63 0 0.321605 1038.94 374.61 188.07 74.66 0
373,0.453501 901.25 592.11 39.98 51.94 0 0.333909 575.02 476.34 25.91 40.00 0 0.321703 814.28 608.09 42.32 28.53 0 0.319292 524.07 490.71 28.72 31.93 0 0.314383 893.34 592.84 39.40 47.96 0 0.301275 1032.91 602.13 39.34 53.23 0 0.280920 860.06 604.84 29.95 38.27 0 0.262567 545.32 461.12 27.83 32.80 0
374,0.617595 1288.23 543.69 65.14 22.80 0 0.560730 1357.40 543.72 69.73 28.36 0 0.526225 1218.46 530.43 58.85 27.15 0 0.522128 1003.83 521.14 64.89 21.22 0 0.478459 1083.94 521.21 53.59 24.34 0 0.393047 1435.42 546.33 66.56 25.28 0 0.363248 1153.91 529.52 56.49 26.04 0 0.277025 941.23 518.98 51.52 19.18 0
375,0.493054 1075.17 461.82 195.35 95.06 0 0.371344 376.19 503.17 218.30 114.42 0 0.330654 1083.26 445.11 186.37 97.94 0 0.322292 492.07 546.26 157.89 120.41 0 0.311086 1531.38 447.48 130.57 66.94 0 0.285536 1786.82 756.64 133.18 106.62 0 0.285269 1442.15 468.41 59.43 51.48 0
376,0.528001 988.99 602.51 30.62 53.65 0 0.484168 991.57 611.47 29.23 50.52 0 0.483255 1035.60 602.62 34.92 62.31 0 0.408782 1219.11 610.90 34.46 29.51 0 0.376521 573.78 468.65 36.16 25.82 0 0.374764 942.20 607.45 34.54 48.64 0 0.337495 1166.41 625.50 36.18 41.30 0 0.308024 1217.64 636.66 35.72 29.65 0 0.306604 795.76 587.39 22.71 37.47 0 0.303782 624.43 470.90 24.06 26.98 0 0.300223 675.54 493.88 28.63 43.86 0 0.294377 651.39 470.14 23.73 29.69 0 0.250767 629.54 501.11 27.80 36.34 0
377,0.483615 1722.93 595.42 45.23 18.88 0 0.447581 1497.56 596.74 40.93 19.35 0 0.444232 1461.02 594.73 41.26 18.49 0 0.367636 1417.12 596.17 40.77 16.17 0 0.351880 1582.13 596.33 41.58 18.05 0 0.344456 1232.57 593.81 45.89 18.27 0 0.315135 1360.57 594.36 41.52 16.58 0 0.309486 1643.03 593.31 39.83 20.18 0
378,0.827959 996.86 458.90 156.68 65.41 1 0.578238 1181.55 474.69 129.03 49.40 0 0.548221 532.27 606.62 29.29 69.88 2 0.532204 1315.86 484.53 101.52 43.83 0 0.426546 1646.64 476.10 138.28 53.95 0 0.391690 527.11 463.42 156.35 55.78 0 0.358140 565.82 601.87 30.13 71.66 2 0.357829 687.37 463.48 136.37 52.51 0 0.356754 845.47 476.72 124.73 48.82 0 0.302792 553.88 596.58 34.16 69.74 2 0.299912 795.76 473.70 167.86 52.66 0 0.266785 513.08 463.34 135.64 54.61 0
379,0.727150 582.47 801.35 80.89 156.74 1 0.561256 708.44 595.60 29.99 57.08 0 0.554711 740.24 659.43 31.90 58.35 0 0.548080 644.11 594.15 30.86 62.90 0 0.547205 741.63 589.42 31.78 62.25 0 0.532788 647.96 665.49 26.89 57.87 0 0.519171 936.95 823.48 27.52 63.95 0 0.517533 1083.15 831.08 30.23 58.02 0 0.483975 902.05 825.07 27.22 60.66 0 0.446142 1116.76 831.02 27.06 59.28 0 0.326284 1027.96 845.63 26.19 49.52 0 0.324590 187.66 1022.27 67.31 28.04 0 0.311592 679.19 653.24 30.05 61.27 0 0.291487 645.00 652.07 33.33 70.68 0 0.265473 529.89 566.08 31.77 58.08 0 0.264712 678.84 604.74 30.91 59.78 0
380,0.359776 799.52 345.98 33.43 35.63 0 0.359598 741.52 292.31 45.35 48.39 0 0.350787 1251.03 508.14 45.84 27.62 1 0.329895 704.58 253.27 41.48 45.51 0 0.320466 1252.69 511.04 57.40 33.47 1 0.314571 791.52 337.82 38.67 36.62 0 0.280928 853.47 387.54 33.80 40.37 0 0.256612 1865.84 940.87 31.17 38.14 0
381,0.316253 933.19 513.41 33.68 22.07 0 0.299048 573.41 970.88 32.39 34.71 0 0.251834 1767.87 443.54 44.58 23.33 0
382,0.636413 312.71 448.44 28.63 56.86 0 0.619004 451.34 539.17 51.15 29.21 0 0.614241 576.66 22.52 28.56 61.34 0 0.613423 615.50 101.52 26.13 62.69 0 0.606507 711.97 101.19 28.84 63.42 0 0.598681 739.89 17.22 29.71 61.00 0 0.596207 553.93 102.66 28.63 66.71 0 0.594512 357.39 445.33 29.03 61.56 0 0.584315 383.25 28.35 27.27 62.21 0 0.584188 640.10 21.51 29.80 58.75 0 0.574772 645.65 100.38 26.87 61.56 0 0.573913 708.54 21.09 26.88 55.40 0 0.570594 451.30 23.93 28.85 56.05 0 0.553625 507.39 447.83 23.61 54.19 0 0.548635 785.21 96.20 26.46 60.49 0 0.547360 482.11 111.84 29.67 60.92 0 0.546120 236.03 449.44 28.97 58.36 0 0.542971 733.16 326.56 44.71 24.61 0 0.538497 331.88 125.13 27.73 58.99 0 0.537972 676.43 220.26 27.64 53.57 0 0.526168 678.17 98.98 27.04 62.84 0 0.521014 350.97 36.82 27.88 60.33 0 0.515800 517.85 108.40 26.94 59.13 0 0.515473 674.02 17.32 28.77 63.39 0 0.514668 568.47 459.79 30.58 63.91 0 0.512998 710.61 220.21 28.79 56.56 0 0.506927 752.48 98.51 28.61 65.40 0 0.495978 427.43 443.05 26.30 57.44 0 0.493506 1703.31 714.17 58.18 25.77 0 0.476898 516.25 24.20 29.52 63.30 0 0.465306 536.90 448.08 27.66 54.63 0 0.459559 606.52 462.55 29.24 62.48 0 0.443050 414.43 25.56 29.90 63.80 0 0.433240 251.85 390.57 36.84 25.46 0 0.432366 275.55 453.45 26.85 52.33 0 0.427173 608.96 20.69 28.98 65.33 0 0.414250 297.83 126.42 29.67 59.22 0 0.398579 485.42 26.32 27.58 59.83 0 0.385796 747.39 325.36 46.54 27.36 0 0.332857 738.22 228.27 24.86 46.39 0 0.330103 515.27 220.97 35.65 25.82 0
383,0.581686 764.33 591.38 58.59 28.74 0 0.517615 1154.75 466.57 31.05 34.86 0 0.511316 1199.54 554.18 41.75 45.17 0 0.448417 1259.17 664.63 46.20 55.37 0 0.436918 834.95 233.93 28.00 16.21 0 0.395073 856.54 310.30 29.97 17.15 0 0.385836 860.59 329.83 31.53 18.41 0 0.371706 906.35 209.63 22.51 14.50 0 0.369077 966.03 294.21 19.06 27.52 0 0.327589 1069.06 664.41 36.68 55.59 0 0.309238 1065.07 291.39 24.98 18.61 0 0.306972 759.31 283.34 34.57 21.02 1 0.300442 1100.00 371.66 40.26 29.86 1 0.266915 1077.85 313.90 26.53 24.56 0 0.255012 1107.01 373.65 39.43 32.05 1
384,0.665328 355.64 234.90 21.60 47.31 0 0.654615 171.12 340.72 20.97 43.49 0 0.641495 115.78 347.58 22.87 39.26 0 0.630708 123.19 245.27 19.70 41.90 0 0.629849 481.36 233.91 22.59 40.79 0 0.625851 301.34 335.11 26.44 41.32 0 0.622646 435.04 235.56 21.31 44.82 0 0.621799 463.26 192.33 19.92 42.76 0 0.616531 143.92 345.83 20.94 40.47 0 0.616328 385.25 331.78 25.47 43.55 0 0.612117 332.18 331.76 25.76 45.93 0 0.611741 436.78 331.48 23.19 41.20 0 0.600477 413.28 332.46 22.87 41.69 0 0.598664 382.60 236.61 22.15 46.16 0 0.596795 314.69 202.29 20.73 36.59 0 0.588725 196.27 335.08 23.53 44.22 0 0.584819 528.75 485.27 23.10 49.07 0 0.581730 525.29 549.55 22.96 48.44 0 0.577635 197.87 241.64 21.81 39.84 0 0.564059 390.30 192.36 20.08 39.59 0 0.562025 435.47 192.32 22.61 40.38 0 0.548291 221.23 331.52 25.98 42.61 0 0.543859 186.95 202.99 24.29 34.65 0 0.535952 116.71 203.34 23.18 35.21 0 0.533627 149.50 245.43 19.65 42.81 0 0.530893 497.42 488.65 24.87 48.97 0 0.515898 87.61 344.62 23.73 40.75 0 0.509149 1144.34 317.62 28.72 55.64 0 0.504060 1134.69 228.33 19.29 40.53 0 0.501967 361.53 194.34 19.92 42.34 0 0.489982 282.60 236.86 22.96 44.36 0 0.482660 509.74 234.25 19.14 35.61 0 0.482055 495.05 334.27 24.07 37.81 0 0.479258 96.14 250.92 20.87 38.65 0 0.478318 172.77 243.48 17.72 40.16 0 0.477743 306.12 237.44 22.88 46.42 0 0.474575 535.50 236.83 20.74 40.13 0 0.472629 1031.16 84.79 36.49 18.16 0 0.464812 278.92 335.02 25.44 42.91 0 0.462064 67.31 398.41 24.11 39.60 0 0.461088 163.24 205.38 24.70 33.47 0 0.459966 444.96 489.59 28.48 53.50 0 0.448293 1155.18 423.41 27.21 52.97 0 0.447722 221.69 241.16 23.15 40.69 0 0.444561 246.28 334.26 24.63 43.55 0 0.444379 100.11 393.45 22.82 44.02 0 0.435131 265.02 204.42 25.36 31.86 0 0.435101 40.98 395.08 29.76 43.82 0 0.433365 416.39 192.87 23.33 40.98 0 0.423678 264.08 237.56 25.42 41.57 0 0.423577 518.98 333.50 24.96 38.55 0 0.420773 485.99 189.66 21.01 41.05 0 0.408439 407.11 237.54 22.91 44.21 0 0.407324 534.68 190.64 26.24 37.59 0 0.404943 511.88 189.72 23.17 38.43 0 0.402889 1029.40 59.69 38.23 17.88 0 0.400624 287.30 199.13 22.89 34.51 0 0.387778 335.08 195.09 18.52 40.74 0 0.386153 1152.07 384.09 23.33 51.50 0 0.353280 243.65 138.80 12.95 20.15 3 0.339208 272.55 138.95 17.64 22.29 3 0.320551 64.11 343.95 24.52 39.56 0 0.296793 1421.69 844.06 16.40 31.60 0 0.288472 1028.63 37.15 37.80 16.72 0 0.281731 462.38 331.22 23.35 40.96 0 0.272610 262.84 333.90 25.47 42.71 0 0.258065 487.17 187.51 20.97 35.04 0
385,0.380343 1098.25 592.40 22.80 15.83 0 0.278014 1079.48 596.54 23.86 16.54 0
386,0.372159 907.64 728.74 27.59 29.25 1 0.347714 992.02 809.39 27.93 18.84 1 0.323976 898.06 729.31 29.95 30.05 1 0.252638 436.54 741.83 47.15 39.52 1
387,0.706142 235.21 234.98 28.84 45.61 0 0.592267 191.94 240.07 35.08 46.76 0 0.562613 535.77 809.58 162.64 54.52 1 0.551033 882.75 70.51 21.94 38.58 0 0.508726 321.93 231.96 30.05 45.34 0 0.500156 296.51 235.99 30.25 43.05 0 0.456370 912.14 74.93 20.95 35.52 0 0.442337 963.68 74.20 23.85 36.32 0 0.435004 858.49 73.91 22.79 40.46 0 0.432514 714.55 72.51 23.39 38.83 0 0.385538 1028.97 70.20 20.88 45.19 0 0.361858 838.80 76.44 24.45 39.15 0 0.336856 457.84 957.26 198.65 59.94 1 0.326435 428.01 239.86 43.10 27.44 0 0.296061 498.29 261.08 37.08 27.22 0 0.289347 409.30 877.05 64.37 148.74 0 0.273853 480.37 912.36 179.14 69.81 1 0.269696 848.82 131.66 46.36 31.20 0 0.264234 650.77 0.00 23.13 26.50 0 0.258291 468.65 937.65 188.35 72.00 1
388,0.447930 936.00 60.91 25.10 26.06 0 0.393535 952.00 145.82 29.55 51.17 1 0.349342 1042.69 776.05 35.82 75.15 0 0.318575 1023.92 975.70 46.80 82.40 0
389,0.338024 1031.52 153.79 26.79 29.66 0 0.296083 1041.21 224.58 27.73 36.55 0 0.294109 1024.79 125.75 27.50 33.14 0
390,0.620585 277.01 529.72 82.28 36.28 0 0.587569 466.68 542.83 76.90 33.03 0 0.584114 928.26 562.23 79.66 33.08 0 0.574958 1024.99 564.77 83.79 36.57 0 0.531573 746.01 551.57 76.65 32.61 0 0.515719 647.21 548.67 84.97 33.70 0 0.498933 557.85 547.66 85.77 31.66 0 0.488892 1120.68 566.38 76.66 35.05 0 0.486679 82.21 520.46 100.89 38.54 0 0.438814 842.57 553.94 74.87 34.24 0
391,0.481933 789.10 787.36 54.06 26.72 0 0.475644 1780.94 788.38 67.16 28.80 0 0.466164 1523.94 788.29 73.36 30.99 0 0.449594 1112.29 791.14 63.68 29.47 0 0.412052 322.61 875.47 59.47 35.14 0
392,0.616408 527.92 657.52 57.59 26.20 0 0.614734 301.93 637.52 59.32 27.22 0 0.559512 301.21 634.26 56.44 24.49 0 0.554037 1579.32 251.17 47.27 20.72 0 0.540800 587.44 736.97 62.52 31.39 0 0.527434 1798.37 152.47 46.35 27.67 0 0.484180 1816.16 226.51 47.70 25.64 0 0.474655 1831.97 799.30 54.79 24.48 0 0.455677 1643.49 252.31 48.19 21.68 0 0.451025 1773.39 80.87 41.98 21.83 0 0.433408 1001.98 711.36 45.48 21.73 0 0.431939 1763.25 38.75 45.96 22.48 0 0.418932 1768.75 62.43 43.77 21.67 0 0.383478 1780.27 114.92 46.00 24.43 0 0.377273 1852.54 6.98 50.41 27.98 0 0.377237 1874.28 54.94 41.92 23.34 0 0.373785 1643.01 226.51 47.45 26.35 0 0.365958 1902.45 129.01 17.55 29.17 0 0.359682 1756.83 33.29 48.04 24.28 0 0.352319 1813.38 200.03 46.16 25.35 0 0.350766 1820.73 232.71 48.26 26.70 0 0.345438 1802.07 158.36 43.28 27.97 0 0.318977 1778.62 108.84 46.92 24.70 0 0.317737 1896.29 104.65 23.71 22.02 0 0.308141 1867.21 42.23 42.29 23.55 0 0.295777 989.51 708.17 48.18 25.97 0 0.292883 1898.86 805.29 20.86 25.97 0 0.288999 1808.61 184.04 43.77 24.97 0 0.269752 1631.76 195.42 49.93 23.70 0 0.254329 1846.52 4.46 50.28 25.63 0
393,0.425777 123.50 24.84 94.20 59.86 0 0.359197 384.59 362.84 99.72 78.53 0 0.303942 799.80 622.40 134.87 81.27 0 0.281700 169.44 213.02 87.24 63.86 0 0.265182 168.84 222.26 93.90 67.20 0
394,
395,0.257122 1391.61 1042.93 38.24 22.07 0 0.251262 1212.35 1001.05 40.53 25.84 1
396,0.539370 735.56 642.65 103.96 136.49 0 0.464034 1117.12 387.94 156.35 111.86 0 0.425667 859.54 656.79 117.49 166.77 0 0.405826 1414.92 254.67 118.87 88.18 0 0.398641 1530.26 217.84 82.67 56.54 0 0.381099 1746.67 359.33 70.58 66.05 0 0.377455 1293.07 307.83 125.40 94.39 0 0.319354 1287.66 324.15 113.01 79.24 0 0.273732 1118.87 415.40 142.41 85.43 0 0.271079 1400.06 273.42 118.00 73.05 0
397,0.385089 883.01 973.56 33.54 80.13 0
398,0.565755 1059.77 330.96 204.94 83.13 1 0.554224 1613.01 344.76 148.58 55.25 0 0.550822 1463.36 347.18 134.20 56.05 0 0.536022 1283.07 337.77 175.55 68.42 0 0.404791 896.17 365.98 112.33 58.02 0 0.393406 420.21 764.68 34.30 46.57 2 0.291725 1048.64 338.31 171.35 75.79 1 0.288984 314.91 501.91 77.66 37.83 0 0.272967 70.00 508.73 113.51 53.08 0
399,0.483899 0.00 193.84 30.54 39.65 0 0.475145 204.08 0.00 50.49 21.18 0 0.456366 516.99 76.07 33.89 38.53 0 0.433364 85.63 547.74 14.36 15.75 2 0.348020 530.32 80.46 30.12 50.10 0 0.302904 184.37 577.48 14.77 14.79 2 0.296286 149.09 581.84 15.46 17.17 2 0.292632 909.06 612.67 15.32 12.47 2 0.276250 118.96 633.11 10.14 12.84 2 0.264734 520.08 74.91 35.50 48.73 0
400,0.630706 997.52 616.17 71.70 24.48 0 0.614182 1315.19 627.82 65.96 26.93 0 0.601954 1480.03 634.91 68.93 28.18 0 0.593413 1394.92 628.41 73.62 32.15 0 0.535072 1082.99 616.70 61.92 25.59 0 0.522874 756.69 599.43 70.90 30.14 0 0.496582 1240.16 624.53 62.83 27.12 0 0.465957 922.28 609.37 60.62 25.34 0 0.438224 1162.62 619.45 60.37 27.99 0
401,0.651012 1209.11 490.74 45.64 111.98 1 0.607962 1083.37 319.62 31.82 51.00 1 0.569327 1048.81 614.72 36.36 58.29 0 0.557130 1065.34 471.14 26.51 50.74 0 0.511961 1085.73 282.14 26.60 32.80 0 0.500015 571.67 595.06 60.19 34.25 0 0.487968 1089.31 223.34 26.77 49.99 0 0.426265 813.40 188.05 35.02 27.86 0 0.396603 716.66 87.46 41.59 30.30 1 0.396326 816.41 160.91 43.23 30.45 0 0.384347 1099.70 148.50 23.91 35.53 0 0.383224 844.66 3.08 39.55 24.19 0 0.350958 720.64 92.34 39.92 33.69 1 0.337964 1220.85 338.46 49.83 45.64 1 0.329680 1098.21 197.45 22.81 42.49 0 0.319470 1223.12 349.47 45.89 31.88 1
402,0.694863 1213.83 743.52 25.21 54.35 0 0.678320 1150.95 740.61 27.56 60.66 0 0.658875 1245.38 863.97 25.84 52.24 0 0.648113 1275.89 861.31 25.71 55.34 0 0.634358 1287.75 740.64 25.95 56.63 0 0.628260 1146.52 662.20 27.59 55.31 0 0.602479 1246.43 744.70 28.22 61.04 0 0.596714 1264.46 969.12 49.47 26.80 0 0.592906 478.22 584.35 29.94 61.64 0 0.580745 1248.98 665.18 24.67 55.09 0 0.576317 957.41 669.57 26.16 54.99 0 0.554445 533.75 461.33 23.95 55.03 0 0.541307 1020.89 671.26 25.70 54.91 0 0.538591 1056.47 750.55 27.41 56.67 0 0.537960 1022.23 749.58 26.17 58.57 0 0.534111 1112.88 665.27 28.58 55.31 0 0.526355 404.81 463.77 28.60 54.72 0 0.524351 1324.94 740.99 25.65 52.19 0 0.521930 499.87 463.60 24.01 50.01 0 0.520695 1121.57 873.33 60.07 24.39 0 0.515810 618.47 577.94 27.45 62.73 0 0.507415 1089.53 746.36 27.73 60.83 0 0.498879 1178.55 665.26 24.33 54.16 0 0.495152 1214.05 666.21 25.62 54.39 0 0.481648 1184.99 740.97 26.20 57.27 0 0.463467 1279.48 666.67 25.70 53.11 0 0.457659 1054.93 665.97 26.35 55.96 0 0.456074 463.91 461.15 29.77 55.58 0 0.429075 924.31 673.08 26.07 52.62 0 0.426339 421.18 776.60 29.74 56.33 0 0.423537 992.68 666.38 25.93 53.73 0 0.413080 391.92 778.69 28.47 60.25 0 0.407802 772.12 951.54 53.45 26.34 0 0.391371 1208.89 862.30 29.31 48.91 0 0.377768 893.54 672.44 25.93 60.60 0 0.375018 362.54 782.26 27.85 58.17 0 0.359247 1069.35 304.51 44.42 40.03 3 0.354327 1072.64 339.39 49.69 61.35 0 0.354135 1282.48 1009.76 59.63 27.79 0 0.344998 441.74 589.19 29.30 59.42 0 0.333098 781.40 1025.35 48.40 26.58 0 0.332944 1053.95 865.39 56.76 27.04 0 0.329032 872.31 756.96 28.59 59.31 0 0.316002 347.37 343.74 32.39 58.63 0 0.302635 909.91 296.27 34.00 62.11 1 0.299438 928.77 367.37 36.84 50.54 0 0.253562 911.41 299.21 33.17 58.15 0 0.251767 1076.97 545.79 24.58 58.10 1
403,0.510168 590.48 958.67 32.87 69.73 0 0.383857 635.09 647.16 30.05 59.17 0 0.337835 671.54 341.47 22.02 41.90 0 0.292664 686.83 187.77 23.65 37.00 0
404,0.613607 1511.81 231.18 49.20 25.43 0 0.546662 788.73 824.55 52.76 28.01 0 0.546609 1838.43 872.75 69.96 30.49 0 0.492297 113.81 701.34 62.61 28.24 0 0.486124 1771.48 105.52 44.12 23.11 0 0.474340 1864.41 204.49 43.84 21.87 0 0.470739 1647.90 65.76 44.06 20.92 0 0.464079 1680.47 178.65 46.02 23.50 0 0.456038 828.62 772.48 56.96 27.53 0 0.456026 1768.67 867.57 51.24 27.21 0 0.451821 1792.46 180.67 46.15 24.41 0 0.449014 1749.45 865.84 53.30 28.78 0 0.447785 1681.97 199.52 46.87 21.90 0 0.446206 1797.30 206.73 50.57 23.06 0 0.445422 1658.85 105.47 41.58 22.77 0 0.437310 1696.87 254.87 46.53 23.31 0 0.434714 1800.32 212.42 48.88 23.78 0 0.434545 1698.94 273.70 53.93 25.65 0 0.427837 1801.90 38.27 48.14 24.92 0 0.425156 1669.78 858.29 65.98 30.45 0 0.420208 1836.32 305.24 47.08 23.61 0 0.419273 1789.34 152.52 46.61 22.13 0 0.417134 1704.77 276.34 47.12 28.20 0 0.416432 1767.14 80.91 43.85 21.04 0 0.403176 345.88 722.32 64.08 28.29 0 0.401901 1746.01 34.84 39.77 23.01 0 0.398505 1892.47 275.40 26.71 22.28 0 0.391597 1823.60 85.85 49.20 24.38 0 0.390106 1654.74 76.78 42.56 21.71 0 0.388115 1632.59 37.14 45.43 19.51 0 0.387096 1450.51 285.11 51.16 24.37 0 0.380905 1759.98 67.95 42.28 23.17 0 0.376174 1688.27 203.28 42.05 23.64 0 0.373529 1828.43 870.66 72.14 34.37 0 0.368960 1680.80 186.06 49.52 24.85 0 0.367907 1666.66 137.66 43.05 21.95 0 0.357290 1659.62 83.08 41.89 23.95 0 0.355730 1639.75 39.06 46.33 23.82 0 0.344425 1829.21 277.08 45.62 20.20 0 0.341703 1694.75 229.17 42.11 22.59 0 0.329320 1668.61 147.86 44.30 24.17 0 0.325636 1660.81 111.75 40.85 24.52 0 0.323650 1579.41 13.17 39.15 21.22 0 0.322532 1737.48 10.70 43.06 22.77 0 0.321814 1757.69 56.89 44.01 21.44 0 0.320635 1826.07 244.47 43.28 24.86 0 0.306112 1826.22 255.16 43.82 24.02 0 0.304418 1837.51 129.17 41.46 21.88 0 0.302807 1522.24 288.53 47.82 25.76 0 0.302801 1863.12 179.49 41.67 20.02 0 0.302524 1845.84 150.57 44.73 22.75 0 0.288462 1892.20 247.62 27.80 21.25 0 0.279814 1870.26 219.38 42.30 26.25 0 0.273841 1778.18 134.05 46.12 20.69 0 0.270937 1519.75 272.97 49.01 27.65 0 0.262697 1835.22 114.12 41.66 20.86 0
405,0.604641 979.73 344.71 47.67 28.53 0 0.583192 1027.37 513.84 51.32 33.40 0 0.548340 984.13 341.21 45.37 28.53 0 0.543708 856.58 524.98 56.57 35.23 0 0.539917 1214.58 326.93 43.57 28.73 0 0.534275 950.33 398.07 50.20 30.88 0 0.527446 953.21 387.74 53.18 29.92 0 0.521980 1113.64 370.11 47.01 27.14 0 0.508638 904.33 462.13 51.88 32.05 0 0.503071 1024.46 274.46 42.09 23.57 0 0.489529 1233.95 276.94 50.13 26.42 0 0.487031 981.95 225.74 39.18 23.22 0 0.482690 998.75 320.91 47.26 26.86 0 0.481939 1101.14 389.04 49.18 29.08 0 0.470827 1072.82 584.93 49.83 30.66 0 0.469869 998.05 581.89 44.61 27.94 0 0.466061 1050.33 634.03 47.34 29.67 0 0.463406 970.30 365.49 48.27 29.41 0 0.458204 974.11 636.01 47.44 29.57 0 0.454779 983.00 604.94 46.45 30.16 0 0.451840 918.16 439.20 50.54 30.12 0 0.447284 1106.21 376.48 45.32 25.98 0 0.443613 662.03 493.78 45.02 28.88 0 0.442117 1071.55 444.36 51.19 29.13 0 0.441367 1039.87 485.39 50.50 32.12 0 0.424513 868.60 510.35 56.39 37.69 0 0.415395 1102.40 528.37 54.77 31.86 0 0.411534 1011.39 299.55 45.52 25.19 0 0.411220 888.72 485.13 52.55 31.69 0 0.403164 1154.65 295.88 44.08 26.34 0 0.400853 1122.57 346.89 44.27 23.34 0 0.395573 1013.94 559.83 54.87 30.33 0 0.393683 1098.56 535.28 47.86 33.92 0 0.392831 700.13 432.98 45.54 26.59 0 0.389066 1159.84 421.02 48.41 31.55 0 0.383212 1135.04 468.38 45.00 29.70 0 0.382710 1138.70 321.26 47.50 25.22 0 0.375572 1344.29 304.43 28.00 20.33 3 0.373789 1007.54 304.39 42.75 23.44 0 0.373757 1128.28 495.31 46.64 29.67 0 0.370477 958.10 375.00 51.98 28.73 0 0.369851 667.50 474.09 45.30 27.41 0 0.367884 592.80 469.38 45.73 25.40 0 0.366276 882.20 496.77 52.96 28.35 0 0.359493 1212.15 334.12 44.30 28.36 0 0.357462 1125.60 342.66 49.00 24.64 0 0.356923 1033.85 490.46 51.29 30.81 0 0.355008 1045.43 253.49 43.70 21.19 0 0.353118 1008.57 562.04 47.60 31.67 0 0.348516 1168.71 258.78 47.35 24.53 0 0.335035 1017.96 201.08 40.07 23.07 0 0.330803 1059.43 459.67 49.32 28.93 0 0.330531 1062.50 610.85 47.31 28.46 0 0.326450 1116.73 511.20 51.01 32.57 0 0.322062 1165.48 267.61 49.55 28.06 0 0.321454 1084.64 556.00 44.38 31.62 0 0.320618 875.04 503.83 54.83 30.90 0 0.311327 1083.75 413.15 51.20 30.32 0 0.310398 1297.46 397.80 29.59 17.29 3 0.308931 1076.72 424.58 48.84 27.55 0 0.306190 1036.72 257.55 41.07 20.88 0 0.305378 988.18 224.15 43.66 25.43 0 0.298176 1176.00 393.64 48.12 29.21 0 0.297853 1122.88 503.37 49.75 29.38 0 0.295990 852.60 533.45 56.93 36.52 0 0.291552 1053.87 469.32 47.42 29.96 0 0.268199 940.06 398.68 49.43 29.74 0 0.261053 1119.31 367.52 49.17 25.69 0 0.259674 1030.39 268.28 43.84 23.41 0 0.259203 1002.28 579.46 53.24 29.79 0
406,0.658280 328.87 219.36 43.24 91.44 0 0.651368 722.75 426.49 43.01 83.07 0 0.622308 682.33 421.69 40.93 83.27 0 0.616121 762.16 220.59 40.93 82.82 0 0.603600 454.77 216.71 43.34 89.62 0 0.600561 803.27 115.67 34.81 72.51 0 0.599650 888.13 120.63 34.84 75.68 0 0.598131 499.19 215.95 41.76 90.55 0 0.589966 758.61 107.84 37.47 77.12 0 0.585217 978.09 209.05 39.70 74.64 0 0.584625 374.37 222.46 38.69 87.02 0 0.578918 930.07 203.96 41.95 83.33 0 0.577555 810.16 413.51 44.49 88.08 0 0.574867 975.87 109.88 36.11 72.54 0 0.572092 944.68 426.80 36.68 75.70 0 0.570999 467.40 429.63 38.39 80.90 0 0.568871 511.26 418.31 37.51 82.46 0 0.564474 855.90 426.21 37.93 75.59 0 0.560334 1025.96 212.20 39.21 77.94 0 0.553944 422.88 437.25 38.73 81.74 0 0.553585 547.65 215.91 38.68 83.53 0 0.550885 588.84 220.16 37.97 80.66 0 0.550850 630.74 219.58 40.76 84.31 0 0.549763 953.59 727.06 45.94 89.82 0 0.548653 640.19 427.98 38.68 76.68 0 0.547503 277.11 125.12 47.62 80.07 0 0.547432 1044.08 723.60 38.98 84.83 0 0.544413 1087.17 720.63 36.91 82.23 0 0.542914 552.37 420.86 40.77 81.99 0 0.541626 409.93 120.87 39.59 82.02 0 0.535465 984.51 426.56 45.33 77.10 0 0.531952 715.27 214.46 43.48 87.66 0 0.529119 852.06 212.82 37.54 87.14 0 0.528858 1015.55 104.78 35.92 77.40 0 0.524498 543.71 117.72 34.02 72.12 0 0.524397 1027.18 429.37 40.37 76.48 0 0.523912 930.36 107.57 37.19 76.99 0 0.523605 338.84 430.55 41.30 88.69 0 0.523374 898.70 422.91 37.77 74.69 0 0.522655 388.38 538.55 38.81 84.34 0 0.521654 1071.23 207.60 32.45 74.87 0 0.509480 674.31 216.57 40.76 92.31 0 0.508186 297.93 529.99 41.54 81.17 0 0.501541 384.62 429.22 41.06 88.88 0 0.500654 281.84 227.32 45.59 83.60 0 0.489947 627.47 121.51 43.37 76.60 0 0.476740 294.77 430.70 40.99 84.52 0 0.476105 670.13 123.81 41.70 76.28 0 0.471165 1090.99 838.16 35.70 74.15 0 0.463638 416.91 217.53 37.37 85.58 0 0.460718 341.35 531.04 43.95 78.36 0 0.460000 809.35 212.94 37.11 92.94 0 0.443254 713.39 112.75 34.85 85.96 0 0.440668 368.43 123.59 38.70 78.23 0 0.431821 837.76 114.37 40.29 78.10 0 0.431381 582.62 116.79 35.79 72.91 0 0.381339 596.87 422.57 44.40 82.08 0 0.356771 847.14 116.71 33.19 78.58 0 0.351655 455.80 953.98 38.23 70.18 0 0.341446 1329.53 210.92 42.93 114.99 1 0.279810 247.76 0.00 41.56 14.73 3 0.260301 235.39 0.00 40.82 16.72 3
407,
408,0.635255 1799.46 261.71 25.15 46.81 0 0.634391 1652.00 418.05 25.75 49.91 0 0.615469 1748.82 263.20 26.10 48.39 0 0.592950 1820.43 359.76 26.60 46.98 0 0.578623 1777.82 262.36 24.05 47.07 0 0.562318 1827.46 263.78 25.91 47.16 0 0.558601 1720.52 264.39 25.53 48.85 0 0.542252 1623.31 423.63 24.56 45.14 0 0.539310 1681.98 411.92 24.50 50.29 0 0.530369 1568.44 264.98 24.48 43.88 0 0.527613 1763.77 421.14 31.33 47.70 0 0.526518 1868.83 263.31 29.38 43.24 0 0.515796 1786.64 416.72 29.63 49.15 0 0.493811 1873.80 415.48 24.57 49.16 0 0.491026 1647.64 267.73 22.80 45.88 0 0.490515 1710.40 364.53 23.91 41.52 0 0.484283 1874.35 364.80 25.92 43.24 0 0.482499 1842.69 414.00 25.25 48.89 0 0.471349 1017.46 1017.51 61.01 31.72 0 0.467935 1851.35 362.67 25.16 44.87 0 0.464924 1593.29 420.21 28.63 47.55 0 0.463463 1575.78 370.84 26.63 42.35 0 0.459205 928.53 595.00 26.40 55.10 0 0.446321 943.45 251.07 25.56 54.23 0 0.440420 1683.01 367.08 24.59 43.05 0 0.438494 1461.68 96.56 24.73 36.44 0 0.435077 1606.61 369.86 22.16 41.62 0 0.434723 1852.01 264.21 27.30 45.54 0 0.431132 1767.89 416.66 33.34 53.29 0 0.429203 1543.79 267.10 22.89 42.74 0 0.429163 1734.78 420.89 25.74 48.23 0 0.423445 1821.25 413.24 28.57 51.81 0 0.421976 1676.81 265.68 23.95 47.92 0 0.415215 1706.50 415.24 25.29 48.64 0 0.413298 1625.65 267.60 21.19 45.87 0 0.413206 1550.34 372.05 30.17 45.05 0 0.410476 934.48 465.93 23.12 46.22 0 0.407920 1633.25 368.83 24.67 43.56 0 0.404054 1481.26 142.27 29.39 36.39 0 0.394962 1747.28 367.99 25.09 38.48 0 0.394957 1771.62 364.13 25.80 42.59 0 0.370463 1016.99 661.81 51.09 22.40 0 0.361883 1797.49 360.54 24.84 44.88 0 0.349025 1598.92 264.34 23.15 45.55 0 0.344019 1896.16 365.41 21.73 43.68 0 0.334596 1543.04 135.52 27.52 36.44 0 0.327129 1895.73 260.10 22.59 45.77 0 0.306124 942.27 216.04 26.23 56.45 0 0.300772 1014.92 632.86 50.19 22.90 0 0.300216 941.13 236.76 28.06 65.14 0 0.298429 1486.14 139.65 29.72 36.09 0 0.265464 1732.63 364.66 25.72 39.86 0 0.259850 1025.30 580.63 45.22 27.62 0
409,0.647227 562.38 529.20 78.32 33.66 0 0.606397 462.22 528.23 87.79 33.19 0 0.603473 363.75 525.45 82.44 32.06 0 0.603201 843.97 543.57 82.98 37.00 0 0.602840 659.89 536.33 76.97 35.33 0 0.582123 174.96 511.13 87.96 40.62 0 0.569780 938.41 548.58 88.08 38.16 0 0.563335 755.68 536.29 76.12 36.14 0 0.487163 1040.02 549.64 82.40 33.28 0
410,0.494602 707.66 988.49 44.62 89.09 1 0.451792 775.16 693.35 39.50 87.26 1 0.414024 767.35 89.41 26.93 17.24 0 0.361320 779.14 695.21 34.80 76.36 0 0.280220 798.31 149.35 28.53 26.42 0 0.271744 292.62 282.98 23.15 15.93 0 0.250488 771.01 688.53 41.29 114.39 1
411,0.473961 771.64 321.40 34.95 31.75 0 0.416596 737.37 245.81 30.85 31.87 0 0.390703 718.18 202.19 34.18 26.15 0 0.306214 799.99 405.68 32.28 58.82 0 0.292036 758.59 281.66 33.32 27.22 0 0.256411 761.08 292.40 34.68 25.83 0
412,0.559927 687.76 578.03 29.23 64.00 0 0.506678 948.62 817.32 28.85 60.10 0 0.502330 1100.15 817.41 25.87 59.25 0 0.495211 1126.11 821.08 28.79 58.05 0 0.484403 749.19 641.26 36.54 66.94 0 0.474369 591.35 779.40 84.51 169.84 1 0.469683 909.90 811.48 34.26 67.18 0 0.469060 1038.39 833.31 28.95 49.59 0 0.417891 655.64 657.08 30.73 50.74 0 0.415237 718.03 578.55 31.44 64.34 0 0.362383 695.76 651.91 23.93 47.54 0 0.336323 12.66 1018.58 60.09 31.92 0 0.334730 754.11 578.74 30.60 63.70 0 0.276637 693.64 617.99 24.79 69.06 0 0.274953 653.99 577.62 32.95 70.08 0 0.269042 595.82 807.94 73.91 133.03 1 0.267677 568.47 752.83 38.80 32.29 0
413,0.411440 648.44 547.56 81.32 42.19 1 0.266747 319.91 521.86 29.47 18.64 0
414,0.527247 412.34 707.36 23.11 19.61 0 0.502816 287.76 688.18 24.57 19.33 0 0.436776 525.96 722.26 23.22 26.31 0 0.411190 836.76 556.84 18.93 31.90 0 0.393236 797.46 580.79 36.06 46.26 1 0.384797 330.54 691.88 27.85 21.66 0 0.381378 354.18 692.78 22.72 24.14 0 0.328226 607.52 734.04 18.88 22.03 0 0.320694 790.23 584.77 41.07 46.77 1 0.300914 957.25 617.42 24.82 21.90 0 0.300344 223.65 712.25 29.12 18.06 0 0.266144 868.30 559.09 17.81 27.00 0 0.258740 881.02 564.40 20.08 25.28 0
415,0.578575 1040.01 349.19 45.08 69.19 0 0.570834 48.49 433.93 44.23 65.82 0 0.552065 264.96 629.01 45.66 72.45 0 0.540385 100.08 291.45 44.15 58.39 0 0.511525 301.32 452.18 44.07 62.09 0 0.478600 377.95 105.08 27.69 38.14 0 0.473656 222.05 3.64 30.70 41.73 0 0.468914 184.53 84.58 37.00 47.71 0 0.462522 399.44 22.11 28.26 39.63 0 0.445019 1268.76 575.16 54.62 69.84 0 0.438543 281.83 529.00 45.13 68.57 0 0.434882 153.90 177.45 33.52 47.17 0 0.394452 358.88 200.45 29.14 46.13 0 0.392692 0.00 608.23 27.12 76.70 0 0.298247 329.13 321.99 36.99 61.18 1
416,0.627004 1158.62 579.32 76.00 30.71 0 0.597987 1332.85 586.67 75.17 30.47 0 0.578299 754.79 563.94 66.66 25.94 0 0.575810 1247.92 585.55 73.03 29.01 0 0.545794 586.34 549.12 74.33 35.02 0 0.538910 835.88 570.13 70.42 25.18 0 0.470124 1083.11 576.39 65.47 27.89 0 0.447714 921.05 570.81 66.50 28.93 0 0.395074 1000.61 572.67 64.04 26.39 0
417,0.550988 870.28 551.19 76.38 35.73 1
418,0.720543 839.11 576.76 24.44 54.81 0 0.699418 790.64 717.01 26.34 52.57 0 0.682999 601.21 541.04 22.74 51.33 0 0.672812 915.78 702.85 26.05 55.30 0 0.668892 688.62 594.04 24.94 50.38 0 0.660043 597.43 738.95 28.63 53.95 0 0.649248 569.82 608.29 26.53 54.53 0 0.642459 1046.60 562.45 24.77 50.35 0 0.621637 697.32 721.70 27.44 54.90 0 0.613515 599.89 808.73 28.92 63.28 0 0.609492 776.71 529.13 25.63 48.99 0 0.608818 664.18 726.24 26.95 58.36 0 0.599570 869.63 578.62 24.40 53.27 0 0.592799 1009.52 696.84 24.78 54.13 0 0.587239 601.71 606.28 24.01 55.37 0 0.586750 720.56 590.09 23.17 50.91 0 0.582607 720.84 527.83 24.49 49.20 0 0.581196 1071.83 694.81 25.01 52.06 0 0.580037 566.08 741.25 26.66 52.18 0 0.579494 811.33 581.39 23.60 51.22 0 0.577839 1794.29 706.11 42.43 56.50 0 0.572420 1767.44 639.49 42.42 57.11 0 0.557340 929.50 575.79 27.63 55.95 0 0.557178 984.25 561.89 25.46 52.71 0 0.556641 1109.95 906.91 32.00 70.86 0 0.549371 1073.38 555.61 26.18 49.23 0 0.547355 892.84 516.56 21.47 48.94 0 0.545358 820.09 711.69 26.59 57.71 0 0.540195 629.43 540.01 24.67 49.36 0 0.539940 1714.42 514.97 39.05 53.45 0 0.539776 724.76 715.57 27.05 56.94 0 0.539464 1034.15 504.52 20.83 46.02 0 0.537483 1005.77 506.52 21.16 43.98 0 0.536995 976.41 505.76 24.21 46.35 0 0.534038 830.49 522.56 25.00 48.30 0 0.526794 853.71 711.17 27.77 56.97 0 0.526027 862.77 517.87 23.29 47.82 0 0.518120 748.26 526.78 21.67 45.73 0 0.516049 1832.02 777.49 38.74 59.65 0 0.511649 535.67 739.31 27.14 59.47 0 0.505996 945.44 701.69 25.94 54.49 0 0.505739 1043.92 912.49 32.84 72.49 0 0.505112 976.47 700.75 24.82 49.43 0 0.504385 751.25 592.45 24.33 50.17 0 0.500180 564.07 810.04 29.31 59.29 0 0.497974 900.42 581.08 26.51 52.19 0 0.492445 539.64 546.21 29.45 48.94 0 0.489727 1016.73 563.29 25.72 49.61 0 0.482837 756.61 720.13 27.74 54.97 0 0.479987 527.66 810.77 28.22 63.36 0 0.477041 536.19 612.23 28.54 50.34 0 0.476112 1145.77 901.64 30.10 60.80 0 0.475545 1163.06 991.37 31.88 65.79 0 0.471618 1527.97 296.77 42.01 27.44 0 0.461956 633.28 735.90 26.31 57.35 0 0.432907 660.57 595.60 25.56 50.85 0 0.425517 1040.82 697.47 26.00 54.13 0 0.404712 920.84 514.69 24.43 48.13 0 0.400734 1440.21 82.43 37.18 19.04 0 0.396085 1826.37 771.56 40.67 62.37 0 0.390035 806.72 528.58 24.56 47.47 0 0.349202 1251.19 540.24 24.24 51.14 1 0.349141 1517.53 295.94 39.39 25.76 0 0.338245 1773.66 313.72 33.23 31.44 0 0.328826 1626.44 310.89 22.69 36.17 0 0.310762 630.58 601.98 23.02 52.22 0 0.307152 1512.88 280.86 40.80 20.70 0 0.301855 1530.76 341.21 41.89 23.29 0 0.300249 949.09 514.43 25.31 48.98 0 0.298857 1800.01 713.83 38.82 51.34 0 0.297833 1520.23 283.54 45.25 22.90 0 0.283378 1392.26 0.00 41.69 13.50 0
419,0.554447 251.44 79.20 48.00 23.23 0 0.547843 471.39 5.26 42.33 26.47 0 0.512427 32.22 265.16 58.97 36.94 0 0.485836 2.14 279.67 52.82 35.07 0 0.428853 35.78 462.90 13.64 19.52 2 0.420154 36.79 61.13 48.03 27.13 0 0.418810 546.54 163.57 34.68 51.35 0 0.391024 90.76 37.04 55.79 35.51 1 0.350268 251.79 631.14 14.53 21.62 2 0.334126 239.17 0.92 40.14 24.90 0 0.297129 195.78 663.31 17.08 15.42 2 0.277733 472.47 15.62 53.27 27.33 0 0.256664 472.43 9.03 46.42 27.51 0 0.256544 232.96 675.21 15.04 18.25 2 0.253097 147.05 633.78 18.56 19.31 2
420,0.445250 411.89 423.78 263.83 134.43 0 0.387853 803.51 464.94 272.12 121.87 0 0.366460 836.36 461.70 273.45 141.10 0 0.271634 454.74 418.21 244.91 131.41 0
421,0.495200 1621.40 763.73 68.78 28.95 0 0.462334 885.68 760.36 64.08 27.75 0 0.368833 1868.03 760.27 51.97 30.83 0 0.315689 1211.79 766.55 60.46 27.78 0 0.288154 390.96 338.75 31.80 32.16 0 0.271176 643.62 1044.36 95.44 33.22 0
422,0.532251 863.03 399.21 251.45 107.83 0 0.473891 531.46 400.81 245.80 99.37 0 0.393229 184.67 374.16 267.15 116.79 0 0.361575 1421.50 406.63 252.93 102.78 0 0.352857 846.83 409.51 225.02 89.68 0 0.268697 0.00 382.03 146.16 101.80 0 0.263332 235.22 374.27 263.98 129.87 0 0.253922 1380.79 409.59 247.04 97.73 0
423,0.551475 1175.83 756.82 25.89 55.81 0 0.490999 1244.12 163.79 40.90 22.22 0 0.457249 1141.86 830.91 30.85 60.16 0 0.435856 1248.65 199.51 29.91 21.34 0 0.424318 792.84 1021.01 54.51 27.11 0 0.396741 782.30 953.35 57.89 28.12 0 0.391320 808.52 656.31 31.77 62.21 1 0.375728 1482.12 0.00 39.28 18.67 0 0.349976 1317.25 451.20 54.27 24.56 0 0.321802 1369.95 40.30 18.43 27.65 0 0.300134 1339.75 115.79 26.18 17.86 0 0.296483 1275.98 41.20 21.40 30.41 0 0.293272 1342.21 131.02 25.31 17.78 0 0.267128 1340.90 41.96 22.46 25.02 0 0.260546 1276.63 49.41 24.02 29.90 0 0.256688 1411.40 34.17 20.09 35.05 0
424,0.393729 1058.80 441.64 249.27 95.72 0 0.371793 162.96 419.45 266.73 101.40 0 0.327643 652.84 411.42 193.72 80.33 0 0.272609 120.32 7.12 21.53 32.60 0 0.253084 640.58 410.95 239.29 118.02 0
425,0.643296 753.99 490.89 54.44 26.44 0 0.625351 977.04 393.73 52.89 27.08 0 0.577635 661.47 558.78 63.24 25.25 0 0.572898 745.10 564.80 54.56 27.55 0 0.564471 950.00 561.19 50.72 24.83 0 0.557049 1189.12 204.46 50.09 23.33 0 0.524233 1001.49 224.09 46.12 21.41 0 0.521311 958.13 535.98 45.68 26.87 0 0.495309 1122.23 297.69 47.49 24.80 0 0.493951 1105.17 474.56 47.90 26.34 0 0.491822 997.83 251.27 45.56 22.26 0 0.485771 1169.93 496.74 50.27 26.12 0 0.484946 999.13 300.40 47.37 23.51 0 0.475475 1178.37 365.87 50.23 26.43 0 0.464575 1125.74 203.43 48.70 25.55 0 0.452679 1185.85 323.77 47.43 23.09 0 0.447919 747.12 539.25 54.06 27.07 0 0.438002 1187.75 257.43 46.34 24.70 0 0.437208 1173.82 468.36 52.99 26.56 0 0.436804 992.73 325.04 48.57 26.31 0 0.433146 1125.05 272.00 45.99 23.99 0 0.431780 972.30 461.43 50.50 31.69 0 0.420740 983.10 367.25 46.84 26.43 0 0.418738 1296.83 200.06 22.90 21.86 3 0.416144 1122.44 324.10 48.68 26.20 0 0.408872 1110.75 548.73 47.83 24.30 0 0.386723 1124.81 229.57 47.52 25.46 0 0.384778 940.20 223.94 42.42 21.01 0 0.371993 1188.35 434.26 45.74 25.36 0 0.360669 1123.67 244.98 46.56 24.65 0 0.357636 1114.82 369.05 49.64 28.90 0 0.357327 1117.43 339.32 52.31 26.20 0 0.353074 970.52 485.76 48.34 27.96 0 0.349961 954.04 186.65 42.12 21.29 0 0.349747 1298.26 322.18 23.01 22.18 3 0.349434 1123.46 199.12 51.97 26.39 0 0.349290 1185.40 349.96 46.11 23.99 0 0.347692 1115.36 402.28 48.85 22.15 0 0.345305 1109.86 444.43 51.97 26.97 0 0.343222 1184.64 531.75 49.02 30.19 0 0.337923 967.37 505.75 46.62 26.55 0 0.328929 1114.78 519.85 46.21 28.52 0 0.324435 1104.89 602.50 53.02 25.90 0 0.323286 1112.88 421.44 49.56 24.41 0 0.312882 975.24 439.34 52.27 28.53 0 0.308009 1175.26 579.80 53.14 27.15 0 0.304899 1172.79 492.15 48.80 26.94 0 0.300767 988.75 342.93 44.04 26.18 0 0.298570 1188.51 233.18 45.31 21.66 0 0.277864 1187.24 425.55 43.97 23.48 0 0.271761 949.04 201.94 43.68 19.63 0 0.266660 1125.81 280.41 45.20 23.05 0 0.266336 1123.42 251.51 49.35 24.60 0 0.264362 1300.35 296.31 20.02 20.51 3 0.260955 1183.83 520.22 47.18 28.63 0 0.260851 1105.84 582.55 52.02 27.89 0 0.252861 998.93 277.61 44.82 19.34 0
426,0.319782 1714.51 460.12 38.94 22.60 0 0.289862 574.69 944.12 57.67 103.20 0 0.256182 757.54 504.02 32.55 51.46 1
427,0.510590 492.18 779.81 59.50 27.90 0 0.501658 1097.91 627.51 26.42 56.39 0 0.493201 1096.81 557.28 27.13 55.76 0 0.460859 725.23 991.72 68.62 34.83 0 0.361343 107.50 527.17 32.92 45.28 0 0.360473 878.25 998.83 53.95 31.38 0 0.287647 255.25 572.59 45.90 36.13 0
428,0.703598 906.76 377.51 26.91 58.80 0 0.677977 907.13 740.00 25.66 55.88 0 0.672765 869.93 302.94 25.40 54.66 0 0.665601 1003.72 491.54 26.02 56.37 0 0.664943 1001.14 295.08 25.45 59.40 0 0.663492 573.53 729.01 25.57 53.88 0 0.617717 745.04 304.23 25.95 54.20 0 0.616315 646.08 317.49 25.64 56.59 0 0.611883 809.70 302.48 28.99 59.47 0 0.600767 1034.50 497.62 23.29 53.00 0 0.586535 148.00 114.34 29.41 57.60 0 0.577578 811.37 383.96 27.66 58.04 0 0.572514 938.85 378.62 25.64 55.75 0 0.572266 240.95 109.64 27.05 58.07 0 0.571832 205.94 111.09 29.27 57.38 0 0.570762 1004.91 378.23 26.50 58.33 0 0.570307 1033.95 297.09 23.17 57.24 0 0.561606 831.80 722.15 26.76 55.41 0 0.560919 864.68 734.04 31.09 65.08 0 0.549047 934.31 297.20 26.54 58.39 0 0.548559 723.63 719.20 28.32 61.97 0 0.548046 847.13 381.32 28.61 63.51 0 0.544950 627.55 405.90 28.66 55.28 0 0.544132 709.00 307.72 27.27 54.43 0 0.540603 679.05 313.40 27.17 54.75 0 0.522202 73.59 441.28 33.73 59.54 0 0.518102 1079.89 372.05 24.74 56.71 0 0.516218 113.29 435.67 27.51 57.56 0 0.510954 276.46 107.04 30.11 59.10 0 0.501236 226.73 239.28 30.99 60.47 0 0.499499 1044.97 370.52 25.81 58.56 0 0.486450 143.64 433.41 26.56 57.42 0 0.483136 774.66 304.67 27.72 58.10 0 0.481792 187.95 242.42 30.37 60.96 0 0.477616 966.89 297.24 26.34 57.98 0 0.470088 1048.35 638.20 59.52 31.61 0 0.470037 592.12 410.04 26.92 54.84 0 0.469858 777.22 389.75 28.04 61.53 0 0.467172 901.31 297.25 28.30 59.02 0 0.459706 654.83 722.99 28.71 54.43 0 0.451773 967.80 493.89 29.13 54.45 0 0.450497 606.25 731.34 27.69 48.20 0 0.442862 139.19 0.00 23.71 50.13 0 0.430992 834.96 721.94 29.72 59.26 0 0.398099 83.80 0.00 36.44 58.36 0 0.386835 555.31 122.92 30.54 66.89 0 0.385860 534.59 724.30 27.67 59.99 0 0.359302 366.53 224.43 33.05 61.42 0 0.347422 818.62 0.00 51.27 35.99 0 0.341788 799.50 726.37 28.90 50.74 0 0.299582 971.32 380.44 26.25 54.64 0 0.297499 1028.89 599.26 57.51 28.49 0 0.279282 813.58 499.21 53.71 28.60 0 0.269748 825.29 179.74 28.74 60.19 0 0.266939 666.86 14.62 31.68 46.83 0 0.255790 850.63 380.37 30.69 69.08 0 0.255693 548.28 667.27 53.02 28.96 0 0.254174 611.89 728.76 28.13 49.55 0
429,0.425853 248.92 430.13 244.74 112.04 0 0.383281 961.85 426.59 263.54 125.30 0 0.373207 60.49 464.87 146.27 63.77 0
430,0.660534 1563.06 570.81 37.73 68.09 1 0.640238 1574.64 732.57 43.96 59.85 0 0.512199 631.69 0.00 71.33 32.03 0 0.495921 1668.14 758.03 44.34 48.22 0 0.494821 1512.43 604.88 38.04 57.58 0 0.485119 209.59 986.41 32.42 60.16 0 0.478770 55.33 170.59 51.39 31.88 0 0.475583 210.11 77.82 56.72 26.57 0 0.471615 222.13 123.01 56.33 30.45 0 0.470545 485.07 23.99 54.00 36.31 0 0.469503 212.17 82.32 53.98 28.56 0 0.466442 472.73 579.57 57.07 37.45 0 0.460463 54.15 575.40 41.99 64.94 0 0.443140 358.39 5.13 60.36 37.51 0 0.441230 755.69 117.87 32.62 54.27 0 0.430524 523.96 554.52 61.38 34.60 0 0.429570 5.29 61.09 70.18 33.95 0 0.417139 8.85 53.64 63.37 34.56 0 0.410516 262.91 998.20 29.31 60.37 0 0.409134 603.60 526.34 61.05 32.99 0 0.403900 492.75 731.73 51.08 35.10 0 0.399709 10.35 483.66 36.40 59.71 0 0.394847 1644.20 981.70 43.14 38.39 0 0.394382 197.00 42.01 50.02 26.12 0 0.389432 362.66 55.89 78.42 40.85 0 0.388914 203.38 55.40 50.59 25.39 0 0.385559 290.22 0.00 57.01 30.78 0 0.385468 496.99 724.49 50.95 38.74 0 0.383763 551.05 704.32 63.84 42.63 0 0.381543 1377.56 804.30 59.18 35.95 0 0.379604 1608.27 920.42 53.67 41.91 0 0.376059 55.76 125.69 48.19 31.50 0 0.376057 1477.36 546.58 38.94 59.61 0 0.370630 78.47 215.20 54.19 35.19 0 0.370094 51.17 151.42 47.23 29.90 0 0.368512 427.28 753.90 52.04 38.05 0 0.359292 1582.60 865.35 65.82 58.21 1 0.357755 1458.89 994.54 51.57 37.74 0 0.355400 797.81 213.00 39.05 49.29 0 0.355241 1541.71 664.63 36.60 56.92 0 0.349878 1590.96 864.63 60.21 73.56 1 0.347525 1444.00 988.43 58.60 40.48 0 0.347152 820.13 269.01 35.38 49.41 0 0.345654 261.59 989.98 26.97 62.49 0 0.343457 2.80 29.75 57.25 31.59 0 0.342156 485.72 734.86 50.99 34.92 0 0.338529 617.44 682.27 57.78 30.22 0 0.335330 118.61 8.72 60.66 35.25 0 0.331400 749.06 630.38 47.70 31.09 0 0.331104 1310.27 856.08 40.61 67.27 0 0.328354 1482.69 549.54 39.17 59.06 0 0.320827 148.71 61.33 43.66 28.00 0 0.319555 398.21 613.34 57.82 31.17 0 0.319293 1208.41 444.64 42.32 29.00 0 0.318500 1166.27 1001.11 58.44 50.78 0 0.316795 1324.06 682.11 50.82 28.25 0 0.314548 740.06 638.98 45.94 31.51 0 0.311413 1401.10 873.89 59.38 37.34 0 0.310934 419.33 761.34 56.62 33.74 0 0.309822 302.03 823.81 61.69 38.87 0 0.306410 403.39 603.81 55.78 32.99 0 0.305842 1328.06 708.51 52.84 30.81 0 0.304239 114.14 0.00 61.65 26.88 0 0.300310 114.89 0.00 59.76 34.32 0 0.297815 1654.09 738.47 52.65 61.14 0 0.297378 1473.38 1034.22 62.01 41.67 0 0.294198 360.54 24.37 62.54 34.61 0 0.289150 1137.65 474.16 48.56 31.06 0 0.286623 1426.38 952.13 64.99 33.06 0 0.285715 623.13 676.36 63.93 33.04 0 0.285259 70.40 171.47 48.24 31.75 0 0.282817 1529.71 746.92 55.34 46.60 0 0.282274 1582.08 862.14 63.76 58.11 0 0.279834 1438.69 577.35 36.99 28.44 0 0.279338 673.12 507.70 37.34 27.76 0 0.279223 803.72 602.26 66.15 35.08 0 0.276672 221.46 111.75 55.20 29.71 0 0.272736 1522.47 756.86 54.17 35.61 0 0.269882 217.79 104.03 56.48 26.98 0 0.269303 79.84 971.00 48.23 50.24 0 0.262017 1309.00 646.63 55.06 32.73 0 0.262003 520.40 557.35 66.68 39.21 0 0.255974 361.23 0.00 58.41 22.86 0 0.250081 364.83 35.99 69.23 34.64 0
431,0.706184 1115.41 389.44 32.20 54.89 1 0.522480 1120.83 299.51 26.19 37.04 0 0.505531 1117.99 345.40 27.08 38.44 0 0.487670 1088.64 548.95 30.46 57.09 0 0.483973 569.15 673.47 68.73 35.23 0 0.432621 1241.99 576.47 48.76 121.07 1 0.429783 874.44 52.95 37.53 19.34 0 0.422225 833.30 237.24 37.31 32.03 0 0.418444 441.34 695.04 13.70 19.31 2 0.370635 1263.81 424.60 68.27 36.06 1 0.353328 1133.22 198.87 27.21 41.93 0 0.350071 1130.58 255.99 23.12 42.14 0 0.349760 836.43 209.95 44.67 33.62 0
432,0.670060 1028.75 445.82 34.64 70.56 1 0.554010 517.28 832.46 41.57 70.59 1 0.511802 1343.16 909.94 68.53 30.03 0 0.481222 970.24 755.43 29.67 62.87 0 0.473551 908.71 718.22 28.96 66.14 0 0.460340 579.64 836.14 41.00 68.99 1 0.458118 666.00 920.15 77.28 38.76 0 0.430252 844.54 826.43 27.97 28.46 3 0.398442 267.38 927.41 70.96 35.42 0 0.371619 847.75 724.27 27.15 22.55 3 0.348165 847.04 778.05 28.10 19.90 3 0.326031 565.72 723.16 53.94 30.22 0 0.313122 978.38 1047.34 31.27 20.40 3 0.312650 618.39 837.97 37.25 68.48 0 0.304605 904.89 615.29 29.09 55.84 0 0.276127 918.32 971.23 64.78 47.76 0 0.263390 1010.76 19.12 27.84 44.67 0
433,0.597668 1274.63 438.37 256.61 112.10 0 0.523011 969.34 440.01 246.02 105.32 0 0.428920 1795.95 486.63 112.38 49.06 0 0.348693 606.70 414.61 284.01 126.37 0 0.347855 660.76 409.71 272.83 131.23 0 0.343952 1848.41 491.29 71.55 54.68 0
434,0.502623 844.41 476.52 23.76 51.04 0 0.469597 829.25 898.19 33.01 65.68 0 0.364903 278.89 41.83 27.44 38.02 0 0.328515 338.53 81.40 21.45 42.04 0
435,0.611150 592.21 605.69 37.73 43.72 0 0.509167 1184.62 694.57 27.34 36.47 0 0.483020 1110.48 513.26 32.99 44.80 0 0.477012 563.50 568.01 45.46 50.25 0 0.469790 1046.08 545.64 37.29 43.04 0 0.464621 1196.41 683.77 25.94 39.64 0 0.459494 1225.07 702.98 28.65 46.12 0 0.455539 1092.78 759.94 43.42 48.23 0 0.443491 1166.63 653.92 27.17 39.15 0 0.431043 620.05 623.54 41.52 42.43 0 0.428793 985.09 504.62 35.46 47.17 0 0.427026 995.65 502.80 35.63 46.70 0 0.426339 1120.45 606.75 27.87 43.25 0 0.413729 1150.20 666.97 30.36 39.21 0 0.410786 708.75 701.28 42.41 48.99 0 0.406690 1244.26 621.65 33.08 38.21 0 0.401334 997.47 388.08 37.58 52.76 0 0.399797 1127.18 646.37 30.12 34.17 0 0.394647 1034.89 550.77 38.41 44.17 0 0.394351 690.82 2.20 51.26 48.41 0 0.392811 1169.38 384.11 42.13 55.90 0 0.384715 554.00 565.26 51.14 55.10 0 0.383740 817.63 853.62 47.02 43.99 0 0.383357 1187.22 582.81 35.45 38.60 0 0.380789 1016.62 877.78 46.37 44.08 0 0.380348 881.90 399.55 29.30 35.63 0 0.380206 1214.57 596.21 34.93 39.34 0 0.378154 625.18 528.48 38.27 36.70 0 0.375638 943.85 608.79 48.33 42.16 0 0.373254 473.26 64.95 38.72 47.05 0 0.370872 436.72 42.15 36.53 47.59 0 0.370548 1175.01 161.76 57.32 26.63 0 0.363842 1079.44 602.56 31.93 39.85 0 0.362766 777.17 793.83 53.63 48.86 0 0.360552 987.33 392.54 37.64 52.48 0 0.353345 1196.25 690.00 27.54 43.70 0 0.352411 938.03 364.85 32.46 48.18 0 0.346040 1076.58 455.13 36.93 45.25 0 0.342659 1121.52 510.39 38.95 49.24 0 0.340546 667.30 471.18 44.25 33.43 0 0.338813 959.69 359.49 37.85 55.11 0 0.337628 1142.40 625.90 28.40 36.66 0 0.334493 1305.16 254.05 59.82 31.25 0 0.333696 1217.29 99.97 46.97 37.01 0 0.332416 1095.95 586.15 28.33 47.25 0 0.331534 862.50 415.61 42.23 36.39 0 0.328023 834.43 393.22 32.16 33.66 0 0.326014 1050.24 716.44 37.24 41.61 0 0.325624 995.35 666.21 41.23 36.47 0 0.321917 1077.25 744.73 46.68 54.51 0 0.318558 1140.54 530.07 35.80 47.02 0 0.315435 1130.65 525.11 36.96 49.08 0 0.314694 1098.18 598.92 33.32 47.47 0 0.314507 826.55 845.59 40.44 43.22 0 0.312783 1172.76 546.23 33.48 38.03 0 0.312724 975.62 381.22 37.75 54.78 0 0.310253 1027.35 416.56 35.12 44.79 0 0.309344 1023.54 835.67 48.88 32.79 0 0.308655 497.98 86.01 39.82 44.09 0 0.307688 654.02 506.39 41.68 33.10 0 0.305365 632.67 532.39 40.92 42.17 0 0.303577 1102.24 614.89 29.80 42.23 0 0.302108 994.98 395.72 37.69 50.64 0 0.301167 784.92 825.47 61.38 44.53 0 0.297734 756.88 761.40 47.85 43.20 0 0.296749 1070.46 464.60 36.44 47.41 0 0.296616 968.25 373.25 35.50 50.05 0 0.294681 445.86 35.70 36.63 47.13 0 0.293227 519.26 101.25 41.02 38.70 0 0.286862 819.45 842.80 51.24 52.74 0 0.285334 1030.55 841.79 48.91 39.12 0 0.283922 1023.74 529.67 33.60 46.85 0 0.273280 1124.61 616.19 32.98 47.87 0 0.269526 1251.29 615.46 31.32 36.95 0 0.262359 1199.73 561.94 37.88 33.86 0 0.261452 1006.42 522.41 36.17 52.08 0 0.260668 1017.93 510.42 31.58 45.41 0 0.259627 666.99 472.40 49.94 40.34 0 0.257543 491.38 75.22 43.14 50.82 0 0.257018 1210.93 592.09 40.74 38.03 0 0.256746 1062.04 478.15 32.92 36.02 0
436,0.670879 731.94 359.86 117.97 60.41 0 0.661978 245.62 427.36 140.58 75.02 0 0.576440 1044.45 686.75 153.84 81.35 0 0.573673 1209.01 281.76 88.53 54.49 0 0.554277 408.63 403.37 122.18 65.71 0 0.552896 534.96 773.76 157.53 104.42 0 0.550807 699.34 678.47 150.16 91.31 0 0.542108 596.69 993.12 157.08 86.88 0 0.533415 660.83 528.17 145.66 79.57 0 0.531426 1116.46 790.67 149.48 100.70 0 0.529824 505.28 605.75 151.63 81.50 0 0.491188 732.17 807.68 167.07 93.89 0 0.490228 585.29 365.93 98.86 72.31 0 0.479948 135.18 803.75 169.02 94.48 0 0.471710 1023.11 614.57 147.98 80.67 0 0.463991 1198.06 953.20 169.02 117.79 0 0.451846 1152.08 865.00 171.43 103.46 0 0.419460 111.41 442.35 132.64 66.10 0 0.400606 101.61 961.23 205.98 115.42 0 0.387539 0.83 723.36 103.64 63.05 0 0.384185 114.50 871.08 187.84 91.22 0 0.382493 125.49 879.64 183.82 105.27 0 0.375173 0.00 779.93 117.90 101.24 1 0.371238 168.70 725.69 143.21 88.55 0 0.344520 97.92 984.85 203.51 95.15 0 0.338793 35.40 682.72 59.11 42.36 3 0.327131 0.05 456.61 53.21 70.37 0 0.321076 83.61 507.31 115.20 63.52 0 0.319854 110.34 939.15 201.75 112.63 0 0.316080 1152.66 880.50 139.40 90.19 0 0.306377 1027.48 626.43 155.14 79.29 0 0.296632 142.38 741.67 150.54 83.62 0 0.289552 155.91 691.06 150.89 75.28 0 0.287206 648.89 492.19 128.47 71.13 0 0.277959 1034.20 664.03 157.51 82.58 0 0.274152 2.05 799.00 111.95 86.33 1 0.273311 165.39 681.35 163.29 78.66 0 0.270683 131.84 857.74 173.61 86.22 0 0.264064 44.93 679.30 54.93 42.35 3 0.264048 1057.91 675.25 155.18 85.27 0 0.262689 654.72 506.52 129.60 89.60 0 0.257988 108.03 911.96 184.83 109.98 0 0.255283 161.13 697.54 156.79 96.35 0 0.254488 88.81 1009.36 234.53 70.64 0
437,0.385110 673.53 640.49 37.67 26.18 0
438,0.653353 1746.88 459.72 133.35 49.90 0 0.650864 1347.84 456.98 107.07 46.55 0 0.625602 1229.99 724.43 58.23 37.29 3 0.601582 239.84 458.05 111.91 53.73 0 0.576318 1534.10 612.10 153.33 94.59 1 0.570807 1476.24 458.85 111.06 47.17 0 0.566750 1219.11 510.36 126.41 59.93 0 0.546472 608.92 416.63 42.33 24.48 3 0.545208 1619.64 458.69 117.65 48.56 0 0.520100 4.34 453.32 110.19 62.54 0 0.499995 69.14 593.48 135.34 55.64 0 0.474298 220.63 587.08 137.92 58.78 0 0.454823 209.43 254.07 61.96 40.18 0 0.438418 1704.75 736.05 49.82 52.28 3 0.433799 1229.76 732.46 60.03 39.15 3 0.429094 5.40 355.27 63.32 39.57 0 0.428873 619.91 374.78 37.68 22.18 3 0.424276 604.18 842.15 30.53 63.88 3 0.422023 78.14 261.89 38.75 35.10 0 0.400619 639.66 340.62 34.72 22.52 3 0.394233 604.28 419.11 40.65 26.26 3 0.386503 165.19 356.48 57.24 45.66 0 0.381167 75.63 254.30 35.23 42.16 0 0.370495 124.14 254.74 37.00 41.58 0 0.333286 61.85 358.34 34.22 35.41 0 0.298171 1764.64 741.86 42.95 57.95 3 0.291847 489.54 971.39 85.84 108.61 0 0.289995 1239.57 457.22 25.84 29.97 3 0.265270 956.37 1.43 23.46 31.09 0
439,0.561629 1794.58 730.44 64.84 25.23 0 0.539974 1388.17 727.75 63.21 29.26 0 0.486306 1081.20 726.10 58.12 24.80 0
440,0.545781 847.90 878.04 69.83 33.70 0 0.540690 661.57 824.00 65.43 32.34 0 0.519874 606.19 1018.49 80.22 37.96 0 0.513735 967.96 1029.99 72.08 36.62 0 0.447159 20.97 592.64 22.55 41.14 0 0.440966 207.16 583.92 30.85 52.15 0 0.420549 197.79 875.13 62.85 35.22 0 0.418782 1262.42 656.10 33.86 48.85 0 0.403281 0.00 587.08 18.60 46.04 0 0.356372 365.16 590.80 32.65 49.27 0 0.354515 402.24 619.96 39.39 38.62 0 0.326282 707.91 632.77 49.37 34.35 0 0.322680 1246.99 655.39 30.53 46.78 0 0.294669 234.72 590.53 27.80 50.28 0 0.283723 1252.68 572.57 33.45 63.26 1
441,0.512086 0.00 422.16 268.66 137.09 0 0.467015 734.39 430.17 249.43 119.77 0 0.341756 460.76 469.50 260.20 126.69 0 0.251563 510.15 462.36 259.18 160.91 0
442,0.616155 357.30 700.88 56.38 26.24 0 0.593349 121.69 655.55 28.39 54.69 0 0.581038 43.23 655.52 34.90 61.91 0 0.541596 0.00 662.54 31.79 64.47 0 0.517440 153.91 651.26 36.18 61.86 0 0.502529 798.92 511.77 65.36 33.25 0 0.488308 673.06 312.27 23.17 32.97 0 0.480560 794.23 425.09 22.92 45.26 0 0.461187 642.48 420.62 26.64 50.78 0 0.452853 352.94 704.76 59.88 26.99 0 0.445291 847.11 424.83 23.73 41.24 0 0.417923 820.66 426.93 21.02 41.18 0 0.413806 579.30 306.90 19.35 40.03 0 0.387794 894.14 433.89 25.98 31.46 0 0.350378 539.01 543.79 53.80 29.06 0 0.341590 633.17 271.48 44.81 27.37 0 0.340186 605.60 362.02 17.58 38.49 0 0.296050 622.85 231.06 30.66 17.96 0 0.273486 1553.72 0.00 24.06 12.41 0 0.268024 940.83 776.82 18.68 36.43 1
443,0.723382 1246.12 528.54 71.08 33.74 1
444,0.594176 519.48 721.44 73.84 39.44 0 0.542503 824.09 652.53 69.90 40.42 0 0.523238 783.14 761.24 69.22 32.84 0 0.515817 1123.51 552.78 65.92 35.03 0 0.508741 560.12 654.81 64.58 40.89 0 0.493623 849.00 553.77 69.34 38.40 0 0.491311 440.91 939.08 76.29 43.16 0 0.490774 580.82 550.50 60.77 34.38 0 0.483071 747.69 867.55 72.44 42.64 0 0.477943 799.77 725.35 61.65 37.37 0 0.470226 1141.69 486.16 63.15 34.95 0 0.460293 533.30 967.71 70.76 40.33 0 0.459773 588.92 783.95 66.51 34.83 0 0.459433 809.02 1012.45 60.64 36.76 0 0.456926 683.48 541.27 65.31 37.50 0 0.454293 1147.67 454.76 63.84 32.13 0 0.452341 565.68 626.21 62.28 32.39 0 0.449516 583.21 820.97 65.48 39.89 0 0.440510 481.27 833.41 69.23 39.54 0 0.437463 845.27 588.34 62.97 36.03 0 0.427712 811.09 153.46 96.42 46.76 1 0.426232 739.50 343.24 64.04 33.16 0 0.423436 605.73 747.28 64.20 38.82 0 0.422262 711.83 445.06 54.68 33.94 0 0.419831 628.18 423.47 61.67 32.28 0 0.416959 648.11 354.92 43.63 24.49 3 0.416751 893.60 455.62 57.45 29.11 0 0.409028 539.15 932.01 71.75 40.67 0 0.407910 707.22 1013.48 68.59 41.12 0 0.403494 726.66 409.30 52.41 30.29 0 0.403036 878.26 488.57 60.70 35.27 0 0.392000 768.46 794.37 67.93 41.54 0 0.381779 735.79 378.77 63.75 31.10 0 0.377452 757.19 830.48 71.47 34.30 0 0.375974 409.54 712.10 22.40 26.54 3 0.375015 559.02 891.97 72.98 40.58 0 0.369136 716.46 985.50 68.04 39.67 0 0.368645 831.30 965.17 66.71 44.79 0 0.341100 674.69 578.16 60.61 32.09 0 0.340865 616.39 490.46 61.26 36.77 0 0.331463 807.75 689.94 67.39 34.39 0 0.331377 734.25 943.14 69.29 41.59 0 0.330712 865.99 519.19 58.96 35.16 0 0.328143 1239.82 482.00 63.09 30.17 0 0.323842 640.63 392.82 58.75 30.99 0 0.321545 578.93 587.62 60.28 34.94 0 0.320988 900.78 426.74 61.82 31.48 0 0.320240 645.75 638.51 64.61 35.47 3 0.316696 1121.54 543.86 67.52 36.90 0 0.315902 343.14 0.00 57.14 41.41 0 0.310578 1143.61 450.75 66.86 30.79 0 0.307304 621.00 705.16 65.14 41.35 0 0.300499 640.72 91.44 25.33 18.07 3 0.293051 474.50 870.33 72.43 39.07 0 0.283048 566.58 858.21 70.52 40.69 0 0.282690 740.43 906.91 71.04 40.03 0 0.280465 779.30 1044.96 75.14 35.04 0 0.266847 314.04 950.13 32.24 16.88 3 0.265237 650.38 602.72 62.52 37.44 3 0.262955 897.68 436.53 59.28 34.65 0 0.260817 648.60 627.00 63.13 40.01 3 0.259179 1238.29 475.71 60.80 28.06 0 0.256158 651.04 652.47 58.19 33.03 3 0.254901 647.64 363.44 50.35 24.66 3
445,0.555526 608.00 420.98 126.38 55.42 0 0.545944 0.00 426.19 124.67 54.36 0 0.271705 859.82 440.29 104.54 48.43 0 0.266047 3.80 432.15 111.33 55.32 0
446,0.576299 757.58 165.49 66.76 62.58 0 0.556755 709.71 505.71 72.47 73.03 0 0.541221 881.14 641.04 77.62 79.81 0 0.527009 452.56 561.14 66.27 66.69 0 0.517595 809.30 585.53 78.60 83.75 0 0.516525 394.16 512.23 66.08 71.39 0 0.514713 597.34 399.02 74.71 72.59 0 0.497795 803.27 864.36 81.01 84.18 0 0.496644 1150.61 732.03 62.14 61.88 0 0.489268 905.49 671.74 78.86 86.80 0 0.488007 414.30 528.70 81.06 69.44 0 0.487962 906.29 955.63 76.58 81.20 0 0.485836 656.94 458.78 69.41 75.05 0 0.480226 641.09 728.99 75.17 71.33 0 0.478083 695.30 921.54 74.17 86.14 0 0.477527 973.38 726.69 76.06 81.88 0 0.477318 483.88 584.76 69.76 75.35 0 0.475715 1049.64 786.02 77.71 77.44 0 0.473958 710.81 782.14 78.44 80.08 0 0.473614 1114.62 697.87 62.79 66.39 0 0.471785 817.49 208.18 61.60 66.99 0 0.466329 407.76 667.29 66.94 79.91 0 0.465460 785.54 561.45 75.48 78.33 0 0.461439 576.66 667.69 81.45 74.75 0 0.453926 809.09 1014.32 74.99 65.68 0 0.453638 601.89 829.69 80.76 77.27 0 0.452821 609.95 691.68 76.14 68.58 0 0.452211 567.11 810.92 75.41 71.75 0 0.451547 775.14 844.12 68.87 80.69 0 0.446126 498.21 751.22 73.53 77.13 0 0.443230 625.78 430.00 79.15 75.16 0 0.442194 380.49 645.36 69.67 68.72 0 0.439862 1068.82 808.83 82.48 73.99 0 0.436501 851.63 616.77 72.00 80.27 0 0.430434 682.92 485.13 84.33 76.05 0 0.429856 553.61 640.19 69.91 78.08 0 0.427029 351.19 628.09 70.94 59.46 0 0.425508 1178.06 768.01 66.93 79.61 0 0.425069 1076.34 816.90 76.19 79.75 0 0.423611 723.67 153.12 54.48 58.93 0 0.422491 540.05 790.53 70.77 67.43 0 0.421329 603.52 402.99 79.71 84.61 0 0.420726 481.28 713.10 71.99 69.17 0 0.417544 944.93 1002.23 74.12 69.38 0 0.417207 878.97 926.05 77.53 77.15 0 0.415456 734.49 807.08 82.43 79.56 0 0.414930 1111.80 848.66 64.73 74.98 0 0.405556 790.24 569.14 79.32 82.64 0 0.404571 642.00 856.40 79.53 82.52 0 0.404529 672.18 746.50 85.38 85.05 0 0.402435 1019.60 758.68 63.42 75.75 0 0.394674 794.00 76.00 67.90 58.10 0 0.390982 742.52 814.46 79.68 86.85 0 0.390281 924.60 691.83 77.43 80.39 0 0.390084 692.09 500.78 85.60 73.85 0 0.389407 424.97 545.11 82.12 71.48 0 0.388027 668.17 907.20 72.85 73.01 0 0.380895 573.14 380.83 78.02 71.78 0 0.377207 993.69 1016.36 62.88 63.64 0 0.377036 1145.60 745.60 67.12 65.51 0 0.374642 931.08 700.17 76.55 80.92 0 0.374074 840.94 612.14 71.87 78.05 0 0.369334 1125.03 840.30 59.05 63.74 0 0.363806 212.49 330.07 67.37 79.10 1 0.363261 452.10 686.04 72.74 74.99 0 0.362826 405.37 521.37 79.01 73.69 0 0.362080 392.45 651.65 71.60 82.51 0 0.360887 1057.81 793.16 80.31 79.65 0 0.349966 833.31 896.72 83.28 78.00 0 0.349144 547.49 798.70 79.62 75.52 0 0.346707 1166.56 776.71 71.67 75.84 0 0.346706 1125.61 692.44 51.65 61.03 0 0.344019 562.36 635.99 63.06 68.25 0 0.340260 707.06 771.75 72.50 72.49 0 0.336966 884.63 648.64 78.26 91.03 0 0.335864 465.21 687.55 69.99 75.78 0 0.330595 665.65 477.21 68.73 73.53 0 0.330133 845.95 906.08 77.13 81.54 0 0.327310 979.26 1016.51 67.22 63.49 0 0.324694 897.83 941.18 82.22 84.40 0 0.323909 713.61 923.17 59.61 74.30 0 0.321362 488.87 723.90 70.82 80.20 0 0.316455 582.20 388.81 81.47 80.73 0 0.311488 652.12 738.42 89.34 79.18 0 0.310239 1162.42 728.05 55.02 60.20 0 0.309177 458.10 568.59 69.15 65.32 0 0.300725 566.38 652.53 75.95 82.76 0 0.297017 778.30 854.86 83.35 79.16 0 0.295885 621.63 702.18 73.74 79.21 0 0.294757 17.71 539.82 40.38 36.45 3 0.294629 822.45 882.80 87.08 76.67 0 0.291896 618.63 837.71 69.41 75.87 0 0.289925 432.90 674.69 77.37 83.47 0 0.288598 472.98 698.81 76.29 78.59 0 0.288354 1187.74 758.62 58.00 79.33 0 0.278215 680.41 764.25 92.70 79.08 0 0.270157 938.14 711.80 87.88 74.29 0 0.268831 899.29 675.66 75.64 73.42 0 0.267656 360.43 613.36 65.44 59.15 0 0.266425 677.77 914.59 85.66 88.67 0 0.261473 815.21 1023.44 89.07 56.56 0 0.255733 649.40 851.24 63.65 65.02 0 0.255150 572.20 373.57 70.71 58.91 0 0.252747 886.12 638.32 59.31 67.16 0
447,
448,0.667597 41.06 522.91 31.11 58.64 0 0.624222 35.90 440.26 32.28 59.62 0 0.602389 71.68 517.78 33.26 62.08 0 0.566342 38.64 689.55 32.31 55.80 0 0.538741 801.72 945.51 31.94 68.72 0 0.535679 42.87 913.85 31.67 65.10 0 0.529657 73.63 910.86 36.40 64.73 0 0.503470 801.77 859.78 31.49 67.85 0 0.501307 812.56 550.65 27.36 66.27 0 0.490794 3.53 517.38 32.08 57.08 0 0.489655 804.93 784.13 30.56 64.85 0 0.478003 3.13 440.81 27.65 58.15 0 0.474855 804.55 707.80 31.88 63.66 0 0.458549 826.00 219.44 28.81 68.95 0 0.447432 1.31 684.46 41.29 64.98 0 0.426966 78.45 994.58 33.45 65.67 0 0.372867 703.47 205.09 41.10 29.11 0 0.353013 704.68 271.49 47.83 26.17 0 0.345358 7.57 687.79 42.60 61.85 0 0.336103 818.76 400.85 23.48 58.10 0 0.307921 0.00 913.77 24.56 70.11 0 0.273242 270.09 529.11 30.92 83.56 1
449,0.619179 116.88 592.40 139.39 65.80 0 0.590922 596.53 814.61 64.26 44.70 3 0.581690 610.03 400.91 44.33 22.98 3 0.578096 1644.12 572.23 137.80 61.04 0 0.561546 1483.28 572.95 131.48 57.97 0 0.523011 1812.81 571.38 107.19 60.80 0 0.497232 577.37 510.05 46.68 33.33 3 0.490230 848.36 382.39 60.11 107.96 1 0.478231 91.13 290.12 63.93 37.84 0 0.475138 602.87 399.40 49.40 28.20 3 0.441790 0.82 821.91 55.75 72.51 0 0.403138 22.88 445.22 72.47 45.73 0 0.396675 82.79 812.12 167.40 73.75 0 0.393760 1756.86 825.83 163.14 108.60 1 0.383387 587.10 461.24 46.16 27.04 3 0.380327 589.56 451.18 47.08 25.41 3 0.372629 0.00 292.20 37.07 45.64 0 0.355539 569.94 505.83 45.17 34.40 3 0.311771 1765.98 824.92 154.02 146.40 1 0.281827 71.74 816.65 138.45 68.22 0 0.270764 603.86 409.68 43.83 25.03 3 0.267826 783.68 434.45 25.50 42.84 3 0.258832 591.44 447.90 52.36 24.85 3 0.251428 0.00 290.68 51.27 46.92 0
450,0.595749 550.42 550.46 76.81 55.91 1 0.352857 192.39 568.81 28.37 15.30 0
451,0.401868 1543.84 719.62 66.64 29.64 0 0.365570 1134.52 837.04 62.25 32.71 0 0.347748 1123.40 838.89 66.16 32.05 0 0.327672 917.29 342.16 26.56 43.75 0 0.321546 1445.61 1008.77 68.77 33.12 0
452,0.567027 1330.61 747.30 73.86 32.44 0 0.556814 1085.94 749.13 63.97 27.48 0 0.556603 108.75 821.92 74.53 32.23 0 0.491648 1826.75 753.77 63.56 29.12 0 0.441663 680.74 750.90 61.56 27.69 0 0.342796 366.32 740.69 59.31 28.42 0 0.300238 101.82 818.72 71.23 33.89 0 0.258441 360.57 743.93 58.47 28.48 0
453,0.528746 1435.62 684.99 26.99 27.93 1 0.261300 1372.88 562.66 30.27 20.58 1
454,0.449188 886.41 440.89 41.69 49.51 0 0.447514 830.64 378.77 54.71 59.89 0 0.423814 801.05 335.33 48.74 62.55 0 0.379522 971.61 541.48 55.71 57.02 0 0.378201 923.98 497.55 52.56 50.94 0 0.354280 1210.46 860.32 48.76 53.09 0 0.337622 932.68 502.04 50.58 60.49 0 0.313810 804.53 335.75 59.37 69.97 0 0.308211 1316.55 682.59 65.01 57.46 1 0.295062 876.78 439.48 43.71 45.80 0 0.274027 1543.69 835.85 58.89 47.56 0 0.270041 863.45 430.65 53.90 42.69 0
455,0.546446 633.30 780.94 64.80 38.11 0 0.545816 827.23 758.14 67.42 36.03 0 0.542097 883.27 585.69 60.83 36.57 0 0.538420 903.30 516.21 62.63 38.67 0 0.522376 471.65 934.17 80.27 41.46 0 0.520991 755.63 978.52 64.72 42.27 0 0.507049 675.28 410.59 55.07 34.65 0 0.498637 1165.22 546.76 68.43 37.21 0 0.483259 580.03 927.16 68.68 37.57 0 0.482546 783.53 901.51 73.95 37.11 0 0.478450 570.92 965.07 70.12 38.08 0 0.477916 507.15 864.49 72.64 36.59 0 0.474314 896.01 545.84 62.34 36.77 0 0.471434 621.64 546.75 59.66 30.67 0 0.463282 942.61 418.91 62.54 33.87 0 0.459283 726.69 532.73 60.23 38.72 0 0.454118 1187.91 487.51 63.63 33.88 0 0.453194 749.84 1013.48 68.00 41.76 0 0.451887 661.98 706.25 68.73 41.49 0 0.451208 520.67 830.31 66.26 35.35 0 0.439720 895.73 539.15 69.55 38.07 0 0.437614 928.16 447.22 68.54 34.69 0 0.437174 810.33 791.49 67.55 35.83 0 0.434933 659.52 477.28 58.86 38.45 0 0.432233 619.28 816.04 66.68 34.75 0 0.432133 1165.80 541.05 73.69 37.33 0 0.429214 684.92 636.43 61.75 35.88 3 0.428471 792.24 863.44 69.51 40.18 0 0.428340 595.97 888.06 74.18 37.23 0 0.421649 825.46 1042.64 64.26 35.57 0 0.419116 1188.21 446.62 68.12 34.15 0 0.416496 780.50 368.73 66.67 39.30 0 0.407943 559.33 719.01 71.64 35.89 0 0.403122 596.88 644.23 68.64 38.13 0 0.393914 803.38 824.32 68.30 39.25 0 0.392960 1282.28 472.73 59.86 30.05 0 0.392290 842.41 719.80 61.88 35.43 0 0.389506 609.97 853.84 70.69 36.77 0 0.384728 850.50 682.37 69.89 38.54 0 0.371341 923.19 480.63 58.94 33.63 0 0.370879 642.21 740.50 71.80 40.88 0 0.358701 865.98 647.27 72.55 38.15 0 0.355173 1191.81 453.99 66.53 32.73 0 0.352951 852.86 1008.04 57.17 34.88 0 0.350576 672.01 676.00 64.42 34.44 0 0.348538 786.06 907.06 73.45 41.24 0 0.343128 431.61 731.37 27.48 19.32 3 0.342002 712.95 571.06 64.13 32.92 0 0.336545 638.86 507.14 60.58 37.76 0 0.330475 854.87 143.41 78.70 44.79 1 0.330354 781.36 337.80 63.43 32.09 0 0.321476 561.04 714.66 66.81 34.29 0 0.315849 699.57 599.58 64.47 38.49 0 0.315552 772.61 938.95 70.54 40.63 0 0.314795 750.42 434.16 61.37 35.97 0 0.312844 421.68 757.04 26.76 17.72 3 0.310621 750.17 1019.68 70.24 44.11 0 0.308730 1284.54 479.33 65.12 32.35 0 0.307471 566.52 681.88 65.79 38.83 0 0.306829 563.28 706.46 63.80 37.18 0 0.305446 735.50 500.56 63.62 33.09 0 0.298087 681.47 382.05 61.83 32.04 0 0.297488 620.66 580.13 56.61 36.67 0 0.292958 870.42 964.40 63.86 43.33 0 0.288829 670.32 674.95 65.43 36.10 3 0.280525 768.19 396.94 51.54 34.94 0 0.268119 897.36 525.78 67.59 43.81 0 0.258666 672.85 453.31 58.41 34.99 0 0.251593 562.99 690.82 66.88 42.86 0
456,0.707930 500.44 778.90 29.47 58.75 0 0.698329 813.74 682.90 27.38 55.20 0 0.687106 903.95 663.18 25.93 49.33 0 0.667207 400.21 796.91 30.03 60.23 0 0.650583 600.50 611.08 25.18 50.89 0 0.642235 592.86 741.04 29.70 53.12 0 0.636598 715.00 578.65 29.76 54.34 0 0.628423 437.72 793.95 29.56 60.55 0 0.625919 688.69 721.36 27.76 52.61 0 0.624694 408.43 870.87 30.05 66.84 0 0.623280 1007.28 847.81 29.38 66.48 0 0.618059 449.51 654.09 27.06 56.05 0 0.610745 437.56 589.72 23.92 51.14 0 0.608006 1600.37 542.00 44.34 53.88 0 0.600292 569.00 616.34 26.18 50.22 0 0.591129 484.74 860.02 31.14 65.65 0 0.584696 723.85 713.85 26.70 55.53 0 0.568973 1034.73 840.52 35.26 63.32 0 0.563385 382.11 667.12 26.15 56.83 0 0.561277 857.05 538.55 25.69 45.40 0 0.559916 508.75 635.28 25.30 52.08 0 0.558837 1637.56 603.64 43.91 54.73 0 0.554551 467.54 788.19 28.27 54.11 0 0.548139 613.41 549.68 28.42 46.98 0 0.547614 698.46 518.91 24.13 47.97 0 0.544626 829.48 542.22 27.38 52.93 0 0.532437 844.68 680.00 25.98 55.37 0 0.530738 889.31 539.68 24.55 46.25 0 0.529934 566.67 747.26 29.25 56.91 0 0.528804 448.20 864.43 27.88 63.78 0 0.524298 1176.44 6.19 48.63 24.94 0 0.523183 554.08 557.15 26.01 52.97 0 0.522813 686.55 584.78 27.55 55.30 0 0.522231 670.32 530.24 24.66 46.76 0 0.518727 1500.01 375.64 37.14 52.29 0 0.515135 630.11 737.19 27.66 54.83 0 0.495797 780.49 692.05 27.64 52.61 0 0.488728 867.45 483.12 21.90 43.47 0 0.485824 1067.93 921.07 32.85 62.72 0 0.483726 891.15 533.26 24.04 47.81 0 0.480382 1566.60 481.11 38.64 59.48 0 0.471438 777.48 567.31 29.56 51.15 0 0.465497 629.26 610.36 24.53 50.47 0 0.464105 942.87 866.33 32.90 69.33 0 0.463428 1080.71 473.12 25.30 63.14 1 0.455533 841.07 486.28 22.32 44.89 0 0.455317 580.73 552.03 24.94 49.14 0 0.454033 1077.64 468.63 36.85 75.02 1 0.451709 727.55 514.11 22.61 49.33 0 0.446680 465.01 584.06 27.43 50.76 0 0.445913 935.43 664.44 24.61 48.60 0 0.439202 416.43 661.82 28.36 56.77 0 0.435273 810.96 490.67 23.35 47.66 0 0.428129 659.87 727.76 27.37 53.81 0 0.426918 370.44 604.06 33.31 55.87 0 0.424530 480.09 642.97 26.84 53.81 0 0.423618 748.58 571.32 27.17 56.61 0 0.420179 535.69 768.29 27.73 59.10 0 0.418128 1287.09 204.42 55.26 27.67 0 0.417247 914.74 520.65 26.44 47.96 0 0.413788 1169.45 9.83 54.07 24.63 0 0.412958 876.25 671.71 25.65 48.03 0 0.403751 783.98 506.03 24.07 47.19 0 0.402454 961.91 162.47 26.01 45.54 0 0.392261 770.59 564.90 31.03 51.71 0 0.372486 1702.05 442.30 42.11 44.06 1 0.371639 1008.80 854.68 31.93 67.90 0 0.359210 640.66 545.87 25.28 43.16 0 0.356129 671.74 540.83 20.98 46.35 0 0.340582 1441.71 286.53 36.81 46.08 0 0.336715 1388.59 195.91 25.47 42.93 0 0.322504 758.32 510.22 25.91 49.47 0 0.316204 536.83 627.55 27.89 57.09 0 0.297954 744.96 510.78 26.70 50.94 0 0.293115 1309.25 235.53 47.94 26.36 0 0.283051 528.82 770.80 31.08 60.58 0 0.255097 739.10 512.78 25.98 51.06 0
457,0.524304 814.42 217.44 24.41 35.78 0 0.441963 859.42 349.69 32.19 34.65 0 0.341798 882.42 448.09 30.48 48.48 0 0.326414 829.57 267.86 28.77 34.37 0 0.275288 845.51 310.84 31.14 29.20 0 0.254533 860.30 357.65 30.14 35.55 0
458,0.514708 687.54 61.57 44.93 31.80 3 0.486979 667.65 95.58 55.08 77.69 0 0.438104 636.07 248.69 56.23 87.86 0 0.324884 655.16 185.04 46.08 61.82 0
459,0.581976 1711.86 46.80 20.97 38.13 0 0.574425 1756.06 47.64 20.37 39.11 0 0.556859 1843.24 122.87 23.65 40.78 0 0.550939 1685.90 47.95 19.44 36.64 0 0.545114 961.46 307.96 19.97 43.83 0 0.538900 1659.17 48.68 22.95 36.75 0 0.533312 1589.20 49.38 23.35 36.90 0 0.533033 1819.20 125.95 21.92 38.99 0 0.517841 1730.61 44.92 20.95 38.14 0 0.503927 1820.30 47.87 21.45 32.91 0 0.501504 1674.31 127.07 22.20 36.82 0 0.500380 1779.51 48.46 19.41 35.37 0 0.497605 1591.07 169.33 24.04 39.52 0 0.484574 1555.91 130.60 19.85 33.93 0 0.477674 1528.60 133.23 22.90 33.73 0 0.472166 1061.72 988.72 68.61 37.96 0 0.467416 1773.29 125.28 19.94 36.19 0 0.453393 1697.38 125.08 21.97 37.79 0 0.436338 967.29 34.27 21.68 48.37 0 0.436330 1042.22 796.34 66.73 33.29 0 0.428132 1652.91 127.51 21.50 35.90 0 0.424283 1703.13 168.57 26.90 37.87 0 0.419561 1750.01 122.24 22.01 38.02 0 0.417680 1800.53 48.37 19.34 34.32 0 0.417552 1565.72 169.20 22.33 39.17 0 0.416962 1038.16 1025.79 76.92 40.19 0 0.414188 1542.12 171.02 22.75 36.62 0 0.409207 942.20 971.20 34.92 70.94 0 0.403375 1756.03 164.26 27.20 40.33 0 0.403158 1846.58 50.81 19.65 32.25 0 0.396401 1553.05 49.40 21.29 34.70 0 0.379195 1607.79 166.58 24.41 37.64 0 0.363992 1796.95 126.43 20.57 37.68 0 0.362977 1506.01 134.24 24.84 32.47 0 0.360963 1587.06 159.63 20.93 36.86 0 0.345991 1517.41 48.87 25.39 36.58 0 0.343926 1790.41 168.04 25.84 38.25 0 0.335417 1632.73 130.16 18.63 32.66 0 0.326362 1637.35 166.51 24.96 38.48 0 0.325709 1872.26 122.90 24.78 36.52 0 0.318505 1606.78 50.17 21.91 37.40 0 0.315858 1527.48 48.26 23.60 35.14 0 0.311627 1683.15 171.92 25.77 36.11 0 0.299152 1583.17 132.22 17.32 30.94 0 0.295719 1062.73 889.92 45.35 31.64 0 0.290348 1890.78 122.66 24.22 36.31 0 0.287050 1074.63 927.79 43.61 31.09 0 0.274915 947.85 652.71 31.02 64.13 0 0.270463 943.13 810.21 30.14 59.63 0 0.266190 1084.48 925.56 38.89 33.02 0 0.261451 1880.89 163.78 31.28 42.05 0 0.260729 965.18 23.46 22.68 56.72 0 0.260148 1169.64 750.51 28.56 23.90 0 0.258675 1035.21 351.45 45.82 23.14 0 0.256483 1754.06 156.51 26.65 42.64 0 0.254155 1655.84 169.57 24.79 36.71 0
460,0.273002 0.00 814.19 160.32 85.69 0
461,0.683446 342.62 57.42 21.48 34.10 0 0.512222 627.41 499.60 148.89 53.47 1 0.447545 571.80 598.11 179.04 70.62 1 0.433721 582.26 577.50 167.72 70.85 1 0.431650 381.34 84.74 33.09 26.23 0 0.363702 305.25 58.57 24.66 34.58 0 0.338421 535.08 528.49 46.59 125.72 1 0.330062 390.72 60.29 29.77 27.15 0 0.326338 44.55 63.78 25.88 39.73 0 0.309889 418.58 49.50 27.56 33.36 0 0.259403 563.66 613.98 202.45 67.82 1
462,
463,0.554095 33.40 342.87 290.46 183.16 1 0.499566 1156.99 424.07 246.56 108.73 0 0.440384 154.76 336.71 282.87 190.01 1 0.385476 521.46 407.85 270.03 119.29 0 0.382696 0.00 375.76 272.42 139.13 1 0.320410 1115.88 435.63 247.53 99.33 0 0.317054 831.91 433.66 241.37 95.83 0 0.307445 1685.65 430.49 234.35 118.09 0 0.282237 875.22 427.56 194.81 91.10 0 0.282120 77.67 328.00 300.82 204.55 1
464,0.567222 1254.23 131.09 45.48 27.44 3 0.564334 1257.09 200.09 38.33 23.84 3 0.560807 1258.75 231.31 41.17 28.32 3 0.552891 1034.09 541.50 103.14 60.02 0 0.538465 883.13 817.38 102.64 61.67 0 0.535066 987.74 76.77 109.55 60.79 0 0.525256 546.15 697.07 114.40 61.74 0 0.518105 534.21 913.79 125.60 70.40 0 0.514114 1039.16 944.05 119.15 60.37 0 0.506864 893.60 887.39 102.34 56.95 0 0.506764 869.48 962.62 134.21 64.84 0 0.502762 35.09 1011.86 133.44 62.59 0 0.499391 546.52 514.38 117.04 59.49 0 0.492966 993.22 359.32 115.70 67.77 0 0.484638 56.79 869.47 128.87 69.19 0 0.484419 410.05 60.24 99.88 54.44 0 0.482919 552.57 333.05 111.54 66.06 0 0.477527 853.92 314.09 111.12 52.88 0 0.477336 1006.26 736.15 109.27 60.02 0 0.473308 852.12 138.58 115.53 65.10 0 0.472985 866.04 484.28 107.27 65.58 0 0.470689 529.48 981.84 129.47 63.05 0 0.465445 432.79 0.00 110.03 60.62 0 0.462160 855.02 554.95 115.35 61.57 0 0.459021 1043.85 868.97 104.77 65.07 0 0.458998 1003.03 242.68 112.69 64.52 0 0.457359 547.61 636.05 118.14 66.79 0 0.456970 558.45 386.62 109.74 65.20 0 0.452999 984.83 27.73 102.78 59.26 0 0.449090 1043.31 801.29 117.83 69.09 0 0.448618 848.71 432.64 105.70 63.73 0 0.445960 551.93 449.96 123.83 67.76 0 0.443805 1030.56 607.59 109.17 62.15 0 0.443218 569.83 267.37 110.73 63.49 0 0.442767 541.73 841.81 118.44 63.49 0 0.441732 1250.07 160.02 47.70 29.01 3 0.432596 851.75 194.97 114.80 57.03 0 0.427931 850.43 623.83 116.26 69.70 0 0.423569 1015.53 670.02 120.78 64.89 0 0.423513 40.28 871.33 97.96 64.37 0 0.422005 840.30 0.00 104.62 44.91 0 0.417333 842.99 35.82 104.89 62.20 0 0.411009 864.83 254.20 103.12 61.38 0 0.408234 557.08 766.46 112.59 67.57 0 0.405415 561.61 157.29 105.81 66.97 0 0.399602 850.18 370.12 111.09 62.79 0 0.398456 994.40 420.35 115.65 64.82 0 0.394193 552.86 102.26 114.08 60.57 0 0.383778 847.13 100.69 106.18 59.22 0 0.380856 923.87 813.05 89.91 64.34 0 0.378226 1015.93 299.26 100.06 64.71 0 0.368488 1001.47 478.58 116.56 57.96 0 0.352894 854.70 689.22 121.04 58.67 0 0.345297 1017.12 287.77 104.82 65.66 0 0.343549 888.14 1036.07 90.80 43.93 0 0.343283 557.04 48.77 110.27 55.98 0 0.342646 565.82 224.94 110.60 63.64 0 0.337097 1051.24 869.86 114.52 55.36 0 0.334964 560.49 5.66 113.84 63.73 0 0.328263 922.04 1034.12 89.72 45.88 0 0.322922 1072.40 941.60 96.13 66.47 0 0.312407 950.74 808.33 57.46 69.22 0 0.257887 863.36 246.57 113.79 56.53 0 0.251998 552.17 459.18 120.04 74.69 0
465,0.721379 1251.56 132.12 45.87 29.34 3 0.603707 1256.72 200.53 45.62 29.00 3 0.546413 527.97 913.22 130.65 69.97 0 0.545314 884.56 817.63 108.91 66.68 0 0.537376 849.29 435.47 110.11 64.30 0 0.536497 1033.23 945.04 126.21 61.20 0 0.535930 58.71 875.08 123.28 65.45 0 0.532799 544.20 698.84 115.80 64.31 0 0.524748 855.17 556.39 103.43 60.26 0 0.520562 873.02 967.42 132.70 62.47 0 0.518847 30.72 1019.88 133.12 59.00 0 0.513525 890.51 890.01 106.37 58.92 0 0.505198 992.29 362.58 116.31 70.37 0 0.504352 539.29 843.00 121.03 63.13 0 0.502480 1036.06 548.58 100.58 57.88 0 0.501919 989.22 77.57 107.74 62.44 0 0.492606 1055.50 872.67 107.70 64.72 0 0.489208 1043.47 803.93 105.84 69.41 0 0.486842 551.84 457.03 116.04 66.94 0 0.483101 1003.02 246.64 116.95 71.47 0 0.481656 561.01 160.87 109.37 66.93 0 0.475874 556.00 337.84 105.45 64.80 0 0.472683 528.97 984.05 129.42 61.83 0 0.471172 1249.71 160.38 48.48 29.96 3 0.466225 412.41 63.68 100.27 57.75 0 0.465848 861.46 494.03 113.94 67.19 0 0.461534 839.65 0.00 107.94 47.70 0 0.460182 544.46 520.05 123.02 58.25 0 0.455052 1257.62 230.66 46.49 31.32 3 0.453152 850.92 141.78 114.45 68.85 0 0.452156 1012.92 675.79 112.55 64.58 0 0.449375 1030.49 610.57 116.02 64.22 0 0.446743 1007.94 741.76 108.83 57.30 0 0.446123 555.87 107.43 107.86 63.16 0 0.438873 1063.85 947.11 101.41 60.28 0 0.437826 1017.26 305.34 100.22 58.28 0 0.437815 547.11 644.80 123.33 65.01 0 0.436089 569.30 270.35 113.03 66.42 0 0.427101 853.38 314.84 115.50 60.25 0 0.426524 564.69 227.85 112.47 60.34 0 0.426361 558.43 389.25 109.50 68.46 0 0.424844 556.33 772.88 110.72 65.76 0 0.424518 421.90 2.74 111.78 62.39 0 0.424097 850.07 198.01 113.31 67.15 0 0.423944 849.86 625.66 119.96 69.03 0 0.412336 849.11 695.66 124.73 54.03 0 0.407882 844.04 45.83 107.63 61.47 0 0.406616 869.40 688.60 110.19 58.43 0 0.402129 998.10 426.11 118.85 61.77 0 0.396517 865.85 259.13 101.69 59.15 0 0.395229 982.63 32.52 103.46 58.55 0 0.391700 39.89 874.74 107.55 72.52 0 0.387074 850.69 373.96 118.66 66.62 0 0.377285 559.18 55.65 105.06 62.25 0 0.355820 562.12 10.30 106.55 67.59 0 0.349129 885.66 1040.55 104.60 39.45 0 0.340560 843.39 101.24 114.40 58.53 0 0.335092 838.63 35.25 107.95 62.90 0 0.330444 903.46 815.99 110.40 63.97 0 0.313384 1004.11 483.26 113.15 56.89 0 0.308614 1255.02 237.44 46.66 29.50 3 0.307331 1249.10 165.92 47.38 28.51 3 0.297533 1028.22 669.08 114.07 56.53 0 0.292473 995.55 380.70 115.51 91.54 0 0.273591 868.63 490.36 105.85 56.71 0 0.271896 945.19 812.11 64.43 63.10 0 0.268525 855.43 196.92 107.97 49.84 0 0.267042 1065.59 807.22 105.44 63.73 0 0.264306 560.41 219.17 115.13 57.78 0 0.262702 898.38 1038.48 114.02 41.52 0
466,0.565627 352.89 411.15 26.41 58.18 0 0.559339 871.36 345.99 58.45 25.64 0 0.519361 1039.05 354.19 55.87 26.19 0 0.506050 946.11 350.16 64.47 27.53 0 0.479843 289.69 409.34 28.41 53.92 0 0.477920 317.39 413.02 28.79 54.09 0 0.445681 1787.52 399.48 59.28 27.29 0 0.401470 807.63 343.11 54.93 30.19 0 0.391893 254.56 402.89 31.03 59.68 0 0.385706 794.76 342.03 60.81 28.14 0 0.363220 475.84 324.34 66.81 31.59 0 0.361565 630.34 335.12 70.16 27.91 0 0.354025 306.81 313.12 69.31 28.54 0 0.327681 1780.53 396.31 61.23 27.48 0 0.257921 303.77 307.23 67.20 28.67 0
467,0.294330 0.00 408.99 176.38 85.94 0
468,0.522904 600.50 574.26 54.15 46.44 1 0.519766 600.54 582.15 57.78 46.89 1 0.435359 220.21 616.95 21.47 15.77 0 0.299910 193.18 608.05 22.28 18.58 0
469,0.481382 457.20 472.98 265.04 125.31 0
470,0.618436 79.42 395.65 236.68 102.17 1 0.453413 416.73 398.01 245.99 113.44 0 0.412274 1382.56 415.54 243.11 105.92 0 0.353033 1652.31 407.51 267.69 108.64 0 0.339339 0.00 378.31 38.78 79.65 0 0.338969 1016.75 406.30 250.56 104.01 0 0.283614 1345.30 411.30 235.38 111.34 0 0.267785 114.76 28.90 28.48 25.21 0 0.262065 356.31 66.42 24.81 13.77 0
471,0.700979 397.51 346.72 36.32 63.99 1 0.644568 123.81 426.34 27.40 51.47 0 0.640548 335.93 807.06 41.90 76.68 0 0.634459 1107.08 422.52 32.81 36.04 0 0.615531 1128.94 463.77 32.87 36.66 0 0.614265 306.16 957.30 37.81 66.43 0 0.597165 168.78 642.65 33.17 49.61 0 0.588973 473.59 885.98 37.62 63.93 0 0.578533 234.56 394.95 29.99 55.54 0 0.560302 447.98 716.64 40.07 61.88 0 0.556495 782.50 821.27 62.33 38.24 0 0.549715 306.11 661.39 36.06 57.59 0 0.542241 420.24 723.96 32.38 60.10 0 0.539608 236.08 986.38 34.14 64.97 0 0.538466 559.43 295.84 53.50 24.24 0 0.536391 408.10 909.04 35.77 64.37 0 0.536093 216.06 531.74 30.56 59.73 0 0.530246 542.83 855.70 40.08 58.26 0 0.528571 419.06 593.42 45.36 84.55 1 0.521759 1154.55 322.00 39.97 23.70 0 0.518291 1176.07 101.72 20.83 31.66 0 0.517373 304.92 506.28 27.71 53.26 0 0.511904 358.01 752.98 30.82 48.72 0 0.505258 324.45 597.14 29.88 49.58 0 0.504300 135.43 650.68 32.70 53.05 0 0.502596 180.71 415.52 30.34 51.67 0 0.502376 326.00 758.81 31.77 52.36 0 0.499562 1130.67 5.22 19.33 28.33 0 0.492370 1106.44 11.16 25.01 28.73 0 0.485338 864.77 784.26 72.97 41.89 1 0.483242 353.31 588.99 30.32 49.06 0 0.477624 16.49 923.73 36.94 68.81 0 0.477194 442.56 896.13 31.13 66.07 0 0.475459 293.84 608.46 30.74 50.85 0 0.473783 389.60 741.73 31.61 53.91 0 0.471376 234.08 850.12 32.00 66.44 0 0.468208 175.95 696.58 35.59 57.92 0 0.463816 1365.06 765.74 62.13 36.61 0 0.463639 61.27 581.70 29.80 54.44 0 0.462513 58.20 913.95 35.24 69.89 0 0.458187 1161.34 318.31 38.08 24.79 0 0.454705 1369.85 968.48 55.85 62.34 0 0.454307 226.90 792.85 32.71 59.77 0 0.445073 156.35 548.54 35.24 63.61 0 0.434792 337.39 500.60 28.36 53.20 0 0.431807 1640.68 672.16 38.09 72.20 1 0.431762 274.32 973.31 30.21 64.39 0 0.430758 1409.33 234.58 30.44 22.73 0 0.430102 1451.54 702.37 42.36 30.44 0 0.426549 1529.58 554.01 44.74 38.48 0 0.425591 1824.66 438.42 50.30 36.30 0 0.425276 272.11 843.37 35.58 64.86 0 0.425025 1773.16 457.00 35.25 31.04 0 0.417495 1645.24 512.60 33.34 32.40 0 0.412299 251.55 530.96 30.28 53.78 0 0.412258 1224.08 726.19 35.47 35.40 0 0.410204 1833.21 434.19 50.46 32.60 0 0.404846 1387.86 290.92 23.88 41.33 0 0.403146 336.07 343.37 33.49 27.48 0 0.399229 395.24 480.04 33.17 56.90 0 0.397794 998.44 477.91 31.26 47.10 0 0.395821 231.34 621.92 30.04 52.04 0 0.395338 385.47 581.75 31.49 54.99 0 0.391992 730.57 253.09 58.35 26.40 0 0.383200 29.87 445.37 34.16 55.74 0 0.376215 1785.73 454.03 34.56 32.70 0 0.375446 275.63 670.32 34.24 57.33 0 0.370416 734.79 251.31 65.95 25.62 0 0.365692 1081.67 15.76 28.06 28.56 0 0.364683 1676.37 60.70 26.92 31.48 0 0.361652 93.60 571.15 29.19 54.44 0 0.357731 1359.94 624.31 40.36 30.92 0 0.356252 1634.29 65.80 29.19 26.25 0 0.351664 1684.28 493.84 39.46 34.87 0 0.347769 1112.12 433.55 34.08 36.04 0 0.346307 1536.84 550.98 45.38 34.77 0 0.343512 1173.25 0.39 17.92 27.25 0 0.343073 1741.65 465.72 34.57 31.71 0 0.341994 1689.32 487.73 43.04 38.44 0 0.334367 664.76 274.70 41.47 20.14 0 0.333074 1715.90 478.50 43.75 34.11 0 0.332439 1632.35 519.76 34.26 32.31 0 0.325761 113.74 721.39 31.70 53.53 1 0.320406 928.90 347.74 29.46 28.91 0 0.318901 1086.78 378.26 25.78 36.91 0 0.315429 1600.12 696.39 34.91 58.76 0 0.314285 947.03 383.20 29.66 38.79 0 0.311744 1036.89 302.75 33.07 30.36 0 0.308539 123.14 1034.99 36.03 45.01 0 0.304001 1384.32 615.53 34.27 28.39 0 0.296725 125.78 429.76 28.99 54.96 0 0.296508 1061.35 341.32 31.40 32.56 0 0.292568 411.72 568.37 35.85 58.95 0 0.290781 1359.33 760.58 64.86 34.95 0 0.290037 351.63 372.08 30.87 49.00 0 0.289495 905.59 298.96 31.26 36.17 0 0.288250 1731.58 116.10 30.07 27.91 0 0.282776 1152.97 1.29 17.88 27.99 0 0.282102 1321.05 38.30 34.57 18.02 0 0.280455 1018.08 268.18 31.46 28.55 0 0.276948 975.71 434.34 30.31 42.30 0 0.276810 415.89 906.40 40.94 65.78 0 0.272408 330.57 790.65 44.55 85.35 0 0.266252 1599.53 693.85 37.74 61.82 1 0.264768 991.50 471.77 33.62 48.28 0 0.262144 1746.08 488.36 30.04 34.05 0 0.261042 393.78 739.23 31.52 52.19 0 0.260930 1371.96 622.19 41.91 33.15 0 0.260312 1418.06 604.27 36.38 28.61 0 0.254945 1260.72 385.90 32.74 37.98 0 0.251747 1161.90 512.81 35.28 34.69 0 0.251107 244.98 529.16 31.19 53.29 0 0.250737 1156.24 508.17 37.70 34.52 0
472,0.571333 1076.85 869.91 43.62 23.82 3 0.550993 758.77 774.62 58.52 78.00 0 0.545111 793.00 733.11 36.55 34.68 3 0.488100 1074.67 853.07 45.12 21.34 3 0.458486 735.59 843.92 57.48 95.05 0 0.451186 1076.77 855.58 46.78 25.77 3 0.434168 683.69 991.43 69.11 86.22 0 0.410599 804.01 696.29 33.82 39.38 3 0.391137 1071.65 802.43 39.58 25.68 3 0.336610 1073.95 822.38 41.12 22.58 3 0.333283 499.74 276.23 27.86 17.28 0 0.323654 881.85 473.08 29.09 52.59 0 0.323014 808.37 686.66 30.34 38.35 3 0.308097 1074.98 786.81 34.73 23.43 3 0.295664 457.54 285.00 21.22 19.49 0 0.290702 798.67 697.84 35.31 43.21 3 0.284454 797.38 725.44 36.05 38.64 3 0.267868 404.83 281.18 26.05 15.45 0 0.256963 531.36 279.72 19.52 14.39 0
473,0.367265 943.73 917.45 66.22 103.63 0 0.302799 911.19 704.12 49.66 93.25 0
474,0.506852 1215.87 619.00 117.04 69.51 0 0.492403 704.11 671.58 104.63 71.95 0 0.490695 613.77 504.10 96.65 58.27 0 0.486928 727.98 611.16 105.29 65.49 0 0.484871 943.09 913.91 99.56 64.62 0 0.467029 586.06 913.54 120.88 70.29 0 0.465486 1024.09 677.63 117.08 70.89 0 0.463035 1170.01 734.22 110.46 67.55 0 0.462369 892.30 967.78 128.03 86.42 0 0.458035 1494.68 652.54 52.44 28.70 3 0.452911 1474.80 707.92 42.63 26.69 3 0.451718 1084.18 565.45 104.04 61.40 0 0.447649 1076.20 972.77 109.89 77.61 0 0.437319 986.10 788.45 111.71 70.65 0 0.436854 1147.07 780.68 113.54 70.44 0 0.435908 977.26 864.19 94.03 58.04 0 0.429250 659.46 793.18 116.91 67.45 0 0.425798 812.95 447.28 87.65 69.52 0 0.425731 609.63 851.59 121.06 67.34 0 0.424440 712.93 407.11 94.74 62.45 0 0.408387 1479.46 682.04 44.86 25.80 3 0.399747 969.19 845.51 108.27 79.76 0 0.395480 779.70 512.12 109.39 65.27 0 0.393271 651.37 447.07 84.09 61.34 0 0.393134 684.93 393.54 93.17 66.51 0 0.392230 1368.44 995.75 56.32 28.27 3 0.390650 1052.66 615.35 115.44 70.76 0 0.389929 550.44 981.46 141.98 71.58 0 0.385502 816.21 459.64 96.56 59.87 0 0.382550 750.29 552.11 108.91 67.47 0 0.373324 689.95 403.17 115.45 60.81 0 0.372662 1357.33 1035.27 42.65 26.98 3 0.371760 1045.82 608.61 108.95 63.41 0 0.341833 1171.58 795.94 89.36 69.08 0 0.328655 893.78 961.86 113.07 71.77 0 0.327126 887.65 984.64 129.82 78.52 0 0.324413 1001.56 735.05 113.34 68.82 0 0.313382 674.56 751.47 112.11 66.82 0 0.311339 1482.06 706.26 48.65 32.42 3 0.310472 600.46 863.84 123.02 65.85 0 0.303160 628.45 509.22 89.89 68.01 0 0.299224 558.75 958.20 121.60 74.00 0 0.294442 681.36 733.92 108.27 73.81 0 0.275087 517.35 1032.09 134.95 47.91 0 0.270501 1073.55 553.26 102.43 68.21 0 0.267330 762.87 563.40 106.51 65.19 0 0.257461 870.31 1032.43 132.14 47.57 0 0.257430 961.43 838.11 115.32 71.44 0 0.255887 82.67 418.49 65.76 47.35 0 0.252287 684.62 458.20 86.23 65.48 0
475,
476,0.791060 865.63 355.52 49.99 64.82 1 0.715413 871.75 361.31 38.79 61.23 1 0.604235 862.48 357.86 44.75 69.40 1 0.603263 404.20 489.77 24.35 31.38 0 0.457183 332.16 480.63 26.09 28.97 0 0.446762 366.94 487.85 22.83 34.60 0 0.439785 957.55 339.29 20.12 28.64 0 0.424802 381.45 488.55 27.53 31.58 0 0.386685 1112.04 409.69 23.57 26.18 0 0.386350 679.51 534.22 25.82 30.01 0 0.384299 907.85 335.00 24.85 28.95 0 0.356209 907.10 330.59 22.64 29.32 0 0.293142 473.55 506.04 21.89 25.75 0 0.284059 593.34 529.22 25.47 26.76 0 0.280260 931.87 326.03 22.11 24.23 0 0.270157 352.54 391.87 30.72 20.19 0 0.268478 955.46 331.28 21.19 26.19 0 0.267009 595.44 439.29 26.43 23.04 0 0.264147 891.54 173.41 21.96 32.38 1
477,0.563797 0.00 394.82 103.92 94.75 1 0.523600 1187.94 418.85 220.91 105.41 0 0.498502 153.21 392.69 245.61 112.29 0 0.428559 1482.35 413.18 263.37 113.69 0 0.362846 1203.33 412.38 250.37 119.45 0 0.336198 812.76 410.55 266.03 108.79 0 0.331663 1168.23 393.93 268.00 142.17 0 0.275634 197.80 400.51 239.87 115.88 0 0.261523 1455.37 404.46 246.61 117.95 0
478,0.598277 559.48 680.32 41.86 65.43 1 0.552574 175.61 148.75 67.84 44.70 0 0.510777 109.92 1037.83 56.65 36.97 0 0.502687 227.21 63.96 49.40 32.12 0 0.488902 580.59 238.65 49.95 42.42 0 0.474158 522.67 217.51 43.44 37.61 0 0.469507 132.02 1003.70 57.63 35.60 0 0.460668 359.82 986.67 56.79 32.14 0 0.456343 159.23 942.74 63.15 41.26 0 0.432396 923.20 351.51 58.45 31.26 0 0.430498 281.22 271.11 61.57 37.08 0 0.422817 134.30 995.69 59.72 36.67 0 0.410494 316.41 1043.19 65.14 34.76 0 0.406604 470.33 189.42 51.31 34.32 0 0.395862 0.00 1007.16 50.77 36.51 0 0.388327 1080.95 114.22 63.82 37.87 0 0.382504 292.09 92.44 58.09 41.62 0 0.381866 151.29 963.51 62.50 37.67 0 0.380566 1049.15 192.46 50.84 37.00 0 0.379908 405.88 148.40 39.21 39.47 0 0.377138 158.69 194.72 58.75 41.75 0 0.373163 167.14 202.53 53.32 40.05 0 0.357106 522.77 770.95 41.44 37.41 0 0.354850 355.14 976.23 56.02 31.60 0 0.351748 105.79 0.00 68.11 47.99 1 0.334653 868.13 424.92 60.93 36.38 0 0.332509 139.27 988.68 61.30 35.83 0 0.326310 873.09 434.15 69.26 38.63 0 0.310193 417.93 153.65 38.12 40.42 0 0.306673 957.87 241.51 27.01 43.01 0 0.304000 366.59 300.19 48.00 42.86 0 0.301963 429.02 338.21 50.60 46.30 0 0.301181 232.67 69.31 51.94 34.32 0 0.300386 237.16 224.07 40.01 46.24 0 0.296648 144.00 966.80 59.69 36.05 0 0.288668 517.30 795.51 33.59 35.08 0 0.282341 973.07 210.11 30.92 44.60 0 0.277638 401.38 329.06 58.11 48.40 0 0.274225 167.69 927.51 54.13 40.47 0 0.272020 845.81 197.38 31.36 62.10 0 0.267725 160.28 12.07 42.50 47.01 1 0.267698 839.47 200.20 31.25 60.41 0 0.266902 392.49 317.53 64.16 47.67 0 0.262314 0.30 1038.54 41.80 41.46 0 0.258547 173.44 146.41 63.26 38.47 0 0.252867 1859.44 1044.82 45.72 30.91 0 0.251852 155.03 955.34 63.28 42.59 0
479,0.548739 788.88 83.98 146.83 58.46 0 0.455531 934.27 281.95 148.77 85.72 0 0.415339 1120.55 379.08 144.92 75.13 0 0.405318 1101.76 407.06 172.66 80.95 0 0.399839 1154.74 233.69 65.44 69.42 0 0.303645 1153.06 237.18 90.32 67.27 0 0.302005 854.25 241.50 113.86 74.85 0
480,0.612169 1064.57 400.63 52.68 71.53 0 0.513571 21.78 306.02 39.34 66.14 0 0.513299 0.00 482.13 36.57 72.41 0 0.506923 274.64 658.17 44.62 61.83 0 0.503010 275.48 54.87 32.28 52.12 0 0.490313 36.79 173.30 38.28 63.48 0 0.488215 272.22 308.22 36.93 59.63 0 0.445716 27.66 248.87 22.99 43.59 0 0.440048 56.36 57.95 31.99 53.87 0 0.413821 272.96 171.82 29.91 50.22 0
481,0.643014 622.65 552.87 56.40 40.17 1 0.392684 256.44 572.87 30.01 19.67 0 0.376804 241.62 567.33 25.65 19.18 0
482,0.570232 955.44 863.82 74.99 45.02 0 0.566671 832.08 572.98 67.63 44.89 0 0.556312 700.11 1031.24 80.40 47.00 0 0.538081 763.49 915.35 77.14 47.59 0 0.511941 780.84 433.45 69.25 43.35 0 0.510879 778.14 953.75 77.26 51.64 0 0.500093 926.50 792.68 70.18 45.99 0 0.499362 513.00 552.07 72.10 43.51 0 0.499166 987.22 262.57 74.63 42.02 0 0.493933 734.47 829.03 75.76 52.62 0 0.486827 870.20 639.71 73.65 46.54 0 0.486433 806.25 503.24 66.29 42.53 0 0.485215 524.75 583.37 71.56 47.94 0 0.484729 663.39 646.39 72.55 45.51 0 0.474931 982.52 905.05 71.08 47.14 0 0.471369 636.44 830.39 71.28 48.59 0 0.469001 290.39 324.94 35.14 27.36 3 0.468811 613.98 544.86 69.34 46.96 0 0.457464 1040.30 353.74 70.57 43.01 0 0.457279 564.29 652.02 72.66 45.92 0 0.455190 578.98 732.72 71.02 45.61 0 0.451283 1005.62 984.44 79.09 45.28 0 0.449353 911.71 755.61 70.06 50.51 0 0.440442 1002.98 294.20 75.27 42.06 0 0.427421 1114.77 982.60 73.53 43.06 0 0.422313 814.77 1018.73 75.02 53.17 0 0.420978 898.56 713.55 69.99 45.59 0 0.409376 877.47 678.68 72.57 47.08 0 0.408526 1024.43 1021.66 79.62 46.97 0 0.402825 677.13 681.22 74.54 43.51 0 0.397688 819.27 542.89 75.58 45.32 0 0.381851 991.04 941.00 74.65 45.38 0 0.379456 1078.16 229.03 65.74 35.03 0 0.378777 751.16 872.64 70.91 46.11 0 0.377102 685.87 719.03 73.04 44.65 0 0.371402 652.64 912.63 80.86 47.78 0 0.361138 566.82 443.46 73.71 48.82 0 0.355734 1095.23 889.63 68.08 39.71 0 0.354976 1097.94 938.00 75.00 44.61 0 0.352506 603.18 513.15 62.65 38.39 0 0.346094 775.78 401.30 62.85 35.55 0 0.342985 707.76 763.43 73.33 44.12 0 0.342371 568.28 691.90 73.90 41.73 0 0.325187 726.59 795.84 72.39 43.50 0 0.319155 931.23 828.28 78.74 43.40 0 0.311606 505.03 515.35 72.17 43.92 0 0.309069 776.44 934.59 75.19 51.25 0 0.307258 800.81 987.06 69.64 49.22 0 0.305774 564.65 617.11 61.68 48.43 0 0.298865 793.54 471.07 64.83 41.95 0 0.298638 1105.47 986.73 76.36 44.52 0 0.288304 646.97 880.37 69.18 45.43 0 0.282313 993.09 256.33 66.28 41.83 0 0.279127 701.66 1039.46 89.19 40.54 0 0.266504 649.78 609.62 70.85 40.63 0 0.262236 916.93 772.74 68.53 51.29 0 0.259966 707.70 1049.14 84.61 30.86 0 0.259585 767.39 404.73 69.70 44.05 0
483,0.332734 1200.69 547.43 21.70 12.74 0 0.298163 1183.53 548.20 23.52 13.41 0
484,0.595836 469.70 833.62 35.13 66.05 0 0.575565 721.78 406.37 73.32 147.50 1 0.545012 1199.44 681.14 60.03 27.30 0 0.543446 226.60 635.49 48.00 21.68 0 0.542295 1047.85 450.39 24.54 49.86 0 0.518658 42.60 938.31 40.12 73.16 0 0.517471 160.52 628.83 50.76 24.40 0 0.501694 1130.94 460.36 26.27 49.55 0 0.495518 324.68 833.09 35.37 62.26 0 0.462107 810.51 266.10 25.29 47.40 0 0.461700 864.86 305.66 29.06 54.77 0 0.449430 843.23 260.27 24.39 51.87 0 0.442317 1016.03 446.88 28.91 51.86 0 0.433658 4.98 924.94 45.52 71.92 0 0.421720 93.69 794.59 34.53 56.60 0 0.407343 1021.58 765.66 26.94 39.88 0 0.394121 781.33 261.90 27.61 50.97 0 0.391046 329.89 711.29 70.67 31.47 0 0.377202 488.30 718.57 51.55 29.75 0 0.374470 289.34 639.37 36.91 20.65 0 0.365285 1050.72 766.79 27.24 40.03 0 0.342096 352.78 829.72 33.90 64.86 0 0.337689 674.92 398.13 46.27 28.57 0 0.334248 1081.22 767.95 32.32 39.95 0 0.331484 4.89 700.85 56.72 35.07 0 0.326237 568.56 726.10 36.18 28.76 0 0.325249 780.99 326.18 26.82 39.92 0 0.311514 1212.94 455.76 26.85 48.33 0 0.300935 1183.61 456.09 27.85 50.80 0 0.291285 712.56 730.34 52.84 26.36 0 0.282943 519.46 718.88 42.93 30.94 0 0.278527 1313.94 455.95 54.63 27.62 1 0.275045 45.52 640.18 27.53 19.32 3 0.265575 869.00 258.87 29.20 55.22 0
485,0.431434 0.00 505.47 200.78 92.50 0
486,0.558516 1166.83 558.80 67.72 36.22 1 0.439868 918.21 166.06 22.42 45.24 0 0.426561 902.09 0.00 24.85 38.02 0 0.352284 918.46 401.91 35.63 60.71 1
487,
488,0.568329 666.50 328.70 142.37 66.45 1 0.424992 675.72 309.76 136.67 79.73 1 0.271662 621.26 273.37 45.70 118.12 1
489,0.501200 716.05 719.28 62.78 47.34 1 0.395878 421.31 1026.66 82.29 37.29 0 0.380275 1794.30 319.85 43.08 23.18 0 0.369852 835.62 893.32 52.25 36.67 0 0.367662 1245.75 513.84 31.50 26.26 0 0.305671 1781.94 319.34 40.36 26.18 0
490,0.537980 704.72 577.82 120.30 125.64 0 0.438834 1171.41 383.28 168.72 109.43 0 0.414593 1164.76 417.53 175.70 88.45 0 0.368693 536.24 574.17 142.66 107.00 0 0.342631 1519.73 306.84 160.32 83.83 0 0.298836 1172.20 373.10 165.65 92.51 0 0.280601 738.77 461.66 27.20 55.09 2 0.271166 1387.91 342.05 133.40 89.19 0 0.262106 1519.72 325.63 151.82 72.34 0 0.256137 1887.02 461.46 32.98 68.58 0
491,0.307942 932.80 952.44 54.71 100.24 0
492,0.678868 1133.32 613.13 23.18 54.23 0 0.651035 1281.47 914.84 58.58 30.89 0 0.641161 1168.84 691.17 25.31 54.46 0 0.630818 1074.26 697.16 26.66 54.57 0 0.626102 1263.91 609.11 26.57 56.53 0 0.623077 866.35 1039.63 24.26 40.37 0 0.622948 1196.82 610.64 25.78 53.35 0 0.613072 1110.19 695.06 26.80 57.22 0 0.609908 379.62 726.89 26.71 58.79 0 0.605929 1265.87 692.76 27.75 58.88 0 0.583653 790.76 1027.46 25.39 52.54 0 0.573116 546.88 409.02 29.83 58.01 0 0.572999 1292.69 809.04 24.62 53.55 0 0.570260 1199.57 691.71 25.81 51.97 0 0.570116 890.27 705.41 26.49 61.31 0 0.565144 1075.57 614.45 27.26 57.54 0 0.560119 1260.64 812.76 26.38 51.43 0 0.551004 1340.94 687.21 24.89 52.04 0 0.543492 1228.68 810.17 25.96 51.93 0 0.541865 911.26 623.64 27.05 59.39 0 0.537628 1007.48 614.53 24.18 53.23 0 0.530383 339.39 733.96 30.90 57.67 0 0.529800 1230.78 609.83 26.77 56.94 0 0.528950 498.27 536.91 26.89 60.39 0 0.525093 362.69 286.43 30.34 63.78 0 0.519164 481.42 409.03 28.72 60.38 0 0.513566 980.93 1033.00 23.80 44.86 0 0.499583 1233.00 691.64 27.24 56.46 0 0.491836 457.13 536.81 29.81 62.66 0 0.490781 1038.26 615.19 27.34 56.12 0 0.488875 942.84 620.93 25.68 55.04 0 0.486996 973.92 615.18 26.60 56.37 0 0.483530 412.34 727.00 24.92 57.01 0 0.459461 1039.05 697.06 28.96 59.04 0 0.456206 1296.84 608.35 25.59 56.96 0 0.441260 800.09 971.43 49.99 28.71 0 0.439620 422.61 415.49 31.02 54.51 0 0.415741 1164.25 611.10 28.40 54.15 0 0.400354 1089.12 1030.37 27.27 49.63 0 0.394862 930.41 249.69 29.62 57.86 0 0.379474 1089.05 296.96 49.67 52.26 0 0.363136 1304.38 689.44 27.01 56.94 0 0.346691 786.12 898.27 53.18 26.31 0 0.341835 1060.71 1032.42 22.79 47.58 0 0.340525 516.63 412.37 26.25 55.11 0 0.338644 1159.22 608.68 28.84 56.81 0 0.325476 937.52 329.30 35.12 38.96 0 0.321140 437.62 725.51 30.27 56.56 0 0.308503 1300.61 956.17 57.14 28.87 0 0.307167 1091.86 495.25 29.69 53.24 0 0.294164 1161.02 1050.52 26.35 29.48 0 0.285556 857.63 721.17 24.15 47.20 0 0.262435 1071.56 811.39 57.77 27.42 0 0.255421 824.08 1031.78 26.63 48.22 0 0.255127 1123.49 1044.00 24.96 36.00 0 0.251707 939.80 325.51 37.80 48.64 0
493,0.786068 402.53 479.05 198.60 84.00 1 0.621109 669.75 503.10 146.94 57.54 0 0.614121 1307.00 506.04 142.05 65.02 0 0.577574 850.10 510.62 123.49 54.97 0 0.571749 1476.10 520.90 141.60 52.91 0 0.521175 1749.82 513.19 153.10 57.49 0 0.370119 105.07 493.60 191.36 69.99 0 0.335593 431.39 486.99 195.04 83.24 1 0.331431 1714.30 510.84 172.44 57.62 0 0.254487 178.15 504.38 186.35 66.09 0
494,0.631882 1013.09 650.41 71.12 27.58 0 0.622175 1098.09 656.70 62.12 22.96 0 0.602426 1175.01 659.98 63.85 24.80 0 0.570962 1318.71 669.51 81.42 32.49 0 0.529431 1495.73 676.78 61.38 25.57 0 0.517785 1410.96 673.62 75.98 31.45 0 0.487081 1255.92 662.98 59.25 25.96 0 0.422173 942.29 648.93 56.73 25.98 0 0.324773 782.00 635.17 70.73 31.06 0
495,
496,0.664541 688.30 772.41 50.15 41.51 3 0.658798 654.27 313.42 80.68 37.70 0 0.653374 850.39 318.05 74.38 31.37 0 0.642221 1430.82 339.29 69.98 54.33 1 0.618087 758.40 318.61 72.24 33.54 0 0.605696 743.97 277.60 36.44 27.90 0 0.593748 1461.96 739.13 93.10 112.02 0 0.576475 16.54 544.26 112.02 96.36 1 0.564166 1402.63 627.27 90.43 102.33 0 0.553064 39.08 633.47 95.98 84.01 0 0.551045 209.99 1001.32 32.77 47.26 2 0.550337 941.28 319.20 74.57 31.60 0 0.511729 1738.18 205.49 34.26 28.53 0 0.496284 1706.39 201.30 36.54 28.91 0 0.492521 1844.91 205.96 39.36 25.20 0 0.492467 1798.83 250.06 53.07 24.69 0 0.492310 1359.50 577.99 68.40 69.03 0 0.490205 1827.33 776.43 92.67 88.38 0 0.488567 1746.35 682.82 92.10 74.54 0 0.484356 2.48 427.70 58.20 92.94 0 0.480779 1819.66 208.73 42.95 27.69 0 0.478252 87.52 335.45 60.23 47.66 0 0.474053 184.98 344.05 66.51 45.66 0 0.464995 1796.61 251.52 46.74 26.06 0 0.455516 0.00 343.10 35.41 40.31 0 0.453313 1563.72 481.36 74.19 63.87 1 0.450088 427.60 919.08 38.89 60.74 3 0.438334 142.74 339.68 53.16 46.16 0 0.436989 1255.13 382.32 51.78 63.08 0 0.434618 1304.65 218.63 53.14 32.68 0 0.426054 144.46 471.90 65.29 45.74 0 0.417193 551.77 833.29 58.92 35.76 3 0.403500 1307.63 486.83 67.61 78.38 0 0.402132 480.06 344.96 23.08 23.80 3 0.399596 1753.63 290.01 43.13 27.36 0 0.399588 474.91 293.47 33.44 33.32 0 0.387935 1763.86 169.20 44.00 26.20 0 0.387688 455.65 758.26 43.41 49.95 2 0.387245 1299.19 200.28 54.41 33.52 0 0.385638 270.27 875.34 49.65 54.82 3 0.383841 555.57 823.64 53.14 43.28 3 0.373255 1294.47 196.77 54.24 29.63 0 0.371488 658.64 279.69 43.97 28.34 0 0.359520 544.37 274.18 29.74 33.15 0 0.358450 1454.14 742.90 90.28 93.19 0 0.353599 1631.01 162.78 33.88 22.87 0 0.349154 1344.14 253.09 37.61 30.97 0 0.341292 596.95 275.22 30.07 28.29 0 0.340393 1713.86 204.02 41.18 28.54 0 0.334524 1603.71 157.55 33.49 20.73 0 0.333627 205.59 989.51 37.55 53.84 2 0.324745 1506.57 432.44 78.41 59.63 0 0.321465 1175.05 63.93 33.51 22.41 0 0.320752 1275.25 439.18 55.62 59.81 0 0.319240 799.59 279.71 40.99 29.17 0 0.316821 52.76 347.44 50.96 40.89 0 0.300434 1485.53 395.01 54.95 39.82 0 0.299643 1783.69 172.05 45.27 25.29 0 0.295023 1021.08 313.30 50.96 31.96 0 0.288547 691.71 765.43 42.66 48.44 2 0.285050 1378.69 287.84 47.99 31.46 0 0.284572 1404.06 315.33 56.74 40.14 1 0.272281 1583.60 138.98 36.66 17.43 0 0.271638 1680.53 164.68 34.50 22.54 0 0.271453 56.09 336.99 50.79 44.50 0 0.270642 255.61 877.47 56.28 57.37 3 0.264660 1745.34 169.51 37.84 25.66 0 0.259379 1557.07 469.59 71.90 63.47 1 0.256675 1694.18 162.54 30.87 24.23 0 0.255917 1212.88 115.15 35.46 25.28 0 0.254741 1691.51 608.60 100.92 77.08 1 0.254698 274.67 870.56 42.22 58.65 2 0.252107 1671.43 577.23 70.11 49.71 1 0.251481 1856.51 163.96 33.45 23.00 0
497,0.575613 1145.04 617.04 43.08 18.88 0 0.529904 1247.09 613.04 30.97 18.82 0 0.482894 1195.92 618.10 45.55 17.17 0 0.433731 1303.75 608.13 37.06 19.60 0 0.379140 1009.58 619.78 36.14 18.79 0 0.346206 1052.37 620.72 37.29 18.14 0 0.307545 762.01 639.73 36.13 16.07 0 0.295973 1199.30 615.30 49.97 18.51 0 0.278459 1257.09 610.72 29.82 20.58 0 0.274577 811.31 636.23 29.53 15.26 0
498,0.696126 1014.05 542.38 49.38 18.15 0 0.579927 1280.36 562.46 65.96 24.82 0 0.511309 1355.74 563.14 53.08 22.72 0 0.499113 935.14 534.11 61.71 23.12 0 0.468822 1075.73 546.15 53.87 22.82 0 0.463331 1210.00 553.14 64.38 26.46 0 0.392486 1141.77 545.84 57.99 26.74 0 0.298941 735.46 518.19 52.50 22.88 0
499,0.550114 308.57 570.29 61.92 44.39 0 0.522554 191.72 626.86 53.98 38.46 0 0.499402 1.78 704.82 57.34 38.13 0 0.489401 375.04 162.07 35.34 58.44 0 0.454882 569.53 193.38 55.64 29.59 0 0.449863 660.35 848.25 40.88 71.61 1 0.444731 129.12 655.09 50.88 36.70 0 0.431516 252.43 605.64 53.08 35.41 0 0.427255 114.40 817.81 82.50 44.10 0 0.427108 129.28 447.12 66.82 39.62 0 0.392833 48.21 569.00 35.04 66.17 0 0.382276 289.09 0.00 42.04 41.60 0 0.374145 539.22 115.46 57.29 33.57 0 0.370948 619.84 378.92 32.63 46.11 0 0.368647 219.09 773.44 61.35 44.49 0 0.362550 328.55 56.42 40.63 56.23 0 0.340433 557.57 280.33 30.16 52.12 1 0.326200 5.20 866.75 63.41 43.96 0 0.323461 274.22 751.35 64.60 44.18 0 0.320857 321.92 50.87 36.84 49.76 0 0.311181 339.68 95.61 39.79 43.66 0 0.306621 295.55 745.83 60.92 42.66 0 0.302514 453.73 346.80 34.70 46.32 0 0.302029 332.50 725.07 77.16 53.07 0 0.300709 1433.57 80.94 28.53 20.23 0 0.283358 574.60 183.20 51.19 30.81 0 0.281538 677.99 434.58 52.37 31.08 0 0.279537 233.80 766.49 60.91 45.93 0 0.275498 425.77 0.00 68.42 22.73 0 0.263683 564.86 159.52 52.07 31.88 0
500,0.422148 909.65 636.80 28.65 57.60 0 0.371134 983.70 888.07 34.89 47.59 0 0.328167 999.67 929.04 35.75 71.56 0 0.288628 973.16 868.45 34.53 42.49 0 0.277056 945.88 795.90 35.72 37.76 0 0.262981 924.77 712.07 35.67 54.66 0
501,0.557427 485.43 520.69 22.81 23.82 0 0.521904 876.27 381.96 39.77 53.24 1 0.516263 1152.29 426.83 21.92 21.43 0 0.487533 535.85 449.17 25.29 20.75 0 0.469069 604.43 538.23 21.45 30.52 0 0.407720 415.45 506.32 26.18 28.60 0 0.403157 911.21 351.79 26.11 26.45 0 0.402741 1110.89 427.84 19.10 23.11 0 0.396186 382.75 505.21 22.53 29.49 0 0.389112 962.30 359.52 18.90 29.22 0 0.380563 957.97 356.55 18.85 27.46 0 0.372232 343.87 497.64 26.98 26.70 0 0.314971 570.04 447.79 26.35 23.79 0 0.291603 690.65 549.53 21.64 30.68 0 0.267351 930.45 348.09 23.41 24.95 0 0.254462 1057.02 420.81 27.67 20.96 0 0.254362 1170.45 425.29 20.21 21.09 0
502,0.403019 975.02 714.03 36.29 65.37 0 0.392438 960.57 510.98 32.58 54.95 0 0.389426 972.73 654.57 34.72 53.33 0
503,0.578561 638.45 433.31 148.31 64.39 1 0.438802 581.71 410.01 43.44 113.63 1 0.367001 628.25 452.48 156.10 67.29 1 0.331360 675.81 362.28 130.58 54.52 1
504,0.605898 1094.81 491.08 52.31 22.47 0 0.558110 1382.10 510.20 69.39 30.66 0 0.555227 1015.85 486.25 61.40 23.22 0 0.534541 1163.19 494.79 57.34 23.81 0 0.523620 1462.57 510.71 54.26 25.54 0 0.523609 1300.31 502.95 70.73 28.40 0 0.465134 1237.97 497.02 56.76 24.89 0 0.414083 948.17 483.16 50.09 24.21 0 0.307450 791.57 466.18 64.00 25.07 0
505,0.559085 714.44 645.59 97.71 142.29 0 0.512024 1087.95 370.87 156.26 128.39 0 0.455295 1487.02 207.72 79.44 57.35 0 0.426718 1082.15 409.72 152.82 89.46 0 0.391698 932.82 613.02 107.48 173.74 0 0.364441 1360.12 259.89 122.13 81.40 0 0.356084 1371.90 241.15 118.06 94.49 0 0.294668 1699.48 338.72 61.98 70.15 0 0.276158 1062.22 568.61 23.07 36.54 2 0.266293 1487.27 196.59 89.91 64.22 0
506,0.554783 443.51 442.95 66.01 29.19 0 0.539622 1282.52 486.39 58.06 24.32 0 0.523893 360.03 434.73 63.38 29.59 0 0.486252 273.60 431.02 78.38 33.64 0 0.463139 530.07 441.65 61.22 27.16 0 0.436937 1778.05 516.65 55.49 27.81 0 0.394364 115.82 422.47 71.92 31.44 0
507,0.633608 366.10 536.75 24.80 39.79 0 0.555984 340.35 536.54 21.92 38.68 0 0.525470 528.53 473.41 29.90 20.29 0 0.522106 860.90 370.31 45.96 74.89 1 0.489023 281.02 529.79 27.91 36.03 0 0.470212 918.81 328.01 21.47 27.98 0 0.465331 673.95 575.86 24.46 36.94 0 0.447936 1123.24 412.82 19.89 26.13 0 0.438329 1160.12 413.71 19.41 26.58 0 0.438247 485.84 472.78 32.43 19.96 0 0.398758 1178.79 412.61 19.05 26.19 0 0.388862 319.98 537.42 23.44 37.54 0 0.366960 893.54 132.24 18.59 41.98 1 0.363085 575.70 573.26 24.86 33.38 0 0.351471 620.18 418.17 34.02 21.60 0 0.340884 296.00 426.50 37.59 20.41 0 0.334342 916.21 336.69 21.79 28.74 0 0.288617 353.32 609.70 40.12 28.53 0 0.272588 605.95 582.97 24.23 26.43 0 0.265556 373.19 615.07 28.30 29.38 0 0.261682 272.18 535.26 29.40 32.65 0 0.260573 140.86 602.18 39.29 28.41 0 0.256131 938.13 330.34 17.67 26.20 0
508,0.493122 932.49 462.43 202.18 97.46 0 0.469874 1568.33 799.48 188.07 172.25 0 0.430944 1201.90 450.76 188.74 95.85 0 0.347015 259.37 480.34 212.09 108.22 0 0.339881 485.37 548.34 182.86 125.73 0 0.276576 954.27 453.58 179.97 91.10 0 0.268466 1220.40 468.56 160.93 77.61 0
509,0.675774 753.56 539.43 79.22 29.28 0 0.670295 850.92 542.66 63.88 27.80 0 0.639440 673.52 535.22 64.52 26.24 0 0.613164 1085.29 552.30 77.70 31.39 0 0.541148 1173.58 552.83 83.03 34.63 0 0.529872 1266.11 559.47 67.38 27.72 0 0.523781 1009.09 547.09 66.87 31.13 0 0.509998 497.66 524.14 83.46 33.76 0 0.434796 928.05 545.56 67.17 28.96 0 0.343927 923.55 549.22 70.52 30.39 0 0.313722 326.80 514.78 77.14 35.09 0
510,0.306677 869.63 936.63 32.08 77.11 0 0.265887 897.56 577.79 28.49 55.74 0
511,0.581343 1011.16 579.28 59.11 26.02 0 0.561685 1090.98 508.25 60.33 30.33 0 0.543795 1303.03 271.90 48.62 27.30 0 0.534123 1452.99 581.93 59.22 29.23 0 0.532407 1500.23 366.88 46.82 28.56 0 0.524876 1095.28 582.34 59.31 28.31 0 0.521378 1292.19 231.31 49.97 23.65 0 0.501814 1305.10 297.55 48.94 28.94 0 0.491118 1480.28 203.12 51.58 23.85 0 0.479851 1430.81 299.58 49.13 23.90 0 0.478864 1310.33 494.73 49.64 27.39 0 0.478077 1308.51 543.92 54.76 29.69 0 0.474733 1303.94 347.05 47.42 26.65 0 0.469182 1448.48 483.16 51.97 29.00 0 0.462565 1414.17 201.57 55.46 29.23 0 0.459893 1308.49 464.60 52.68 27.89 0 0.447226 1501.77 324.96 53.43 26.57 0 0.444204 1538.68 533.16 51.04 27.40 0 0.443515 1309.94 513.88 54.08 29.30 0 0.441781 1441.86 446.38 51.85 30.19 0 0.440167 1300.00 397.59 57.06 31.44 0 0.435971 1588.73 198.45 26.16 22.47 3 0.431906 1429.37 275.92 49.16 24.52 0 0.429620 1303.19 377.63 52.71 27.02 0 0.428821 1305.89 322.72 49.00 26.88 0 0.414465 1535.11 583.56 51.48 26.51 0 0.410854 1444.51 414.45 50.12 28.93 0 0.407317 1463.59 611.07 60.04 30.89 0 0.401010 1489.43 258.03 45.89 25.68 0 0.394806 1537.69 590.49 52.27 25.65 0 0.392392 1230.50 225.85 45.19 23.27 0 0.389128 1294.19 246.75 52.19 23.82 0 0.379818 1433.02 323.64 48.79 22.32 0 0.378745 1434.23 380.32 50.64 25.67 0 0.375173 1517.64 492.79 48.68 27.01 0 0.374544 1712.42 830.54 28.04 21.34 3 0.370597 1308.81 437.88 51.72 32.11 0 0.369440 1297.45 252.56 48.92 28.31 0 0.356994 1516.71 471.40 52.25 26.92 0 0.351620 1308.16 566.42 52.91 30.21 0 0.350363 1235.16 207.59 46.85 22.10 0 0.344280 1462.02 523.96 52.42 28.38 0 0.341145 1092.15 558.01 55.39 25.90 0 0.339158 1435.86 371.90 50.50 28.82 0 0.330127 1411.79 197.18 58.44 27.20 0 0.326923 1464.99 554.81 49.78 28.44 0 0.313712 1425.03 248.60 47.17 26.66 0 0.312636 1522.11 434.70 48.37 27.44 0 0.310956 1502.58 345.03 47.05 24.14 0 0.308699 1417.42 220.09 53.27 26.04 0 0.290257 1431.98 344.36 49.64 25.04 0 0.284977 1540.39 561.53 44.85 23.87 0 0.274755 1306.04 573.44 60.39 27.72 0 0.268941 1239.62 185.70 49.94 23.11 0 0.265005 1439.78 402.23 51.16 25.37 0 0.262381 1464.47 537.14 52.05 29.68 0
512,0.707177 13.62 265.64 60.25 86.41 1 0.630568 689.97 687.04 35.49 69.80 0 0.585945 743.17 0.00 26.11 43.03 0 0.573647 1772.59 205.40 26.73 49.24 0 0.566971 1395.55 960.66 67.65 31.31 0 0.558741 769.29 353.27 33.04 66.92 0 0.556848 224.44 230.51 67.59 32.54 0 0.544527 788.34 607.10 31.33 55.43 0 0.543587 1706.77 210.35 32.67 51.18 0 0.532180 1630.70 239.04 35.57 60.36 0 0.525703 272.54 960.84 67.85 41.59 0 0.509768 1754.61 28.04 34.07 47.03 0 0.508543 422.90 209.94 78.46 31.54 0 0.502280 1410.55 831.04 59.52 29.59 0 0.502234 1732.00 816.80 57.36 37.15 0 0.500411 0.00 447.11 24.28 61.04 0 0.494755 620.66 446.34 30.60 62.53 0 0.494282 975.77 535.43 33.47 64.34 0 0.491685 0.00 638.11 23.09 59.44 0 0.489124 31.77 937.41 38.96 66.49 0 0.481648 764.85 294.89 32.23 75.99 0 0.478643 781.12 543.52 35.52 63.05 0 0.476141 1630.46 794.38 70.28 34.75 0 0.473159 795.16 672.30 25.53 63.42 0 0.470485 1696.38 146.11 31.89 56.84 0 0.459780 1022.97 1016.30 65.88 35.07 0 0.454763 1339.43 844.14 53.46 29.34 0 0.453281 756.51 217.62 33.13 67.17 1 0.442403 746.88 120.81 36.02 87.82 1 0.434580 969.44 891.50 56.45 30.23 0 0.432198 1270.27 854.42 54.60 25.19 0 0.430660 634.59 668.38 34.92 67.00 0 0.416213 1788.80 266.31 30.27 48.29 0 0.406757 744.97 107.89 35.01 64.05 1 0.404843 1482.66 815.92 56.22 28.10 0 0.403759 991.38 223.60 31.91 60.68 0 0.396858 751.89 164.69 31.47 77.16 1 0.390169 1182.42 861.62 69.65 30.61 0 0.389076 961.71 892.24 61.35 34.79 0 0.386799 1550.06 807.02 60.42 31.16 0 0.384957 351.51 214.14 58.23 29.78 0 0.382042 1672.02 43.94 27.40 44.85 0 0.378765 629.78 583.82 35.88 75.94 0 0.378271 1780.95 92.12 29.92 43.79 0 0.376229 615.17 319.21 29.30 60.30 0 0.374428 1762.05 153.78 29.97 49.28 0 0.359792 1660.99 0.00 32.01 45.30 0 0.353828 1122.59 530.37 38.80 25.90 0 0.341017 752.74 204.57 33.53 71.63 1 0.338859 1822.18 269.90 34.42 47.29 0 0.330683 752.06 148.35 32.40 80.12 1 0.330385 358.70 946.46 79.37 47.76 1 0.327869 914.68 471.51 12.48 18.57 2 0.323516 1745.90 93.74 31.84 49.27 0 0.321561 624.97 532.89 35.93 65.05 0 0.315565 356.46 948.90 79.46 43.98 0 0.314114 1731.56 31.24 27.65 47.81 0 0.313655 908.52 884.02 24.77 22.72 3 0.304535 0.00 749.70 21.20 70.33 0 0.302993 1545.06 811.94 63.22 30.15 0 0.298140 0.00 565.85 22.37 62.19 0 0.290341 1786.35 94.47 28.07 41.49 0 0.280653 423.55 212.32 89.22 34.26 0 0.275654 0.00 556.04 20.59 61.08 0 0.271996 1715.26 256.73 39.80 74.69 0 0.268518 1124.56 517.02 34.44 27.82 0 0.266320 787.69 111.13 30.60 48.84 0 0.258976 1684.10 96.47 27.55 44.48 0 0.254479 775.08 423.37 30.88 72.90 1
513,0.715117 883.51 816.19 39.83 82.98 1 0.542387 1170.22 720.19 67.30 36.89 1 0.408602 910.41 246.14 22.73 43.08 1 0.400820 908.22 484.23 24.31 56.06 0
514,0.586812 1190.63 785.12 29.67 65.15 0 0.512597 776.97 994.20 52.06 26.20 0 0.493940 1829.49 59.05 19.23 28.42 0 0.488483 1356.02 203.40 40.78 21.51 0 0.485579 775.09 924.93 53.25 31.61 0 0.482024 1464.34 158.86 29.68 29.14 0 0.444987 1805.26 58.60 17.37 30.27 0 0.441693 835.05 605.07 42.31 109.30 1 0.432944 1357.00 179.54 38.07 21.36 0 0.407749 1304.27 103.98 37.52 21.12 0 0.385583 1150.41 811.77 29.31 63.28 0 0.368597 1649.28 51.88 24.36 25.27 0 0.353607 1352.04 200.95 34.28 20.47 0 0.351366 1628.24 52.34 21.86 26.18 0 0.343164 1390.90 498.47 48.55 24.36 0 0.342265 1159.38 485.96 26.82 44.71 0 0.338162 1133.34 284.11 20.06 40.74 0 0.332438 1370.71 537.93 34.80 27.18 0 0.320595 1294.55 102.44 36.92 22.13 0 0.315891 1355.61 235.33 31.73 22.79 0 0.313819 1818.81 1.82 23.21 24.81 0 0.306087 1464.34 167.72 28.12 29.65 0 0.283208 1386.05 500.22 47.87 25.28 0 0.280429 1350.95 183.34 39.55 20.29 0 0.279628 1391.10 397.54 39.67 21.51 0 0.260079 1747.21 59.37 20.26 21.18 0 0.253749 1753.48 0.31 24.47 27.24 0
515,0.575949 47.87 137.89 43.65 60.15 0 0.500884 132.73 13.87 39.94 52.54 0 0.479448 1086.91 235.74 30.64 55.49 0 0.387675 1187.38 258.27 31.49 57.66 0 0.333764 284.70 657.69 77.76 41.25 0
516,0.634042 1147.45 395.66 52.59 26.51 0 0.569994 1142.56 537.88 51.39 24.16 0 0.569861 1143.20 567.89 52.97 23.43 0 0.528585 1343.01 201.59 48.73 23.85 0 0.525780 1158.67 225.40 44.18 23.20 0 0.507025 927.06 545.37 49.14 26.32 0 0.506015 1279.77 203.22 49.39 26.99 0 0.505444 1151.05 461.47 47.71 26.08 0 0.503232 1145.84 539.24 50.41 28.23 0 0.489508 936.82 497.94 53.99 26.28 0 0.481579 1296.28 603.87 54.40 26.95 0 0.476742 849.10 569.97 56.05 23.71 0 0.472593 1091.82 226.68 44.55 19.81 0 0.469056 1155.24 324.99 47.93 24.63 0 0.466017 1152.95 368.17 48.53 25.96 0 0.465197 1356.93 465.31 48.81 25.41 0 0.458389 1158.93 302.87 49.35 26.26 0 0.457982 1290.00 297.77 47.13 23.31 0 0.441658 1353.75 497.09 47.07 24.11 0 0.435641 1156.49 254.01 42.48 23.22 0 0.427047 1344.82 253.83 49.33 26.59 0 0.422076 1155.10 464.88 43.76 30.36 0 0.415113 1156.48 346.01 42.80 25.19 0 0.414057 1291.12 324.60 45.60 23.24 0 0.412955 1353.41 322.68 45.74 23.33 0 0.411262 1287.17 269.37 47.66 24.60 0 0.402963 1285.83 476.83 53.86 25.82 0 0.398642 1148.01 508.33 46.98 24.09 0 0.394660 1347.22 259.33 45.03 23.82 0 0.388655 1359.97 424.66 45.69 23.78 0 0.385489 1288.09 422.38 51.26 25.02 0 0.377598 1340.62 234.02 47.79 23.19 0 0.375875 1154.61 440.36 46.19 29.09 0 0.375156 1156.80 279.48 44.55 21.70 0 0.370348 1284.32 246.68 45.73 23.53 0 0.362913 1347.98 370.33 46.62 24.71 0 0.352980 1156.12 274.45 43.32 21.49 0 0.350490 1151.05 511.80 45.27 26.11 0 0.349117 939.66 576.75 47.78 26.08 0 0.340125 1280.42 235.97 43.85 23.34 0 0.334682 1099.53 185.90 45.20 20.79 0 0.328898 1158.91 300.08 45.74 22.97 0 0.325584 1303.42 521.10 45.01 27.82 0 0.316680 1154.89 490.05 42.28 25.07 0 0.316416 1519.50 810.61 24.22 19.63 3 0.314138 1463.37 321.62 23.72 19.77 3 0.312549 1291.47 397.80 49.80 21.97 0 0.308519 1284.62 347.17 49.74 24.35 0 0.306873 1365.37 524.27 51.65 27.03 0 0.303660 1519.15 779.26 23.91 16.78 3 0.302498 1099.36 203.75 44.93 19.20 0 0.295701 1365.93 517.33 46.65 29.63 0 0.294753 1286.27 372.43 48.98 25.00 0 0.293833 1278.87 198.12 46.06 27.83 0 0.290833 1299.05 549.83 47.08 24.42 0 0.290660 1159.95 203.14 43.54 21.53 0 0.289733 1447.22 200.23 27.45 19.74 3 0.288781 1365.51 576.81 51.92 26.14 0 0.287166 1354.97 403.54 42.62 22.58 0 0.286480 1276.36 771.81 73.38 29.69 1 0.283625 1297.63 578.75 48.22 26.35 0 0.281828 1291.32 401.16 51.37 23.81 0 0.280222 935.86 570.00 48.19 25.90 0 0.275928 1349.92 397.84 47.70 26.67 0 0.271468 1361.11 468.35 51.09 27.27 0 0.262866 1361.21 434.18 46.52 24.48 0 0.259374 1285.66 447.26 51.75 23.27 0 0.258772 1367.07 580.80 53.59 25.78 0 0.255632 1446.97 186.66 27.51 19.04 3
517,0.615169 857.69 667.94 46.84 102.65 0 0.601118 759.38 939.14 53.84 104.36 0 0.591711 593.35 983.07 46.60 96.93 0 0.572080 1101.42 998.63 47.92 81.37 0 0.566090 1078.41 485.94 50.71 89.23 0 0.551766 335.64 774.18 48.00 94.60 0 0.546923 963.64 904.31 51.41 100.45 0 0.546124 179.12 444.80 50.54 88.31 0 0.542289 273.17 785.72 60.16 103.21 0 0.538800 809.58 685.12 46.57 95.22 0 0.534748 594.32 711.69 51.36 100.29 0 0.532028 903.94 650.52 50.03 97.24 0 0.528955 1068.31 872.68 52.75 108.90 0 0.528693 443.25 750.98 50.88 101.23 0 0.528452 1018.07 886.24 53.89 111.44 0 0.524041 972.17 501.83 51.09 91.79 0 0.523319 918.76 911.34 46.48 101.80 0 0.521864 1003.41 624.94 50.41 95.99 0 0.517599 749.13 686.76 52.17 98.41 0 0.516004 1210.41 981.31 59.30 98.69 0 0.515575 526.55 980.85 62.43 99.10 0 0.507633 481.17 995.10 47.54 84.90 0 0.503040 701.92 695.22 50.19 94.68 0 0.502224 646.68 704.72 49.97 97.01 0 0.501441 276.94 415.28 55.02 95.34 0 0.501141 221.41 790.93 54.12 99.31 0 0.499060 1175.07 858.22 57.81 97.64 0 0.498497 807.61 932.96 48.40 106.04 0 0.496456 751.64 941.26 52.17 97.85 0 0.496101 1048.38 1012.07 54.71 67.93 0 0.494685 1031.47 495.82 44.13 92.67 0 0.484940 635.73 969.50 61.58 108.13 0 0.484674 115.94 335.49 45.38 84.94 0 0.468037 128.03 458.33 48.27 87.69 0 0.465964 955.33 627.39 51.04 98.57 0 0.463649 1124.72 864.12 56.14 98.74 0 0.458186 699.77 941.64 46.17 97.16 0 0.454553 387.47 761.07 51.46 104.60 0 0.454397 493.68 745.56 50.45 104.19 0 0.437367 861.95 931.33 52.27 105.05 0 0.436730 1117.28 604.78 49.39 100.15 0 0.433335 1083.21 484.81 52.26 107.83 0 0.415841 1052.28 611.37 51.30 89.58 0 0.388748 964.19 629.31 50.35 105.12 0 0.350711 813.54 100.33 41.19 76.17 0 0.324376 1031.73 494.66 40.71 71.85 0 0.310521 1074.78 877.16 56.25 101.74 0 0.301455 227.76 781.74 58.64 105.27 0 0.297455 972.20 894.25 53.63 110.74 0 0.295981 383.83 1029.66 48.24 50.34 0 0.295001 1025.33 498.58 60.50 99.10 0 0.271292 1107.41 603.48 54.13 92.54 0 0.266390 598.52 978.72 55.09 97.38 0 0.260479 1022.84 874.20 76.61 113.35 0 0.257115 1004.28 889.12 60.54 111.44 0
518,0.519063 409.81 708.53 25.05 17.38 0 0.511997 288.94 686.96 24.62 22.64 0 0.476625 800.56 583.73 33.93 44.00 1 0.449582 335.43 692.12 28.27 22.61 0 0.437421 789.61 585.21 41.54 47.46 1 0.409116 354.44 693.10 23.04 23.57 0 0.385757 526.53 726.50 23.36 21.74 0 0.370522 607.89 733.21 19.31 22.02 0 0.336961 837.61 556.47 20.82 27.55 0 0.307349 223.09 712.44 28.77 15.91 0 0.280516 955.22 616.72 29.78 17.94 0 0.254919 1058.26 634.57 21.54 17.83 0
519,0.705312 603.60 695.12 25.95 50.22 0 0.701901 1024.49 462.07 25.72 52.65 0 0.658171 957.10 260.21 28.84 57.33 0 0.643376 1026.91 264.18 26.56 54.86 0 0.630732 1031.32 340.28 30.26 60.16 0 0.627212 668.60 273.53 25.06 58.71 0 0.621888 646.57 688.16 25.84 55.50 0 0.608106 267.76 72.38 29.39 59.49 0 0.607156 524.15 688.80 28.60 56.67 0 0.603024 770.29 354.22 23.90 55.47 0 0.593607 962.67 339.70 25.12 63.73 0 0.586535 930.08 340.73 25.80 62.41 0 0.582705 1018.84 566.62 47.94 26.91 0 0.577760 860.04 268.59 26.44 56.84 0 0.565866 698.94 269.43 28.53 61.98 0 0.561345 1071.90 337.47 24.89 57.24 0 0.551262 217.72 205.83 30.27 57.18 0 0.548393 837.27 346.78 26.99 60.87 0 0.545398 892.45 267.10 27.32 58.16 0 0.533650 895.73 702.71 28.49 61.10 0 0.528249 62.87 408.04 28.75 56.37 0 0.514060 233.22 72.79 27.13 58.68 0 0.513449 138.62 80.98 29.89 58.24 0 0.513140 618.87 365.36 24.83 59.01 0 0.510236 800.86 269.91 25.37 59.29 0 0.507765 736.83 269.96 24.75 56.20 0 0.506523 718.12 683.67 24.25 54.52 0 0.501437 963.21 459.21 25.10 58.16 0 0.498687 801.18 467.71 46.30 24.24 0 0.494559 100.17 400.74 28.64 56.69 0 0.488982 856.54 700.47 29.54 63.80 0 0.482601 825.32 686.19 27.42 56.18 0 0.482019 358.97 187.22 29.78 61.35 0 0.481726 198.68 72.63 29.08 60.80 0 0.466739 796.32 687.82 23.78 52.55 0 0.461479 895.76 340.63 27.82 65.92 0 0.456982 991.11 260.83 27.43 57.88 0 0.455833 924.74 264.28 26.34 54.40 0 0.455363 995.73 341.08 26.43 61.35 0 0.449327 133.40 395.08 30.65 56.74 0 0.447509 1039.58 605.73 54.55 27.42 0 0.443599 179.47 205.30 29.20 55.89 0 0.430670 770.09 272.18 23.65 57.08 0 0.410615 581.95 376.27 28.34 53.55 0 0.391558 462.18 645.16 28.38 57.45 0 0.382523 801.55 351.24 27.01 57.04 0 0.376032 635.95 285.01 27.83 56.34 0 0.367498 545.52 90.72 28.72 63.61 0 0.360967 816.59 142.32 25.17 65.91 0 0.358962 819.80 465.09 43.19 26.06 0 0.354960 564.43 697.77 29.44 53.85 0 0.346102 531.40 593.55 44.39 26.54 0 0.346039 542.42 631.55 35.77 27.22 0 0.325278 559.76 693.17 28.96 54.52 0 0.315331 992.76 456.81 28.10 60.26 0 0.314754 531.25 632.33 36.24 26.91 0 0.266731 519.31 560.31 52.29 25.03 0 0.254538 203.23 71.62 31.86 61.26 0
520,0.617693 277.47 387.91 55.86 63.33 0 0.616603 477.33 507.29 52.35 63.79 0 0.582484 464.43 177.64 49.68 46.56 0 0.578865 566.37 371.27 49.75 58.27 0 0.559484 386.69 274.22 47.25 55.84 0 0.555029 550.09 85.89 38.99 46.05 0 0.551016 425.60 588.30 51.95 62.48 0 0.547701 204.76 462.78 62.12 72.84 0 0.518110 524.71 435.73 48.21 56.39 0 0.486209 602.77 14.81 38.91 46.68 0 0.473372 761.18 83.65 32.17 37.80 0 0.417277 708.00 164.82 33.61 43.86 0 0.398973 810.64 5.42 30.70 44.68 0 0.258849 845.36 430.65 10.55 21.54 2
521,0.613926 1566.40 990.11 67.65 29.99 0 0.565847 176.15 842.43 63.90 29.08 0 0.552875 1424.36 299.20 50.98 25.65 0 0.545877 679.25 897.14 60.64 25.76 0 0.544878 1763.38 185.11 43.87 23.60 0 0.541571 1581.56 153.97 41.54 20.66 0 0.524742 1605.20 246.53 45.57 28.18 0 0.522136 1687.96 114.70 43.79 21.55 0 0.515318 1830.08 361.60 49.79 25.11 0 0.503869 1736.84 1004.73 75.76 34.79 0 0.489524 1605.93 272.08 44.36 23.05 0 0.479129 1692.79 133.61 46.23 22.43 0 0.476852 1577.34 130.98 42.85 21.78 0 0.468031 1617.75 353.68 44.03 23.51 0 0.466399 1793.29 250.72 43.13 23.49 0 0.456733 1727.54 282.46 48.64 23.92 0 0.453355 1590.13 211.37 46.45 26.34 0 0.451343 1013.12 975.79 74.53 40.00 0 0.449626 1667.21 59.02 49.50 23.63 0 0.448768 1674.78 80.37 45.64 24.33 0 0.443410 1795.45 272.50 47.30 22.63 0 0.440794 1696.12 161.43 45.65 23.62 0 0.437127 1722.80 277.43 50.41 23.52 0 0.434679 1820.76 319.83 41.39 24.87 0 0.433023 1761.51 154.28 45.13 21.98 0 0.428638 1569.86 108.06 42.93 23.12 0 0.415126 1824.42 325.32 43.96 26.59 0 0.408114 1554.43 41.75 40.25 19.10 0 0.407604 1798.90 291.66 47.25 26.79 0 0.407188 1798.95 276.15 47.02 27.71 0 0.404749 1434.04 367.81 50.47 22.26 0 0.387437 1718.58 228.37 44.49 20.88 0 0.383682 1432.19 343.02 50.11 25.10 0 0.380644 1557.25 64.91 42.86 20.85 0 0.379572 1677.86 90.18 47.56 24.87 0 0.373923 1359.60 360.71 54.09 25.55 0 0.373316 1586.34 175.35 42.58 22.64 0 0.370836 1823.46 352.15 45.86 25.87 0 0.370591 1649.01 1000.90 74.34 30.38 0 0.368416 1698.62 177.52 45.33 21.52 0 0.367066 1736.56 85.84 43.66 26.19 0 0.362512 1752.32 316.41 43.38 26.57 0 0.347340 1503.81 61.56 41.51 19.53 0 0.343649 1755.40 347.84 48.89 24.36 0 0.342044 1504.41 40.31 43.48 20.76 0 0.337097 1721.57 253.10 45.37 22.32 0 0.334611 1607.12 252.75 46.32 27.65 0 0.333722 1617.74 327.76 42.31 23.70 0 0.330633 1588.28 205.43 47.47 26.99 0 0.326984 1753.19 329.27 43.92 25.14 0 0.324068 1807.17 303.56 40.88 23.12 0 0.318626 1760.12 373.26 49.05 25.28 0 0.310273 1587.58 183.09 43.63 24.35 0 0.310259 1612.63 297.85 41.75 21.12 0 0.301685 1584.69 160.76 42.90 23.74 0 0.300578 1702.25 187.72 47.31 21.35 0 0.298909 1610.65 278.26 41.76 25.87 0 0.285806 1706.62 198.00 43.60 23.39 0 0.283540 1685.87 104.50 48.05 22.32 0 0.274541 1433.55 349.98 50.47 27.20 0 0.267015 1729.70 81.66 48.89 28.77 0 0.260295 1565.91 101.20 46.14 24.08 0 0.258869 1565.75 87.48 43.21 22.65 0 0.258449 1784.87 228.80 44.04 23.51 0 0.257948 1721.47 45.14 45.47 23.05 0 0.256270 1713.04 211.69 42.04 20.58 0 0.253237 1579.94 137.51 45.23 22.78 0
522,0.632041 624.97 365.57 35.10 24.06 3 0.631834 1596.16 200.11 39.72 27.92 0 0.624375 1080.83 826.15 80.75 122.48 0 0.607337 665.39 792.35 75.52 125.99 0 0.604502 1408.25 194.70 28.74 25.78 0 0.591590 321.04 309.34 88.21 38.05 0 0.581697 211.21 300.56 98.39 48.79 0 0.552623 1431.48 153.33 31.66 25.35 0 0.545124 1041.65 480.23 52.94 81.75 1 0.524119 347.45 263.25 51.60 38.68 0 0.519200 1630.68 155.55 49.66 24.78 0 0.517575 1498.41 300.80 52.06 29.86 0 0.516175 1412.36 710.56 95.64 114.40 0 0.510332 1480.95 201.04 29.09 27.35 0 0.488207 1090.36 1017.85 38.33 61.10 3 0.485435 705.43 635.58 74.89 147.10 0 0.478859 1567.89 200.35 38.23 28.19 0 0.469247 1691.91 339.31 68.78 38.98 0 0.467754 1458.35 152.52 30.80 23.61 0 0.444089 773.58 384.55 51.49 73.80 0 0.435504 1446.28 195.80 29.57 26.89 0 0.429650 1059.91 614.16 64.92 80.05 1 0.419730 1375.30 195.59 29.94 26.32 0 0.405628 344.57 490.62 24.79 41.67 2 0.404333 523.85 312.10 69.52 30.34 0 0.398795 129.33 260.37 48.64 40.50 0 0.394879 53.69 256.88 48.64 42.80 0 0.383833 1015.00 290.55 42.91 70.88 0 0.376084 1402.08 152.64 31.92 27.47 0 0.374190 1008.86 174.44 33.96 68.92 0 0.373203 716.40 598.58 62.37 124.92 0 0.370061 1309.09 153.02 37.09 28.32 0 0.369055 750.19 507.07 51.45 81.26 0 0.361488 1037.23 417.51 47.20 84.22 0 0.359041 255.78 269.51 52.55 34.70 0 0.345040 707.69 678.19 70.43 109.74 0 0.341326 419.32 311.90 93.38 34.76 0 0.339878 1704.88 155.50 39.82 24.31 0 0.330820 885.60 23.92 28.26 27.18 0 0.292467 1337.44 151.47 40.30 28.04 0 0.291268 759.11 455.76 48.92 59.44 0 0.285146 1062.35 617.54 66.84 112.55 1 0.280007 1176.22 1023.96 25.95 56.04 3 0.277747 1521.49 151.79 45.70 25.91 0 0.277698 1026.14 84.98 24.77 31.56 0 0.275574 259.59 263.78 47.90 33.33 0 0.272641 1495.61 1060.51 17.97 19.49 2 0.271468 348.69 258.30 46.20 34.98 0 0.271019 1545.74 154.82 37.60 23.83 0 0.270219 1331.95 137.09 45.48 21.77 0 0.265138 1443.85 198.11 39.93 25.80 0 0.264331 1044.84 517.87 49.95 52.25 1 0.260889 811.10 64.49 49.50 19.23 0 0.255927 406.48 264.27 51.03 37.50 0 0.250153 1509.50 153.52 47.25 28.71 0
523,0.615932 1337.38 395.19 55.65 28.34 0 0.547380 1665.74 368.95 50.31 27.49 0 0.536896 1.62 992.11 55.76 31.23 0 0.499631 1432.42 107.18 49.39 23.62 0 0.495032 1505.91 198.34 44.80 23.44 0 0.494167 1518.53 294.14 50.99 27.66 0 0.489869 1624.65 206.95 48.54 25.80 0 0.484774 1620.03 185.47 47.84 23.89 0 0.478105 1698.10 481.21 55.61 28.32 0 0.467704 1730.37 370.19 51.79 28.19 0 0.467246 1545.50 419.16 48.15 28.41 0 0.464926 1655.00 340.97 53.75 23.53 0 0.462305 1344.46 460.35 59.16 27.32 0 0.460578 1666.06 115.29 49.79 25.06 0 0.453209 1545.80 449.45 47.79 26.54 0 0.446864 1501.07 178.72 45.57 23.63 0 0.439472 1611.17 157.19 46.84 25.71 0 0.435219 1754.05 455.65 56.44 28.15 0 0.434124 1652.85 301.64 51.77 28.64 0 0.424895 1608.54 149.63 52.47 25.55 0 0.424416 1511.09 228.47 46.18 22.65 0 0.420340 1653.40 319.72 53.30 28.12 0 0.417058 1270.63 456.73 55.08 26.01 0 0.413322 1695.97 230.44 48.65 23.77 0 0.409646 1633.67 245.11 49.78 25.79 0 0.406930 1725.63 367.70 53.63 26.68 0 0.405447 1538.55 373.66 45.81 29.25 0 0.403469 1681.36 159.30 45.50 28.21 0 0.402523 1657.78 366.38 54.43 27.07 0 0.398201 1656.39 326.22 46.38 26.53 0 0.394512 1657.18 348.31 52.94 24.90 0 0.394369 1436.12 135.95 43.66 24.85 0 0.394226 1728.80 327.03 44.39 26.91 0 0.372764 1635.39 254.44 48.55 25.46 0 0.372194 1750.62 413.34 53.26 31.79 0 0.371840 1489.02 132.84 46.43 23.91 0 0.363851 1633.65 224.22 46.30 25.12 0 0.363363 1699.88 257.44 46.55 23.48 0 0.362788 1496.20 156.28 43.84 24.58 0 0.354300 1713.31 300.06 46.06 23.87 0 0.354138 1689.35 460.08 53.38 29.53 0 0.351168 1533.43 365.11 53.00 27.81 0 0.349968 1486.53 110.10 46.99 25.86 0 0.349161 1687.47 436.68 50.38 32.12 0 0.346128 1601.76 129.17 55.10 23.04 0 0.344521 1641.99 281.15 48.37 24.87 0 0.338197 522.34 1051.25 68.18 28.75 0 0.338129 1705.59 296.46 51.15 26.84 0 0.337976 1512.95 249.78 49.78 25.05 0 0.334305 1650.45 296.17 51.33 27.16 0 0.332273 1678.72 151.04 47.79 27.56 0 0.325482 1512.20 234.78 45.91 25.63 0 0.323895 1529.21 350.14 49.79 25.58 0 0.322774 1544.89 396.95 47.54 26.57 0 0.320775 1347.24 436.02 53.05 28.74 0 0.318776 1632.69 218.98 48.87 24.90 0 0.307555 1680.75 167.21 52.79 28.65 0 0.301320 1439.60 131.21 47.66 26.02 0 0.293308 1515.84 252.82 43.76 26.81 0 0.291430 1728.69 352.30 48.69 26.05 0 0.282130 1600.47 114.60 56.46 24.30 0 0.275123 1636.52 273.97 49.73 26.84 0 0.266691 1742.62 395.63 46.33 29.01 0 0.265379 1606.72 131.45 45.05 25.71 0 0.253543 1507.88 207.16 47.94 25.18 0
524,0.562618 1330.55 327.50 35.35 78.60 0 0.546283 977.19 436.93 40.30 83.37 0 0.513442 1623.00 298.01 37.14 74.97 0 0.490294 1300.45 331.17 38.21 72.44 0 0.472383 277.00 360.41 42.28 77.54 0 0.462043 1391.24 325.29 40.97 72.88 0 0.458394 376.70 498.64 34.71 72.47 0 0.449158 215.30 364.60 40.70 72.36 0 0.446011 1426.33 323.31 37.18 65.58 0 0.445710 916.07 454.09 35.87 68.44 0 0.426040 42.40 530.06 47.45 68.18 0 0.423499 825.62 40.71 56.72 93.88 0 0.411365 882.81 457.54 29.12 65.58 0 0.408568 317.08 508.93 36.43 73.49 0 0.394909 346.10 504.44 32.08 72.26 0 0.372196 404.24 491.22 44.25 77.05 0 0.371087 957.31 0.00 54.16 63.02 0 0.370204 835.55 39.83 55.36 85.34 0 0.367300 1793.95 285.43 48.78 73.94 0 0.365890 60.65 527.96 58.31 77.90 0 0.355220 839.62 168.19 61.26 86.28 0 0.349532 684.96 807.98 80.88 49.77 0 0.344266 1450.27 317.31 39.68 70.70 0 0.334601 1653.37 292.61 44.71 81.59 0 0.311041 277.67 518.73 33.41 65.34 0 0.299042 829.60 46.55 59.68 101.31 0 0.283436 853.72 162.48 50.18 79.92 0 0.277324 1400.97 321.67 41.78 71.52 0 0.277104 46.51 529.24 64.12 80.01 0 0.275536 952.71 788.65 71.50 44.94 0 0.270925 434.75 488.56 43.24 72.16 0 0.266900 841.47 187.48 59.40 96.36 0 0.261184 744.28 192.99 51.17 86.97 0 0.254180 1304.40 333.89 46.55 74.65 0
525,0.721315 882.75 306.06 28.80 58.23 0 0.681899 979.29 423.21 24.80 54.46 0 0.640579 549.18 655.48 26.05 55.97 0 0.639167 882.90 668.28 26.36 58.49 0 0.631938 182.41 37.44 29.12 60.22 0 0.621404 686.85 235.06 27.58 55.43 0 0.617968 787.61 231.09 27.84 59.92 0 0.607170 218.69 34.75 27.62 60.16 0 0.600771 807.33 649.55 26.39 53.73 0 0.592219 699.66 645.60 28.43 62.02 0 0.589828 847.21 228.18 26.12 58.07 0 0.584742 978.86 223.69 24.58 57.03 0 0.584295 982.26 305.08 26.67 58.46 0 0.576149 1009.53 424.95 24.43 53.50 0 0.573002 947.49 308.25 26.28 53.91 0 0.563107 839.71 659.96 31.11 66.40 0 0.560780 721.56 233.31 26.11 55.44 0 0.560063 878.19 223.60 27.97 58.37 0 0.558696 623.77 245.09 26.45 56.74 0 0.554202 655.80 240.41 27.56 57.08 0 0.546603 204.71 166.38 30.04 58.58 0 0.542870 254.01 30.40 30.55 60.10 0 0.542403 163.88 165.65 31.05 61.75 0 0.539026 912.16 227.27 26.48 55.16 0 0.537218 1022.64 298.20 25.41 56.90 0 0.529028 89.53 360.85 26.33 54.57 0 0.518945 823.82 310.37 28.92 64.32 0 0.514553 121.27 356.93 27.57 56.40 0 0.514098 125.15 40.17 31.37 64.83 0 0.511713 788.65 314.95 28.25 59.14 0 0.496400 629.44 650.55 30.27 54.81 0 0.494456 1059.27 299.73 24.30 56.50 0 0.484794 944.55 424.79 27.97 53.79 0 0.476231 753.42 316.24 29.10 62.50 0 0.472286 915.18 308.64 26.66 56.08 0 0.462867 1013.04 223.00 24.41 56.25 0 0.460331 49.92 367.34 32.48 58.98 0 0.460098 751.24 234.05 28.15 58.77 0 0.443956 583.73 654.62 29.21 55.02 0 0.434460 466.13 681.30 38.83 52.53 0 0.431706 566.92 338.25 27.52 55.43 0 0.418130 803.29 105.41 28.43 62.10 0 0.412994 511.28 650.55 28.84 60.26 0 0.387428 945.42 225.38 26.36 57.17 0 0.385993 775.97 653.30 28.68 52.53 0 0.383660 603.64 329.37 30.06 61.44 0 0.372522 1023.80 566.29 57.78 31.23 0 0.364295 521.09 594.58 55.37 28.82 0 0.350587 1000.90 528.66 60.39 27.92 0 0.342444 530.50 47.42 32.41 69.07 0 0.278596 792.37 426.90 53.12 29.96 0 0.278490 634.13 648.65 30.08 59.05 0 0.258375 345.65 151.84 33.40 57.72 0
526,0.421017 517.40 387.60 209.92 105.55 0
527,0.704633 863.28 400.28 48.91 94.18 1 0.543127 521.10 677.94 32.53 62.30 0 0.538783 1218.01 436.45 25.01 33.86 0 0.516428 644.67 682.90 32.21 58.38 0 0.508544 260.81 654.33 28.55 44.07 0 0.504659 280.24 755.24 32.84 50.53 0 0.498579 961.40 339.87 24.64 45.39 0 0.492011 397.23 548.29 48.56 22.25 0 0.481350 208.81 646.60 26.23 48.62 0 0.472584 1110.86 433.38 21.16 35.92 0 0.449744 1172.50 436.49 22.91 37.32 0 0.445409 231.44 649.59 29.82 46.81 0 0.428596 1081.09 431.58 23.29 40.71 0 0.381946 153.40 639.34 41.39 48.95 0 0.367059 551.14 681.33 27.81 57.01 0 0.362552 894.98 339.65 19.54 40.75 0 0.348882 450.51 548.42 45.31 22.34 0 0.321538 1235.03 439.23 27.35 33.51 0 0.314471 254.81 751.18 37.35 51.72 0 0.308858 569.02 561.49 32.23 24.93 0 0.308590 663.81 560.55 47.92 20.64 0 0.298422 149.68 647.86 40.84 37.57 0 0.292851 919.26 336.71 20.53 38.94 0 0.281136 210.48 650.00 28.31 50.48 0 0.271480 209.85 750.25 29.49 34.31 0 0.265310 170.14 484.92 43.72 25.60 0 0.264865 166.11 748.71 42.89 26.13 0 0.264548 176.33 749.66 43.07 26.66 0 0.255099 920.20 322.40 20.25 31.71 0 0.251507 895.30 324.40 20.27 37.02 0
528,0.561984 1096.49 517.74 39.71 40.20 0 0.555132 1048.97 435.34 33.05 31.74 0 0.534810 735.84 226.19 32.17 18.53 0 0.524970 1155.32 615.88 46.15 50.81 0 0.458818 684.14 584.20 59.39 30.14 0 0.445224 925.05 454.81 26.42 44.56 0 0.405785 942.05 178.33 16.01 13.81 0 0.379220 845.96 195.78 27.36 13.02 0 0.366222 960.60 272.56 23.11 18.06 0 0.348164 1240.89 197.69 25.54 13.65 0 0.339191 763.86 312.12 33.27 21.11 0 0.337459 973.31 295.74 27.10 20.65 0 0.335272 1080.40 199.01 19.97 10.90 0 0.324355 764.39 318.73 34.74 19.57 0 0.320953 734.14 180.90 24.37 15.85 0 0.317934 755.21 177.79 17.00 14.47 0 0.316861 751.38 277.47 30.60 19.89 0 0.305035 1135.79 343.33 31.00 20.92 1 0.287987 1270.74 224.36 22.78 13.77 0 0.256671 988.84 325.88 27.92 25.23 0 0.253528 1314.40 225.20 25.53 12.86 0 0.251810 1000.98 353.67 38.96 32.12 1
529,0.629529 46.06 136.76 25.62 29.11 0 0.576638 341.65 121.88 14.88 37.66 0 0.566180 50.39 258.86 22.33 37.81 0 0.554109 382.92 167.61 18.82 35.09 0 0.553320 54.30 173.25 20.66 35.08 0 0.550408 271.50 397.78 29.24 49.15 0 0.548992 209.56 165.15 21.94 42.95 0 0.548740 73.67 258.29 22.53 36.46 0 0.544286 385.20 123.23 19.43 36.61 0 0.539096 169.73 134.94 19.58 32.51 0 0.538066 315.66 125.41 15.62 39.07 0 0.520844 218.95 128.24 17.38 36.62 0 0.514382 354.75 395.69 24.55 48.19 0 0.513941 288.15 125.85 19.37 38.01 0 0.497746 246.15 124.12 17.28 36.61 0 0.497555 172.25 260.54 27.91 36.89 0 0.489856 23.57 262.43 27.20 39.53 0 0.481442 284.75 164.87 21.79 43.61 0 0.477486 122.61 262.40 22.60 34.74 0 0.477180 330.95 164.18 20.59 36.29 0 0.475840 147.63 262.61 22.94 34.75 0 0.473214 305.93 256.20 21.27 38.58 0 0.472695 334.69 260.40 20.48 34.53 0 0.471819 234.14 167.42 21.98 43.94 0 0.468642 22.91 176.82 23.98 34.68 0 0.466422 115.14 173.39 22.62 34.39 0 0.462190 353.56 166.27 21.21 33.85 0 0.455851 76.13 171.34 22.55 36.57 0 0.455516 344.17 455.47 23.70 46.03 0 0.454041 25.97 137.84 25.71 30.38 0 0.449123 255.59 254.94 24.13 38.70 0 0.448321 144.93 132.42 17.49 31.88 0 0.446353 96.44 171.35 23.67 37.53 0 0.434403 326.51 398.83 24.76 44.48 0 0.425275 358.80 261.42 20.13 33.70 0 0.424918 954.12 0.29 21.48 37.91 0 0.423184 268.58 124.10 16.78 35.52 0 0.421879 959.25 158.44 17.18 37.24 0 0.421542 95.67 261.29 21.35 35.28 0 0.417070 144.03 171.99 19.91 36.90 0 0.413631 281.92 253.93 20.93 37.81 0 0.397869 240.72 257.29 23.45 40.16 0 0.369716 365.52 122.14 16.99 36.93 0 0.361705 956.44 79.00 19.78 37.75 0 0.360332 169.29 169.22 18.81 38.70 0 0.357486 122.37 137.78 21.56 29.04 0 0.352841 410.23 163.46 20.00 30.52 0 0.336825 259.48 168.59 23.78 42.15 0 0.336028 960.06 288.07 22.41 54.20 0 0.318982 180.24 258.76 27.69 38.37 0 0.292497 960.79 336.01 21.18 48.04 0 0.287669 958.73 246.18 22.37 51.38 0 0.286505 958.73 255.77 23.91 55.29 0 0.284990 197.83 165.01 19.42 41.88 0 0.266382 190.71 133.30 17.09 32.83 0 0.260186 145.34 77.77 13.86 23.22 3 0.257825 960.24 346.60 22.76 45.63 0 0.250247 2.35 177.21 24.03 36.31 0
530,0.691122 351.23 731.87 162.03 88.97 1 0.654749 1232.39 519.15 144.19 72.68 0 0.645166 893.71 467.53 118.89 64.95 0 0.600708 890.71 739.54 155.19 88.38 0 0.595962 0.00 568.07 146.88 75.35 0 0.576327 148.93 409.89 114.70 62.95 0 0.575271 757.60 455.18 116.14 64.17 0 0.559044 1081.41 714.16 155.03 85.96 0 0.557268 1062.87 489.43 122.02 63.70 0 0.556083 633.13 432.48 123.15 62.63 0 0.552916 337.90 382.79 113.68 62.65 0 0.548197 230.70 369.52 96.87 49.54 0 0.541179 1038.18 911.90 185.15 102.57 0 0.525118 418.18 892.97 181.45 100.77 0 0.522992 67.46 508.15 139.17 67.89 0 0.509858 1458.24 997.37 208.94 82.63 0 0.488154 482.19 403.57 111.93 60.56 0 0.486158 390.79 986.56 178.74 93.44 0 0.457479 814.48 957.69 199.84 117.08 0 0.449055 496.78 622.46 46.49 48.08 3 0.440000 7.60 84.18 105.99 64.60 0 0.432637 475.24 817.76 165.05 87.65 0 0.427916 0.00 747.14 142.06 89.89 0 0.418592 392.72 673.04 138.55 67.94 0 0.383806 549.73 700.13 168.56 81.75 0 0.361617 541.88 758.84 135.54 88.88 0 0.313327 1081.30 696.28 141.89 95.66 0 0.292599 1079.44 648.39 128.22 68.55 0 0.284000 751.73 436.68 117.31 73.57 0 0.271795 708.33 592.44 37.07 66.01 3
531,0.323786 943.85 335.65 28.08 35.19 1
532,0.509457 23.60 796.82 131.98 70.68 0 0.330353 7.86 985.07 135.83 63.44 0 0.317447 584.63 791.94 129.56 78.04 0 0.299675 3.37 803.43 104.75 77.37 0 0.289027 709.91 446.50 62.87 87.42 0
533,0.456695 858.04 547.88 36.10 17.34 0 0.372733 904.01 540.05 26.08 17.26 0 0.362149 1030.08 495.66 26.93 18.76 0 0.320150 1795.17 227.59 28.27 18.76 0
534,0.491293 352.15 111.63 17.37 33.35 1 0.469338 1039.89 224.03 18.24 20.11 0 0.435336 1073.15 224.44 16.60 15.64 0 0.399186 64.88 561.26 30.47 84.66 1 0.312043 1041.79 279.21 19.28 22.50 1 0.300516 1148.25 396.56 18.14 19.93 0 0.282109 1003.65 675.22 22.81 20.24 1 0.253276 762.23 370.38 16.28 21.13 1 0.250205 929.74 369.24 16.05 30.82 1
535,0.407519 948.59 174.00 28.37 45.51 1 0.401754 1029.43 852.53 44.43 79.13 0 0.282085 948.83 189.77 27.69 47.93 1
536,0.385428 964.85 79.16 22.37 39.76 1
537,0.748950 878.97 407.48 48.41 79.23 1 0.561436 365.55 598.11 29.98 39.07 0 0.496579 448.28 608.98 27.69 32.07 0 0.489904 594.08 623.26 25.76 41.55 0 0.477722 1194.16 450.14 31.66 21.66 0 0.432320 496.08 520.94 30.77 18.37 0 0.425466 967.89 371.39 23.10 32.22 0 0.410448 1147.80 448.67 23.06 26.26 0 0.405646 213.17 512.93 25.71 23.85 0 0.401189 281.72 591.50 28.37 34.08 0 0.400037 335.20 598.24 25.70 38.38 0 0.392611 699.93 625.16 20.38 44.17 0 0.387618 909.91 364.99 24.53 32.35 0 0.371535 1096.69 440.49 21.74 30.83 0 0.359015 287.59 473.68 37.87 24.94 0 0.344397 320.05 600.04 26.23 36.74 0 0.328263 534.54 521.92 32.43 19.37 0 0.316109 428.14 610.77 27.06 31.70 0 0.304751 387.03 680.26 23.40 29.96 0 0.286565 907.17 354.88 26.98 27.70 0 0.279770 583.16 520.31 30.42 19.11 0 0.277203 927.71 353.35 30.25 29.77 0 0.269510 1073.17 438.69 21.60 31.21 0 0.258681 717.50 524.93 39.84 24.58 0
538,0.511782 1257.22 786.04 96.91 99.80 0 0.505025 240.20 978.49 105.17 101.51 0 0.493560 357.09 907.81 98.96 125.17 0 0.485417 1163.31 681.94 88.62 95.55 0 0.481238 509.32 791.40 90.51 102.57 0 0.480917 801.55 597.59 95.69 100.93 0 0.470179 882.11 902.59 95.70 100.22 0 0.465587 910.70 360.24 74.49 82.01 0 0.450515 410.33 885.26 91.23 98.42 0 0.440457 996.67 460.22 77.60 92.66 0 0.437610 27.09 645.65 86.11 100.93 0 0.433093 979.86 816.61 104.11 104.37 0 0.432614 1158.38 860.46 88.50 97.61 0 0.428107 646.33 696.75 105.29 113.16 0 0.426413 1117.38 881.45 89.89 101.42 0 0.426396 704.23 664.83 108.59 117.42 0 0.418105 562.10 774.05 99.96 103.05 0 0.417671 914.98 368.94 84.18 92.94 0 0.414483 1056.09 746.04 102.06 105.91 0 0.411016 1007.47 792.19 108.02 112.14 0 0.401652 24.68 643.89 64.49 98.19 0 0.393131 770.81 957.40 104.53 108.97 0 0.389782 803.59 412.11 85.42 90.93 0 0.389220 192.01 1018.47 82.42 61.53 0 0.387416 1124.60 708.19 84.67 97.53 0 0.385406 841.46 548.43 93.11 104.70 0 0.376845 863.95 396.12 80.89 83.14 0 0.371714 835.66 920.05 93.40 109.32 0 0.368579 898.54 522.08 94.62 103.27 0 0.365111 760.16 968.56 108.93 110.77 0 0.363429 937.38 488.56 96.03 103.48 0 0.361734 746.17 635.10 93.15 122.47 0 0.358722 889.07 526.79 90.20 113.32 0 0.358675 943.62 837.73 89.63 117.88 0 0.350843 975.07 1015.85 81.74 64.15 0 0.346504 197.52 1003.62 119.34 76.38 0 0.333325 936.89 854.13 86.22 104.67 0 0.329488 814.11 422.44 84.25 86.27 0 0.325948 729.46 645.73 102.04 121.15 0 0.324210 288.12 962.79 102.89 113.16 0 0.317107 928.19 499.49 96.15 107.16 0 0.316390 792.94 977.13 85.65 98.64 0 0.313867 673.53 1030.02 71.36 49.98 0 0.311611 820.74 941.08 102.41 102.22 0 0.310723 661.19 674.71 127.52 121.07 0 0.310009 1117.32 720.81 92.00 106.75 0 0.308279 597.38 722.55 106.14 118.85 0 0.306512 582.38 740.39 117.89 116.82 0 0.305364 731.60 984.29 91.79 95.71 0 0.304575 298.59 950.30 105.51 115.27 0 0.304289 862.05 904.67 102.26 108.12 0 0.301026 780.60 944.67 117.50 119.06 0 0.296552 383.58 886.57 116.49 127.51 0 0.294600 617.08 709.17 107.59 116.38 0 0.293163 903.60 512.73 103.06 102.33 0 0.283830 1067.34 764.46 95.38 92.06 0 0.282841 1033.93 754.83 113.95 126.87 0 0.277646 825.75 434.04 69.76 81.68 0 0.267734 506.95 796.28 72.86 92.42 0 0.266823 475.70 123.36 43.18 66.03 0 0.266020 744.26 976.99 100.96 103.01 0 0.259548 1153.57 666.22 84.05 87.61 0 0.259436 956.45 487.52 84.17 97.49 0 0.257848 254.35 970.89 107.03 109.11 0 0.254508 536.21 782.46 120.07 110.30 0 0.254212 1139.99 908.72 73.03 98.57 0 0.254122 14.36 638.79 64.41 78.09 0
539,0.434957 1158.62 400.72 178.50 104.74 0 0.363350 686.64 573.36 129.19 158.84 0 0.308900 1358.88 353.92 161.13 85.36 0 0.254166 533.41 541.27 134.26 138.33 0
540,0.438555 1270.71 553.72 77.58 33.19 1 0.372622 1463.32 711.96 28.91 28.33 1
541,0.590490 1009.09 556.71 77.78 32.68 0 0.579867 1104.69 562.83 78.78 35.05 0 0.566228 387.62 526.24 80.40 33.67 0 0.551672 566.35 543.14 76.71 28.67 0 0.525626 835.96 551.56 72.42 30.63 0 0.516979 1195.94 565.82 68.50 28.15 0 0.512629 924.07 551.43 69.72 31.62 0 0.505232 655.93 545.92 82.28 30.24 0 0.455688 756.74 546.74 69.13 30.72 0
542,0.525442 241.79 342.08 26.97 43.00 0 0.520000 862.10 165.14 22.56 34.35 0 0.504750 628.49 75.83 16.69 29.63 0 0.498137 271.89 336.23 29.52 48.53 0 0.493513 133.61 345.45 29.85 48.31 0 0.483391 174.70 341.94 29.20 47.22 0 0.458364 444.46 372.75 45.23 27.41 0 0.416190 815.34 166.58 24.15 39.04 0 0.389199 980.34 301.89 22.61 42.98 0 0.358496 905.92 172.96 21.59 26.94 0 0.344948 824.66 229.03 52.21 27.95 0 0.285368 685.41 163.50 24.83 38.17 0 0.272539 894.59 170.32 18.30 29.26 0 0.272232 483.64 986.78 163.34 60.62 1 0.253850 434.39 311.66 43.47 31.74 0
543,
544,0.721147 527.80 591.65 62.03 59.92 1 0.474124 71.38 645.27 28.57 16.08 0 0.323413 121.86 653.44 22.75 21.37 0 0.291880 622.18 572.17 23.48 20.17 0 0.288316 244.18 691.53 20.62 24.94 0
545,0.724911 1147.40 744.76 26.19 59.34 0 0.656073 1245.86 665.69 24.94 53.09 0 0.655284 1240.66 865.30 24.85 53.21 0 0.645607 1088.83 746.94 26.69 60.94 0 0.633618 954.63 670.28 26.46 55.67 0 0.630333 1321.99 740.86 22.74 50.68 0 0.625193 356.91 783.11 27.82 58.03 0 0.623760 1143.79 664.02 28.79 57.68 0 0.622204 1273.32 864.54 22.28 52.16 0 0.616615 477.10 591.41 26.58 55.85 0 0.597476 1261.72 970.24 54.32 27.42 0 0.587504 1243.63 746.38 26.44 59.30 0 0.556196 1212.33 745.59 25.29 53.82 0 0.556102 1179.41 744.31 25.23 56.97 0 0.549645 1052.78 748.12 25.93 58.30 0 0.547393 891.07 678.29 26.09 56.20 0 0.539754 1207.09 862.66 27.76 52.04 0 0.538861 493.79 469.04 24.50 48.08 0 0.535279 1112.36 667.25 28.26 59.41 0 0.533823 527.39 468.16 26.31 54.01 0 0.525843 1286.02 742.97 25.05 50.05 0 0.508220 437.59 594.22 29.87 59.99 0 0.507225 1178.62 666.45 24.95 53.40 0 0.505591 459.44 463.10 27.51 56.64 0 0.498420 387.80 780.15 26.37 57.31 0 0.483850 399.63 464.32 29.42 57.38 0 0.472758 1052.67 669.37 26.93 54.85 0 0.463641 1278.39 665.02 24.91 52.18 0 0.452941 615.98 584.93 28.41 59.47 0 0.452009 1209.57 663.97 26.14 55.93 0 0.441120 1016.46 751.42 28.00 56.10 0 0.405393 779.19 989.80 48.25 29.03 0 0.403098 921.18 674.80 27.13 58.52 0 0.398353 317.56 782.43 32.69 69.04 0 0.377602 780.97 1026.69 46.34 25.55 0 0.376459 418.06 778.49 31.00 58.02 0 0.375748 1122.53 872.95 52.60 24.06 0 0.366203 869.57 766.72 27.89 51.11 0 0.363794 917.04 375.69 41.11 48.37 0 0.359580 1068.57 337.70 54.44 70.12 1 0.358004 1049.84 865.81 58.90 27.20 0 0.344442 1283.15 1010.90 53.66 27.02 0 0.336165 1014.26 672.50 28.54 54.40 0 0.326379 1134.65 873.09 46.66 25.45 0 0.314882 765.84 953.81 53.14 24.61 0 0.307594 907.64 296.58 29.67 60.64 1 0.303698 1052.99 665.25 22.68 51.14 0 0.261010 343.67 351.00 28.96 53.12 0 0.252738 831.32 783.23 27.22 39.19 0
546,0.604994 713.84 924.85 63.03 31.77 0 0.585466 678.99 529.06 52.68 27.97 0 0.584311 923.00 601.27 58.92 30.19 0 0.544665 1148.35 410.90 58.06 30.06 0 0.541413 1138.48 379.24 59.68 28.60 0 0.537604 692.18 567.65 58.47 34.27 0 0.533547 918.11 437.89 59.12 32.52 0 0.514957 715.65 1020.38 69.25 33.04 0 0.501905 788.36 847.25 59.10 35.71 0 0.489891 755.28 488.52 54.89 34.50 0 0.486808 914.99 473.03 58.98 31.20 0 0.478977 931.06 699.08 61.25 30.69 0 0.473064 933.57 737.24 58.39 30.76 0 0.472352 1224.63 369.70 62.40 26.09 0 0.472344 918.62 536.83 56.88 34.99 0 0.467664 687.31 664.86 57.98 30.14 0 0.467521 1147.01 416.29 57.61 31.43 0 0.454185 956.24 895.81 58.17 34.70 0 0.447971 941.02 797.66 54.48 34.22 0 0.442138 782.28 784.88 57.96 31.04 0 0.431270 938.44 834.41 58.25 29.24 0 0.430745 673.09 465.22 63.49 32.22 0 0.429161 798.27 942.53 56.94 34.74 0 0.429086 769.26 617.98 61.23 30.55 0 0.417695 802.28 1009.94 61.98 29.76 0 0.408386 1037.97 914.91 60.31 34.46 0 0.407633 956.18 992.48 62.21 32.17 0 0.397015 1031.93 986.05 64.96 31.53 0 0.394751 1155.98 477.42 56.96 30.34 0 0.380528 699.72 817.18 70.81 37.15 0 0.379221 691.44 627.68 54.40 30.77 0 0.377351 795.51 887.53 54.23 33.39 0 0.374096 788.25 884.15 61.29 31.95 0 0.372176 672.30 498.71 60.05 29.05 0 0.370739 706.70 757.00 61.25 36.62 0 0.370367 956.06 926.42 57.91 33.28 0 0.365458 932.11 664.73 61.62 29.02 0 0.360065 922.53 569.18 56.53 31.70 0 0.352846 767.14 582.23 64.28 33.88 0 0.343925 1031.24 953.92 60.30 30.02 0 0.343152 703.46 792.21 62.18 31.11 0 0.326341 741.33 421.34 55.64 29.65 0 0.321382 951.76 865.89 56.61 36.22 0 0.320890 1153.34 468.12 60.16 33.90 0 0.320695 756.52 522.83 56.38 29.24 0 0.319968 955.61 961.72 62.35 30.12 0 0.310698 802.28 978.69 60.93 31.03 0 0.286831 722.09 954.03 59.02 29.51 0 0.280828 931.47 671.35 62.28 28.36 0 0.273228 944.67 768.05 51.18 29.00 0 0.268621 735.20 216.10 80.52 32.86 1 0.258919 539.79 227.41 28.31 22.81 3 0.252140 950.42 863.59 60.24 29.18 0
547,0.734120 757.02 583.68 46.94 42.79 1 0.529777 261.74 679.25 23.11 25.49 0 0.446768 308.81 690.40 28.52 25.16 0 0.424097 810.47 555.20 22.73 27.21 0 0.418454 765.35 581.40 42.80 42.12 1 0.416562 479.02 713.63 34.31 25.14 0 0.398658 295.93 688.76 24.87 26.57 0 0.384639 930.35 611.83 28.00 20.33 0 0.368362 328.50 690.10 22.64 24.72 0 0.364425 573.96 722.06 21.66 29.53 0 0.363620 382.66 703.77 25.42 20.55 0 0.361503 490.02 715.10 29.30 22.39 0 0.310571 741.65 581.97 53.36 34.16 1 0.290927 919.00 613.03 26.85 20.66 0 0.285532 843.81 560.93 18.69 22.15 0 0.272046 984.13 621.86 22.59 20.00 0
548,0.661177 815.27 188.53 25.29 55.48 0 0.653565 950.98 265.94 26.54 56.77 0 0.643010 569.69 287.13 27.00 57.76 0 0.630617 215.86 0.00 32.37 57.48 0 0.629615 599.89 609.34 28.21 55.59 0 0.628716 912.07 180.12 26.21 57.15 0 0.618967 1027.14 257.40 24.72 52.85 0 0.611739 518.94 618.49 24.88 53.02 0 0.609320 883.67 262.28 26.95 58.74 0 0.608663 555.51 615.54 26.62 53.28 0 0.607034 977.28 485.54 53.00 29.00 0 0.606257 720.79 275.61 28.42 62.28 0 0.605671 620.42 201.91 28.36 56.97 0 0.604659 979.17 381.39 25.42 55.15 0 0.583955 914.47 261.37 26.87 58.32 0 0.579531 181.66 0.00 27.29 54.09 0 0.570177 168.09 128.51 31.88 57.07 0 0.568872 477.27 616.23 29.41 51.92 0 0.559892 990.83 260.35 28.01 58.26 0 0.557887 877.83 185.66 25.86 54.24 0 0.552107 149.86 0.00 30.20 58.71 0 0.546784 789.63 268.15 27.69 61.26 0 0.541350 948.82 381.57 27.73 53.11 0 0.537355 652.73 195.33 29.04 60.07 0 0.536928 810.48 621.89 31.54 62.28 0 0.535694 671.21 607.96 26.07 56.91 0 0.528253 978.82 180.95 25.78 57.02 0 0.527129 689.12 191.32 25.30 53.28 0 0.518683 87.36 0.01 32.24 65.15 0 0.516118 132.03 126.75 30.65 59.46 0 0.507500 848.15 186.08 25.53 57.32 0 0.499953 917.13 380.13 24.97 56.47 0 0.496595 588.02 203.17 28.67 59.24 0 0.495392 851.93 628.06 28.18 61.93 0 0.469634 757.24 269.20 26.02 61.49 0 0.463787 853.43 259.72 27.63 65.79 0 0.461669 721.95 193.43 25.74 60.14 0 0.455253 477.46 697.95 49.21 28.79 0 0.450192 310.69 111.92 28.87 55.70 0 0.448479 770.32 67.02 27.43 62.50 0 0.442920 749.73 611.40 23.61 51.85 0 0.442446 754.06 385.79 60.64 27.72 0 0.416639 18.36 331.08 30.30 60.48 0 0.414749 85.70 318.00 28.27 58.16 0 0.410536 946.26 184.68 27.87 54.56 0 0.404358 534.73 294.01 30.12 58.28 0 0.375144 55.49 321.34 29.49 59.89 0 0.349958 752.14 192.18 27.35 59.65 0 0.329669 777.46 607.21 28.84 58.30 0 0.311988 692.16 190.07 26.92 61.85 0 0.295960 497.13 6.30 29.03 67.73 0 0.294622 992.64 524.26 60.42 29.07 0 0.278112 488.18 554.83 38.75 26.56 0 0.272925 484.14 515.28 46.21 32.36 0
549,0.594638 652.66 601.54 59.03 71.27 1 0.450744 188.97 664.63 27.00 18.55 0 0.390456 870.00 656.34 17.53 21.69 0 0.385352 720.61 588.84 29.45 26.29 0 0.327298 239.61 669.54 22.39 23.16 0 0.312624 761.73 592.73 23.34 19.27 0 0.300955 433.96 639.18 20.93 17.76 0 0.284092 736.46 584.78 27.47 23.73 0 0.280304 369.40 713.69 28.52 19.55 0
550,0.634186 264.45 351.63 20.60 37.93 0 0.608761 114.40 169.81 21.75 38.43 0 0.579241 194.07 299.52 24.44 45.06 0 0.565455 218.57 50.96 18.45 35.19 0 0.546408 234.60 168.33 20.34 34.79 0 0.541877 310.66 89.78 18.99 29.78 0 0.536789 245.91 50.59 13.33 36.14 0 0.528427 46.91 95.97 19.13 34.44 0 0.524590 144.45 89.69 18.88 39.50 0 0.507550 334.48 86.53 18.38 30.60 0 0.506071 259.29 168.61 20.95 34.66 0 0.501847 146.99 55.31 17.75 31.35 0 0.498710 94.32 170.55 20.00 37.67 0 0.492631 170.34 170.65 21.85 33.34 0 0.488350 831.66 888.95 27.49 61.85 0 0.476927 72.61 171.84 22.14 37.42 0 0.461639 211.30 168.14 19.30 32.48 0 0.459866 215.13 92.38 19.93 36.72 0 0.452903 266.84 48.39 15.09 32.23 0 0.452652 188.85 168.93 21.78 34.24 0 0.450543 173.70 52.28 16.03 31.50 0 0.433621 102.16 62.76 22.10 27.17 0 0.427120 23.78 95.89 18.89 35.75 0 0.426264 73.17 94.33 17.24 34.75 0 0.425230 70.52 59.66 22.34 27.81 0 0.420825 190.78 93.41 20.75 35.22 0 0.418749 52.19 174.78 23.16 34.98 0 0.406059 28.04 175.54 23.58 35.36 0 0.400164 168.49 91.06 18.67 38.30 0 0.397715 245.64 301.59 22.38 42.69 0 0.384579 55.35 63.11 25.38 26.31 0 0.383894 96.89 95.42 20.76 33.34 0 0.362711 192.93 52.23 16.47 34.10 0 0.347757 283.95 90.60 17.60 30.05 0 0.318391 2.03 170.67 21.78 37.24 0 0.311581 81.03 9.52 16.97 20.10 3 0.310895 260.72 90.55 18.79 30.26 0 0.300697 473.45 77.37 24.28 44.75 1 0.298262 308.79 92.48 18.64 30.71 0 0.268397 217.40 90.00 18.62 33.83 0 0.265537 309.90 52.07 19.83 28.74 0 0.264559 281.29 171.23 21.04 35.45 0 0.256058 270.61 296.93 25.49 38.94 0 0.255106 1.28 92.07 17.30 39.86 0 0.254068 47.79 9.15 16.08 20.47 3
